19:10:48 robot_arb INFO === Arbitrage Robot v1 ===
19:10:48 robot_arb INFO Pair: SBER / SRU6
19:10:48 robot_arb INFO Account: 1225953 | Port: 5091 | Paper: True
19:10:48 robot_arb INFO Params: entry_z=2.3 lookback=200 lots_a=10 lots_b=1 hedge_ratio=10
19:10:48 robot_arb INFO Min profit: rub=30
19:10:48 robot_arb INFO Risk: stop_loss_rub=500000
19:10:48 robot_arb INFO State loaded: pnl=875 trades=115 mode=stopped
19:10:48 robot_arb INFO FinamPy connected. Accounts: ['1225950', '1225951', '1225952', '1225953']
19:10:48 robot_arb INFO Orders manager linked to FinamPy gRPC
19:10:48 robot_arb INFO Subscribed OrderBook: SBER@RTSX, SRU6@RTSX
19:10:48 robot_arb INFO Subscribed Quotes: SBER@RTSX, SRU6@RTSX
19:10:48 robot_arb INFO Warmup: waiting 10 sec for data streams...
19:10:58 robot_arb INFO Warmup done. OB_A: False OB_B: False
19:10:58 robot_arb INFO MOEX ISS poller started (fallback for stock prices)
19:10:58 robot_arb INFO Main loop started
19:10:58 robot_arb INFO API listening on :5091
19:10:58 robot_arb INFO Endpoints: GET /status /health /params | POST /start /stop /pause /params
19:11:02 robot_arb INFO Mode → RUNNING
19:36:38 robot_arb INFO Signal 15 — shutting down...
19:36:38 robot_arb INFO === Arbitrage Robot v1 ===
19:36:38 robot_arb INFO Pair: SBER / SRU6
19:36:38 robot_arb INFO Account: 1225953 | Port: 5091 | Paper: True
19:36:38 robot_arb INFO Params: entry_z=2.3 lookback=200 lots_a=10 lots_b=1 hedge_ratio=10
19:36:38 robot_arb INFO Min profit: rub=30
19:36:38 robot_arb INFO Risk: stop_loss_rub=500000
19:36:38 robot_arb INFO State loaded: pnl=875 trades=115 mode=stopped
19:36:39 robot_arb INFO FinamPy connected. Accounts: ['1225950', '1225951', '1225952', '1225953']
19:36:39 robot_arb INFO Orders manager linked to FinamPy gRPC
19:36:39 robot_arb INFO Subscribed OrderBook: SBER@RTSX, SRU6@RTSX
19:36:39 robot_arb INFO Subscribed Quotes: SBER@RTSX, SRU6@RTSX
19:36:39 robot_arb INFO Warmup: waiting 10 sec for data streams...
19:36:49 robot_arb INFO Warmup done. OB_A: False OB_B: False
19:36:49 robot_arb INFO MOEX ISS poller started (fallback for stock prices)
19:36:49 robot_arb INFO Main loop started
19:36:49 robot_arb INFO API listening on :5091
19:36:49 robot_arb INFO Endpoints: GET /status /health /params | POST /start /stop /pause /params
19:36:53 robot_arb INFO Mode → RUNNING
04:14:46 robot_arb INFO EXIT layer #105 reason=profit_target | limit sell 10 @ 293.57 | market buy 1 @ 26693.34
04:14:46 orders_arb INFO 📄 PAPER ENTRY: sell 10 SBER@RTSX @ 293.57 (LIMIT)
04:14:46 orders_arb INFO 📄 PAPER ENTRY: buy 1 SRU6@RTSX @ 26693.34 (MARKET)
04:14:46 strategy_arb INFO LAYER #105 CLOSE SHORT | PnL=+34.04₽ (gross=+55.40₽ comm=21.36₽) | reason=profit_target | hold=2184min | layers=31
04:14:46 robot_arb INFO EXIT layer #106 reason=profit_target | limit sell 10 @ 293.57 | market buy 1 @ 26693.34
04:14:46 orders_arb INFO 📄 PAPER ENTRY: sell 10 SBER@RTSX @ 293.57 (LIMIT)
04:14:46 orders_arb INFO 📄 PAPER ENTRY: buy 1 SRU6@RTSX @ 26693.34 (MARKET)
04:14:46 strategy_arb INFO LAYER #106 CLOSE SHORT | PnL=+39.02₽ (gross=+60.39₽ comm=21.37₽) | reason=profit_target | hold=2166min | layers=30
04:14:47 robot_arb INFO EXIT layer #107 reason=profit_target | limit sell 10 @ 293.57 | market buy 1 @ 26693.34
04:14:47 orders_arb INFO 📄 PAPER ENTRY: sell 10 SBER@RTSX @ 293.57 (LIMIT)
04:14:47 orders_arb INFO 📄 PAPER ENTRY: buy 1 SRU6@RTSX @ 26693.34 (MARKET)
04:14:47 strategy_arb INFO LAYER #107 CLOSE SHORT | PnL=+39.02₽ (gross=+60.39₽ comm=21.37₽) | reason=profit_target | hold=2166min | layers=29
04:14:47 robot_arb INFO EXIT layer #108 reason=profit_target | limit sell 10 @ 293.57 | market buy 1 @ 26693.34
04:14:47 orders_arb INFO 📄 PAPER ENTRY: sell 10 SBER@RTSX @ 293.57 (LIMIT)
04:14:47 orders_arb INFO 📄 PAPER ENTRY: buy 1 SRU6@RTSX @ 26693.34 (MARKET)
04:14:47 strategy_arb INFO LAYER #108 CLOSE SHORT | PnL=+39.02₽ (gross=+60.39₽ comm=21.37₽) | reason=profit_target | hold=2166min | layers=28
04:14:48 robot_arb INFO EXIT layer #109 reason=profit_target | limit sell 10 @ 293.57 | market buy 1 @ 26693.34
04:14:48 orders_arb INFO 📄 PAPER ENTRY: sell 10 SBER@RTSX @ 293.57 (LIMIT)
04:14:48 orders_arb INFO 📄 PAPER ENTRY: buy 1 SRU6@RTSX @ 26693.34 (MARKET)
04:14:48 strategy_arb INFO LAYER #109 CLOSE SHORT | PnL=+39.02₽ (gross=+60.39₽ comm=21.37₽) | reason=profit_target | hold=2166min | layers=27
04:14:48 robot_arb INFO EXIT layer #110 reason=profit_target | limit sell 10 @ 293.57 | market buy 1 @ 26693.34
04:14:48 orders_arb INFO 📄 PAPER ENTRY: sell 10 SBER@RTSX @ 293.57 (LIMIT)
04:14:48 orders_arb INFO 📄 PAPER ENTRY: buy 1 SRU6@RTSX @ 26693.34 (MARKET)
04:14:48 strategy_arb INFO LAYER #110 CLOSE SHORT | PnL=+39.02₽ (gross=+60.39₽ comm=21.37₽) | reason=profit_target | hold=2166min | layers=26
04:14:49 robot_arb INFO EXIT layer #111 reason=profit_target | limit sell 10 @ 293.57 | market buy 1 @ 26693.34
04:14:49 orders_arb INFO 📄 PAPER ENTRY: sell 10 SBER@RTSX @ 293.57 (LIMIT)
04:14:49 orders_arb INFO 📄 PAPER ENTRY: buy 1 SRU6@RTSX @ 26693.34 (MARKET)
04:14:49 strategy_arb INFO LAYER #111 CLOSE SHORT | PnL=+39.02₽ (gross=+60.39₽ comm=21.37₽) | reason=profit_target | hold=2166min | layers=25
04:14:49 robot_arb INFO EXIT layer #112 reason=profit_target | limit sell 10 @ 293.57 | market buy 1 @ 26693.34
04:14:50 orders_arb INFO 📄 PAPER ENTRY: sell 10 SBER@RTSX @ 293.57 (LIMIT)
04:14:50 orders_arb INFO 📄 PAPER ENTRY: buy 1 SRU6@RTSX @ 26693.34 (MARKET)
04:14:50 strategy_arb INFO LAYER #112 CLOSE SHORT | PnL=+39.02₽ (gross=+60.39₽ comm=21.37₽) | reason=profit_target | hold=2166min | layers=24
04:14:50 robot_arb INFO EXIT layer #113 reason=profit_target | limit sell 10 @ 293.57 | market buy 1 @ 26693.34
04:14:50 orders_arb INFO 📄 PAPER ENTRY: sell 10 SBER@RTSX @ 293.57 (LIMIT)
04:14:50 orders_arb INFO 📄 PAPER ENTRY: buy 1 SRU6@RTSX @ 26693.34 (MARKET)
04:14:50 strategy_arb INFO LAYER #113 CLOSE SHORT | PnL=+39.02₽ (gross=+60.39₽ comm=21.37₽) | reason=profit_target | hold=2166min | layers=23
04:14:51 robot_arb INFO EXIT layer #114 reason=profit_target | limit sell 10 @ 293.57 | market buy 1 @ 26693.34
04:14:51 orders_arb INFO 📄 PAPER ENTRY: sell 10 SBER@RTSX @ 293.57 (LIMIT)
04:14:51 orders_arb INFO 📄 PAPER ENTRY: buy 1 SRU6@RTSX @ 26693.34 (MARKET)
04:14:51 strategy_arb INFO LAYER #114 CLOSE SHORT | PnL=+39.02₽ (gross=+60.39₽ comm=21.37₽) | reason=profit_target | hold=2166min | layers=22
04:14:51 robot_arb INFO EXIT layer #115 reason=profit_target | limit sell 10 @ 293.57 | market buy 1 @ 26693.34
04:14:51 orders_arb INFO 📄 PAPER ENTRY: sell 10 SBER@RTSX @ 293.57 (LIMIT)
04:14:51 orders_arb INFO 📄 PAPER ENTRY: buy 1 SRU6@RTSX @ 26693.34 (MARKET)
04:14:51 strategy_arb INFO LAYER #115 CLOSE SHORT | PnL=+39.02₽ (gross=+60.39₽ comm=21.37₽) | reason=profit_target | hold=2166min | layers=21
04:14:52 robot_arb INFO EXIT layer #116 reason=profit_target | limit sell 10 @ 293.57 | market buy 1 @ 26693.34
04:14:52 orders_arb INFO 📄 PAPER ENTRY: sell 10 SBER@RTSX @ 293.57 (LIMIT)
04:14:52 orders_arb INFO 📄 PAPER ENTRY: buy 1 SRU6@RTSX @ 26693.34 (MARKET)
04:14:52 strategy_arb INFO LAYER #116 CLOSE SHORT | PnL=+39.02₽ (gross=+60.39₽ comm=21.37₽) | reason=profit_target | hold=2166min | layers=20
04:14:52 robot_arb INFO EXIT layer #117 reason=profit_target | limit sell 10 @ 293.57 | market buy 1 @ 26693.34
04:14:52 orders_arb INFO 📄 PAPER ENTRY: sell 10 SBER@RTSX @ 293.57 (LIMIT)
04:14:52 orders_arb INFO 📄 PAPER ENTRY: buy 1 SRU6@RTSX @ 26693.34 (MARKET)
04:14:52 strategy_arb INFO LAYER #117 CLOSE SHORT | PnL=+39.02₽ (gross=+60.39₽ comm=21.37₽) | reason=profit_target | hold=2166min | layers=19
04:14:53 robot_arb INFO EXIT layer #118 reason=profit_target | limit sell 10 @ 293.57 | market buy 1 @ 26693.34
04:14:53 orders_arb INFO 📄 PAPER ENTRY: sell 10 SBER@RTSX @ 293.57 (LIMIT)
04:14:53 orders_arb INFO 📄 PAPER ENTRY: buy 1 SRU6@RTSX @ 26693.34 (MARKET)
04:14:53 strategy_arb INFO LAYER #118 CLOSE SHORT | PnL=+39.02₽ (gross=+60.39₽ comm=21.37₽) | reason=profit_target | hold=2166min | layers=18
04:14:53 robot_arb INFO EXIT layer #119 reason=profit_target | limit sell 10 @ 293.57 | market buy 1 @ 26693.34
04:14:53 orders_arb INFO 📄 PAPER ENTRY: sell 10 SBER@RTSX @ 293.57 (LIMIT)
04:14:53 orders_arb INFO 📄 PAPER ENTRY: buy 1 SRU6@RTSX @ 26693.34 (MARKET)
04:14:53 strategy_arb INFO LAYER #119 CLOSE SHORT | PnL=+39.02₽ (gross=+60.39₽ comm=21.37₽) | reason=profit_target | hold=2166min | layers=17
04:14:54 robot_arb INFO EXIT layer #120 reason=profit_target | limit sell 10 @ 293.57 | market buy 1 @ 26693.34
04:14:54 orders_arb INFO 📄 PAPER ENTRY: sell 10 SBER@RTSX @ 293.57 (LIMIT)
04:14:54 orders_arb INFO 📄 PAPER ENTRY: buy 1 SRU6@RTSX @ 26693.34 (MARKET)
04:14:54 strategy_arb INFO LAYER #120 CLOSE SHORT | PnL=+39.02₽ (gross=+60.39₽ comm=21.37₽) | reason=profit_target | hold=2166min | layers=16
04:14:54 robot_arb INFO EXIT layer #121 reason=profit_target | limit sell 10 @ 293.57 | market buy 1 @ 26693.34
04:14:54 orders_arb INFO 📄 PAPER ENTRY: sell 10 SBER@RTSX @ 293.57 (LIMIT)
04:14:54 orders_arb INFO 📄 PAPER ENTRY: buy 1 SRU6@RTSX @ 26693.34 (MARKET)
04:14:54 strategy_arb INFO LAYER #121 CLOSE SHORT | PnL=+42.02₽ (gross=+63.39₽ comm=21.37₽) | reason=profit_target | hold=2160min | layers=15
04:14:55 robot_arb INFO EXIT layer #122 reason=profit_target | limit sell 10 @ 293.57 | market buy 1 @ 26693.34
04:14:55 orders_arb INFO 📄 PAPER ENTRY: sell 10 SBER@RTSX @ 293.57 (LIMIT)
04:14:55 orders_arb INFO 📄 PAPER ENTRY: buy 1 SRU6@RTSX @ 26693.34 (MARKET)
04:14:55 strategy_arb INFO LAYER #122 CLOSE SHORT | PnL=+67.96₽ (gross=+89.35₽ comm=21.39₽) | reason=profit_target | hold=1254min | layers=14
04:14:55 robot_arb INFO EXIT layer #123 reason=profit_target | limit sell 10 @ 293.57 | market buy 1 @ 26693.34
04:14:55 orders_arb INFO 📄 PAPER ENTRY: sell 10 SBER@RTSX @ 293.57 (LIMIT)
04:14:55 orders_arb INFO 📄 PAPER ENTRY: buy 1 SRU6@RTSX @ 26693.34 (MARKET)
04:14:55 strategy_arb INFO LAYER #123 CLOSE SHORT | PnL=+67.96₽ (gross=+89.35₽ comm=21.39₽) | reason=profit_target | hold=1254min | layers=13
04:14:56 robot_arb INFO EXIT layer #124 reason=profit_target | limit sell 10 @ 293.57 | market buy 1 @ 26693.34
04:14:56 orders_arb INFO 📄 PAPER ENTRY: sell 10 SBER@RTSX @ 293.57 (LIMIT)
04:14:56 orders_arb INFO 📄 PAPER ENTRY: buy 1 SRU6@RTSX @ 26693.34 (MARKET)
04:14:56 strategy_arb INFO LAYER #124 CLOSE SHORT | PnL=+67.96₽ (gross=+89.35₽ comm=21.39₽) | reason=profit_target | hold=1254min | layers=12
04:14:56 robot_arb INFO EXIT layer #125 reason=profit_target | limit sell 10 @ 293.57 | market buy 1 @ 26693.34
04:14:56 orders_arb INFO 📄 PAPER ENTRY: sell 10 SBER@RTSX @ 293.57 (LIMIT)
04:14:56 orders_arb INFO 📄 PAPER ENTRY: buy 1 SRU6@RTSX @ 26693.34 (MARKET)
04:14:56 strategy_arb INFO LAYER #125 CLOSE SHORT | PnL=+67.96₽ (gross=+89.35₽ comm=21.39₽) | reason=profit_target | hold=1254min | layers=11
04:14:57 robot_arb INFO EXIT layer #126 reason=profit_target | limit sell 10 @ 293.57 | market buy 1 @ 26693.34
04:14:57 orders_arb INFO 📄 PAPER ENTRY: sell 10 SBER@RTSX @ 293.57 (LIMIT)
04:14:57 orders_arb INFO 📄 PAPER ENTRY: buy 1 SRU6@RTSX @ 26693.34 (MARKET)
04:14:57 strategy_arb INFO LAYER #126 CLOSE SHORT | PnL=+67.96₽ (gross=+89.35₽ comm=21.39₽) | reason=profit_target | hold=1254min | layers=10
04:14:57 robot_arb INFO EXIT layer #127 reason=profit_target | limit sell 10 @ 293.57 | market buy 1 @ 26693.34
04:14:57 orders_arb INFO 📄 PAPER ENTRY: sell 10 SBER@RTSX @ 293.57 (LIMIT)
04:14:57 orders_arb INFO 📄 PAPER ENTRY: buy 1 SRU6@RTSX @ 26693.34 (MARKET)
04:14:57 strategy_arb INFO LAYER #127 CLOSE SHORT | PnL=+66.96₽ (gross=+88.35₽ comm=21.39₽) | reason=profit_target | hold=1254min | layers=9
04:14:58 robot_arb INFO EXIT layer #128 reason=profit_target | limit sell 10 @ 293.57 | market buy 1 @ 26693.34
04:14:58 orders_arb INFO 📄 PAPER ENTRY: sell 10 SBER@RTSX @ 293.57 (LIMIT)
04:14:58 orders_arb INFO 📄 PAPER ENTRY: buy 1 SRU6@RTSX @ 26693.34 (MARKET)
04:14:58 strategy_arb INFO LAYER #128 CLOSE SHORT | PnL=+66.96₽ (gross=+88.35₽ comm=21.39₽) | reason=profit_target | hold=1254min | layers=8
04:14:58 robot_arb INFO EXIT layer #129 reason=profit_target | limit sell 10 @ 293.57 | market buy 1 @ 26693.34
04:14:58 orders_arb INFO 📄 PAPER ENTRY: sell 10 SBER@RTSX @ 293.57 (LIMIT)
04:14:58 orders_arb INFO 📄 PAPER ENTRY: buy 1 SRU6@RTSX @ 26693.34 (MARKET)
04:14:58 strategy_arb INFO LAYER #129 CLOSE SHORT | PnL=+66.96₽ (gross=+88.35₽ comm=21.39₽) | reason=profit_target | hold=1254min | layers=7
04:14:59 robot_arb INFO EXIT layer #130 reason=profit_target | limit sell 10 @ 293.57 | market buy 1 @ 26693.34
04:14:59 orders_arb INFO 📄 PAPER ENTRY: sell 10 SBER@RTSX @ 293.57 (LIMIT)
04:14:59 orders_arb INFO 📄 PAPER ENTRY: buy 1 SRU6@RTSX @ 26693.34 (MARKET)
04:14:59 strategy_arb INFO LAYER #130 CLOSE SHORT | PnL=+66.96₽ (gross=+88.35₽ comm=21.39₽) | reason=profit_target | hold=1254min | layers=6
04:14:59 robot_arb INFO EXIT layer #131 reason=profit_target | limit sell 10 @ 293.57 | market buy 1 @ 26693.34
04:14:59 orders_arb INFO 📄 PAPER ENTRY: sell 10 SBER@RTSX @ 293.57 (LIMIT)
04:14:59 orders_arb INFO 📄 PAPER ENTRY: buy 1 SRU6@RTSX @ 26693.34 (MARKET)
04:14:59 strategy_arb INFO LAYER #131 CLOSE SHORT | PnL=+66.96₽ (gross=+88.35₽ comm=21.39₽) | reason=profit_target | hold=1254min | layers=5
04:15:00 robot_arb INFO EXIT layer #132 reason=profit_target | limit sell 10 @ 293.57 | market buy 1 @ 26693.34
04:15:00 orders_arb INFO 📄 PAPER ENTRY: sell 10 SBER@RTSX @ 293.57 (LIMIT)
04:15:00 orders_arb INFO 📄 PAPER ENTRY: buy 1 SRU6@RTSX @ 26693.34 (MARKET)
04:15:00 strategy_arb INFO LAYER #132 CLOSE SHORT | PnL=+66.96₽ (gross=+88.35₽ comm=21.39₽) | reason=profit_target | hold=1254min | layers=4
04:15:00 robot_arb INFO EXIT layer #133 reason=profit_target | limit sell 10 @ 293.57 | market buy 1 @ 26693.34
04:15:00 orders_arb INFO 📄 PAPER ENTRY: sell 10 SBER@RTSX @ 293.57 (LIMIT)
04:15:00 orders_arb INFO 📄 PAPER ENTRY: buy 1 SRU6@RTSX @ 26693.34 (MARKET)
04:15:00 strategy_arb INFO LAYER #133 CLOSE SHORT | PnL=+66.96₽ (gross=+88.35₽ comm=21.39₽) | reason=profit_target | hold=1254min | layers=3
04:15:01 robot_arb INFO EXIT layer #134 reason=profit_target | limit sell 10 @ 293.57 | market buy 1 @ 26693.34
04:15:01 orders_arb INFO 📄 PAPER ENTRY: sell 10 SBER@RTSX @ 293.57 (LIMIT)
04:15:01 orders_arb INFO 📄 PAPER ENTRY: buy 1 SRU6@RTSX @ 26693.34 (MARKET)
04:15:01 strategy_arb INFO LAYER #134 CLOSE SHORT | PnL=+66.96₽ (gross=+88.35₽ comm=21.39₽) | reason=profit_target | hold=1253min | layers=2
04:15:01 robot_arb INFO EXIT layer #135 reason=profit_target | limit sell 10 @ 293.57 | market buy 1 @ 26693.34
04:15:01 orders_arb INFO 📄 PAPER ENTRY: sell 10 SBER@RTSX @ 293.57 (LIMIT)
04:15:01 orders_arb INFO 📄 PAPER ENTRY: buy 1 SRU6@RTSX @ 26693.34 (MARKET)
04:15:01 strategy_arb INFO LAYER #135 CLOSE SHORT | PnL=+66.96₽ (gross=+88.35₽ comm=21.39₽) | reason=profit_target | hold=1253min | layers=1
04:15:02 robot_arb INFO EXIT layer #137 reason=profit_target | limit sell 10 @ 293.57 | market buy 1 @ 26693.34
04:15:02 orders_arb INFO 📄 PAPER ENTRY: sell 10 SBER@RTSX @ 293.57 (LIMIT)
04:15:02 orders_arb INFO 📄 PAPER ENTRY: buy 1 SRU6@RTSX @ 26693.34 (MARKET)
04:15:02 strategy_arb INFO LAYER #137 CLOSE SHORT | PnL=+40.91₽ (gross=+62.33₽ comm=21.41₽) | reason=profit_target | hold=1109min | layers=0
04:55:35 robot_arb INFO ⚠️ CHECK_ENTRY returned signal: {'action': 'entry', 'side': 'short_basis', 'z': 2.8421998969838214, 'basis': 23735.0, 'price_a': 294.5, 'price_b': 26680.0}
04:55:35 robot_arb INFO ENTRY SIGNAL short_basis | Z=2.84 basis=23735.00 | A=294.50 B=26680.00 | limit buy 10 @ 294.50 | market sell 1 @ 26666.66
04:55:35 orders_arb INFO 📄 PAPER ENTRY: buy 10 SBER@RTSX @ 294.50 (LIMIT)
04:55:35 orders_arb INFO 📄 PAPER ENTRY: sell 1 SRU6@RTSX @ 26666.66 (MARKET)
04:55:35 strategy_arb INFO LAYER #138 OPEN SHORT | A=294.50 ×10 | B=26666.66 ×1 | basis=23721.66 Z=2.84 | layers=1
04:55:35 robot_arb INFO LAYER OPEN SHORT_BASIS #138 | A=294.50 ×10 | B=26666.66 ×1 | basis=23735.00 Z=2.84 | layers=1 used_capital=31,381
04:55:36 robot_arb INFO Z=2.84 (threshold=2.3) — no signal (dup_check=LOCKED)
04:55:36 robot_arb INFO Z=2.80 (threshold=2.3) — no signal (dup_check=LOCKED)
04:55:37 robot_arb INFO Z=2.80 (threshold=2.3) — no signal (dup_check=LOCKED)
04:55:37 robot_arb INFO ⚠️ CHECK_ENTRY returned signal: {'action': 'entry', 'side': 'short_basis', 'z': 2.7586043888715115, 'basis': 23735.0, 'price_a': 294.5, 'price_b': 26680.0}
04:55:37 robot_arb INFO ENTRY SIGNAL short_basis | Z=2.76 basis=23735.00 | A=294.50 B=26680.00 | limit buy 10 @ 294.50 | market sell 1 @ 26666.66
04:55:37 orders_arb INFO 📄 PAPER ENTRY: buy 10 SBER@RTSX @ 294.50 (LIMIT)
04:55:37 orders_arb INFO 📄 PAPER ENTRY: sell 1 SRU6@RTSX @ 26666.66 (MARKET)
04:55:37 strategy_arb INFO LAYER #139 OPEN SHORT | A=294.50 ×10 | B=26666.66 ×1 | basis=23721.66 Z=2.76 | layers=2
04:55:37 robot_arb INFO LAYER OPEN SHORT_BASIS #139 | A=294.50 ×10 | B=26666.66 ×1 | basis=23735.00 Z=2.76 | layers=2 used_capital=62,762
04:55:38 robot_arb INFO Z=2.76 (threshold=2.3) — no signal (dup_check=LOCKED)
04:55:38 robot_arb INFO Z=2.72 (threshold=2.3) — no signal (dup_check=LOCKED)
04:55:39 robot_arb INFO Z=2.72 (threshold=2.3) — no signal (dup_check=LOCKED)
04:55:39 robot_arb INFO ⚠️ CHECK_ENTRY returned signal: {'action': 'entry', 'side': 'short_basis', 'z': 2.6811265926379226, 'basis': 23735.0, 'price_a': 294.5, 'price_b': 26680.0}
04:55:39 robot_arb INFO ENTRY SIGNAL short_basis | Z=2.68 basis=23735.00 | A=294.50 B=26680.00 | limit buy 10 @ 294.50 | market sell 1 @ 26666.66
04:55:39 orders_arb INFO 📄 PAPER ENTRY: buy 10 SBER@RTSX @ 294.50 (LIMIT)
04:55:39 orders_arb INFO 📄 PAPER ENTRY: sell 1 SRU6@RTSX @ 26666.66 (MARKET)
04:55:39 strategy_arb INFO LAYER #140 OPEN SHORT | A=294.50 ×10 | B=26666.66 ×1 | basis=23721.66 Z=2.68 | layers=3
04:55:39 robot_arb INFO LAYER OPEN SHORT_BASIS #140 | A=294.50 ×10 | B=26666.66 ×1 | basis=23735.00 Z=2.68 | layers=3 used_capital=94,143
04:55:40 robot_arb INFO Z=2.68 (threshold=2.3) — no signal (dup_check=LOCKED)
04:55:40 robot_arb INFO Z=2.64 (threshold=2.3) — no signal (dup_check=LOCKED)
04:55:41 robot_arb INFO Z=2.64 (threshold=2.3) — no signal (dup_check=LOCKED)
04:55:41 robot_arb INFO ⚠️ CHECK_ENTRY returned signal: {'action': 'entry', 'side': 'short_basis', 'z': 2.6090349802194965, 'basis': 23735.0, 'price_a': 294.5, 'price_b': 26680.0}
04:55:41 robot_arb INFO ENTRY SIGNAL short_basis | Z=2.61 basis=23735.00 | A=294.50 B=26680.00 | limit buy 10 @ 294.49 | market sell 1 @ 26666.66
04:55:41 orders_arb INFO 📄 PAPER ENTRY: buy 10 SBER@RTSX @ 294.49 (LIMIT)
04:55:41 orders_arb INFO 📄 PAPER ENTRY: sell 1 SRU6@RTSX @ 26666.66 (MARKET)
04:55:41 strategy_arb INFO LAYER #141 OPEN SHORT | A=294.49 ×10 | B=26666.66 ×1 | basis=23721.76 Z=2.61 | layers=4
04:55:41 robot_arb INFO LAYER OPEN SHORT_BASIS #141 | A=294.49 ×10 | B=26666.66 ×1 | basis=23735.00 Z=2.61 | layers=4 used_capital=125,523
04:55:42 robot_arb INFO Z=2.61 (threshold=2.3) — no signal (dup_check=LOCKED)
04:55:42 robot_arb INFO Z=2.57 (threshold=2.3) — no signal (dup_check=LOCKED)
04:55:43 robot_arb INFO Z=2.57 (threshold=2.3) — no signal (dup_check=LOCKED)
04:55:43 robot_arb INFO ⚠️ CHECK_ENTRY returned signal: {'action': 'entry', 'side': 'short_basis', 'z': 2.54171520754612, 'basis': 23735.0, 'price_a': 294.5, 'price_b': 26680.0}
04:55:43 robot_arb INFO ENTRY SIGNAL short_basis | Z=2.54 basis=23735.00 | A=294.50 B=26680.00 | limit buy 10 @ 294.49 | market sell 1 @ 26666.66
04:55:43 orders_arb INFO 📄 PAPER ENTRY: buy 10 SBER@RTSX @ 294.49 (LIMIT)
04:55:43 orders_arb INFO 📄 PAPER ENTRY: sell 1 SRU6@RTSX @ 26666.66 (MARKET)
04:55:43 strategy_arb INFO LAYER #142 OPEN SHORT | A=294.49 ×10 | B=26666.66 ×1 | basis=23721.76 Z=2.54 | layers=5
04:55:43 robot_arb INFO LAYER OPEN SHORT_BASIS #142 | A=294.49 ×10 | B=26666.66 ×1 | basis=23735.00 Z=2.54 | layers=5 used_capital=156,903
04:55:44 robot_arb INFO Z=2.54 (threshold=2.3) — no signal (dup_check=LOCKED)
04:55:44 robot_arb INFO Z=2.51 (threshold=2.3) — no signal (dup_check=LOCKED)
04:55:45 robot_arb INFO Z=2.51 (threshold=2.3) — no signal (dup_check=LOCKED)
04:55:45 robot_arb INFO ⚠️ CHECK_ENTRY returned signal: {'action': 'entry', 'side': 'short_basis', 'z': 2.5791703134360677, 'basis': 23735.1, 'price_a': 294.49, 'price_b': 26680.0}
04:55:45 robot_arb INFO ENTRY SIGNAL short_basis | Z=2.58 basis=23735.10 | A=294.49 B=26680.00 | limit buy 10 @ 294.49 | market sell 1 @ 26666.66
04:55:45 orders_arb INFO 📄 PAPER ENTRY: buy 10 SBER@RTSX @ 294.49 (LIMIT)
04:55:45 orders_arb INFO 📄 PAPER ENTRY: sell 1 SRU6@RTSX @ 26666.66 (MARKET)
04:55:45 strategy_arb INFO LAYER #143 OPEN SHORT | A=294.49 ×10 | B=26666.66 ×1 | basis=23721.76 Z=2.58 | layers=6
04:55:45 robot_arb INFO LAYER OPEN SHORT_BASIS #143 | A=294.49 ×10 | B=26666.66 ×1 | basis=23735.10 Z=2.58 | layers=6 used_capital=188,283
04:55:46 robot_arb INFO Z=2.58 (threshold=2.3) — no signal (dup_check=LOCKED)
04:55:46 robot_arb INFO Z=2.54 (threshold=2.3) — no signal (dup_check=LOCKED)
04:55:47 robot_arb INFO Z=2.54 (threshold=2.3) — no signal (dup_check=LOCKED)
04:55:47 robot_arb INFO ⚠️ CHECK_ENTRY returned signal: {'action': 'entry', 'side': 'short_basis', 'z': 2.5107313468822614, 'basis': 23735.1, 'price_a': 294.49, 'price_b': 26680.0}
04:55:47 robot_arb INFO ENTRY SIGNAL short_basis | Z=2.51 basis=23735.10 | A=294.49 B=26680.00 | limit buy 10 @ 294.49 | market sell 1 @ 26666.66
04:55:47 orders_arb INFO 📄 PAPER ENTRY: buy 10 SBER@RTSX @ 294.49 (LIMIT)
04:55:47 orders_arb INFO 📄 PAPER ENTRY: sell 1 SRU6@RTSX @ 26666.66 (MARKET)
04:55:47 strategy_arb INFO LAYER #144 OPEN SHORT | A=294.49 ×10 | B=26666.66 ×1 | basis=23721.76 Z=2.51 | layers=7
04:55:47 robot_arb INFO LAYER OPEN SHORT_BASIS #144 | A=294.49 ×10 | B=26666.66 ×1 | basis=23735.10 Z=2.51 | layers=7 used_capital=219,663
04:55:48 robot_arb INFO Z=2.51 (threshold=2.3) — no signal (dup_check=LOCKED)
04:55:48 robot_arb INFO Z=2.48 (threshold=2.3) — no signal (dup_check=LOCKED)
04:55:49 robot_arb INFO Z=2.48 (threshold=2.3) — no signal (dup_check=LOCKED)
04:55:49 robot_arb INFO ⚠️ CHECK_ENTRY returned signal: {'action': 'entry', 'side': 'short_basis', 'z': 2.4467108381314815, 'basis': 23735.1, 'price_a': 294.49, 'price_b': 26680.0}
04:55:49 robot_arb INFO ENTRY SIGNAL short_basis | Z=2.45 basis=23735.10 | A=294.49 B=26680.00 | limit buy 10 @ 294.49 | market sell 1 @ 26666.66
04:55:49 orders_arb INFO 📄 PAPER ENTRY: buy 10 SBER@RTSX @ 294.49 (LIMIT)
04:55:49 orders_arb INFO 📄 PAPER ENTRY: sell 1 SRU6@RTSX @ 26666.66 (MARKET)
04:55:49 strategy_arb INFO LAYER #145 OPEN SHORT | A=294.49 ×10 | B=26666.66 ×1 | basis=23721.76 Z=2.45 | layers=8
04:55:49 robot_arb INFO LAYER OPEN SHORT_BASIS #145 | A=294.49 ×10 | B=26666.66 ×1 | basis=23735.10 Z=2.45 | layers=8 used_capital=251,043
04:55:50 robot_arb INFO Z=2.45 (threshold=2.3) — no signal (dup_check=LOCKED)
04:55:50 robot_arb INFO Z=2.51 (threshold=2.3) — no signal (dup_check=LOCKED)
04:55:51 robot_arb INFO Z=2.51 (threshold=2.3) — no signal (dup_check=LOCKED)
04:55:51 robot_arb INFO ⚠️ CHECK_ENTRY returned signal: {'action': 'entry', 'side': 'short_basis', 'z': 2.477596360693142, 'basis': 23735.2, 'price_a': 294.48, 'price_b': 26680.0}
04:55:51 robot_arb INFO ENTRY SIGNAL short_basis | Z=2.48 basis=23735.20 | A=294.48 B=26680.00 | limit buy 10 @ 294.48 | market sell 1 @ 26666.66
04:55:51 orders_arb INFO 📄 PAPER ENTRY: buy 10 SBER@RTSX @ 294.48 (LIMIT)
04:55:51 orders_arb INFO 📄 PAPER ENTRY: sell 1 SRU6@RTSX @ 26666.66 (MARKET)
04:55:51 strategy_arb INFO LAYER #146 OPEN SHORT | A=294.48 ×10 | B=26666.66 ×1 | basis=23721.86 Z=2.48 | layers=9
04:55:51 robot_arb INFO LAYER OPEN SHORT_BASIS #146 | A=294.48 ×10 | B=26666.66 ×1 | basis=23735.20 Z=2.48 | layers=9 used_capital=282,422
04:55:52 robot_arb INFO Z=2.48 (threshold=2.3) — no signal (dup_check=LOCKED)
04:55:52 robot_arb INFO Z=2.44 (threshold=2.3) — no signal (dup_check=LOCKED)
04:55:53 robot_arb INFO Z=2.44 (threshold=2.3) — no signal (dup_check=LOCKED)
04:55:53 robot_arb INFO ⚠️ CHECK_ENTRY returned signal: {'action': 'entry', 'side': 'short_basis', 'z': 2.4131524224169993, 'basis': 23735.2, 'price_a': 294.48, 'price_b': 26680.0}
04:55:53 robot_arb INFO ENTRY SIGNAL short_basis | Z=2.41 basis=23735.20 | A=294.48 B=26680.00 | limit buy 10 @ 294.48 | market sell 1 @ 26666.66
04:55:53 orders_arb INFO 📄 PAPER ENTRY: buy 10 SBER@RTSX @ 294.48 (LIMIT)
04:55:53 orders_arb INFO 📄 PAPER ENTRY: sell 1 SRU6@RTSX @ 26666.66 (MARKET)
04:55:53 strategy_arb INFO LAYER #147 OPEN SHORT | A=294.48 ×10 | B=26666.66 ×1 | basis=23721.86 Z=2.41 | layers=10
04:55:53 robot_arb INFO LAYER OPEN SHORT_BASIS #147 | A=294.48 ×10 | B=26666.66 ×1 | basis=23735.20 Z=2.41 | layers=10 used_capital=313,801
04:55:54 robot_arb INFO Z=2.41 (threshold=2.3) — no signal (dup_check=LOCKED)
04:55:54 robot_arb INFO Z=2.38 (threshold=2.3) — no signal (dup_check=LOCKED)
04:55:55 robot_arb INFO Z=2.38 (threshold=2.3) — no signal (dup_check=LOCKED)
04:55:55 robot_arb INFO ⚠️ CHECK_ENTRY returned signal: {'action': 'entry', 'side': 'short_basis', 'z': 2.6063924528096933, 'basis': 23735.5, 'price_a': 294.45, 'price_b': 26680.0}
04:55:55 robot_arb INFO ENTRY SIGNAL short_basis | Z=2.61 basis=23735.50 | A=294.45 B=26680.00 | limit buy 10 @ 294.48 | market sell 1 @ 26666.66
04:55:55 orders_arb INFO 📄 PAPER ENTRY: buy 10 SBER@RTSX @ 294.48 (LIMIT)
04:55:55 orders_arb INFO 📄 PAPER ENTRY: sell 1 SRU6@RTSX @ 26666.66 (MARKET)
04:55:55 strategy_arb INFO LAYER #148 OPEN SHORT | A=294.48 ×10 | B=26666.66 ×1 | basis=23721.86 Z=2.61 | layers=11
04:55:55 robot_arb INFO LAYER OPEN SHORT_BASIS #148 | A=294.48 ×10 | B=26666.66 ×1 | basis=23735.50 Z=2.61 | layers=11 used_capital=345,180
04:55:56 robot_arb INFO Z=2.61 (threshold=2.3) — no signal (dup_check=LOCKED)
04:55:56 robot_arb INFO Z=2.55 (threshold=2.3) — no signal (dup_check=LOCKED)
04:55:57 robot_arb INFO Z=2.55 (threshold=2.3) — no signal (dup_check=LOCKED)
04:55:57 robot_arb INFO ⚠️ CHECK_ENTRY returned signal: {'action': 'entry', 'side': 'short_basis', 'z': 2.4964522066434074, 'basis': 23735.5, 'price_a': 294.45, 'price_b': 26680.0}
04:55:57 robot_arb INFO ENTRY SIGNAL short_basis | Z=2.50 basis=23735.50 | A=294.45 B=26680.00 | limit buy 10 @ 294.48 | market sell 1 @ 26666.66
04:55:57 orders_arb INFO 📄 PAPER ENTRY: buy 10 SBER@RTSX @ 294.48 (LIMIT)
04:55:57 orders_arb INFO 📄 PAPER ENTRY: sell 1 SRU6@RTSX @ 26666.66 (MARKET)
04:55:57 strategy_arb INFO LAYER #149 OPEN SHORT | A=294.48 ×10 | B=26666.66 ×1 | basis=23721.86 Z=2.50 | layers=12
04:55:57 robot_arb INFO LAYER OPEN SHORT_BASIS #149 | A=294.48 ×10 | B=26666.66 ×1 | basis=23735.50 Z=2.50 | layers=12 used_capital=376,559
04:55:58 robot_arb INFO Z=2.50 (threshold=2.3) — no signal (dup_check=LOCKED)
04:55:58 robot_arb INFO Z=2.45 (threshold=2.3) — no signal (dup_check=LOCKED)
04:55:59 robot_arb INFO Z=2.45 (threshold=2.3) — no signal (dup_check=LOCKED)
04:55:59 robot_arb INFO ⚠️ CHECK_ENTRY returned signal: {'action': 'entry', 'side': 'short_basis', 'z': 2.3972180612096086, 'basis': 23735.5, 'price_a': 294.45, 'price_b': 26680.0}
04:55:59 robot_arb INFO ENTRY SIGNAL short_basis | Z=2.40 basis=23735.50 | A=294.45 B=26680.00 | limit buy 10 @ 294.48 | market sell 1 @ 26666.66
04:55:59 orders_arb INFO 📄 PAPER ENTRY: buy 10 SBER@RTSX @ 294.48 (LIMIT)
04:55:59 orders_arb INFO 📄 PAPER ENTRY: sell 1 SRU6@RTSX @ 26666.66 (MARKET)
04:55:59 strategy_arb INFO LAYER #150 OPEN SHORT | A=294.48 ×10 | B=26666.66 ×1 | basis=23721.86 Z=2.40 | layers=13
04:55:59 robot_arb INFO LAYER OPEN SHORT_BASIS #150 | A=294.48 ×10 | B=26666.66 ×1 | basis=23735.50 Z=2.40 | layers=13 used_capital=407,938
05:05:21 robot_arb INFO ⚠️ CHECK_ENTRY returned signal: {'action': 'entry', 'side': 'short_basis', 'z': 2.4795825064067647, 'basis': 23733.7, 'price_a': 294.63, 'price_b': 26680.0}
05:05:21 robot_arb INFO ENTRY SIGNAL short_basis | Z=2.48 basis=23733.70 | A=294.63 B=26680.00 | limit buy 10 @ 294.72 | market sell 1 @ 26666.66
05:05:21 orders_arb INFO 📄 PAPER ENTRY: buy 10 SBER@RTSX @ 294.72 (LIMIT)
05:05:21 orders_arb INFO 📄 PAPER ENTRY: sell 1 SRU6@RTSX @ 26666.66 (MARKET)
05:05:21 strategy_arb INFO LAYER #151 OPEN SHORT | A=294.72 ×10 | B=26666.66 ×1 | basis=23719.46 Z=2.48 | layers=14
05:05:21 robot_arb INFO LAYER OPEN SHORT_BASIS #151 | A=294.72 ×10 | B=26666.66 ×1 | basis=23733.70 Z=2.48 | layers=14 used_capital=439,341
05:05:22 robot_arb INFO Z=2.46 (threshold=2.3) — no signal (dup_check=LOCKED)
05:05:22 robot_arb INFO Z=2.46 (threshold=2.3) — no signal (dup_check=LOCKED)
05:05:23 robot_arb INFO Z=2.44 (threshold=2.3) — no signal (dup_check=LOCKED)
05:05:23 robot_arb INFO ⚠️ CHECK_ENTRY returned signal: {'action': 'entry', 'side': 'short_basis', 'z': 2.440715191396068, 'basis': 23733.7, 'price_a': 294.63, 'price_b': 26680.0}
05:05:23 robot_arb INFO ENTRY SIGNAL short_basis | Z=2.44 basis=23733.70 | A=294.63 B=26680.00 | limit buy 10 @ 294.72 | market sell 1 @ 26666.66
05:05:23 orders_arb INFO 📄 PAPER ENTRY: buy 10 SBER@RTSX @ 294.72 (LIMIT)
05:05:23 orders_arb INFO 📄 PAPER ENTRY: sell 1 SRU6@RTSX @ 26666.66 (MARKET)
05:05:23 strategy_arb INFO LAYER #152 OPEN SHORT | A=294.72 ×10 | B=26666.66 ×1 | basis=23719.46 Z=2.44 | layers=15
05:05:23 robot_arb INFO LAYER OPEN SHORT_BASIS #152 | A=294.72 ×10 | B=26666.66 ×1 | basis=23733.70 Z=2.44 | layers=15 used_capital=470,744
05:05:24 robot_arb INFO Z=2.42 (threshold=2.3) — no signal (dup_check=LOCKED)
05:05:24 robot_arb INFO Z=2.42 (threshold=2.3) — no signal (dup_check=LOCKED)
05:05:25 robot_arb INFO Z=2.38 (threshold=2.3) — no signal (dup_check=LOCKED)
05:05:25 robot_arb INFO ⚠️ CHECK_ENTRY returned signal: {'action': 'entry', 'side': 'short_basis', 'z': 2.384331101752584, 'basis': 23733.7, 'price_a': 294.63, 'price_b': 26680.0}
05:05:25 robot_arb INFO ENTRY SIGNAL short_basis | Z=2.38 basis=23733.70 | A=294.63 B=26680.00 | limit buy 10 @ 294.72 | market sell 1 @ 26666.66
05:05:25 orders_arb INFO 📄 PAPER ENTRY: buy 10 SBER@RTSX @ 294.72 (LIMIT)
05:05:25 orders_arb INFO 📄 PAPER ENTRY: sell 1 SRU6@RTSX @ 26666.66 (MARKET)
05:05:25 strategy_arb INFO LAYER #153 OPEN SHORT | A=294.72 ×10 | B=26666.66 ×1 | basis=23719.46 Z=2.38 | layers=16
05:05:25 robot_arb INFO LAYER OPEN SHORT_BASIS #153 | A=294.72 ×10 | B=26666.66 ×1 | basis=23733.70 Z=2.38 | layers=16 used_capital=502,147
05:05:26 robot_arb INFO Z=2.35 (threshold=2.3) — no signal (dup_check=LOCKED)
05:05:26 robot_arb INFO Z=2.65 (threshold=2.3) — no signal (dup_check=LOCKED)
05:05:27 robot_arb INFO Z=2.60 (threshold=2.3) — no signal (dup_check=LOCKED)
05:05:27 robot_arb INFO ⚠️ CHECK_ENTRY returned signal: {'action': 'entry', 'side': 'short_basis', 'z': 2.596507211014548, 'basis': 23733.9, 'price_a': 294.61, 'price_b': 26680.0}
05:05:27 robot_arb INFO ENTRY SIGNAL short_basis | Z=2.60 basis=23733.90 | A=294.61 B=26680.00 | limit buy 10 @ 294.69 | market sell 1 @ 26666.66
05:05:27 orders_arb INFO 📄 PAPER ENTRY: buy 10 SBER@RTSX @ 294.69 (LIMIT)
05:05:27 orders_arb INFO 📄 PAPER ENTRY: sell 1 SRU6@RTSX @ 26666.66 (MARKET)
05:05:27 strategy_arb INFO LAYER #154 OPEN SHORT | A=294.69 ×10 | B=26666.66 ×1 | basis=23719.76 Z=2.60 | layers=17
05:05:27 robot_arb INFO LAYER OPEN SHORT_BASIS #154 | A=294.69 ×10 | B=26666.66 ×1 | basis=23733.90 Z=2.60 | layers=17 used_capital=533,547
05:05:28 robot_arb INFO Z=2.55 (threshold=2.3) — no signal (dup_check=LOCKED)
05:05:28 robot_arb INFO Z=2.55 (threshold=2.3) — no signal (dup_check=LOCKED)
05:05:29 robot_arb INFO Z=2.50 (threshold=2.3) — no signal (dup_check=LOCKED)
05:05:29 robot_arb INFO ⚠️ CHECK_ENTRY returned signal: {'action': 'entry', 'side': 'short_basis', 'z': 2.504801278526724, 'basis': 23733.9, 'price_a': 294.61, 'price_b': 26680.0}
05:05:29 robot_arb INFO ENTRY SIGNAL short_basis | Z=2.50 basis=23733.90 | A=294.61 B=26680.00 | limit buy 10 @ 294.69 | market sell 1 @ 26666.66
05:05:29 orders_arb INFO 📄 PAPER ENTRY: buy 10 SBER@RTSX @ 294.69 (LIMIT)
05:05:29 orders_arb INFO 📄 PAPER ENTRY: sell 1 SRU6@RTSX @ 26666.66 (MARKET)
05:05:29 strategy_arb INFO LAYER #155 OPEN SHORT | A=294.69 ×10 | B=26666.66 ×1 | basis=23719.76 Z=2.50 | layers=18
05:05:29 robot_arb INFO LAYER OPEN SHORT_BASIS #155 | A=294.69 ×10 | B=26666.66 ×1 | basis=23733.90 Z=2.50 | layers=18 used_capital=564,947
05:05:30 robot_arb INFO Z=2.47 (threshold=2.3) — no signal (dup_check=LOCKED)
05:05:30 robot_arb INFO Z=2.47 (threshold=2.3) — no signal (dup_check=LOCKED)
05:05:31 robot_arb INFO Z=2.43 (threshold=2.3) — no signal (dup_check=LOCKED)
05:05:31 robot_arb INFO ⚠️ CHECK_ENTRY returned signal: {'action': 'entry', 'side': 'short_basis', 'z': 2.8516617531777846, 'basis': 23734.2, 'price_a': 294.58, 'price_b': 26680.0}
05:05:31 robot_arb INFO ENTRY SIGNAL short_basis | Z=2.85 basis=23734.20 | A=294.58 B=26680.00 | limit buy 10 @ 294.58 | market sell 1 @ 26666.66
05:05:31 orders_arb INFO 📄 PAPER ENTRY: buy 10 SBER@RTSX @ 294.58 (LIMIT)
05:05:31 orders_arb INFO 📄 PAPER ENTRY: sell 1 SRU6@RTSX @ 26666.66 (MARKET)
05:05:31 strategy_arb INFO LAYER #156 OPEN SHORT | A=294.58 ×10 | B=26666.66 ×1 | basis=23720.86 Z=2.85 | layers=19
05:05:31 robot_arb INFO LAYER OPEN SHORT_BASIS #156 | A=294.58 ×10 | B=26666.66 ×1 | basis=23734.20 Z=2.85 | layers=19 used_capital=596,336
05:05:32 robot_arb INFO Z=2.80 (threshold=2.3) — no signal (dup_check=LOCKED)
05:05:32 robot_arb INFO Z=2.80 (threshold=2.3) — no signal (dup_check=LOCKED)
05:05:33 robot_arb INFO Z=2.74 (threshold=2.3) — no signal (dup_check=LOCKED)
05:05:33 robot_arb INFO ⚠️ CHECK_ENTRY returned signal: {'action': 'entry', 'side': 'short_basis', 'z': 2.744504999505044, 'basis': 23734.2, 'price_a': 294.58, 'price_b': 26680.0}
05:05:33 robot_arb INFO ENTRY SIGNAL short_basis | Z=2.74 basis=23734.20 | A=294.58 B=26680.00 | limit buy 10 @ 294.58 | market sell 1 @ 26666.66
05:05:33 orders_arb INFO 📄 PAPER ENTRY: buy 10 SBER@RTSX @ 294.58 (LIMIT)
05:05:33 orders_arb INFO 📄 PAPER ENTRY: sell 1 SRU6@RTSX @ 26666.66 (MARKET)
05:05:33 strategy_arb INFO LAYER #157 OPEN SHORT | A=294.58 ×10 | B=26666.66 ×1 | basis=23720.86 Z=2.74 | layers=20
05:05:33 robot_arb INFO LAYER OPEN SHORT_BASIS #157 | A=294.58 ×10 | B=26666.66 ×1 | basis=23734.20 Z=2.74 | layers=20 used_capital=627,725
05:05:34 robot_arb INFO Z=2.69 (threshold=2.3) — no signal (dup_check=LOCKED)
05:05:34 robot_arb INFO Z=2.69 (threshold=2.3) — no signal (dup_check=LOCKED)
05:05:35 robot_arb INFO Z=2.64 (threshold=2.3) — no signal (dup_check=LOCKED)
05:05:35 robot_arb INFO ⚠️ CHECK_ENTRY returned signal: {'action': 'entry', 'side': 'short_basis', 'z': 2.6389157997501442, 'basis': 23734.2, 'price_a': 294.58, 'price_b': 26680.0}
05:05:35 robot_arb INFO ENTRY SIGNAL short_basis | Z=2.64 basis=23734.20 | A=294.58 B=26680.00 | limit buy 10 @ 294.58 | market sell 1 @ 26666.66
05:05:35 orders_arb INFO 📄 PAPER ENTRY: buy 10 SBER@RTSX @ 294.58 (LIMIT)
05:05:35 orders_arb INFO 📄 PAPER ENTRY: sell 1 SRU6@RTSX @ 26666.66 (MARKET)
05:05:35 strategy_arb INFO LAYER #158 OPEN SHORT | A=294.58 ×10 | B=26666.66 ×1 | basis=23720.86 Z=2.64 | layers=21
05:05:35 robot_arb INFO LAYER OPEN SHORT_BASIS #158 | A=294.58 ×10 | B=26666.66 ×1 | basis=23734.20 Z=2.64 | layers=21 used_capital=659,114
05:05:36 robot_arb INFO Z=2.59 (threshold=2.3) — no signal (dup_check=LOCKED)
05:05:36 robot_arb INFO Z=2.59 (threshold=2.3) — no signal (dup_check=LOCKED)
05:05:37 robot_arb INFO Z=2.54 (threshold=2.3) — no signal (dup_check=LOCKED)
05:05:37 robot_arb INFO ⚠️ CHECK_ENTRY returned signal: {'action': 'entry', 'side': 'short_basis', 'z': 2.5355838050311745, 'basis': 23734.2, 'price_a': 294.58, 'price_b': 26680.0}
05:05:37 robot_arb INFO ENTRY SIGNAL short_basis | Z=2.54 basis=23734.20 | A=294.58 B=26680.00 | limit buy 10 @ 294.58 | market sell 1 @ 26666.66
05:05:37 orders_arb INFO 📄 PAPER ENTRY: buy 10 SBER@RTSX @ 294.58 (LIMIT)
05:05:37 orders_arb INFO 📄 PAPER ENTRY: sell 1 SRU6@RTSX @ 26666.66 (MARKET)
05:05:37 strategy_arb INFO LAYER #159 OPEN SHORT | A=294.58 ×10 | B=26666.66 ×1 | basis=23720.86 Z=2.54 | layers=22
05:05:37 robot_arb INFO LAYER OPEN SHORT_BASIS #159 | A=294.58 ×10 | B=26666.66 ×1 | basis=23734.20 Z=2.54 | layers=22 used_capital=690,503
05:05:38 robot_arb INFO Z=2.49 (threshold=2.3) — no signal (dup_check=LOCKED)
05:05:38 robot_arb INFO Z=2.49 (threshold=2.3) — no signal (dup_check=LOCKED)
05:05:39 robot_arb INFO Z=2.44 (threshold=2.3) — no signal (dup_check=LOCKED)
05:05:39 robot_arb INFO ⚠️ CHECK_ENTRY returned signal: {'action': 'entry', 'side': 'short_basis', 'z': 2.4417799168656176, 'basis': 23734.2, 'price_a': 294.58, 'price_b': 26680.0}
05:05:39 robot_arb INFO ENTRY SIGNAL short_basis | Z=2.44 basis=23734.20 | A=294.58 B=26680.00 | limit buy 10 @ 294.58 | market sell 1 @ 26666.66
05:05:39 orders_arb INFO 📄 PAPER ENTRY: buy 10 SBER@RTSX @ 294.58 (LIMIT)
05:05:39 orders_arb INFO 📄 PAPER ENTRY: sell 1 SRU6@RTSX @ 26666.66 (MARKET)
05:05:39 strategy_arb INFO LAYER #160 OPEN SHORT | A=294.58 ×10 | B=26666.66 ×1 | basis=23720.86 Z=2.44 | layers=23
05:05:39 robot_arb INFO LAYER OPEN SHORT_BASIS #160 | A=294.58 ×10 | B=26666.66 ×1 | basis=23734.20 Z=2.44 | layers=23 used_capital=721,892
05:05:40 robot_arb INFO Z=2.40 (threshold=2.3) — no signal (dup_check=LOCKED)
05:05:40 robot_arb INFO Z=2.40 (threshold=2.3) — no signal (dup_check=LOCKED)
05:05:41 robot_arb INFO Z=2.36 (threshold=2.3) — no signal (dup_check=LOCKED)
05:05:41 robot_arb INFO ⚠️ CHECK_ENTRY returned signal: {'action': 'entry', 'side': 'short_basis', 'z': 2.3560711969981334, 'basis': 23734.2, 'price_a': 294.58, 'price_b': 26680.0}
05:05:41 robot_arb INFO ENTRY SIGNAL short_basis | Z=2.36 basis=23734.20 | A=294.58 B=26680.00 | limit buy 10 @ 294.58 | market sell 1 @ 26666.66
05:05:41 orders_arb INFO 📄 PAPER ENTRY: buy 10 SBER@RTSX @ 294.58 (LIMIT)
05:05:41 orders_arb INFO 📄 PAPER ENTRY: sell 1 SRU6@RTSX @ 26666.66 (MARKET)
05:05:41 strategy_arb INFO LAYER #161 OPEN SHORT | A=294.58 ×10 | B=26666.66 ×1 | basis=23720.86 Z=2.36 | layers=24
05:05:41 robot_arb INFO LAYER OPEN SHORT_BASIS #161 | A=294.58 ×10 | B=26666.66 ×1 | basis=23734.20 Z=2.36 | layers=24 used_capital=753,281
05:05:42 robot_arb INFO Z=2.32 (threshold=2.3) — no signal (dup_check=LOCKED)
05:05:42 robot_arb INFO Z=2.32 (threshold=2.3) — no signal (dup_check=LOCKED)
05:05:43 robot_arb INFO Z=2.28 (threshold=2.3) — no signal (dup_check=LOCKED)
05:05:43 robot_arb INFO Z=2.28 (threshold=2.3) — no signal (dup_check=False)
05:05:44 robot_arb INFO Z=2.24 (threshold=2.3) — no signal (dup_check=False)
05:05:44 robot_arb INFO Z=2.24 (threshold=2.3) — no signal (dup_check=False)
05:05:45 robot_arb INFO Z=2.21 (threshold=2.3) — no signal (dup_check=False)
05:05:45 robot_arb INFO Z=2.21 (threshold=2.3) — no signal (dup_check=False)
05:05:46 robot_arb INFO Z=2.17 (threshold=2.3) — no signal (dup_check=False)
05:05:46 robot_arb INFO Z=2.17 (threshold=2.3) — no signal (dup_check=False)
05:05:47 robot_arb INFO Z=2.14 (threshold=2.3) — no signal (dup_check=False)
05:05:47 robot_arb INFO Z=2.14 (threshold=2.3) — no signal (dup_check=False)
05:05:48 robot_arb INFO Z=2.11 (threshold=2.3) — no signal (dup_check=False)
05:05:48 robot_arb INFO Z=2.11 (threshold=2.3) — no signal (dup_check=False)
05:05:51 robot_arb INFO ⚠️ CHECK_ENTRY returned signal: {'action': 'entry', 'side': 'short_basis', 'z': 2.338907235442248, 'basis': 23734.5, 'price_a': 294.55, 'price_b': 26680.0}
05:05:51 robot_arb INFO ENTRY SIGNAL short_basis | Z=2.34 basis=23734.50 | A=294.55 B=26680.00 | limit buy 10 @ 294.58 | market sell 1 @ 26666.66
05:05:51 orders_arb INFO 📄 PAPER ENTRY: buy 10 SBER@RTSX @ 294.58 (LIMIT)
05:05:51 orders_arb INFO 📄 PAPER ENTRY: sell 1 SRU6@RTSX @ 26666.66 (MARKET)
05:05:51 strategy_arb INFO LAYER #162 OPEN SHORT | A=294.58 ×10 | B=26666.66 ×1 | basis=23720.86 Z=2.34 | layers=25
05:05:51 robot_arb INFO LAYER OPEN SHORT_BASIS #162 | A=294.58 ×10 | B=26666.66 ×1 | basis=23734.50 Z=2.34 | layers=25 used_capital=784,670
05:05:52 robot_arb INFO Z=2.30 (threshold=2.3) — no signal (dup_check=LOCKED)
05:05:52 robot_arb INFO Z=2.30 (threshold=2.3) — no signal (dup_check=LOCKED)
05:05:53 robot_arb INFO Z=2.26 (threshold=2.3) — no signal (dup_check=LOCKED)
05:05:53 robot_arb INFO Z=2.26 (threshold=2.3) — no signal (dup_check=False)
05:05:54 robot_arb INFO Z=2.22 (threshold=2.3) — no signal (dup_check=False)
05:05:54 robot_arb INFO Z=2.22 (threshold=2.3) — no signal (dup_check=False)
05:05:55 robot_arb INFO Z=2.19 (threshold=2.3) — no signal (dup_check=False)
05:05:55 robot_arb INFO Z=2.19 (threshold=2.3) — no signal (dup_check=False)
05:05:56 robot_arb INFO Z=2.15 (threshold=2.3) — no signal (dup_check=False)
05:09:45 robot_arb INFO Z=2.11 (threshold=2.3) — no signal (dup_check=False)
05:09:46 robot_arb INFO Z=2.11 (threshold=2.3) — no signal (dup_check=False)
05:11:54 robot_arb INFO ⚠️ CHECK_ENTRY returned signal: {'action': 'entry', 'side': 'short_basis', 'z': 2.840118144592698, 'basis': 23736.0, 'price_a': 294.4, 'price_b': 26680.0}
05:11:54 robot_arb INFO ENTRY SIGNAL short_basis | Z=2.84 basis=23736.00 | A=294.40 B=26680.00 | limit buy 10 @ 294.45 | market sell 1 @ 26666.66
05:11:54 orders_arb INFO 📄 PAPER ENTRY: buy 10 SBER@RTSX @ 294.45 (LIMIT)
05:11:54 orders_arb INFO 📄 PAPER ENTRY: sell 1 SRU6@RTSX @ 26666.66 (MARKET)
05:11:54 strategy_arb INFO LAYER #163 OPEN SHORT | A=294.45 ×10 | B=26666.66 ×1 | basis=23722.16 Z=2.84 | layers=26
05:11:54 robot_arb INFO LAYER OPEN SHORT_BASIS #163 | A=294.45 ×10 | B=26666.66 ×1 | basis=23736.00 Z=2.84 | layers=26 used_capital=816,046
05:11:55 robot_arb INFO Z=2.84 (threshold=2.3) — no signal (dup_check=LOCKED)
05:11:55 robot_arb INFO Z=2.77 (threshold=2.3) — no signal (dup_check=LOCKED)
05:11:56 robot_arb INFO Z=2.77 (threshold=2.3) — no signal (dup_check=LOCKED)
05:11:56 robot_arb INFO ⚠️ CHECK_ENTRY returned signal: {'action': 'entry', 'side': 'short_basis', 'z': 2.7043358595520024, 'basis': 23736.0, 'price_a': 294.4, 'price_b': 26680.0}
05:11:56 robot_arb INFO ENTRY SIGNAL short_basis | Z=2.70 basis=23736.00 | A=294.40 B=26680.00 | limit buy 10 @ 294.45 | market sell 1 @ 26666.66
05:11:56 orders_arb INFO 📄 PAPER ENTRY: buy 10 SBER@RTSX @ 294.45 (LIMIT)
05:11:56 orders_arb INFO 📄 PAPER ENTRY: sell 1 SRU6@RTSX @ 26666.66 (MARKET)
05:11:56 strategy_arb INFO LAYER #164 OPEN SHORT | A=294.45 ×10 | B=26666.66 ×1 | basis=23722.16 Z=2.70 | layers=27
05:11:56 robot_arb INFO LAYER OPEN SHORT_BASIS #164 | A=294.45 ×10 | B=26666.66 ×1 | basis=23736.00 Z=2.70 | layers=27 used_capital=847,422
05:11:57 robot_arb INFO Z=2.70 (threshold=2.3) — no signal (dup_check=LOCKED)
05:11:57 robot_arb INFO Z=2.64 (threshold=2.3) — no signal (dup_check=LOCKED)
05:11:58 robot_arb INFO Z=2.64 (threshold=2.3) — no signal (dup_check=LOCKED)
05:11:58 robot_arb INFO ⚠️ CHECK_ENTRY returned signal: {'action': 'entry', 'side': 'short_basis', 'z': 2.5838053269408596, 'basis': 23736.0, 'price_a': 294.4, 'price_b': 26680.0}
05:11:58 robot_arb INFO ENTRY SIGNAL short_basis | Z=2.58 basis=23736.00 | A=294.40 B=26680.00 | limit buy 10 @ 294.45 | market sell 1 @ 26666.66
05:11:58 orders_arb INFO 📄 PAPER ENTRY: buy 10 SBER@RTSX @ 294.45 (LIMIT)
05:11:58 orders_arb INFO 📄 PAPER ENTRY: sell 1 SRU6@RTSX @ 26666.66 (MARKET)
05:11:58 strategy_arb INFO LAYER #165 OPEN SHORT | A=294.45 ×10 | B=26666.66 ×1 | basis=23722.16 Z=2.58 | layers=28
05:11:58 robot_arb INFO LAYER OPEN SHORT_BASIS #165 | A=294.45 ×10 | B=26666.66 ×1 | basis=23736.00 Z=2.58 | layers=28 used_capital=878,798
05:11:59 robot_arb INFO Z=2.58 (threshold=2.3) — no signal (dup_check=LOCKED)
05:12:50 robot_arb INFO ⚠️ CHECK_ENTRY returned signal: {'action': 'entry', 'side': 'short_basis', 'z': 2.39229338420832, 'basis': 23736.0, 'price_a': 294.4, 'price_b': 26680.0}
05:12:50 robot_arb INFO ENTRY SIGNAL short_basis | Z=2.39 basis=23736.00 | A=294.40 B=26680.00 | limit buy 10 @ 294.42 | market sell 1 @ 26666.66
05:12:50 orders_arb INFO 📄 PAPER ENTRY: buy 10 SBER@RTSX @ 294.42 (LIMIT)
05:12:50 orders_arb INFO 📄 PAPER ENTRY: sell 1 SRU6@RTSX @ 26666.66 (MARKET)
05:12:50 strategy_arb INFO LAYER #166 OPEN SHORT | A=294.42 ×10 | B=26666.66 ×1 | basis=23722.46 Z=2.39 | layers=29
05:12:50 robot_arb INFO LAYER OPEN SHORT_BASIS #166 | A=294.42 ×10 | B=26666.66 ×1 | basis=23736.00 Z=2.39 | layers=29 used_capital=910,171
05:12:51 robot_arb INFO Z=2.39 (threshold=2.3) — no signal (dup_check=LOCKED)
05:12:51 robot_arb INFO Z=2.36 (threshold=2.3) — no signal (dup_check=LOCKED)
05:12:52 robot_arb INFO Z=2.36 (threshold=2.3) — no signal (dup_check=LOCKED)
05:12:52 robot_arb INFO ⚠️ CHECK_ENTRY returned signal: {'action': 'entry', 'side': 'short_basis', 'z': 2.3240356579833765, 'basis': 23736.0, 'price_a': 294.4, 'price_b': 26680.0}
05:12:52 robot_arb INFO ENTRY SIGNAL short_basis | Z=2.32 basis=23736.00 | A=294.40 B=26680.00 | limit buy 10 @ 294.42 | market sell 1 @ 26666.66
05:12:52 orders_arb INFO 📄 PAPER ENTRY: buy 10 SBER@RTSX @ 294.42 (LIMIT)
05:12:52 orders_arb INFO 📄 PAPER ENTRY: sell 1 SRU6@RTSX @ 26666.66 (MARKET)
05:12:52 strategy_arb INFO LAYER #167 OPEN SHORT | A=294.42 ×10 | B=26666.66 ×1 | basis=23722.46 Z=2.32 | layers=30
05:12:52 robot_arb INFO LAYER OPEN SHORT_BASIS #167 | A=294.42 ×10 | B=26666.66 ×1 | basis=23736.00 Z=2.32 | layers=30 used_capital=941,544
05:12:53 robot_arb INFO Z=2.32 (threshold=2.3) — no signal (dup_check=LOCKED)
05:12:53 robot_arb INFO Z=2.29 (threshold=2.3) — no signal (dup_check=LOCKED)
05:12:54 robot_arb INFO Z=2.29 (threshold=2.3) — no signal (dup_check=LOCKED)
05:12:54 robot_arb INFO Z=2.26 (threshold=2.3) — no signal (dup_check=False)
05:12:55 robot_arb INFO Z=2.26 (threshold=2.3) — no signal (dup_check=False)
05:13:05 robot_arb INFO Z=2.26 (threshold=2.3) — no signal (dup_check=False)
05:13:06 robot_arb INFO Z=2.26 (threshold=2.3) — no signal (dup_check=False)
05:13:06 robot_arb INFO Z=2.24 (threshold=2.3) — no signal (dup_check=False)
05:13:07 robot_arb INFO Z=2.24 (threshold=2.3) — no signal (dup_check=False)
05:13:07 robot_arb INFO Z=2.22 (threshold=2.3) — no signal (dup_check=False)
05:13:08 robot_arb INFO Z=2.22 (threshold=2.3) — no signal (dup_check=False)
05:13:08 robot_arb INFO Z=2.21 (threshold=2.3) — no signal (dup_check=False)
05:13:09 robot_arb INFO Z=2.21 (threshold=2.3) — no signal (dup_check=False)
05:13:09 robot_arb INFO Z=2.19 (threshold=2.3) — no signal (dup_check=False)
05:13:10 robot_arb INFO Z=2.19 (threshold=2.3) — no signal (dup_check=False)
05:14:07 robot_arb INFO ⚠️ CHECK_ENTRY returned signal: {'action': 'entry', 'side': 'short_basis', 'z': 2.4342969280111566, 'basis': 23736.0, 'price_a': 294.4, 'price_b': 26680.0}
05:14:07 robot_arb INFO ENTRY SIGNAL short_basis | Z=2.43 basis=23736.00 | A=294.40 B=26680.00 | limit buy 10 @ 294.44 | market sell 1 @ 26666.66
05:14:07 orders_arb INFO 📄 PAPER ENTRY: buy 10 SBER@RTSX @ 294.44 (LIMIT)
05:14:07 orders_arb INFO 📄 PAPER ENTRY: sell 1 SRU6@RTSX @ 26666.66 (MARKET)
05:14:07 strategy_arb INFO LAYER #168 OPEN SHORT | A=294.44 ×10 | B=26666.66 ×1 | basis=23722.26 Z=2.43 | layers=31
05:14:07 robot_arb INFO LAYER OPEN SHORT_BASIS #168 | A=294.44 ×10 | B=26666.66 ×1 | basis=23736.00 Z=2.43 | layers=31 used_capital=972,919
05:14:07 robot_arb INFO Z=2.43 (threshold=2.3) — no signal (dup_check=LOCKED)
05:14:08 robot_arb INFO Z=2.39 (threshold=2.3) — no signal (dup_check=LOCKED)
05:14:08 robot_arb INFO Z=2.39 (threshold=2.3) — no signal (dup_check=LOCKED)
05:14:09 robot_arb INFO Z=2.34 (threshold=2.3) — no signal (dup_check=False)
05:14:09 robot_arb INFO Z=2.34 (threshold=2.3) — no signal (dup_check=False)
05:14:10 robot_arb INFO Z=2.30 (threshold=2.3) — no signal (dup_check=False)
05:14:10 robot_arb INFO Z=2.30 (threshold=2.3) — no signal (dup_check=False)
05:14:11 robot_arb INFO Z=2.26 (threshold=2.3) — no signal (dup_check=False)
05:14:11 robot_arb INFO Z=2.26 (threshold=2.3) — no signal (dup_check=False)
05:14:12 robot_arb INFO Z=2.22 (threshold=2.3) — no signal (dup_check=False)
05:15:42 robot_arb INFO Z=4.41 (threshold=2.3) — no signal (dup_check=False)
05:15:42 robot_arb INFO Z=4.41 (threshold=2.3) — no signal (dup_check=False)
05:15:43 robot_arb INFO Z=4.19 (threshold=2.3) — no signal (dup_check=False)
05:15:43 robot_arb INFO Z=4.19 (threshold=2.3) — no signal (dup_check=False)
05:15:44 robot_arb INFO Z=4.00 (threshold=2.3) — no signal (dup_check=False)
05:15:44 robot_arb INFO Z=4.00 (threshold=2.3) — no signal (dup_check=False)
05:15:45 robot_arb INFO Z=3.83 (threshold=2.3) — no signal (dup_check=False)
05:15:45 robot_arb INFO Z=3.83 (threshold=2.3) — no signal (dup_check=False)
05:15:46 robot_arb INFO Z=3.68 (threshold=2.3) — no signal (dup_check=False)
05:16:02 robot_arb INFO Z=3.10 (threshold=2.3) — no signal (dup_check=False)
05:16:02 robot_arb INFO Z=3.10 (threshold=2.3) — no signal (dup_check=False)
05:16:03 robot_arb INFO Z=3.02 (threshold=2.3) — no signal (dup_check=False)
05:16:03 robot_arb INFO Z=3.02 (threshold=2.3) — no signal (dup_check=False)
05:16:04 robot_arb INFO Z=2.94 (threshold=2.3) — no signal (dup_check=False)
05:16:04 robot_arb INFO Z=2.94 (threshold=2.3) — no signal (dup_check=False)
05:16:05 robot_arb INFO Z=2.87 (threshold=2.3) — no signal (dup_check=False)
05:16:05 robot_arb INFO Z=2.87 (threshold=2.3) — no signal (dup_check=False)
05:16:06 robot_arb INFO Z=2.81 (threshold=2.3) — no signal (dup_check=False)
05:16:06 robot_arb INFO Z=2.81 (threshold=2.3) — no signal (dup_check=False)
05:16:07 robot_arb INFO Z=2.75 (threshold=2.3) — no signal (dup_check=False)
05:16:07 robot_arb INFO Z=2.75 (threshold=2.3) — no signal (dup_check=False)
05:16:18 robot_arb INFO Z=3.10 (threshold=2.3) — no signal (dup_check=False)
05:16:18 robot_arb INFO Z=3.10 (threshold=2.3) — no signal (dup_check=False)
05:16:19 robot_arb INFO Z=3.02 (threshold=2.3) — no signal (dup_check=False)
05:16:19 robot_arb INFO Z=3.02 (threshold=2.3) — no signal (dup_check=False)
05:16:20 robot_arb INFO Z=2.95 (threshold=2.3) — no signal (dup_check=False)
05:16:20 robot_arb INFO Z=2.95 (threshold=2.3) — no signal (dup_check=False)
05:16:21 robot_arb INFO Z=2.87 (threshold=2.3) — no signal (dup_check=False)
05:16:21 robot_arb INFO Z=2.87 (threshold=2.3) — no signal (dup_check=False)
05:16:22 robot_arb INFO Z=2.81 (threshold=2.3) — no signal (dup_check=False)
05:16:22 robot_arb INFO Z=2.81 (threshold=2.3) — no signal (dup_check=False)
05:18:00 robot_arb INFO Z=2.48 (threshold=2.3) — no signal (dup_check=False)
05:18:00 robot_arb INFO Z=2.48 (threshold=2.3) — no signal (dup_check=False)
05:18:01 robot_arb INFO Z=2.43 (threshold=2.3) — no signal (dup_check=False)
05:18:01 robot_arb INFO Z=2.43 (threshold=2.3) — no signal (dup_check=False)
05:18:02 robot_arb INFO Z=2.38 (threshold=2.3) — no signal (dup_check=False)
05:18:02 robot_arb INFO Z=2.38 (threshold=2.3) — no signal (dup_check=False)
05:18:03 robot_arb INFO Z=2.34 (threshold=2.3) — no signal (dup_check=False)
05:18:03 robot_arb INFO Z=2.34 (threshold=2.3) — no signal (dup_check=False)
05:18:04 robot_arb INFO Z=2.30 (threshold=2.3) — no signal (dup_check=False)
05:18:04 robot_arb INFO Z=2.30 (threshold=2.3) — no signal (dup_check=False)
05:18:30 robot_arb INFO Z=2.35 (threshold=2.3) — no signal (dup_check=False)
05:18:30 robot_arb INFO Z=2.35 (threshold=2.3) — no signal (dup_check=False)
05:18:31 robot_arb INFO Z=2.31 (threshold=2.3) — no signal (dup_check=False)
05:18:31 robot_arb INFO Z=2.31 (threshold=2.3) — no signal (dup_check=False)
05:18:32 robot_arb INFO Z=2.27 (threshold=2.3) — no signal (dup_check=False)
05:18:32 robot_arb INFO Z=2.27 (threshold=2.3) — no signal (dup_check=False)
05:18:33 robot_arb INFO Z=2.23 (threshold=2.3) — no signal (dup_check=False)
05:18:33 robot_arb INFO Z=2.23 (threshold=2.3) — no signal (dup_check=False)
05:18:34 robot_arb INFO Z=2.20 (threshold=2.3) — no signal (dup_check=False)
05:18:34 robot_arb INFO Z=2.20 (threshold=2.3) — no signal (dup_check=False)
05:20:30 robot_arb INFO Z=2.35 (threshold=2.3) — no signal (dup_check=False)
05:20:31 robot_arb INFO Z=2.35 (threshold=2.3) — no signal (dup_check=False)
05:20:31 robot_arb INFO Z=2.31 (threshold=2.3) — no signal (dup_check=False)
05:20:32 robot_arb INFO Z=2.31 (threshold=2.3) — no signal (dup_check=False)
05:20:32 robot_arb INFO Z=2.27 (threshold=2.3) — no signal (dup_check=False)
05:20:33 robot_arb INFO Z=2.27 (threshold=2.3) — no signal (dup_check=False)
05:20:33 robot_arb INFO Z=2.23 (threshold=2.3) — no signal (dup_check=False)
05:20:34 robot_arb INFO Z=2.23 (threshold=2.3) — no signal (dup_check=False)
05:20:34 robot_arb INFO Z=2.19 (threshold=2.3) — no signal (dup_check=False)
05:20:35 robot_arb INFO Z=2.19 (threshold=2.3) — no signal (dup_check=False)
05:20:35 robot_arb INFO Z=2.15 (threshold=2.3) — no signal (dup_check=False)
05:20:36 robot_arb INFO Z=2.15 (threshold=2.3) — no signal (dup_check=False)
05:20:36 robot_arb INFO Z=2.13 (threshold=2.3) — no signal (dup_check=False)
05:20:37 robot_arb INFO Z=2.13 (threshold=2.3) — no signal (dup_check=False)
05:20:37 robot_arb INFO Z=2.11 (threshold=2.3) — no signal (dup_check=False)
05:20:38 robot_arb INFO Z=2.11 (threshold=2.3) — no signal (dup_check=False)
05:32:20 robot_arb INFO Z=3.01 (threshold=2.3) — no signal (dup_check=False)
05:32:20 robot_arb INFO Z=3.01 (threshold=2.3) — no signal (dup_check=False)
05:32:21 robot_arb INFO Z=3.07 (threshold=2.3) — no signal (dup_check=False)
05:32:21 robot_arb INFO Z=3.07 (threshold=2.3) — no signal (dup_check=False)
05:32:22 robot_arb INFO Z=3.14 (threshold=2.3) — no signal (dup_check=False)
05:32:22 robot_arb INFO Z=3.14 (threshold=2.3) — no signal (dup_check=False)
05:32:23 robot_arb INFO Z=3.23 (threshold=2.3) — no signal (dup_check=False)
05:32:23 robot_arb INFO Z=3.23 (threshold=2.3) — no signal (dup_check=False)
05:32:24 robot_arb INFO Z=3.13 (threshold=2.3) — no signal (dup_check=False)
05:32:24 robot_arb INFO Z=3.13 (threshold=2.3) — no signal (dup_check=False)
05:32:32 robot_arb INFO Z=3.98 (threshold=2.3) — no signal (dup_check=False)
05:32:33 robot_arb INFO Z=3.87 (threshold=2.3) — no signal (dup_check=False)
05:32:33 robot_arb INFO Z=3.87 (threshold=2.3) — no signal (dup_check=False)
05:32:34 robot_arb INFO Z=3.74 (threshold=2.3) — no signal (dup_check=False)
05:32:34 robot_arb INFO Z=3.74 (threshold=2.3) — no signal (dup_check=False)
05:32:35 robot_arb INFO Z=3.63 (threshold=2.3) — no signal (dup_check=False)
05:32:35 robot_arb INFO Z=3.63 (threshold=2.3) — no signal (dup_check=False)
05:32:36 robot_arb INFO Z=3.52 (threshold=2.3) — no signal (dup_check=False)
05:32:36 robot_arb INFO Z=3.52 (threshold=2.3) — no signal (dup_check=False)
05:32:37 robot_arb INFO Z=3.42 (threshold=2.3) — no signal (dup_check=False)
05:32:37 robot_arb INFO Z=3.42 (threshold=2.3) — no signal (dup_check=False)
05:32:38 robot_arb INFO Z=3.33 (threshold=2.3) — no signal (dup_check=False)
05:32:38 robot_arb INFO Z=3.33 (threshold=2.3) — no signal (dup_check=False)
05:32:39 robot_arb INFO Z=3.24 (threshold=2.3) — no signal (dup_check=False)
05:32:39 robot_arb INFO Z=3.24 (threshold=2.3) — no signal (dup_check=False)
05:32:40 robot_arb INFO Z=3.17 (threshold=2.3) — no signal (dup_check=False)
05:32:40 robot_arb INFO Z=3.17 (threshold=2.3) — no signal (dup_check=False)
05:32:41 robot_arb INFO Z=3.09 (threshold=2.3) — no signal (dup_check=False)
05:32:41 robot_arb INFO Z=3.09 (threshold=2.3) — no signal (dup_check=False)
05:32:42 robot_arb INFO Z=3.02 (threshold=2.3) — no signal (dup_check=False)
05:32:42 robot_arb INFO Z=3.02 (threshold=2.3) — no signal (dup_check=False)
05:32:43 robot_arb INFO Z=2.96 (threshold=2.3) — no signal (dup_check=False)
05:32:43 robot_arb INFO Z=2.96 (threshold=2.3) — no signal (dup_check=False)
05:32:44 robot_arb INFO Z=2.90 (threshold=2.3) — no signal (dup_check=False)
05:32:44 robot_arb INFO Z=2.90 (threshold=2.3) — no signal (dup_check=False)
05:32:45 robot_arb INFO Z=2.84 (threshold=2.3) — no signal (dup_check=False)
05:32:45 robot_arb INFO Z=2.84 (threshold=2.3) — no signal (dup_check=False)
05:32:46 robot_arb INFO Z=2.79 (threshold=2.3) — no signal (dup_check=False)
05:32:46 robot_arb INFO Z=2.79 (threshold=2.3) — no signal (dup_check=False)
05:32:47 robot_arb INFO Z=2.74 (threshold=2.3) — no signal (dup_check=False)
05:32:47 robot_arb INFO Z=2.74 (threshold=2.3) — no signal (dup_check=False)
05:32:48 robot_arb INFO Z=2.69 (threshold=2.3) — no signal (dup_check=False)
05:32:48 robot_arb INFO Z=2.69 (threshold=2.3) — no signal (dup_check=False)
05:32:49 robot_arb INFO Z=2.64 (threshold=2.3) — no signal (dup_check=False)
05:32:49 robot_arb INFO Z=2.64 (threshold=2.3) — no signal (dup_check=False)
05:32:50 robot_arb INFO Z=2.60 (threshold=2.3) — no signal (dup_check=False)
05:32:50 robot_arb INFO Z=2.60 (threshold=2.3) — no signal (dup_check=False)
05:32:51 robot_arb INFO Z=2.56 (threshold=2.3) — no signal (dup_check=False)
05:32:51 robot_arb INFO Z=2.56 (threshold=2.3) — no signal (dup_check=False)
05:32:52 robot_arb INFO Z=3.72 (threshold=2.3) — no signal (dup_check=False)
05:32:52 robot_arb INFO Z=3.72 (threshold=2.3) — no signal (dup_check=False)
05:32:53 robot_arb INFO Z=3.60 (threshold=2.3) — no signal (dup_check=False)
05:32:53 robot_arb INFO Z=3.60 (threshold=2.3) — no signal (dup_check=False)
05:32:54 robot_arb INFO Z=3.48 (threshold=2.3) — no signal (dup_check=False)
05:32:54 robot_arb INFO Z=3.48 (threshold=2.3) — no signal (dup_check=False)
05:32:55 robot_arb INFO Z=3.37 (threshold=2.3) — no signal (dup_check=False)
05:32:55 robot_arb INFO Z=3.37 (threshold=2.3) — no signal (dup_check=False)
05:32:56 robot_arb INFO Z=3.27 (threshold=2.3) — no signal (dup_check=False)
05:32:56 robot_arb INFO Z=3.27 (threshold=2.3) — no signal (dup_check=False)
05:32:57 robot_arb INFO Z=3.17 (threshold=2.3) — no signal (dup_check=False)
05:32:57 robot_arb INFO Z=3.17 (threshold=2.3) — no signal (dup_check=False)
05:32:58 robot_arb INFO Z=3.09 (threshold=2.3) — no signal (dup_check=False)
05:32:58 robot_arb INFO Z=3.09 (threshold=2.3) — no signal (dup_check=False)
05:32:59 robot_arb INFO Z=3.00 (threshold=2.3) — no signal (dup_check=False)
05:32:59 robot_arb INFO Z=3.00 (threshold=2.3) — no signal (dup_check=False)
05:33:00 robot_arb INFO Z=2.92 (threshold=2.3) — no signal (dup_check=False)
05:33:00 robot_arb INFO Z=2.92 (threshold=2.3) — no signal (dup_check=False)
05:33:01 robot_arb INFO Z=2.85 (threshold=2.3) — no signal (dup_check=False)
05:33:01 robot_arb INFO Z=2.85 (threshold=2.3) — no signal (dup_check=False)
05:33:02 robot_arb INFO Z=2.78 (threshold=2.3) — no signal (dup_check=False)
05:33:02 robot_arb INFO Z=2.78 (threshold=2.3) — no signal (dup_check=False)
05:33:03 robot_arb INFO Z=2.71 (threshold=2.3) — no signal (dup_check=False)
05:33:03 robot_arb INFO Z=2.71 (threshold=2.3) — no signal (dup_check=False)
05:33:04 robot_arb INFO Z=2.65 (threshold=2.3) — no signal (dup_check=False)
05:33:04 robot_arb INFO Z=2.65 (threshold=2.3) — no signal (dup_check=False)
05:33:05 robot_arb INFO Z=2.59 (threshold=2.3) — no signal (dup_check=False)
05:33:05 robot_arb INFO Z=2.59 (threshold=2.3) — no signal (dup_check=False)
05:33:06 robot_arb INFO Z=2.54 (threshold=2.3) — no signal (dup_check=False)
05:33:06 robot_arb INFO Z=2.54 (threshold=2.3) — no signal (dup_check=False)
05:33:07 robot_arb INFO Z=2.48 (threshold=2.3) — no signal (dup_check=False)
05:33:07 robot_arb INFO Z=2.48 (threshold=2.3) — no signal (dup_check=False)
05:33:08 robot_arb INFO Z=2.43 (threshold=2.3) — no signal (dup_check=False)
05:33:08 robot_arb INFO Z=2.43 (threshold=2.3) — no signal (dup_check=False)
05:33:09 robot_arb INFO Z=2.39 (threshold=2.3) — no signal (dup_check=False)
05:33:09 robot_arb INFO Z=2.39 (threshold=2.3) — no signal (dup_check=False)
05:33:10 robot_arb INFO Z=2.34 (threshold=2.3) — no signal (dup_check=False)
05:33:10 robot_arb INFO Z=2.34 (threshold=2.3) — no signal (dup_check=False)
05:33:11 robot_arb INFO Z=2.30 (threshold=2.3) — no signal (dup_check=False)
05:33:11 robot_arb INFO Z=2.30 (threshold=2.3) — no signal (dup_check=False)
05:33:12 robot_arb INFO Z=3.07 (threshold=2.3) — no signal (dup_check=False)
05:33:12 robot_arb INFO Z=3.07 (threshold=2.3) — no signal (dup_check=False)
05:33:13 robot_arb INFO Z=2.99 (threshold=2.3) — no signal (dup_check=False)
05:33:13 robot_arb INFO Z=2.99 (threshold=2.3) — no signal (dup_check=False)
05:33:14 robot_arb INFO Z=2.91 (threshold=2.3) — no signal (dup_check=False)
05:33:15 robot_arb INFO Z=2.91 (threshold=2.3) — no signal (dup_check=False)
05:33:15 robot_arb INFO Z=2.83 (threshold=2.3) — no signal (dup_check=False)
05:33:16 robot_arb INFO Z=2.83 (threshold=2.3) — no signal (dup_check=False)
05:33:16 robot_arb INFO Z=2.76 (threshold=2.3) — no signal (dup_check=False)
05:33:17 robot_arb INFO Z=2.76 (threshold=2.3) — no signal (dup_check=False)
05:33:32 robot_arb INFO Z=2.61 (threshold=2.3) — no signal (dup_check=False)
05:33:33 robot_arb INFO Z=2.61 (threshold=2.3) — no signal (dup_check=False)
05:33:33 robot_arb INFO Z=2.55 (threshold=2.3) — no signal (dup_check=False)
05:33:34 robot_arb INFO Z=2.55 (threshold=2.3) — no signal (dup_check=False)
05:33:34 robot_arb INFO Z=2.50 (threshold=2.3) — no signal (dup_check=False)
05:33:35 robot_arb INFO Z=2.50 (threshold=2.3) — no signal (dup_check=False)
05:33:35 robot_arb INFO Z=2.45 (threshold=2.3) — no signal (dup_check=False)
05:33:36 robot_arb INFO Z=2.45 (threshold=2.3) — no signal (dup_check=False)
05:33:36 robot_arb INFO Z=2.40 (threshold=2.3) — no signal (dup_check=False)
05:33:37 robot_arb INFO Z=2.40 (threshold=2.3) — no signal (dup_check=False)
05:33:37 robot_arb INFO Z=3.27 (threshold=2.3) — no signal (dup_check=False)
05:33:38 robot_arb INFO Z=3.27 (threshold=2.3) — no signal (dup_check=False)
05:33:38 robot_arb INFO Z=3.17 (threshold=2.3) — no signal (dup_check=False)
05:33:39 robot_arb INFO Z=3.17 (threshold=2.3) — no signal (dup_check=False)
05:33:39 robot_arb INFO Z=3.08 (threshold=2.3) — no signal (dup_check=False)
05:33:40 robot_arb INFO Z=3.08 (threshold=2.3) — no signal (dup_check=False)
05:33:40 robot_arb INFO Z=3.00 (threshold=2.3) — no signal (dup_check=False)
05:33:41 robot_arb INFO Z=3.00 (threshold=2.3) — no signal (dup_check=False)
05:33:41 robot_arb INFO Z=2.92 (threshold=2.3) — no signal (dup_check=False)
05:34:09 robot_arb INFO Z=2.76 (threshold=2.3) — no signal (dup_check=False)
05:34:10 robot_arb INFO Z=2.76 (threshold=2.3) — no signal (dup_check=False)
05:34:10 robot_arb INFO Z=2.70 (threshold=2.3) — no signal (dup_check=False)
05:34:11 robot_arb INFO Z=2.70 (threshold=2.3) — no signal (dup_check=False)
05:34:11 robot_arb INFO Z=2.64 (threshold=2.3) — no signal (dup_check=False)
05:34:12 robot_arb INFO Z=2.64 (threshold=2.3) — no signal (dup_check=False)
05:34:12 robot_arb INFO Z=2.58 (threshold=2.3) — no signal (dup_check=False)
05:34:13 robot_arb INFO Z=2.58 (threshold=2.3) — no signal (dup_check=False)
05:34:13 robot_arb INFO Z=2.53 (threshold=2.3) — no signal (dup_check=False)
05:34:14 robot_arb INFO Z=2.53 (threshold=2.3) — no signal (dup_check=False)
05:34:14 robot_arb INFO Z=2.47 (threshold=2.3) — no signal (dup_check=False)
05:34:15 robot_arb INFO Z=2.47 (threshold=2.3) — no signal (dup_check=False)
05:34:15 robot_arb INFO Z=2.43 (threshold=2.3) — no signal (dup_check=False)
05:34:16 robot_arb INFO Z=2.43 (threshold=2.3) — no signal (dup_check=False)
05:34:16 robot_arb INFO Z=2.38 (threshold=2.3) — no signal (dup_check=False)
05:34:17 robot_arb INFO Z=2.38 (threshold=2.3) — no signal (dup_check=False)
05:34:17 robot_arb INFO Z=2.34 (threshold=2.3) — no signal (dup_check=False)
05:34:18 robot_arb INFO Z=2.34 (threshold=2.3) — no signal (dup_check=False)
05:34:18 robot_arb INFO Z=2.30 (threshold=2.3) — no signal (dup_check=False)
05:34:19 robot_arb INFO Z=2.30 (threshold=2.3) — no signal (dup_check=False)
05:34:19 robot_arb INFO Z=2.26 (threshold=2.3) — no signal (dup_check=False)
05:34:20 robot_arb INFO Z=2.26 (threshold=2.3) — no signal (dup_check=False)
05:34:20 robot_arb INFO Z=2.22 (threshold=2.3) — no signal (dup_check=False)
05:34:21 robot_arb INFO Z=2.22 (threshold=2.3) — no signal (dup_check=False)
05:34:21 robot_arb INFO Z=2.18 (threshold=2.3) — no signal (dup_check=False)
05:34:22 robot_arb INFO Z=2.18 (threshold=2.3) — no signal (dup_check=False)
05:34:22 robot_arb INFO Z=2.15 (threshold=2.3) — no signal (dup_check=False)
05:34:23 robot_arb INFO Z=2.15 (threshold=2.3) — no signal (dup_check=False)
05:34:23 robot_arb INFO Z=2.11 (threshold=2.3) — no signal (dup_check=False)
05:34:24 robot_arb INFO Z=2.11 (threshold=2.3) — no signal (dup_check=False)
05:43:29 robot_arb INFO Z=2.57 (threshold=2.3) — no signal (dup_check=False)
05:43:30 robot_arb INFO Z=2.53 (threshold=2.3) — no signal (dup_check=False)
05:43:30 robot_arb INFO Z=2.53 (threshold=2.3) — no signal (dup_check=False)
05:43:31 robot_arb INFO Z=2.49 (threshold=2.3) — no signal (dup_check=False)
05:43:31 robot_arb INFO Z=2.49 (threshold=2.3) — no signal (dup_check=False)
05:43:32 robot_arb INFO Z=2.46 (threshold=2.3) — no signal (dup_check=False)
05:43:32 robot_arb INFO Z=2.46 (threshold=2.3) — no signal (dup_check=False)
05:43:33 robot_arb INFO Z=2.41 (threshold=2.3) — no signal (dup_check=False)
05:43:33 robot_arb INFO Z=2.41 (threshold=2.3) — no signal (dup_check=False)
05:43:34 robot_arb INFO Z=2.37 (threshold=2.3) — no signal (dup_check=False)
05:43:34 robot_arb INFO Z=6.21 (threshold=2.3) — no signal (dup_check=False)
05:43:35 robot_arb INFO Z=5.67 (threshold=2.3) — no signal (dup_check=False)
05:43:35 robot_arb INFO Z=5.67 (threshold=2.3) — no signal (dup_check=False)
05:43:36 robot_arb INFO Z=5.24 (threshold=2.3) — no signal (dup_check=False)
05:43:36 robot_arb INFO Z=5.24 (threshold=2.3) — no signal (dup_check=False)
05:43:37 robot_arb INFO Z=4.90 (threshold=2.3) — no signal (dup_check=False)
05:43:37 robot_arb INFO Z=4.90 (threshold=2.3) — no signal (dup_check=False)
05:43:38 robot_arb INFO Z=4.61 (threshold=2.3) — no signal (dup_check=False)
05:43:38 robot_arb INFO Z=4.61 (threshold=2.3) — no signal (dup_check=False)
05:43:39 robot_arb INFO Z=4.37 (threshold=2.3) — no signal (dup_check=False)
05:43:39 robot_arb INFO Z=4.98 (threshold=2.3) — no signal (dup_check=False)
05:43:40 robot_arb INFO Z=4.68 (threshold=2.3) — no signal (dup_check=False)
05:43:40 robot_arb INFO Z=4.68 (threshold=2.3) — no signal (dup_check=False)
05:43:41 robot_arb INFO Z=4.42 (threshold=2.3) — no signal (dup_check=False)
05:43:41 robot_arb INFO Z=4.42 (threshold=2.3) — no signal (dup_check=False)
05:43:42 robot_arb INFO Z=4.20 (threshold=2.3) — no signal (dup_check=False)
05:43:42 robot_arb INFO Z=4.20 (threshold=2.3) — no signal (dup_check=False)
05:43:43 robot_arb INFO Z=4.01 (threshold=2.3) — no signal (dup_check=False)
05:43:43 robot_arb INFO Z=4.01 (threshold=2.3) — no signal (dup_check=False)
05:43:44 robot_arb INFO Z=2.69 (threshold=2.3) — no signal (dup_check=False)
05:43:44 robot_arb INFO Z=2.69 (threshold=2.3) — no signal (dup_check=False)
05:43:45 robot_arb INFO Z=2.63 (threshold=2.3) — no signal (dup_check=False)
05:43:45 robot_arb INFO Z=2.63 (threshold=2.3) — no signal (dup_check=False)
05:43:46 robot_arb INFO Z=2.58 (threshold=2.3) — no signal (dup_check=False)
05:43:46 robot_arb INFO Z=2.58 (threshold=2.3) — no signal (dup_check=False)
05:43:47 robot_arb INFO Z=2.52 (threshold=2.3) — no signal (dup_check=False)
05:43:47 robot_arb INFO Z=2.52 (threshold=2.3) — no signal (dup_check=False)
05:43:48 robot_arb INFO Z=2.47 (threshold=2.3) — no signal (dup_check=False)
05:43:48 robot_arb INFO Z=2.47 (threshold=2.3) — no signal (dup_check=False)
05:43:49 robot_arb INFO Z=3.29 (threshold=2.3) — no signal (dup_check=False)
05:43:49 robot_arb INFO Z=3.29 (threshold=2.3) — no signal (dup_check=False)
05:43:50 robot_arb INFO Z=3.19 (threshold=2.3) — no signal (dup_check=False)
05:43:50 robot_arb INFO Z=3.19 (threshold=2.3) — no signal (dup_check=False)
05:43:51 robot_arb INFO Z=3.10 (threshold=2.3) — no signal (dup_check=False)
05:43:51 robot_arb INFO Z=3.10 (threshold=2.3) — no signal (dup_check=False)
05:43:52 robot_arb INFO Z=3.01 (threshold=2.3) — no signal (dup_check=False)
05:43:52 robot_arb INFO Z=3.01 (threshold=2.3) — no signal (dup_check=False)
05:43:53 robot_arb INFO Z=2.93 (threshold=2.3) — no signal (dup_check=False)
05:43:53 robot_arb INFO Z=2.93 (threshold=2.3) — no signal (dup_check=False)
05:44:04 robot_arb INFO Z=2.96 (threshold=2.3) — no signal (dup_check=False)
05:44:04 robot_arb INFO Z=2.96 (threshold=2.3) — no signal (dup_check=False)
05:44:05 robot_arb INFO Z=2.88 (threshold=2.3) — no signal (dup_check=False)
05:44:05 robot_arb INFO Z=2.88 (threshold=2.3) — no signal (dup_check=False)
05:44:06 robot_arb INFO Z=2.81 (threshold=2.3) — no signal (dup_check=False)
05:44:06 robot_arb INFO Z=2.81 (threshold=2.3) — no signal (dup_check=False)
05:44:07 robot_arb INFO Z=2.74 (threshold=2.3) — no signal (dup_check=False)
05:44:07 robot_arb INFO Z=2.74 (threshold=2.3) — no signal (dup_check=False)
05:44:08 robot_arb INFO Z=2.68 (threshold=2.3) — no signal (dup_check=False)
05:44:08 robot_arb INFO Z=2.68 (threshold=2.3) — no signal (dup_check=False)
05:52:38 robot_arb INFO Z=4.37 (threshold=2.3) — no signal (dup_check=False)
05:52:38 robot_arb INFO Z=4.16 (threshold=2.3) — no signal (dup_check=False)
05:52:39 robot_arb INFO Z=4.16 (threshold=2.3) — no signal (dup_check=False)
05:52:39 robot_arb INFO Z=3.99 (threshold=2.3) — no signal (dup_check=False)
05:52:40 robot_arb INFO Z=3.99 (threshold=2.3) — no signal (dup_check=False)
05:52:40 robot_arb INFO Z=3.83 (threshold=2.3) — no signal (dup_check=False)
05:52:41 robot_arb INFO Z=3.83 (threshold=2.3) — no signal (dup_check=False)
05:52:41 robot_arb INFO Z=3.69 (threshold=2.3) — no signal (dup_check=False)
05:52:42 robot_arb INFO Z=3.69 (threshold=2.3) — no signal (dup_check=False)
05:52:42 robot_arb INFO Z=3.56 (threshold=2.3) — no signal (dup_check=False)
05:52:43 robot_arb INFO Z=3.56 (threshold=2.3) — no signal (dup_check=False)
05:52:43 robot_arb INFO Z=3.44 (threshold=2.3) — no signal (dup_check=False)
05:52:44 robot_arb INFO Z=3.44 (threshold=2.3) — no signal (dup_check=False)
05:52:44 robot_arb INFO Z=3.33 (threshold=2.3) — no signal (dup_check=False)
05:53:35 robot_arb INFO Z=3.92 (threshold=2.3) — no signal (dup_check=False)
05:53:36 robot_arb INFO Z=3.76 (threshold=2.3) — no signal (dup_check=False)
05:53:36 robot_arb INFO Z=3.76 (threshold=2.3) — no signal (dup_check=False)
05:53:37 robot_arb INFO Z=3.62 (threshold=2.3) — no signal (dup_check=False)
05:53:37 robot_arb INFO Z=3.62 (threshold=2.3) — no signal (dup_check=False)
05:53:38 robot_arb INFO Z=3.49 (threshold=2.3) — no signal (dup_check=False)
05:53:38 robot_arb INFO Z=3.49 (threshold=2.3) — no signal (dup_check=False)
05:53:39 robot_arb INFO Z=3.37 (threshold=2.3) — no signal (dup_check=False)
05:53:39 robot_arb INFO Z=3.37 (threshold=2.3) — no signal (dup_check=False)
05:53:40 robot_arb INFO Z=3.27 (threshold=2.3) — no signal (dup_check=False)
05:53:40 robot_arb INFO Z=3.27 (threshold=2.3) — no signal (dup_check=False)
05:53:41 robot_arb INFO Z=3.17 (threshold=2.3) — no signal (dup_check=False)
05:53:41 robot_arb INFO Z=3.17 (threshold=2.3) — no signal (dup_check=False)
05:53:42 robot_arb INFO Z=3.08 (threshold=2.3) — no signal (dup_check=False)
05:53:42 robot_arb INFO Z=3.08 (threshold=2.3) — no signal (dup_check=False)
05:53:43 robot_arb INFO Z=2.99 (threshold=2.3) — no signal (dup_check=False)
05:53:43 robot_arb INFO Z=2.99 (threshold=2.3) — no signal (dup_check=False)
05:53:44 robot_arb INFO Z=2.91 (threshold=2.3) — no signal (dup_check=False)
05:53:44 robot_arb INFO Z=2.91 (threshold=2.3) — no signal (dup_check=False)
05:53:45 robot_arb INFO Z=2.84 (threshold=2.3) — no signal (dup_check=False)
05:54:17 robot_arb INFO Z=4.54 (threshold=2.3) — no signal (dup_check=False)
05:54:18 robot_arb INFO Z=4.31 (threshold=2.3) — no signal (dup_check=False)
05:54:18 robot_arb INFO Z=4.31 (threshold=2.3) — no signal (dup_check=False)
05:54:19 robot_arb INFO Z=4.11 (threshold=2.3) — no signal (dup_check=False)
05:54:19 robot_arb INFO Z=4.11 (threshold=2.3) — no signal (dup_check=False)
05:54:20 robot_arb INFO Z=3.93 (threshold=2.3) — no signal (dup_check=False)
05:54:20 robot_arb INFO Z=3.93 (threshold=2.3) — no signal (dup_check=False)
05:54:21 robot_arb INFO Z=3.77 (threshold=2.3) — no signal (dup_check=False)
05:54:21 robot_arb INFO Z=3.77 (threshold=2.3) — no signal (dup_check=False)
05:54:22 robot_arb INFO Z=3.63 (threshold=2.3) — no signal (dup_check=False)
05:54:22 robot_arb INFO Z=3.63 (threshold=2.3) — no signal (dup_check=False)
05:54:23 robot_arb INFO Z=3.50 (threshold=2.3) — no signal (dup_check=False)
05:54:23 robot_arb INFO Z=3.50 (threshold=2.3) — no signal (dup_check=False)
05:54:24 robot_arb INFO Z=3.38 (threshold=2.3) — no signal (dup_check=False)
05:54:24 robot_arb INFO Z=3.38 (threshold=2.3) — no signal (dup_check=False)
05:54:25 robot_arb INFO Z=3.27 (threshold=2.3) — no signal (dup_check=False)
05:54:25 robot_arb INFO Z=3.27 (threshold=2.3) — no signal (dup_check=False)
05:54:26 robot_arb INFO Z=3.18 (threshold=2.3) — no signal (dup_check=False)
05:54:26 robot_arb INFO Z=3.18 (threshold=2.3) — no signal (dup_check=False)
05:54:27 robot_arb INFO Z=3.09 (threshold=2.3) — no signal (dup_check=False)
05:54:27 robot_arb INFO Z=3.09 (threshold=2.3) — no signal (dup_check=False)
05:54:28 robot_arb INFO Z=3.00 (threshold=2.3) — no signal (dup_check=False)
05:54:28 robot_arb INFO Z=3.00 (threshold=2.3) — no signal (dup_check=False)
05:54:29 robot_arb INFO Z=2.92 (threshold=2.3) — no signal (dup_check=False)
05:54:29 robot_arb INFO Z=2.92 (threshold=2.3) — no signal (dup_check=False)
05:54:30 robot_arb INFO Z=2.85 (threshold=2.3) — no signal (dup_check=False)
05:54:30 robot_arb INFO Z=2.85 (threshold=2.3) — no signal (dup_check=False)
05:54:31 robot_arb INFO Z=2.78 (threshold=2.3) — no signal (dup_check=False)
05:54:31 robot_arb INFO Z=2.78 (threshold=2.3) — no signal (dup_check=False)
05:54:32 robot_arb INFO Z=2.72 (threshold=2.3) — no signal (dup_check=False)
05:54:32 robot_arb INFO Z=2.72 (threshold=2.3) — no signal (dup_check=False)
05:54:33 robot_arb INFO Z=2.65 (threshold=2.3) — no signal (dup_check=False)
05:54:33 robot_arb INFO Z=2.65 (threshold=2.3) — no signal (dup_check=False)
05:54:34 robot_arb INFO Z=2.60 (threshold=2.3) — no signal (dup_check=False)
05:54:34 robot_arb INFO Z=2.60 (threshold=2.3) — no signal (dup_check=False)
05:54:35 robot_arb INFO Z=2.54 (threshold=2.3) — no signal (dup_check=False)
05:54:35 robot_arb INFO Z=2.54 (threshold=2.3) — no signal (dup_check=False)
05:54:36 robot_arb INFO Z=2.49 (threshold=2.3) — no signal (dup_check=False)
05:54:36 robot_arb INFO Z=2.49 (threshold=2.3) — no signal (dup_check=False)
05:54:37 robot_arb INFO Z=2.44 (threshold=2.3) — no signal (dup_check=False)
05:54:37 robot_arb INFO Z=2.44 (threshold=2.3) — no signal (dup_check=False)
05:54:38 robot_arb INFO Z=2.39 (threshold=2.3) — no signal (dup_check=False)
05:54:38 robot_arb INFO Z=2.39 (threshold=2.3) — no signal (dup_check=False)
05:54:39 robot_arb INFO Z=2.35 (threshold=2.3) — no signal (dup_check=False)
05:54:39 robot_arb INFO Z=2.35 (threshold=2.3) — no signal (dup_check=False)
05:54:40 robot_arb INFO Z=2.31 (threshold=2.3) — no signal (dup_check=False)
05:54:40 robot_arb INFO Z=2.31 (threshold=2.3) — no signal (dup_check=False)
05:54:41 robot_arb INFO Z=2.27 (threshold=2.3) — no signal (dup_check=False)
05:54:41 robot_arb INFO Z=2.27 (threshold=2.3) — no signal (dup_check=False)
05:54:42 robot_arb INFO Z=2.23 (threshold=2.3) — no signal (dup_check=False)
05:54:42 robot_arb INFO Z=3.54 (threshold=2.3) — no signal (dup_check=False)
05:54:43 robot_arb INFO Z=3.42 (threshold=2.3) — no signal (dup_check=False)
05:54:43 robot_arb INFO Z=3.42 (threshold=2.3) — no signal (dup_check=False)
05:54:44 robot_arb INFO Z=3.31 (threshold=2.3) — no signal (dup_check=False)
05:54:44 robot_arb INFO Z=3.31 (threshold=2.3) — no signal (dup_check=False)
05:54:45 robot_arb INFO Z=3.21 (threshold=2.3) — no signal (dup_check=False)
05:54:45 robot_arb INFO Z=3.21 (threshold=2.3) — no signal (dup_check=False)
05:54:46 robot_arb INFO Z=3.12 (threshold=2.3) — no signal (dup_check=False)
05:54:46 robot_arb INFO Z=3.12 (threshold=2.3) — no signal (dup_check=False)
05:54:47 robot_arb INFO Z=3.03 (threshold=2.3) — no signal (dup_check=False)
05:54:47 robot_arb INFO Z=3.03 (threshold=2.3) — no signal (dup_check=False)
05:54:48 robot_arb INFO Z=2.95 (threshold=2.3) — no signal (dup_check=False)
05:54:48 robot_arb INFO Z=2.95 (threshold=2.3) — no signal (dup_check=False)
05:54:49 robot_arb INFO Z=2.88 (threshold=2.3) — no signal (dup_check=False)
05:54:49 robot_arb INFO Z=2.88 (threshold=2.3) — no signal (dup_check=False)
05:54:50 robot_arb INFO Z=2.81 (threshold=2.3) — no signal (dup_check=False)
05:54:50 robot_arb INFO Z=2.81 (threshold=2.3) — no signal (dup_check=False)
05:54:51 robot_arb INFO Z=2.74 (threshold=2.3) — no signal (dup_check=False)
05:54:51 robot_arb INFO Z=2.74 (threshold=2.3) — no signal (dup_check=False)
05:54:52 robot_arb INFO Z=2.68 (threshold=2.3) — no signal (dup_check=False)
05:54:52 robot_arb INFO Z=2.47 (threshold=2.3) — no signal (dup_check=False)
05:54:53 robot_arb INFO Z=2.42 (threshold=2.3) — no signal (dup_check=False)
05:54:53 robot_arb INFO Z=2.42 (threshold=2.3) — no signal (dup_check=False)
05:54:54 robot_arb INFO Z=2.37 (threshold=2.3) — no signal (dup_check=False)
05:54:54 robot_arb INFO Z=2.37 (threshold=2.3) — no signal (dup_check=False)
05:54:55 robot_arb INFO Z=2.33 (threshold=2.3) — no signal (dup_check=False)
05:54:55 robot_arb INFO Z=2.33 (threshold=2.3) — no signal (dup_check=False)
05:54:56 robot_arb INFO Z=2.29 (threshold=2.3) — no signal (dup_check=False)
05:54:56 robot_arb INFO Z=2.29 (threshold=2.3) — no signal (dup_check=False)
05:54:57 robot_arb INFO Z=2.25 (threshold=2.3) — no signal (dup_check=False)
05:54:57 robot_arb INFO Z=2.25 (threshold=2.3) — no signal (dup_check=False)
05:54:58 robot_arb INFO Z=2.21 (threshold=2.3) — no signal (dup_check=False)
05:54:58 robot_arb INFO Z=2.21 (threshold=2.3) — no signal (dup_check=False)
05:54:59 robot_arb INFO Z=2.17 (threshold=2.3) — no signal (dup_check=False)
05:54:59 robot_arb INFO Z=2.17 (threshold=2.3) — no signal (dup_check=False)
05:55:00 robot_arb INFO Z=2.14 (threshold=2.3) — no signal (dup_check=False)
05:55:00 robot_arb INFO Z=2.14 (threshold=2.3) — no signal (dup_check=False)
05:55:01 robot_arb INFO Z=2.10 (threshold=2.3) — no signal (dup_check=False)
05:55:01 robot_arb INFO Z=2.10 (threshold=2.3) — no signal (dup_check=False)
06:03:57 robot_arb INFO Z=2.40 (threshold=2.3) — no signal (dup_check=False)
06:03:57 robot_arb INFO Z=2.36 (threshold=2.3) — no signal (dup_check=False)
06:03:58 robot_arb INFO Z=2.36 (threshold=2.3) — no signal (dup_check=False)
06:03:58 robot_arb INFO Z=2.31 (threshold=2.3) — no signal (dup_check=False)
06:03:59 robot_arb INFO Z=2.31 (threshold=2.3) — no signal (dup_check=False)
06:03:59 robot_arb INFO Z=2.27 (threshold=2.3) — no signal (dup_check=False)
06:04:00 robot_arb INFO Z=2.27 (threshold=2.3) — no signal (dup_check=False)
06:04:00 robot_arb INFO Z=2.24 (threshold=2.3) — no signal (dup_check=False)
06:04:01 robot_arb INFO Z=2.24 (threshold=2.3) — no signal (dup_check=False)
06:04:01 robot_arb INFO Z=2.20 (threshold=2.3) — no signal (dup_check=False)
06:04:24 robot_arb INFO Z=2.35 (threshold=2.3) — no signal (dup_check=False)
06:04:25 robot_arb INFO Z=2.35 (threshold=2.3) — no signal (dup_check=False)
06:04:25 robot_arb INFO Z=2.31 (threshold=2.3) — no signal (dup_check=False)
06:04:26 robot_arb INFO Z=2.31 (threshold=2.3) — no signal (dup_check=False)
06:04:26 robot_arb INFO Z=2.27 (threshold=2.3) — no signal (dup_check=False)
06:04:27 robot_arb INFO Z=2.27 (threshold=2.3) — no signal (dup_check=False)
06:04:27 robot_arb INFO Z=2.24 (threshold=2.3) — no signal (dup_check=False)
06:04:28 robot_arb INFO Z=2.24 (threshold=2.3) — no signal (dup_check=False)
06:04:28 robot_arb INFO Z=2.20 (threshold=2.3) — no signal (dup_check=False)
06:04:29 robot_arb INFO Z=2.20 (threshold=2.3) — no signal (dup_check=False)
06:04:29 robot_arb INFO Z=2.77 (threshold=2.3) — no signal (dup_check=False)
06:04:30 robot_arb INFO Z=2.77 (threshold=2.3) — no signal (dup_check=False)
06:04:30 robot_arb INFO Z=2.71 (threshold=2.3) — no signal (dup_check=False)
06:04:31 robot_arb INFO Z=2.71 (threshold=2.3) — no signal (dup_check=False)
06:04:31 robot_arb INFO Z=2.65 (threshold=2.3) — no signal (dup_check=False)
06:04:32 robot_arb INFO Z=2.65 (threshold=2.3) — no signal (dup_check=False)
06:04:32 robot_arb INFO Z=2.60 (threshold=2.3) — no signal (dup_check=False)
06:04:33 robot_arb INFO Z=2.60 (threshold=2.3) — no signal (dup_check=False)
06:04:33 robot_arb INFO Z=2.54 (threshold=2.3) — no signal (dup_check=False)
06:04:34 robot_arb INFO Z=2.54 (threshold=2.3) — no signal (dup_check=False)
06:04:34 robot_arb INFO Z=2.50 (threshold=2.3) — no signal (dup_check=False)
06:04:35 robot_arb INFO Z=2.50 (threshold=2.3) — no signal (dup_check=False)
06:04:35 robot_arb INFO Z=2.45 (threshold=2.3) — no signal (dup_check=False)
06:04:36 robot_arb INFO Z=2.45 (threshold=2.3) — no signal (dup_check=False)
06:04:36 robot_arb INFO Z=2.41 (threshold=2.3) — no signal (dup_check=False)
06:04:37 robot_arb INFO Z=2.41 (threshold=2.3) — no signal (dup_check=False)
06:04:37 robot_arb INFO Z=2.36 (threshold=2.3) — no signal (dup_check=False)
06:04:38 robot_arb INFO Z=2.36 (threshold=2.3) — no signal (dup_check=False)
06:04:38 robot_arb INFO Z=2.32 (threshold=2.3) — no signal (dup_check=False)
06:04:39 robot_arb INFO Z=2.32 (threshold=2.3) — no signal (dup_check=False)
06:04:39 robot_arb INFO Z=2.28 (threshold=2.3) — no signal (dup_check=False)
06:04:40 robot_arb INFO Z=2.28 (threshold=2.3) — no signal (dup_check=False)
06:04:40 robot_arb INFO Z=2.25 (threshold=2.3) — no signal (dup_check=False)
06:04:41 robot_arb INFO Z=2.25 (threshold=2.3) — no signal (dup_check=False)
06:04:41 robot_arb INFO Z=2.21 (threshold=2.3) — no signal (dup_check=False)
06:04:42 robot_arb INFO Z=2.21 (threshold=2.3) — no signal (dup_check=False)
06:04:42 robot_arb INFO Z=2.18 (threshold=2.3) — no signal (dup_check=False)
06:04:43 robot_arb INFO Z=2.18 (threshold=2.3) — no signal (dup_check=False)
06:04:43 robot_arb INFO Z=2.14 (threshold=2.3) — no signal (dup_check=False)
06:04:44 robot_arb INFO Z=2.41 (threshold=2.3) — no signal (dup_check=False)
06:04:44 robot_arb INFO Z=2.37 (threshold=2.3) — no signal (dup_check=False)
06:04:45 robot_arb INFO Z=2.37 (threshold=2.3) — no signal (dup_check=False)
06:04:45 robot_arb INFO Z=2.34 (threshold=2.3) — no signal (dup_check=False)
06:04:46 robot_arb INFO Z=2.34 (threshold=2.3) — no signal (dup_check=False)
06:04:46 robot_arb INFO Z=2.30 (threshold=2.3) — no signal (dup_check=False)
06:04:47 robot_arb INFO Z=2.30 (threshold=2.3) — no signal (dup_check=False)
06:04:47 robot_arb INFO Z=2.27 (threshold=2.3) — no signal (dup_check=False)
06:04:48 robot_arb INFO Z=2.27 (threshold=2.3) — no signal (dup_check=False)
06:04:48 robot_arb INFO Z=2.23 (threshold=2.3) — no signal (dup_check=False)
06:05:04 robot_arb INFO Z=3.39 (threshold=2.3) — no signal (dup_check=False)
06:05:04 robot_arb INFO Z=3.30 (threshold=2.3) — no signal (dup_check=False)
06:05:05 robot_arb INFO Z=3.30 (threshold=2.3) — no signal (dup_check=False)
06:05:05 robot_arb INFO Z=3.21 (threshold=2.3) — no signal (dup_check=False)
06:05:06 robot_arb INFO Z=3.21 (threshold=2.3) — no signal (dup_check=False)
06:05:06 robot_arb INFO Z=3.12 (threshold=2.3) — no signal (dup_check=False)
06:05:07 robot_arb INFO Z=3.12 (threshold=2.3) — no signal (dup_check=False)
06:05:07 robot_arb INFO Z=3.05 (threshold=2.3) — no signal (dup_check=False)
06:05:08 robot_arb INFO Z=3.05 (threshold=2.3) — no signal (dup_check=False)
06:05:08 robot_arb INFO Z=2.97 (threshold=2.3) — no signal (dup_check=False)
06:05:09 robot_arb INFO Z=2.97 (threshold=2.3) — no signal (dup_check=False)
06:05:09 robot_arb INFO Z=2.91 (threshold=2.3) — no signal (dup_check=False)
06:05:10 robot_arb INFO Z=2.91 (threshold=2.3) — no signal (dup_check=False)
06:05:10 robot_arb INFO Z=2.84 (threshold=2.3) — no signal (dup_check=False)
06:05:11 robot_arb INFO Z=2.84 (threshold=2.3) — no signal (dup_check=False)
06:05:11 robot_arb INFO Z=2.78 (threshold=2.3) — no signal (dup_check=False)
06:05:12 robot_arb INFO Z=2.78 (threshold=2.3) — no signal (dup_check=False)
06:05:12 robot_arb INFO Z=2.72 (threshold=2.3) — no signal (dup_check=False)
06:05:13 robot_arb INFO Z=2.72 (threshold=2.3) — no signal (dup_check=False)
06:05:13 robot_arb INFO Z=2.67 (threshold=2.3) — no signal (dup_check=False)
06:05:14 robot_arb INFO Z=2.67 (threshold=2.3) — no signal (dup_check=False)
06:05:14 robot_arb INFO Z=2.61 (threshold=2.3) — no signal (dup_check=False)
06:05:15 robot_arb INFO Z=2.61 (threshold=2.3) — no signal (dup_check=False)
06:05:15 robot_arb INFO Z=2.56 (threshold=2.3) — no signal (dup_check=False)
06:05:16 robot_arb INFO Z=2.56 (threshold=2.3) — no signal (dup_check=False)
06:05:16 robot_arb INFO Z=2.51 (threshold=2.3) — no signal (dup_check=False)
06:05:17 robot_arb INFO Z=2.51 (threshold=2.3) — no signal (dup_check=False)
06:05:17 robot_arb INFO Z=2.46 (threshold=2.3) — no signal (dup_check=False)
06:05:18 robot_arb INFO Z=2.46 (threshold=2.3) — no signal (dup_check=False)
06:05:18 robot_arb INFO Z=2.42 (threshold=2.3) — no signal (dup_check=False)
06:05:19 robot_arb INFO Z=2.42 (threshold=2.3) — no signal (dup_check=False)
06:05:19 robot_arb INFO Z=2.37 (threshold=2.3) — no signal (dup_check=False)
06:05:20 robot_arb INFO Z=2.37 (threshold=2.3) — no signal (dup_check=False)
06:05:20 robot_arb INFO Z=2.33 (threshold=2.3) — no signal (dup_check=False)
06:05:21 robot_arb INFO Z=2.33 (threshold=2.3) — no signal (dup_check=False)
06:05:21 robot_arb INFO Z=2.29 (threshold=2.3) — no signal (dup_check=False)
06:05:22 robot_arb INFO Z=2.29 (threshold=2.3) — no signal (dup_check=False)
06:05:22 robot_arb INFO Z=2.25 (threshold=2.3) — no signal (dup_check=False)
06:05:23 robot_arb INFO Z=2.25 (threshold=2.3) — no signal (dup_check=False)
06:05:23 robot_arb INFO Z=2.22 (threshold=2.3) — no signal (dup_check=False)
06:05:24 robot_arb INFO Z=2.22 (threshold=2.3) — no signal (dup_check=False)
06:05:24 robot_arb INFO Z=2.19 (threshold=2.3) — no signal (dup_check=False)
06:05:25 robot_arb INFO Z=2.19 (threshold=2.3) — no signal (dup_check=False)
06:05:25 robot_arb INFO Z=2.15 (threshold=2.3) — no signal (dup_check=False)
06:05:26 robot_arb INFO Z=2.15 (threshold=2.3) — no signal (dup_check=False)
06:05:26 robot_arb INFO Z=2.12 (threshold=2.3) — no signal (dup_check=False)
06:05:27 robot_arb INFO Z=2.12 (threshold=2.3) — no signal (dup_check=False)
06:05:36 robot_arb INFO Z=2.23 (threshold=2.3) — no signal (dup_check=False)
06:05:36 robot_arb INFO Z=2.20 (threshold=2.3) — no signal (dup_check=False)
06:05:37 robot_arb INFO Z=2.20 (threshold=2.3) — no signal (dup_check=False)
06:05:37 robot_arb INFO Z=2.16 (threshold=2.3) — no signal (dup_check=False)
06:05:38 robot_arb INFO Z=2.16 (threshold=2.3) — no signal (dup_check=False)
06:05:39 robot_arb INFO Z=2.13 (threshold=2.3) — no signal (dup_check=False)
06:05:39 robot_arb INFO Z=2.13 (threshold=2.3) — no signal (dup_check=False)
06:14:31 robot_arb INFO Z=17.27 (threshold=2.3) — no signal (dup_check=False)
06:14:31 robot_arb INFO Z=10.95 (threshold=2.3) — no signal (dup_check=False)
06:14:32 robot_arb INFO Z=10.95 (threshold=2.3) — no signal (dup_check=False)
06:14:32 robot_arb INFO Z=8.64 (threshold=2.3) — no signal (dup_check=False)
06:14:33 robot_arb INFO Z=8.64 (threshold=2.3) — no signal (dup_check=False)
06:14:33 robot_arb INFO Z=7.36 (threshold=2.3) — no signal (dup_check=False)
06:14:34 robot_arb INFO Z=7.36 (threshold=2.3) — no signal (dup_check=False)
06:14:34 robot_arb INFO Z=6.51 (threshold=2.3) — no signal (dup_check=False)
06:14:35 robot_arb INFO Z=6.51 (threshold=2.3) — no signal (dup_check=False)
06:14:35 robot_arb INFO Z=5.89 (threshold=2.3) — no signal (dup_check=False)
06:14:36 robot_arb INFO Z=5.89 (threshold=2.3) — no signal (dup_check=False)
06:14:36 robot_arb INFO Z=5.42 (threshold=2.3) — no signal (dup_check=False)
06:14:37 robot_arb INFO Z=5.42 (threshold=2.3) — no signal (dup_check=False)
06:14:37 robot_arb INFO Z=5.04 (threshold=2.3) — no signal (dup_check=False)
06:14:38 robot_arb INFO Z=5.04 (threshold=2.3) — no signal (dup_check=False)
06:14:38 robot_arb INFO Z=4.73 (threshold=2.3) — no signal (dup_check=False)
06:14:39 robot_arb INFO Z=4.73 (threshold=2.3) — no signal (dup_check=False)
06:14:39 robot_arb INFO Z=4.47 (threshold=2.3) — no signal (dup_check=False)
06:14:40 robot_arb INFO Z=4.47 (threshold=2.3) — no signal (dup_check=False)
06:14:40 robot_arb INFO Z=4.24 (threshold=2.3) — no signal (dup_check=False)
06:14:41 robot_arb INFO Z=4.24 (threshold=2.3) — no signal (dup_check=False)
06:14:41 robot_arb INFO Z=4.04 (threshold=2.3) — no signal (dup_check=False)
06:14:42 robot_arb INFO Z=4.04 (threshold=2.3) — no signal (dup_check=False)
06:14:42 robot_arb INFO Z=3.87 (threshold=2.3) — no signal (dup_check=False)
06:14:43 robot_arb INFO Z=3.87 (threshold=2.3) — no signal (dup_check=False)
06:14:43 robot_arb INFO Z=3.72 (threshold=2.3) — no signal (dup_check=False)
06:14:44 robot_arb INFO Z=3.72 (threshold=2.3) — no signal (dup_check=False)
06:14:44 robot_arb INFO Z=3.58 (threshold=2.3) — no signal (dup_check=False)
06:14:45 robot_arb INFO Z=3.58 (threshold=2.3) — no signal (dup_check=False)
06:14:45 robot_arb INFO Z=3.45 (threshold=2.3) — no signal (dup_check=False)
06:14:46 robot_arb INFO Z=3.52 (threshold=2.3) — no signal (dup_check=False)
06:14:46 robot_arb INFO Z=3.40 (threshold=2.3) — no signal (dup_check=False)
06:14:47 robot_arb INFO Z=3.40 (threshold=2.3) — no signal (dup_check=False)
06:14:47 robot_arb INFO Z=3.29 (threshold=2.3) — no signal (dup_check=False)
06:14:48 robot_arb INFO Z=3.29 (threshold=2.3) — no signal (dup_check=False)
06:14:48 robot_arb INFO Z=3.19 (threshold=2.3) — no signal (dup_check=False)
06:14:49 robot_arb INFO Z=3.19 (threshold=2.3) — no signal (dup_check=False)
06:14:49 robot_arb INFO Z=3.09 (threshold=2.3) — no signal (dup_check=False)
06:14:50 robot_arb INFO Z=3.09 (threshold=2.3) — no signal (dup_check=False)
06:14:50 robot_arb INFO Z=3.01 (threshold=2.3) — no signal (dup_check=False)
06:14:51 robot_arb INFO Z=3.01 (threshold=2.3) — no signal (dup_check=False)
06:14:51 robot_arb INFO Z=2.93 (threshold=2.3) — no signal (dup_check=False)
06:14:52 robot_arb INFO Z=2.93 (threshold=2.3) — no signal (dup_check=False)
06:14:52 robot_arb INFO Z=2.85 (threshold=2.3) — no signal (dup_check=False)
06:14:53 robot_arb INFO Z=2.85 (threshold=2.3) — no signal (dup_check=False)
06:14:53 robot_arb INFO Z=2.78 (threshold=2.3) — no signal (dup_check=False)
06:14:54 robot_arb INFO Z=2.78 (threshold=2.3) — no signal (dup_check=False)
06:14:54 robot_arb INFO Z=2.72 (threshold=2.3) — no signal (dup_check=False)
06:14:55 robot_arb INFO Z=2.72 (threshold=2.3) — no signal (dup_check=False)
06:14:55 robot_arb INFO Z=2.66 (threshold=2.3) — no signal (dup_check=False)
06:14:56 robot_arb INFO Z=2.66 (threshold=2.3) — no signal (dup_check=False)
06:14:56 robot_arb INFO Z=2.60 (threshold=2.3) — no signal (dup_check=False)
06:14:57 robot_arb INFO Z=2.60 (threshold=2.3) — no signal (dup_check=False)
06:14:57 robot_arb INFO Z=2.54 (threshold=2.3) — no signal (dup_check=False)
06:14:58 robot_arb INFO Z=2.54 (threshold=2.3) — no signal (dup_check=False)
06:14:58 robot_arb INFO Z=2.49 (threshold=2.3) — no signal (dup_check=False)
06:14:59 robot_arb INFO Z=2.49 (threshold=2.3) — no signal (dup_check=False)
06:14:59 robot_arb INFO Z=2.44 (threshold=2.3) — no signal (dup_check=False)
06:15:00 robot_arb INFO Z=2.44 (threshold=2.3) — no signal (dup_check=False)
06:15:00 robot_arb INFO Z=2.39 (threshold=2.3) — no signal (dup_check=False)
06:15:01 robot_arb INFO Z=2.39 (threshold=2.3) — no signal (dup_check=False)
06:15:01 robot_arb INFO Z=3.60 (threshold=2.3) — no signal (dup_check=False)
06:15:02 robot_arb INFO Z=3.60 (threshold=2.3) — no signal (dup_check=False)
06:15:02 robot_arb INFO Z=3.47 (threshold=2.3) — no signal (dup_check=False)
06:15:03 robot_arb INFO Z=3.47 (threshold=2.3) — no signal (dup_check=False)
06:15:03 robot_arb INFO Z=3.36 (threshold=2.3) — no signal (dup_check=False)
06:15:04 robot_arb INFO Z=3.36 (threshold=2.3) — no signal (dup_check=False)
06:15:04 robot_arb INFO Z=3.25 (threshold=2.3) — no signal (dup_check=False)
06:15:05 robot_arb INFO Z=3.25 (threshold=2.3) — no signal (dup_check=False)
06:15:05 robot_arb INFO Z=3.15 (threshold=2.3) — no signal (dup_check=False)
06:15:06 robot_arb INFO Z=3.15 (threshold=2.3) — no signal (dup_check=False)
06:15:06 robot_arb INFO Z=4.01 (threshold=2.3) — no signal (dup_check=False)
06:15:07 robot_arb INFO Z=4.01 (threshold=2.3) — no signal (dup_check=False)
06:15:07 robot_arb INFO Z=3.84 (threshold=2.3) — no signal (dup_check=False)
06:15:08 robot_arb INFO Z=3.84 (threshold=2.3) — no signal (dup_check=False)
06:15:08 robot_arb INFO Z=3.69 (threshold=2.3) — no signal (dup_check=False)
06:15:09 robot_arb INFO Z=3.69 (threshold=2.3) — no signal (dup_check=False)
06:15:09 robot_arb INFO Z=3.55 (threshold=2.3) — no signal (dup_check=False)
06:15:10 robot_arb INFO Z=3.55 (threshold=2.3) — no signal (dup_check=False)
06:15:10 robot_arb INFO Z=3.42 (threshold=2.3) — no signal (dup_check=False)
06:15:11 robot_arb INFO Z=3.42 (threshold=2.3) — no signal (dup_check=False)
06:15:11 robot_arb INFO Z=3.31 (threshold=2.3) — no signal (dup_check=False)
06:15:12 robot_arb INFO Z=3.22 (threshold=2.3) — no signal (dup_check=False)
06:15:12 robot_arb INFO Z=3.12 (threshold=2.3) — no signal (dup_check=False)
06:15:13 robot_arb INFO Z=3.12 (threshold=2.3) — no signal (dup_check=False)
06:15:13 robot_arb INFO Z=3.03 (threshold=2.3) — no signal (dup_check=False)
06:15:14 robot_arb INFO Z=3.03 (threshold=2.3) — no signal (dup_check=False)
06:15:14 robot_arb INFO Z=2.95 (threshold=2.3) — no signal (dup_check=False)
06:15:15 robot_arb INFO Z=2.95 (threshold=2.3) — no signal (dup_check=False)
06:15:15 robot_arb INFO Z=2.87 (threshold=2.3) — no signal (dup_check=False)
06:15:16 robot_arb INFO Z=2.87 (threshold=2.3) — no signal (dup_check=False)
06:15:16 robot_arb INFO Z=2.80 (threshold=2.3) — no signal (dup_check=False)
06:15:17 robot_arb INFO Z=2.80 (threshold=2.3) — no signal (dup_check=False)
06:15:17 robot_arb INFO Z=2.86 (threshold=2.3) — no signal (dup_check=False)
06:15:18 robot_arb INFO Z=2.86 (threshold=2.3) — no signal (dup_check=False)
06:15:18 robot_arb INFO Z=2.79 (threshold=2.3) — no signal (dup_check=False)
06:15:19 robot_arb INFO Z=2.79 (threshold=2.3) — no signal (dup_check=False)
06:15:19 robot_arb INFO Z=2.72 (threshold=2.3) — no signal (dup_check=False)
06:15:20 robot_arb INFO Z=2.72 (threshold=2.3) — no signal (dup_check=False)
06:15:20 robot_arb INFO Z=2.66 (threshold=2.3) — no signal (dup_check=False)
06:15:21 robot_arb INFO Z=2.66 (threshold=2.3) — no signal (dup_check=False)
06:15:21 robot_arb INFO Z=2.60 (threshold=2.3) — no signal (dup_check=False)
06:15:22 robot_arb INFO Z=2.60 (threshold=2.3) — no signal (dup_check=False)
06:15:22 robot_arb INFO Z=2.62 (threshold=2.3) — no signal (dup_check=False)
06:15:23 robot_arb INFO Z=2.62 (threshold=2.3) — no signal (dup_check=False)
06:15:23 robot_arb INFO Z=2.56 (threshold=2.3) — no signal (dup_check=False)
06:15:24 robot_arb INFO Z=2.56 (threshold=2.3) — no signal (dup_check=False)
06:15:24 robot_arb INFO Z=2.51 (threshold=2.3) — no signal (dup_check=False)
06:15:25 robot_arb INFO Z=2.51 (threshold=2.3) — no signal (dup_check=False)
06:15:25 robot_arb INFO Z=2.46 (threshold=2.3) — no signal (dup_check=False)
06:15:26 robot_arb INFO Z=2.46 (threshold=2.3) — no signal (dup_check=False)
06:15:26 robot_arb INFO Z=2.41 (threshold=2.3) — no signal (dup_check=False)
06:15:27 robot_arb INFO Z=2.41 (threshold=2.3) — no signal (dup_check=False)
06:15:27 robot_arb INFO Z=2.37 (threshold=2.3) — no signal (dup_check=False)
06:15:28 robot_arb INFO Z=2.37 (threshold=2.3) — no signal (dup_check=False)
06:15:28 robot_arb INFO Z=2.33 (threshold=2.3) — no signal (dup_check=False)
06:15:29 robot_arb INFO Z=2.33 (threshold=2.3) — no signal (dup_check=False)
06:15:29 robot_arb INFO Z=2.28 (threshold=2.3) — no signal (dup_check=False)
06:15:30 robot_arb INFO Z=2.28 (threshold=2.3) — no signal (dup_check=False)
06:15:30 robot_arb INFO Z=2.24 (threshold=2.3) — no signal (dup_check=False)
06:15:31 robot_arb INFO Z=2.24 (threshold=2.3) — no signal (dup_check=False)
06:15:31 robot_arb INFO Z=2.20 (threshold=2.3) — no signal (dup_check=False)
06:15:32 robot_arb INFO Z=2.20 (threshold=2.3) — no signal (dup_check=False)
06:20:27 robot_arb INFO Z=2.24 (threshold=2.3) — no signal (dup_check=False)
06:20:28 robot_arb INFO Z=2.21 (threshold=2.3) — no signal (dup_check=False)
06:20:28 robot_arb INFO Z=2.21 (threshold=2.3) — no signal (dup_check=False)
06:20:29 robot_arb INFO Z=2.18 (threshold=2.3) — no signal (dup_check=False)
06:20:29 robot_arb INFO Z=2.18 (threshold=2.3) — no signal (dup_check=False)
06:20:42 robot_arb INFO Z=2.75 (threshold=2.3) — no signal (dup_check=False)
06:20:43 robot_arb INFO Z=2.70 (threshold=2.3) — no signal (dup_check=False)
06:20:43 robot_arb INFO Z=2.70 (threshold=2.3) — no signal (dup_check=False)
06:20:44 robot_arb INFO Z=2.65 (threshold=2.3) — no signal (dup_check=False)
06:20:44 robot_arb INFO Z=2.65 (threshold=2.3) — no signal (dup_check=False)
06:24:43 robot_arb INFO Z=2.45 (threshold=2.3) — no signal (dup_check=False)
06:24:43 robot_arb INFO Z=2.45 (threshold=2.3) — no signal (dup_check=False)
06:24:44 robot_arb INFO Z=2.43 (threshold=2.3) — no signal (dup_check=False)
06:24:44 robot_arb INFO Z=2.43 (threshold=2.3) — no signal (dup_check=False)
06:24:45 robot_arb INFO Z=2.41 (threshold=2.3) — no signal (dup_check=False)
06:24:45 robot_arb INFO Z=2.41 (threshold=2.3) — no signal (dup_check=False)
06:24:46 robot_arb INFO Z=2.39 (threshold=2.3) — no signal (dup_check=False)
06:24:46 robot_arb INFO Z=2.39 (threshold=2.3) — no signal (dup_check=False)
06:24:47 robot_arb INFO Z=2.34 (threshold=2.3) — no signal (dup_check=False)
06:24:47 robot_arb INFO Z=2.34 (threshold=2.3) — no signal (dup_check=False)
06:30:03 robot_arb INFO Z=9.84 (threshold=2.3) — no signal (dup_check=False)
06:30:04 robot_arb INFO Z=9.84 (threshold=2.3) — no signal (dup_check=False)
06:30:04 robot_arb INFO Z=8.04 (threshold=2.3) — no signal (dup_check=False)
06:30:05 robot_arb INFO Z=8.04 (threshold=2.3) — no signal (dup_check=False)
06:30:05 robot_arb INFO Z=6.96 (threshold=2.3) — no signal (dup_check=False)
06:30:06 robot_arb INFO Z=7.22 (threshold=2.3) — no signal (dup_check=False)
06:30:06 robot_arb INFO Z=6.40 (threshold=2.3) — no signal (dup_check=False)
06:30:07 robot_arb INFO Z=6.40 (threshold=2.3) — no signal (dup_check=False)
06:30:07 robot_arb INFO Z=5.80 (threshold=2.3) — no signal (dup_check=False)
06:30:08 robot_arb INFO Z=5.80 (threshold=2.3) — no signal (dup_check=False)
06:30:08 robot_arb INFO Z=4.67 (threshold=2.3) — no signal (dup_check=False)
06:30:09 robot_arb INFO Z=4.67 (threshold=2.3) — no signal (dup_check=False)
06:30:09 robot_arb INFO Z=4.41 (threshold=2.3) — no signal (dup_check=False)
06:30:10 robot_arb INFO Z=4.41 (threshold=2.3) — no signal (dup_check=False)
06:30:10 robot_arb INFO Z=4.19 (threshold=2.3) — no signal (dup_check=False)
06:30:11 robot_arb INFO Z=4.19 (threshold=2.3) — no signal (dup_check=False)
06:30:11 robot_arb INFO Z=3.84 (threshold=2.3) — no signal (dup_check=False)
06:30:12 robot_arb INFO Z=3.84 (threshold=2.3) — no signal (dup_check=False)
06:30:12 robot_arb INFO Z=3.69 (threshold=2.3) — no signal (dup_check=False)
06:30:13 robot_arb INFO Z=3.69 (threshold=2.3) — no signal (dup_check=False)
06:30:13 robot_arb INFO Z=3.40 (threshold=2.3) — no signal (dup_check=False)
06:30:14 robot_arb INFO Z=3.40 (threshold=2.3) — no signal (dup_check=False)
06:30:14 robot_arb INFO Z=3.29 (threshold=2.3) — no signal (dup_check=False)
06:30:15 robot_arb INFO Z=3.29 (threshold=2.3) — no signal (dup_check=False)
06:30:15 robot_arb INFO Z=3.19 (threshold=2.3) — no signal (dup_check=False)
06:30:16 robot_arb INFO Z=3.19 (threshold=2.3) — no signal (dup_check=False)
06:30:16 robot_arb INFO Z=3.09 (threshold=2.3) — no signal (dup_check=False)
06:30:17 robot_arb INFO Z=3.09 (threshold=2.3) — no signal (dup_check=False)
06:30:17 robot_arb INFO Z=3.01 (threshold=2.3) — no signal (dup_check=False)
06:30:18 robot_arb INFO Z=3.01 (threshold=2.3) — no signal (dup_check=False)
06:30:18 robot_arb INFO Z=2.24 (threshold=2.3) — no signal (dup_check=False)
06:30:19 robot_arb INFO Z=2.24 (threshold=2.3) — no signal (dup_check=False)
06:30:19 robot_arb INFO Z=2.20 (threshold=2.3) — no signal (dup_check=False)
06:30:20 robot_arb INFO Z=2.20 (threshold=2.3) — no signal (dup_check=False)
06:30:20 robot_arb INFO Z=2.16 (threshold=2.3) — no signal (dup_check=False)
06:30:21 robot_arb INFO Z=2.16 (threshold=2.3) — no signal (dup_check=False)
06:30:21 robot_arb INFO Z=2.13 (threshold=2.3) — no signal (dup_check=False)
06:30:22 robot_arb INFO Z=2.13 (threshold=2.3) — no signal (dup_check=False)
06:34:11 robot_arb INFO Z=3.34 (threshold=2.3) — no signal (dup_check=False)
06:34:11 robot_arb INFO Z=3.34 (threshold=2.3) — no signal (dup_check=False)
06:34:12 robot_arb INFO Z=3.31 (threshold=2.3) — no signal (dup_check=False)
06:34:12 robot_arb INFO Z=3.31 (threshold=2.3) — no signal (dup_check=False)
06:34:13 robot_arb INFO Z=3.31 (threshold=2.3) — no signal (dup_check=False)
06:34:13 robot_arb INFO Z=3.31 (threshold=2.3) — no signal (dup_check=False)
06:34:14 robot_arb INFO Z=3.31 (threshold=2.3) — no signal (dup_check=False)
06:34:14 robot_arb INFO Z=3.31 (threshold=2.3) — no signal (dup_check=False)
06:34:15 robot_arb INFO Z=3.25 (threshold=2.3) — no signal (dup_check=False)
06:34:15 robot_arb INFO Z=3.44 (threshold=2.3) — no signal (dup_check=False)
06:34:16 robot_arb INFO Z=2.85 (threshold=2.3) — no signal (dup_check=False)
06:34:16 robot_arb INFO Z=2.85 (threshold=2.3) — no signal (dup_check=False)
06:34:17 robot_arb INFO Z=2.82 (threshold=2.3) — no signal (dup_check=False)
06:34:17 robot_arb INFO Z=2.82 (threshold=2.3) — no signal (dup_check=False)
06:34:18 robot_arb INFO Z=2.79 (threshold=2.3) — no signal (dup_check=False)
06:34:18 robot_arb INFO Z=2.79 (threshold=2.3) — no signal (dup_check=False)
06:34:19 robot_arb INFO Z=2.76 (threshold=2.3) — no signal (dup_check=False)
06:34:19 robot_arb INFO Z=2.76 (threshold=2.3) — no signal (dup_check=False)
06:34:20 robot_arb INFO Z=2.74 (threshold=2.3) — no signal (dup_check=False)
06:34:20 robot_arb INFO Z=2.74 (threshold=2.3) — no signal (dup_check=False)
06:34:55 robot_arb INFO Z=2.21 (threshold=2.3) — no signal (dup_check=False)
06:34:56 robot_arb INFO Z=2.18 (threshold=2.3) — no signal (dup_check=False)
06:34:56 robot_arb INFO Z=2.18 (threshold=2.3) — no signal (dup_check=False)
06:34:57 robot_arb INFO Z=2.15 (threshold=2.3) — no signal (dup_check=False)
06:34:57 robot_arb INFO Z=2.15 (threshold=2.3) — no signal (dup_check=False)
06:34:58 robot_arb INFO Z=2.11 (threshold=2.3) — no signal (dup_check=False)
06:34:58 robot_arb INFO Z=2.11 (threshold=2.3) — no signal (dup_check=False)
06:35:10 robot_arb INFO Z=3.20 (threshold=2.3) — no signal (dup_check=False)
06:35:15 robot_arb INFO Z=2.76 (threshold=2.3) — no signal (dup_check=False)
06:36:10 robot_arb INFO Z=2.12 (threshold=2.3) — no signal (dup_check=False)
06:36:10 robot_arb INFO Z=2.12 (threshold=2.3) — no signal (dup_check=False)
06:39:47 robot_arb INFO Z=4.51 (threshold=2.3) — no signal (dup_check=False)
06:39:48 robot_arb INFO Z=4.51 (threshold=2.3) — no signal (dup_check=False)
06:39:48 robot_arb INFO Z=4.28 (threshold=2.3) — no signal (dup_check=False)
06:39:49 robot_arb INFO Z=4.28 (threshold=2.3) — no signal (dup_check=False)
06:39:49 robot_arb INFO Z=4.08 (threshold=2.3) — no signal (dup_check=False)
06:39:50 robot_arb INFO Z=4.08 (threshold=2.3) — no signal (dup_check=False)
06:39:50 robot_arb INFO Z=3.91 (threshold=2.3) — no signal (dup_check=False)
06:39:51 robot_arb INFO Z=3.91 (threshold=2.3) — no signal (dup_check=False)
06:39:51 robot_arb INFO Z=3.82 (threshold=2.3) — no signal (dup_check=False)
06:39:52 robot_arb INFO Z=3.82 (threshold=2.3) — no signal (dup_check=False)
06:44:12 robot_arb INFO Z=7.54 (threshold=2.3) — no signal (dup_check=False)
06:44:12 robot_arb INFO Z=5.70 (threshold=2.3) — no signal (dup_check=False)
06:44:13 robot_arb INFO Z=5.70 (threshold=2.3) — no signal (dup_check=False)
06:44:13 robot_arb INFO Z=5.29 (threshold=2.3) — no signal (dup_check=False)
06:44:14 robot_arb INFO Z=5.29 (threshold=2.3) — no signal (dup_check=False)
06:44:14 robot_arb INFO Z=4.96 (threshold=2.3) — no signal (dup_check=False)
06:44:15 robot_arb INFO Z=4.96 (threshold=2.3) — no signal (dup_check=False)
06:44:15 robot_arb INFO Z=4.68 (threshold=2.3) — no signal (dup_check=False)
06:44:16 robot_arb INFO Z=4.68 (threshold=2.3) — no signal (dup_check=False)
06:44:16 robot_arb INFO Z=4.44 (threshold=2.3) — no signal (dup_check=False)
06:44:17 robot_arb INFO Z=4.44 (threshold=2.3) — no signal (dup_check=False)
06:52:01 robot_arb INFO Z=2.29 (threshold=2.3) — no signal (dup_check=False)
06:52:01 robot_arb INFO Z=2.26 (threshold=2.3) — no signal (dup_check=False)
06:52:02 robot_arb INFO Z=2.26 (threshold=2.3) — no signal (dup_check=False)
06:52:02 robot_arb INFO Z=2.22 (threshold=2.3) — no signal (dup_check=False)
06:52:03 robot_arb INFO Z=2.22 (threshold=2.3) — no signal (dup_check=False)
06:55:28 robot_arb INFO Z=2.39 (threshold=2.3) — no signal (dup_check=False)
06:55:29 robot_arb INFO Z=2.39 (threshold=2.3) — no signal (dup_check=False)
06:55:29 robot_arb INFO Z=2.35 (threshold=2.3) — no signal (dup_check=False)
06:55:30 robot_arb INFO Z=2.35 (threshold=2.3) — no signal (dup_check=False)
06:55:30 robot_arb INFO Z=2.30 (threshold=2.3) — no signal (dup_check=False)
06:55:31 robot_arb INFO Z=2.30 (threshold=2.3) — no signal (dup_check=False)
06:55:31 robot_arb INFO Z=2.26 (threshold=2.3) — no signal (dup_check=False)
06:55:32 robot_arb INFO Z=2.26 (threshold=2.3) — no signal (dup_check=False)
06:55:32 robot_arb INFO Z=2.23 (threshold=2.3) — no signal (dup_check=False)
06:55:33 robot_arb INFO Z=2.23 (threshold=2.3) — no signal (dup_check=False)
06:55:33 robot_arb INFO Z=3.46 (threshold=2.3) — no signal (dup_check=False)
06:55:34 robot_arb INFO Z=3.46 (threshold=2.3) — no signal (dup_check=False)
06:55:34 robot_arb INFO Z=3.38 (threshold=2.3) — no signal (dup_check=False)
06:55:35 robot_arb INFO Z=3.38 (threshold=2.3) — no signal (dup_check=False)
06:55:35 robot_arb INFO Z=3.30 (threshold=2.3) — no signal (dup_check=False)
06:55:36 robot_arb INFO Z=3.30 (threshold=2.3) — no signal (dup_check=False)
06:55:36 robot_arb INFO Z=3.22 (threshold=2.3) — no signal (dup_check=False)
06:55:37 robot_arb INFO Z=3.22 (threshold=2.3) — no signal (dup_check=False)
06:55:37 robot_arb INFO Z=3.14 (threshold=2.3) — no signal (dup_check=False)
06:55:38 robot_arb INFO Z=3.14 (threshold=2.3) — no signal (dup_check=False)
06:55:38 robot_arb INFO Z=2.32 (threshold=2.3) — no signal (dup_check=False)
06:55:39 robot_arb INFO Z=2.32 (threshold=2.3) — no signal (dup_check=False)
06:55:39 robot_arb INFO Z=2.28 (threshold=2.3) — no signal (dup_check=False)
06:55:40 robot_arb INFO Z=2.28 (threshold=2.3) — no signal (dup_check=False)
06:55:40 robot_arb INFO Z=2.25 (threshold=2.3) — no signal (dup_check=False)
06:59:27 robot_arb INFO Z=2.10 (threshold=2.3) — no signal (dup_check=False)
06:59:27 robot_arb INFO Z=2.10 (threshold=2.3) — no signal (dup_check=False)
06:59:54 robot_arb INFO Z=2.20 (threshold=2.3) — no signal (dup_check=False)
06:59:55 robot_arb INFO Z=2.20 (threshold=2.3) — no signal (dup_check=False)
06:59:55 robot_arb INFO Z=2.20 (threshold=2.3) — no signal (dup_check=False)
06:59:56 robot_arb INFO Z=2.20 (threshold=2.3) — no signal (dup_check=False)
06:59:56 robot_arb INFO Z=2.83 (threshold=2.3) — no signal (dup_check=False)
06:59:57 robot_arb INFO Z=2.80 (threshold=2.3) — no signal (dup_check=False)
06:59:57 robot_arb INFO Z=2.80 (threshold=2.3) — no signal (dup_check=False)
06:59:58 robot_arb INFO Z=2.78 (threshold=2.3) — no signal (dup_check=False)
06:59:58 robot_arb INFO Z=2.78 (threshold=2.3) — no signal (dup_check=False)
06:59:59 robot_arb INFO Z=2.71 (threshold=2.3) — no signal (dup_check=False)
06:59:59 robot_arb INFO Z=2.71 (threshold=2.3) — no signal (dup_check=False)
07:00:00 robot_arb INFO Z=2.65 (threshold=2.3) — no signal (dup_check=False)
07:00:00 robot_arb INFO Z=2.65 (threshold=2.3) — no signal (dup_check=False)
07:00:01 robot_arb INFO Z=2.59 (threshold=2.3) — no signal (dup_check=False)
07:00:38 robot_arb INFO Z=2.86 (threshold=2.3) — no signal (dup_check=False)
07:00:38 robot_arb INFO Z=2.86 (threshold=2.3) — no signal (dup_check=False)
07:00:39 robot_arb INFO Z=2.79 (threshold=2.3) — no signal (dup_check=False)
07:00:39 robot_arb INFO Z=2.79 (threshold=2.3) — no signal (dup_check=False)
07:01:03 robot_arb INFO Z=2.41 (threshold=2.3) — no signal (dup_check=False)
07:01:04 robot_arb INFO Z=2.37 (threshold=2.3) — no signal (dup_check=False)
07:01:04 robot_arb INFO Z=2.37 (threshold=2.3) — no signal (dup_check=False)
07:01:05 robot_arb INFO Z=2.34 (threshold=2.3) — no signal (dup_check=False)
07:01:05 robot_arb INFO Z=2.34 (threshold=2.3) — no signal (dup_check=False)
07:01:06 robot_arb INFO Z=2.30 (threshold=2.3) — no signal (dup_check=False)
07:01:06 robot_arb INFO Z=2.30 (threshold=2.3) — no signal (dup_check=False)
07:01:07 robot_arb INFO Z=2.26 (threshold=2.3) — no signal (dup_check=False)
07:01:07 robot_arb INFO Z=2.26 (threshold=2.3) — no signal (dup_check=False)
07:01:08 robot_arb INFO Z=2.22 (threshold=2.3) — no signal (dup_check=False)
07:01:08 robot_arb INFO Z=2.22 (threshold=2.3) — no signal (dup_check=False)
07:01:09 robot_arb INFO Z=2.19 (threshold=2.3) — no signal (dup_check=False)
07:01:09 robot_arb INFO Z=2.19 (threshold=2.3) — no signal (dup_check=False)
07:01:10 robot_arb INFO Z=2.15 (threshold=2.3) — no signal (dup_check=False)
07:01:10 robot_arb INFO Z=2.15 (threshold=2.3) — no signal (dup_check=False)
07:01:11 robot_arb INFO Z=2.11 (threshold=2.3) — no signal (dup_check=False)
07:01:11 robot_arb INFO Z=2.11 (threshold=2.3) — no signal (dup_check=False)
07:01:12 robot_arb INFO Z=2.50 (threshold=2.3) — no signal (dup_check=False)
07:01:12 robot_arb INFO Z=2.50 (threshold=2.3) — no signal (dup_check=False)
07:01:13 robot_arb INFO Z=2.45 (threshold=2.3) — no signal (dup_check=False)
07:01:13 robot_arb INFO Z=2.45 (threshold=2.3) — no signal (dup_check=False)
07:01:14 robot_arb INFO Z=2.40 (threshold=2.3) — no signal (dup_check=False)
07:01:14 robot_arb INFO Z=2.40 (threshold=2.3) — no signal (dup_check=False)
07:01:15 robot_arb INFO Z=2.35 (threshold=2.3) — no signal (dup_check=False)
07:01:15 robot_arb INFO Z=2.35 (threshold=2.3) — no signal (dup_check=False)
07:01:16 robot_arb INFO Z=2.31 (threshold=2.3) — no signal (dup_check=False)
07:01:16 robot_arb INFO Z=2.31 (threshold=2.3) — no signal (dup_check=False)
07:01:17 robot_arb INFO Z=2.66 (threshold=2.3) — no signal (dup_check=False)
07:01:17 robot_arb INFO Z=2.66 (threshold=2.3) — no signal (dup_check=False)
07:01:18 robot_arb INFO Z=2.60 (threshold=2.3) — no signal (dup_check=False)
07:01:18 robot_arb INFO Z=2.60 (threshold=2.3) — no signal (dup_check=False)
07:01:19 robot_arb INFO Z=2.55 (threshold=2.3) — no signal (dup_check=False)
07:01:19 robot_arb INFO Z=2.55 (threshold=2.3) — no signal (dup_check=False)
07:01:20 robot_arb INFO Z=2.49 (threshold=2.3) — no signal (dup_check=False)
07:01:20 robot_arb INFO Z=2.49 (threshold=2.3) — no signal (dup_check=False)
07:01:21 robot_arb INFO Z=2.44 (threshold=2.3) — no signal (dup_check=False)
07:01:21 robot_arb INFO Z=2.44 (threshold=2.3) — no signal (dup_check=False)
07:01:22 robot_arb INFO Z=2.40 (threshold=2.3) — no signal (dup_check=False)
07:01:22 robot_arb INFO Z=2.40 (threshold=2.3) — no signal (dup_check=False)
07:01:23 robot_arb INFO Z=2.35 (threshold=2.3) — no signal (dup_check=False)
07:01:23 robot_arb INFO Z=2.35 (threshold=2.3) — no signal (dup_check=False)
07:01:24 robot_arb INFO Z=2.31 (threshold=2.3) — no signal (dup_check=False)
07:01:24 robot_arb INFO Z=2.31 (threshold=2.3) — no signal (dup_check=False)
07:01:27 robot_arb INFO Z=2.55 (threshold=2.3) — no signal (dup_check=False)
07:01:27 robot_arb INFO Z=2.55 (threshold=2.3) — no signal (dup_check=False)
07:01:28 robot_arb INFO Z=2.49 (threshold=2.3) — no signal (dup_check=False)
07:01:28 robot_arb INFO Z=2.49 (threshold=2.3) — no signal (dup_check=False)
07:01:29 robot_arb INFO Z=2.44 (threshold=2.3) — no signal (dup_check=False)
07:01:29 robot_arb INFO Z=2.44 (threshold=2.3) — no signal (dup_check=False)
07:03:39 robot_arb INFO Z=2.50 (threshold=2.3) — no signal (dup_check=False)
07:03:39 robot_arb INFO Z=2.50 (threshold=2.3) — no signal (dup_check=False)
07:03:40 robot_arb INFO Z=2.45 (threshold=2.3) — no signal (dup_check=False)
07:03:40 robot_arb INFO Z=2.45 (threshold=2.3) — no signal (dup_check=False)
07:03:41 robot_arb INFO Z=2.40 (threshold=2.3) — no signal (dup_check=False)
07:03:41 robot_arb INFO Z=2.40 (threshold=2.3) — no signal (dup_check=False)
07:03:42 robot_arb INFO Z=2.36 (threshold=2.3) — no signal (dup_check=False)
07:03:42 robot_arb INFO Z=2.36 (threshold=2.3) — no signal (dup_check=False)
07:03:43 robot_arb INFO Z=2.31 (threshold=2.3) — no signal (dup_check=False)
07:03:43 robot_arb INFO Z=2.31 (threshold=2.3) — no signal (dup_check=False)
07:03:44 robot_arb INFO Z=2.27 (threshold=2.3) — no signal (dup_check=False)
07:03:44 robot_arb INFO Z=2.27 (threshold=2.3) — no signal (dup_check=False)
07:03:45 robot_arb INFO Z=2.23 (threshold=2.3) — no signal (dup_check=False)
07:03:45 robot_arb INFO Z=2.23 (threshold=2.3) — no signal (dup_check=False)
07:03:46 robot_arb INFO Z=2.20 (threshold=2.3) — no signal (dup_check=False)
07:03:46 robot_arb INFO Z=2.20 (threshold=2.3) — no signal (dup_check=False)
07:03:47 robot_arb INFO Z=2.16 (threshold=2.3) — no signal (dup_check=False)
07:03:47 robot_arb INFO Z=2.16 (threshold=2.3) — no signal (dup_check=False)
07:03:48 robot_arb INFO Z=2.13 (threshold=2.3) — no signal (dup_check=False)
07:03:48 robot_arb INFO Z=2.13 (threshold=2.3) — no signal (dup_check=False)
07:03:59 robot_arb INFO Z=2.48 (threshold=2.3) — no signal (dup_check=False)
07:04:00 robot_arb INFO Z=2.43 (threshold=2.3) — no signal (dup_check=False)
07:04:00 robot_arb INFO Z=2.43 (threshold=2.3) — no signal (dup_check=False)
07:04:01 robot_arb INFO Z=2.38 (threshold=2.3) — no signal (dup_check=False)
07:04:01 robot_arb INFO Z=2.38 (threshold=2.3) — no signal (dup_check=False)
07:04:02 robot_arb INFO Z=2.34 (threshold=2.3) — no signal (dup_check=False)
07:04:02 robot_arb INFO Z=2.34 (threshold=2.3) — no signal (dup_check=False)
07:04:03 robot_arb INFO Z=2.30 (threshold=2.3) — no signal (dup_check=False)
07:04:03 robot_arb INFO Z=2.30 (threshold=2.3) — no signal (dup_check=False)
07:04:04 robot_arb INFO Z=2.25 (threshold=2.3) — no signal (dup_check=False)
07:05:13 robot_arb INFO Z=2.16 (threshold=2.3) — no signal (dup_check=False)
07:05:13 robot_arb INFO Z=2.13 (threshold=2.3) — no signal (dup_check=False)
07:05:14 robot_arb INFO Z=2.13 (threshold=2.3) — no signal (dup_check=False)
07:05:15 robot_arb INFO Z=4.23 (threshold=2.3) — no signal (dup_check=False)
07:05:16 robot_arb INFO Z=4.23 (threshold=2.3) — no signal (dup_check=False)
07:05:16 robot_arb INFO Z=4.03 (threshold=2.3) — no signal (dup_check=False)
07:05:17 robot_arb INFO Z=4.03 (threshold=2.3) — no signal (dup_check=False)
07:05:17 robot_arb INFO Z=3.86 (threshold=2.3) — no signal (dup_check=False)
07:05:18 robot_arb INFO Z=3.67 (threshold=2.3) — no signal (dup_check=False)
07:05:18 robot_arb INFO Z=3.54 (threshold=2.3) — no signal (dup_check=False)
07:05:19 robot_arb INFO Z=3.54 (threshold=2.3) — no signal (dup_check=False)
07:05:19 robot_arb INFO Z=3.42 (threshold=2.3) — no signal (dup_check=False)
07:05:20 robot_arb INFO Z=3.42 (threshold=2.3) — no signal (dup_check=False)
07:15:46 robot_arb INFO Z=3.99 (threshold=2.3) — no signal (dup_check=False)
07:15:47 robot_arb INFO Z=3.82 (threshold=2.3) — no signal (dup_check=False)
07:15:47 robot_arb INFO Z=3.82 (threshold=2.3) — no signal (dup_check=False)
07:15:48 robot_arb INFO Z=3.67 (threshold=2.3) — no signal (dup_check=False)
07:15:48 robot_arb INFO Z=3.67 (threshold=2.3) — no signal (dup_check=False)
07:15:49 robot_arb INFO Z=3.95 (threshold=2.3) — no signal (dup_check=False)
07:15:49 robot_arb INFO Z=3.95 (threshold=2.3) — no signal (dup_check=False)
07:15:50 robot_arb INFO Z=3.78 (threshold=2.3) — no signal (dup_check=False)
07:15:50 robot_arb INFO Z=3.78 (threshold=2.3) — no signal (dup_check=False)
07:15:51 robot_arb INFO Z=3.64 (threshold=2.3) — no signal (dup_check=False)
07:15:51 robot_arb INFO Z=2.81 (threshold=2.3) — no signal (dup_check=False)
07:15:52 robot_arb INFO Z=2.75 (threshold=2.3) — no signal (dup_check=False)
07:15:52 robot_arb INFO Z=2.75 (threshold=2.3) — no signal (dup_check=False)
07:15:53 robot_arb INFO Z=2.68 (threshold=2.3) — no signal (dup_check=False)
07:15:53 robot_arb INFO Z=2.68 (threshold=2.3) — no signal (dup_check=False)
07:15:54 robot_arb INFO Z=2.62 (threshold=2.3) — no signal (dup_check=False)
07:15:54 robot_arb INFO Z=3.21 (threshold=2.3) — no signal (dup_check=False)
07:15:55 robot_arb INFO Z=3.11 (threshold=2.3) — no signal (dup_check=False)
07:15:55 robot_arb INFO Z=3.11 (threshold=2.3) — no signal (dup_check=False)
07:15:56 robot_arb INFO Z=3.03 (threshold=2.3) — no signal (dup_check=False)
07:16:01 robot_arb INFO Z=2.23 (threshold=2.3) — no signal (dup_check=False)
07:16:02 robot_arb INFO Z=2.19 (threshold=2.3) — no signal (dup_check=False)
07:16:02 robot_arb INFO Z=2.19 (threshold=2.3) — no signal (dup_check=False)
07:16:03 robot_arb INFO Z=2.15 (threshold=2.3) — no signal (dup_check=False)
07:16:03 robot_arb INFO Z=2.15 (threshold=2.3) — no signal (dup_check=False)
07:16:04 robot_arb INFO Z=2.11 (threshold=2.3) — no signal (dup_check=False)
07:16:37 robot_arb INFO Z=2.17 (threshold=2.3) — no signal (dup_check=False)
07:16:38 robot_arb INFO Z=2.14 (threshold=2.3) — no signal (dup_check=False)
07:16:38 robot_arb INFO Z=2.14 (threshold=2.3) — no signal (dup_check=False)
07:16:39 robot_arb INFO Z=2.10 (threshold=2.3) — no signal (dup_check=False)
07:16:39 robot_arb INFO Z=2.10 (threshold=2.3) — no signal (dup_check=False)
07:16:50 robot_arb INFO Z=2.99 (threshold=2.3) — no signal (dup_check=False)
07:16:51 robot_arb INFO Z=2.91 (threshold=2.3) — no signal (dup_check=False)
07:16:51 robot_arb INFO Z=2.91 (threshold=2.3) — no signal (dup_check=False)
07:16:52 robot_arb INFO Z=2.84 (threshold=2.3) — no signal (dup_check=False)
07:16:52 robot_arb INFO Z=2.84 (threshold=2.3) — no signal (dup_check=False)
07:20:02 robot_arb INFO Z=3.22 (threshold=2.3) — no signal (dup_check=False)
07:20:33 robot_arb INFO Z=2.29 (threshold=2.3) — no signal (dup_check=False)
07:20:34 robot_arb INFO Z=2.51 (threshold=2.3) — no signal (dup_check=False)
07:20:34 robot_arb INFO Z=2.47 (threshold=2.3) — no signal (dup_check=False)
07:20:35 robot_arb INFO Z=2.47 (threshold=2.3) — no signal (dup_check=False)
07:20:35 robot_arb INFO Z=2.42 (threshold=2.3) — no signal (dup_check=False)
07:20:36 robot_arb INFO Z=2.42 (threshold=2.3) — no signal (dup_check=False)
07:20:36 robot_arb INFO Z=2.38 (threshold=2.3) — no signal (dup_check=False)
07:20:37 robot_arb INFO Z=2.38 (threshold=2.3) — no signal (dup_check=False)
07:20:37 robot_arb INFO Z=2.34 (threshold=2.3) — no signal (dup_check=False)
07:20:38 robot_arb INFO Z=2.34 (threshold=2.3) — no signal (dup_check=False)
07:20:38 robot_arb INFO Z=2.29 (threshold=2.3) — no signal (dup_check=False)
07:20:39 robot_arb INFO Z=2.50 (threshold=2.3) — no signal (dup_check=False)
07:20:39 robot_arb INFO Z=2.46 (threshold=2.3) — no signal (dup_check=False)
07:20:40 robot_arb INFO Z=2.46 (threshold=2.3) — no signal (dup_check=False)
07:20:40 robot_arb INFO Z=2.42 (threshold=2.3) — no signal (dup_check=False)
07:20:41 robot_arb INFO Z=2.42 (threshold=2.3) — no signal (dup_check=False)
07:20:41 robot_arb INFO Z=2.38 (threshold=2.3) — no signal (dup_check=False)
07:20:42 robot_arb INFO Z=2.38 (threshold=2.3) — no signal (dup_check=False)
07:20:42 robot_arb INFO Z=2.34 (threshold=2.3) — no signal (dup_check=False)
07:20:43 robot_arb INFO Z=2.34 (threshold=2.3) — no signal (dup_check=False)
07:20:43 robot_arb INFO Z=2.29 (threshold=2.3) — no signal (dup_check=False)
07:20:44 robot_arb INFO Z=3.67 (threshold=2.3) — no signal (dup_check=False)
07:21:04 robot_arb INFO Z=2.50 (threshold=2.3) — no signal (dup_check=False)
07:21:09 robot_arb INFO Z=2.39 (threshold=2.3) — no signal (dup_check=False)
07:21:10 robot_arb INFO Z=2.39 (threshold=2.3) — no signal (dup_check=False)
07:21:10 robot_arb INFO Z=2.35 (threshold=2.3) — no signal (dup_check=False)
07:21:11 robot_arb INFO Z=2.35 (threshold=2.3) — no signal (dup_check=False)
07:21:11 robot_arb INFO Z=2.30 (threshold=2.3) — no signal (dup_check=False)
07:21:12 robot_arb INFO Z=2.30 (threshold=2.3) — no signal (dup_check=False)
07:21:12 robot_arb INFO Z=2.27 (threshold=2.3) — no signal (dup_check=False)
07:21:13 robot_arb INFO Z=2.27 (threshold=2.3) — no signal (dup_check=False)
07:21:13 robot_arb INFO Z=2.23 (threshold=2.3) — no signal (dup_check=False)
07:21:14 robot_arb INFO Z=2.23 (threshold=2.3) — no signal (dup_check=False)
07:21:14 robot_arb INFO Z=2.20 (threshold=2.3) — no signal (dup_check=False)
07:21:15 robot_arb INFO Z=2.20 (threshold=2.3) — no signal (dup_check=False)
07:21:15 robot_arb INFO Z=2.17 (threshold=2.3) — no signal (dup_check=False)
07:21:16 robot_arb INFO Z=2.17 (threshold=2.3) — no signal (dup_check=False)
07:21:16 robot_arb INFO Z=2.14 (threshold=2.3) — no signal (dup_check=False)
07:21:17 robot_arb INFO Z=2.14 (threshold=2.3) — no signal (dup_check=False)
07:21:17 robot_arb INFO Z=2.11 (threshold=2.3) — no signal (dup_check=False)
07:21:18 robot_arb INFO Z=2.11 (threshold=2.3) — no signal (dup_check=False)
07:25:30 robot_arb INFO Z=2.35 (threshold=2.3) — no signal (dup_check=False)
07:25:31 robot_arb INFO Z=2.31 (threshold=2.3) — no signal (dup_check=False)
07:25:31 robot_arb INFO Z=2.31 (threshold=2.3) — no signal (dup_check=False)
07:25:32 robot_arb INFO Z=2.27 (threshold=2.3) — no signal (dup_check=False)
07:25:32 robot_arb INFO Z=2.27 (threshold=2.3) — no signal (dup_check=False)
07:25:33 robot_arb INFO Z=2.23 (threshold=2.3) — no signal (dup_check=False)
07:25:33 robot_arb INFO Z=2.23 (threshold=2.3) — no signal (dup_check=False)
07:25:34 robot_arb INFO Z=2.20 (threshold=2.3) — no signal (dup_check=False)
07:25:34 robot_arb INFO Z=2.20 (threshold=2.3) — no signal (dup_check=False)
07:25:35 robot_arb INFO Z=2.16 (threshold=2.3) — no signal (dup_check=False)
07:25:40 robot_arb INFO Z=2.51 (threshold=2.3) — no signal (dup_check=False)
07:28:03 robot_arb INFO Z=3.70 (threshold=2.3) — no signal (dup_check=False)
07:28:03 robot_arb INFO Z=3.70 (threshold=2.3) — no signal (dup_check=False)
07:28:04 robot_arb INFO Z=3.56 (threshold=2.3) — no signal (dup_check=False)
07:28:04 robot_arb INFO Z=3.56 (threshold=2.3) — no signal (dup_check=False)
07:28:05 robot_arb INFO Z=3.44 (threshold=2.3) — no signal (dup_check=False)
07:31:13 robot_arb INFO Z=2.10 (threshold=2.3) — no signal (dup_check=False)
07:31:14 robot_arb INFO Z=2.10 (threshold=2.3) — no signal (dup_check=False)
07:34:44 robot_arb INFO Z=4.54 (threshold=2.3) — no signal (dup_check=False)
07:34:45 robot_arb INFO Z=4.54 (threshold=2.3) — no signal (dup_check=False)
07:34:45 robot_arb INFO Z=4.31 (threshold=2.3) — no signal (dup_check=False)
07:34:46 robot_arb INFO Z=4.31 (threshold=2.3) — no signal (dup_check=False)
07:34:46 robot_arb INFO Z=4.10 (threshold=2.3) — no signal (dup_check=False)
07:34:47 robot_arb INFO Z=4.10 (threshold=2.3) — no signal (dup_check=False)
07:34:47 robot_arb INFO Z=3.92 (threshold=2.3) — no signal (dup_check=False)
07:34:48 robot_arb INFO Z=3.92 (threshold=2.3) — no signal (dup_check=False)
07:34:48 robot_arb INFO Z=3.76 (threshold=2.3) — no signal (dup_check=False)
07:34:49 robot_arb INFO Z=3.76 (threshold=2.3) — no signal (dup_check=False)
07:40:30 robot_arb INFO Z=3.58 (threshold=2.3) — no signal (dup_check=False)
07:44:20 robot_arb INFO Z=2.31 (threshold=2.3) — no signal (dup_check=False)
07:44:30 robot_arb INFO Z=3.07 (threshold=2.3) — no signal (dup_check=False)
07:45:02 robot_arb INFO Z=4.16 (threshold=2.3) — no signal (dup_check=False)
07:45:03 robot_arb INFO Z=4.16 (threshold=2.3) — no signal (dup_check=False)
07:45:03 robot_arb INFO Z=3.99 (threshold=2.3) — no signal (dup_check=False)
07:45:04 robot_arb INFO Z=3.99 (threshold=2.3) — no signal (dup_check=False)
07:45:04 robot_arb INFO Z=3.84 (threshold=2.3) — no signal (dup_check=False)
07:45:54 robot_arb INFO Z=2.30 (threshold=2.3) — no signal (dup_check=False)
07:45:55 robot_arb INFO Z=2.30 (threshold=2.3) — no signal (dup_check=False)
07:45:55 robot_arb INFO Z=2.26 (threshold=2.3) — no signal (dup_check=False)
07:45:56 robot_arb INFO Z=2.26 (threshold=2.3) — no signal (dup_check=False)
07:49:32 robot_arb INFO Z=3.46 (threshold=2.3) — no signal (dup_check=False)
07:49:32 robot_arb INFO Z=3.35 (threshold=2.3) — no signal (dup_check=False)
07:49:33 robot_arb INFO Z=3.35 (threshold=2.3) — no signal (dup_check=False)
07:49:33 robot_arb INFO Z=3.24 (threshold=2.3) — no signal (dup_check=False)
07:49:34 robot_arb INFO Z=3.24 (threshold=2.3) — no signal (dup_check=False)
07:49:34 robot_arb INFO Z=3.15 (threshold=2.3) — no signal (dup_check=False)
07:49:35 robot_arb INFO Z=3.15 (threshold=2.3) — no signal (dup_check=False)
07:49:35 robot_arb INFO Z=3.06 (threshold=2.3) — no signal (dup_check=False)
07:49:36 robot_arb INFO Z=3.06 (threshold=2.3) — no signal (dup_check=False)
07:49:36 robot_arb INFO Z=3.00 (threshold=2.3) — no signal (dup_check=False)
07:50:00 robot_arb INFO Z=2.86 (threshold=2.3) — no signal (dup_check=False)
07:50:00 robot_arb INFO Z=2.79 (threshold=2.3) — no signal (dup_check=False)
07:50:01 robot_arb INFO Z=2.79 (threshold=2.3) — no signal (dup_check=False)
07:50:01 robot_arb INFO Z=2.72 (threshold=2.3) — no signal (dup_check=False)
07:50:02 robot_arb INFO Z=2.72 (threshold=2.3) — no signal (dup_check=False)
07:50:41 robot_arb INFO Z=3.74 (threshold=2.3) — no signal (dup_check=False)
07:50:42 robot_arb INFO Z=3.60 (threshold=2.3) — no signal (dup_check=False)
07:50:42 robot_arb INFO Z=3.60 (threshold=2.3) — no signal (dup_check=False)
07:50:43 robot_arb INFO Z=3.47 (threshold=2.3) — no signal (dup_check=False)
07:51:08 robot_arb INFO Z=2.78 (threshold=2.3) — no signal (dup_check=False)
07:51:38 robot_arb INFO Z=3.60 (threshold=2.3) — no signal (dup_check=False)
07:53:06 robot_arb INFO Z=3.41 (threshold=2.3) — no signal (dup_check=False)
07:53:11 robot_arb INFO Z=3.55 (threshold=2.3) — no signal (dup_check=False)
07:57:22 robot_arb INFO Z=2.51 (threshold=2.3) — no signal (dup_check=False)
07:57:23 robot_arb INFO Z=2.51 (threshold=2.3) — no signal (dup_check=False)
07:57:23 robot_arb INFO Z=2.47 (threshold=2.3) — no signal (dup_check=False)
07:57:24 robot_arb INFO Z=2.47 (threshold=2.3) — no signal (dup_check=False)
07:57:24 robot_arb INFO Z=2.43 (threshold=2.3) — no signal (dup_check=False)
07:57:25 robot_arb INFO Z=2.43 (threshold=2.3) — no signal (dup_check=False)
07:57:30 robot_arb INFO Z=2.54 (threshold=2.3) — no signal (dup_check=False)
07:57:31 robot_arb INFO Z=2.54 (threshold=2.3) — no signal (dup_check=False)
07:57:31 robot_arb INFO Z=2.50 (threshold=2.3) — no signal (dup_check=False)
07:57:32 robot_arb INFO Z=2.50 (threshold=2.3) — no signal (dup_check=False)
07:57:53 robot_arb INFO Z=2.99 (threshold=2.3) — no signal (dup_check=False)
07:57:53 robot_arb INFO Z=2.91 (threshold=2.3) — no signal (dup_check=False)
07:57:54 robot_arb INFO Z=2.91 (threshold=2.3) — no signal (dup_check=False)
07:57:54 robot_arb INFO Z=2.84 (threshold=2.3) — no signal (dup_check=False)
07:57:55 robot_arb INFO Z=2.84 (threshold=2.3) — no signal (dup_check=False)
07:57:55 robot_arb INFO Z=2.78 (threshold=2.3) — no signal (dup_check=False)
07:58:52 robot_arb INFO Z=3.77 (threshold=2.3) — no signal (dup_check=False)
07:59:39 robot_arb INFO Z=3.53 (threshold=2.3) — no signal (dup_check=False)
08:01:18 strategy_arb INFO LAYER #138 CLOSE SHORT | PnL=-236.90₽ (gross=-215.34₽ comm=21.56₽) | reason=manual_stop | hold=186min | layers=30
08:01:18 strategy_arb INFO LAYER #139 CLOSE SHORT | PnL=-236.90₽ (gross=-215.34₽ comm=21.56₽) | reason=manual_stop | hold=186min | layers=29
08:01:18 strategy_arb INFO LAYER #140 CLOSE SHORT | PnL=-236.90₽ (gross=-215.34₽ comm=21.56₽) | reason=manual_stop | hold=186min | layers=28
08:01:18 strategy_arb INFO LAYER #141 CLOSE SHORT | PnL=-235.90₽ (gross=-214.34₽ comm=21.56₽) | reason=manual_stop | hold=186min | layers=27
08:01:18 strategy_arb INFO LAYER #142 CLOSE SHORT | PnL=-235.90₽ (gross=-214.34₽ comm=21.56₽) | reason=manual_stop | hold=186min | layers=26
08:01:18 strategy_arb INFO LAYER #143 CLOSE SHORT | PnL=-235.90₽ (gross=-214.34₽ comm=21.56₽) | reason=manual_stop | hold=186min | layers=25
08:01:18 strategy_arb INFO LAYER #144 CLOSE SHORT | PnL=-235.90₽ (gross=-214.34₽ comm=21.56₽) | reason=manual_stop | hold=186min | layers=24
08:01:18 strategy_arb INFO LAYER #145 CLOSE SHORT | PnL=-235.90₽ (gross=-214.34₽ comm=21.56₽) | reason=manual_stop | hold=185min | layers=23
08:01:18 strategy_arb INFO LAYER #146 CLOSE SHORT | PnL=-234.90₽ (gross=-213.34₽ comm=21.56₽) | reason=manual_stop | hold=185min | layers=22
08:01:18 strategy_arb INFO LAYER #147 CLOSE SHORT | PnL=-234.90₽ (gross=-213.34₽ comm=21.56₽) | reason=manual_stop | hold=185min | layers=21
08:01:18 strategy_arb INFO LAYER #148 CLOSE SHORT | PnL=-234.90₽ (gross=-213.34₽ comm=21.56₽) | reason=manual_stop | hold=185min | layers=20
08:01:18 strategy_arb INFO LAYER #149 CLOSE SHORT | PnL=-234.90₽ (gross=-213.34₽ comm=21.56₽) | reason=manual_stop | hold=185min | layers=19
08:01:18 strategy_arb INFO LAYER #150 CLOSE SHORT | PnL=-234.90₽ (gross=-213.34₽ comm=21.56₽) | reason=manual_stop | hold=185min | layers=18
08:01:18 strategy_arb INFO LAYER #151 CLOSE SHORT | PnL=-258.91₽ (gross=-237.34₽ comm=21.57₽) | reason=manual_stop | hold=176min | layers=17
08:01:18 strategy_arb INFO LAYER #152 CLOSE SHORT | PnL=-258.91₽ (gross=-237.34₽ comm=21.57₽) | reason=manual_stop | hold=176min | layers=16
08:01:18 strategy_arb INFO LAYER #153 CLOSE SHORT | PnL=-258.91₽ (gross=-237.34₽ comm=21.57₽) | reason=manual_stop | hold=176min | layers=15
08:01:18 strategy_arb INFO LAYER #154 CLOSE SHORT | PnL=-255.91₽ (gross=-234.34₽ comm=21.57₽) | reason=manual_stop | hold=176min | layers=14
08:01:18 strategy_arb INFO LAYER #155 CLOSE SHORT | PnL=-255.91₽ (gross=-234.34₽ comm=21.57₽) | reason=manual_stop | hold=176min | layers=13
08:01:18 strategy_arb INFO LAYER #156 CLOSE SHORT | PnL=-244.91₽ (gross=-223.34₽ comm=21.57₽) | reason=manual_stop | hold=176min | layers=12
08:01:18 strategy_arb INFO LAYER #157 CLOSE SHORT | PnL=-244.91₽ (gross=-223.34₽ comm=21.57₽) | reason=manual_stop | hold=176min | layers=11
08:01:18 strategy_arb INFO LAYER #158 CLOSE SHORT | PnL=-244.91₽ (gross=-223.34₽ comm=21.57₽) | reason=manual_stop | hold=176min | layers=10
08:01:18 strategy_arb INFO LAYER #159 CLOSE SHORT | PnL=-244.91₽ (gross=-223.34₽ comm=21.57₽) | reason=manual_stop | hold=176min | layers=9
08:01:18 strategy_arb INFO LAYER #160 CLOSE SHORT | PnL=-244.91₽ (gross=-223.34₽ comm=21.57₽) | reason=manual_stop | hold=176min | layers=8
08:01:18 strategy_arb INFO LAYER #161 CLOSE SHORT | PnL=-244.91₽ (gross=-223.34₽ comm=21.57₽) | reason=manual_stop | hold=176min | layers=7
08:01:18 strategy_arb INFO LAYER #162 CLOSE SHORT | PnL=-244.91₽ (gross=-223.34₽ comm=21.57₽) | reason=manual_stop | hold=175min | layers=6
08:01:18 strategy_arb INFO LAYER #163 CLOSE SHORT | PnL=-231.90₽ (gross=-210.34₽ comm=21.56₽) | reason=manual_stop | hold=169min | layers=5
08:01:18 strategy_arb INFO LAYER #164 CLOSE SHORT | PnL=-231.90₽ (gross=-210.34₽ comm=21.56₽) | reason=manual_stop | hold=169min | layers=4
08:01:18 strategy_arb INFO LAYER #165 CLOSE SHORT | PnL=-231.90₽ (gross=-210.34₽ comm=21.56₽) | reason=manual_stop | hold=169min | layers=3
08:01:18 strategy_arb INFO LAYER #166 CLOSE SHORT | PnL=-228.90₽ (gross=-207.34₽ comm=21.56₽) | reason=manual_stop | hold=168min | layers=2
08:01:18 strategy_arb INFO LAYER #167 CLOSE SHORT | PnL=-228.90₽ (gross=-207.34₽ comm=21.56₽) | reason=manual_stop | hold=168min | layers=1
08:01:18 strategy_arb INFO LAYER #168 CLOSE SHORT | PnL=-230.90₽ (gross=-209.34₽ comm=21.56₽) | reason=manual_stop | hold=167min | layers=0
08:01:18 robot_arb INFO Mode → STOPPED
08:01:26 robot_arb INFO Statistics reset: realizedPnl=0, trades=0
09:12:36 robot_arb INFO Signal 15 — shutting down...
