11:46:28 robot_arb INFO === Arbitrage Robot v1 ===
11:46:28 robot_arb INFO Pair: GAZP / GZU6
11:46:28 robot_arb INFO Account: 2049688 | Port: 5090 | Paper: False
11:46:28 robot_arb INFO Params: entry_z=2.5 lookback=200 lots_a=10 lots_b=1 hedge_ratio=10
11:46:28 robot_arb INFO Min profit: rub=5.5
11:46:28 robot_arb INFO Risk: stop_loss_rub=500000
11:46:28 robot_arb INFO State loaded: pnl=-42 trades=4 mode=stopped
11:46:28 FinamPy CRITICAL Ошибка при сохранении токена: Source contains parsing errors: '/root/.local/share/python_keyring/keyring_pass.cfg'
	[line  9]: 'WFZCZUhSdFpFRlZZakZvV1dZeVpXZEhlRGt5WTNaWE5UUjNWblZ5T1hG\n'
11:46:28 robot_arb INFO FinamPy connected. Accounts: ['1225950', '1225951', '1225952', '2049688', '1225953']
11:46:28 robot_arb INFO Orders manager linked to FinamPy gRPC
11:46:28 robot_arb INFO Subscribed OrderBook: GAZP@RTSX, GZU6@RTSX
11:46:28 robot_arb INFO Subscribed Quotes: GAZP@RTSX, GZU6@RTSX
11:46:28 robot_arb INFO Warmup: waiting 10 sec for data streams...
11:46:38 robot_arb INFO Warmup done. OB_A: False OB_B: False
11:46:38 robot_arb INFO MOEX ISS poller started (fallback for stock prices)
11:46:38 robot_arb INFO Main loop started
11:46:39 robot_arb INFO API listening on :5090
11:46:39 robot_arb INFO Endpoints: GET /status /health /params | POST /start /stop /pause /params
11:46:44 robot_arb WARNING POST /account received: {'account': '2049688'}
11:46:44 robot_arb WARNING Account change to 2049688 BLOCKED — must be 1225953 for FORTS
11:46:44 robot_arb INFO Param updated: ticker_a = GAZP (was GAZP)
11:46:44 robot_arb INFO Param updated: symbol_a = GAZP@RTSX (was GAZP@RTSX)
11:46:44 robot_arb INFO Param updated: ticker_b = GZM6 (was GZU6)
11:46:44 robot_arb INFO Param updated: symbol_b = GZM6@RTSX (was GZU6@RTSX)
11:46:44 robot_arb INFO Param updated: lots_a = 10 (was 10)
11:46:44 robot_arb INFO Param updated: lots_b = 1 (was 1)
11:46:44 robot_arb INFO Param updated: hedge_ratio = 10 (was 10)
11:46:44 robot_arb INFO Param updated: capital = 1000000 (was 20000)
11:46:44 robot_arb INFO Param updated: entry_z = 1.5 (was 2.5)
11:46:44 robot_arb INFO Param updated: entry_z_long = 1.5 (was -7)
11:46:44 robot_arb INFO Param updated: entry_mode = zscore (was zscore)
11:46:44 robot_arb INFO Param updated: spread_rub_high = 400 (was 312)
11:46:44 robot_arb INFO Param updated: spread_rub_low = 200 (was 270)
11:46:44 robot_arb INFO Param updated: risk_free_rate = 0.16 (was 0.1425)
11:46:44 robot_arb INFO Param updated: expiration_date = 2026-09-18 (was 2026-09-18)
11:46:44 robot_arb INFO Param updated: contract_size = 100 (was 100)
11:46:44 robot_arb INFO Param updated: lookback = 50 (was 200)
11:46:44 robot_arb INFO Param updated: leg_a_timeout = 5 (was 5)
11:46:44 robot_arb INFO Param updated: min_fill_ratio = 0.5 (was 0.5)
11:46:44 robot_arb INFO Param updated: min_profit_type = rub (was rub)
11:46:44 robot_arb INFO Param updated: min_profit_value = 30 (was 5.5)
11:46:44 robot_arb INFO Param updated: risk_type = stop_loss_rub (was stop_loss_rub)
11:46:44 robot_arb INFO Param updated: risk_value = 5000 (was 500000)
11:46:44 robot_arb INFO Param updated: allow_long_basis = False (was True)
11:46:44 robot_arb INFO Param updated: use_commission = True (was True)
11:46:44 robot_arb INFO Param updated: commission_stock_pct = 0.04 (was 0.035)
11:46:44 robot_arb INFO Param updated: commission_futures_rt = 0.9 (was 0.9)
11:46:59 robot_arb INFO Statistics reset: realizedPnl=0, trades=0
11:47:03 robot_arb WARNING POST /account received: {'account': '2049688'}
11:47:03 robot_arb WARNING Account change to 2049688 BLOCKED — must be 1225953 for FORTS
11:47:03 robot_arb INFO Param updated: ticker_a = GAZP (was GAZP)
11:47:03 robot_arb INFO Param updated: symbol_a = GAZP@RTSX (was GAZP@RTSX)
11:47:03 robot_arb INFO Param updated: ticker_b = GZM6 (was GZM6)
11:47:03 robot_arb INFO Param updated: symbol_b = GZM6@RTSX (was GZM6@RTSX)
11:47:03 robot_arb INFO Param updated: lots_a = 10 (was 10)
11:47:03 robot_arb INFO Param updated: lots_b = 1 (was 1)
11:47:03 robot_arb INFO Param updated: hedge_ratio = 10 (was 10)
11:47:03 robot_arb INFO Param updated: capital = 1000000 (was 1000000)
11:47:03 robot_arb INFO Param updated: entry_z = 1.5 (was 1.5)
11:47:03 robot_arb INFO Param updated: entry_z_long = 1.5 (was 1.5)
11:47:03 robot_arb INFO Param updated: entry_mode = zscore (was zscore)
11:47:03 robot_arb INFO Param updated: spread_rub_high = 400 (was 400)
11:47:03 robot_arb INFO Param updated: spread_rub_low = 200 (was 200)
11:47:03 robot_arb INFO Param updated: risk_free_rate = 0.16 (was 0.16)
11:47:03 robot_arb INFO Param updated: expiration_date = 2026-09-18 (was 2026-09-18)
11:47:03 robot_arb INFO Param updated: contract_size = 100 (was 100)
11:47:03 robot_arb INFO Param updated: lookback = 50 (was 50)
11:47:03 robot_arb INFO Param updated: leg_a_timeout = 5 (was 5)
11:47:03 robot_arb INFO Param updated: min_fill_ratio = 0.5 (was 0.5)
11:47:03 robot_arb INFO Param updated: min_profit_type = rub (was rub)
11:47:03 robot_arb INFO Param updated: min_profit_value = 30 (was 30)
11:47:03 robot_arb INFO Param updated: risk_type = stop_loss_rub (was stop_loss_rub)
11:47:03 robot_arb INFO Param updated: risk_value = 5000 (was 5000)
11:47:03 robot_arb INFO Param updated: allow_long_basis = False (was False)
11:47:03 robot_arb INFO Param updated: use_commission = True (was True)
11:47:03 robot_arb INFO Param updated: commission_stock_pct = 0.04 (was 0.04)
11:47:03 robot_arb INFO Param updated: commission_futures_rt = 0.9 (was 0.9)
11:52:08 robot_arb WARNING POST /account received: {'account': '1225953'}
11:52:08 robot_arb INFO Account changed → 1225953
11:52:08 robot_arb INFO Param updated: ticker_a = GAZP (was GAZP)
11:52:08 robot_arb INFO Param updated: symbol_a = GAZP@RTSX (was GAZP@RTSX)
11:52:08 robot_arb INFO Param updated: ticker_b = GZM6 (was GZM6)
11:52:08 robot_arb INFO Param updated: symbol_b = GZM6@RTSX (was GZM6@RTSX)
11:52:08 robot_arb INFO Param updated: lots_a = 10 (was 10)
11:52:08 robot_arb INFO Param updated: lots_b = 1 (was 1)
11:52:08 robot_arb INFO Param updated: hedge_ratio = 10 (was 10)
11:52:08 robot_arb INFO Param updated: capital = 1000000 (was 1000000)
11:52:08 robot_arb INFO Param updated: entry_z = 1.5 (was 1.5)
11:52:08 robot_arb INFO Param updated: entry_z_long = 1.5 (was 1.5)
11:52:08 robot_arb INFO Param updated: entry_mode = zscore (was zscore)
11:52:08 robot_arb INFO Param updated: spread_rub_high = 400 (was 400)
11:52:08 robot_arb INFO Param updated: spread_rub_low = 200 (was 200)
11:52:08 robot_arb INFO Param updated: risk_free_rate = 0.16 (was 0.16)
11:52:08 robot_arb INFO Param updated: expiration_date = 2026-09-18 (was 2026-09-18)
11:52:08 robot_arb INFO Param updated: contract_size = 100 (was 100)
11:52:08 robot_arb INFO Param updated: lookback = 50 (was 50)
11:52:08 robot_arb INFO Param updated: leg_a_timeout = 5 (was 5)
11:52:08 robot_arb INFO Param updated: min_fill_ratio = 0.5 (was 0.5)
11:52:08 robot_arb INFO Param updated: min_profit_type = rub (was rub)
11:52:08 robot_arb INFO Param updated: min_profit_value = 30 (was 30)
11:52:08 robot_arb INFO Param updated: risk_type = stop_loss_rub (was stop_loss_rub)
11:52:08 robot_arb INFO Param updated: risk_value = 5000 (was 5000)
11:52:08 robot_arb INFO Param updated: allow_long_basis = False (was False)
11:52:08 robot_arb INFO Param updated: use_commission = True (was True)
11:52:08 robot_arb INFO Param updated: commission_stock_pct = 0.04 (was 0.04)
11:52:08 robot_arb INFO Param updated: commission_futures_rt = 0.9 (was 0.9)
11:53:40 robot_arb WARNING POST /account received: {'account': '1225953'}
11:53:40 robot_arb INFO Account changed → 1225953
11:53:40 robot_arb INFO Param updated: ticker_a = GAZP (was GAZP)
11:53:40 robot_arb INFO Param updated: symbol_a = GAZP@RTSX (was GAZP@RTSX)
11:53:40 robot_arb INFO Param updated: ticker_b = GZM6 (was GZM6)
11:53:40 robot_arb INFO Param updated: symbol_b = GZM6@RTSX (was GZM6@RTSX)
11:53:40 robot_arb INFO Param updated: lots_a = 10 (was 10)
11:53:40 robot_arb INFO Param updated: lots_b = 1 (was 1)
11:53:40 robot_arb INFO Param updated: hedge_ratio = 10 (was 10)
11:53:40 robot_arb INFO Param updated: capital = 1000000 (was 1000000)
11:53:40 robot_arb INFO Param updated: entry_z = 1.5 (was 1.5)
11:53:40 robot_arb INFO Param updated: entry_z_long = 1.5 (was 1.5)
11:53:40 robot_arb INFO Param updated: entry_mode = zscore (was zscore)
11:53:40 robot_arb INFO Param updated: spread_rub_high = 400 (was 400)
11:53:40 robot_arb INFO Param updated: spread_rub_low = 200 (was 200)
11:53:40 robot_arb INFO Param updated: risk_free_rate = 0.16 (was 0.16)
11:53:40 robot_arb INFO Param updated: expiration_date = 2026-09-18 (was 2026-09-18)
11:53:40 robot_arb INFO Param updated: contract_size = 100 (was 100)
11:53:40 robot_arb INFO Param updated: lookback = 50 (was 50)
11:53:40 robot_arb INFO Param updated: leg_a_timeout = 5 (was 5)
11:53:40 robot_arb INFO Param updated: min_fill_ratio = 0.5 (was 0.5)
11:53:40 robot_arb INFO Param updated: min_profit_type = rub (was rub)
11:53:40 robot_arb INFO Param updated: min_profit_value = 30 (was 30)
11:53:40 robot_arb INFO Param updated: risk_type = stop_loss_rub (was stop_loss_rub)
11:53:40 robot_arb INFO Param updated: risk_value = 5000 (was 5000)
11:53:40 robot_arb INFO Param updated: allow_long_basis = False (was False)
11:53:40 robot_arb INFO Param updated: use_commission = True (was True)
11:53:40 robot_arb INFO Param updated: commission_stock_pct = 0.04 (was 0.04)
11:53:40 robot_arb INFO Param updated: commission_futures_rt = 0.9 (was 0.9)
11:53:58 robot_arb INFO Signal 15 — shutting down...
11:54:14 robot_arb INFO === Arbitrage Robot v1 ===
11:54:14 robot_arb INFO Pair: GAZP / GZM6
11:54:14 robot_arb INFO Account: 2049688 | Port: 5090 | Paper: False
11:54:14 robot_arb INFO Params: entry_z=1.5 lookback=50 lots_a=10 lots_b=1 hedge_ratio=10
11:54:14 robot_arb INFO Min profit: rub=30
11:54:14 robot_arb INFO Risk: stop_loss_rub=5000
11:54:14 robot_arb INFO State loaded: pnl=0 trades=0 mode=stopped
11:54:14 FinamPy CRITICAL Ошибка при сохранении токена: Source contains parsing errors: '/root/.local/share/python_keyring/keyring_pass.cfg'
	[line  9]: 'WFZCZUhSdFpFRlZZakZvV1dZeVpXZEhlRGt5WTNaWE5UUjNWblZ5T1hG\n'
11:54:14 robot_arb INFO FinamPy connected. Accounts: ['1225950', '1225951', '1225952', '2049688', '1225953']
11:54:14 robot_arb INFO Orders manager linked to FinamPy gRPC
11:54:14 robot_arb INFO Subscribed OrderBook: GAZP@RTSX, GZM6@RTSX
11:54:14 robot_arb INFO Subscribed Quotes: GAZP@RTSX, GZM6@RTSX
11:54:14 robot_arb INFO Warmup: waiting 10 sec for data streams...
11:54:15 robot_arb INFO Signal 15 — shutting down...
11:54:15 robot_arb INFO === Arbitrage Robot v1 ===
11:54:15 robot_arb INFO Pair: GAZP / GZM6
11:54:15 robot_arb INFO Account: 2049688 | Port: 5090 | Paper: False
11:54:15 robot_arb INFO Params: entry_z=1.5 lookback=50 lots_a=10 lots_b=1 hedge_ratio=10
11:54:15 robot_arb INFO Min profit: rub=30
11:54:15 robot_arb INFO Risk: stop_loss_rub=5000
11:54:15 robot_arb INFO State loaded: pnl=0 trades=0 mode=stopped
11:54:15 FinamPy CRITICAL Ошибка при сохранении токена: Source contains parsing errors: '/root/.local/share/python_keyring/keyring_pass.cfg'
	[line  9]: 'WFZCZUhSdFpFRlZZakZvV1dZeVpXZEhlRGt5WTNaWE5UUjNWblZ5T1hG\n'
11:54:16 robot_arb INFO FinamPy connected. Accounts: ['1225950', '1225951', '1225952', '2049688', '1225953']
11:54:16 robot_arb INFO Orders manager linked to FinamPy gRPC
11:54:16 robot_arb INFO Subscribed OrderBook: GAZP@RTSX, GZM6@RTSX
11:54:16 robot_arb INFO Subscribed Quotes: GAZP@RTSX, GZM6@RTSX
11:54:16 robot_arb INFO Warmup: waiting 10 sec for data streams...
11:54:26 robot_arb INFO Warmup done. OB_A: False OB_B: False
11:54:26 robot_arb INFO MOEX ISS poller started (fallback for stock prices)
11:54:26 robot_arb INFO Main loop started
11:54:26 robot_arb INFO API listening on :5090
11:54:26 robot_arb INFO Endpoints: GET /status /health /params | POST /start /stop /pause /params
11:55:16 robot_arb INFO Signal 15 — shutting down...
11:55:17 robot_arb INFO === Arbitrage Robot v1 ===
11:55:17 robot_arb INFO Pair: GAZP / GZM6
11:55:17 robot_arb INFO Account: 2049688 | Port: 5090 | Paper: False
11:55:17 robot_arb INFO Params: entry_z=1.5 lookback=50 lots_a=10 lots_b=1 hedge_ratio=10
11:55:17 robot_arb INFO Min profit: rub=30
11:55:17 robot_arb INFO Risk: stop_loss_rub=5000
11:55:17 robot_arb INFO State loaded: pnl=0 trades=0 mode=stopped
11:55:17 FinamPy CRITICAL Ошибка при сохранении токена: Source contains parsing errors: '/root/.local/share/python_keyring/keyring_pass.cfg'
	[line  9]: 'WFZCZUhSdFpFRlZZakZvV1dZeVpXZEhlRGt5WTNaWE5UUjNWblZ5T1hG\n'
11:55:17 robot_arb INFO FinamPy connected. Accounts: ['1225950', '1225951', '1225952', '2049688', '1225953']
11:55:17 robot_arb INFO Orders manager linked to FinamPy gRPC
11:55:17 robot_arb INFO Subscribed OrderBook: GAZP@RTSX, GZM6@RTSX
11:55:17 robot_arb INFO Subscribed Quotes: GAZP@RTSX, GZM6@RTSX
11:55:17 robot_arb INFO Warmup: waiting 10 sec for data streams...
11:55:27 robot_arb INFO Warmup done. OB_A: False OB_B: False
11:55:27 robot_arb INFO MOEX ISS poller started (fallback for stock prices)
11:55:27 robot_arb INFO Main loop started
11:55:27 robot_arb INFO API listening on :5090
11:55:27 robot_arb INFO Endpoints: GET /status /health /params | POST /start /stop /pause /params
11:55:57 robot_arb INFO Signal 15 — shutting down...
11:55:57 robot_arb INFO === Arbitrage Robot v1 ===
11:55:57 robot_arb INFO Pair: GAZP / GZM6
11:55:57 robot_arb INFO Account: 2049688 | Port: 5090 | Paper: False
11:55:57 robot_arb INFO Params: entry_z=1.5 lookback=50 lots_a=10 lots_b=1 hedge_ratio=10
11:55:57 robot_arb INFO Min profit: rub=30
11:55:57 robot_arb INFO Risk: stop_loss_rub=5000
11:55:57 robot_arb INFO State loaded: pnl=0 trades=0 mode=stopped
11:55:57 FinamPy CRITICAL Ошибка при сохранении токена: Source contains parsing errors: '/root/.local/share/python_keyring/keyring_pass.cfg'
	[line  9]: 'WFZCZUhSdFpFRlZZakZvV1dZeVpXZEhlRGt5WTNaWE5UUjNWblZ5T1hG\n'
11:55:58 robot_arb INFO FinamPy connected. Accounts: ['1225950', '1225951', '1225952', '2049688', '1225953']
11:55:58 robot_arb INFO Orders manager linked to FinamPy gRPC
11:55:58 robot_arb INFO Subscribed OrderBook: GAZP@RTSX, GZM6@RTSX
11:55:58 robot_arb INFO Subscribed Quotes: GAZP@RTSX, GZM6@RTSX
11:55:58 robot_arb INFO Warmup: waiting 10 sec for data streams...
11:56:08 robot_arb INFO Warmup done. OB_A: False OB_B: False
11:56:08 robot_arb INFO MOEX ISS poller started (fallback for stock prices)
11:56:08 robot_arb INFO Main loop started
11:56:08 robot_arb INFO API listening on :5090
11:56:08 robot_arb INFO Endpoints: GET /status /health /params | POST /start /stop /pause /params
11:56:24 robot_arb WARNING POST /account received: {'account': '2049688'}
11:56:24 robot_arb WARNING Account change to 2049688 BLOCKED — must be 1225953 for FORTS
11:56:24 robot_arb INFO Param updated: ticker_a = GAZP (was GAZP)
11:56:24 robot_arb INFO Param updated: symbol_a = GAZP@RTSX (was GAZP@RTSX)
11:56:24 robot_arb INFO Param updated: ticker_b = GZM6 (was GZM6)
11:56:24 robot_arb INFO Param updated: symbol_b = GZM6@RTSX (was GZM6@RTSX)
11:56:24 robot_arb INFO Param updated: lots_a = 10 (was 10)
11:56:24 robot_arb INFO Param updated: lots_b = 1 (was 1)
11:56:24 robot_arb INFO Param updated: hedge_ratio = 10 (was 10)
11:56:24 robot_arb INFO Param updated: capital = 1000000 (was 1000000)
11:56:24 robot_arb INFO Param updated: entry_z = 1.5 (was 1.5)
11:56:24 robot_arb INFO Param updated: entry_z_long = 1.5 (was 1.5)
11:56:24 robot_arb INFO Param updated: entry_mode = zscore (was zscore)
11:56:24 robot_arb INFO Param updated: spread_rub_high = 400 (was 400)
11:56:24 robot_arb INFO Param updated: spread_rub_low = 200 (was 200)
11:56:24 robot_arb INFO Param updated: risk_free_rate = 0.16 (was 0.16)
11:56:24 robot_arb INFO Param updated: expiration_date = 2026-09-18 (was 2026-09-18)
11:56:24 robot_arb INFO Param updated: contract_size = 100 (was 100)
11:56:24 robot_arb INFO Param updated: lookback = 50 (was 50)
11:56:24 robot_arb INFO Param updated: leg_a_timeout = 5 (was 5)
11:56:24 robot_arb INFO Param updated: min_fill_ratio = 0.5 (was 0.5)
11:56:24 robot_arb INFO Param updated: min_profit_type = rub (was rub)
11:56:24 robot_arb INFO Param updated: min_profit_value = 30 (was 30)
11:56:24 robot_arb INFO Param updated: risk_type = stop_loss_rub (was stop_loss_rub)
11:56:24 robot_arb INFO Param updated: risk_value = 5000 (was 5000)
11:56:24 robot_arb INFO Param updated: allow_long_basis = False (was False)
11:56:24 robot_arb INFO Param updated: use_commission = True (was True)
11:56:24 robot_arb INFO Param updated: commission_stock_pct = 0.04 (was 0.04)
11:56:24 robot_arb INFO Param updated: commission_futures_rt = 0.9 (was 0.9)
11:58:47 robot_arb WARNING POST /account received: {'account': '2049688'}
11:58:47 robot_arb WARNING Account change to 2049688 BLOCKED — must be 1225953 for FORTS
11:58:47 robot_arb INFO Param updated: ticker_a = GAZP (was GAZP)
11:58:47 robot_arb INFO Param updated: symbol_a = GAZP@RTSX (was GAZP@RTSX)
11:58:47 robot_arb INFO Param updated: ticker_b = GZM6 (was GZM6)
11:58:47 robot_arb INFO Param updated: symbol_b = GZM6@RTSX (was GZM6@RTSX)
11:58:47 robot_arb INFO Param updated: lots_a = 10 (was 10)
11:58:47 robot_arb INFO Param updated: lots_b = 1 (was 1)
11:58:47 robot_arb INFO Param updated: hedge_ratio = 10 (was 10)
11:58:47 robot_arb INFO Param updated: capital = 1000000 (was 1000000)
11:58:47 robot_arb INFO Param updated: entry_z = 2.7 (was 1.5)
11:58:47 robot_arb INFO Param updated: entry_z_long = -6 (was 1.5)
11:58:47 robot_arb INFO Param updated: entry_mode = zscore (was zscore)
11:58:47 robot_arb INFO Param updated: spread_rub_high = 400 (was 400)
11:58:47 robot_arb INFO Param updated: spread_rub_low = 200 (was 200)
11:58:47 robot_arb INFO Param updated: risk_free_rate = 0.16 (was 0.16)
11:58:47 robot_arb INFO Param updated: expiration_date = 2026-09-18 (was 2026-09-18)
11:58:47 robot_arb INFO Param updated: contract_size = 100 (was 100)
11:58:47 robot_arb INFO Param updated: lookback = 200 (was 50)
11:58:47 robot_arb INFO Param updated: leg_a_timeout = 5 (was 5)
11:58:47 robot_arb INFO Param updated: min_fill_ratio = 0.5 (was 0.5)
11:58:47 robot_arb INFO Param updated: min_profit_type = rub (was rub)
11:58:47 robot_arb INFO Param updated: min_profit_value = 30 (was 30)
11:58:47 robot_arb INFO Param updated: risk_type = stop_loss_rub (was stop_loss_rub)
11:58:47 robot_arb INFO Param updated: risk_value = 5000 (was 5000)
11:58:47 robot_arb INFO Param updated: allow_long_basis = False (was False)
11:58:47 robot_arb INFO Param updated: use_commission = True (was True)
11:58:47 robot_arb INFO Param updated: commission_stock_pct = 0.035 (was 0.04)
11:58:47 robot_arb INFO Param updated: commission_futures_rt = 0.9 (was 0.9)
11:59:04 robot_arb WARNING POST /account received: {'account': '2049688'}
11:59:04 robot_arb WARNING Account change to 2049688 BLOCKED — must be 1225953 for FORTS
11:59:04 robot_arb INFO Param updated: ticker_a = GAZP (was GAZP)
11:59:04 robot_arb INFO Param updated: symbol_a = GAZP@RTSX (was GAZP@RTSX)
11:59:04 robot_arb INFO Param updated: ticker_b = GZM6 (was GZM6)
11:59:04 robot_arb INFO Param updated: symbol_b = GZM6@RTSX (was GZM6@RTSX)
11:59:04 robot_arb INFO Param updated: lots_a = 10 (was 10)
11:59:04 robot_arb INFO Param updated: lots_b = 1 (was 1)
11:59:04 robot_arb INFO Param updated: hedge_ratio = 10 (was 10)
11:59:04 robot_arb INFO Param updated: capital = 20000 (was 1000000)
11:59:04 robot_arb INFO Param updated: entry_z = 2.7 (was 2.7)
11:59:04 robot_arb INFO Param updated: entry_z_long = -6 (was -6)
11:59:04 robot_arb INFO Param updated: entry_mode = zscore (was zscore)
11:59:04 robot_arb INFO Param updated: spread_rub_high = 400 (was 400)
11:59:04 robot_arb INFO Param updated: spread_rub_low = 200 (was 200)
11:59:04 robot_arb INFO Param updated: risk_free_rate = 0.16 (was 0.16)
11:59:04 robot_arb INFO Param updated: expiration_date = 2026-09-18 (was 2026-09-18)
11:59:04 robot_arb INFO Param updated: contract_size = 100 (was 100)
11:59:04 robot_arb INFO Param updated: lookback = 200 (was 200)
11:59:04 robot_arb INFO Param updated: leg_a_timeout = 5 (was 5)
11:59:04 robot_arb INFO Param updated: min_fill_ratio = 0.5 (was 0.5)
11:59:04 robot_arb INFO Param updated: min_profit_type = rub (was rub)
11:59:04 robot_arb INFO Param updated: min_profit_value = 30 (was 30)
11:59:04 robot_arb INFO Param updated: risk_type = stop_loss_rub (was stop_loss_rub)
11:59:04 robot_arb INFO Param updated: risk_value = 5000 (was 5000)
11:59:04 robot_arb INFO Param updated: allow_long_basis = False (was False)
11:59:04 robot_arb INFO Param updated: use_commission = True (was True)
11:59:04 robot_arb INFO Param updated: commission_stock_pct = 0.035 (was 0.035)
11:59:04 robot_arb INFO Param updated: commission_futures_rt = 0.9 (was 0.9)
11:59:13 robot_arb WARNING POST /account received: {'account': '2049688'}
11:59:13 robot_arb WARNING Account change to 2049688 BLOCKED — must be 1225953 for FORTS
11:59:13 robot_arb INFO Param updated: ticker_a = GAZP (was GAZP)
11:59:13 robot_arb INFO Param updated: symbol_a = GAZP@RTSX (was GAZP@RTSX)
11:59:13 robot_arb INFO Param updated: ticker_b = GZM6 (was GZM6)
11:59:13 robot_arb INFO Param updated: symbol_b = GZM6@RTSX (was GZM6@RTSX)
11:59:13 robot_arb INFO Param updated: lots_a = 10 (was 10)
11:59:13 robot_arb INFO Param updated: lots_b = 1 (was 1)
11:59:13 robot_arb INFO Param updated: hedge_ratio = 10 (was 10)
11:59:13 robot_arb INFO Param updated: capital = 20000 (was 20000)
11:59:13 robot_arb INFO Param updated: entry_z = 2.7 (was 2.7)
11:59:13 robot_arb INFO Param updated: entry_z_long = -6 (was -6)
11:59:13 robot_arb INFO Param updated: entry_mode = zscore (was zscore)
11:59:13 robot_arb INFO Param updated: spread_rub_high = 400 (was 400)
11:59:13 robot_arb INFO Param updated: spread_rub_low = 200 (was 200)
11:59:13 robot_arb INFO Param updated: risk_free_rate = 0.1425 (was 0.16)
11:59:13 robot_arb INFO Param updated: expiration_date = 2026-09-18 (was 2026-09-18)
11:59:13 robot_arb INFO Param updated: contract_size = 100 (was 100)
11:59:13 robot_arb INFO Param updated: lookback = 200 (was 200)
11:59:13 robot_arb INFO Param updated: leg_a_timeout = 5 (was 5)
11:59:13 robot_arb INFO Param updated: min_fill_ratio = 0.5 (was 0.5)
11:59:13 robot_arb INFO Param updated: min_profit_type = rub (was rub)
11:59:13 robot_arb INFO Param updated: min_profit_value = 30 (was 30)
11:59:13 robot_arb INFO Param updated: risk_type = stop_loss_rub (was stop_loss_rub)
11:59:13 robot_arb INFO Param updated: risk_value = 5000 (was 5000)
11:59:13 robot_arb INFO Param updated: allow_long_basis = False (was False)
11:59:13 robot_arb INFO Param updated: use_commission = True (was True)
11:59:13 robot_arb INFO Param updated: commission_stock_pct = 0.035 (was 0.035)
11:59:13 robot_arb INFO Param updated: commission_futures_rt = 0.9 (was 0.9)
11:59:23 robot_arb WARNING POST /account received: {'account': '2049688'}
11:59:23 robot_arb WARNING Account change to 2049688 BLOCKED — must be 1225953 for FORTS
11:59:23 robot_arb INFO Param updated: ticker_a = GAZP (was GAZP)
11:59:23 robot_arb INFO Param updated: symbol_a = GAZP@RTSX (was GAZP@RTSX)
11:59:23 robot_arb INFO Param updated: ticker_b = GZM6 (was GZM6)
11:59:23 robot_arb INFO Param updated: symbol_b = GZM6@RTSX (was GZM6@RTSX)
11:59:23 robot_arb INFO Param updated: lots_a = 10 (was 10)
11:59:23 robot_arb INFO Param updated: lots_b = 1 (was 1)
11:59:23 robot_arb INFO Param updated: hedge_ratio = 10 (was 10)
11:59:23 robot_arb INFO Param updated: capital = 20000 (was 20000)
11:59:23 robot_arb INFO Param updated: entry_z = 2.7 (was 2.7)
11:59:23 robot_arb INFO Param updated: entry_z_long = -6 (was -6)
11:59:23 robot_arb INFO Param updated: entry_mode = zscore (was zscore)
11:59:23 robot_arb INFO Param updated: spread_rub_high = 400 (was 400)
11:59:23 robot_arb INFO Param updated: spread_rub_low = 200 (was 200)
11:59:23 robot_arb INFO Param updated: risk_free_rate = 0.1425 (was 0.1425)
11:59:23 robot_arb INFO Param updated: expiration_date = 2026-09-18 (was 2026-09-18)
11:59:23 robot_arb INFO Param updated: contract_size = 100 (was 100)
11:59:23 robot_arb INFO Param updated: lookback = 200 (was 200)
11:59:23 robot_arb INFO Param updated: leg_a_timeout = 5 (was 5)
11:59:23 robot_arb INFO Param updated: min_fill_ratio = 0.5 (was 0.5)
11:59:23 robot_arb INFO Param updated: min_profit_type = rub (was rub)
11:59:23 robot_arb INFO Param updated: min_profit_value = 30 (was 30)
11:59:23 robot_arb INFO Param updated: risk_type = stop_loss_rub (was stop_loss_rub)
11:59:23 robot_arb INFO Param updated: risk_value = 50000 (was 5000)
11:59:23 robot_arb INFO Param updated: allow_long_basis = False (was False)
11:59:23 robot_arb INFO Param updated: use_commission = True (was True)
11:59:23 robot_arb INFO Param updated: commission_stock_pct = 0.035 (was 0.035)
11:59:23 robot_arb INFO Param updated: commission_futures_rt = 0.9 (was 0.9)
11:59:33 robot_arb WARNING POST /account received: {'account': '2049688'}
11:59:33 robot_arb WARNING Account change to 2049688 BLOCKED — must be 1225953 for FORTS
11:59:33 robot_arb INFO Param updated: ticker_a = GAZP (was GAZP)
11:59:33 robot_arb INFO Param updated: symbol_a = GAZP@RTSX (was GAZP@RTSX)
11:59:33 robot_arb INFO Param updated: ticker_b = GZM6 (was GZM6)
11:59:33 robot_arb INFO Param updated: symbol_b = GZM6@RTSX (was GZM6@RTSX)
11:59:33 robot_arb INFO Param updated: lots_a = 10 (was 10)
11:59:33 robot_arb INFO Param updated: lots_b = 1 (was 1)
11:59:33 robot_arb INFO Param updated: hedge_ratio = 10 (was 10)
11:59:33 robot_arb INFO Param updated: capital = 20000 (was 20000)
11:59:33 robot_arb INFO Param updated: entry_z = 2.7 (was 2.7)
11:59:33 robot_arb INFO Param updated: entry_z_long = -6 (was -6)
11:59:33 robot_arb INFO Param updated: entry_mode = zscore (was zscore)
11:59:33 robot_arb INFO Param updated: spread_rub_high = 400 (was 400)
11:59:33 robot_arb INFO Param updated: spread_rub_low = 200 (was 200)
11:59:33 robot_arb INFO Param updated: risk_free_rate = 0.1425 (was 0.1425)
11:59:33 robot_arb INFO Param updated: expiration_date = 2026-09-18 (was 2026-09-18)
11:59:33 robot_arb INFO Param updated: contract_size = 100 (was 100)
11:59:33 robot_arb INFO Param updated: lookback = 200 (was 200)
11:59:33 robot_arb INFO Param updated: leg_a_timeout = 5 (was 5)
11:59:33 robot_arb INFO Param updated: min_fill_ratio = 0.5 (was 0.5)
11:59:33 robot_arb INFO Param updated: min_profit_type = rub (was rub)
11:59:33 robot_arb INFO Param updated: min_profit_value = 30 (was 30)
11:59:33 robot_arb INFO Param updated: risk_type = stop_loss_rub (was stop_loss_rub)
11:59:33 robot_arb INFO Param updated: risk_value = 50000 (was 50000)
11:59:33 robot_arb INFO Param updated: allow_long_basis = False (was False)
11:59:33 robot_arb INFO Param updated: use_commission = True (was True)
11:59:33 robot_arb INFO Param updated: commission_stock_pct = 0.035 (was 0.035)
11:59:33 robot_arb INFO Param updated: commission_futures_rt = 0.9 (was 0.9)
12:01:45 robot_arb INFO Signal 15 — shutting down...
12:01:45 robot_arb INFO === Arbitrage Robot v1 ===
12:01:45 robot_arb INFO Pair: GAZP / GZM6
12:01:45 robot_arb INFO Account: 2049688 | Port: 5090 | Paper: False
12:01:45 robot_arb INFO Params: entry_z=2.7 lookback=200 lots_a=10 lots_b=1 hedge_ratio=10
12:01:45 robot_arb INFO Min profit: rub=30
12:01:45 robot_arb INFO Risk: stop_loss_rub=50000
12:01:45 robot_arb INFO State loaded: pnl=0 trades=0 mode=stopped
12:01:45 FinamPy CRITICAL Ошибка при сохранении токена: Source contains parsing errors: '/root/.local/share/python_keyring/keyring_pass.cfg'
	[line  9]: 'WFZCZUhSdFpFRlZZakZvV1dZeVpXZEhlRGt5WTNaWE5UUjNWblZ5T1hG\n'
12:01:46 robot_arb INFO FinamPy connected. Accounts: ['1225950', '1225951', '1225952', '2049688', '1225953']
12:01:46 robot_arb INFO Orders manager linked to FinamPy gRPC
12:01:46 robot_arb INFO Subscribed OrderBook: GAZP@RTSX, GZM6@RTSX
12:01:46 robot_arb INFO Subscribed Quotes: GAZP@RTSX, GZM6@RTSX
12:01:46 robot_arb INFO Warmup: waiting 10 sec for data streams...
12:01:56 robot_arb INFO Warmup done. OB_A: False OB_B: False
12:01:56 robot_arb INFO MOEX ISS poller started (fallback for stock prices)
12:01:56 robot_arb INFO Main loop started
12:01:56 robot_arb INFO API listening on :5090
12:01:56 robot_arb INFO Endpoints: GET /status /health /params | POST /start /stop /pause /params
12:07:40 robot_arb WARNING POST /account received: {'account': '2049688'}
12:07:40 robot_arb INFO Account changed → 2049688
12:07:41 robot_arb INFO Param updated: ticker_a = GAZP (was GAZP)
12:07:41 robot_arb INFO Param updated: symbol_a = GAZP@RTSX (was GAZP@RTSX)
12:07:41 robot_arb INFO Param updated: ticker_b = GZU6 (was GZM6)
12:07:41 robot_arb INFO Param updated: symbol_b = GZU6@RTSX (was GZM6@RTSX)
12:07:41 robot_arb INFO Param updated: lots_a = 10 (was 10)
12:07:41 robot_arb INFO Param updated: lots_b = 1 (was 1)
12:07:41 robot_arb INFO Param updated: hedge_ratio = 10 (was 10)
12:07:41 robot_arb INFO Param updated: capital = 20000 (was 20000)
12:07:41 robot_arb INFO Param updated: entry_z = 2.7 (was 2.7)
12:07:41 robot_arb INFO Param updated: entry_z_long = -6 (was -6)
12:07:41 robot_arb INFO Param updated: entry_mode = zscore (was zscore)
12:07:41 robot_arb INFO Param updated: spread_rub_high = 400 (was 400)
12:07:41 robot_arb INFO Param updated: spread_rub_low = 200 (was 200)
12:07:41 robot_arb INFO Param updated: risk_free_rate = 0.1425 (was 0.1425)
12:07:41 robot_arb INFO Param updated: expiration_date = 2026-09-18 (was 2026-09-18)
12:07:41 robot_arb INFO Param updated: contract_size = 100 (was 100)
12:07:41 robot_arb INFO Param updated: lookback = 200 (was 200)
12:07:41 robot_arb INFO Param updated: leg_a_timeout = 5 (was 5)
12:07:41 robot_arb INFO Param updated: min_fill_ratio = 0.5 (was 0.5)
12:07:41 robot_arb INFO Param updated: min_profit_type = rub (was rub)
12:07:41 robot_arb INFO Param updated: min_profit_value = 30 (was 30)
12:07:41 robot_arb INFO Param updated: risk_type = stop_loss_rub (was stop_loss_rub)
12:07:41 robot_arb INFO Param updated: risk_value = 50000 (was 50000)
12:07:41 robot_arb INFO Param updated: allow_long_basis = False (was False)
12:07:41 robot_arb INFO Param updated: use_commission = True (was True)
12:07:41 robot_arb INFO Param updated: commission_stock_pct = 0.035 (was 0.035)
12:07:41 robot_arb INFO Param updated: commission_futures_rt = 0.9 (was 0.9)
12:11:42 robot_arb INFO Mode → RUNNING
12:12:10 robot_arb WARNING POST /account received: {'account': '2049688'}
12:12:10 robot_arb INFO Account changed → 2049688
12:12:11 robot_arb INFO Param updated: ticker_a = GAZP (was GAZP)
12:12:11 robot_arb INFO Param updated: symbol_a = GAZP@RTSX (was GAZP@RTSX)
12:12:11 robot_arb INFO Param updated: ticker_b = GZU6 (was GZU6)
12:12:11 robot_arb INFO Param updated: symbol_b = GZU6@RTSX (was GZU6@RTSX)
12:12:11 robot_arb INFO Param updated: lots_a = 10 (was 10)
12:12:11 robot_arb INFO Param updated: lots_b = 1 (was 1)
12:12:11 robot_arb INFO Param updated: hedge_ratio = 10 (was 10)
12:12:11 robot_arb INFO Param updated: capital = 20000 (was 20000)
12:12:11 robot_arb INFO Param updated: entry_z = 2.7 (was 2.7)
12:12:11 robot_arb INFO Param updated: entry_z_long = -6 (was -6)
12:12:11 robot_arb INFO Param updated: entry_mode = zscore (was zscore)
12:12:11 robot_arb INFO Param updated: spread_rub_high = 400 (was 400)
12:12:11 robot_arb INFO Param updated: spread_rub_low = 200 (was 200)
12:12:11 robot_arb INFO Param updated: risk_free_rate = 0.1425 (was 0.1425)
12:12:11 robot_arb INFO Param updated: expiration_date = 2026-09-18 (was 2026-09-18)
12:12:11 robot_arb INFO Param updated: contract_size = 100 (was 100)
12:12:11 robot_arb INFO Param updated: lookback = 200 (was 200)
12:12:11 robot_arb INFO Param updated: leg_a_timeout = 5 (was 5)
12:12:11 robot_arb INFO Param updated: min_fill_ratio = 0.5 (was 0.5)
12:12:11 robot_arb INFO Param updated: min_profit_type = rub (was rub)
12:12:11 robot_arb INFO Param updated: min_profit_value = 30 (was 30)
12:12:11 robot_arb INFO Param updated: risk_type = stop_loss_rub (was stop_loss_rub)
12:12:11 robot_arb INFO Param updated: risk_value = 50000 (was 50000)
12:12:11 robot_arb INFO Param updated: allow_long_basis = False (was False)
12:12:11 robot_arb INFO Param updated: use_commission = True (was True)
12:12:11 robot_arb INFO Param updated: commission_stock_pct = 0.035 (was 0.035)
12:12:11 robot_arb INFO Param updated: commission_futures_rt = 0.9 (was 0.9)
12:13:49 robot_arb INFO ⚠️ CHECK_ENTRY returned signal: {'action': 'entry', 'side': 'short_basis', 'z': 3.412892980915781, 'basis': 8772.5, 'price_a': 94.55, 'price_b': 9718.0}
12:13:49 robot_arb INFO ENTRY SIGNAL short_basis | Z=3.41 basis=8772.50 | A=94.55 B=9718.00 | limit buy 10 @ 94.57 | market sell 1 @ 9713.14
12:13:49 orders_arb INFO gRPC sending: limit buy 10 GAZP@MISX acc=2049688 @ 94.57
12:13:49 orders_arb INFO gRPC limit placed: buy 10 GAZP@MISX acc=2049688 @ 94.57 id=81496427083
12:13:49 orders_arb INFO Leg A filled 10@94.57 → executing leg B market 1
12:13:49 orders_arb INFO gRPC sending: market sell 1 GZU6@RTSX acc=2049688 @ MKT
12:13:49 orders_arb INFO gRPC market placed: sell 1 GZU6@RTSX acc=2049688 @ MKT id=1896048093466165126
12:13:49 orders_arb INFO Leg B fill price: 9713.14
12:13:49 strategy_arb INFO LAYER #1 OPEN SHORT | A=94.57 ×10 | B=9713.14 ×1 | basis=8767.44 Z=3.41 | layers=1
12:13:49 robot_arb INFO LAYER OPEN SHORT_BASIS #1 | A=94.57 ×10 | B=9713.14 ×1 | basis=8767.50 Z=3.41 | layers=1 used_capital=11,388
12:16:49 robot_arb WARNING POST /account received: {'account': '2049688'}
12:16:49 robot_arb INFO Account changed → 2049688
12:16:49 robot_arb INFO Param updated: ticker_a = GAZP (was GAZP)
12:16:49 robot_arb INFO Param updated: symbol_a = GAZP@RTSX (was GAZP@RTSX)
12:16:49 robot_arb INFO Param updated: ticker_b = GZU6 (was GZU6)
12:16:49 robot_arb INFO Param updated: symbol_b = GZU6@RTSX (was GZU6@RTSX)
12:16:49 robot_arb INFO Param updated: lots_a = 10 (was 10)
12:16:49 robot_arb INFO Param updated: lots_b = 1 (was 1)
12:16:49 robot_arb INFO Param updated: hedge_ratio = 10 (was 10)
12:16:49 robot_arb INFO Param updated: capital = 20000 (was 20000)
12:16:49 robot_arb INFO Param updated: entry_z = 2.7 (was 2.7)
12:16:49 robot_arb INFO Param updated: entry_z_long = -6 (was -6)
12:16:49 robot_arb INFO Param updated: entry_mode = zscore (was zscore)
12:16:49 robot_arb INFO Param updated: spread_rub_high = 400 (was 400)
12:16:49 robot_arb INFO Param updated: spread_rub_low = 200 (was 200)
12:16:49 robot_arb INFO Param updated: risk_free_rate = 0.1425 (was 0.1425)
12:16:49 robot_arb INFO Param updated: expiration_date = 2026-09-18 (was 2026-09-18)
12:16:49 robot_arb INFO Param updated: contract_size = 100 (was 100)
12:16:49 robot_arb INFO Param updated: lookback = 200 (was 200)
12:16:49 robot_arb INFO Param updated: leg_a_timeout = 5 (was 5)
12:16:49 robot_arb INFO Param updated: min_fill_ratio = 0.5 (was 0.5)
12:16:49 robot_arb INFO Param updated: min_profit_type = rub (was rub)
12:16:49 robot_arb INFO Param updated: min_profit_value = 30 (was 30)
12:16:49 robot_arb INFO Param updated: risk_type = stop_loss_rub (was stop_loss_rub)
12:16:49 robot_arb INFO Param updated: risk_value = 50000 (was 50000)
12:16:49 robot_arb INFO Param updated: allow_long_basis = False (was False)
12:16:49 robot_arb INFO Param updated: use_commission = True (was True)
12:16:49 robot_arb INFO Param updated: commission_stock_pct = 0.035 (was 0.035)
12:16:49 robot_arb INFO Param updated: commission_futures_rt = 0.9 (was 0.9)
12:17:09 robot_arb INFO Z=2.78 (threshold=2.7) — no signal (dup_check=False)
12:17:09 robot_arb INFO Z=2.78 (threshold=2.7) — no signal (dup_check=False)
12:17:10 robot_arb INFO Z=2.84 (threshold=2.7) — no signal (dup_check=False)
12:17:10 robot_arb INFO Z=2.84 (threshold=2.7) — no signal (dup_check=False)
12:17:11 robot_arb INFO Z=2.78 (threshold=2.7) — no signal (dup_check=False)
12:17:11 robot_arb INFO Z=2.78 (threshold=2.7) — no signal (dup_check=False)
12:17:12 robot_arb INFO Z=2.73 (threshold=2.7) — no signal (dup_check=False)
12:17:12 robot_arb INFO Z=2.73 (threshold=2.7) — no signal (dup_check=False)
12:17:13 robot_arb INFO Z=2.68 (threshold=2.7) — no signal (dup_check=False)
12:17:24 robot_arb INFO Z=2.63 (threshold=2.7) — no signal (dup_check=False)
12:17:24 robot_arb INFO Z=2.63 (threshold=2.7) — no signal (dup_check=False)
12:17:25 robot_arb INFO Z=2.57 (threshold=2.7) — no signal (dup_check=False)
12:17:25 robot_arb INFO Z=2.57 (threshold=2.7) — no signal (dup_check=False)
12:17:26 robot_arb INFO Z=2.52 (threshold=2.7) — no signal (dup_check=False)
12:17:26 robot_arb INFO Z=2.52 (threshold=2.7) — no signal (dup_check=False)
12:20:28 robot_arb INFO Z=5.17 (threshold=2.7) — no signal (dup_check=False)
12:21:19 robot_arb INFO Z=3.91 (threshold=2.7) — no signal (dup_check=False)
12:22:14 robot_arb WARNING Account 2049688: <_InactiveRpcError of RPC that terminated with:
	status = StatusCode.UNAUTHENTICATED
	details = "Invalid access key"
	debug_error_string = "UNKNOWN:Error received from peer  {grpc_status:16, grpc_message:"Invalid access key"}"
>
12:22:31 robot_arb WARNING POST /account received: {'account': '2049688'}
12:22:31 robot_arb INFO Account changed → 2049688
12:22:32 robot_arb INFO Param updated: ticker_a = GAZP (was GAZP)
12:22:32 robot_arb INFO Param updated: symbol_a = GAZP@RTSX (was GAZP@RTSX)
12:22:32 robot_arb INFO Param updated: ticker_b = GZU6 (was GZU6)
12:22:32 robot_arb INFO Param updated: symbol_b = GZU6@RTSX (was GZU6@RTSX)
12:22:32 robot_arb INFO Param updated: lots_a = 10 (was 10)
12:22:32 robot_arb INFO Param updated: lots_b = 1 (was 1)
12:22:32 robot_arb INFO Param updated: hedge_ratio = 10 (was 10)
12:22:32 robot_arb INFO Param updated: capital = 20000 (was 20000)
12:22:32 robot_arb INFO Param updated: entry_z = 2.7 (was 2.7)
12:22:32 robot_arb INFO Param updated: entry_z_long = -6 (was -6)
12:22:32 robot_arb INFO Param updated: entry_mode = zscore (was zscore)
12:22:32 robot_arb INFO Param updated: spread_rub_high = 400 (was 400)
12:22:32 robot_arb INFO Param updated: spread_rub_low = 200 (was 200)
12:22:32 robot_arb INFO Param updated: risk_free_rate = 0.1425 (was 0.1425)
12:22:32 robot_arb INFO Param updated: expiration_date = 2026-09-18 (was 2026-09-18)
12:22:32 robot_arb INFO Param updated: contract_size = 100 (was 100)
12:22:32 robot_arb INFO Param updated: lookback = 200 (was 200)
12:22:32 robot_arb INFO Param updated: leg_a_timeout = 5 (was 5)
12:22:32 robot_arb INFO Param updated: min_fill_ratio = 0.5 (was 0.5)
12:22:32 robot_arb INFO Param updated: min_profit_type = rub (was rub)
12:22:32 robot_arb INFO Param updated: min_profit_value = 30 (was 30)
12:22:32 robot_arb INFO Param updated: risk_type = stop_loss_rub (was stop_loss_rub)
12:22:32 robot_arb INFO Param updated: risk_value = 50000 (was 50000)
12:22:32 robot_arb INFO Param updated: allow_long_basis = False (was False)
12:22:32 robot_arb INFO Param updated: use_commission = True (was True)
12:22:32 robot_arb INFO Param updated: commission_stock_pct = 0.035 (was 0.035)
12:22:32 robot_arb INFO Param updated: commission_futures_rt = 0.9 (was 0.9)
12:25:25 robot_arb INFO Signal 15 — shutting down...
12:25:26 robot_arb INFO === Arbitrage Robot v1 ===
12:25:26 robot_arb INFO Pair: GAZP / GZU6
12:25:26 robot_arb INFO Account: 2049688 | Port: 5090 | Paper: False
12:25:26 robot_arb INFO Params: entry_z=2.7 lookback=200 lots_a=10 lots_b=1 hedge_ratio=10
12:25:26 robot_arb INFO Min profit: rub=30
12:25:26 robot_arb INFO Risk: stop_loss_rub=50000
12:25:26 robot_arb INFO State loaded: pnl=0 trades=0 mode=stopped
12:25:26 FinamPy CRITICAL Ошибка при сохранении токена: Source contains parsing errors: '/root/.local/share/python_keyring/keyring_pass.cfg'
	[line  9]: 'WFZCZUhSdFpFRlZZakZvV1dZeVpXZEhlRGt5WTNaWE5UUjNWblZ5T1hG\n'
12:25:26 robot_arb INFO FinamPy connected. Accounts: ['1225950', '1225951', '1225952', '2049688', '1225953']
12:25:26 robot_arb INFO Orders manager linked to FinamPy gRPC
12:25:26 robot_arb INFO Subscribed OrderBook: GAZP@RTSX, GZU6@RTSX
12:25:26 robot_arb INFO Subscribed Quotes: GAZP@RTSX, GZU6@RTSX
12:25:26 robot_arb INFO Warmup: waiting 10 sec for data streams...
12:25:36 robot_arb INFO Warmup done. OB_A: False OB_B: False
12:25:36 robot_arb INFO MOEX ISS poller started (fallback for stock prices)
12:25:36 robot_arb INFO Main loop started
12:25:36 robot_arb INFO Cleanup: 1 open layers in mode=stopped, attempting close...
12:25:36 robot_arb INFO EXIT ALL 1 layers — reason=cleanup
12:25:36 robot_arb INFO EXIT layer #1 reason=cleanup | MARKET sell 10 + buy 1
12:25:36 robot_arb ERROR Main loop error: 'OrderBookTracker' object has no attribute 'last_price'
12:25:36 robot_arb INFO API listening on :5090
12:25:36 robot_arb INFO Endpoints: GET /status /health /params | POST /start /stop /pause /params
12:25:37 robot_arb INFO Cleanup: 1 open layers in mode=stopped, attempting close...
12:25:37 robot_arb INFO EXIT ALL 1 layers — reason=cleanup
12:25:37 robot_arb INFO EXIT layer #1 reason=cleanup | MARKET sell 10 + buy 1
12:25:37 orders_arb INFO gRPC sending: market sell 100 (10 lots) GAZP@MISX acc=2049688 @ MKT
12:25:37 orders_arb INFO gRPC market placed: sell 100 (10 lots) GAZP@MISX acc=2049688 @ MKT id=81497005044
12:25:37 orders_arb INFO gRPC sending: market buy 1 GZU6@RTSX acc=2049688 @ MKT
12:25:37 orders_arb INFO gRPC market placed: buy 1 GZU6@RTSX acc=2049688 @ MKT id=1896048093466206564
12:25:37 strategy_arb INFO LAYER #1 CLOSE SHORT | PnL=-11.38₽ (gross=-3.86₽ comm=7.52₽) | reason=cleanup | hold=12min | layers=0
12:25:37 robot_arb INFO Market exit OK layer #1
14:29:52 robot_arb WARNING Account 2049688: <_InactiveRpcError of RPC that terminated with:
	status = StatusCode.UNAUTHENTICATED
	details = "Invalid access key"
	debug_error_string = "UNKNOWN:Error received from peer  {grpc_status:16, grpc_message:"Invalid access key"}"
>
14:43:52 robot_arb WARNING Account 2049688: <_InactiveRpcError of RPC that terminated with:
	status = StatusCode.UNAUTHENTICATED
	details = "Invalid access key"
	debug_error_string = "UNKNOWN:Error received from peer  {grpc_status:16, grpc_message:"Invalid access key"}"
>
16:57:42 robot_arb INFO Mode → RUNNING
16:58:22 robot_arb WARNING Account 2049688: <_InactiveRpcError of RPC that terminated with:
	status = StatusCode.UNAUTHENTICATED
	details = "Invalid access key"
	debug_error_string = "UNKNOWN:Error received from peer  {grpc_message:"Invalid access key", grpc_status:16}"
>
16:58:33 robot_arb WARNING POST /account received: {'account': '2049688'}
16:58:33 robot_arb INFO Account changed → 2049688
16:58:34 robot_arb INFO Param updated: ticker_a = GAZP (was GAZP)
16:58:34 robot_arb INFO Param updated: symbol_a = GAZP@RTSX (was GAZP@RTSX)
16:58:34 robot_arb INFO Param updated: ticker_b = GZU6 (was GZU6)
16:58:34 robot_arb INFO Param updated: symbol_b = GZU6@RTSX (was GZU6@RTSX)
16:58:34 robot_arb INFO Param updated: lots_a = 10 (was 10)
16:58:34 robot_arb INFO Param updated: lots_b = 1 (was 1)
16:58:34 robot_arb INFO Param updated: hedge_ratio = 10 (was 10)
16:58:34 robot_arb INFO Param updated: capital = 20000 (was 20000)
16:58:34 robot_arb INFO Param updated: entry_z = 2.5 (was 2.7)
16:58:34 robot_arb INFO Param updated: entry_z_long = -5.8 (was -6)
16:58:34 robot_arb INFO Param updated: entry_mode = zscore (was zscore)
16:58:34 robot_arb INFO Param updated: spread_rub_high = 400 (was 400)
16:58:34 robot_arb INFO Param updated: spread_rub_low = 200 (was 200)
16:58:34 robot_arb INFO Param updated: risk_free_rate = 0.1425 (was 0.1425)
16:58:34 robot_arb INFO Param updated: expiration_date = 2026-09-18 (was 2026-09-18)
16:58:34 robot_arb INFO Param updated: contract_size = 100 (was 100)
16:58:34 robot_arb INFO Param updated: lookback = 200 (was 200)
16:58:34 robot_arb INFO Param updated: leg_a_timeout = 5 (was 5)
16:58:34 robot_arb INFO Param updated: min_fill_ratio = 0.5 (was 0.5)
16:58:34 robot_arb INFO Param updated: min_profit_type = rub (was rub)
16:58:34 robot_arb INFO Param updated: min_profit_value = 30 (was 30)
16:58:34 robot_arb INFO Param updated: risk_type = stop_loss_rub (was stop_loss_rub)
16:58:34 robot_arb INFO Param updated: risk_value = 50000 (was 50000)
16:58:34 robot_arb INFO Param updated: allow_long_basis = False (was False)
16:58:34 robot_arb INFO Param updated: use_commission = True (was True)
16:58:34 robot_arb INFO Param updated: commission_stock_pct = 0.035 (was 0.035)
16:58:34 robot_arb INFO Param updated: commission_futures_rt = 0.9 (was 0.9)
16:58:48 robot_arb WARNING POST /account received: {'account': '2049688'}
16:58:48 robot_arb INFO Account changed → 2049688
16:58:48 robot_arb INFO Param updated: ticker_a = GAZP (was GAZP)
16:58:48 robot_arb INFO Param updated: symbol_a = GAZP@RTSX (was GAZP@RTSX)
16:58:48 robot_arb INFO Param updated: ticker_b = GZU6 (was GZU6)
16:58:48 robot_arb INFO Param updated: symbol_b = GZU6@RTSX (was GZU6@RTSX)
16:58:48 robot_arb INFO Param updated: lots_a = 10 (was 10)
16:58:48 robot_arb INFO Param updated: lots_b = 1 (was 1)
16:58:48 robot_arb INFO Param updated: hedge_ratio = 10 (was 10)
16:58:48 robot_arb INFO Param updated: capital = 20000 (was 20000)
16:58:48 robot_arb INFO Param updated: entry_z = 2.5 (was 2.5)
16:58:48 robot_arb INFO Param updated: entry_z_long = -6.1 (was -5.8)
16:58:48 robot_arb INFO Param updated: entry_mode = zscore (was zscore)
16:58:48 robot_arb INFO Param updated: spread_rub_high = 400 (was 400)
16:58:48 robot_arb INFO Param updated: spread_rub_low = 200 (was 200)
16:58:48 robot_arb INFO Param updated: risk_free_rate = 0.1425 (was 0.1425)
16:58:48 robot_arb INFO Param updated: expiration_date = 2026-09-18 (was 2026-09-18)
16:58:48 robot_arb INFO Param updated: contract_size = 100 (was 100)
16:58:48 robot_arb INFO Param updated: lookback = 200 (was 200)
16:58:48 robot_arb INFO Param updated: leg_a_timeout = 5 (was 5)
16:58:48 robot_arb INFO Param updated: min_fill_ratio = 0.5 (was 0.5)
16:58:48 robot_arb INFO Param updated: min_profit_type = rub (was rub)
16:58:48 robot_arb INFO Param updated: min_profit_value = 30 (was 30)
16:58:48 robot_arb INFO Param updated: risk_type = stop_loss_rub (was stop_loss_rub)
16:58:48 robot_arb INFO Param updated: risk_value = 50000 (was 50000)
16:58:48 robot_arb INFO Param updated: allow_long_basis = False (was False)
16:58:48 robot_arb INFO Param updated: use_commission = True (was True)
16:58:48 robot_arb INFO Param updated: commission_stock_pct = 0.035 (was 0.035)
16:58:48 robot_arb INFO Param updated: commission_futures_rt = 0.9 (was 0.9)
16:58:50 robot_arb WARNING POST /account received: {'account': '2049688'}
16:58:50 robot_arb INFO Account changed → 2049688
16:58:50 robot_arb INFO Param updated: ticker_a = GAZP (was GAZP)
16:58:50 robot_arb INFO Param updated: symbol_a = GAZP@RTSX (was GAZP@RTSX)
16:58:50 robot_arb INFO Param updated: ticker_b = GZU6 (was GZU6)
16:58:50 robot_arb INFO Param updated: symbol_b = GZU6@RTSX (was GZU6@RTSX)
16:58:50 robot_arb INFO Param updated: lots_a = 10 (was 10)
16:58:50 robot_arb INFO Param updated: lots_b = 1 (was 1)
16:58:50 robot_arb INFO Param updated: hedge_ratio = 10 (was 10)
16:58:50 robot_arb INFO Param updated: capital = 20000 (was 20000)
16:58:50 robot_arb INFO Param updated: entry_z = 2.5 (was 2.5)
16:58:50 robot_arb INFO Param updated: entry_z_long = -6.1 (was -6.1)
16:58:50 robot_arb INFO Param updated: entry_mode = zscore (was zscore)
16:58:50 robot_arb INFO Param updated: spread_rub_high = 400 (was 400)
16:58:50 robot_arb INFO Param updated: spread_rub_low = 200 (was 200)
16:58:50 robot_arb INFO Param updated: risk_free_rate = 0.1425 (was 0.1425)
16:58:50 robot_arb INFO Param updated: expiration_date = 2026-09-18 (was 2026-09-18)
16:58:50 robot_arb INFO Param updated: contract_size = 100 (was 100)
16:58:50 robot_arb INFO Param updated: lookback = 200 (was 200)
16:58:50 robot_arb INFO Param updated: leg_a_timeout = 5 (was 5)
16:58:50 robot_arb INFO Param updated: min_fill_ratio = 0.5 (was 0.5)
16:58:50 robot_arb INFO Param updated: min_profit_type = rub (was rub)
16:58:50 robot_arb INFO Param updated: min_profit_value = 30 (was 30)
16:58:50 robot_arb INFO Param updated: risk_type = stop_loss_rub (was stop_loss_rub)
16:58:50 robot_arb INFO Param updated: risk_value = 50000 (was 50000)
16:58:50 robot_arb INFO Param updated: allow_long_basis = False (was False)
16:58:50 robot_arb INFO Param updated: use_commission = True (was True)
16:58:50 robot_arb INFO Param updated: commission_stock_pct = 0.035 (was 0.035)
16:58:50 robot_arb INFO Param updated: commission_futures_rt = 0.9 (was 0.9)
16:59:29 robot_arb INFO ⚠️ CHECK_ENTRY returned signal: {'action': 'entry', 'side': 'short_basis', 'z': 2.512369863003995, 'basis': 8675.1, 'price_a': 93.49, 'price_b': 9610.0}
16:59:29 robot_arb INFO ENTRY SIGNAL short_basis | Z=2.51 basis=8675.10 | A=93.49 B=9610.00 | limit buy 10 @ 93.49 | market sell 1 @ 9605.19
16:59:29 orders_arb INFO gRPC sending: limit buy 100 (10 lots) GAZP@MISX acc=2049688 @ 93.49
16:59:29 orders_arb ERROR gRPC order error (GAZP@RTSX buy 10@93.49): code=StatusCode.UNAUTHENTICATED details=Invalid access key
16:59:29 orders_arb WARNING gRPC limit failed, falling back to DP server
16:59:30 orders_arb ERROR Limit order error (GAZP@RTSX buy 10@93.49): no response
16:59:30 robot_arb WARNING Entry failed: leg_a_place_failed
16:59:30 robot_arb INFO Z=2.51 (threshold=2.5) — no signal (dup_check=LOCKED)
16:59:31 robot_arb INFO Z=2.47 (threshold=2.5) — no signal (dup_check=LOCKED)
16:59:31 robot_arb INFO Z=2.47 (threshold=2.5) — no signal (dup_check=LOCKED)
16:59:32 robot_arb INFO Z=2.44 (threshold=2.5) — no signal (dup_check=False)
16:59:32 robot_arb INFO Z=2.44 (threshold=2.5) — no signal (dup_check=False)
16:59:33 robot_arb INFO Z=2.40 (threshold=2.5) — no signal (dup_check=False)
16:59:33 robot_arb INFO Z=2.40 (threshold=2.5) — no signal (dup_check=False)
16:59:34 robot_arb INFO Z=2.37 (threshold=2.5) — no signal (dup_check=False)
16:59:34 robot_arb INFO Z=2.37 (threshold=2.5) — no signal (dup_check=False)
17:02:19 robot_arb INFO ⚠️ CHECK_ENTRY returned signal: {'action': 'entry', 'side': 'short_basis', 'z': 4.679562335934624, 'basis': 8669.9, 'price_a': 93.41, 'price_b': 9604.0}
17:02:19 robot_arb INFO ENTRY SIGNAL short_basis | Z=4.68 basis=8669.90 | A=93.41 B=9604.00 | limit buy 10 @ 93.50 | market sell 1 @ 9599.20
17:02:19 orders_arb INFO gRPC sending: limit buy 100 (10 lots) GAZP@MISX acc=2049688 @ 93.5
17:02:19 orders_arb ERROR gRPC order error (GAZP@RTSX buy 10@93.5): code=StatusCode.UNAUTHENTICATED details=Invalid access key
17:02:19 orders_arb WARNING gRPC limit failed, falling back to DP server
17:02:19 orders_arb ERROR Limit order error (GAZP@RTSX buy 10@93.5): no response
17:02:19 robot_arb WARNING Entry failed: leg_a_place_failed
17:02:20 robot_arb INFO Z=3.34 (threshold=2.5) — no signal (dup_check=LOCKED)
17:02:20 robot_arb INFO Z=3.34 (threshold=2.5) — no signal (dup_check=LOCKED)
17:02:21 robot_arb INFO Z=3.24 (threshold=2.5) — no signal (dup_check=LOCKED)
17:02:21 robot_arb INFO ⚠️ CHECK_ENTRY returned signal: {'action': 'entry', 'side': 'short_basis', 'z': 3.2405663945446075, 'basis': 8667.9, 'price_a': 93.41, 'price_b': 9602.0}
17:02:21 robot_arb INFO ENTRY SIGNAL short_basis | Z=3.24 basis=8667.90 | A=93.41 B=9602.00 | limit buy 10 @ 93.50 | market sell 1 @ 9597.20
17:02:21 orders_arb INFO gRPC sending: limit buy 100 (10 lots) GAZP@MISX acc=2049688 @ 93.5
17:02:21 orders_arb ERROR gRPC order error (GAZP@RTSX buy 10@93.5): code=StatusCode.UNAUTHENTICATED details=Invalid access key
17:02:21 orders_arb WARNING gRPC limit failed, falling back to DP server
17:02:22 orders_arb ERROR Limit order error (GAZP@RTSX buy 10@93.5): no response
17:02:22 robot_arb WARNING Entry failed: leg_a_place_failed
17:02:22 robot_arb INFO Z=3.15 (threshold=2.5) — no signal (dup_check=LOCKED)
17:02:23 robot_arb INFO Z=3.15 (threshold=2.5) — no signal (dup_check=LOCKED)
17:02:23 robot_arb INFO Z=3.06 (threshold=2.5) — no signal (dup_check=LOCKED)
17:02:24 robot_arb INFO ⚠️ CHECK_ENTRY returned signal: {'action': 'entry', 'side': 'short_basis', 'z': 3.057998704680729, 'basis': 8667.9, 'price_a': 93.41, 'price_b': 9602.0}
17:02:24 robot_arb INFO ENTRY SIGNAL short_basis | Z=3.06 basis=8667.90 | A=93.41 B=9602.00 | limit buy 10 @ 93.50 | market sell 1 @ 9597.20
17:02:24 orders_arb INFO gRPC sending: limit buy 100 (10 lots) GAZP@MISX acc=2049688 @ 93.5
17:02:24 orders_arb ERROR gRPC order error (GAZP@RTSX buy 10@93.5): code=StatusCode.UNAUTHENTICATED details=Invalid access key
17:02:24 orders_arb WARNING gRPC limit failed, falling back to DP server
17:02:24 orders_arb ERROR Limit order error (GAZP@RTSX buy 10@93.5): no response
17:02:24 robot_arb WARNING Entry failed: leg_a_place_failed
17:02:24 robot_arb INFO Z=2.98 (threshold=2.5) — no signal (dup_check=LOCKED)
17:07:45 robot_arb INFO Z=2.49 (threshold=2.5) — no signal (dup_check=False)
17:07:45 robot_arb INFO Z=2.49 (threshold=2.5) — no signal (dup_check=False)
17:07:46 robot_arb INFO Z=2.44 (threshold=2.5) — no signal (dup_check=False)
17:07:46 robot_arb INFO Z=2.44 (threshold=2.5) — no signal (dup_check=False)
17:07:47 robot_arb INFO Z=2.39 (threshold=2.5) — no signal (dup_check=False)
17:07:50 robot_arb INFO Z=2.33 (threshold=2.5) — no signal (dup_check=False)
17:07:50 robot_arb INFO Z=2.33 (threshold=2.5) — no signal (dup_check=False)
17:12:14 robot_arb INFO Z=2.39 (threshold=2.5) — no signal (dup_check=False)
17:12:14 robot_arb INFO Z=2.39 (threshold=2.5) — no signal (dup_check=False)
17:12:15 robot_arb INFO Z=2.34 (threshold=2.5) — no signal (dup_check=False)
17:12:15 robot_arb INFO Z=2.34 (threshold=2.5) — no signal (dup_check=False)
17:12:26 robot_arb INFO ⚠️ CHECK_ENTRY returned signal: {'action': 'entry', 'side': 'short_basis', 'z': 2.6842642100722847, 'basis': 8683.3, 'price_a': 93.57, 'price_b': 9619.0}
17:12:26 robot_arb INFO ENTRY SIGNAL short_basis | Z=2.68 basis=8683.30 | A=93.57 B=9619.00 | limit buy 10 @ 93.63 | market sell 1 @ 9614.19
17:12:26 orders_arb INFO gRPC sending: limit buy 100 (10 lots) GAZP@MISX acc=2049688 @ 93.63
17:12:26 orders_arb ERROR gRPC order error (GAZP@RTSX buy 10@93.63): code=StatusCode.UNAUTHENTICATED details=Invalid access key
17:12:26 orders_arb WARNING gRPC limit failed, falling back to DP server
17:12:26 orders_arb ERROR Limit order error (GAZP@RTSX buy 10@93.63): no response
17:12:26 robot_arb WARNING Entry failed: leg_a_place_failed
17:12:27 robot_arb INFO Z=2.63 (threshold=2.5) — no signal (dup_check=LOCKED)
17:12:27 robot_arb INFO Z=2.63 (threshold=2.5) — no signal (dup_check=LOCKED)
17:12:28 robot_arb INFO Z=2.57 (threshold=2.5) — no signal (dup_check=LOCKED)
17:12:28 robot_arb INFO ⚠️ CHECK_ENTRY returned signal: {'action': 'entry', 'side': 'short_basis', 'z': 2.572230895976448, 'basis': 8683.3, 'price_a': 93.57, 'price_b': 9619.0}
17:12:28 robot_arb INFO ENTRY SIGNAL short_basis | Z=2.57 basis=8683.30 | A=93.57 B=9619.00 | limit buy 10 @ 93.63 | market sell 1 @ 9614.19
17:12:28 orders_arb INFO gRPC sending: limit buy 100 (10 lots) GAZP@MISX acc=2049688 @ 93.63
17:12:29 orders_arb ERROR gRPC order error (GAZP@RTSX buy 10@93.63): code=StatusCode.UNAUTHENTICATED details=Invalid access key
17:12:29 orders_arb WARNING gRPC limit failed, falling back to DP server
17:12:29 orders_arb ERROR Limit order error (GAZP@RTSX buy 10@93.63): no response
17:12:29 robot_arb WARNING Entry failed: leg_a_place_failed
17:19:45 robot_arb INFO ⚠️ CHECK_ENTRY returned signal: {'action': 'entry', 'side': 'short_basis', 'z': 3.169313463506918, 'basis': 8675.7, 'price_a': 93.53, 'price_b': 9611.0}
17:19:45 robot_arb INFO ENTRY SIGNAL short_basis | Z=3.17 basis=8675.70 | A=93.53 B=9611.00 | limit buy 10 @ 93.54 | market sell 1 @ 9606.19
17:19:45 orders_arb INFO gRPC sending: limit buy 100 (10 lots) GAZP@MISX acc=2049688 @ 93.54
17:19:45 orders_arb ERROR gRPC order error (GAZP@RTSX buy 10@93.54): code=StatusCode.UNAUTHENTICATED details=Invalid access key
17:19:45 orders_arb WARNING gRPC limit failed, falling back to DP server
17:19:45 orders_arb ERROR Limit order error (GAZP@RTSX buy 10@93.54): no response
17:19:45 robot_arb WARNING Entry failed: leg_a_place_failed
17:19:46 robot_arb INFO Z=2.33 (threshold=2.5) — no signal (dup_check=LOCKED)
17:19:46 robot_arb INFO Z=2.33 (threshold=2.5) — no signal (dup_check=LOCKED)
17:20:00 robot_arb INFO ⚠️ CHECK_ENTRY returned signal: {'action': 'entry', 'side': 'short_basis', 'z': 2.846620932743713, 'basis': 8674.8, 'price_a': 93.52, 'price_b': 9610.0}
17:20:00 robot_arb INFO ENTRY SIGNAL short_basis | Z=2.85 basis=8674.80 | A=93.52 B=9610.00 | limit buy 10 @ 93.52 | market sell 1 @ 9605.19
17:20:00 orders_arb INFO gRPC sending: limit buy 100 (10 lots) GAZP@MISX acc=2049688 @ 93.52
17:20:00 orders_arb ERROR gRPC order error (GAZP@RTSX buy 10@93.52): code=StatusCode.UNAUTHENTICATED details=Invalid access key
17:20:00 orders_arb WARNING gRPC limit failed, falling back to DP server
17:20:01 orders_arb ERROR Limit order error (GAZP@RTSX buy 10@93.52): no response
17:20:01 robot_arb WARNING Entry failed: leg_a_place_failed
17:20:01 robot_arb INFO Z=2.78 (threshold=2.5) — no signal (dup_check=LOCKED)
17:20:02 robot_arb INFO Z=2.78 (threshold=2.5) — no signal (dup_check=LOCKED)
17:20:02 robot_arb INFO Z=2.72 (threshold=2.5) — no signal (dup_check=LOCKED)
17:20:03 robot_arb INFO ⚠️ CHECK_ENTRY returned signal: {'action': 'entry', 'side': 'short_basis', 'z': 2.7155804836589104, 'basis': 8674.8, 'price_a': 93.52, 'price_b': 9610.0}
17:20:03 robot_arb INFO ENTRY SIGNAL short_basis | Z=2.72 basis=8674.80 | A=93.52 B=9610.00 | limit buy 10 @ 93.52 | market sell 1 @ 9605.19
17:20:03 orders_arb INFO gRPC sending: limit buy 100 (10 lots) GAZP@MISX acc=2049688 @ 93.52
17:20:03 orders_arb ERROR gRPC order error (GAZP@RTSX buy 10@93.52): code=StatusCode.UNAUTHENTICATED details=Invalid access key
17:20:03 orders_arb WARNING gRPC limit failed, falling back to DP server
17:20:03 orders_arb ERROR Limit order error (GAZP@RTSX buy 10@93.52): no response
17:20:03 robot_arb WARNING Entry failed: leg_a_place_failed
17:20:03 robot_arb INFO Z=2.66 (threshold=2.5) — no signal (dup_check=LOCKED)
17:20:04 robot_arb INFO Z=2.66 (threshold=2.5) — no signal (dup_check=LOCKED)
17:20:04 robot_arb INFO Z=2.60 (threshold=2.5) — no signal (dup_check=LOCKED)
17:20:05 robot_arb INFO ⚠️ CHECK_ENTRY returned signal: {'action': 'entry', 'side': 'short_basis', 'z': 2.59893514254007, 'basis': 8674.8, 'price_a': 93.52, 'price_b': 9610.0}
17:20:05 robot_arb INFO ENTRY SIGNAL short_basis | Z=2.60 basis=8674.80 | A=93.52 B=9610.00 | limit buy 10 @ 93.52 | market sell 1 @ 9605.19
17:20:05 orders_arb INFO gRPC sending: limit buy 100 (10 lots) GAZP@MISX acc=2049688 @ 93.52
17:20:05 orders_arb ERROR gRPC order error (GAZP@RTSX buy 10@93.52): code=StatusCode.UNAUTHENTICATED details=Invalid access key
17:20:05 orders_arb WARNING gRPC limit failed, falling back to DP server
17:20:05 orders_arb ERROR Limit order error (GAZP@RTSX buy 10@93.52): no response
17:20:05 robot_arb WARNING Entry failed: leg_a_place_failed
17:20:05 robot_arb INFO Z=2.55 (threshold=2.5) — no signal (dup_check=LOCKED)
17:20:06 robot_arb INFO Z=3.99 (threshold=2.5) — no signal (dup_check=LOCKED)
17:20:06 robot_arb INFO Z=3.84 (threshold=2.5) — no signal (dup_check=LOCKED)
17:20:07 robot_arb INFO ⚠️ CHECK_ENTRY returned signal: {'action': 'entry', 'side': 'short_basis', 'z': 3.8426924353250604, 'basis': 8675.0, 'price_a': 93.5, 'price_b': 9610.0}
17:20:07 robot_arb INFO ENTRY SIGNAL short_basis | Z=3.84 basis=8675.00 | A=93.50 B=9610.00 | limit buy 10 @ 93.51 | market sell 1 @ 9605.19
17:20:07 orders_arb INFO gRPC sending: limit buy 100 (10 lots) GAZP@MISX acc=2049688 @ 93.51
17:20:07 orders_arb ERROR gRPC order error (GAZP@RTSX buy 10@93.51): code=StatusCode.UNAUTHENTICATED details=Invalid access key
17:20:07 orders_arb WARNING gRPC limit failed, falling back to DP server
17:20:07 orders_arb ERROR Limit order error (GAZP@RTSX buy 10@93.51): no response
17:20:07 robot_arb WARNING Entry failed: leg_a_place_failed
17:20:07 robot_arb INFO Z=3.71 (threshold=2.5) — no signal (dup_check=LOCKED)
17:20:08 robot_arb INFO Z=3.71 (threshold=2.5) — no signal (dup_check=LOCKED)
17:20:08 robot_arb INFO Z=3.59 (threshold=2.5) — no signal (dup_check=LOCKED)
17:20:09 robot_arb INFO ⚠️ CHECK_ENTRY returned signal: {'action': 'entry', 'side': 'short_basis', 'z': 3.5870289954637964, 'basis': 8675.0, 'price_a': 93.5, 'price_b': 9610.0}
17:20:09 robot_arb INFO ENTRY SIGNAL short_basis | Z=3.59 basis=8675.00 | A=93.50 B=9610.00 | limit buy 10 @ 93.51 | market sell 1 @ 9605.19
17:20:09 orders_arb INFO gRPC sending: limit buy 100 (10 lots) GAZP@MISX acc=2049688 @ 93.51
17:20:09 orders_arb ERROR gRPC order error (GAZP@RTSX buy 10@93.51): code=StatusCode.UNAUTHENTICATED details=Invalid access key
17:20:09 orders_arb WARNING gRPC limit failed, falling back to DP server
17:20:09 orders_arb ERROR Limit order error (GAZP@RTSX buy 10@93.51): no response
17:20:09 robot_arb WARNING Entry failed: leg_a_place_failed
17:20:10 robot_arb INFO Z=3.48 (threshold=2.5) — no signal (dup_check=LOCKED)
17:20:10 robot_arb INFO Z=3.48 (threshold=2.5) — no signal (dup_check=LOCKED)
17:20:11 robot_arb INFO Z=3.37 (threshold=2.5) — no signal (dup_check=LOCKED)
17:20:11 robot_arb INFO ⚠️ CHECK_ENTRY returned signal: {'action': 'entry', 'side': 'short_basis', 'z': 3.374019175852648, 'basis': 8675.0, 'price_a': 93.5, 'price_b': 9610.0}
17:20:11 robot_arb INFO ENTRY SIGNAL short_basis | Z=3.37 basis=8675.00 | A=93.50 B=9610.00 | limit buy 10 @ 93.51 | market sell 1 @ 9605.19
17:20:11 orders_arb INFO gRPC sending: limit buy 100 (10 lots) GAZP@MISX acc=2049688 @ 93.51
17:20:11 orders_arb ERROR gRPC order error (GAZP@RTSX buy 10@93.51): code=StatusCode.UNAUTHENTICATED details=Invalid access key
17:20:11 orders_arb WARNING gRPC limit failed, falling back to DP server
17:20:11 orders_arb ERROR Limit order error (GAZP@RTSX buy 10@93.51): no response
17:20:11 robot_arb WARNING Entry failed: leg_a_place_failed
17:20:12 robot_arb INFO Z=3.28 (threshold=2.5) — no signal (dup_check=LOCKED)
17:20:12 robot_arb INFO Z=3.28 (threshold=2.5) — no signal (dup_check=LOCKED)
17:20:13 robot_arb INFO Z=3.19 (threshold=2.5) — no signal (dup_check=LOCKED)
17:20:13 robot_arb INFO ⚠️ CHECK_ENTRY returned signal: {'action': 'entry', 'side': 'short_basis', 'z': 3.192940748050822, 'basis': 8675.0, 'price_a': 93.5, 'price_b': 9610.0}
17:20:13 robot_arb INFO ENTRY SIGNAL short_basis | Z=3.19 basis=8675.00 | A=93.50 B=9610.00 | limit buy 10 @ 93.51 | market sell 1 @ 9605.19
17:20:13 orders_arb INFO gRPC sending: limit buy 100 (10 lots) GAZP@MISX acc=2049688 @ 93.51
17:20:13 orders_arb ERROR gRPC order error (GAZP@RTSX buy 10@93.51): code=StatusCode.UNAUTHENTICATED details=Invalid access key
17:20:13 orders_arb WARNING gRPC limit failed, falling back to DP server
17:20:13 orders_arb ERROR Limit order error (GAZP@RTSX buy 10@93.51): no response
17:20:13 robot_arb WARNING Entry failed: leg_a_place_failed
17:20:14 robot_arb INFO Z=3.11 (threshold=2.5) — no signal (dup_check=LOCKED)
17:20:14 robot_arb INFO Z=3.11 (threshold=2.5) — no signal (dup_check=LOCKED)
17:20:15 robot_arb INFO Z=3.04 (threshold=2.5) — no signal (dup_check=LOCKED)
17:20:15 robot_arb INFO ⚠️ CHECK_ENTRY returned signal: {'action': 'entry', 'side': 'short_basis', 'z': 3.036519296846572, 'basis': 8675.0, 'price_a': 93.5, 'price_b': 9610.0}
17:20:15 robot_arb INFO ENTRY SIGNAL short_basis | Z=3.04 basis=8675.00 | A=93.50 B=9610.00 | limit buy 10 @ 93.51 | market sell 1 @ 9605.19
17:20:15 orders_arb INFO gRPC sending: limit buy 100 (10 lots) GAZP@MISX acc=2049688 @ 93.51
17:20:15 orders_arb ERROR gRPC order error (GAZP@RTSX buy 10@93.51): code=StatusCode.UNAUTHENTICATED details=Invalid access key
17:20:15 orders_arb WARNING gRPC limit failed, falling back to DP server
17:20:15 orders_arb ERROR Limit order error (GAZP@RTSX buy 10@93.51): no response
17:20:15 robot_arb WARNING Entry failed: leg_a_place_failed
17:20:16 robot_arb INFO Z=2.96 (threshold=2.5) — no signal (dup_check=LOCKED)
17:20:16 robot_arb INFO Z=2.96 (threshold=2.5) — no signal (dup_check=LOCKED)
17:20:17 robot_arb INFO Z=2.88 (threshold=2.5) — no signal (dup_check=LOCKED)
17:20:17 robot_arb INFO ⚠️ CHECK_ENTRY returned signal: {'action': 'entry', 'side': 'short_basis', 'z': 2.8833228989594106, 'basis': 8675.0, 'price_a': 93.5, 'price_b': 9610.0}
17:20:17 robot_arb INFO ENTRY SIGNAL short_basis | Z=2.88 basis=8675.00 | A=93.50 B=9610.00 | limit buy 10 @ 93.51 | market sell 1 @ 9605.19
17:20:17 orders_arb INFO gRPC sending: limit buy 100 (10 lots) GAZP@MISX acc=2049688 @ 93.51
17:20:17 orders_arb ERROR gRPC order error (GAZP@RTSX buy 10@93.51): code=StatusCode.UNAUTHENTICATED details=Invalid access key
17:20:17 orders_arb WARNING gRPC limit failed, falling back to DP server
17:20:17 orders_arb ERROR Limit order error (GAZP@RTSX buy 10@93.51): no response
17:20:17 robot_arb WARNING Entry failed: leg_a_place_failed
17:20:18 robot_arb INFO Z=2.81 (threshold=2.5) — no signal (dup_check=LOCKED)
17:20:18 robot_arb INFO Z=2.81 (threshold=2.5) — no signal (dup_check=LOCKED)
17:20:19 robot_arb INFO Z=2.75 (threshold=2.5) — no signal (dup_check=LOCKED)
17:20:19 robot_arb INFO ⚠️ CHECK_ENTRY returned signal: {'action': 'entry', 'side': 'short_basis', 'z': 2.7487545640253095, 'basis': 8675.0, 'price_a': 93.5, 'price_b': 9610.0}
17:20:19 robot_arb INFO ENTRY SIGNAL short_basis | Z=2.75 basis=8675.00 | A=93.50 B=9610.00 | limit buy 10 @ 93.51 | market sell 1 @ 9605.19
17:20:19 orders_arb INFO gRPC sending: limit buy 100 (10 lots) GAZP@MISX acc=2049688 @ 93.51
17:20:20 orders_arb ERROR gRPC order error (GAZP@RTSX buy 10@93.51): code=StatusCode.UNAUTHENTICATED details=Invalid access key
17:20:20 orders_arb WARNING gRPC limit failed, falling back to DP server
17:20:20 orders_arb ERROR Limit order error (GAZP@RTSX buy 10@93.51): no response
17:20:20 robot_arb WARNING Entry failed: leg_a_place_failed
17:20:20 robot_arb INFO Z=2.69 (threshold=2.5) — no signal (dup_check=LOCKED)
17:20:21 robot_arb INFO Z=2.69 (threshold=2.5) — no signal (dup_check=LOCKED)
17:20:21 robot_arb INFO Z=2.63 (threshold=2.5) — no signal (dup_check=LOCKED)
17:20:22 robot_arb INFO ⚠️ CHECK_ENTRY returned signal: {'action': 'entry', 'side': 'short_basis', 'z': 2.629234402945511, 'basis': 8675.0, 'price_a': 93.5, 'price_b': 9610.0}
17:20:22 robot_arb INFO ENTRY SIGNAL short_basis | Z=2.63 basis=8675.00 | A=93.50 B=9610.00 | limit buy 10 @ 93.51 | market sell 1 @ 9605.19
17:20:22 orders_arb INFO gRPC sending: limit buy 100 (10 lots) GAZP@MISX acc=2049688 @ 93.51
17:20:22 orders_arb ERROR gRPC order error (GAZP@RTSX buy 10@93.51): code=StatusCode.UNAUTHENTICATED details=Invalid access key
17:20:22 orders_arb WARNING gRPC limit failed, falling back to DP server
17:20:22 orders_arb ERROR Limit order error (GAZP@RTSX buy 10@93.51): no response
17:20:22 robot_arb WARNING Entry failed: leg_a_place_failed
17:20:22 robot_arb INFO Z=3.07 (threshold=2.5) — no signal (dup_check=LOCKED)
17:20:23 robot_arb INFO Z=3.07 (threshold=2.5) — no signal (dup_check=LOCKED)
17:20:23 robot_arb INFO Z=2.99 (threshold=2.5) — no signal (dup_check=LOCKED)
17:20:24 robot_arb INFO ⚠️ CHECK_ENTRY returned signal: {'action': 'entry', 'side': 'short_basis', 'z': 2.987825106621921, 'basis': 8675.1, 'price_a': 93.49, 'price_b': 9610.0}
17:20:24 robot_arb INFO ENTRY SIGNAL short_basis | Z=2.99 basis=8675.10 | A=93.49 B=9610.00 | limit buy 10 @ 93.50 | market sell 1 @ 9605.19
17:20:24 orders_arb INFO gRPC sending: limit buy 100 (10 lots) GAZP@MISX acc=2049688 @ 93.5
17:20:24 orders_arb ERROR gRPC order error (GAZP@RTSX buy 10@93.5): code=StatusCode.UNAUTHENTICATED details=Invalid access key
17:20:24 orders_arb WARNING gRPC limit failed, falling back to DP server
17:20:24 orders_arb ERROR Limit order error (GAZP@RTSX buy 10@93.5): no response
17:20:24 robot_arb WARNING Entry failed: leg_a_place_failed
17:20:24 robot_arb INFO Z=2.91 (threshold=2.5) — no signal (dup_check=LOCKED)
17:20:25 robot_arb INFO Z=2.91 (threshold=2.5) — no signal (dup_check=LOCKED)
17:20:26 robot_arb INFO Z=2.83 (threshold=2.5) — no signal (dup_check=LOCKED)
17:20:26 robot_arb INFO ⚠️ CHECK_ENTRY returned signal: {'action': 'entry', 'side': 'short_basis', 'z': 2.834916293747842, 'basis': 8675.1, 'price_a': 93.49, 'price_b': 9610.0}
17:20:26 robot_arb INFO ENTRY SIGNAL short_basis | Z=2.83 basis=8675.10 | A=93.49 B=9610.00 | limit buy 10 @ 93.50 | market sell 1 @ 9605.19
17:20:26 orders_arb INFO gRPC sending: limit buy 100 (10 lots) GAZP@MISX acc=2049688 @ 93.5
17:20:26 orders_arb ERROR gRPC order error (GAZP@RTSX buy 10@93.5): code=StatusCode.UNAUTHENTICATED details=Invalid access key
17:20:26 orders_arb WARNING gRPC limit failed, falling back to DP server
17:20:27 orders_arb ERROR Limit order error (GAZP@RTSX buy 10@93.5): no response
17:20:27 robot_arb WARNING Entry failed: leg_a_place_failed
17:20:27 robot_arb INFO Z=2.77 (threshold=2.5) — no signal (dup_check=LOCKED)
17:20:28 robot_arb INFO Z=2.77 (threshold=2.5) — no signal (dup_check=LOCKED)
17:20:28 robot_arb INFO Z=2.70 (threshold=2.5) — no signal (dup_check=LOCKED)
17:20:29 robot_arb INFO ⚠️ CHECK_ENTRY returned signal: {'action': 'entry', 'side': 'short_basis', 'z': 2.7003449973276163, 'basis': 8675.1, 'price_a': 93.49, 'price_b': 9610.0}
17:20:29 robot_arb INFO ENTRY SIGNAL short_basis | Z=2.70 basis=8675.10 | A=93.49 B=9610.00 | limit buy 10 @ 93.50 | market sell 1 @ 9605.19
17:20:29 orders_arb INFO gRPC sending: limit buy 100 (10 lots) GAZP@MISX acc=2049688 @ 93.5
17:20:29 orders_arb ERROR gRPC order error (GAZP@RTSX buy 10@93.5): code=StatusCode.UNAUTHENTICATED details=Invalid access key
17:20:29 orders_arb WARNING gRPC limit failed, falling back to DP server
17:20:29 orders_arb ERROR Limit order error (GAZP@RTSX buy 10@93.5): no response
17:20:29 robot_arb WARNING Entry failed: leg_a_place_failed
17:20:29 robot_arb INFO Z=2.64 (threshold=2.5) — no signal (dup_check=LOCKED)
17:20:30 robot_arb INFO Z=2.64 (threshold=2.5) — no signal (dup_check=LOCKED)
17:20:30 robot_arb INFO Z=2.58 (threshold=2.5) — no signal (dup_check=LOCKED)
17:20:31 robot_arb INFO ⚠️ CHECK_ENTRY returned signal: {'action': 'entry', 'side': 'short_basis', 'z': 2.580594925383848, 'basis': 8675.1, 'price_a': 93.49, 'price_b': 9610.0}
17:20:31 robot_arb INFO ENTRY SIGNAL short_basis | Z=2.58 basis=8675.10 | A=93.49 B=9610.00 | limit buy 10 @ 93.50 | market sell 1 @ 9605.19
17:20:31 orders_arb INFO gRPC sending: limit buy 100 (10 lots) GAZP@MISX acc=2049688 @ 93.5
17:20:31 orders_arb ERROR gRPC order error (GAZP@RTSX buy 10@93.5): code=StatusCode.UNAUTHENTICATED details=Invalid access key
17:20:31 orders_arb WARNING gRPC limit failed, falling back to DP server
17:20:31 orders_arb ERROR Limit order error (GAZP@RTSX buy 10@93.5): no response
17:20:31 robot_arb WARNING Entry failed: leg_a_place_failed
17:20:31 robot_arb INFO Z=2.53 (threshold=2.5) — no signal (dup_check=LOCKED)
17:20:32 robot_arb INFO Z=2.53 (threshold=2.5) — no signal (dup_check=LOCKED)
17:20:32 robot_arb INFO Z=2.47 (threshold=2.5) — no signal (dup_check=LOCKED)
17:20:33 robot_arb INFO Z=2.47 (threshold=2.5) — no signal (dup_check=False)
17:20:33 robot_arb INFO Z=2.42 (threshold=2.5) — no signal (dup_check=False)
17:20:34 robot_arb INFO Z=2.42 (threshold=2.5) — no signal (dup_check=False)
17:20:34 robot_arb INFO Z=2.38 (threshold=2.5) — no signal (dup_check=False)
17:20:35 robot_arb INFO Z=2.38 (threshold=2.5) — no signal (dup_check=False)
17:20:35 robot_arb INFO Z=2.33 (threshold=2.5) — no signal (dup_check=False)
17:20:36 robot_arb INFO Z=2.33 (threshold=2.5) — no signal (dup_check=False)
17:24:51 robot_arb INFO ⚠️ CHECK_ENTRY returned signal: {'action': 'entry', 'side': 'short_basis', 'z': 4.126612486696112, 'basis': 8680.7, 'price_a': 93.53, 'price_b': 9616.0}
17:24:51 robot_arb INFO ENTRY SIGNAL short_basis | Z=4.13 basis=8680.70 | A=93.53 B=9616.00 | limit buy 10 @ 93.54 | market sell 1 @ 9611.19
17:24:51 orders_arb INFO gRPC sending: limit buy 100 (10 lots) GAZP@MISX acc=2049688 @ 93.54
17:24:51 orders_arb ERROR gRPC order error (GAZP@RTSX buy 10@93.54): code=StatusCode.UNAUTHENTICATED details=Invalid access key
17:24:51 orders_arb WARNING gRPC limit failed, falling back to DP server
17:24:51 orders_arb ERROR Limit order error (GAZP@RTSX buy 10@93.54): no response
17:24:51 robot_arb WARNING Entry failed: leg_a_place_failed
17:24:51 robot_arb INFO Z=4.13 (threshold=2.5) — no signal (dup_check=LOCKED)
17:24:52 robot_arb INFO Z=3.94 (threshold=2.5) — no signal (dup_check=LOCKED)
17:24:52 robot_arb INFO Z=3.94 (threshold=2.5) — no signal (dup_check=LOCKED)
17:24:53 robot_arb INFO ⚠️ CHECK_ENTRY returned signal: {'action': 'entry', 'side': 'short_basis', 'z': 3.7825280547442923, 'basis': 8680.7, 'price_a': 93.53, 'price_b': 9616.0}
17:24:53 robot_arb INFO ENTRY SIGNAL short_basis | Z=3.78 basis=8680.70 | A=93.53 B=9616.00 | limit buy 10 @ 93.54 | market sell 1 @ 9611.19
17:24:53 orders_arb INFO gRPC sending: limit buy 100 (10 lots) GAZP@MISX acc=2049688 @ 93.54
17:24:53 orders_arb ERROR gRPC order error (GAZP@RTSX buy 10@93.54): code=StatusCode.UNAUTHENTICATED details=Invalid access key
17:24:53 orders_arb WARNING gRPC limit failed, falling back to DP server
17:24:53 orders_arb ERROR Limit order error (GAZP@RTSX buy 10@93.54): no response
17:24:53 robot_arb WARNING Entry failed: leg_a_place_failed
17:24:53 robot_arb INFO Z=2.42 (threshold=2.5) — no signal (dup_check=LOCKED)
17:24:54 robot_arb INFO Z=2.38 (threshold=2.5) — no signal (dup_check=LOCKED)
17:24:54 robot_arb INFO Z=2.38 (threshold=2.5) — no signal (dup_check=LOCKED)
17:24:55 robot_arb INFO Z=2.33 (threshold=2.5) — no signal (dup_check=False)
17:24:55 robot_arb INFO Z=2.33 (threshold=2.5) — no signal (dup_check=False)
17:24:58 robot_arb INFO ⚠️ CHECK_ENTRY returned signal: {'action': 'entry', 'side': 'short_basis', 'z': 3.4206098453926694, 'basis': 8680.7, 'price_a': 93.53, 'price_b': 9616.0}
17:24:58 robot_arb INFO ENTRY SIGNAL short_basis | Z=3.42 basis=8680.70 | A=93.53 B=9616.00 | limit buy 10 @ 93.54 | market sell 1 @ 9611.19
17:24:58 orders_arb INFO gRPC sending: limit buy 100 (10 lots) GAZP@MISX acc=2049688 @ 93.54
17:24:58 orders_arb ERROR gRPC order error (GAZP@RTSX buy 10@93.54): code=StatusCode.UNAUTHENTICATED details=Invalid access key
17:24:58 orders_arb WARNING gRPC limit failed, falling back to DP server
17:24:58 orders_arb ERROR Limit order error (GAZP@RTSX buy 10@93.54): no response
17:24:58 robot_arb WARNING Entry failed: leg_a_place_failed
17:24:59 robot_arb INFO Z=3.42 (threshold=2.5) — no signal (dup_check=LOCKED)
17:24:59 robot_arb INFO Z=3.31 (threshold=2.5) — no signal (dup_check=LOCKED)
17:25:00 robot_arb INFO Z=3.31 (threshold=2.5) — no signal (dup_check=LOCKED)
17:25:00 robot_arb INFO ⚠️ CHECK_ENTRY returned signal: {'action': 'entry', 'side': 'short_basis', 'z': 3.2078880682929256, 'basis': 8680.7, 'price_a': 93.53, 'price_b': 9616.0}
17:25:00 robot_arb INFO ENTRY SIGNAL short_basis | Z=3.21 basis=8680.70 | A=93.53 B=9616.00 | limit buy 10 @ 93.54 | market sell 1 @ 9611.19
17:25:00 orders_arb INFO gRPC sending: limit buy 100 (10 lots) GAZP@MISX acc=2049688 @ 93.54
17:25:00 orders_arb ERROR gRPC order error (GAZP@RTSX buy 10@93.54): code=StatusCode.UNAUTHENTICATED details=Invalid access key
17:25:00 orders_arb WARNING gRPC limit failed, falling back to DP server
17:25:00 orders_arb ERROR Limit order error (GAZP@RTSX buy 10@93.54): no response
17:25:00 robot_arb WARNING Entry failed: leg_a_place_failed
17:25:01 robot_arb INFO Z=3.21 (threshold=2.5) — no signal (dup_check=LOCKED)
17:25:01 robot_arb INFO Z=3.11 (threshold=2.5) — no signal (dup_check=LOCKED)
17:25:02 robot_arb INFO Z=3.11 (threshold=2.5) — no signal (dup_check=LOCKED)
17:25:02 robot_arb INFO ⚠️ CHECK_ENTRY returned signal: {'action': 'entry', 'side': 'short_basis', 'z': 3.0241382343988694, 'basis': 8680.7, 'price_a': 93.53, 'price_b': 9616.0}
17:25:02 robot_arb INFO ENTRY SIGNAL short_basis | Z=3.02 basis=8680.70 | A=93.53 B=9616.00 | limit buy 10 @ 93.54 | market sell 1 @ 9611.19
17:25:02 orders_arb INFO gRPC sending: limit buy 100 (10 lots) GAZP@MISX acc=2049688 @ 93.54
17:25:02 orders_arb ERROR gRPC order error (GAZP@RTSX buy 10@93.54): code=StatusCode.UNAUTHENTICATED details=Invalid access key
17:25:02 orders_arb WARNING gRPC limit failed, falling back to DP server
17:25:02 orders_arb ERROR Limit order error (GAZP@RTSX buy 10@93.54): no response
17:25:02 robot_arb WARNING Entry failed: leg_a_place_failed
17:25:03 robot_arb INFO Z=3.02 (threshold=2.5) — no signal (dup_check=LOCKED)
17:25:03 robot_arb INFO Z=3.29 (threshold=2.5) — no signal (dup_check=LOCKED)
17:25:04 robot_arb INFO Z=3.29 (threshold=2.5) — no signal (dup_check=LOCKED)
17:25:04 robot_arb INFO ⚠️ CHECK_ENTRY returned signal: {'action': 'entry', 'side': 'short_basis', 'z': 3.1901816790902116, 'basis': 8680.8, 'price_a': 93.52, 'price_b': 9616.0}
17:25:04 robot_arb INFO ENTRY SIGNAL short_basis | Z=3.19 basis=8680.80 | A=93.52 B=9616.00 | limit buy 10 @ 93.53 | market sell 1 @ 9611.19
17:25:04 orders_arb INFO gRPC sending: limit buy 100 (10 lots) GAZP@MISX acc=2049688 @ 93.53
17:25:04 orders_arb ERROR gRPC order error (GAZP@RTSX buy 10@93.53): code=StatusCode.UNAUTHENTICATED details=Invalid access key
17:25:04 orders_arb WARNING gRPC limit failed, falling back to DP server
17:25:04 orders_arb ERROR Limit order error (GAZP@RTSX buy 10@93.53): no response
17:25:04 robot_arb WARNING Entry failed: leg_a_place_failed
17:25:05 robot_arb INFO Z=3.19 (threshold=2.5) — no signal (dup_check=LOCKED)
17:25:05 robot_arb INFO Z=3.10 (threshold=2.5) — no signal (dup_check=LOCKED)
17:36:13 robot_arb INFO ⚠️ CHECK_ENTRY returned signal: {'action': 'entry', 'side': 'short_basis', 'z': 3.473005847393107, 'basis': 8666.1, 'price_a': 93.39, 'price_b': 9600.0}
17:36:13 robot_arb INFO ENTRY SIGNAL short_basis | Z=3.47 basis=8666.10 | A=93.39 B=9600.00 | limit buy 10 @ 93.40 | market sell 1 @ 9595.20
17:36:13 orders_arb INFO gRPC sending: limit buy 100 (10 lots) GAZP@MISX acc=2049688 @ 93.4
17:36:13 orders_arb ERROR gRPC order error (GAZP@RTSX buy 10@93.4): code=StatusCode.UNAUTHENTICATED details=Invalid access key
17:36:13 orders_arb WARNING gRPC limit failed, falling back to DP server
17:36:13 orders_arb ERROR Limit order error (GAZP@RTSX buy 10@93.4): no response
17:36:13 robot_arb WARNING Entry failed: leg_a_place_failed
17:36:13 robot_arb INFO Z=3.37 (threshold=2.5) — no signal (dup_check=LOCKED)
17:36:14 robot_arb INFO Z=3.37 (threshold=2.5) — no signal (dup_check=LOCKED)
17:36:14 robot_arb INFO Z=3.27 (threshold=2.5) — no signal (dup_check=LOCKED)
17:36:15 robot_arb INFO ⚠️ CHECK_ENTRY returned signal: {'action': 'entry', 'side': 'short_basis', 'z': 3.2737778741954435, 'basis': 8666.1, 'price_a': 93.39, 'price_b': 9600.0}
17:36:15 robot_arb INFO ENTRY SIGNAL short_basis | Z=3.27 basis=8666.10 | A=93.39 B=9600.00 | limit buy 10 @ 93.40 | market sell 1 @ 9595.20
17:36:15 orders_arb INFO gRPC sending: limit buy 100 (10 lots) GAZP@MISX acc=2049688 @ 93.4
17:36:15 orders_arb ERROR gRPC order error (GAZP@RTSX buy 10@93.4): code=StatusCode.UNAUTHENTICATED details=Invalid access key
17:36:15 orders_arb WARNING gRPC limit failed, falling back to DP server
17:36:15 orders_arb ERROR Limit order error (GAZP@RTSX buy 10@93.4): no response
17:36:15 robot_arb WARNING Entry failed: leg_a_place_failed
17:36:16 robot_arb INFO Z=3.19 (threshold=2.5) — no signal (dup_check=LOCKED)
17:36:16 robot_arb INFO Z=3.19 (threshold=2.5) — no signal (dup_check=LOCKED)
17:36:17 robot_arb INFO Z=3.10 (threshold=2.5) — no signal (dup_check=LOCKED)
17:36:17 robot_arb INFO ⚠️ CHECK_ENTRY returned signal: {'action': 'entry', 'side': 'short_basis', 'z': 3.1025122953668633, 'basis': 8666.1, 'price_a': 93.39, 'price_b': 9600.0}
17:36:17 robot_arb INFO ENTRY SIGNAL short_basis | Z=3.10 basis=8666.10 | A=93.39 B=9600.00 | limit buy 10 @ 93.40 | market sell 1 @ 9595.20
17:36:17 orders_arb INFO gRPC sending: limit buy 100 (10 lots) GAZP@MISX acc=2049688 @ 93.4
17:36:17 orders_arb ERROR gRPC order error (GAZP@RTSX buy 10@93.4): code=StatusCode.UNAUTHENTICATED details=Invalid access key
17:36:17 orders_arb WARNING gRPC limit failed, falling back to DP server
17:36:17 orders_arb ERROR Limit order error (GAZP@RTSX buy 10@93.4): no response
17:36:17 robot_arb WARNING Entry failed: leg_a_place_failed
17:36:18 robot_arb INFO Z=3.03 (threshold=2.5) — no signal (dup_check=LOCKED)
17:36:18 robot_arb INFO Z=3.03 (threshold=2.5) — no signal (dup_check=LOCKED)
17:36:19 robot_arb INFO Z=2.94 (threshold=2.5) — no signal (dup_check=LOCKED)
17:36:19 robot_arb INFO ⚠️ CHECK_ENTRY returned signal: {'action': 'entry', 'side': 'short_basis', 'z': 2.944680122503988, 'basis': 8666.1, 'price_a': 93.39, 'price_b': 9600.0}
17:36:19 robot_arb INFO ENTRY SIGNAL short_basis | Z=2.94 basis=8666.10 | A=93.39 B=9600.00 | limit buy 10 @ 93.40 | market sell 1 @ 9595.20
17:36:19 orders_arb INFO gRPC sending: limit buy 100 (10 lots) GAZP@MISX acc=2049688 @ 93.4
17:36:19 orders_arb ERROR gRPC order error (GAZP@RTSX buy 10@93.4): code=StatusCode.UNAUTHENTICATED details=Invalid access key
17:36:19 orders_arb WARNING gRPC limit failed, falling back to DP server
17:36:19 orders_arb ERROR Limit order error (GAZP@RTSX buy 10@93.4): no response
17:36:19 robot_arb WARNING Entry failed: leg_a_place_failed
17:36:20 robot_arb INFO Z=2.87 (threshold=2.5) — no signal (dup_check=LOCKED)
17:36:20 robot_arb INFO Z=2.87 (threshold=2.5) — no signal (dup_check=LOCKED)
17:36:21 robot_arb INFO Z=2.80 (threshold=2.5) — no signal (dup_check=LOCKED)
17:38:35 robot_arb INFO Z=2.31 (threshold=2.5) — no signal (dup_check=False)
17:50:27 robot_arb INFO ⚠️ CHECK_ENTRY returned signal: {'action': 'entry', 'side': 'short_basis', 'z': 2.5933301634052865, 'basis': 8683.0, 'price_a': 93.6, 'price_b': 9619.0}
17:50:27 robot_arb INFO ENTRY SIGNAL short_basis | Z=2.59 basis=8683.00 | A=93.60 B=9619.00 | limit buy 10 @ 93.60 | market sell 1 @ 9614.19
17:50:27 orders_arb INFO gRPC sending: limit buy 100 (10 lots) GAZP@MISX acc=2049688 @ 93.6
17:50:27 orders_arb ERROR gRPC order error (GAZP@RTSX buy 10@93.6): code=StatusCode.UNAUTHENTICATED details=Invalid access key
17:50:27 orders_arb WARNING gRPC limit failed, falling back to DP server
17:50:27 orders_arb ERROR Limit order error (GAZP@RTSX buy 10@93.6): no response
17:50:27 robot_arb WARNING Entry failed: leg_a_place_failed
17:50:28 robot_arb INFO Z=2.54 (threshold=2.5) — no signal (dup_check=LOCKED)
17:50:28 robot_arb INFO Z=2.54 (threshold=2.5) — no signal (dup_check=LOCKED)
17:50:29 robot_arb INFO Z=2.49 (threshold=2.5) — no signal (dup_check=LOCKED)
17:50:29 robot_arb INFO Z=2.49 (threshold=2.5) — no signal (dup_check=False)
17:50:30 robot_arb INFO Z=2.45 (threshold=2.5) — no signal (dup_check=False)
17:50:30 robot_arb INFO Z=2.45 (threshold=2.5) — no signal (dup_check=False)
17:50:31 robot_arb INFO Z=2.40 (threshold=2.5) — no signal (dup_check=False)
17:50:31 robot_arb INFO Z=2.40 (threshold=2.5) — no signal (dup_check=False)
17:50:32 robot_arb INFO Z=2.36 (threshold=2.5) — no signal (dup_check=False)
17:50:32 robot_arb INFO Z=2.36 (threshold=2.5) — no signal (dup_check=False)
17:50:33 robot_arb INFO Z=2.32 (threshold=2.5) — no signal (dup_check=False)
17:50:33 robot_arb INFO Z=2.32 (threshold=2.5) — no signal (dup_check=False)
17:50:35 robot_arb INFO ⚠️ CHECK_ENTRY returned signal: {'action': 'entry', 'side': 'short_basis', 'z': 3.0795110337720217, 'basis': 8683.1, 'price_a': 93.59, 'price_b': 9619.0}
17:50:35 robot_arb INFO ENTRY SIGNAL short_basis | Z=3.08 basis=8683.10 | A=93.59 B=9619.00 | limit buy 10 @ 93.60 | market sell 1 @ 9614.19
17:50:35 orders_arb INFO gRPC sending: limit buy 100 (10 lots) GAZP@MISX acc=2049688 @ 93.6
17:50:35 orders_arb ERROR gRPC order error (GAZP@RTSX buy 10@93.6): code=StatusCode.UNAUTHENTICATED details=Invalid access key
17:50:35 orders_arb WARNING gRPC limit failed, falling back to DP server
17:50:35 orders_arb ERROR Limit order error (GAZP@RTSX buy 10@93.6): no response
17:50:35 robot_arb WARNING Entry failed: leg_a_place_failed
17:50:35 robot_arb INFO Z=3.08 (threshold=2.5) — no signal (dup_check=LOCKED)
17:50:36 robot_arb INFO Z=3.00 (threshold=2.5) — no signal (dup_check=LOCKED)
17:50:36 robot_arb INFO Z=3.00 (threshold=2.5) — no signal (dup_check=LOCKED)
17:50:37 robot_arb INFO ⚠️ CHECK_ENTRY returned signal: {'action': 'entry', 'side': 'short_basis', 'z': 2.9223496498265122, 'basis': 8683.1, 'price_a': 93.59, 'price_b': 9619.0}
17:50:37 robot_arb INFO ENTRY SIGNAL short_basis | Z=2.92 basis=8683.10 | A=93.59 B=9619.00 | limit buy 10 @ 93.60 | market sell 1 @ 9614.19
17:50:37 orders_arb INFO gRPC sending: limit buy 100 (10 lots) GAZP@MISX acc=2049688 @ 93.6
17:50:37 orders_arb ERROR gRPC order error (GAZP@RTSX buy 10@93.6): code=StatusCode.UNAUTHENTICATED details=Invalid access key
17:50:37 orders_arb WARNING gRPC limit failed, falling back to DP server
17:50:37 orders_arb ERROR Limit order error (GAZP@RTSX buy 10@93.6): no response
17:50:37 robot_arb WARNING Entry failed: leg_a_place_failed
17:50:37 robot_arb INFO Z=2.92 (threshold=2.5) — no signal (dup_check=LOCKED)
17:50:38 robot_arb INFO Z=2.85 (threshold=2.5) — no signal (dup_check=LOCKED)
17:50:38 robot_arb INFO Z=2.85 (threshold=2.5) — no signal (dup_check=LOCKED)
17:50:39 robot_arb INFO ⚠️ CHECK_ENTRY returned signal: {'action': 'entry', 'side': 'short_basis', 'z': 2.784450494615055, 'basis': 8683.1, 'price_a': 93.59, 'price_b': 9619.0}
17:50:39 robot_arb INFO ENTRY SIGNAL short_basis | Z=2.78 basis=8683.10 | A=93.59 B=9619.00 | limit buy 10 @ 93.60 | market sell 1 @ 9614.19
17:50:39 orders_arb INFO gRPC sending: limit buy 100 (10 lots) GAZP@MISX acc=2049688 @ 93.6
17:50:39 orders_arb ERROR gRPC order error (GAZP@RTSX buy 10@93.6): code=StatusCode.UNAUTHENTICATED details=Invalid access key
17:50:39 orders_arb WARNING gRPC limit failed, falling back to DP server
17:50:39 orders_arb ERROR Limit order error (GAZP@RTSX buy 10@93.6): no response
17:50:39 robot_arb WARNING Entry failed: leg_a_place_failed
17:50:40 robot_arb INFO Z=2.78 (threshold=2.5) — no signal (dup_check=LOCKED)
17:58:45 robot_arb INFO ⚠️ CHECK_ENTRY returned signal: {'action': 'entry', 'side': 'short_basis', 'z': 2.6258604908434267, 'basis': 8687.5, 'price_a': 93.65, 'price_b': 9624.0}
17:58:45 robot_arb INFO ENTRY SIGNAL short_basis | Z=2.63 basis=8687.50 | A=93.65 B=9624.00 | limit buy 10 @ 93.65 | market sell 1 @ 9619.19
17:58:45 orders_arb INFO gRPC sending: limit buy 100 (10 lots) GAZP@MISX acc=2049688 @ 93.65
17:58:45 orders_arb ERROR gRPC order error (GAZP@RTSX buy 10@93.65): code=StatusCode.UNAUTHENTICATED details=Invalid access key
17:58:45 orders_arb WARNING gRPC limit failed, falling back to DP server
17:58:45 orders_arb ERROR Limit order error (GAZP@RTSX buy 10@93.65): no response
17:58:45 robot_arb WARNING Entry failed: leg_a_place_failed
17:58:45 robot_arb INFO Z=2.63 (threshold=2.5) — no signal (dup_check=LOCKED)
17:58:46 robot_arb INFO Z=2.59 (threshold=2.5) — no signal (dup_check=LOCKED)
17:58:46 robot_arb INFO Z=2.59 (threshold=2.5) — no signal (dup_check=LOCKED)
17:59:29 robot_arb INFO ⚠️ CHECK_ENTRY returned signal: {'action': 'entry', 'side': 'short_basis', 'z': 3.6293309315564883, 'basis': 8689.4, 'price_a': 93.66, 'price_b': 9626.0}
17:59:29 robot_arb INFO ENTRY SIGNAL short_basis | Z=3.63 basis=8689.40 | A=93.66 B=9626.00 | limit buy 10 @ 93.68 | market sell 1 @ 9621.19
17:59:29 orders_arb INFO gRPC sending: limit buy 100 (10 lots) GAZP@MISX acc=2049688 @ 93.68
17:59:29 orders_arb ERROR gRPC order error (GAZP@RTSX buy 10@93.68): code=StatusCode.UNAUTHENTICATED details=Invalid access key
17:59:29 orders_arb WARNING gRPC limit failed, falling back to DP server
17:59:30 orders_arb ERROR Limit order error (GAZP@RTSX buy 10@93.68): no response
17:59:30 robot_arb WARNING Entry failed: leg_a_place_failed
17:59:30 robot_arb INFO Z=3.50 (threshold=2.5) — no signal (dup_check=LOCKED)
17:59:31 robot_arb INFO Z=3.50 (threshold=2.5) — no signal (dup_check=LOCKED)
17:59:31 robot_arb INFO Z=3.39 (threshold=2.5) — no signal (dup_check=LOCKED)
17:59:32 robot_arb INFO ⚠️ CHECK_ENTRY returned signal: {'action': 'entry', 'side': 'short_basis', 'z': 3.3878254896015085, 'basis': 8689.4, 'price_a': 93.66, 'price_b': 9626.0}
17:59:32 robot_arb INFO ENTRY SIGNAL short_basis | Z=3.39 basis=8689.40 | A=93.66 B=9626.00 | limit buy 10 @ 93.68 | market sell 1 @ 9621.19
17:59:32 orders_arb INFO gRPC sending: limit buy 100 (10 lots) GAZP@MISX acc=2049688 @ 93.68
17:59:32 orders_arb ERROR gRPC order error (GAZP@RTSX buy 10@93.68): code=StatusCode.UNAUTHENTICATED details=Invalid access key
17:59:32 orders_arb WARNING gRPC limit failed, falling back to DP server
17:59:32 orders_arb ERROR Limit order error (GAZP@RTSX buy 10@93.68): no response
17:59:32 robot_arb WARNING Entry failed: leg_a_place_failed
17:59:32 robot_arb INFO Z=3.28 (threshold=2.5) — no signal (dup_check=LOCKED)
17:59:33 robot_arb INFO Z=3.28 (threshold=2.5) — no signal (dup_check=LOCKED)
17:59:33 robot_arb INFO Z=3.19 (threshold=2.5) — no signal (dup_check=LOCKED)
18:02:43 robot_arb INFO ⚠️ CHECK_ENTRY returned signal: {'action': 'entry', 'side': 'short_basis', 'z': 4.212044105606542, 'basis': 8710.7, 'price_a': 93.83, 'price_b': 9649.0}
18:02:43 robot_arb INFO ENTRY SIGNAL short_basis | Z=4.21 basis=8710.70 | A=93.83 B=9649.00 | limit buy 10 @ 93.83 | market sell 1 @ 9644.18
18:02:43 orders_arb INFO gRPC sending: limit buy 100 (10 lots) GAZP@MISX acc=2049688 @ 93.83
18:02:43 orders_arb ERROR gRPC order error (GAZP@RTSX buy 10@93.83): code=StatusCode.UNAUTHENTICATED details=Invalid access key
18:02:43 orders_arb WARNING gRPC limit failed, falling back to DP server
18:02:43 orders_arb ERROR Limit order error (GAZP@RTSX buy 10@93.83): no response
18:02:43 robot_arb WARNING Entry failed: leg_a_place_failed
18:02:43 robot_arb INFO Z=4.21 (threshold=2.5) — no signal (dup_check=LOCKED)
18:02:44 robot_arb INFO Z=4.02 (threshold=2.5) — no signal (dup_check=LOCKED)
18:02:44 robot_arb INFO Z=4.02 (threshold=2.5) — no signal (dup_check=LOCKED)
18:09:41 robot_arb INFO Z=2.42 (threshold=2.5) — no signal (dup_check=False)
18:09:41 robot_arb INFO Z=2.37 (threshold=2.5) — no signal (dup_check=False)
18:09:42 robot_arb INFO Z=2.37 (threshold=2.5) — no signal (dup_check=False)
18:09:42 robot_arb INFO Z=2.33 (threshold=2.5) — no signal (dup_check=False)
18:09:43 robot_arb INFO Z=2.33 (threshold=2.5) — no signal (dup_check=False)
18:09:44 robot_arb INFO ⚠️ CHECK_ENTRY returned signal: {'action': 'entry', 'side': 'short_basis', 'z': 2.8194085820072963, 'basis': 8718.4, 'price_a': 93.96, 'price_b': 9658.0}
18:09:44 robot_arb INFO ENTRY SIGNAL short_basis | Z=2.82 basis=8718.40 | A=93.96 B=9658.00 | limit buy 10 @ 94.00 | market sell 1 @ 9653.17
18:09:44 orders_arb INFO gRPC sending: limit buy 100 (10 lots) GAZP@MISX acc=2049688 @ 94.0
18:09:44 orders_arb ERROR gRPC order error (GAZP@RTSX buy 10@94.0): code=StatusCode.UNAUTHENTICATED details=Invalid access key
18:09:44 orders_arb WARNING gRPC limit failed, falling back to DP server
18:09:44 orders_arb ERROR Limit order error (GAZP@RTSX buy 10@94.0): no response
18:09:44 robot_arb WARNING Entry failed: leg_a_place_failed
18:09:44 robot_arb INFO Z=2.75 (threshold=2.5) — no signal (dup_check=LOCKED)
18:09:45 robot_arb INFO Z=2.75 (threshold=2.5) — no signal (dup_check=LOCKED)
18:09:45 robot_arb INFO Z=2.69 (threshold=2.5) — no signal (dup_check=LOCKED)
18:25:07 robot_arb INFO ⚠️ CHECK_ENTRY returned signal: {'action': 'entry', 'side': 'short_basis', 'z': 2.610058253032235, 'basis': 8725.0, 'price_a': 94.1, 'price_b': 9666.0}
18:25:07 robot_arb INFO ENTRY SIGNAL short_basis | Z=2.61 basis=8725.00 | A=94.10 B=9666.00 | limit buy 10 @ 94.11 | market sell 1 @ 9661.17
18:25:07 orders_arb INFO gRPC sending: limit buy 100 (10 lots) GAZP@MISX acc=2049688 @ 94.11
18:25:07 orders_arb ERROR gRPC order error (GAZP@RTSX buy 10@94.11): code=StatusCode.UNAUTHENTICATED details=Invalid access key
18:25:07 orders_arb WARNING gRPC limit failed, falling back to DP server
18:25:07 orders_arb ERROR Limit order error (GAZP@RTSX buy 10@94.11): no response
18:25:07 robot_arb WARNING Entry failed: leg_a_place_failed
18:25:08 robot_arb INFO Z=2.56 (threshold=2.5) — no signal (dup_check=LOCKED)
18:25:08 robot_arb INFO Z=2.56 (threshold=2.5) — no signal (dup_check=LOCKED)
18:25:09 robot_arb INFO Z=2.52 (threshold=2.5) — no signal (dup_check=LOCKED)
18:25:09 robot_arb INFO ⚠️ CHECK_ENTRY returned signal: {'action': 'entry', 'side': 'short_basis', 'z': 2.51589383915032, 'basis': 8725.0, 'price_a': 94.1, 'price_b': 9666.0}
18:25:09 robot_arb INFO ENTRY SIGNAL short_basis | Z=2.52 basis=8725.00 | A=94.10 B=9666.00 | limit buy 10 @ 94.11 | market sell 1 @ 9661.17
18:25:09 orders_arb INFO gRPC sending: limit buy 100 (10 lots) GAZP@MISX acc=2049688 @ 94.11
18:25:09 orders_arb ERROR gRPC order error (GAZP@RTSX buy 10@94.11): code=StatusCode.UNAUTHENTICATED details=Invalid access key
18:25:09 orders_arb WARNING gRPC limit failed, falling back to DP server
18:25:10 orders_arb ERROR Limit order error (GAZP@RTSX buy 10@94.11): no response
18:25:10 robot_arb WARNING Entry failed: leg_a_place_failed
18:25:10 robot_arb INFO Z=2.47 (threshold=2.5) — no signal (dup_check=LOCKED)
18:25:11 robot_arb INFO Z=2.47 (threshold=2.5) — no signal (dup_check=LOCKED)
18:25:11 robot_arb INFO Z=2.43 (threshold=2.5) — no signal (dup_check=LOCKED)
18:25:12 robot_arb INFO Z=2.43 (threshold=2.5) — no signal (dup_check=False)
18:25:13 robot_arb INFO ⚠️ CHECK_ENTRY returned signal: {'action': 'entry', 'side': 'short_basis', 'z': 4.14742051064742, 'basis': 8729.7, 'price_a': 94.13, 'price_b': 9671.0}
18:25:13 robot_arb INFO ENTRY SIGNAL short_basis | Z=4.15 basis=8729.70 | A=94.13 B=9671.00 | limit buy 10 @ 94.13 | market sell 1 @ 9666.16
18:25:13 orders_arb INFO gRPC sending: limit buy 100 (10 lots) GAZP@MISX acc=2049688 @ 94.13
18:25:13 orders_arb ERROR gRPC order error (GAZP@RTSX buy 10@94.13): code=StatusCode.UNAUTHENTICATED details=Invalid access key
18:25:13 orders_arb WARNING gRPC limit failed, falling back to DP server
18:25:13 orders_arb ERROR Limit order error (GAZP@RTSX buy 10@94.13): no response
18:25:13 robot_arb WARNING Entry failed: leg_a_place_failed
18:25:13 robot_arb INFO Z=3.97 (threshold=2.5) — no signal (dup_check=LOCKED)
18:25:14 robot_arb INFO Z=3.97 (threshold=2.5) — no signal (dup_check=LOCKED)
18:25:14 robot_arb INFO Z=3.81 (threshold=2.5) — no signal (dup_check=LOCKED)
18:25:15 robot_arb INFO ⚠️ CHECK_ENTRY returned signal: {'action': 'entry', 'side': 'short_basis', 'z': 3.8099084597827577, 'basis': 8729.7, 'price_a': 94.13, 'price_b': 9671.0}
18:25:15 robot_arb INFO ENTRY SIGNAL short_basis | Z=3.81 basis=8729.70 | A=94.13 B=9671.00 | limit buy 10 @ 94.13 | market sell 1 @ 9666.16
18:25:15 orders_arb INFO gRPC sending: limit buy 100 (10 lots) GAZP@MISX acc=2049688 @ 94.13
18:25:15 orders_arb ERROR gRPC order error (GAZP@RTSX buy 10@94.13): code=StatusCode.UNAUTHENTICATED details=Invalid access key
18:25:15 orders_arb WARNING gRPC limit failed, falling back to DP server
18:25:15 orders_arb ERROR Limit order error (GAZP@RTSX buy 10@94.13): no response
18:25:15 robot_arb WARNING Entry failed: leg_a_place_failed
18:25:15 robot_arb INFO Z=3.66 (threshold=2.5) — no signal (dup_check=LOCKED)
18:25:16 robot_arb INFO Z=3.66 (threshold=2.5) — no signal (dup_check=LOCKED)
18:25:16 robot_arb INFO Z=3.53 (threshold=2.5) — no signal (dup_check=LOCKED)
18:25:17 robot_arb INFO ⚠️ CHECK_ENTRY returned signal: {'action': 'entry', 'side': 'short_basis', 'z': 3.526022663128454, 'basis': 8729.7, 'price_a': 94.13, 'price_b': 9671.0}
18:25:17 robot_arb INFO ENTRY SIGNAL short_basis | Z=3.53 basis=8729.70 | A=94.13 B=9671.00 | limit buy 10 @ 94.13 | market sell 1 @ 9666.16
18:25:17 orders_arb INFO gRPC sending: limit buy 100 (10 lots) GAZP@MISX acc=2049688 @ 94.13
18:25:17 orders_arb ERROR gRPC order error (GAZP@RTSX buy 10@94.13): code=StatusCode.UNAUTHENTICATED details=Invalid access key
18:25:17 orders_arb WARNING gRPC limit failed, falling back to DP server
18:25:17 orders_arb ERROR Limit order error (GAZP@RTSX buy 10@94.13): no response
18:25:17 robot_arb WARNING Entry failed: leg_a_place_failed
18:25:18 robot_arb INFO Z=3.40 (threshold=2.5) — no signal (dup_check=LOCKED)
18:25:19 robot_arb INFO Z=3.29 (threshold=2.5) — no signal (dup_check=LOCKED)
18:25:19 robot_arb INFO ⚠️ CHECK_ENTRY returned signal: {'action': 'entry', 'side': 'short_basis', 'z': 3.2929012424162676, 'basis': 8733.3, 'price_a': 94.17, 'price_b': 9675.0}
18:25:19 robot_arb INFO ENTRY SIGNAL short_basis | Z=3.29 basis=8733.30 | A=94.17 B=9675.00 | limit buy 10 @ 94.18 | market sell 1 @ 9670.16
18:25:19 orders_arb INFO gRPC sending: limit buy 100 (10 lots) GAZP@MISX acc=2049688 @ 94.18
18:25:19 orders_arb ERROR gRPC order error (GAZP@RTSX buy 10@94.18): code=StatusCode.UNAUTHENTICATED details=Invalid access key
18:25:19 orders_arb WARNING gRPC limit failed, falling back to DP server
18:25:19 orders_arb ERROR Limit order error (GAZP@RTSX buy 10@94.18): no response
18:25:19 robot_arb WARNING Entry failed: leg_a_place_failed
18:25:20 robot_arb INFO Z=3.19 (threshold=2.5) — no signal (dup_check=LOCKED)
18:25:20 robot_arb INFO Z=3.19 (threshold=2.5) — no signal (dup_check=LOCKED)
18:25:21 robot_arb INFO Z=3.10 (threshold=2.5) — no signal (dup_check=LOCKED)
18:25:21 robot_arb INFO ⚠️ CHECK_ENTRY returned signal: {'action': 'entry', 'side': 'short_basis', 'z': 3.0967727986522258, 'basis': 8733.3, 'price_a': 94.17, 'price_b': 9675.0}
18:25:21 robot_arb INFO ENTRY SIGNAL short_basis | Z=3.10 basis=8733.30 | A=94.17 B=9675.00 | limit buy 10 @ 94.18 | market sell 1 @ 9670.16
18:25:21 orders_arb INFO gRPC sending: limit buy 100 (10 lots) GAZP@MISX acc=2049688 @ 94.18
18:25:21 orders_arb ERROR gRPC order error (GAZP@RTSX buy 10@94.18): code=StatusCode.UNAUTHENTICATED details=Invalid access key
18:25:21 orders_arb WARNING gRPC limit failed, falling back to DP server
18:25:21 orders_arb ERROR Limit order error (GAZP@RTSX buy 10@94.18): no response
18:25:21 robot_arb WARNING Entry failed: leg_a_place_failed
18:25:22 robot_arb INFO Z=3.01 (threshold=2.5) — no signal (dup_check=LOCKED)
18:25:22 robot_arb INFO Z=3.01 (threshold=2.5) — no signal (dup_check=LOCKED)
18:25:23 robot_arb INFO Z=2.93 (threshold=2.5) — no signal (dup_check=LOCKED)
18:25:23 robot_arb INFO ⚠️ CHECK_ENTRY returned signal: {'action': 'entry', 'side': 'short_basis', 'z': 2.9285931184885325, 'basis': 8733.3, 'price_a': 94.17, 'price_b': 9675.0}
18:25:23 robot_arb INFO ENTRY SIGNAL short_basis | Z=2.93 basis=8733.30 | A=94.17 B=9675.00 | limit buy 10 @ 94.18 | market sell 1 @ 9670.16
18:25:23 orders_arb INFO gRPC sending: limit buy 100 (10 lots) GAZP@MISX acc=2049688 @ 94.18
18:25:23 orders_arb ERROR gRPC order error (GAZP@RTSX buy 10@94.18): code=StatusCode.UNAUTHENTICATED details=Invalid access key
18:25:23 orders_arb WARNING gRPC limit failed, falling back to DP server
18:25:23 orders_arb ERROR Limit order error (GAZP@RTSX buy 10@94.18): no response
18:25:23 robot_arb WARNING Entry failed: leg_a_place_failed
18:25:24 robot_arb INFO Z=3.44 (threshold=2.5) — no signal (dup_check=LOCKED)
18:25:24 robot_arb INFO Z=3.44 (threshold=2.5) — no signal (dup_check=LOCKED)
18:25:25 robot_arb INFO Z=3.32 (threshold=2.5) — no signal (dup_check=LOCKED)
18:25:25 robot_arb INFO ⚠️ CHECK_ENTRY returned signal: {'action': 'entry', 'side': 'short_basis', 'z': 3.3241877527069197, 'basis': 8734.3, 'price_a': 94.17, 'price_b': 9676.0}
18:25:25 robot_arb INFO ENTRY SIGNAL short_basis | Z=3.32 basis=8734.30 | A=94.17 B=9676.00 | limit buy 10 @ 94.18 | market sell 1 @ 9671.16
18:25:25 orders_arb INFO gRPC sending: limit buy 100 (10 lots) GAZP@MISX acc=2049688 @ 94.18
18:25:26 orders_arb ERROR gRPC order error (GAZP@RTSX buy 10@94.18): code=StatusCode.UNAUTHENTICATED details=Invalid access key
18:25:26 orders_arb WARNING gRPC limit failed, falling back to DP server
18:25:26 orders_arb ERROR Limit order error (GAZP@RTSX buy 10@94.18): no response
18:25:26 robot_arb WARNING Entry failed: leg_a_place_failed
18:25:26 robot_arb INFO Z=3.22 (threshold=2.5) — no signal (dup_check=LOCKED)
18:25:27 robot_arb INFO Z=3.22 (threshold=2.5) — no signal (dup_check=LOCKED)
18:25:27 robot_arb INFO Z=3.12 (threshold=2.5) — no signal (dup_check=LOCKED)
18:25:28 robot_arb INFO ⚠️ CHECK_ENTRY returned signal: {'action': 'entry', 'side': 'short_basis', 'z': 3.1232024183621228, 'basis': 8734.3, 'price_a': 94.17, 'price_b': 9676.0}
18:25:28 robot_arb INFO ENTRY SIGNAL short_basis | Z=3.12 basis=8734.30 | A=94.17 B=9676.00 | limit buy 10 @ 94.18 | market sell 1 @ 9671.16
18:25:28 orders_arb INFO gRPC sending: limit buy 100 (10 lots) GAZP@MISX acc=2049688 @ 94.18
18:25:28 orders_arb ERROR gRPC order error (GAZP@RTSX buy 10@94.18): code=StatusCode.UNAUTHENTICATED details=Invalid access key
18:25:28 orders_arb WARNING gRPC limit failed, falling back to DP server
18:25:28 orders_arb ERROR Limit order error (GAZP@RTSX buy 10@94.18): no response
18:25:28 robot_arb WARNING Entry failed: leg_a_place_failed
18:25:28 robot_arb INFO Z=3.03 (threshold=2.5) — no signal (dup_check=LOCKED)
18:25:29 robot_arb INFO Z=3.03 (threshold=2.5) — no signal (dup_check=LOCKED)
18:25:29 robot_arb INFO Z=2.43 (threshold=2.5) — no signal (dup_check=LOCKED)
18:25:30 robot_arb INFO Z=2.43 (threshold=2.5) — no signal (dup_check=False)
18:25:30 robot_arb INFO Z=2.38 (threshold=2.5) — no signal (dup_check=False)
18:25:31 robot_arb INFO Z=2.38 (threshold=2.5) — no signal (dup_check=False)
18:25:31 robot_arb INFO Z=2.33 (threshold=2.5) — no signal (dup_check=False)
18:25:32 robot_arb INFO Z=2.33 (threshold=2.5) — no signal (dup_check=False)
18:25:35 robot_arb INFO ⚠️ CHECK_ENTRY returned signal: {'action': 'entry', 'side': 'short_basis', 'z': 2.7225757718202575, 'basis': 8735.2, 'price_a': 94.18, 'price_b': 9677.0}
18:25:35 robot_arb INFO ENTRY SIGNAL short_basis | Z=2.72 basis=8735.20 | A=94.18 B=9677.00 | limit buy 10 @ 94.19 | market sell 1 @ 9672.16
18:25:35 orders_arb INFO gRPC sending: limit buy 100 (10 lots) GAZP@MISX acc=2049688 @ 94.19
18:25:35 orders_arb ERROR gRPC order error (GAZP@RTSX buy 10@94.19): code=StatusCode.UNAUTHENTICATED details=Invalid access key
18:25:35 orders_arb WARNING gRPC limit failed, falling back to DP server
18:25:35 orders_arb ERROR Limit order error (GAZP@RTSX buy 10@94.19): no response
18:25:35 robot_arb WARNING Entry failed: leg_a_place_failed
18:25:35 robot_arb INFO Z=2.66 (threshold=2.5) — no signal (dup_check=LOCKED)
18:25:36 robot_arb INFO Z=2.66 (threshold=2.5) — no signal (dup_check=LOCKED)
18:25:36 robot_arb INFO Z=2.60 (threshold=2.5) — no signal (dup_check=LOCKED)
18:25:37 robot_arb INFO ⚠️ CHECK_ENTRY returned signal: {'action': 'entry', 'side': 'short_basis', 'z': 2.599933970769357, 'basis': 8735.2, 'price_a': 94.18, 'price_b': 9677.0}
18:25:37 robot_arb INFO ENTRY SIGNAL short_basis | Z=2.60 basis=8735.20 | A=94.18 B=9677.00 | limit buy 10 @ 94.19 | market sell 1 @ 9672.16
18:25:37 orders_arb INFO gRPC sending: limit buy 100 (10 lots) GAZP@MISX acc=2049688 @ 94.19
18:25:37 orders_arb ERROR gRPC order error (GAZP@RTSX buy 10@94.19): code=StatusCode.UNAUTHENTICATED details=Invalid access key
18:25:37 orders_arb WARNING gRPC limit failed, falling back to DP server
18:25:37 orders_arb ERROR Limit order error (GAZP@RTSX buy 10@94.19): no response
18:25:37 robot_arb WARNING Entry failed: leg_a_place_failed
18:25:38 robot_arb INFO Z=2.54 (threshold=2.5) — no signal (dup_check=LOCKED)
18:25:38 robot_arb INFO Z=2.54 (threshold=2.5) — no signal (dup_check=LOCKED)
18:25:39 robot_arb INFO Z=2.49 (threshold=2.5) — no signal (dup_check=LOCKED)
18:25:39 robot_arb INFO Z=2.49 (threshold=2.5) — no signal (dup_check=False)
18:25:40 robot_arb INFO ⚠️ CHECK_ENTRY returned signal: {'action': 'entry', 'side': 'short_basis', 'z': 3.3346109568917854, 'basis': 8735.4, 'price_a': 94.16, 'price_b': 9677.0}
18:25:40 robot_arb INFO ENTRY SIGNAL short_basis | Z=3.33 basis=8735.40 | A=94.16 B=9677.00 | limit buy 10 @ 94.18 | market sell 1 @ 9672.16
18:25:40 orders_arb INFO gRPC sending: limit buy 100 (10 lots) GAZP@MISX acc=2049688 @ 94.18
18:25:40 orders_arb ERROR gRPC order error (GAZP@RTSX buy 10@94.18): code=StatusCode.UNAUTHENTICATED details=Invalid access key
18:25:40 orders_arb WARNING gRPC limit failed, falling back to DP server
18:25:40 orders_arb ERROR Limit order error (GAZP@RTSX buy 10@94.18): no response
18:25:40 robot_arb WARNING Entry failed: leg_a_place_failed
18:25:40 robot_arb INFO Z=3.33 (threshold=2.5) — no signal (dup_check=LOCKED)
18:25:41 robot_arb INFO Z=3.23 (threshold=2.5) — no signal (dup_check=LOCKED)
18:25:41 robot_arb INFO Z=3.23 (threshold=2.5) — no signal (dup_check=LOCKED)
18:25:42 robot_arb INFO ⚠️ CHECK_ENTRY returned signal: {'action': 'entry', 'side': 'short_basis', 'z': 3.1321536440165563, 'basis': 8735.4, 'price_a': 94.16, 'price_b': 9677.0}
18:25:42 robot_arb INFO ENTRY SIGNAL short_basis | Z=3.13 basis=8735.40 | A=94.16 B=9677.00 | limit buy 10 @ 94.18 | market sell 1 @ 9672.16
18:25:42 orders_arb INFO gRPC sending: limit buy 100 (10 lots) GAZP@MISX acc=2049688 @ 94.18
18:25:42 orders_arb ERROR gRPC order error (GAZP@RTSX buy 10@94.18): code=StatusCode.UNAUTHENTICATED details=Invalid access key
18:25:42 orders_arb WARNING gRPC limit failed, falling back to DP server
18:25:42 orders_arb ERROR Limit order error (GAZP@RTSX buy 10@94.18): no response
18:25:42 robot_arb WARNING Entry failed: leg_a_place_failed
18:25:42 robot_arb INFO Z=3.13 (threshold=2.5) — no signal (dup_check=LOCKED)
18:25:43 robot_arb INFO Z=3.04 (threshold=2.5) — no signal (dup_check=LOCKED)
18:25:43 robot_arb INFO Z=3.04 (threshold=2.5) — no signal (dup_check=LOCKED)
18:25:44 robot_arb INFO ⚠️ CHECK_ENTRY returned signal: {'action': 'entry', 'side': 'short_basis', 'z': 2.963336296671111, 'basis': 8735.4, 'price_a': 94.16, 'price_b': 9677.0}
18:25:44 robot_arb INFO ENTRY SIGNAL short_basis | Z=2.96 basis=8735.40 | A=94.16 B=9677.00 | limit buy 10 @ 94.18 | market sell 1 @ 9672.16
18:25:44 orders_arb INFO gRPC sending: limit buy 100 (10 lots) GAZP@MISX acc=2049688 @ 94.18
18:25:44 orders_arb ERROR gRPC order error (GAZP@RTSX buy 10@94.18): code=StatusCode.UNAUTHENTICATED details=Invalid access key
18:25:44 orders_arb WARNING gRPC limit failed, falling back to DP server
18:25:44 orders_arb ERROR Limit order error (GAZP@RTSX buy 10@94.18): no response
18:25:44 robot_arb WARNING Entry failed: leg_a_place_failed
18:25:44 robot_arb INFO Z=2.96 (threshold=2.5) — no signal (dup_check=LOCKED)
18:25:45 robot_arb INFO Z=2.89 (threshold=2.5) — no signal (dup_check=LOCKED)
18:25:51 robot_arb INFO ⚠️ CHECK_ENTRY returned signal: {'action': 'entry', 'side': 'short_basis', 'z': 3.025169809044048, 'basis': 8736.4, 'price_a': 94.16, 'price_b': 9678.0}
18:25:51 robot_arb INFO ENTRY SIGNAL short_basis | Z=3.03 basis=8736.40 | A=94.16 B=9678.00 | limit buy 10 @ 94.17 | market sell 1 @ 9673.16
18:25:51 orders_arb INFO gRPC sending: limit buy 100 (10 lots) GAZP@MISX acc=2049688 @ 94.17
18:25:51 orders_arb ERROR gRPC order error (GAZP@RTSX buy 10@94.17): code=StatusCode.UNAUTHENTICATED details=Invalid access key
18:25:51 orders_arb WARNING gRPC limit failed, falling back to DP server
18:25:51 orders_arb ERROR Limit order error (GAZP@RTSX buy 10@94.17): no response
18:25:51 robot_arb WARNING Entry failed: leg_a_place_failed
18:25:52 robot_arb INFO Z=3.03 (threshold=2.5) — no signal (dup_check=LOCKED)
18:25:52 robot_arb INFO Z=2.95 (threshold=2.5) — no signal (dup_check=LOCKED)
18:25:53 robot_arb INFO Z=2.95 (threshold=2.5) — no signal (dup_check=LOCKED)
18:25:53 robot_arb INFO ⚠️ CHECK_ENTRY returned signal: {'action': 'entry', 'side': 'short_basis', 'z': 2.8720331966276498, 'basis': 8736.4, 'price_a': 94.16, 'price_b': 9678.0}
18:25:53 robot_arb INFO ENTRY SIGNAL short_basis | Z=2.87 basis=8736.40 | A=94.16 B=9678.00 | limit buy 10 @ 94.17 | market sell 1 @ 9673.16
18:25:53 orders_arb INFO gRPC sending: limit buy 100 (10 lots) GAZP@MISX acc=2049688 @ 94.17
18:25:53 orders_arb ERROR gRPC order error (GAZP@RTSX buy 10@94.17): code=StatusCode.UNAUTHENTICATED details=Invalid access key
18:25:53 orders_arb WARNING gRPC limit failed, falling back to DP server
18:25:53 orders_arb ERROR Limit order error (GAZP@RTSX buy 10@94.17): no response
18:25:53 robot_arb WARNING Entry failed: leg_a_place_failed
18:25:54 robot_arb INFO Z=2.87 (threshold=2.5) — no signal (dup_check=LOCKED)
18:25:54 robot_arb INFO Z=2.80 (threshold=2.5) — no signal (dup_check=LOCKED)
18:25:55 robot_arb INFO Z=2.80 (threshold=2.5) — no signal (dup_check=LOCKED)
18:25:55 robot_arb INFO ⚠️ CHECK_ENTRY returned signal: {'action': 'entry', 'side': 'short_basis', 'z': 2.737415982032778, 'basis': 8736.4, 'price_a': 94.16, 'price_b': 9678.0}
18:25:55 robot_arb INFO ENTRY SIGNAL short_basis | Z=2.74 basis=8736.40 | A=94.16 B=9678.00 | limit buy 10 @ 94.17 | market sell 1 @ 9673.16
18:25:55 orders_arb INFO gRPC sending: limit buy 100 (10 lots) GAZP@MISX acc=2049688 @ 94.17
18:25:55 orders_arb ERROR gRPC order error (GAZP@RTSX buy 10@94.17): code=StatusCode.UNAUTHENTICATED details=Invalid access key
18:25:55 orders_arb WARNING gRPC limit failed, falling back to DP server
18:25:55 orders_arb ERROR Limit order error (GAZP@RTSX buy 10@94.17): no response
18:25:55 robot_arb WARNING Entry failed: leg_a_place_failed
18:28:04 robot_arb INFO ⚠️ CHECK_ENTRY returned signal: {'action': 'entry', 'side': 'short_basis', 'z': 2.8388811106671357, 'basis': 8738.5, 'price_a': 94.15, 'price_b': 9680.0}
18:28:04 robot_arb INFO ENTRY SIGNAL short_basis | Z=2.84 basis=8738.50 | A=94.15 B=9680.00 | limit buy 10 @ 94.16 | market sell 1 @ 9675.16
18:28:04 orders_arb INFO gRPC sending: limit buy 100 (10 lots) GAZP@MISX acc=2049688 @ 94.16
18:28:05 orders_arb ERROR gRPC order error (GAZP@RTSX buy 10@94.16): code=StatusCode.UNAUTHENTICATED details=Invalid access key
18:28:05 orders_arb WARNING gRPC limit failed, falling back to DP server
18:28:05 orders_arb ERROR Limit order error (GAZP@RTSX buy 10@94.16): no response
18:28:05 robot_arb WARNING Entry failed: leg_a_place_failed
18:38:45 robot_arb INFO ⚠️ CHECK_ENTRY returned signal: {'action': 'entry', 'side': 'short_basis', 'z': 2.5377614616333766, 'basis': 8739.5, 'price_a': 94.25, 'price_b': 9682.0}
18:38:45 robot_arb INFO ENTRY SIGNAL short_basis | Z=2.54 basis=8739.50 | A=94.25 B=9682.00 | limit buy 10 @ 94.25 | market sell 1 @ 9677.16
18:38:45 orders_arb INFO gRPC sending: limit buy 100 (10 lots) GAZP@MISX acc=2049688 @ 94.25
18:38:45 orders_arb ERROR gRPC order error (GAZP@RTSX buy 10@94.25): code=StatusCode.UNAUTHENTICATED details=Invalid access key
18:38:45 orders_arb WARNING gRPC limit failed, falling back to DP server
18:38:45 orders_arb ERROR Limit order error (GAZP@RTSX buy 10@94.25): no response
18:38:45 robot_arb WARNING Entry failed: leg_a_place_failed
18:38:46 robot_arb INFO Z=3.62 (threshold=2.5) — no signal (dup_check=LOCKED)
18:38:46 robot_arb INFO Z=3.49 (threshold=2.5) — no signal (dup_check=LOCKED)
18:38:47 robot_arb INFO Z=3.49 (threshold=2.5) — no signal (dup_check=LOCKED)
18:38:47 robot_arb INFO ⚠️ CHECK_ENTRY returned signal: {'action': 'entry', 'side': 'short_basis', 'z': 3.3751272693533085, 'basis': 8740.5, 'price_a': 94.25, 'price_b': 9683.0}
18:38:47 robot_arb INFO ENTRY SIGNAL short_basis | Z=3.38 basis=8740.50 | A=94.25 B=9683.00 | limit buy 10 @ 94.25 | market sell 1 @ 9678.16
18:38:47 orders_arb INFO gRPC sending: limit buy 100 (10 lots) GAZP@MISX acc=2049688 @ 94.25
18:38:47 orders_arb ERROR gRPC order error (GAZP@RTSX buy 10@94.25): code=StatusCode.UNAUTHENTICATED details=Invalid access key
18:38:47 orders_arb WARNING gRPC limit failed, falling back to DP server
18:38:47 orders_arb ERROR Limit order error (GAZP@RTSX buy 10@94.25): no response
18:38:47 robot_arb WARNING Entry failed: leg_a_place_failed
18:38:48 robot_arb INFO Z=3.38 (threshold=2.5) — no signal (dup_check=LOCKED)
18:38:48 robot_arb INFO Z=3.27 (threshold=2.5) — no signal (dup_check=LOCKED)
18:38:49 robot_arb INFO Z=3.27 (threshold=2.5) — no signal (dup_check=LOCKED)
18:38:49 robot_arb INFO ⚠️ CHECK_ENTRY returned signal: {'action': 'entry', 'side': 'short_basis', 'z': 3.1718303047464493, 'basis': 8740.5, 'price_a': 94.25, 'price_b': 9683.0}
18:38:49 robot_arb INFO ENTRY SIGNAL short_basis | Z=3.17 basis=8740.50 | A=94.25 B=9683.00 | limit buy 10 @ 94.25 | market sell 1 @ 9678.16
18:38:49 orders_arb INFO gRPC sending: limit buy 100 (10 lots) GAZP@MISX acc=2049688 @ 94.25
18:38:50 orders_arb ERROR gRPC order error (GAZP@RTSX buy 10@94.25): code=StatusCode.UNAUTHENTICATED details=Invalid access key
18:38:50 orders_arb WARNING gRPC limit failed, falling back to DP server
18:38:50 orders_arb ERROR Limit order error (GAZP@RTSX buy 10@94.25): no response
18:38:50 robot_arb WARNING Entry failed: leg_a_place_failed
18:38:50 robot_arb INFO Z=3.17 (threshold=2.5) — no signal (dup_check=LOCKED)
18:38:51 robot_arb INFO Z=3.08 (threshold=2.5) — no signal (dup_check=LOCKED)
18:39:01 robot_arb INFO ⚠️ CHECK_ENTRY returned signal: {'action': 'entry', 'side': 'short_basis', 'z': 3.8498680720627942, 'basis': 8738.8, 'price_a': 94.22, 'price_b': 9681.0}
18:39:01 robot_arb INFO ENTRY SIGNAL short_basis | Z=3.85 basis=8738.80 | A=94.22 B=9681.00 | limit buy 10 @ 94.25 | market sell 1 @ 9676.16
18:39:01 orders_arb INFO gRPC sending: limit buy 100 (10 lots) GAZP@MISX acc=2049688 @ 94.25
18:39:01 orders_arb ERROR gRPC order error (GAZP@RTSX buy 10@94.25): code=StatusCode.UNAUTHENTICATED details=Invalid access key
18:39:01 orders_arb WARNING gRPC limit failed, falling back to DP server
18:39:01 orders_arb ERROR Limit order error (GAZP@RTSX buy 10@94.25): no response
18:39:01 robot_arb WARNING Entry failed: leg_a_place_failed
18:39:02 robot_arb INFO Z=3.70 (threshold=2.5) — no signal (dup_check=LOCKED)
18:39:02 robot_arb INFO Z=3.70 (threshold=2.5) — no signal (dup_check=LOCKED)
18:39:03 robot_arb INFO Z=3.56 (threshold=2.5) — no signal (dup_check=LOCKED)
18:39:03 robot_arb INFO ⚠️ CHECK_ENTRY returned signal: {'action': 'entry', 'side': 'short_basis', 'z': 3.5615086602845167, 'basis': 8738.8, 'price_a': 94.22, 'price_b': 9681.0}
18:39:03 robot_arb INFO ENTRY SIGNAL short_basis | Z=3.56 basis=8738.80 | A=94.22 B=9681.00 | limit buy 10 @ 94.25 | market sell 1 @ 9676.16
18:39:03 orders_arb INFO gRPC sending: limit buy 100 (10 lots) GAZP@MISX acc=2049688 @ 94.25
18:39:03 orders_arb ERROR gRPC order error (GAZP@RTSX buy 10@94.25): code=StatusCode.UNAUTHENTICATED details=Invalid access key
18:39:03 orders_arb WARNING gRPC limit failed, falling back to DP server
18:39:03 orders_arb ERROR Limit order error (GAZP@RTSX buy 10@94.25): no response
18:39:03 robot_arb WARNING Entry failed: leg_a_place_failed
18:39:04 robot_arb INFO Z=3.44 (threshold=2.5) — no signal (dup_check=LOCKED)
18:39:04 robot_arb INFO Z=3.44 (threshold=2.5) — no signal (dup_check=LOCKED)
18:39:05 robot_arb INFO Z=3.33 (threshold=2.5) — no signal (dup_check=LOCKED)
18:39:05 robot_arb INFO ⚠️ CHECK_ENTRY returned signal: {'action': 'entry', 'side': 'short_basis', 'z': 3.325083233537221, 'basis': 8738.8, 'price_a': 94.22, 'price_b': 9681.0}
18:39:05 robot_arb INFO ENTRY SIGNAL short_basis | Z=3.33 basis=8738.80 | A=94.22 B=9681.00 | limit buy 10 @ 94.25 | market sell 1 @ 9676.16
18:39:05 orders_arb INFO gRPC sending: limit buy 100 (10 lots) GAZP@MISX acc=2049688 @ 94.25
18:39:05 orders_arb ERROR gRPC order error (GAZP@RTSX buy 10@94.25): code=StatusCode.UNAUTHENTICATED details=Invalid access key
18:39:05 orders_arb WARNING gRPC limit failed, falling back to DP server
18:39:05 orders_arb ERROR Limit order error (GAZP@RTSX buy 10@94.25): no response
18:39:05 robot_arb WARNING Entry failed: leg_a_place_failed
18:39:06 robot_arb INFO Z=3.22 (threshold=2.5) — no signal (dup_check=LOCKED)
18:39:12 robot_arb INFO ⚠️ CHECK_ENTRY returned signal: {'action': 'entry', 'side': 'short_basis', 'z': 5.639369498084463, 'basis': 8747.2, 'price_a': 94.28, 'price_b': 9690.0}
18:39:12 robot_arb INFO ENTRY SIGNAL short_basis | Z=5.64 basis=8747.20 | A=94.28 B=9690.00 | limit buy 10 @ 94.29 | market sell 1 @ 9685.16
18:39:12 orders_arb INFO gRPC sending: limit buy 100 (10 lots) GAZP@MISX acc=2049688 @ 94.29
18:39:12 orders_arb ERROR gRPC order error (GAZP@RTSX buy 10@94.29): code=StatusCode.UNAUTHENTICATED details=Invalid access key
18:39:12 orders_arb WARNING gRPC limit failed, falling back to DP server
18:39:13 orders_arb ERROR Limit order error (GAZP@RTSX buy 10@94.29): no response
18:39:13 robot_arb WARNING Entry failed: leg_a_place_failed
18:39:13 robot_arb INFO Z=5.21 (threshold=2.5) — no signal (dup_check=LOCKED)
18:39:14 robot_arb INFO Z=5.21 (threshold=2.5) — no signal (dup_check=LOCKED)
18:39:14 robot_arb INFO Z=4.87 (threshold=2.5) — no signal (dup_check=LOCKED)
18:39:15 robot_arb INFO ⚠️ CHECK_ENTRY returned signal: {'action': 'entry', 'side': 'short_basis', 'z': 4.869920343123954, 'basis': 8747.2, 'price_a': 94.28, 'price_b': 9690.0}
18:39:15 robot_arb INFO ENTRY SIGNAL short_basis | Z=4.87 basis=8747.20 | A=94.28 B=9690.00 | limit buy 10 @ 94.29 | market sell 1 @ 9685.16
18:39:15 orders_arb INFO gRPC sending: limit buy 100 (10 lots) GAZP@MISX acc=2049688 @ 94.29
18:39:15 orders_arb ERROR gRPC order error (GAZP@RTSX buy 10@94.29): code=StatusCode.UNAUTHENTICATED details=Invalid access key
18:39:15 orders_arb WARNING gRPC limit failed, falling back to DP server
18:39:15 orders_arb ERROR Limit order error (GAZP@RTSX buy 10@94.29): no response
18:39:15 robot_arb WARNING Entry failed: leg_a_place_failed
18:39:15 robot_arb INFO Z=4.58 (threshold=2.5) — no signal (dup_check=LOCKED)
18:39:16 robot_arb INFO Z=4.58 (threshold=2.5) — no signal (dup_check=LOCKED)
18:39:16 robot_arb INFO Z=4.34 (threshold=2.5) — no signal (dup_check=LOCKED)
18:39:17 robot_arb INFO ⚠️ CHECK_ENTRY returned signal: {'action': 'entry', 'side': 'short_basis', 'z': 4.339164195284212, 'basis': 8747.2, 'price_a': 94.28, 'price_b': 9690.0}
18:39:17 robot_arb INFO ENTRY SIGNAL short_basis | Z=4.34 basis=8747.20 | A=94.28 B=9690.00 | limit buy 10 @ 94.29 | market sell 1 @ 9685.16
18:39:17 orders_arb INFO gRPC sending: limit buy 100 (10 lots) GAZP@MISX acc=2049688 @ 94.29
18:39:17 orders_arb ERROR gRPC order error (GAZP@RTSX buy 10@94.29): code=StatusCode.UNAUTHENTICATED details=Invalid access key
18:39:17 orders_arb WARNING gRPC limit failed, falling back to DP server
18:39:17 orders_arb ERROR Limit order error (GAZP@RTSX buy 10@94.29): no response
18:39:17 robot_arb WARNING Entry failed: leg_a_place_failed
18:39:17 robot_arb INFO Z=3.58 (threshold=2.5) — no signal (dup_check=LOCKED)
18:39:39 robot_arb INFO ⚠️ CHECK_ENTRY returned signal: {'action': 'entry', 'side': 'short_basis', 'z': 3.0485645159436427, 'basis': 8763.3, 'price_a': 94.47, 'price_b': 9708.0}
18:39:39 robot_arb INFO ENTRY SIGNAL short_basis | Z=3.05 basis=8763.30 | A=94.47 B=9708.00 | limit buy 10 @ 94.48 | market sell 1 @ 9703.15
18:39:39 orders_arb INFO gRPC sending: limit buy 100 (10 lots) GAZP@MISX acc=2049688 @ 94.48
18:39:39 orders_arb ERROR gRPC order error (GAZP@RTSX buy 10@94.48): code=StatusCode.UNAUTHENTICATED details=Invalid access key
18:39:39 orders_arb WARNING gRPC limit failed, falling back to DP server
18:39:39 orders_arb ERROR Limit order error (GAZP@RTSX buy 10@94.48): no response
18:39:39 robot_arb WARNING Entry failed: leg_a_place_failed
18:39:40 robot_arb INFO Z=3.05 (threshold=2.5) — no signal (dup_check=LOCKED)
18:39:40 robot_arb INFO Z=2.97 (threshold=2.5) — no signal (dup_check=LOCKED)
18:39:41 robot_arb INFO Z=2.97 (threshold=2.5) — no signal (dup_check=LOCKED)
18:39:41 robot_arb INFO ⚠️ CHECK_ENTRY returned signal: {'action': 'entry', 'side': 'short_basis', 'z': 2.893736570630809, 'basis': 8763.3, 'price_a': 94.47, 'price_b': 9708.0}
18:39:41 robot_arb INFO ENTRY SIGNAL short_basis | Z=2.89 basis=8763.30 | A=94.47 B=9708.00 | limit buy 10 @ 94.48 | market sell 1 @ 9703.15
18:39:41 orders_arb INFO gRPC sending: limit buy 100 (10 lots) GAZP@MISX acc=2049688 @ 94.48
18:39:41 orders_arb ERROR gRPC order error (GAZP@RTSX buy 10@94.48): code=StatusCode.UNAUTHENTICATED details=Invalid access key
18:39:41 orders_arb WARNING gRPC limit failed, falling back to DP server
18:39:41 orders_arb ERROR Limit order error (GAZP@RTSX buy 10@94.48): no response
18:39:41 robot_arb WARNING Entry failed: leg_a_place_failed
18:39:42 robot_arb INFO Z=2.89 (threshold=2.5) — no signal (dup_check=LOCKED)
18:39:42 robot_arb INFO Z=2.82 (threshold=2.5) — no signal (dup_check=LOCKED)
18:39:43 robot_arb INFO Z=2.82 (threshold=2.5) — no signal (dup_check=LOCKED)
18:39:43 robot_arb INFO ⚠️ CHECK_ENTRY returned signal: {'action': 'entry', 'side': 'short_basis', 'z': 2.7577385837831003, 'basis': 8763.3, 'price_a': 94.47, 'price_b': 9708.0}
18:39:43 robot_arb INFO ENTRY SIGNAL short_basis | Z=2.76 basis=8763.30 | A=94.47 B=9708.00 | limit buy 10 @ 94.48 | market sell 1 @ 9703.15
18:39:43 orders_arb INFO gRPC sending: limit buy 100 (10 lots) GAZP@MISX acc=2049688 @ 94.48
18:39:44 orders_arb ERROR gRPC order error (GAZP@RTSX buy 10@94.48): code=StatusCode.UNAUTHENTICATED details=Invalid access key
18:39:44 orders_arb WARNING gRPC limit failed, falling back to DP server
18:39:44 orders_arb ERROR Limit order error (GAZP@RTSX buy 10@94.48): no response
18:39:44 robot_arb WARNING Entry failed: leg_a_place_failed
18:39:44 robot_arb INFO Z=2.76 (threshold=2.5) — no signal (dup_check=LOCKED)
18:39:55 robot_arb INFO ⚠️ CHECK_ENTRY returned signal: {'action': 'entry', 'side': 'short_basis', 'z': 2.598921087165664, 'basis': 8769.6, 'price_a': 94.54, 'price_b': 9715.0}
18:39:55 robot_arb INFO ENTRY SIGNAL short_basis | Z=2.60 basis=8769.60 | A=94.54 B=9715.00 | limit buy 10 @ 94.55 | market sell 1 @ 9710.14
18:39:55 orders_arb INFO gRPC sending: limit buy 100 (10 lots) GAZP@MISX acc=2049688 @ 94.55
18:39:55 orders_arb ERROR gRPC order error (GAZP@RTSX buy 10@94.55): code=StatusCode.UNAUTHENTICATED details=Invalid access key
18:39:55 orders_arb WARNING gRPC limit failed, falling back to DP server
18:39:55 orders_arb ERROR Limit order error (GAZP@RTSX buy 10@94.55): no response
18:39:55 robot_arb WARNING Entry failed: leg_a_place_failed
18:39:56 robot_arb INFO Z=2.99 (threshold=2.5) — no signal (dup_check=LOCKED)
18:39:56 robot_arb INFO Z=2.99 (threshold=2.5) — no signal (dup_check=LOCKED)
18:39:57 robot_arb INFO Z=2.91 (threshold=2.5) — no signal (dup_check=LOCKED)
18:39:57 robot_arb INFO ⚠️ CHECK_ENTRY returned signal: {'action': 'entry', 'side': 'short_basis', 'z': 2.9091017304996347, 'basis': 8770.6, 'price_a': 94.54, 'price_b': 9716.0}
18:39:57 robot_arb INFO ENTRY SIGNAL short_basis | Z=2.91 basis=8770.60 | A=94.54 B=9716.00 | limit buy 10 @ 94.55 | market sell 1 @ 9711.14
18:39:57 orders_arb INFO gRPC sending: limit buy 100 (10 lots) GAZP@MISX acc=2049688 @ 94.55
18:39:57 orders_arb ERROR gRPC order error (GAZP@RTSX buy 10@94.55): code=StatusCode.UNAUTHENTICATED details=Invalid access key
18:39:57 orders_arb WARNING gRPC limit failed, falling back to DP server
18:39:57 orders_arb ERROR Limit order error (GAZP@RTSX buy 10@94.55): no response
18:39:57 robot_arb WARNING Entry failed: leg_a_place_failed
18:39:58 robot_arb INFO Z=2.84 (threshold=2.5) — no signal (dup_check=LOCKED)
18:39:58 robot_arb INFO Z=2.84 (threshold=2.5) — no signal (dup_check=LOCKED)
18:39:59 robot_arb INFO Z=2.77 (threshold=2.5) — no signal (dup_check=LOCKED)
18:39:59 robot_arb INFO ⚠️ CHECK_ENTRY returned signal: {'action': 'entry', 'side': 'short_basis', 'z': 2.768870683832401, 'basis': 8770.6, 'price_a': 94.54, 'price_b': 9716.0}
18:39:59 robot_arb INFO ENTRY SIGNAL short_basis | Z=2.77 basis=8770.60 | A=94.54 B=9716.00 | limit buy 10 @ 94.55 | market sell 1 @ 9711.14
18:39:59 orders_arb INFO gRPC sending: limit buy 100 (10 lots) GAZP@MISX acc=2049688 @ 94.55
18:39:59 orders_arb ERROR gRPC order error (GAZP@RTSX buy 10@94.55): code=StatusCode.UNAUTHENTICATED details=Invalid access key
18:39:59 orders_arb WARNING gRPC limit failed, falling back to DP server
18:40:00 orders_arb ERROR Limit order error (GAZP@RTSX buy 10@94.55): no response
18:40:00 robot_arb WARNING Entry failed: leg_a_place_failed
18:40:00 robot_arb INFO Z=2.70 (threshold=2.5) — no signal (dup_check=LOCKED)
18:40:01 robot_arb INFO Z=2.70 (threshold=2.5) — no signal (dup_check=LOCKED)
18:40:11 robot_arb INFO ⚠️ CHECK_ENTRY returned signal: {'action': 'entry', 'side': 'short_basis', 'z': 2.8677476493097975, 'basis': 8766.2, 'price_a': 94.48, 'price_b': 9711.0}
18:40:11 robot_arb INFO ENTRY SIGNAL short_basis | Z=2.87 basis=8766.20 | A=94.48 B=9711.00 | limit buy 10 @ 94.46 | market sell 1 @ 9706.14
18:40:11 orders_arb INFO gRPC sending: limit buy 100 (10 lots) GAZP@MISX acc=2049688 @ 94.46
18:40:11 orders_arb ERROR gRPC order error (GAZP@RTSX buy 10@94.46): code=StatusCode.UNAUTHENTICATED details=Invalid access key
18:40:11 orders_arb WARNING gRPC limit failed, falling back to DP server
18:40:11 orders_arb ERROR Limit order error (GAZP@RTSX buy 10@94.46): no response
18:40:11 robot_arb WARNING Entry failed: leg_a_place_failed
18:40:32 robot_arb INFO ⚠️ CHECK_ENTRY returned signal: {'action': 'entry', 'side': 'short_basis', 'z': 2.806348421785764, 'basis': 8763.6, 'price_a': 94.44, 'price_b': 9708.0}
18:40:32 robot_arb INFO ENTRY SIGNAL short_basis | Z=2.81 basis=8763.60 | A=94.44 B=9708.00 | limit buy 10 @ 94.46 | market sell 1 @ 9703.15
18:40:32 orders_arb INFO gRPC sending: limit buy 100 (10 lots) GAZP@MISX acc=2049688 @ 94.46
18:40:32 orders_arb ERROR gRPC order error (GAZP@RTSX buy 10@94.46): code=StatusCode.UNAUTHENTICATED details=Invalid access key
18:40:32 orders_arb WARNING gRPC limit failed, falling back to DP server
18:40:32 orders_arb ERROR Limit order error (GAZP@RTSX buy 10@94.46): no response
18:40:32 robot_arb WARNING Entry failed: leg_a_place_failed
18:40:33 robot_arb INFO Z=4.62 (threshold=2.5) — no signal (dup_check=LOCKED)
18:40:33 robot_arb INFO Z=4.37 (threshold=2.5) — no signal (dup_check=LOCKED)
18:40:34 robot_arb INFO Z=4.37 (threshold=2.5) — no signal (dup_check=LOCKED)
18:40:34 robot_arb INFO ⚠️ CHECK_ENTRY returned signal: {'action': 'entry', 'side': 'short_basis', 'z': 4.157153631804945, 'basis': 8768.6, 'price_a': 94.44, 'price_b': 9713.0}
18:40:34 robot_arb INFO ENTRY SIGNAL short_basis | Z=4.16 basis=8768.60 | A=94.44 B=9713.00 | limit buy 10 @ 94.46 | market sell 1 @ 9708.14
18:40:34 orders_arb INFO gRPC sending: limit buy 100 (10 lots) GAZP@MISX acc=2049688 @ 94.46
18:40:34 orders_arb ERROR gRPC order error (GAZP@RTSX buy 10@94.46): code=StatusCode.UNAUTHENTICATED details=Invalid access key
18:40:34 orders_arb WARNING gRPC limit failed, falling back to DP server
18:40:34 orders_arb ERROR Limit order error (GAZP@RTSX buy 10@94.46): no response
18:40:34 robot_arb WARNING Entry failed: leg_a_place_failed
18:40:35 robot_arb INFO Z=4.16 (threshold=2.5) — no signal (dup_check=LOCKED)
18:40:35 robot_arb INFO Z=3.97 (threshold=2.5) — no signal (dup_check=LOCKED)
18:40:36 robot_arb INFO Z=3.97 (threshold=2.5) — no signal (dup_check=LOCKED)
18:40:36 robot_arb INFO ⚠️ CHECK_ENTRY returned signal: {'action': 'entry', 'side': 'short_basis', 'z': 3.807219902030029, 'basis': 8768.6, 'price_a': 94.44, 'price_b': 9713.0}
18:40:36 robot_arb INFO ENTRY SIGNAL short_basis | Z=3.81 basis=8768.60 | A=94.44 B=9713.00 | limit buy 10 @ 94.46 | market sell 1 @ 9708.14
18:40:36 orders_arb INFO gRPC sending: limit buy 100 (10 lots) GAZP@MISX acc=2049688 @ 94.46
18:40:36 orders_arb ERROR gRPC order error (GAZP@RTSX buy 10@94.46): code=StatusCode.UNAUTHENTICATED details=Invalid access key
18:40:36 orders_arb WARNING gRPC limit failed, falling back to DP server
18:40:37 orders_arb ERROR Limit order error (GAZP@RTSX buy 10@94.46): no response
18:40:37 robot_arb WARNING Entry failed: leg_a_place_failed
18:40:37 robot_arb INFO Z=3.81 (threshold=2.5) — no signal (dup_check=LOCKED)
18:40:54 robot_arb INFO ⚠️ CHECK_ENTRY returned signal: {'action': 'entry', 'side': 'short_basis', 'z': 2.9462853043113264, 'basis': 8781.0, 'price_a': 94.6, 'price_b': 9727.0}
18:40:54 robot_arb INFO ENTRY SIGNAL short_basis | Z=2.95 basis=8781.00 | A=94.60 B=9727.00 | limit buy 10 @ 94.62 | market sell 1 @ 9722.14
18:40:54 orders_arb INFO gRPC sending: limit buy 100 (10 lots) GAZP@MISX acc=2049688 @ 94.62
18:40:54 orders_arb ERROR gRPC order error (GAZP@RTSX buy 10@94.62): code=StatusCode.UNAUTHENTICATED details=Invalid access key
18:40:54 orders_arb WARNING gRPC limit failed, falling back to DP server
18:40:54 orders_arb ERROR Limit order error (GAZP@RTSX buy 10@94.62): no response
18:40:54 robot_arb WARNING Entry failed: leg_a_place_failed
18:40:55 robot_arb INFO Z=2.87 (threshold=2.5) — no signal (dup_check=LOCKED)
18:40:55 robot_arb INFO Z=2.87 (threshold=2.5) — no signal (dup_check=LOCKED)
18:40:56 robot_arb INFO Z=2.80 (threshold=2.5) — no signal (dup_check=LOCKED)
18:40:56 robot_arb INFO ⚠️ CHECK_ENTRY returned signal: {'action': 'entry', 'side': 'short_basis', 'z': 2.798622854241568, 'basis': 8781.0, 'price_a': 94.6, 'price_b': 9727.0}
18:40:56 robot_arb INFO ENTRY SIGNAL short_basis | Z=2.80 basis=8781.00 | A=94.60 B=9727.00 | limit buy 10 @ 94.62 | market sell 1 @ 9722.14
18:40:56 orders_arb INFO gRPC sending: limit buy 100 (10 lots) GAZP@MISX acc=2049688 @ 94.62
18:40:56 orders_arb ERROR gRPC order error (GAZP@RTSX buy 10@94.62): code=StatusCode.UNAUTHENTICATED details=Invalid access key
18:40:56 orders_arb WARNING gRPC limit failed, falling back to DP server
18:40:56 orders_arb ERROR Limit order error (GAZP@RTSX buy 10@94.62): no response
18:40:56 robot_arb WARNING Entry failed: leg_a_place_failed
18:40:57 robot_arb INFO Z=2.73 (threshold=2.5) — no signal (dup_check=LOCKED)
18:40:57 robot_arb INFO Z=2.73 (threshold=2.5) — no signal (dup_check=LOCKED)
18:40:58 robot_arb INFO Z=2.67 (threshold=2.5) — no signal (dup_check=LOCKED)
18:40:58 robot_arb INFO ⚠️ CHECK_ENTRY returned signal: {'action': 'entry', 'side': 'short_basis', 'z': 2.66848612497743, 'basis': 8781.0, 'price_a': 94.6, 'price_b': 9727.0}
18:40:58 robot_arb INFO ENTRY SIGNAL short_basis | Z=2.67 basis=8781.00 | A=94.60 B=9727.00 | limit buy 10 @ 94.62 | market sell 1 @ 9722.14
18:40:58 orders_arb INFO gRPC sending: limit buy 100 (10 lots) GAZP@MISX acc=2049688 @ 94.62
18:40:58 orders_arb ERROR gRPC order error (GAZP@RTSX buy 10@94.62): code=StatusCode.UNAUTHENTICATED details=Invalid access key
18:40:58 orders_arb WARNING gRPC limit failed, falling back to DP server
18:40:59 orders_arb ERROR Limit order error (GAZP@RTSX buy 10@94.62): no response
18:40:59 robot_arb WARNING Entry failed: leg_a_place_failed
18:47:30 robot_arb INFO Z=2.42 (threshold=2.5) — no signal (dup_check=False)
18:47:31 robot_arb INFO Z=2.40 (threshold=2.5) — no signal (dup_check=False)
18:47:31 robot_arb INFO Z=2.40 (threshold=2.5) — no signal (dup_check=False)
18:47:32 robot_arb INFO Z=2.39 (threshold=2.5) — no signal (dup_check=False)
18:47:32 robot_arb INFO Z=2.39 (threshold=2.5) — no signal (dup_check=False)
18:47:33 robot_arb INFO Z=2.37 (threshold=2.5) — no signal (dup_check=False)
18:47:33 robot_arb INFO Z=2.37 (threshold=2.5) — no signal (dup_check=False)
18:47:34 robot_arb INFO Z=2.33 (threshold=2.5) — no signal (dup_check=False)
18:47:34 robot_arb INFO Z=2.33 (threshold=2.5) — no signal (dup_check=False)
18:54:36 robot_arb INFO ⚠️ CHECK_ENTRY returned signal: {'action': 'entry', 'side': 'short_basis', 'z': 6.076985903910416, 'basis': 8765.1, 'price_a': 94.49, 'price_b': 9710.0}
18:54:36 robot_arb INFO ENTRY SIGNAL short_basis | Z=6.08 basis=8765.10 | A=94.49 B=9710.00 | limit buy 10 @ 94.49 | market sell 1 @ 9705.15
18:54:36 orders_arb INFO gRPC sending: limit buy 100 (10 lots) GAZP@MISX acc=2049688 @ 94.49
18:54:36 orders_arb ERROR gRPC order error (GAZP@RTSX buy 10@94.49): code=StatusCode.UNAUTHENTICATED details=Invalid access key
18:54:36 orders_arb WARNING gRPC limit failed, falling back to DP server
18:54:36 orders_arb ERROR Limit order error (GAZP@RTSX buy 10@94.49): no response
18:54:36 robot_arb WARNING Entry failed: leg_a_place_failed
18:55:09 robot_arb INFO ⚠️ CHECK_ENTRY returned signal: {'action': 'entry', 'side': 'short_basis', 'z': 3.6311543313358823, 'basis': 8756.5, 'price_a': 94.45, 'price_b': 9701.0}
18:55:09 robot_arb INFO ENTRY SIGNAL short_basis | Z=3.63 basis=8756.50 | A=94.45 B=9701.00 | limit buy 10 @ 94.46 | market sell 1 @ 9696.15
18:55:09 orders_arb INFO gRPC sending: limit buy 100 (10 lots) GAZP@MISX acc=2049688 @ 94.46
18:55:09 orders_arb ERROR gRPC order error (GAZP@RTSX buy 10@94.46): code=StatusCode.UNAUTHENTICATED details=Invalid access key
18:55:09 orders_arb WARNING gRPC limit failed, falling back to DP server
18:55:09 orders_arb ERROR Limit order error (GAZP@RTSX buy 10@94.46): no response
18:55:09 robot_arb WARNING Entry failed: leg_a_place_failed
18:55:10 robot_arb INFO Z=3.53 (threshold=2.5) — no signal (dup_check=LOCKED)
18:55:10 robot_arb INFO Z=3.53 (threshold=2.5) — no signal (dup_check=LOCKED)
18:55:11 robot_arb INFO Z=3.41 (threshold=2.5) — no signal (dup_check=LOCKED)
18:55:11 robot_arb INFO ⚠️ CHECK_ENTRY returned signal: {'action': 'entry', 'side': 'short_basis', 'z': 3.4076078024204692, 'basis': 8756.5, 'price_a': 94.45, 'price_b': 9701.0}
18:55:11 robot_arb INFO ENTRY SIGNAL short_basis | Z=3.41 basis=8756.50 | A=94.45 B=9701.00 | limit buy 10 @ 94.46 | market sell 1 @ 9696.15
18:55:11 orders_arb INFO gRPC sending: limit buy 100 (10 lots) GAZP@MISX acc=2049688 @ 94.46
18:55:11 orders_arb ERROR gRPC order error (GAZP@RTSX buy 10@94.46): code=StatusCode.UNAUTHENTICATED details=Invalid access key
18:55:11 orders_arb WARNING gRPC limit failed, falling back to DP server
18:55:12 orders_arb ERROR Limit order error (GAZP@RTSX buy 10@94.46): no response
18:55:12 robot_arb WARNING Entry failed: leg_a_place_failed
18:55:12 robot_arb INFO Z=3.30 (threshold=2.5) — no signal (dup_check=LOCKED)
18:55:13 robot_arb INFO Z=3.30 (threshold=2.5) — no signal (dup_check=LOCKED)
18:55:13 robot_arb INFO Z=3.20 (threshold=2.5) — no signal (dup_check=LOCKED)
18:55:14 robot_arb INFO ⚠️ CHECK_ENTRY returned signal: {'action': 'entry', 'side': 'short_basis', 'z': 3.2003584105114555, 'basis': 8756.5, 'price_a': 94.45, 'price_b': 9701.0}
18:55:14 robot_arb INFO ENTRY SIGNAL short_basis | Z=3.20 basis=8756.50 | A=94.45 B=9701.00 | limit buy 10 @ 94.46 | market sell 1 @ 9696.15
18:55:14 orders_arb INFO gRPC sending: limit buy 100 (10 lots) GAZP@MISX acc=2049688 @ 94.46
18:55:14 orders_arb ERROR gRPC order error (GAZP@RTSX buy 10@94.46): code=StatusCode.UNAUTHENTICATED details=Invalid access key
18:55:14 orders_arb WARNING gRPC limit failed, falling back to DP server
18:55:14 orders_arb ERROR Limit order error (GAZP@RTSX buy 10@94.46): no response
18:55:14 robot_arb WARNING Entry failed: leg_a_place_failed
18:55:14 robot_arb INFO Z=3.11 (threshold=2.5) — no signal (dup_check=LOCKED)
18:55:15 robot_arb INFO Z=4.04 (threshold=2.5) — no signal (dup_check=LOCKED)
18:55:15 robot_arb INFO Z=3.87 (threshold=2.5) — no signal (dup_check=LOCKED)
18:55:16 robot_arb INFO ⚠️ CHECK_ENTRY returned signal: {'action': 'entry', 'side': 'short_basis', 'z': 3.867640183617476, 'basis': 8757.5, 'price_a': 94.45, 'price_b': 9702.0}
18:55:16 robot_arb INFO ENTRY SIGNAL short_basis | Z=3.87 basis=8757.50 | A=94.45 B=9702.00 | limit buy 10 @ 94.46 | market sell 1 @ 9697.15
18:55:16 orders_arb INFO gRPC sending: limit buy 100 (10 lots) GAZP@MISX acc=2049688 @ 94.46
18:55:16 orders_arb ERROR gRPC order error (GAZP@RTSX buy 10@94.46): code=StatusCode.UNAUTHENTICATED details=Invalid access key
18:55:16 orders_arb WARNING gRPC limit failed, falling back to DP server
18:55:16 orders_arb ERROR Limit order error (GAZP@RTSX buy 10@94.46): no response
18:55:16 robot_arb WARNING Entry failed: leg_a_place_failed
18:55:17 robot_arb INFO Z=3.71 (threshold=2.5) — no signal (dup_check=LOCKED)
18:55:17 robot_arb INFO Z=3.71 (threshold=2.5) — no signal (dup_check=LOCKED)
18:55:18 robot_arb INFO Z=3.58 (threshold=2.5) — no signal (dup_check=LOCKED)
18:55:18 robot_arb INFO ⚠️ CHECK_ENTRY returned signal: {'action': 'entry', 'side': 'short_basis', 'z': 3.5771151789720586, 'basis': 8757.5, 'price_a': 94.45, 'price_b': 9702.0}
18:55:18 robot_arb INFO ENTRY SIGNAL short_basis | Z=3.58 basis=8757.50 | A=94.45 B=9702.00 | limit buy 10 @ 94.46 | market sell 1 @ 9697.15
18:55:18 orders_arb INFO gRPC sending: limit buy 100 (10 lots) GAZP@MISX acc=2049688 @ 94.46
18:55:18 orders_arb ERROR gRPC order error (GAZP@RTSX buy 10@94.46): code=StatusCode.UNAUTHENTICATED details=Invalid access key
18:55:18 orders_arb WARNING gRPC limit failed, falling back to DP server
18:55:18 orders_arb ERROR Limit order error (GAZP@RTSX buy 10@94.46): no response
18:55:18 robot_arb WARNING Entry failed: leg_a_place_failed
18:55:19 robot_arb INFO Z=3.45 (threshold=2.5) — no signal (dup_check=LOCKED)
18:55:19 robot_arb INFO Z=3.45 (threshold=2.5) — no signal (dup_check=LOCKED)
18:55:20 robot_arb INFO Z=3.34 (threshold=2.5) — no signal (dup_check=LOCKED)
18:55:20 robot_arb INFO ⚠️ CHECK_ENTRY returned signal: {'action': 'entry', 'side': 'short_basis', 'z': 3.339100278861029, 'basis': 8757.5, 'price_a': 94.45, 'price_b': 9702.0}
18:55:20 robot_arb INFO ENTRY SIGNAL short_basis | Z=3.34 basis=8757.50 | A=94.45 B=9702.00 | limit buy 10 @ 94.45 | market sell 1 @ 9697.15
18:55:20 orders_arb INFO gRPC sending: limit buy 100 (10 lots) GAZP@MISX acc=2049688 @ 94.45
18:55:20 orders_arb ERROR gRPC order error (GAZP@RTSX buy 10@94.45): code=StatusCode.UNAUTHENTICATED details=Invalid access key
18:55:20 orders_arb WARNING gRPC limit failed, falling back to DP server
18:55:20 orders_arb ERROR Limit order error (GAZP@RTSX buy 10@94.45): no response
18:55:20 robot_arb WARNING Entry failed: leg_a_place_failed
18:55:21 robot_arb INFO Z=3.24 (threshold=2.5) — no signal (dup_check=LOCKED)
18:55:21 robot_arb INFO Z=3.24 (threshold=2.5) — no signal (dup_check=LOCKED)
18:55:22 robot_arb INFO Z=3.14 (threshold=2.5) — no signal (dup_check=LOCKED)
18:55:22 robot_arb INFO ⚠️ CHECK_ENTRY returned signal: {'action': 'entry', 'side': 'short_basis', 'z': 3.139227389558122, 'basis': 8757.5, 'price_a': 94.45, 'price_b': 9702.0}
18:55:22 robot_arb INFO ENTRY SIGNAL short_basis | Z=3.14 basis=8757.50 | A=94.45 B=9702.00 | limit buy 10 @ 94.45 | market sell 1 @ 9697.15
18:55:22 orders_arb INFO gRPC sending: limit buy 100 (10 lots) GAZP@MISX acc=2049688 @ 94.45
18:55:22 orders_arb ERROR gRPC order error (GAZP@RTSX buy 10@94.45): code=StatusCode.UNAUTHENTICATED details=Invalid access key
18:55:22 orders_arb WARNING gRPC limit failed, falling back to DP server
18:55:22 orders_arb ERROR Limit order error (GAZP@RTSX buy 10@94.45): no response
18:55:22 robot_arb WARNING Entry failed: leg_a_place_failed
18:55:23 robot_arb INFO Z=3.05 (threshold=2.5) — no signal (dup_check=LOCKED)
18:55:23 robot_arb INFO Z=3.05 (threshold=2.5) — no signal (dup_check=LOCKED)
18:55:24 robot_arb INFO Z=2.97 (threshold=2.5) — no signal (dup_check=LOCKED)
18:55:24 robot_arb INFO ⚠️ CHECK_ENTRY returned signal: {'action': 'entry', 'side': 'short_basis', 'z': 2.968098899493357, 'basis': 8757.5, 'price_a': 94.45, 'price_b': 9702.0}
18:55:24 robot_arb INFO ENTRY SIGNAL short_basis | Z=2.97 basis=8757.50 | A=94.45 B=9702.00 | limit buy 10 @ 94.45 | market sell 1 @ 9697.15
18:55:24 orders_arb INFO gRPC sending: limit buy 100 (10 lots) GAZP@MISX acc=2049688 @ 94.45
18:55:25 orders_arb ERROR gRPC order error (GAZP@RTSX buy 10@94.45): code=StatusCode.UNAUTHENTICATED details=Invalid access key
18:55:25 orders_arb WARNING gRPC limit failed, falling back to DP server
18:55:25 orders_arb ERROR Limit order error (GAZP@RTSX buy 10@94.45): no response
18:55:25 robot_arb WARNING Entry failed: leg_a_place_failed
18:55:25 robot_arb INFO Z=2.89 (threshold=2.5) — no signal (dup_check=LOCKED)
18:55:26 robot_arb INFO Z=2.89 (threshold=2.5) — no signal (dup_check=LOCKED)
18:55:26 robot_arb INFO Z=2.82 (threshold=2.5) — no signal (dup_check=LOCKED)
18:55:27 robot_arb INFO ⚠️ CHECK_ENTRY returned signal: {'action': 'entry', 'side': 'short_basis', 'z': 2.8192738295554274, 'basis': 8757.5, 'price_a': 94.45, 'price_b': 9702.0}
18:55:27 robot_arb INFO ENTRY SIGNAL short_basis | Z=2.82 basis=8757.50 | A=94.45 B=9702.00 | limit buy 10 @ 94.45 | market sell 1 @ 9697.15
18:55:27 orders_arb INFO gRPC sending: limit buy 100 (10 lots) GAZP@MISX acc=2049688 @ 94.45
18:55:27 orders_arb ERROR gRPC order error (GAZP@RTSX buy 10@94.45): code=StatusCode.UNAUTHENTICATED details=Invalid access key
18:55:27 orders_arb WARNING gRPC limit failed, falling back to DP server
18:55:27 orders_arb ERROR Limit order error (GAZP@RTSX buy 10@94.45): no response
18:55:27 robot_arb WARNING Entry failed: leg_a_place_failed
18:55:27 robot_arb INFO Z=2.75 (threshold=2.5) — no signal (dup_check=LOCKED)
18:55:28 robot_arb INFO Z=2.75 (threshold=2.5) — no signal (dup_check=LOCKED)
18:55:28 robot_arb INFO Z=2.69 (threshold=2.5) — no signal (dup_check=LOCKED)
18:55:29 robot_arb INFO ⚠️ CHECK_ENTRY returned signal: {'action': 'entry', 'side': 'short_basis', 'z': 2.688169369307493, 'basis': 8757.5, 'price_a': 94.45, 'price_b': 9702.0}
18:55:29 robot_arb INFO ENTRY SIGNAL short_basis | Z=2.69 basis=8757.50 | A=94.45 B=9702.00 | limit buy 10 @ 94.45 | market sell 1 @ 9697.15
18:55:29 orders_arb INFO gRPC sending: limit buy 100 (10 lots) GAZP@MISX acc=2049688 @ 94.45
18:55:29 orders_arb ERROR gRPC order error (GAZP@RTSX buy 10@94.45): code=StatusCode.UNAUTHENTICATED details=Invalid access key
18:55:29 orders_arb WARNING gRPC limit failed, falling back to DP server
18:55:29 orders_arb ERROR Limit order error (GAZP@RTSX buy 10@94.45): no response
18:55:29 robot_arb WARNING Entry failed: leg_a_place_failed
18:55:29 robot_arb INFO Z=2.63 (threshold=2.5) — no signal (dup_check=LOCKED)
18:55:30 robot_arb INFO Z=2.63 (threshold=2.5) — no signal (dup_check=LOCKED)
18:55:30 robot_arb INFO Z=2.57 (threshold=2.5) — no signal (dup_check=LOCKED)
18:55:31 robot_arb INFO ⚠️ CHECK_ENTRY returned signal: {'action': 'entry', 'side': 'short_basis', 'z': 2.5714234270332494, 'basis': 8757.5, 'price_a': 94.45, 'price_b': 9702.0}
18:55:31 robot_arb INFO ENTRY SIGNAL short_basis | Z=2.57 basis=8757.50 | A=94.45 B=9702.00 | limit buy 10 @ 94.45 | market sell 1 @ 9697.15
18:55:31 orders_arb INFO gRPC sending: limit buy 100 (10 lots) GAZP@MISX acc=2049688 @ 94.45
18:55:31 orders_arb ERROR gRPC order error (GAZP@RTSX buy 10@94.45): code=StatusCode.UNAUTHENTICATED details=Invalid access key
18:55:31 orders_arb WARNING gRPC limit failed, falling back to DP server
18:55:31 orders_arb ERROR Limit order error (GAZP@RTSX buy 10@94.45): no response
18:55:31 robot_arb WARNING Entry failed: leg_a_place_failed
18:55:31 robot_arb INFO Z=2.52 (threshold=2.5) — no signal (dup_check=LOCKED)
18:55:32 robot_arb INFO Z=2.52 (threshold=2.5) — no signal (dup_check=LOCKED)
18:55:32 robot_arb INFO Z=2.47 (threshold=2.5) — no signal (dup_check=LOCKED)
18:55:33 robot_arb INFO Z=2.47 (threshold=2.5) — no signal (dup_check=False)
18:55:33 robot_arb INFO Z=2.42 (threshold=2.5) — no signal (dup_check=False)
18:55:34 robot_arb INFO Z=2.42 (threshold=2.5) — no signal (dup_check=False)
18:55:34 robot_arb INFO Z=2.37 (threshold=2.5) — no signal (dup_check=False)
18:55:35 robot_arb INFO Z=2.37 (threshold=2.5) — no signal (dup_check=False)
18:55:35 robot_arb INFO Z=2.33 (threshold=2.5) — no signal (dup_check=False)
18:55:36 robot_arb INFO ⚠️ CHECK_ENTRY returned signal: {'action': 'entry', 'side': 'short_basis', 'z': 2.917820366431409, 'basis': 8757.6, 'price_a': 94.44, 'price_b': 9702.0}
18:55:36 robot_arb INFO ENTRY SIGNAL short_basis | Z=2.92 basis=8757.60 | A=94.44 B=9702.00 | limit buy 10 @ 94.44 | market sell 1 @ 9697.15
18:55:36 orders_arb INFO gRPC sending: limit buy 100 (10 lots) GAZP@MISX acc=2049688 @ 94.44
18:55:36 orders_arb ERROR gRPC order error (GAZP@RTSX buy 10@94.44): code=StatusCode.UNAUTHENTICATED details=Invalid access key
18:55:36 orders_arb WARNING gRPC limit failed, falling back to DP server
18:55:36 orders_arb ERROR Limit order error (GAZP@RTSX buy 10@94.44): no response
18:55:36 robot_arb WARNING Entry failed: leg_a_place_failed
19:08:51 robot_arb INFO ⚠️ CHECK_ENTRY returned signal: {'action': 'entry', 'side': 'short_basis', 'z': 3.4903703068134497, 'basis': 8750.0, 'price_a': 94.3, 'price_b': 9693.0}
19:08:51 robot_arb INFO ENTRY SIGNAL short_basis | Z=3.49 basis=8750.00 | A=94.30 B=9693.00 | limit buy 10 @ 94.35 | market sell 1 @ 9688.15
19:08:51 orders_arb INFO gRPC sending: limit buy 100 (10 lots) GAZP@MISX acc=2049688 @ 94.35
19:08:51 orders_arb ERROR gRPC order error (GAZP@RTSX buy 10@94.35): code=StatusCode.UNAUTHENTICATED details=Invalid access key
19:08:51 orders_arb WARNING gRPC limit failed, falling back to DP server
19:08:51 orders_arb ERROR Limit order error (GAZP@RTSX buy 10@94.35): no response
19:08:51 robot_arb WARNING Entry failed: leg_a_place_failed
19:08:52 robot_arb INFO Z=3.49 (threshold=2.5) — no signal (dup_check=LOCKED)
19:08:52 robot_arb INFO Z=3.41 (threshold=2.5) — no signal (dup_check=LOCKED)
19:08:53 robot_arb INFO Z=3.41 (threshold=2.5) — no signal (dup_check=LOCKED)
19:08:53 robot_arb INFO ⚠️ CHECK_ENTRY returned signal: {'action': 'entry', 'side': 'short_basis', 'z': 3.334391323312322, 'basis': 8750.0, 'price_a': 94.3, 'price_b': 9693.0}
19:08:53 robot_arb INFO ENTRY SIGNAL short_basis | Z=3.33 basis=8750.00 | A=94.30 B=9693.00 | limit buy 10 @ 94.35 | market sell 1 @ 9688.15
19:08:53 orders_arb INFO gRPC sending: limit buy 100 (10 lots) GAZP@MISX acc=2049688 @ 94.35
19:08:54 orders_arb ERROR gRPC order error (GAZP@RTSX buy 10@94.35): code=StatusCode.UNAUTHENTICATED details=Invalid access key
19:08:54 orders_arb WARNING gRPC limit failed, falling back to DP server
19:08:54 orders_arb ERROR Limit order error (GAZP@RTSX buy 10@94.35): no response
19:08:54 robot_arb WARNING Entry failed: leg_a_place_failed
19:08:54 robot_arb INFO Z=3.33 (threshold=2.5) — no signal (dup_check=LOCKED)
19:08:57 robot_arb INFO ⚠️ CHECK_ENTRY returned signal: {'action': 'entry', 'side': 'short_basis', 'z': 3.2258958354055234, 'basis': 8748.2, 'price_a': 94.28, 'price_b': 9691.0}
19:08:57 robot_arb INFO ENTRY SIGNAL short_basis | Z=3.23 basis=8748.20 | A=94.28 B=9691.00 | limit buy 10 @ 94.28 | market sell 1 @ 9686.15
19:08:57 orders_arb INFO gRPC sending: limit buy 100 (10 lots) GAZP@MISX acc=2049688 @ 94.28
19:08:57 orders_arb ERROR gRPC order error (GAZP@RTSX buy 10@94.28): code=StatusCode.UNAUTHENTICATED details=Invalid access key
19:08:57 orders_arb WARNING gRPC limit failed, falling back to DP server
19:08:57 orders_arb ERROR Limit order error (GAZP@RTSX buy 10@94.28): no response
19:08:57 robot_arb WARNING Entry failed: leg_a_place_failed
19:08:57 robot_arb INFO Z=3.23 (threshold=2.5) — no signal (dup_check=LOCKED)
19:08:58 robot_arb INFO Z=3.15 (threshold=2.5) — no signal (dup_check=LOCKED)
19:08:58 robot_arb INFO Z=3.15 (threshold=2.5) — no signal (dup_check=LOCKED)
19:08:59 robot_arb INFO ⚠️ CHECK_ENTRY returned signal: {'action': 'entry', 'side': 'short_basis', 'z': 3.0732649496359423, 'basis': 8748.2, 'price_a': 94.28, 'price_b': 9691.0}
19:08:59 robot_arb INFO ENTRY SIGNAL short_basis | Z=3.07 basis=8748.20 | A=94.28 B=9691.00 | limit buy 10 @ 94.28 | market sell 1 @ 9686.15
19:08:59 orders_arb INFO gRPC sending: limit buy 100 (10 lots) GAZP@MISX acc=2049688 @ 94.28
19:08:59 orders_arb ERROR gRPC order error (GAZP@RTSX buy 10@94.28): code=StatusCode.UNAUTHENTICATED details=Invalid access key
19:08:59 orders_arb WARNING gRPC limit failed, falling back to DP server
19:08:59 orders_arb ERROR Limit order error (GAZP@RTSX buy 10@94.28): no response
19:08:59 robot_arb WARNING Entry failed: leg_a_place_failed
19:08:59 robot_arb INFO Z=3.07 (threshold=2.5) — no signal (dup_check=LOCKED)
19:09:08 robot_arb INFO Z=2.41 (threshold=2.5) — no signal (dup_check=False)
19:09:08 robot_arb INFO Z=2.41 (threshold=2.5) — no signal (dup_check=False)
19:09:09 robot_arb INFO Z=2.38 (threshold=2.5) — no signal (dup_check=False)
19:09:09 robot_arb INFO Z=2.38 (threshold=2.5) — no signal (dup_check=False)
19:09:10 robot_arb INFO Z=2.35 (threshold=2.5) — no signal (dup_check=False)
19:09:10 robot_arb INFO Z=2.35 (threshold=2.5) — no signal (dup_check=False)
19:15:46 robot_arb INFO Z=2.36 (threshold=2.5) — no signal (dup_check=False)
19:15:47 robot_arb INFO Z=2.36 (threshold=2.5) — no signal (dup_check=False)
19:15:47 robot_arb INFO Z=2.33 (threshold=2.5) — no signal (dup_check=False)
19:15:48 robot_arb INFO Z=2.33 (threshold=2.5) — no signal (dup_check=False)
19:21:01 robot_arb INFO ⚠️ CHECK_ENTRY returned signal: {'action': 'entry', 'side': 'short_basis', 'z': 2.5779681492795565, 'basis': 8766.2, 'price_a': 94.48, 'price_b': 9711.0}
19:21:01 robot_arb INFO ENTRY SIGNAL short_basis | Z=2.58 basis=8766.20 | A=94.48 B=9711.00 | limit buy 10 @ 94.49 | market sell 1 @ 9706.14
19:21:01 orders_arb INFO gRPC sending: limit buy 100 (10 lots) GAZP@MISX acc=2049688 @ 94.49
19:21:01 orders_arb ERROR gRPC order error (GAZP@RTSX buy 10@94.49): code=StatusCode.UNAUTHENTICATED details=Invalid access key
19:21:01 orders_arb WARNING gRPC limit failed, falling back to DP server
19:21:01 orders_arb ERROR Limit order error (GAZP@RTSX buy 10@94.49): no response
19:21:01 robot_arb WARNING Entry failed: leg_a_place_failed
19:21:01 robot_arb INFO Z=2.58 (threshold=2.5) — no signal (dup_check=LOCKED)
19:21:02 robot_arb INFO Z=2.54 (threshold=2.5) — no signal (dup_check=LOCKED)
19:21:02 robot_arb INFO Z=2.54 (threshold=2.5) — no signal (dup_check=LOCKED)
19:21:03 robot_arb INFO ⚠️ CHECK_ENTRY returned signal: {'action': 'entry', 'side': 'short_basis', 'z': 2.501994276129754, 'basis': 8766.2, 'price_a': 94.48, 'price_b': 9711.0}
19:21:03 robot_arb INFO ENTRY SIGNAL short_basis | Z=2.50 basis=8766.20 | A=94.48 B=9711.00 | limit buy 10 @ 94.49 | market sell 1 @ 9706.14
19:21:03 orders_arb INFO gRPC sending: limit buy 100 (10 lots) GAZP@MISX acc=2049688 @ 94.49
19:21:03 orders_arb ERROR gRPC order error (GAZP@RTSX buy 10@94.49): code=StatusCode.UNAUTHENTICATED details=Invalid access key
19:21:03 orders_arb WARNING gRPC limit failed, falling back to DP server
19:21:03 orders_arb ERROR Limit order error (GAZP@RTSX buy 10@94.49): no response
19:21:03 robot_arb WARNING Entry failed: leg_a_place_failed
19:30:36 robot_arb INFO Z=2.33 (threshold=2.5) — no signal (dup_check=False)
19:30:37 robot_arb INFO Z=2.30 (threshold=2.5) — no signal (dup_check=False)
19:30:37 robot_arb INFO Z=2.30 (threshold=2.5) — no signal (dup_check=False)
19:30:42 robot_arb INFO ⚠️ CHECK_ENTRY returned signal: {'action': 'entry', 'side': 'short_basis', 'z': 2.877313029100775, 'basis': 8760.3, 'price_a': 94.47, 'price_b': 9705.0}
19:30:42 robot_arb INFO ENTRY SIGNAL short_basis | Z=2.88 basis=8760.30 | A=94.47 B=9705.00 | limit buy 10 @ 94.48 | market sell 1 @ 9700.15
19:30:42 orders_arb INFO gRPC sending: limit buy 100 (10 lots) GAZP@MISX acc=2049688 @ 94.48
19:30:42 orders_arb ERROR gRPC order error (GAZP@RTSX buy 10@94.48): code=StatusCode.UNAUTHENTICATED details=Invalid access key
19:30:42 orders_arb WARNING gRPC limit failed, falling back to DP server
19:30:42 orders_arb ERROR Limit order error (GAZP@RTSX buy 10@94.48): no response
19:30:42 robot_arb WARNING Entry failed: leg_a_place_failed
19:30:42 robot_arb INFO Z=2.88 (threshold=2.5) — no signal (dup_check=LOCKED)
19:30:43 robot_arb INFO Z=2.80 (threshold=2.5) — no signal (dup_check=LOCKED)
19:30:43 robot_arb INFO Z=2.80 (threshold=2.5) — no signal (dup_check=LOCKED)
19:30:44 robot_arb INFO ⚠️ CHECK_ENTRY returned signal: {'action': 'entry', 'side': 'short_basis', 'z': 2.737029316570936, 'basis': 8760.3, 'price_a': 94.47, 'price_b': 9705.0}
19:30:44 robot_arb INFO ENTRY SIGNAL short_basis | Z=2.74 basis=8760.30 | A=94.47 B=9705.00 | limit buy 10 @ 94.48 | market sell 1 @ 9700.15
19:30:44 orders_arb INFO gRPC sending: limit buy 100 (10 lots) GAZP@MISX acc=2049688 @ 94.48
19:30:44 orders_arb ERROR gRPC order error (GAZP@RTSX buy 10@94.48): code=StatusCode.UNAUTHENTICATED details=Invalid access key
19:30:44 orders_arb WARNING gRPC limit failed, falling back to DP server
19:30:44 orders_arb ERROR Limit order error (GAZP@RTSX buy 10@94.48): no response
19:30:44 robot_arb WARNING Entry failed: leg_a_place_failed
19:30:44 robot_arb INFO Z=2.74 (threshold=2.5) — no signal (dup_check=LOCKED)
19:30:45 robot_arb INFO Z=2.67 (threshold=2.5) — no signal (dup_check=LOCKED)
19:30:45 robot_arb INFO Z=2.67 (threshold=2.5) — no signal (dup_check=LOCKED)
19:30:46 robot_arb INFO ⚠️ CHECK_ENTRY returned signal: {'action': 'entry', 'side': 'short_basis', 'z': 2.612848435065458, 'basis': 8760.3, 'price_a': 94.47, 'price_b': 9705.0}
19:30:46 robot_arb INFO ENTRY SIGNAL short_basis | Z=2.61 basis=8760.30 | A=94.47 B=9705.00 | limit buy 10 @ 94.48 | market sell 1 @ 9700.15
19:30:46 orders_arb INFO gRPC sending: limit buy 100 (10 lots) GAZP@MISX acc=2049688 @ 94.48
19:30:46 orders_arb ERROR gRPC order error (GAZP@RTSX buy 10@94.48): code=StatusCode.UNAUTHENTICATED details=Invalid access key
19:30:46 orders_arb WARNING gRPC limit failed, falling back to DP server
19:30:46 orders_arb ERROR Limit order error (GAZP@RTSX buy 10@94.48): no response
19:30:46 robot_arb WARNING Entry failed: leg_a_place_failed
19:30:47 robot_arb INFO Z=2.61 (threshold=2.5) — no signal (dup_check=LOCKED)
19:30:47 robot_arb INFO Z=2.56 (threshold=2.5) — no signal (dup_check=LOCKED)
19:30:48 robot_arb INFO Z=2.56 (threshold=2.5) — no signal (dup_check=LOCKED)
19:30:48 robot_arb INFO ⚠️ CHECK_ENTRY returned signal: {'action': 'entry', 'side': 'short_basis', 'z': 2.50180779252798, 'basis': 8760.3, 'price_a': 94.47, 'price_b': 9705.0}
19:30:48 robot_arb INFO ENTRY SIGNAL short_basis | Z=2.50 basis=8760.30 | A=94.47 B=9705.00 | limit buy 10 @ 94.48 | market sell 1 @ 9700.15
19:30:48 orders_arb INFO gRPC sending: limit buy 100 (10 lots) GAZP@MISX acc=2049688 @ 94.48
19:30:48 orders_arb ERROR gRPC order error (GAZP@RTSX buy 10@94.48): code=StatusCode.UNAUTHENTICATED details=Invalid access key
19:30:48 orders_arb WARNING gRPC limit failed, falling back to DP server
19:30:48 orders_arb ERROR Limit order error (GAZP@RTSX buy 10@94.48): no response
19:30:48 robot_arb WARNING Entry failed: leg_a_place_failed
19:30:49 robot_arb INFO Z=2.50 (threshold=2.5) — no signal (dup_check=LOCKED)
19:30:49 robot_arb INFO Z=2.45 (threshold=2.5) — no signal (dup_check=LOCKED)
19:30:50 robot_arb INFO Z=2.45 (threshold=2.5) — no signal (dup_check=LOCKED)
19:30:50 robot_arb INFO Z=2.40 (threshold=2.5) — no signal (dup_check=False)
19:30:51 robot_arb INFO Z=2.40 (threshold=2.5) — no signal (dup_check=False)
19:30:51 robot_arb INFO Z=2.36 (threshold=2.5) — no signal (dup_check=False)
19:30:52 robot_arb INFO Z=2.36 (threshold=2.5) — no signal (dup_check=False)
19:30:52 robot_arb INFO ⚠️ CHECK_ENTRY returned signal: {'action': 'entry', 'side': 'short_basis', 'z': 3.576472946210972, 'basis': 8760.5, 'price_a': 94.45, 'price_b': 9705.0}
19:30:52 robot_arb INFO ENTRY SIGNAL short_basis | Z=3.58 basis=8760.50 | A=94.45 B=9705.00 | limit buy 10 @ 94.47 | market sell 1 @ 9700.15
19:30:52 orders_arb INFO gRPC sending: limit buy 100 (10 lots) GAZP@MISX acc=2049688 @ 94.47
19:30:52 orders_arb ERROR gRPC order error (GAZP@RTSX buy 10@94.47): code=StatusCode.UNAUTHENTICATED details=Invalid access key
19:30:52 orders_arb WARNING gRPC limit failed, falling back to DP server
19:30:53 orders_arb ERROR Limit order error (GAZP@RTSX buy 10@94.47): no response
19:30:53 robot_arb WARNING Entry failed: leg_a_place_failed
19:30:53 robot_arb INFO Z=3.58 (threshold=2.5) — no signal (dup_check=LOCKED)
19:30:54 robot_arb INFO Z=3.45 (threshold=2.5) — no signal (dup_check=LOCKED)
19:30:54 robot_arb INFO Z=3.45 (threshold=2.5) — no signal (dup_check=LOCKED)
19:30:55 robot_arb INFO ⚠️ CHECK_ENTRY returned signal: {'action': 'entry', 'side': 'short_basis', 'z': 3.3347605341289226, 'basis': 8760.5, 'price_a': 94.45, 'price_b': 9705.0}
19:30:55 robot_arb INFO ENTRY SIGNAL short_basis | Z=3.33 basis=8760.50 | A=94.45 B=9705.00 | limit buy 10 @ 94.47 | market sell 1 @ 9700.15
19:30:55 orders_arb INFO gRPC sending: limit buy 100 (10 lots) GAZP@MISX acc=2049688 @ 94.47
19:30:55 orders_arb ERROR gRPC order error (GAZP@RTSX buy 10@94.47): code=StatusCode.UNAUTHENTICATED details=Invalid access key
19:30:55 orders_arb WARNING gRPC limit failed, falling back to DP server
19:30:55 orders_arb ERROR Limit order error (GAZP@RTSX buy 10@94.47): no response
19:30:55 robot_arb WARNING Entry failed: leg_a_place_failed
19:30:55 robot_arb INFO Z=3.33 (threshold=2.5) — no signal (dup_check=LOCKED)
19:30:56 robot_arb INFO Z=3.23 (threshold=2.5) — no signal (dup_check=LOCKED)
19:30:56 robot_arb INFO Z=3.23 (threshold=2.5) — no signal (dup_check=LOCKED)
19:30:57 robot_arb INFO ⚠️ CHECK_ENTRY returned signal: {'action': 'entry', 'side': 'short_basis', 'z': 3.1322664222424392, 'basis': 8760.5, 'price_a': 94.45, 'price_b': 9705.0}
19:30:57 robot_arb INFO ENTRY SIGNAL short_basis | Z=3.13 basis=8760.50 | A=94.45 B=9705.00 | limit buy 10 @ 94.47 | market sell 1 @ 9700.15
19:30:57 orders_arb INFO gRPC sending: limit buy 100 (10 lots) GAZP@MISX acc=2049688 @ 94.47
19:30:57 orders_arb ERROR gRPC order error (GAZP@RTSX buy 10@94.47): code=StatusCode.UNAUTHENTICATED details=Invalid access key
19:30:57 orders_arb WARNING gRPC limit failed, falling back to DP server
19:30:57 orders_arb ERROR Limit order error (GAZP@RTSX buy 10@94.47): no response
19:30:57 robot_arb WARNING Entry failed: leg_a_place_failed
19:30:57 robot_arb INFO Z=3.13 (threshold=2.5) — no signal (dup_check=LOCKED)
19:30:58 robot_arb INFO Z=3.04 (threshold=2.5) — no signal (dup_check=LOCKED)
19:33:42 robot_arb INFO ⚠️ CHECK_ENTRY returned signal: {'action': 'entry', 'side': 'short_basis', 'z': 2.6127854208770223, 'basis': 8763.3, 'price_a': 94.47, 'price_b': 9708.0}
19:33:42 robot_arb INFO ENTRY SIGNAL short_basis | Z=2.61 basis=8763.30 | A=94.47 B=9708.00 | limit buy 10 @ 94.47 | market sell 1 @ 9703.15
19:33:42 orders_arb INFO gRPC sending: limit buy 100 (10 lots) GAZP@MISX acc=2049688 @ 94.47
19:33:42 orders_arb ERROR gRPC order error (GAZP@RTSX buy 10@94.47): code=StatusCode.UNAUTHENTICATED details=Invalid access key
19:33:42 orders_arb WARNING gRPC limit failed, falling back to DP server
19:33:42 orders_arb ERROR Limit order error (GAZP@RTSX buy 10@94.47): no response
19:33:42 robot_arb WARNING Entry failed: leg_a_place_failed
19:33:43 robot_arb INFO Z=2.61 (threshold=2.5) — no signal (dup_check=LOCKED)
19:33:43 robot_arb INFO Z=2.59 (threshold=2.5) — no signal (dup_check=LOCKED)
19:33:44 robot_arb INFO Z=2.59 (threshold=2.5) — no signal (dup_check=LOCKED)
19:33:44 robot_arb INFO ⚠️ CHECK_ENTRY returned signal: {'action': 'entry', 'side': 'short_basis', 'z': 3.152738892667821, 'basis': 8763.4, 'price_a': 94.46, 'price_b': 9708.0}
19:33:44 robot_arb INFO ENTRY SIGNAL short_basis | Z=3.15 basis=8763.40 | A=94.46 B=9708.00 | limit buy 10 @ 94.47 | market sell 1 @ 9703.15
19:33:44 orders_arb INFO gRPC sending: limit buy 100 (10 lots) GAZP@MISX acc=2049688 @ 94.47
19:33:44 orders_arb ERROR gRPC order error (GAZP@RTSX buy 10@94.47): code=StatusCode.UNAUTHENTICATED details=Invalid access key
19:33:44 orders_arb WARNING gRPC limit failed, falling back to DP server
19:33:44 orders_arb ERROR Limit order error (GAZP@RTSX buy 10@94.47): no response
19:33:44 robot_arb WARNING Entry failed: leg_a_place_failed
19:33:45 robot_arb INFO Z=3.15 (threshold=2.5) — no signal (dup_check=LOCKED)
19:33:45 robot_arb INFO Z=3.11 (threshold=2.5) — no signal (dup_check=LOCKED)
19:33:46 robot_arb INFO Z=3.11 (threshold=2.5) — no signal (dup_check=LOCKED)
19:33:46 robot_arb INFO ⚠️ CHECK_ENTRY returned signal: {'action': 'entry', 'side': 'short_basis', 'z': 3.0715181396714955, 'basis': 8763.4, 'price_a': 94.46, 'price_b': 9708.0}
19:33:46 robot_arb INFO ENTRY SIGNAL short_basis | Z=3.07 basis=8763.40 | A=94.46 B=9708.00 | limit buy 10 @ 94.47 | market sell 1 @ 9703.15
19:33:46 orders_arb INFO gRPC sending: limit buy 100 (10 lots) GAZP@MISX acc=2049688 @ 94.47
19:33:46 orders_arb ERROR gRPC order error (GAZP@RTSX buy 10@94.47): code=StatusCode.UNAUTHENTICATED details=Invalid access key
19:33:46 orders_arb WARNING gRPC limit failed, falling back to DP server
19:33:46 orders_arb ERROR Limit order error (GAZP@RTSX buy 10@94.47): no response
19:33:46 robot_arb WARNING Entry failed: leg_a_place_failed
19:33:47 robot_arb INFO Z=3.07 (threshold=2.5) — no signal (dup_check=LOCKED)
19:33:47 robot_arb INFO Z=2.99 (threshold=2.5) — no signal (dup_check=LOCKED)
19:33:48 robot_arb INFO Z=2.99 (threshold=2.5) — no signal (dup_check=LOCKED)
19:33:48 robot_arb INFO ⚠️ CHECK_ENTRY returned signal: {'action': 'entry', 'side': 'short_basis', 'z': 2.914996861732546, 'basis': 8763.4, 'price_a': 94.46, 'price_b': 9708.0}
19:33:48 robot_arb INFO ENTRY SIGNAL short_basis | Z=2.91 basis=8763.40 | A=94.46 B=9708.00 | limit buy 10 @ 94.47 | market sell 1 @ 9703.15
19:33:48 orders_arb INFO gRPC sending: limit buy 100 (10 lots) GAZP@MISX acc=2049688 @ 94.47
19:33:48 orders_arb ERROR gRPC order error (GAZP@RTSX buy 10@94.47): code=StatusCode.UNAUTHENTICATED details=Invalid access key
19:33:48 orders_arb WARNING gRPC limit failed, falling back to DP server
19:33:48 orders_arb ERROR Limit order error (GAZP@RTSX buy 10@94.47): no response
19:33:48 robot_arb WARNING Entry failed: leg_a_place_failed
19:33:49 robot_arb INFO Z=2.91 (threshold=2.5) — no signal (dup_check=LOCKED)
19:33:49 robot_arb INFO Z=2.84 (threshold=2.5) — no signal (dup_check=LOCKED)
19:33:50 robot_arb INFO Z=2.84 (threshold=2.5) — no signal (dup_check=LOCKED)
19:33:50 robot_arb INFO ⚠️ CHECK_ENTRY returned signal: {'action': 'entry', 'side': 'short_basis', 'z': 2.7777777777777777, 'basis': 8763.4, 'price_a': 94.46, 'price_b': 9708.0}
19:33:50 robot_arb INFO ENTRY SIGNAL short_basis | Z=2.78 basis=8763.40 | A=94.46 B=9708.00 | limit buy 10 @ 94.47 | market sell 1 @ 9703.15
19:33:50 orders_arb INFO gRPC sending: limit buy 100 (10 lots) GAZP@MISX acc=2049688 @ 94.47
19:33:50 orders_arb ERROR gRPC order error (GAZP@RTSX buy 10@94.47): code=StatusCode.UNAUTHENTICATED details=Invalid access key
19:33:50 orders_arb WARNING gRPC limit failed, falling back to DP server
19:33:51 orders_arb ERROR Limit order error (GAZP@RTSX buy 10@94.47): no response
19:33:51 robot_arb WARNING Entry failed: leg_a_place_failed
19:33:51 robot_arb INFO Z=2.78 (threshold=2.5) — no signal (dup_check=LOCKED)
19:33:52 robot_arb INFO Z=2.72 (threshold=2.5) — no signal (dup_check=LOCKED)
19:33:52 robot_arb INFO Z=2.72 (threshold=2.5) — no signal (dup_check=LOCKED)
19:33:53 robot_arb INFO ⚠️ CHECK_ENTRY returned signal: {'action': 'entry', 'side': 'short_basis', 'z': 2.6561096701778353, 'basis': 8763.4, 'price_a': 94.46, 'price_b': 9708.0}
19:33:53 robot_arb INFO ENTRY SIGNAL short_basis | Z=2.66 basis=8763.40 | A=94.46 B=9708.00 | limit buy 10 @ 94.47 | market sell 1 @ 9703.15
19:33:53 orders_arb INFO gRPC sending: limit buy 100 (10 lots) GAZP@MISX acc=2049688 @ 94.47
19:33:53 orders_arb ERROR gRPC order error (GAZP@RTSX buy 10@94.47): code=StatusCode.UNAUTHENTICATED details=Invalid access key
19:33:53 orders_arb WARNING gRPC limit failed, falling back to DP server
19:33:53 orders_arb ERROR Limit order error (GAZP@RTSX buy 10@94.47): no response
19:33:53 robot_arb WARNING Entry failed: leg_a_place_failed
19:33:53 robot_arb INFO Z=2.66 (threshold=2.5) — no signal (dup_check=LOCKED)
19:33:54 robot_arb INFO Z=2.63 (threshold=2.5) — no signal (dup_check=LOCKED)
19:33:54 robot_arb INFO Z=2.63 (threshold=2.5) — no signal (dup_check=LOCKED)
19:33:55 robot_arb INFO ⚠️ CHECK_ENTRY returned signal: {'action': 'entry', 'side': 'short_basis', 'z': 2.611344960831025, 'basis': 8763.4, 'price_a': 94.46, 'price_b': 9708.0}
19:33:55 robot_arb INFO ENTRY SIGNAL short_basis | Z=2.61 basis=8763.40 | A=94.46 B=9708.00 | limit buy 10 @ 94.47 | market sell 1 @ 9703.15
19:33:55 orders_arb INFO gRPC sending: limit buy 100 (10 lots) GAZP@MISX acc=2049688 @ 94.47
19:33:55 orders_arb ERROR gRPC order error (GAZP@RTSX buy 10@94.47): code=StatusCode.UNAUTHENTICATED details=Invalid access key
19:33:55 orders_arb WARNING gRPC limit failed, falling back to DP server
19:33:55 orders_arb ERROR Limit order error (GAZP@RTSX buy 10@94.47): no response
19:33:55 robot_arb WARNING Entry failed: leg_a_place_failed
19:44:46 robot_arb INFO ⚠️ CHECK_ENTRY returned signal: {'action': 'entry', 'side': 'short_basis', 'z': 4.278891981198993, 'basis': 8765.4, 'price_a': 94.46, 'price_b': 9710.0}
19:44:46 robot_arb INFO ENTRY SIGNAL short_basis | Z=4.28 basis=8765.40 | A=94.46 B=9710.00 | limit buy 10 @ 94.46 | market sell 1 @ 9705.15
19:44:46 orders_arb INFO gRPC sending: limit buy 100 (10 lots) GAZP@MISX acc=2049688 @ 94.46
19:44:46 orders_arb ERROR gRPC order error (GAZP@RTSX buy 10@94.46): code=StatusCode.UNAUTHENTICATED details=Invalid access key
19:44:46 orders_arb WARNING gRPC limit failed, falling back to DP server
19:44:46 orders_arb ERROR Limit order error (GAZP@RTSX buy 10@94.46): no response
19:44:46 robot_arb WARNING Entry failed: leg_a_place_failed
19:44:46 robot_arb INFO Z=4.28 (threshold=2.5) — no signal (dup_check=LOCKED)
19:44:47 robot_arb INFO Z=4.10 (threshold=2.5) — no signal (dup_check=LOCKED)
19:44:47 robot_arb INFO Z=4.10 (threshold=2.5) — no signal (dup_check=LOCKED)
19:44:48 robot_arb INFO ⚠️ CHECK_ENTRY returned signal: {'action': 'entry', 'side': 'short_basis', 'z': 3.9254691669976616, 'basis': 8765.4, 'price_a': 94.46, 'price_b': 9710.0}
19:44:48 robot_arb INFO ENTRY SIGNAL short_basis | Z=3.93 basis=8765.40 | A=94.46 B=9710.00 | limit buy 10 @ 94.46 | market sell 1 @ 9705.15
19:44:48 orders_arb INFO gRPC sending: limit buy 100 (10 lots) GAZP@MISX acc=2049688 @ 94.46
19:44:48 orders_arb ERROR gRPC order error (GAZP@RTSX buy 10@94.46): code=StatusCode.UNAUTHENTICATED details=Invalid access key
19:44:48 orders_arb WARNING gRPC limit failed, falling back to DP server
19:44:48 orders_arb ERROR Limit order error (GAZP@RTSX buy 10@94.46): no response
19:44:48 robot_arb WARNING Entry failed: leg_a_place_failed
19:44:56 robot_arb INFO ⚠️ CHECK_ENTRY returned signal: {'action': 'entry', 'side': 'short_basis', 'z': 4.036837756149957, 'basis': 8761.9, 'price_a': 94.41, 'price_b': 9706.0}
19:44:56 robot_arb INFO ENTRY SIGNAL short_basis | Z=4.04 basis=8761.90 | A=94.41 B=9706.00 | limit buy 10 @ 94.41 | market sell 1 @ 9701.15
19:44:56 orders_arb INFO gRPC sending: limit buy 100 (10 lots) GAZP@MISX acc=2049688 @ 94.41
19:44:56 orders_arb ERROR gRPC order error (GAZP@RTSX buy 10@94.41): code=StatusCode.UNAUTHENTICATED details=Invalid access key
19:44:56 orders_arb WARNING gRPC limit failed, falling back to DP server
19:44:56 orders_arb ERROR Limit order error (GAZP@RTSX buy 10@94.41): no response
19:44:56 robot_arb WARNING Entry failed: leg_a_place_failed
19:44:57 robot_arb INFO Z=4.04 (threshold=2.5) — no signal (dup_check=LOCKED)
19:44:57 robot_arb INFO Z=3.88 (threshold=2.5) — no signal (dup_check=LOCKED)
19:44:58 robot_arb INFO Z=3.88 (threshold=2.5) — no signal (dup_check=LOCKED)
19:44:58 robot_arb INFO ⚠️ CHECK_ENTRY returned signal: {'action': 'entry', 'side': 'short_basis', 'z': 3.7550583820429373, 'basis': 8761.9, 'price_a': 94.41, 'price_b': 9706.0}
19:44:58 robot_arb INFO ENTRY SIGNAL short_basis | Z=3.76 basis=8761.90 | A=94.41 B=9706.00 | limit buy 10 @ 94.41 | market sell 1 @ 9701.15
19:44:58 orders_arb INFO gRPC sending: limit buy 100 (10 lots) GAZP@MISX acc=2049688 @ 94.41
19:44:58 orders_arb ERROR gRPC order error (GAZP@RTSX buy 10@94.41): code=StatusCode.UNAUTHENTICATED details=Invalid access key
19:44:58 orders_arb WARNING gRPC limit failed, falling back to DP server
19:44:58 orders_arb ERROR Limit order error (GAZP@RTSX buy 10@94.41): no response
19:44:58 robot_arb WARNING Entry failed: leg_a_place_failed
19:44:59 robot_arb INFO Z=3.76 (threshold=2.5) — no signal (dup_check=LOCKED)
19:47:57 robot_arb INFO ⚠️ CHECK_ENTRY returned signal: {'action': 'entry', 'side': 'short_basis', 'z': 2.912912483663444, 'basis': 8770.9, 'price_a': 94.51, 'price_b': 9716.0}
19:47:57 robot_arb INFO ENTRY SIGNAL short_basis | Z=2.91 basis=8770.90 | A=94.51 B=9716.00 | limit buy 10 @ 94.51 | market sell 1 @ 9711.14
19:47:57 orders_arb INFO gRPC sending: limit buy 100 (10 lots) GAZP@MISX acc=2049688 @ 94.51
19:47:57 orders_arb ERROR gRPC order error (GAZP@RTSX buy 10@94.51): code=StatusCode.UNAUTHENTICATED details=Invalid access key
19:47:57 orders_arb WARNING gRPC limit failed, falling back to DP server
19:47:57 orders_arb ERROR Limit order error (GAZP@RTSX buy 10@94.51): no response
19:47:57 robot_arb WARNING Entry failed: leg_a_place_failed
19:47:58 robot_arb INFO Z=2.91 (threshold=2.5) — no signal (dup_check=LOCKED)
19:47:58 robot_arb INFO Z=2.84 (threshold=2.5) — no signal (dup_check=LOCKED)
19:47:59 robot_arb INFO Z=2.84 (threshold=2.5) — no signal (dup_check=LOCKED)
19:47:59 robot_arb INFO ⚠️ CHECK_ENTRY returned signal: {'action': 'entry', 'side': 'short_basis', 'z': 2.770237847445799, 'basis': 8770.9, 'price_a': 94.51, 'price_b': 9716.0}
19:47:59 robot_arb INFO ENTRY SIGNAL short_basis | Z=2.77 basis=8770.90 | A=94.51 B=9716.00 | limit buy 10 @ 94.51 | market sell 1 @ 9711.14
19:47:59 orders_arb INFO gRPC sending: limit buy 100 (10 lots) GAZP@MISX acc=2049688 @ 94.51
19:47:59 orders_arb ERROR gRPC order error (GAZP@RTSX buy 10@94.51): code=StatusCode.UNAUTHENTICATED details=Invalid access key
19:47:59 orders_arb WARNING gRPC limit failed, falling back to DP server
19:48:00 orders_arb ERROR Limit order error (GAZP@RTSX buy 10@94.51): no response
19:48:00 robot_arb WARNING Entry failed: leg_a_place_failed
19:48:00 robot_arb INFO Z=2.77 (threshold=2.5) — no signal (dup_check=LOCKED)
19:49:32 robot_arb INFO Z=2.37 (threshold=2.5) — no signal (dup_check=False)
19:49:32 robot_arb INFO Z=2.37 (threshold=2.5) — no signal (dup_check=False)
19:49:33 robot_arb INFO Z=2.33 (threshold=2.5) — no signal (dup_check=False)
19:49:33 robot_arb INFO Z=2.33 (threshold=2.5) — no signal (dup_check=False)
19:54:36 robot_arb INFO Z=2.38 (threshold=2.5) — no signal (dup_check=False)
19:54:37 robot_arb INFO Z=2.38 (threshold=2.5) — no signal (dup_check=False)
19:54:37 robot_arb INFO Z=2.34 (threshold=2.5) — no signal (dup_check=False)
19:54:38 robot_arb INFO Z=2.34 (threshold=2.5) — no signal (dup_check=False)
19:54:38 robot_arb INFO Z=2.31 (threshold=2.5) — no signal (dup_check=False)
19:54:39 robot_arb INFO Z=2.31 (threshold=2.5) — no signal (dup_check=False)
20:15:04 robot_arb INFO ⚠️ CHECK_ENTRY returned signal: {'action': 'entry', 'side': 'short_basis', 'z': 3.97084023735376, 'basis': 8724.6, 'price_a': 94.04, 'price_b': 9665.0}
20:15:04 robot_arb INFO ENTRY SIGNAL short_basis | Z=3.97 basis=8724.60 | A=94.04 B=9665.00 | limit buy 10 @ 94.06 | market sell 1 @ 9660.17
20:15:04 orders_arb INFO gRPC sending: limit buy 100 (10 lots) GAZP@MISX acc=2049688 @ 94.06
20:15:04 orders_arb ERROR gRPC order error (GAZP@RTSX buy 10@94.06): code=StatusCode.UNAUTHENTICATED details=Invalid access key
20:15:04 orders_arb WARNING gRPC limit failed, falling back to DP server
20:15:05 orders_arb ERROR Limit order error (GAZP@RTSX buy 10@94.06): no response
20:15:05 robot_arb WARNING Entry failed: leg_a_place_failed
20:15:05 robot_arb INFO Z=3.97 (threshold=2.5) — no signal (dup_check=LOCKED)
20:15:06 robot_arb INFO Z=3.82 (threshold=2.5) — no signal (dup_check=LOCKED)
20:15:06 robot_arb INFO Z=3.82 (threshold=2.5) — no signal (dup_check=LOCKED)
20:15:07 robot_arb INFO ⚠️ CHECK_ENTRY returned signal: {'action': 'entry', 'side': 'short_basis', 'z': 3.685551838503259, 'basis': 8724.6, 'price_a': 94.04, 'price_b': 9665.0}
20:15:07 robot_arb INFO ENTRY SIGNAL short_basis | Z=3.69 basis=8724.60 | A=94.04 B=9665.00 | limit buy 10 @ 94.06 | market sell 1 @ 9660.17
20:15:07 orders_arb INFO gRPC sending: limit buy 100 (10 lots) GAZP@MISX acc=2049688 @ 94.06
20:15:07 orders_arb ERROR gRPC order error (GAZP@RTSX buy 10@94.06): code=StatusCode.UNAUTHENTICATED details=Invalid access key
20:15:07 orders_arb WARNING gRPC limit failed, falling back to DP server
20:15:07 orders_arb ERROR Limit order error (GAZP@RTSX buy 10@94.06): no response
20:15:07 robot_arb WARNING Entry failed: leg_a_place_failed
20:15:07 robot_arb INFO Z=3.69 (threshold=2.5) — no signal (dup_check=LOCKED)
20:15:08 robot_arb INFO Z=3.56 (threshold=2.5) — no signal (dup_check=LOCKED)
20:15:08 robot_arb INFO Z=3.56 (threshold=2.5) — no signal (dup_check=LOCKED)
20:15:09 robot_arb INFO ⚠️ CHECK_ENTRY returned signal: {'action': 'entry', 'side': 'short_basis', 'z': 3.450252362397948, 'basis': 8724.6, 'price_a': 94.04, 'price_b': 9665.0}
20:15:09 robot_arb INFO ENTRY SIGNAL short_basis | Z=3.45 basis=8724.60 | A=94.04 B=9665.00 | limit buy 10 @ 94.06 | market sell 1 @ 9660.17
20:15:09 orders_arb INFO gRPC sending: limit buy 100 (10 lots) GAZP@MISX acc=2049688 @ 94.06
20:15:09 orders_arb ERROR gRPC order error (GAZP@RTSX buy 10@94.06): code=StatusCode.UNAUTHENTICATED details=Invalid access key
20:15:09 orders_arb WARNING gRPC limit failed, falling back to DP server
20:15:09 orders_arb ERROR Limit order error (GAZP@RTSX buy 10@94.06): no response
20:15:09 robot_arb WARNING Entry failed: leg_a_place_failed
20:15:09 robot_arb INFO Z=3.45 (threshold=2.5) — no signal (dup_check=LOCKED)
20:15:10 robot_arb INFO Z=3.35 (threshold=2.5) — no signal (dup_check=LOCKED)
20:15:10 robot_arb INFO Z=3.35 (threshold=2.5) — no signal (dup_check=LOCKED)
20:15:11 robot_arb INFO ⚠️ CHECK_ENTRY returned signal: {'action': 'entry', 'side': 'short_basis', 'z': 3.2516645589912025, 'basis': 8724.6, 'price_a': 94.04, 'price_b': 9665.0}
20:15:11 robot_arb INFO ENTRY SIGNAL short_basis | Z=3.25 basis=8724.60 | A=94.04 B=9665.00 | limit buy 10 @ 94.06 | market sell 1 @ 9660.17
20:15:11 orders_arb INFO gRPC sending: limit buy 100 (10 lots) GAZP@MISX acc=2049688 @ 94.06
20:15:11 orders_arb ERROR gRPC order error (GAZP@RTSX buy 10@94.06): code=StatusCode.UNAUTHENTICATED details=Invalid access key
20:15:11 orders_arb WARNING gRPC limit failed, falling back to DP server
20:15:11 orders_arb ERROR Limit order error (GAZP@RTSX buy 10@94.06): no response
20:15:11 robot_arb WARNING Entry failed: leg_a_place_failed
20:15:12 robot_arb INFO Z=3.25 (threshold=2.5) — no signal (dup_check=LOCKED)
20:15:12 robot_arb INFO Z=3.16 (threshold=2.5) — no signal (dup_check=LOCKED)
20:15:13 robot_arb INFO Z=3.16 (threshold=2.5) — no signal (dup_check=LOCKED)
20:15:13 robot_arb INFO ⚠️ CHECK_ENTRY returned signal: {'action': 'entry', 'side': 'short_basis', 'z': 3.080982485192317, 'basis': 8724.6, 'price_a': 94.04, 'price_b': 9665.0}
20:15:13 robot_arb INFO ENTRY SIGNAL short_basis | Z=3.08 basis=8724.60 | A=94.04 B=9665.00 | limit buy 10 @ 94.06 | market sell 1 @ 9660.17
20:15:13 orders_arb INFO gRPC sending: limit buy 100 (10 lots) GAZP@MISX acc=2049688 @ 94.06
20:15:13 orders_arb ERROR gRPC order error (GAZP@RTSX buy 10@94.06): code=StatusCode.UNAUTHENTICATED details=Invalid access key
20:15:13 orders_arb WARNING gRPC limit failed, falling back to DP server
20:15:13 orders_arb ERROR Limit order error (GAZP@RTSX buy 10@94.06): no response
20:15:13 robot_arb WARNING Entry failed: leg_a_place_failed
20:15:14 robot_arb INFO Z=3.08 (threshold=2.5) — no signal (dup_check=LOCKED)
20:15:14 robot_arb INFO Z=3.00 (threshold=2.5) — no signal (dup_check=LOCKED)
20:15:15 robot_arb INFO Z=3.00 (threshold=2.5) — no signal (dup_check=LOCKED)
20:15:15 robot_arb INFO ⚠️ CHECK_ENTRY returned signal: {'action': 'entry', 'side': 'short_basis', 'z': 2.932103858977025, 'basis': 8724.6, 'price_a': 94.04, 'price_b': 9665.0}
20:15:15 robot_arb INFO ENTRY SIGNAL short_basis | Z=2.93 basis=8724.60 | A=94.04 B=9665.00 | limit buy 10 @ 94.06 | market sell 1 @ 9660.17
20:15:15 orders_arb INFO gRPC sending: limit buy 100 (10 lots) GAZP@MISX acc=2049688 @ 94.06
20:15:15 orders_arb ERROR gRPC order error (GAZP@RTSX buy 10@94.06): code=StatusCode.UNAUTHENTICATED details=Invalid access key
20:15:15 orders_arb WARNING gRPC limit failed, falling back to DP server
20:15:15 orders_arb ERROR Limit order error (GAZP@RTSX buy 10@94.06): no response
20:15:15 robot_arb WARNING Entry failed: leg_a_place_failed
20:15:16 robot_arb INFO Z=2.93 (threshold=2.5) — no signal (dup_check=LOCKED)
20:15:16 robot_arb INFO Z=2.86 (threshold=2.5) — no signal (dup_check=LOCKED)
20:15:17 robot_arb INFO Z=2.86 (threshold=2.5) — no signal (dup_check=LOCKED)
20:15:17 robot_arb INFO ⚠️ CHECK_ENTRY returned signal: {'action': 'entry', 'side': 'short_basis', 'z': 2.800647942033905, 'basis': 8724.6, 'price_a': 94.04, 'price_b': 9665.0}
20:15:17 robot_arb INFO ENTRY SIGNAL short_basis | Z=2.80 basis=8724.60 | A=94.04 B=9665.00 | limit buy 10 @ 94.06 | market sell 1 @ 9660.17
20:15:17 orders_arb INFO gRPC sending: limit buy 100 (10 lots) GAZP@MISX acc=2049688 @ 94.06
20:15:17 orders_arb ERROR gRPC order error (GAZP@RTSX buy 10@94.06): code=StatusCode.UNAUTHENTICATED details=Invalid access key
20:15:17 orders_arb WARNING gRPC limit failed, falling back to DP server
20:15:17 orders_arb ERROR Limit order error (GAZP@RTSX buy 10@94.06): no response
20:15:17 robot_arb WARNING Entry failed: leg_a_place_failed
20:15:18 robot_arb INFO Z=2.80 (threshold=2.5) — no signal (dup_check=LOCKED)
20:15:18 robot_arb INFO Z=2.74 (threshold=2.5) — no signal (dup_check=LOCKED)
20:15:19 robot_arb INFO Z=2.74 (threshold=2.5) — no signal (dup_check=LOCKED)
20:15:19 robot_arb INFO ⚠️ CHECK_ENTRY returned signal: {'action': 'entry', 'side': 'short_basis', 'z': 2.683377102542951, 'basis': 8724.6, 'price_a': 94.04, 'price_b': 9665.0}
20:15:19 robot_arb INFO ENTRY SIGNAL short_basis | Z=2.68 basis=8724.60 | A=94.04 B=9665.00 | limit buy 10 @ 94.06 | market sell 1 @ 9660.17
20:15:19 orders_arb INFO gRPC sending: limit buy 100 (10 lots) GAZP@MISX acc=2049688 @ 94.06
20:15:19 orders_arb ERROR gRPC order error (GAZP@RTSX buy 10@94.06): code=StatusCode.UNAUTHENTICATED details=Invalid access key
20:15:19 orders_arb WARNING gRPC limit failed, falling back to DP server
20:15:19 orders_arb ERROR Limit order error (GAZP@RTSX buy 10@94.06): no response
20:15:19 robot_arb WARNING Entry failed: leg_a_place_failed
20:15:20 robot_arb INFO Z=2.68 (threshold=2.5) — no signal (dup_check=LOCKED)
20:15:20 robot_arb INFO Z=2.63 (threshold=2.5) — no signal (dup_check=LOCKED)
20:15:21 robot_arb INFO Z=2.63 (threshold=2.5) — no signal (dup_check=LOCKED)
20:15:21 robot_arb INFO ⚠️ CHECK_ENTRY returned signal: {'action': 'entry', 'side': 'short_basis', 'z': 2.57783953619849, 'basis': 8724.6, 'price_a': 94.04, 'price_b': 9665.0}
20:15:21 robot_arb INFO ENTRY SIGNAL short_basis | Z=2.58 basis=8724.60 | A=94.04 B=9665.00 | limit buy 10 @ 94.04 | market sell 1 @ 9660.17
20:15:21 orders_arb INFO gRPC sending: limit buy 100 (10 lots) GAZP@MISX acc=2049688 @ 94.04
20:15:22 orders_arb ERROR gRPC order error (GAZP@RTSX buy 10@94.04): code=StatusCode.UNAUTHENTICATED details=Invalid access key
20:15:22 orders_arb WARNING gRPC limit failed, falling back to DP server
20:15:22 orders_arb ERROR Limit order error (GAZP@RTSX buy 10@94.04): no response
20:15:22 robot_arb WARNING Entry failed: leg_a_place_failed
20:15:22 robot_arb INFO Z=2.58 (threshold=2.5) — no signal (dup_check=LOCKED)
20:15:23 robot_arb INFO Z=2.53 (threshold=2.5) — no signal (dup_check=LOCKED)
20:15:23 robot_arb INFO Z=2.53 (threshold=2.5) — no signal (dup_check=LOCKED)
20:15:24 robot_arb INFO Z=2.48 (threshold=2.5) — no signal (dup_check=False)
20:15:24 robot_arb INFO Z=2.48 (threshold=2.5) — no signal (dup_check=False)
20:15:25 robot_arb INFO Z=2.44 (threshold=2.5) — no signal (dup_check=False)
20:15:25 robot_arb INFO Z=2.44 (threshold=2.5) — no signal (dup_check=False)
20:15:26 robot_arb INFO Z=2.39 (threshold=2.5) — no signal (dup_check=False)
20:15:26 robot_arb INFO Z=2.39 (threshold=2.5) — no signal (dup_check=False)
20:15:27 robot_arb INFO Z=2.35 (threshold=2.5) — no signal (dup_check=False)
20:15:27 robot_arb INFO Z=2.35 (threshold=2.5) — no signal (dup_check=False)
20:15:28 robot_arb INFO Z=2.31 (threshold=2.5) — no signal (dup_check=False)
20:15:28 robot_arb INFO Z=2.31 (threshold=2.5) — no signal (dup_check=False)
20:21:24 robot_arb INFO ⚠️ CHECK_ENTRY returned signal: {'action': 'entry', 'side': 'short_basis', 'z': 7.41865752303765, 'basis': 8725.4, 'price_a': 93.96, 'price_b': 9665.0}
20:21:24 robot_arb INFO ENTRY SIGNAL short_basis | Z=7.42 basis=8725.40 | A=93.96 B=9665.00 | limit buy 10 @ 93.97 | market sell 1 @ 9660.17
20:21:24 orders_arb INFO gRPC sending: limit buy 100 (10 lots) GAZP@MISX acc=2049688 @ 93.97
20:21:24 orders_arb ERROR gRPC order error (GAZP@RTSX buy 10@93.97): code=StatusCode.UNAUTHENTICATED details=Invalid access key
20:21:24 orders_arb WARNING gRPC limit failed, falling back to DP server
20:21:24 orders_arb ERROR Limit order error (GAZP@RTSX buy 10@93.97): no response
20:21:24 robot_arb WARNING Entry failed: leg_a_place_failed
20:38:26 robot_arb INFO ⚠️ CHECK_ENTRY returned signal: {'action': 'entry', 'side': 'short_basis', 'z': 3.025522268820779, 'basis': 8738.0, 'price_a': 94.2, 'price_b': 9680.0}
20:38:26 robot_arb INFO ENTRY SIGNAL short_basis | Z=3.03 basis=8738.00 | A=94.20 B=9680.00 | limit buy 10 @ 94.24 | market sell 1 @ 9675.16
20:38:26 orders_arb INFO gRPC sending: limit buy 100 (10 lots) GAZP@MISX acc=2049688 @ 94.24
20:38:26 orders_arb ERROR gRPC order error (GAZP@RTSX buy 10@94.24): code=StatusCode.UNAUTHENTICATED details=Invalid access key
20:38:26 orders_arb WARNING gRPC limit failed, falling back to DP server
20:38:27 orders_arb ERROR Limit order error (GAZP@RTSX buy 10@94.24): no response
20:38:27 robot_arb WARNING Entry failed: leg_a_place_failed
20:38:27 robot_arb INFO Z=2.94 (threshold=2.5) — no signal (dup_check=LOCKED)
20:38:28 robot_arb INFO Z=2.94 (threshold=2.5) — no signal (dup_check=LOCKED)
20:38:28 robot_arb INFO Z=2.87 (threshold=2.5) — no signal (dup_check=LOCKED)
20:38:29 robot_arb INFO ⚠️ CHECK_ENTRY returned signal: {'action': 'entry', 'side': 'short_basis', 'z': 2.86691089540498, 'basis': 8738.0, 'price_a': 94.2, 'price_b': 9680.0}
20:38:29 robot_arb INFO ENTRY SIGNAL short_basis | Z=2.87 basis=8738.00 | A=94.20 B=9680.00 | limit buy 10 @ 94.24 | market sell 1 @ 9675.16
20:38:29 orders_arb INFO gRPC sending: limit buy 100 (10 lots) GAZP@MISX acc=2049688 @ 94.24
20:38:29 orders_arb ERROR gRPC order error (GAZP@RTSX buy 10@94.24): code=StatusCode.UNAUTHENTICATED details=Invalid access key
20:38:29 orders_arb WARNING gRPC limit failed, falling back to DP server
20:38:29 orders_arb ERROR Limit order error (GAZP@RTSX buy 10@94.24): no response
20:38:29 robot_arb WARNING Entry failed: leg_a_place_failed
20:38:30 robot_arb INFO Z=2.80 (threshold=2.5) — no signal (dup_check=LOCKED)
20:38:30 robot_arb INFO Z=2.80 (threshold=2.5) — no signal (dup_check=LOCKED)
20:38:31 robot_arb INFO Z=2.73 (threshold=2.5) — no signal (dup_check=LOCKED)
20:39:20 robot_arb INFO ⚠️ CHECK_ENTRY returned signal: {'action': 'entry', 'side': 'short_basis', 'z': 2.5369721027541856, 'basis': 8738.2, 'price_a': 94.18, 'price_b': 9680.0}
20:39:20 robot_arb INFO ENTRY SIGNAL short_basis | Z=2.54 basis=8738.20 | A=94.18 B=9680.00 | limit buy 10 @ 94.20 | market sell 1 @ 9675.16
20:39:20 orders_arb INFO gRPC sending: limit buy 100 (10 lots) GAZP@MISX acc=2049688 @ 94.2
20:39:20 orders_arb ERROR gRPC order error (GAZP@RTSX buy 10@94.2): code=StatusCode.UNAUTHENTICATED details=Invalid access key
20:39:20 orders_arb WARNING gRPC limit failed, falling back to DP server
20:39:20 orders_arb ERROR Limit order error (GAZP@RTSX buy 10@94.2): no response
20:39:20 robot_arb WARNING Entry failed: leg_a_place_failed
20:39:21 robot_arb INFO Z=2.48 (threshold=2.5) — no signal (dup_check=LOCKED)
20:39:21 robot_arb INFO Z=2.48 (threshold=2.5) — no signal (dup_check=LOCKED)
20:39:22 robot_arb INFO Z=2.43 (threshold=2.5) — no signal (dup_check=LOCKED)
20:39:22 robot_arb INFO Z=2.43 (threshold=2.5) — no signal (dup_check=False)
20:39:23 robot_arb INFO Z=2.39 (threshold=2.5) — no signal (dup_check=False)
20:39:23 robot_arb INFO Z=2.39 (threshold=2.5) — no signal (dup_check=False)
20:39:24 robot_arb INFO Z=2.34 (threshold=2.5) — no signal (dup_check=False)
20:39:24 robot_arb INFO Z=2.34 (threshold=2.5) — no signal (dup_check=False)
20:42:54 robot_arb INFO ⚠️ CHECK_ENTRY returned signal: {'action': 'entry', 'side': 'short_basis', 'z': 4.801213863194295, 'basis': 8743.4, 'price_a': 94.26, 'price_b': 9686.0}
20:42:54 robot_arb INFO ENTRY SIGNAL short_basis | Z=4.80 basis=8743.40 | A=94.26 B=9686.00 | limit buy 10 @ 94.26 | market sell 1 @ 9681.16
20:42:54 orders_arb INFO gRPC sending: limit buy 100 (10 lots) GAZP@MISX acc=2049688 @ 94.26
20:42:54 orders_arb ERROR gRPC order error (GAZP@RTSX buy 10@94.26): code=StatusCode.UNAUTHENTICATED details=Invalid access key
20:42:54 orders_arb WARNING gRPC limit failed, falling back to DP server
20:42:54 orders_arb ERROR Limit order error (GAZP@RTSX buy 10@94.26): no response
20:42:54 robot_arb WARNING Entry failed: leg_a_place_failed
20:42:55 robot_arb INFO Z=4.80 (threshold=2.5) — no signal (dup_check=LOCKED)
20:42:55 robot_arb INFO Z=4.80 (threshold=2.5) — no signal (dup_check=LOCKED)
20:42:56 robot_arb INFO Z=4.80 (threshold=2.5) — no signal (dup_check=LOCKED)
20:42:56 robot_arb INFO ⚠️ CHECK_ENTRY returned signal: {'action': 'entry', 'side': 'short_basis', 'z': 4.558234558198239, 'basis': 8743.4, 'price_a': 94.26, 'price_b': 9686.0}
20:42:56 robot_arb INFO ENTRY SIGNAL short_basis | Z=4.56 basis=8743.40 | A=94.26 B=9686.00 | limit buy 10 @ 94.26 | market sell 1 @ 9681.16
20:42:56 orders_arb INFO gRPC sending: limit buy 100 (10 lots) GAZP@MISX acc=2049688 @ 94.26
20:42:56 orders_arb ERROR gRPC order error (GAZP@RTSX buy 10@94.26): code=StatusCode.UNAUTHENTICATED details=Invalid access key
20:42:56 orders_arb WARNING gRPC limit failed, falling back to DP server
20:42:56 orders_arb ERROR Limit order error (GAZP@RTSX buy 10@94.26): no response
20:42:56 robot_arb WARNING Entry failed: leg_a_place_failed
20:42:57 robot_arb INFO Z=4.56 (threshold=2.5) — no signal (dup_check=LOCKED)
20:42:57 robot_arb INFO Z=4.35 (threshold=2.5) — no signal (dup_check=LOCKED)
20:42:58 robot_arb INFO Z=4.35 (threshold=2.5) — no signal (dup_check=LOCKED)
20:42:58 robot_arb INFO ⚠️ CHECK_ENTRY returned signal: {'action': 'entry', 'side': 'short_basis', 'z': 4.16261691669384, 'basis': 8743.4, 'price_a': 94.26, 'price_b': 9686.0}
20:42:58 robot_arb INFO ENTRY SIGNAL short_basis | Z=4.16 basis=8743.40 | A=94.26 B=9686.00 | limit buy 10 @ 94.26 | market sell 1 @ 9681.16
20:42:58 orders_arb INFO gRPC sending: limit buy 100 (10 lots) GAZP@MISX acc=2049688 @ 94.26
20:42:58 orders_arb ERROR gRPC order error (GAZP@RTSX buy 10@94.26): code=StatusCode.UNAUTHENTICATED details=Invalid access key
20:42:58 orders_arb WARNING gRPC limit failed, falling back to DP server
20:42:58 orders_arb ERROR Limit order error (GAZP@RTSX buy 10@94.26): no response
20:42:58 robot_arb WARNING Entry failed: leg_a_place_failed
20:42:59 robot_arb INFO Z=4.16 (threshold=2.5) — no signal (dup_check=LOCKED)
20:42:59 robot_arb INFO Z=4.00 (threshold=2.5) — no signal (dup_check=LOCKED)
20:43:00 robot_arb INFO Z=4.00 (threshold=2.5) — no signal (dup_check=LOCKED)
20:43:00 robot_arb INFO ⚠️ CHECK_ENTRY returned signal: {'action': 'entry', 'side': 'short_basis', 'z': 3.8515878805452806, 'basis': 8743.4, 'price_a': 94.26, 'price_b': 9686.0}
20:43:00 robot_arb INFO ENTRY SIGNAL short_basis | Z=3.85 basis=8743.40 | A=94.26 B=9686.00 | limit buy 10 @ 94.26 | market sell 1 @ 9681.16
20:43:00 orders_arb INFO gRPC sending: limit buy 100 (10 lots) GAZP@MISX acc=2049688 @ 94.26
20:43:00 orders_arb ERROR gRPC order error (GAZP@RTSX buy 10@94.26): code=StatusCode.UNAUTHENTICATED details=Invalid access key
20:43:00 orders_arb WARNING gRPC limit failed, falling back to DP server
20:43:00 orders_arb ERROR Limit order error (GAZP@RTSX buy 10@94.26): no response
20:43:00 robot_arb WARNING Entry failed: leg_a_place_failed
20:43:01 robot_arb INFO Z=3.85 (threshold=2.5) — no signal (dup_check=LOCKED)
20:43:01 robot_arb INFO Z=4.55 (threshold=2.5) — no signal (dup_check=LOCKED)
20:43:02 robot_arb INFO Z=4.55 (threshold=2.5) — no signal (dup_check=LOCKED)
20:43:02 robot_arb INFO ⚠️ CHECK_ENTRY returned signal: {'action': 'entry', 'side': 'short_basis', 'z': 4.3317912073358835, 'basis': 8743.5, 'price_a': 94.25, 'price_b': 9686.0}
20:43:02 robot_arb INFO ENTRY SIGNAL short_basis | Z=4.33 basis=8743.50 | A=94.25 B=9686.00 | limit buy 10 @ 94.26 | market sell 1 @ 9681.16
20:43:02 orders_arb INFO gRPC sending: limit buy 100 (10 lots) GAZP@MISX acc=2049688 @ 94.26
20:43:02 orders_arb ERROR gRPC order error (GAZP@RTSX buy 10@94.26): code=StatusCode.UNAUTHENTICATED details=Invalid access key
20:43:02 orders_arb WARNING gRPC limit failed, falling back to DP server
20:43:03 orders_arb ERROR Limit order error (GAZP@RTSX buy 10@94.26): no response
20:43:03 robot_arb WARNING Entry failed: leg_a_place_failed
20:43:03 robot_arb INFO Z=4.33 (threshold=2.5) — no signal (dup_check=LOCKED)
20:43:04 robot_arb INFO Z=4.13 (threshold=2.5) — no signal (dup_check=LOCKED)
20:44:34 robot_arb INFO ⚠️ CHECK_ENTRY returned signal: {'action': 'entry', 'side': 'short_basis', 'z': 2.623734274372724, 'basis': 8746.1, 'price_a': 94.29, 'price_b': 9689.0}
20:44:34 robot_arb INFO ENTRY SIGNAL short_basis | Z=2.62 basis=8746.10 | A=94.29 B=9689.00 | limit buy 10 @ 94.29 | market sell 1 @ 9684.16
20:44:34 orders_arb INFO gRPC sending: limit buy 100 (10 lots) GAZP@MISX acc=2049688 @ 94.29
20:44:34 orders_arb ERROR gRPC order error (GAZP@RTSX buy 10@94.29): code=StatusCode.UNAUTHENTICATED details=Invalid access key
20:44:34 orders_arb WARNING gRPC limit failed, falling back to DP server
20:44:34 orders_arb ERROR Limit order error (GAZP@RTSX buy 10@94.29): no response
20:44:34 robot_arb WARNING Entry failed: leg_a_place_failed
20:44:35 robot_arb INFO Z=2.57 (threshold=2.5) — no signal (dup_check=LOCKED)
20:44:35 robot_arb INFO Z=2.57 (threshold=2.5) — no signal (dup_check=LOCKED)
20:44:36 robot_arb INFO Z=2.52 (threshold=2.5) — no signal (dup_check=LOCKED)
20:44:36 robot_arb INFO ⚠️ CHECK_ENTRY returned signal: {'action': 'entry', 'side': 'short_basis', 'z': 2.516305054459866, 'basis': 8746.1, 'price_a': 94.29, 'price_b': 9689.0}
20:44:36 robot_arb INFO ENTRY SIGNAL short_basis | Z=2.52 basis=8746.10 | A=94.29 B=9689.00 | limit buy 10 @ 94.29 | market sell 1 @ 9684.16
20:44:36 orders_arb INFO gRPC sending: limit buy 100 (10 lots) GAZP@MISX acc=2049688 @ 94.29
20:44:36 orders_arb ERROR gRPC order error (GAZP@RTSX buy 10@94.29): code=StatusCode.UNAUTHENTICATED details=Invalid access key
20:44:36 orders_arb WARNING gRPC limit failed, falling back to DP server
20:44:36 orders_arb ERROR Limit order error (GAZP@RTSX buy 10@94.29): no response
20:44:36 robot_arb WARNING Entry failed: leg_a_place_failed
20:44:37 robot_arb INFO Z=2.47 (threshold=2.5) — no signal (dup_check=LOCKED)
20:44:37 robot_arb INFO Z=2.47 (threshold=2.5) — no signal (dup_check=LOCKED)
20:44:38 robot_arb INFO Z=2.42 (threshold=2.5) — no signal (dup_check=LOCKED)
20:44:38 robot_arb INFO Z=2.42 (threshold=2.5) — no signal (dup_check=False)
20:44:39 robot_arb INFO Z=2.37 (threshold=2.5) — no signal (dup_check=False)
20:44:39 robot_arb INFO Z=2.37 (threshold=2.5) — no signal (dup_check=False)
20:44:40 robot_arb INFO Z=2.33 (threshold=2.5) — no signal (dup_check=False)
20:44:40 robot_arb INFO Z=2.33 (threshold=2.5) — no signal (dup_check=False)
20:49:22 robot_arb INFO ⚠️ CHECK_ENTRY returned signal: {'action': 'entry', 'side': 'short_basis', 'z': 6.984211585971563, 'basis': 8779.1, 'price_a': 94.39, 'price_b': 9723.0}
20:49:22 robot_arb INFO ENTRY SIGNAL short_basis | Z=6.98 basis=8779.10 | A=94.39 B=9723.00 | limit buy 10 @ 94.39 | market sell 1 @ 9718.14
20:49:22 orders_arb INFO gRPC sending: limit buy 100 (10 lots) GAZP@MISX acc=2049688 @ 94.39
20:49:22 orders_arb ERROR gRPC order error (GAZP@RTSX buy 10@94.39): code=StatusCode.UNAUTHENTICATED details=Invalid access key
20:49:22 orders_arb WARNING gRPC limit failed, falling back to DP server
20:49:22 orders_arb ERROR Limit order error (GAZP@RTSX buy 10@94.39): no response
20:49:22 robot_arb WARNING Entry failed: leg_a_place_failed
20:49:22 robot_arb INFO Z=6.25 (threshold=2.5) — no signal (dup_check=LOCKED)
20:49:23 robot_arb INFO Z=6.25 (threshold=2.5) — no signal (dup_check=LOCKED)
20:49:23 robot_arb INFO Z=5.70 (threshold=2.5) — no signal (dup_check=LOCKED)
20:49:24 robot_arb INFO ⚠️ CHECK_ENTRY returned signal: {'action': 'entry', 'side': 'short_basis', 'z': 5.695195471210058, 'basis': 8779.1, 'price_a': 94.39, 'price_b': 9723.0}
20:49:24 robot_arb INFO ENTRY SIGNAL short_basis | Z=5.70 basis=8779.10 | A=94.39 B=9723.00 | limit buy 10 @ 94.39 | market sell 1 @ 9718.14
20:49:24 orders_arb INFO gRPC sending: limit buy 100 (10 lots) GAZP@MISX acc=2049688 @ 94.39
20:49:24 orders_arb ERROR gRPC order error (GAZP@RTSX buy 10@94.39): code=StatusCode.UNAUTHENTICATED details=Invalid access key
20:49:24 orders_arb WARNING gRPC limit failed, falling back to DP server
20:49:24 orders_arb ERROR Limit order error (GAZP@RTSX buy 10@94.39): no response
20:49:24 robot_arb WARNING Entry failed: leg_a_place_failed
20:49:29 robot_arb INFO Z=2.42 (threshold=2.5) — no signal (dup_check=False)
20:49:29 robot_arb INFO Z=2.39 (threshold=2.5) — no signal (dup_check=False)
20:49:30 robot_arb INFO Z=2.39 (threshold=2.5) — no signal (dup_check=False)
20:49:30 robot_arb INFO Z=2.37 (threshold=2.5) — no signal (dup_check=False)
20:49:31 robot_arb INFO Z=2.37 (threshold=2.5) — no signal (dup_check=False)
20:49:31 robot_arb INFO Z=2.34 (threshold=2.5) — no signal (dup_check=False)
20:49:32 robot_arb INFO Z=2.34 (threshold=2.5) — no signal (dup_check=False)
20:49:32 robot_arb INFO Z=2.31 (threshold=2.5) — no signal (dup_check=False)
20:49:33 robot_arb INFO Z=2.31 (threshold=2.5) — no signal (dup_check=False)
02:53:11 robot_arb WARNING Account 2049688: <_InactiveRpcError of RPC that terminated with:
	status = StatusCode.UNAUTHENTICATED
	details = "Invalid access key"
	debug_error_string = "UNKNOWN:Error received from peer  {grpc_status:16, grpc_message:"Invalid access key"}"
>
02:54:12 robot_arb WARNING Account 2049688: <_InactiveRpcError of RPC that terminated with:
	status = StatusCode.UNAUTHENTICATED
	details = "Invalid access key"
	debug_error_string = "UNKNOWN:Error received from peer  {grpc_status:16, grpc_message:"Invalid access key"}"
>
02:56:11 robot_arb WARNING Account 2049688: <_InactiveRpcError of RPC that terminated with:
	status = StatusCode.UNAUTHENTICATED
	details = "Invalid access key"
	debug_error_string = "UNKNOWN:Error received from peer  {grpc_status:16, grpc_message:"Invalid access key"}"
>
07:03:48 robot_arb INFO ⚠️ CHECK_ENTRY returned signal: {'action': 'entry', 'side': 'short_basis', 'z': 3.177804534134301, 'basis': 8747.1, 'price_a': 94.39, 'price_b': 9691.0}
07:03:48 robot_arb INFO ENTRY SIGNAL short_basis | Z=3.18 basis=8747.10 | A=94.39 B=9691.00 | limit buy 10 @ 94.39 | market sell 1 @ 9686.15
07:03:48 orders_arb INFO gRPC sending: limit buy 100 (10 lots) GAZP@MISX acc=2049688 @ 94.39
07:03:48 orders_arb ERROR gRPC order error (GAZP@RTSX buy 10@94.39): code=StatusCode.UNAUTHENTICATED details=Invalid access key
07:03:48 orders_arb WARNING gRPC limit failed, falling back to DP server
07:03:49 orders_arb ERROR Limit order error (GAZP@RTSX buy 10@94.39): no response
07:03:49 robot_arb WARNING Entry failed: leg_a_place_failed
07:03:49 robot_arb INFO Z=3.10 (threshold=2.5) — no signal (dup_check=LOCKED)
07:03:50 robot_arb INFO Z=3.10 (threshold=2.5) — no signal (dup_check=LOCKED)
07:03:53 robot_arb INFO ⚠️ CHECK_ENTRY returned signal: {'action': 'entry', 'side': 'short_basis', 'z': 3.0450951118988696, 'basis': 8751.6, 'price_a': 94.44, 'price_b': 9696.0}
07:03:53 robot_arb INFO ENTRY SIGNAL short_basis | Z=3.05 basis=8751.60 | A=94.44 B=9696.00 | limit buy 10 @ 94.45 | market sell 1 @ 9691.15
07:03:53 orders_arb INFO gRPC sending: limit buy 100 (10 lots) GAZP@MISX acc=2049688 @ 94.45
07:03:53 orders_arb ERROR gRPC order error (GAZP@RTSX buy 10@94.45): code=StatusCode.UNAUTHENTICATED details=Invalid access key
07:03:53 orders_arb WARNING gRPC limit failed, falling back to DP server
07:03:53 orders_arb ERROR Limit order error (GAZP@RTSX buy 10@94.45): no response
07:03:53 robot_arb WARNING Entry failed: leg_a_place_failed
07:03:54 robot_arb INFO Z=3.05 (threshold=2.5) — no signal (dup_check=LOCKED)
07:03:54 robot_arb INFO Z=2.98 (threshold=2.5) — no signal (dup_check=LOCKED)
07:03:55 robot_arb INFO Z=2.98 (threshold=2.5) — no signal (dup_check=LOCKED)
07:03:55 robot_arb INFO ⚠️ CHECK_ENTRY returned signal: {'action': 'entry', 'side': 'short_basis', 'z': 2.931913062560416, 'basis': 8751.6, 'price_a': 94.44, 'price_b': 9696.0}
07:03:55 robot_arb INFO ENTRY SIGNAL short_basis | Z=2.93 basis=8751.60 | A=94.44 B=9696.00 | limit buy 10 @ 94.45 | market sell 1 @ 9691.15
07:03:55 orders_arb INFO gRPC sending: limit buy 100 (10 lots) GAZP@MISX acc=2049688 @ 94.45
07:03:55 orders_arb ERROR gRPC order error (GAZP@RTSX buy 10@94.45): code=StatusCode.UNAUTHENTICATED details=Invalid access key
07:03:55 orders_arb WARNING gRPC limit failed, falling back to DP server
07:03:56 orders_arb ERROR Limit order error (GAZP@RTSX buy 10@94.45): no response
07:03:56 robot_arb WARNING Entry failed: leg_a_place_failed
07:03:56 robot_arb INFO Z=2.93 (threshold=2.5) — no signal (dup_check=LOCKED)
07:03:57 robot_arb INFO Z=2.89 (threshold=2.5) — no signal (dup_check=LOCKED)
07:03:57 robot_arb INFO Z=2.89 (threshold=2.5) — no signal (dup_check=LOCKED)
07:03:58 robot_arb INFO ⚠️ CHECK_ENTRY returned signal: {'action': 'entry', 'side': 'short_basis', 'z': 2.8478679010830468, 'basis': 8751.6, 'price_a': 94.44, 'price_b': 9696.0}
07:03:58 robot_arb INFO ENTRY SIGNAL short_basis | Z=2.85 basis=8751.60 | A=94.44 B=9696.00 | limit buy 10 @ 94.45 | market sell 1 @ 9691.15
07:03:58 orders_arb INFO gRPC sending: limit buy 100 (10 lots) GAZP@MISX acc=2049688 @ 94.45
07:03:58 orders_arb ERROR gRPC order error (GAZP@RTSX buy 10@94.45): code=StatusCode.UNAUTHENTICATED details=Invalid access key
07:03:58 orders_arb WARNING gRPC limit failed, falling back to DP server
07:03:58 orders_arb ERROR Limit order error (GAZP@RTSX buy 10@94.45): no response
07:03:58 robot_arb WARNING Entry failed: leg_a_place_failed
07:03:59 robot_arb INFO Z=2.81 (threshold=2.5) — no signal (dup_check=LOCKED)
07:03:59 robot_arb INFO Z=2.81 (threshold=2.5) — no signal (dup_check=LOCKED)
07:04:00 robot_arb INFO Z=2.77 (threshold=2.5) — no signal (dup_check=LOCKED)
07:04:00 robot_arb INFO ⚠️ CHECK_ENTRY returned signal: {'action': 'entry', 'side': 'short_basis', 'z': 2.773671673866014, 'basis': 8751.6, 'price_a': 94.44, 'price_b': 9696.0}
07:04:00 robot_arb INFO ENTRY SIGNAL short_basis | Z=2.77 basis=8751.60 | A=94.44 B=9696.00 | limit buy 10 @ 94.45 | market sell 1 @ 9691.15
07:04:00 orders_arb INFO gRPC sending: limit buy 100 (10 lots) GAZP@MISX acc=2049688 @ 94.45
07:04:00 orders_arb ERROR gRPC order error (GAZP@RTSX buy 10@94.45): code=StatusCode.UNAUTHENTICATED details=Invalid access key
07:04:00 orders_arb WARNING gRPC limit failed, falling back to DP server
07:04:00 orders_arb ERROR Limit order error (GAZP@RTSX buy 10@94.45): no response
07:04:00 robot_arb WARNING Entry failed: leg_a_place_failed
07:04:01 robot_arb INFO Z=2.74 (threshold=2.5) — no signal (dup_check=LOCKED)
07:04:01 robot_arb INFO Z=2.74 (threshold=2.5) — no signal (dup_check=LOCKED)
07:04:02 robot_arb INFO Z=2.71 (threshold=2.5) — no signal (dup_check=LOCKED)
07:04:02 robot_arb INFO ⚠️ CHECK_ENTRY returned signal: {'action': 'entry', 'side': 'short_basis', 'z': 2.708283089099602, 'basis': 8751.6, 'price_a': 94.44, 'price_b': 9696.0}
07:04:02 robot_arb INFO ENTRY SIGNAL short_basis | Z=2.71 basis=8751.60 | A=94.44 B=9696.00 | limit buy 10 @ 94.45 | market sell 1 @ 9691.15
07:04:02 orders_arb INFO gRPC sending: limit buy 100 (10 lots) GAZP@MISX acc=2049688 @ 94.45
07:04:02 orders_arb ERROR gRPC order error (GAZP@RTSX buy 10@94.45): code=StatusCode.UNAUTHENTICATED details=Invalid access key
07:04:02 orders_arb WARNING gRPC limit failed, falling back to DP server
07:04:02 orders_arb ERROR Limit order error (GAZP@RTSX buy 10@94.45): no response
07:04:02 robot_arb WARNING Entry failed: leg_a_place_failed
07:04:03 robot_arb INFO Z=2.68 (threshold=2.5) — no signal (dup_check=LOCKED)
07:04:03 robot_arb INFO Z=2.68 (threshold=2.5) — no signal (dup_check=LOCKED)
07:04:04 robot_arb INFO Z=2.63 (threshold=2.5) — no signal (dup_check=LOCKED)
07:04:04 robot_arb INFO ⚠️ CHECK_ENTRY returned signal: {'action': 'entry', 'side': 'short_basis', 'z': 2.629949592220862, 'basis': 8751.6, 'price_a': 94.44, 'price_b': 9696.0}
07:04:04 robot_arb INFO ENTRY SIGNAL short_basis | Z=2.63 basis=8751.60 | A=94.44 B=9696.00 | limit buy 10 @ 94.45 | market sell 1 @ 9691.15
07:04:04 orders_arb INFO gRPC sending: limit buy 100 (10 lots) GAZP@MISX acc=2049688 @ 94.45
07:04:04 orders_arb ERROR gRPC order error (GAZP@RTSX buy 10@94.45): code=StatusCode.UNAUTHENTICATED details=Invalid access key
07:04:04 orders_arb WARNING gRPC limit failed, falling back to DP server
07:04:04 orders_arb ERROR Limit order error (GAZP@RTSX buy 10@94.45): no response
07:04:04 robot_arb WARNING Entry failed: leg_a_place_failed
07:04:05 robot_arb INFO Z=2.58 (threshold=2.5) — no signal (dup_check=LOCKED)
07:04:08 robot_arb INFO ⚠️ CHECK_ENTRY returned signal: {'action': 'entry', 'side': 'short_basis', 'z': 2.5097916992297193, 'basis': 8752.5, 'price_a': 94.45, 'price_b': 9697.0}
07:04:08 robot_arb INFO ENTRY SIGNAL short_basis | Z=2.51 basis=8752.50 | A=94.45 B=9697.00 | limit buy 10 @ 94.46 | market sell 1 @ 9692.15
07:04:08 orders_arb INFO gRPC sending: limit buy 100 (10 lots) GAZP@MISX acc=2049688 @ 94.46
07:04:08 orders_arb ERROR gRPC order error (GAZP@RTSX buy 10@94.46): code=StatusCode.UNAUTHENTICATED details=Invalid access key
07:04:08 orders_arb WARNING gRPC limit failed, falling back to DP server
07:04:08 orders_arb ERROR Limit order error (GAZP@RTSX buy 10@94.46): no response
07:04:08 robot_arb WARNING Entry failed: leg_a_place_failed
07:04:09 robot_arb INFO Z=2.51 (threshold=2.5) — no signal (dup_check=LOCKED)
07:04:09 robot_arb INFO Z=2.46 (threshold=2.5) — no signal (dup_check=LOCKED)
07:04:10 robot_arb INFO Z=2.46 (threshold=2.5) — no signal (dup_check=LOCKED)
07:04:10 robot_arb INFO Z=2.41 (threshold=2.5) — no signal (dup_check=False)
07:04:42 robot_arb INFO ⚠️ CHECK_ENTRY returned signal: {'action': 'entry', 'side': 'short_basis', 'z': 4.928436453185677, 'basis': 8770.9, 'price_a': 94.61, 'price_b': 9717.0}
07:04:42 robot_arb INFO ENTRY SIGNAL short_basis | Z=4.93 basis=8770.90 | A=94.61 B=9717.00 | limit buy 10 @ 94.64 | market sell 1 @ 9712.14
07:04:42 orders_arb INFO gRPC sending: limit buy 100 (10 lots) GAZP@MISX acc=2049688 @ 94.64
07:04:42 orders_arb ERROR gRPC order error (GAZP@RTSX buy 10@94.64): code=StatusCode.UNAUTHENTICATED details=Invalid access key
07:04:42 orders_arb WARNING gRPC limit failed, falling back to DP server
07:04:42 orders_arb ERROR Limit order error (GAZP@RTSX buy 10@94.64): no response
07:04:42 robot_arb WARNING Entry failed: leg_a_place_failed
07:04:43 robot_arb INFO Z=4.93 (threshold=2.5) — no signal (dup_check=LOCKED)
07:04:43 robot_arb INFO Z=4.63 (threshold=2.5) — no signal (dup_check=LOCKED)
07:04:44 robot_arb INFO Z=4.63 (threshold=2.5) — no signal (dup_check=LOCKED)
07:04:44 robot_arb INFO ⚠️ CHECK_ENTRY returned signal: {'action': 'entry', 'side': 'short_basis', 'z': 4.380265059525657, 'basis': 8770.9, 'price_a': 94.61, 'price_b': 9717.0}
07:04:44 robot_arb INFO ENTRY SIGNAL short_basis | Z=4.38 basis=8770.90 | A=94.61 B=9717.00 | limit buy 10 @ 94.64 | market sell 1 @ 9712.14
07:04:44 orders_arb INFO gRPC sending: limit buy 100 (10 lots) GAZP@MISX acc=2049688 @ 94.64
07:04:44 orders_arb ERROR gRPC order error (GAZP@RTSX buy 10@94.64): code=StatusCode.UNAUTHENTICATED details=Invalid access key
07:04:44 orders_arb WARNING gRPC limit failed, falling back to DP server
07:04:45 orders_arb ERROR Limit order error (GAZP@RTSX buy 10@94.64): no response
07:04:45 robot_arb WARNING Entry failed: leg_a_place_failed
07:04:46 robot_arb INFO Z=4.16 (threshold=2.5) — no signal (dup_check=LOCKED)
07:04:46 robot_arb INFO Z=4.16 (threshold=2.5) — no signal (dup_check=LOCKED)
07:04:47 robot_arb INFO Z=3.42 (threshold=2.5) — no signal (dup_check=LOCKED)
07:04:52 robot_arb INFO ⚠️ CHECK_ENTRY returned signal: {'action': 'entry', 'side': 'short_basis', 'z': 3.1806894366664857, 'basis': 8768.1, 'price_a': 94.59, 'price_b': 9714.0}
07:04:52 robot_arb INFO ENTRY SIGNAL short_basis | Z=3.18 basis=8768.10 | A=94.59 B=9714.00 | limit buy 10 @ 94.61 | market sell 1 @ 9709.14
07:04:52 orders_arb INFO gRPC sending: limit buy 100 (10 lots) GAZP@MISX acc=2049688 @ 94.61
07:04:52 orders_arb ERROR gRPC order error (GAZP@RTSX buy 10@94.61): code=StatusCode.UNAUTHENTICATED details=Invalid access key
07:04:52 orders_arb WARNING gRPC limit failed, falling back to DP server
07:04:52 orders_arb ERROR Limit order error (GAZP@RTSX buy 10@94.61): no response
07:04:52 robot_arb WARNING Entry failed: leg_a_place_failed
07:04:53 robot_arb INFO Z=3.09 (threshold=2.5) — no signal (dup_check=LOCKED)
07:04:53 robot_arb INFO Z=3.09 (threshold=2.5) — no signal (dup_check=LOCKED)
07:04:54 robot_arb INFO Z=3.00 (threshold=2.5) — no signal (dup_check=LOCKED)
07:04:54 robot_arb INFO ⚠️ CHECK_ENTRY returned signal: {'action': 'entry', 'side': 'short_basis', 'z': 3.003694510840358, 'basis': 8768.1, 'price_a': 94.59, 'price_b': 9714.0}
07:04:54 robot_arb INFO ENTRY SIGNAL short_basis | Z=3.00 basis=8768.10 | A=94.59 B=9714.00 | limit buy 10 @ 94.61 | market sell 1 @ 9709.14
07:04:54 orders_arb INFO gRPC sending: limit buy 100 (10 lots) GAZP@MISX acc=2049688 @ 94.61
07:04:54 orders_arb ERROR gRPC order error (GAZP@RTSX buy 10@94.61): code=StatusCode.UNAUTHENTICATED details=Invalid access key
07:04:54 orders_arb WARNING gRPC limit failed, falling back to DP server
07:04:54 orders_arb ERROR Limit order error (GAZP@RTSX buy 10@94.61): no response
07:04:54 robot_arb WARNING Entry failed: leg_a_place_failed
07:04:55 robot_arb INFO Z=2.92 (threshold=2.5) — no signal (dup_check=LOCKED)
07:04:55 robot_arb INFO Z=2.92 (threshold=2.5) — no signal (dup_check=LOCKED)
07:04:56 robot_arb INFO Z=2.85 (threshold=2.5) — no signal (dup_check=LOCKED)
07:04:56 robot_arb INFO ⚠️ CHECK_ENTRY returned signal: {'action': 'entry', 'side': 'short_basis', 'z': 2.8503043968296446, 'basis': 8768.1, 'price_a': 94.59, 'price_b': 9714.0}
07:04:56 robot_arb INFO ENTRY SIGNAL short_basis | Z=2.85 basis=8768.10 | A=94.59 B=9714.00 | limit buy 10 @ 94.61 | market sell 1 @ 9709.14
07:04:56 orders_arb INFO gRPC sending: limit buy 100 (10 lots) GAZP@MISX acc=2049688 @ 94.61
07:04:56 orders_arb ERROR gRPC order error (GAZP@RTSX buy 10@94.61): code=StatusCode.UNAUTHENTICATED details=Invalid access key
07:04:56 orders_arb WARNING gRPC limit failed, falling back to DP server
07:04:57 orders_arb ERROR Limit order error (GAZP@RTSX buy 10@94.61): no response
07:04:57 robot_arb WARNING Entry failed: leg_a_place_failed
07:07:20 robot_arb INFO ⚠️ CHECK_ENTRY returned signal: {'action': 'entry', 'side': 'short_basis', 'z': 3.526616105484843, 'basis': 8754.8, 'price_a': 94.42, 'price_b': 9699.0}
07:07:20 robot_arb INFO ENTRY SIGNAL short_basis | Z=3.53 basis=8754.80 | A=94.42 B=9699.00 | limit buy 10 @ 94.42 | market sell 1 @ 9694.15
07:07:20 orders_arb INFO gRPC sending: limit buy 100 (10 lots) GAZP@MISX acc=2049688 @ 94.42
07:07:20 orders_arb ERROR gRPC order error (GAZP@RTSX buy 10@94.42): code=StatusCode.UNAUTHENTICATED details=Invalid access key
07:07:20 orders_arb WARNING gRPC limit failed, falling back to DP server
07:07:20 orders_arb ERROR Limit order error (GAZP@RTSX buy 10@94.42): no response
07:07:20 robot_arb WARNING Entry failed: leg_a_place_failed
07:07:21 robot_arb INFO Z=3.42 (threshold=2.5) — no signal (dup_check=LOCKED)
07:07:21 robot_arb INFO Z=3.42 (threshold=2.5) — no signal (dup_check=LOCKED)
07:07:22 robot_arb INFO Z=3.32 (threshold=2.5) — no signal (dup_check=LOCKED)
07:10:23 robot_arb INFO Z=2.45 (threshold=2.5) — no signal (dup_check=False)
07:10:24 robot_arb INFO Z=2.41 (threshold=2.5) — no signal (dup_check=False)
07:10:24 robot_arb INFO Z=2.41 (threshold=2.5) — no signal (dup_check=False)
07:10:25 robot_arb INFO Z=2.37 (threshold=2.5) — no signal (dup_check=False)
07:10:25 robot_arb INFO Z=2.37 (threshold=2.5) — no signal (dup_check=False)
07:10:54 robot_arb INFO ⚠️ CHECK_ENTRY returned signal: {'action': 'entry', 'side': 'short_basis', 'z': 3.18850068496014, 'basis': 8756.4, 'price_a': 94.46, 'price_b': 9701.0}
07:10:54 robot_arb INFO ENTRY SIGNAL short_basis | Z=3.19 basis=8756.40 | A=94.46 B=9701.00 | limit buy 10 @ 94.47 | market sell 1 @ 9696.15
07:10:54 orders_arb INFO gRPC sending: limit buy 100 (10 lots) GAZP@MISX acc=2049688 @ 94.47
07:10:54 orders_arb ERROR gRPC order error (GAZP@RTSX buy 10@94.47): code=StatusCode.UNAUTHENTICATED details=Invalid access key
07:10:54 orders_arb WARNING gRPC limit failed, falling back to DP server
07:10:54 orders_arb ERROR Limit order error (GAZP@RTSX buy 10@94.47): no response
07:10:54 robot_arb WARNING Entry failed: leg_a_place_failed
07:10:59 robot_arb INFO ⚠️ CHECK_ENTRY returned signal: {'action': 'entry', 'side': 'short_basis', 'z': 3.5203978141289864, 'basis': 8752.9, 'price_a': 94.41, 'price_b': 9697.0}
07:10:59 robot_arb INFO ENTRY SIGNAL short_basis | Z=3.52 basis=8752.90 | A=94.41 B=9697.00 | limit buy 10 @ 94.41 | market sell 1 @ 9692.15
07:10:59 orders_arb INFO gRPC sending: limit buy 100 (10 lots) GAZP@MISX acc=2049688 @ 94.41
07:10:59 orders_arb ERROR gRPC order error (GAZP@RTSX buy 10@94.41): code=StatusCode.UNAUTHENTICATED details=Invalid access key
07:10:59 orders_arb WARNING gRPC limit failed, falling back to DP server
07:10:59 orders_arb ERROR Limit order error (GAZP@RTSX buy 10@94.41): no response
07:10:59 robot_arb WARNING Entry failed: leg_a_place_failed
07:12:37 robot_arb INFO Z=2.47 (threshold=2.5) — no signal (dup_check=False)
07:12:38 robot_arb INFO Z=2.47 (threshold=2.5) — no signal (dup_check=False)
07:12:38 robot_arb INFO Z=2.42 (threshold=2.5) — no signal (dup_check=False)
07:12:39 robot_arb INFO Z=2.42 (threshold=2.5) — no signal (dup_check=False)
07:15:45 robot_arb INFO ⚠️ CHECK_ENTRY returned signal: {'action': 'entry', 'side': 'short_basis', 'z': 2.7826623719997357, 'basis': 8759.1, 'price_a': 94.49, 'price_b': 9704.0}
07:15:45 robot_arb INFO ENTRY SIGNAL short_basis | Z=2.78 basis=8759.10 | A=94.49 B=9704.00 | limit buy 10 @ 94.51 | market sell 1 @ 9699.15
07:15:45 orders_arb INFO gRPC sending: limit buy 100 (10 lots) GAZP@MISX acc=2049688 @ 94.51
07:15:45 orders_arb ERROR gRPC order error (GAZP@RTSX buy 10@94.51): code=StatusCode.UNAUTHENTICATED details=Invalid access key
07:15:45 orders_arb WARNING gRPC limit failed, falling back to DP server
07:15:45 orders_arb ERROR Limit order error (GAZP@RTSX buy 10@94.51): no response
07:15:45 robot_arb WARNING Entry failed: leg_a_place_failed
07:15:46 robot_arb INFO Z=2.72 (threshold=2.5) — no signal (dup_check=LOCKED)
07:15:46 robot_arb INFO Z=2.72 (threshold=2.5) — no signal (dup_check=LOCKED)
07:15:47 robot_arb INFO Z=2.65 (threshold=2.5) — no signal (dup_check=LOCKED)
07:15:52 robot_arb INFO Z=2.47 (threshold=2.5) — no signal (dup_check=False)
07:15:53 robot_arb INFO Z=2.42 (threshold=2.5) — no signal (dup_check=False)
07:15:53 robot_arb INFO Z=2.42 (threshold=2.5) — no signal (dup_check=False)
07:15:54 robot_arb INFO Z=2.37 (threshold=2.5) — no signal (dup_check=False)
07:15:54 robot_arb INFO Z=2.37 (threshold=2.5) — no signal (dup_check=False)
07:15:55 robot_arb INFO Z=2.33 (threshold=2.5) — no signal (dup_check=False)
07:15:55 robot_arb INFO Z=2.33 (threshold=2.5) — no signal (dup_check=False)
07:16:15 robot_arb INFO ⚠️ CHECK_ENTRY returned signal: {'action': 'entry', 'side': 'short_basis', 'z': 2.580475015128831, 'basis': 8762.8, 'price_a': 94.52, 'price_b': 9708.0}
07:16:15 robot_arb INFO ENTRY SIGNAL short_basis | Z=2.58 basis=8762.80 | A=94.52 B=9708.00 | limit buy 10 @ 94.54 | market sell 1 @ 9703.15
07:16:15 orders_arb INFO gRPC sending: limit buy 100 (10 lots) GAZP@MISX acc=2049688 @ 94.54
07:16:15 orders_arb ERROR gRPC order error (GAZP@RTSX buy 10@94.54): code=StatusCode.UNAUTHENTICATED details=Invalid access key
07:16:15 orders_arb WARNING gRPC limit failed, falling back to DP server
07:16:15 orders_arb ERROR Limit order error (GAZP@RTSX buy 10@94.54): no response
07:16:15 robot_arb WARNING Entry failed: leg_a_place_failed
07:16:16 robot_arb INFO Z=2.53 (threshold=2.5) — no signal (dup_check=LOCKED)
07:16:16 robot_arb INFO Z=2.53 (threshold=2.5) — no signal (dup_check=LOCKED)
07:16:17 robot_arb INFO Z=2.47 (threshold=2.5) — no signal (dup_check=LOCKED)
07:16:58 robot_arb INFO ⚠️ CHECK_ENTRY returned signal: {'action': 'entry', 'side': 'short_basis', 'z': 2.540074267675501, 'basis': 8760.1, 'price_a': 94.49, 'price_b': 9705.0}
07:16:58 robot_arb INFO ENTRY SIGNAL short_basis | Z=2.54 basis=8760.10 | A=94.49 B=9705.00 | limit buy 10 @ 94.54 | market sell 1 @ 9700.15
07:16:58 orders_arb INFO gRPC sending: limit buy 100 (10 lots) GAZP@MISX acc=2049688 @ 94.54
07:16:58 orders_arb ERROR gRPC order error (GAZP@RTSX buy 10@94.54): code=StatusCode.UNAUTHENTICATED details=Invalid access key
07:16:58 orders_arb WARNING gRPC limit failed, falling back to DP server
07:16:58 orders_arb ERROR Limit order error (GAZP@RTSX buy 10@94.54): no response
07:16:58 robot_arb WARNING Entry failed: leg_a_place_failed
07:16:59 robot_arb INFO Z=2.51 (threshold=2.5) — no signal (dup_check=LOCKED)
07:16:59 robot_arb INFO Z=2.51 (threshold=2.5) — no signal (dup_check=LOCKED)
07:17:00 robot_arb INFO Z=2.48 (threshold=2.5) — no signal (dup_check=LOCKED)
07:17:00 robot_arb INFO Z=2.48 (threshold=2.5) — no signal (dup_check=False)
07:17:01 robot_arb INFO Z=2.46 (threshold=2.5) — no signal (dup_check=False)
07:17:01 robot_arb INFO Z=2.46 (threshold=2.5) — no signal (dup_check=False)
07:17:02 robot_arb INFO Z=2.41 (threshold=2.5) — no signal (dup_check=False)
07:17:02 robot_arb INFO Z=2.41 (threshold=2.5) — no signal (dup_check=False)
07:17:57 robot_arb INFO ⚠️ CHECK_ENTRY returned signal: {'action': 'entry', 'side': 'short_basis', 'z': 3.167381730390778, 'basis': 8764.9, 'price_a': 94.51, 'price_b': 9710.0}
07:17:57 robot_arb INFO ENTRY SIGNAL short_basis | Z=3.17 basis=8764.90 | A=94.51 B=9710.00 | limit buy 10 @ 94.54 | market sell 1 @ 9705.15
07:17:57 orders_arb INFO gRPC sending: limit buy 100 (10 lots) GAZP@MISX acc=2049688 @ 94.54
07:17:57 orders_arb ERROR gRPC order error (GAZP@RTSX buy 10@94.54): code=StatusCode.UNAUTHENTICATED details=Invalid access key
07:17:57 orders_arb WARNING gRPC limit failed, falling back to DP server
07:17:57 orders_arb ERROR Limit order error (GAZP@RTSX buy 10@94.54): no response
07:17:57 robot_arb WARNING Entry failed: leg_a_place_failed
07:17:58 robot_arb INFO Z=3.17 (threshold=2.5) — no signal (dup_check=LOCKED)
07:17:58 robot_arb INFO Z=3.08 (threshold=2.5) — no signal (dup_check=LOCKED)
07:17:59 robot_arb INFO Z=3.08 (threshold=2.5) — no signal (dup_check=LOCKED)
07:18:09 robot_arb INFO ⚠️ CHECK_ENTRY returned signal: {'action': 'entry', 'side': 'short_basis', 'z': 2.5252932907231553, 'basis': 8791.8, 'price_a': 94.82, 'price_b': 9740.0}
07:18:09 robot_arb INFO ENTRY SIGNAL short_basis | Z=2.53 basis=8791.80 | A=94.82 B=9740.00 | limit buy 10 @ 94.83 | market sell 1 @ 9735.13
07:18:09 orders_arb INFO gRPC sending: limit buy 100 (10 lots) GAZP@MISX acc=2049688 @ 94.83
07:18:09 orders_arb ERROR gRPC order error (GAZP@RTSX buy 10@94.83): code=StatusCode.UNAUTHENTICATED details=Invalid access key
07:18:09 orders_arb WARNING gRPC limit failed, falling back to DP server
07:18:09 orders_arb ERROR Limit order error (GAZP@RTSX buy 10@94.83): no response
07:18:09 robot_arb WARNING Entry failed: leg_a_place_failed
07:18:10 robot_arb INFO Z=2.53 (threshold=2.5) — no signal (dup_check=LOCKED)
07:18:10 robot_arb INFO Z=2.47 (threshold=2.5) — no signal (dup_check=LOCKED)
07:18:11 robot_arb INFO Z=2.47 (threshold=2.5) — no signal (dup_check=LOCKED)
07:18:11 robot_arb INFO Z=2.42 (threshold=2.5) — no signal (dup_check=False)
07:18:12 robot_arb INFO Z=2.42 (threshold=2.5) — no signal (dup_check=False)
07:18:12 robot_arb INFO Z=2.38 (threshold=2.5) — no signal (dup_check=False)
07:18:13 robot_arb INFO Z=2.38 (threshold=2.5) — no signal (dup_check=False)
07:18:13 robot_arb INFO Z=2.33 (threshold=2.5) — no signal (dup_check=False)
07:18:14 robot_arb INFO ⚠️ CHECK_ENTRY returned signal: {'action': 'entry', 'side': 'short_basis', 'z': 2.6847634373874762, 'basis': 8791.9, 'price_a': 94.81, 'price_b': 9740.0}
07:18:14 robot_arb INFO ENTRY SIGNAL short_basis | Z=2.68 basis=8791.90 | A=94.81 B=9740.00 | limit buy 10 @ 94.80 | market sell 1 @ 9735.13
07:18:14 orders_arb INFO gRPC sending: limit buy 100 (10 lots) GAZP@MISX acc=2049688 @ 94.8
07:18:14 orders_arb ERROR gRPC order error (GAZP@RTSX buy 10@94.8): code=StatusCode.UNAUTHENTICATED details=Invalid access key
07:18:14 orders_arb WARNING gRPC limit failed, falling back to DP server
07:18:14 orders_arb ERROR Limit order error (GAZP@RTSX buy 10@94.8): no response
07:18:14 robot_arb WARNING Entry failed: leg_a_place_failed
07:18:29 robot_arb INFO Z=2.30 (threshold=2.5) — no signal (dup_check=False)
07:19:01 robot_arb INFO Z=2.37 (threshold=2.5) — no signal (dup_check=False)
07:19:02 robot_arb INFO Z=2.37 (threshold=2.5) — no signal (dup_check=False)
07:19:02 robot_arb INFO Z=2.32 (threshold=2.5) — no signal (dup_check=False)
07:19:03 robot_arb INFO Z=2.32 (threshold=2.5) — no signal (dup_check=False)
07:28:42 robot_arb INFO ⚠️ CHECK_ENTRY returned signal: {'action': 'entry', 'side': 'short_basis', 'z': 2.7210912047731863, 'basis': 8806.3, 'price_a': 94.97, 'price_b': 9756.0}
07:28:42 robot_arb INFO ENTRY SIGNAL short_basis | Z=2.72 basis=8806.30 | A=94.97 B=9756.00 | limit buy 10 @ 94.98 | market sell 1 @ 9751.12
07:28:42 orders_arb INFO gRPC sending: limit buy 100 (10 lots) GAZP@MISX acc=2049688 @ 94.98
07:28:42 orders_arb ERROR gRPC order error (GAZP@RTSX buy 10@94.98): code=StatusCode.UNAUTHENTICATED details=Invalid access key
07:28:42 orders_arb WARNING gRPC limit failed, falling back to DP server
07:28:43 orders_arb ERROR Limit order error (GAZP@RTSX buy 10@94.98): no response
07:28:43 robot_arb WARNING Entry failed: leg_a_place_failed
07:28:43 robot_arb INFO Z=2.66 (threshold=2.5) — no signal (dup_check=LOCKED)
07:28:44 robot_arb INFO Z=2.66 (threshold=2.5) — no signal (dup_check=LOCKED)
07:28:44 robot_arb INFO Z=2.61 (threshold=2.5) — no signal (dup_check=LOCKED)
07:28:45 robot_arb INFO ⚠️ CHECK_ENTRY returned signal: {'action': 'entry', 'side': 'short_basis', 'z': 2.6085700939032415, 'basis': 8806.3, 'price_a': 94.97, 'price_b': 9756.0}
07:28:45 robot_arb INFO ENTRY SIGNAL short_basis | Z=2.61 basis=8806.30 | A=94.97 B=9756.00 | limit buy 10 @ 94.98 | market sell 1 @ 9751.12
07:28:45 orders_arb INFO gRPC sending: limit buy 100 (10 lots) GAZP@MISX acc=2049688 @ 94.98
07:28:45 orders_arb ERROR gRPC order error (GAZP@RTSX buy 10@94.98): code=StatusCode.UNAUTHENTICATED details=Invalid access key
07:28:45 orders_arb WARNING gRPC limit failed, falling back to DP server
07:28:45 orders_arb ERROR Limit order error (GAZP@RTSX buy 10@94.98): no response
07:28:45 robot_arb WARNING Entry failed: leg_a_place_failed
07:28:45 robot_arb INFO Z=2.56 (threshold=2.5) — no signal (dup_check=LOCKED)
07:28:46 robot_arb INFO Z=2.56 (threshold=2.5) — no signal (dup_check=LOCKED)
07:41:13 robot_arb INFO ⚠️ CHECK_ENTRY returned signal: {'action': 'entry', 'side': 'short_basis', 'z': 2.911684469538563, 'basis': 8783.6, 'price_a': 94.74, 'price_b': 9731.0}
07:41:13 robot_arb INFO ENTRY SIGNAL short_basis | Z=2.91 basis=8783.60 | A=94.74 B=9731.00 | limit buy 10 @ 94.74 | market sell 1 @ 9726.13
07:41:13 orders_arb INFO gRPC sending: limit buy 100 (10 lots) GAZP@MISX acc=2049688 @ 94.74
07:41:13 orders_arb ERROR gRPC order error (GAZP@RTSX buy 10@94.74): code=StatusCode.UNAUTHENTICATED details=Invalid access key
07:41:13 orders_arb WARNING gRPC limit failed, falling back to DP server
07:41:14 orders_arb ERROR Limit order error (GAZP@RTSX buy 10@94.74): no response
07:41:14 robot_arb WARNING Entry failed: leg_a_place_failed
07:41:30 robot_arb WARNING Account 2049688: <_InactiveRpcError of RPC that terminated with:
	status = StatusCode.UNAUTHENTICATED
	details = "Invalid access key"
	debug_error_string = "UNKNOWN:Error received from peer  {grpc_status:16, grpc_message:"Invalid access key"}"
>
07:42:07 robot_arb INFO ⚠️ CHECK_ENTRY returned signal: {'action': 'entry', 'side': 'short_basis', 'z': 3.6951193566238496, 'basis': 8780.2, 'price_a': 94.68, 'price_b': 9727.0}
07:42:07 robot_arb INFO ENTRY SIGNAL short_basis | Z=3.70 basis=8780.20 | A=94.68 B=9727.00 | limit buy 10 @ 94.68 | market sell 1 @ 9722.14
07:42:07 orders_arb INFO gRPC sending: limit buy 100 (10 lots) GAZP@MISX acc=2049688 @ 94.68
07:42:07 orders_arb ERROR gRPC order error (GAZP@RTSX buy 10@94.68): code=StatusCode.UNAUTHENTICATED details=Invalid access key
07:42:07 orders_arb WARNING gRPC limit failed, falling back to DP server
07:42:07 orders_arb ERROR Limit order error (GAZP@RTSX buy 10@94.68): no response
07:42:07 robot_arb WARNING Entry failed: leg_a_place_failed
07:42:22 robot_arb INFO Z=2.37 (threshold=2.5) — no signal (dup_check=False)
07:42:23 robot_arb INFO Z=2.37 (threshold=2.5) — no signal (dup_check=False)
07:42:23 robot_arb INFO Z=2.36 (threshold=2.5) — no signal (dup_check=False)
07:42:24 robot_arb INFO Z=2.36 (threshold=2.5) — no signal (dup_check=False)
07:42:24 robot_arb INFO Z=2.34 (threshold=2.5) — no signal (dup_check=False)
07:42:25 robot_arb INFO Z=2.34 (threshold=2.5) — no signal (dup_check=False)
07:42:25 robot_arb INFO Z=2.31 (threshold=2.5) — no signal (dup_check=False)
07:42:26 robot_arb INFO Z=2.31 (threshold=2.5) — no signal (dup_check=False)
07:42:37 robot_arb INFO ⚠️ CHECK_ENTRY returned signal: {'action': 'entry', 'side': 'short_basis', 'z': 3.2559525478521643, 'basis': 8781.9, 'price_a': 94.71, 'price_b': 9729.0}
07:42:37 robot_arb INFO ENTRY SIGNAL short_basis | Z=3.26 basis=8781.90 | A=94.71 B=9729.00 | limit buy 10 @ 94.71 | market sell 1 @ 9724.14
07:42:37 orders_arb INFO gRPC sending: limit buy 100 (10 lots) GAZP@MISX acc=2049688 @ 94.71
07:42:37 orders_arb ERROR gRPC order error (GAZP@RTSX buy 10@94.71): code=StatusCode.UNAUTHENTICATED details=Invalid access key
07:42:37 orders_arb WARNING gRPC limit failed, falling back to DP server
07:42:37 orders_arb ERROR Limit order error (GAZP@RTSX buy 10@94.71): no response
07:42:37 robot_arb WARNING Entry failed: leg_a_place_failed
07:42:42 robot_arb INFO ⚠️ CHECK_ENTRY returned signal: {'action': 'entry', 'side': 'short_basis', 'z': 4.311810671704438, 'basis': 8779.5, 'price_a': 94.65, 'price_b': 9726.0}
07:42:42 robot_arb INFO ENTRY SIGNAL short_basis | Z=4.31 basis=8779.50 | A=94.65 B=9726.00 | limit buy 10 @ 94.65 | market sell 1 @ 9721.14
07:42:42 orders_arb INFO gRPC sending: limit buy 100 (10 lots) GAZP@MISX acc=2049688 @ 94.65
07:42:42 orders_arb ERROR gRPC order error (GAZP@RTSX buy 10@94.65): code=StatusCode.UNAUTHENTICATED details=Invalid access key
07:42:42 orders_arb WARNING gRPC limit failed, falling back to DP server
07:42:42 orders_arb ERROR Limit order error (GAZP@RTSX buy 10@94.65): no response
07:42:42 robot_arb WARNING Entry failed: leg_a_place_failed
07:43:57 robot_arb INFO Z=2.37 (threshold=2.5) — no signal (dup_check=False)
07:43:57 robot_arb INFO Z=2.37 (threshold=2.5) — no signal (dup_check=False)
07:43:58 robot_arb INFO Z=2.33 (threshold=2.5) — no signal (dup_check=False)
07:43:58 robot_arb INFO Z=2.33 (threshold=2.5) — no signal (dup_check=False)
07:46:24 robot_arb WARNING Account 2049688: <_InactiveRpcError of RPC that terminated with:
	status = StatusCode.UNAUTHENTICATED
	details = "Invalid access key"
	debug_error_string = "UNKNOWN:Error received from peer  {grpc_message:"Invalid access key", grpc_status:16}"
>
07:46:30 robot_arb WARNING POST /account received: {'account': '2049688'}
07:46:30 robot_arb INFO Account changed → 2049688
07:46:30 robot_arb INFO Param updated: ticker_a = GAZP (was GAZP)
07:46:30 robot_arb INFO Param updated: symbol_a = GAZP@RTSX (was GAZP@RTSX)
07:46:30 robot_arb INFO Param updated: ticker_b = GZU6 (was GZU6)
07:46:30 robot_arb INFO Param updated: symbol_b = GZU6@RTSX (was GZU6@RTSX)
07:46:30 robot_arb INFO Param updated: lots_a = 10 (was 10)
07:46:30 robot_arb INFO Param updated: lots_b = 1 (was 1)
07:46:30 robot_arb INFO Param updated: hedge_ratio = 10 (was 10)
07:46:30 robot_arb INFO Param updated: capital = 20000 (was 20000)
07:46:30 robot_arb INFO Param updated: entry_z = 2.3 (was 2.5)
07:46:30 robot_arb INFO Param updated: entry_z_long = -6.1 (was -6.1)
07:46:30 robot_arb INFO Param updated: entry_mode = zscore (was zscore)
07:46:30 robot_arb INFO Param updated: spread_rub_high = 400 (was 400)
07:46:30 robot_arb INFO Param updated: spread_rub_low = 200 (was 200)
07:46:30 robot_arb INFO Param updated: risk_free_rate = 0.1425 (was 0.1425)
07:46:30 robot_arb INFO Param updated: expiration_date = 2026-09-18 (was 2026-09-18)
07:46:30 robot_arb INFO Param updated: contract_size = 100 (was 100)
07:46:30 robot_arb INFO Param updated: lookback = 200 (was 200)
07:46:30 robot_arb INFO Param updated: leg_a_timeout = 5 (was 5)
07:46:30 robot_arb INFO Param updated: min_fill_ratio = 0.5 (was 0.5)
07:46:30 robot_arb INFO Param updated: min_profit_type = rub (was rub)
07:46:30 robot_arb INFO Param updated: min_profit_value = 30 (was 30)
07:46:30 robot_arb INFO Param updated: risk_type = stop_loss_rub (was stop_loss_rub)
07:46:30 robot_arb INFO Param updated: risk_value = 50000 (was 50000)
07:46:30 robot_arb INFO Param updated: allow_long_basis = False (was False)
07:46:30 robot_arb INFO Param updated: use_commission = True (was True)
07:46:30 robot_arb INFO Param updated: commission_stock_pct = 0.035 (was 0.035)
07:46:30 robot_arb INFO Param updated: commission_futures_rt = 0.9 (was 0.9)
07:52:39 robot_arb INFO Z=2.26 (threshold=2.3) — no signal (dup_check=False)
07:52:39 robot_arb INFO Z=2.22 (threshold=2.3) — no signal (dup_check=False)
07:52:40 robot_arb WARNING Account 2049688: <_InactiveRpcError of RPC that terminated with:
	status = StatusCode.UNAUTHENTICATED
	details = "Invalid access key"
	debug_error_string = "UNKNOWN:Error received from peer  {grpc_message:"Invalid access key", grpc_status:16}"
>
07:52:40 robot_arb INFO Z=2.22 (threshold=2.3) — no signal (dup_check=False)
07:52:41 robot_arb INFO Z=2.18 (threshold=2.3) — no signal (dup_check=False)
07:52:41 robot_arb INFO Z=2.18 (threshold=2.3) — no signal (dup_check=False)
07:52:42 robot_arb INFO Z=2.15 (threshold=2.3) — no signal (dup_check=False)
07:52:42 robot_arb INFO Z=2.15 (threshold=2.3) — no signal (dup_check=False)
07:52:43 robot_arb INFO Z=2.11 (threshold=2.3) — no signal (dup_check=False)
07:52:43 robot_arb INFO Z=2.11 (threshold=2.3) — no signal (dup_check=False)
07:53:07 robot_arb WARNING POST /account received: {'account': '2049688'}
07:53:07 robot_arb INFO Account changed → 2049688
07:53:07 robot_arb INFO Param updated: ticker_a = GAZP (was GAZP)
07:53:07 robot_arb INFO Param updated: symbol_a = GAZP@RTSX (was GAZP@RTSX)
07:53:07 robot_arb INFO Param updated: ticker_b = GZU6 (was GZU6)
07:53:07 robot_arb INFO Param updated: symbol_b = GZU6@RTSX (was GZU6@RTSX)
07:53:07 robot_arb INFO Param updated: lots_a = 10 (was 10)
07:53:07 robot_arb INFO Param updated: lots_b = 1 (was 1)
07:53:07 robot_arb INFO Param updated: hedge_ratio = 10 (was 10)
07:53:07 robot_arb INFO Param updated: capital = 20000 (was 20000)
07:53:07 robot_arb INFO Param updated: entry_z = 2.3 (was 2.3)
07:53:07 robot_arb INFO Param updated: entry_z_long = -6.1 (was -6.1)
07:53:07 robot_arb INFO Param updated: entry_mode = zscore (was zscore)
07:53:07 robot_arb INFO Param updated: spread_rub_high = 400 (was 400)
07:53:07 robot_arb INFO Param updated: spread_rub_low = 200 (was 200)
07:53:07 robot_arb INFO Param updated: risk_free_rate = 0.1425 (was 0.1425)
07:53:07 robot_arb INFO Param updated: expiration_date = 2026-09-18 (was 2026-09-18)
07:53:07 robot_arb INFO Param updated: contract_size = 100 (was 100)
07:53:07 robot_arb INFO Param updated: lookback = 200 (was 200)
07:53:07 robot_arb INFO Param updated: leg_a_timeout = 5 (was 5)
07:53:07 robot_arb INFO Param updated: min_fill_ratio = 0.5 (was 0.5)
07:53:07 robot_arb INFO Param updated: min_profit_type = rub (was rub)
07:53:07 robot_arb INFO Param updated: min_profit_value = 25 (was 30)
07:53:07 robot_arb INFO Param updated: risk_type = stop_loss_rub (was stop_loss_rub)
07:53:07 robot_arb INFO Param updated: risk_value = 50000 (was 50000)
07:53:07 robot_arb INFO Param updated: allow_long_basis = False (was False)
07:53:07 robot_arb INFO Param updated: use_commission = True (was True)
07:53:07 robot_arb INFO Param updated: commission_stock_pct = 0.035 (was 0.035)
07:53:07 robot_arb INFO Param updated: commission_futures_rt = 0.9 (was 0.9)
07:53:09 robot_arb WARNING POST /account received: {'account': '2049688'}
07:53:09 robot_arb INFO Account changed → 2049688
07:53:09 robot_arb INFO Param updated: ticker_a = GAZP (was GAZP)
07:53:09 robot_arb INFO Param updated: symbol_a = GAZP@RTSX (was GAZP@RTSX)
07:53:09 robot_arb INFO Param updated: ticker_b = GZU6 (was GZU6)
07:53:09 robot_arb INFO Param updated: symbol_b = GZU6@RTSX (was GZU6@RTSX)
07:53:09 robot_arb INFO Param updated: lots_a = 10 (was 10)
07:53:09 robot_arb INFO Param updated: lots_b = 1 (was 1)
07:53:09 robot_arb INFO Param updated: hedge_ratio = 10 (was 10)
07:53:09 robot_arb INFO Param updated: capital = 20000 (was 20000)
07:53:09 robot_arb INFO Param updated: entry_z = 2.3 (was 2.3)
07:53:09 robot_arb INFO Param updated: entry_z_long = -6.1 (was -6.1)
07:53:09 robot_arb INFO Param updated: entry_mode = zscore (was zscore)
07:53:09 robot_arb INFO Param updated: spread_rub_high = 400 (was 400)
07:53:09 robot_arb INFO Param updated: spread_rub_low = 200 (was 200)
07:53:09 robot_arb INFO Param updated: risk_free_rate = 0.1425 (was 0.1425)
07:53:09 robot_arb INFO Param updated: expiration_date = 2026-09-18 (was 2026-09-18)
07:53:09 robot_arb INFO Param updated: contract_size = 100 (was 100)
07:53:09 robot_arb INFO Param updated: lookback = 200 (was 200)
07:53:09 robot_arb INFO Param updated: leg_a_timeout = 5 (was 5)
07:53:09 robot_arb INFO Param updated: min_fill_ratio = 0.5 (was 0.5)
07:53:09 robot_arb INFO Param updated: min_profit_type = rub (was rub)
07:53:09 robot_arb INFO Param updated: min_profit_value = 25 (was 25)
07:53:09 robot_arb INFO Param updated: risk_type = stop_loss_rub (was stop_loss_rub)
07:53:09 robot_arb INFO Param updated: risk_value = 50000 (was 50000)
07:53:09 robot_arb INFO Param updated: allow_long_basis = False (was False)
07:53:09 robot_arb INFO Param updated: use_commission = True (was True)
07:53:09 robot_arb INFO Param updated: commission_stock_pct = 0.035 (was 0.035)
07:53:09 robot_arb INFO Param updated: commission_futures_rt = 0.9 (was 0.9)
07:55:28 robot_arb INFO ⚠️ CHECK_ENTRY returned signal: {'action': 'entry', 'side': 'short_basis', 'z': 2.7016252669755243, 'basis': 8777.0, 'price_a': 94.7, 'price_b': 9724.0}
07:55:28 robot_arb INFO ENTRY SIGNAL short_basis | Z=2.70 basis=8777.00 | A=94.70 B=9724.00 | limit buy 10 @ 94.71 | market sell 1 @ 9719.14
07:55:28 orders_arb INFO gRPC sending: limit buy 100 (10 lots) GAZP@MISX acc=2049688 @ 94.71
07:55:28 orders_arb ERROR gRPC order error (GAZP@RTSX buy 10@94.71): code=StatusCode.UNAUTHENTICATED details=Invalid access key
07:55:28 orders_arb WARNING gRPC limit failed, falling back to DP server
07:55:28 orders_arb ERROR Limit order error (GAZP@RTSX buy 10@94.71): no response
07:55:28 robot_arb WARNING Entry failed: leg_a_place_failed
07:55:29 robot_arb INFO Z=2.64 (threshold=2.3) — no signal (dup_check=LOCKED)
07:55:29 robot_arb INFO Z=2.64 (threshold=2.3) — no signal (dup_check=LOCKED)
07:55:30 robot_arb INFO Z=2.59 (threshold=2.3) — no signal (dup_check=LOCKED)
07:55:30 robot_arb INFO ⚠️ CHECK_ENTRY returned signal: {'action': 'entry', 'side': 'short_basis', 'z': 2.588948014304941, 'basis': 8777.0, 'price_a': 94.7, 'price_b': 9724.0}
07:55:30 robot_arb INFO ENTRY SIGNAL short_basis | Z=2.59 basis=8777.00 | A=94.70 B=9724.00 | limit buy 10 @ 94.71 | market sell 1 @ 9719.14
07:55:30 orders_arb INFO gRPC sending: limit buy 100 (10 lots) GAZP@MISX acc=2049688 @ 94.71
07:55:30 orders_arb ERROR gRPC order error (GAZP@RTSX buy 10@94.71): code=StatusCode.UNAUTHENTICATED details=Invalid access key
07:55:30 orders_arb WARNING gRPC limit failed, falling back to DP server
07:55:30 orders_arb ERROR Limit order error (GAZP@RTSX buy 10@94.71): no response
07:55:30 robot_arb WARNING Entry failed: leg_a_place_failed
07:55:31 robot_arb INFO Z=2.54 (threshold=2.3) — no signal (dup_check=LOCKED)
07:56:07 robot_arb INFO ⚠️ CHECK_ENTRY returned signal: {'action': 'entry', 'side': 'short_basis', 'z': 5.239096561439099, 'basis': 8784.6, 'price_a': 94.74, 'price_b': 9732.0}
07:56:07 robot_arb INFO ENTRY SIGNAL short_basis | Z=5.24 basis=8784.60 | A=94.74 B=9732.00 | limit buy 10 @ 94.74 | market sell 1 @ 9727.13
07:56:07 orders_arb INFO gRPC sending: limit buy 100 (10 lots) GAZP@MISX acc=2049688 @ 94.74
07:56:07 orders_arb ERROR gRPC order error (GAZP@RTSX buy 10@94.74): code=StatusCode.UNAUTHENTICATED details=Invalid access key
07:56:07 orders_arb WARNING gRPC limit failed, falling back to DP server
07:56:07 orders_arb ERROR Limit order error (GAZP@RTSX buy 10@94.74): no response
07:56:07 robot_arb WARNING Entry failed: leg_a_place_failed
07:56:08 robot_arb INFO Z=5.24 (threshold=2.3) — no signal (dup_check=LOCKED)
07:56:08 robot_arb INFO Z=4.94 (threshold=2.3) — no signal (dup_check=LOCKED)
07:56:09 robot_arb INFO Z=4.94 (threshold=2.3) — no signal (dup_check=LOCKED)
07:56:45 robot_arb INFO Z=2.21 (threshold=2.3) — no signal (dup_check=False)
07:56:46 robot_arb INFO Z=2.21 (threshold=2.3) — no signal (dup_check=False)
07:56:46 robot_arb INFO Z=2.18 (threshold=2.3) — no signal (dup_check=False)
07:56:47 robot_arb INFO Z=2.18 (threshold=2.3) — no signal (dup_check=False)
07:57:01 robot_arb INFO ⚠️ CHECK_ENTRY returned signal: {'action': 'entry', 'side': 'short_basis', 'z': 2.7080128015453235, 'basis': 8788.8, 'price_a': 94.82, 'price_b': 9737.0}
07:57:01 robot_arb INFO ENTRY SIGNAL short_basis | Z=2.71 basis=8788.80 | A=94.82 B=9737.00 | limit buy 10 @ 94.83 | market sell 1 @ 9732.13
07:57:01 orders_arb INFO gRPC sending: limit buy 100 (10 lots) GAZP@MISX acc=2049688 @ 94.83
07:57:01 orders_arb ERROR gRPC order error (GAZP@RTSX buy 10@94.83): code=StatusCode.UNAUTHENTICATED details=Invalid access key
07:57:01 orders_arb WARNING gRPC limit failed, falling back to DP server
07:57:01 orders_arb ERROR Limit order error (GAZP@RTSX buy 10@94.83): no response
07:57:01 robot_arb WARNING Entry failed: leg_a_place_failed
07:57:02 robot_arb INFO Z=2.71 (threshold=2.3) — no signal (dup_check=LOCKED)
07:57:02 robot_arb INFO Z=2.65 (threshold=2.3) — no signal (dup_check=LOCKED)
07:57:03 robot_arb INFO Z=2.65 (threshold=2.3) — no signal (dup_check=LOCKED)
07:57:31 robot_arb INFO ⚠️ CHECK_ENTRY returned signal: {'action': 'entry', 'side': 'short_basis', 'z': 2.4032810632208466, 'basis': 8786.1, 'price_a': 94.79, 'price_b': 9734.0}
07:57:31 robot_arb INFO ENTRY SIGNAL short_basis | Z=2.40 basis=8786.10 | A=94.79 B=9734.00 | limit buy 10 @ 94.81 | market sell 1 @ 9729.13
07:57:31 orders_arb INFO gRPC sending: limit buy 100 (10 lots) GAZP@MISX acc=2049688 @ 94.81
07:57:31 orders_arb ERROR gRPC order error (GAZP@RTSX buy 10@94.81): code=StatusCode.UNAUTHENTICATED details=Invalid access key
07:57:31 orders_arb WARNING gRPC limit failed, falling back to DP server
07:57:31 orders_arb ERROR Limit order error (GAZP@RTSX buy 10@94.81): no response
07:57:31 robot_arb WARNING Entry failed: leg_a_place_failed
07:57:31 robot_arb INFO Z=2.36 (threshold=2.3) — no signal (dup_check=LOCKED)
07:57:32 robot_arb INFO Z=2.36 (threshold=2.3) — no signal (dup_check=LOCKED)
07:57:32 robot_arb INFO Z=2.31 (threshold=2.3) — no signal (dup_check=LOCKED)
07:57:33 robot_arb INFO ⚠️ CHECK_ENTRY returned signal: {'action': 'entry', 'side': 'short_basis', 'z': 2.312096857732713, 'basis': 8786.1, 'price_a': 94.79, 'price_b': 9734.0}
07:57:33 robot_arb INFO ENTRY SIGNAL short_basis | Z=2.31 basis=8786.10 | A=94.79 B=9734.00 | limit buy 10 @ 94.81 | market sell 1 @ 9729.13
07:57:33 orders_arb INFO gRPC sending: limit buy 100 (10 lots) GAZP@MISX acc=2049688 @ 94.81
07:57:33 orders_arb ERROR gRPC order error (GAZP@RTSX buy 10@94.81): code=StatusCode.UNAUTHENTICATED details=Invalid access key
07:57:33 orders_arb WARNING gRPC limit failed, falling back to DP server
07:57:33 orders_arb ERROR Limit order error (GAZP@RTSX buy 10@94.81): no response
07:57:33 robot_arb WARNING Entry failed: leg_a_place_failed
07:57:33 robot_arb INFO Z=2.27 (threshold=2.3) — no signal (dup_check=LOCKED)
07:57:38 robot_arb WARNING Account 2049688: <_InactiveRpcError of RPC that terminated with:
	status = StatusCode.UNAUTHENTICATED
	details = "Invalid access key"
	debug_error_string = "UNKNOWN:Error received from peer  {grpc_message:"Invalid access key", grpc_status:16}"
>
07:57:41 robot_arb WARNING POST /account received: {'account': '2049688'}
07:57:41 robot_arb INFO Account changed → 2049688
07:57:41 robot_arb INFO Param updated: ticker_a = GAZP (was GAZP)
07:57:41 robot_arb INFO Param updated: symbol_a = GAZP@RTSX (was GAZP@RTSX)
07:57:41 robot_arb INFO Param updated: ticker_b = GZU6 (was GZU6)
07:57:41 robot_arb INFO Param updated: symbol_b = GZU6@RTSX (was GZU6@RTSX)
07:57:41 robot_arb INFO Param updated: lots_a = 10 (was 10)
07:57:41 robot_arb INFO Param updated: lots_b = 1 (was 1)
07:57:41 robot_arb INFO Param updated: hedge_ratio = 10 (was 10)
07:57:41 robot_arb INFO Param updated: capital = 20000 (was 20000)
07:57:41 robot_arb INFO Param updated: entry_z = 2.2 (was 2.3)
07:57:41 robot_arb INFO Param updated: entry_z_long = -6.1 (was -6.1)
07:57:41 robot_arb INFO Param updated: entry_mode = zscore (was zscore)
07:57:41 robot_arb INFO Param updated: spread_rub_high = 400 (was 400)
07:57:41 robot_arb INFO Param updated: spread_rub_low = 200 (was 200)
07:57:41 robot_arb INFO Param updated: risk_free_rate = 0.1425 (was 0.1425)
07:57:41 robot_arb INFO Param updated: expiration_date = 2026-09-18 (was 2026-09-18)
07:57:41 robot_arb INFO Param updated: contract_size = 100 (was 100)
07:57:41 robot_arb INFO Param updated: lookback = 200 (was 200)
07:57:41 robot_arb INFO Param updated: leg_a_timeout = 5 (was 5)
07:57:41 robot_arb INFO Param updated: min_fill_ratio = 0.5 (was 0.5)
07:57:41 robot_arb INFO Param updated: min_profit_type = rub (was rub)
07:57:41 robot_arb INFO Param updated: min_profit_value = 25 (was 25)
07:57:41 robot_arb INFO Param updated: risk_type = stop_loss_rub (was stop_loss_rub)
07:57:41 robot_arb INFO Param updated: risk_value = 50000 (was 50000)
07:57:41 robot_arb INFO Param updated: allow_long_basis = False (was False)
07:57:41 robot_arb INFO Param updated: use_commission = True (was True)
07:57:41 robot_arb INFO Param updated: commission_stock_pct = 0.035 (was 0.035)
07:57:41 robot_arb INFO Param updated: commission_futures_rt = 0.9 (was 0.9)
07:59:50 robot_arb INFO ⚠️ CHECK_ENTRY returned signal: {'action': 'entry', 'side': 'short_basis', 'z': 2.87689058976805, 'basis': 8796.9, 'price_a': 94.91, 'price_b': 9746.0}
07:59:50 robot_arb INFO ENTRY SIGNAL short_basis | Z=2.88 basis=8796.90 | A=94.91 B=9746.00 | limit buy 10 @ 94.91 | market sell 1 @ 9741.13
07:59:50 orders_arb INFO gRPC sending: limit buy 100 (10 lots) GAZP@MISX acc=2049688 @ 94.91
07:59:50 orders_arb ERROR gRPC order error (GAZP@RTSX buy 10@94.91): code=StatusCode.UNAUTHENTICATED details=Invalid access key
07:59:50 orders_arb WARNING gRPC limit failed, falling back to DP server
07:59:50 orders_arb ERROR Limit order error (GAZP@RTSX buy 10@94.91): no response
07:59:50 robot_arb WARNING Entry failed: leg_a_place_failed
08:01:55 robot_arb INFO ⚠️ CHECK_ENTRY returned signal: {'action': 'entry', 'side': 'short_basis', 'z': 2.3874838501637914, 'basis': 8803.0, 'price_a': 95.0, 'price_b': 9753.0}
08:01:55 robot_arb INFO ENTRY SIGNAL short_basis | Z=2.39 basis=8803.00 | A=95.00 B=9753.00 | limit buy 10 @ 95.00 | market sell 1 @ 9748.12
08:01:55 orders_arb INFO gRPC sending: limit buy 100 (10 lots) GAZP@MISX acc=2049688 @ 95.0
08:01:55 orders_arb ERROR gRPC order error (GAZP@RTSX buy 10@95.0): code=StatusCode.UNAUTHENTICATED details=Invalid access key
08:01:55 orders_arb WARNING gRPC limit failed, falling back to DP server
08:01:57 orders_arb ERROR Limit order error (GAZP@RTSX buy 10@95.0): no response
08:01:57 robot_arb WARNING Entry failed: leg_a_place_failed
08:01:57 robot_arb INFO Z=2.34 (threshold=2.2) — no signal (dup_check=LOCKED)
08:01:58 robot_arb INFO Z=2.34 (threshold=2.2) — no signal (dup_check=LOCKED)
08:01:58 robot_arb INFO Z=2.30 (threshold=2.2) — no signal (dup_check=LOCKED)
08:01:59 robot_arb INFO ⚠️ CHECK_ENTRY returned signal: {'action': 'entry', 'side': 'short_basis', 'z': 2.2991922574067445, 'basis': 8803.0, 'price_a': 95.0, 'price_b': 9753.0}
08:01:59 robot_arb INFO ENTRY SIGNAL short_basis | Z=2.30 basis=8803.00 | A=95.00 B=9753.00 | limit buy 10 @ 95.00 | market sell 1 @ 9748.12
08:01:59 orders_arb INFO gRPC sending: limit buy 100 (10 lots) GAZP@MISX acc=2049688 @ 95.0
08:01:59 orders_arb ERROR gRPC order error (GAZP@RTSX buy 10@95.0): code=StatusCode.UNAUTHENTICATED details=Invalid access key
08:01:59 orders_arb WARNING gRPC limit failed, falling back to DP server
08:01:59 orders_arb ERROR Limit order error (GAZP@RTSX buy 10@95.0): no response
08:01:59 robot_arb WARNING Entry failed: leg_a_place_failed
08:01:59 robot_arb INFO Z=2.26 (threshold=2.2) — no signal (dup_check=LOCKED)
08:02:00 robot_arb INFO Z=2.26 (threshold=2.2) — no signal (dup_check=LOCKED)
08:02:00 robot_arb INFO Z=2.22 (threshold=2.2) — no signal (dup_check=LOCKED)
08:02:01 robot_arb INFO ⚠️ CHECK_ENTRY returned signal: {'action': 'entry', 'side': 'short_basis', 'z': 2.2246509086491613, 'basis': 8803.0, 'price_a': 95.0, 'price_b': 9753.0}
08:02:01 robot_arb INFO ENTRY SIGNAL short_basis | Z=2.22 basis=8803.00 | A=95.00 B=9753.00 | limit buy 10 @ 95.00 | market sell 1 @ 9748.12
08:02:01 orders_arb INFO gRPC sending: limit buy 100 (10 lots) GAZP@MISX acc=2049688 @ 95.0
08:02:01 orders_arb ERROR gRPC order error (GAZP@RTSX buy 10@95.0): code=StatusCode.UNAUTHENTICATED details=Invalid access key
08:02:01 orders_arb WARNING gRPC limit failed, falling back to DP server
08:02:01 orders_arb ERROR Limit order error (GAZP@RTSX buy 10@95.0): no response
08:02:01 robot_arb WARNING Entry failed: leg_a_place_failed
08:02:01 robot_arb INFO Z=2.19 (threshold=2.2) — no signal (dup_check=LOCKED)
08:02:02 robot_arb INFO Z=2.19 (threshold=2.2) — no signal (dup_check=LOCKED)
08:02:02 robot_arb INFO Z=2.16 (threshold=2.2) — no signal (dup_check=LOCKED)
08:02:03 robot_arb INFO Z=2.16 (threshold=2.2) — no signal (dup_check=False)
08:02:03 robot_arb INFO Z=2.13 (threshold=2.2) — no signal (dup_check=False)
08:02:04 robot_arb INFO Z=2.13 (threshold=2.2) — no signal (dup_check=False)
08:02:04 robot_arb INFO Z=2.10 (threshold=2.2) — no signal (dup_check=False)
08:02:05 robot_arb INFO Z=2.10 (threshold=2.2) — no signal (dup_check=False)
08:02:05 robot_arb INFO Z=2.07 (threshold=2.2) — no signal (dup_check=False)
08:02:06 robot_arb INFO ⚠️ CHECK_ENTRY returned signal: {'action': 'entry', 'side': 'short_basis', 'z': 2.8060996476061115, 'basis': 8804.0, 'price_a': 95.0, 'price_b': 9754.0}
08:02:06 robot_arb INFO ENTRY SIGNAL short_basis | Z=2.81 basis=8804.00 | A=95.00 B=9754.00 | limit buy 10 @ 95.00 | market sell 1 @ 9749.12
08:02:06 orders_arb INFO gRPC sending: limit buy 100 (10 lots) GAZP@MISX acc=2049688 @ 95.0
08:02:06 orders_arb ERROR gRPC order error (GAZP@RTSX buy 10@95.0): code=StatusCode.UNAUTHENTICATED details=Invalid access key
08:02:06 orders_arb WARNING gRPC limit failed, falling back to DP server
08:02:06 orders_arb ERROR Limit order error (GAZP@RTSX buy 10@95.0): no response
08:02:06 robot_arb WARNING Entry failed: leg_a_place_failed
08:02:06 robot_arb INFO Z=2.74 (threshold=2.2) — no signal (dup_check=LOCKED)
08:02:07 robot_arb INFO Z=2.74 (threshold=2.2) — no signal (dup_check=LOCKED)
08:02:07 robot_arb INFO Z=2.69 (threshold=2.2) — no signal (dup_check=LOCKED)
08:02:08 robot_arb INFO ⚠️ CHECK_ENTRY returned signal: {'action': 'entry', 'side': 'short_basis', 'z': 2.685861907011406, 'basis': 8804.0, 'price_a': 95.0, 'price_b': 9754.0}
08:02:08 robot_arb INFO ENTRY SIGNAL short_basis | Z=2.69 basis=8804.00 | A=95.00 B=9754.00 | limit buy 10 @ 95.00 | market sell 1 @ 9749.12
08:02:08 orders_arb INFO gRPC sending: limit buy 100 (10 lots) GAZP@MISX acc=2049688 @ 95.0
08:02:08 orders_arb ERROR gRPC order error (GAZP@RTSX buy 10@95.0): code=StatusCode.UNAUTHENTICATED details=Invalid access key
08:02:08 orders_arb WARNING gRPC limit failed, falling back to DP server
08:02:08 orders_arb ERROR Limit order error (GAZP@RTSX buy 10@95.0): no response
08:02:08 robot_arb WARNING Entry failed: leg_a_place_failed
08:02:09 robot_arb INFO Z=2.63 (threshold=2.2) — no signal (dup_check=LOCKED)
08:02:09 robot_arb INFO Z=2.63 (threshold=2.2) — no signal (dup_check=LOCKED)
08:02:10 robot_arb INFO Z=2.58 (threshold=2.2) — no signal (dup_check=LOCKED)
08:02:10 robot_arb INFO ⚠️ CHECK_ENTRY returned signal: {'action': 'entry', 'side': 'short_basis', 'z': 2.577903097040783, 'basis': 8804.0, 'price_a': 95.0, 'price_b': 9754.0}
08:02:10 robot_arb INFO ENTRY SIGNAL short_basis | Z=2.58 basis=8804.00 | A=95.00 B=9754.00 | limit buy 10 @ 95.00 | market sell 1 @ 9749.12
08:02:10 orders_arb INFO gRPC sending: limit buy 100 (10 lots) GAZP@MISX acc=2049688 @ 95.0
08:02:10 orders_arb ERROR gRPC order error (GAZP@RTSX buy 10@95.0): code=StatusCode.UNAUTHENTICATED details=Invalid access key
08:02:10 orders_arb WARNING gRPC limit failed, falling back to DP server
08:02:10 orders_arb ERROR Limit order error (GAZP@RTSX buy 10@95.0): no response
08:02:10 robot_arb WARNING Entry failed: leg_a_place_failed
08:02:11 robot_arb INFO Z=2.53 (threshold=2.2) — no signal (dup_check=LOCKED)
08:02:11 robot_arb INFO Z=2.53 (threshold=2.2) — no signal (dup_check=LOCKED)
08:02:12 robot_arb INFO Z=2.48 (threshold=2.2) — no signal (dup_check=LOCKED)
08:02:12 robot_arb INFO ⚠️ CHECK_ENTRY returned signal: {'action': 'entry', 'side': 'short_basis', 'z': 2.4802004362316827, 'basis': 8804.0, 'price_a': 95.0, 'price_b': 9754.0}
08:02:12 robot_arb INFO ENTRY SIGNAL short_basis | Z=2.48 basis=8804.00 | A=95.00 B=9754.00 | limit buy 10 @ 95.00 | market sell 1 @ 9749.12
08:02:12 orders_arb INFO gRPC sending: limit buy 100 (10 lots) GAZP@MISX acc=2049688 @ 95.0
08:02:12 orders_arb ERROR gRPC order error (GAZP@RTSX buy 10@95.0): code=StatusCode.UNAUTHENTICATED details=Invalid access key
08:02:12 orders_arb WARNING gRPC limit failed, falling back to DP server
08:02:12 orders_arb ERROR Limit order error (GAZP@RTSX buy 10@95.0): no response
08:02:12 robot_arb WARNING Entry failed: leg_a_place_failed
08:02:13 robot_arb INFO Z=2.43 (threshold=2.2) — no signal (dup_check=LOCKED)
08:02:13 robot_arb INFO Z=2.43 (threshold=2.2) — no signal (dup_check=LOCKED)
08:02:14 robot_arb INFO Z=2.39 (threshold=2.2) — no signal (dup_check=LOCKED)
08:02:14 robot_arb INFO ⚠️ CHECK_ENTRY returned signal: {'action': 'entry', 'side': 'short_basis', 'z': 2.391169847552065, 'basis': 8804.0, 'price_a': 95.0, 'price_b': 9754.0}
08:02:14 robot_arb INFO ENTRY SIGNAL short_basis | Z=2.39 basis=8804.00 | A=95.00 B=9754.00 | limit buy 10 @ 95.00 | market sell 1 @ 9749.12
08:02:14 orders_arb INFO gRPC sending: limit buy 100 (10 lots) GAZP@MISX acc=2049688 @ 95.0
08:02:14 orders_arb ERROR gRPC order error (GAZP@RTSX buy 10@95.0): code=StatusCode.UNAUTHENTICATED details=Invalid access key
08:02:14 orders_arb WARNING gRPC limit failed, falling back to DP server
08:02:14 orders_arb ERROR Limit order error (GAZP@RTSX buy 10@95.0): no response
08:02:14 robot_arb WARNING Entry failed: leg_a_place_failed
08:02:15 robot_arb INFO Z=2.35 (threshold=2.2) — no signal (dup_check=LOCKED)
08:02:20 robot_arb INFO ⚠️ CHECK_ENTRY returned signal: {'action': 'entry', 'side': 'short_basis', 'z': 2.243235556099961, 'basis': 8804.0, 'price_a': 95.0, 'price_b': 9754.0}
08:02:20 robot_arb INFO ENTRY SIGNAL short_basis | Z=2.24 basis=8804.00 | A=95.00 B=9754.00 | limit buy 10 @ 95.00 | market sell 1 @ 9749.12
08:02:20 orders_arb INFO gRPC sending: limit buy 100 (10 lots) GAZP@MISX acc=2049688 @ 95.0
08:02:20 orders_arb ERROR gRPC order error (GAZP@RTSX buy 10@95.0): code=StatusCode.UNAUTHENTICATED details=Invalid access key
08:02:20 orders_arb WARNING gRPC limit failed, falling back to DP server
08:02:20 orders_arb ERROR Limit order error (GAZP@RTSX buy 10@95.0): no response
08:02:20 robot_arb WARNING Entry failed: leg_a_place_failed
08:02:21 robot_arb INFO Z=2.21 (threshold=2.2) — no signal (dup_check=LOCKED)
08:02:21 robot_arb INFO Z=2.21 (threshold=2.2) — no signal (dup_check=LOCKED)
08:02:22 robot_arb INFO Z=2.17 (threshold=2.2) — no signal (dup_check=LOCKED)
08:02:22 robot_arb INFO Z=2.17 (threshold=2.2) — no signal (dup_check=False)
08:02:23 robot_arb INFO Z=2.15 (threshold=2.2) — no signal (dup_check=False)
08:02:23 robot_arb INFO Z=2.15 (threshold=2.2) — no signal (dup_check=False)
08:02:24 robot_arb INFO Z=2.12 (threshold=2.2) — no signal (dup_check=False)
08:02:24 robot_arb INFO Z=2.12 (threshold=2.2) — no signal (dup_check=False)
08:02:25 robot_arb INFO Z=2.10 (threshold=2.2) — no signal (dup_check=False)
08:02:25 robot_arb INFO Z=2.10 (threshold=2.2) — no signal (dup_check=False)
08:02:26 robot_arb INFO Z=2.07 (threshold=2.2) — no signal (dup_check=False)
08:02:26 robot_arb INFO Z=2.07 (threshold=2.2) — no signal (dup_check=False)
08:02:27 robot_arb INFO Z=2.05 (threshold=2.2) — no signal (dup_check=False)
08:02:27 robot_arb INFO Z=2.05 (threshold=2.2) — no signal (dup_check=False)
08:02:28 robot_arb INFO Z=2.03 (threshold=2.2) — no signal (dup_check=False)
08:02:28 robot_arb INFO Z=2.03 (threshold=2.2) — no signal (dup_check=False)
08:04:02 robot_arb INFO ⚠️ CHECK_ENTRY returned signal: {'action': 'entry', 'side': 'short_basis', 'z': 3.882117263981264, 'basis': 8800.7, 'price_a': 94.93, 'price_b': 9750.0}
08:04:02 robot_arb INFO ENTRY SIGNAL short_basis | Z=3.88 basis=8800.70 | A=94.93 B=9750.00 | limit buy 10 @ 94.94 | market sell 1 @ 9745.12
08:04:02 orders_arb INFO gRPC sending: limit buy 100 (10 lots) GAZP@MISX acc=2049688 @ 94.94
08:04:02 orders_arb ERROR gRPC order error (GAZP@RTSX buy 10@94.94): code=StatusCode.UNAUTHENTICATED details=Invalid access key
08:04:02 orders_arb WARNING gRPC limit failed, falling back to DP server
08:04:02 orders_arb ERROR Limit order error (GAZP@RTSX buy 10@94.94): no response
08:04:02 robot_arb WARNING Entry failed: leg_a_place_failed
08:04:03 robot_arb INFO Z=3.23 (threshold=2.2) — no signal (dup_check=LOCKED)
08:04:03 robot_arb INFO Z=3.15 (threshold=2.2) — no signal (dup_check=LOCKED)
08:04:04 robot_arb INFO Z=3.15 (threshold=2.2) — no signal (dup_check=LOCKED)
08:04:04 robot_arb INFO ⚠️ CHECK_ENTRY returned signal: {'action': 'entry', 'side': 'short_basis', 'z': 3.0821914093862386, 'basis': 8799.7, 'price_a': 94.93, 'price_b': 9749.0}
08:04:04 robot_arb INFO ENTRY SIGNAL short_basis | Z=3.08 basis=8799.70 | A=94.93 B=9749.00 | limit buy 10 @ 94.94 | market sell 1 @ 9744.13
08:04:04 orders_arb INFO gRPC sending: limit buy 100 (10 lots) GAZP@MISX acc=2049688 @ 94.94
08:04:04 orders_arb ERROR gRPC order error (GAZP@RTSX buy 10@94.94): code=StatusCode.UNAUTHENTICATED details=Invalid access key
08:04:04 orders_arb WARNING gRPC limit failed, falling back to DP server
08:04:04 orders_arb ERROR Limit order error (GAZP@RTSX buy 10@94.94): no response
08:04:04 robot_arb WARNING Entry failed: leg_a_place_failed
08:04:05 robot_arb INFO Z=3.08 (threshold=2.2) — no signal (dup_check=LOCKED)
08:04:05 robot_arb INFO Z=3.02 (threshold=2.2) — no signal (dup_check=LOCKED)
08:04:06 robot_arb INFO Z=3.02 (threshold=2.2) — no signal (dup_check=LOCKED)
08:04:06 robot_arb INFO ⚠️ CHECK_ENTRY returned signal: {'action': 'entry', 'side': 'short_basis', 'z': 2.955255425983465, 'basis': 8799.7, 'price_a': 94.93, 'price_b': 9749.0}
08:04:06 robot_arb INFO ENTRY SIGNAL short_basis | Z=2.96 basis=8799.70 | A=94.93 B=9749.00 | limit buy 10 @ 94.94 | market sell 1 @ 9744.13
08:04:06 orders_arb INFO gRPC sending: limit buy 100 (10 lots) GAZP@MISX acc=2049688 @ 94.94
08:04:06 orders_arb ERROR gRPC order error (GAZP@RTSX buy 10@94.94): code=StatusCode.UNAUTHENTICATED details=Invalid access key
08:04:06 orders_arb WARNING gRPC limit failed, falling back to DP server
08:04:07 orders_arb ERROR Limit order error (GAZP@RTSX buy 10@94.94): no response
08:04:07 robot_arb WARNING Entry failed: leg_a_place_failed
08:06:08 robot_arb INFO ⚠️ CHECK_ENTRY returned signal: {'action': 'entry', 'side': 'short_basis', 'z': 2.7690575425789477, 'basis': 8794.2, 'price_a': 94.88, 'price_b': 9743.0}
08:06:08 robot_arb INFO ENTRY SIGNAL short_basis | Z=2.77 basis=8794.20 | A=94.88 B=9743.00 | limit buy 10 @ 94.88 | market sell 1 @ 9738.13
08:06:08 orders_arb INFO gRPC sending: limit buy 100 (10 lots) GAZP@MISX acc=2049688 @ 94.88
08:06:08 orders_arb ERROR gRPC order error (GAZP@RTSX buy 10@94.88): code=StatusCode.UNAUTHENTICATED details=Invalid access key
08:06:08 orders_arb WARNING gRPC limit failed, falling back to DP server
08:06:08 orders_arb ERROR Limit order error (GAZP@RTSX buy 10@94.88): no response
08:06:08 robot_arb WARNING Entry failed: leg_a_place_failed
08:06:09 robot_arb INFO Z=2.72 (threshold=2.2) — no signal (dup_check=LOCKED)
08:06:09 robot_arb INFO Z=2.72 (threshold=2.2) — no signal (dup_check=LOCKED)
08:06:10 robot_arb INFO Z=2.67 (threshold=2.2) — no signal (dup_check=LOCKED)
08:06:10 robot_arb INFO ⚠️ CHECK_ENTRY returned signal: {'action': 'entry', 'side': 'short_basis', 'z': 2.6665958384636244, 'basis': 8794.2, 'price_a': 94.88, 'price_b': 9743.0}
08:06:10 robot_arb INFO ENTRY SIGNAL short_basis | Z=2.67 basis=8794.20 | A=94.88 B=9743.00 | limit buy 10 @ 94.88 | market sell 1 @ 9738.13
08:06:10 orders_arb INFO gRPC sending: limit buy 100 (10 lots) GAZP@MISX acc=2049688 @ 94.88
08:06:10 orders_arb ERROR gRPC order error (GAZP@RTSX buy 10@94.88): code=StatusCode.UNAUTHENTICATED details=Invalid access key
08:06:10 orders_arb WARNING gRPC limit failed, falling back to DP server
08:06:10 orders_arb ERROR Limit order error (GAZP@RTSX buy 10@94.88): no response
08:06:10 robot_arb WARNING Entry failed: leg_a_place_failed
08:06:11 robot_arb INFO Z=2.62 (threshold=2.2) — no signal (dup_check=LOCKED)
08:06:11 robot_arb INFO Z=2.62 (threshold=2.2) — no signal (dup_check=LOCKED)
08:06:12 robot_arb INFO Z=2.57 (threshold=2.2) — no signal (dup_check=LOCKED)
08:06:12 robot_arb INFO ⚠️ CHECK_ENTRY returned signal: {'action': 'entry', 'side': 'short_basis', 'z': 2.573296569268067, 'basis': 8794.2, 'price_a': 94.88, 'price_b': 9743.0}
08:06:12 robot_arb INFO ENTRY SIGNAL short_basis | Z=2.57 basis=8794.20 | A=94.88 B=9743.00 | limit buy 10 @ 94.88 | market sell 1 @ 9738.13
08:06:12 orders_arb INFO gRPC sending: limit buy 100 (10 lots) GAZP@MISX acc=2049688 @ 94.88
08:06:12 orders_arb ERROR gRPC order error (GAZP@RTSX buy 10@94.88): code=StatusCode.UNAUTHENTICATED details=Invalid access key
08:06:12 orders_arb WARNING gRPC limit failed, falling back to DP server
08:06:13 orders_arb ERROR Limit order error (GAZP@RTSX buy 10@94.88): no response
08:06:13 robot_arb WARNING Entry failed: leg_a_place_failed
08:06:13 robot_arb INFO Z=2.52 (threshold=2.2) — no signal (dup_check=LOCKED)
08:06:14 robot_arb INFO Z=2.52 (threshold=2.2) — no signal (dup_check=LOCKED)
08:06:14 robot_arb INFO Z=2.47 (threshold=2.2) — no signal (dup_check=LOCKED)
08:06:15 robot_arb INFO ⚠️ CHECK_ENTRY returned signal: {'action': 'entry', 'side': 'short_basis', 'z': 2.4740943446839188, 'basis': 8794.2, 'price_a': 94.88, 'price_b': 9743.0}
08:06:15 robot_arb INFO ENTRY SIGNAL short_basis | Z=2.47 basis=8794.20 | A=94.88 B=9743.00 | limit buy 10 @ 94.90 | market sell 1 @ 9738.13
08:06:15 orders_arb INFO gRPC sending: limit buy 100 (10 lots) GAZP@MISX acc=2049688 @ 94.9
08:06:15 orders_arb ERROR gRPC order error (GAZP@RTSX buy 10@94.9): code=StatusCode.UNAUTHENTICATED details=Invalid access key
08:06:15 orders_arb WARNING gRPC limit failed, falling back to DP server
08:06:15 orders_arb ERROR Limit order error (GAZP@RTSX buy 10@94.9): no response
08:06:15 robot_arb WARNING Entry failed: leg_a_place_failed
08:06:15 robot_arb INFO Z=2.43 (threshold=2.2) — no signal (dup_check=LOCKED)
08:06:16 robot_arb INFO Z=2.43 (threshold=2.2) — no signal (dup_check=LOCKED)
08:06:16 robot_arb INFO Z=2.38 (threshold=2.2) — no signal (dup_check=LOCKED)
08:06:17 robot_arb INFO ⚠️ CHECK_ENTRY returned signal: {'action': 'entry', 'side': 'short_basis', 'z': 2.3838170289565204, 'basis': 8794.2, 'price_a': 94.88, 'price_b': 9743.0}
08:06:17 robot_arb INFO ENTRY SIGNAL short_basis | Z=2.38 basis=8794.20 | A=94.88 B=9743.00 | limit buy 10 @ 94.90 | market sell 1 @ 9738.13
08:06:17 orders_arb INFO gRPC sending: limit buy 100 (10 lots) GAZP@MISX acc=2049688 @ 94.9
08:06:17 orders_arb ERROR gRPC order error (GAZP@RTSX buy 10@94.9): code=StatusCode.UNAUTHENTICATED details=Invalid access key
08:06:17 orders_arb WARNING gRPC limit failed, falling back to DP server
08:06:17 orders_arb ERROR Limit order error (GAZP@RTSX buy 10@94.9): no response
08:06:17 robot_arb WARNING Entry failed: leg_a_place_failed
08:06:18 robot_arb INFO Z=2.34 (threshold=2.2) — no signal (dup_check=LOCKED)
08:11:44 robot_arb INFO ⚠️ CHECK_ENTRY returned signal: {'action': 'entry', 'side': 'short_basis', 'z': 2.4173154271719044, 'basis': 8781.3, 'price_a': 94.77, 'price_b': 9729.0}
08:11:44 robot_arb INFO ENTRY SIGNAL short_basis | Z=2.42 basis=8781.30 | A=94.77 B=9729.00 | limit buy 10 @ 94.78 | market sell 1 @ 9724.14
08:11:44 orders_arb INFO gRPC sending: limit buy 100 (10 lots) GAZP@MISX acc=2049688 @ 94.78
08:11:44 orders_arb ERROR gRPC order error (GAZP@RTSX buy 10@94.78): code=StatusCode.UNAUTHENTICATED details=Invalid access key
08:11:44 orders_arb WARNING gRPC limit failed, falling back to DP server
08:11:44 orders_arb ERROR Limit order error (GAZP@RTSX buy 10@94.78): no response
08:11:44 robot_arb WARNING Entry failed: leg_a_place_failed
08:11:44 robot_arb INFO Z=2.37 (threshold=2.2) — no signal (dup_check=LOCKED)
08:11:45 robot_arb INFO Z=2.37 (threshold=2.2) — no signal (dup_check=LOCKED)
08:11:45 robot_arb INFO Z=2.33 (threshold=2.2) — no signal (dup_check=LOCKED)
08:11:46 robot_arb INFO ⚠️ CHECK_ENTRY returned signal: {'action': 'entry', 'side': 'short_basis', 'z': 2.326814227777088, 'basis': 8781.3, 'price_a': 94.77, 'price_b': 9729.0}
08:11:46 robot_arb INFO ENTRY SIGNAL short_basis | Z=2.33 basis=8781.30 | A=94.77 B=9729.00 | limit buy 10 @ 94.78 | market sell 1 @ 9724.14
08:11:46 orders_arb INFO gRPC sending: limit buy 100 (10 lots) GAZP@MISX acc=2049688 @ 94.78
08:11:46 orders_arb ERROR gRPC order error (GAZP@RTSX buy 10@94.78): code=StatusCode.UNAUTHENTICATED details=Invalid access key
08:11:46 orders_arb WARNING gRPC limit failed, falling back to DP server
08:11:46 orders_arb ERROR Limit order error (GAZP@RTSX buy 10@94.78): no response
08:11:46 robot_arb WARNING Entry failed: leg_a_place_failed
08:11:46 robot_arb INFO Z=2.28 (threshold=2.2) — no signal (dup_check=LOCKED)
08:11:47 robot_arb INFO Z=2.28 (threshold=2.2) — no signal (dup_check=LOCKED)
08:11:47 robot_arb INFO Z=2.24 (threshold=2.2) — no signal (dup_check=LOCKED)
08:11:48 robot_arb INFO ⚠️ CHECK_ENTRY returned signal: {'action': 'entry', 'side': 'short_basis', 'z': 2.2440023342224813, 'basis': 8781.3, 'price_a': 94.77, 'price_b': 9729.0}
08:11:48 robot_arb INFO ENTRY SIGNAL short_basis | Z=2.24 basis=8781.30 | A=94.77 B=9729.00 | limit buy 10 @ 94.78 | market sell 1 @ 9724.14
08:11:48 orders_arb INFO gRPC sending: limit buy 100 (10 lots) GAZP@MISX acc=2049688 @ 94.78
08:11:48 orders_arb ERROR gRPC order error (GAZP@RTSX buy 10@94.78): code=StatusCode.UNAUTHENTICATED details=Invalid access key
08:11:48 orders_arb WARNING gRPC limit failed, falling back to DP server
08:11:48 orders_arb ERROR Limit order error (GAZP@RTSX buy 10@94.78): no response
08:11:48 robot_arb WARNING Entry failed: leg_a_place_failed
08:11:48 robot_arb INFO Z=2.75 (threshold=2.2) — no signal (dup_check=LOCKED)
08:11:49 robot_arb INFO Z=2.75 (threshold=2.2) — no signal (dup_check=LOCKED)
08:11:49 robot_arb INFO Z=2.68 (threshold=2.2) — no signal (dup_check=LOCKED)
08:11:50 robot_arb INFO ⚠️ CHECK_ENTRY returned signal: {'action': 'entry', 'side': 'short_basis', 'z': 2.6838533423090203, 'basis': 8781.4, 'price_a': 94.76, 'price_b': 9729.0}
08:11:50 robot_arb INFO ENTRY SIGNAL short_basis | Z=2.68 basis=8781.40 | A=94.76 B=9729.00 | limit buy 10 @ 94.76 | market sell 1 @ 9724.14
08:11:50 orders_arb INFO gRPC sending: limit buy 100 (10 lots) GAZP@MISX acc=2049688 @ 94.76
08:11:50 orders_arb ERROR gRPC order error (GAZP@RTSX buy 10@94.76): code=StatusCode.UNAUTHENTICATED details=Invalid access key
08:11:50 orders_arb WARNING gRPC limit failed, falling back to DP server
08:11:50 orders_arb ERROR Limit order error (GAZP@RTSX buy 10@94.76): no response
08:11:50 robot_arb WARNING Entry failed: leg_a_place_failed
08:11:51 robot_arb INFO Z=2.62 (threshold=2.2) — no signal (dup_check=LOCKED)
08:12:04 robot_arb INFO Z=2.16 (threshold=2.2) — no signal (dup_check=False)
08:12:04 robot_arb INFO Z=2.16 (threshold=2.2) — no signal (dup_check=False)
08:12:05 robot_arb INFO Z=2.15 (threshold=2.2) — no signal (dup_check=False)
08:12:05 robot_arb INFO Z=2.15 (threshold=2.2) — no signal (dup_check=False)
08:12:06 robot_arb INFO Z=2.13 (threshold=2.2) — no signal (dup_check=False)
08:12:06 robot_arb INFO Z=2.13 (threshold=2.2) — no signal (dup_check=False)
08:12:39 robot_arb INFO ⚠️ CHECK_ENTRY returned signal: {'action': 'entry', 'side': 'short_basis', 'z': 2.863612812343921, 'basis': 8779.6, 'price_a': 94.74, 'price_b': 9727.0}
08:12:39 robot_arb INFO ENTRY SIGNAL short_basis | Z=2.86 basis=8779.60 | A=94.74 B=9727.00 | limit buy 10 @ 94.74 | market sell 1 @ 9722.14
08:12:39 orders_arb INFO gRPC sending: limit buy 100 (10 lots) GAZP@MISX acc=2049688 @ 94.74
08:12:39 orders_arb ERROR gRPC order error (GAZP@RTSX buy 10@94.74): code=StatusCode.UNAUTHENTICATED details=Invalid access key
08:12:39 orders_arb WARNING gRPC limit failed, falling back to DP server
08:12:39 orders_arb ERROR Limit order error (GAZP@RTSX buy 10@94.74): no response
08:12:39 robot_arb WARNING Entry failed: leg_a_place_failed
08:12:40 robot_arb INFO Z=2.79 (threshold=2.2) — no signal (dup_check=LOCKED)
08:12:40 robot_arb INFO Z=2.79 (threshold=2.2) — no signal (dup_check=LOCKED)
08:12:41 robot_arb INFO Z=2.73 (threshold=2.2) — no signal (dup_check=LOCKED)
08:12:41 robot_arb INFO ⚠️ CHECK_ENTRY returned signal: {'action': 'entry', 'side': 'short_basis', 'z': 2.7261946639919556, 'basis': 8779.6, 'price_a': 94.74, 'price_b': 9727.0}
08:12:41 robot_arb INFO ENTRY SIGNAL short_basis | Z=2.73 basis=8779.60 | A=94.74 B=9727.00 | limit buy 10 @ 94.74 | market sell 1 @ 9722.14
08:12:41 orders_arb INFO gRPC sending: limit buy 100 (10 lots) GAZP@MISX acc=2049688 @ 94.74
08:12:41 orders_arb ERROR gRPC order error (GAZP@RTSX buy 10@94.74): code=StatusCode.UNAUTHENTICATED details=Invalid access key
08:12:41 orders_arb WARNING gRPC limit failed, falling back to DP server
08:12:42 orders_arb ERROR Limit order error (GAZP@RTSX buy 10@94.74): no response
08:12:42 robot_arb WARNING Entry failed: leg_a_place_failed
08:12:42 robot_arb INFO Z=2.68 (threshold=2.2) — no signal (dup_check=LOCKED)
08:12:43 robot_arb INFO Z=2.68 (threshold=2.2) — no signal (dup_check=LOCKED)
08:12:43 robot_arb INFO Z=2.63 (threshold=2.2) — no signal (dup_check=LOCKED)
08:12:44 robot_arb INFO ⚠️ CHECK_ENTRY returned signal: {'action': 'entry', 'side': 'short_basis', 'z': 2.6280888862264216, 'basis': 8779.6, 'price_a': 94.74, 'price_b': 9727.0}
08:12:44 robot_arb INFO ENTRY SIGNAL short_basis | Z=2.63 basis=8779.60 | A=94.74 B=9727.00 | limit buy 10 @ 94.74 | market sell 1 @ 9722.14
08:12:44 orders_arb INFO gRPC sending: limit buy 100 (10 lots) GAZP@MISX acc=2049688 @ 94.74
08:12:44 orders_arb ERROR gRPC order error (GAZP@RTSX buy 10@94.74): code=StatusCode.UNAUTHENTICATED details=Invalid access key
08:12:44 orders_arb WARNING gRPC limit failed, falling back to DP server
08:12:44 orders_arb ERROR Limit order error (GAZP@RTSX buy 10@94.74): no response
08:12:44 robot_arb WARNING Entry failed: leg_a_place_failed
08:12:44 robot_arb INFO Z=3.09 (threshold=2.2) — no signal (dup_check=LOCKED)
08:12:45 robot_arb INFO Z=3.09 (threshold=2.2) — no signal (dup_check=LOCKED)
08:12:45 robot_arb INFO Z=3.01 (threshold=2.2) — no signal (dup_check=LOCKED)
08:13:12 robot_arb INFO ⚠️ CHECK_ENTRY returned signal: {'action': 'entry', 'side': 'short_basis', 'z': 3.8760661627049635, 'basis': 8779.1, 'price_a': 94.69, 'price_b': 9726.0}
08:13:12 robot_arb INFO ENTRY SIGNAL short_basis | Z=3.88 basis=8779.10 | A=94.69 B=9726.00 | limit buy 10 @ 94.71 | market sell 1 @ 9721.14
08:13:12 orders_arb INFO gRPC sending: limit buy 100 (10 lots) GAZP@MISX acc=2049688 @ 94.71
08:13:12 orders_arb ERROR gRPC order error (GAZP@RTSX buy 10@94.71): code=StatusCode.UNAUTHENTICATED details=Invalid access key
08:13:12 orders_arb WARNING gRPC limit failed, falling back to DP server
08:13:12 orders_arb ERROR Limit order error (GAZP@RTSX buy 10@94.71): no response
08:13:12 robot_arb WARNING Entry failed: leg_a_place_failed
08:13:13 robot_arb INFO Z=3.72 (threshold=2.2) — no signal (dup_check=LOCKED)
08:13:13 robot_arb INFO Z=3.72 (threshold=2.2) — no signal (dup_check=LOCKED)
08:13:14 robot_arb INFO Z=3.58 (threshold=2.2) — no signal (dup_check=LOCKED)
08:13:14 robot_arb INFO ⚠️ CHECK_ENTRY returned signal: {'action': 'entry', 'side': 'short_basis', 'z': 3.5792253819771638, 'basis': 8779.1, 'price_a': 94.69, 'price_b': 9726.0}
08:13:14 robot_arb INFO ENTRY SIGNAL short_basis | Z=3.58 basis=8779.10 | A=94.69 B=9726.00 | limit buy 10 @ 94.71 | market sell 1 @ 9721.14
08:13:14 orders_arb INFO gRPC sending: limit buy 100 (10 lots) GAZP@MISX acc=2049688 @ 94.71
08:13:14 orders_arb ERROR gRPC order error (GAZP@RTSX buy 10@94.71): code=StatusCode.UNAUTHENTICATED details=Invalid access key
08:13:14 orders_arb WARNING gRPC limit failed, falling back to DP server
08:13:14 orders_arb ERROR Limit order error (GAZP@RTSX buy 10@94.71): no response
08:13:14 robot_arb WARNING Entry failed: leg_a_place_failed
08:13:15 robot_arb INFO Z=3.45 (threshold=2.2) — no signal (dup_check=LOCKED)
08:13:15 robot_arb INFO Z=3.45 (threshold=2.2) — no signal (dup_check=LOCKED)
08:13:16 robot_arb INFO Z=3.34 (threshold=2.2) — no signal (dup_check=LOCKED)
08:13:16 robot_arb INFO ⚠️ CHECK_ENTRY returned signal: {'action': 'entry', 'side': 'short_basis', 'z': 3.336902661686601, 'basis': 8779.1, 'price_a': 94.69, 'price_b': 9726.0}
08:13:16 robot_arb INFO ENTRY SIGNAL short_basis | Z=3.34 basis=8779.10 | A=94.69 B=9726.00 | limit buy 10 @ 94.71 | market sell 1 @ 9721.14
08:13:16 orders_arb INFO gRPC sending: limit buy 100 (10 lots) GAZP@MISX acc=2049688 @ 94.71
08:13:16 orders_arb ERROR gRPC order error (GAZP@RTSX buy 10@94.71): code=StatusCode.UNAUTHENTICATED details=Invalid access key
08:13:16 orders_arb WARNING gRPC limit failed, falling back to DP server
08:13:16 orders_arb ERROR Limit order error (GAZP@RTSX buy 10@94.71): no response
08:13:16 robot_arb WARNING Entry failed: leg_a_place_failed
08:14:48 robot_arb INFO Z=2.13 (threshold=2.2) — no signal (dup_check=False)
08:14:49 robot_arb INFO Z=2.10 (threshold=2.2) — no signal (dup_check=False)
08:14:49 robot_arb INFO Z=2.10 (threshold=2.2) — no signal (dup_check=False)
08:14:50 robot_arb INFO Z=2.07 (threshold=2.2) — no signal (dup_check=False)
08:14:50 robot_arb INFO Z=2.07 (threshold=2.2) — no signal (dup_check=False)
08:14:51 robot_arb INFO Z=2.03 (threshold=2.2) — no signal (dup_check=False)
08:14:51 robot_arb INFO Z=2.03 (threshold=2.2) — no signal (dup_check=False)
08:15:55 robot_arb INFO ⚠️ CHECK_ENTRY returned signal: {'action': 'entry', 'side': 'short_basis', 'z': 3.1257370013398993, 'basis': 8780.1, 'price_a': 94.69, 'price_b': 9727.0}
08:15:55 robot_arb INFO ENTRY SIGNAL short_basis | Z=3.13 basis=8780.10 | A=94.69 B=9727.00 | limit buy 10 @ 94.72 | market sell 1 @ 9722.14
08:15:55 orders_arb INFO gRPC sending: limit buy 100 (10 lots) GAZP@MISX acc=2049688 @ 94.72
08:15:56 orders_arb ERROR gRPC order error (GAZP@RTSX buy 10@94.72): code=StatusCode.UNAUTHENTICATED details=Invalid access key
08:15:56 orders_arb WARNING gRPC limit failed, falling back to DP server
08:15:56 orders_arb ERROR Limit order error (GAZP@RTSX buy 10@94.72): no response
08:15:56 robot_arb WARNING Entry failed: leg_a_place_failed
08:16:15 robot_arb INFO Z=2.02 (threshold=2.2) — no signal (dup_check=False)
08:17:45 robot_arb INFO ⚠️ CHECK_ENTRY returned signal: {'action': 'entry', 'side': 'short_basis', 'z': 2.3898039877929578, 'basis': 8785.1, 'price_a': 94.79, 'price_b': 9733.0}
08:17:45 robot_arb INFO ENTRY SIGNAL short_basis | Z=2.39 basis=8785.10 | A=94.79 B=9733.00 | limit buy 10 @ 94.79 | market sell 1 @ 9728.13
08:17:45 orders_arb INFO gRPC sending: limit buy 100 (10 lots) GAZP@MISX acc=2049688 @ 94.79
08:17:45 orders_arb ERROR gRPC order error (GAZP@RTSX buy 10@94.79): code=StatusCode.UNAUTHENTICATED details=Invalid access key
08:17:45 orders_arb WARNING gRPC limit failed, falling back to DP server
08:17:45 orders_arb ERROR Limit order error (GAZP@RTSX buy 10@94.79): no response
08:17:45 robot_arb WARNING Entry failed: leg_a_place_failed
08:17:46 robot_arb INFO Z=2.34 (threshold=2.2) — no signal (dup_check=LOCKED)
08:17:46 robot_arb INFO Z=2.34 (threshold=2.2) — no signal (dup_check=LOCKED)
08:17:47 robot_arb INFO Z=2.30 (threshold=2.2) — no signal (dup_check=LOCKED)
08:17:47 robot_arb INFO ⚠️ CHECK_ENTRY returned signal: {'action': 'entry', 'side': 'short_basis', 'z': 2.3023561927508047, 'basis': 8785.1, 'price_a': 94.79, 'price_b': 9733.0}
08:17:47 robot_arb INFO ENTRY SIGNAL short_basis | Z=2.30 basis=8785.10 | A=94.79 B=9733.00 | limit buy 10 @ 94.79 | market sell 1 @ 9728.13
08:17:47 orders_arb INFO gRPC sending: limit buy 100 (10 lots) GAZP@MISX acc=2049688 @ 94.79
08:17:47 orders_arb ERROR gRPC order error (GAZP@RTSX buy 10@94.79): code=StatusCode.UNAUTHENTICATED details=Invalid access key
08:17:47 orders_arb WARNING gRPC limit failed, falling back to DP server
08:17:47 orders_arb ERROR Limit order error (GAZP@RTSX buy 10@94.79): no response
08:17:47 robot_arb WARNING Entry failed: leg_a_place_failed
08:17:48 robot_arb INFO Z=2.26 (threshold=2.2) — no signal (dup_check=LOCKED)
08:17:48 robot_arb INFO Z=2.26 (threshold=2.2) — no signal (dup_check=LOCKED)
08:18:12 robot_arb INFO ⚠️ CHECK_ENTRY returned signal: {'action': 'entry', 'side': 'short_basis', 'z': 2.2582355519421093, 'basis': 8784.3, 'price_a': 94.77, 'price_b': 9732.0}
08:18:12 robot_arb INFO ENTRY SIGNAL short_basis | Z=2.26 basis=8784.30 | A=94.77 B=9732.00 | limit buy 10 @ 94.78 | market sell 1 @ 9727.13
08:18:12 orders_arb INFO gRPC sending: limit buy 100 (10 lots) GAZP@MISX acc=2049688 @ 94.78
08:18:12 orders_arb ERROR gRPC order error (GAZP@RTSX buy 10@94.78): code=StatusCode.UNAUTHENTICATED details=Invalid access key
08:18:12 orders_arb WARNING gRPC limit failed, falling back to DP server
08:18:12 orders_arb ERROR Limit order error (GAZP@RTSX buy 10@94.78): no response
08:18:12 robot_arb WARNING Entry failed: leg_a_place_failed
08:18:12 robot_arb INFO Z=2.26 (threshold=2.2) — no signal (dup_check=LOCKED)
08:18:13 robot_arb INFO Z=2.22 (threshold=2.2) — no signal (dup_check=LOCKED)
08:18:13 robot_arb INFO Z=2.22 (threshold=2.2) — no signal (dup_check=LOCKED)
08:18:14 robot_arb INFO Z=2.19 (threshold=2.2) — no signal (dup_check=False)
08:18:14 robot_arb INFO Z=2.19 (threshold=2.2) — no signal (dup_check=False)
08:18:15 robot_arb INFO Z=2.16 (threshold=2.2) — no signal (dup_check=False)
08:18:15 robot_arb INFO Z=2.16 (threshold=2.2) — no signal (dup_check=False)
08:18:16 robot_arb INFO Z=2.13 (threshold=2.2) — no signal (dup_check=False)
08:18:16 robot_arb INFO Z=2.13 (threshold=2.2) — no signal (dup_check=False)
08:18:17 robot_arb INFO Z=2.10 (threshold=2.2) — no signal (dup_check=False)
08:18:17 robot_arb INFO Z=2.10 (threshold=2.2) — no signal (dup_check=False)
08:18:18 robot_arb INFO Z=2.07 (threshold=2.2) — no signal (dup_check=False)
08:18:18 robot_arb INFO Z=2.07 (threshold=2.2) — no signal (dup_check=False)
08:18:19 robot_arb INFO Z=2.04 (threshold=2.2) — no signal (dup_check=False)
08:18:19 robot_arb INFO Z=2.04 (threshold=2.2) — no signal (dup_check=False)
08:18:20 robot_arb INFO Z=2.01 (threshold=2.2) — no signal (dup_check=False)
08:18:20 robot_arb INFO Z=2.01 (threshold=2.2) — no signal (dup_check=False)
08:22:49 robot_arb WARNING Account 2049688: <_InactiveRpcError of RPC that terminated with:
	status = StatusCode.UNAUTHENTICATED
	details = "Invalid access key"
	debug_error_string = "UNKNOWN:Error received from peer  {grpc_message:"Invalid access key", grpc_status:16}"
>
08:24:33 robot_arb INFO ⚠️ CHECK_ENTRY returned signal: {'action': 'entry', 'side': 'short_basis', 'z': 3.085678655974974, 'basis': 8795.9, 'price_a': 94.91, 'price_b': 9745.0}
08:24:33 robot_arb INFO ENTRY SIGNAL short_basis | Z=3.09 basis=8795.90 | A=94.91 B=9745.00 | limit buy 10 @ 94.94 | market sell 1 @ 9740.13
08:24:33 orders_arb INFO gRPC sending: limit buy 100 (10 lots) GAZP@MISX acc=2049688 @ 94.94
08:24:33 orders_arb ERROR gRPC order error (GAZP@RTSX buy 10@94.94): code=StatusCode.UNAUTHENTICATED details=Invalid access key
08:24:33 orders_arb WARNING gRPC limit failed, falling back to DP server
08:24:33 orders_arb ERROR Limit order error (GAZP@RTSX buy 10@94.94): no response
08:24:33 robot_arb WARNING Entry failed: leg_a_place_failed
08:24:33 robot_arb INFO Z=3.00 (threshold=2.2) — no signal (dup_check=LOCKED)
08:24:34 robot_arb INFO Z=3.00 (threshold=2.2) — no signal (dup_check=LOCKED)
08:24:34 robot_arb INFO Z=2.93 (threshold=2.2) — no signal (dup_check=LOCKED)
08:24:35 robot_arb INFO ⚠️ CHECK_ENTRY returned signal: {'action': 'entry', 'side': 'short_basis', 'z': 2.9271671931108942, 'basis': 8795.9, 'price_a': 94.91, 'price_b': 9745.0}
08:24:35 robot_arb INFO ENTRY SIGNAL short_basis | Z=2.93 basis=8795.90 | A=94.91 B=9745.00 | limit buy 10 @ 94.94 | market sell 1 @ 9740.13
08:24:35 orders_arb INFO gRPC sending: limit buy 100 (10 lots) GAZP@MISX acc=2049688 @ 94.94
08:24:35 orders_arb ERROR gRPC order error (GAZP@RTSX buy 10@94.94): code=StatusCode.UNAUTHENTICATED details=Invalid access key
08:24:35 orders_arb WARNING gRPC limit failed, falling back to DP server
08:24:35 orders_arb ERROR Limit order error (GAZP@RTSX buy 10@94.94): no response
08:24:35 robot_arb WARNING Entry failed: leg_a_place_failed
08:24:35 robot_arb INFO Z=2.86 (threshold=2.2) — no signal (dup_check=LOCKED)
08:24:36 robot_arb INFO Z=2.86 (threshold=2.2) — no signal (dup_check=LOCKED)
08:24:36 robot_arb INFO Z=2.79 (threshold=2.2) — no signal (dup_check=LOCKED)
08:24:37 robot_arb INFO ⚠️ CHECK_ENTRY returned signal: {'action': 'entry', 'side': 'short_basis', 'z': 2.7883603489703987, 'basis': 8795.9, 'price_a': 94.91, 'price_b': 9745.0}
08:24:37 robot_arb INFO ENTRY SIGNAL short_basis | Z=2.79 basis=8795.90 | A=94.91 B=9745.00 | limit buy 10 @ 94.94 | market sell 1 @ 9740.13
08:24:37 orders_arb INFO gRPC sending: limit buy 100 (10 lots) GAZP@MISX acc=2049688 @ 94.94
08:24:37 orders_arb ERROR gRPC order error (GAZP@RTSX buy 10@94.94): code=StatusCode.UNAUTHENTICATED details=Invalid access key
08:24:37 orders_arb WARNING gRPC limit failed, falling back to DP server
08:24:37 orders_arb ERROR Limit order error (GAZP@RTSX buy 10@94.94): no response
08:24:37 robot_arb WARNING Entry failed: leg_a_place_failed
08:29:26 robot_arb WARNING Account 2049688: <_InactiveRpcError of RPC that terminated with:
	status = StatusCode.UNAUTHENTICATED
	details = "Invalid access key"
	debug_error_string = "UNKNOWN:Error received from peer  {grpc_status:16, grpc_message:"Invalid access key"}"
>
08:30:15 robot_arb INFO ⚠️ CHECK_ENTRY returned signal: {'action': 'entry', 'side': 'short_basis', 'z': 3.065394621968387, 'basis': 8815.0, 'price_a': 95.1, 'price_b': 9766.0}
08:30:15 robot_arb INFO ENTRY SIGNAL short_basis | Z=3.07 basis=8815.00 | A=95.10 B=9766.00 | limit buy 10 @ 95.10 | market sell 1 @ 9761.12
08:30:15 orders_arb INFO gRPC sending: limit buy 100 (10 lots) GAZP@MISX acc=2049688 @ 95.1
08:30:15 orders_arb ERROR gRPC order error (GAZP@RTSX buy 10@95.1): code=StatusCode.UNAUTHENTICATED details=Invalid access key
08:30:15 orders_arb WARNING gRPC limit failed, falling back to DP server
08:30:15 orders_arb ERROR Limit order error (GAZP@RTSX buy 10@95.1): no response
08:30:15 robot_arb WARNING Entry failed: leg_a_place_failed
08:30:16 robot_arb INFO Z=3.07 (threshold=2.2) — no signal (dup_check=LOCKED)
08:30:16 robot_arb INFO Z=2.98 (threshold=2.2) — no signal (dup_check=LOCKED)
08:30:17 robot_arb INFO Z=2.98 (threshold=2.2) — no signal (dup_check=LOCKED)
08:30:17 robot_arb INFO ⚠️ CHECK_ENTRY returned signal: {'action': 'entry', 'side': 'short_basis', 'z': 2.901399827526932, 'basis': 8815.0, 'price_a': 95.1, 'price_b': 9766.0}
08:30:17 robot_arb INFO ENTRY SIGNAL short_basis | Z=2.90 basis=8815.00 | A=95.10 B=9766.00 | limit buy 10 @ 95.10 | market sell 1 @ 9761.12
08:30:17 orders_arb INFO gRPC sending: limit buy 100 (10 lots) GAZP@MISX acc=2049688 @ 95.1
08:30:17 orders_arb ERROR gRPC order error (GAZP@RTSX buy 10@95.1): code=StatusCode.UNAUTHENTICATED details=Invalid access key
08:30:17 orders_arb WARNING gRPC limit failed, falling back to DP server
08:30:17 orders_arb ERROR Limit order error (GAZP@RTSX buy 10@95.1): no response
08:30:17 robot_arb WARNING Entry failed: leg_a_place_failed
08:30:18 robot_arb INFO Z=2.90 (threshold=2.2) — no signal (dup_check=LOCKED)
08:30:18 robot_arb INFO Z=2.83 (threshold=2.2) — no signal (dup_check=LOCKED)
08:30:19 robot_arb INFO Z=2.83 (threshold=2.2) — no signal (dup_check=LOCKED)
08:30:19 robot_arb INFO ⚠️ CHECK_ENTRY returned signal: {'action': 'entry', 'side': 'short_basis', 'z': 2.7704636115020387, 'basis': 8815.0, 'price_a': 95.1, 'price_b': 9766.0}
08:30:19 robot_arb INFO ENTRY SIGNAL short_basis | Z=2.77 basis=8815.00 | A=95.10 B=9766.00 | limit buy 10 @ 95.10 | market sell 1 @ 9761.12
08:30:19 orders_arb INFO gRPC sending: limit buy 100 (10 lots) GAZP@MISX acc=2049688 @ 95.1
08:30:19 orders_arb ERROR gRPC order error (GAZP@RTSX buy 10@95.1): code=StatusCode.UNAUTHENTICATED details=Invalid access key
08:30:19 orders_arb WARNING gRPC limit failed, falling back to DP server
08:30:19 orders_arb ERROR Limit order error (GAZP@RTSX buy 10@95.1): no response
08:30:19 robot_arb WARNING Entry failed: leg_a_place_failed
08:30:20 robot_arb INFO Z=2.77 (threshold=2.2) — no signal (dup_check=LOCKED)
08:30:20 robot_arb INFO Z=2.71 (threshold=2.2) — no signal (dup_check=LOCKED)
08:30:21 robot_arb INFO Z=2.71 (threshold=2.2) — no signal (dup_check=LOCKED)
08:30:21 robot_arb INFO ⚠️ CHECK_ENTRY returned signal: {'action': 'entry', 'side': 'short_basis', 'z': 2.6539948440422987, 'basis': 8815.0, 'price_a': 95.1, 'price_b': 9766.0}
08:30:21 robot_arb INFO ENTRY SIGNAL short_basis | Z=2.65 basis=8815.00 | A=95.10 B=9766.00 | limit buy 10 @ 95.10 | market sell 1 @ 9761.12
08:30:21 orders_arb INFO gRPC sending: limit buy 100 (10 lots) GAZP@MISX acc=2049688 @ 95.1
08:30:21 orders_arb ERROR gRPC order error (GAZP@RTSX buy 10@95.1): code=StatusCode.UNAUTHENTICATED details=Invalid access key
08:30:21 orders_arb WARNING gRPC limit failed, falling back to DP server
08:30:21 orders_arb ERROR Limit order error (GAZP@RTSX buy 10@95.1): no response
08:30:21 robot_arb WARNING Entry failed: leg_a_place_failed
08:30:22 robot_arb INFO Z=3.15 (threshold=2.2) — no signal (dup_check=LOCKED)
08:30:22 robot_arb INFO Z=3.07 (threshold=2.2) — no signal (dup_check=LOCKED)
08:30:23 robot_arb INFO Z=3.07 (threshold=2.2) — no signal (dup_check=LOCKED)
08:30:23 robot_arb INFO ⚠️ CHECK_ENTRY returned signal: {'action': 'entry', 'side': 'short_basis', 'z': 2.9887631380470254, 'basis': 8816.0, 'price_a': 95.1, 'price_b': 9767.0}
08:30:23 robot_arb INFO ENTRY SIGNAL short_basis | Z=2.99 basis=8816.00 | A=95.10 B=9767.00 | limit buy 10 @ 95.10 | market sell 1 @ 9762.12
08:30:23 orders_arb INFO gRPC sending: limit buy 100 (10 lots) GAZP@MISX acc=2049688 @ 95.1
08:30:24 orders_arb ERROR gRPC order error (GAZP@RTSX buy 10@95.1): code=StatusCode.UNAUTHENTICATED details=Invalid access key
08:30:24 orders_arb WARNING gRPC limit failed, falling back to DP server
08:30:24 orders_arb ERROR Limit order error (GAZP@RTSX buy 10@95.1): no response
08:30:24 robot_arb WARNING Entry failed: leg_a_place_failed
08:30:24 robot_arb INFO Z=2.99 (threshold=2.2) — no signal (dup_check=LOCKED)
08:30:25 robot_arb INFO Z=2.92 (threshold=2.2) — no signal (dup_check=LOCKED)
08:30:25 robot_arb INFO Z=2.92 (threshold=2.2) — no signal (dup_check=LOCKED)
08:30:26 robot_arb INFO ⚠️ CHECK_ENTRY returned signal: {'action': 'entry', 'side': 'short_basis', 'z': 2.8426540053374065, 'basis': 8816.0, 'price_a': 95.1, 'price_b': 9767.0}
08:30:26 robot_arb INFO ENTRY SIGNAL short_basis | Z=2.84 basis=8816.00 | A=95.10 B=9767.00 | limit buy 10 @ 95.10 | market sell 1 @ 9762.12
08:30:26 orders_arb INFO gRPC sending: limit buy 100 (10 lots) GAZP@MISX acc=2049688 @ 95.1
08:30:26 orders_arb ERROR gRPC order error (GAZP@RTSX buy 10@95.1): code=StatusCode.UNAUTHENTICATED details=Invalid access key
08:30:26 orders_arb WARNING gRPC limit failed, falling back to DP server
08:30:26 orders_arb ERROR Limit order error (GAZP@RTSX buy 10@95.1): no response
08:30:26 robot_arb WARNING Entry failed: leg_a_place_failed
08:30:26 robot_arb INFO Z=2.84 (threshold=2.2) — no signal (dup_check=LOCKED)
08:30:27 robot_arb INFO Z=2.77 (threshold=2.2) — no signal (dup_check=LOCKED)
08:30:27 robot_arb INFO Z=2.77 (threshold=2.2) — no signal (dup_check=LOCKED)
08:30:28 robot_arb INFO ⚠️ CHECK_ENTRY returned signal: {'action': 'entry', 'side': 'short_basis', 'z': 2.709504770409705, 'basis': 8816.0, 'price_a': 95.1, 'price_b': 9767.0}
08:30:28 robot_arb INFO ENTRY SIGNAL short_basis | Z=2.71 basis=8816.00 | A=95.10 B=9767.00 | limit buy 10 @ 95.11 | market sell 1 @ 9762.12
08:30:28 orders_arb INFO gRPC sending: limit buy 100 (10 lots) GAZP@MISX acc=2049688 @ 95.11
08:30:28 orders_arb ERROR gRPC order error (GAZP@RTSX buy 10@95.11): code=StatusCode.UNAUTHENTICATED details=Invalid access key
08:30:28 orders_arb WARNING gRPC limit failed, falling back to DP server
08:30:28 orders_arb ERROR Limit order error (GAZP@RTSX buy 10@95.11): no response
08:30:28 robot_arb WARNING Entry failed: leg_a_place_failed
08:30:28 robot_arb INFO Z=2.71 (threshold=2.2) — no signal (dup_check=LOCKED)
08:30:29 robot_arb INFO Z=2.65 (threshold=2.2) — no signal (dup_check=LOCKED)
08:31:13 robot_arb WARNING Account 2049688: <_InactiveRpcError of RPC that terminated with:
	status = StatusCode.UNAUTHENTICATED
	details = "Invalid access key"
	debug_error_string = "UNKNOWN:Error received from peer  {grpc_status:16, grpc_message:"Invalid access key"}"
>
08:31:18 robot_arb INFO ⚠️ CHECK_ENTRY returned signal: {'action': 'entry', 'side': 'short_basis', 'z': 3.3489126611773483, 'basis': 8806.3, 'price_a': 94.97, 'price_b': 9756.0}
08:31:18 robot_arb INFO ENTRY SIGNAL short_basis | Z=3.35 basis=8806.30 | A=94.97 B=9756.00 | limit buy 10 @ 94.98 | market sell 1 @ 9751.12
08:31:18 orders_arb INFO gRPC sending: limit buy 100 (10 lots) GAZP@MISX acc=2049688 @ 94.98
08:31:19 orders_arb ERROR gRPC order error (GAZP@RTSX buy 10@94.98): code=StatusCode.UNAUTHENTICATED details=Invalid access key
08:31:19 orders_arb WARNING gRPC limit failed, falling back to DP server
08:31:19 orders_arb ERROR Limit order error (GAZP@RTSX buy 10@94.98): no response
08:31:19 robot_arb WARNING Entry failed: leg_a_place_failed
08:31:19 robot_arb INFO Z=3.25 (threshold=2.2) — no signal (dup_check=LOCKED)
08:31:20 robot_arb INFO Z=3.25 (threshold=2.2) — no signal (dup_check=LOCKED)
08:31:20 robot_arb INFO Z=3.16 (threshold=2.2) — no signal (dup_check=LOCKED)
08:31:21 robot_arb INFO ⚠️ CHECK_ENTRY returned signal: {'action': 'entry', 'side': 'short_basis', 'z': 3.1638207416490647, 'basis': 8806.3, 'price_a': 94.97, 'price_b': 9756.0}
08:31:21 robot_arb INFO ENTRY SIGNAL short_basis | Z=3.16 basis=8806.30 | A=94.97 B=9756.00 | limit buy 10 @ 94.98 | market sell 1 @ 9751.12
08:31:21 orders_arb INFO gRPC sending: limit buy 100 (10 lots) GAZP@MISX acc=2049688 @ 94.98
08:31:21 orders_arb ERROR gRPC order error (GAZP@RTSX buy 10@94.98): code=StatusCode.UNAUTHENTICATED details=Invalid access key
08:31:21 orders_arb WARNING gRPC limit failed, falling back to DP server
08:31:21 orders_arb ERROR Limit order error (GAZP@RTSX buy 10@94.98): no response
08:31:21 robot_arb WARNING Entry failed: leg_a_place_failed
08:31:21 robot_arb INFO Z=3.08 (threshold=2.2) — no signal (dup_check=LOCKED)
08:31:22 robot_arb INFO Z=3.08 (threshold=2.2) — no signal (dup_check=LOCKED)
08:31:22 robot_arb INFO Z=3.00 (threshold=2.2) — no signal (dup_check=LOCKED)
08:31:23 robot_arb INFO ⚠️ CHECK_ENTRY returned signal: {'action': 'entry', 'side': 'short_basis', 'z': 3.0036498744858466, 'basis': 8806.3, 'price_a': 94.97, 'price_b': 9756.0}
08:31:23 robot_arb INFO ENTRY SIGNAL short_basis | Z=3.00 basis=8806.30 | A=94.97 B=9756.00 | limit buy 10 @ 94.98 | market sell 1 @ 9751.12
08:31:23 orders_arb INFO gRPC sending: limit buy 100 (10 lots) GAZP@MISX acc=2049688 @ 94.98
08:31:23 orders_arb ERROR gRPC order error (GAZP@RTSX buy 10@94.98): code=StatusCode.UNAUTHENTICATED details=Invalid access key
08:31:23 orders_arb WARNING gRPC limit failed, falling back to DP server
08:31:23 orders_arb ERROR Limit order error (GAZP@RTSX buy 10@94.98): no response
08:31:23 robot_arb WARNING Entry failed: leg_a_place_failed
08:31:23 robot_arb INFO Z=2.93 (threshold=2.2) — no signal (dup_check=LOCKED)
08:31:24 robot_arb INFO Z=2.93 (threshold=2.2) — no signal (dup_check=LOCKED)
08:31:24 robot_arb INFO Z=2.86 (threshold=2.2) — no signal (dup_check=LOCKED)
08:31:25 robot_arb INFO ⚠️ CHECK_ENTRY returned signal: {'action': 'entry', 'side': 'short_basis', 'z': 2.863152032483082, 'basis': 8806.3, 'price_a': 94.97, 'price_b': 9756.0}
08:31:25 robot_arb INFO ENTRY SIGNAL short_basis | Z=2.86 basis=8806.30 | A=94.97 B=9756.00 | limit buy 10 @ 94.98 | market sell 1 @ 9751.12
08:31:25 orders_arb INFO gRPC sending: limit buy 100 (10 lots) GAZP@MISX acc=2049688 @ 94.98
08:31:25 orders_arb ERROR gRPC order error (GAZP@RTSX buy 10@94.98): code=StatusCode.UNAUTHENTICATED details=Invalid access key
08:31:25 orders_arb WARNING gRPC limit failed, falling back to DP server
08:31:25 orders_arb ERROR Limit order error (GAZP@RTSX buy 10@94.98): no response
08:31:25 robot_arb WARNING Entry failed: leg_a_place_failed
08:32:00 robot_arb INFO ⚠️ CHECK_ENTRY returned signal: {'action': 'entry', 'side': 'short_basis', 'z': 2.901038910837372, 'basis': 8801.0, 'price_a': 94.9, 'price_b': 9750.0}
08:32:00 robot_arb INFO ENTRY SIGNAL short_basis | Z=2.90 basis=8801.00 | A=94.90 B=9750.00 | limit buy 10 @ 94.92 | market sell 1 @ 9745.12
08:32:00 orders_arb INFO gRPC sending: limit buy 100 (10 lots) GAZP@MISX acc=2049688 @ 94.92
08:32:00 orders_arb ERROR gRPC order error (GAZP@RTSX buy 10@94.92): code=StatusCode.UNAUTHENTICATED details=Invalid access key
08:32:00 orders_arb WARNING gRPC limit failed, falling back to DP server
08:32:01 orders_arb ERROR Limit order error (GAZP@RTSX buy 10@94.92): no response
08:32:01 robot_arb WARNING Entry failed: leg_a_place_failed
08:32:01 robot_arb INFO Z=2.90 (threshold=2.2) — no signal (dup_check=LOCKED)
08:32:02 robot_arb INFO Z=2.83 (threshold=2.2) — no signal (dup_check=LOCKED)
08:32:02 robot_arb INFO Z=2.83 (threshold=2.2) — no signal (dup_check=LOCKED)
08:32:03 robot_arb INFO ⚠️ CHECK_ENTRY returned signal: {'action': 'entry', 'side': 'short_basis', 'z': 2.7631435591475575, 'basis': 8801.0, 'price_a': 94.9, 'price_b': 9750.0}
08:32:03 robot_arb INFO ENTRY SIGNAL short_basis | Z=2.76 basis=8801.00 | A=94.90 B=9750.00 | limit buy 10 @ 94.92 | market sell 1 @ 9745.12
08:32:03 orders_arb INFO gRPC sending: limit buy 100 (10 lots) GAZP@MISX acc=2049688 @ 94.92
08:32:03 orders_arb ERROR gRPC order error (GAZP@RTSX buy 10@94.92): code=StatusCode.UNAUTHENTICATED details=Invalid access key
08:32:03 orders_arb WARNING gRPC limit failed, falling back to DP server
08:32:03 orders_arb ERROR Limit order error (GAZP@RTSX buy 10@94.92): no response
08:32:03 robot_arb WARNING Entry failed: leg_a_place_failed
08:32:03 robot_arb INFO Z=2.76 (threshold=2.2) — no signal (dup_check=LOCKED)
08:32:04 robot_arb INFO Z=2.70 (threshold=2.2) — no signal (dup_check=LOCKED)
08:32:04 robot_arb INFO Z=2.70 (threshold=2.2) — no signal (dup_check=LOCKED)
08:32:05 robot_arb INFO ⚠️ CHECK_ENTRY returned signal: {'action': 'entry', 'side': 'short_basis', 'z': 2.6409052854324426, 'basis': 8801.0, 'price_a': 94.9, 'price_b': 9750.0}
08:32:05 robot_arb INFO ENTRY SIGNAL short_basis | Z=2.64 basis=8801.00 | A=94.90 B=9750.00 | limit buy 10 @ 94.92 | market sell 1 @ 9745.12
08:32:05 orders_arb INFO gRPC sending: limit buy 100 (10 lots) GAZP@MISX acc=2049688 @ 94.92
08:32:05 orders_arb ERROR gRPC order error (GAZP@RTSX buy 10@94.92): code=StatusCode.UNAUTHENTICATED details=Invalid access key
08:32:05 orders_arb WARNING gRPC limit failed, falling back to DP server
08:32:05 orders_arb ERROR Limit order error (GAZP@RTSX buy 10@94.92): no response
08:32:05 robot_arb WARNING Entry failed: leg_a_place_failed
08:33:35 robot_arb WARNING Account 2049688: <_InactiveRpcError of RPC that terminated with:
	status = StatusCode.UNAUTHENTICATED
	details = "Invalid access key"
	debug_error_string = "UNKNOWN:Error received from peer  {grpc_status:16, grpc_message:"Invalid access key"}"
>
08:37:04 robot_arb INFO ⚠️ CHECK_ENTRY returned signal: {'action': 'entry', 'side': 'short_basis', 'z': 2.620908586329535, 'basis': 8807.0, 'price_a': 95.0, 'price_b': 9757.0}
08:37:04 robot_arb INFO ENTRY SIGNAL short_basis | Z=2.62 basis=8807.00 | A=95.00 B=9757.00 | limit buy 10 @ 95.02 | market sell 1 @ 9752.12
08:37:04 orders_arb INFO gRPC sending: limit buy 100 (10 lots) GAZP@MISX acc=2049688 @ 95.02
08:37:04 orders_arb ERROR gRPC order error (GAZP@RTSX buy 10@95.02): code=StatusCode.UNAUTHENTICATED details=Invalid access key
08:37:04 orders_arb WARNING gRPC limit failed, falling back to DP server
08:37:04 orders_arb ERROR Limit order error (GAZP@RTSX buy 10@95.02): no response
08:37:04 robot_arb WARNING Entry failed: leg_a_place_failed
08:37:05 robot_arb INFO Z=2.62 (threshold=2.2) — no signal (dup_check=LOCKED)
08:37:05 robot_arb INFO Z=2.59 (threshold=2.2) — no signal (dup_check=LOCKED)
08:37:06 robot_arb INFO Z=2.59 (threshold=2.2) — no signal (dup_check=LOCKED)
08:37:06 robot_arb INFO ⚠️ CHECK_ENTRY returned signal: {'action': 'entry', 'side': 'short_basis', 'z': 2.5571993038159757, 'basis': 8807.0, 'price_a': 95.0, 'price_b': 9757.0}
08:37:06 robot_arb INFO ENTRY SIGNAL short_basis | Z=2.56 basis=8807.00 | A=95.00 B=9757.00 | limit buy 10 @ 95.02 | market sell 1 @ 9752.12
08:37:06 orders_arb INFO gRPC sending: limit buy 100 (10 lots) GAZP@MISX acc=2049688 @ 95.02
08:37:06 orders_arb ERROR gRPC order error (GAZP@RTSX buy 10@95.02): code=StatusCode.UNAUTHENTICATED details=Invalid access key
08:37:06 orders_arb WARNING gRPC limit failed, falling back to DP server
08:37:07 orders_arb ERROR Limit order error (GAZP@RTSX buy 10@95.02): no response
08:37:07 robot_arb WARNING Entry failed: leg_a_place_failed
08:37:07 robot_arb INFO Z=2.56 (threshold=2.2) — no signal (dup_check=LOCKED)
08:37:08 robot_arb INFO Z=2.50 (threshold=2.2) — no signal (dup_check=LOCKED)
08:37:08 robot_arb INFO Z=2.50 (threshold=2.2) — no signal (dup_check=LOCKED)
08:37:09 robot_arb INFO ⚠️ CHECK_ENTRY returned signal: {'action': 'entry', 'side': 'short_basis', 'z': 2.451675327947998, 'basis': 8807.0, 'price_a': 95.0, 'price_b': 9757.0}
08:37:09 robot_arb INFO ENTRY SIGNAL short_basis | Z=2.45 basis=8807.00 | A=95.00 B=9757.00 | limit buy 10 @ 95.02 | market sell 1 @ 9752.12
08:37:09 orders_arb INFO gRPC sending: limit buy 100 (10 lots) GAZP@MISX acc=2049688 @ 95.02
08:37:09 orders_arb ERROR gRPC order error (GAZP@RTSX buy 10@95.02): code=StatusCode.UNAUTHENTICATED details=Invalid access key
08:37:09 orders_arb WARNING gRPC limit failed, falling back to DP server
08:37:09 orders_arb ERROR Limit order error (GAZP@RTSX buy 10@95.02): no response
08:37:09 robot_arb WARNING Entry failed: leg_a_place_failed
08:37:09 robot_arb INFO Z=2.45 (threshold=2.2) — no signal (dup_check=LOCKED)
08:37:37 robot_arb WARNING Account 2049688: <_InactiveRpcError of RPC that terminated with:
	status = StatusCode.UNAUTHENTICATED
	details = "Invalid access key"
	debug_error_string = "UNKNOWN:Error received from peer  {grpc_message:"Invalid access key", grpc_status:16}"
>
08:39:46 robot_arb INFO ⚠️ CHECK_ENTRY returned signal: {'action': 'entry', 'side': 'short_basis', 'z': 2.737300724932346, 'basis': 8814.2, 'price_a': 95.08, 'price_b': 9765.0}
08:39:46 robot_arb INFO ENTRY SIGNAL short_basis | Z=2.74 basis=8814.20 | A=95.08 B=9765.00 | limit buy 10 @ 95.09 | market sell 1 @ 9760.12
08:39:46 orders_arb INFO gRPC sending: limit buy 100 (10 lots) GAZP@MISX acc=2049688 @ 95.09
08:39:46 orders_arb ERROR gRPC order error (GAZP@RTSX buy 10@95.09): code=StatusCode.UNAUTHENTICATED details=Invalid access key
08:39:46 orders_arb WARNING gRPC limit failed, falling back to DP server
08:39:46 orders_arb ERROR Limit order error (GAZP@RTSX buy 10@95.09): no response
08:39:46 robot_arb WARNING Entry failed: leg_a_place_failed
08:39:47 robot_arb INFO Z=2.68 (threshold=2.2) — no signal (dup_check=LOCKED)
08:39:47 robot_arb INFO Z=2.68 (threshold=2.2) — no signal (dup_check=LOCKED)
08:39:48 robot_arb INFO Z=2.63 (threshold=2.2) — no signal (dup_check=LOCKED)
08:39:48 robot_arb INFO ⚠️ CHECK_ENTRY returned signal: {'action': 'entry', 'side': 'short_basis', 'z': 2.630480444060034, 'basis': 8814.2, 'price_a': 95.08, 'price_b': 9765.0}
08:39:48 robot_arb INFO ENTRY SIGNAL short_basis | Z=2.63 basis=8814.20 | A=95.08 B=9765.00 | limit buy 10 @ 95.09 | market sell 1 @ 9760.12
08:39:48 orders_arb INFO gRPC sending: limit buy 100 (10 lots) GAZP@MISX acc=2049688 @ 95.09
08:39:49 orders_arb ERROR gRPC order error (GAZP@RTSX buy 10@95.09): code=StatusCode.UNAUTHENTICATED details=Invalid access key
08:39:49 orders_arb WARNING gRPC limit failed, falling back to DP server
08:39:49 orders_arb ERROR Limit order error (GAZP@RTSX buy 10@95.09): no response
08:39:49 robot_arb WARNING Entry failed: leg_a_place_failed
08:39:49 robot_arb INFO Z=2.58 (threshold=2.2) — no signal (dup_check=LOCKED)
08:39:50 robot_arb INFO Z=2.58 (threshold=2.2) — no signal (dup_check=LOCKED)
08:39:50 robot_arb INFO Z=2.53 (threshold=2.2) — no signal (dup_check=LOCKED)
08:39:51 robot_arb INFO ⚠️ CHECK_ENTRY returned signal: {'action': 'entry', 'side': 'short_basis', 'z': 2.5342119227708557, 'basis': 8814.2, 'price_a': 95.08, 'price_b': 9765.0}
08:39:51 robot_arb INFO ENTRY SIGNAL short_basis | Z=2.53 basis=8814.20 | A=95.08 B=9765.00 | limit buy 10 @ 95.09 | market sell 1 @ 9760.12
08:39:51 orders_arb INFO gRPC sending: limit buy 100 (10 lots) GAZP@MISX acc=2049688 @ 95.09
08:39:51 orders_arb ERROR gRPC order error (GAZP@RTSX buy 10@95.09): code=StatusCode.UNAUTHENTICATED details=Invalid access key
08:39:51 orders_arb WARNING gRPC limit failed, falling back to DP server
08:39:51 orders_arb ERROR Limit order error (GAZP@RTSX buy 10@95.09): no response
08:39:51 robot_arb WARNING Entry failed: leg_a_place_failed
08:39:51 robot_arb INFO Z=2.49 (threshold=2.2) — no signal (dup_check=LOCKED)
08:39:52 robot_arb INFO Z=2.49 (threshold=2.2) — no signal (dup_check=LOCKED)
08:40:04 robot_arb INFO Z=2.04 (threshold=2.2) — no signal (dup_check=False)
08:40:04 robot_arb INFO Z=2.02 (threshold=2.2) — no signal (dup_check=False)
08:40:05 robot_arb INFO Z=2.02 (threshold=2.2) — no signal (dup_check=False)
08:40:09 robot_arb INFO ⚠️ CHECK_ENTRY returned signal: {'action': 'entry', 'side': 'short_basis', 'z': 2.4499701956949, 'basis': 8813.3, 'price_a': 95.07, 'price_b': 9764.0}
08:40:09 robot_arb INFO ENTRY SIGNAL short_basis | Z=2.45 basis=8813.30 | A=95.07 B=9764.00 | limit buy 10 @ 95.07 | market sell 1 @ 9759.12
08:40:09 orders_arb INFO gRPC sending: limit buy 100 (10 lots) GAZP@MISX acc=2049688 @ 95.07
08:40:09 orders_arb ERROR gRPC order error (GAZP@RTSX buy 10@95.07): code=StatusCode.UNAUTHENTICATED details=Invalid access key
08:40:09 orders_arb WARNING gRPC limit failed, falling back to DP server
08:40:09 orders_arb ERROR Limit order error (GAZP@RTSX buy 10@95.07): no response
08:40:09 robot_arb WARNING Entry failed: leg_a_place_failed
08:40:10 robot_arb INFO Z=2.41 (threshold=2.2) — no signal (dup_check=LOCKED)
08:40:10 robot_arb INFO Z=2.41 (threshold=2.2) — no signal (dup_check=LOCKED)
08:40:11 robot_arb INFO Z=2.37 (threshold=2.2) — no signal (dup_check=LOCKED)
08:40:11 robot_arb INFO ⚠️ CHECK_ENTRY returned signal: {'action': 'entry', 'side': 'short_basis', 'z': 2.373586517068133, 'basis': 8813.3, 'price_a': 95.07, 'price_b': 9764.0}
08:40:11 robot_arb INFO ENTRY SIGNAL short_basis | Z=2.37 basis=8813.30 | A=95.07 B=9764.00 | limit buy 10 @ 95.07 | market sell 1 @ 9759.12
08:40:11 orders_arb INFO gRPC sending: limit buy 100 (10 lots) GAZP@MISX acc=2049688 @ 95.07
08:40:11 orders_arb ERROR gRPC order error (GAZP@RTSX buy 10@95.07): code=StatusCode.UNAUTHENTICATED details=Invalid access key
08:40:11 orders_arb WARNING gRPC limit failed, falling back to DP server
08:40:11 orders_arb ERROR Limit order error (GAZP@RTSX buy 10@95.07): no response
08:40:11 robot_arb WARNING Entry failed: leg_a_place_failed
08:40:12 robot_arb INFO Z=2.34 (threshold=2.2) — no signal (dup_check=LOCKED)
08:40:12 robot_arb INFO Z=2.34 (threshold=2.2) — no signal (dup_check=LOCKED)
08:40:13 robot_arb INFO Z=2.30 (threshold=2.2) — no signal (dup_check=LOCKED)
08:40:13 robot_arb INFO ⚠️ CHECK_ENTRY returned signal: {'action': 'entry', 'side': 'short_basis', 'z': 2.3027986598242904, 'basis': 8813.3, 'price_a': 95.07, 'price_b': 9764.0}
08:40:13 robot_arb INFO ENTRY SIGNAL short_basis | Z=2.30 basis=8813.30 | A=95.07 B=9764.00 | limit buy 10 @ 95.07 | market sell 1 @ 9759.12
08:40:13 orders_arb INFO gRPC sending: limit buy 100 (10 lots) GAZP@MISX acc=2049688 @ 95.07
08:40:13 orders_arb ERROR gRPC order error (GAZP@RTSX buy 10@95.07): code=StatusCode.UNAUTHENTICATED details=Invalid access key
08:40:13 orders_arb WARNING gRPC limit failed, falling back to DP server
08:40:13 orders_arb ERROR Limit order error (GAZP@RTSX buy 10@95.07): no response
08:40:13 robot_arb WARNING Entry failed: leg_a_place_failed
08:40:14 robot_arb INFO Z=2.27 (threshold=2.2) — no signal (dup_check=LOCKED)
08:40:14 robot_arb INFO Z=2.27 (threshold=2.2) — no signal (dup_check=LOCKED)
08:40:15 robot_arb INFO Z=3.16 (threshold=2.2) — no signal (dup_check=LOCKED)
08:40:32 robot_arb INFO ⚠️ CHECK_ENTRY returned signal: {'action': 'entry', 'side': 'short_basis', 'z': 3.029321660281895, 'basis': 8810.8, 'price_a': 95.02, 'price_b': 9761.0}
08:40:32 robot_arb INFO ENTRY SIGNAL short_basis | Z=3.03 basis=8810.80 | A=95.02 B=9761.00 | limit buy 10 @ 95.01 | market sell 1 @ 9756.12
08:40:32 orders_arb INFO gRPC sending: limit buy 100 (10 lots) GAZP@MISX acc=2049688 @ 95.01
08:40:32 orders_arb ERROR gRPC order error (GAZP@RTSX buy 10@95.01): code=StatusCode.UNAUTHENTICATED details=Invalid access key
08:40:32 orders_arb WARNING gRPC limit failed, falling back to DP server
08:40:32 orders_arb ERROR Limit order error (GAZP@RTSX buy 10@95.01): no response
08:40:32 robot_arb WARNING Entry failed: leg_a_place_failed
08:40:33 robot_arb INFO Z=2.95 (threshold=2.2) — no signal (dup_check=LOCKED)
08:40:39 robot_arb INFO ⚠️ CHECK_ENTRY returned signal: {'action': 'entry', 'side': 'short_basis', 'z': 5.4273325582018686, 'basis': 8808.7, 'price_a': 94.93, 'price_b': 9758.0}
08:40:39 robot_arb INFO ENTRY SIGNAL short_basis | Z=5.43 basis=8808.70 | A=94.93 B=9758.00 | limit buy 10 @ 94.94 | market sell 1 @ 9753.12
08:40:39 orders_arb INFO gRPC sending: limit buy 100 (10 lots) GAZP@MISX acc=2049688 @ 94.94
08:40:39 orders_arb ERROR gRPC order error (GAZP@RTSX buy 10@94.94): code=StatusCode.UNAUTHENTICATED details=Invalid access key
08:40:39 orders_arb WARNING gRPC limit failed, falling back to DP server
08:40:40 orders_arb ERROR Limit order error (GAZP@RTSX buy 10@94.94): no response
08:40:40 robot_arb WARNING Entry failed: leg_a_place_failed
08:44:51 robot_arb INFO ⚠️ CHECK_ENTRY returned signal: {'action': 'entry', 'side': 'short_basis', 'z': 2.7366103821606105, 'basis': 8805.2, 'price_a': 94.98, 'price_b': 9755.0}
08:44:51 robot_arb INFO ENTRY SIGNAL short_basis | Z=2.74 basis=8805.20 | A=94.98 B=9755.00 | limit buy 10 @ 95.00 | market sell 1 @ 9750.12
08:44:51 orders_arb INFO gRPC sending: limit buy 100 (10 lots) GAZP@MISX acc=2049688 @ 95.0
08:44:51 orders_arb ERROR gRPC order error (GAZP@RTSX buy 10@95.0): code=StatusCode.UNAUTHENTICATED details=Invalid access key
08:44:51 orders_arb WARNING gRPC limit failed, falling back to DP server
08:44:52 orders_arb ERROR Limit order error (GAZP@RTSX buy 10@95.0): no response
08:44:52 robot_arb WARNING Entry failed: leg_a_place_failed
08:44:52 robot_arb INFO Z=2.67 (threshold=2.2) — no signal (dup_check=LOCKED)
08:44:53 robot_arb INFO Z=2.67 (threshold=2.2) — no signal (dup_check=LOCKED)
08:44:53 robot_arb INFO Z=2.61 (threshold=2.2) — no signal (dup_check=LOCKED)
08:44:54 robot_arb INFO ⚠️ CHECK_ENTRY returned signal: {'action': 'entry', 'side': 'short_basis', 'z': 2.612431222359305, 'basis': 8805.2, 'price_a': 94.98, 'price_b': 9755.0}
08:44:54 robot_arb INFO ENTRY SIGNAL short_basis | Z=2.61 basis=8805.20 | A=94.98 B=9755.00 | limit buy 10 @ 95.00 | market sell 1 @ 9750.12
08:44:54 orders_arb INFO gRPC sending: limit buy 100 (10 lots) GAZP@MISX acc=2049688 @ 95.0
08:44:54 orders_arb ERROR gRPC order error (GAZP@RTSX buy 10@95.0): code=StatusCode.UNAUTHENTICATED details=Invalid access key
08:44:54 orders_arb WARNING gRPC limit failed, falling back to DP server
08:44:54 orders_arb ERROR Limit order error (GAZP@RTSX buy 10@95.0): no response
08:44:54 robot_arb WARNING Entry failed: leg_a_place_failed
08:44:54 robot_arb INFO Z=2.56 (threshold=2.2) — no signal (dup_check=LOCKED)
08:44:55 robot_arb INFO Z=2.56 (threshold=2.2) — no signal (dup_check=LOCKED)
08:44:55 robot_arb INFO Z=2.50 (threshold=2.2) — no signal (dup_check=LOCKED)
08:44:56 robot_arb INFO ⚠️ CHECK_ENTRY returned signal: {'action': 'entry', 'side': 'short_basis', 'z': 2.5046182957616403, 'basis': 8805.2, 'price_a': 94.98, 'price_b': 9755.0}
08:44:56 robot_arb INFO ENTRY SIGNAL short_basis | Z=2.50 basis=8805.20 | A=94.98 B=9755.00 | limit buy 10 @ 95.00 | market sell 1 @ 9750.12
08:44:56 orders_arb INFO gRPC sending: limit buy 100 (10 lots) GAZP@MISX acc=2049688 @ 95.0
08:44:56 orders_arb ERROR gRPC order error (GAZP@RTSX buy 10@95.0): code=StatusCode.UNAUTHENTICATED details=Invalid access key
08:44:56 orders_arb WARNING gRPC limit failed, falling back to DP server
08:44:56 orders_arb ERROR Limit order error (GAZP@RTSX buy 10@95.0): no response
08:44:56 robot_arb WARNING Entry failed: leg_a_place_failed
08:44:57 robot_arb INFO Z=2.46 (threshold=2.2) — no signal (dup_check=LOCKED)
08:44:57 robot_arb INFO Z=2.46 (threshold=2.2) — no signal (dup_check=LOCKED)
08:44:58 robot_arb INFO Z=2.41 (threshold=2.2) — no signal (dup_check=LOCKED)
08:45:03 robot_arb INFO ⚠️ CHECK_ENTRY returned signal: {'action': 'entry', 'side': 'short_basis', 'z': 2.4130961525920753, 'basis': 8804.3, 'price_a': 94.97, 'price_b': 9754.0}
08:45:03 robot_arb INFO ENTRY SIGNAL short_basis | Z=2.41 basis=8804.30 | A=94.97 B=9754.00 | limit buy 10 @ 94.97 | market sell 1 @ 9749.12
08:45:03 orders_arb INFO gRPC sending: limit buy 100 (10 lots) GAZP@MISX acc=2049688 @ 94.97
08:45:03 orders_arb ERROR gRPC order error (GAZP@RTSX buy 10@94.97): code=StatusCode.UNAUTHENTICATED details=Invalid access key
08:45:03 orders_arb WARNING gRPC limit failed, falling back to DP server
08:45:03 orders_arb ERROR Limit order error (GAZP@RTSX buy 10@94.97): no response
08:45:03 robot_arb WARNING Entry failed: leg_a_place_failed
08:45:04 robot_arb INFO Z=2.37 (threshold=2.2) — no signal (dup_check=LOCKED)
08:45:04 robot_arb INFO Z=2.37 (threshold=2.2) — no signal (dup_check=LOCKED)
08:45:05 robot_arb INFO Z=2.32 (threshold=2.2) — no signal (dup_check=LOCKED)
08:45:05 robot_arb INFO ⚠️ CHECK_ENTRY returned signal: {'action': 'entry', 'side': 'short_basis', 'z': 2.321040772798276, 'basis': 8804.3, 'price_a': 94.97, 'price_b': 9754.0}
08:45:05 robot_arb INFO ENTRY SIGNAL short_basis | Z=2.32 basis=8804.30 | A=94.97 B=9754.00 | limit buy 10 @ 94.97 | market sell 1 @ 9749.12
08:45:05 orders_arb INFO gRPC sending: limit buy 100 (10 lots) GAZP@MISX acc=2049688 @ 94.97
08:45:05 orders_arb ERROR gRPC order error (GAZP@RTSX buy 10@94.97): code=StatusCode.UNAUTHENTICATED details=Invalid access key
08:45:05 orders_arb WARNING gRPC limit failed, falling back to DP server
08:45:05 orders_arb ERROR Limit order error (GAZP@RTSX buy 10@94.97): no response
08:45:05 robot_arb WARNING Entry failed: leg_a_place_failed
08:45:06 robot_arb INFO Z=2.28 (threshold=2.2) — no signal (dup_check=LOCKED)
08:45:06 robot_arb INFO Z=2.28 (threshold=2.2) — no signal (dup_check=LOCKED)
08:45:07 robot_arb INFO Z=2.88 (threshold=2.2) — no signal (dup_check=LOCKED)
08:45:07 robot_arb INFO ⚠️ CHECK_ENTRY returned signal: {'action': 'entry', 'side': 'short_basis', 'z': 2.879572460022274, 'basis': 8805.3, 'price_a': 94.97, 'price_b': 9755.0}
08:45:07 robot_arb INFO ENTRY SIGNAL short_basis | Z=2.88 basis=8805.30 | A=94.97 B=9755.00 | limit buy 10 @ 94.97 | market sell 1 @ 9750.12
08:45:07 orders_arb INFO gRPC sending: limit buy 100 (10 lots) GAZP@MISX acc=2049688 @ 94.97
08:45:07 orders_arb ERROR gRPC order error (GAZP@RTSX buy 10@94.97): code=StatusCode.UNAUTHENTICATED details=Invalid access key
08:45:07 orders_arb WARNING gRPC limit failed, falling back to DP server
08:45:07 orders_arb ERROR Limit order error (GAZP@RTSX buy 10@94.97): no response
08:45:07 robot_arb WARNING Entry failed: leg_a_place_failed
08:45:08 robot_arb INFO Z=2.81 (threshold=2.2) — no signal (dup_check=LOCKED)
08:45:08 robot_arb INFO Z=2.81 (threshold=2.2) — no signal (dup_check=LOCKED)
08:45:09 robot_arb INFO Z=2.74 (threshold=2.2) — no signal (dup_check=LOCKED)
08:45:09 robot_arb INFO ⚠️ CHECK_ENTRY returned signal: {'action': 'entry', 'side': 'short_basis', 'z': 2.7390913150128884, 'basis': 8805.3, 'price_a': 94.97, 'price_b': 9755.0}
08:45:09 robot_arb INFO ENTRY SIGNAL short_basis | Z=2.74 basis=8805.30 | A=94.97 B=9755.00 | limit buy 10 @ 94.97 | market sell 1 @ 9750.12
08:45:09 orders_arb INFO gRPC sending: limit buy 100 (10 lots) GAZP@MISX acc=2049688 @ 94.97
08:45:10 orders_arb ERROR gRPC order error (GAZP@RTSX buy 10@94.97): code=StatusCode.UNAUTHENTICATED details=Invalid access key
08:45:10 orders_arb WARNING gRPC limit failed, falling back to DP server
08:45:10 orders_arb ERROR Limit order error (GAZP@RTSX buy 10@94.97): no response
08:45:10 robot_arb WARNING Entry failed: leg_a_place_failed
08:45:10 robot_arb INFO Z=2.68 (threshold=2.2) — no signal (dup_check=LOCKED)
08:45:11 robot_arb INFO Z=2.68 (threshold=2.2) — no signal (dup_check=LOCKED)
08:45:11 robot_arb INFO Z=2.61 (threshold=2.2) — no signal (dup_check=LOCKED)
08:45:12 robot_arb INFO ⚠️ CHECK_ENTRY returned signal: {'action': 'entry', 'side': 'short_basis', 'z': 2.6147502226474737, 'basis': 8805.3, 'price_a': 94.97, 'price_b': 9755.0}
08:45:12 robot_arb INFO ENTRY SIGNAL short_basis | Z=2.61 basis=8805.30 | A=94.97 B=9755.00 | limit buy 10 @ 94.97 | market sell 1 @ 9750.12
08:45:12 orders_arb INFO gRPC sending: limit buy 100 (10 lots) GAZP@MISX acc=2049688 @ 94.97
08:45:12 orders_arb ERROR gRPC order error (GAZP@RTSX buy 10@94.97): code=StatusCode.UNAUTHENTICATED details=Invalid access key
08:45:12 orders_arb WARNING gRPC limit failed, falling back to DP server
08:45:12 orders_arb ERROR Limit order error (GAZP@RTSX buy 10@94.97): no response
08:45:12 robot_arb WARNING Entry failed: leg_a_place_failed
08:45:12 robot_arb INFO Z=2.56 (threshold=2.2) — no signal (dup_check=LOCKED)
08:45:13 robot_arb INFO Z=2.56 (threshold=2.2) — no signal (dup_check=LOCKED)
08:45:13 robot_arb INFO Z=2.50 (threshold=2.2) — no signal (dup_check=LOCKED)
08:45:14 robot_arb INFO ⚠️ CHECK_ENTRY returned signal: {'action': 'entry', 'side': 'short_basis', 'z': 2.5035775808058776, 'basis': 8805.3, 'price_a': 94.97, 'price_b': 9755.0}
08:45:14 robot_arb INFO ENTRY SIGNAL short_basis | Z=2.50 basis=8805.30 | A=94.97 B=9755.00 | limit buy 10 @ 94.97 | market sell 1 @ 9750.12
08:45:14 orders_arb INFO gRPC sending: limit buy 100 (10 lots) GAZP@MISX acc=2049688 @ 94.97
08:45:14 orders_arb ERROR gRPC order error (GAZP@RTSX buy 10@94.97): code=StatusCode.UNAUTHENTICATED details=Invalid access key
08:45:14 orders_arb WARNING gRPC limit failed, falling back to DP server
08:45:14 orders_arb ERROR Limit order error (GAZP@RTSX buy 10@94.97): no response
08:45:14 robot_arb WARNING Entry failed: leg_a_place_failed
08:45:14 robot_arb INFO Z=2.45 (threshold=2.2) — no signal (dup_check=LOCKED)
08:45:15 robot_arb INFO Z=2.45 (threshold=2.2) — no signal (dup_check=LOCKED)
08:45:15 robot_arb INFO Z=2.40 (threshold=2.2) — no signal (dup_check=LOCKED)
08:45:16 robot_arb INFO ⚠️ CHECK_ENTRY returned signal: {'action': 'entry', 'side': 'short_basis', 'z': 2.403316537255668, 'basis': 8805.3, 'price_a': 94.97, 'price_b': 9755.0}
08:45:16 robot_arb INFO ENTRY SIGNAL short_basis | Z=2.40 basis=8805.30 | A=94.97 B=9755.00 | limit buy 10 @ 94.97 | market sell 1 @ 9750.12
08:45:16 orders_arb INFO gRPC sending: limit buy 100 (10 lots) GAZP@MISX acc=2049688 @ 94.97
08:45:16 orders_arb ERROR gRPC order error (GAZP@RTSX buy 10@94.97): code=StatusCode.UNAUTHENTICATED details=Invalid access key
08:45:16 orders_arb WARNING gRPC limit failed, falling back to DP server
08:45:16 orders_arb ERROR Limit order error (GAZP@RTSX buy 10@94.97): no response
08:45:16 robot_arb WARNING Entry failed: leg_a_place_failed
08:45:16 robot_arb INFO Z=2.36 (threshold=2.2) — no signal (dup_check=LOCKED)
08:45:17 robot_arb INFO Z=2.36 (threshold=2.2) — no signal (dup_check=LOCKED)
08:45:17 robot_arb INFO Z=2.32 (threshold=2.2) — no signal (dup_check=LOCKED)
08:45:18 robot_arb INFO ⚠️ CHECK_ENTRY returned signal: {'action': 'entry', 'side': 'short_basis', 'z': 2.3171800799114224, 'basis': 8805.3, 'price_a': 94.97, 'price_b': 9755.0}
08:45:18 robot_arb INFO ENTRY SIGNAL short_basis | Z=2.32 basis=8805.30 | A=94.97 B=9755.00 | limit buy 10 @ 94.97 | market sell 1 @ 9750.12
08:45:18 orders_arb INFO gRPC sending: limit buy 100 (10 lots) GAZP@MISX acc=2049688 @ 94.97
08:45:18 orders_arb ERROR gRPC order error (GAZP@RTSX buy 10@94.97): code=StatusCode.UNAUTHENTICATED details=Invalid access key
08:45:18 orders_arb WARNING gRPC limit failed, falling back to DP server
08:45:18 orders_arb ERROR Limit order error (GAZP@RTSX buy 10@94.97): no response
08:45:18 robot_arb WARNING Entry failed: leg_a_place_failed
08:45:18 robot_arb INFO Z=2.28 (threshold=2.2) — no signal (dup_check=LOCKED)
08:45:19 robot_arb INFO Z=2.28 (threshold=2.2) — no signal (dup_check=LOCKED)
08:45:20 robot_arb INFO Z=2.24 (threshold=2.2) — no signal (dup_check=LOCKED)
08:45:20 robot_arb INFO ⚠️ CHECK_ENTRY returned signal: {'action': 'entry', 'side': 'short_basis', 'z': 2.238198607643828, 'basis': 8805.3, 'price_a': 94.97, 'price_b': 9755.0}
08:45:20 robot_arb INFO ENTRY SIGNAL short_basis | Z=2.24 basis=8805.30 | A=94.97 B=9755.00 | limit buy 10 @ 94.97 | market sell 1 @ 9750.12
08:45:20 orders_arb INFO gRPC sending: limit buy 100 (10 lots) GAZP@MISX acc=2049688 @ 94.97
08:45:20 orders_arb ERROR gRPC order error (GAZP@RTSX buy 10@94.97): code=StatusCode.UNAUTHENTICATED details=Invalid access key
08:45:20 orders_arb WARNING gRPC limit failed, falling back to DP server
08:45:20 orders_arb ERROR Limit order error (GAZP@RTSX buy 10@94.97): no response
08:45:20 robot_arb WARNING Entry failed: leg_a_place_failed
08:45:21 robot_arb INFO Z=2.20 (threshold=2.2) — no signal (dup_check=LOCKED)
08:45:21 robot_arb INFO Z=2.20 (threshold=2.2) — no signal (dup_check=LOCKED)
08:45:22 robot_arb INFO Z=2.16 (threshold=2.2) — no signal (dup_check=LOCKED)
08:45:22 robot_arb INFO Z=2.16 (threshold=2.2) — no signal (dup_check=False)
08:45:23 robot_arb INFO Z=2.13 (threshold=2.2) — no signal (dup_check=False)
08:45:23 robot_arb INFO Z=2.13 (threshold=2.2) — no signal (dup_check=False)
08:45:24 robot_arb INFO Z=2.09 (threshold=2.2) — no signal (dup_check=False)
08:45:24 robot_arb INFO Z=2.09 (threshold=2.2) — no signal (dup_check=False)
08:45:25 robot_arb INFO Z=2.06 (threshold=2.2) — no signal (dup_check=False)
08:45:25 robot_arb INFO Z=2.06 (threshold=2.2) — no signal (dup_check=False)
08:45:26 robot_arb INFO Z=2.03 (threshold=2.2) — no signal (dup_check=False)
08:45:26 robot_arb INFO Z=2.03 (threshold=2.2) — no signal (dup_check=False)
08:47:01 robot_arb WARNING Account 2049688: <_InactiveRpcError of RPC that terminated with:
	status = StatusCode.UNAUTHENTICATED
	details = "Invalid access key"
	debug_error_string = "UNKNOWN:Error received from peer  {grpc_message:"Invalid access key", grpc_status:16}"
>
08:47:08 robot_arb WARNING POST /account received: {'account': '2049688'}
08:47:08 robot_arb INFO Account changed → 2049688
08:47:08 robot_arb INFO Param updated: ticker_a = GAZP (was GAZP)
08:47:08 robot_arb INFO Param updated: symbol_a = GAZP@RTSX (was GAZP@RTSX)
08:47:08 robot_arb INFO Param updated: ticker_b = GZU6 (was GZU6)
08:47:08 robot_arb INFO Param updated: symbol_b = GZU6@RTSX (was GZU6@RTSX)
08:47:08 robot_arb INFO Param updated: lots_a = 10 (was 10)
08:47:08 robot_arb INFO Param updated: lots_b = 1 (was 1)
08:47:08 robot_arb INFO Param updated: hedge_ratio = 10 (was 10)
08:47:08 robot_arb INFO Param updated: capital = 20000 (was 20000)
08:47:08 robot_arb INFO Param updated: entry_z = 2.2 (was 2.2)
08:47:08 robot_arb INFO Param updated: entry_z_long = -6.1 (was -6.1)
08:47:08 robot_arb INFO Param updated: entry_mode = zscore (was zscore)
08:47:08 robot_arb INFO Param updated: spread_rub_high = 400 (was 400)
08:47:08 robot_arb INFO Param updated: spread_rub_low = 200 (was 200)
08:47:08 robot_arb INFO Param updated: risk_free_rate = 0.1425 (was 0.1425)
08:47:08 robot_arb INFO Param updated: expiration_date = 2026-09-18 (was 2026-09-18)
08:47:08 robot_arb INFO Param updated: contract_size = 100 (was 100)
08:47:08 robot_arb INFO Param updated: lookback = 200 (was 200)
08:47:08 robot_arb INFO Param updated: leg_a_timeout = 5 (was 5)
08:47:08 robot_arb INFO Param updated: min_fill_ratio = 0.5 (was 0.5)
08:47:08 robot_arb INFO Param updated: min_profit_type = rub (was rub)
08:47:08 robot_arb INFO Param updated: min_profit_value = 25 (was 25)
08:47:08 robot_arb INFO Param updated: risk_type = stop_loss_rub (was stop_loss_rub)
08:47:08 robot_arb INFO Param updated: risk_value = 50000 (was 50000)
08:47:08 robot_arb INFO Param updated: allow_long_basis = False (was False)
08:47:08 robot_arb INFO Param updated: use_commission = True (was True)
08:47:08 robot_arb INFO Param updated: commission_stock_pct = 0.035 (was 0.035)
08:47:08 robot_arb INFO Param updated: commission_futures_rt = 0.9 (was 0.9)
08:49:51 robot_arb WARNING Account 2049688: <_InactiveRpcError of RPC that terminated with:
	status = StatusCode.UNAUTHENTICATED
	details = "Invalid access key"
	debug_error_string = "UNKNOWN:Error received from peer  {grpc_status:16, grpc_message:"Invalid access key"}"
>
08:50:53 robot_arb WARNING Account 2049688: <_InactiveRpcError of RPC that terminated with:
	status = StatusCode.UNAUTHENTICATED
	details = "Invalid access key"
	debug_error_string = "UNKNOWN:Error received from peer  {grpc_status:16, grpc_message:"Invalid access key"}"
>
08:54:35 robot_arb WARNING Account 2049688: <_InactiveRpcError of RPC that terminated with:
	status = StatusCode.UNAUTHENTICATED
	details = "Invalid access key"
	debug_error_string = "UNKNOWN:Error received from peer  {grpc_message:"Invalid access key", grpc_status:16}"
>
08:54:38 robot_arb WARNING POST /account received: {'account': '2049688'}
08:54:38 robot_arb INFO Account changed → 2049688
08:54:39 robot_arb INFO Param updated: ticker_a = GAZP (was GAZP)
08:54:39 robot_arb INFO Param updated: symbol_a = GAZP@RTSX (was GAZP@RTSX)
08:54:39 robot_arb INFO Param updated: ticker_b = GZU6 (was GZU6)
08:54:39 robot_arb INFO Param updated: symbol_b = GZU6@RTSX (was GZU6@RTSX)
08:54:39 robot_arb INFO Param updated: lots_a = 10 (was 10)
08:54:39 robot_arb INFO Param updated: lots_b = 1 (was 1)
08:54:39 robot_arb INFO Param updated: hedge_ratio = 10 (was 10)
08:54:39 robot_arb INFO Param updated: capital = 20000 (was 20000)
08:54:39 robot_arb INFO Param updated: entry_z = 2.2 (was 2.2)
08:54:39 robot_arb INFO Param updated: entry_z_long = -6.1 (was -6.1)
08:54:39 robot_arb INFO Param updated: entry_mode = zscore (was zscore)
08:54:39 robot_arb INFO Param updated: spread_rub_high = 400 (was 400)
08:54:39 robot_arb INFO Param updated: spread_rub_low = 200 (was 200)
08:54:39 robot_arb INFO Param updated: risk_free_rate = 0.1425 (was 0.1425)
08:54:39 robot_arb INFO Param updated: expiration_date = 2026-09-18 (was 2026-09-18)
08:54:39 robot_arb INFO Param updated: contract_size = 100 (was 100)
08:54:39 robot_arb INFO Param updated: lookback = 200 (was 200)
08:54:39 robot_arb INFO Param updated: leg_a_timeout = 5 (was 5)
08:54:39 robot_arb INFO Param updated: min_fill_ratio = 0.5 (was 0.5)
08:54:39 robot_arb INFO Param updated: min_profit_type = rub (was rub)
08:54:39 robot_arb INFO Param updated: min_profit_value = 25 (was 25)
08:54:39 robot_arb INFO Param updated: risk_type = stop_loss_rub (was stop_loss_rub)
08:54:39 robot_arb INFO Param updated: risk_value = 50000 (was 50000)
08:54:39 robot_arb INFO Param updated: allow_long_basis = False (was False)
08:54:39 robot_arb INFO Param updated: use_commission = True (was True)
08:54:39 robot_arb INFO Param updated: commission_stock_pct = 0.035 (was 0.035)
08:54:39 robot_arb INFO Param updated: commission_futures_rt = 0.9 (was 0.9)
08:54:41 robot_arb WARNING POST /account received: {'account': '2049688'}
08:54:41 robot_arb INFO Account changed → 2049688
08:54:41 robot_arb INFO Param updated: ticker_a = GAZP (was GAZP)
08:54:41 robot_arb INFO Param updated: symbol_a = GAZP@RTSX (was GAZP@RTSX)
08:54:41 robot_arb INFO Param updated: ticker_b = GZU6 (was GZU6)
08:54:41 robot_arb INFO Param updated: symbol_b = GZU6@RTSX (was GZU6@RTSX)
08:54:41 robot_arb INFO Param updated: lots_a = 10 (was 10)
08:54:41 robot_arb INFO Param updated: lots_b = 1 (was 1)
08:54:41 robot_arb INFO Param updated: hedge_ratio = 10 (was 10)
08:54:41 robot_arb INFO Param updated: capital = 20000 (was 20000)
08:54:41 robot_arb INFO Param updated: entry_z = 2.1 (was 2.2)
08:54:41 robot_arb INFO Param updated: entry_z_long = -6.1 (was -6.1)
08:54:41 robot_arb INFO Param updated: entry_mode = zscore (was zscore)
08:54:41 robot_arb INFO Param updated: spread_rub_high = 400 (was 400)
08:54:41 robot_arb INFO Param updated: spread_rub_low = 200 (was 200)
08:54:41 robot_arb INFO Param updated: risk_free_rate = 0.1425 (was 0.1425)
08:54:41 robot_arb INFO Param updated: expiration_date = 2026-09-18 (was 2026-09-18)
08:54:41 robot_arb INFO Param updated: contract_size = 100 (was 100)
08:54:41 robot_arb INFO Param updated: lookback = 200 (was 200)
08:54:41 robot_arb INFO Param updated: leg_a_timeout = 5 (was 5)
08:54:41 robot_arb INFO Param updated: min_fill_ratio = 0.5 (was 0.5)
08:54:41 robot_arb INFO Param updated: min_profit_type = rub (was rub)
08:54:41 robot_arb INFO Param updated: min_profit_value = 25 (was 25)
08:54:41 robot_arb INFO Param updated: risk_type = stop_loss_rub (was stop_loss_rub)
08:54:41 robot_arb INFO Param updated: risk_value = 50000 (was 50000)
08:54:41 robot_arb INFO Param updated: allow_long_basis = False (was False)
08:54:41 robot_arb INFO Param updated: use_commission = True (was True)
08:54:41 robot_arb INFO Param updated: commission_stock_pct = 0.035 (was 0.035)
08:54:41 robot_arb INFO Param updated: commission_futures_rt = 0.9 (was 0.9)
08:57:29 robot_arb INFO ⚠️ CHECK_ENTRY returned signal: {'action': 'entry', 'side': 'short_basis', 'z': 2.118239619855946, 'basis': 8807.7, 'price_a': 95.03, 'price_b': 9758.0}
08:57:29 robot_arb INFO ENTRY SIGNAL short_basis | Z=2.12 basis=8807.70 | A=95.03 B=9758.00 | limit buy 10 @ 95.04 | market sell 1 @ 9753.12
08:57:29 orders_arb INFO gRPC sending: limit buy 100 (10 lots) GAZP@MISX acc=2049688 @ 95.04
08:57:29 orders_arb ERROR gRPC order error (GAZP@RTSX buy 10@95.04): code=StatusCode.UNAUTHENTICATED details=Invalid access key
08:57:29 orders_arb WARNING gRPC limit failed, falling back to DP server
08:57:29 orders_arb ERROR Limit order error (GAZP@RTSX buy 10@95.04): no response
08:57:29 robot_arb WARNING Entry failed: leg_a_place_failed
08:57:29 robot_arb INFO Z=2.13 (threshold=2.1) — no signal (dup_check=LOCKED)
08:57:30 robot_arb INFO Z=2.13 (threshold=2.1) — no signal (dup_check=LOCKED)
08:57:30 robot_arb INFO Z=2.15 (threshold=2.1) — no signal (dup_check=LOCKED)
08:57:31 robot_arb INFO ⚠️ CHECK_ENTRY returned signal: {'action': 'entry', 'side': 'short_basis', 'z': 2.1512036399407246, 'basis': 8807.7, 'price_a': 95.03, 'price_b': 9758.0}
08:57:31 robot_arb INFO ENTRY SIGNAL short_basis | Z=2.15 basis=8807.70 | A=95.03 B=9758.00 | limit buy 10 @ 95.04 | market sell 1 @ 9753.12
08:57:31 orders_arb INFO gRPC sending: limit buy 100 (10 lots) GAZP@MISX acc=2049688 @ 95.04
08:57:31 orders_arb ERROR gRPC order error (GAZP@RTSX buy 10@95.04): code=StatusCode.UNAUTHENTICATED details=Invalid access key
08:57:31 orders_arb WARNING gRPC limit failed, falling back to DP server
08:57:31 orders_arb ERROR Limit order error (GAZP@RTSX buy 10@95.04): no response
08:57:31 robot_arb WARNING Entry failed: leg_a_place_failed
08:57:32 robot_arb INFO Z=2.17 (threshold=2.1) — no signal (dup_check=LOCKED)
08:57:32 robot_arb INFO Z=2.17 (threshold=2.1) — no signal (dup_check=LOCKED)
08:57:33 robot_arb INFO Z=2.19 (threshold=2.1) — no signal (dup_check=LOCKED)
08:57:33 robot_arb INFO ⚠️ CHECK_ENTRY returned signal: {'action': 'entry', 'side': 'short_basis', 'z': 2.18548180709589, 'basis': 8807.7, 'price_a': 95.03, 'price_b': 9758.0}
08:57:33 robot_arb INFO ENTRY SIGNAL short_basis | Z=2.19 basis=8807.70 | A=95.03 B=9758.00 | limit buy 10 @ 95.04 | market sell 1 @ 9753.12
08:57:33 orders_arb INFO gRPC sending: limit buy 100 (10 lots) GAZP@MISX acc=2049688 @ 95.04
08:57:33 orders_arb ERROR gRPC order error (GAZP@RTSX buy 10@95.04): code=StatusCode.UNAUTHENTICATED details=Invalid access key
08:57:33 orders_arb WARNING gRPC limit failed, falling back to DP server
08:57:33 orders_arb ERROR Limit order error (GAZP@RTSX buy 10@95.04): no response
08:57:33 robot_arb WARNING Entry failed: leg_a_place_failed
08:57:34 robot_arb INFO Z=2.20 (threshold=2.1) — no signal (dup_check=LOCKED)
08:57:34 robot_arb INFO Z=2.20 (threshold=2.1) — no signal (dup_check=LOCKED)
08:57:39 robot_arb INFO Z=1.98 (threshold=2.1) — no signal (dup_check=False)
08:57:39 robot_arb INFO Z=1.98 (threshold=2.1) — no signal (dup_check=False)
08:57:40 robot_arb INFO Z=2.08 (threshold=2.1) — no signal (dup_check=False)
08:57:40 robot_arb INFO Z=2.08 (threshold=2.1) — no signal (dup_check=False)
08:57:41 robot_arb INFO ⚠️ CHECK_ENTRY returned signal: {'action': 'entry', 'side': 'short_basis', 'z': 2.1990825582052476, 'basis': 8809.4, 'price_a': 95.06, 'price_b': 9760.0}
08:57:41 robot_arb INFO ENTRY SIGNAL short_basis | Z=2.20 basis=8809.40 | A=95.06 B=9760.00 | limit buy 10 @ 95.06 | market sell 1 @ 9755.12
08:57:41 orders_arb INFO gRPC sending: limit buy 100 (10 lots) GAZP@MISX acc=2049688 @ 95.06
08:57:41 orders_arb ERROR gRPC order error (GAZP@RTSX buy 10@95.06): code=StatusCode.UNAUTHENTICATED details=Invalid access key
08:57:41 orders_arb WARNING gRPC limit failed, falling back to DP server
08:57:41 orders_arb ERROR Limit order error (GAZP@RTSX buy 10@95.06): no response
08:57:41 robot_arb WARNING Entry failed: leg_a_place_failed
08:57:41 robot_arb INFO Z=2.20 (threshold=2.1) — no signal (dup_check=LOCKED)
08:57:42 robot_arb INFO Z=2.34 (threshold=2.1) — no signal (dup_check=LOCKED)
08:57:42 robot_arb INFO Z=3.08 (threshold=2.1) — no signal (dup_check=LOCKED)
08:57:43 robot_arb INFO ⚠️ CHECK_ENTRY returned signal: {'action': 'entry', 'side': 'short_basis', 'z': 3.0016722752748675, 'basis': 8809.5, 'price_a': 95.05, 'price_b': 9760.0}
08:57:43 robot_arb INFO ENTRY SIGNAL short_basis | Z=3.00 basis=8809.50 | A=95.05 B=9760.00 | limit buy 10 @ 95.06 | market sell 1 @ 9755.12
08:57:43 orders_arb INFO gRPC sending: limit buy 100 (10 lots) GAZP@MISX acc=2049688 @ 95.06
08:57:43 orders_arb ERROR gRPC order error (GAZP@RTSX buy 10@95.06): code=StatusCode.UNAUTHENTICATED details=Invalid access key
08:57:43 orders_arb WARNING gRPC limit failed, falling back to DP server
08:57:43 orders_arb ERROR Limit order error (GAZP@RTSX buy 10@95.06): no response
08:57:43 robot_arb WARNING Entry failed: leg_a_place_failed
08:57:43 robot_arb INFO Z=3.00 (threshold=2.1) — no signal (dup_check=LOCKED)
08:57:44 robot_arb INFO Z=2.93 (threshold=2.1) — no signal (dup_check=LOCKED)
08:57:44 robot_arb INFO Z=2.93 (threshold=2.1) — no signal (dup_check=LOCKED)
08:57:45 robot_arb INFO ⚠️ CHECK_ENTRY returned signal: {'action': 'entry', 'side': 'short_basis', 'z': 2.855913118473531, 'basis': 8809.5, 'price_a': 95.05, 'price_b': 9760.0}
08:57:45 robot_arb INFO ENTRY SIGNAL short_basis | Z=2.86 basis=8809.50 | A=95.05 B=9760.00 | limit buy 10 @ 95.06 | market sell 1 @ 9755.12
08:57:45 orders_arb INFO gRPC sending: limit buy 100 (10 lots) GAZP@MISX acc=2049688 @ 95.06
08:57:45 orders_arb ERROR gRPC order error (GAZP@RTSX buy 10@95.06): code=StatusCode.UNAUTHENTICATED details=Invalid access key
08:57:45 orders_arb WARNING gRPC limit failed, falling back to DP server
08:57:45 orders_arb ERROR Limit order error (GAZP@RTSX buy 10@95.06): no response
08:57:45 robot_arb WARNING Entry failed: leg_a_place_failed
08:57:45 robot_arb INFO Z=2.86 (threshold=2.1) — no signal (dup_check=LOCKED)
08:57:46 robot_arb INFO Z=2.79 (threshold=2.1) — no signal (dup_check=LOCKED)
08:57:46 robot_arb INFO Z=2.79 (threshold=2.1) — no signal (dup_check=LOCKED)
08:57:47 robot_arb INFO ⚠️ CHECK_ENTRY returned signal: {'action': 'entry', 'side': 'short_basis', 'z': 2.720328017083222, 'basis': 8809.5, 'price_a': 95.05, 'price_b': 9760.0}
08:57:47 robot_arb INFO ENTRY SIGNAL short_basis | Z=2.72 basis=8809.50 | A=95.05 B=9760.00 | limit buy 10 @ 95.06 | market sell 1 @ 9755.12
08:57:47 orders_arb INFO gRPC sending: limit buy 100 (10 lots) GAZP@MISX acc=2049688 @ 95.06
08:57:47 orders_arb ERROR gRPC order error (GAZP@RTSX buy 10@95.06): code=StatusCode.UNAUTHENTICATED details=Invalid access key
08:57:47 orders_arb WARNING gRPC limit failed, falling back to DP server
08:57:47 orders_arb ERROR Limit order error (GAZP@RTSX buy 10@95.06): no response
08:57:47 robot_arb WARNING Entry failed: leg_a_place_failed
08:57:48 robot_arb INFO Z=2.05 (threshold=2.1) — no signal (dup_check=LOCKED)
08:57:48 robot_arb INFO Z=2.02 (threshold=2.1) — no signal (dup_check=LOCKED)
08:57:49 robot_arb INFO Z=2.02 (threshold=2.1) — no signal (dup_check=LOCKED)
08:57:49 robot_arb INFO Z=1.99 (threshold=2.1) — no signal (dup_check=False)
08:57:50 robot_arb INFO Z=1.99 (threshold=2.1) — no signal (dup_check=False)
08:57:50 robot_arb INFO ⚠️ CHECK_ENTRY returned signal: {'action': 'entry', 'side': 'short_basis', 'z': 2.5863871934093163, 'basis': 8810.4, 'price_a': 95.06, 'price_b': 9761.0}
08:57:50 robot_arb INFO ENTRY SIGNAL short_basis | Z=2.59 basis=8810.40 | A=95.06 B=9761.00 | limit buy 10 @ 95.06 | market sell 1 @ 9756.12
08:57:50 orders_arb INFO gRPC sending: limit buy 100 (10 lots) GAZP@MISX acc=2049688 @ 95.06
08:57:50 orders_arb ERROR gRPC order error (GAZP@RTSX buy 10@95.06): code=StatusCode.UNAUTHENTICATED details=Invalid access key
08:57:50 orders_arb WARNING gRPC limit failed, falling back to DP server
08:57:50 orders_arb ERROR Limit order error (GAZP@RTSX buy 10@95.06): no response
08:57:50 robot_arb WARNING Entry failed: leg_a_place_failed
08:57:51 robot_arb INFO Z=2.59 (threshold=2.1) — no signal (dup_check=LOCKED)
08:57:51 robot_arb INFO Z=2.53 (threshold=2.1) — no signal (dup_check=LOCKED)
08:57:52 robot_arb INFO Z=2.53 (threshold=2.1) — no signal (dup_check=LOCKED)
08:57:52 robot_arb INFO ⚠️ CHECK_ENTRY returned signal: {'action': 'entry', 'side': 'short_basis', 'z': 2.478820992908288, 'basis': 8810.4, 'price_a': 95.06, 'price_b': 9761.0}
08:57:52 robot_arb INFO ENTRY SIGNAL short_basis | Z=2.48 basis=8810.40 | A=95.06 B=9761.00 | limit buy 10 @ 95.06 | market sell 1 @ 9756.12
08:57:52 orders_arb INFO gRPC sending: limit buy 100 (10 lots) GAZP@MISX acc=2049688 @ 95.06
08:57:53 orders_arb ERROR gRPC order error (GAZP@RTSX buy 10@95.06): code=StatusCode.UNAUTHENTICATED details=Invalid access key
08:57:53 orders_arb WARNING gRPC limit failed, falling back to DP server
08:57:53 orders_arb ERROR Limit order error (GAZP@RTSX buy 10@95.06): no response
08:57:53 robot_arb WARNING Entry failed: leg_a_place_failed
08:57:53 robot_arb INFO Z=2.48 (threshold=2.1) — no signal (dup_check=LOCKED)
08:57:54 robot_arb INFO Z=2.43 (threshold=2.1) — no signal (dup_check=LOCKED)
08:57:54 robot_arb INFO Z=2.43 (threshold=2.1) — no signal (dup_check=LOCKED)
08:57:55 robot_arb INFO ⚠️ CHECK_ENTRY returned signal: {'action': 'entry', 'side': 'short_basis', 'z': 2.3815780985859174, 'basis': 8810.4, 'price_a': 95.06, 'price_b': 9761.0}
08:57:55 robot_arb INFO ENTRY SIGNAL short_basis | Z=2.38 basis=8810.40 | A=95.06 B=9761.00 | limit buy 10 @ 95.06 | market sell 1 @ 9756.12
08:57:55 orders_arb INFO gRPC sending: limit buy 100 (10 lots) GAZP@MISX acc=2049688 @ 95.06
08:57:55 orders_arb ERROR gRPC order error (GAZP@RTSX buy 10@95.06): code=StatusCode.UNAUTHENTICATED details=Invalid access key
08:57:55 orders_arb WARNING gRPC limit failed, falling back to DP server
08:57:55 orders_arb ERROR Limit order error (GAZP@RTSX buy 10@95.06): no response
08:57:55 robot_arb WARNING Entry failed: leg_a_place_failed
08:57:57 robot_arb INFO ⚠️ CHECK_ENTRY returned signal: {'action': 'entry', 'side': 'short_basis', 'z': 2.353308576203306, 'basis': 8808.6, 'price_a': 95.04, 'price_b': 9759.0}
08:57:57 robot_arb INFO ENTRY SIGNAL short_basis | Z=2.35 basis=8808.60 | A=95.04 B=9759.00 | limit buy 10 @ 95.03 | market sell 1 @ 9754.12
08:57:57 orders_arb INFO gRPC sending: limit buy 100 (10 lots) GAZP@MISX acc=2049688 @ 95.03
08:57:57 orders_arb ERROR gRPC order error (GAZP@RTSX buy 10@95.03): code=StatusCode.UNAUTHENTICATED details=Invalid access key
08:57:57 orders_arb WARNING gRPC limit failed, falling back to DP server
08:57:57 orders_arb ERROR Limit order error (GAZP@RTSX buy 10@95.03): no response
08:57:57 robot_arb WARNING Entry failed: leg_a_place_failed
08:57:58 robot_arb INFO Z=2.31 (threshold=2.1) — no signal (dup_check=LOCKED)
08:57:58 robot_arb INFO Z=2.31 (threshold=2.1) — no signal (dup_check=LOCKED)
08:57:59 robot_arb INFO Z=2.27 (threshold=2.1) — no signal (dup_check=LOCKED)
08:57:59 robot_arb INFO ⚠️ CHECK_ENTRY returned signal: {'action': 'entry', 'side': 'short_basis', 'z': 2.2672547423516947, 'basis': 8808.6, 'price_a': 95.04, 'price_b': 9759.0}
08:57:59 robot_arb INFO ENTRY SIGNAL short_basis | Z=2.27 basis=8808.60 | A=95.04 B=9759.00 | limit buy 10 @ 95.03 | market sell 1 @ 9754.12
08:57:59 orders_arb INFO gRPC sending: limit buy 100 (10 lots) GAZP@MISX acc=2049688 @ 95.03
08:57:59 orders_arb ERROR gRPC order error (GAZP@RTSX buy 10@95.03): code=StatusCode.UNAUTHENTICATED details=Invalid access key
08:57:59 orders_arb WARNING gRPC limit failed, falling back to DP server
08:58:00 orders_arb ERROR Limit order error (GAZP@RTSX buy 10@95.03): no response
08:58:00 robot_arb WARNING Entry failed: leg_a_place_failed
08:58:00 robot_arb INFO Z=2.23 (threshold=2.1) — no signal (dup_check=LOCKED)
08:58:01 robot_arb INFO Z=2.23 (threshold=2.1) — no signal (dup_check=LOCKED)
08:58:01 robot_arb INFO Z=2.19 (threshold=2.1) — no signal (dup_check=LOCKED)
08:58:02 robot_arb INFO ⚠️ CHECK_ENTRY returned signal: {'action': 'entry', 'side': 'short_basis', 'z': 2.188266675216762, 'basis': 8808.6, 'price_a': 95.04, 'price_b': 9759.0}
08:58:02 robot_arb INFO ENTRY SIGNAL short_basis | Z=2.19 basis=8808.60 | A=95.04 B=9759.00 | limit buy 10 @ 95.03 | market sell 1 @ 9754.12
08:58:02 orders_arb INFO gRPC sending: limit buy 100 (10 lots) GAZP@MISX acc=2049688 @ 95.03
08:58:02 orders_arb ERROR gRPC order error (GAZP@RTSX buy 10@95.03): code=StatusCode.UNAUTHENTICATED details=Invalid access key
08:58:02 orders_arb WARNING gRPC limit failed, falling back to DP server
08:58:02 orders_arb ERROR Limit order error (GAZP@RTSX buy 10@95.03): no response
08:58:02 robot_arb WARNING Entry failed: leg_a_place_failed
08:58:02 robot_arb INFO Z=4.28 (threshold=2.1) — no signal (dup_check=LOCKED)
08:58:03 robot_arb INFO Z=4.28 (threshold=2.1) — no signal (dup_check=LOCKED)
08:58:03 robot_arb INFO Z=4.08 (threshold=2.1) — no signal (dup_check=LOCKED)
08:58:04 robot_arb INFO ⚠️ CHECK_ENTRY returned signal: {'action': 'entry', 'side': 'short_basis', 'z': 4.079576624514081, 'basis': 8809.0, 'price_a': 95.0, 'price_b': 9759.0}
08:58:04 robot_arb INFO ENTRY SIGNAL short_basis | Z=4.08 basis=8809.00 | A=95.00 B=9759.00 | limit buy 10 @ 95.02 | market sell 1 @ 9754.12
08:58:04 orders_arb INFO gRPC sending: limit buy 100 (10 lots) GAZP@MISX acc=2049688 @ 95.02
08:58:04 orders_arb ERROR gRPC order error (GAZP@RTSX buy 10@95.02): code=StatusCode.UNAUTHENTICATED details=Invalid access key
08:58:04 orders_arb WARNING gRPC limit failed, falling back to DP server
08:58:04 orders_arb ERROR Limit order error (GAZP@RTSX buy 10@95.02): no response
08:58:04 robot_arb WARNING Entry failed: leg_a_place_failed
08:58:04 robot_arb INFO Z=3.90 (threshold=2.1) — no signal (dup_check=LOCKED)
08:58:05 robot_arb INFO Z=3.90 (threshold=2.1) — no signal (dup_check=LOCKED)
08:58:05 robot_arb INFO Z=3.74 (threshold=2.1) — no signal (dup_check=LOCKED)
08:58:06 robot_arb INFO ⚠️ CHECK_ENTRY returned signal: {'action': 'entry', 'side': 'short_basis', 'z': 3.741345264430328, 'basis': 8809.0, 'price_a': 95.0, 'price_b': 9759.0}
08:58:06 robot_arb INFO ENTRY SIGNAL short_basis | Z=3.74 basis=8809.00 | A=95.00 B=9759.00 | limit buy 10 @ 95.02 | market sell 1 @ 9754.12
08:58:06 orders_arb INFO gRPC sending: limit buy 100 (10 lots) GAZP@MISX acc=2049688 @ 95.02
08:58:06 orders_arb ERROR gRPC order error (GAZP@RTSX buy 10@95.02): code=StatusCode.UNAUTHENTICATED details=Invalid access key
08:58:06 orders_arb WARNING gRPC limit failed, falling back to DP server
08:58:06 orders_arb ERROR Limit order error (GAZP@RTSX buy 10@95.02): no response
08:58:06 robot_arb WARNING Entry failed: leg_a_place_failed
08:58:07 robot_arb INFO Z=3.60 (threshold=2.1) — no signal (dup_check=LOCKED)
08:58:07 robot_arb INFO Z=2.17 (threshold=2.1) — no signal (dup_check=LOCKED)
08:58:08 robot_arb INFO Z=2.13 (threshold=2.1) — no signal (dup_check=LOCKED)
08:58:08 robot_arb INFO ⚠️ CHECK_ENTRY returned signal: {'action': 'entry', 'side': 'short_basis', 'z': 2.1333065586057196, 'basis': 8808.7, 'price_a': 95.03, 'price_b': 9759.0}
08:58:08 robot_arb INFO ENTRY SIGNAL short_basis | Z=2.13 basis=8808.70 | A=95.03 B=9759.00 | limit buy 10 @ 95.03 | market sell 1 @ 9754.12
08:58:08 orders_arb INFO gRPC sending: limit buy 100 (10 lots) GAZP@MISX acc=2049688 @ 95.03
08:58:08 orders_arb ERROR gRPC order error (GAZP@RTSX buy 10@95.03): code=StatusCode.UNAUTHENTICATED details=Invalid access key
08:58:08 orders_arb WARNING gRPC limit failed, falling back to DP server
08:58:08 orders_arb ERROR Limit order error (GAZP@RTSX buy 10@95.03): no response
08:58:08 robot_arb WARNING Entry failed: leg_a_place_failed
08:58:09 robot_arb INFO Z=2.10 (threshold=2.1) — no signal (dup_check=LOCKED)
08:58:09 robot_arb INFO Z=2.10 (threshold=2.1) — no signal (dup_check=LOCKED)
08:58:10 robot_arb INFO Z=2.06 (threshold=2.1) — no signal (dup_check=LOCKED)
08:58:10 robot_arb INFO Z=2.06 (threshold=2.1) — no signal (dup_check=False)
08:58:11 robot_arb INFO Z=2.03 (threshold=2.1) — no signal (dup_check=False)
08:58:11 robot_arb INFO Z=2.03 (threshold=2.1) — no signal (dup_check=False)
08:58:12 robot_arb INFO Z=2.00 (threshold=2.1) — no signal (dup_check=False)
08:58:17 robot_arb INFO Z=1.90 (threshold=2.1) — no signal (dup_check=False)
08:59:27 robot_arb WARNING Account 2049688: <_InactiveRpcError of RPC that terminated with:
	status = StatusCode.UNAUTHENTICATED
	details = "Invalid access key"
	debug_error_string = "UNKNOWN:Error received from peer  {grpc_status:16, grpc_message:"Invalid access key"}"
>
08:59:30 robot_arb WARNING POST /account received: {'account': '2049688'}
08:59:30 robot_arb INFO Account changed → 2049688
08:59:31 robot_arb INFO Param updated: ticker_a = GAZP (was GAZP)
08:59:31 robot_arb INFO Param updated: symbol_a = GAZP@RTSX (was GAZP@RTSX)
08:59:31 robot_arb INFO Param updated: ticker_b = GZU6 (was GZU6)
08:59:31 robot_arb INFO Param updated: symbol_b = GZU6@RTSX (was GZU6@RTSX)
08:59:31 robot_arb INFO Param updated: lots_a = 10 (was 10)
08:59:31 robot_arb INFO Param updated: lots_b = 1 (was 1)
08:59:31 robot_arb INFO Param updated: hedge_ratio = 10 (was 10)
08:59:31 robot_arb INFO Param updated: capital = 20000 (was 20000)
08:59:31 robot_arb INFO Param updated: entry_z = 2 (was 2.1)
08:59:31 robot_arb INFO Param updated: entry_z_long = -6.1 (was -6.1)
08:59:31 robot_arb INFO Param updated: entry_mode = zscore (was zscore)
08:59:31 robot_arb INFO Param updated: spread_rub_high = 400 (was 400)
08:59:31 robot_arb INFO Param updated: spread_rub_low = 200 (was 200)
08:59:31 robot_arb INFO Param updated: risk_free_rate = 0.1425 (was 0.1425)
08:59:31 robot_arb INFO Param updated: expiration_date = 2026-09-18 (was 2026-09-18)
08:59:31 robot_arb INFO Param updated: contract_size = 100 (was 100)
08:59:31 robot_arb INFO Param updated: lookback = 200 (was 200)
08:59:31 robot_arb INFO Param updated: leg_a_timeout = 5 (was 5)
08:59:31 robot_arb INFO Param updated: min_fill_ratio = 0.5 (was 0.5)
08:59:31 robot_arb INFO Param updated: min_profit_type = rub (was rub)
08:59:31 robot_arb INFO Param updated: min_profit_value = 25 (was 25)
08:59:31 robot_arb INFO Param updated: risk_type = stop_loss_rub (was stop_loss_rub)
08:59:31 robot_arb INFO Param updated: risk_value = 50000 (was 50000)
08:59:31 robot_arb INFO Param updated: allow_long_basis = False (was False)
08:59:31 robot_arb INFO Param updated: use_commission = True (was True)
08:59:31 robot_arb INFO Param updated: commission_stock_pct = 0.035 (was 0.035)
08:59:31 robot_arb INFO Param updated: commission_futures_rt = 0.9 (was 0.9)
09:00:02 robot_arb INFO ⚠️ CHECK_ENTRY returned signal: {'action': 'entry', 'side': 'short_basis', 'z': 3.0654442207669543, 'basis': 8805.4, 'price_a': 94.96, 'price_b': 9755.0}
09:00:02 robot_arb INFO ENTRY SIGNAL short_basis | Z=3.07 basis=8805.40 | A=94.96 B=9755.00 | limit buy 10 @ 94.97 | market sell 1 @ 9750.12
09:00:02 orders_arb INFO gRPC sending: limit buy 100 (10 lots) GAZP@MISX acc=2049688 @ 94.97
09:00:02 orders_arb ERROR gRPC order error (GAZP@RTSX buy 10@94.97): code=StatusCode.UNAUTHENTICATED details=Invalid access key
09:00:02 orders_arb WARNING gRPC limit failed, falling back to DP server
09:00:02 orders_arb ERROR Limit order error (GAZP@RTSX buy 10@94.97): no response
09:00:02 robot_arb WARNING Entry failed: leg_a_place_failed
09:00:03 robot_arb INFO Z=2.98 (threshold=2) — no signal (dup_check=LOCKED)
09:00:03 robot_arb INFO Z=2.98 (threshold=2) — no signal (dup_check=LOCKED)
09:00:04 robot_arb INFO Z=2.92 (threshold=2) — no signal (dup_check=LOCKED)
09:00:04 robot_arb INFO ⚠️ CHECK_ENTRY returned signal: {'action': 'entry', 'side': 'short_basis', 'z': 2.924681478385074, 'basis': 8805.4, 'price_a': 94.96, 'price_b': 9755.0}
09:00:04 robot_arb INFO ENTRY SIGNAL short_basis | Z=2.92 basis=8805.40 | A=94.96 B=9755.00 | limit buy 10 @ 94.97 | market sell 1 @ 9750.12
09:00:04 orders_arb INFO gRPC sending: limit buy 100 (10 lots) GAZP@MISX acc=2049688 @ 94.97
09:00:04 orders_arb ERROR gRPC order error (GAZP@RTSX buy 10@94.97): code=StatusCode.UNAUTHENTICATED details=Invalid access key
09:00:04 orders_arb WARNING gRPC limit failed, falling back to DP server
09:00:05 orders_arb ERROR Limit order error (GAZP@RTSX buy 10@94.97): no response
09:00:05 robot_arb WARNING Entry failed: leg_a_place_failed
09:00:05 robot_arb INFO Z=2.87 (threshold=2) — no signal (dup_check=LOCKED)
09:00:06 robot_arb INFO Z=2.87 (threshold=2) — no signal (dup_check=LOCKED)
09:02:07 robot_arb INFO ⚠️ CHECK_ENTRY returned signal: {'action': 'entry', 'side': 'short_basis', 'z': 2.4450791062353714, 'basis': 8807.9, 'price_a': 95.01, 'price_b': 9758.0}
09:02:07 robot_arb INFO ENTRY SIGNAL short_basis | Z=2.45 basis=8807.90 | A=95.01 B=9758.00 | limit buy 10 @ 95.01 | market sell 1 @ 9753.12
09:02:07 orders_arb INFO gRPC sending: limit buy 100 (10 lots) GAZP@MISX acc=2049688 @ 95.01
09:02:07 orders_arb ERROR gRPC order error (GAZP@RTSX buy 10@95.01): code=StatusCode.UNAUTHENTICATED details=Invalid access key
09:02:07 orders_arb WARNING gRPC limit failed, falling back to DP server
09:02:07 orders_arb ERROR Limit order error (GAZP@RTSX buy 10@95.01): no response
09:02:07 robot_arb WARNING Entry failed: leg_a_place_failed
09:02:08 robot_arb INFO Z=2.45 (threshold=2) — no signal (dup_check=LOCKED)
09:02:08 robot_arb INFO Z=2.40 (threshold=2) — no signal (dup_check=LOCKED)
09:02:09 robot_arb INFO Z=2.40 (threshold=2) — no signal (dup_check=LOCKED)
09:02:09 robot_arb INFO ⚠️ CHECK_ENTRY returned signal: {'action': 'entry', 'side': 'short_basis', 'z': 2.3512869100654674, 'basis': 8807.9, 'price_a': 95.01, 'price_b': 9758.0}
09:02:09 robot_arb INFO ENTRY SIGNAL short_basis | Z=2.35 basis=8807.90 | A=95.01 B=9758.00 | limit buy 10 @ 95.01 | market sell 1 @ 9753.12
09:02:09 orders_arb INFO gRPC sending: limit buy 100 (10 lots) GAZP@MISX acc=2049688 @ 95.01
09:02:09 orders_arb ERROR gRPC order error (GAZP@RTSX buy 10@95.01): code=StatusCode.UNAUTHENTICATED details=Invalid access key
09:02:09 orders_arb WARNING gRPC limit failed, falling back to DP server
09:02:09 orders_arb ERROR Limit order error (GAZP@RTSX buy 10@95.01): no response
09:02:09 robot_arb WARNING Entry failed: leg_a_place_failed
09:02:10 robot_arb INFO Z=2.95 (threshold=2) — no signal (dup_check=LOCKED)
09:02:10 robot_arb INFO Z=2.87 (threshold=2) — no signal (dup_check=LOCKED)
09:02:11 robot_arb INFO Z=2.87 (threshold=2) — no signal (dup_check=LOCKED)
09:02:11 robot_arb INFO ⚠️ CHECK_ENTRY returned signal: {'action': 'entry', 'side': 'short_basis', 'z': 2.8055765453471744, 'basis': 8808.0, 'price_a': 95.0, 'price_b': 9758.0}
09:02:11 robot_arb INFO ENTRY SIGNAL short_basis | Z=2.81 basis=8808.00 | A=95.00 B=9758.00 | limit buy 10 @ 95.00 | market sell 1 @ 9753.12
09:02:11 orders_arb INFO gRPC sending: limit buy 100 (10 lots) GAZP@MISX acc=2049688 @ 95.0
09:02:11 orders_arb ERROR gRPC order error (GAZP@RTSX buy 10@95.0): code=StatusCode.UNAUTHENTICATED details=Invalid access key
09:02:11 orders_arb WARNING gRPC limit failed, falling back to DP server
09:02:11 orders_arb ERROR Limit order error (GAZP@RTSX buy 10@95.0): no response
09:02:11 robot_arb WARNING Entry failed: leg_a_place_failed
09:02:12 robot_arb INFO Z=2.81 (threshold=2) — no signal (dup_check=LOCKED)
09:02:18 robot_arb INFO ⚠️ CHECK_ENTRY returned signal: {'action': 'entry', 'side': 'short_basis', 'z': 2.120883023122127, 'basis': 8807.0, 'price_a': 95.0, 'price_b': 9757.0}
09:02:18 robot_arb INFO ENTRY SIGNAL short_basis | Z=2.12 basis=8807.00 | A=95.00 B=9757.00 | limit buy 10 @ 95.00 | market sell 1 @ 9752.12
09:02:18 orders_arb INFO gRPC sending: limit buy 100 (10 lots) GAZP@MISX acc=2049688 @ 95.0
09:02:18 orders_arb ERROR gRPC order error (GAZP@RTSX buy 10@95.0): code=StatusCode.UNAUTHENTICATED details=Invalid access key
09:02:18 orders_arb WARNING gRPC limit failed, falling back to DP server
09:02:18 orders_arb ERROR Limit order error (GAZP@RTSX buy 10@95.0): no response
09:02:18 robot_arb WARNING Entry failed: leg_a_place_failed
09:02:19 robot_arb INFO Z=2.09 (threshold=2) — no signal (dup_check=LOCKED)
09:02:19 robot_arb INFO Z=2.09 (threshold=2) — no signal (dup_check=LOCKED)
09:02:20 robot_arb INFO Z=2.06 (threshold=2) — no signal (dup_check=LOCKED)
09:02:20 robot_arb INFO ⚠️ CHECK_ENTRY returned signal: {'action': 'entry', 'side': 'short_basis', 'z': 2.0608393492772397, 'basis': 8807.0, 'price_a': 95.0, 'price_b': 9757.0}
09:02:20 robot_arb INFO ENTRY SIGNAL short_basis | Z=2.06 basis=8807.00 | A=95.00 B=9757.00 | limit buy 10 @ 95.00 | market sell 1 @ 9752.12
09:02:20 orders_arb INFO gRPC sending: limit buy 100 (10 lots) GAZP@MISX acc=2049688 @ 95.0
09:02:20 orders_arb ERROR gRPC order error (GAZP@RTSX buy 10@95.0): code=StatusCode.UNAUTHENTICATED details=Invalid access key
09:02:20 orders_arb WARNING gRPC limit failed, falling back to DP server
09:02:20 orders_arb ERROR Limit order error (GAZP@RTSX buy 10@95.0): no response
09:02:20 robot_arb WARNING Entry failed: leg_a_place_failed
09:02:21 robot_arb INFO Z=2.03 (threshold=2) — no signal (dup_check=LOCKED)
09:02:21 robot_arb INFO Z=2.03 (threshold=2) — no signal (dup_check=LOCKED)
09:02:22 robot_arb INFO Z=2.00 (threshold=2) — no signal (dup_check=LOCKED)
09:02:22 robot_arb INFO ⚠️ CHECK_ENTRY returned signal: {'action': 'entry', 'side': 'short_basis', 'z': 2.0045536354728024, 'basis': 8807.0, 'price_a': 95.0, 'price_b': 9757.0}
09:02:22 robot_arb INFO ENTRY SIGNAL short_basis | Z=2.00 basis=8807.00 | A=95.00 B=9757.00 | limit buy 10 @ 95.00 | market sell 1 @ 9752.12
09:02:22 orders_arb INFO gRPC sending: limit buy 100 (10 lots) GAZP@MISX acc=2049688 @ 95.0
09:02:22 orders_arb ERROR gRPC order error (GAZP@RTSX buy 10@95.0): code=StatusCode.UNAUTHENTICATED details=Invalid access key
09:02:22 orders_arb WARNING gRPC limit failed, falling back to DP server
09:02:22 orders_arb ERROR Limit order error (GAZP@RTSX buy 10@95.0): no response
09:02:22 robot_arb WARNING Entry failed: leg_a_place_failed
09:02:23 robot_arb INFO Z=1.97 (threshold=2) — no signal (dup_check=LOCKED)
09:02:23 robot_arb INFO Z=1.97 (threshold=2) — no signal (dup_check=LOCKED)
09:02:24 robot_arb INFO Z=1.94 (threshold=2) — no signal (dup_check=LOCKED)
09:02:24 robot_arb INFO ⚠️ CHECK_ENTRY returned signal: {'action': 'entry', 'side': 'short_basis', 'z': 2.4666444245297243, 'basis': 8808.0, 'price_a': 95.0, 'price_b': 9758.0}
09:02:24 robot_arb INFO ENTRY SIGNAL short_basis | Z=2.47 basis=8808.00 | A=95.00 B=9758.00 | limit buy 10 @ 95.00 | market sell 1 @ 9753.12
09:02:24 orders_arb INFO gRPC sending: limit buy 100 (10 lots) GAZP@MISX acc=2049688 @ 95.0
09:02:24 orders_arb ERROR gRPC order error (GAZP@RTSX buy 10@95.0): code=StatusCode.UNAUTHENTICATED details=Invalid access key
09:02:24 orders_arb WARNING gRPC limit failed, falling back to DP server
09:02:25 orders_arb ERROR Limit order error (GAZP@RTSX buy 10@95.0): no response
09:02:25 robot_arb WARNING Entry failed: leg_a_place_failed
09:02:25 robot_arb INFO Z=2.42 (threshold=2) — no signal (dup_check=LOCKED)
09:02:26 robot_arb INFO Z=2.42 (threshold=2) — no signal (dup_check=LOCKED)
09:02:26 robot_arb INFO Z=2.37 (threshold=2) — no signal (dup_check=LOCKED)
09:02:27 robot_arb INFO ⚠️ CHECK_ENTRY returned signal: {'action': 'entry', 'side': 'short_basis', 'z': 2.370526856606033, 'basis': 8808.0, 'price_a': 95.0, 'price_b': 9758.0}
09:02:27 robot_arb INFO ENTRY SIGNAL short_basis | Z=2.37 basis=8808.00 | A=95.00 B=9758.00 | limit buy 10 @ 95.00 | market sell 1 @ 9753.12
09:02:27 orders_arb INFO gRPC sending: limit buy 100 (10 lots) GAZP@MISX acc=2049688 @ 95.0
09:02:27 orders_arb ERROR gRPC order error (GAZP@RTSX buy 10@95.0): code=StatusCode.UNAUTHENTICATED details=Invalid access key
09:02:27 orders_arb WARNING gRPC limit failed, falling back to DP server
09:02:27 orders_arb ERROR Limit order error (GAZP@RTSX buy 10@95.0): no response
09:02:27 robot_arb WARNING Entry failed: leg_a_place_failed
09:02:27 robot_arb INFO Z=2.33 (threshold=2) — no signal (dup_check=LOCKED)
09:02:28 robot_arb INFO Z=2.33 (threshold=2) — no signal (dup_check=LOCKED)
09:02:28 robot_arb INFO Z=2.29 (threshold=2) — no signal (dup_check=LOCKED)
09:02:29 robot_arb INFO ⚠️ CHECK_ENTRY returned signal: {'action': 'entry', 'side': 'short_basis', 'z': 2.2858221348376024, 'basis': 8808.0, 'price_a': 95.0, 'price_b': 9758.0}
09:02:29 robot_arb INFO ENTRY SIGNAL short_basis | Z=2.29 basis=8808.00 | A=95.00 B=9758.00 | limit buy 10 @ 95.00 | market sell 1 @ 9753.12
09:02:29 orders_arb INFO gRPC sending: limit buy 100 (10 lots) GAZP@MISX acc=2049688 @ 95.0
09:02:29 orders_arb ERROR gRPC order error (GAZP@RTSX buy 10@95.0): code=StatusCode.UNAUTHENTICATED details=Invalid access key
09:02:29 orders_arb WARNING gRPC limit failed, falling back to DP server
09:02:29 orders_arb ERROR Limit order error (GAZP@RTSX buy 10@95.0): no response
09:02:29 robot_arb WARNING Entry failed: leg_a_place_failed
09:02:29 robot_arb INFO Z=2.25 (threshold=2) — no signal (dup_check=LOCKED)
09:02:32 robot_arb INFO ⚠️ CHECK_ENTRY returned signal: {'action': 'entry', 'side': 'short_basis', 'z': 2.201021946200333, 'basis': 8807.1, 'price_a': 94.99, 'price_b': 9757.0}
09:02:32 robot_arb INFO ENTRY SIGNAL short_basis | Z=2.20 basis=8807.10 | A=94.99 B=9757.00 | limit buy 10 @ 95.00 | market sell 1 @ 9752.12
09:02:32 orders_arb INFO gRPC sending: limit buy 100 (10 lots) GAZP@MISX acc=2049688 @ 95.0
09:02:32 orders_arb ERROR gRPC order error (GAZP@RTSX buy 10@95.0): code=StatusCode.UNAUTHENTICATED details=Invalid access key
09:02:32 orders_arb WARNING gRPC limit failed, falling back to DP server
09:02:32 orders_arb ERROR Limit order error (GAZP@RTSX buy 10@95.0): no response
09:02:32 robot_arb WARNING Entry failed: leg_a_place_failed
09:02:32 robot_arb INFO Z=2.17 (threshold=2) — no signal (dup_check=LOCKED)
09:02:33 robot_arb INFO Z=2.17 (threshold=2) — no signal (dup_check=LOCKED)
09:02:33 robot_arb INFO Z=2.13 (threshold=2) — no signal (dup_check=LOCKED)
09:02:34 robot_arb INFO ⚠️ CHECK_ENTRY returned signal: {'action': 'entry', 'side': 'short_basis', 'z': 2.132594544466773, 'basis': 8807.1, 'price_a': 94.99, 'price_b': 9757.0}
09:02:34 robot_arb INFO ENTRY SIGNAL short_basis | Z=2.13 basis=8807.10 | A=94.99 B=9757.00 | limit buy 10 @ 95.00 | market sell 1 @ 9752.12
09:02:34 orders_arb INFO gRPC sending: limit buy 100 (10 lots) GAZP@MISX acc=2049688 @ 95.0
09:02:34 orders_arb ERROR gRPC order error (GAZP@RTSX buy 10@95.0): code=StatusCode.UNAUTHENTICATED details=Invalid access key
09:02:34 orders_arb WARNING gRPC limit failed, falling back to DP server
09:02:34 orders_arb ERROR Limit order error (GAZP@RTSX buy 10@95.0): no response
09:02:34 robot_arb WARNING Entry failed: leg_a_place_failed
09:02:34 robot_arb INFO Z=2.10 (threshold=2) — no signal (dup_check=LOCKED)
09:02:35 robot_arb INFO Z=2.10 (threshold=2) — no signal (dup_check=LOCKED)
09:02:35 robot_arb INFO Z=2.07 (threshold=2) — no signal (dup_check=LOCKED)
09:02:36 robot_arb INFO ⚠️ CHECK_ENTRY returned signal: {'action': 'entry', 'side': 'short_basis', 'z': 2.069071231432669, 'basis': 8807.1, 'price_a': 94.99, 'price_b': 9757.0}
09:02:36 robot_arb INFO ENTRY SIGNAL short_basis | Z=2.07 basis=8807.10 | A=94.99 B=9757.00 | limit buy 10 @ 95.00 | market sell 1 @ 9752.12
09:02:36 orders_arb INFO gRPC sending: limit buy 100 (10 lots) GAZP@MISX acc=2049688 @ 95.0
09:02:36 orders_arb ERROR gRPC order error (GAZP@RTSX buy 10@95.0): code=StatusCode.UNAUTHENTICATED details=Invalid access key
09:02:36 orders_arb WARNING gRPC limit failed, falling back to DP server
09:02:36 orders_arb ERROR Limit order error (GAZP@RTSX buy 10@95.0): no response
09:02:36 robot_arb WARNING Entry failed: leg_a_place_failed
09:02:37 robot_arb INFO Z=2.04 (threshold=2) — no signal (dup_check=LOCKED)
09:02:53 robot_arb INFO Z=1.86 (threshold=2) — no signal (dup_check=False)
09:02:53 robot_arb INFO Z=1.86 (threshold=2) — no signal (dup_check=False)
09:02:54 robot_arb INFO Z=1.83 (threshold=2) — no signal (dup_check=False)
09:02:54 robot_arb INFO Z=1.83 (threshold=2) — no signal (dup_check=False)
09:02:55 robot_arb INFO Z=1.81 (threshold=2) — no signal (dup_check=False)
09:02:55 robot_arb INFO Z=1.81 (threshold=2) — no signal (dup_check=False)
09:02:59 robot_arb INFO ⚠️ CHECK_ENTRY returned signal: {'action': 'entry', 'side': 'short_basis', 'z': 3.9064153190823494, 'basis': 8813.0, 'price_a': 95.0, 'price_b': 9763.0}
09:02:59 robot_arb INFO ENTRY SIGNAL short_basis | Z=3.91 basis=8813.00 | A=95.00 B=9763.00 | limit buy 10 @ 95.00 | market sell 1 @ 9758.12
09:02:59 orders_arb INFO gRPC sending: limit buy 100 (10 lots) GAZP@MISX acc=2049688 @ 95.0
09:02:59 orders_arb ERROR gRPC order error (GAZP@RTSX buy 10@95.0): code=StatusCode.UNAUTHENTICATED details=Invalid access key
09:02:59 orders_arb WARNING gRPC limit failed, falling back to DP server
09:02:59 orders_arb ERROR Limit order error (GAZP@RTSX buy 10@95.0): no response
09:02:59 robot_arb WARNING Entry failed: leg_a_place_failed
09:02:59 robot_arb INFO Z=3.91 (threshold=2) — no signal (dup_check=LOCKED)
09:03:00 robot_arb INFO Z=3.75 (threshold=2) — no signal (dup_check=LOCKED)
09:03:00 robot_arb INFO Z=3.75 (threshold=2) — no signal (dup_check=LOCKED)
09:03:04 robot_arb INFO ⚠️ CHECK_ENTRY returned signal: {'action': 'entry', 'side': 'short_basis', 'z': 2.1402248373678674, 'basis': 8833.5, 'price_a': 95.25, 'price_b': 9786.0}
09:03:04 robot_arb INFO ENTRY SIGNAL short_basis | Z=2.14 basis=8833.50 | A=95.25 B=9786.00 | limit buy 10 @ 95.25 | market sell 1 @ 9781.11
09:03:04 orders_arb INFO gRPC sending: limit buy 100 (10 lots) GAZP@MISX acc=2049688 @ 95.25
09:03:04 orders_arb ERROR gRPC order error (GAZP@RTSX buy 10@95.25): code=StatusCode.UNAUTHENTICATED details=Invalid access key
09:03:04 orders_arb WARNING gRPC limit failed, falling back to DP server
09:03:04 orders_arb ERROR Limit order error (GAZP@RTSX buy 10@95.25): no response
09:03:04 robot_arb WARNING Entry failed: leg_a_place_failed
09:03:05 robot_arb INFO Z=2.10 (threshold=2) — no signal (dup_check=LOCKED)
09:03:05 robot_arb INFO Z=2.10 (threshold=2) — no signal (dup_check=LOCKED)
09:03:06 robot_arb INFO Z=2.07 (threshold=2) — no signal (dup_check=LOCKED)
09:03:06 robot_arb INFO ⚠️ CHECK_ENTRY returned signal: {'action': 'entry', 'side': 'short_basis', 'z': 3.5850840654194633, 'basis': 8834.0, 'price_a': 95.2, 'price_b': 9786.0}
09:03:06 robot_arb INFO ENTRY SIGNAL short_basis | Z=3.59 basis=8834.00 | A=95.20 B=9786.00 | limit buy 10 @ 95.20 | market sell 1 @ 9781.11
09:03:06 orders_arb INFO gRPC sending: limit buy 100 (10 lots) GAZP@MISX acc=2049688 @ 95.2
09:03:06 orders_arb ERROR gRPC order error (GAZP@RTSX buy 10@95.2): code=StatusCode.UNAUTHENTICATED details=Invalid access key
09:03:06 orders_arb WARNING gRPC limit failed, falling back to DP server
09:03:06 orders_arb ERROR Limit order error (GAZP@RTSX buy 10@95.2): no response
09:03:06 robot_arb WARNING Entry failed: leg_a_place_failed
09:03:07 robot_arb INFO Z=3.46 (threshold=2) — no signal (dup_check=LOCKED)
09:03:07 robot_arb INFO Z=3.46 (threshold=2) — no signal (dup_check=LOCKED)
09:03:08 robot_arb INFO Z=3.34 (threshold=2) — no signal (dup_check=LOCKED)
09:03:08 robot_arb INFO ⚠️ CHECK_ENTRY returned signal: {'action': 'entry', 'side': 'short_basis', 'z': 3.341834797512436, 'basis': 8834.0, 'price_a': 95.2, 'price_b': 9786.0}
09:03:08 robot_arb INFO ENTRY SIGNAL short_basis | Z=3.34 basis=8834.00 | A=95.20 B=9786.00 | limit buy 10 @ 95.20 | market sell 1 @ 9781.11
09:03:08 orders_arb INFO gRPC sending: limit buy 100 (10 lots) GAZP@MISX acc=2049688 @ 95.2
09:03:08 orders_arb ERROR gRPC order error (GAZP@RTSX buy 10@95.2): code=StatusCode.UNAUTHENTICATED details=Invalid access key
09:03:08 orders_arb WARNING gRPC limit failed, falling back to DP server
09:03:09 orders_arb ERROR Limit order error (GAZP@RTSX buy 10@95.2): no response
09:03:09 robot_arb WARNING Entry failed: leg_a_place_failed
09:03:28 robot_arb INFO ⚠️ CHECK_ENTRY returned signal: {'action': 'entry', 'side': 'short_basis', 'z': 2.3156947871098765, 'basis': 8832.8, 'price_a': 95.22, 'price_b': 9785.0}
09:03:28 robot_arb INFO ENTRY SIGNAL short_basis | Z=2.32 basis=8832.80 | A=95.22 B=9785.00 | limit buy 10 @ 95.22 | market sell 1 @ 9780.11
09:03:28 orders_arb INFO gRPC sending: limit buy 100 (10 lots) GAZP@MISX acc=2049688 @ 95.22
09:03:28 orders_arb ERROR gRPC order error (GAZP@RTSX buy 10@95.22): code=StatusCode.UNAUTHENTICATED details=Invalid access key
09:03:28 orders_arb WARNING gRPC limit failed, falling back to DP server
09:03:28 orders_arb ERROR Limit order error (GAZP@RTSX buy 10@95.22): no response
09:03:28 robot_arb WARNING Entry failed: leg_a_place_failed
09:05:36 robot_arb INFO ⚠️ CHECK_ENTRY returned signal: {'action': 'entry', 'side': 'short_basis', 'z': 2.1080896257618438, 'basis': 8831.0, 'price_a': 95.2, 'price_b': 9783.0}
09:05:36 robot_arb INFO ENTRY SIGNAL short_basis | Z=2.11 basis=8831.00 | A=95.20 B=9783.00 | limit buy 10 @ 95.20 | market sell 1 @ 9778.11
09:05:36 orders_arb INFO gRPC sending: limit buy 100 (10 lots) GAZP@MISX acc=2049688 @ 95.2
09:05:36 orders_arb ERROR gRPC order error (GAZP@RTSX buy 10@95.2): code=StatusCode.UNAUTHENTICATED details=Invalid access key
09:05:36 orders_arb WARNING gRPC limit failed, falling back to DP server
09:05:37 orders_arb ERROR Limit order error (GAZP@RTSX buy 10@95.2): no response
09:05:37 robot_arb WARNING Entry failed: leg_a_place_failed
09:05:37 robot_arb INFO Z=2.11 (threshold=2) — no signal (dup_check=LOCKED)
09:05:38 robot_arb INFO Z=2.08 (threshold=2) — no signal (dup_check=LOCKED)
09:05:38 robot_arb INFO Z=2.08 (threshold=2) — no signal (dup_check=LOCKED)
09:05:39 robot_arb INFO ⚠️ CHECK_ENTRY returned signal: {'action': 'entry', 'side': 'short_basis', 'z': 2.044572806219378, 'basis': 8831.0, 'price_a': 95.2, 'price_b': 9783.0}
09:05:39 robot_arb INFO ENTRY SIGNAL short_basis | Z=2.04 basis=8831.00 | A=95.20 B=9783.00 | limit buy 10 @ 95.20 | market sell 1 @ 9778.11
09:05:39 orders_arb INFO gRPC sending: limit buy 100 (10 lots) GAZP@MISX acc=2049688 @ 95.2
09:05:39 orders_arb ERROR gRPC order error (GAZP@RTSX buy 10@95.2): code=StatusCode.UNAUTHENTICATED details=Invalid access key
09:05:39 orders_arb WARNING gRPC limit failed, falling back to DP server
09:05:39 orders_arb ERROR Limit order error (GAZP@RTSX buy 10@95.2): no response
09:05:39 robot_arb WARNING Entry failed: leg_a_place_failed
09:05:39 robot_arb INFO Z=2.04 (threshold=2) — no signal (dup_check=LOCKED)
09:05:47 robot_arb WARNING Account 2049688: <_InactiveRpcError of RPC that terminated with:
	status = StatusCode.UNAUTHENTICATED
	details = "Invalid access key"
	debug_error_string = "UNKNOWN:Error received from peer  {grpc_status:16, grpc_message:"Invalid access key"}"
>
09:06:24 robot_arb WARNING POST /account received: {'account': '2049688'}
09:06:24 robot_arb INFO Account changed → 2049688
09:06:25 robot_arb INFO Param updated: ticker_a = GAZP (was GAZP)
09:06:25 robot_arb INFO Param updated: symbol_a = GAZP@RTSX (was GAZP@RTSX)
09:06:25 robot_arb INFO Param updated: ticker_b = GZU6 (was GZU6)
09:06:25 robot_arb INFO Param updated: symbol_b = GZU6@RTSX (was GZU6@RTSX)
09:06:25 robot_arb INFO Param updated: lots_a = 10 (was 10)
09:06:25 robot_arb INFO Param updated: lots_b = 1 (was 1)
09:06:25 robot_arb INFO Param updated: hedge_ratio = 10 (was 10)
09:06:25 robot_arb INFO Param updated: capital = 20000 (was 20000)
09:06:25 robot_arb INFO Param updated: entry_z = 2 (was 2)
09:06:25 robot_arb INFO Param updated: entry_z_long = -6.1 (was -6.1)
09:06:25 robot_arb INFO Param updated: entry_mode = zscore (was zscore)
09:06:25 robot_arb INFO Param updated: spread_rub_high = 400 (was 400)
09:06:25 robot_arb INFO Param updated: spread_rub_low = 200 (was 200)
09:06:25 robot_arb INFO Param updated: risk_free_rate = 0.1425 (was 0.1425)
09:06:25 robot_arb INFO Param updated: expiration_date = 2026-09-18 (was 2026-09-18)
09:06:25 robot_arb INFO Param updated: contract_size = 100 (was 100)
09:06:25 robot_arb INFO Param updated: lookback = 200 (was 200)
09:06:25 robot_arb INFO Param updated: leg_a_timeout = 5 (was 5)
09:06:25 robot_arb INFO Param updated: min_fill_ratio = 0.5 (was 0.5)
09:06:25 robot_arb INFO Param updated: min_profit_type = rub (was rub)
09:06:25 robot_arb INFO Param updated: min_profit_value = 25 (was 25)
09:06:25 robot_arb INFO Param updated: risk_type = stop_loss_rub (was stop_loss_rub)
09:06:25 robot_arb INFO Param updated: risk_value = 50000 (was 50000)
09:06:25 robot_arb INFO Param updated: allow_long_basis = False (was False)
09:06:25 robot_arb INFO Param updated: use_commission = True (was True)
09:06:25 robot_arb INFO Param updated: commission_stock_pct = 0.035 (was 0.035)
09:06:25 robot_arb INFO Param updated: commission_futures_rt = 0.9 (was 0.9)
09:06:49 robot_arb INFO ⚠️ CHECK_ENTRY returned signal: {'action': 'entry', 'side': 'short_basis', 'z': 2.1115500383514947, 'basis': 8835.2, 'price_a': 95.28, 'price_b': 9788.0}
09:06:49 robot_arb INFO ENTRY SIGNAL short_basis | Z=2.11 basis=8835.20 | A=95.28 B=9788.00 | limit buy 10 @ 95.29 | market sell 1 @ 9783.11
09:06:49 orders_arb INFO gRPC sending: limit buy 100 (10 lots) GAZP@MISX acc=2049688 @ 95.29
09:06:49 orders_arb ERROR gRPC order error (GAZP@RTSX buy 10@95.29): code=StatusCode.UNAUTHENTICATED details=Invalid access key
09:06:49 orders_arb WARNING gRPC limit failed, falling back to DP server
09:06:49 orders_arb ERROR Limit order error (GAZP@RTSX buy 10@95.29): no response
09:06:49 robot_arb WARNING Entry failed: leg_a_place_failed
09:06:50 robot_arb INFO Z=2.11 (threshold=2) — no signal (dup_check=LOCKED)
09:06:50 robot_arb INFO Z=2.08 (threshold=2) — no signal (dup_check=LOCKED)
09:06:51 robot_arb INFO Z=2.08 (threshold=2) — no signal (dup_check=LOCKED)
09:06:51 robot_arb INFO ⚠️ CHECK_ENTRY returned signal: {'action': 'entry', 'side': 'short_basis', 'z': 2.0483754445406404, 'basis': 8835.2, 'price_a': 95.28, 'price_b': 9788.0}
09:06:51 robot_arb INFO ENTRY SIGNAL short_basis | Z=2.05 basis=8835.20 | A=95.28 B=9788.00 | limit buy 10 @ 95.29 | market sell 1 @ 9783.11
09:06:51 orders_arb INFO gRPC sending: limit buy 100 (10 lots) GAZP@MISX acc=2049688 @ 95.29
09:06:51 orders_arb ERROR gRPC order error (GAZP@RTSX buy 10@95.29): code=StatusCode.UNAUTHENTICATED details=Invalid access key
09:06:51 orders_arb WARNING gRPC limit failed, falling back to DP server
09:06:51 orders_arb ERROR Limit order error (GAZP@RTSX buy 10@95.29): no response
09:06:51 robot_arb WARNING Entry failed: leg_a_place_failed
09:07:51 robot_arb INFO Z=1.91 (threshold=2) — no signal (dup_check=False)
09:07:52 robot_arb INFO Z=1.91 (threshold=2) — no signal (dup_check=False)
09:07:52 robot_arb INFO Z=1.88 (threshold=2) — no signal (dup_check=False)
09:07:53 robot_arb INFO Z=1.88 (threshold=2) — no signal (dup_check=False)
09:07:53 robot_arb INFO Z=1.86 (threshold=2) — no signal (dup_check=False)
09:07:54 robot_arb INFO Z=1.86 (threshold=2) — no signal (dup_check=False)
09:07:54 robot_arb INFO Z=1.83 (threshold=2) — no signal (dup_check=False)
09:07:55 robot_arb INFO Z=1.83 (threshold=2) — no signal (dup_check=False)
09:07:55 robot_arb INFO Z=1.81 (threshold=2) — no signal (dup_check=False)
09:07:56 robot_arb INFO Z=1.81 (threshold=2) — no signal (dup_check=False)
09:12:08 robot_arb INFO ⚠️ CHECK_ENTRY returned signal: {'action': 'entry', 'side': 'short_basis', 'z': 2.6246084402075, 'basis': 8830.9, 'price_a': 95.21, 'price_b': 9783.0}
09:12:08 robot_arb INFO ENTRY SIGNAL short_basis | Z=2.62 basis=8830.90 | A=95.21 B=9783.00 | limit buy 10 @ 95.21 | market sell 1 @ 9778.11
09:12:08 orders_arb INFO gRPC sending: limit buy 100 (10 lots) GAZP@MISX acc=2049688 @ 95.21
09:12:08 orders_arb ERROR gRPC order error (GAZP@RTSX buy 10@95.21): code=StatusCode.UNAUTHENTICATED details=Invalid access key
09:12:08 orders_arb WARNING gRPC limit failed, falling back to DP server
09:12:08 orders_arb ERROR Limit order error (GAZP@RTSX buy 10@95.21): no response
09:12:08 robot_arb WARNING Entry failed: leg_a_place_failed
09:12:09 robot_arb INFO Z=2.57 (threshold=2) — no signal (dup_check=LOCKED)
09:12:09 robot_arb INFO Z=2.57 (threshold=2) — no signal (dup_check=LOCKED)
09:12:10 robot_arb INFO Z=2.51 (threshold=2) — no signal (dup_check=LOCKED)
09:12:10 robot_arb INFO ⚠️ CHECK_ENTRY returned signal: {'action': 'entry', 'side': 'short_basis', 'z': 2.513002572337432, 'basis': 8830.9, 'price_a': 95.21, 'price_b': 9783.0}
09:12:10 robot_arb INFO ENTRY SIGNAL short_basis | Z=2.51 basis=8830.90 | A=95.21 B=9783.00 | limit buy 10 @ 95.21 | market sell 1 @ 9778.11
09:12:10 orders_arb INFO gRPC sending: limit buy 100 (10 lots) GAZP@MISX acc=2049688 @ 95.21
09:12:10 orders_arb ERROR gRPC order error (GAZP@RTSX buy 10@95.21): code=StatusCode.UNAUTHENTICATED details=Invalid access key
09:12:10 orders_arb WARNING gRPC limit failed, falling back to DP server
09:12:11 orders_arb ERROR Limit order error (GAZP@RTSX buy 10@95.21): no response
09:12:11 robot_arb WARNING Entry failed: leg_a_place_failed
09:13:53 robot_arb INFO ⚠️ CHECK_ENTRY returned signal: {'action': 'entry', 'side': 'short_basis', 'z': 2.8298756785740804, 'basis': 8834.7, 'price_a': 95.23, 'price_b': 9787.0}
09:13:53 robot_arb INFO ENTRY SIGNAL short_basis | Z=2.83 basis=8834.70 | A=95.23 B=9787.00 | limit buy 10 @ 95.24 | market sell 1 @ 9782.11
09:13:53 orders_arb INFO gRPC sending: limit buy 100 (10 lots) GAZP@MISX acc=2049688 @ 95.24
09:13:53 orders_arb ERROR gRPC order error (GAZP@RTSX buy 10@95.24): code=StatusCode.UNAUTHENTICATED details=Invalid access key
09:13:53 orders_arb WARNING gRPC limit failed, falling back to DP server
09:13:53 orders_arb ERROR Limit order error (GAZP@RTSX buy 10@95.24): no response
09:13:53 robot_arb WARNING Entry failed: leg_a_place_failed
09:13:54 robot_arb INFO Z=2.83 (threshold=2) — no signal (dup_check=LOCKED)
09:13:54 robot_arb INFO Z=2.76 (threshold=2) — no signal (dup_check=LOCKED)
09:15:41 robot_arb INFO ⚠️ CHECK_ENTRY returned signal: {'action': 'entry', 'side': 'short_basis', 'z': 3.6135212993321533, 'basis': 8843.0, 'price_a': 95.3, 'price_b': 9796.0}
09:15:41 robot_arb INFO ENTRY SIGNAL short_basis | Z=3.61 basis=8843.00 | A=95.30 B=9796.00 | limit buy 10 @ 95.30 | market sell 1 @ 9791.10
09:15:41 orders_arb INFO gRPC sending: limit buy 100 (10 lots) GAZP@MISX acc=2049688 @ 95.3
09:15:42 orders_arb ERROR gRPC order error (GAZP@RTSX buy 10@95.3): code=StatusCode.UNAUTHENTICATED details=Invalid access key
09:15:42 orders_arb WARNING gRPC limit failed, falling back to DP server
09:15:42 orders_arb ERROR Limit order error (GAZP@RTSX buy 10@95.3): no response
09:15:42 robot_arb WARNING Entry failed: leg_a_place_failed
09:15:42 robot_arb INFO Z=3.61 (threshold=2) — no signal (dup_check=LOCKED)
09:15:43 robot_arb INFO Z=3.49 (threshold=2) — no signal (dup_check=LOCKED)
09:15:43 robot_arb INFO Z=3.49 (threshold=2) — no signal (dup_check=LOCKED)
09:15:44 robot_arb INFO ⚠️ CHECK_ENTRY returned signal: {'action': 'entry', 'side': 'short_basis', 'z': 3.370132564526581, 'basis': 8843.0, 'price_a': 95.3, 'price_b': 9796.0}
09:15:44 robot_arb INFO ENTRY SIGNAL short_basis | Z=3.37 basis=8843.00 | A=95.30 B=9796.00 | limit buy 10 @ 95.30 | market sell 1 @ 9791.10
09:15:44 orders_arb INFO gRPC sending: limit buy 100 (10 lots) GAZP@MISX acc=2049688 @ 95.3
09:15:44 orders_arb ERROR gRPC order error (GAZP@RTSX buy 10@95.3): code=StatusCode.UNAUTHENTICATED details=Invalid access key
09:15:44 orders_arb WARNING gRPC limit failed, falling back to DP server
09:15:44 orders_arb ERROR Limit order error (GAZP@RTSX buy 10@95.3): no response
09:15:44 robot_arb WARNING Entry failed: leg_a_place_failed
09:15:44 robot_arb INFO Z=3.37 (threshold=2) — no signal (dup_check=LOCKED)
09:15:50 robot_arb INFO ⚠️ CHECK_ENTRY returned signal: {'action': 'entry', 'side': 'short_basis', 'z': 2.0817545978337075, 'basis': 8841.7, 'price_a': 95.33, 'price_b': 9795.0}
09:15:50 robot_arb INFO ENTRY SIGNAL short_basis | Z=2.08 basis=8841.70 | A=95.33 B=9795.00 | limit buy 10 @ 95.33 | market sell 1 @ 9790.10
09:15:50 orders_arb INFO gRPC sending: limit buy 100 (10 lots) GAZP@MISX acc=2049688 @ 95.33
09:15:50 orders_arb ERROR gRPC order error (GAZP@RTSX buy 10@95.33): code=StatusCode.UNAUTHENTICATED details=Invalid access key
09:15:50 orders_arb WARNING gRPC limit failed, falling back to DP server
09:15:50 orders_arb ERROR Limit order error (GAZP@RTSX buy 10@95.33): no response
09:15:50 robot_arb WARNING Entry failed: leg_a_place_failed
09:15:51 robot_arb INFO Z=2.08 (threshold=2) — no signal (dup_check=LOCKED)
09:15:51 robot_arb INFO Z=2.05 (threshold=2) — no signal (dup_check=LOCKED)
09:15:52 robot_arb INFO Z=2.05 (threshold=2) — no signal (dup_check=LOCKED)
09:15:52 robot_arb INFO ⚠️ CHECK_ENTRY returned signal: {'action': 'entry', 'side': 'short_basis', 'z': 2.0207568876330755, 'basis': 8841.7, 'price_a': 95.33, 'price_b': 9795.0}
09:15:52 robot_arb INFO ENTRY SIGNAL short_basis | Z=2.02 basis=8841.70 | A=95.33 B=9795.00 | limit buy 10 @ 95.33 | market sell 1 @ 9790.10
09:15:52 orders_arb INFO gRPC sending: limit buy 100 (10 lots) GAZP@MISX acc=2049688 @ 95.33
09:15:52 orders_arb ERROR gRPC order error (GAZP@RTSX buy 10@95.33): code=StatusCode.UNAUTHENTICATED details=Invalid access key
09:15:52 orders_arb WARNING gRPC limit failed, falling back to DP server
09:15:52 orders_arb ERROR Limit order error (GAZP@RTSX buy 10@95.33): no response
09:15:52 robot_arb WARNING Entry failed: leg_a_place_failed
09:15:53 robot_arb INFO Z=2.02 (threshold=2) — no signal (dup_check=LOCKED)
09:15:53 robot_arb INFO Z=2.00 (threshold=2) — no signal (dup_check=LOCKED)
09:15:54 robot_arb INFO Z=2.00 (threshold=2) — no signal (dup_check=LOCKED)
09:15:54 robot_arb INFO Z=1.98 (threshold=2) — no signal (dup_check=False)
09:15:55 robot_arb INFO Z=1.98 (threshold=2) — no signal (dup_check=False)
09:15:55 robot_arb INFO Z=1.95 (threshold=2) — no signal (dup_check=False)
09:15:56 robot_arb INFO Z=1.95 (threshold=2) — no signal (dup_check=False)
09:16:51 robot_arb INFO Signal 15 — shutting down...
