00:14:06 robot_arb INFO === Arbitrage Robot v1 ===
00:14:06 robot_arb INFO Pair: GAZP / GZU6
00:14:06 robot_arb INFO Account: 1225953 | Port: 5090 | Paper: False
00:14:06 robot_arb INFO Params: entry_z=2.5 lookback=200 lots_a=10 lots_b=1 hedge_ratio=10
00:14:06 robot_arb INFO Min profit: rub=7.77
00:14:06 robot_arb INFO Risk: stop_loss_rub=500000
00:14:06 robot_arb INFO State loaded: pnl=31013 trades=211 mode=stopped
00:14:06 robot_arb INFO FinamPy connected. Accounts: ['1225950', '1225951', '1225952', '1225953']
00:14:06 robot_arb INFO Orders manager linked to FinamPy gRPC
00:14:06 robot_arb INFO Subscribed OrderBook: GAZP@RTSX, GZU6@RTSX
00:14:06 robot_arb INFO Subscribed Quotes: GAZP@RTSX, GZU6@RTSX
00:14:06 robot_arb INFO Warmup: waiting 10 sec for data streams...
00:14:16 robot_arb INFO Warmup done. OB_A: False OB_B: False
00:14:16 robot_arb INFO MOEX ISS poller started (fallback for stock prices)
00:14:16 robot_arb INFO Main loop started
00:14:16 robot_arb INFO API listening on :5090
00:14:16 robot_arb INFO Endpoints: GET /status /health /params | POST /start /stop /pause /params
00:14:42 robot_arb INFO Mode → RUNNING
03:45:22 robot_arb INFO Signal 15 — shutting down...
03:45:22 robot_arb INFO === Arbitrage Robot v1 ===
03:45:22 robot_arb INFO Pair: GAZP / GZU6
03:45:22 robot_arb INFO Account: 1225953 | Port: 5090 | Paper: False
03:45:22 robot_arb INFO Params: entry_z=2.5 lookback=200 lots_a=10 lots_b=1 hedge_ratio=10
03:45:22 robot_arb INFO Min profit: rub=7.77
03:45:22 robot_arb INFO Risk: stop_loss_rub=500000
03:45:22 robot_arb INFO State loaded: pnl=31013 trades=211 mode=stopped
03:45:23 robot_arb INFO FinamPy connected. Accounts: ['1225950', '1225951', '1225952', '1225953']
03:45:23 robot_arb INFO Orders manager linked to FinamPy gRPC
03:45:23 robot_arb INFO Subscribed OrderBook: GAZP@RTSX, GZU6@RTSX
03:45:23 robot_arb INFO Subscribed Quotes: GAZP@RTSX, GZU6@RTSX
03:45:23 robot_arb INFO Warmup: waiting 10 sec for data streams...
03:45:33 robot_arb INFO Warmup done. OB_A: False OB_B: False
03:45:33 robot_arb INFO MOEX ISS poller started (fallback for stock prices)
03:45:33 robot_arb INFO Main loop started
03:45:33 robot_arb INFO API listening on :5090
03:45:33 robot_arb INFO Endpoints: GET /status /health /params | POST /start /stop /pause /params
03:45:37 robot_arb INFO Mode → RUNNING
04:10:37 robot_arb INFO Signal 15 — shutting down...
04:10:38 robot_arb INFO === Arbitrage Robot v1 ===
04:10:38 robot_arb INFO Pair: GAZP / GZU6
04:10:38 robot_arb INFO Account: 1225953 | Port: 5090 | Paper: False
04:10:38 robot_arb INFO Params: entry_z=2.5 lookback=200 lots_a=10 lots_b=1 hedge_ratio=10
04:10:38 robot_arb INFO Min profit: rub=7.77
04:10:38 robot_arb INFO Risk: stop_loss_rub=500000
04:10:38 robot_arb INFO State loaded: pnl=31013 trades=211 mode=stopped
04:10:38 robot_arb INFO FinamPy connected. Accounts: ['1225950', '1225951', '1225952', '1225953']
04:10:38 robot_arb INFO Orders manager linked to FinamPy gRPC
04:10:38 robot_arb INFO Subscribed OrderBook: GAZP@RTSX, GZU6@RTSX
04:10:38 robot_arb INFO Subscribed Quotes: GAZP@RTSX, GZU6@RTSX
04:10:38 robot_arb INFO Warmup: waiting 10 sec for data streams...
04:10:48 robot_arb INFO Warmup done. OB_A: False OB_B: False
04:10:48 robot_arb INFO MOEX ISS poller started (fallback for stock prices)
04:10:48 robot_arb INFO Main loop started
04:10:48 robot_arb INFO API listening on :5090
04:10:48 robot_arb INFO Endpoints: GET /status /health /params | POST /start /stop /pause /params
04:10:53 robot_arb INFO Mode → RUNNING
07:02:05 robot_arb INFO Z=2.36 (threshold=2.5) — no signal (dup_check=False)
07:02:06 robot_arb INFO Z=2.32 (threshold=2.5) — no signal (dup_check=False)
07:02:06 robot_arb INFO Z=2.32 (threshold=2.5) — no signal (dup_check=False)
07:02:25 robot_arb INFO ⚠️ CHECK_ENTRY returned signal: {'action': 'entry', 'side': 'short_basis', 'z': 2.956784054609961, 'basis': 8725.2, 'price_a': 93.88, 'price_b': 9664.0}
07:02:25 robot_arb INFO ENTRY SIGNAL short_basis | Z=2.96 basis=8725.20 | A=93.88 B=9664.00 | limit buy 10 @ 93.89 | market sell 1 @ 9659.17
07:02:25 orders_arb INFO gRPC sending: limit buy 10 GAZP@MISX acc=1225950 @ 93.89
07:02:25 orders_arb ERROR gRPC order error (GAZP@RTSX buy 10@93.89): code=StatusCode.INTERNAL details=Jwt token check failed: UNAUTHENTICATED: Token is expired
07:02:25 orders_arb WARNING gRPC limit failed, falling back to DP server
07:02:25 orders_arb ERROR Limit order error (GAZP@RTSX buy 10@93.89): no response
07:02:25 robot_arb WARNING Entry failed: leg_a_place_failed
07:02:26 robot_arb INFO Z=2.92 (threshold=2.5) — no signal (dup_check=LOCKED)
07:02:26 robot_arb INFO Z=2.92 (threshold=2.5) — no signal (dup_check=LOCKED)
07:02:27 robot_arb INFO Z=2.89 (threshold=2.5) — no signal (dup_check=LOCKED)
07:02:27 robot_arb INFO Z=2.89 (threshold=2.5) — no signal (dup_check=LOCKED)
07:02:28 robot_arb INFO Z=2.84 (threshold=2.5) — no signal (dup_check=LOCKED)
07:02:28 robot_arb INFO Z=2.84 (threshold=2.5) — no signal (dup_check=LOCKED)
07:02:29 robot_arb INFO Z=2.79 (threshold=2.5) — no signal (dup_check=LOCKED)
07:02:29 robot_arb INFO Z=2.79 (threshold=2.5) — no signal (dup_check=LOCKED)
07:02:30 robot_arb INFO Z=2.74 (threshold=2.5) — no signal (dup_check=LOCKED)
07:03:38 robot_arb INFO ⚠️ CHECK_ENTRY returned signal: {'action': 'entry', 'side': 'short_basis', 'z': 3.1404642782716743, 'basis': 8728.1, 'price_a': 93.89, 'price_b': 9667.0}
07:03:38 robot_arb INFO ENTRY SIGNAL short_basis | Z=3.14 basis=8728.10 | A=93.89 B=9667.00 | limit buy 10 @ 93.91 | market sell 1 @ 9662.17
07:03:38 orders_arb INFO gRPC sending: limit buy 10 GAZP@MISX acc=1225950 @ 93.91
07:03:38 orders_arb ERROR gRPC order error (GAZP@RTSX buy 10@93.91): code=StatusCode.INTERNAL details=Jwt token check failed: UNAUTHENTICATED: Token is expired
07:03:38 orders_arb WARNING gRPC limit failed, falling back to DP server
07:03:39 orders_arb ERROR Limit order error (GAZP@RTSX buy 10@93.91): no response
07:03:39 robot_arb WARNING Entry failed: leg_a_place_failed
07:03:39 robot_arb INFO Z=3.06 (threshold=2.5) — no signal (dup_check=LOCKED)
07:03:40 robot_arb INFO Z=3.06 (threshold=2.5) — no signal (dup_check=LOCKED)
07:03:40 robot_arb INFO Z=2.98 (threshold=2.5) — no signal (dup_check=LOCKED)
07:03:41 robot_arb INFO Z=2.98 (threshold=2.5) — no signal (dup_check=LOCKED)
07:03:41 robot_arb INFO Z=2.91 (threshold=2.5) — no signal (dup_check=LOCKED)
07:03:42 robot_arb INFO Z=2.91 (threshold=2.5) — no signal (dup_check=LOCKED)
07:03:42 robot_arb INFO Z=2.84 (threshold=2.5) — no signal (dup_check=LOCKED)
07:03:43 robot_arb INFO Z=2.84 (threshold=2.5) — no signal (dup_check=LOCKED)
07:03:53 robot_arb INFO ⚠️ CHECK_ENTRY returned signal: {'action': 'entry', 'side': 'short_basis', 'z': 3.232366922032496, 'basis': 8732.7, 'price_a': 93.93, 'price_b': 9672.0}
07:03:53 robot_arb INFO ENTRY SIGNAL short_basis | Z=3.23 basis=8732.70 | A=93.93 B=9672.00 | limit buy 10 @ 93.93 | market sell 1 @ 9667.16
07:03:53 orders_arb INFO gRPC sending: limit buy 10 GAZP@MISX acc=1225950 @ 93.93
07:03:53 orders_arb ERROR gRPC order error (GAZP@RTSX buy 10@93.93): code=StatusCode.INTERNAL details=Jwt token check failed: UNAUTHENTICATED: Token is expired
07:03:53 orders_arb WARNING gRPC limit failed, falling back to DP server
07:03:53 orders_arb ERROR Limit order error (GAZP@RTSX buy 10@93.93): no response
07:03:53 robot_arb WARNING Entry failed: leg_a_place_failed
07:03:54 robot_arb INFO Z=3.23 (threshold=2.5) — no signal (dup_check=LOCKED)
07:03:54 robot_arb INFO Z=3.15 (threshold=2.5) — no signal (dup_check=LOCKED)
07:03:55 robot_arb INFO Z=3.15 (threshold=2.5) — no signal (dup_check=LOCKED)
07:03:55 robot_arb INFO Z=3.05 (threshold=2.5) — no signal (dup_check=LOCKED)
07:03:56 robot_arb INFO Z=3.05 (threshold=2.5) — no signal (dup_check=LOCKED)
07:03:56 robot_arb INFO Z=2.97 (threshold=2.5) — no signal (dup_check=LOCKED)
07:03:57 robot_arb INFO Z=2.97 (threshold=2.5) — no signal (dup_check=LOCKED)
07:03:57 robot_arb INFO Z=2.89 (threshold=2.5) — no signal (dup_check=LOCKED)
07:03:58 robot_arb INFO Z=3.43 (threshold=2.5) — no signal (dup_check=LOCKED)
07:03:58 robot_arb INFO Z=3.80 (threshold=2.5) — no signal (dup_check=LOCKED)
07:03:59 robot_arb INFO Z=3.80 (threshold=2.5) — no signal (dup_check=LOCKED)
07:03:59 robot_arb INFO Z=3.65 (threshold=2.5) — no signal (dup_check=LOCKED)
07:04:00 robot_arb INFO Z=3.65 (threshold=2.5) — no signal (dup_check=LOCKED)
07:04:00 robot_arb INFO Z=3.52 (threshold=2.5) — no signal (dup_check=LOCKED)
07:04:01 robot_arb INFO Z=3.52 (threshold=2.5) — no signal (dup_check=LOCKED)
07:04:01 robot_arb INFO Z=3.40 (threshold=2.5) — no signal (dup_check=LOCKED)
07:04:02 robot_arb INFO Z=3.40 (threshold=2.5) — no signal (dup_check=LOCKED)
07:04:02 robot_arb INFO Z=3.29 (threshold=2.5) — no signal (dup_check=LOCKED)
07:04:03 robot_arb INFO Z=2.37 (threshold=2.5) — no signal (dup_check=LOCKED)
07:04:03 robot_arb INFO ⚠️ CHECK_ENTRY returned signal: {'action': 'entry', 'side': 'short_basis', 'z': 2.7599455550547844, 'basis': 8734.6, 'price_a': 93.94, 'price_b': 9674.0}
07:04:03 robot_arb INFO ENTRY SIGNAL short_basis | Z=2.76 basis=8734.60 | A=93.94 B=9674.00 | limit buy 10 @ 93.94 | market sell 1 @ 9669.16
07:04:03 orders_arb INFO gRPC sending: limit buy 10 GAZP@MISX acc=1225950 @ 93.94
07:04:04 orders_arb ERROR gRPC order error (GAZP@RTSX buy 10@93.94): code=StatusCode.INTERNAL details=Jwt token check failed: UNAUTHENTICATED: Token is expired
07:04:04 orders_arb WARNING gRPC limit failed, falling back to DP server
07:04:04 orders_arb ERROR Limit order error (GAZP@RTSX buy 10@93.94): no response
07:04:04 robot_arb WARNING Entry failed: leg_a_place_failed
07:04:04 robot_arb INFO Z=2.76 (threshold=2.5) — no signal (dup_check=LOCKED)
07:04:05 robot_arb INFO Z=2.69 (threshold=2.5) — no signal (dup_check=LOCKED)
07:04:05 robot_arb INFO Z=2.69 (threshold=2.5) — no signal (dup_check=LOCKED)
07:04:06 robot_arb INFO Z=2.63 (threshold=2.5) — no signal (dup_check=LOCKED)
07:04:06 robot_arb INFO Z=2.63 (threshold=2.5) — no signal (dup_check=LOCKED)
07:04:07 robot_arb INFO Z=2.58 (threshold=2.5) — no signal (dup_check=LOCKED)
07:04:07 robot_arb INFO Z=2.58 (threshold=2.5) — no signal (dup_check=LOCKED)
07:04:08 robot_arb INFO Z=2.52 (threshold=2.5) — no signal (dup_check=LOCKED)
07:04:08 robot_arb INFO Z=2.52 (threshold=2.5) — no signal (dup_check=LOCKED)
07:04:09 robot_arb INFO Z=2.47 (threshold=2.5) — no signal (dup_check=LOCKED)
07:04:09 robot_arb INFO Z=2.47 (threshold=2.5) — no signal (dup_check=LOCKED)
07:04:10 robot_arb INFO Z=2.42 (threshold=2.5) — no signal (dup_check=LOCKED)
07:04:10 robot_arb INFO Z=2.42 (threshold=2.5) — no signal (dup_check=LOCKED)
07:04:11 robot_arb INFO Z=2.38 (threshold=2.5) — no signal (dup_check=LOCKED)
07:04:11 robot_arb INFO Z=2.38 (threshold=2.5) — no signal (dup_check=LOCKED)
07:04:12 robot_arb INFO Z=2.33 (threshold=2.5) — no signal (dup_check=LOCKED)
07:04:12 robot_arb INFO Z=2.33 (threshold=2.5) — no signal (dup_check=LOCKED)
07:04:14 robot_arb INFO ⚠️ CHECK_ENTRY returned signal: {'action': 'entry', 'side': 'short_basis', 'z': 2.994158085500386, 'basis': 8734.8, 'price_a': 93.92, 'price_b': 9674.0}
07:04:14 robot_arb INFO ENTRY SIGNAL short_basis | Z=2.99 basis=8734.80 | A=93.92 B=9674.00 | limit buy 10 @ 93.93 | market sell 1 @ 9669.16
07:04:14 orders_arb INFO gRPC sending: limit buy 10 GAZP@MISX acc=1225950 @ 93.93
07:04:14 orders_arb ERROR gRPC order error (GAZP@RTSX buy 10@93.93): code=StatusCode.INTERNAL details=Jwt token check failed: UNAUTHENTICATED: Token is expired
07:04:14 orders_arb WARNING gRPC limit failed, falling back to DP server
07:04:14 orders_arb ERROR Limit order error (GAZP@RTSX buy 10@93.93): no response
07:04:14 robot_arb WARNING Entry failed: leg_a_place_failed
07:04:40 robot_arb INFO Z=2.34 (threshold=2.5) — no signal (dup_check=False)
07:04:41 robot_arb INFO Z=2.31 (threshold=2.5) — no signal (dup_check=False)
07:04:41 robot_arb INFO Z=2.31 (threshold=2.5) — no signal (dup_check=False)
07:04:57 robot_arb INFO Z=2.41 (threshold=2.5) — no signal (dup_check=False)
07:04:57 robot_arb INFO Z=2.41 (threshold=2.5) — no signal (dup_check=False)
07:04:58 robot_arb INFO Z=2.37 (threshold=2.5) — no signal (dup_check=False)
07:04:58 robot_arb INFO Z=2.37 (threshold=2.5) — no signal (dup_check=False)
07:04:59 robot_arb INFO Z=2.33 (threshold=2.5) — no signal (dup_check=False)
07:04:59 robot_arb INFO Z=2.33 (threshold=2.5) — no signal (dup_check=False)
07:06:29 robot_arb INFO ⚠️ CHECK_ENTRY returned signal: {'action': 'entry', 'side': 'short_basis', 'z': 3.1434202496093486, 'basis': 8736.2, 'price_a': 93.88, 'price_b': 9675.0}
07:06:29 robot_arb INFO ENTRY SIGNAL short_basis | Z=3.14 basis=8736.20 | A=93.88 B=9675.00 | limit buy 10 @ 93.89 | market sell 1 @ 9670.16
07:06:29 orders_arb INFO gRPC sending: limit buy 10 GAZP@MISX acc=1225950 @ 93.89
07:06:29 orders_arb ERROR gRPC order error (GAZP@RTSX buy 10@93.89): code=StatusCode.INTERNAL details=Jwt token check failed: UNAUTHENTICATED: Token is expired
07:06:29 orders_arb WARNING gRPC limit failed, falling back to DP server
07:06:29 orders_arb ERROR Limit order error (GAZP@RTSX buy 10@93.89): no response
07:06:29 robot_arb WARNING Entry failed: leg_a_place_failed
07:06:30 robot_arb INFO Z=3.14 (threshold=2.5) — no signal (dup_check=LOCKED)
07:06:30 robot_arb INFO Z=3.05 (threshold=2.5) — no signal (dup_check=LOCKED)
07:06:31 robot_arb INFO Z=3.05 (threshold=2.5) — no signal (dup_check=LOCKED)
07:06:31 robot_arb INFO Z=2.97 (threshold=2.5) — no signal (dup_check=LOCKED)
07:06:32 robot_arb INFO Z=2.97 (threshold=2.5) — no signal (dup_check=LOCKED)
07:06:32 robot_arb INFO Z=2.89 (threshold=2.5) — no signal (dup_check=LOCKED)
07:06:33 robot_arb INFO Z=2.89 (threshold=2.5) — no signal (dup_check=LOCKED)
07:06:33 robot_arb INFO Z=2.82 (threshold=2.5) — no signal (dup_check=LOCKED)
07:06:34 robot_arb INFO Z=2.82 (threshold=2.5) — no signal (dup_check=LOCKED)
07:12:54 robot_arb INFO ⚠️ CHECK_ENTRY returned signal: {'action': 'entry', 'side': 'short_basis', 'z': 3.4136288222849203, 'basis': 8725.5, 'price_a': 93.85, 'price_b': 9664.0}
07:12:54 robot_arb INFO ENTRY SIGNAL short_basis | Z=3.41 basis=8725.50 | A=93.85 B=9664.00 | limit buy 10 @ 93.86 | market sell 1 @ 9659.17
07:12:54 orders_arb INFO gRPC sending: limit buy 10 GAZP@MISX acc=1225950 @ 93.86
07:12:55 orders_arb ERROR gRPC order error (GAZP@RTSX buy 10@93.86): code=StatusCode.INTERNAL details=Jwt token check failed: UNAUTHENTICATED: Token is expired
07:12:55 orders_arb WARNING gRPC limit failed, falling back to DP server
07:12:55 orders_arb ERROR Limit order error (GAZP@RTSX buy 10@93.86): no response
07:12:55 robot_arb WARNING Entry failed: leg_a_place_failed
07:12:55 robot_arb INFO Z=3.41 (threshold=2.5) — no signal (dup_check=LOCKED)
07:12:56 robot_arb INFO Z=3.31 (threshold=2.5) — no signal (dup_check=LOCKED)
07:12:56 robot_arb INFO Z=3.31 (threshold=2.5) — no signal (dup_check=LOCKED)
07:12:57 robot_arb INFO Z=2.80 (threshold=2.5) — no signal (dup_check=LOCKED)
07:12:57 robot_arb INFO Z=2.80 (threshold=2.5) — no signal (dup_check=LOCKED)
07:12:58 robot_arb INFO Z=2.73 (threshold=2.5) — no signal (dup_check=LOCKED)
07:12:58 robot_arb INFO Z=2.73 (threshold=2.5) — no signal (dup_check=LOCKED)
07:12:59 robot_arb INFO Z=2.67 (threshold=2.5) — no signal (dup_check=LOCKED)
07:14:49 robot_arb INFO ⚠️ CHECK_ENTRY returned signal: {'action': 'entry', 'side': 'short_basis', 'z': 2.92460818429293, 'basis': 8720.0, 'price_a': 93.8, 'price_b': 9658.0}
07:14:49 robot_arb INFO ENTRY SIGNAL short_basis | Z=2.92 basis=8720.00 | A=93.80 B=9658.00 | limit buy 10 @ 93.83 | market sell 1 @ 9653.17
07:14:49 orders_arb INFO gRPC sending: limit buy 10 GAZP@MISX acc=1225950 @ 93.83
07:14:49 orders_arb ERROR gRPC order error (GAZP@RTSX buy 10@93.83): code=StatusCode.INTERNAL details=Jwt token check failed: UNAUTHENTICATED: Token is expired
07:14:49 orders_arb WARNING gRPC limit failed, falling back to DP server
07:14:49 orders_arb ERROR Limit order error (GAZP@RTSX buy 10@93.83): no response
07:14:49 robot_arb WARNING Entry failed: leg_a_place_failed
07:14:50 robot_arb INFO Z=2.86 (threshold=2.5) — no signal (dup_check=LOCKED)
07:14:50 robot_arb INFO Z=2.86 (threshold=2.5) — no signal (dup_check=LOCKED)
07:14:51 robot_arb INFO Z=2.79 (threshold=2.5) — no signal (dup_check=LOCKED)
07:21:15 robot_arb INFO Account changed → 1225953-EDP
07:21:15 robot_arb INFO Param updated: ticker_a = GAZP (was GAZP)
07:21:15 robot_arb INFO Param updated: symbol_a = GAZP@RTSX (was GAZP@RTSX)
07:21:15 robot_arb INFO Param updated: ticker_b = GZU6 (was GZU6)
07:21:15 robot_arb INFO Param updated: symbol_b = GZU6@RTSX (was GZU6@RTSX)
07:21:15 robot_arb INFO Param updated: lots_a = 10 (was 10)
07:21:15 robot_arb INFO Param updated: lots_b = 1 (was 1)
07:21:15 robot_arb INFO Param updated: hedge_ratio = 10 (was 10)
07:21:15 robot_arb INFO Param updated: capital = 20000 (was 20000)
07:21:15 robot_arb INFO Param updated: entry_z = 2.2 (was 2.5)
07:21:15 robot_arb INFO Param updated: entry_z_long = -5.7 (was -5.7)
07:21:15 robot_arb INFO Param updated: entry_mode = zscore (was zscore)
07:21:15 robot_arb INFO Param updated: spread_rub_high = 312 (was 312)
07:21:15 robot_arb INFO Param updated: spread_rub_low = 270 (was 270)
07:21:15 robot_arb INFO Param updated: risk_free_rate = 0.1425 (was 0.1425)
07:21:15 robot_arb INFO Param updated: expiration_date = 2026-09-18 (was 2026-09-18)
07:21:15 robot_arb INFO Param updated: contract_size = 100 (was 100)
07:21:15 robot_arb INFO Param updated: lookback = 200 (was 200)
07:21:15 robot_arb INFO Param updated: leg_a_timeout = 5 (was 5)
07:21:15 robot_arb INFO Param updated: min_fill_ratio = 0.5 (was 0.5)
07:21:15 robot_arb INFO Param updated: min_profit_type = rub (was rub)
07:21:15 robot_arb INFO Param updated: min_profit_value = 7.77 (was 7.77)
07:21:15 robot_arb INFO Param updated: risk_type = stop_loss_rub (was stop_loss_rub)
07:21:15 robot_arb INFO Param updated: risk_value = 500000 (was 500000)
07:21:15 robot_arb INFO Param updated: allow_long_basis = True (was True)
07:21:15 robot_arb INFO Param updated: use_commission = True (was True)
07:21:15 robot_arb INFO Param updated: commission_stock_pct = 0.035 (was 0.035)
07:21:15 robot_arb INFO Param updated: commission_futures_rt = 0.9 (was 0.9)
07:21:29 robot_arb INFO ⚠️ CHECK_ENTRY returned signal: {'action': 'entry', 'side': 'short_basis', 'z': 2.9914712372019676, 'basis': 8753.3, 'price_a': 94.17, 'price_b': 9695.0}
07:21:29 robot_arb INFO ENTRY SIGNAL short_basis | Z=2.99 basis=8753.30 | A=94.17 B=9695.00 | limit buy 10 @ 94.17 | market sell 1 @ 9690.15
07:21:29 orders_arb INFO gRPC sending: limit buy 10 GAZP@MISX acc=1225950 @ 94.17
07:21:29 orders_arb ERROR gRPC order error (GAZP@RTSX buy 10@94.17): code=StatusCode.INTERNAL details=Jwt token check failed: UNAUTHENTICATED: Token is expired
07:21:29 orders_arb WARNING gRPC limit failed, falling back to DP server
07:21:29 orders_arb ERROR Limit order error (GAZP@RTSX buy 10@94.17): no response
07:21:29 robot_arb WARNING Entry failed: leg_a_place_failed
07:21:29 robot_arb INFO Z=2.93 (threshold=2.2) — no signal (dup_check=LOCKED)
07:21:30 robot_arb INFO Z=2.93 (threshold=2.2) — no signal (dup_check=LOCKED)
07:21:30 robot_arb INFO Z=2.88 (threshold=2.2) — no signal (dup_check=LOCKED)
07:22:26 robot_arb INFO ⚠️ CHECK_ENTRY returned signal: {'action': 'entry', 'side': 'short_basis', 'z': 4.174457972802376, 'basis': 8754.4, 'price_a': 94.16, 'price_b': 9696.0}
07:22:26 robot_arb INFO ENTRY SIGNAL short_basis | Z=4.17 basis=8754.40 | A=94.16 B=9696.00 | limit buy 10 @ 94.19 | market sell 1 @ 9691.15
07:22:26 orders_arb INFO gRPC sending: limit buy 10 GAZP@MISX acc=1225950 @ 94.19
07:22:26 orders_arb ERROR gRPC order error (GAZP@RTSX buy 10@94.19): code=StatusCode.INTERNAL details=Jwt token check failed: UNAUTHENTICATED: Token is expired
07:22:26 orders_arb WARNING gRPC limit failed, falling back to DP server
07:22:26 orders_arb ERROR Limit order error (GAZP@RTSX buy 10@94.19): no response
07:22:26 robot_arb WARNING Entry failed: leg_a_place_failed
07:22:27 robot_arb INFO Z=4.15 (threshold=2.2) — no signal (dup_check=LOCKED)
07:22:27 robot_arb INFO Z=4.15 (threshold=2.2) — no signal (dup_check=LOCKED)
07:22:28 robot_arb INFO Z=2.21 (threshold=2.2) — no signal (dup_check=LOCKED)
07:22:28 robot_arb INFO Z=2.21 (threshold=2.2) — no signal (dup_check=LOCKED)
07:22:29 robot_arb INFO Z=2.18 (threshold=2.2) — no signal (dup_check=LOCKED)
07:22:29 robot_arb INFO Z=2.18 (threshold=2.2) — no signal (dup_check=LOCKED)
07:22:30 robot_arb INFO Z=2.14 (threshold=2.2) — no signal (dup_check=LOCKED)
07:22:30 robot_arb INFO Z=2.14 (threshold=2.2) — no signal (dup_check=LOCKED)
07:22:31 robot_arb INFO Z=2.12 (threshold=2.2) — no signal (dup_check=LOCKED)
07:22:31 robot_arb INFO Z=2.12 (threshold=2.2) — no signal (dup_check=LOCKED)
07:22:32 robot_arb INFO Z=2.10 (threshold=2.2) — no signal (dup_check=LOCKED)
07:22:32 robot_arb INFO Z=2.10 (threshold=2.2) — no signal (dup_check=LOCKED)
07:22:33 robot_arb INFO Z=2.07 (threshold=2.2) — no signal (dup_check=LOCKED)
07:22:34 robot_arb INFO Z=2.04 (threshold=2.2) — no signal (dup_check=LOCKED)
07:22:34 robot_arb INFO Z=2.04 (threshold=2.2) — no signal (dup_check=LOCKED)
07:22:35 robot_arb INFO Z=2.01 (threshold=2.2) — no signal (dup_check=LOCKED)
07:22:35 robot_arb INFO Z=2.01 (threshold=2.2) — no signal (dup_check=LOCKED)
07:22:39 robot_arb INFO Account changed → 1225953-EDP
07:22:40 robot_arb INFO Param updated: ticker_a = GAZP (was GAZP)
07:22:40 robot_arb INFO Param updated: symbol_a = GAZP@RTSX (was GAZP@RTSX)
07:22:40 robot_arb INFO Param updated: ticker_b = GZU6 (was GZU6)
07:22:40 robot_arb INFO Param updated: symbol_b = GZU6@RTSX (was GZU6@RTSX)
07:22:40 robot_arb INFO Param updated: lots_a = 10 (was 10)
07:22:40 robot_arb INFO Param updated: lots_b = 1 (was 1)
07:22:40 robot_arb INFO Param updated: hedge_ratio = 10 (was 10)
07:22:40 robot_arb INFO Param updated: capital = 20000 (was 20000)
07:22:40 robot_arb INFO Param updated: entry_z = 2 (was 2.2)
07:22:40 robot_arb INFO Param updated: entry_z_long = -5.7 (was -5.7)
07:22:40 robot_arb INFO Param updated: entry_mode = zscore (was zscore)
07:22:40 robot_arb INFO Param updated: spread_rub_high = 312 (was 312)
07:22:40 robot_arb INFO Param updated: spread_rub_low = 270 (was 270)
07:22:40 robot_arb INFO Param updated: risk_free_rate = 0.1425 (was 0.1425)
07:22:40 robot_arb INFO Param updated: expiration_date = 2026-09-18 (was 2026-09-18)
07:22:40 robot_arb INFO Param updated: contract_size = 100 (was 100)
07:22:40 robot_arb INFO Param updated: lookback = 200 (was 200)
07:22:40 robot_arb INFO Param updated: leg_a_timeout = 5 (was 5)
07:22:40 robot_arb INFO Param updated: min_fill_ratio = 0.5 (was 0.5)
07:22:40 robot_arb INFO Param updated: min_profit_type = rub (was rub)
07:22:40 robot_arb INFO Param updated: min_profit_value = 7.77 (was 7.77)
07:22:40 robot_arb INFO Param updated: risk_type = stop_loss_rub (was stop_loss_rub)
07:22:40 robot_arb INFO Param updated: risk_value = 500000 (was 500000)
07:22:40 robot_arb INFO Param updated: allow_long_basis = True (was True)
07:22:40 robot_arb INFO Param updated: use_commission = True (was True)
07:22:40 robot_arb INFO Param updated: commission_stock_pct = 0.035 (was 0.035)
07:22:40 robot_arb INFO Param updated: commission_futures_rt = 0.9 (was 0.9)
07:23:54 robot_arb INFO ⚠️ CHECK_ENTRY returned signal: {'action': 'entry', 'side': 'short_basis', 'z': 2.1258873170562906, 'basis': 8740.6, 'price_a': 94.04, 'price_b': 9681.0}
07:23:54 robot_arb INFO ENTRY SIGNAL short_basis | Z=2.13 basis=8740.60 | A=94.04 B=9681.00 | limit buy 10 @ 94.05 | market sell 1 @ 9676.16
07:23:54 orders_arb INFO gRPC sending: limit buy 10 GAZP@MISX acc=1225950 @ 94.05
07:23:54 orders_arb ERROR gRPC order error (GAZP@RTSX buy 10@94.05): code=StatusCode.INTERNAL details=Jwt token check failed: UNAUTHENTICATED: Token is expired
07:23:54 orders_arb WARNING gRPC limit failed, falling back to DP server
07:23:54 orders_arb ERROR Limit order error (GAZP@RTSX buy 10@94.05): no response
07:23:54 robot_arb WARNING Entry failed: leg_a_place_failed
07:23:55 robot_arb INFO Z=2.13 (threshold=2) — no signal (dup_check=LOCKED)
07:23:55 robot_arb INFO Z=2.11 (threshold=2) — no signal (dup_check=LOCKED)
07:23:56 robot_arb INFO Z=2.11 (threshold=2) — no signal (dup_check=LOCKED)
07:23:56 robot_arb INFO Z=2.07 (threshold=2) — no signal (dup_check=LOCKED)
07:24:38 robot_arb INFO Z=1.93 (threshold=2) — no signal (dup_check=False)
07:24:38 robot_arb INFO Z=1.92 (threshold=2) — no signal (dup_check=False)
07:24:39 robot_arb INFO Z=1.92 (threshold=2) — no signal (dup_check=False)
07:24:39 robot_arb INFO Z=1.91 (threshold=2) — no signal (dup_check=False)
07:24:40 robot_arb INFO Z=1.91 (threshold=2) — no signal (dup_check=False)
07:24:40 robot_arb INFO Z=1.89 (threshold=2) — no signal (dup_check=False)
07:24:41 robot_arb INFO Z=1.89 (threshold=2) — no signal (dup_check=False)
07:24:41 robot_arb INFO Z=1.86 (threshold=2) — no signal (dup_check=False)
07:24:42 robot_arb INFO Z=1.86 (threshold=2) — no signal (dup_check=False)
07:24:42 robot_arb INFO Z=1.83 (threshold=2) — no signal (dup_check=False)
07:24:46 robot_arb INFO Z=1.80 (threshold=2) — no signal (dup_check=False)
07:25:01 robot_arb INFO ⚠️ CHECK_ENTRY returned signal: {'action': 'entry', 'side': 'short_basis', 'z': 3.7214881196143224, 'basis': 8761.8, 'price_a': 94.22, 'price_b': 9704.0}
07:25:01 robot_arb INFO ENTRY SIGNAL short_basis | Z=3.72 basis=8761.80 | A=94.22 B=9704.00 | limit buy 10 @ 94.24 | market sell 1 @ 9699.15
07:25:01 orders_arb INFO gRPC sending: limit buy 10 GAZP@MISX acc=1225950 @ 94.24
07:25:01 orders_arb ERROR gRPC order error (GAZP@RTSX buy 10@94.24): code=StatusCode.INTERNAL details=Jwt token check failed: UNAUTHENTICATED: Token is expired
07:25:01 orders_arb WARNING gRPC limit failed, falling back to DP server
07:25:01 orders_arb ERROR Limit order error (GAZP@RTSX buy 10@94.24): no response
07:25:01 robot_arb WARNING Entry failed: leg_a_place_failed
07:25:18 robot_arb INFO Z=1.87 (threshold=2) — no signal (dup_check=False)
07:25:19 robot_arb INFO Z=1.87 (threshold=2) — no signal (dup_check=False)
07:25:19 robot_arb INFO Z=1.85 (threshold=2) — no signal (dup_check=False)
07:25:20 robot_arb INFO Z=1.85 (threshold=2) — no signal (dup_check=False)
07:27:12 robot_arb INFO Account changed → 1225953-EDP
07:27:12 robot_arb INFO Param updated: ticker_a = GAZP (was GAZP)
07:27:12 robot_arb INFO Param updated: symbol_a = GAZP@RTSX (was GAZP@RTSX)
07:27:12 robot_arb INFO Param updated: ticker_b = GZU6 (was GZU6)
07:27:12 robot_arb INFO Param updated: symbol_b = GZU6@RTSX (was GZU6@RTSX)
07:27:12 robot_arb INFO Param updated: lots_a = 10 (was 10)
07:27:12 robot_arb INFO Param updated: lots_b = 1 (was 1)
07:27:12 robot_arb INFO Param updated: hedge_ratio = 10 (was 10)
07:27:12 robot_arb INFO Param updated: capital = 20000 (was 20000)
07:27:12 robot_arb INFO Param updated: entry_z = 2 (was 2)
07:27:12 robot_arb INFO Param updated: entry_z_long = -5.7 (was -5.7)
07:27:12 robot_arb INFO Param updated: entry_mode = zscore (was zscore)
07:27:12 robot_arb INFO Param updated: spread_rub_high = 312 (was 312)
07:27:12 robot_arb INFO Param updated: spread_rub_low = 270 (was 270)
07:27:12 robot_arb INFO Param updated: risk_free_rate = 0.1425 (was 0.1425)
07:27:12 robot_arb INFO Param updated: expiration_date = 2026-09-18 (was 2026-09-18)
07:27:12 robot_arb INFO Param updated: contract_size = 100 (was 100)
07:27:12 robot_arb INFO Param updated: lookback = 200 (was 200)
07:27:12 robot_arb INFO Param updated: leg_a_timeout = 5 (was 5)
07:27:12 robot_arb INFO Param updated: min_fill_ratio = 0.5 (was 0.5)
07:27:12 robot_arb INFO Param updated: min_profit_type = rub (was rub)
07:27:12 robot_arb INFO Param updated: min_profit_value = 7.77 (was 7.77)
07:27:12 robot_arb INFO Param updated: risk_type = stop_loss_rub (was stop_loss_rub)
07:27:12 robot_arb INFO Param updated: risk_value = 500000 (was 500000)
07:27:12 robot_arb INFO Param updated: allow_long_basis = True (was True)
07:27:12 robot_arb INFO Param updated: use_commission = True (was True)
07:27:12 robot_arb INFO Param updated: commission_stock_pct = 0.035 (was 0.035)
07:27:12 robot_arb INFO Param updated: commission_futures_rt = 0.9 (was 0.9)
07:29:30 robot_arb INFO Z=1.91 (threshold=2) — no signal (dup_check=False)
07:29:31 robot_arb INFO Z=1.88 (threshold=2) — no signal (dup_check=False)
07:29:31 robot_arb INFO Z=1.88 (threshold=2) — no signal (dup_check=False)
07:29:32 robot_arb INFO Z=1.86 (threshold=2) — no signal (dup_check=False)
07:29:32 robot_arb INFO Z=1.86 (threshold=2) — no signal (dup_check=False)
07:29:33 robot_arb INFO Z=1.83 (threshold=2) — no signal (dup_check=False)
07:29:33 robot_arb INFO Z=1.83 (threshold=2) — no signal (dup_check=False)
07:29:34 robot_arb INFO Z=1.81 (threshold=2) — no signal (dup_check=False)
07:29:34 robot_arb INFO Z=1.81 (threshold=2) — no signal (dup_check=False)
07:29:46 robot_arb INFO Z=1.90 (threshold=2) — no signal (dup_check=False)
07:29:47 robot_arb INFO Z=1.87 (threshold=2) — no signal (dup_check=False)
07:29:47 robot_arb INFO Z=1.87 (threshold=2) — no signal (dup_check=False)
07:29:48 robot_arb INFO Z=1.85 (threshold=2) — no signal (dup_check=False)
07:29:48 robot_arb INFO Z=1.85 (threshold=2) — no signal (dup_check=False)
07:29:49 robot_arb INFO Z=1.82 (threshold=2) — no signal (dup_check=False)
07:29:49 robot_arb INFO Z=1.82 (threshold=2) — no signal (dup_check=False)
07:29:56 robot_arb INFO ⚠️ CHECK_ENTRY returned signal: {'action': 'entry', 'side': 'short_basis', 'z': 2.3962049357166704, 'basis': 8764.5, 'price_a': 94.25, 'price_b': 9707.0}
07:29:56 robot_arb INFO ENTRY SIGNAL short_basis | Z=2.40 basis=8764.50 | A=94.25 B=9707.00 | limit buy 10 @ 94.27 | market sell 1 @ 9702.15
07:29:56 orders_arb INFO gRPC sending: limit buy 10 GAZP@MISX acc=1225950 @ 94.27
07:29:56 orders_arb ERROR gRPC order error (GAZP@RTSX buy 10@94.27): code=StatusCode.INTERNAL details=Jwt token check failed: UNAUTHENTICATED: Token is expired
07:29:56 orders_arb WARNING gRPC limit failed, falling back to DP server
07:29:56 orders_arb ERROR Limit order error (GAZP@RTSX buy 10@94.27): no response
07:29:56 robot_arb WARNING Entry failed: leg_a_place_failed
07:29:57 robot_arb INFO Z=2.35 (threshold=2) — no signal (dup_check=LOCKED)
07:29:57 robot_arb INFO Z=2.35 (threshold=2) — no signal (dup_check=LOCKED)
07:29:58 robot_arb INFO Z=2.31 (threshold=2) — no signal (dup_check=LOCKED)
07:29:58 robot_arb INFO Z=2.31 (threshold=2) — no signal (dup_check=LOCKED)
07:29:59 robot_arb INFO Z=2.27 (threshold=2) — no signal (dup_check=LOCKED)
07:29:59 robot_arb INFO Z=2.27 (threshold=2) — no signal (dup_check=LOCKED)
07:30:00 robot_arb INFO Z=2.23 (threshold=2) — no signal (dup_check=LOCKED)
07:30:00 robot_arb INFO Z=2.23 (threshold=2) — no signal (dup_check=LOCKED)
07:30:01 robot_arb INFO Z=2.19 (threshold=2) — no signal (dup_check=LOCKED)
07:30:01 robot_arb INFO Z=2.19 (threshold=2) — no signal (dup_check=LOCKED)
07:30:02 robot_arb INFO Signal 15 — shutting down...
07:30:09 robot_arb INFO === Arbitrage Robot v1 ===
07:30:09 robot_arb INFO Pair: GAZP / GZU6
07:30:09 robot_arb INFO Account: 1225953 | Port: 5090 | Paper: False
07:30:09 robot_arb INFO Params: entry_z=2 lookback=200 lots_a=10 lots_b=1 hedge_ratio=10
07:30:09 robot_arb INFO Min profit: rub=7.77
07:30:09 robot_arb INFO Risk: stop_loss_rub=500000
07:30:09 robot_arb INFO State loaded: pnl=31013 trades=211 mode=stopped
07:30:10 robot_arb INFO FinamPy connected. Accounts: ['1225950', '1225951', '1225952', '1225953']
07:30:10 robot_arb INFO Orders manager linked to FinamPy gRPC
07:30:10 robot_arb INFO Subscribed OrderBook: GAZP@RTSX, GZU6@RTSX
07:30:10 robot_arb INFO Subscribed Quotes: GAZP@RTSX, GZU6@RTSX
07:30:10 robot_arb INFO Warmup: waiting 10 sec for data streams...
07:30:20 robot_arb INFO Warmup done. OB_A: False OB_B: False
07:30:20 robot_arb INFO MOEX ISS poller started (fallback for stock prices)
07:30:20 robot_arb INFO Main loop started
07:30:21 robot_arb INFO API listening on :5090
07:30:21 robot_arb INFO Endpoints: GET /status /health /params | POST /start /stop /pause /params
07:31:06 robot_arb INFO Mode → RUNNING
07:31:21 robot_arb INFO Z=1.82 (threshold=2) — no signal (dup_check=False)
07:31:22 robot_arb INFO Z=1.82 (threshold=2) — no signal (dup_check=False)
07:32:14 robot_arb INFO Z=2.40 (threshold=2) — no signal (dup_check=False)
07:33:06 robot_arb INFO Z=1.86 (threshold=2) — no signal (dup_check=False)
07:33:26 robot_arb INFO Z=1.86 (threshold=2) — no signal (dup_check=False)
07:33:27 robot_arb INFO Z=1.86 (threshold=2) — no signal (dup_check=False)
07:33:27 robot_arb INFO Z=1.84 (threshold=2) — no signal (dup_check=False)
07:33:28 robot_arb INFO Z=1.84 (threshold=2) — no signal (dup_check=False)
07:33:28 robot_arb INFO Z=1.81 (threshold=2) — no signal (dup_check=False)
07:33:29 robot_arb INFO Z=1.81 (threshold=2) — no signal (dup_check=False)
07:34:18 robot_arb INFO ⚠️ CHECK_ENTRY returned signal: {'action': 'entry', 'side': 'short_basis', 'z': 2.078767643731826, 'basis': 8754.8, 'price_a': 94.12, 'price_b': 9696.0}
07:34:18 robot_arb INFO ENTRY SIGNAL short_basis | Z=2.08 basis=8754.80 | A=94.12 B=9696.00 | limit buy 10 @ 94.12 | market sell 1 @ 9691.15
07:34:18 orders_arb INFO gRPC sending: limit buy 10 GAZP@MISX acc=1225950 @ 94.12
07:34:18 orders_arb INFO gRPC limit placed: buy 10 GAZP@MISX acc=1225950 @ 94.12 id=81192793773
07:34:18 orders_arb INFO Leg A filled 10@94.12 → executing leg B market 1
07:34:18 orders_arb INFO gRPC sending: market sell 1 GZU6@RTSX acc=1225953 @ MKT
07:34:18 orders_arb INFO gRPC market placed: sell 1 GZU6@RTSX acc=1225953 @ MKT id=1896048076284785728
07:34:18 strategy_arb INFO LAYER #1 OPEN SHORT | A=94.12 ×10 | B=0.00 ×1 | basis=-941.20 Z=2.08 | layers=1
07:34:18 robot_arb INFO LAYER OPEN SHORT_BASIS #1 | A=94.12 ×10 | B=0.00 ×1 | basis=8757.80 Z=2.08 | layers=1 used_capital=11,343
07:34:19 robot_arb INFO Z=2.77 (threshold=2) — no signal (dup_check=LOCKED)
07:34:19 robot_arb INFO Z=2.77 (threshold=2) — no signal (dup_check=LOCKED)
07:34:20 robot_arb INFO Z=2.71 (threshold=2) — no signal (dup_check=LOCKED)
07:34:20 robot_arb INFO Z=2.71 (threshold=2) — no signal (dup_check=False)
07:34:21 robot_arb INFO Z=2.65 (threshold=2) — no signal (dup_check=False)
07:34:21 robot_arb INFO Z=2.65 (threshold=2) — no signal (dup_check=False)
07:34:22 robot_arb INFO Z=2.60 (threshold=2) — no signal (dup_check=False)
07:34:22 robot_arb INFO Z=2.60 (threshold=2) — no signal (dup_check=False)
07:34:48 robot_arb INFO Z=1.94 (threshold=2) — no signal (dup_check=False)
07:34:49 robot_arb INFO Z=1.91 (threshold=2) — no signal (dup_check=False)
07:34:49 robot_arb INFO Z=1.91 (threshold=2) — no signal (dup_check=False)
07:34:50 robot_arb INFO Z=1.89 (threshold=2) — no signal (dup_check=False)
07:36:55 robot_arb INFO Z=3.67 (threshold=2) — no signal (dup_check=False)
07:36:55 robot_arb INFO Z=3.54 (threshold=2) — no signal (dup_check=False)
07:36:56 robot_arb INFO Z=3.54 (threshold=2) — no signal (dup_check=False)
07:36:56 robot_arb INFO Z=3.41 (threshold=2) — no signal (dup_check=False)
07:36:57 robot_arb INFO Z=3.41 (threshold=2) — no signal (dup_check=False)
07:36:57 robot_arb INFO Z=3.30 (threshold=2) — no signal (dup_check=False)
07:36:58 robot_arb INFO Z=3.30 (threshold=2) — no signal (dup_check=False)
07:36:58 robot_arb INFO Z=3.20 (threshold=2) — no signal (dup_check=False)
07:36:59 robot_arb INFO Z=3.20 (threshold=2) — no signal (dup_check=False)
07:38:03 robot_arb ERROR GET error: [Errno 32] Broken pipe
Traceback (most recent call last):
  File "/root/.openclaw/workspace/HedgeFund/robot/main_arb.py", line 696, in do_GET
    self._json(200, status)
  File "/root/.openclaw/workspace/HedgeFund/robot/main_arb.py", line 671, in _json
    self.wfile.write(body)
  File "/usr/lib/python3.12/socketserver.py", line 840, in write
    self._sock.sendall(b)
BrokenPipeError: [Errno 32] Broken pipe
07:38:19 robot_arb INFO Account changed → 1225950
07:38:19 robot_arb INFO Param updated: ticker_a = GAZP (was GAZP)
07:38:19 robot_arb INFO Param updated: symbol_a = GAZP@RTSX (was GAZP@RTSX)
07:38:19 robot_arb INFO Param updated: ticker_b = GZU6 (was GZU6)
07:38:19 robot_arb INFO Param updated: symbol_b = GZU6@RTSX (was GZU6@RTSX)
07:38:19 robot_arb INFO Param updated: lots_a = 10 (was 10)
07:38:19 robot_arb INFO Param updated: lots_b = 1 (was 1)
07:38:19 robot_arb INFO Param updated: hedge_ratio = 10 (was 10)
07:38:19 robot_arb INFO Param updated: capital = 20000 (was 20000)
07:38:19 robot_arb INFO Param updated: entry_z = 2.5 (was 2)
07:38:19 robot_arb INFO Param updated: entry_z_long = -5.7 (was -5.7)
07:38:19 robot_arb INFO Param updated: entry_mode = zscore (was zscore)
07:38:19 robot_arb INFO Param updated: spread_rub_high = 312 (was 312)
07:38:19 robot_arb INFO Param updated: spread_rub_low = 270 (was 270)
07:38:19 robot_arb INFO Param updated: risk_free_rate = 0.1425 (was 0.1425)
07:38:19 robot_arb INFO Param updated: expiration_date = 2026-09-18 (was 2026-09-18)
07:38:19 robot_arb INFO Param updated: contract_size = 100 (was 100)
07:38:19 robot_arb INFO Param updated: lookback = 200 (was 200)
07:38:19 robot_arb INFO Param updated: leg_a_timeout = 5 (was 5)
07:38:19 robot_arb INFO Param updated: min_fill_ratio = 0.5 (was 0.5)
07:38:19 robot_arb INFO Param updated: min_profit_type = rub (was rub)
07:38:19 robot_arb INFO Param updated: min_profit_value = 7.77 (was 7.77)
07:38:19 robot_arb INFO Param updated: risk_type = stop_loss_rub (was stop_loss_rub)
07:38:19 robot_arb INFO Param updated: risk_value = 500000 (was 500000)
07:38:19 robot_arb INFO Param updated: allow_long_basis = True (was True)
07:38:19 robot_arb INFO Param updated: use_commission = True (was True)
07:38:19 robot_arb INFO Param updated: commission_stock_pct = 0.035 (was 0.035)
07:38:19 robot_arb INFO Param updated: commission_futures_rt = 0.9 (was 0.9)
07:43:50 robot_arb INFO Z=4.97 (threshold=2.5) — no signal (dup_check=False)
07:43:51 robot_arb INFO Z=4.97 (threshold=2.5) — no signal (dup_check=False)
07:43:51 robot_arb INFO Z=4.67 (threshold=2.5) — no signal (dup_check=False)
07:43:52 robot_arb INFO Z=4.67 (threshold=2.5) — no signal (dup_check=False)
07:43:53 robot_arb INFO Z=4.42 (threshold=2.5) — no signal (dup_check=False)
07:43:53 robot_arb INFO Z=5.39 (threshold=2.5) — no signal (dup_check=False)
07:43:54 robot_arb INFO Z=5.02 (threshold=2.5) — no signal (dup_check=False)
07:43:54 robot_arb INFO Z=5.02 (threshold=2.5) — no signal (dup_check=False)
07:43:55 robot_arb INFO Z=4.71 (threshold=2.5) — no signal (dup_check=False)
07:43:55 robot_arb INFO Z=4.71 (threshold=2.5) — no signal (dup_check=False)
07:43:56 robot_arb INFO Z=2.67 (threshold=2.5) — no signal (dup_check=False)
07:43:56 robot_arb INFO Z=2.67 (threshold=2.5) — no signal (dup_check=False)
07:43:57 robot_arb INFO Z=2.62 (threshold=2.5) — no signal (dup_check=False)
07:43:57 robot_arb INFO Z=2.62 (threshold=2.5) — no signal (dup_check=False)
07:43:58 robot_arb INFO Z=2.57 (threshold=2.5) — no signal (dup_check=False)
07:43:58 robot_arb INFO Z=2.57 (threshold=2.5) — no signal (dup_check=False)
07:43:59 robot_arb INFO Z=2.52 (threshold=2.5) — no signal (dup_check=False)
07:43:59 robot_arb INFO Z=2.52 (threshold=2.5) — no signal (dup_check=False)
07:44:00 robot_arb INFO Z=2.47 (threshold=2.5) — no signal (dup_check=False)
07:48:13 robot_arb INFO Signal 15 — shutting down...
07:48:15 robot_arb INFO === Arbitrage Robot v1 ===
07:48:15 robot_arb INFO Pair: GAZP / GZU6
07:48:15 robot_arb INFO Account: 1225953 | Port: 5090 | Paper: False
07:48:15 robot_arb INFO Params: entry_z=2.5 lookback=200 lots_a=10 lots_b=1 hedge_ratio=10
07:48:15 robot_arb INFO Min profit: rub=7.77
07:48:15 robot_arb INFO Risk: stop_loss_rub=500000
07:48:15 robot_arb INFO State loaded: pnl=31013 trades=211 mode=stopped
07:48:16 robot_arb INFO FinamPy connected. Accounts: ['1225950', '1225951', '1225952', '1225953']
07:48:16 robot_arb INFO Orders manager linked to FinamPy gRPC
07:48:16 robot_arb INFO Subscribed OrderBook: GAZP@RTSX, GZU6@RTSX
07:48:16 robot_arb INFO Subscribed Quotes: GAZP@RTSX, GZU6@RTSX
07:48:16 robot_arb INFO Warmup: waiting 10 sec for data streams...
07:48:26 robot_arb INFO Warmup done. OB_A: False OB_B: False
07:48:26 robot_arb INFO MOEX ISS poller started (fallback for stock prices)
07:48:26 robot_arb INFO Main loop started
07:48:26 robot_arb INFO API listening on :5090
07:48:26 robot_arb INFO Endpoints: GET /status /health /params | POST /start /stop /pause /params
07:49:27 robot_arb INFO Mode → RUNNING
07:50:23 robot_arb INFO EXIT ALL 1 layers — reason=manual_stop
07:50:23 robot_arb INFO EXIT layer #1 reason=manual_stop | limit sell 10 @ 93.98 | market buy 1 @ 9679.84
07:50:23 orders_arb INFO gRPC sending: limit sell 10 GAZP@MISX acc=1225950 @ 93.98
07:50:23 orders_arb INFO gRPC limit placed: sell 10 GAZP@MISX acc=1225950 @ 93.98 id=81194760381
07:50:29 orders_arb WARNING gRPC cancel error 81194760381: <_InactiveRpcError of RPC that terminated with:
	status = StatusCode.NOT_FOUND
	
07:50:34 orders_arb ERROR Cancel exception: HTTPConnectionPool(host='localhost', port=5060): Read timed out. (read timeout=5.0)
07:50:34 robot_arb ERROR Exit failed layer #1: leg_a_timeout — retrying next tick
07:50:34 robot_arb INFO Mode → STOPPED
07:50:37 robot_arb INFO Signal 15 — shutting down...
07:50:39 robot_arb INFO === Arbitrage Robot v1 ===
07:50:39 robot_arb INFO Pair: GAZP / GZU6
07:50:39 robot_arb INFO Account: 1225953 | Port: 5090 | Paper: False
07:50:39 robot_arb INFO Params: entry_z=2.5 lookback=200 lots_a=10 lots_b=1 hedge_ratio=10
07:50:39 robot_arb INFO Min profit: rub=7.77
07:50:39 robot_arb INFO Risk: stop_loss_rub=500000
07:50:39 robot_arb INFO State loaded: pnl=31013 trades=211 mode=stopped
07:50:40 robot_arb INFO FinamPy connected. Accounts: ['1225950', '1225951', '1225952', '1225953']
07:50:40 robot_arb INFO Orders manager linked to FinamPy gRPC
07:50:40 robot_arb INFO Subscribed OrderBook: GAZP@RTSX, GZU6@RTSX
07:50:40 robot_arb INFO Subscribed Quotes: GAZP@RTSX, GZU6@RTSX
07:50:40 robot_arb INFO Warmup: waiting 10 sec for data streams...
07:50:50 robot_arb INFO Warmup done. OB_A: False OB_B: False
07:50:50 robot_arb INFO MOEX ISS poller started (fallback for stock prices)
07:50:50 robot_arb INFO Main loop started
07:50:50 robot_arb INFO API listening on :5090
07:50:50 robot_arb INFO Endpoints: GET /status /health /params | POST /start /stop /pause /params
07:50:54 robot_arb INFO Mode → RUNNING
07:51:01 robot_arb INFO Z=2.64 (threshold=2.5) — no signal (dup_check=False)
07:51:01 robot_arb INFO Z=2.64 (threshold=2.5) — no signal (dup_check=False)
07:51:42 robot_arb INFO EXIT ALL 1 layers — reason=manual_stop
07:51:42 robot_arb INFO EXIT layer #1 reason=manual_stop | limit sell 10 @ 93.99 | market buy 1 @ 9680.84
07:51:42 orders_arb INFO gRPC sending: limit sell 10 GAZP@MISX acc=1225950 @ 93.99
07:51:42 orders_arb INFO gRPC limit placed: sell 10 GAZP@MISX acc=1225950 @ 93.99 id=81194963592
07:51:48 orders_arb WARNING gRPC cancel error 81194963592: <_InactiveRpcError of RPC that terminated with:
	status = StatusCode.NOT_FOUND
	
07:51:53 orders_arb ERROR Cancel exception: HTTPConnectionPool(host='localhost', port=5060): Read timed out. (read timeout=5.0)
07:51:53 robot_arb ERROR Exit failed layer #1: leg_a_timeout — retrying next tick
07:51:53 robot_arb INFO Mode → STOPPED
07:51:55 robot_arb INFO Signal 15 — shutting down...
07:52:08 robot_arb INFO === Arbitrage Robot v1 ===
07:52:08 robot_arb INFO Pair: GAZP / GZU6
07:52:08 robot_arb INFO Account: 1225953 | Port: 5090 | Paper: False
07:52:08 robot_arb INFO Params: entry_z=2.5 lookback=200 lots_a=10 lots_b=1 hedge_ratio=10
07:52:08 robot_arb INFO Min profit: rub=7.77
07:52:08 robot_arb INFO Risk: stop_loss_rub=500000
07:52:08 robot_arb INFO State loaded: pnl=31013 trades=211 mode=stopped
07:52:09 robot_arb INFO FinamPy connected. Accounts: ['1225950', '1225951', '1225952', '1225953']
07:52:09 robot_arb INFO Orders manager linked to FinamPy gRPC
07:52:09 robot_arb INFO Subscribed OrderBook: GAZP@RTSX, GZU6@RTSX
07:52:09 robot_arb INFO Subscribed Quotes: GAZP@RTSX, GZU6@RTSX
07:52:09 robot_arb INFO Warmup: waiting 10 sec for data streams...
07:52:19 robot_arb INFO Warmup done. OB_A: False OB_B: False
07:52:19 robot_arb INFO MOEX ISS poller started (fallback for stock prices)
07:52:19 robot_arb INFO Main loop started
07:52:19 robot_arb INFO API listening on :5090
07:52:19 robot_arb INFO Endpoints: GET /status /health /params | POST /start /stop /pause /params
07:52:23 robot_arb INFO Mode → RUNNING
07:53:03 robot_arb INFO Z=2.50 (threshold=2.5) — no signal (dup_check=False)
07:53:04 robot_arb INFO Z=2.32 (threshold=2.5) — no signal (dup_check=False)
07:53:04 robot_arb INFO Z=2.32 (threshold=2.5) — no signal (dup_check=False)
07:53:42 robot_arb INFO Account changed → 1225950
07:53:42 robot_arb INFO Param updated: ticker_a = GAZP (was GAZP)
07:53:42 robot_arb INFO Param updated: symbol_a = GAZP@RTSX (was GAZP@RTSX)
07:53:42 robot_arb INFO Param updated: ticker_b = GZU6 (was GZU6)
07:53:42 robot_arb INFO Param updated: symbol_b = GZU6@RTSX (was GZU6@RTSX)
07:53:42 robot_arb INFO Param updated: lots_a = 10 (was 10)
07:53:42 robot_arb INFO Param updated: lots_b = 1 (was 1)
07:53:42 robot_arb INFO Param updated: hedge_ratio = 10 (was 10)
07:53:42 robot_arb INFO Param updated: capital = 20000 (was 20000)
07:53:42 robot_arb INFO Param updated: entry_z = 2.7 (was 2.5)
07:53:42 robot_arb INFO Param updated: entry_z_long = -5.7 (was -5.7)
07:53:42 robot_arb INFO Param updated: entry_mode = zscore (was zscore)
07:53:42 robot_arb INFO Param updated: spread_rub_high = 312 (was 312)
07:53:42 robot_arb INFO Param updated: spread_rub_low = 270 (was 270)
07:53:42 robot_arb INFO Param updated: risk_free_rate = 0.1425 (was 0.1425)
07:53:42 robot_arb INFO Param updated: expiration_date = 2026-09-18 (was 2026-09-18)
07:53:42 robot_arb INFO Param updated: contract_size = 100 (was 100)
07:53:42 robot_arb INFO Param updated: lookback = 200 (was 200)
07:53:42 robot_arb INFO Param updated: leg_a_timeout = 5 (was 5)
07:53:42 robot_arb INFO Param updated: min_fill_ratio = 0.5 (was 0.5)
07:53:42 robot_arb INFO Param updated: min_profit_type = rub (was rub)
07:53:42 robot_arb INFO Param updated: min_profit_value = 7.77 (was 7.77)
07:53:42 robot_arb INFO Param updated: risk_type = stop_loss_rub (was stop_loss_rub)
07:53:42 robot_arb INFO Param updated: risk_value = 500000 (was 500000)
07:53:42 robot_arb INFO Param updated: allow_long_basis = True (was True)
07:53:42 robot_arb INFO Param updated: use_commission = True (was True)
07:53:42 robot_arb INFO Param updated: commission_stock_pct = 0.035 (was 0.035)
07:53:42 robot_arb INFO Param updated: commission_futures_rt = 0.9 (was 0.9)
07:53:55 robot_arb INFO Account changed → 1225950
07:53:55 robot_arb INFO Param updated: ticker_a = GAZP (was GAZP)
07:53:55 robot_arb INFO Param updated: symbol_a = GAZP@RTSX (was GAZP@RTSX)
07:53:55 robot_arb INFO Param updated: ticker_b = GZU6 (was GZU6)
07:53:55 robot_arb INFO Param updated: symbol_b = GZU6@RTSX (was GZU6@RTSX)
07:53:55 robot_arb INFO Param updated: lots_a = 10 (was 10)
07:53:55 robot_arb INFO Param updated: lots_b = 1 (was 1)
07:53:55 robot_arb INFO Param updated: hedge_ratio = 10 (was 10)
07:53:55 robot_arb INFO Param updated: capital = 20000 (was 20000)
07:53:55 robot_arb INFO Param updated: entry_z = 2.7 (was 2.7)
07:53:55 robot_arb INFO Param updated: entry_z_long = -5.7 (was -5.7)
07:53:55 robot_arb INFO Param updated: entry_mode = zscore (was zscore)
07:53:55 robot_arb INFO Param updated: spread_rub_high = 312 (was 312)
07:53:55 robot_arb INFO Param updated: spread_rub_low = 270 (was 270)
07:53:55 robot_arb INFO Param updated: risk_free_rate = 0.1425 (was 0.1425)
07:53:55 robot_arb INFO Param updated: expiration_date = 2026-09-18 (was 2026-09-18)
07:53:55 robot_arb INFO Param updated: contract_size = 100 (was 100)
07:53:55 robot_arb INFO Param updated: lookback = 200 (was 200)
07:53:55 robot_arb INFO Param updated: leg_a_timeout = 5 (was 5)
07:53:55 robot_arb INFO Param updated: min_fill_ratio = 0.5 (was 0.5)
07:53:55 robot_arb INFO Param updated: min_profit_type = rub (was rub)
07:53:55 robot_arb INFO Param updated: min_profit_value = 7.77 (was 7.77)
07:53:55 robot_arb INFO Param updated: risk_type = stop_loss_rub (was stop_loss_rub)
07:53:55 robot_arb INFO Param updated: risk_value = 500000 (was 500000)
07:53:55 robot_arb INFO Param updated: allow_long_basis = False (was True)
07:53:55 robot_arb INFO Param updated: use_commission = True (was True)
07:53:55 robot_arb INFO Param updated: commission_stock_pct = 0.035 (was 0.035)
07:53:55 robot_arb INFO Param updated: commission_futures_rt = 0.9 (was 0.9)
07:54:03 robot_arb INFO Account changed → 1225950
07:54:03 robot_arb INFO Param updated: ticker_a = GAZP (was GAZP)
07:54:03 robot_arb INFO Param updated: symbol_a = GAZP@RTSX (was GAZP@RTSX)
07:54:03 robot_arb INFO Param updated: ticker_b = GZU6 (was GZU6)
07:54:03 robot_arb INFO Param updated: symbol_b = GZU6@RTSX (was GZU6@RTSX)
07:54:03 robot_arb INFO Param updated: lots_a = 10 (was 10)
07:54:03 robot_arb INFO Param updated: lots_b = 1 (was 1)
07:54:03 robot_arb INFO Param updated: hedge_ratio = 10 (was 10)
07:54:03 robot_arb INFO Param updated: capital = 20000 (was 20000)
07:54:03 robot_arb INFO Param updated: entry_z = 2.7 (was 2.7)
07:54:03 robot_arb INFO Param updated: entry_z_long = -5.7 (was -5.7)
07:54:03 robot_arb INFO Param updated: entry_mode = zscore (was zscore)
07:54:03 robot_arb INFO Param updated: spread_rub_high = 312 (was 312)
07:54:03 robot_arb INFO Param updated: spread_rub_low = 270 (was 270)
07:54:03 robot_arb INFO Param updated: risk_free_rate = 0.1425 (was 0.1425)
07:54:03 robot_arb INFO Param updated: expiration_date = 2026-09-18 (was 2026-09-18)
07:54:03 robot_arb INFO Param updated: contract_size = 100 (was 100)
07:54:03 robot_arb INFO Param updated: lookback = 200 (was 200)
07:54:03 robot_arb INFO Param updated: leg_a_timeout = 5 (was 5)
07:54:03 robot_arb INFO Param updated: min_fill_ratio = 0.5 (was 0.5)
07:54:03 robot_arb INFO Param updated: min_profit_type = rub (was rub)
07:54:03 robot_arb INFO Param updated: min_profit_value = 7.77 (was 7.77)
07:54:03 robot_arb INFO Param updated: risk_type = stop_loss_rub (was stop_loss_rub)
07:54:03 robot_arb INFO Param updated: risk_value = 500000 (was 500000)
07:54:03 robot_arb INFO Param updated: allow_long_basis = False (was False)
07:54:03 robot_arb INFO Param updated: use_commission = True (was True)
07:54:03 robot_arb INFO Param updated: commission_stock_pct = 0.035 (was 0.035)
07:54:03 robot_arb INFO Param updated: commission_futures_rt = 0.9 (was 0.9)
07:56:09 robot_arb INFO Account changed → 1225950
07:56:09 robot_arb INFO Param updated: ticker_a = GAZP (was GAZP)
07:56:09 robot_arb INFO Param updated: symbol_a = GAZP@RTSX (was GAZP@RTSX)
07:56:09 robot_arb INFO Param updated: ticker_b = GZU6 (was GZU6)
07:56:09 robot_arb INFO Param updated: symbol_b = GZU6@RTSX (was GZU6@RTSX)
07:56:09 robot_arb INFO Param updated: lots_a = 10 (was 10)
07:56:09 robot_arb INFO Param updated: lots_b = 1 (was 1)
07:56:09 robot_arb INFO Param updated: hedge_ratio = 10 (was 10)
07:56:09 robot_arb INFO Param updated: capital = 20000 (was 20000)
07:56:09 robot_arb INFO Param updated: entry_z = 2.7 (was 2.7)
07:56:09 robot_arb INFO Param updated: entry_z_long = -5.7 (was -5.7)
07:56:09 robot_arb INFO Param updated: entry_mode = zscore (was zscore)
07:56:09 robot_arb INFO Param updated: spread_rub_high = 312 (was 312)
07:56:09 robot_arb INFO Param updated: spread_rub_low = 270 (was 270)
07:56:09 robot_arb INFO Param updated: risk_free_rate = 0.1425 (was 0.1425)
07:56:09 robot_arb INFO Param updated: expiration_date = 2026-09-18 (was 2026-09-18)
07:56:09 robot_arb INFO Param updated: contract_size = 100 (was 100)
07:56:09 robot_arb INFO Param updated: lookback = 200 (was 200)
07:56:09 robot_arb INFO Param updated: leg_a_timeout = 5 (was 5)
07:56:09 robot_arb INFO Param updated: min_fill_ratio = 0.5 (was 0.5)
07:56:09 robot_arb INFO Param updated: min_profit_type = rub (was rub)
07:56:09 robot_arb INFO Param updated: min_profit_value = 7.77 (was 7.77)
07:56:09 robot_arb INFO Param updated: risk_type = stop_loss_rub (was stop_loss_rub)
07:56:09 robot_arb INFO Param updated: risk_value = 500000 (was 500000)
07:56:09 robot_arb INFO Param updated: allow_long_basis = False (was False)
07:56:09 robot_arb INFO Param updated: use_commission = True (was True)
07:56:09 robot_arb INFO Param updated: commission_stock_pct = 0.035 (was 0.035)
07:56:09 robot_arb INFO Param updated: commission_futures_rt = 0.9 (was 0.9)
07:57:00 robot_arb INFO Z=2.97 (threshold=2.7) — no signal (dup_check=False)
07:57:00 robot_arb INFO Z=2.97 (threshold=2.7) — no signal (dup_check=False)
07:57:01 robot_arb INFO Z=2.90 (threshold=2.7) — no signal (dup_check=False)
07:57:01 robot_arb INFO Z=2.90 (threshold=2.7) — no signal (dup_check=False)
07:57:02 robot_arb INFO Z=2.82 (threshold=2.7) — no signal (dup_check=False)
07:57:02 robot_arb INFO Z=2.82 (threshold=2.7) — no signal (dup_check=False)
07:57:03 robot_arb INFO Z=2.75 (threshold=2.7) — no signal (dup_check=False)
07:57:03 robot_arb INFO Z=2.75 (threshold=2.7) — no signal (dup_check=False)
07:57:04 robot_arb INFO Z=2.69 (threshold=2.7) — no signal (dup_check=False)
07:57:04 robot_arb INFO Z=2.69 (threshold=2.7) — no signal (dup_check=False)
07:57:16 robot_arb INFO Account changed → 1225950
07:57:16 robot_arb INFO Param updated: ticker_a = GAZP (was GAZP)
07:57:16 robot_arb INFO Param updated: symbol_a = GAZP@RTSX (was GAZP@RTSX)
07:57:16 robot_arb INFO Param updated: ticker_b = GZU6 (was GZU6)
07:57:16 robot_arb INFO Param updated: symbol_b = GZU6@RTSX (was GZU6@RTSX)
07:57:16 robot_arb INFO Param updated: lots_a = 10 (was 10)
07:57:16 robot_arb INFO Param updated: lots_b = 1 (was 1)
07:57:16 robot_arb INFO Param updated: hedge_ratio = 10 (was 10)
07:57:16 robot_arb INFO Param updated: capital = 20000 (was 20000)
07:57:16 robot_arb INFO Param updated: entry_z = 2.7 (was 2.7)
07:57:16 robot_arb INFO Param updated: entry_z_long = -5.7 (was -5.7)
07:57:16 robot_arb INFO Param updated: entry_mode = zscore (was zscore)
07:57:16 robot_arb INFO Param updated: spread_rub_high = 312 (was 312)
07:57:16 robot_arb INFO Param updated: spread_rub_low = 270 (was 270)
07:57:16 robot_arb INFO Param updated: risk_free_rate = 0.1425 (was 0.1425)
07:57:16 robot_arb INFO Param updated: expiration_date = 2026-09-18 (was 2026-09-18)
07:57:16 robot_arb INFO Param updated: contract_size = 100 (was 100)
07:57:16 robot_arb INFO Param updated: lookback = 200 (was 200)
07:57:16 robot_arb INFO Param updated: leg_a_timeout = 5 (was 5)
07:57:16 robot_arb INFO Param updated: min_fill_ratio = 0.5 (was 0.5)
07:57:16 robot_arb INFO Param updated: min_profit_type = rub (was rub)
07:57:16 robot_arb INFO Param updated: min_profit_value = 5 (was 7.77)
07:57:16 robot_arb INFO Param updated: risk_type = stop_loss_rub (was stop_loss_rub)
07:57:16 robot_arb INFO Param updated: risk_value = 500000 (was 500000)
07:57:16 robot_arb INFO Param updated: allow_long_basis = False (was False)
07:57:16 robot_arb INFO Param updated: use_commission = True (was True)
07:57:16 robot_arb INFO Param updated: commission_stock_pct = 0.035 (was 0.035)
07:57:16 robot_arb INFO Param updated: commission_futures_rt = 0.9 (was 0.9)
07:57:18 robot_arb INFO Account changed → 1225950
07:57:18 robot_arb INFO Param updated: ticker_a = GAZP (was GAZP)
07:57:18 robot_arb INFO Param updated: symbol_a = GAZP@RTSX (was GAZP@RTSX)
07:57:18 robot_arb INFO Param updated: ticker_b = GZU6 (was GZU6)
07:57:18 robot_arb INFO Param updated: symbol_b = GZU6@RTSX (was GZU6@RTSX)
07:57:18 robot_arb INFO Param updated: lots_a = 10 (was 10)
07:57:18 robot_arb INFO Param updated: lots_b = 1 (was 1)
07:57:18 robot_arb INFO Param updated: hedge_ratio = 10 (was 10)
07:57:18 robot_arb INFO Param updated: capital = 20000 (was 20000)
07:57:18 robot_arb INFO Param updated: entry_z = 2.7 (was 2.7)
07:57:18 robot_arb INFO Param updated: entry_z_long = -5.7 (was -5.7)
07:57:18 robot_arb INFO Param updated: entry_mode = zscore (was zscore)
07:57:18 robot_arb INFO Param updated: spread_rub_high = 312 (was 312)
07:57:18 robot_arb INFO Param updated: spread_rub_low = 270 (was 270)
07:57:18 robot_arb INFO Param updated: risk_free_rate = 0.1425 (was 0.1425)
07:57:18 robot_arb INFO Param updated: expiration_date = 2026-09-18 (was 2026-09-18)
07:57:18 robot_arb INFO Param updated: contract_size = 100 (was 100)
07:57:18 robot_arb INFO Param updated: lookback = 200 (was 200)
07:57:18 robot_arb INFO Param updated: leg_a_timeout = 5 (was 5)
07:57:18 robot_arb INFO Param updated: min_fill_ratio = 0.5 (was 0.5)
07:57:18 robot_arb INFO Param updated: min_profit_type = rub (was rub)
07:57:18 robot_arb INFO Param updated: min_profit_value = 5 (was 5)
07:57:18 robot_arb INFO Param updated: risk_type = stop_loss_rub (was stop_loss_rub)
07:57:18 robot_arb INFO Param updated: risk_value = 500000 (was 500000)
07:57:18 robot_arb INFO Param updated: allow_long_basis = False (was False)
07:57:18 robot_arb INFO Param updated: use_commission = True (was True)
07:57:18 robot_arb INFO Param updated: commission_stock_pct = 0.035 (was 0.035)
07:57:18 robot_arb INFO Param updated: commission_futures_rt = 0.9 (was 0.9)
07:58:45 robot_arb INFO Z=2.97 (threshold=2.7) — no signal (dup_check=False)
07:58:46 robot_arb INFO Z=2.97 (threshold=2.7) — no signal (dup_check=False)
07:58:46 robot_arb INFO Z=2.90 (threshold=2.7) — no signal (dup_check=False)
07:58:47 robot_arb INFO Z=2.90 (threshold=2.7) — no signal (dup_check=False)
07:58:47 robot_arb INFO Z=2.82 (threshold=2.7) — no signal (dup_check=False)
07:58:48 robot_arb INFO Z=2.82 (threshold=2.7) — no signal (dup_check=False)
07:58:48 robot_arb INFO Z=2.76 (threshold=2.7) — no signal (dup_check=False)
07:58:49 robot_arb INFO Z=2.76 (threshold=2.7) — no signal (dup_check=False)
07:58:49 robot_arb INFO Z=2.69 (threshold=2.7) — no signal (dup_check=False)
07:58:50 robot_arb INFO Z=2.69 (threshold=2.7) — no signal (dup_check=False)
07:58:50 robot_arb INFO Z=2.63 (threshold=2.7) — no signal (dup_check=False)
07:58:51 robot_arb INFO Z=2.63 (threshold=2.7) — no signal (dup_check=False)
07:58:51 robot_arb INFO Z=2.57 (threshold=2.7) — no signal (dup_check=False)
07:58:52 robot_arb INFO Z=2.57 (threshold=2.7) — no signal (dup_check=False)
07:58:52 robot_arb INFO Z=2.52 (threshold=2.7) — no signal (dup_check=False)
07:58:53 robot_arb INFO Z=2.52 (threshold=2.7) — no signal (dup_check=False)
08:01:03 robot_arb INFO Z=2.93 (threshold=2.7) — no signal (dup_check=False)
08:01:03 robot_arb INFO Z=2.86 (threshold=2.7) — no signal (dup_check=False)
08:01:04 robot_arb INFO Z=2.86 (threshold=2.7) — no signal (dup_check=False)
08:01:04 robot_arb INFO Z=2.79 (threshold=2.7) — no signal (dup_check=False)
08:01:05 robot_arb INFO Z=2.79 (threshold=2.7) — no signal (dup_check=False)
08:01:05 robot_arb INFO EXIT layer #1 reason=profit_target | limit sell 10 @ 93.89 | market buy 1 @ 9656.83
08:01:05 orders_arb INFO gRPC sending: limit sell 10 GAZP@MISX acc=1225950 @ 93.89
08:01:15 orders_arb ERROR gRPC order error (GAZP@RTSX sell 10@93.89): code=StatusCode.DEADLINE_EXCEEDED details=Deadline Exceeded
08:01:15 orders_arb WARNING gRPC limit failed, falling back to DP server
08:01:20 orders_arb ERROR Limit order exception: HTTPConnectionPool(host='localhost', port=5060): Read timed out. (read timeout=5.0)
08:01:20 robot_arb ERROR Exit failed layer #1: leg_a_place_failed — retrying next tick
08:01:22 robot_arb INFO EXIT layer #1 reason=profit_target | limit sell 10 @ 94.00 | market buy 1 @ 9639.82
08:01:22 orders_arb INFO gRPC sending: limit sell 10 GAZP@MISX acc=1225950 @ 94.0
08:01:22 orders_arb INFO gRPC limit placed: sell 10 GAZP@MISX acc=1225950 @ 94.0 id=81196593664
08:01:33 orders_arb WARNING gRPC cancel error 81196593664: <_InactiveRpcError of RPC that terminated with:
	status = StatusCode.DEADLINE_EX
08:01:38 orders_arb ERROR Cancel exception: HTTPConnectionPool(host='localhost', port=5060): Read timed out. (read timeout=5.0)
08:01:43 robot_arb ERROR Exit failed layer #1: leg_a_timeout — retrying next tick
08:01:43 robot_arb INFO Z=10.42 (threshold=2.7) — no signal (dup_check=False)
08:01:44 robot_arb INFO Z=10.42 (threshold=2.7) — no signal (dup_check=False)
08:01:44 robot_arb INFO Z=8.36 (threshold=2.7) — no signal (dup_check=False)
08:01:45 robot_arb INFO Z=8.36 (threshold=2.7) — no signal (dup_check=False)
08:01:45 robot_arb INFO Z=7.17 (threshold=2.7) — no signal (dup_check=False)
08:01:46 robot_arb INFO Z=7.17 (threshold=2.7) — no signal (dup_check=False)
08:01:46 robot_arb INFO Z=6.37 (threshold=2.7) — no signal (dup_check=False)
08:01:47 robot_arb INFO Z=6.37 (threshold=2.7) — no signal (dup_check=False)
08:01:47 robot_arb INFO Z=5.78 (threshold=2.7) — no signal (dup_check=False)
08:01:48 robot_arb INFO Z=5.78 (threshold=2.7) — no signal (dup_check=False)
08:02:15 robot_arb INFO Z=4.54 (threshold=2.7) — no signal (dup_check=False)
08:02:15 robot_arb INFO Z=4.31 (threshold=2.7) — no signal (dup_check=False)
08:02:16 robot_arb INFO Z=4.31 (threshold=2.7) — no signal (dup_check=False)
08:02:16 robot_arb INFO Z=4.10 (threshold=2.7) — no signal (dup_check=False)
08:02:17 robot_arb INFO Z=4.10 (threshold=2.7) — no signal (dup_check=False)
08:02:17 robot_arb INFO Z=3.92 (threshold=2.7) — no signal (dup_check=False)
08:02:18 robot_arb INFO Z=3.92 (threshold=2.7) — no signal (dup_check=False)
08:02:18 robot_arb INFO Z=3.76 (threshold=2.7) — no signal (dup_check=False)
08:02:19 robot_arb INFO Z=3.76 (threshold=2.7) — no signal (dup_check=False)
08:02:19 robot_arb INFO Z=3.61 (threshold=2.7) — no signal (dup_check=False)
08:02:20 robot_arb INFO Z=3.61 (threshold=2.7) — no signal (dup_check=False)
08:02:25 robot_arb INFO EXIT layer #1 reason=profit_target | limit sell 10 @ 93.61 | market buy 1 @ 9608.80
08:02:25 orders_arb INFO gRPC sending: limit sell 10 GAZP@MISX acc=1225950 @ 93.61
08:02:26 orders_arb INFO gRPC limit placed: sell 10 GAZP@MISX acc=1225950 @ 93.61 id=81196719658
08:02:33 robot_arb ERROR Exit failed layer #1: leg_a_timeout — retrying next tick
08:03:58 robot_arb INFO Z=2.97 (threshold=2.7) — no signal (dup_check=False)
08:03:59 robot_arb INFO Z=2.89 (threshold=2.7) — no signal (dup_check=False)
08:03:59 robot_arb INFO Z=2.89 (threshold=2.7) — no signal (dup_check=False)
08:04:00 robot_arb INFO Z=2.82 (threshold=2.7) — no signal (dup_check=False)
08:04:00 robot_arb INFO Z=2.82 (threshold=2.7) — no signal (dup_check=False)
08:04:01 robot_arb INFO Z=2.75 (threshold=2.7) — no signal (dup_check=False)
08:04:01 robot_arb INFO Z=2.75 (threshold=2.7) — no signal (dup_check=False)
08:04:02 robot_arb INFO Z=2.68 (threshold=2.7) — no signal (dup_check=False)
08:04:02 robot_arb INFO Z=2.68 (threshold=2.7) — no signal (dup_check=False)
08:04:03 robot_arb INFO EXIT layer #1 reason=profit_target | limit sell 10 @ 93.26 | market buy 1 @ 9564.78
08:04:03 orders_arb INFO gRPC sending: limit sell 10 GAZP@MISX acc=1225950 @ 93.26
08:04:03 orders_arb INFO gRPC limit placed: sell 10 GAZP@MISX acc=1225950 @ 93.26 id=81196981592
08:04:09 robot_arb ERROR Exit failed layer #1: leg_a_timeout — retrying next tick
08:04:09 robot_arb INFO EXIT layer #1 reason=profit_target | limit sell 10 @ 93.31 | market buy 1 @ 9569.78
08:04:09 orders_arb INFO gRPC sending: limit sell 10 GAZP@MISX acc=1225950 @ 93.31
08:04:19 orders_arb ERROR gRPC order error (GAZP@RTSX sell 10@93.31): code=StatusCode.DEADLINE_EXCEEDED details=Deadline Exceeded
08:04:19 orders_arb WARNING gRPC limit failed, falling back to DP server
08:04:24 orders_arb ERROR Limit order exception: HTTPConnectionPool(host='localhost', port=5060): Read timed out. (read timeout=5.0)
08:04:24 robot_arb ERROR Exit failed layer #1: leg_a_place_failed — retrying next tick
08:04:44 robot_arb INFO EXIT layer #1 reason=profit_target | limit sell 10 @ 93.30 | market buy 1 @ 9571.78
08:04:44 orders_arb INFO gRPC sending: limit sell 10 GAZP@MISX acc=1225950 @ 93.3
08:04:54 orders_arb ERROR gRPC order error (GAZP@RTSX sell 10@93.3): code=StatusCode.DEADLINE_EXCEEDED details=Deadline Exceeded
08:04:54 orders_arb WARNING gRPC limit failed, falling back to DP server
08:04:59 orders_arb ERROR Limit order exception: HTTPConnectionPool(host='localhost', port=5060): Read timed out. (read timeout=5.0)
08:04:59 robot_arb ERROR Exit failed layer #1: leg_a_place_failed — retrying next tick
08:05:01 robot_arb INFO EXIT layer #1 reason=profit_target | limit sell 10 @ 93.24 | market buy 1 @ 9578.79
08:05:01 orders_arb INFO gRPC sending: limit sell 10 GAZP@MISX acc=1225950 @ 93.24
08:05:01 orders_arb INFO gRPC limit placed: sell 10 GAZP@MISX acc=1225950 @ 93.24 id=81197136222
08:05:09 robot_arb ERROR Exit failed layer #1: leg_a_timeout — retrying next tick
08:05:10 robot_arb INFO EXIT layer #1 reason=profit_target | limit sell 10 @ 93.24 | market buy 1 @ 9588.79
08:05:10 orders_arb INFO gRPC sending: limit sell 10 GAZP@MISX acc=1225950 @ 93.24
08:05:10 orders_arb INFO gRPC limit placed: sell 10 GAZP@MISX acc=1225950 @ 93.24 id=81197162004
08:05:26 orders_arb WARNING gRPC cancel error 81197162004: <_InactiveRpcError of RPC that terminated with:
	status = StatusCode.DEADLINE_EX
08:05:31 orders_arb ERROR Cancel exception: HTTPConnectionPool(host='localhost', port=5060): Read timed out. (read timeout=5.0)
08:05:31 robot_arb ERROR Exit failed layer #1: leg_a_timeout — retrying next tick
08:05:46 robot_arb INFO EXIT layer #1 reason=profit_target | limit sell 10 @ 93.09 | market buy 1 @ 9574.78
08:05:46 orders_arb INFO gRPC sending: limit sell 10 GAZP@MISX acc=1225950 @ 93.09
08:05:46 orders_arb INFO gRPC limit placed: sell 10 GAZP@MISX acc=1225950 @ 93.09 id=81197256933
08:06:00 robot_arb ERROR Exit failed layer #1: leg_a_timeout — retrying next tick
08:06:03 robot_arb INFO EXIT layer #1 reason=profit_target | limit sell 10 @ 93.06 | market buy 1 @ 9576.79
08:06:03 orders_arb INFO gRPC sending: limit sell 10 GAZP@MISX acc=1225950 @ 93.06
08:06:04 orders_arb INFO gRPC limit placed: sell 10 GAZP@MISX acc=1225950 @ 93.06 id=81197316337
08:06:22 robot_arb ERROR Exit failed layer #1: leg_a_timeout — retrying next tick
08:06:22 robot_arb INFO EXIT layer #1 reason=profit_target | limit sell 10 @ 92.99 | market buy 1 @ 9568.78
08:06:22 orders_arb INFO gRPC sending: limit sell 10 GAZP@MISX acc=1225950 @ 92.99
08:06:23 orders_arb INFO gRPC limit placed: sell 10 GAZP@MISX acc=1225950 @ 92.99 id=81197445409
08:06:44 robot_arb ERROR Exit failed layer #1: leg_a_timeout — retrying next tick
08:07:43 robot_arb INFO EXIT ALL 1 layers — reason=manual_stop
08:07:43 robot_arb INFO EXIT layer #1 reason=manual_stop | limit sell 10 @ 93.08 | market buy 1 @ 9586.79
08:07:43 orders_arb INFO gRPC sending: limit sell 10 GAZP@MISX acc=1225950 @ 93.08
08:07:43 orders_arb ERROR gRPC order error (GAZP@RTSX sell 10@93.08): code=StatusCode.INTERNAL details=Jwt token check failed: UNAUTHENTICATED: Token is expired
08:07:43 orders_arb WARNING gRPC limit failed, falling back to DP server
08:07:48 orders_arb ERROR Limit order exception: HTTPConnectionPool(host='localhost', port=5060): Read timed out. (read timeout=5.0)
08:07:48 robot_arb ERROR Exit failed layer #1: leg_a_place_failed — retrying next tick
08:07:48 robot_arb INFO Mode → STOPPED
08:07:51 robot_arb INFO Signal 15 — shutting down...
08:07:54 robot_arb INFO === Arbitrage Robot v1 ===
08:07:54 robot_arb INFO Pair: GAZP / GZU6
08:07:54 robot_arb INFO Account: 1225953 | Port: 5090 | Paper: False
08:07:54 robot_arb INFO Params: entry_z=2.7 lookback=200 lots_a=10 lots_b=1 hedge_ratio=10
08:07:54 robot_arb INFO Min profit: rub=5
08:07:54 robot_arb INFO Risk: stop_loss_rub=500000
08:07:54 robot_arb INFO State loaded: pnl=31013 trades=211 mode=stopped
08:07:55 robot_arb INFO FinamPy connected. Accounts: ['1225950', '1225951', '1225952', '1225953']
08:07:55 robot_arb INFO Orders manager linked to FinamPy gRPC
08:07:55 robot_arb INFO Subscribed OrderBook: GAZP@RTSX, GZU6@RTSX
08:07:55 robot_arb INFO Subscribed Quotes: GAZP@RTSX, GZU6@RTSX
08:07:55 robot_arb INFO Warmup: waiting 10 sec for data streams...
08:08:05 robot_arb INFO Warmup done. OB_A: False OB_B: False
08:08:05 robot_arb INFO MOEX ISS poller started (fallback for stock prices)
08:08:05 robot_arb INFO Main loop started
08:08:05 robot_arb INFO API listening on :5090
08:08:05 robot_arb INFO Endpoints: GET /status /health /params | POST /start /stop /pause /params
08:08:09 robot_arb INFO Mode → RUNNING
08:08:26 robot_arb INFO EXIT layer #1 reason=profit_target | limit sell 10 @ 93.14 | market buy 1 @ 9578.79
08:08:26 orders_arb INFO gRPC sending: limit sell 10 GAZP@MISX acc=1225950 @ 93.14
08:08:26 orders_arb INFO gRPC limit placed: sell 10 GAZP@MISX acc=1225950 @ 93.14 id=81197946711
08:08:31 orders_arb WARNING gRPC cancel error 81197946711: <_InactiveRpcError of RPC that terminated with:
	status = StatusCode.NOT_FOUND
	
08:08:36 orders_arb ERROR Cancel exception: HTTPConnectionPool(host='localhost', port=5060): Read timed out. (read timeout=5.0)
08:08:36 robot_arb ERROR Exit failed layer #1: leg_a_timeout — retrying next tick
08:09:46 robot_arb INFO EXIT layer #1 reason=profit_target | limit sell 10 @ 93.14 | market buy 1 @ 9574.78
08:09:46 orders_arb INFO gRPC sending: limit sell 10 GAZP@MISX acc=1225950 @ 93.14
08:09:47 orders_arb INFO gRPC limit placed: sell 10 GAZP@MISX acc=1225950 @ 93.14 id=81198136541
08:09:52 orders_arb WARNING gRPC cancel error 81198136541: <_InactiveRpcError of RPC that terminated with:
	status = StatusCode.NOT_FOUND
	
08:09:57 orders_arb ERROR Cancel exception: HTTPConnectionPool(host='localhost', port=5060): Read timed out. (read timeout=5.0)
08:09:57 robot_arb ERROR Exit failed layer #1: leg_a_timeout — retrying next tick
08:10:01 robot_arb INFO EXIT layer #1 reason=profit_target | limit sell 10 @ 93.01 | market buy 1 @ 9571.78
08:10:01 orders_arb INFO gRPC sending: limit sell 10 GAZP@MISX acc=1225950 @ 93.01
08:10:01 orders_arb INFO gRPC limit placed: sell 10 GAZP@MISX acc=1225950 @ 93.01 id=81198181825
08:10:06 orders_arb WARNING gRPC cancel error 81198181825: <_InactiveRpcError of RPC that terminated with:
	status = StatusCode.NOT_FOUND
	
08:10:11 orders_arb ERROR Cancel exception: HTTPConnectionPool(host='localhost', port=5060): Read timed out. (read timeout=5.0)
08:10:11 robot_arb ERROR Exit failed layer #1: leg_a_timeout — retrying next tick
08:10:17 robot_arb INFO EXIT layer #1 reason=profit_target | limit sell 10 @ 93.07 | market buy 1 @ 9576.79
08:10:17 orders_arb INFO gRPC sending: limit sell 10 GAZP@MISX acc=1225950 @ 93.07
08:10:17 orders_arb INFO gRPC limit placed: sell 10 GAZP@MISX acc=1225950 @ 93.07 id=81198228114
08:10:22 orders_arb WARNING gRPC cancel error 81198228114: <_InactiveRpcError of RPC that terminated with:
	status = StatusCode.NOT_FOUND
	
08:10:23 robot_arb ERROR Exit failed layer #1: leg_a_timeout — retrying next tick
08:10:53 robot_arb INFO EXIT layer #1 reason=profit_target | limit sell 10 @ 93.10 | market buy 1 @ 9572.78
08:10:53 orders_arb INFO gRPC sending: limit sell 10 GAZP@MISX acc=1225950 @ 93.1
08:10:54 orders_arb INFO gRPC limit placed: sell 10 GAZP@MISX acc=1225950 @ 93.1 id=81198319483
08:10:59 orders_arb WARNING gRPC cancel error 81198319483: <_InactiveRpcError of RPC that terminated with:
	status = StatusCode.NOT_FOUND
	
08:10:59 robot_arb ERROR Exit failed layer #1: leg_a_timeout — retrying next tick
08:14:56 robot_arb INFO Z=3.86 (threshold=2.7) — no signal (dup_check=False)
08:14:56 robot_arb INFO Z=3.86 (threshold=2.7) — no signal (dup_check=False)
08:14:57 robot_arb INFO Z=3.74 (threshold=2.7) — no signal (dup_check=False)
08:14:57 robot_arb INFO Z=3.74 (threshold=2.7) — no signal (dup_check=False)
08:14:58 robot_arb INFO Z=3.63 (threshold=2.7) — no signal (dup_check=False)
08:14:58 robot_arb INFO Z=3.63 (threshold=2.7) — no signal (dup_check=False)
08:15:04 robot_arb INFO EXIT layer #1 reason=profit_target | limit sell 10 @ 93.02 | market buy 1 @ 9572.78
08:15:04 orders_arb INFO gRPC sending: limit sell 10 GAZP@MISX acc=1225950 @ 93.02
08:15:04 orders_arb INFO gRPC limit placed: sell 10 GAZP@MISX acc=1225950 @ 93.02 id=81199054192
08:15:09 orders_arb WARNING gRPC cancel error 81199054192: <_InactiveRpcError of RPC that terminated with:
	status = StatusCode.NOT_FOUND
	
08:15:10 robot_arb ERROR Exit failed layer #1: leg_a_timeout — retrying next tick
08:15:15 robot_arb INFO EXIT layer #1 reason=profit_target | limit sell 10 @ 93.01 | market buy 1 @ 9564.78
08:15:15 orders_arb INFO gRPC sending: limit sell 10 GAZP@MISX acc=1225950 @ 93.01
08:15:15 orders_arb INFO gRPC limit placed: sell 10 GAZP@MISX acc=1225950 @ 93.01 id=81199076226
08:15:17 robot_arb INFO EXIT ALL 1 layers — reason=manual_stop
08:15:17 robot_arb INFO EXIT layer #1 reason=manual_stop | limit sell 10 @ 92.85 | market buy 1 @ 9564.78
08:15:17 orders_arb INFO gRPC sending: limit sell 10 GAZP@MISX acc=1225950 @ 92.85
08:15:18 orders_arb INFO gRPC limit placed: sell 10 GAZP@MISX acc=1225950 @ 92.85 id=81199082784
08:15:20 orders_arb WARNING gRPC cancel error 81199076226: <_InactiveRpcError of RPC that terminated with:
	status = StatusCode.NOT_FOUND
	
08:15:20 robot_arb ERROR Exit failed layer #1: leg_a_timeout — retrying next tick
08:15:23 orders_arb WARNING gRPC cancel error 81199082784: <_InactiveRpcError of RPC that terminated with:
	status = StatusCode.NOT_FOUND
	
08:15:23 robot_arb ERROR Exit failed layer #1: leg_a_timeout — retrying next tick
08:15:23 robot_arb INFO Mode → STOPPED
08:15:25 robot_arb INFO Signal 15 — shutting down...
08:15:28 robot_arb INFO === Arbitrage Robot v1 ===
08:15:28 robot_arb INFO Pair: GAZP / GZU6
08:15:28 robot_arb INFO Account: 1225953 | Port: 5090 | Paper: False
08:15:28 robot_arb INFO Params: entry_z=2.7 lookback=200 lots_a=10 lots_b=1 hedge_ratio=10
08:15:28 robot_arb INFO Min profit: rub=5
08:15:28 robot_arb INFO Risk: stop_loss_rub=500000
08:15:28 robot_arb INFO State loaded: pnl=31013 trades=211 mode=stopped
08:17:37 robot_arb INFO Signal 15 — shutting down...
08:18:14 robot_arb INFO === Arbitrage Robot v1 ===
08:18:14 robot_arb INFO Pair: GAZP / GZU6
08:18:14 robot_arb INFO Account: 1225953 | Port: 5090 | Paper: False
08:18:14 robot_arb INFO Params: entry_z=2.7 lookback=200 lots_a=10 lots_b=1 hedge_ratio=10
08:18:14 robot_arb INFO Min profit: rub=5
08:18:14 robot_arb INFO Risk: stop_loss_rub=500000
08:18:14 robot_arb INFO State loaded: pnl=31013 trades=211 mode=stopped
08:18:16 robot_arb INFO FinamPy connected. Accounts: ['1225950', '1225951', '1225952', '1225953']
08:18:16 robot_arb INFO Orders manager linked to FinamPy gRPC
08:18:16 robot_arb INFO Subscribed OrderBook: GAZP@RTSX, GZU6@RTSX
08:18:16 robot_arb INFO Subscribed Quotes: GAZP@RTSX, GZU6@RTSX
08:18:16 robot_arb INFO Warmup: waiting 10 sec for data streams...
08:18:26 robot_arb INFO Warmup done. OB_A: False OB_B: False
08:18:26 robot_arb INFO MOEX ISS poller started (fallback for stock prices)
08:18:26 robot_arb INFO Main loop started
08:18:26 robot_arb INFO API listening on :5090
08:18:26 robot_arb INFO Endpoints: GET /status /health /params | POST /start /stop /pause /params
08:18:51 robot_arb INFO Mode → RUNNING
08:19:58 robot_arb INFO Z=4.14 (threshold=2.7) — no signal (dup_check=False)
08:20:12 robot_arb INFO Account changed → 1225950
08:20:13 robot_arb INFO Param updated: ticker_a = GAZP (was GAZP)
08:20:13 robot_arb INFO Param updated: symbol_a = GAZP@RTSX (was GAZP@RTSX)
08:20:13 robot_arb INFO Param updated: ticker_b = GZU6 (was GZU6)
08:20:13 robot_arb INFO Param updated: symbol_b = GZU6@RTSX (was GZU6@RTSX)
08:20:13 robot_arb INFO Param updated: lots_a = 10 (was 10)
08:20:13 robot_arb INFO Param updated: lots_b = 1 (was 1)
08:20:13 robot_arb INFO Param updated: hedge_ratio = 10 (was 10)
08:20:13 robot_arb INFO Param updated: capital = 20000 (was 20000)
08:20:13 robot_arb INFO Param updated: entry_z = 2.7 (was 2.7)
08:20:13 robot_arb INFO Param updated: entry_z_long = -5.7 (was -5.7)
08:20:13 robot_arb INFO Param updated: entry_mode = zscore (was zscore)
08:20:13 robot_arb INFO Param updated: spread_rub_high = 312 (was 312)
08:20:13 robot_arb INFO Param updated: spread_rub_low = 270 (was 270)
08:20:13 robot_arb INFO Param updated: risk_free_rate = 0.1425 (was 0.1425)
08:20:13 robot_arb INFO Param updated: expiration_date = 2026-09-18 (was 2026-09-18)
08:20:13 robot_arb INFO Param updated: contract_size = 100 (was 100)
08:20:13 robot_arb INFO Param updated: lookback = 200 (was 200)
08:20:13 robot_arb INFO Param updated: leg_a_timeout = 5 (was 5)
08:20:13 robot_arb INFO Param updated: min_fill_ratio = 0.5 (was 0.5)
08:20:13 robot_arb INFO Param updated: min_profit_type = rub (was rub)
08:20:13 robot_arb INFO Param updated: min_profit_value = 3 (was 5)
08:20:13 robot_arb INFO Param updated: risk_type = stop_loss_rub (was stop_loss_rub)
08:20:13 robot_arb INFO Param updated: risk_value = 500000 (was 500000)
08:20:13 robot_arb INFO Param updated: allow_long_basis = False (was False)
08:20:13 robot_arb INFO Param updated: use_commission = True (was True)
08:20:13 robot_arb INFO Param updated: commission_stock_pct = 0.035 (was 0.035)
08:20:13 robot_arb INFO Param updated: commission_futures_rt = 0.9 (was 0.9)
08:20:13 robot_arb INFO Account changed → 1225950
08:20:14 robot_arb INFO Param updated: ticker_a = GAZP (was GAZP)
08:20:14 robot_arb INFO Param updated: symbol_a = GAZP@RTSX (was GAZP@RTSX)
08:20:14 robot_arb INFO Param updated: ticker_b = GZU6 (was GZU6)
08:20:14 robot_arb INFO Param updated: symbol_b = GZU6@RTSX (was GZU6@RTSX)
08:20:14 robot_arb INFO Param updated: lots_a = 10 (was 10)
08:20:14 robot_arb INFO Param updated: lots_b = 1 (was 1)
08:20:14 robot_arb INFO Param updated: hedge_ratio = 10 (was 10)
08:20:14 robot_arb INFO Param updated: capital = 20000 (was 20000)
08:20:14 robot_arb INFO Param updated: entry_z = 2.7 (was 2.7)
08:20:14 robot_arb INFO Param updated: entry_z_long = -5.7 (was -5.7)
08:20:14 robot_arb INFO Param updated: entry_mode = zscore (was zscore)
08:20:14 robot_arb INFO Param updated: spread_rub_high = 312 (was 312)
08:20:14 robot_arb INFO Param updated: spread_rub_low = 270 (was 270)
08:20:14 robot_arb INFO Param updated: risk_free_rate = 0.1425 (was 0.1425)
08:20:14 robot_arb INFO Param updated: expiration_date = 2026-09-18 (was 2026-09-18)
08:20:14 robot_arb INFO Param updated: contract_size = 100 (was 100)
08:20:14 robot_arb INFO Param updated: lookback = 200 (was 200)
08:20:14 robot_arb INFO Param updated: leg_a_timeout = 5 (was 5)
08:20:14 robot_arb INFO Param updated: min_fill_ratio = 0.5 (was 0.5)
08:20:14 robot_arb INFO Param updated: min_profit_type = rub (was rub)
08:20:14 robot_arb INFO Param updated: min_profit_value = 3 (was 3)
08:20:14 robot_arb INFO Param updated: risk_type = stop_loss_rub (was stop_loss_rub)
08:20:14 robot_arb INFO Param updated: risk_value = 500000 (was 500000)
08:20:14 robot_arb INFO Param updated: allow_long_basis = False (was False)
08:20:14 robot_arb INFO Param updated: use_commission = True (was True)
08:20:14 robot_arb INFO Param updated: commission_stock_pct = 0.035 (was 0.035)
08:20:14 robot_arb INFO Param updated: commission_futures_rt = 0.9 (was 0.9)
08:20:23 robot_arb INFO EXIT layer #1 reason=profit_target | limit sell 10 @ 92.34 | market buy 1 @ 9506.75
08:20:23 orders_arb INFO gRPC sending: limit sell 10 GAZP@MISX acc=1225950 @ 92.34
08:20:23 orders_arb INFO gRPC limit placed: sell 10 GAZP@MISX acc=1225950 @ 92.34 id=81199887599
08:20:23 orders_arb INFO Leg A filled 10@92.34 → executing leg B market 1
08:20:23 orders_arb INFO gRPC sending: market buy 1 GZU6@RTSX acc=1225950 @ MKT
08:20:23 orders_arb ERROR gRPC order error (GZU6@RTSX buy 1@None): code=StatusCode.INVALID_ARGUMENT details=INVALID_ARGUMENT: [22]Client has no FORTS accountКлиент не имеет счета FORTS
08:20:23 orders_arb WARNING gRPC market failed, falling back to DP server
08:20:23 orders_arb ERROR Market order error (GZU6@RTSX buy 1): no response
08:20:23 orders_arb ERROR Leg B market failed — emergency closing leg A
08:20:23 orders_arb INFO gRPC sending: market buy 10 GAZP@MISX acc=1225950 @ MKT
08:20:24 orders_arb INFO gRPC market placed: buy 10 GAZP@MISX acc=1225950 @ MKT id=81199888763
08:20:24 orders_arb WARNING Leg B filled but avg_price=0 from gRPC, using orderbook mid
08:20:24 orders_arb WARNING Leg B market placed 81199888763 but fill price not obtained
08:20:24 robot_arb ERROR Exit failed layer #1: leg_b_failed_emergency_closed_a — retrying next tick
08:20:24 robot_arb INFO EXIT layer #1 reason=profit_target | limit sell 10 @ 92.34 | market buy 1 @ 9506.75
08:20:24 orders_arb INFO gRPC sending: limit sell 10 GAZP@MISX acc=1225950 @ 92.34
08:20:25 orders_arb INFO gRPC limit placed: sell 10 GAZP@MISX acc=1225950 @ 92.34 id=81199890507
08:20:25 orders_arb INFO Leg A filled 10@92.34 → executing leg B market 1
08:20:25 orders_arb INFO gRPC sending: market buy 1 GZU6@RTSX acc=1225950 @ MKT
08:20:25 orders_arb ERROR gRPC order error (GZU6@RTSX buy 1@None): code=StatusCode.INVALID_ARGUMENT details=INVALID_ARGUMENT: [22]Client has no FORTS accountКлиент не имеет счета FORTS
08:20:25 orders_arb WARNING gRPC market failed, falling back to DP server
08:20:25 orders_arb ERROR Market order error (GZU6@RTSX buy 1): no response
08:20:25 orders_arb ERROR Leg B market failed — emergency closing leg A
08:20:25 orders_arb INFO gRPC sending: market buy 10 GAZP@MISX acc=1225950 @ MKT
08:20:25 orders_arb INFO gRPC market placed: buy 10 GAZP@MISX acc=1225950 @ MKT id=81199891133
08:20:25 orders_arb WARNING Leg B filled but avg_price=0 from gRPC, using orderbook mid
08:20:25 orders_arb WARNING Leg B market placed 81199891133 but fill price not obtained
08:20:25 robot_arb ERROR Exit failed layer #1: leg_b_failed_emergency_closed_a — retrying next tick
08:20:30 robot_arb INFO EXIT layer #1 reason=profit_target | limit sell 10 @ 92.39 | market buy 1 @ 9506.75
08:20:30 orders_arb INFO gRPC sending: limit sell 10 GAZP@MISX acc=1225950 @ 92.39
08:20:30 orders_arb INFO gRPC limit placed: sell 10 GAZP@MISX acc=1225950 @ 92.39 id=81199901831
08:20:31 orders_arb INFO Leg A filled 10@92.39 → executing leg B market 1
08:20:31 orders_arb INFO gRPC sending: market buy 1 GZU6@RTSX acc=1225950 @ MKT
08:20:31 orders_arb ERROR gRPC order error (GZU6@RTSX buy 1@None): code=StatusCode.INVALID_ARGUMENT details=INVALID_ARGUMENT: [22]Client has no FORTS accountКлиент не имеет счета FORTS
08:20:31 orders_arb WARNING gRPC market failed, falling back to DP server
08:20:31 orders_arb ERROR Market order error (GZU6@RTSX buy 1): no response
08:20:31 orders_arb ERROR Leg B market failed — emergency closing leg A
08:20:31 orders_arb INFO gRPC sending: market buy 10 GAZP@MISX acc=1225950 @ MKT
08:20:31 orders_arb INFO gRPC market placed: buy 10 GAZP@MISX acc=1225950 @ MKT id=81199904122
08:20:32 orders_arb WARNING Leg B filled but avg_price=0 from gRPC, using orderbook mid
08:20:32 orders_arb WARNING Leg B market placed 81199904122 but fill price not obtained
08:20:32 robot_arb ERROR Exit failed layer #1: leg_b_failed_emergency_closed_a — retrying next tick
08:20:32 robot_arb INFO EXIT layer #1 reason=profit_target | limit sell 10 @ 92.39 | market buy 1 @ 9510.75
08:20:32 orders_arb INFO gRPC sending: limit sell 10 GAZP@MISX acc=1225950 @ 92.39
08:20:32 orders_arb INFO gRPC limit placed: sell 10 GAZP@MISX acc=1225950 @ 92.39 id=81199905588
08:20:32 orders_arb INFO Leg A filled 10@92.39 → executing leg B market 1
08:20:32 orders_arb INFO gRPC sending: market buy 1 GZU6@RTSX acc=1225950 @ MKT
08:20:33 orders_arb ERROR gRPC order error (GZU6@RTSX buy 1@None): code=StatusCode.INVALID_ARGUMENT details=INVALID_ARGUMENT: [22]Client has no FORTS accountКлиент не имеет счета FORTS
08:20:33 orders_arb WARNING gRPC market failed, falling back to DP server
08:20:33 orders_arb ERROR Market order error (GZU6@RTSX buy 1): no response
08:20:33 orders_arb ERROR Leg B market failed — emergency closing leg A
08:20:33 orders_arb INFO gRPC sending: market buy 10 GAZP@MISX acc=1225950 @ MKT
08:20:33 orders_arb INFO gRPC market placed: buy 10 GAZP@MISX acc=1225950 @ MKT id=81199906868
08:20:33 orders_arb WARNING Leg B filled but avg_price=0 from gRPC, using orderbook mid
08:20:33 orders_arb WARNING Leg B market placed 81199906868 but fill price not obtained
08:20:33 robot_arb ERROR Exit failed layer #1: leg_b_failed_emergency_closed_a — retrying next tick
08:20:34 robot_arb INFO EXIT layer #1 reason=profit_target | limit sell 10 @ 92.39 | market buy 1 @ 9510.75
08:20:34 orders_arb INFO gRPC sending: limit sell 10 GAZP@MISX acc=1225950 @ 92.39
08:20:34 orders_arb INFO gRPC limit placed: sell 10 GAZP@MISX acc=1225950 @ 92.39 id=81199910578
08:20:35 orders_arb INFO Leg A filled 10@92.39 → executing leg B market 1
08:20:35 orders_arb INFO gRPC sending: market buy 1 GZU6@RTSX acc=1225950 @ MKT
08:20:35 orders_arb ERROR gRPC order error (GZU6@RTSX buy 1@None): code=StatusCode.INVALID_ARGUMENT details=INVALID_ARGUMENT: [22]Client has no FORTS accountКлиент не имеет счета FORTS
08:20:35 orders_arb WARNING gRPC market failed, falling back to DP server
08:20:35 orders_arb ERROR Market order error (GZU6@RTSX buy 1): no response
08:20:35 orders_arb ERROR Leg B market failed — emergency closing leg A
08:20:35 orders_arb INFO gRPC sending: market buy 10 GAZP@MISX acc=1225950 @ MKT
08:20:35 orders_arb INFO gRPC market placed: buy 10 GAZP@MISX acc=1225950 @ MKT id=81199913325
08:20:35 orders_arb WARNING Leg B filled but avg_price=0 from gRPC, using orderbook mid
08:20:35 orders_arb WARNING Leg B market placed 81199913325 but fill price not obtained
08:20:35 robot_arb ERROR Exit failed layer #1: leg_b_failed_emergency_closed_a — retrying next tick
08:20:36 robot_arb INFO EXIT layer #1 reason=profit_target | limit sell 10 @ 92.37 | market buy 1 @ 9507.75
08:20:36 orders_arb INFO gRPC sending: limit sell 10 GAZP@MISX acc=1225950 @ 92.37
08:20:36 orders_arb INFO gRPC limit placed: sell 10 GAZP@MISX acc=1225950 @ 92.37 id=81199915313
08:20:36 orders_arb INFO Leg A filled 10@92.37 → executing leg B market 1
08:20:36 orders_arb INFO gRPC sending: market buy 1 GZU6@RTSX acc=1225950 @ MKT
08:20:36 orders_arb ERROR gRPC order error (GZU6@RTSX buy 1@None): code=StatusCode.INVALID_ARGUMENT details=INVALID_ARGUMENT: [22]Client has no FORTS accountКлиент не имеет счета FORTS
08:20:36 orders_arb WARNING gRPC market failed, falling back to DP server
08:20:36 orders_arb ERROR Market order error (GZU6@RTSX buy 1): no response
08:20:36 orders_arb ERROR Leg B market failed — emergency closing leg A
08:20:36 orders_arb INFO gRPC sending: market buy 10 GAZP@MISX acc=1225950 @ MKT
08:20:36 orders_arb INFO gRPC market placed: buy 10 GAZP@MISX acc=1225950 @ MKT id=81199916228
08:20:37 orders_arb WARNING Leg B filled but avg_price=0 from gRPC, using orderbook mid
08:20:37 orders_arb WARNING Leg B market placed 81199916228 but fill price not obtained
08:20:37 robot_arb ERROR Exit failed layer #1: leg_b_failed_emergency_closed_a — retrying next tick
08:20:37 robot_arb INFO EXIT layer #1 reason=profit_target | limit sell 10 @ 92.37 | market buy 1 @ 9507.75
08:20:37 orders_arb INFO gRPC sending: limit sell 10 GAZP@MISX acc=1225950 @ 92.37
08:20:37 orders_arb INFO gRPC limit placed: sell 10 GAZP@MISX acc=1225950 @ 92.37 id=81199918192
08:20:37 orders_arb INFO Leg A filled 10@92.37 → executing leg B market 1
08:20:37 orders_arb INFO gRPC sending: market buy 1 GZU6@RTSX acc=1225950 @ MKT
08:20:38 orders_arb ERROR gRPC order error (GZU6@RTSX buy 1@None): code=StatusCode.INVALID_ARGUMENT details=INVALID_ARGUMENT: [22]Client has no FORTS accountКлиент не имеет счета FORTS
08:20:38 orders_arb WARNING gRPC market failed, falling back to DP server
08:20:38 orders_arb ERROR Market order error (GZU6@RTSX buy 1): no response
08:20:38 orders_arb ERROR Leg B market failed — emergency closing leg A
08:20:38 orders_arb INFO gRPC sending: market buy 10 GAZP@MISX acc=1225950 @ MKT
08:20:39 orders_arb INFO gRPC market placed: buy 10 GAZP@MISX acc=1225950 @ MKT id=81199918710
08:20:39 orders_arb WARNING Leg B filled but avg_price=0 from gRPC, using orderbook mid
08:20:39 orders_arb WARNING Leg B market placed 81199918710 but fill price not obtained
08:20:39 robot_arb ERROR Exit failed layer #1: leg_b_failed_emergency_closed_a — retrying next tick
08:20:40 robot_arb INFO EXIT layer #1 reason=profit_target | limit sell 10 @ 92.37 | market buy 1 @ 9507.75
08:20:40 orders_arb INFO gRPC sending: limit sell 10 GAZP@MISX acc=1225950 @ 92.37
08:20:40 orders_arb INFO gRPC limit placed: sell 10 GAZP@MISX acc=1225950 @ 92.37 id=81199922830
08:20:40 orders_arb INFO Leg A filled 10@92.37 → executing leg B market 1
08:20:40 orders_arb INFO gRPC sending: market buy 1 GZU6@RTSX acc=1225950 @ MKT
08:20:40 orders_arb ERROR gRPC order error (GZU6@RTSX buy 1@None): code=StatusCode.INVALID_ARGUMENT details=INVALID_ARGUMENT: [22]Client has no FORTS accountКлиент не имеет счета FORTS
08:20:40 orders_arb WARNING gRPC market failed, falling back to DP server
08:20:40 orders_arb ERROR Market order error (GZU6@RTSX buy 1): no response
08:20:40 orders_arb ERROR Leg B market failed — emergency closing leg A
08:20:40 orders_arb INFO gRPC sending: market buy 10 GAZP@MISX acc=1225950 @ MKT
08:20:41 orders_arb INFO gRPC market placed: buy 10 GAZP@MISX acc=1225950 @ MKT id=81199924408
08:20:41 orders_arb WARNING Leg B filled but avg_price=0 from gRPC, using orderbook mid
08:20:41 orders_arb WARNING Leg B market placed 81199924408 but fill price not obtained
08:20:41 robot_arb ERROR Exit failed layer #1: leg_b_failed_emergency_closed_a — retrying next tick
08:20:41 robot_arb INFO EXIT layer #1 reason=profit_target | limit sell 10 @ 92.39 | market buy 1 @ 9510.75
08:20:41 orders_arb INFO gRPC sending: limit sell 10 GAZP@MISX acc=1225950 @ 92.39
08:20:42 orders_arb INFO gRPC limit placed: sell 10 GAZP@MISX acc=1225950 @ 92.39 id=81199926134
08:20:42 orders_arb INFO Leg A filled 10@92.39 → executing leg B market 1
08:20:42 orders_arb INFO gRPC sending: market buy 1 GZU6@RTSX acc=1225950 @ MKT
08:20:42 orders_arb ERROR gRPC order error (GZU6@RTSX buy 1@None): code=StatusCode.INVALID_ARGUMENT details=INVALID_ARGUMENT: [22]Client has no FORTS accountКлиент не имеет счета FORTS
08:20:42 orders_arb WARNING gRPC market failed, falling back to DP server
08:20:42 orders_arb ERROR Market order error (GZU6@RTSX buy 1): no response
08:20:42 orders_arb ERROR Leg B market failed — emergency closing leg A
08:20:42 orders_arb INFO gRPC sending: market buy 10 GAZP@MISX acc=1225950 @ MKT
08:20:42 orders_arb INFO gRPC market placed: buy 10 GAZP@MISX acc=1225950 @ MKT id=81199927522
08:20:43 orders_arb WARNING Leg B filled but avg_price=0 from gRPC, using orderbook mid
08:20:43 orders_arb WARNING Leg B market placed 81199927522 but fill price not obtained
08:20:43 robot_arb ERROR Exit failed layer #1: leg_b_failed_emergency_closed_a — retrying next tick
08:20:43 robot_arb INFO EXIT layer #1 reason=profit_target | limit sell 10 @ 92.39 | market buy 1 @ 9510.75
08:20:43 orders_arb INFO gRPC sending: limit sell 10 GAZP@MISX acc=1225950 @ 92.39
08:20:44 orders_arb INFO gRPC limit placed: sell 10 GAZP@MISX acc=1225950 @ 92.39 id=81199930024
08:20:44 orders_arb INFO Leg A filled 10@92.39 → executing leg B market 1
08:20:44 orders_arb INFO gRPC sending: market buy 1 GZU6@RTSX acc=1225950 @ MKT
08:20:44 orders_arb ERROR gRPC order error (GZU6@RTSX buy 1@None): code=StatusCode.INVALID_ARGUMENT details=INVALID_ARGUMENT: [22]Client has no FORTS accountКлиент не имеет счета FORTS
08:20:44 orders_arb WARNING gRPC market failed, falling back to DP server
08:20:44 orders_arb ERROR Market order error (GZU6@RTSX buy 1): no response
08:20:44 orders_arb ERROR Leg B market failed — emergency closing leg A
08:20:44 orders_arb INFO gRPC sending: market buy 10 GAZP@MISX acc=1225950 @ MKT
08:20:44 orders_arb INFO gRPC market placed: buy 10 GAZP@MISX acc=1225950 @ MKT id=81199930887
08:20:45 orders_arb WARNING Leg B filled but avg_price=0 from gRPC, using orderbook mid
08:20:45 orders_arb WARNING Leg B market placed 81199930887 but fill price not obtained
08:20:45 robot_arb ERROR Exit failed layer #1: leg_b_failed_emergency_closed_a — retrying next tick
08:20:45 robot_arb INFO EXIT layer #1 reason=profit_target | limit sell 10 @ 92.39 | market buy 1 @ 9510.75
08:20:45 orders_arb INFO gRPC sending: limit sell 10 GAZP@MISX acc=1225950 @ 92.39
08:20:45 orders_arb INFO gRPC limit placed: sell 10 GAZP@MISX acc=1225950 @ 92.39 id=81199932778
08:20:45 orders_arb INFO Leg A filled 10@92.39 → executing leg B market 1
08:20:45 orders_arb INFO gRPC sending: market buy 1 GZU6@RTSX acc=1225950 @ MKT
08:20:45 orders_arb ERROR gRPC order error (GZU6@RTSX buy 1@None): code=StatusCode.INVALID_ARGUMENT details=INVALID_ARGUMENT: [22]Client has no FORTS accountКлиент не имеет счета FORTS
08:20:45 orders_arb WARNING gRPC market failed, falling back to DP server
08:20:46 orders_arb ERROR Market order error (GZU6@RTSX buy 1): no response
08:20:46 orders_arb ERROR Leg B market failed — emergency closing leg A
08:20:46 orders_arb INFO gRPC sending: market buy 10 GAZP@MISX acc=1225950 @ MKT
08:20:46 orders_arb INFO gRPC market placed: buy 10 GAZP@MISX acc=1225950 @ MKT id=81199933732
08:20:46 orders_arb WARNING Leg B filled but avg_price=0 from gRPC, using orderbook mid
08:20:46 orders_arb WARNING Leg B market placed 81199933732 but fill price not obtained
08:20:46 robot_arb ERROR Exit failed layer #1: leg_b_failed_emergency_closed_a — retrying next tick
08:20:47 robot_arb INFO EXIT layer #1 reason=profit_target | limit sell 10 @ 92.39 | market buy 1 @ 9509.75
08:20:47 orders_arb INFO gRPC sending: limit sell 10 GAZP@MISX acc=1225950 @ 92.39
08:20:47 orders_arb INFO gRPC limit placed: sell 10 GAZP@MISX acc=1225950 @ 92.39 id=81199935170
08:20:47 orders_arb INFO Leg A filled 10@92.39 → executing leg B market 1
08:20:47 orders_arb INFO gRPC sending: market buy 1 GZU6@RTSX acc=1225950 @ MKT
08:20:47 orders_arb ERROR gRPC order error (GZU6@RTSX buy 1@None): code=StatusCode.INVALID_ARGUMENT details=INVALID_ARGUMENT: [22]Client has no FORTS accountКлиент не имеет счета FORTS
08:20:47 orders_arb WARNING gRPC market failed, falling back to DP server
08:20:47 orders_arb ERROR Market order error (GZU6@RTSX buy 1): no response
08:20:47 orders_arb ERROR Leg B market failed — emergency closing leg A
08:20:47 orders_arb INFO gRPC sending: market buy 10 GAZP@MISX acc=1225950 @ MKT
08:20:47 orders_arb INFO gRPC market placed: buy 10 GAZP@MISX acc=1225950 @ MKT id=81199935993
08:20:48 orders_arb WARNING Leg B filled but avg_price=0 from gRPC, using orderbook mid
08:20:48 orders_arb WARNING Leg B market placed 81199935993 but fill price not obtained
08:20:48 robot_arb ERROR Exit failed layer #1: leg_b_failed_emergency_closed_a — retrying next tick
08:20:48 robot_arb INFO EXIT layer #1 reason=profit_target | limit sell 10 @ 92.39 | market buy 1 @ 9509.75
08:20:48 orders_arb INFO gRPC sending: limit sell 10 GAZP@MISX acc=1225950 @ 92.39
08:20:48 orders_arb INFO gRPC limit placed: sell 10 GAZP@MISX acc=1225950 @ 92.39 id=81199937328
08:20:49 orders_arb INFO Leg A filled 10@92.39 → executing leg B market 1
08:20:49 orders_arb INFO gRPC sending: market buy 1 GZU6@RTSX acc=1225950 @ MKT
08:20:49 orders_arb ERROR gRPC order error (GZU6@RTSX buy 1@None): code=StatusCode.INVALID_ARGUMENT details=INVALID_ARGUMENT: [22]Client has no FORTS accountКлиент не имеет счета FORTS
08:20:49 orders_arb WARNING gRPC market failed, falling back to DP server
08:20:49 orders_arb ERROR Market order error (GZU6@RTSX buy 1): no response
08:20:49 orders_arb ERROR Leg B market failed — emergency closing leg A
08:20:49 orders_arb INFO gRPC sending: market buy 10 GAZP@MISX acc=1225950 @ MKT
08:20:49 orders_arb INFO gRPC market placed: buy 10 GAZP@MISX acc=1225950 @ MKT id=81199938153
08:20:49 orders_arb WARNING Leg B filled but avg_price=0 from gRPC, using orderbook mid
08:20:49 orders_arb WARNING Leg B market placed 81199938153 but fill price not obtained
08:20:49 robot_arb ERROR Exit failed layer #1: leg_b_failed_emergency_closed_a — retrying next tick
08:20:50 robot_arb INFO EXIT layer #1 reason=profit_target | limit sell 10 @ 92.39 | market buy 1 @ 9509.75
08:20:50 orders_arb INFO gRPC sending: limit sell 10 GAZP@MISX acc=1225950 @ 92.39
08:20:50 orders_arb INFO gRPC limit placed: sell 10 GAZP@MISX acc=1225950 @ 92.39 id=81199939900
08:20:50 orders_arb INFO Leg A filled 10@92.39 → executing leg B market 1
08:20:50 orders_arb INFO gRPC sending: market buy 1 GZU6@RTSX acc=1225950 @ MKT
08:20:51 orders_arb ERROR gRPC order error (GZU6@RTSX buy 1@None): code=StatusCode.INVALID_ARGUMENT details=INVALID_ARGUMENT: [22]Client has no FORTS accountКлиент не имеет счета FORTS
08:20:51 orders_arb WARNING gRPC market failed, falling back to DP server
08:20:51 orders_arb ERROR Market order error (GZU6@RTSX buy 1): no response
08:20:51 orders_arb ERROR Leg B market failed — emergency closing leg A
08:20:51 orders_arb INFO gRPC sending: market buy 10 GAZP@MISX acc=1225950 @ MKT
08:20:51 orders_arb INFO gRPC market placed: buy 10 GAZP@MISX acc=1225950 @ MKT id=81199940935
08:20:51 orders_arb WARNING Leg B filled but avg_price=0 from gRPC, using orderbook mid
08:20:51 orders_arb WARNING Leg B market placed 81199940935 but fill price not obtained
08:20:51 robot_arb ERROR Exit failed layer #1: leg_b_failed_emergency_closed_a — retrying next tick
08:20:52 robot_arb INFO EXIT layer #1 reason=profit_target | limit sell 10 @ 92.36 | market buy 1 @ 9507.75
08:20:52 orders_arb INFO gRPC sending: limit sell 10 GAZP@MISX acc=1225950 @ 92.36
08:20:52 orders_arb INFO gRPC limit placed: sell 10 GAZP@MISX acc=1225950 @ 92.36 id=81199942141
08:20:52 orders_arb INFO Leg A filled 10@92.36 → executing leg B market 1
08:20:52 orders_arb INFO gRPC sending: market buy 1 GZU6@RTSX acc=1225950 @ MKT
08:20:52 orders_arb ERROR gRPC order error (GZU6@RTSX buy 1@None): code=StatusCode.INVALID_ARGUMENT details=INVALID_ARGUMENT: [22]Client has no FORTS accountКлиент не имеет счета FORTS
08:20:52 orders_arb WARNING gRPC market failed, falling back to DP server
08:20:52 orders_arb ERROR Market order error (GZU6@RTSX buy 1): no response
08:20:52 orders_arb ERROR Leg B market failed — emergency closing leg A
08:20:52 orders_arb INFO gRPC sending: market buy 10 GAZP@MISX acc=1225950 @ MKT
08:20:53 orders_arb INFO gRPC market placed: buy 10 GAZP@MISX acc=1225950 @ MKT id=81199943199
08:20:53 orders_arb WARNING Leg B filled but avg_price=0 from gRPC, using orderbook mid
08:20:53 orders_arb WARNING Leg B market placed 81199943199 but fill price not obtained
08:20:53 robot_arb ERROR Exit failed layer #1: leg_b_failed_emergency_closed_a — retrying next tick
08:20:53 robot_arb INFO EXIT layer #1 reason=profit_target | limit sell 10 @ 92.36 | market buy 1 @ 9507.75
08:20:53 orders_arb INFO gRPC sending: limit sell 10 GAZP@MISX acc=1225950 @ 92.36
08:20:54 orders_arb INFO gRPC limit placed: sell 10 GAZP@MISX acc=1225950 @ 92.36 id=81199944989
08:20:54 orders_arb INFO Leg A filled 10@92.36 → executing leg B market 1
08:20:54 orders_arb INFO gRPC sending: market buy 1 GZU6@RTSX acc=1225950 @ MKT
08:20:54 orders_arb ERROR gRPC order error (GZU6@RTSX buy 1@None): code=StatusCode.INVALID_ARGUMENT details=INVALID_ARGUMENT: [22]Client has no FORTS accountКлиент не имеет счета FORTS
08:20:54 orders_arb WARNING gRPC market failed, falling back to DP server
08:20:54 orders_arb ERROR Market order error (GZU6@RTSX buy 1): no response
08:20:54 orders_arb ERROR Leg B market failed — emergency closing leg A
08:20:54 orders_arb INFO gRPC sending: market buy 10 GAZP@MISX acc=1225950 @ MKT
08:20:54 orders_arb INFO gRPC market placed: buy 10 GAZP@MISX acc=1225950 @ MKT id=81199945744
08:20:55 orders_arb WARNING Leg B filled but avg_price=0 from gRPC, using orderbook mid
08:20:55 orders_arb WARNING Leg B market placed 81199945744 but fill price not obtained
08:20:55 robot_arb ERROR Exit failed layer #1: leg_b_failed_emergency_closed_a — retrying next tick
08:21:00 robot_arb INFO Z=3.40 (threshold=2.7) — no signal (dup_check=False)
08:21:05 robot_arb INFO Z=2.68 (threshold=2.7) — no signal (dup_check=False)
08:21:10 robot_arb INFO Z=6.80 (threshold=2.7) — no signal (dup_check=False)
08:21:11 robot_arb INFO EXIT layer #1 reason=profit_target | limit sell 10 @ 91.83 | market buy 1 @ 9454.73
08:21:11 orders_arb INFO gRPC sending: limit sell 10 GAZP@MISX acc=1225950 @ 91.83
08:21:11 orders_arb INFO gRPC limit placed: sell 10 GAZP@MISX acc=1225950 @ 91.83 id=81200007716
08:21:11 orders_arb INFO Leg A filled 10@91.83 → executing leg B market 1
08:21:11 orders_arb INFO gRPC sending: market buy 1 GZU6@RTSX acc=1225950 @ MKT
08:21:11 orders_arb ERROR gRPC order error (GZU6@RTSX buy 1@None): code=StatusCode.INVALID_ARGUMENT details=INVALID_ARGUMENT: [22]Client has no FORTS accountКлиент не имеет счета FORTS
08:21:11 orders_arb WARNING gRPC market failed, falling back to DP server
08:21:11 orders_arb ERROR Market order error (GZU6@RTSX buy 1): no response
08:21:11 orders_arb ERROR Leg B market failed — emergency closing leg A
08:21:11 orders_arb INFO gRPC sending: market buy 10 GAZP@MISX acc=1225950 @ MKT
08:21:12 orders_arb INFO gRPC market placed: buy 10 GAZP@MISX acc=1225950 @ MKT id=81200010954
08:21:12 orders_arb WARNING Leg B filled but avg_price=0 from gRPC, using orderbook mid
08:21:12 orders_arb WARNING Leg B market placed 81200010954 but fill price not obtained
08:21:12 robot_arb ERROR Exit failed layer #1: leg_b_failed_emergency_closed_a — retrying next tick
08:21:13 robot_arb INFO EXIT layer #1 reason=profit_target | limit sell 10 @ 91.83 | market buy 1 @ 9454.73
08:21:13 orders_arb INFO gRPC sending: limit sell 10 GAZP@MISX acc=1225950 @ 91.83
08:21:13 orders_arb INFO gRPC limit placed: sell 10 GAZP@MISX acc=1225950 @ 91.83 id=81200013655
08:21:13 orders_arb INFO Leg A filled 10@91.83 → executing leg B market 1
08:21:13 orders_arb INFO gRPC sending: market buy 1 GZU6@RTSX acc=1225950 @ MKT
08:21:13 orders_arb ERROR gRPC order error (GZU6@RTSX buy 1@None): code=StatusCode.INVALID_ARGUMENT details=INVALID_ARGUMENT: [22]Client has no FORTS accountКлиент не имеет счета FORTS
08:21:13 orders_arb WARNING gRPC market failed, falling back to DP server
08:21:13 orders_arb ERROR Market order error (GZU6@RTSX buy 1): no response
08:21:13 orders_arb ERROR Leg B market failed — emergency closing leg A
08:21:13 orders_arb INFO gRPC sending: market buy 10 GAZP@MISX acc=1225950 @ MKT
08:21:13 orders_arb INFO gRPC market placed: buy 10 GAZP@MISX acc=1225950 @ MKT id=81200014626
08:21:14 orders_arb WARNING Leg B filled but avg_price=0 from gRPC, using orderbook mid
08:21:14 orders_arb WARNING Leg B market placed 81200014626 but fill price not obtained
08:21:14 robot_arb ERROR Exit failed layer #1: leg_b_failed_emergency_closed_a — retrying next tick
08:21:14 robot_arb INFO EXIT layer #1 reason=profit_target | limit sell 10 @ 91.83 | market buy 1 @ 9454.73
08:21:14 orders_arb INFO gRPC sending: limit sell 10 GAZP@MISX acc=1225950 @ 91.83
08:21:14 orders_arb INFO gRPC limit placed: sell 10 GAZP@MISX acc=1225950 @ 91.83 id=81200023660
08:21:14 orders_arb INFO Leg A filled 10@91.83 → executing leg B market 1
08:21:14 orders_arb INFO gRPC sending: market buy 1 GZU6@RTSX acc=1225950 @ MKT
08:21:15 orders_arb ERROR gRPC order error (GZU6@RTSX buy 1@None): code=StatusCode.INVALID_ARGUMENT details=INVALID_ARGUMENT: [22]Client has no FORTS accountКлиент не имеет счета FORTS
08:21:15 orders_arb WARNING gRPC market failed, falling back to DP server
08:21:15 orders_arb ERROR Market order error (GZU6@RTSX buy 1): no response
08:21:15 orders_arb ERROR Leg B market failed — emergency closing leg A
08:21:15 orders_arb INFO gRPC sending: market buy 10 GAZP@MISX acc=1225950 @ MKT
08:21:15 orders_arb INFO gRPC market placed: buy 10 GAZP@MISX acc=1225950 @ MKT id=81200029825
08:21:15 orders_arb WARNING Leg B filled but avg_price=0 from gRPC, using orderbook mid
08:21:15 orders_arb WARNING Leg B market placed 81200029825 but fill price not obtained
08:21:15 robot_arb ERROR Exit failed layer #1: leg_b_failed_emergency_closed_a — retrying next tick
08:21:16 robot_arb INFO EXIT layer #1 reason=profit_target | limit sell 10 @ 91.72 | market buy 1 @ 9436.72
08:21:16 orders_arb INFO gRPC sending: limit sell 10 GAZP@MISX acc=1225950 @ 91.72
08:21:16 orders_arb INFO gRPC limit placed: sell 10 GAZP@MISX acc=1225950 @ 91.72 id=81200035838
08:21:16 orders_arb INFO Leg A filled 10@91.72 → executing leg B market 1
08:21:16 orders_arb INFO gRPC sending: market buy 1 GZU6@RTSX acc=1225950 @ MKT
08:21:16 orders_arb ERROR gRPC order error (GZU6@RTSX buy 1@None): code=StatusCode.INVALID_ARGUMENT details=INVALID_ARGUMENT: [22]Client has no FORTS accountКлиент не имеет счета FORTS
08:21:16 orders_arb WARNING gRPC market failed, falling back to DP server
08:21:17 orders_arb ERROR Market order error (GZU6@RTSX buy 1): no response
08:21:17 orders_arb ERROR Leg B market failed — emergency closing leg A
08:21:17 orders_arb INFO gRPC sending: market buy 10 GAZP@MISX acc=1225950 @ MKT
08:21:17 orders_arb INFO gRPC market placed: buy 10 GAZP@MISX acc=1225950 @ MKT id=81200037387
08:21:17 orders_arb WARNING Leg B filled but avg_price=0 from gRPC, using orderbook mid
08:21:17 orders_arb WARNING Leg B market placed 81200037387 but fill price not obtained
08:21:17 robot_arb ERROR Exit failed layer #1: leg_b_failed_emergency_closed_a — retrying next tick
08:21:18 robot_arb INFO EXIT layer #1 reason=profit_target | limit sell 10 @ 91.72 | market buy 1 @ 9436.72
08:21:18 orders_arb INFO gRPC sending: limit sell 10 GAZP@MISX acc=1225950 @ 91.72
08:21:18 orders_arb INFO gRPC limit placed: sell 10 GAZP@MISX acc=1225950 @ 91.72 id=81200042228
08:21:18 orders_arb INFO Leg A filled 10@91.72 → executing leg B market 1
08:21:18 orders_arb INFO gRPC sending: market buy 1 GZU6@RTSX acc=1225950 @ MKT
08:21:18 orders_arb ERROR gRPC order error (GZU6@RTSX buy 1@None): code=StatusCode.INVALID_ARGUMENT details=INVALID_ARGUMENT: [22]Client has no FORTS accountКлиент не имеет счета FORTS
08:21:18 orders_arb WARNING gRPC market failed, falling back to DP server
08:21:18 orders_arb ERROR Market order error (GZU6@RTSX buy 1): no response
08:21:18 orders_arb ERROR Leg B market failed — emergency closing leg A
08:21:18 orders_arb INFO gRPC sending: market buy 10 GAZP@MISX acc=1225950 @ MKT
08:21:18 orders_arb INFO gRPC market placed: buy 10 GAZP@MISX acc=1225950 @ MKT id=81200043729
08:21:19 orders_arb WARNING Leg B filled but avg_price=0 from gRPC, using orderbook mid
08:21:19 orders_arb WARNING Leg B market placed 81200043729 but fill price not obtained
08:21:19 robot_arb ERROR Exit failed layer #1: leg_b_failed_emergency_closed_a — retrying next tick
08:21:19 robot_arb INFO EXIT layer #1 reason=profit_target | limit sell 10 @ 91.72 | market buy 1 @ 9436.72
08:21:19 orders_arb INFO gRPC sending: limit sell 10 GAZP@MISX acc=1225950 @ 91.72
08:21:19 orders_arb INFO gRPC limit placed: sell 10 GAZP@MISX acc=1225950 @ 91.72 id=81200049925
08:21:19 orders_arb INFO Leg A filled 10@91.72 → executing leg B market 1
08:21:19 orders_arb INFO gRPC sending: market buy 1 GZU6@RTSX acc=1225950 @ MKT
08:21:19 orders_arb ERROR gRPC order error (GZU6@RTSX buy 1@None): code=StatusCode.INVALID_ARGUMENT details=INVALID_ARGUMENT: [22]Client has no FORTS accountКлиент не имеет счета FORTS
08:21:19 orders_arb WARNING gRPC market failed, falling back to DP server
08:21:20 orders_arb ERROR Market order error (GZU6@RTSX buy 1): no response
08:21:20 orders_arb ERROR Leg B market failed — emergency closing leg A
08:21:20 orders_arb INFO gRPC sending: market buy 10 GAZP@MISX acc=1225950 @ MKT
08:21:20 orders_arb INFO gRPC market placed: buy 10 GAZP@MISX acc=1225950 @ MKT id=81200052086
08:21:20 orders_arb WARNING Leg B filled but avg_price=0 from gRPC, using orderbook mid
08:21:20 orders_arb WARNING Leg B market placed 81200052086 but fill price not obtained
08:21:20 robot_arb ERROR Exit failed layer #1: leg_b_failed_emergency_closed_a — retrying next tick
08:21:25 robot_arb INFO EXIT layer #1 reason=profit_target | limit sell 10 @ 92.00 | market buy 1 @ 9448.72
08:21:25 orders_arb INFO gRPC sending: limit sell 10 GAZP@MISX acc=1225950 @ 92.0
08:21:25 orders_arb INFO gRPC limit placed: sell 10 GAZP@MISX acc=1225950 @ 92.0 id=81200073669
08:21:25 orders_arb INFO Leg A filled 10@92.00 → executing leg B market 1
08:21:25 orders_arb INFO gRPC sending: market buy 1 GZU6@RTSX acc=1225950 @ MKT
08:21:26 orders_arb ERROR gRPC order error (GZU6@RTSX buy 1@None): code=StatusCode.INVALID_ARGUMENT details=INVALID_ARGUMENT: [22]Client has no FORTS accountКлиент не имеет счета FORTS
08:21:26 orders_arb WARNING gRPC market failed, falling back to DP server
08:21:26 orders_arb ERROR Market order error (GZU6@RTSX buy 1): no response
08:21:26 orders_arb ERROR Leg B market failed — emergency closing leg A
08:21:26 orders_arb INFO gRPC sending: market buy 10 GAZP@MISX acc=1225950 @ MKT
08:21:26 orders_arb INFO gRPC market placed: buy 10 GAZP@MISX acc=1225950 @ MKT id=81200075463
08:21:27 orders_arb WARNING Leg B filled but avg_price=0 from gRPC, using orderbook mid
08:21:27 orders_arb WARNING Leg B market placed 81200075463 but fill price not obtained
08:21:27 robot_arb ERROR Exit failed layer #1: leg_b_failed_emergency_closed_a — retrying next tick
08:21:27 robot_arb INFO Z=4.18 (threshold=2.7) — no signal (dup_check=False)
08:21:28 robot_arb INFO Z=4.18 (threshold=2.7) — no signal (dup_check=False)
08:21:28 robot_arb INFO Z=3.97 (threshold=2.7) — no signal (dup_check=False)
08:21:29 robot_arb INFO Z=3.97 (threshold=2.7) — no signal (dup_check=False)
08:21:29 robot_arb INFO Z=3.78 (threshold=2.7) — no signal (dup_check=False)
08:21:30 robot_arb INFO Z=3.78 (threshold=2.7) — no signal (dup_check=False)
08:21:30 robot_arb INFO Z=3.00 (threshold=2.7) — no signal (dup_check=False)
08:21:40 robot_arb INFO EXIT layer #1 reason=profit_target | limit sell 10 @ 92.06 | market buy 1 @ 9476.74
08:21:40 orders_arb INFO gRPC sending: limit sell 10 GAZP@MISX acc=1225950 @ 92.06
08:21:40 orders_arb INFO gRPC limit placed: sell 10 GAZP@MISX acc=1225950 @ 92.06 id=81200143784
08:21:40 orders_arb INFO Leg A filled 10@92.06 → executing leg B market 1
08:21:40 orders_arb INFO gRPC sending: market buy 1 GZU6@RTSX acc=1225950 @ MKT
08:21:40 orders_arb ERROR gRPC order error (GZU6@RTSX buy 1@None): code=StatusCode.INVALID_ARGUMENT details=INVALID_ARGUMENT: [22]Client has no FORTS accountКлиент не имеет счета FORTS
08:21:40 orders_arb WARNING gRPC market failed, falling back to DP server
08:21:41 orders_arb ERROR Market order error (GZU6@RTSX buy 1): no response
08:21:41 orders_arb ERROR Leg B market failed — emergency closing leg A
08:21:41 orders_arb INFO gRPC sending: market buy 10 GAZP@MISX acc=1225950 @ MKT
08:21:41 orders_arb INFO gRPC market placed: buy 10 GAZP@MISX acc=1225950 @ MKT id=81200147210
08:21:41 orders_arb WARNING Leg B filled but avg_price=0 from gRPC, using orderbook mid
08:21:41 orders_arb WARNING Leg B market placed 81200147210 but fill price not obtained
08:21:41 robot_arb ERROR Exit failed layer #1: leg_b_failed_emergency_closed_a — retrying next tick
08:21:50 robot_arb INFO EXIT layer #1 reason=profit_target | limit sell 10 @ 92.10 | market buy 1 @ 9483.74
08:21:50 orders_arb INFO gRPC sending: limit sell 10 GAZP@MISX acc=1225950 @ 92.1
08:21:50 orders_arb INFO gRPC limit placed: sell 10 GAZP@MISX acc=1225950 @ 92.1 id=81200201726
08:21:50 orders_arb INFO Leg A filled 10@92.10 → executing leg B market 1
08:21:50 orders_arb INFO gRPC sending: market buy 1 GZU6@RTSX acc=1225950 @ MKT
08:21:51 orders_arb ERROR gRPC order error (GZU6@RTSX buy 1@None): code=StatusCode.INVALID_ARGUMENT details=INVALID_ARGUMENT: [22]Client has no FORTS accountКлиент не имеет счета FORTS
08:21:51 orders_arb WARNING gRPC market failed, falling back to DP server
08:21:51 orders_arb ERROR Market order error (GZU6@RTSX buy 1): no response
08:21:51 orders_arb ERROR Leg B market failed — emergency closing leg A
08:21:51 orders_arb INFO gRPC sending: market buy 10 GAZP@MISX acc=1225950 @ MKT
08:21:51 orders_arb INFO gRPC market placed: buy 10 GAZP@MISX acc=1225950 @ MKT id=81200202851
08:21:51 orders_arb WARNING Leg B filled but avg_price=0 from gRPC, using orderbook mid
08:21:51 orders_arb WARNING Leg B market placed 81200202851 but fill price not obtained
08:21:51 robot_arb ERROR Exit failed layer #1: leg_b_failed_emergency_closed_a — retrying next tick
08:21:52 robot_arb INFO EXIT layer #1 reason=profit_target | limit sell 10 @ 92.10 | market buy 1 @ 9483.74
08:21:52 orders_arb INFO gRPC sending: limit sell 10 GAZP@MISX acc=1225950 @ 92.1
08:21:52 orders_arb INFO gRPC limit placed: sell 10 GAZP@MISX acc=1225950 @ 92.1 id=81200205253
08:21:52 orders_arb INFO Leg A filled 10@92.10 → executing leg B market 1
08:21:52 orders_arb INFO gRPC sending: market buy 1 GZU6@RTSX acc=1225950 @ MKT
08:21:52 orders_arb ERROR gRPC order error (GZU6@RTSX buy 1@None): code=StatusCode.INVALID_ARGUMENT details=INVALID_ARGUMENT: [22]Client has no FORTS accountКлиент не имеет счета FORTS
08:21:52 orders_arb WARNING gRPC market failed, falling back to DP server
08:21:52 orders_arb ERROR Market order error (GZU6@RTSX buy 1): no response
08:21:52 orders_arb ERROR Leg B market failed — emergency closing leg A
08:21:52 orders_arb INFO gRPC sending: market buy 10 GAZP@MISX acc=1225950 @ MKT
08:21:53 orders_arb INFO gRPC market placed: buy 10 GAZP@MISX acc=1225950 @ MKT id=81200207195
08:21:53 orders_arb WARNING Leg B filled but avg_price=0 from gRPC, using orderbook mid
08:21:53 orders_arb WARNING Leg B market placed 81200207195 but fill price not obtained
08:21:53 robot_arb ERROR Exit failed layer #1: leg_b_failed_emergency_closed_a — retrying next tick
08:21:53 robot_arb INFO EXIT layer #1 reason=profit_target | limit sell 10 @ 92.10 | market buy 1 @ 9483.74
08:21:53 orders_arb INFO gRPC sending: limit sell 10 GAZP@MISX acc=1225950 @ 92.1
08:21:54 orders_arb INFO gRPC limit placed: sell 10 GAZP@MISX acc=1225950 @ 92.1 id=81200213839
08:21:54 orders_arb INFO Leg A filled 10@92.10 → executing leg B market 1
08:21:54 orders_arb INFO gRPC sending: market buy 1 GZU6@RTSX acc=1225950 @ MKT
08:21:54 orders_arb ERROR gRPC order error (GZU6@RTSX buy 1@None): code=StatusCode.INVALID_ARGUMENT details=INVALID_ARGUMENT: [22]Client has no FORTS accountКлиент не имеет счета FORTS
08:21:54 orders_arb WARNING gRPC market failed, falling back to DP server
08:21:54 orders_arb ERROR Market order error (GZU6@RTSX buy 1): no response
08:21:54 orders_arb ERROR Leg B market failed — emergency closing leg A
08:21:54 orders_arb INFO gRPC sending: market buy 10 GAZP@MISX acc=1225950 @ MKT
08:21:54 orders_arb INFO gRPC market placed: buy 10 GAZP@MISX acc=1225950 @ MKT id=81200215873
08:21:54 orders_arb WARNING Leg B filled but avg_price=0 from gRPC, using orderbook mid
08:21:54 orders_arb WARNING Leg B market placed 81200215873 but fill price not obtained
08:21:54 robot_arb ERROR Exit failed layer #1: leg_b_failed_emergency_closed_a — retrying next tick
08:22:02 robot_arb INFO EXIT layer #1 reason=profit_target | limit sell 10 @ 92.12 | market buy 1 @ 9481.74
08:22:02 orders_arb INFO gRPC sending: limit sell 10 GAZP@MISX acc=1225950 @ 92.12
08:22:03 orders_arb INFO gRPC limit placed: sell 10 GAZP@MISX acc=1225950 @ 92.12 id=81200259157
08:22:03 orders_arb INFO Leg A filled 10@92.12 → executing leg B market 1
08:22:03 orders_arb INFO gRPC sending: market buy 1 GZU6@RTSX acc=1225950 @ MKT
08:22:03 orders_arb ERROR gRPC order error (GZU6@RTSX buy 1@None): code=StatusCode.INVALID_ARGUMENT details=INVALID_ARGUMENT: [22]Client has no FORTS accountКлиент не имеет счета FORTS
08:22:03 orders_arb WARNING gRPC market failed, falling back to DP server
08:22:03 orders_arb ERROR Market order error (GZU6@RTSX buy 1): no response
08:22:03 orders_arb ERROR Leg B market failed — emergency closing leg A
08:22:03 orders_arb INFO gRPC sending: market buy 10 GAZP@MISX acc=1225950 @ MKT
08:22:03 orders_arb INFO gRPC market placed: buy 10 GAZP@MISX acc=1225950 @ MKT id=81200262334
08:22:04 orders_arb WARNING Leg B filled but avg_price=0 from gRPC, using orderbook mid
08:22:04 orders_arb WARNING Leg B market placed 81200262334 but fill price not obtained
08:22:04 robot_arb ERROR Exit failed layer #1: leg_b_failed_emergency_closed_a — retrying next tick
08:22:04 robot_arb INFO EXIT layer #1 reason=profit_target | limit sell 10 @ 92.12 | market buy 1 @ 9481.74
08:22:04 orders_arb INFO gRPC sending: limit sell 10 GAZP@MISX acc=1225950 @ 92.12
08:22:04 orders_arb INFO gRPC limit placed: sell 10 GAZP@MISX acc=1225950 @ 92.12 id=81200269507
08:22:04 orders_arb INFO Leg A filled 10@92.12 → executing leg B market 1
08:22:04 orders_arb INFO gRPC sending: market buy 1 GZU6@RTSX acc=1225950 @ MKT
08:22:04 orders_arb ERROR gRPC order error (GZU6@RTSX buy 1@None): code=StatusCode.INVALID_ARGUMENT details=INVALID_ARGUMENT: [22]Client has no FORTS accountКлиент не имеет счета FORTS
08:22:04 orders_arb WARNING gRPC market failed, falling back to DP server
08:22:04 orders_arb ERROR Market order error (GZU6@RTSX buy 1): no response
08:22:04 orders_arb ERROR Leg B market failed — emergency closing leg A
08:22:04 orders_arb INFO gRPC sending: market buy 10 GAZP@MISX acc=1225950 @ MKT
08:22:05 orders_arb INFO gRPC market placed: buy 10 GAZP@MISX acc=1225950 @ MKT id=81200270845
08:22:05 orders_arb WARNING Leg B filled but avg_price=0 from gRPC, using orderbook mid
08:22:05 orders_arb WARNING Leg B market placed 81200270845 but fill price not obtained
08:22:05 robot_arb ERROR Exit failed layer #1: leg_b_failed_emergency_closed_a — retrying next tick
08:22:22 robot_arb INFO EXIT layer #1 reason=profit_target | limit sell 10 @ 92.19 | market buy 1 @ 9491.74
08:22:22 orders_arb INFO gRPC sending: limit sell 10 GAZP@MISX acc=1225950 @ 92.19
08:22:22 orders_arb INFO gRPC limit placed: sell 10 GAZP@MISX acc=1225950 @ 92.19 id=81200335154
08:22:23 orders_arb INFO Leg A filled 10@92.19 → executing leg B market 1
08:22:23 orders_arb INFO gRPC sending: market buy 1 GZU6@RTSX acc=1225950 @ MKT
08:22:23 orders_arb ERROR gRPC order error (GZU6@RTSX buy 1@None): code=StatusCode.INVALID_ARGUMENT details=INVALID_ARGUMENT: [22]Client has no FORTS accountКлиент не имеет счета FORTS
08:22:23 orders_arb WARNING gRPC market failed, falling back to DP server
08:22:23 orders_arb ERROR Market order error (GZU6@RTSX buy 1): no response
08:22:23 orders_arb ERROR Leg B market failed — emergency closing leg A
08:22:23 orders_arb INFO gRPC sending: market buy 10 GAZP@MISX acc=1225950 @ MKT
08:22:23 orders_arb INFO gRPC market placed: buy 10 GAZP@MISX acc=1225950 @ MKT id=81200341157
08:22:24 orders_arb WARNING Leg B filled but avg_price=0 from gRPC, using orderbook mid
08:22:24 orders_arb WARNING Leg B market placed 81200341157 but fill price not obtained
08:22:24 robot_arb ERROR Exit failed layer #1: leg_b_failed_emergency_closed_a — retrying next tick
08:22:24 robot_arb INFO EXIT layer #1 reason=profit_target | limit sell 10 @ 92.19 | market buy 1 @ 9487.74
08:22:24 orders_arb INFO gRPC sending: limit sell 10 GAZP@MISX acc=1225950 @ 92.19
08:22:24 orders_arb INFO gRPC limit placed: sell 10 GAZP@MISX acc=1225950 @ 92.19 id=81200345819
08:22:24 orders_arb INFO Leg A filled 10@92.19 → executing leg B market 1
08:22:24 orders_arb INFO gRPC sending: market buy 1 GZU6@RTSX acc=1225950 @ MKT
08:22:25 orders_arb ERROR gRPC order error (GZU6@RTSX buy 1@None): code=StatusCode.INVALID_ARGUMENT details=INVALID_ARGUMENT: [22]Client has no FORTS accountКлиент не имеет счета FORTS
08:22:25 orders_arb WARNING gRPC market failed, falling back to DP server
08:22:25 orders_arb ERROR Market order error (GZU6@RTSX buy 1): no response
08:22:25 orders_arb ERROR Leg B market failed — emergency closing leg A
08:22:25 orders_arb INFO gRPC sending: market buy 10 GAZP@MISX acc=1225950 @ MKT
08:22:25 orders_arb INFO gRPC market placed: buy 10 GAZP@MISX acc=1225950 @ MKT id=81200346635
08:22:25 orders_arb WARNING Leg B filled but avg_price=0 from gRPC, using orderbook mid
08:22:25 orders_arb WARNING Leg B market placed 81200346635 but fill price not obtained
08:22:25 robot_arb ERROR Exit failed layer #1: leg_b_failed_emergency_closed_a — retrying next tick
08:22:26 robot_arb INFO EXIT layer #1 reason=profit_target | limit sell 10 @ 92.19 | market buy 1 @ 9487.74
08:22:26 orders_arb INFO gRPC sending: limit sell 10 GAZP@MISX acc=1225950 @ 92.19
08:22:26 orders_arb INFO gRPC limit placed: sell 10 GAZP@MISX acc=1225950 @ 92.19 id=81200348689
08:22:26 orders_arb INFO Leg A filled 10@92.19 → executing leg B market 1
08:22:26 orders_arb INFO gRPC sending: market buy 1 GZU6@RTSX acc=1225950 @ MKT
08:22:26 orders_arb ERROR gRPC order error (GZU6@RTSX buy 1@None): code=StatusCode.INVALID_ARGUMENT details=INVALID_ARGUMENT: [22]Client has no FORTS accountКлиент не имеет счета FORTS
08:22:26 orders_arb WARNING gRPC market failed, falling back to DP server
08:22:26 orders_arb ERROR Market order error (GZU6@RTSX buy 1): no response
08:22:26 orders_arb ERROR Leg B market failed — emergency closing leg A
08:22:26 orders_arb INFO gRPC sending: market buy 10 GAZP@MISX acc=1225950 @ MKT
08:22:27 orders_arb INFO gRPC market placed: buy 10 GAZP@MISX acc=1225950 @ MKT id=81200349803
08:22:27 orders_arb WARNING Leg B filled but avg_price=0 from gRPC, using orderbook mid
08:22:27 orders_arb WARNING Leg B market placed 81200349803 but fill price not obtained
08:22:27 robot_arb ERROR Exit failed layer #1: leg_b_failed_emergency_closed_a — retrying next tick
08:22:32 robot_arb INFO EXIT layer #1 reason=profit_target | limit sell 10 @ 92.15 | market buy 1 @ 9484.74
08:22:32 orders_arb INFO gRPC sending: limit sell 10 GAZP@MISX acc=1225950 @ 92.15
08:22:32 orders_arb INFO gRPC limit placed: sell 10 GAZP@MISX acc=1225950 @ 92.15 id=81200360214
08:22:32 orders_arb INFO Leg A filled 10@92.15 → executing leg B market 1
08:22:32 orders_arb INFO gRPC sending: market buy 1 GZU6@RTSX acc=1225950 @ MKT
08:22:32 orders_arb ERROR gRPC order error (GZU6@RTSX buy 1@None): code=StatusCode.INVALID_ARGUMENT details=INVALID_ARGUMENT: [22]Client has no FORTS accountКлиент не имеет счета FORTS
08:22:32 orders_arb WARNING gRPC market failed, falling back to DP server
08:22:32 orders_arb ERROR Market order error (GZU6@RTSX buy 1): no response
08:22:32 orders_arb ERROR Leg B market failed — emergency closing leg A
08:22:32 orders_arb INFO gRPC sending: market buy 10 GAZP@MISX acc=1225950 @ MKT
08:22:33 orders_arb INFO gRPC market placed: buy 10 GAZP@MISX acc=1225950 @ MKT id=81200361161
08:22:34 orders_arb WARNING Leg B filled but avg_price=0 from gRPC, using orderbook mid
08:22:34 orders_arb WARNING Leg B market placed 81200361161 but fill price not obtained
08:22:34 robot_arb ERROR Exit failed layer #1: leg_b_failed_emergency_closed_a — retrying next tick
08:22:35 robot_arb INFO EXIT layer #1 reason=profit_target | limit sell 10 @ 92.15 | market buy 1 @ 9484.74
08:22:35 orders_arb INFO gRPC sending: limit sell 10 GAZP@MISX acc=1225950 @ 92.15
08:22:35 orders_arb INFO gRPC limit placed: sell 10 GAZP@MISX acc=1225950 @ 92.15 id=81200366219
08:22:35 orders_arb INFO Leg A filled 10@92.15 → executing leg B market 1
08:22:35 orders_arb INFO gRPC sending: market buy 1 GZU6@RTSX acc=1225950 @ MKT
08:22:35 orders_arb ERROR gRPC order error (GZU6@RTSX buy 1@None): code=StatusCode.INVALID_ARGUMENT details=INVALID_ARGUMENT: [22]Client has no FORTS accountКлиент не имеет счета FORTS
08:22:35 orders_arb WARNING gRPC market failed, falling back to DP server
08:22:35 orders_arb ERROR Market order error (GZU6@RTSX buy 1): no response
08:22:35 orders_arb ERROR Leg B market failed — emergency closing leg A
08:22:35 orders_arb INFO gRPC sending: market buy 10 GAZP@MISX acc=1225950 @ MKT
08:22:36 orders_arb INFO gRPC market placed: buy 10 GAZP@MISX acc=1225950 @ MKT id=81200367719
08:22:36 orders_arb WARNING Leg B filled but avg_price=0 from gRPC, using orderbook mid
08:22:36 orders_arb WARNING Leg B market placed 81200367719 but fill price not obtained
08:22:36 robot_arb ERROR Exit failed layer #1: leg_b_failed_emergency_closed_a — retrying next tick
08:22:37 robot_arb INFO EXIT layer #1 reason=profit_target | limit sell 10 @ 92.15 | market buy 1 @ 9484.74
08:22:37 orders_arb INFO gRPC sending: limit sell 10 GAZP@MISX acc=1225950 @ 92.15
08:22:37 orders_arb INFO gRPC limit placed: sell 10 GAZP@MISX acc=1225950 @ 92.15 id=81200370675
08:22:37 orders_arb INFO Leg A filled 10@92.15 → executing leg B market 1
08:22:37 orders_arb INFO gRPC sending: market buy 1 GZU6@RTSX acc=1225950 @ MKT
08:22:37 orders_arb ERROR gRPC order error (GZU6@RTSX buy 1@None): code=StatusCode.INVALID_ARGUMENT details=INVALID_ARGUMENT: [22]Client has no FORTS accountКлиент не имеет счета FORTS
08:22:37 orders_arb WARNING gRPC market failed, falling back to DP server
08:22:37 orders_arb ERROR Market order error (GZU6@RTSX buy 1): no response
08:22:37 orders_arb ERROR Leg B market failed — emergency closing leg A
08:22:37 orders_arb INFO gRPC sending: market buy 10 GAZP@MISX acc=1225950 @ MKT
08:22:37 orders_arb INFO gRPC market placed: buy 10 GAZP@MISX acc=1225950 @ MKT id=81200371797
08:22:38 orders_arb WARNING Leg B filled but avg_price=0 from gRPC, using orderbook mid
08:22:38 orders_arb WARNING Leg B market placed 81200371797 but fill price not obtained
08:22:38 robot_arb ERROR Exit failed layer #1: leg_b_failed_emergency_closed_a — retrying next tick
08:22:39 robot_arb INFO EXIT layer #1 reason=profit_target | limit sell 10 @ 92.15 | market buy 1 @ 9481.74
08:22:39 orders_arb INFO gRPC sending: limit sell 10 GAZP@MISX acc=1225950 @ 92.15
08:22:39 orders_arb INFO gRPC limit placed: sell 10 GAZP@MISX acc=1225950 @ 92.15 id=81200374761
08:22:39 orders_arb INFO Leg A filled 10@92.15 → executing leg B market 1
08:22:39 orders_arb INFO gRPC sending: market buy 1 GZU6@RTSX acc=1225950 @ MKT
08:22:39 orders_arb ERROR gRPC order error (GZU6@RTSX buy 1@None): code=StatusCode.INVALID_ARGUMENT details=INVALID_ARGUMENT: [22]Client has no FORTS accountКлиент не имеет счета FORTS
08:22:39 orders_arb WARNING gRPC market failed, falling back to DP server
08:22:39 orders_arb ERROR Market order error (GZU6@RTSX buy 1): no response
08:22:39 orders_arb ERROR Leg B market failed — emergency closing leg A
08:22:39 orders_arb INFO gRPC sending: market buy 10 GAZP@MISX acc=1225950 @ MKT
08:22:39 orders_arb INFO gRPC market placed: buy 10 GAZP@MISX acc=1225950 @ MKT id=81200375678
08:22:40 orders_arb WARNING Leg B filled but avg_price=0 from gRPC, using orderbook mid
08:22:40 orders_arb WARNING Leg B market placed 81200375678 but fill price not obtained
08:22:40 robot_arb ERROR Exit failed layer #1: leg_b_failed_emergency_closed_a — retrying next tick
08:22:49 robot_arb INFO EXIT layer #1 reason=profit_target | limit sell 10 @ 92.04 | market buy 1 @ 9474.74
08:22:49 orders_arb INFO gRPC sending: limit sell 10 GAZP@MISX acc=1225950 @ 92.04
08:22:49 orders_arb INFO gRPC limit placed: sell 10 GAZP@MISX acc=1225950 @ 92.04 id=81200402896
08:22:49 orders_arb INFO Leg A filled 10@92.04 → executing leg B market 1
08:22:49 orders_arb INFO gRPC sending: market buy 1 GZU6@RTSX acc=1225950 @ MKT
08:22:50 orders_arb ERROR gRPC order error (GZU6@RTSX buy 1@None): code=StatusCode.INVALID_ARGUMENT details=INVALID_ARGUMENT: [22]Client has no FORTS accountКлиент не имеет счета FORTS
08:22:50 orders_arb WARNING gRPC market failed, falling back to DP server
08:22:50 orders_arb ERROR Market order error (GZU6@RTSX buy 1): no response
08:22:50 orders_arb ERROR Leg B market failed — emergency closing leg A
08:22:50 orders_arb INFO gRPC sending: market buy 10 GAZP@MISX acc=1225950 @ MKT
08:22:50 orders_arb INFO gRPC market placed: buy 10 GAZP@MISX acc=1225950 @ MKT id=81200405890
08:22:50 orders_arb WARNING Leg B filled but avg_price=0 from gRPC, using orderbook mid
08:22:50 orders_arb WARNING Leg B market placed 81200405890 but fill price not obtained
08:22:50 robot_arb ERROR Exit failed layer #1: leg_b_failed_emergency_closed_a — retrying next tick
08:22:51 robot_arb INFO EXIT layer #1 reason=profit_target | limit sell 10 @ 92.04 | market buy 1 @ 9474.74
08:22:51 orders_arb INFO gRPC sending: limit sell 10 GAZP@MISX acc=1225950 @ 92.04
08:22:51 orders_arb INFO gRPC limit placed: sell 10 GAZP@MISX acc=1225950 @ 92.04 id=81200412286
08:22:51 orders_arb INFO Leg A filled 10@92.04 → executing leg B market 1
08:22:51 orders_arb INFO gRPC sending: market buy 1 GZU6@RTSX acc=1225950 @ MKT
08:22:51 orders_arb ERROR gRPC order error (GZU6@RTSX buy 1@None): code=StatusCode.INVALID_ARGUMENT details=INVALID_ARGUMENT: [22]Client has no FORTS accountКлиент не имеет счета FORTS
08:22:51 orders_arb WARNING gRPC market failed, falling back to DP server
08:22:51 orders_arb ERROR Market order error (GZU6@RTSX buy 1): no response
08:22:51 orders_arb ERROR Leg B market failed — emergency closing leg A
08:22:51 orders_arb INFO gRPC sending: market buy 10 GAZP@MISX acc=1225950 @ MKT
08:22:52 orders_arb INFO gRPC market placed: buy 10 GAZP@MISX acc=1225950 @ MKT id=81200415514
08:22:52 orders_arb WARNING Leg B filled but avg_price=0 from gRPC, using orderbook mid
08:22:52 orders_arb WARNING Leg B market placed 81200415514 but fill price not obtained
08:22:52 robot_arb ERROR Exit failed layer #1: leg_b_failed_emergency_closed_a — retrying next tick
08:22:54 robot_arb INFO EXIT layer #1 reason=profit_target | limit sell 10 @ 92.15 | market buy 1 @ 9483.74
08:22:54 orders_arb INFO gRPC sending: limit sell 10 GAZP@MISX acc=1225950 @ 92.15
08:22:55 orders_arb INFO gRPC limit placed: sell 10 GAZP@MISX acc=1225950 @ 92.15 id=81200431319
08:22:55 orders_arb INFO Leg A filled 10@92.15 → executing leg B market 1
08:22:55 orders_arb INFO gRPC sending: market buy 1 GZU6@RTSX acc=1225950 @ MKT
08:22:55 orders_arb ERROR gRPC order error (GZU6@RTSX buy 1@None): code=StatusCode.INVALID_ARGUMENT details=INVALID_ARGUMENT: [22]Client has no FORTS accountКлиент не имеет счета FORTS
08:22:55 orders_arb WARNING gRPC market failed, falling back to DP server
08:22:55 orders_arb ERROR Market order error (GZU6@RTSX buy 1): no response
08:22:55 orders_arb ERROR Leg B market failed — emergency closing leg A
08:22:55 orders_arb INFO gRPC sending: market buy 10 GAZP@MISX acc=1225950 @ MKT
08:22:55 orders_arb INFO gRPC market placed: buy 10 GAZP@MISX acc=1225950 @ MKT id=81200438971
08:22:56 orders_arb WARNING Leg B filled but avg_price=0 from gRPC, using orderbook mid
08:22:56 orders_arb WARNING Leg B market placed 81200438971 but fill price not obtained
08:22:56 robot_arb ERROR Exit failed layer #1: leg_b_failed_emergency_closed_a — retrying next tick
08:22:56 robot_arb INFO EXIT layer #1 reason=profit_target | limit sell 10 @ 92.15 | market buy 1 @ 9483.74
08:22:56 orders_arb INFO gRPC sending: limit sell 10 GAZP@MISX acc=1225950 @ 92.15
08:22:56 orders_arb INFO gRPC limit placed: sell 10 GAZP@MISX acc=1225950 @ 92.15 id=81200445777
08:22:56 orders_arb INFO Leg A filled 10@92.15 → executing leg B market 1
08:22:56 orders_arb INFO gRPC sending: market buy 1 GZU6@RTSX acc=1225950 @ MKT
08:22:57 orders_arb ERROR gRPC order error (GZU6@RTSX buy 1@None): code=StatusCode.INVALID_ARGUMENT details=INVALID_ARGUMENT: [22]Client has no FORTS accountКлиент не имеет счета FORTS
08:22:57 orders_arb WARNING gRPC market failed, falling back to DP server
08:22:57 orders_arb ERROR Market order error (GZU6@RTSX buy 1): no response
08:22:57 orders_arb ERROR Leg B market failed — emergency closing leg A
08:22:57 orders_arb INFO gRPC sending: market buy 10 GAZP@MISX acc=1225950 @ MKT
08:22:57 orders_arb INFO gRPC market placed: buy 10 GAZP@MISX acc=1225950 @ MKT id=81200448754
08:22:57 orders_arb WARNING Leg B filled but avg_price=0 from gRPC, using orderbook mid
08:22:57 orders_arb WARNING Leg B market placed 81200448754 but fill price not obtained
08:22:57 robot_arb ERROR Exit failed layer #1: leg_b_failed_emergency_closed_a — retrying next tick
08:22:58 robot_arb INFO EXIT layer #1 reason=profit_target | limit sell 10 @ 92.15 | market buy 1 @ 9483.74
08:22:58 orders_arb INFO gRPC sending: limit sell 10 GAZP@MISX acc=1225950 @ 92.15
08:22:58 orders_arb INFO gRPC limit placed: sell 10 GAZP@MISX acc=1225950 @ 92.15 id=81200455970
08:22:58 orders_arb INFO Leg A filled 10@92.15 → executing leg B market 1
08:22:58 orders_arb INFO gRPC sending: market buy 1 GZU6@RTSX acc=1225950 @ MKT
08:22:58 orders_arb ERROR gRPC order error (GZU6@RTSX buy 1@None): code=StatusCode.INVALID_ARGUMENT details=INVALID_ARGUMENT: [22]Client has no FORTS accountКлиент не имеет счета FORTS
08:22:58 orders_arb WARNING gRPC market failed, falling back to DP server
08:22:58 orders_arb ERROR Market order error (GZU6@RTSX buy 1): no response
08:22:58 orders_arb ERROR Leg B market failed — emergency closing leg A
08:22:58 orders_arb INFO gRPC sending: market buy 10 GAZP@MISX acc=1225950 @ MKT
08:22:58 orders_arb INFO gRPC market placed: buy 10 GAZP@MISX acc=1225950 @ MKT id=81200457986
08:22:59 orders_arb WARNING Leg B filled but avg_price=0 from gRPC, using orderbook mid
08:22:59 orders_arb WARNING Leg B market placed 81200457986 but fill price not obtained
08:22:59 robot_arb ERROR Exit failed layer #1: leg_b_failed_emergency_closed_a — retrying next tick
08:22:59 robot_arb INFO EXIT layer #1 reason=profit_target | limit sell 10 @ 92.07 | market buy 1 @ 9478.74
08:22:59 orders_arb INFO gRPC sending: limit sell 10 GAZP@MISX acc=1225950 @ 92.07
08:22:59 orders_arb INFO gRPC limit placed: sell 10 GAZP@MISX acc=1225950 @ 92.07 id=81200466356
08:23:00 orders_arb INFO Leg A filled 10@92.07 → executing leg B market 1
08:23:00 orders_arb INFO gRPC sending: market buy 1 GZU6@RTSX acc=1225950 @ MKT
08:23:00 orders_arb ERROR gRPC order error (GZU6@RTSX buy 1@None): code=StatusCode.INVALID_ARGUMENT details=INVALID_ARGUMENT: [22]Client has no FORTS accountКлиент не имеет счета FORTS
08:23:00 orders_arb WARNING gRPC market failed, falling back to DP server
08:23:00 orders_arb ERROR Market order error (GZU6@RTSX buy 1): no response
08:23:00 orders_arb ERROR Leg B market failed — emergency closing leg A
08:23:00 orders_arb INFO gRPC sending: market buy 10 GAZP@MISX acc=1225950 @ MKT
08:23:00 orders_arb INFO gRPC market placed: buy 10 GAZP@MISX acc=1225950 @ MKT id=81200470115
08:23:01 orders_arb WARNING Leg B filled but avg_price=0 from gRPC, using orderbook mid
08:23:01 orders_arb WARNING Leg B market placed 81200470115 but fill price not obtained
08:23:01 robot_arb ERROR Exit failed layer #1: leg_b_failed_emergency_closed_a — retrying next tick
08:23:01 robot_arb INFO EXIT layer #1 reason=profit_target | limit sell 10 @ 92.07 | market buy 1 @ 9478.74
08:23:01 orders_arb INFO gRPC sending: limit sell 10 GAZP@MISX acc=1225950 @ 92.07
08:23:01 orders_arb INFO gRPC limit placed: sell 10 GAZP@MISX acc=1225950 @ 92.07 id=81200477708
08:23:01 orders_arb INFO Leg A filled 10@92.07 → executing leg B market 1
08:23:01 orders_arb INFO gRPC sending: market buy 1 GZU6@RTSX acc=1225950 @ MKT
08:23:02 orders_arb ERROR gRPC order error (GZU6@RTSX buy 1@None): code=StatusCode.INVALID_ARGUMENT details=INVALID_ARGUMENT: [22]Client has no FORTS accountКлиент не имеет счета FORTS
08:23:02 orders_arb WARNING gRPC market failed, falling back to DP server
08:23:02 orders_arb ERROR Market order error (GZU6@RTSX buy 1): no response
08:23:02 orders_arb ERROR Leg B market failed — emergency closing leg A
08:23:02 orders_arb INFO gRPC sending: market buy 10 GAZP@MISX acc=1225950 @ MKT
08:23:02 orders_arb INFO gRPC market placed: buy 10 GAZP@MISX acc=1225950 @ MKT id=81200480542
08:23:02 orders_arb WARNING Leg B filled but avg_price=0 from gRPC, using orderbook mid
08:23:02 orders_arb WARNING Leg B market placed 81200480542 but fill price not obtained
08:23:02 robot_arb ERROR Exit failed layer #1: leg_b_failed_emergency_closed_a — retrying next tick
08:23:03 robot_arb INFO EXIT layer #1 reason=profit_target | limit sell 10 @ 92.07 | market buy 1 @ 9478.74
08:23:03 orders_arb INFO gRPC sending: limit sell 10 GAZP@MISX acc=1225950 @ 92.07
08:23:03 orders_arb INFO gRPC limit placed: sell 10 GAZP@MISX acc=1225950 @ 92.07 id=81200487536
08:23:03 orders_arb INFO Leg A filled 10@92.07 → executing leg B market 1
08:23:03 orders_arb INFO gRPC sending: market buy 1 GZU6@RTSX acc=1225950 @ MKT
08:23:03 orders_arb ERROR gRPC order error (GZU6@RTSX buy 1@None): code=StatusCode.INVALID_ARGUMENT details=INVALID_ARGUMENT: [22]Client has no FORTS accountКлиент не имеет счета FORTS
08:23:03 orders_arb WARNING gRPC market failed, falling back to DP server
08:23:03 orders_arb ERROR Market order error (GZU6@RTSX buy 1): no response
08:23:03 orders_arb ERROR Leg B market failed — emergency closing leg A
08:23:03 orders_arb INFO gRPC sending: market buy 10 GAZP@MISX acc=1225950 @ MKT
08:23:04 orders_arb INFO gRPC market placed: buy 10 GAZP@MISX acc=1225950 @ MKT id=81200491113
08:23:04 orders_arb WARNING Leg B filled but avg_price=0 from gRPC, using orderbook mid
08:23:04 orders_arb WARNING Leg B market placed 81200491113 but fill price not obtained
08:23:04 robot_arb ERROR Exit failed layer #1: leg_b_failed_emergency_closed_a — retrying next tick
08:23:05 robot_arb INFO EXIT layer #1 reason=profit_target | limit sell 10 @ 92.06 | market buy 1 @ 9477.74
08:23:05 orders_arb INFO gRPC sending: limit sell 10 GAZP@MISX acc=1225950 @ 92.06
08:23:05 orders_arb INFO gRPC limit placed: sell 10 GAZP@MISX acc=1225950 @ 92.06 id=81200499827
08:23:05 orders_arb INFO Leg A filled 10@92.06 → executing leg B market 1
08:23:05 orders_arb INFO gRPC sending: market buy 1 GZU6@RTSX acc=1225950 @ MKT
08:23:05 orders_arb ERROR gRPC order error (GZU6@RTSX buy 1@None): code=StatusCode.INVALID_ARGUMENT details=INVALID_ARGUMENT: [22]Client has no FORTS accountКлиент не имеет счета FORTS
08:23:05 orders_arb WARNING gRPC market failed, falling back to DP server
08:23:05 orders_arb ERROR Market order error (GZU6@RTSX buy 1): no response
08:23:05 orders_arb ERROR Leg B market failed — emergency closing leg A
08:23:05 orders_arb INFO gRPC sending: market buy 10 GAZP@MISX acc=1225950 @ MKT
08:23:06 orders_arb INFO gRPC market placed: buy 10 GAZP@MISX acc=1225950 @ MKT id=81200502151
08:23:06 orders_arb WARNING Leg B filled but avg_price=0 from gRPC, using orderbook mid
08:23:06 orders_arb WARNING Leg B market placed 81200502151 but fill price not obtained
08:23:06 robot_arb ERROR Exit failed layer #1: leg_b_failed_emergency_closed_a — retrying next tick
08:23:06 robot_arb INFO EXIT layer #1 reason=profit_target | limit sell 10 @ 92.06 | market buy 1 @ 9477.74
08:23:06 orders_arb INFO gRPC sending: limit sell 10 GAZP@MISX acc=1225950 @ 92.06
08:23:07 orders_arb INFO gRPC limit placed: sell 10 GAZP@MISX acc=1225950 @ 92.06 id=81200509508
08:23:07 orders_arb INFO Leg A filled 10@92.06 → executing leg B market 1
08:23:07 orders_arb INFO gRPC sending: market buy 1 GZU6@RTSX acc=1225950 @ MKT
08:23:07 orders_arb ERROR gRPC order error (GZU6@RTSX buy 1@None): code=StatusCode.INVALID_ARGUMENT details=INVALID_ARGUMENT: [22]Client has no FORTS accountКлиент не имеет счета FORTS
08:23:07 orders_arb WARNING gRPC market failed, falling back to DP server
08:23:07 orders_arb ERROR Market order error (GZU6@RTSX buy 1): no response
08:23:07 orders_arb ERROR Leg B market failed — emergency closing leg A
08:23:07 orders_arb INFO gRPC sending: market buy 10 GAZP@MISX acc=1225950 @ MKT
08:23:07 orders_arb INFO gRPC market placed: buy 10 GAZP@MISX acc=1225950 @ MKT id=81200512704
08:23:08 orders_arb WARNING Leg B filled but avg_price=0 from gRPC, using orderbook mid
08:23:08 orders_arb WARNING Leg B market placed 81200512704 but fill price not obtained
08:23:08 robot_arb ERROR Exit failed layer #1: leg_b_failed_emergency_closed_a — retrying next tick
08:23:08 robot_arb INFO EXIT layer #1 reason=profit_target | limit sell 10 @ 92.06 | market buy 1 @ 9477.74
08:23:08 orders_arb INFO gRPC sending: limit sell 10 GAZP@MISX acc=1225950 @ 92.06
08:23:08 orders_arb INFO gRPC limit placed: sell 10 GAZP@MISX acc=1225950 @ 92.06 id=81200519541
08:23:08 orders_arb INFO Leg A filled 10@92.06 → executing leg B market 1
08:23:08 orders_arb INFO gRPC sending: market buy 1 GZU6@RTSX acc=1225950 @ MKT
08:23:08 orders_arb ERROR gRPC order error (GZU6@RTSX buy 1@None): code=StatusCode.INVALID_ARGUMENT details=INVALID_ARGUMENT: [22]Client has no FORTS accountКлиент не имеет счета FORTS
08:23:08 orders_arb WARNING gRPC market failed, falling back to DP server
08:23:09 orders_arb ERROR Market order error (GZU6@RTSX buy 1): no response
08:23:09 orders_arb ERROR Leg B market failed — emergency closing leg A
08:23:09 orders_arb INFO gRPC sending: market buy 10 GAZP@MISX acc=1225950 @ MKT
08:23:09 orders_arb INFO gRPC market placed: buy 10 GAZP@MISX acc=1225950 @ MKT id=81200522627
08:23:09 orders_arb WARNING Leg B filled but avg_price=0 from gRPC, using orderbook mid
08:23:09 orders_arb WARNING Leg B market placed 81200522627 but fill price not obtained
08:23:09 robot_arb ERROR Exit failed layer #1: leg_b_failed_emergency_closed_a — retrying next tick
08:23:10 robot_arb INFO EXIT layer #1 reason=profit_target | limit sell 10 @ 92.07 | market buy 1 @ 9478.74
08:23:10 orders_arb INFO gRPC sending: limit sell 10 GAZP@MISX acc=1225950 @ 92.07
08:23:10 orders_arb INFO gRPC limit placed: sell 10 GAZP@MISX acc=1225950 @ 92.07 id=81200527937
08:23:10 orders_arb INFO Leg A filled 10@92.07 → executing leg B market 1
08:23:10 orders_arb INFO gRPC sending: market buy 1 GZU6@RTSX acc=1225950 @ MKT
08:23:10 orders_arb ERROR gRPC order error (GZU6@RTSX buy 1@None): code=StatusCode.INVALID_ARGUMENT details=INVALID_ARGUMENT: [22]Client has no FORTS accountКлиент не имеет счета FORTS
08:23:10 orders_arb WARNING gRPC market failed, falling back to DP server
08:23:10 orders_arb ERROR Market order error (GZU6@RTSX buy 1): no response
08:23:10 orders_arb ERROR Leg B market failed — emergency closing leg A
08:23:10 orders_arb INFO gRPC sending: market buy 10 GAZP@MISX acc=1225950 @ MKT
08:23:11 orders_arb INFO gRPC market placed: buy 10 GAZP@MISX acc=1225950 @ MKT id=81200531403
08:23:11 orders_arb WARNING Leg B filled but avg_price=0 from gRPC, using orderbook mid
08:23:11 orders_arb WARNING Leg B market placed 81200531403 but fill price not obtained
08:23:11 robot_arb ERROR Exit failed layer #1: leg_b_failed_emergency_closed_a — retrying next tick
08:23:12 robot_arb INFO EXIT layer #1 reason=profit_target | limit sell 10 @ 92.07 | market buy 1 @ 9478.74
08:23:12 orders_arb INFO gRPC sending: limit sell 10 GAZP@MISX acc=1225950 @ 92.07
08:23:12 orders_arb INFO gRPC limit placed: sell 10 GAZP@MISX acc=1225950 @ 92.07 id=81200535354
08:23:12 orders_arb INFO Leg A filled 10@92.07 → executing leg B market 1
08:23:12 orders_arb INFO gRPC sending: market buy 1 GZU6@RTSX acc=1225950 @ MKT
08:23:12 orders_arb ERROR gRPC order error (GZU6@RTSX buy 1@None): code=StatusCode.INVALID_ARGUMENT details=INVALID_ARGUMENT: [22]Client has no FORTS accountКлиент не имеет счета FORTS
08:23:12 orders_arb WARNING gRPC market failed, falling back to DP server
08:23:12 orders_arb ERROR Market order error (GZU6@RTSX buy 1): no response
08:23:12 orders_arb ERROR Leg B market failed — emergency closing leg A
08:23:12 orders_arb INFO gRPC sending: market buy 10 GAZP@MISX acc=1225950 @ MKT
08:23:12 orders_arb INFO gRPC market placed: buy 10 GAZP@MISX acc=1225950 @ MKT id=81200536706
08:23:13 orders_arb WARNING Leg B filled but avg_price=0 from gRPC, using orderbook mid
08:23:13 orders_arb WARNING Leg B market placed 81200536706 but fill price not obtained
08:23:13 robot_arb ERROR Exit failed layer #1: leg_b_failed_emergency_closed_a — retrying next tick
08:23:13 robot_arb INFO EXIT layer #1 reason=profit_target | limit sell 10 @ 92.07 | market buy 1 @ 9478.74
08:23:13 orders_arb INFO gRPC sending: limit sell 10 GAZP@MISX acc=1225950 @ 92.07
08:23:13 orders_arb INFO gRPC limit placed: sell 10 GAZP@MISX acc=1225950 @ 92.07 id=81200540752
08:23:14 orders_arb INFO Leg A filled 10@92.07 → executing leg B market 1
08:23:14 orders_arb INFO gRPC sending: market buy 1 GZU6@RTSX acc=1225950 @ MKT
08:23:14 orders_arb ERROR gRPC order error (GZU6@RTSX buy 1@None): code=StatusCode.INVALID_ARGUMENT details=INVALID_ARGUMENT: [22]Client has no FORTS accountКлиент не имеет счета FORTS
08:23:14 orders_arb WARNING gRPC market failed, falling back to DP server
08:23:14 orders_arb ERROR Market order error (GZU6@RTSX buy 1): no response
08:23:14 orders_arb ERROR Leg B market failed — emergency closing leg A
08:23:14 orders_arb INFO gRPC sending: market buy 10 GAZP@MISX acc=1225950 @ MKT
08:23:14 orders_arb INFO gRPC market placed: buy 10 GAZP@MISX acc=1225950 @ MKT id=81200544367
08:23:15 orders_arb WARNING Leg B filled but avg_price=0 from gRPC, using orderbook mid
08:23:15 orders_arb WARNING Leg B market placed 81200544367 but fill price not obtained
08:23:15 robot_arb ERROR Exit failed layer #1: leg_b_failed_emergency_closed_a — retrying next tick
08:23:21 robot_arb INFO EXIT layer #1 reason=profit_target | limit sell 10 @ 92.10 | market buy 1 @ 9478.74
08:23:21 orders_arb INFO gRPC sending: limit sell 10 GAZP@MISX acc=1225950 @ 92.1
08:23:21 orders_arb INFO gRPC limit placed: sell 10 GAZP@MISX acc=1225950 @ 92.1 id=81200568527
08:23:22 orders_arb INFO Leg A filled 10@92.10 → executing leg B market 1
08:23:22 orders_arb INFO gRPC sending: market buy 1 GZU6@RTSX acc=1225950 @ MKT
08:23:22 orders_arb ERROR gRPC order error (GZU6@RTSX buy 1@None): code=StatusCode.INVALID_ARGUMENT details=INVALID_ARGUMENT: [22]Client has no FORTS accountКлиент не имеет счета FORTS
08:23:22 orders_arb WARNING gRPC market failed, falling back to DP server
08:23:22 orders_arb ERROR Market order error (GZU6@RTSX buy 1): no response
08:23:22 orders_arb ERROR Leg B market failed — emergency closing leg A
08:23:22 orders_arb INFO gRPC sending: market buy 10 GAZP@MISX acc=1225950 @ MKT
08:23:22 orders_arb INFO gRPC market placed: buy 10 GAZP@MISX acc=1225950 @ MKT id=81200571104
08:23:23 orders_arb WARNING Leg B filled but avg_price=0 from gRPC, using orderbook mid
08:23:23 orders_arb WARNING Leg B market placed 81200571104 but fill price not obtained
08:23:23 robot_arb ERROR Exit failed layer #1: leg_b_failed_emergency_closed_a — retrying next tick
08:23:23 robot_arb INFO EXIT layer #1 reason=profit_target | limit sell 10 @ 92.10 | market buy 1 @ 9478.74
08:23:23 orders_arb INFO gRPC sending: limit sell 10 GAZP@MISX acc=1225950 @ 92.1
08:23:24 orders_arb INFO gRPC limit placed: sell 10 GAZP@MISX acc=1225950 @ 92.1 id=81200573672
08:23:24 orders_arb INFO Leg A filled 10@92.10 → executing leg B market 1
08:23:24 orders_arb INFO gRPC sending: market buy 1 GZU6@RTSX acc=1225950 @ MKT
08:23:25 orders_arb ERROR gRPC order error (GZU6@RTSX buy 1@None): code=StatusCode.INVALID_ARGUMENT details=INVALID_ARGUMENT: [22]Client has no FORTS accountКлиент не имеет счета FORTS
08:23:25 orders_arb WARNING gRPC market failed, falling back to DP server
08:23:25 orders_arb ERROR Market order error (GZU6@RTSX buy 1): no response
08:23:25 orders_arb ERROR Leg B market failed — emergency closing leg A
08:23:25 orders_arb INFO gRPC sending: market buy 10 GAZP@MISX acc=1225950 @ MKT
08:23:25 orders_arb INFO gRPC market placed: buy 10 GAZP@MISX acc=1225950 @ MKT id=81200577527
08:23:26 orders_arb WARNING Leg B filled but avg_price=0 from gRPC, using orderbook mid
08:23:26 orders_arb WARNING Leg B market placed 81200577527 but fill price not obtained
08:23:26 robot_arb ERROR Exit failed layer #1: leg_b_failed_emergency_closed_a — retrying next tick
08:23:26 robot_arb INFO EXIT layer #1 reason=profit_target | limit sell 10 @ 92.10 | market buy 1 @ 9479.74
08:23:26 orders_arb INFO gRPC sending: limit sell 10 GAZP@MISX acc=1225950 @ 92.1
08:23:26 orders_arb INFO gRPC limit placed: sell 10 GAZP@MISX acc=1225950 @ 92.1 id=81200580261
08:23:26 orders_arb INFO Leg A filled 10@92.10 → executing leg B market 1
08:23:26 orders_arb INFO gRPC sending: market buy 1 GZU6@RTSX acc=1225950 @ MKT
08:23:26 orders_arb ERROR gRPC order error (GZU6@RTSX buy 1@None): code=StatusCode.INVALID_ARGUMENT details=INVALID_ARGUMENT: [22]Client has no FORTS accountКлиент не имеет счета FORTS
08:23:26 orders_arb WARNING gRPC market failed, falling back to DP server
08:23:26 orders_arb ERROR Market order error (GZU6@RTSX buy 1): no response
08:23:26 orders_arb ERROR Leg B market failed — emergency closing leg A
08:23:26 orders_arb INFO gRPC sending: market buy 10 GAZP@MISX acc=1225950 @ MKT
08:23:27 orders_arb INFO gRPC market placed: buy 10 GAZP@MISX acc=1225950 @ MKT id=81200581577
08:23:27 orders_arb WARNING Leg B filled but avg_price=0 from gRPC, using orderbook mid
08:23:27 orders_arb WARNING Leg B market placed 81200581577 but fill price not obtained
08:23:27 robot_arb ERROR Exit failed layer #1: leg_b_failed_emergency_closed_a — retrying next tick
08:23:28 robot_arb INFO EXIT layer #1 reason=profit_target | limit sell 10 @ 92.09 | market buy 1 @ 9479.74
08:23:28 orders_arb INFO gRPC sending: limit sell 10 GAZP@MISX acc=1225950 @ 92.09
08:23:28 orders_arb INFO gRPC limit placed: sell 10 GAZP@MISX acc=1225950 @ 92.09 id=81200584401
08:23:28 orders_arb INFO Leg A filled 10@92.09 → executing leg B market 1
08:23:28 orders_arb INFO gRPC sending: market buy 1 GZU6@RTSX acc=1225950 @ MKT
08:23:28 orders_arb ERROR gRPC order error (GZU6@RTSX buy 1@None): code=StatusCode.INVALID_ARGUMENT details=INVALID_ARGUMENT: [22]Client has no FORTS accountКлиент не имеет счета FORTS
08:23:28 orders_arb WARNING gRPC market failed, falling back to DP server
08:23:28 orders_arb ERROR Market order error (GZU6@RTSX buy 1): no response
08:23:28 orders_arb ERROR Leg B market failed — emergency closing leg A
08:23:28 orders_arb INFO gRPC sending: market buy 10 GAZP@MISX acc=1225950 @ MKT
08:23:28 orders_arb INFO gRPC market placed: buy 10 GAZP@MISX acc=1225950 @ MKT id=81200584949
08:23:29 orders_arb WARNING Leg B filled but avg_price=0 from gRPC, using orderbook mid
08:23:29 orders_arb WARNING Leg B market placed 81200584949 but fill price not obtained
08:23:29 robot_arb ERROR Exit failed layer #1: leg_b_failed_emergency_closed_a — retrying next tick
08:23:29 robot_arb INFO EXIT layer #1 reason=profit_target | limit sell 10 @ 92.09 | market buy 1 @ 9479.74
08:23:29 orders_arb INFO gRPC sending: limit sell 10 GAZP@MISX acc=1225950 @ 92.09
08:23:29 orders_arb INFO gRPC limit placed: sell 10 GAZP@MISX acc=1225950 @ 92.09 id=81200586756
08:23:29 orders_arb INFO Leg A filled 10@92.09 → executing leg B market 1
08:23:29 orders_arb INFO gRPC sending: market buy 1 GZU6@RTSX acc=1225950 @ MKT
08:23:30 orders_arb ERROR gRPC order error (GZU6@RTSX buy 1@None): code=StatusCode.INVALID_ARGUMENT details=INVALID_ARGUMENT: [22]Client has no FORTS accountКлиент не имеет счета FORTS
08:23:30 orders_arb WARNING gRPC market failed, falling back to DP server
08:23:30 orders_arb ERROR Market order error (GZU6@RTSX buy 1): no response
08:23:30 orders_arb ERROR Leg B market failed — emergency closing leg A
08:23:30 orders_arb INFO gRPC sending: market buy 10 GAZP@MISX acc=1225950 @ MKT
08:23:30 orders_arb INFO gRPC market placed: buy 10 GAZP@MISX acc=1225950 @ MKT id=81200587402
08:23:30 orders_arb WARNING Leg B filled but avg_price=0 from gRPC, using orderbook mid
08:23:30 orders_arb WARNING Leg B market placed 81200587402 but fill price not obtained
08:23:30 robot_arb ERROR Exit failed layer #1: leg_b_failed_emergency_closed_a — retrying next tick
08:23:31 robot_arb INFO EXIT layer #1 reason=profit_target | limit sell 10 @ 92.09 | market buy 1 @ 9479.74
08:23:31 orders_arb INFO gRPC sending: limit sell 10 GAZP@MISX acc=1225950 @ 92.09
08:23:31 orders_arb INFO gRPC limit placed: sell 10 GAZP@MISX acc=1225950 @ 92.09 id=81200592812
08:23:31 orders_arb INFO Leg A filled 10@92.09 → executing leg B market 1
08:23:31 orders_arb INFO gRPC sending: market buy 1 GZU6@RTSX acc=1225950 @ MKT
08:23:32 orders_arb ERROR gRPC order error (GZU6@RTSX buy 1@None): code=StatusCode.INVALID_ARGUMENT details=INVALID_ARGUMENT: [22]Client has no FORTS accountКлиент не имеет счета FORTS
08:23:32 orders_arb WARNING gRPC market failed, falling back to DP server
08:23:34 orders_arb ERROR Market order error (GZU6@RTSX buy 1): no response
08:23:34 orders_arb ERROR Leg B market failed — emergency closing leg A
08:23:34 orders_arb INFO gRPC sending: market buy 10 GAZP@MISX acc=1225950 @ MKT
08:23:34 orders_arb INFO gRPC market placed: buy 10 GAZP@MISX acc=1225950 @ MKT id=81200607942
08:23:34 orders_arb WARNING Leg B filled but avg_price=0 from gRPC, using orderbook mid
08:23:34 orders_arb WARNING Leg B market placed 81200607942 but fill price not obtained
08:23:34 robot_arb ERROR Exit failed layer #1: leg_b_failed_emergency_closed_a — retrying next tick
08:23:38 robot_arb INFO EXIT layer #1 reason=profit_target | limit sell 10 @ 92.13 | market buy 1 @ 9483.74
08:23:38 orders_arb INFO gRPC sending: limit sell 10 GAZP@MISX acc=1225950 @ 92.13
08:23:38 orders_arb INFO gRPC limit placed: sell 10 GAZP@MISX acc=1225950 @ 92.13 id=81200626645
08:23:38 orders_arb INFO Leg A filled 10@92.13 → executing leg B market 1
08:23:38 orders_arb INFO gRPC sending: market buy 1 GZU6@RTSX acc=1225950 @ MKT
08:23:38 orders_arb ERROR gRPC order error (GZU6@RTSX buy 1@None): code=StatusCode.INVALID_ARGUMENT details=INVALID_ARGUMENT: [22]Client has no FORTS accountКлиент не имеет счета FORTS
08:23:38 orders_arb WARNING gRPC market failed, falling back to DP server
08:23:39 orders_arb ERROR Market order error (GZU6@RTSX buy 1): no response
08:23:39 orders_arb ERROR Leg B market failed — emergency closing leg A
08:23:39 orders_arb INFO gRPC sending: market buy 10 GAZP@MISX acc=1225950 @ MKT
08:23:39 orders_arb INFO gRPC market placed: buy 10 GAZP@MISX acc=1225950 @ MKT id=81200628148
08:23:39 orders_arb WARNING Leg B filled but avg_price=0 from gRPC, using orderbook mid
08:23:39 orders_arb WARNING Leg B market placed 81200628148 but fill price not obtained
08:23:39 robot_arb ERROR Exit failed layer #1: leg_b_failed_emergency_closed_a — retrying next tick
08:23:40 robot_arb INFO EXIT layer #1 reason=profit_target | limit sell 10 @ 92.13 | market buy 1 @ 9483.74
08:23:40 orders_arb INFO gRPC sending: limit sell 10 GAZP@MISX acc=1225950 @ 92.13
08:23:40 orders_arb INFO gRPC limit placed: sell 10 GAZP@MISX acc=1225950 @ 92.13 id=81200630134
08:23:40 orders_arb INFO Leg A filled 10@92.13 → executing leg B market 1
08:23:40 orders_arb INFO gRPC sending: market buy 1 GZU6@RTSX acc=1225950 @ MKT
08:23:40 orders_arb ERROR gRPC order error (GZU6@RTSX buy 1@None): code=StatusCode.INVALID_ARGUMENT details=INVALID_ARGUMENT: [22]Client has no FORTS accountКлиент не имеет счета FORTS
08:23:40 orders_arb WARNING gRPC market failed, falling back to DP server
08:23:40 orders_arb ERROR Market order error (GZU6@RTSX buy 1): no response
08:23:40 orders_arb ERROR Leg B market failed — emergency closing leg A
08:23:40 orders_arb INFO gRPC sending: market buy 10 GAZP@MISX acc=1225950 @ MKT
08:23:40 orders_arb INFO gRPC market placed: buy 10 GAZP@MISX acc=1225950 @ MKT id=81200632056
08:23:41 orders_arb WARNING Leg B filled but avg_price=0 from gRPC, using orderbook mid
08:23:41 orders_arb WARNING Leg B market placed 81200632056 but fill price not obtained
08:23:41 robot_arb ERROR Exit failed layer #1: leg_b_failed_emergency_closed_a — retrying next tick
08:23:41 robot_arb INFO EXIT layer #1 reason=profit_target | limit sell 10 @ 92.13 | market buy 1 @ 9483.74
08:23:41 orders_arb INFO gRPC sending: limit sell 10 GAZP@MISX acc=1225950 @ 92.13
08:23:41 orders_arb INFO gRPC limit placed: sell 10 GAZP@MISX acc=1225950 @ 92.13 id=81200635542
08:23:41 orders_arb INFO Leg A filled 10@92.13 → executing leg B market 1
08:23:41 orders_arb INFO gRPC sending: market buy 1 GZU6@RTSX acc=1225950 @ MKT
08:23:42 orders_arb ERROR gRPC order error (GZU6@RTSX buy 1@None): code=StatusCode.INVALID_ARGUMENT details=INVALID_ARGUMENT: [22]Client has no FORTS accountКлиент не имеет счета FORTS
08:23:42 orders_arb WARNING gRPC market failed, falling back to DP server
08:23:42 orders_arb ERROR Market order error (GZU6@RTSX buy 1): no response
08:23:42 orders_arb ERROR Leg B market failed — emergency closing leg A
08:23:42 orders_arb INFO gRPC sending: market buy 10 GAZP@MISX acc=1225950 @ MKT
08:23:42 orders_arb INFO gRPC market placed: buy 10 GAZP@MISX acc=1225950 @ MKT id=81200637364
08:23:42 orders_arb WARNING Leg B filled but avg_price=0 from gRPC, using orderbook mid
08:23:42 orders_arb WARNING Leg B market placed 81200637364 but fill price not obtained
08:23:42 robot_arb ERROR Exit failed layer #1: leg_b_failed_emergency_closed_a — retrying next tick
08:23:43 robot_arb INFO EXIT layer #1 reason=profit_target | limit sell 10 @ 92.08 | market buy 1 @ 9475.74
08:23:43 orders_arb INFO gRPC sending: limit sell 10 GAZP@MISX acc=1225950 @ 92.08
08:23:44 orders_arb INFO gRPC limit placed: sell 10 GAZP@MISX acc=1225950 @ 92.08 id=81200643454
08:23:44 orders_arb INFO Leg A filled 10@92.08 → executing leg B market 1
08:23:44 orders_arb INFO gRPC sending: market buy 1 GZU6@RTSX acc=1225950 @ MKT
08:23:44 orders_arb ERROR gRPC order error (GZU6@RTSX buy 1@None): code=StatusCode.INVALID_ARGUMENT details=INVALID_ARGUMENT: [22]Client has no FORTS accountКлиент не имеет счета FORTS
08:23:44 orders_arb WARNING gRPC market failed, falling back to DP server
08:23:44 orders_arb ERROR Market order error (GZU6@RTSX buy 1): no response
08:23:44 orders_arb ERROR Leg B market failed — emergency closing leg A
08:23:44 orders_arb INFO gRPC sending: market buy 10 GAZP@MISX acc=1225950 @ MKT
08:23:44 orders_arb INFO gRPC market placed: buy 10 GAZP@MISX acc=1225950 @ MKT id=81200644767
08:23:45 orders_arb WARNING Leg B filled but avg_price=0 from gRPC, using orderbook mid
08:23:45 orders_arb WARNING Leg B market placed 81200644767 but fill price not obtained
08:23:45 robot_arb ERROR Exit failed layer #1: leg_b_failed_emergency_closed_a — retrying next tick
08:23:45 robot_arb INFO EXIT layer #1 reason=profit_target | limit sell 10 @ 92.08 | market buy 1 @ 9475.74
08:23:45 orders_arb INFO gRPC sending: limit sell 10 GAZP@MISX acc=1225950 @ 92.08
08:23:45 orders_arb INFO gRPC limit placed: sell 10 GAZP@MISX acc=1225950 @ 92.08 id=81200646942
08:23:45 orders_arb INFO Leg A filled 10@92.08 → executing leg B market 1
08:23:45 orders_arb INFO gRPC sending: market buy 1 GZU6@RTSX acc=1225950 @ MKT
08:23:45 orders_arb ERROR gRPC order error (GZU6@RTSX buy 1@None): code=StatusCode.INVALID_ARGUMENT details=INVALID_ARGUMENT: [22]Client has no FORTS accountКлиент не имеет счета FORTS
08:23:45 orders_arb WARNING gRPC market failed, falling back to DP server
08:23:46 orders_arb ERROR Market order error (GZU6@RTSX buy 1): no response
08:23:46 orders_arb ERROR Leg B market failed — emergency closing leg A
08:23:46 orders_arb INFO gRPC sending: market buy 10 GAZP@MISX acc=1225950 @ MKT
08:23:46 orders_arb INFO gRPC market placed: buy 10 GAZP@MISX acc=1225950 @ MKT id=81200648221
08:23:46 orders_arb WARNING Leg B filled but avg_price=0 from gRPC, using orderbook mid
08:23:46 orders_arb WARNING Leg B market placed 81200648221 but fill price not obtained
08:23:46 robot_arb ERROR Exit failed layer #1: leg_b_failed_emergency_closed_a — retrying next tick
08:23:47 robot_arb INFO EXIT layer #1 reason=profit_target | limit sell 10 @ 92.08 | market buy 1 @ 9475.74
08:23:47 orders_arb INFO gRPC sending: limit sell 10 GAZP@MISX acc=1225950 @ 92.08
08:23:47 orders_arb INFO gRPC limit placed: sell 10 GAZP@MISX acc=1225950 @ 92.08 id=81200650720
08:23:47 orders_arb INFO Leg A filled 10@92.08 → executing leg B market 1
08:23:47 orders_arb INFO gRPC sending: market buy 1 GZU6@RTSX acc=1225950 @ MKT
08:23:48 orders_arb ERROR gRPC order error (GZU6@RTSX buy 1@None): code=StatusCode.INVALID_ARGUMENT details=INVALID_ARGUMENT: [22]Client has no FORTS accountКлиент не имеет счета FORTS
08:23:48 orders_arb WARNING gRPC market failed, falling back to DP server
08:23:48 orders_arb ERROR Market order error (GZU6@RTSX buy 1): no response
08:23:48 orders_arb ERROR Leg B market failed — emergency closing leg A
08:23:48 orders_arb INFO gRPC sending: market buy 10 GAZP@MISX acc=1225950 @ MKT
08:23:48 orders_arb INFO gRPC market placed: buy 10 GAZP@MISX acc=1225950 @ MKT id=81200654798
08:23:49 orders_arb WARNING Leg B filled but avg_price=0 from gRPC, using orderbook mid
08:23:49 orders_arb WARNING Leg B market placed 81200654798 but fill price not obtained
08:23:49 robot_arb ERROR Exit failed layer #1: leg_b_failed_emergency_closed_a — retrying next tick
08:23:49 robot_arb INFO EXIT layer #1 reason=profit_target | limit sell 10 @ 92.09 | market buy 1 @ 9478.74
08:23:49 orders_arb INFO gRPC sending: limit sell 10 GAZP@MISX acc=1225950 @ 92.09
08:23:49 orders_arb INFO gRPC limit placed: sell 10 GAZP@MISX acc=1225950 @ 92.09 id=81200661333
08:23:49 orders_arb INFO Leg A filled 10@92.09 → executing leg B market 1
08:23:49 orders_arb INFO gRPC sending: market buy 1 GZU6@RTSX acc=1225950 @ MKT
08:23:50 orders_arb ERROR gRPC order error (GZU6@RTSX buy 1@None): code=StatusCode.INVALID_ARGUMENT details=INVALID_ARGUMENT: [22]Client has no FORTS accountКлиент не имеет счета FORTS
08:23:50 orders_arb WARNING gRPC market failed, falling back to DP server
08:23:50 orders_arb ERROR Market order error (GZU6@RTSX buy 1): no response
08:23:50 orders_arb ERROR Leg B market failed — emergency closing leg A
08:23:50 orders_arb INFO gRPC sending: market buy 10 GAZP@MISX acc=1225950 @ MKT
08:23:50 orders_arb INFO gRPC market placed: buy 10 GAZP@MISX acc=1225950 @ MKT id=81200665007
08:23:50 orders_arb WARNING Leg B filled but avg_price=0 from gRPC, using orderbook mid
08:23:50 orders_arb WARNING Leg B market placed 81200665007 but fill price not obtained
08:23:50 robot_arb ERROR Exit failed layer #1: leg_b_failed_emergency_closed_a — retrying next tick
08:23:51 robot_arb INFO EXIT layer #1 reason=profit_target | limit sell 10 @ 92.09 | market buy 1 @ 9478.74
08:23:51 orders_arb INFO gRPC sending: limit sell 10 GAZP@MISX acc=1225950 @ 92.09
08:23:51 orders_arb INFO gRPC limit placed: sell 10 GAZP@MISX acc=1225950 @ 92.09 id=81200672815
08:23:51 orders_arb INFO Leg A filled 10@92.09 → executing leg B market 1
08:23:51 orders_arb INFO gRPC sending: market buy 1 GZU6@RTSX acc=1225950 @ MKT
08:23:52 orders_arb ERROR gRPC order error (GZU6@RTSX buy 1@None): code=StatusCode.INVALID_ARGUMENT details=INVALID_ARGUMENT: [22]Client has no FORTS accountКлиент не имеет счета FORTS
08:23:52 orders_arb WARNING gRPC market failed, falling back to DP server
08:23:52 orders_arb ERROR Market order error (GZU6@RTSX buy 1): no response
08:23:52 orders_arb ERROR Leg B market failed — emergency closing leg A
08:23:52 orders_arb INFO gRPC sending: market buy 10 GAZP@MISX acc=1225950 @ MKT
08:23:52 orders_arb INFO gRPC market placed: buy 10 GAZP@MISX acc=1225950 @ MKT id=81200675507
08:23:52 orders_arb WARNING Leg B filled but avg_price=0 from gRPC, using orderbook mid
08:23:52 orders_arb WARNING Leg B market placed 81200675507 but fill price not obtained
08:23:52 robot_arb ERROR Exit failed layer #1: leg_b_failed_emergency_closed_a — retrying next tick
08:23:53 robot_arb INFO EXIT layer #1 reason=profit_target | limit sell 10 @ 92.09 | market buy 1 @ 9478.74
08:23:53 orders_arb INFO gRPC sending: limit sell 10 GAZP@MISX acc=1225950 @ 92.09
08:23:53 orders_arb INFO gRPC limit placed: sell 10 GAZP@MISX acc=1225950 @ 92.09 id=81200685160
08:23:53 orders_arb INFO Leg A filled 10@92.09 → executing leg B market 1
08:23:53 orders_arb INFO gRPC sending: market buy 1 GZU6@RTSX acc=1225950 @ MKT
08:23:53 orders_arb ERROR gRPC order error (GZU6@RTSX buy 1@None): code=StatusCode.INVALID_ARGUMENT details=INVALID_ARGUMENT: [22]Client has no FORTS accountКлиент не имеет счета FORTS
08:23:53 orders_arb WARNING gRPC market failed, falling back to DP server
08:23:53 orders_arb ERROR Market order error (GZU6@RTSX buy 1): no response
08:23:53 orders_arb ERROR Leg B market failed — emergency closing leg A
08:23:53 orders_arb INFO gRPC sending: market buy 10 GAZP@MISX acc=1225950 @ MKT
08:23:54 orders_arb INFO gRPC market placed: buy 10 GAZP@MISX acc=1225950 @ MKT id=81200686895
08:23:54 orders_arb WARNING Leg B filled but avg_price=0 from gRPC, using orderbook mid
08:23:54 orders_arb WARNING Leg B market placed 81200686895 but fill price not obtained
08:23:54 robot_arb ERROR Exit failed layer #1: leg_b_failed_emergency_closed_a — retrying next tick
08:23:54 robot_arb INFO EXIT layer #1 reason=profit_target | limit sell 10 @ 92.07 | market buy 1 @ 9478.74
08:23:54 orders_arb INFO gRPC sending: limit sell 10 GAZP@MISX acc=1225950 @ 92.07
08:23:55 orders_arb INFO gRPC limit placed: sell 10 GAZP@MISX acc=1225950 @ 92.07 id=81200689086
08:23:55 orders_arb INFO Leg A filled 10@92.07 → executing leg B market 1
08:23:55 orders_arb INFO gRPC sending: market buy 1 GZU6@RTSX acc=1225950 @ MKT
08:23:55 orders_arb ERROR gRPC order error (GZU6@RTSX buy 1@None): code=StatusCode.INVALID_ARGUMENT details=INVALID_ARGUMENT: [22]Client has no FORTS accountКлиент не имеет счета FORTS
08:23:55 orders_arb WARNING gRPC market failed, falling back to DP server
08:23:55 orders_arb ERROR Market order error (GZU6@RTSX buy 1): no response
08:23:55 orders_arb ERROR Leg B market failed — emergency closing leg A
08:23:55 orders_arb INFO gRPC sending: market buy 10 GAZP@MISX acc=1225950 @ MKT
08:23:55 orders_arb INFO gRPC market placed: buy 10 GAZP@MISX acc=1225950 @ MKT id=81200690867
08:23:56 orders_arb WARNING Leg B filled but avg_price=0 from gRPC, using orderbook mid
08:23:56 orders_arb WARNING Leg B market placed 81200690867 but fill price not obtained
08:23:56 robot_arb ERROR Exit failed layer #1: leg_b_failed_emergency_closed_a — retrying next tick
08:23:56 robot_arb INFO EXIT layer #1 reason=profit_target | limit sell 10 @ 92.07 | market buy 1 @ 9478.74
08:23:56 orders_arb INFO gRPC sending: limit sell 10 GAZP@MISX acc=1225950 @ 92.07
08:23:57 orders_arb INFO gRPC limit placed: sell 10 GAZP@MISX acc=1225950 @ 92.07 id=81200697279
08:23:57 orders_arb INFO Leg A filled 10@92.07 → executing leg B market 1
08:23:57 orders_arb INFO gRPC sending: market buy 1 GZU6@RTSX acc=1225950 @ MKT
08:23:57 orders_arb ERROR gRPC order error (GZU6@RTSX buy 1@None): code=StatusCode.INVALID_ARGUMENT details=INVALID_ARGUMENT: [22]Client has no FORTS accountКлиент не имеет счета FORTS
08:23:57 orders_arb WARNING gRPC market failed, falling back to DP server
08:23:57 orders_arb ERROR Market order error (GZU6@RTSX buy 1): no response
08:23:57 orders_arb ERROR Leg B market failed — emergency closing leg A
08:23:57 orders_arb INFO gRPC sending: market buy 10 GAZP@MISX acc=1225950 @ MKT
08:23:57 orders_arb INFO gRPC market placed: buy 10 GAZP@MISX acc=1225950 @ MKT id=81200698941
08:23:58 orders_arb WARNING Leg B filled but avg_price=0 from gRPC, using orderbook mid
08:23:58 orders_arb WARNING Leg B market placed 81200698941 but fill price not obtained
08:23:58 robot_arb ERROR Exit failed layer #1: leg_b_failed_emergency_closed_a — retrying next tick
08:24:23 robot_arb INFO === Arbitrage Robot v1 ===
08:24:23 robot_arb INFO Pair: GAZP / GZU6
08:24:23 robot_arb INFO Account: 1225953 | Port: 5090 | Paper: False
08:24:23 robot_arb INFO Params: entry_z=2.7 lookback=200 lots_a=10 lots_b=1 hedge_ratio=10
08:24:23 robot_arb INFO Min profit: rub=3
08:24:23 robot_arb INFO Risk: stop_loss_rub=500000
08:24:23 robot_arb INFO State loaded: pnl=31013 trades=211 mode=running
08:24:24 robot_arb INFO FinamPy connected. Accounts: ['1225950', '1225951', '1225952', '1225953']
08:24:24 robot_arb INFO Orders manager linked to FinamPy gRPC
08:24:24 robot_arb INFO Subscribed OrderBook: GAZP@RTSX, GZU6@RTSX
08:24:24 robot_arb INFO Subscribed Quotes: GAZP@RTSX, GZU6@RTSX
08:24:24 robot_arb INFO Warmup: waiting 10 sec for data streams...
08:24:34 robot_arb INFO Warmup done. OB_A: False OB_B: False
08:24:34 robot_arb INFO MOEX ISS poller started (fallback for stock prices)
08:24:34 robot_arb INFO Main loop started
08:24:34 robot_arb INFO API listening on :5090
08:24:34 robot_arb INFO Endpoints: GET /status /health /params | POST /start /stop /pause /params
08:24:49 robot_arb INFO Z=4.95 (threshold=2.7) — no signal (dup_check=False)
08:24:50 robot_arb INFO Z=3.01 (threshold=2.7) — no signal (dup_check=False)
08:24:50 robot_arb INFO Z=3.01 (threshold=2.7) — no signal (dup_check=False)
08:24:59 robot_arb INFO Z=2.85 (threshold=2.7) — no signal (dup_check=False)
08:25:09 robot_arb INFO EXIT layer #1 reason=profit_target | limit sell 10 @ 92.09 | market buy 1 @ 9481.74
08:25:09 orders_arb INFO gRPC sending: limit sell 10 GAZP@MISX acc=1225950 @ 92.09
08:25:09 orders_arb INFO gRPC limit placed: sell 10 GAZP@MISX acc=1225950 @ 92.09 id=81200970908
08:25:09 orders_arb INFO Leg A filled 10@92.09 → executing leg B market 1
08:25:09 orders_arb INFO gRPC sending: market buy 1 GZU6@RTSX acc=1225953 @ MKT
08:25:10 orders_arb INFO gRPC market placed: buy 1 GZU6@RTSX acc=1225953 @ MKT id=1896048076285074239
08:25:10 orders_arb INFO Leg B market fill: 1 GZU6@RTSX @ 10704.00 (poll #1)
08:25:10 orders_arb INFO Leg B fill price: 10704.00
08:25:10 strategy_arb INFO LAYER #1 CLOSE SHORT | PnL=-1223.27₽ (gross=-1215.85₽ comm=7.42₽) | reason=profit_target | hold=51min | layers=0
08:25:22 robot_arb INFO Mode → RUNNING
08:26:16 robot_arb INFO === Arbitrage Robot v1 ===
08:26:16 robot_arb INFO Pair: GAZP / GZU6
08:26:16 robot_arb INFO Account: 1225953 | Port: 5090 | Paper: False
08:26:16 robot_arb INFO Params: entry_z=2.7 lookback=200 lots_a=10 lots_b=1 hedge_ratio=10
08:26:16 robot_arb INFO Min profit: rub=3
08:26:16 robot_arb INFO Risk: stop_loss_rub=500000
08:26:16 robot_arb INFO State loaded: pnl=29790 trades=212 mode=running
08:26:16 robot_arb INFO FinamPy connected. Accounts: ['1225950', '1225951', '1225952', '1225953']
08:26:16 robot_arb INFO Orders manager linked to FinamPy gRPC
08:26:16 robot_arb INFO Subscribed OrderBook: GAZP@RTSX, GZU6@RTSX
08:26:16 robot_arb INFO Subscribed Quotes: GAZP@RTSX, GZU6@RTSX
08:26:16 robot_arb INFO Warmup: waiting 10 sec for data streams...
08:26:26 robot_arb INFO Warmup done. OB_A: False OB_B: False
08:26:26 robot_arb INFO MOEX ISS poller started (fallback for stock prices)
08:26:26 robot_arb INFO Main loop started
08:26:26 robot_arb INFO API listening on :5090
08:26:26 robot_arb INFO Endpoints: GET /status /health /params | POST /start /stop /pause /params
08:28:44 robot_arb INFO Z=2.86 (threshold=2.7) — no signal (dup_check=False)
08:28:44 robot_arb INFO Z=2.86 (threshold=2.7) — no signal (dup_check=False)
08:28:45 robot_arb INFO Z=2.77 (threshold=2.7) — no signal (dup_check=False)
08:28:45 robot_arb INFO Z=2.77 (threshold=2.7) — no signal (dup_check=False)
08:29:04 robot_arb INFO Z=3.70 (threshold=2.7) — no signal (dup_check=False)
08:29:05 robot_arb INFO Z=3.54 (threshold=2.7) — no signal (dup_check=False)
08:29:05 robot_arb INFO Z=3.54 (threshold=2.7) — no signal (dup_check=False)
08:29:06 robot_arb INFO Z=3.40 (threshold=2.7) — no signal (dup_check=False)
08:29:06 robot_arb INFO Z=3.40 (threshold=2.7) — no signal (dup_check=False)
08:29:15 robot_arb INFO Z=3.17 (threshold=2.7) — no signal (dup_check=False)
08:29:15 robot_arb INFO Z=3.17 (threshold=2.7) — no signal (dup_check=False)
08:29:16 robot_arb INFO Z=3.07 (threshold=2.7) — no signal (dup_check=False)
08:29:16 robot_arb INFO Z=3.07 (threshold=2.7) — no signal (dup_check=False)
08:29:17 robot_arb INFO Z=2.98 (threshold=2.7) — no signal (dup_check=False)
08:30:45 robot_arb INFO Account changed → 1225950
08:30:45 robot_arb INFO Param updated: ticker_a = GAZP (was GAZP)
08:30:45 robot_arb INFO Param updated: symbol_a = GAZP@RTSX (was GAZP@RTSX)
08:30:45 robot_arb INFO Param updated: ticker_b = GZU6 (was GZU6)
08:30:45 robot_arb INFO Param updated: symbol_b = GZU6@RTSX (was GZU6@RTSX)
08:30:45 robot_arb INFO Param updated: lots_a = 10 (was 10)
08:30:45 robot_arb INFO Param updated: lots_b = 1 (was 1)
08:30:45 robot_arb INFO Param updated: hedge_ratio = 10 (was 10)
08:30:45 robot_arb INFO Param updated: capital = 20000 (was 20000)
08:30:45 robot_arb INFO Param updated: entry_z = 2.7 (was 2.7)
08:30:45 robot_arb INFO Param updated: entry_z_long = -5.7 (was -5.7)
08:30:45 robot_arb INFO Param updated: entry_mode = zscore (was zscore)
08:30:45 robot_arb INFO Param updated: spread_rub_high = 312 (was 312)
08:30:45 robot_arb INFO Param updated: spread_rub_low = 270 (was 270)
08:30:45 robot_arb INFO Param updated: risk_free_rate = 0.1425 (was 0.1425)
08:30:45 robot_arb INFO Param updated: expiration_date = 2026-09-18 (was 2026-09-18)
08:30:45 robot_arb INFO Param updated: contract_size = 100 (was 100)
08:30:45 robot_arb INFO Param updated: lookback = 200 (was 200)
08:30:45 robot_arb INFO Param updated: leg_a_timeout = 5 (was 5)
08:30:45 robot_arb INFO Param updated: min_fill_ratio = 0.5 (was 0.5)
08:30:45 robot_arb INFO Param updated: min_profit_type = rub (was rub)
08:30:45 robot_arb INFO Param updated: min_profit_value = 5 (was 3)
08:30:45 robot_arb INFO Param updated: risk_type = stop_loss_rub (was stop_loss_rub)
08:30:45 robot_arb INFO Param updated: risk_value = 500000 (was 500000)
08:30:45 robot_arb INFO Param updated: allow_long_basis = False (was False)
08:30:45 robot_arb INFO Param updated: use_commission = True (was True)
08:30:45 robot_arb INFO Param updated: commission_stock_pct = 0.035 (was 0.035)
08:30:45 robot_arb INFO Param updated: commission_futures_rt = 0.9 (was 0.9)
08:33:11 robot_arb INFO ⚠️ CHECK_ENTRY returned signal: {'action': 'entry', 'side': 'short_basis', 'z': 2.9299232396151753, 'basis': 8641.9, 'price_a': 92.91, 'price_b': 9571.0}
08:33:11 robot_arb INFO ENTRY SIGNAL short_basis | Z=2.93 basis=8641.90 | A=92.91 B=9571.00 | limit buy 10 @ 92.93 | market sell 1 @ 9566.21
08:33:11 orders_arb INFO gRPC sending: limit buy 10 GAZP@MISX acc=1225950 @ 92.93
08:33:12 orders_arb INFO gRPC limit placed: buy 10 GAZP@MISX acc=1225950 @ 92.93 id=81202161244
08:33:15 orders_arb INFO Leg A filled 10@92.93 → executing leg B market 1
08:33:15 orders_arb INFO gRPC sending: market sell 1 GZU6@RTSX acc=1225950 @ MKT
08:33:15 orders_arb ERROR gRPC order error (GZU6@RTSX sell 1@None): code=StatusCode.INVALID_ARGUMENT details=INVALID_ARGUMENT: [22]Client has no FORTS accountКлиент не имеет счета FORTS
08:33:15 orders_arb WARNING gRPC market failed, falling back to DP server
08:33:20 orders_arb ERROR Market order exception: HTTPConnectionPool(host='localhost', port=5060): Read timed out. (read timeout=5.0)
08:33:20 orders_arb ERROR Leg B market failed — emergency closing leg A
08:33:20 orders_arb INFO gRPC sending: market sell 10 GAZP@MISX acc=1225950 @ MKT
08:33:20 orders_arb INFO gRPC market placed: sell 10 GAZP@MISX acc=1225950 @ MKT id=81202184760
08:33:21 orders_arb WARNING Leg B filled but avg_price=0 from gRPC, using orderbook mid
08:33:21 orders_arb WARNING Leg B market placed 81202184760 but fill price not obtained
08:33:21 robot_arb WARNING Entry failed: leg_b_failed_emergency_closed_a
08:33:24 robot_arb INFO Z=2.52 (threshold=2.7) — no signal (dup_check=LOCKED)
08:33:25 robot_arb INFO Z=2.52 (threshold=2.7) — no signal (dup_check=LOCKED)
08:33:27 robot_arb INFO Z=5.14 (threshold=2.7) — no signal (dup_check=LOCKED)
08:33:27 robot_arb INFO Z=4.81 (threshold=2.7) — no signal (dup_check=LOCKED)
08:33:28 robot_arb INFO Z=4.81 (threshold=2.7) — no signal (dup_check=LOCKED)
08:33:28 robot_arb INFO Z=4.54 (threshold=2.7) — no signal (dup_check=LOCKED)
08:33:29 robot_arb INFO Z=4.54 (threshold=2.7) — no signal (dup_check=LOCKED)
08:33:29 robot_arb INFO Z=4.30 (threshold=2.7) — no signal (dup_check=LOCKED)
08:33:35 robot_arb INFO ⚠️ CHECK_ENTRY returned signal: {'action': 'entry', 'side': 'short_basis', 'z': 3.9625313805762787, 'basis': 8649.7, 'price_a': 92.93, 'price_b': 9579.0}
08:33:35 robot_arb INFO ENTRY SIGNAL short_basis | Z=3.96 basis=8649.70 | A=92.93 B=9579.00 | limit buy 10 @ 92.93 | market sell 1 @ 9574.21
08:33:35 orders_arb INFO gRPC sending: limit buy 10 GAZP@MISX acc=1225950 @ 92.93
08:33:35 orders_arb INFO gRPC limit placed: buy 10 GAZP@MISX acc=1225950 @ 92.93 id=81202223957
08:33:40 robot_arb WARNING Entry failed: leg_a_timeout
08:33:53 robot_arb INFO Z=2.59 (threshold=2.7) — no signal (dup_check=False)
08:33:54 robot_arb INFO Z=2.53 (threshold=2.7) — no signal (dup_check=False)
08:33:54 robot_arb INFO Z=2.53 (threshold=2.7) — no signal (dup_check=False)
08:37:48 robot_arb INFO Mode → STOPPED
08:39:50 robot_arb INFO === Arbitrage Robot v1 ===
08:39:50 robot_arb INFO Pair: GAZP / GZU6
08:39:50 robot_arb INFO Account: 1225953 | Port: 5090 | Paper: False
08:39:50 robot_arb INFO Params: entry_z=2.7 lookback=200 lots_a=10 lots_b=1 hedge_ratio=10
08:39:50 robot_arb INFO Min profit: rub=5
08:39:50 robot_arb INFO Risk: stop_loss_rub=500000
08:39:50 robot_arb INFO State loaded: pnl=29790 trades=212 mode=stopped
08:39:51 robot_arb INFO FinamPy connected. Accounts: ['1225950', '1225951', '1225952', '1225953']
08:39:51 robot_arb INFO Orders manager linked to FinamPy gRPC
08:39:51 robot_arb INFO Subscribed OrderBook: GAZP@RTSX, GZU6@RTSX
08:39:51 robot_arb INFO Subscribed Quotes: GAZP@RTSX, GZU6@RTSX
08:39:51 robot_arb INFO Warmup: waiting 10 sec for data streams...
08:40:01 robot_arb INFO Warmup done. OB_A: False OB_B: False
08:40:01 robot_arb INFO MOEX ISS poller started (fallback for stock prices)
08:40:01 robot_arb INFO Main loop started
08:40:01 robot_arb INFO API listening on :5090
08:40:01 robot_arb INFO Endpoints: GET /status /health /params | POST /start /stop /pause /params
08:40:17 robot_arb INFO Mode → RUNNING
08:40:23 robot_arb INFO Z=2.86 (threshold=2.7) — no signal (dup_check=False)
08:40:23 robot_arb INFO Z=2.86 (threshold=2.7) — no signal (dup_check=False)
08:42:31 robot_arb INFO Z=3.91 (threshold=2.7) — no signal (dup_check=False)
08:42:32 robot_arb INFO Z=3.72 (threshold=2.7) — no signal (dup_check=False)
08:42:32 robot_arb INFO Z=3.72 (threshold=2.7) — no signal (dup_check=False)
08:42:33 robot_arb INFO Z=3.55 (threshold=2.7) — no signal (dup_check=False)
08:42:33 robot_arb INFO Z=3.55 (threshold=2.7) — no signal (dup_check=False)
08:42:34 robot_arb INFO Z=3.40 (threshold=2.7) — no signal (dup_check=False)
08:43:20 robot_arb INFO Account changed → 1225950
08:43:20 robot_arb INFO Param updated: ticker_a = GAZP (was GAZP)
08:43:20 robot_arb INFO Param updated: symbol_a = GAZP@RTSX (was GAZP@RTSX)
08:43:20 robot_arb INFO Param updated: ticker_b = GZU6 (was GZU6)
08:43:20 robot_arb INFO Param updated: symbol_b = GZU6@RTSX (was GZU6@RTSX)
08:43:20 robot_arb INFO Param updated: lots_a = 10 (was 10)
08:43:20 robot_arb INFO Param updated: lots_b = 1 (was 1)
08:43:20 robot_arb INFO Param updated: hedge_ratio = 10 (was 10)
08:43:20 robot_arb INFO Param updated: capital = 20000 (was 20000)
08:43:20 robot_arb INFO Param updated: entry_z = 2.5 (was 2.7)
08:43:20 robot_arb INFO Param updated: entry_z_long = -5.7 (was -5.7)
08:43:20 robot_arb INFO Param updated: entry_mode = zscore (was zscore)
08:43:20 robot_arb INFO Param updated: spread_rub_high = 312 (was 312)
08:43:20 robot_arb INFO Param updated: spread_rub_low = 270 (was 270)
08:43:20 robot_arb INFO Param updated: risk_free_rate = 0.1425 (was 0.1425)
08:43:20 robot_arb INFO Param updated: expiration_date = 2026-09-18 (was 2026-09-18)
08:43:20 robot_arb INFO Param updated: contract_size = 100 (was 100)
08:43:20 robot_arb INFO Param updated: lookback = 200 (was 200)
08:43:20 robot_arb INFO Param updated: leg_a_timeout = 5 (was 5)
08:43:20 robot_arb INFO Param updated: min_fill_ratio = 0.5 (was 0.5)
08:43:20 robot_arb INFO Param updated: min_profit_type = rub (was rub)
08:43:20 robot_arb INFO Param updated: min_profit_value = 5 (was 5)
08:43:20 robot_arb INFO Param updated: risk_type = stop_loss_rub (was stop_loss_rub)
08:43:20 robot_arb INFO Param updated: risk_value = 500000 (was 500000)
08:43:20 robot_arb INFO Param updated: allow_long_basis = False (was False)
08:43:20 robot_arb INFO Param updated: use_commission = True (was True)
08:43:20 robot_arb INFO Param updated: commission_stock_pct = 0.035 (was 0.035)
08:43:20 robot_arb INFO Param updated: commission_futures_rt = 0.9 (was 0.9)
08:43:55 robot_arb INFO ⚠️ CHECK_ENTRY returned signal: {'action': 'entry', 'side': 'short_basis', 'z': 2.947154055880614, 'basis': 8641.0, 'price_a': 92.9, 'price_b': 9570.0}
08:43:55 robot_arb INFO ENTRY SIGNAL short_basis | Z=2.95 basis=8641.00 | A=92.90 B=9570.00 | limit buy 10 @ 92.91 | market sell 1 @ 9565.22
08:43:55 orders_arb INFO gRPC sending: limit buy 10 GAZP@MISX acc=1225950 @ 92.91
08:43:55 orders_arb INFO gRPC limit placed: buy 10 GAZP@MISX acc=1225950 @ 92.91 id=81203520875
08:43:55 orders_arb INFO Leg A filled 10@92.91 → executing leg B market 1
08:43:55 orders_arb INFO gRPC sending: market sell 1 GZU6@RTSX acc=1225950 @ MKT
08:43:55 orders_arb ERROR gRPC order error (GZU6@RTSX sell 1@None): code=StatusCode.INVALID_ARGUMENT details=INVALID_ARGUMENT: [22]Client has no FORTS accountКлиент не имеет счета FORTS
08:43:55 orders_arb WARNING gRPC market failed, falling back to DP server
08:43:55 orders_arb ERROR Market order error (GZU6@RTSX sell 1): no response
08:43:55 orders_arb ERROR Leg B market failed — emergency closing leg A
08:43:55 orders_arb INFO gRPC sending: market sell 10 GAZP@MISX acc=1225950 @ MKT
08:43:56 orders_arb INFO gRPC market placed: sell 10 GAZP@MISX acc=1225950 @ MKT id=81203521792
08:43:56 orders_arb WARNING Leg B filled but avg_price=0 from gRPC, using orderbook mid
08:43:56 orders_arb WARNING Leg B market placed 81203521792 but fill price not obtained
08:43:56 robot_arb WARNING Entry failed: leg_b_failed_emergency_closed_a
08:43:56 robot_arb INFO Z=2.88 (threshold=2.5) — no signal (dup_check=LOCKED)
08:45:35 robot_arb INFO Account changed → 1225950
08:45:35 robot_arb INFO Param updated: ticker_a = GAZP (was GAZP)
08:45:35 robot_arb INFO Param updated: symbol_a = GAZP@RTSX (was GAZP@RTSX)
08:45:35 robot_arb INFO Param updated: ticker_b = GZU6 (was GZU6)
08:45:35 robot_arb INFO Param updated: symbol_b = GZU6@RTSX (was GZU6@RTSX)
08:45:35 robot_arb INFO Param updated: lots_a = 10 (was 10)
08:45:35 robot_arb INFO Param updated: lots_b = 1 (was 1)
08:45:35 robot_arb INFO Param updated: hedge_ratio = 10 (was 10)
08:45:35 robot_arb INFO Param updated: capital = 20000 (was 20000)
08:45:35 robot_arb INFO Param updated: entry_z = 2.3 (was 2.5)
08:45:35 robot_arb INFO Param updated: entry_z_long = -5.7 (was -5.7)
08:45:35 robot_arb INFO Param updated: entry_mode = zscore (was zscore)
08:45:35 robot_arb INFO Param updated: spread_rub_high = 312 (was 312)
08:45:35 robot_arb INFO Param updated: spread_rub_low = 270 (was 270)
08:45:35 robot_arb INFO Param updated: risk_free_rate = 0.1425 (was 0.1425)
08:45:35 robot_arb INFO Param updated: expiration_date = 2026-09-18 (was 2026-09-18)
08:45:35 robot_arb INFO Param updated: contract_size = 100 (was 100)
08:45:35 robot_arb INFO Param updated: lookback = 200 (was 200)
08:45:35 robot_arb INFO Param updated: leg_a_timeout = 5 (was 5)
08:45:35 robot_arb INFO Param updated: min_fill_ratio = 0.5 (was 0.5)
08:45:35 robot_arb INFO Param updated: min_profit_type = rub (was rub)
08:45:35 robot_arb INFO Param updated: min_profit_value = 5 (was 5)
08:45:35 robot_arb INFO Param updated: risk_type = stop_loss_rub (was stop_loss_rub)
08:45:35 robot_arb INFO Param updated: risk_value = 500000 (was 500000)
08:45:35 robot_arb INFO Param updated: allow_long_basis = False (was False)
08:45:35 robot_arb INFO Param updated: use_commission = True (was True)
08:45:35 robot_arb INFO Param updated: commission_stock_pct = 0.035 (was 0.035)
08:45:35 robot_arb INFO Param updated: commission_futures_rt = 0.9 (was 0.9)
08:45:56 robot_arb INFO ⚠️ CHECK_ENTRY returned signal: {'action': 'entry', 'side': 'short_basis', 'z': 2.5297651575696616, 'basis': 8650.0, 'price_a': 93.0, 'price_b': 9580.0}
08:45:56 robot_arb INFO ENTRY SIGNAL short_basis | Z=2.53 basis=8650.00 | A=93.00 B=9580.00 | limit buy 10 @ 93.00 | market sell 1 @ 9575.21
08:45:56 orders_arb INFO gRPC sending: limit buy 10 GAZP@MISX acc=1225950 @ 93.0
08:45:56 orders_arb INFO gRPC limit placed: buy 10 GAZP@MISX acc=1225950 @ 93.0 id=81203721144
08:46:02 robot_arb WARNING Entry failed: leg_a_timeout
08:46:25 robot_arb INFO Account changed → 1225950
08:46:25 robot_arb INFO Param updated: ticker_a = GAZP (was GAZP)
08:46:25 robot_arb INFO Param updated: symbol_a = GAZP@RTSX (was GAZP@RTSX)
08:46:25 robot_arb INFO Param updated: ticker_b = GZU6 (was GZU6)
08:46:25 robot_arb INFO Param updated: symbol_b = GZU6@RTSX (was GZU6@RTSX)
08:46:25 robot_arb INFO Param updated: lots_a = 10 (was 10)
08:46:25 robot_arb INFO Param updated: lots_b = 1 (was 1)
08:46:25 robot_arb INFO Param updated: hedge_ratio = 10 (was 10)
08:46:25 robot_arb INFO Param updated: capital = 20000 (was 20000)
08:46:25 robot_arb INFO Param updated: entry_z = 2 (was 2.3)
08:46:25 robot_arb INFO Param updated: entry_z_long = -5.7 (was -5.7)
08:46:25 robot_arb INFO Param updated: entry_mode = zscore (was zscore)
08:46:25 robot_arb INFO Param updated: spread_rub_high = 312 (was 312)
08:46:25 robot_arb INFO Param updated: spread_rub_low = 270 (was 270)
08:46:25 robot_arb INFO Param updated: risk_free_rate = 0.1425 (was 0.1425)
08:46:25 robot_arb INFO Param updated: expiration_date = 2026-09-18 (was 2026-09-18)
08:46:25 robot_arb INFO Param updated: contract_size = 100 (was 100)
08:46:25 robot_arb INFO Param updated: lookback = 200 (was 200)
08:46:25 robot_arb INFO Param updated: leg_a_timeout = 5 (was 5)
08:46:25 robot_arb INFO Param updated: min_fill_ratio = 0.5 (was 0.5)
08:46:25 robot_arb INFO Param updated: min_profit_type = rub (was rub)
08:46:25 robot_arb INFO Param updated: min_profit_value = 5 (was 5)
08:46:25 robot_arb INFO Param updated: risk_type = stop_loss_rub (was stop_loss_rub)
08:46:25 robot_arb INFO Param updated: risk_value = 500000 (was 500000)
08:46:25 robot_arb INFO Param updated: allow_long_basis = False (was False)
08:46:25 robot_arb INFO Param updated: use_commission = True (was True)
08:46:25 robot_arb INFO Param updated: commission_stock_pct = 0.035 (was 0.035)
08:46:25 robot_arb INFO Param updated: commission_futures_rt = 0.9 (was 0.9)
08:46:27 robot_arb INFO ⚠️ CHECK_ENTRY returned signal: {'action': 'entry', 'side': 'short_basis', 'z': 2.4219857454414058, 'basis': 8650.0, 'price_a': 93.0, 'price_b': 9580.0}
08:46:27 robot_arb INFO ENTRY SIGNAL short_basis | Z=2.42 basis=8650.00 | A=93.00 B=9580.00 | limit buy 10 @ 93.02 | market sell 1 @ 9575.21
08:46:27 orders_arb INFO gRPC sending: limit buy 10 GAZP@MISX acc=1225950 @ 93.02
08:46:27 orders_arb INFO gRPC limit placed: buy 10 GAZP@MISX acc=1225950 @ 93.02 id=81203764284
08:46:32 robot_arb WARNING Entry failed: leg_a_timeout
08:46:33 robot_arb INFO Z=2.40 (threshold=2) — no signal (dup_check=LOCKED)
08:46:33 robot_arb INFO Z=2.40 (threshold=2) — no signal (dup_check=LOCKED)
08:46:34 robot_arb INFO Z=2.37 (threshold=2) — no signal (dup_check=LOCKED)
08:46:34 robot_arb INFO Z=2.37 (threshold=2) — no signal (dup_check=LOCKED)
08:46:35 robot_arb INFO Z=2.35 (threshold=2) — no signal (dup_check=LOCKED)
08:46:35 robot_arb INFO Z=2.35 (threshold=2) — no signal (dup_check=LOCKED)
08:46:36 robot_arb INFO Z=2.33 (threshold=2) — no signal (dup_check=LOCKED)
08:46:36 robot_arb INFO Z=2.33 (threshold=2) — no signal (dup_check=LOCKED)
08:46:36 robot_arb INFO Account changed → 1225950
08:46:37 robot_arb INFO Param updated: ticker_a = GAZP (was GAZP)
08:46:37 robot_arb INFO Param updated: symbol_a = GAZP@RTSX (was GAZP@RTSX)
08:46:37 robot_arb INFO Param updated: ticker_b = GZU6 (was GZU6)
08:46:37 robot_arb INFO Param updated: symbol_b = GZU6@RTSX (was GZU6@RTSX)
08:46:37 robot_arb INFO Param updated: lots_a = 10 (was 10)
08:46:37 robot_arb INFO Param updated: lots_b = 1 (was 1)
08:46:37 robot_arb INFO Param updated: hedge_ratio = 10 (was 10)
08:46:37 robot_arb INFO Param updated: capital = 20000 (was 20000)
08:46:37 robot_arb INFO Param updated: entry_z = 2 (was 2)
08:46:37 robot_arb INFO Param updated: entry_z_long = -5.7 (was -5.7)
08:46:37 robot_arb INFO Param updated: entry_mode = zscore (was zscore)
08:46:37 robot_arb INFO Param updated: spread_rub_high = 312 (was 312)
08:46:37 robot_arb INFO Param updated: spread_rub_low = 270 (was 270)
08:46:37 robot_arb INFO Param updated: risk_free_rate = 0.1425 (was 0.1425)
08:46:37 robot_arb INFO Param updated: expiration_date = 2026-09-18 (was 2026-09-18)
08:46:37 robot_arb INFO Param updated: contract_size = 100 (was 100)
08:46:37 robot_arb INFO Param updated: lookback = 200 (was 200)
08:46:37 robot_arb INFO Param updated: leg_a_timeout = 5 (was 5)
08:46:37 robot_arb INFO Param updated: min_fill_ratio = 0.5 (was 0.5)
08:46:37 robot_arb INFO Param updated: min_profit_type = rub (was rub)
08:46:37 robot_arb INFO Param updated: min_profit_value = 3.3 (was 5)
08:46:37 robot_arb INFO Param updated: risk_type = stop_loss_rub (was stop_loss_rub)
08:46:37 robot_arb INFO Param updated: risk_value = 500000 (was 500000)
08:46:37 robot_arb INFO Param updated: allow_long_basis = False (was False)
08:46:37 robot_arb INFO Param updated: use_commission = True (was True)
08:46:37 robot_arb INFO Param updated: commission_stock_pct = 0.035 (was 0.035)
08:46:37 robot_arb INFO Param updated: commission_futures_rt = 0.9 (was 0.9)
08:46:39 robot_arb INFO Z=2.34 (threshold=2) — no signal (dup_check=LOCKED)
08:46:40 robot_arb INFO Z=2.30 (threshold=2) — no signal (dup_check=LOCKED)
08:46:40 robot_arb INFO Z=2.30 (threshold=2) — no signal (dup_check=LOCKED)
08:46:41 robot_arb INFO Z=2.26 (threshold=2) — no signal (dup_check=LOCKED)
08:46:41 robot_arb INFO Z=2.26 (threshold=2) — no signal (dup_check=LOCKED)
08:51:07 robot_arb INFO ⚠️ CHECK_ENTRY returned signal: {'action': 'entry', 'side': 'short_basis', 'z': 2.86297185336297, 'basis': 8645.5, 'price_a': 92.95, 'price_b': 9575.0}
08:51:07 robot_arb INFO ENTRY SIGNAL short_basis | Z=2.86 basis=8645.50 | A=92.95 B=9575.00 | limit buy 10 @ 92.95 | market sell 1 @ 9570.21
08:51:07 orders_arb INFO gRPC sending: limit buy 10 GAZP@MISX acc=1225950 @ 92.95
08:51:08 orders_arb INFO gRPC limit placed: buy 10 GAZP@MISX acc=1225950 @ 92.95 id=81204343144
08:51:13 robot_arb WARNING Entry failed: leg_a_timeout
08:51:52 robot_arb INFO Z=1.98 (threshold=2) — no signal (dup_check=False)
08:51:53 robot_arb INFO Z=1.98 (threshold=2) — no signal (dup_check=False)
08:51:53 robot_arb INFO Z=1.95 (threshold=2) — no signal (dup_check=False)
08:51:54 robot_arb INFO Z=1.95 (threshold=2) — no signal (dup_check=False)
08:51:54 robot_arb INFO Z=1.92 (threshold=2) — no signal (dup_check=False)
08:51:55 robot_arb INFO Z=1.92 (threshold=2) — no signal (dup_check=False)
08:51:55 robot_arb INFO Z=1.89 (threshold=2) — no signal (dup_check=False)
08:51:56 robot_arb INFO Z=1.89 (threshold=2) — no signal (dup_check=False)
08:51:56 robot_arb INFO Z=1.86 (threshold=2) — no signal (dup_check=False)
08:51:57 robot_arb INFO Z=1.86 (threshold=2) — no signal (dup_check=False)
08:51:57 robot_arb INFO Z=1.88 (threshold=2) — no signal (dup_check=False)
08:51:58 robot_arb INFO Z=1.88 (threshold=2) — no signal (dup_check=False)
08:51:58 robot_arb INFO Z=1.89 (threshold=2) — no signal (dup_check=False)
08:51:59 robot_arb INFO Z=1.89 (threshold=2) — no signal (dup_check=False)
08:52:15 robot_arb INFO === Arbitrage Robot v1 ===
08:52:15 robot_arb INFO Pair: GAZP / GZU6
08:52:15 robot_arb INFO Account: 1225953 | Port: 5090 | Paper: False
08:52:15 robot_arb INFO Params: entry_z=2 lookback=200 lots_a=10 lots_b=1 hedge_ratio=10
08:52:15 robot_arb INFO Min profit: rub=3.3
08:52:15 robot_arb INFO Risk: stop_loss_rub=500000
08:52:15 robot_arb INFO State loaded: pnl=29790 trades=212 mode=running
08:52:15 robot_arb INFO FinamPy connected. Accounts: ['1225950', '1225951', '1225952', '1225953']
08:52:15 robot_arb INFO Orders manager linked to FinamPy gRPC
08:52:15 robot_arb INFO Subscribed OrderBook: GAZP@RTSX, GZU6@RTSX
08:52:15 robot_arb INFO Subscribed Quotes: GAZP@RTSX, GZU6@RTSX
08:52:15 robot_arb INFO Warmup: waiting 10 sec for data streams...
08:52:25 robot_arb INFO Warmup done. OB_A: False OB_B: False
08:52:25 robot_arb INFO MOEX ISS poller started (fallback for stock prices)
08:52:25 robot_arb INFO Main loop started
08:52:27 robot_arb INFO API listening on :5090
08:52:27 robot_arb INFO Endpoints: GET /status /health /params | POST /start /stop /pause /params
08:52:31 robot_arb INFO Z=2.24 (threshold=2) — no signal (dup_check=False)
08:52:32 robot_arb INFO Z=2.24 (threshold=2) — no signal (dup_check=False)
08:52:36 robot_arb INFO Z=11.00 (threshold=2) — no signal (dup_check=False)
08:52:36 robot_arb INFO Z=3.03 (threshold=2) — no signal (dup_check=False)
08:52:37 robot_arb INFO Z=3.03 (threshold=2) — no signal (dup_check=False)
08:52:37 robot_arb INFO Z=2.18 (threshold=2) — no signal (dup_check=False)
08:52:38 robot_arb INFO Z=2.18 (threshold=2) — no signal (dup_check=False)
08:54:08 robot_arb INFO Z=1.81 (threshold=2) — no signal (dup_check=False)
08:54:09 robot_arb INFO Z=1.81 (threshold=2) — no signal (dup_check=False)
08:55:04 robot_arb INFO Z=1.82 (threshold=2) — no signal (dup_check=False)
08:55:16 robot_arb INFO Z=2.51 (threshold=2) — no signal (dup_check=False)
08:55:17 robot_arb INFO Z=2.51 (threshold=2) — no signal (dup_check=False)
08:55:17 robot_arb INFO Z=2.46 (threshold=2) — no signal (dup_check=False)
08:55:18 robot_arb INFO Z=2.46 (threshold=2) — no signal (dup_check=False)
08:55:18 robot_arb INFO Z=2.41 (threshold=2) — no signal (dup_check=False)
08:55:19 robot_arb INFO Z=2.41 (threshold=2) — no signal (dup_check=False)
08:58:33 robot_arb INFO ⚠️ CHECK_ENTRY returned signal: {'action': 'entry', 'side': 'short_basis', 'z': 2.105634725846337, 'basis': 8641.0, 'price_a': 92.9, 'price_b': 9570.0}
08:58:33 robot_arb INFO ENTRY SIGNAL short_basis | Z=2.11 basis=8641.00 | A=92.90 B=9570.00 | limit buy 10 @ 92.91 | market sell 1 @ 9565.22
08:58:33 orders_arb INFO gRPC sending: limit buy 10 GAZP@MISX acc=1225950 @ 92.91
08:58:33 orders_arb INFO gRPC limit placed: buy 10 GAZP@MISX acc=1225950 @ 92.91 id=81204967019
08:58:39 robot_arb WARNING Entry failed: leg_a_timeout
08:59:30 robot_arb INFO ⚠️ CHECK_ENTRY returned signal: {'action': 'entry', 'side': 'short_basis', 'z': 2.9643622153487748, 'basis': 8646.5, 'price_a': 92.95, 'price_b': 9576.0}
08:59:30 robot_arb INFO ENTRY SIGNAL short_basis | Z=2.96 basis=8646.50 | A=92.95 B=9576.00 | limit buy 10 @ 92.95 | market sell 1 @ 9571.21
08:59:30 orders_arb INFO gRPC sending: limit buy 10 GAZP@MISX acc=1225950 @ 92.95
08:59:30 orders_arb INFO gRPC limit placed: buy 10 GAZP@MISX acc=1225950 @ 92.95 id=81205071905
08:59:30 orders_arb INFO Leg A filled 10@92.95 → executing leg B market 1
08:59:30 orders_arb INFO gRPC sending: market sell 1 GZU6@RTSX acc=1225953 @ MKT
08:59:31 orders_arb INFO gRPC market placed: sell 1 GZU6@RTSX acc=1225953 @ MKT id=1896048076285227658
08:59:31 orders_arb INFO Leg B market fill: 1 GZU6@RTSX @ 8914.00 (poll #1)
08:59:31 orders_arb INFO Leg B fill price: 8914.00
08:59:31 strategy_arb INFO LAYER #1 OPEN SHORT | A=92.95 ×10 | B=8914.00 ×1 | basis=7984.50 Z=2.96 | layers=1
08:59:31 robot_arb INFO LAYER OPEN SHORT_BASIS #1 | A=92.95 ×10 | B=8914.00 ×1 | basis=8646.50 Z=2.96 | layers=1 used_capital=11,226
08:59:31 robot_arb INFO Z=2.90 (threshold=2) — no signal (dup_check=LOCKED)
08:59:54 robot_arb INFO Z=3.26 (threshold=2) — no signal (dup_check=False)
08:59:54 robot_arb INFO Z=3.17 (threshold=2) — no signal (dup_check=False)
08:59:55 robot_arb INFO Z=3.17 (threshold=2) — no signal (dup_check=False)
08:59:55 robot_arb INFO Z=3.09 (threshold=2) — no signal (dup_check=False)
08:59:56 robot_arb INFO Z=3.09 (threshold=2) — no signal (dup_check=False)
08:59:57 robot_arb INFO Z=3.01 (threshold=2) — no signal (dup_check=False)
08:59:57 robot_arb INFO Z=3.01 (threshold=2) — no signal (dup_check=False)
08:59:58 robot_arb INFO Z=2.94 (threshold=2) — no signal (dup_check=False)
08:59:58 robot_arb INFO Z=2.94 (threshold=2) — no signal (dup_check=False)
08:59:59 robot_arb INFO Z=2.86 (threshold=2) — no signal (dup_check=False)
09:00:10 robot_arb INFO Z=1.98 (threshold=2) — no signal (dup_check=False)
09:00:11 robot_arb INFO Z=1.95 (threshold=2) — no signal (dup_check=False)
09:00:11 robot_arb INFO Z=1.95 (threshold=2) — no signal (dup_check=False)
09:00:12 robot_arb INFO Z=1.93 (threshold=2) — no signal (dup_check=False)
09:00:12 robot_arb INFO Z=1.93 (threshold=2) — no signal (dup_check=False)
09:00:13 robot_arb INFO Z=1.91 (threshold=2) — no signal (dup_check=False)
09:00:13 robot_arb INFO Z=1.91 (threshold=2) — no signal (dup_check=False)
09:00:14 robot_arb INFO Z=1.88 (threshold=2) — no signal (dup_check=False)
09:00:14 robot_arb INFO Z=1.88 (threshold=2) — no signal (dup_check=False)
09:00:15 robot_arb INFO Z=1.87 (threshold=2) — no signal (dup_check=False)
09:00:16 robot_arb INFO Z=1.84 (threshold=2) — no signal (dup_check=False)
09:00:16 robot_arb INFO Z=1.84 (threshold=2) — no signal (dup_check=False)
09:00:17 robot_arb INFO Z=1.82 (threshold=2) — no signal (dup_check=False)
09:00:17 robot_arb INFO Z=1.82 (threshold=2) — no signal (dup_check=False)
09:00:25 robot_arb INFO Z=2.14 (threshold=2) — no signal (dup_check=False)
09:00:25 robot_arb INFO Z=2.14 (threshold=2) — no signal (dup_check=False)
09:00:26 robot_arb INFO Z=2.11 (threshold=2) — no signal (dup_check=False)
09:00:26 robot_arb INFO Z=2.11 (threshold=2) — no signal (dup_check=False)
09:00:27 robot_arb INFO Z=2.07 (threshold=2) — no signal (dup_check=False)
09:00:27 robot_arb INFO Z=2.07 (threshold=2) — no signal (dup_check=False)
09:00:28 robot_arb INFO Z=2.04 (threshold=2) — no signal (dup_check=False)
09:00:28 robot_arb INFO Z=2.04 (threshold=2) — no signal (dup_check=False)
09:00:29 robot_arb INFO Z=2.02 (threshold=2) — no signal (dup_check=False)
09:00:29 robot_arb INFO Z=2.02 (threshold=2) — no signal (dup_check=False)
09:01:50 robot_arb INFO Account changed → 1225950
09:01:51 robot_arb INFO Param updated: ticker_a = GAZP (was GAZP)
09:01:51 robot_arb INFO Param updated: symbol_a = GAZP@RTSX (was GAZP@RTSX)
09:01:51 robot_arb INFO Param updated: ticker_b = GZU6 (was GZU6)
09:01:51 robot_arb INFO Param updated: symbol_b = GZU6@RTSX (was GZU6@RTSX)
09:01:51 robot_arb INFO Param updated: lots_a = 10 (was 10)
09:01:51 robot_arb INFO Param updated: lots_b = 1 (was 1)
09:01:51 robot_arb INFO Param updated: hedge_ratio = 10 (was 10)
09:01:51 robot_arb INFO Param updated: capital = 20000 (was 20000)
09:01:51 robot_arb INFO Param updated: entry_z = 2.5 (was 2)
09:01:51 robot_arb INFO Param updated: entry_z_long = -5.7 (was -5.7)
09:01:51 robot_arb INFO Param updated: entry_mode = zscore (was zscore)
09:01:51 robot_arb INFO Param updated: spread_rub_high = 312 (was 312)
09:01:51 robot_arb INFO Param updated: spread_rub_low = 270 (was 270)
09:01:51 robot_arb INFO Param updated: risk_free_rate = 0.1425 (was 0.1425)
09:01:51 robot_arb INFO Param updated: expiration_date = 2026-09-18 (was 2026-09-18)
09:01:51 robot_arb INFO Param updated: contract_size = 100 (was 100)
09:01:51 robot_arb INFO Param updated: lookback = 200 (was 200)
09:01:51 robot_arb INFO Param updated: leg_a_timeout = 5 (was 5)
09:01:51 robot_arb INFO Param updated: min_fill_ratio = 0.5 (was 0.5)
09:01:51 robot_arb INFO Param updated: min_profit_type = rub (was rub)
09:01:51 robot_arb INFO Param updated: min_profit_value = 3.3 (was 3.3)
09:01:51 robot_arb INFO Param updated: risk_type = stop_loss_rub (was stop_loss_rub)
09:01:51 robot_arb INFO Param updated: risk_value = 500000 (was 500000)
09:01:51 robot_arb INFO Param updated: allow_long_basis = False (was False)
09:01:51 robot_arb INFO Param updated: use_commission = True (was True)
09:01:51 robot_arb INFO Param updated: commission_stock_pct = 0.035 (was 0.035)
09:01:51 robot_arb INFO Param updated: commission_futures_rt = 0.9 (was 0.9)
09:01:56 robot_arb INFO Account changed → 1225950
09:01:56 robot_arb INFO Param updated: ticker_a = GAZP (was GAZP)
09:01:56 robot_arb INFO Param updated: symbol_a = GAZP@RTSX (was GAZP@RTSX)
09:01:56 robot_arb INFO Param updated: ticker_b = GZU6 (was GZU6)
09:01:56 robot_arb INFO Param updated: symbol_b = GZU6@RTSX (was GZU6@RTSX)
09:01:56 robot_arb INFO Param updated: lots_a = 10 (was 10)
09:01:56 robot_arb INFO Param updated: lots_b = 1 (was 1)
09:01:56 robot_arb INFO Param updated: hedge_ratio = 10 (was 10)
09:01:56 robot_arb INFO Param updated: capital = 20000 (was 20000)
09:01:56 robot_arb INFO Param updated: entry_z = 2.5 (was 2.5)
09:01:56 robot_arb INFO Param updated: entry_z_long = -5.7 (was -5.7)
09:01:56 robot_arb INFO Param updated: entry_mode = zscore (was zscore)
09:01:56 robot_arb INFO Param updated: spread_rub_high = 312 (was 312)
09:01:56 robot_arb INFO Param updated: spread_rub_low = 270 (was 270)
09:01:56 robot_arb INFO Param updated: risk_free_rate = 0.1425 (was 0.1425)
09:01:56 robot_arb INFO Param updated: expiration_date = 2026-09-18 (was 2026-09-18)
09:01:56 robot_arb INFO Param updated: contract_size = 100 (was 100)
09:01:56 robot_arb INFO Param updated: lookback = 200 (was 200)
09:01:56 robot_arb INFO Param updated: leg_a_timeout = 5 (was 5)
09:01:56 robot_arb INFO Param updated: min_fill_ratio = 0.5 (was 0.5)
09:01:56 robot_arb INFO Param updated: min_profit_type = rub (was rub)
09:01:56 robot_arb INFO Param updated: min_profit_value = 3.3 (was 3.3)
09:01:56 robot_arb INFO Param updated: risk_type = stop_loss_rub (was stop_loss_rub)
09:01:56 robot_arb INFO Param updated: risk_value = 500000 (was 500000)
09:01:56 robot_arb INFO Param updated: allow_long_basis = False (was False)
09:01:56 robot_arb INFO Param updated: use_commission = True (was True)
09:01:56 robot_arb INFO Param updated: commission_stock_pct = 0.035 (was 0.035)
09:01:56 robot_arb INFO Param updated: commission_futures_rt = 0.9 (was 0.9)
09:04:18 robot_arb INFO Z=3.27 (threshold=2.5) — no signal (dup_check=False)
09:04:19 robot_arb INFO Z=3.18 (threshold=2.5) — no signal (dup_check=False)
09:04:19 robot_arb INFO Z=3.18 (threshold=2.5) — no signal (dup_check=False)
09:04:20 robot_arb INFO Z=3.10 (threshold=2.5) — no signal (dup_check=False)
09:04:20 robot_arb INFO Z=3.10 (threshold=2.5) — no signal (dup_check=False)
09:04:21 robot_arb INFO Z=3.02 (threshold=2.5) — no signal (dup_check=False)
09:04:21 robot_arb INFO Z=3.02 (threshold=2.5) — no signal (dup_check=False)
09:04:22 robot_arb INFO Z=2.94 (threshold=2.5) — no signal (dup_check=False)
09:04:22 robot_arb INFO Z=2.94 (threshold=2.5) — no signal (dup_check=False)
09:04:23 robot_arb INFO Z=2.86 (threshold=2.5) — no signal (dup_check=False)
09:04:53 robot_arb INFO EXIT ALL 1 layers — reason=manual_stop
09:04:53 robot_arb INFO EXIT layer #1 reason=manual_stop | limit sell 10 @ 93.20 | market buy 1 @ 9596.80
09:04:53 orders_arb INFO gRPC sending: limit sell 10 GAZP@MISX acc=1225950 @ 93.2
09:04:53 orders_arb INFO gRPC limit placed: sell 10 GAZP@MISX acc=1225950 @ 93.2 id=81205868835
09:04:53 orders_arb INFO Leg A filled 10@93.20 → executing leg B market 1
09:04:53 orders_arb INFO gRPC sending: market buy 1 GZU6@RTSX acc=1225950 @ MKT
09:04:53 orders_arb ERROR gRPC order error (GZU6@RTSX buy 1@None): code=StatusCode.INVALID_ARGUMENT details=INVALID_ARGUMENT: [22]Client has no FORTS accountКлиент не имеет счета FORTS
09:04:53 orders_arb WARNING gRPC market failed, falling back to DP server
09:04:53 orders_arb ERROR Market order error (GZU6@RTSX buy 1): no response
09:04:53 orders_arb ERROR Leg B market failed — emergency closing leg A
09:04:53 orders_arb INFO gRPC sending: market buy 10 GAZP@MISX acc=1225950 @ MKT
09:04:54 orders_arb INFO gRPC market placed: buy 10 GAZP@MISX acc=1225950 @ MKT id=81205873739
09:04:54 orders_arb WARNING Leg B filled but avg_price=0 from gRPC, using orderbook mid
09:04:54 orders_arb WARNING Leg B market placed 81205873739 but fill price not obtained
09:04:54 robot_arb ERROR Exit failed layer #1: leg_b_failed_emergency_closed_a — retrying next tick
09:04:54 robot_arb INFO Mode → STOPPED
09:07:42 robot_arb INFO === Arbitrage Robot v1 ===
09:07:42 robot_arb INFO Pair: GAZP / GZU6
09:07:42 robot_arb INFO Account: 1225953 | Port: 5090 | Paper: False
09:07:42 robot_arb INFO Params: entry_z=2.5 lookback=200 lots_a=10 lots_b=1 hedge_ratio=10
09:07:42 robot_arb INFO Min profit: rub=3.3
09:07:42 robot_arb INFO Risk: stop_loss_rub=500000
09:07:42 robot_arb INFO State loaded: pnl=29790 trades=212 mode=stopped
09:07:44 robot_arb INFO FinamPy connected. Accounts: ['1225950', '1225951', '1225952', '1225953']
09:07:44 robot_arb INFO Orders manager linked to FinamPy gRPC
09:07:44 robot_arb INFO Subscribed OrderBook: GAZP@RTSX, GZU6@RTSX
09:07:44 robot_arb INFO Subscribed Quotes: GAZP@RTSX, GZU6@RTSX
09:07:44 robot_arb INFO Warmup: waiting 10 sec for data streams...
09:07:54 robot_arb INFO Warmup done. OB_A: False OB_B: False
09:07:54 robot_arb INFO MOEX ISS poller started (fallback for stock prices)
09:07:54 robot_arb INFO Main loop started
09:07:55 robot_arb INFO API listening on :5090
09:07:55 robot_arb INFO Endpoints: GET /status /health /params | POST /start /stop /pause /params
09:08:13 robot_arb INFO Mode → RUNNING
09:08:16 robot_arb INFO Z=4.61 (threshold=2.5) — no signal (dup_check=False)
09:09:28 robot_arb INFO Z=2.86 (threshold=2.5) — no signal (dup_check=False)
09:09:29 robot_arb INFO Z=2.73 (threshold=2.5) — no signal (dup_check=False)
09:09:29 robot_arb INFO Z=2.73 (threshold=2.5) — no signal (dup_check=False)
09:09:30 robot_arb INFO Z=2.61 (threshold=2.5) — no signal (dup_check=False)
09:09:30 robot_arb INFO Z=2.61 (threshold=2.5) — no signal (dup_check=False)
09:09:31 robot_arb INFO Z=2.51 (threshold=2.5) — no signal (dup_check=False)
09:09:31 robot_arb INFO Z=2.51 (threshold=2.5) — no signal (dup_check=False)
09:09:32 robot_arb INFO Z=2.42 (threshold=2.5) — no signal (dup_check=False)
09:09:32 robot_arb INFO Z=2.42 (threshold=2.5) — no signal (dup_check=False)
09:09:33 robot_arb INFO Z=2.34 (threshold=2.5) — no signal (dup_check=False)
09:09:33 robot_arb INFO Z=2.34 (threshold=2.5) — no signal (dup_check=False)
09:09:35 robot_arb INFO Z=2.78 (threshold=2.5) — no signal (dup_check=False)
09:09:35 robot_arb INFO Z=2.78 (threshold=2.5) — no signal (dup_check=False)
09:09:36 robot_arb INFO Z=2.67 (threshold=2.5) — no signal (dup_check=False)
09:09:36 robot_arb INFO Z=2.67 (threshold=2.5) — no signal (dup_check=False)
09:09:37 robot_arb INFO Z=2.57 (threshold=2.5) — no signal (dup_check=False)
09:09:37 robot_arb INFO Z=2.57 (threshold=2.5) — no signal (dup_check=False)
09:09:38 robot_arb INFO Z=2.48 (threshold=2.5) — no signal (dup_check=False)
09:09:38 robot_arb INFO Z=2.48 (threshold=2.5) — no signal (dup_check=False)
09:10:51 robot_arb INFO Z=2.70 (threshold=2.5) — no signal (dup_check=False)
09:10:51 robot_arb INFO Z=2.70 (threshold=2.5) — no signal (dup_check=False)
09:10:52 robot_arb INFO Z=2.63 (threshold=2.5) — no signal (dup_check=False)
09:10:52 robot_arb INFO Z=2.63 (threshold=2.5) — no signal (dup_check=False)
09:11:24 robot_arb INFO ⚠️ CHECK_ENTRY returned signal: {'action': 'entry', 'side': 'short_basis', 'z': 2.98462557304952, 'basis': 8655.2, 'price_a': 93.08, 'price_b': 9586.0}
09:11:24 robot_arb INFO ENTRY SIGNAL short_basis | Z=2.98 basis=8655.20 | A=93.08 B=9586.00 | limit buy 10 @ 93.08 | market sell 1 @ 9581.21
09:11:24 orders_arb INFO gRPC sending: limit buy 10 GAZP@MISX acc=1225950 @ 93.08
09:11:24 orders_arb INFO gRPC limit placed: buy 10 GAZP@MISX acc=1225950 @ 93.08 id=81207191767
09:11:30 robot_arb WARNING Entry failed: leg_a_timeout
09:15:16 robot_arb INFO === Arbitrage Robot v1 ===
09:15:16 robot_arb INFO Pair: GAZP / GZU6
09:15:16 robot_arb INFO Account: 1225953 | Port: 5090 | Paper: False
09:15:16 robot_arb INFO Params: entry_z=2.5 lookback=200 lots_a=10 lots_b=1 hedge_ratio=10
09:15:16 robot_arb INFO Min profit: rub=3.3
09:15:16 robot_arb INFO Risk: stop_loss_rub=500000
09:15:16 robot_arb INFO State loaded: pnl=29790 trades=212 mode=running
09:15:17 robot_arb INFO FinamPy connected. Accounts: ['1225950', '1225951', '1225952', '1225953']
09:15:17 robot_arb INFO Orders manager linked to FinamPy gRPC
09:15:17 robot_arb INFO Subscribed OrderBook: GAZP@RTSX, GZU6@RTSX
09:15:17 robot_arb INFO Subscribed Quotes: GAZP@RTSX, GZU6@RTSX
09:15:17 robot_arb INFO Warmup: waiting 10 sec for data streams...
09:15:27 robot_arb INFO Warmup done. OB_A: False OB_B: False
09:15:27 robot_arb INFO MOEX ISS poller started (fallback for stock prices)
09:15:27 robot_arb INFO Main loop started
09:15:27 robot_arb INFO API listening on :5090
09:15:27 robot_arb INFO Endpoints: GET /status /health /params | POST /start /stop /pause /params
09:15:37 robot_arb INFO Mode → RUNNING
09:18:29 robot_arb INFO Z=2.61 (threshold=2.5) — no signal (dup_check=False)
09:18:54 robot_arb INFO Z=2.50 (threshold=2.5) — no signal (dup_check=False)
09:18:54 robot_arb INFO Z=2.50 (threshold=2.5) — no signal (dup_check=False)
09:18:55 robot_arb INFO Z=2.45 (threshold=2.5) — no signal (dup_check=False)
09:18:55 robot_arb INFO Z=2.45 (threshold=2.5) — no signal (dup_check=False)
09:20:02 robot_arb INFO ⚠️ CHECK_ENTRY returned signal: {'action': 'entry', 'side': 'short_basis', 'z': 3.253611714880122, 'basis': 8722.4, 'price_a': 93.76, 'price_b': 9660.0}
09:20:02 robot_arb INFO ENTRY SIGNAL short_basis | Z=3.25 basis=8722.40 | A=93.76 B=9660.00 | limit buy 10 @ 93.76 | market sell 1 @ 9655.17
09:20:02 orders_arb INFO gRPC sending: limit buy 10 GAZP@MISX acc=1225950 @ 93.76
09:20:02 orders_arb INFO gRPC limit placed: buy 10 GAZP@MISX acc=1225950 @ 93.76 id=81208388462
09:20:02 orders_arb INFO Leg A filled 10@0.00 → executing leg B market 1
09:20:02 orders_arb INFO gRPC sending: market sell 1 GZU6@RTSX acc=1225953 @ MKT
09:20:03 orders_arb INFO gRPC market placed: sell 1 GZU6@RTSX acc=1225953 @ MKT id=1896048076285376471
09:20:03 orders_arb WARNING Leg B filled but avg_price=0 from gRPC, using orderbook mid
09:20:03 orders_arb WARNING Leg B market placed 1896048076285376471 but fill price not obtained
09:20:03 orders_arb INFO Leg B fill price: 0.00
09:20:03 strategy_arb INFO LAYER #1 OPEN SHORT | A=0.00 ×10 | B=0.00 ×1 | basis=0.00 Z=3.25 | layers=1
09:20:03 robot_arb INFO LAYER OPEN SHORT_BASIS #1 | A=0.00 ×10 | B=0.00 ×1 | basis=8722.40 Z=3.25 | layers=1 used_capital=1,931
09:20:03 robot_arb INFO Z=3.15 (threshold=2.5) — no signal (dup_check=LOCKED)
09:20:04 robot_arb INFO Z=3.15 (threshold=2.5) — no signal (dup_check=LOCKED)
09:20:04 robot_arb INFO Z=4.03 (threshold=2.5) — no signal (dup_check=LOCKED)
09:20:05 robot_arb INFO ⚠️ CHECK_ENTRY returned signal: {'action': 'entry', 'side': 'short_basis', 'z': 4.026108044216153, 'basis': 8722.7, 'price_a': 93.73, 'price_b': 9660.0}
09:20:05 robot_arb INFO ENTRY SIGNAL short_basis | Z=4.03 basis=8722.70 | A=93.73 B=9660.00 | limit buy 10 @ 93.75 | market sell 1 @ 9655.17
09:20:05 orders_arb INFO gRPC sending: limit buy 10 GAZP@MISX acc=1225950 @ 93.75
09:20:05 orders_arb INFO gRPC limit placed: buy 10 GAZP@MISX acc=1225950 @ 93.75 id=81208391058
09:20:05 orders_arb INFO Leg A filled 10@0.00 → executing leg B market 1
09:20:05 orders_arb INFO gRPC sending: market sell 1 GZU6@RTSX acc=1225953 @ MKT
09:20:05 orders_arb INFO gRPC market placed: sell 1 GZU6@RTSX acc=1225953 @ MKT id=1896048076285376638
09:20:06 orders_arb WARNING Leg B filled but avg_price=0 from gRPC, using orderbook mid
09:20:06 orders_arb WARNING Leg B market placed 1896048076285376638 but fill price not obtained
09:20:06 orders_arb INFO Leg B fill price: 0.00
09:20:06 strategy_arb INFO LAYER #2 OPEN SHORT | A=0.00 ×10 | B=0.00 ×1 | basis=0.00 Z=4.03 | layers=2
09:20:06 robot_arb INFO LAYER OPEN SHORT_BASIS #2 | A=0.00 ×10 | B=0.00 ×1 | basis=8722.70 Z=4.03 | layers=2 used_capital=3,862
09:20:06 robot_arb INFO Z=3.85 (threshold=2.5) — no signal (dup_check=LOCKED)
09:20:12 robot_arb INFO ⚠️ CHECK_ENTRY returned signal: {'action': 'entry', 'side': 'short_basis', 'z': 4.768287433125229, 'basis': 8725.7, 'price_a': 93.73, 'price_b': 9663.0}
09:20:12 robot_arb INFO ENTRY SIGNAL short_basis | Z=4.77 basis=8725.70 | A=93.73 B=9663.00 | limit buy 10 @ 93.73 | market sell 1 @ 9658.17
09:20:12 orders_arb INFO gRPC sending: limit buy 10 GAZP@MISX acc=1225950 @ 93.73
09:20:12 orders_arb INFO gRPC limit placed: buy 10 GAZP@MISX acc=1225950 @ 93.73 id=81208399143
09:20:12 orders_arb INFO Leg A filled 10@0.00 → executing leg B market 1
09:20:12 orders_arb INFO gRPC sending: market sell 1 GZU6@RTSX acc=1225953 @ MKT
09:20:12 orders_arb INFO gRPC market placed: sell 1 GZU6@RTSX acc=1225953 @ MKT id=1896048076285376977
09:20:13 orders_arb WARNING Leg B filled but avg_price=0 from gRPC, using orderbook mid
09:20:13 orders_arb WARNING Leg B market placed 1896048076285376977 but fill price not obtained
09:20:13 orders_arb INFO Leg B fill price: 0.00
09:20:13 strategy_arb INFO LAYER #3 OPEN SHORT | A=0.00 ×10 | B=0.00 ×1 | basis=0.00 Z=4.77 | layers=3
09:20:13 robot_arb INFO LAYER OPEN SHORT_BASIS #3 | A=0.00 ×10 | B=0.00 ×1 | basis=8725.70 Z=4.77 | layers=3 used_capital=5,793
09:20:13 robot_arb INFO Z=4.50 (threshold=2.5) — no signal (dup_check=LOCKED)
09:20:14 robot_arb INFO Z=4.50 (threshold=2.5) — no signal (dup_check=LOCKED)
09:20:42 robot_arb INFO ⚠️ CHECK_ENTRY returned signal: {'action': 'entry', 'side': 'short_basis', 'z': 2.5791808608632825, 'basis': 8756.8, 'price_a': 94.12, 'price_b': 9698.0}
09:20:42 robot_arb INFO ENTRY SIGNAL short_basis | Z=2.58 basis=8756.80 | A=94.12 B=9698.00 | limit buy 10 @ 94.13 | market sell 1 @ 9693.15
09:20:42 orders_arb INFO gRPC sending: limit buy 10 GAZP@MISX acc=1225950 @ 94.13
09:20:42 orders_arb INFO gRPC limit placed: buy 10 GAZP@MISX acc=1225950 @ 94.13 id=81208441424
09:20:42 orders_arb INFO Leg A filled 10@0.00 → executing leg B market 1
09:20:42 orders_arb INFO gRPC sending: market sell 1 GZU6@RTSX acc=1225953 @ MKT
09:20:42 orders_arb INFO gRPC market placed: sell 1 GZU6@RTSX acc=1225953 @ MKT id=1896048076285378793
09:20:43 orders_arb WARNING Leg B filled but avg_price=0 from gRPC, using orderbook mid
09:20:43 orders_arb WARNING Leg B market placed 1896048076285378793 but fill price not obtained
09:20:43 orders_arb INFO Leg B fill price: 0.00
09:20:43 strategy_arb INFO LAYER #4 OPEN SHORT | A=0.00 ×10 | B=0.00 ×1 | basis=0.00 Z=2.58 | layers=4
09:20:43 robot_arb INFO LAYER OPEN SHORT_BASIS #4 | A=0.00 ×10 | B=0.00 ×1 | basis=8751.80 Z=2.58 | layers=4 used_capital=7,724
09:23:23 robot_arb INFO Z=2.33 (threshold=2.5) — no signal (dup_check=False)
09:31:47 robot_arb INFO ⚠️ CHECK_ENTRY returned signal: {'action': 'entry', 'side': 'short_basis', 'z': 3.0345307210445798, 'basis': 8705.0, 'price_a': 93.6, 'price_b': 9641.0}
09:31:47 robot_arb INFO ENTRY SIGNAL short_basis | Z=3.03 basis=8705.00 | A=93.60 B=9641.00 | limit buy 10 @ 93.62 | market sell 1 @ 9636.18
09:31:47 orders_arb INFO gRPC sending: limit buy 10 GAZP@MISX acc=1225950 @ 93.62
09:31:47 orders_arb ERROR gRPC order error (GAZP@RTSX buy 10@93.62): code=StatusCode.INTERNAL details=Jwt token check failed: UNAUTHENTICATED: Token is expired
09:31:47 orders_arb WARNING gRPC limit failed, falling back to DP server
09:31:52 orders_arb ERROR Limit order exception: HTTPConnectionPool(host='localhost', port=5060): Read timed out. (read timeout=5.0)
09:31:52 robot_arb WARNING Entry failed: leg_a_place_failed
09:32:21 robot_arb INFO ⚠️ CHECK_ENTRY returned signal: {'action': 'entry', 'side': 'short_basis', 'z': 4.946606709151992, 'basis': 8699.3, 'price_a': 93.47, 'price_b': 9634.0}
09:32:21 robot_arb INFO ENTRY SIGNAL short_basis | Z=4.95 basis=8699.30 | A=93.47 B=9634.00 | limit buy 10 @ 93.49 | market sell 1 @ 9629.18
09:32:21 orders_arb INFO gRPC sending: limit buy 10 GAZP@MISX acc=1225950 @ 93.49
09:32:21 orders_arb ERROR gRPC order error (GAZP@RTSX buy 10@93.49): code=StatusCode.INTERNAL details=Trading is not available at the moment
09:32:21 orders_arb WARNING gRPC limit failed, falling back to DP server
09:32:26 orders_arb ERROR Limit order exception: HTTPConnectionPool(host='localhost', port=5060): Read timed out. (read timeout=5.0)
09:32:26 robot_arb WARNING Entry failed: leg_a_place_failed
09:34:23 robot_arb INFO ⚠️ CHECK_ENTRY returned signal: {'action': 'entry', 'side': 'short_basis', 'z': 2.6989089412129346, 'basis': 8700.6, 'price_a': 93.54, 'price_b': 9636.0}
09:34:23 robot_arb INFO ENTRY SIGNAL short_basis | Z=2.70 basis=8700.60 | A=93.54 B=9636.00 | limit buy 10 @ 93.60 | market sell 1 @ 9631.18
09:34:23 orders_arb INFO gRPC sending: limit buy 10 GAZP@MISX acc=1225950 @ 93.6
09:34:23 orders_arb ERROR gRPC order error (GAZP@RTSX buy 10@93.6): code=StatusCode.INTERNAL details=Jwt token check failed: UNAUTHENTICATED: Token is expired
09:34:23 orders_arb WARNING gRPC limit failed, falling back to DP server
09:34:28 orders_arb ERROR Limit order exception: HTTPConnectionPool(host='localhost', port=5060): Read timed out. (read timeout=5.0)
09:34:28 robot_arb WARNING Entry failed: leg_a_place_failed
09:38:23 robot_arb INFO ⚠️ CHECK_ENTRY returned signal: {'action': 'entry', 'side': 'short_basis', 'z': 2.540208424704638, 'basis': 8705.0, 'price_a': 93.6, 'price_b': 9641.0}
09:38:23 robot_arb INFO ENTRY SIGNAL short_basis | Z=2.54 basis=8705.00 | A=93.60 B=9641.00 | limit buy 10 @ 93.60 | market sell 1 @ 9636.18
09:38:23 orders_arb INFO gRPC sending: limit buy 10 GAZP@MISX acc=1225950 @ 93.6
09:38:23 orders_arb ERROR gRPC order error (GAZP@RTSX buy 10@93.6): code=StatusCode.INTERNAL details=Jwt token check failed: UNAUTHENTICATED: Token is expired
09:38:23 orders_arb WARNING gRPC limit failed, falling back to DP server
09:38:28 orders_arb ERROR Limit order exception: HTTPConnectionPool(host='localhost', port=5060): Read timed out. (read timeout=5.0)
09:38:28 robot_arb WARNING Entry failed: leg_a_place_failed
09:38:40 robot_arb INFO Z=2.48 (threshold=2.5) — no signal (dup_check=False)
09:38:41 robot_arb INFO Z=2.43 (threshold=2.5) — no signal (dup_check=False)
09:38:41 robot_arb INFO Z=2.43 (threshold=2.5) — no signal (dup_check=False)
09:38:42 robot_arb INFO Z=2.38 (threshold=2.5) — no signal (dup_check=False)
09:38:42 robot_arb INFO Z=2.38 (threshold=2.5) — no signal (dup_check=False)
09:38:43 robot_arb INFO Z=2.33 (threshold=2.5) — no signal (dup_check=False)
09:40:22 robot_arb INFO EXIT ALL 4 layers — reason=manual_stop
09:40:22 robot_arb INFO EXIT layer #1 reason=manual_stop | limit sell 10 @ 93.66 | market buy 1 @ 9639.82
09:40:22 orders_arb INFO gRPC sending: limit sell 10 GAZP@MISX acc=1225950 @ 93.66
09:40:22 orders_arb ERROR gRPC order error (GAZP@RTSX sell 10@93.66): code=StatusCode.INTERNAL details=Jwt token check failed: UNAUTHENTICATED: Token is expired
09:40:22 orders_arb WARNING gRPC limit failed, falling back to DP server
09:40:27 orders_arb ERROR Limit order exception: HTTPConnectionPool(host='localhost', port=5060): Read timed out. (read timeout=5.0)
09:40:27 robot_arb ERROR Exit failed layer #1: leg_a_place_failed — retrying next tick
09:40:27 robot_arb INFO EXIT layer #2 reason=manual_stop | limit sell 10 @ 93.60 | market buy 1 @ 9644.82
09:40:27 orders_arb INFO gRPC sending: limit sell 10 GAZP@MISX acc=1225950 @ 93.6
09:40:27 orders_arb ERROR gRPC order error (GAZP@RTSX sell 10@93.6): code=StatusCode.INTERNAL details=Trading is not available at the moment
09:40:27 orders_arb WARNING gRPC limit failed, falling back to DP server
09:40:32 orders_arb ERROR Limit order exception: HTTPConnectionPool(host='localhost', port=5060): Read timed out. (read timeout=5.0)
09:40:32 robot_arb ERROR Exit failed layer #2: leg_a_place_failed — retrying next tick
09:40:32 robot_arb INFO EXIT layer #3 reason=manual_stop | limit sell 10 @ 93.63 | market buy 1 @ 9644.82
09:40:32 orders_arb INFO gRPC sending: limit sell 10 GAZP@MISX acc=1225950 @ 93.63
09:40:33 orders_arb ERROR gRPC order error (GAZP@RTSX sell 10@93.63): code=StatusCode.INTERNAL details=Trading is not available at the moment
09:40:33 orders_arb WARNING gRPC limit failed, falling back to DP server
09:40:38 orders_arb ERROR Limit order exception: HTTPConnectionPool(host='localhost', port=5060): Read timed out. (read timeout=5.0)
09:40:38 robot_arb ERROR Exit failed layer #3: leg_a_place_failed — retrying next tick
09:40:38 robot_arb INFO EXIT layer #4 reason=manual_stop | limit sell 10 @ 93.61 | market buy 1 @ 9644.82
09:40:38 orders_arb INFO gRPC sending: limit sell 10 GAZP@MISX acc=1225950 @ 93.61
09:40:38 orders_arb ERROR gRPC order error (GAZP@RTSX sell 10@93.61): code=StatusCode.INTERNAL details=Jwt token check failed: UNAUTHENTICATED: Token is expired
09:40:38 orders_arb WARNING gRPC limit failed, falling back to DP server
09:40:43 orders_arb ERROR Limit order exception: HTTPConnectionPool(host='localhost', port=5060): Read timed out. (read timeout=5.0)
09:40:43 robot_arb ERROR Exit failed layer #4: leg_a_place_failed — retrying next tick
09:40:43 robot_arb INFO Mode → STOPPED
09:40:43 robot_arb ERROR GET error: [Errno 32] Broken pipe
Traceback (most recent call last):
  File "/root/.openclaw/workspace/HedgeFund/robot/main_arb.py", line 696, in do_GET
    self._json(200, status)
  File "/root/.openclaw/workspace/HedgeFund/robot/main_arb.py", line 671, in _json
    self.wfile.write(body)
  File "/usr/lib/python3.12/socketserver.py", line 840, in write
    self._sock.sendall(b)
BrokenPipeError: [Errno 32] Broken pipe
09:41:37 robot_arb INFO === Arbitrage Robot v1 ===
09:41:37 robot_arb INFO Pair: GAZP / GZU6
09:41:37 robot_arb INFO Account: 1225953 | Port: 5090 | Paper: False
09:41:37 robot_arb INFO Params: entry_z=2.5 lookback=200 lots_a=10 lots_b=1 hedge_ratio=10
09:41:37 robot_arb INFO Min profit: rub=3.3
09:41:37 robot_arb INFO Risk: stop_loss_rub=500000
09:41:37 robot_arb INFO State loaded: pnl=29790 trades=212 mode=stopped
09:41:54 robot_arb INFO Mode → RUNNING
09:42:14 robot_arb INFO === Arbitrage Robot v1 ===
09:42:14 robot_arb INFO Pair: GAZP / GZU6
09:42:14 robot_arb INFO Account: 1225953 | Port: 5090 | Paper: False
09:42:14 robot_arb INFO Params: entry_z=2.5 lookback=200 lots_a=10 lots_b=1 hedge_ratio=10
09:42:14 robot_arb INFO Min profit: rub=3.3
09:42:14 robot_arb INFO Risk: stop_loss_rub=500000
09:42:14 robot_arb INFO State loaded: pnl=29790 trades=212 mode=running
09:42:14 robot_arb INFO FinamPy connected. Accounts: ['1225950', '1225951', '1225952', '1225953']
09:42:14 robot_arb INFO Orders manager linked to FinamPy gRPC
09:42:14 robot_arb INFO Subscribed OrderBook: GAZP@RTSX, GZU6@RTSX
09:42:14 robot_arb INFO Subscribed Quotes: GAZP@RTSX, GZU6@RTSX
09:42:14 robot_arb INFO Warmup: waiting 10 sec for data streams...
09:42:24 robot_arb INFO Warmup done. OB_A: False OB_B: False
09:42:24 robot_arb INFO MOEX ISS poller started (fallback for stock prices)
09:42:24 robot_arb INFO Main loop started
09:42:24 robot_arb INFO API listening on :5090
09:42:24 robot_arb INFO Endpoints: GET /status /health /params | POST /start /stop /pause /params
09:42:25 robot_arb INFO EXIT layer #1 reason=profit_target | limit sell 10 @ 93.58 | market buy 1 @ 9632.81
09:42:25 orders_arb INFO gRPC sending: limit sell 10 GAZP@MISX acc=1225950 @ 93.58
09:42:25 orders_arb INFO gRPC limit placed: sell 10 GAZP@MISX acc=1225950 @ 93.58 id=81212023837
09:42:25 orders_arb INFO Leg A filled 10@0.00 → executing leg B market 1
09:42:25 orders_arb INFO gRPC sending: market buy 1 GZU6@RTSX acc=1225953 @ MKT
09:42:25 orders_arb INFO gRPC market placed: buy 1 GZU6@RTSX acc=1225953 @ MKT id=1896048076285518336
09:42:26 orders_arb INFO Leg B market fill: 1 GZU6@RTSX @ 10704.00 (poll #1)
09:42:26 orders_arb INFO Leg B fill price: 10704.00
09:42:26 strategy_arb INFO LAYER #1 CLOSE SHORT | PnL=-10424.18₽ (gross=-10420.00₽ comm=4.18₽) | reason=profit_target | hold=22min | layers=3
09:42:26 robot_arb INFO EXIT layer #2 reason=profit_target | limit sell 10 @ 93.58 | market buy 1 @ 9632.81
09:42:26 orders_arb INFO gRPC sending: limit sell 10 GAZP@MISX acc=1225950 @ 93.58
09:42:26 orders_arb INFO gRPC limit placed: sell 10 GAZP@MISX acc=1225950 @ 93.58 id=81212028633
09:42:26 orders_arb INFO Leg A filled 10@0.00 → executing leg B market 1
09:42:26 orders_arb INFO gRPC sending: market buy 1 GZU6@RTSX acc=1225953 @ MKT
09:42:27 orders_arb INFO gRPC market placed: buy 1 GZU6@RTSX acc=1225953 @ MKT id=1896048076285518563
09:42:27 orders_arb INFO Leg B market fill: 1 GZU6@RTSX @ 10704.00 (poll #1)
09:42:27 orders_arb INFO Leg B fill price: 10704.00
09:42:27 strategy_arb INFO LAYER #2 CLOSE SHORT | PnL=-10421.18₽ (gross=-10417.00₽ comm=4.18₽) | reason=profit_target | hold=22min | layers=2
09:42:28 robot_arb INFO EXIT layer #3 reason=profit_target | limit sell 10 @ 93.58 | market buy 1 @ 9632.81
09:42:28 orders_arb INFO gRPC sending: limit sell 10 GAZP@MISX acc=1225950 @ 93.58
09:42:28 orders_arb INFO gRPC limit placed: sell 10 GAZP@MISX acc=1225950 @ 93.58 id=81212032233
09:42:28 orders_arb INFO Leg A filled 10@0.00 → executing leg B market 1
09:42:28 orders_arb INFO gRPC sending: market buy 1 GZU6@RTSX acc=1225953 @ MKT
09:42:28 orders_arb INFO gRPC market placed: buy 1 GZU6@RTSX acc=1225953 @ MKT id=1896048076285518708
09:42:29 orders_arb INFO Leg B market fill: 1 GZU6@RTSX @ 10704.00 (poll #1)
09:42:29 orders_arb INFO Leg B fill price: 10704.00
09:42:29 strategy_arb INFO LAYER #3 CLOSE SHORT | PnL=-10418.18₽ (gross=-10414.00₽ comm=4.18₽) | reason=profit_target | hold=22min | layers=1
09:42:29 robot_arb INFO EXIT layer #4 reason=profit_target | limit sell 10 @ 93.58 | market buy 1 @ 9632.81
09:42:29 orders_arb INFO gRPC sending: limit sell 10 GAZP@MISX acc=1225950 @ 93.58
09:42:29 orders_arb INFO gRPC limit placed: sell 10 GAZP@MISX acc=1225950 @ 93.58 id=81212035824
09:42:29 orders_arb INFO Leg A filled 10@0.00 → executing leg B market 1
09:42:29 orders_arb INFO gRPC sending: market buy 1 GZU6@RTSX acc=1225953 @ MKT
09:42:29 orders_arb INFO gRPC market placed: buy 1 GZU6@RTSX acc=1225953 @ MKT id=1896048076285518962
09:42:30 orders_arb INFO Leg B market fill: 1 GZU6@RTSX @ 10704.00 (poll #1)
09:42:30 orders_arb INFO Leg B fill price: 10704.00
09:42:30 strategy_arb INFO LAYER #4 CLOSE SHORT | PnL=-10418.18₽ (gross=-10414.00₽ comm=4.18₽) | reason=profit_target | hold=22min | layers=0
09:42:35 robot_arb INFO Z=3.36 (threshold=2.5) — no signal (dup_check=False)
09:42:37 robot_arb INFO Mode → RUNNING
09:45:05 robot_arb INFO Z=4.05 (threshold=2.5) — no signal (dup_check=False)
09:45:06 robot_arb INFO Z=3.85 (threshold=2.5) — no signal (dup_check=False)
09:45:06 robot_arb INFO Z=3.85 (threshold=2.5) — no signal (dup_check=False)
09:45:07 robot_arb INFO Z=3.67 (threshold=2.5) — no signal (dup_check=False)
09:45:17 robot_arb INFO Z=4.46 (threshold=2.5) — no signal (dup_check=False)
09:45:18 robot_arb INFO Z=4.21 (threshold=2.5) — no signal (dup_check=False)
09:45:18 robot_arb INFO Z=4.21 (threshold=2.5) — no signal (dup_check=False)
09:45:19 robot_arb INFO Z=3.99 (threshold=2.5) — no signal (dup_check=False)
09:45:19 robot_arb INFO Z=3.99 (threshold=2.5) — no signal (dup_check=False)
09:45:20 robot_arb INFO Z=3.81 (threshold=2.5) — no signal (dup_check=False)
09:45:20 robot_arb INFO Z=4.50 (threshold=2.5) — no signal (dup_check=False)
09:45:21 robot_arb INFO Z=4.25 (threshold=2.5) — no signal (dup_check=False)
09:45:21 robot_arb INFO Z=4.25 (threshold=2.5) — no signal (dup_check=False)
09:45:22 robot_arb INFO Z=4.03 (threshold=2.5) — no signal (dup_check=False)
09:45:22 robot_arb INFO Z=4.03 (threshold=2.5) — no signal (dup_check=False)
09:46:35 robot_arb INFO === Arbitrage Robot v1 ===
09:46:35 robot_arb INFO Pair: GAZP / GZU6
09:46:35 robot_arb INFO Account: 1225953 | Port: 5090 | Paper: False
09:46:35 robot_arb INFO Params: entry_z=2.5 lookback=200 lots_a=10 lots_b=1 hedge_ratio=10
09:46:35 robot_arb INFO Min profit: rub=3.3
09:46:35 robot_arb INFO Risk: stop_loss_rub=500000
09:46:35 robot_arb INFO State loaded: pnl=-11892 trades=216 mode=running
09:46:36 robot_arb INFO FinamPy connected. Accounts: ['1225950', '1225951', '1225952', '1225953']
09:46:36 robot_arb INFO Orders manager linked to FinamPy gRPC
09:46:36 robot_arb INFO Subscribed OrderBook: GAZP@RTSX, GZU6@RTSX
09:46:36 robot_arb INFO Subscribed Quotes: GAZP@RTSX, GZU6@RTSX
09:46:36 robot_arb INFO Warmup: waiting 10 sec for data streams...
09:46:46 robot_arb INFO Warmup done. OB_A: False OB_B: False
09:46:46 robot_arb INFO MOEX ISS poller started (fallback for stock prices)
09:46:46 robot_arb INFO Main loop started
09:46:46 robot_arb INFO API listening on :5090
09:46:46 robot_arb INFO Endpoints: GET /status /health /params | POST /start /stop /pause /params
09:48:10 robot_arb INFO Z=2.60 (threshold=2.5) — no signal (dup_check=False)
09:48:11 robot_arb INFO Z=2.49 (threshold=2.5) — no signal (dup_check=False)
09:48:11 robot_arb INFO Z=2.49 (threshold=2.5) — no signal (dup_check=False)
09:48:12 robot_arb INFO Z=2.39 (threshold=2.5) — no signal (dup_check=False)
09:48:12 robot_arb INFO Z=2.39 (threshold=2.5) — no signal (dup_check=False)
09:48:13 robot_arb INFO Z=2.30 (threshold=2.5) — no signal (dup_check=False)
09:48:13 robot_arb INFO Z=2.30 (threshold=2.5) — no signal (dup_check=False)
09:51:14 robot_arb INFO Z=2.44 (threshold=2.5) — no signal (dup_check=False)
09:51:15 robot_arb INFO Z=2.44 (threshold=2.5) — no signal (dup_check=False)
09:51:15 robot_arb INFO Z=2.40 (threshold=2.5) — no signal (dup_check=False)
09:51:16 robot_arb INFO Z=2.40 (threshold=2.5) — no signal (dup_check=False)
09:51:16 robot_arb INFO Z=2.35 (threshold=2.5) — no signal (dup_check=False)
09:51:17 robot_arb INFO Z=2.35 (threshold=2.5) — no signal (dup_check=False)
09:53:06 robot_arb INFO ⚠️ CHECK_ENTRY returned signal: {'action': 'entry', 'side': 'short_basis', 'z': 2.9390663352926825, 'basis': 8750.2, 'price_a': 93.98, 'price_b': 9690.0}
09:53:06 robot_arb INFO ENTRY SIGNAL short_basis | Z=2.94 basis=8750.20 | A=93.98 B=9690.00 | limit buy 10 @ 94.00 | market sell 1 @ 9685.16
09:53:06 orders_arb INFO gRPC sending: limit buy 10 GAZP@MISX acc=1225950 @ 94.0
09:53:07 orders_arb INFO gRPC limit placed: buy 10 GAZP@MISX acc=1225950 @ 94.0 id=81213502822
09:53:07 robot_arb ERROR Main loop error: name 'symbol' is not defined
09:53:08 robot_arb INFO ⚠️ CHECK_ENTRY returned signal: {'action': 'entry', 'side': 'short_basis', 'z': 2.8657752230479976, 'basis': 8750.2, 'price_a': 93.98, 'price_b': 9690.0}
09:53:08 robot_arb INFO ENTRY SIGNAL short_basis | Z=2.87 basis=8750.20 | A=93.98 B=9690.00 | limit buy 10 @ 94.00 | market sell 1 @ 9685.16
09:53:08 orders_arb INFO gRPC sending: limit buy 10 GAZP@MISX acc=1225950 @ 94.0
09:53:08 orders_arb INFO gRPC limit placed: buy 10 GAZP@MISX acc=1225950 @ 94.0 id=81213504716
09:53:08 robot_arb ERROR Main loop error: name 'symbol' is not defined
09:53:09 robot_arb INFO ⚠️ CHECK_ENTRY returned signal: {'action': 'entry', 'side': 'short_basis', 'z': 2.7958055817843848, 'basis': 8750.2, 'price_a': 93.98, 'price_b': 9690.0}
09:53:09 robot_arb INFO ENTRY SIGNAL short_basis | Z=2.80 basis=8750.20 | A=93.98 B=9690.00 | limit buy 10 @ 94.00 | market sell 1 @ 9685.16
09:53:09 orders_arb INFO gRPC sending: limit buy 10 GAZP@MISX acc=1225950 @ 94.0
09:53:09 orders_arb INFO gRPC limit placed: buy 10 GAZP@MISX acc=1225950 @ 94.0 id=81213506739
09:53:09 robot_arb ERROR Main loop error: name 'symbol' is not defined
09:53:10 robot_arb INFO ⚠️ CHECK_ENTRY returned signal: {'action': 'entry', 'side': 'short_basis', 'z': 2.5687826513094167, 'basis': 8749.2, 'price_a': 93.98, 'price_b': 9689.0}
09:53:10 robot_arb INFO ENTRY SIGNAL short_basis | Z=2.57 basis=8749.20 | A=93.98 B=9689.00 | limit buy 10 @ 94.00 | market sell 1 @ 9684.16
09:53:10 orders_arb INFO gRPC sending: limit buy 10 GAZP@MISX acc=1225950 @ 94.0
09:53:10 orders_arb INFO gRPC limit placed: buy 10 GAZP@MISX acc=1225950 @ 94.0 id=81213508944
09:53:10 robot_arb ERROR Main loop error: name 'symbol' is not defined
09:53:11 robot_arb INFO Z=2.35 (threshold=2.5) — no signal (dup_check=False)
09:53:12 robot_arb INFO Z=2.35 (threshold=2.5) — no signal (dup_check=False)
09:53:12 robot_arb INFO Z=2.33 (threshold=2.5) — no signal (dup_check=False)
09:53:13 robot_arb INFO Z=2.33 (threshold=2.5) — no signal (dup_check=False)
09:53:24 robot_arb INFO Z=2.37 (threshold=2.5) — no signal (dup_check=False)
09:53:25 robot_arb INFO Z=2.37 (threshold=2.5) — no signal (dup_check=False)
09:53:25 robot_arb INFO Z=2.33 (threshold=2.5) — no signal (dup_check=False)
09:53:26 robot_arb INFO Z=2.33 (threshold=2.5) — no signal (dup_check=False)
09:58:01 robot_arb INFO Z=2.35 (threshold=2.5) — no signal (dup_check=False)
09:58:02 robot_arb INFO Z=2.31 (threshold=2.5) — no signal (dup_check=False)
09:58:02 robot_arb INFO Z=2.31 (threshold=2.5) — no signal (dup_check=False)
09:58:04 robot_arb INFO ⚠️ CHECK_ENTRY returned signal: {'action': 'entry', 'side': 'short_basis', 'z': 2.838132578450267, 'basis': 8748.8, 'price_a': 93.92, 'price_b': 9688.0}
09:58:04 robot_arb INFO ENTRY SIGNAL short_basis | Z=2.84 basis=8748.80 | A=93.92 B=9688.00 | limit buy 10 @ 93.93 | market sell 1 @ 9683.16
09:58:04 orders_arb INFO gRPC sending: limit buy 10 GAZP@MISX acc=1225950 @ 93.93
09:58:04 orders_arb INFO gRPC limit placed: buy 10 GAZP@MISX acc=1225950 @ 93.93 id=81213970845
09:58:04 robot_arb ERROR Main loop error: name 'symbol' is not defined
09:58:05 robot_arb INFO ⚠️ CHECK_ENTRY returned signal: {'action': 'entry', 'side': 'short_basis', 'z': 2.771251412018193, 'basis': 8748.8, 'price_a': 93.92, 'price_b': 9688.0}
09:58:05 robot_arb INFO ENTRY SIGNAL short_basis | Z=2.77 basis=8748.80 | A=93.92 B=9688.00 | limit buy 10 @ 93.93 | market sell 1 @ 9683.16
09:58:05 orders_arb INFO gRPC sending: limit buy 10 GAZP@MISX acc=1225950 @ 93.93
09:58:05 orders_arb INFO gRPC limit placed: buy 10 GAZP@MISX acc=1225950 @ 93.93 id=81213972882
09:58:05 robot_arb ERROR Main loop error: name 'symbol' is not defined
09:58:18 robot_arb INFO ⚠️ CHECK_ENTRY returned signal: {'action': 'entry', 'side': 'short_basis', 'z': 2.671655809989247, 'basis': 8750.5, 'price_a': 93.95, 'price_b': 9690.0}
09:58:18 robot_arb INFO ENTRY SIGNAL short_basis | Z=2.67 basis=8750.50 | A=93.95 B=9690.00 | limit buy 10 @ 93.95 | market sell 1 @ 9685.16
09:58:18 orders_arb INFO gRPC sending: limit buy 10 GAZP@MISX acc=1225950 @ 93.95
09:58:18 orders_arb INFO gRPC limit placed: buy 10 GAZP@MISX acc=1225950 @ 93.95 id=81213991139
09:58:18 robot_arb ERROR Main loop error: name 'symbol' is not defined
09:58:19 robot_arb INFO ⚠️ CHECK_ENTRY returned signal: {'action': 'entry', 'side': 'short_basis', 'z': 2.613272367276927, 'basis': 8750.5, 'price_a': 93.95, 'price_b': 9690.0}
09:58:19 robot_arb INFO ENTRY SIGNAL short_basis | Z=2.61 basis=8750.50 | A=93.95 B=9690.00 | limit buy 10 @ 93.95 | market sell 1 @ 9685.16
09:58:19 orders_arb INFO gRPC sending: limit buy 10 GAZP@MISX acc=1225950 @ 93.95
09:58:19 orders_arb INFO gRPC limit placed: buy 10 GAZP@MISX acc=1225950 @ 93.95 id=81213992969
09:58:19 robot_arb ERROR Main loop error: name 'symbol' is not defined
09:58:20 robot_arb INFO ⚠️ CHECK_ENTRY returned signal: {'action': 'entry', 'side': 'short_basis', 'z': 2.557978348244324, 'basis': 8750.5, 'price_a': 93.95, 'price_b': 9690.0}
09:58:20 robot_arb INFO ENTRY SIGNAL short_basis | Z=2.56 basis=8750.50 | A=93.95 B=9690.00 | limit buy 10 @ 93.95 | market sell 1 @ 9685.16
09:58:20 orders_arb INFO gRPC sending: limit buy 10 GAZP@MISX acc=1225950 @ 93.95
09:58:20 orders_arb INFO gRPC limit placed: buy 10 GAZP@MISX acc=1225950 @ 93.95 id=81213994907
09:58:20 robot_arb ERROR Main loop error: name 'symbol' is not defined
10:00:23 robot_arb ERROR GET error: [Errno 32] Broken pipe
Traceback (most recent call last):
  File "/root/.openclaw/workspace/HedgeFund/robot/main_arb.py", line 696, in do_GET
    self._json(200, status)
  File "/root/.openclaw/workspace/HedgeFund/robot/main_arb.py", line 671, in _json
    self.wfile.write(body)
  File "/usr/lib/python3.12/socketserver.py", line 840, in write
    self._sock.sendall(b)
BrokenPipeError: [Errno 32] Broken pipe
10:00:23 robot_arb ERROR GET error: [Errno 32] Broken pipe
Traceback (most recent call last):
  File "/root/.openclaw/workspace/HedgeFund/robot/main_arb.py", line 696, in do_GET
    self._json(200, status)
  File "/root/.openclaw/workspace/HedgeFund/robot/main_arb.py", line 671, in _json
    self.wfile.write(body)
  File "/usr/lib/python3.12/socketserver.py", line 840, in write
    self._sock.sendall(b)
BrokenPipeError: [Errno 32] Broken pipe
10:00:29 robot_arb INFO ⚠️ CHECK_ENTRY returned signal: {'action': 'entry', 'side': 'short_basis', 'z': 3.6650171850038533, 'basis': 8743.8, 'price_a': 93.82, 'price_b': 9682.0}
10:00:29 robot_arb INFO ENTRY SIGNAL short_basis | Z=3.67 basis=8743.80 | A=93.82 B=9682.00 | limit buy 10 @ 93.83 | market sell 1 @ 9677.16
10:00:29 orders_arb INFO gRPC sending: limit buy 10 GAZP@MISX acc=1225950 @ 93.83
10:00:30 orders_arb INFO gRPC limit placed: buy 10 GAZP@MISX acc=1225950 @ 93.83 id=81214328863
10:00:30 robot_arb ERROR Main loop error: name 'symbol' is not defined
10:00:31 robot_arb INFO ⚠️ CHECK_ENTRY returned signal: {'action': 'entry', 'side': 'short_basis', 'z': 3.530021065201077, 'basis': 8743.8, 'price_a': 93.82, 'price_b': 9682.0}
10:00:31 robot_arb INFO ENTRY SIGNAL short_basis | Z=3.53 basis=8743.80 | A=93.82 B=9682.00 | limit buy 10 @ 93.83 | market sell 1 @ 9677.16
10:00:31 orders_arb INFO gRPC sending: limit buy 10 GAZP@MISX acc=1225950 @ 93.83
10:00:31 orders_arb INFO gRPC limit placed: buy 10 GAZP@MISX acc=1225950 @ 93.83 id=81214334848
10:00:31 robot_arb ERROR Main loop error: name 'symbol' is not defined
10:00:32 robot_arb INFO ⚠️ CHECK_ENTRY returned signal: {'action': 'entry', 'side': 'short_basis', 'z': 3.450250064484204, 'basis': 8743.8, 'price_a': 93.82, 'price_b': 9682.0}
10:00:32 robot_arb INFO ENTRY SIGNAL short_basis | Z=3.45 basis=8743.80 | A=93.82 B=9682.00 | limit buy 10 @ 93.83 | market sell 1 @ 9677.16
10:00:32 orders_arb INFO gRPC sending: limit buy 10 GAZP@MISX acc=1225950 @ 93.83
10:00:32 orders_arb INFO gRPC limit placed: buy 10 GAZP@MISX acc=1225950 @ 93.83 id=81214342907
10:00:32 robot_arb ERROR Main loop error: name 'symbol' is not defined
10:00:33 robot_arb INFO ⚠️ CHECK_ENTRY returned signal: {'action': 'entry', 'side': 'short_basis', 'z': 3.376304124864538, 'basis': 8743.8, 'price_a': 93.82, 'price_b': 9682.0}
10:00:33 robot_arb INFO ENTRY SIGNAL short_basis | Z=3.38 basis=8743.80 | A=93.82 B=9682.00 | limit buy 10 @ 93.83 | market sell 1 @ 9677.16
10:00:33 orders_arb INFO gRPC sending: limit buy 10 GAZP@MISX acc=1225950 @ 93.83
10:00:33 orders_arb INFO gRPC limit placed: buy 10 GAZP@MISX acc=1225950 @ 93.83 id=81214348653
10:00:33 robot_arb ERROR Main loop error: name 'symbol' is not defined
10:00:34 robot_arb INFO ⚠️ CHECK_ENTRY returned signal: {'action': 'entry', 'side': 'short_basis', 'z': 3.307593594173177, 'basis': 8743.8, 'price_a': 93.82, 'price_b': 9682.0}
10:00:34 robot_arb INFO ENTRY SIGNAL short_basis | Z=3.31 basis=8743.80 | A=93.82 B=9682.00 | limit buy 10 @ 93.83 | market sell 1 @ 9677.16
10:00:34 orders_arb INFO gRPC sending: limit buy 10 GAZP@MISX acc=1225950 @ 93.83
10:00:35 orders_arb INFO gRPC limit placed: buy 10 GAZP@MISX acc=1225950 @ 93.83 id=81214358559
10:00:35 robot_arb ERROR Main loop error: name 'symbol' is not defined
10:00:36 robot_arb INFO ⚠️ CHECK_ENTRY returned signal: {'action': 'entry', 'side': 'short_basis', 'z': 3.220544412965091, 'basis': 8743.8, 'price_a': 93.82, 'price_b': 9682.0}
10:00:36 robot_arb INFO ENTRY SIGNAL short_basis | Z=3.22 basis=8743.80 | A=93.82 B=9682.00 | limit buy 10 @ 93.83 | market sell 1 @ 9677.16
10:00:36 orders_arb INFO gRPC sending: limit buy 10 GAZP@MISX acc=1225950 @ 93.83
10:00:36 orders_arb INFO gRPC limit placed: buy 10 GAZP@MISX acc=1225950 @ 93.83 id=81214365657
10:00:36 robot_arb ERROR Main loop error: name 'symbol' is not defined
10:00:37 robot_arb INFO ⚠️ CHECK_ENTRY returned signal: {'action': 'entry', 'side': 'short_basis', 'z': 3.139645703766596, 'basis': 8743.8, 'price_a': 93.82, 'price_b': 9682.0}
10:00:37 robot_arb INFO ENTRY SIGNAL short_basis | Z=3.14 basis=8743.80 | A=93.82 B=9682.00 | limit buy 10 @ 93.83 | market sell 1 @ 9677.16
10:00:37 orders_arb INFO gRPC sending: limit buy 10 GAZP@MISX acc=1225950 @ 93.83
10:00:37 orders_arb INFO gRPC limit placed: buy 10 GAZP@MISX acc=1225950 @ 93.83 id=81214371121
10:00:37 robot_arb ERROR Main loop error: name 'symbol' is not defined
10:00:38 robot_arb INFO ⚠️ CHECK_ENTRY returned signal: {'action': 'entry', 'side': 'short_basis', 'z': 3.607043106460271, 'basis': 8744.2, 'price_a': 93.78, 'price_b': 9682.0}
10:00:38 robot_arb INFO ENTRY SIGNAL short_basis | Z=3.61 basis=8744.20 | A=93.78 B=9682.00 | limit buy 10 @ 93.79 | market sell 1 @ 9677.16
10:00:38 orders_arb INFO gRPC sending: limit buy 10 GAZP@MISX acc=1225950 @ 93.79
10:00:38 orders_arb INFO gRPC limit placed: buy 10 GAZP@MISX acc=1225950 @ 93.79 id=81214375541
10:00:38 robot_arb ERROR Main loop error: name 'symbol' is not defined
10:00:50 robot_arb INFO ⚠️ CHECK_ENTRY returned signal: {'action': 'entry', 'side': 'short_basis', 'z': 3.4947057716413665, 'basis': 8746.4, 'price_a': 93.76, 'price_b': 9684.0}
10:00:50 robot_arb INFO ENTRY SIGNAL short_basis | Z=3.49 basis=8746.40 | A=93.76 B=9684.00 | limit buy 10 @ 93.76 | market sell 1 @ 9679.16
10:00:50 orders_arb INFO gRPC sending: limit buy 10 GAZP@MISX acc=1225950 @ 93.76
10:00:50 orders_arb INFO gRPC limit placed: buy 10 GAZP@MISX acc=1225950 @ 93.76 id=81214411759
10:00:50 robot_arb ERROR Main loop error: name 'symbol' is not defined
10:00:51 robot_arb INFO ⚠️ CHECK_ENTRY returned signal: {'action': 'entry', 'side': 'short_basis', 'z': 3.3755390689928753, 'basis': 8746.4, 'price_a': 93.76, 'price_b': 9684.0}
10:00:51 robot_arb INFO ENTRY SIGNAL short_basis | Z=3.38 basis=8746.40 | A=93.76 B=9684.00 | limit buy 10 @ 93.76 | market sell 1 @ 9679.16
10:00:51 orders_arb INFO gRPC sending: limit buy 10 GAZP@MISX acc=1225950 @ 93.76
10:00:51 orders_arb INFO gRPC limit placed: buy 10 GAZP@MISX acc=1225950 @ 93.76 id=81214415681
10:00:51 robot_arb ERROR Main loop error: name 'symbol' is not defined
10:00:52 robot_arb INFO ⚠️ CHECK_ENTRY returned signal: {'action': 'entry', 'side': 'short_basis', 'z': 3.2666647152096657, 'basis': 8746.4, 'price_a': 93.76, 'price_b': 9684.0}
10:00:52 robot_arb INFO ENTRY SIGNAL short_basis | Z=3.27 basis=8746.40 | A=93.76 B=9684.00 | limit buy 10 @ 93.76 | market sell 1 @ 9679.16
10:00:52 orders_arb INFO gRPC sending: limit buy 10 GAZP@MISX acc=1225950 @ 93.76
10:00:53 orders_arb INFO gRPC limit placed: buy 10 GAZP@MISX acc=1225950 @ 93.76 id=81214419157
10:00:53 robot_arb ERROR Main loop error: name 'symbol' is not defined
10:00:54 robot_arb INFO ⚠️ CHECK_ENTRY returned signal: {'action': 'entry', 'side': 'short_basis', 'z': 3.1694747518028445, 'basis': 8746.4, 'price_a': 93.76, 'price_b': 9684.0}
10:00:54 robot_arb INFO ENTRY SIGNAL short_basis | Z=3.17 basis=8746.40 | A=93.76 B=9684.00 | limit buy 10 @ 93.76 | market sell 1 @ 9679.16
10:00:54 orders_arb INFO gRPC sending: limit buy 10 GAZP@MISX acc=1225950 @ 93.76
10:00:54 orders_arb INFO gRPC limit placed: buy 10 GAZP@MISX acc=1225950 @ 93.76 id=81214422153
10:00:54 robot_arb ERROR Main loop error: name 'symbol' is not defined
10:00:55 robot_arb INFO ⚠️ CHECK_ENTRY returned signal: {'action': 'entry', 'side': 'short_basis', 'z': 3.079578856877501, 'basis': 8746.4, 'price_a': 93.76, 'price_b': 9684.0}
10:00:55 robot_arb INFO ENTRY SIGNAL short_basis | Z=3.08 basis=8746.40 | A=93.76 B=9684.00 | limit buy 10 @ 93.76 | market sell 1 @ 9679.16
10:00:55 orders_arb INFO gRPC sending: limit buy 10 GAZP@MISX acc=1225950 @ 93.76
10:00:55 orders_arb INFO gRPC limit placed: buy 10 GAZP@MISX acc=1225950 @ 93.76 id=81214424555
10:00:55 robot_arb ERROR Main loop error: name 'symbol' is not defined
10:01:21 robot_arb INFO ⚠️ CHECK_ENTRY returned signal: {'action': 'entry', 'side': 'short_basis', 'z': 3.909481419677773, 'basis': 8743.5, 'price_a': 93.65, 'price_b': 9680.0}
10:01:21 robot_arb INFO ENTRY SIGNAL short_basis | Z=3.91 basis=8743.50 | A=93.65 B=9680.00 | limit buy 10 @ 93.66 | market sell 1 @ 9675.16
10:01:21 orders_arb INFO gRPC sending: limit buy 10 GAZP@MISX acc=1225950 @ 93.66
10:01:21 orders_arb INFO gRPC limit placed: buy 10 GAZP@MISX acc=1225950 @ 93.66 id=81214485337
10:01:21 robot_arb ERROR Main loop error: name 'symbol' is not defined
10:01:22 robot_arb INFO ⚠️ CHECK_ENTRY returned signal: {'action': 'entry', 'side': 'short_basis', 'z': 3.7499529572566748, 'basis': 8743.5, 'price_a': 93.65, 'price_b': 9680.0}
10:01:22 robot_arb INFO ENTRY SIGNAL short_basis | Z=3.75 basis=8743.50 | A=93.65 B=9680.00 | limit buy 10 @ 93.66 | market sell 1 @ 9675.16
10:01:22 orders_arb INFO gRPC sending: limit buy 10 GAZP@MISX acc=1225950 @ 93.66
10:01:22 orders_arb INFO gRPC limit placed: buy 10 GAZP@MISX acc=1225950 @ 93.66 id=81214488240
10:01:22 robot_arb ERROR Main loop error: name 'symbol' is not defined
10:01:23 robot_arb INFO ⚠️ CHECK_ENTRY returned signal: {'action': 'entry', 'side': 'short_basis', 'z': 3.6070566810274878, 'basis': 8743.5, 'price_a': 93.65, 'price_b': 9680.0}
10:01:23 robot_arb INFO ENTRY SIGNAL short_basis | Z=3.61 basis=8743.50 | A=93.65 B=9680.00 | limit buy 10 @ 93.66 | market sell 1 @ 9675.16
10:01:23 orders_arb INFO gRPC sending: limit buy 10 GAZP@MISX acc=1225950 @ 93.66
10:01:24 orders_arb INFO gRPC limit placed: buy 10 GAZP@MISX acc=1225950 @ 93.66 id=81214493102
10:01:24 robot_arb ERROR Main loop error: name 'symbol' is not defined
10:01:25 robot_arb INFO ⚠️ CHECK_ENTRY returned signal: {'action': 'entry', 'side': 'short_basis', 'z': 3.478042163034253, 'basis': 8743.5, 'price_a': 93.65, 'price_b': 9680.0}
10:01:25 robot_arb INFO ENTRY SIGNAL short_basis | Z=3.48 basis=8743.50 | A=93.65 B=9680.00 | limit buy 10 @ 93.66 | market sell 1 @ 9675.16
10:01:25 orders_arb INFO gRPC sending: limit buy 10 GAZP@MISX acc=1225950 @ 93.66
10:01:25 orders_arb INFO gRPC limit placed: buy 10 GAZP@MISX acc=1225950 @ 93.66 id=81214495425
10:01:25 robot_arb ERROR Main loop error: name 'symbol' is not defined
10:01:31 robot_arb INFO ⚠️ CHECK_ENTRY returned signal: {'action': 'entry', 'side': 'short_basis', 'z': 3.2631447444541175, 'basis': 8741.5, 'price_a': 93.65, 'price_b': 9678.0}
10:01:31 robot_arb INFO ENTRY SIGNAL short_basis | Z=3.26 basis=8741.50 | A=93.65 B=9678.00 | limit buy 10 @ 93.66 | market sell 1 @ 9673.16
10:01:31 orders_arb INFO gRPC sending: limit buy 10 GAZP@MISX acc=1225950 @ 93.66
10:01:31 orders_arb INFO gRPC limit placed: buy 10 GAZP@MISX acc=1225950 @ 93.66 id=81214509762
10:01:31 robot_arb ERROR Main loop error: name 'symbol' is not defined
10:01:32 robot_arb INFO ⚠️ CHECK_ENTRY returned signal: {'action': 'entry', 'side': 'short_basis', 'z': 3.1636113630284703, 'basis': 8741.5, 'price_a': 93.65, 'price_b': 9678.0}
10:01:32 robot_arb INFO ENTRY SIGNAL short_basis | Z=3.16 basis=8741.50 | A=93.65 B=9678.00 | limit buy 10 @ 93.66 | market sell 1 @ 9673.16
10:01:32 orders_arb INFO gRPC sending: limit buy 10 GAZP@MISX acc=1225950 @ 93.66
10:01:32 orders_arb INFO gRPC limit placed: buy 10 GAZP@MISX acc=1225950 @ 93.66 id=81214512117
10:01:32 robot_arb ERROR Main loop error: name 'symbol' is not defined
10:01:33 robot_arb INFO ⚠️ CHECK_ENTRY returned signal: {'action': 'entry', 'side': 'short_basis', 'z': 2.981358035493411, 'basis': 8741.4, 'price_a': 93.66, 'price_b': 9678.0}
10:01:33 robot_arb INFO ENTRY SIGNAL short_basis | Z=2.98 basis=8741.40 | A=93.66 B=9678.00 | limit buy 10 @ 93.66 | market sell 1 @ 9673.16
10:01:33 orders_arb INFO gRPC sending: limit buy 10 GAZP@MISX acc=1225950 @ 93.66
10:01:33 orders_arb INFO gRPC limit placed: buy 10 GAZP@MISX acc=1225950 @ 93.66 id=81214513779
10:01:33 robot_arb ERROR Main loop error: name 'symbol' is not defined
10:01:34 robot_arb INFO ⚠️ CHECK_ENTRY returned signal: {'action': 'entry', 'side': 'short_basis', 'z': 2.902385053352013, 'basis': 8741.4, 'price_a': 93.66, 'price_b': 9678.0}
10:01:34 robot_arb INFO ENTRY SIGNAL short_basis | Z=2.90 basis=8741.40 | A=93.66 B=9678.00 | limit buy 10 @ 93.66 | market sell 1 @ 9673.16
10:01:34 orders_arb INFO gRPC sending: limit buy 10 GAZP@MISX acc=1225950 @ 93.66
10:01:35 orders_arb INFO gRPC limit placed: buy 10 GAZP@MISX acc=1225950 @ 93.66 id=81214515763
10:01:35 robot_arb ERROR Main loop error: name 'symbol' is not defined
10:01:36 robot_arb INFO ⚠️ CHECK_ENTRY returned signal: {'action': 'entry', 'side': 'short_basis', 'z': 2.8292579591655467, 'basis': 8741.4, 'price_a': 93.66, 'price_b': 9678.0}
10:01:36 robot_arb INFO ENTRY SIGNAL short_basis | Z=2.83 basis=8741.40 | A=93.66 B=9678.00 | limit buy 10 @ 93.66 | market sell 1 @ 9673.16
10:01:36 orders_arb INFO gRPC sending: limit buy 10 GAZP@MISX acc=1225950 @ 93.66
10:01:36 orders_arb INFO gRPC limit placed: buy 10 GAZP@MISX acc=1225950 @ 93.66 id=81214517746
10:01:36 robot_arb ERROR Main loop error: name 'symbol' is not defined
10:08:17 robot_arb INFO ⚠️ CHECK_ENTRY returned signal: {'action': 'entry', 'side': 'short_basis', 'z': 2.9579629635957927, 'basis': 8718.9, 'price_a': 93.71, 'price_b': 9656.0}
10:08:17 robot_arb INFO ENTRY SIGNAL short_basis | Z=2.96 basis=8718.90 | A=93.71 B=9656.00 | limit buy 10 @ 93.71 | market sell 1 @ 9651.17
10:08:17 orders_arb INFO gRPC sending: limit buy 10 GAZP@MISX acc=1225950 @ 93.71
10:08:17 orders_arb ERROR gRPC order error (GAZP@RTSX buy 10@93.71): code=StatusCode.INTERNAL details=Jwt token check failed: UNAUTHENTICATED: Token is expired
10:08:17 orders_arb WARNING gRPC limit failed, falling back to DP server
10:08:17 orders_arb ERROR Limit order error (GAZP@RTSX buy 10@93.71): no response
10:08:17 robot_arb WARNING Entry failed: leg_a_place_failed
10:08:55 robot_arb INFO Signal 15 — shutting down...
10:18:47 robot_arb INFO === Arbitrage Robot v1 ===
10:18:47 robot_arb INFO Pair: GAZP / GZU6
10:18:47 robot_arb INFO Account: 1225953 | Port: 5090 | Paper: False
10:18:47 robot_arb INFO Params: entry_z=2.5 lookback=200 lots_a=10 lots_b=1 hedge_ratio=10
10:18:47 robot_arb INFO Min profit: rub=3.3
10:18:47 robot_arb INFO Risk: stop_loss_rub=500000
10:18:47 robot_arb INFO State loaded: pnl=-11892 trades=216 mode=stopped
10:18:47 robot_arb INFO FinamPy connected. Accounts: ['1225950', '1225951', '1225952', '1225953']
10:18:47 robot_arb INFO Orders manager linked to FinamPy gRPC
10:18:47 robot_arb INFO Subscribed OrderBook: GAZP@RTSX, GZU6@RTSX
10:18:47 robot_arb INFO Subscribed Quotes: GAZP@RTSX, GZU6@RTSX
10:18:47 robot_arb INFO Warmup: waiting 10 sec for data streams...
10:18:57 robot_arb INFO Warmup done. OB_A: False OB_B: False
10:18:57 robot_arb INFO MOEX ISS poller started (fallback for stock prices)
10:18:57 robot_arb INFO Main loop started
10:18:58 robot_arb INFO API listening on :5090
10:18:58 robot_arb INFO Endpoints: GET /status /health /params | POST /start /stop /pause /params
10:19:27 robot_arb INFO Mode → RUNNING
10:19:29 robot_arb INFO Z=2.49 (threshold=2.5) — no signal (dup_check=False)
10:19:41 robot_arb INFO Z=3.36 (threshold=2.5) — no signal (dup_check=False)
10:19:42 robot_arb INFO Z=2.95 (threshold=2.5) — no signal (dup_check=False)
10:19:42 robot_arb INFO Z=2.95 (threshold=2.5) — no signal (dup_check=False)
10:19:43 robot_arb INFO Z=2.67 (threshold=2.5) — no signal (dup_check=False)
10:19:43 robot_arb INFO Z=2.67 (threshold=2.5) — no signal (dup_check=False)
10:19:44 robot_arb INFO Z=2.45 (threshold=2.5) — no signal (dup_check=False)
10:21:03 robot_arb INFO Z=2.76 (threshold=2.5) — no signal (dup_check=False)
10:21:03 robot_arb INFO Z=2.76 (threshold=2.5) — no signal (dup_check=False)
10:21:04 robot_arb INFO Z=2.67 (threshold=2.5) — no signal (dup_check=False)
10:21:04 robot_arb INFO Z=2.67 (threshold=2.5) — no signal (dup_check=False)
10:21:05 robot_arb INFO Z=2.58 (threshold=2.5) — no signal (dup_check=False)
10:21:05 robot_arb INFO Z=2.58 (threshold=2.5) — no signal (dup_check=False)
10:21:06 robot_arb INFO Z=2.51 (threshold=2.5) — no signal (dup_check=False)
10:21:45 robot_arb INFO Z=2.38 (threshold=2.5) — no signal (dup_check=False)
10:21:46 robot_arb INFO Z=2.34 (threshold=2.5) — no signal (dup_check=False)
10:21:46 robot_arb INFO Z=2.34 (threshold=2.5) — no signal (dup_check=False)
10:22:13 robot_arb INFO Z=3.71 (threshold=2.5) — no signal (dup_check=False)
10:22:13 robot_arb INFO Z=3.71 (threshold=2.5) — no signal (dup_check=False)
10:35:36 robot_arb INFO === Arbitrage Robot v1 ===
10:35:36 robot_arb INFO Pair: GAZP / GZU6
10:35:36 robot_arb INFO Account: 1225953 | Port: 5090 | Paper: False
10:35:36 robot_arb INFO Params: entry_z=2.5 lookback=200 lots_a=10 lots_b=1 hedge_ratio=10
10:35:36 robot_arb INFO Min profit: rub=3.3
10:35:36 robot_arb INFO Risk: stop_loss_rub=500000
10:35:36 robot_arb INFO State loaded: pnl=-11892 trades=216 mode=running
10:36:06 robot_arb INFO === Arbitrage Robot v1 ===
10:36:06 robot_arb INFO Pair: GAZP / GZU6
10:36:06 robot_arb INFO Account: 1225953 | Port: 5090 | Paper: False
10:36:06 robot_arb INFO Params: entry_z=2.5 lookback=200 lots_a=10 lots_b=1 hedge_ratio=10
10:36:06 robot_arb INFO Min profit: rub=3.3
10:36:06 robot_arb INFO Risk: stop_loss_rub=500000
10:36:06 robot_arb INFO State loaded: pnl=-11892 trades=216 mode=running
10:37:01 robot_arb INFO === Arbitrage Robot v1 ===
10:37:01 robot_arb INFO Pair: GAZP / GZU6
10:37:01 robot_arb INFO Account: 1225953 | Port: 5090 | Paper: False
10:37:01 robot_arb INFO Params: entry_z=2.5 lookback=200 lots_a=10 lots_b=1 hedge_ratio=10
10:37:01 robot_arb INFO Min profit: rub=3.3
10:37:01 robot_arb INFO Risk: stop_loss_rub=500000
10:37:01 robot_arb INFO State loaded: pnl=-11892 trades=216 mode=running
10:37:01 robot_arb INFO FinamPy connected. Accounts: ['1225950', '1225951', '1225952', '1225953']
10:37:01 robot_arb INFO Orders manager linked to FinamPy gRPC
10:37:01 robot_arb INFO Subscribed OrderBook: GAZP@RTSX, GZU6@RTSX
10:37:01 robot_arb INFO Subscribed Quotes: GAZP@RTSX, GZU6@RTSX
10:37:01 robot_arb INFO Warmup: waiting 10 sec for data streams...
10:37:11 robot_arb INFO Warmup done. OB_A: False OB_B: False
10:37:11 robot_arb INFO MOEX ISS poller started (fallback for stock prices)
10:37:11 robot_arb INFO Main loop started
10:37:13 robot_arb INFO API listening on :5090
10:37:13 robot_arb INFO Endpoints: GET /status /health /params | POST /start /stop /pause /params
10:37:23 robot_arb INFO Z=3.10 (threshold=2.5) — no signal (dup_check=False)
10:37:48 robot_arb INFO Z=2.91 (threshold=2.5) — no signal (dup_check=False)
10:37:48 robot_arb INFO Z=2.59 (threshold=2.5) — no signal (dup_check=False)
10:37:49 robot_arb INFO Z=2.59 (threshold=2.5) — no signal (dup_check=False)
10:37:49 robot_arb INFO Z=2.36 (threshold=2.5) — no signal (dup_check=False)
10:37:50 robot_arb INFO Z=2.36 (threshold=2.5) — no signal (dup_check=False)
10:42:08 robot_arb INFO ⚠️ CHECK_ENTRY returned signal: {'action': 'entry', 'side': 'short_basis', 'z': 4.483160863350045, 'basis': 8652.7, 'price_a': 92.93, 'price_b': 9582.0}
10:42:08 robot_arb INFO ENTRY SIGNAL short_basis | Z=4.48 basis=8652.70 | A=92.93 B=9582.00 | limit buy 10 @ 92.94 | market sell 1 @ 9577.21
10:42:08 orders_arb INFO gRPC sending: limit buy 10 GAZP@MISX acc=1225950 @ 92.94
10:42:09 orders_arb INFO gRPC limit placed: buy 10 GAZP@MISX acc=1225950 @ 92.94 id=81219388303
10:42:09 orders_arb INFO Leg A filled 10@0.00 → executing leg B market 1
10:42:09 orders_arb INFO gRPC sending: market sell 1 GZU6@RTSX acc=1225953 @ MKT
10:42:09 orders_arb INFO gRPC market placed: sell 1 GZU6@RTSX acc=1225953 @ MKT id=1896048076285845764
10:42:09 orders_arb INFO Leg B market fill: 1 GZU6@RTSX @ 8914.00 (poll #1)
10:42:09 orders_arb INFO Leg B fill price: 8914.00
10:42:09 strategy_arb INFO LAYER #1 OPEN SHORT | A=0.00 ×10 | B=8914.00 ×1 | basis=8914.00 Z=4.48 | layers=1
10:42:09 robot_arb INFO LAYER OPEN SHORT_BASIS #1 | A=0.00 ×10 | B=8914.00 ×1 | basis=8652.70 Z=4.48 | layers=1 used_capital=1,931
10:42:09 robot_arb INFO EXIT layer #1 reason=profit_target | limit sell 10 @ 92.94 | market buy 1 @ 9586.79
10:42:09 orders_arb INFO gRPC sending: limit sell 10 GAZP@MISX acc=1225950 @ 92.94
10:42:10 orders_arb INFO gRPC limit placed: sell 10 GAZP@MISX acc=1225950 @ 92.94 id=81219392234
10:42:15 robot_arb ERROR Exit failed layer #1: leg_a_timeout — retrying next tick
10:42:16 robot_arb INFO EXIT layer #1 reason=profit_target | limit sell 10 @ 93.06 | market buy 1 @ 9574.78
10:42:16 orders_arb INFO gRPC sending: limit sell 10 GAZP@MISX acc=1225950 @ 93.06
10:42:16 orders_arb INFO gRPC limit placed: sell 10 GAZP@MISX acc=1225950 @ 93.06 id=81219415047
10:42:21 robot_arb ERROR Exit failed layer #1: leg_a_timeout — retrying next tick
10:42:22 robot_arb INFO ⚠️ CHECK_ENTRY returned signal: {'action': 'entry', 'side': 'short_basis', 'z': 2.5117236632178757, 'basis': 8648.6, 'price_a': 92.94, 'price_b': 9578.0}
10:42:22 robot_arb INFO ENTRY SIGNAL short_basis | Z=2.51 basis=8648.60 | A=92.94 B=9578.00 | limit buy 10 @ 92.94 | market sell 1 @ 9573.21
10:42:22 orders_arb INFO gRPC sending: limit buy 10 GAZP@MISX acc=1225950 @ 92.94
10:42:22 orders_arb INFO gRPC limit placed: buy 10 GAZP@MISX acc=1225950 @ 92.94 id=81219430800
10:42:22 orders_arb INFO Leg A filled 10@0.00 → executing leg B market 1
10:42:22 orders_arb INFO gRPC sending: market sell 1 GZU6@RTSX acc=1225953 @ MKT
10:42:22 orders_arb INFO gRPC market placed: sell 1 GZU6@RTSX acc=1225953 @ MKT id=1896048076285847738
10:42:23 orders_arb INFO Leg B market fill: 1 GZU6@RTSX @ 8914.00 (poll #1)
10:42:23 orders_arb INFO Leg B fill price: 8914.00
10:42:23 strategy_arb INFO LAYER #2 OPEN SHORT | A=0.00 ×10 | B=8914.00 ×1 | basis=8914.00 Z=2.51 | layers=2
10:42:23 robot_arb INFO LAYER OPEN SHORT_BASIS #2 | A=0.00 ×10 | B=8914.00 ×1 | basis=8648.60 Z=2.51 | layers=2 used_capital=3,862
10:42:23 robot_arb INFO EXIT layer #1 reason=profit_target | limit sell 10 @ 92.94 | market buy 1 @ 9582.79
10:42:23 orders_arb INFO gRPC sending: limit sell 10 GAZP@MISX acc=1225950 @ 92.94
10:42:23 orders_arb INFO gRPC limit placed: sell 10 GAZP@MISX acc=1225950 @ 92.94 id=81219433049
10:42:28 robot_arb ERROR Exit failed layer #1: leg_a_timeout — retrying next tick
10:42:29 robot_arb INFO EXIT layer #1 reason=profit_target | limit sell 10 @ 92.95 | market buy 1 @ 9572.78
10:42:29 orders_arb INFO gRPC sending: limit sell 10 GAZP@MISX acc=1225950 @ 92.95
10:42:29 orders_arb INFO gRPC limit placed: sell 10 GAZP@MISX acc=1225950 @ 92.95 id=81219452853
10:42:35 robot_arb ERROR Exit failed layer #1: leg_a_timeout — retrying next tick
10:42:35 robot_arb INFO EXIT layer #1 reason=profit_target | limit sell 10 @ 93.05 | market buy 1 @ 9581.79
10:42:35 orders_arb INFO gRPC sending: limit sell 10 GAZP@MISX acc=1225950 @ 93.05
10:42:35 orders_arb INFO gRPC limit placed: sell 10 GAZP@MISX acc=1225950 @ 93.05 id=81219464821
10:42:41 robot_arb ERROR Exit failed layer #1: leg_a_timeout — retrying next tick
10:42:41 robot_arb INFO EXIT layer #1 reason=profit_target | limit sell 10 @ 93.02 | market buy 1 @ 9588.79
10:42:41 orders_arb INFO gRPC sending: limit sell 10 GAZP@MISX acc=1225950 @ 93.02
10:42:41 orders_arb INFO gRPC limit placed: sell 10 GAZP@MISX acc=1225950 @ 93.02 id=81219482641
10:42:47 robot_arb ERROR Exit failed layer #1: leg_a_timeout — retrying next tick
10:42:47 robot_arb INFO EXIT layer #1 reason=profit_target | limit sell 10 @ 93.08 | market buy 1 @ 9578.79
10:42:47 orders_arb INFO gRPC sending: limit sell 10 GAZP@MISX acc=1225950 @ 93.08
10:42:48 orders_arb INFO gRPC limit placed: sell 10 GAZP@MISX acc=1225950 @ 93.08 id=81219497667
10:42:53 robot_arb ERROR Exit failed layer #1: leg_a_timeout — retrying next tick
10:42:54 robot_arb INFO EXIT layer #1 reason=profit_target | limit sell 10 @ 93.08 | market buy 1 @ 9588.79
10:42:54 orders_arb INFO gRPC sending: limit sell 10 GAZP@MISX acc=1225950 @ 93.08
10:42:54 orders_arb INFO gRPC limit placed: sell 10 GAZP@MISX acc=1225950 @ 93.08 id=81219507620
10:42:59 robot_arb ERROR Exit failed layer #1: leg_a_timeout — retrying next tick
10:43:00 robot_arb INFO EXIT layer #1 reason=profit_target | limit sell 10 @ 93.08 | market buy 1 @ 9575.79
10:43:00 orders_arb INFO gRPC sending: limit sell 10 GAZP@MISX acc=1225950 @ 93.08
10:43:00 orders_arb INFO gRPC limit placed: sell 10 GAZP@MISX acc=1225950 @ 93.08 id=81219520237
10:43:05 robot_arb ERROR Exit failed layer #1: leg_a_timeout — retrying next tick
10:43:06 robot_arb INFO EXIT layer #1 reason=profit_target | limit sell 10 @ 93.05 | market buy 1 @ 9574.78
10:43:06 orders_arb INFO gRPC sending: limit sell 10 GAZP@MISX acc=1225950 @ 93.05
10:43:06 orders_arb INFO gRPC limit placed: sell 10 GAZP@MISX acc=1225950 @ 93.05 id=81219531563
10:43:11 robot_arb ERROR Exit failed layer #1: leg_a_timeout — retrying next tick
10:43:12 robot_arb INFO EXIT layer #1 reason=profit_target | limit sell 10 @ 92.95 | market buy 1 @ 9581.79
10:43:12 orders_arb INFO gRPC sending: limit sell 10 GAZP@MISX acc=1225950 @ 92.95
10:43:12 orders_arb INFO gRPC limit placed: sell 10 GAZP@MISX acc=1225950 @ 92.95 id=81219544861
10:43:18 robot_arb ERROR Exit failed layer #1: leg_a_timeout — retrying next tick
10:43:18 robot_arb INFO EXIT layer #1 reason=profit_target | limit sell 10 @ 93.01 | market buy 1 @ 9575.79
10:43:18 orders_arb INFO gRPC sending: limit sell 10 GAZP@MISX acc=1225950 @ 93.01
10:43:18 orders_arb INFO gRPC limit placed: sell 10 GAZP@MISX acc=1225950 @ 93.01 id=81219557893
10:43:24 robot_arb ERROR Exit failed layer #1: leg_a_timeout — retrying next tick
10:43:24 robot_arb INFO EXIT layer #1 reason=profit_target | limit sell 10 @ 92.99 | market buy 1 @ 9584.79
10:43:24 orders_arb INFO gRPC sending: limit sell 10 GAZP@MISX acc=1225950 @ 92.99
10:43:24 orders_arb INFO gRPC limit placed: sell 10 GAZP@MISX acc=1225950 @ 92.99 id=81219569638
10:43:30 robot_arb ERROR Exit failed layer #1: leg_a_timeout — retrying next tick
10:43:30 robot_arb INFO EXIT layer #1 reason=profit_target | limit sell 10 @ 92.98 | market buy 1 @ 9581.79
10:43:30 orders_arb INFO gRPC sending: limit sell 10 GAZP@MISX acc=1225950 @ 92.98
10:43:31 orders_arb INFO gRPC limit placed: sell 10 GAZP@MISX acc=1225950 @ 92.98 id=81219581125
10:43:36 robot_arb ERROR Exit failed layer #1: leg_a_timeout — retrying next tick
10:43:36 robot_arb INFO EXIT layer #1 reason=profit_target | limit sell 10 @ 93.02 | market buy 1 @ 9572.78
10:43:36 orders_arb INFO gRPC sending: limit sell 10 GAZP@MISX acc=1225950 @ 93.02
10:43:37 orders_arb INFO gRPC limit placed: sell 10 GAZP@MISX acc=1225950 @ 93.02 id=81219594517
10:43:42 robot_arb ERROR Exit failed layer #1: leg_a_timeout — retrying next tick
10:43:43 robot_arb INFO EXIT layer #1 reason=profit_target | limit sell 10 @ 93.06 | market buy 1 @ 9572.78
10:43:43 orders_arb INFO gRPC sending: limit sell 10 GAZP@MISX acc=1225950 @ 93.06
10:43:43 orders_arb INFO gRPC limit placed: sell 10 GAZP@MISX acc=1225950 @ 93.06 id=81219608580
10:43:48 robot_arb ERROR Exit failed layer #1: leg_a_timeout — retrying next tick
10:43:49 robot_arb INFO ⚠️ CHECK_ENTRY returned signal: {'action': 'entry', 'side': 'short_basis', 'z': 3.433387109510037, 'basis': 8654.5, 'price_a': 92.95, 'price_b': 9584.0}
10:43:49 robot_arb INFO ENTRY SIGNAL short_basis | Z=3.43 basis=8654.50 | A=92.95 B=9584.00 | limit buy 10 @ 92.96 | market sell 1 @ 9579.21
10:43:49 orders_arb INFO gRPC sending: limit buy 10 GAZP@MISX acc=1225950 @ 92.96
10:43:49 orders_arb INFO gRPC limit placed: buy 10 GAZP@MISX acc=1225950 @ 92.96 id=81219620689
10:43:49 orders_arb INFO Leg A filled 10@0.00 → executing leg B market 1
10:43:49 orders_arb INFO gRPC sending: market sell 1 GZU6@RTSX acc=1225953 @ MKT
10:43:50 orders_arb INFO gRPC market placed: sell 1 GZU6@RTSX acc=1225953 @ MKT id=1896048076285857515
10:43:50 orders_arb INFO Leg B market fill: 1 GZU6@RTSX @ 8914.00 (poll #1)
10:43:50 orders_arb INFO Leg B fill price: 8914.00
10:43:50 strategy_arb INFO LAYER #3 OPEN SHORT | A=0.00 ×10 | B=8914.00 ×1 | basis=8914.00 Z=3.43 | layers=3
10:43:50 robot_arb INFO LAYER OPEN SHORT_BASIS #3 | A=0.00 ×10 | B=8914.00 ×1 | basis=8654.50 Z=3.43 | layers=3 used_capital=5,793
10:43:50 robot_arb INFO EXIT layer #1 reason=profit_target | limit sell 10 @ 92.96 | market buy 1 @ 9588.79
10:43:50 orders_arb INFO gRPC sending: limit sell 10 GAZP@MISX acc=1225950 @ 92.96
10:43:50 orders_arb INFO gRPC limit placed: sell 10 GAZP@MISX acc=1225950 @ 92.96 id=81219622724
10:43:55 robot_arb ERROR Exit failed layer #1: leg_a_timeout — retrying next tick
10:43:56 robot_arb INFO EXIT layer #1 reason=profit_target | limit sell 10 @ 92.98 | market buy 1 @ 9578.79
10:43:56 orders_arb INFO gRPC sending: limit sell 10 GAZP@MISX acc=1225950 @ 92.98
10:43:56 orders_arb INFO gRPC limit placed: sell 10 GAZP@MISX acc=1225950 @ 92.98 id=81219633383
10:44:02 robot_arb ERROR Exit failed layer #1: leg_a_timeout — retrying next tick
10:44:02 robot_arb INFO EXIT layer #1 reason=profit_target | limit sell 10 @ 93.01 | market buy 1 @ 9588.79
10:44:02 orders_arb INFO gRPC sending: limit sell 10 GAZP@MISX acc=1225950 @ 93.01
10:44:02 orders_arb INFO gRPC limit placed: sell 10 GAZP@MISX acc=1225950 @ 93.01 id=81219642653
10:44:07 robot_arb INFO EXIT ALL 3 layers — reason=manual_stop
10:44:07 robot_arb INFO EXIT layer #1 reason=manual_stop | limit sell 10 @ 93.01 | market buy 1 @ 9578.79
10:44:07 orders_arb INFO gRPC sending: limit sell 10 GAZP@MISX acc=1225950 @ 93.01
10:44:08 orders_arb INFO gRPC limit placed: sell 10 GAZP@MISX acc=1225950 @ 93.01 id=81219652094
10:44:08 robot_arb ERROR Exit failed layer #1: leg_a_timeout — retrying next tick
10:44:13 robot_arb ERROR Exit failed layer #1: leg_a_timeout — retrying next tick
10:44:13 robot_arb INFO EXIT layer #2 reason=manual_stop | limit sell 10 @ 93.08 | market buy 1 @ 9578.79
10:44:13 orders_arb INFO gRPC sending: limit sell 10 GAZP@MISX acc=1225950 @ 93.08
10:44:13 orders_arb INFO gRPC limit placed: sell 10 GAZP@MISX acc=1225950 @ 93.08 id=81219664033
10:44:19 robot_arb ERROR Exit failed layer #2: leg_a_timeout — retrying next tick
10:44:19 robot_arb INFO EXIT layer #3 reason=manual_stop | limit sell 10 @ 92.96 | market buy 1 @ 9577.79
10:44:19 orders_arb INFO gRPC sending: limit sell 10 GAZP@MISX acc=1225950 @ 92.96
10:44:19 orders_arb INFO gRPC limit placed: sell 10 GAZP@MISX acc=1225950 @ 92.96 id=81219672398
10:44:24 robot_arb ERROR Exit failed layer #3: leg_a_timeout — retrying next tick
10:44:24 robot_arb INFO Mode → STOPPED
10:49:49 robot_arb INFO === Arbitrage Robot v1 ===
10:49:49 robot_arb INFO Pair: GAZP / GZU6
10:49:49 robot_arb INFO Account: 1225953 | Port: 5090 | Paper: False
10:49:49 robot_arb INFO Params: entry_z=2.5 lookback=200 lots_a=10 lots_b=1 hedge_ratio=10
10:49:49 robot_arb INFO Min profit: rub=3.3
10:49:49 robot_arb INFO Risk: stop_loss_rub=500000
10:49:49 robot_arb INFO State loaded: pnl=-11892 trades=216 mode=stopped
10:49:50 robot_arb INFO FinamPy connected. Accounts: ['1225950', '1225951', '1225952', '1225953']
10:49:50 robot_arb INFO Orders manager linked to FinamPy gRPC
10:49:50 robot_arb INFO Subscribed OrderBook: GAZP@RTSX, GZU6@RTSX
10:49:50 robot_arb INFO Subscribed Quotes: GAZP@RTSX, GZU6@RTSX
10:49:50 robot_arb INFO Warmup: waiting 10 sec for data streams...
10:50:00 robot_arb INFO Warmup done. OB_A: False OB_B: False
10:50:00 robot_arb INFO MOEX ISS poller started (fallback for stock prices)
10:50:00 robot_arb INFO Main loop started
10:50:01 robot_arb INFO API listening on :5090
10:50:01 robot_arb INFO Endpoints: GET /status /health /params | POST /start /stop /pause /params
10:50:29 robot_arb INFO Mode → RUNNING
10:54:47 robot_arb INFO ⚠️ CHECK_ENTRY returned signal: {'action': 'entry', 'side': 'short_basis', 'z': 4.37954436967007, 'basis': 8628.2, 'price_a': 92.48, 'price_b': 9553.0}
10:54:47 robot_arb INFO ENTRY SIGNAL short_basis | Z=4.38 basis=8628.20 | A=92.48 B=9553.00 | limit buy 10 @ 92.49 | market sell 1 @ 9548.22
10:54:47 orders_arb INFO gRPC sending: limit buy 10 GAZP@MISX acc=1225950 @ 92.49
10:54:47 orders_arb INFO gRPC limit placed: buy 10 GAZP@MISX acc=1225950 @ 92.49 id=81220695827
10:54:52 robot_arb ERROR Main loop error: name 'symbol' is not defined
10:54:55 robot_arb INFO ⚠️ CHECK_ENTRY returned signal: {'action': 'entry', 'side': 'short_basis', 'z': 4.397252575442386, 'basis': 8626.6, 'price_a': 92.44, 'price_b': 9551.0}
10:54:55 robot_arb INFO ENTRY SIGNAL short_basis | Z=4.40 basis=8626.60 | A=92.44 B=9551.00 | limit buy 10 @ 92.44 | market sell 1 @ 9546.22
10:54:55 orders_arb INFO gRPC sending: limit buy 10 GAZP@MISX acc=1225950 @ 92.44
10:54:55 orders_arb INFO gRPC limit placed: buy 10 GAZP@MISX acc=1225950 @ 92.44 id=81220704841
10:55:01 robot_arb ERROR Main loop error: name 'symbol' is not defined
10:55:23 robot_arb ERROR GET error: [Errno 32] Broken pipe
Traceback (most recent call last):
  File "/root/.openclaw/workspace/HedgeFund/robot/main_arb.py", line 701, in do_GET
    self._json(200, status)
  File "/root/.openclaw/workspace/HedgeFund/robot/main_arb.py", line 676, in _json
    self.wfile.write(body)
  File "/usr/lib/python3.12/socketserver.py", line 840, in write
    self._sock.sendall(b)
BrokenPipeError: [Errno 32] Broken pipe
10:55:23 robot_arb ERROR GET error: [Errno 32] Broken pipe
Traceback (most recent call last):
  File "/root/.openclaw/workspace/HedgeFund/robot/main_arb.py", line 701, in do_GET
    self._json(200, status)
  File "/root/.openclaw/workspace/HedgeFund/robot/main_arb.py", line 676, in _json
    self.wfile.write(body)
  File "/usr/lib/python3.12/socketserver.py", line 840, in write
    self._sock.sendall(b)
BrokenPipeError: [Errno 32] Broken pipe
10:57:06 robot_arb INFO ⚠️ CHECK_ENTRY returned signal: {'action': 'entry', 'side': 'short_basis', 'z': 2.8992383903961083, 'basis': 8626.6, 'price_a': 92.44, 'price_b': 9551.0}
10:57:06 robot_arb INFO ENTRY SIGNAL short_basis | Z=2.90 basis=8626.60 | A=92.44 B=9551.00 | limit buy 10 @ 92.44 | market sell 1 @ 9546.22
10:57:06 orders_arb INFO gRPC sending: limit buy 10 GAZP@MISX acc=1225950 @ 92.44
10:57:06 orders_arb INFO gRPC limit placed: buy 10 GAZP@MISX acc=1225950 @ 92.44 id=81221008794
10:57:11 robot_arb ERROR Main loop error: name 'symbol' is not defined
11:01:33 robot_arb INFO ⚠️ CHECK_ENTRY returned signal: {'action': 'entry', 'side': 'short_basis', 'z': 2.9407919313054594, 'basis': 8639.8, 'price_a': 92.72, 'price_b': 9567.0}
11:01:33 robot_arb INFO ENTRY SIGNAL short_basis | Z=2.94 basis=8639.80 | A=92.72 B=9567.00 | limit buy 10 @ 92.75 | market sell 1 @ 9562.22
11:01:33 orders_arb INFO gRPC sending: limit buy 10 GAZP@MISX acc=1225950 @ 92.75
11:01:33 orders_arb INFO gRPC limit placed: buy 10 GAZP@MISX acc=1225950 @ 92.75 id=81221902327
11:01:38 robot_arb ERROR Main loop error: name 'symbol' is not defined
11:06:24 robot_arb INFO === Arbitrage Robot v1 ===
11:06:24 robot_arb INFO Pair: GAZP / GZU6
11:06:24 robot_arb INFO Account: 1225953 | Port: 5090 | Paper: False
11:06:24 robot_arb INFO Params: entry_z=2.5 lookback=200 lots_a=10 lots_b=1 hedge_ratio=10
11:06:24 robot_arb INFO Min profit: rub=3.3
11:06:24 robot_arb INFO Risk: stop_loss_rub=500000
11:06:24 robot_arb INFO State loaded: pnl=-11892 trades=216 mode=running
11:06:25 robot_arb INFO FinamPy connected. Accounts: ['1225950', '1225951', '1225952', '1225953']
11:06:25 robot_arb INFO Orders manager linked to FinamPy gRPC
11:06:25 robot_arb INFO Subscribed OrderBook: GAZP@RTSX, GZU6@RTSX
11:06:25 robot_arb INFO Subscribed Quotes: GAZP@RTSX, GZU6@RTSX
11:06:25 robot_arb INFO Warmup: waiting 10 sec for data streams...
11:06:35 robot_arb INFO Warmup done. OB_A: False OB_B: False
11:06:35 robot_arb INFO MOEX ISS poller started (fallback for stock prices)
11:06:35 robot_arb INFO Main loop started
11:06:35 robot_arb INFO API listening on :5090
11:06:35 robot_arb INFO Endpoints: GET /status /health /params | POST /start /stop /pause /params
11:07:59 robot_arb INFO Z=2.72 (threshold=2.5) — no signal (dup_check=False)
11:08:00 robot_arb INFO Z=2.60 (threshold=2.5) — no signal (dup_check=False)
11:08:00 robot_arb INFO Z=2.60 (threshold=2.5) — no signal (dup_check=False)
11:08:01 robot_arb INFO Z=2.49 (threshold=2.5) — no signal (dup_check=False)
11:08:01 robot_arb INFO Z=2.49 (threshold=2.5) — no signal (dup_check=False)
11:08:02 robot_arb INFO Z=2.39 (threshold=2.5) — no signal (dup_check=False)
11:08:02 robot_arb INFO Z=2.39 (threshold=2.5) — no signal (dup_check=False)
11:08:03 robot_arb INFO Z=2.30 (threshold=2.5) — no signal (dup_check=False)
11:08:03 robot_arb INFO Z=2.30 (threshold=2.5) — no signal (dup_check=False)
11:08:11 robot_arb INFO Z=3.35 (threshold=2.5) — no signal (dup_check=False)
11:08:12 robot_arb INFO Z=3.16 (threshold=2.5) — no signal (dup_check=False)
11:08:12 robot_arb INFO Z=3.16 (threshold=2.5) — no signal (dup_check=False)
11:12:19 robot_arb INFO ⚠️ CHECK_ENTRY returned signal: {'action': 'entry', 'side': 'short_basis', 'z': 4.187901291163201, 'basis': 8670.1, 'price_a': 92.89, 'price_b': 9599.0}
11:12:19 robot_arb INFO ENTRY SIGNAL short_basis | Z=4.19 basis=8670.10 | A=92.89 B=9599.00 | limit buy 10 @ 92.88 | market sell 1 @ 9594.20
11:12:19 orders_arb INFO gRPC sending: limit buy 10 GAZP@MISX acc=1225950 @ 92.88
11:12:19 orders_arb INFO gRPC limit placed: buy 10 GAZP@MISX acc=1225950 @ 92.88 id=81223199963
11:12:24 robot_arb ERROR Main loop error: name 'symbol' is not defined
11:12:30 robot_arb INFO ⚠️ CHECK_ENTRY returned signal: {'action': 'entry', 'side': 'short_basis', 'z': 6.352981211306025, 'basis': 8691.1, 'price_a': 92.89, 'price_b': 9620.0}
11:12:30 robot_arb INFO ENTRY SIGNAL short_basis | Z=6.35 basis=8691.10 | A=92.89 B=9620.00 | limit buy 10 @ 92.90 | market sell 1 @ 9615.19
11:12:30 orders_arb INFO gRPC sending: limit buy 10 GAZP@MISX acc=1225950 @ 92.9
11:12:30 orders_arb INFO gRPC limit placed: buy 10 GAZP@MISX acc=1225950 @ 92.9 id=81223225270
11:12:35 robot_arb ERROR Main loop error: name 'symbol' is not defined
11:13:11 robot_arb INFO ⚠️ CHECK_ENTRY returned signal: {'action': 'entry', 'side': 'short_basis', 'z': 5.632964160626209, 'basis': 8697.7, 'price_a': 92.93, 'price_b': 9627.0}
11:13:11 robot_arb INFO ENTRY SIGNAL short_basis | Z=5.63 basis=8697.70 | A=92.93 B=9627.00 | limit buy 10 @ 92.93 | market sell 1 @ 9622.19
11:13:11 orders_arb INFO gRPC sending: limit buy 10 GAZP@MISX acc=1225950 @ 92.93
11:13:11 orders_arb INFO gRPC limit placed: buy 10 GAZP@MISX acc=1225950 @ 92.93 id=81223337299
11:13:17 robot_arb ERROR Main loop error: name 'symbol' is not defined
11:13:52 robot_arb INFO ⚠️ CHECK_ENTRY returned signal: {'action': 'entry', 'side': 'short_basis', 'z': 3.733046279118899, 'basis': 8689.6, 'price_a': 93.04, 'price_b': 9620.0}
11:13:52 robot_arb INFO ENTRY SIGNAL short_basis | Z=3.73 basis=8689.60 | A=93.04 B=9620.00 | limit buy 10 @ 93.05 | market sell 1 @ 9615.19
11:13:52 orders_arb INFO gRPC sending: limit buy 10 GAZP@MISX acc=1225950 @ 93.05
11:13:52 orders_arb INFO gRPC limit placed: buy 10 GAZP@MISX acc=1225950 @ 93.05 id=81223428792
11:13:58 robot_arb ERROR Main loop error: name 'symbol' is not defined
11:13:59 robot_arb INFO Z=3.36 (threshold=2.5) — no signal (dup_check=LOCKED)
11:13:59 robot_arb INFO Z=2.60 (threshold=2.5) — no signal (dup_check=LOCKED)
11:14:00 robot_arb INFO ⚠️ CHECK_ENTRY returned signal: {'action': 'entry', 'side': 'short_basis', 'z': 2.54214191277264, 'basis': 8685.7, 'price_a': 93.13, 'price_b': 9617.0}
11:14:00 robot_arb INFO ENTRY SIGNAL short_basis | Z=2.54 basis=8685.70 | A=93.13 B=9617.00 | limit buy 10 @ 93.13 | market sell 1 @ 9612.19
11:14:00 orders_arb INFO gRPC sending: limit buy 10 GAZP@MISX acc=1225950 @ 93.13
11:14:00 orders_arb INFO gRPC limit placed: buy 10 GAZP@MISX acc=1225950 @ 93.13 id=81223440093
11:14:05 robot_arb ERROR Main loop error: name 'symbol' is not defined
11:14:06 robot_arb INFO Z=4.72 (threshold=2.5) — no signal (dup_check=LOCKED)
11:14:07 robot_arb INFO Z=4.72 (threshold=2.5) — no signal (dup_check=LOCKED)
11:14:07 robot_arb INFO ⚠️ CHECK_ENTRY returned signal: {'action': 'entry', 'side': 'short_basis', 'z': 4.45526902978906, 'basis': 8688.7, 'price_a': 92.83, 'price_b': 9617.0}
11:14:07 robot_arb INFO ENTRY SIGNAL short_basis | Z=4.46 basis=8688.70 | A=92.83 B=9617.00 | limit buy 10 @ 92.83 | market sell 1 @ 9612.19
11:14:07 orders_arb INFO gRPC sending: limit buy 10 GAZP@MISX acc=1225950 @ 92.83
11:14:07 orders_arb INFO gRPC limit placed: buy 10 GAZP@MISX acc=1225950 @ 92.83 id=81223452454
11:14:13 robot_arb ERROR Main loop error: name 'symbol' is not defined
11:25:51 robot_arb INFO ⚠️ CHECK_ENTRY returned signal: {'action': 'entry', 'side': 'short_basis', 'z': 5.009581392880378, 'basis': 8690.0, 'price_a': 93.1, 'price_b': 9621.0}
11:25:51 robot_arb INFO ENTRY SIGNAL short_basis | Z=5.01 basis=8690.00 | A=93.10 B=9621.00 | limit buy 10 @ 93.11 | market sell 1 @ 9616.19
11:25:51 orders_arb INFO gRPC sending: limit buy 10 GAZP@MISX acc=1225950 @ 93.11
11:25:51 orders_arb ERROR gRPC order error (GAZP@RTSX buy 10@93.11): code=StatusCode.INTERNAL details=Jwt token check failed: UNAUTHENTICATED: Token is expired
11:25:51 orders_arb WARNING gRPC limit failed, falling back to DP server
11:25:56 orders_arb ERROR Limit order exception: HTTPConnectionPool(host='localhost', port=5060): Read timed out. (read timeout=5.0)
11:25:56 robot_arb WARNING Entry failed: leg_a_place_failed
11:26:07 robot_arb INFO ⚠️ CHECK_ENTRY returned signal: {'action': 'entry', 'side': 'short_basis', 'z': 4.757640501342078, 'basis': 8687.1, 'price_a': 93.09, 'price_b': 9618.0}
11:26:07 robot_arb INFO ENTRY SIGNAL short_basis | Z=4.76 basis=8687.10 | A=93.09 B=9618.00 | limit buy 10 @ 93.09 | market sell 1 @ 9613.19
11:26:07 orders_arb INFO gRPC sending: limit buy 10 GAZP@MISX acc=1225950 @ 93.09
11:26:07 orders_arb ERROR gRPC order error (GAZP@RTSX buy 10@93.09): code=StatusCode.INTERNAL details=Jwt token check failed: UNAUTHENTICATED: Token is expired
11:26:07 orders_arb WARNING gRPC limit failed, falling back to DP server
11:26:07 orders_arb ERROR Limit order error (GAZP@RTSX buy 10@93.09): no response
11:26:07 robot_arb WARNING Entry failed: leg_a_place_failed
11:26:08 robot_arb INFO Z=4.51 (threshold=2.5) — no signal (dup_check=LOCKED)
11:26:08 robot_arb INFO Z=4.51 (threshold=2.5) — no signal (dup_check=LOCKED)
11:26:09 robot_arb INFO Z=4.29 (threshold=2.5) — no signal (dup_check=LOCKED)
11:26:09 robot_arb INFO ⚠️ CHECK_ENTRY returned signal: {'action': 'entry', 'side': 'short_basis', 'z': 4.420253342190937, 'basis': 8687.2, 'price_a': 93.08, 'price_b': 9618.0}
11:26:09 robot_arb INFO ENTRY SIGNAL short_basis | Z=4.42 basis=8687.20 | A=93.08 B=9618.00 | limit buy 10 @ 93.09 | market sell 1 @ 9613.19
11:26:09 orders_arb INFO gRPC sending: limit buy 10 GAZP@MISX acc=1225950 @ 93.09
11:26:09 orders_arb ERROR gRPC order error (GAZP@RTSX buy 10@93.09): code=StatusCode.INTERNAL details=Jwt token check failed: UNAUTHENTICATED: Token is expired
11:26:09 orders_arb WARNING gRPC limit failed, falling back to DP server
11:26:10 orders_arb ERROR Limit order error (GAZP@RTSX buy 10@93.09): no response
11:26:10 robot_arb WARNING Entry failed: leg_a_place_failed
11:26:10 robot_arb INFO Z=4.21 (threshold=2.5) — no signal (dup_check=LOCKED)
11:26:11 robot_arb INFO Z=4.21 (threshold=2.5) — no signal (dup_check=LOCKED)
11:26:11 robot_arb INFO Z=4.03 (threshold=2.5) — no signal (dup_check=LOCKED)
11:26:12 robot_arb INFO ⚠️ CHECK_ENTRY returned signal: {'action': 'entry', 'side': 'short_basis', 'z': 4.031192491297554, 'basis': 8687.2, 'price_a': 93.08, 'price_b': 9618.0}
11:26:12 robot_arb INFO ENTRY SIGNAL short_basis | Z=4.03 basis=8687.20 | A=93.08 B=9618.00 | limit buy 10 @ 93.09 | market sell 1 @ 9613.19
11:26:12 orders_arb INFO gRPC sending: limit buy 10 GAZP@MISX acc=1225950 @ 93.09
11:26:12 orders_arb ERROR gRPC order error (GAZP@RTSX buy 10@93.09): code=StatusCode.INTERNAL details=Jwt token check failed: UNAUTHENTICATED: Token is expired
11:26:12 orders_arb WARNING gRPC limit failed, falling back to DP server
11:26:12 orders_arb ERROR Limit order error (GAZP@RTSX buy 10@93.09): no response
11:26:12 robot_arb WARNING Entry failed: leg_a_place_failed
11:26:12 robot_arb INFO Z=3.86 (threshold=2.5) — no signal (dup_check=LOCKED)
11:27:24 robot_arb INFO ⚠️ CHECK_ENTRY returned signal: {'action': 'entry', 'side': 'short_basis', 'z': 3.4816721502491403, 'basis': 8691.8, 'price_a': 93.12, 'price_b': 9623.0}
11:27:24 robot_arb INFO ENTRY SIGNAL short_basis | Z=3.48 basis=8691.80 | A=93.12 B=9623.00 | limit buy 10 @ 93.13 | market sell 1 @ 9618.19
11:27:24 orders_arb INFO gRPC sending: limit buy 10 GAZP@MISX acc=1225950 @ 93.13
11:27:24 orders_arb ERROR gRPC order error (GAZP@RTSX buy 10@93.13): code=StatusCode.INTERNAL details=Jwt token check failed: UNAUTHENTICATED: Token is expired
11:27:24 orders_arb WARNING gRPC limit failed, falling back to DP server
11:27:24 orders_arb ERROR Limit order error (GAZP@RTSX buy 10@93.13): no response
11:27:24 robot_arb WARNING Entry failed: leg_a_place_failed
11:27:25 robot_arb INFO Z=3.48 (threshold=2.5) — no signal (dup_check=LOCKED)
11:27:25 robot_arb INFO Z=3.37 (threshold=2.5) — no signal (dup_check=LOCKED)
11:27:26 robot_arb INFO Z=3.37 (threshold=2.5) — no signal (dup_check=LOCKED)
11:27:26 robot_arb INFO ⚠️ CHECK_ENTRY returned signal: {'action': 'entry', 'side': 'short_basis', 'z': 3.260560573802011, 'basis': 8691.8, 'price_a': 93.12, 'price_b': 9623.0}
11:27:26 robot_arb INFO ENTRY SIGNAL short_basis | Z=3.26 basis=8691.80 | A=93.12 B=9623.00 | limit buy 10 @ 93.13 | market sell 1 @ 9618.19
11:27:26 orders_arb INFO gRPC sending: limit buy 10 GAZP@MISX acc=1225950 @ 93.13
11:27:26 orders_arb ERROR gRPC order error (GAZP@RTSX buy 10@93.13): code=StatusCode.INTERNAL details=Jwt token check failed: UNAUTHENTICATED: Token is expired
11:27:26 orders_arb WARNING gRPC limit failed, falling back to DP server
11:27:26 orders_arb ERROR Limit order error (GAZP@RTSX buy 10@93.13): no response
11:27:26 robot_arb WARNING Entry failed: leg_a_place_failed
11:27:27 robot_arb INFO Z=3.26 (threshold=2.5) — no signal (dup_check=LOCKED)
11:27:27 robot_arb INFO Z=3.16 (threshold=2.5) — no signal (dup_check=LOCKED)
11:27:28 robot_arb INFO Z=3.16 (threshold=2.5) — no signal (dup_check=LOCKED)
11:27:28 robot_arb INFO ⚠️ CHECK_ENTRY returned signal: {'action': 'entry', 'side': 'short_basis', 'z': 3.0719192830890005, 'basis': 8691.8, 'price_a': 93.12, 'price_b': 9623.0}
11:27:28 robot_arb INFO ENTRY SIGNAL short_basis | Z=3.07 basis=8691.80 | A=93.12 B=9623.00 | limit buy 10 @ 93.13 | market sell 1 @ 9618.19
11:27:28 orders_arb INFO gRPC sending: limit buy 10 GAZP@MISX acc=1225950 @ 93.13
11:27:28 orders_arb ERROR gRPC order error (GAZP@RTSX buy 10@93.13): code=StatusCode.INTERNAL details=Jwt token check failed: UNAUTHENTICATED: Token is expired
11:27:28 orders_arb WARNING gRPC limit failed, falling back to DP server
11:27:29 orders_arb ERROR Limit order error (GAZP@RTSX buy 10@93.13): no response
11:27:29 robot_arb WARNING Entry failed: leg_a_place_failed
11:27:29 robot_arb INFO Z=3.07 (threshold=2.5) — no signal (dup_check=LOCKED)
11:27:37 robot_arb INFO ⚠️ CHECK_ENTRY returned signal: {'action': 'entry', 'side': 'short_basis', 'z': 4.567819319416989, 'basis': 8706.1, 'price_a': 92.99, 'price_b': 9636.0}
11:27:37 robot_arb INFO ENTRY SIGNAL short_basis | Z=4.57 basis=8706.10 | A=92.99 B=9636.00 | limit buy 10 @ 93.00 | market sell 1 @ 9631.18
11:27:37 orders_arb INFO gRPC sending: limit buy 10 GAZP@MISX acc=1225950 @ 93.0
11:27:37 orders_arb ERROR gRPC order error (GAZP@RTSX buy 10@93.0): code=StatusCode.INTERNAL details=Jwt token check failed: UNAUTHENTICATED: Token is expired
11:27:37 orders_arb WARNING gRPC limit failed, falling back to DP server
11:27:37 orders_arb ERROR Limit order error (GAZP@RTSX buy 10@93.0): no response
11:27:37 robot_arb WARNING Entry failed: leg_a_place_failed
11:27:38 robot_arb INFO Z=4.33 (threshold=2.5) — no signal (dup_check=LOCKED)
11:27:38 robot_arb INFO Z=4.33 (threshold=2.5) — no signal (dup_check=LOCKED)
11:27:39 robot_arb INFO Z=4.12 (threshold=2.5) — no signal (dup_check=LOCKED)
11:34:02 robot_arb INFO ⚠️ CHECK_ENTRY returned signal: {'action': 'entry', 'side': 'short_basis', 'z': 3.1840840636946366, 'basis': 8681.0, 'price_a': 93.3, 'price_b': 9614.0}
11:34:02 robot_arb INFO ENTRY SIGNAL short_basis | Z=3.18 basis=8681.00 | A=93.30 B=9614.00 | limit buy 10 @ 93.30 | market sell 1 @ 9609.19
11:34:02 orders_arb INFO gRPC sending: limit buy 10 GAZP@MISX acc=1225950 @ 93.3
11:34:02 orders_arb ERROR gRPC order error (GAZP@RTSX buy 10@93.3): code=StatusCode.INTERNAL details=Jwt token check failed: UNAUTHENTICATED: Token is expired
11:34:02 orders_arb WARNING gRPC limit failed, falling back to DP server
11:34:02 orders_arb ERROR Limit order error (GAZP@RTSX buy 10@93.3): no response
11:34:02 robot_arb WARNING Entry failed: leg_a_place_failed
11:34:02 robot_arb INFO Z=3.09 (threshold=2.5) — no signal (dup_check=LOCKED)
11:34:03 robot_arb INFO Z=3.09 (threshold=2.5) — no signal (dup_check=LOCKED)
11:34:03 robot_arb INFO Z=3.01 (threshold=2.5) — no signal (dup_check=LOCKED)
11:34:34 robot_arb INFO Z=2.39 (threshold=2.5) — no signal (dup_check=False)
11:36:23 robot_arb ERROR GET error: [Errno 32] Broken pipe
Traceback (most recent call last):
  File "/root/.openclaw/workspace/HedgeFund/robot/main_arb.py", line 701, in do_GET
    self._json(200, status)
  File "/root/.openclaw/workspace/HedgeFund/robot/main_arb.py", line 676, in _json
    self.wfile.write(body)
  File "/usr/lib/python3.12/socketserver.py", line 840, in write
    self._sock.sendall(b)
BrokenPipeError: [Errno 32] Broken pipe
11:36:23 robot_arb ERROR GET error: [Errno 32] Broken pipe
Traceback (most recent call last):
  File "/root/.openclaw/workspace/HedgeFund/robot/main_arb.py", line 701, in do_GET
    self._json(200, status)
  File "/root/.openclaw/workspace/HedgeFund/robot/main_arb.py", line 676, in _json
    self.wfile.write(body)
  File "/usr/lib/python3.12/socketserver.py", line 840, in write
    self._sock.sendall(b)
BrokenPipeError: [Errno 32] Broken pipe
11:38:17 robot_arb INFO ⚠️ CHECK_ENTRY returned signal: {'action': 'entry', 'side': 'short_basis', 'z': 3.688194425258352, 'basis': 8665.8, 'price_a': 93.12, 'price_b': 9597.0}
11:38:17 robot_arb INFO ENTRY SIGNAL short_basis | Z=3.69 basis=8665.80 | A=93.12 B=9597.00 | limit buy 10 @ 93.13 | market sell 1 @ 9592.20
11:38:17 orders_arb INFO gRPC sending: limit buy 10 GAZP@MISX acc=1225950 @ 93.13
11:38:17 orders_arb ERROR gRPC order error (GAZP@RTSX buy 10@93.13): code=StatusCode.INTERNAL details=Jwt token check failed: UNAUTHENTICATED: Token is expired
11:38:17 orders_arb WARNING gRPC limit failed, falling back to DP server
11:38:17 orders_arb ERROR Limit order error (GAZP@RTSX buy 10@93.13): no response
11:38:17 robot_arb WARNING Entry failed: leg_a_place_failed
11:40:48 robot_arb INFO ⚠️ CHECK_ENTRY returned signal: {'action': 'entry', 'side': 'short_basis', 'z': 3.8225605439245927, 'basis': 8664.0, 'price_a': 93.1, 'price_b': 9595.0}
11:40:48 robot_arb INFO ENTRY SIGNAL short_basis | Z=3.82 basis=8664.00 | A=93.10 B=9595.00 | limit buy 10 @ 93.13 | market sell 1 @ 9590.20
11:40:48 orders_arb INFO gRPC sending: limit buy 10 GAZP@MISX acc=1225950 @ 93.13
11:40:48 orders_arb ERROR gRPC order error (GAZP@RTSX buy 10@93.13): code=StatusCode.INTERNAL details=Jwt token check failed: UNAUTHENTICATED: Token is expired
11:40:48 orders_arb WARNING gRPC limit failed, falling back to DP server
11:40:48 orders_arb ERROR Limit order error (GAZP@RTSX buy 10@93.13): no response
11:40:48 robot_arb WARNING Entry failed: leg_a_place_failed
11:40:48 robot_arb INFO Z=3.82 (threshold=2.5) — no signal (dup_check=LOCKED)
11:40:49 robot_arb INFO Z=3.67 (threshold=2.5) — no signal (dup_check=LOCKED)
11:40:49 robot_arb INFO Z=3.67 (threshold=2.5) — no signal (dup_check=LOCKED)
11:40:50 robot_arb INFO ⚠️ CHECK_ENTRY returned signal: {'action': 'entry', 'side': 'short_basis', 'z': 3.537567300095836, 'basis': 8664.0, 'price_a': 93.1, 'price_b': 9595.0}
11:40:50 robot_arb INFO ENTRY SIGNAL short_basis | Z=3.54 basis=8664.00 | A=93.10 B=9595.00 | limit buy 10 @ 93.13 | market sell 1 @ 9590.20
11:40:50 orders_arb INFO gRPC sending: limit buy 10 GAZP@MISX acc=1225950 @ 93.13
11:40:50 orders_arb ERROR gRPC order error (GAZP@RTSX buy 10@93.13): code=StatusCode.INTERNAL details=Jwt token check failed: UNAUTHENTICATED: Token is expired
11:40:50 orders_arb WARNING gRPC limit failed, falling back to DP server
11:40:50 orders_arb ERROR Limit order error (GAZP@RTSX buy 10@93.13): no response
11:40:50 robot_arb WARNING Entry failed: leg_a_place_failed
11:40:51 robot_arb INFO Z=3.54 (threshold=2.5) — no signal (dup_check=LOCKED)
11:40:51 robot_arb INFO Z=3.42 (threshold=2.5) — no signal (dup_check=LOCKED)
11:40:52 robot_arb INFO Z=3.42 (threshold=2.5) — no signal (dup_check=LOCKED)
11:40:52 robot_arb INFO ⚠️ CHECK_ENTRY returned signal: {'action': 'entry', 'side': 'short_basis', 'z': 3.3036188159300046, 'basis': 8664.0, 'price_a': 93.1, 'price_b': 9595.0}
11:40:52 robot_arb INFO ENTRY SIGNAL short_basis | Z=3.30 basis=8664.00 | A=93.10 B=9595.00 | limit buy 10 @ 93.13 | market sell 1 @ 9590.20
11:40:52 orders_arb INFO gRPC sending: limit buy 10 GAZP@MISX acc=1225950 @ 93.13
11:40:52 orders_arb ERROR gRPC order error (GAZP@RTSX buy 10@93.13): code=StatusCode.INTERNAL details=Jwt token check failed: UNAUTHENTICATED: Token is expired
11:40:52 orders_arb WARNING gRPC limit failed, falling back to DP server
11:40:52 orders_arb ERROR Limit order error (GAZP@RTSX buy 10@93.13): no response
11:40:52 robot_arb WARNING Entry failed: leg_a_place_failed
11:40:53 robot_arb INFO Z=3.30 (threshold=2.5) — no signal (dup_check=LOCKED)
11:51:11 robot_arb INFO Z=2.34 (threshold=2.5) — no signal (dup_check=False)
11:51:12 robot_arb INFO Z=2.30 (threshold=2.5) — no signal (dup_check=False)
11:51:12 robot_arb INFO Z=2.30 (threshold=2.5) — no signal (dup_check=False)
11:51:16 robot_arb INFO ⚠️ CHECK_ENTRY returned signal: {'action': 'entry', 'side': 'short_basis', 'z': 3.391596671286897, 'basis': 8650.2, 'price_a': 92.98, 'price_b': 9580.0}
11:51:16 robot_arb INFO ENTRY SIGNAL short_basis | Z=3.39 basis=8650.20 | A=92.98 B=9580.00 | limit buy 10 @ 93.00 | market sell 1 @ 9575.21
11:51:16 orders_arb INFO gRPC sending: limit buy 10 GAZP@MISX acc=1225950 @ 93.0
11:51:16 orders_arb ERROR gRPC order error (GAZP@RTSX buy 10@93.0): code=StatusCode.INTERNAL details=Jwt token check failed: UNAUTHENTICATED: Token is expired
11:51:16 orders_arb WARNING gRPC limit failed, falling back to DP server
11:51:21 orders_arb ERROR Limit order exception: HTTPConnectionPool(host='localhost', port=5060): Read timed out. (read timeout=5.0)
11:51:21 robot_arb WARNING Entry failed: leg_a_place_failed
11:54:48 robot_arb INFO ⚠️ CHECK_ENTRY returned signal: {'action': 'entry', 'side': 'short_basis', 'z': 5.559064433120396, 'basis': 8643.8, 'price_a': 92.82, 'price_b': 9572.0}
11:54:48 robot_arb INFO ENTRY SIGNAL short_basis | Z=5.56 basis=8643.80 | A=92.82 B=9572.00 | limit buy 10 @ 92.83 | market sell 1 @ 9567.21
11:54:48 orders_arb INFO gRPC sending: limit buy 10 GAZP@MISX acc=1225950 @ 92.83
11:54:48 orders_arb ERROR gRPC order error (GAZP@RTSX buy 10@92.83): code=StatusCode.INTERNAL details=Jwt token check failed: UNAUTHENTICATED: Token is expired
11:54:48 orders_arb WARNING gRPC limit failed, falling back to DP server
11:54:53 orders_arb ERROR Limit order exception: HTTPConnectionPool(host='localhost', port=5060): Read timed out. (read timeout=5.0)
11:54:53 robot_arb WARNING Entry failed: leg_a_place_failed
11:56:34 robot_arb INFO ⚠️ CHECK_ENTRY returned signal: {'action': 'entry', 'side': 'short_basis', 'z': 3.1237295115756325, 'basis': 8639.2, 'price_a': 92.88, 'price_b': 9568.0}
11:56:34 robot_arb INFO ENTRY SIGNAL short_basis | Z=3.12 basis=8639.20 | A=92.88 B=9568.00 | limit buy 10 @ 92.88 | market sell 1 @ 9563.22
11:56:34 orders_arb INFO gRPC sending: limit buy 10 GAZP@MISX acc=1225950 @ 92.88
11:56:34 orders_arb ERROR gRPC order error (GAZP@RTSX buy 10@92.88): code=StatusCode.INTERNAL details=Jwt token check failed: UNAUTHENTICATED: Token is expired
11:56:34 orders_arb WARNING gRPC limit failed, falling back to DP server
11:56:39 orders_arb ERROR Limit order exception: HTTPConnectionPool(host='localhost', port=5060): Read timed out. (read timeout=5.0)
11:56:39 robot_arb WARNING Entry failed: leg_a_place_failed
11:56:41 robot_arb INFO ⚠️ CHECK_ENTRY returned signal: {'action': 'entry', 'side': 'short_basis', 'z': 3.0813155460785686, 'basis': 8635.6, 'price_a': 92.84, 'price_b': 9564.0}
11:56:41 robot_arb INFO ENTRY SIGNAL short_basis | Z=3.08 basis=8635.60 | A=92.84 B=9564.00 | limit buy 10 @ 92.84 | market sell 1 @ 9559.22
11:56:41 orders_arb INFO gRPC sending: limit buy 10 GAZP@MISX acc=1225950 @ 92.84
11:56:41 orders_arb ERROR gRPC order error (GAZP@RTSX buy 10@92.84): code=StatusCode.INTERNAL details=Jwt token check failed: UNAUTHENTICATED: Token is expired
11:56:41 orders_arb WARNING gRPC limit failed, falling back to DP server
11:56:46 orders_arb ERROR Limit order exception: HTTPConnectionPool(host='localhost', port=5060): Read timed out. (read timeout=5.0)
11:56:46 robot_arb WARNING Entry failed: leg_a_place_failed
11:56:47 robot_arb INFO Z=4.15 (threshold=2.5) — no signal (dup_check=LOCKED)
11:56:47 robot_arb INFO Z=4.15 (threshold=2.5) — no signal (dup_check=LOCKED)
11:56:48 robot_arb INFO Z=3.96 (threshold=2.5) — no signal (dup_check=LOCKED)
11:56:48 robot_arb INFO ⚠️ CHECK_ENTRY returned signal: {'action': 'entry', 'side': 'short_basis', 'z': 3.96459679349325, 'basis': 8635.9, 'price_a': 92.81, 'price_b': 9564.0}
11:56:48 robot_arb INFO ENTRY SIGNAL short_basis | Z=3.96 basis=8635.90 | A=92.81 B=9564.00 | limit buy 10 @ 92.82 | market sell 1 @ 9559.22
11:56:48 orders_arb INFO gRPC sending: limit buy 10 GAZP@MISX acc=1225950 @ 92.82
11:56:48 orders_arb ERROR gRPC order error (GAZP@RTSX buy 10@92.82): code=StatusCode.INTERNAL details=Jwt token check failed: UNAUTHENTICATED: Token is expired
11:56:48 orders_arb WARNING gRPC limit failed, falling back to DP server
11:56:53 orders_arb ERROR Limit order exception: HTTPConnectionPool(host='localhost', port=5060): Read timed out. (read timeout=5.0)
11:56:53 robot_arb WARNING Entry failed: leg_a_place_failed
11:57:15 robot_arb WARNING POST /account received: {'account': '1225953-EDP'}
11:57:15 robot_arb WARNING Account change to 1225953-EDP BLOCKED — must be 1225953 for FORTS
11:57:16 robot_arb INFO Param updated: ticker_a = GAZP (was GAZP)
11:57:16 robot_arb INFO Param updated: symbol_a = GAZP@RTSX (was GAZP@RTSX)
11:57:16 robot_arb INFO Param updated: ticker_b = GZU6 (was GZU6)
11:57:16 robot_arb INFO Param updated: symbol_b = GZU6@RTSX (was GZU6@RTSX)
11:57:16 robot_arb INFO Param updated: lots_a = 10 (was 10)
11:57:16 robot_arb INFO Param updated: lots_b = 1 (was 1)
11:57:16 robot_arb INFO Param updated: hedge_ratio = 10 (was 10)
11:57:16 robot_arb INFO Param updated: capital = 20000 (was 20000)
11:57:16 robot_arb INFO Param updated: entry_z = 2.5 (was 2.5)
11:57:16 robot_arb INFO Param updated: entry_z_long = -5.7 (was -5.7)
11:57:16 robot_arb INFO Param updated: entry_mode = zscore (was zscore)
11:57:16 robot_arb INFO Param updated: spread_rub_high = 312 (was 312)
11:57:16 robot_arb INFO Param updated: spread_rub_low = 270 (was 270)
11:57:16 robot_arb INFO Param updated: risk_free_rate = 0.1425 (was 0.1425)
11:57:16 robot_arb INFO Param updated: expiration_date = 2026-09-18 (was 2026-09-18)
11:57:16 robot_arb INFO Param updated: contract_size = 100 (was 100)
11:57:16 robot_arb INFO Param updated: lookback = 200 (was 200)
11:57:16 robot_arb INFO Param updated: leg_a_timeout = 5 (was 5)
11:57:16 robot_arb INFO Param updated: min_fill_ratio = 0.5 (was 0.5)
11:57:16 robot_arb INFO Param updated: min_profit_type = rub (was rub)
11:57:16 robot_arb INFO Param updated: min_profit_value = 3.3 (was 3.3)
11:57:16 robot_arb INFO Param updated: risk_type = stop_loss_rub (was stop_loss_rub)
11:57:16 robot_arb INFO Param updated: risk_value = 500000 (was 500000)
11:57:16 robot_arb INFO Param updated: allow_long_basis = False (was False)
11:57:16 robot_arb INFO Param updated: use_commission = True (was True)
11:57:16 robot_arb INFO Param updated: commission_stock_pct = 0.035 (was 0.035)
11:57:16 robot_arb INFO Param updated: commission_futures_rt = 0.9 (was 0.9)
12:02:15 robot_arb INFO ⚠️ CHECK_ENTRY returned signal: {'action': 'entry', 'side': 'short_basis', 'z': 2.9816804880214307, 'basis': 8615.9, 'price_a': 92.61, 'price_b': 9542.0}
12:02:15 robot_arb INFO ENTRY SIGNAL short_basis | Z=2.98 basis=8615.90 | A=92.61 B=9542.00 | limit buy 10 @ 92.61 | market sell 1 @ 9537.23
12:02:15 orders_arb INFO gRPC sending: limit buy 10 GAZP@MISX acc=1225950 @ 92.61
12:02:16 orders_arb ERROR gRPC order error (GAZP@RTSX buy 10@92.61): code=StatusCode.INTERNAL details=Jwt token check failed: UNAUTHENTICATED: Token is expired
12:02:16 orders_arb WARNING gRPC limit failed, falling back to DP server
12:02:21 orders_arb ERROR Limit order exception: HTTPConnectionPool(host='localhost', port=5060): Read timed out. (read timeout=5.0)
12:02:21 robot_arb WARNING Entry failed: leg_a_place_failed
12:03:15 robot_arb INFO Z=2.37 (threshold=2.5) — no signal (dup_check=False)
12:03:16 robot_arb INFO Z=2.37 (threshold=2.5) — no signal (dup_check=False)
12:03:16 robot_arb INFO Z=2.39 (threshold=2.5) — no signal (dup_check=False)
12:03:17 robot_arb INFO Z=2.39 (threshold=2.5) — no signal (dup_check=False)
12:03:17 robot_arb INFO Z=2.37 (threshold=2.5) — no signal (dup_check=False)
12:03:18 robot_arb INFO Z=2.37 (threshold=2.5) — no signal (dup_check=False)
12:03:18 robot_arb INFO Z=2.35 (threshold=2.5) — no signal (dup_check=False)
12:03:19 robot_arb INFO Z=2.35 (threshold=2.5) — no signal (dup_check=False)
12:03:19 robot_arb INFO Z=2.33 (threshold=2.5) — no signal (dup_check=False)
12:03:20 robot_arb INFO Z=2.33 (threshold=2.5) — no signal (dup_check=False)
12:03:28 robot_arb INFO ⚠️ CHECK_ENTRY returned signal: {'action': 'entry', 'side': 'short_basis', 'z': 2.5184188870471216, 'basis': 8620.1, 'price_a': 92.69, 'price_b': 9547.0}
12:03:28 robot_arb INFO ENTRY SIGNAL short_basis | Z=2.52 basis=8620.10 | A=92.69 B=9547.00 | limit buy 10 @ 92.69 | market sell 1 @ 9542.23
12:03:28 orders_arb INFO gRPC sending: limit buy 10 GAZP@MISX acc=1225950 @ 92.69
12:03:28 orders_arb ERROR gRPC order error (GAZP@RTSX buy 10@92.69): code=StatusCode.INTERNAL details=Jwt token check failed: UNAUTHENTICATED: Token is expired
12:03:28 orders_arb WARNING gRPC limit failed, falling back to DP server
12:03:33 orders_arb ERROR Limit order exception: HTTPConnectionPool(host='localhost', port=5060): Read timed out. (read timeout=5.0)
12:03:33 robot_arb WARNING Entry failed: leg_a_place_failed
12:03:33 robot_arb INFO Z=2.80 (threshold=2.5) — no signal (dup_check=LOCKED)
12:03:34 robot_arb INFO Z=2.80 (threshold=2.5) — no signal (dup_check=LOCKED)
12:03:34 robot_arb INFO Z=2.74 (threshold=2.5) — no signal (dup_check=LOCKED)
12:03:35 robot_arb INFO ⚠️ CHECK_ENTRY returned signal: {'action': 'entry', 'side': 'short_basis', 'z': 2.7368148475148115, 'basis': 8618.4, 'price_a': 92.66, 'price_b': 9545.0}
12:03:35 robot_arb INFO ENTRY SIGNAL short_basis | Z=2.74 basis=8618.40 | A=92.66 B=9545.00 | limit buy 10 @ 92.71 | market sell 1 @ 9540.23
12:03:35 orders_arb INFO gRPC sending: limit buy 10 GAZP@MISX acc=1225950 @ 92.71
12:03:35 orders_arb ERROR gRPC order error (GAZP@RTSX buy 10@92.71): code=StatusCode.INTERNAL details=Jwt token check failed: UNAUTHENTICATED: Token is expired
12:03:35 orders_arb WARNING gRPC limit failed, falling back to DP server
12:03:40 orders_arb ERROR Limit order exception: HTTPConnectionPool(host='localhost', port=5060): Read timed out. (read timeout=5.0)
12:03:40 robot_arb WARNING Entry failed: leg_a_place_failed
12:03:45 robot_arb INFO ⚠️ CHECK_ENTRY returned signal: {'action': 'entry', 'side': 'short_basis', 'z': 3.875331067181112, 'basis': 8618.8, 'price_a': 92.62, 'price_b': 9545.0}
12:03:45 robot_arb INFO ENTRY SIGNAL short_basis | Z=3.88 basis=8618.80 | A=92.62 B=9545.00 | limit buy 10 @ 92.62 | market sell 1 @ 9540.23
12:03:45 orders_arb INFO gRPC sending: limit buy 10 GAZP@MISX acc=1225950 @ 92.62
12:03:45 orders_arb ERROR gRPC order error (GAZP@RTSX buy 10@92.62): code=StatusCode.INTERNAL details=Jwt token check failed: UNAUTHENTICATED: Token is expired
12:03:45 orders_arb WARNING gRPC limit failed, falling back to DP server
12:03:50 orders_arb ERROR Limit order exception: HTTPConnectionPool(host='localhost', port=5060): Read timed out. (read timeout=5.0)
12:03:50 robot_arb WARNING Entry failed: leg_a_place_failed
12:08:03 robot_arb INFO Z=2.49 (threshold=2.5) — no signal (dup_check=False)
12:08:04 robot_arb INFO Z=2.49 (threshold=2.5) — no signal (dup_check=False)
12:08:04 robot_arb INFO Z=2.43 (threshold=2.5) — no signal (dup_check=False)
12:08:05 robot_arb INFO Z=2.43 (threshold=2.5) — no signal (dup_check=False)
12:08:05 robot_arb INFO Z=2.39 (threshold=2.5) — no signal (dup_check=False)
12:08:06 robot_arb INFO Z=2.39 (threshold=2.5) — no signal (dup_check=False)
12:09:16 robot_arb INFO ⚠️ CHECK_ENTRY returned signal: {'action': 'entry', 'side': 'short_basis', 'z': 2.5145790632324183, 'basis': 8602.9, 'price_a': 92.51, 'price_b': 9528.0}
12:09:16 robot_arb INFO ENTRY SIGNAL short_basis | Z=2.51 basis=8602.90 | A=92.51 B=9528.00 | limit buy 10 @ 92.51 | market sell 1 @ 9523.24
12:09:16 orders_arb INFO gRPC sending: limit buy 10 GAZP@MISX acc=1225950 @ 92.51
12:09:16 orders_arb ERROR gRPC order error (GAZP@RTSX buy 10@92.51): code=StatusCode.INTERNAL details=Jwt token check failed: UNAUTHENTICATED: Token is expired
12:09:16 orders_arb WARNING gRPC limit failed, falling back to DP server
12:09:21 orders_arb ERROR Limit order exception: HTTPConnectionPool(host='localhost', port=5060): Read timed out. (read timeout=5.0)
12:09:21 robot_arb WARNING Entry failed: leg_a_place_failed
12:09:23 robot_arb INFO ⚠️ CHECK_ENTRY returned signal: {'action': 'entry', 'side': 'short_basis', 'z': 2.924737400224232, 'basis': 8600.3, 'price_a': 92.47, 'price_b': 9525.0}
12:09:23 robot_arb INFO ENTRY SIGNAL short_basis | Z=2.92 basis=8600.30 | A=92.47 B=9525.00 | limit buy 10 @ 92.47 | market sell 1 @ 9520.24
12:09:23 orders_arb INFO gRPC sending: limit buy 10 GAZP@MISX acc=1225950 @ 92.47
12:09:23 orders_arb ERROR gRPC order error (GAZP@RTSX buy 10@92.47): code=StatusCode.INTERNAL details=Jwt token check failed: UNAUTHENTICATED: Token is expired
12:09:23 orders_arb WARNING gRPC limit failed, falling back to DP server
12:09:23 orders_arb ERROR Limit order error (GAZP@RTSX buy 10@92.47): no response
12:09:23 robot_arb WARNING Entry failed: leg_a_place_failed
12:09:24 robot_arb INFO Z=2.92 (threshold=2.5) — no signal (dup_check=LOCKED)
12:09:24 robot_arb INFO Z=2.87 (threshold=2.5) — no signal (dup_check=LOCKED)
12:09:25 robot_arb INFO Z=2.87 (threshold=2.5) — no signal (dup_check=LOCKED)
12:09:30 robot_arb INFO ⚠️ CHECK_ENTRY returned signal: {'action': 'entry', 'side': 'short_basis', 'z': 2.8787211653252998, 'basis': 8600.3, 'price_a': 92.47, 'price_b': 9525.0}
12:09:30 robot_arb INFO ENTRY SIGNAL short_basis | Z=2.88 basis=8600.30 | A=92.47 B=9525.00 | limit buy 10 @ 92.48 | market sell 1 @ 9520.24
12:09:30 orders_arb INFO gRPC sending: limit buy 10 GAZP@MISX acc=1225950 @ 92.48
12:09:30 orders_arb ERROR gRPC order error (GAZP@RTSX buy 10@92.48): code=StatusCode.INTERNAL details=Jwt token check failed: UNAUTHENTICATED: Token is expired
12:09:30 orders_arb WARNING gRPC limit failed, falling back to DP server
12:09:30 orders_arb ERROR Limit order error (GAZP@RTSX buy 10@92.48): no response
12:09:30 robot_arb WARNING Entry failed: leg_a_place_failed
12:09:31 robot_arb INFO Z=2.81 (threshold=2.5) — no signal (dup_check=LOCKED)
12:09:31 robot_arb INFO Z=2.81 (threshold=2.5) — no signal (dup_check=LOCKED)
12:09:32 robot_arb INFO Z=2.74 (threshold=2.5) — no signal (dup_check=LOCKED)
12:09:32 robot_arb INFO ⚠️ CHECK_ENTRY returned signal: {'action': 'entry', 'side': 'short_basis', 'z': 2.7383156957950154, 'basis': 8600.3, 'price_a': 92.47, 'price_b': 9525.0}
12:09:32 robot_arb INFO ENTRY SIGNAL short_basis | Z=2.74 basis=8600.30 | A=92.47 B=9525.00 | limit buy 10 @ 92.48 | market sell 1 @ 9520.24
12:09:32 orders_arb INFO gRPC sending: limit buy 10 GAZP@MISX acc=1225950 @ 92.48
12:09:33 orders_arb ERROR gRPC order error (GAZP@RTSX buy 10@92.48): code=StatusCode.INTERNAL details=Jwt token check failed: UNAUTHENTICATED: Token is expired
12:09:33 orders_arb WARNING gRPC limit failed, falling back to DP server
12:09:33 orders_arb ERROR Limit order error (GAZP@RTSX buy 10@92.48): no response
12:09:33 robot_arb WARNING Entry failed: leg_a_place_failed
12:09:33 robot_arb INFO Z=2.67 (threshold=2.5) — no signal (dup_check=LOCKED)
12:09:34 robot_arb INFO Z=2.67 (threshold=2.5) — no signal (dup_check=LOCKED)
12:09:34 robot_arb INFO Z=2.61 (threshold=2.5) — no signal (dup_check=LOCKED)
12:09:35 robot_arb INFO ⚠️ CHECK_ENTRY returned signal: {'action': 'entry', 'side': 'short_basis', 'z': 3.0302835408702427, 'basis': 8600.4, 'price_a': 92.46, 'price_b': 9525.0}
12:09:35 robot_arb INFO ENTRY SIGNAL short_basis | Z=3.03 basis=8600.40 | A=92.46 B=9525.00 | limit buy 10 @ 92.49 | market sell 1 @ 9520.24
12:09:35 orders_arb INFO gRPC sending: limit buy 10 GAZP@MISX acc=1225950 @ 92.49
12:09:35 orders_arb ERROR gRPC order error (GAZP@RTSX buy 10@92.49): code=StatusCode.INTERNAL details=Jwt token check failed: UNAUTHENTICATED: Token is expired
12:09:35 orders_arb WARNING gRPC limit failed, falling back to DP server
12:09:35 orders_arb ERROR Limit order error (GAZP@RTSX buy 10@92.49): no response
12:09:35 robot_arb WARNING Entry failed: leg_a_place_failed
12:12:47 robot_arb INFO ⚠️ CHECK_ENTRY returned signal: {'action': 'entry', 'side': 'short_basis', 'z': 2.7581981838982044, 'basis': 8633.6, 'price_a': 92.84, 'price_b': 9562.0}
12:12:47 robot_arb INFO ENTRY SIGNAL short_basis | Z=2.76 basis=8633.60 | A=92.84 B=9562.00 | limit buy 10 @ 92.84 | market sell 1 @ 9557.22
12:12:47 orders_arb INFO gRPC sending: limit buy 10 GAZP@MISX acc=1225950 @ 92.84
12:12:47 orders_arb ERROR gRPC order error (GAZP@RTSX buy 10@92.84): code=StatusCode.INTERNAL details=Jwt token check failed: UNAUTHENTICATED: Token is expired
12:12:47 orders_arb WARNING gRPC limit failed, falling back to DP server
12:12:48 orders_arb ERROR Limit order error (GAZP@RTSX buy 10@92.84): no response
12:12:48 robot_arb WARNING Entry failed: leg_a_place_failed
12:13:13 robot_arb INFO ⚠️ CHECK_ENTRY returned signal: {'action': 'entry', 'side': 'short_basis', 'z': 3.326175249473239, 'basis': 8632.0, 'price_a': 92.8, 'price_b': 9560.0}
12:13:13 robot_arb INFO ENTRY SIGNAL short_basis | Z=3.33 basis=8632.00 | A=92.80 B=9560.00 | limit buy 10 @ 92.81 | market sell 1 @ 9555.22
12:13:13 orders_arb INFO gRPC sending: limit buy 10 GAZP@MISX acc=1225950 @ 92.81
12:13:13 orders_arb ERROR gRPC order error (GAZP@RTSX buy 10@92.81): code=StatusCode.INTERNAL details=Jwt token check failed: UNAUTHENTICATED: Token is expired
12:13:13 orders_arb WARNING gRPC limit failed, falling back to DP server
12:13:13 orders_arb ERROR Limit order error (GAZP@RTSX buy 10@92.81): no response
12:13:13 robot_arb WARNING Entry failed: leg_a_place_failed
12:13:13 robot_arb INFO Z=3.33 (threshold=2.5) — no signal (dup_check=LOCKED)
12:13:14 robot_arb INFO Z=3.22 (threshold=2.5) — no signal (dup_check=LOCKED)
12:13:14 robot_arb INFO Z=3.22 (threshold=2.5) — no signal (dup_check=LOCKED)
12:14:22 robot_arb INFO Z=2.38 (threshold=2.5) — no signal (dup_check=False)
12:14:22 robot_arb INFO Z=2.33 (threshold=2.5) — no signal (dup_check=False)
12:14:23 robot_arb INFO Z=2.33 (threshold=2.5) — no signal (dup_check=False)
12:21:12 robot_arb INFO Z=2.38 (threshold=2.5) — no signal (dup_check=False)
12:21:13 robot_arb INFO Z=2.34 (threshold=2.5) — no signal (dup_check=False)
12:21:13 robot_arb INFO Z=2.34 (threshold=2.5) — no signal (dup_check=False)
12:23:44 robot_arb INFO ⚠️ CHECK_ENTRY returned signal: {'action': 'entry', 'side': 'short_basis', 'z': 3.469645531091136, 'basis': 8601.2, 'price_a': 92.48, 'price_b': 9526.0}
12:23:44 robot_arb INFO ENTRY SIGNAL short_basis | Z=3.47 basis=8601.20 | A=92.48 B=9526.00 | limit buy 10 @ 92.51 | market sell 1 @ 9521.24
12:23:44 orders_arb INFO gRPC sending: limit buy 10 GAZP@MISX acc=1225950 @ 92.51
12:23:44 orders_arb ERROR gRPC order error (GAZP@RTSX buy 10@92.51): code=StatusCode.INTERNAL details=Jwt token check failed: UNAUTHENTICATED: Token is expired
12:23:44 orders_arb WARNING gRPC limit failed, falling back to DP server
12:23:44 orders_arb ERROR Limit order error (GAZP@RTSX buy 10@92.51): no response
12:23:44 robot_arb WARNING Entry failed: leg_a_place_failed
12:23:44 robot_arb INFO Z=3.47 (threshold=2.5) — no signal (dup_check=LOCKED)
12:23:45 robot_arb INFO Z=3.35 (threshold=2.5) — no signal (dup_check=LOCKED)
12:23:45 robot_arb INFO Z=3.35 (threshold=2.5) — no signal (dup_check=LOCKED)
12:23:46 robot_arb INFO ⚠️ CHECK_ENTRY returned signal: {'action': 'entry', 'side': 'short_basis', 'z': 3.245697433947287, 'basis': 8601.2, 'price_a': 92.48, 'price_b': 9526.0}
12:23:46 robot_arb INFO ENTRY SIGNAL short_basis | Z=3.25 basis=8601.20 | A=92.48 B=9526.00 | limit buy 10 @ 92.51 | market sell 1 @ 9521.24
12:23:46 orders_arb INFO gRPC sending: limit buy 10 GAZP@MISX acc=1225950 @ 92.51
12:23:46 orders_arb ERROR gRPC order error (GAZP@RTSX buy 10@92.51): code=StatusCode.INTERNAL details=Jwt token check failed: UNAUTHENTICATED: Token is expired
12:23:46 orders_arb WARNING gRPC limit failed, falling back to DP server
12:23:46 orders_arb ERROR Limit order error (GAZP@RTSX buy 10@92.51): no response
12:23:46 robot_arb WARNING Entry failed: leg_a_place_failed
12:23:46 robot_arb INFO Z=3.25 (threshold=2.5) — no signal (dup_check=LOCKED)
12:25:09 robot_arb INFO Z=2.50 (threshold=2.5) — no signal (dup_check=False)
12:25:09 robot_arb INFO Z=2.44 (threshold=2.5) — no signal (dup_check=False)
12:25:10 robot_arb INFO Z=2.44 (threshold=2.5) — no signal (dup_check=False)
12:25:10 robot_arb INFO Z=2.40 (threshold=2.5) — no signal (dup_check=False)
12:25:11 robot_arb INFO Z=2.40 (threshold=2.5) — no signal (dup_check=False)
12:25:11 robot_arb INFO Z=2.35 (threshold=2.5) — no signal (dup_check=False)
12:25:12 robot_arb INFO Z=2.35 (threshold=2.5) — no signal (dup_check=False)
12:25:12 robot_arb INFO Z=2.31 (threshold=2.5) — no signal (dup_check=False)
12:25:13 robot_arb INFO Z=2.31 (threshold=2.5) — no signal (dup_check=False)
12:25:19 robot_arb INFO ⚠️ CHECK_ENTRY returned signal: {'action': 'entry', 'side': 'short_basis', 'z': 4.374250228609614, 'basis': 8656.7, 'price_a': 93.03, 'price_b': 9587.0}
12:25:19 robot_arb INFO ENTRY SIGNAL short_basis | Z=4.37 basis=8656.70 | A=93.03 B=9587.00 | limit buy 10 @ 93.03 | market sell 1 @ 9582.21
12:25:19 orders_arb INFO gRPC sending: limit buy 10 GAZP@MISX acc=1225950 @ 93.03
12:25:19 orders_arb ERROR gRPC order error (GAZP@RTSX buy 10@93.03): code=StatusCode.INTERNAL details=Jwt token check failed: UNAUTHENTICATED: Token is expired
12:25:19 orders_arb WARNING gRPC limit failed, falling back to DP server
12:25:24 orders_arb ERROR Limit order exception: HTTPConnectionPool(host='localhost', port=5060): Read timed out. (read timeout=5.0)
12:25:24 robot_arb WARNING Entry failed: leg_a_place_failed
12:27:02 robot_arb INFO ⚠️ CHECK_ENTRY returned signal: {'action': 'entry', 'side': 'short_basis', 'z': 2.8467758349294687, 'basis': 8658.2, 'price_a': 93.08, 'price_b': 9589.0}
12:27:02 robot_arb INFO ENTRY SIGNAL short_basis | Z=2.85 basis=8658.20 | A=93.08 B=9589.00 | limit buy 10 @ 93.08 | market sell 1 @ 9584.21
12:27:02 orders_arb INFO gRPC sending: limit buy 10 GAZP@MISX acc=1225950 @ 93.08
12:27:02 orders_arb ERROR gRPC order error (GAZP@RTSX buy 10@93.08): code=StatusCode.INTERNAL details=Jwt token check failed: UNAUTHENTICATED: Token is expired
12:27:02 orders_arb WARNING gRPC limit failed, falling back to DP server
12:27:05 orders_arb ERROR Limit order error (GAZP@RTSX buy 10@93.08): no response
12:27:05 robot_arb WARNING Entry failed: leg_a_place_failed
12:27:06 robot_arb INFO Z=2.79 (threshold=2.5) — no signal (dup_check=LOCKED)
12:27:18 robot_arb INFO Z=2.47 (threshold=2.5) — no signal (dup_check=False)
12:27:18 robot_arb INFO Z=2.47 (threshold=2.5) — no signal (dup_check=False)
12:27:19 robot_arb INFO Z=2.42 (threshold=2.5) — no signal (dup_check=False)
12:27:19 robot_arb INFO Z=2.42 (threshold=2.5) — no signal (dup_check=False)
12:27:20 robot_arb INFO Z=2.38 (threshold=2.5) — no signal (dup_check=False)
12:27:20 robot_arb INFO Z=2.38 (threshold=2.5) — no signal (dup_check=False)
12:27:21 robot_arb INFO Z=2.34 (threshold=2.5) — no signal (dup_check=False)
12:27:21 robot_arb INFO Z=2.34 (threshold=2.5) — no signal (dup_check=False)
12:27:22 robot_arb INFO Z=2.31 (threshold=2.5) — no signal (dup_check=False)
12:27:22 robot_arb INFO Z=2.31 (threshold=2.5) — no signal (dup_check=False)
12:27:23 robot_arb INFO ⚠️ CHECK_ENTRY returned signal: {'action': 'entry', 'side': 'short_basis', 'z': 2.9003133043723808, 'basis': 8656.5, 'price_a': 93.05, 'price_b': 9587.0}
12:27:23 robot_arb INFO ENTRY SIGNAL short_basis | Z=2.90 basis=8656.50 | A=93.05 B=9587.00 | limit buy 10 @ 93.06 | market sell 1 @ 9582.21
12:27:23 orders_arb INFO gRPC sending: limit buy 10 GAZP@MISX acc=1225950 @ 93.06
12:27:23 orders_arb ERROR gRPC order error (GAZP@RTSX buy 10@93.06): code=StatusCode.INTERNAL details=Jwt token check failed: UNAUTHENTICATED: Token is expired
12:27:23 orders_arb WARNING gRPC limit failed, falling back to DP server
12:27:23 orders_arb ERROR Limit order error (GAZP@RTSX buy 10@93.06): no response
12:27:23 robot_arb WARNING Entry failed: leg_a_place_failed
12:29:44 robot_arb INFO ⚠️ CHECK_ENTRY returned signal: {'action': 'entry', 'side': 'short_basis', 'z': 3.1537812431385204, 'basis': 8639.4, 'price_a': 92.86, 'price_b': 9568.0}
12:29:44 robot_arb INFO ENTRY SIGNAL short_basis | Z=3.15 basis=8639.40 | A=92.86 B=9568.00 | limit buy 10 @ 92.87 | market sell 1 @ 9563.22
12:29:44 orders_arb INFO gRPC sending: limit buy 10 GAZP@MISX acc=1225950 @ 92.87
12:29:44 orders_arb ERROR gRPC order error (GAZP@RTSX buy 10@92.87): code=StatusCode.INTERNAL details=Jwt token check failed: UNAUTHENTICATED: Token is expired
12:29:44 orders_arb WARNING gRPC limit failed, falling back to DP server
12:29:44 orders_arb ERROR Limit order error (GAZP@RTSX buy 10@92.87): no response
12:29:44 robot_arb WARNING Entry failed: leg_a_place_failed
12:29:45 robot_arb INFO Z=3.15 (threshold=2.5) — no signal (dup_check=LOCKED)
12:29:45 robot_arb INFO Z=3.06 (threshold=2.5) — no signal (dup_check=LOCKED)
12:29:46 robot_arb INFO Z=3.06 (threshold=2.5) — no signal (dup_check=LOCKED)
12:29:50 robot_arb INFO ⚠️ CHECK_ENTRY returned signal: {'action': 'entry', 'side': 'short_basis', 'z': 2.9790009368146553, 'basis': 8643.0, 'price_a': 92.9, 'price_b': 9572.0}
12:29:50 robot_arb INFO ENTRY SIGNAL short_basis | Z=2.98 basis=8643.00 | A=92.90 B=9572.00 | limit buy 10 @ 92.92 | market sell 1 @ 9567.21
12:29:50 orders_arb INFO gRPC sending: limit buy 10 GAZP@MISX acc=1225950 @ 92.92
12:29:50 orders_arb ERROR gRPC order error (GAZP@RTSX buy 10@92.92): code=StatusCode.INTERNAL details=Jwt token check failed: UNAUTHENTICATED: Token is expired
12:29:50 orders_arb WARNING gRPC limit failed, falling back to DP server
12:29:50 orders_arb ERROR Limit order error (GAZP@RTSX buy 10@92.92): no response
12:29:50 robot_arb WARNING Entry failed: leg_a_place_failed
12:29:50 robot_arb INFO Z=2.90 (threshold=2.5) — no signal (dup_check=LOCKED)
12:29:51 robot_arb INFO Z=2.90 (threshold=2.5) — no signal (dup_check=LOCKED)
12:29:51 robot_arb INFO Z=2.83 (threshold=2.5) — no signal (dup_check=LOCKED)
12:30:07 robot_arb INFO ⚠️ CHECK_ENTRY returned signal: {'action': 'entry', 'side': 'short_basis', 'z': 3.291997534494639, 'basis': 8647.7, 'price_a': 92.93, 'price_b': 9577.0}
12:30:07 robot_arb INFO ENTRY SIGNAL short_basis | Z=3.29 basis=8647.70 | A=92.93 B=9577.00 | limit buy 10 @ 92.94 | market sell 1 @ 9572.21
12:30:07 orders_arb INFO gRPC sending: limit buy 10 GAZP@MISX acc=1225950 @ 92.94
12:30:08 orders_arb ERROR gRPC order error (GAZP@RTSX buy 10@92.94): code=StatusCode.INTERNAL details=Jwt token check failed: UNAUTHENTICATED: Token is expired
12:30:08 orders_arb WARNING gRPC limit failed, falling back to DP server
12:30:08 orders_arb ERROR Limit order error (GAZP@RTSX buy 10@92.94): no response
12:30:08 robot_arb WARNING Entry failed: leg_a_place_failed
12:30:33 robot_arb INFO ⚠️ CHECK_ENTRY returned signal: {'action': 'entry', 'side': 'short_basis', 'z': 2.6798935447889263, 'basis': 8646.8, 'price_a': 92.92, 'price_b': 9576.0}
12:30:33 robot_arb INFO ENTRY SIGNAL short_basis | Z=2.68 basis=8646.80 | A=92.92 B=9576.00 | limit buy 10 @ 92.95 | market sell 1 @ 9571.21
12:30:33 orders_arb INFO gRPC sending: limit buy 10 GAZP@MISX acc=1225950 @ 92.95
12:30:34 orders_arb ERROR gRPC order error (GAZP@RTSX buy 10@92.95): code=StatusCode.INTERNAL details=Jwt token check failed: UNAUTHENTICATED: Token is expired
12:30:34 orders_arb WARNING gRPC limit failed, falling back to DP server
12:30:34 orders_arb ERROR Limit order error (GAZP@RTSX buy 10@92.95): no response
12:30:34 robot_arb WARNING Entry failed: leg_a_place_failed
12:30:34 robot_arb INFO Z=2.62 (threshold=2.5) — no signal (dup_check=LOCKED)
12:30:35 robot_arb INFO Z=2.62 (threshold=2.5) — no signal (dup_check=LOCKED)
12:30:35 robot_arb INFO Z=2.56 (threshold=2.5) — no signal (dup_check=LOCKED)
12:30:36 robot_arb INFO ⚠️ CHECK_ENTRY returned signal: {'action': 'entry', 'side': 'short_basis', 'z': 2.561941430658091, 'basis': 8646.8, 'price_a': 92.92, 'price_b': 9576.0}
12:30:36 robot_arb INFO ENTRY SIGNAL short_basis | Z=2.56 basis=8646.80 | A=92.92 B=9576.00 | limit buy 10 @ 92.95 | market sell 1 @ 9571.21
12:30:36 orders_arb INFO gRPC sending: limit buy 10 GAZP@MISX acc=1225950 @ 92.95
12:30:36 orders_arb ERROR gRPC order error (GAZP@RTSX buy 10@92.95): code=StatusCode.INTERNAL details=Jwt token check failed: UNAUTHENTICATED: Token is expired
12:30:36 orders_arb WARNING gRPC limit failed, falling back to DP server
12:30:36 orders_arb ERROR Limit order error (GAZP@RTSX buy 10@92.95): no response
12:30:36 robot_arb WARNING Entry failed: leg_a_place_failed
12:30:37 robot_arb INFO Z=2.51 (threshold=2.5) — no signal (dup_check=LOCKED)
12:30:37 robot_arb INFO Z=2.51 (threshold=2.5) — no signal (dup_check=LOCKED)
12:30:38 robot_arb INFO Z=2.46 (threshold=2.5) — no signal (dup_check=LOCKED)
12:30:38 robot_arb INFO Z=2.46 (threshold=2.5) — no signal (dup_check=False)
12:33:30 robot_arb INFO ⚠️ CHECK_ENTRY returned signal: {'action': 'entry', 'side': 'short_basis', 'z': 5.567766194457533, 'basis': 8638.7, 'price_a': 92.73, 'price_b': 9566.0}
12:33:30 robot_arb INFO ENTRY SIGNAL short_basis | Z=5.57 basis=8638.70 | A=92.73 B=9566.00 | limit buy 10 @ 92.74 | market sell 1 @ 9561.22
12:33:30 orders_arb INFO gRPC sending: limit buy 10 GAZP@MISX acc=1225950 @ 92.74
12:33:30 orders_arb ERROR gRPC order error (GAZP@RTSX buy 10@92.74): code=StatusCode.INTERNAL details=Jwt token check failed: UNAUTHENTICATED: Token is expired
12:33:30 orders_arb WARNING gRPC limit failed, falling back to DP server
12:33:30 orders_arb ERROR Limit order error (GAZP@RTSX buy 10@92.74): no response
12:33:30 robot_arb WARNING Entry failed: leg_a_place_failed
12:33:30 robot_arb INFO Z=5.57 (threshold=2.5) — no signal (dup_check=LOCKED)
12:33:31 robot_arb INFO Z=5.16 (threshold=2.5) — no signal (dup_check=LOCKED)
12:33:31 robot_arb INFO Z=5.16 (threshold=2.5) — no signal (dup_check=LOCKED)
12:33:32 robot_arb INFO ⚠️ CHECK_ENTRY returned signal: {'action': 'entry', 'side': 'short_basis', 'z': 4.828627176758363, 'basis': 8638.7, 'price_a': 92.73, 'price_b': 9566.0}
12:33:32 robot_arb INFO ENTRY SIGNAL short_basis | Z=4.83 basis=8638.70 | A=92.73 B=9566.00 | limit buy 10 @ 92.74 | market sell 1 @ 9561.22
12:33:32 orders_arb INFO gRPC sending: limit buy 10 GAZP@MISX acc=1225950 @ 92.74
12:33:32 orders_arb ERROR gRPC order error (GAZP@RTSX buy 10@92.74): code=StatusCode.INTERNAL details=Jwt token check failed: UNAUTHENTICATED: Token is expired
12:33:32 orders_arb WARNING gRPC limit failed, falling back to DP server
12:33:32 orders_arb ERROR Limit order error (GAZP@RTSX buy 10@92.74): no response
12:33:32 robot_arb WARNING Entry failed: leg_a_place_failed
12:35:35 robot_arb INFO Z=2.38 (threshold=2.5) — no signal (dup_check=False)
12:42:43 robot_arb INFO ⚠️ CHECK_ENTRY returned signal: {'action': 'entry', 'side': 'short_basis', 'z': 2.5257894325658032, 'basis': 8599.4, 'price_a': 92.46, 'price_b': 9524.0}
12:42:43 robot_arb INFO ENTRY SIGNAL short_basis | Z=2.53 basis=8599.40 | A=92.46 B=9524.00 | limit buy 10 @ 92.48 | market sell 1 @ 9519.24
12:42:43 orders_arb INFO gRPC sending: limit buy 10 GAZP@MISX acc=1225950 @ 92.48
12:42:43 orders_arb ERROR gRPC order error (GAZP@RTSX buy 10@92.48): code=StatusCode.INTERNAL details=Jwt token check failed: UNAUTHENTICATED: Token is expired
12:42:43 orders_arb WARNING gRPC limit failed, falling back to DP server
12:42:48 orders_arb ERROR Limit order exception: HTTPConnectionPool(host='localhost', port=5060): Read timed out. (read timeout=5.0)
12:42:48 robot_arb WARNING Entry failed: leg_a_place_failed
12:42:49 robot_arb INFO Z=2.48 (threshold=2.5) — no signal (dup_check=LOCKED)
12:42:49 robot_arb INFO Z=2.48 (threshold=2.5) — no signal (dup_check=LOCKED)
12:42:50 robot_arb INFO Z=2.44 (threshold=2.5) — no signal (dup_check=LOCKED)
12:42:56 robot_arb INFO Z=2.31 (threshold=2.5) — no signal (dup_check=False)
12:42:56 robot_arb INFO Z=2.31 (threshold=2.5) — no signal (dup_check=False)
12:44:16 robot_arb INFO Z=2.35 (threshold=2.5) — no signal (dup_check=False)
12:44:17 robot_arb INFO Z=2.30 (threshold=2.5) — no signal (dup_check=False)
12:44:17 robot_arb INFO Z=2.30 (threshold=2.5) — no signal (dup_check=False)
12:44:21 robot_arb INFO ⚠️ CHECK_ENTRY returned signal: {'action': 'entry', 'side': 'short_basis', 'z': 2.554003721635982, 'basis': 8601.4, 'price_a': 92.46, 'price_b': 9526.0}
12:44:21 robot_arb INFO ENTRY SIGNAL short_basis | Z=2.55 basis=8601.40 | A=92.46 B=9526.00 | limit buy 10 @ 92.48 | market sell 1 @ 9521.24
12:44:21 orders_arb INFO gRPC sending: limit buy 10 GAZP@MISX acc=1225950 @ 92.48
12:44:21 orders_arb ERROR gRPC order error (GAZP@RTSX buy 10@92.48): code=StatusCode.INTERNAL details=Jwt token check failed: UNAUTHENTICATED: Token is expired
12:44:21 orders_arb WARNING gRPC limit failed, falling back to DP server
12:44:26 orders_arb ERROR Limit order exception: HTTPConnectionPool(host='localhost', port=5060): Read timed out. (read timeout=5.0)
12:44:26 robot_arb WARNING Entry failed: leg_a_place_failed
12:45:02 robot_arb INFO ⚠️ CHECK_ENTRY returned signal: {'action': 'entry', 'side': 'short_basis', 'z': 2.8018344595026035, 'basis': 8599.8, 'price_a': 92.42, 'price_b': 9524.0}
12:45:02 robot_arb INFO ENTRY SIGNAL short_basis | Z=2.80 basis=8599.80 | A=92.42 B=9524.00 | limit buy 10 @ 92.43 | market sell 1 @ 9519.24
12:45:02 orders_arb INFO gRPC sending: limit buy 10 GAZP@MISX acc=1225950 @ 92.43
12:45:02 orders_arb ERROR gRPC order error (GAZP@RTSX buy 10@92.43): code=StatusCode.INTERNAL details=Jwt token check failed: UNAUTHENTICATED: Token is expired
12:45:02 orders_arb WARNING gRPC limit failed, falling back to DP server
12:45:07 orders_arb ERROR Limit order exception: HTTPConnectionPool(host='localhost', port=5060): Read timed out. (read timeout=5.0)
12:45:07 robot_arb WARNING Entry failed: leg_a_place_failed
12:46:17 robot_arb INFO ⚠️ CHECK_ENTRY returned signal: {'action': 'entry', 'side': 'short_basis', 'z': 4.470114194101708, 'basis': 8587.6, 'price_a': 92.24, 'price_b': 9510.0}
12:46:17 robot_arb INFO ENTRY SIGNAL short_basis | Z=4.47 basis=8587.60 | A=92.24 B=9510.00 | limit buy 10 @ 92.24 | market sell 1 @ 9505.25
12:46:17 orders_arb INFO gRPC sending: limit buy 10 GAZP@MISX acc=1225950 @ 92.24
12:46:17 orders_arb ERROR gRPC order error (GAZP@RTSX buy 10@92.24): code=StatusCode.INTERNAL details=Jwt token check failed: UNAUTHENTICATED: Token is expired
12:46:17 orders_arb WARNING gRPC limit failed, falling back to DP server
12:46:22 orders_arb ERROR Limit order exception: HTTPConnectionPool(host='localhost', port=5060): Read timed out. (read timeout=5.0)
12:46:22 robot_arb WARNING Entry failed: leg_a_place_failed
12:51:30 robot_arb INFO ⚠️ CHECK_ENTRY returned signal: {'action': 'entry', 'side': 'short_basis', 'z': 2.8440893932406874, 'basis': 8550.6, 'price_a': 91.94, 'price_b': 9470.0}
12:51:30 robot_arb INFO ENTRY SIGNAL short_basis | Z=2.84 basis=8550.60 | A=91.94 B=9470.00 | limit buy 10 @ 91.95 | market sell 1 @ 9465.26
12:51:30 orders_arb INFO gRPC sending: limit buy 10 GAZP@MISX acc=1225950 @ 91.95
12:51:31 orders_arb ERROR gRPC order error (GAZP@RTSX buy 10@91.95): code=StatusCode.INTERNAL details=Jwt token check failed: UNAUTHENTICATED: Token is expired
12:51:31 orders_arb WARNING gRPC limit failed, falling back to DP server
12:51:31 orders_arb ERROR Limit order error (GAZP@RTSX buy 10@91.95): no response
12:51:31 robot_arb WARNING Entry failed: leg_a_place_failed
12:51:31 robot_arb INFO Z=2.79 (threshold=2.5) — no signal (dup_check=LOCKED)
12:51:32 robot_arb INFO Z=2.79 (threshold=2.5) — no signal (dup_check=LOCKED)
12:51:32 robot_arb INFO Z=2.74 (threshold=2.5) — no signal (dup_check=LOCKED)
12:51:33 robot_arb INFO ⚠️ CHECK_ENTRY returned signal: {'action': 'entry', 'side': 'short_basis', 'z': 2.7368219923748307, 'basis': 8550.6, 'price_a': 91.94, 'price_b': 9470.0}
12:51:33 robot_arb INFO ENTRY SIGNAL short_basis | Z=2.74 basis=8550.60 | A=91.94 B=9470.00 | limit buy 10 @ 91.95 | market sell 1 @ 9465.26
12:51:33 orders_arb INFO gRPC sending: limit buy 10 GAZP@MISX acc=1225950 @ 91.95
12:51:33 orders_arb ERROR gRPC order error (GAZP@RTSX buy 10@91.95): code=StatusCode.INTERNAL details=Jwt token check failed: UNAUTHENTICATED: Token is expired
12:51:33 orders_arb WARNING gRPC limit failed, falling back to DP server
12:51:33 orders_arb ERROR Limit order error (GAZP@RTSX buy 10@91.95): no response
12:51:33 robot_arb WARNING Entry failed: leg_a_place_failed
12:52:44 robot_arb INFO Z=2.45 (threshold=2.5) — no signal (dup_check=False)
12:55:58 robot_arb INFO ⚠️ CHECK_ENTRY returned signal: {'action': 'entry', 'side': 'short_basis', 'z': 2.947285096314622, 'basis': 8532.4, 'price_a': 91.76, 'price_b': 9450.0}
12:55:58 robot_arb INFO ENTRY SIGNAL short_basis | Z=2.95 basis=8532.40 | A=91.76 B=9450.00 | limit buy 10 @ 91.76 | market sell 1 @ 9445.27
12:55:58 orders_arb INFO gRPC sending: limit buy 10 GAZP@MISX acc=1225950 @ 91.76
12:55:58 orders_arb ERROR gRPC order error (GAZP@RTSX buy 10@91.76): code=StatusCode.INTERNAL details=Jwt token check failed: UNAUTHENTICATED: Token is expired
12:55:58 orders_arb WARNING gRPC limit failed, falling back to DP server
12:55:58 orders_arb ERROR Limit order error (GAZP@RTSX buy 10@91.76): no response
12:55:58 robot_arb WARNING Entry failed: leg_a_place_failed
12:55:58 robot_arb INFO Z=2.95 (threshold=2.5) — no signal (dup_check=LOCKED)
12:55:59 robot_arb INFO Z=2.91 (threshold=2.5) — no signal (dup_check=LOCKED)
12:55:59 robot_arb INFO Z=2.91 (threshold=2.5) — no signal (dup_check=LOCKED)
12:56:00 robot_arb INFO ⚠️ CHECK_ENTRY returned signal: {'action': 'entry', 'side': 'short_basis', 'z': 2.885784329462648, 'basis': 8532.4, 'price_a': 91.76, 'price_b': 9450.0}
12:56:00 robot_arb INFO ENTRY SIGNAL short_basis | Z=2.89 basis=8532.40 | A=91.76 B=9450.00 | limit buy 10 @ 91.76 | market sell 1 @ 9445.27
12:56:00 orders_arb INFO gRPC sending: limit buy 10 GAZP@MISX acc=1225950 @ 91.76
12:56:00 orders_arb ERROR gRPC order error (GAZP@RTSX buy 10@91.76): code=StatusCode.INTERNAL details=Jwt token check failed: UNAUTHENTICATED: Token is expired
12:56:00 orders_arb WARNING gRPC limit failed, falling back to DP server
12:56:00 orders_arb ERROR Limit order error (GAZP@RTSX buy 10@91.76): no response
12:56:00 robot_arb WARNING Entry failed: leg_a_place_failed
12:56:55 robot_arb INFO ⚠️ CHECK_ENTRY returned signal: {'action': 'entry', 'side': 'short_basis', 'z': 2.84177233138967, 'basis': 8515.3, 'price_a': 91.57, 'price_b': 9431.0}
12:56:55 robot_arb INFO ENTRY SIGNAL short_basis | Z=2.84 basis=8515.30 | A=91.57 B=9431.00 | limit buy 10 @ 91.57 | market sell 1 @ 9426.28
12:56:55 orders_arb INFO gRPC sending: limit buy 10 GAZP@MISX acc=1225950 @ 91.57
12:56:55 orders_arb ERROR gRPC order error (GAZP@RTSX buy 10@91.57): code=StatusCode.INTERNAL details=Jwt token check failed: UNAUTHENTICATED: Token is expired
12:56:55 orders_arb WARNING gRPC limit failed, falling back to DP server
12:56:55 orders_arb ERROR Limit order error (GAZP@RTSX buy 10@91.57): no response
12:56:55 robot_arb WARNING Entry failed: leg_a_place_failed
12:56:56 robot_arb INFO Z=2.84 (threshold=2.5) — no signal (dup_check=LOCKED)
12:56:56 robot_arb INFO Z=2.77 (threshold=2.5) — no signal (dup_check=LOCKED)
12:56:57 robot_arb INFO Z=2.77 (threshold=2.5) — no signal (dup_check=LOCKED)
12:56:57 robot_arb INFO ⚠️ CHECK_ENTRY returned signal: {'action': 'entry', 'side': 'short_basis', 'z': 2.707798458910801, 'basis': 8515.3, 'price_a': 91.57, 'price_b': 9431.0}
12:56:57 robot_arb INFO ENTRY SIGNAL short_basis | Z=2.71 basis=8515.30 | A=91.57 B=9431.00 | limit buy 10 @ 91.57 | market sell 1 @ 9426.28
12:56:57 orders_arb INFO gRPC sending: limit buy 10 GAZP@MISX acc=1225950 @ 91.57
12:56:57 orders_arb ERROR gRPC order error (GAZP@RTSX buy 10@91.57): code=StatusCode.INTERNAL details=Jwt token check failed: UNAUTHENTICATED: Token is expired
12:56:57 orders_arb WARNING gRPC limit failed, falling back to DP server
12:56:58 orders_arb ERROR Limit order error (GAZP@RTSX buy 10@91.57): no response
12:56:58 robot_arb WARNING Entry failed: leg_a_place_failed
12:56:58 robot_arb INFO Z=2.71 (threshold=2.5) — no signal (dup_check=LOCKED)
12:56:59 robot_arb INFO Z=2.65 (threshold=2.5) — no signal (dup_check=LOCKED)
12:56:59 robot_arb INFO Z=2.65 (threshold=2.5) — no signal (dup_check=LOCKED)
12:57:00 robot_arb INFO ⚠️ CHECK_ENTRY returned signal: {'action': 'entry', 'side': 'short_basis', 'z': 2.588714272604663, 'basis': 8515.3, 'price_a': 91.57, 'price_b': 9431.0}
12:57:00 robot_arb INFO ENTRY SIGNAL short_basis | Z=2.59 basis=8515.30 | A=91.57 B=9431.00 | limit buy 10 @ 91.57 | market sell 1 @ 9426.28
12:57:00 orders_arb INFO gRPC sending: limit buy 10 GAZP@MISX acc=1225950 @ 91.57
12:57:00 orders_arb ERROR gRPC order error (GAZP@RTSX buy 10@91.57): code=StatusCode.INTERNAL details=Jwt token check failed: UNAUTHENTICATED: Token is expired
12:57:00 orders_arb WARNING gRPC limit failed, falling back to DP server
12:57:00 orders_arb ERROR Limit order error (GAZP@RTSX buy 10@91.57): no response
12:57:00 robot_arb WARNING Entry failed: leg_a_place_failed
12:57:00 robot_arb INFO Z=3.45 (threshold=2.5) — no signal (dup_check=LOCKED)
12:57:01 robot_arb INFO Z=3.34 (threshold=2.5) — no signal (dup_check=LOCKED)
12:58:46 robot_arb INFO Z=2.32 (threshold=2.5) — no signal (dup_check=False)
12:58:46 robot_arb INFO Z=2.32 (threshold=2.5) — no signal (dup_check=False)
13:02:01 robot_arb INFO ⚠️ CHECK_ENTRY returned signal: {'action': 'entry', 'side': 'short_basis', 'z': 2.5626959079358573, 'basis': 8526.9, 'price_a': 91.71, 'price_b': 9444.0}
13:02:01 robot_arb INFO ENTRY SIGNAL short_basis | Z=2.56 basis=8526.90 | A=91.71 B=9444.00 | limit buy 10 @ 91.72 | market sell 1 @ 9439.28
13:02:01 orders_arb INFO gRPC sending: limit buy 10 GAZP@MISX acc=1225950 @ 91.72
13:02:02 orders_arb ERROR gRPC order error (GAZP@RTSX buy 10@91.72): code=StatusCode.INTERNAL details=Jwt token check failed: UNAUTHENTICATED: Token is expired
13:02:02 orders_arb WARNING gRPC limit failed, falling back to DP server
13:02:02 orders_arb ERROR Limit order error (GAZP@RTSX buy 10@91.72): no response
13:02:02 robot_arb WARNING Entry failed: leg_a_place_failed
13:02:02 robot_arb INFO Z=2.52 (threshold=2.5) — no signal (dup_check=LOCKED)
13:02:03 robot_arb INFO Z=2.52 (threshold=2.5) — no signal (dup_check=LOCKED)
13:02:03 robot_arb INFO Z=2.47 (threshold=2.5) — no signal (dup_check=LOCKED)
13:02:04 robot_arb INFO Z=2.47 (threshold=2.5) — no signal (dup_check=False)
13:02:04 robot_arb INFO Z=2.43 (threshold=2.5) — no signal (dup_check=False)
13:02:05 robot_arb INFO Z=2.43 (threshold=2.5) — no signal (dup_check=False)
13:02:05 robot_arb INFO Z=2.39 (threshold=2.5) — no signal (dup_check=False)
13:02:06 robot_arb INFO Z=2.39 (threshold=2.5) — no signal (dup_check=False)
13:03:38 robot_arb INFO ⚠️ CHECK_ENTRY returned signal: {'action': 'entry', 'side': 'short_basis', 'z': 2.9665912335322737, 'basis': 8566.5, 'price_a': 92.15, 'price_b': 9488.0}
13:03:38 robot_arb INFO ENTRY SIGNAL short_basis | Z=2.97 basis=8566.50 | A=92.15 B=9488.00 | limit buy 10 @ 92.12 | market sell 1 @ 9483.26
13:03:38 orders_arb INFO gRPC sending: limit buy 10 GAZP@MISX acc=1225950 @ 92.12
13:03:38 orders_arb ERROR gRPC order error (GAZP@RTSX buy 10@92.12): code=StatusCode.INTERNAL details=Jwt token check failed: UNAUTHENTICATED: Token is expired
13:03:38 orders_arb WARNING gRPC limit failed, falling back to DP server
13:03:38 orders_arb ERROR Limit order error (GAZP@RTSX buy 10@92.12): no response
13:03:38 robot_arb WARNING Entry failed: leg_a_place_failed
13:03:38 robot_arb INFO Z=2.89 (threshold=2.5) — no signal (dup_check=LOCKED)
13:03:39 robot_arb INFO Z=2.89 (threshold=2.5) — no signal (dup_check=LOCKED)
13:03:39 robot_arb INFO Z=2.82 (threshold=2.5) — no signal (dup_check=LOCKED)
13:03:40 robot_arb INFO ⚠️ CHECK_ENTRY returned signal: {'action': 'entry', 'side': 'short_basis', 'z': 2.8186009916762713, 'basis': 8566.5, 'price_a': 92.15, 'price_b': 9488.0}
13:03:40 robot_arb INFO ENTRY SIGNAL short_basis | Z=2.82 basis=8566.50 | A=92.15 B=9488.00 | limit buy 10 @ 92.12 | market sell 1 @ 9483.26
13:03:40 orders_arb INFO gRPC sending: limit buy 10 GAZP@MISX acc=1225950 @ 92.12
13:03:40 orders_arb ERROR gRPC order error (GAZP@RTSX buy 10@92.12): code=StatusCode.INTERNAL details=Jwt token check failed: UNAUTHENTICATED: Token is expired
13:03:40 orders_arb WARNING gRPC limit failed, falling back to DP server
13:03:40 orders_arb ERROR Limit order error (GAZP@RTSX buy 10@92.12): no response
13:03:40 robot_arb WARNING Entry failed: leg_a_place_failed
13:03:40 robot_arb INFO Z=2.76 (threshold=2.5) — no signal (dup_check=LOCKED)
13:03:41 robot_arb INFO Z=2.76 (threshold=2.5) — no signal (dup_check=LOCKED)
13:03:41 robot_arb INFO Z=2.71 (threshold=2.5) — no signal (dup_check=LOCKED)
13:03:42 robot_arb INFO ⚠️ CHECK_ENTRY returned signal: {'action': 'entry', 'side': 'short_basis', 'z': 2.709347605822586, 'basis': 8566.5, 'price_a': 92.15, 'price_b': 9488.0}
13:03:42 robot_arb INFO ENTRY SIGNAL short_basis | Z=2.71 basis=8566.50 | A=92.15 B=9488.00 | limit buy 10 @ 92.12 | market sell 1 @ 9483.26
13:03:42 orders_arb INFO gRPC sending: limit buy 10 GAZP@MISX acc=1225950 @ 92.12
13:03:42 orders_arb ERROR gRPC order error (GAZP@RTSX buy 10@92.12): code=StatusCode.INTERNAL details=Jwt token check failed: UNAUTHENTICATED: Token is expired
13:03:42 orders_arb WARNING gRPC limit failed, falling back to DP server
13:03:42 orders_arb ERROR Limit order error (GAZP@RTSX buy 10@92.12): no response
13:03:42 robot_arb WARNING Entry failed: leg_a_place_failed
13:03:53 robot_arb INFO Z=2.32 (threshold=2.5) — no signal (dup_check=False)
13:03:53 robot_arb INFO Z=2.32 (threshold=2.5) — no signal (dup_check=False)
13:03:58 robot_arb INFO ⚠️ CHECK_ENTRY returned signal: {'action': 'entry', 'side': 'short_basis', 'z': 3.0033166965967117, 'basis': 8567.5, 'price_a': 92.15, 'price_b': 9489.0}
13:03:58 robot_arb INFO ENTRY SIGNAL short_basis | Z=3.00 basis=8567.50 | A=92.15 B=9489.00 | limit buy 10 @ 92.19 | market sell 1 @ 9484.26
13:03:58 orders_arb INFO gRPC sending: limit buy 10 GAZP@MISX acc=1225950 @ 92.19
13:03:58 orders_arb ERROR gRPC order error (GAZP@RTSX buy 10@92.19): code=StatusCode.INTERNAL details=Jwt token check failed: UNAUTHENTICATED: Token is expired
13:03:58 orders_arb WARNING gRPC limit failed, falling back to DP server
13:03:58 orders_arb ERROR Limit order error (GAZP@RTSX buy 10@92.19): no response
13:03:58 robot_arb WARNING Entry failed: leg_a_place_failed
13:03:59 robot_arb INFO Z=2.93 (threshold=2.5) — no signal (dup_check=LOCKED)
13:03:59 robot_arb INFO Z=2.93 (threshold=2.5) — no signal (dup_check=LOCKED)
13:04:00 robot_arb INFO Z=2.85 (threshold=2.5) — no signal (dup_check=LOCKED)
13:04:00 robot_arb INFO ⚠️ CHECK_ENTRY returned signal: {'action': 'entry', 'side': 'short_basis', 'z': 2.8517952108511744, 'basis': 8567.5, 'price_a': 92.15, 'price_b': 9489.0}
13:04:00 robot_arb INFO ENTRY SIGNAL short_basis | Z=2.85 basis=8567.50 | A=92.15 B=9489.00 | limit buy 10 @ 92.19 | market sell 1 @ 9484.26
13:04:00 orders_arb INFO gRPC sending: limit buy 10 GAZP@MISX acc=1225950 @ 92.19
13:04:00 orders_arb ERROR gRPC order error (GAZP@RTSX buy 10@92.19): code=StatusCode.INTERNAL details=Jwt token check failed: UNAUTHENTICATED: Token is expired
13:04:00 orders_arb WARNING gRPC limit failed, falling back to DP server
13:04:00 orders_arb ERROR Limit order error (GAZP@RTSX buy 10@92.19): no response
13:04:00 robot_arb WARNING Entry failed: leg_a_place_failed
13:04:01 robot_arb INFO Z=2.79 (threshold=2.5) — no signal (dup_check=LOCKED)
13:04:01 robot_arb INFO Z=2.79 (threshold=2.5) — no signal (dup_check=LOCKED)
13:04:02 robot_arb INFO Z=2.73 (threshold=2.5) — no signal (dup_check=LOCKED)
13:04:02 robot_arb INFO ⚠️ CHECK_ENTRY returned signal: {'action': 'entry', 'side': 'short_basis', 'z': 2.7269330649613326, 'basis': 8567.5, 'price_a': 92.15, 'price_b': 9489.0}
13:04:02 robot_arb INFO ENTRY SIGNAL short_basis | Z=2.73 basis=8567.50 | A=92.15 B=9489.00 | limit buy 10 @ 92.19 | market sell 1 @ 9484.26
13:04:02 orders_arb INFO gRPC sending: limit buy 10 GAZP@MISX acc=1225950 @ 92.19
13:04:02 orders_arb ERROR gRPC order error (GAZP@RTSX buy 10@92.19): code=StatusCode.INTERNAL details=Jwt token check failed: UNAUTHENTICATED: Token is expired
13:04:02 orders_arb WARNING gRPC limit failed, falling back to DP server
13:04:02 orders_arb ERROR Limit order error (GAZP@RTSX buy 10@92.19): no response
13:04:02 robot_arb WARNING Entry failed: leg_a_place_failed
13:04:03 robot_arb INFO Z=3.12 (threshold=2.5) — no signal (dup_check=LOCKED)
13:04:04 robot_arb INFO Z=3.03 (threshold=2.5) — no signal (dup_check=LOCKED)
13:04:04 robot_arb INFO ⚠️ CHECK_ENTRY returned signal: {'action': 'entry', 'side': 'short_basis', 'z': 3.029519546167935, 'basis': 8571.2, 'price_a': 92.18, 'price_b': 9493.0}
13:04:04 robot_arb INFO ENTRY SIGNAL short_basis | Z=3.03 basis=8571.20 | A=92.18 B=9493.00 | limit buy 10 @ 92.19 | market sell 1 @ 9488.25
13:04:04 orders_arb INFO gRPC sending: limit buy 10 GAZP@MISX acc=1225950 @ 92.19
13:04:04 orders_arb ERROR gRPC order error (GAZP@RTSX buy 10@92.19): code=StatusCode.INTERNAL details=Jwt token check failed: UNAUTHENTICATED: Token is expired
13:04:04 orders_arb WARNING gRPC limit failed, falling back to DP server
13:04:05 orders_arb ERROR Limit order error (GAZP@RTSX buy 10@92.19): no response
13:04:05 robot_arb WARNING Entry failed: leg_a_place_failed
13:04:05 robot_arb INFO Z=2.95 (threshold=2.5) — no signal (dup_check=LOCKED)
13:04:06 robot_arb INFO Z=2.95 (threshold=2.5) — no signal (dup_check=LOCKED)
13:04:06 robot_arb INFO Z=2.87 (threshold=2.5) — no signal (dup_check=LOCKED)
13:04:07 robot_arb INFO ⚠️ CHECK_ENTRY returned signal: {'action': 'entry', 'side': 'short_basis', 'z': 2.8728448142076854, 'basis': 8571.2, 'price_a': 92.18, 'price_b': 9493.0}
13:04:07 robot_arb INFO ENTRY SIGNAL short_basis | Z=2.87 basis=8571.20 | A=92.18 B=9493.00 | limit buy 10 @ 92.19 | market sell 1 @ 9488.25
13:04:07 orders_arb INFO gRPC sending: limit buy 10 GAZP@MISX acc=1225950 @ 92.19
13:04:07 orders_arb ERROR gRPC order error (GAZP@RTSX buy 10@92.19): code=StatusCode.INTERNAL details=Jwt token check failed: UNAUTHENTICATED: Token is expired
13:04:07 orders_arb WARNING gRPC limit failed, falling back to DP server
13:04:07 orders_arb ERROR Limit order error (GAZP@RTSX buy 10@92.19): no response
13:04:07 robot_arb WARNING Entry failed: leg_a_place_failed
13:04:07 robot_arb INFO Z=2.80 (threshold=2.5) — no signal (dup_check=LOCKED)
13:04:08 robot_arb INFO Z=2.80 (threshold=2.5) — no signal (dup_check=LOCKED)
13:04:08 robot_arb INFO Z=2.73 (threshold=2.5) — no signal (dup_check=LOCKED)
13:04:09 robot_arb INFO ⚠️ CHECK_ENTRY returned signal: {'action': 'entry', 'side': 'short_basis', 'z': 2.7334260673420068, 'basis': 8571.2, 'price_a': 92.18, 'price_b': 9493.0}
13:04:09 robot_arb INFO ENTRY SIGNAL short_basis | Z=2.73 basis=8571.20 | A=92.18 B=9493.00 | limit buy 10 @ 92.19 | market sell 1 @ 9488.25
13:04:09 orders_arb INFO gRPC sending: limit buy 10 GAZP@MISX acc=1225950 @ 92.19
13:04:09 orders_arb ERROR gRPC order error (GAZP@RTSX buy 10@92.19): code=StatusCode.INTERNAL details=Jwt token check failed: UNAUTHENTICATED: Token is expired
13:04:09 orders_arb WARNING gRPC limit failed, falling back to DP server
13:04:09 orders_arb ERROR Limit order error (GAZP@RTSX buy 10@92.19): no response
13:04:09 robot_arb WARNING Entry failed: leg_a_place_failed
13:09:58 robot_arb INFO Signal 15 — shutting down...
13:10:01 robot_arb INFO === Arbitrage Robot v1 ===
13:10:01 robot_arb INFO Pair: GAZP / GZU6
13:10:01 robot_arb INFO Account: 1225953 | Port: 5090 | Paper: False
13:10:01 robot_arb INFO Params: entry_z=2.5 lookback=200 lots_a=10 lots_b=1 hedge_ratio=10
13:10:01 robot_arb INFO Min profit: rub=3.3
13:10:01 robot_arb INFO Risk: stop_loss_rub=500000
13:10:02 robot_arb INFO State loaded: pnl=-11892 trades=216 mode=stopped
13:14:26 robot_arb INFO === Arbitrage Robot v1 ===
13:14:26 robot_arb INFO Pair: GAZP / GZU6
13:14:26 robot_arb INFO Account: 1225953 | Port: 5090 | Paper: False
13:14:26 robot_arb INFO Params: entry_z=2.5 lookback=200 lots_a=10 lots_b=1 hedge_ratio=10
13:14:26 robot_arb INFO Min profit: rub=3.3
13:14:26 robot_arb INFO Risk: stop_loss_rub=500000
13:14:26 robot_arb INFO State loaded: pnl=-11892 trades=216 mode=stopped
13:14:26 robot_arb INFO FinamPy connected. Accounts: ['1225950', '1225951', '1225952', '1225953']
13:14:26 robot_arb INFO Orders manager linked to FinamPy gRPC
13:14:26 robot_arb INFO Subscribed OrderBook: GAZP@RTSX, GZU6@RTSX
13:14:26 robot_arb INFO Subscribed Quotes: GAZP@RTSX, GZU6@RTSX
13:14:26 robot_arb INFO Warmup: waiting 10 sec for data streams...
13:14:36 robot_arb INFO Warmup done. OB_A: False OB_B: False
13:14:36 robot_arb INFO MOEX ISS poller started (fallback for stock prices)
13:14:36 robot_arb INFO Main loop started
13:14:36 robot_arb INFO API listening on :5090
13:14:36 robot_arb INFO Endpoints: GET /status /health /params | POST /start /stop /pause /params
13:19:35 robot_arb INFO Mode → RUNNING
13:19:41 robot_arb INFO Mode → STOPPED
13:19:53 robot_arb INFO Mode → RUNNING
13:20:17 robot_arb INFO ⚠️ CHECK_ENTRY returned signal: {'action': 'entry', 'side': 'short_basis', 'z': 3.872206985146785, 'basis': 8586.5, 'price_a': 92.25, 'price_b': 9509.0}
13:20:17 robot_arb INFO ENTRY SIGNAL short_basis | Z=3.87 basis=8586.50 | A=92.25 B=9509.00 | limit buy 10 @ 92.25 | market sell 1 @ 9504.25
13:20:17 orders_arb INFO gRPC sending: limit buy 10 GAZP@MISX acc=1225950 @ 92.25
13:20:17 orders_arb INFO gRPC limit placed: buy 10 GAZP@MISX acc=1225950 @ 92.25 id=81236022811
13:20:23 robot_arb WARNING Entry failed: leg_a_timeout
13:21:39 robot_arb INFO ⚠️ CHECK_ENTRY returned signal: {'action': 'entry', 'side': 'short_basis', 'z': 3.842261527780552, 'basis': 8613.6, 'price_a': 92.54, 'price_b': 9539.0}
13:21:39 robot_arb INFO ENTRY SIGNAL short_basis | Z=3.84 basis=8613.60 | A=92.54 B=9539.00 | limit buy 10 @ 92.54 | market sell 1 @ 9534.23
13:21:39 orders_arb INFO gRPC sending: limit buy 10 GAZP@MISX acc=1225950 @ 92.54
13:21:39 orders_arb INFO gRPC limit placed: buy 10 GAZP@MISX acc=1225950 @ 92.54 id=81236140210
13:21:39 orders_arb INFO Leg A filled 10@92.54 → executing leg B market 1
13:21:39 orders_arb INFO gRPC sending: market sell 1 GZU6@RTSX acc=1225953 @ MKT
13:21:39 orders_arb INFO gRPC market placed: sell 1 GZU6@RTSX acc=1225953 @ MKT id=1896048076286616820
13:21:39 orders_arb INFO Leg B fill price: 9534.23
13:21:39 strategy_arb INFO LAYER #1 OPEN SHORT | A=92.54 ×10 | B=9534.23 ×1 | basis=8608.83 Z=3.84 | layers=1
13:21:39 robot_arb INFO LAYER OPEN SHORT_BASIS #1 | A=92.54 ×10 | B=9534.23 ×1 | basis=8613.60 Z=3.84 | layers=1 used_capital=11,185
13:21:40 robot_arb INFO Z=3.70 (threshold=2.5) — no signal (dup_check=LOCKED)
13:21:40 robot_arb INFO Z=3.70 (threshold=2.5) — no signal (dup_check=LOCKED)
13:21:41 robot_arb INFO Z=3.56 (threshold=2.5) — no signal (dup_check=LOCKED)
13:21:49 robot_arb INFO EXIT layer #1 reason=profit_target | limit sell 10 @ 92.58 | market buy 1 @ 9531.76
13:21:49 orders_arb INFO gRPC sending: limit sell 10 GAZP@MISX acc=1225950 @ 92.58
13:21:49 orders_arb INFO gRPC limit placed: sell 10 GAZP@MISX acc=1225950 @ 92.58 id=81236162053
13:21:54 robot_arb ERROR Exit failed layer #1: leg_a_timeout — retrying next tick
13:22:32 robot_arb INFO EXIT layer #1 reason=profit_target | limit sell 10 @ 92.34 | market buy 1 @ 9505.75
13:22:32 orders_arb INFO gRPC sending: limit sell 10 GAZP@MISX acc=1225950 @ 92.34
13:22:33 orders_arb INFO gRPC limit placed: sell 10 GAZP@MISX acc=1225950 @ 92.34 id=81236225689
13:22:33 orders_arb INFO Leg A filled 10@92.34 → executing leg B market 1
13:22:33 orders_arb INFO gRPC sending: market buy 1 GZU6@RTSX acc=1225953 @ MKT
13:22:33 orders_arb INFO gRPC market placed: buy 1 GZU6@RTSX acc=1225953 @ MKT id=1896048076286620719
13:22:33 orders_arb INFO Leg B fill price: 9505.75
13:22:33 strategy_arb INFO LAYER #1 CLOSE SHORT | PnL=+1.11₽ (gross=+8.48₽ comm=7.37₽) | reason=profit_target | hold=1min | layers=0
13:23:50 robot_arb WARNING POST /account received: {'account': '1225950'}
13:23:50 robot_arb WARNING Account change to 1225950 BLOCKED — must be 1225953 for FORTS
13:23:50 robot_arb INFO Param updated: ticker_a = GAZP (was GAZP)
13:23:50 robot_arb INFO Param updated: symbol_a = GAZP@RTSX (was GAZP@RTSX)
13:23:50 robot_arb INFO Param updated: ticker_b = GZU6 (was GZU6)
13:23:50 robot_arb INFO Param updated: symbol_b = GZU6@RTSX (was GZU6@RTSX)
13:23:50 robot_arb INFO Param updated: lots_a = 10 (was 10)
13:23:50 robot_arb INFO Param updated: lots_b = 1 (was 1)
13:23:50 robot_arb INFO Param updated: hedge_ratio = 10 (was 10)
13:23:50 robot_arb INFO Param updated: capital = 20000 (was 20000)
13:23:50 robot_arb INFO Param updated: entry_z = 2.5 (was 2.5)
13:23:50 robot_arb INFO Param updated: entry_z_long = -5.7 (was -5.7)
13:23:50 robot_arb INFO Param updated: entry_mode = zscore (was zscore)
13:23:50 robot_arb INFO Param updated: spread_rub_high = 312 (was 312)
13:23:50 robot_arb INFO Param updated: spread_rub_low = 270 (was 270)
13:23:50 robot_arb INFO Param updated: risk_free_rate = 0.1425 (was 0.1425)
13:23:50 robot_arb INFO Param updated: expiration_date = 2026-09-18 (was 2026-09-18)
13:23:50 robot_arb INFO Param updated: contract_size = 100 (was 100)
13:23:50 robot_arb INFO Param updated: lookback = 200 (was 200)
13:23:50 robot_arb INFO Param updated: leg_a_timeout = 5 (was 5)
13:23:50 robot_arb INFO Param updated: min_fill_ratio = 0.5 (was 0.5)
13:23:50 robot_arb INFO Param updated: min_profit_type = rub (was rub)
13:23:50 robot_arb INFO Param updated: min_profit_value = 5 (was 3.3)
13:23:50 robot_arb INFO Param updated: risk_type = stop_loss_rub (was stop_loss_rub)
13:23:50 robot_arb INFO Param updated: risk_value = 500000 (was 500000)
13:23:50 robot_arb INFO Param updated: allow_long_basis = False (was False)
13:23:50 robot_arb INFO Param updated: use_commission = True (was True)
13:23:50 robot_arb INFO Param updated: commission_stock_pct = 0.035 (was 0.035)
13:23:50 robot_arb INFO Param updated: commission_futures_rt = 0.9 (was 0.9)
13:26:11 robot_arb WARNING POST /account received: {'account': '1225950'}
13:26:11 robot_arb WARNING Account change to 1225950 BLOCKED — must be 1225953 for FORTS
13:26:11 robot_arb INFO Param updated: ticker_a = GAZP (was GAZP)
13:26:11 robot_arb INFO Param updated: symbol_a = GAZP@RTSX (was GAZP@RTSX)
13:26:11 robot_arb INFO Param updated: ticker_b = GZU6 (was GZU6)
13:26:11 robot_arb INFO Param updated: symbol_b = GZU6@RTSX (was GZU6@RTSX)
13:26:11 robot_arb INFO Param updated: lots_a = 10 (was 10)
13:26:11 robot_arb INFO Param updated: lots_b = 1 (was 1)
13:26:11 robot_arb INFO Param updated: hedge_ratio = 10 (was 10)
13:26:11 robot_arb INFO Param updated: capital = 20000 (was 20000)
13:26:11 robot_arb INFO Param updated: entry_z = 2.5 (was 2.5)
13:26:11 robot_arb INFO Param updated: entry_z_long = -5.7 (was -5.7)
13:26:11 robot_arb INFO Param updated: entry_mode = zscore (was zscore)
13:26:11 robot_arb INFO Param updated: spread_rub_high = 312 (was 312)
13:26:11 robot_arb INFO Param updated: spread_rub_low = 270 (was 270)
13:26:11 robot_arb INFO Param updated: risk_free_rate = 0.1425 (was 0.1425)
13:26:11 robot_arb INFO Param updated: expiration_date = 2026-09-18 (was 2026-09-18)
13:26:11 robot_arb INFO Param updated: contract_size = 100 (was 100)
13:26:11 robot_arb INFO Param updated: lookback = 200 (was 200)
13:26:11 robot_arb INFO Param updated: leg_a_timeout = 5 (was 5)
13:26:11 robot_arb INFO Param updated: min_fill_ratio = 0.5 (was 0.5)
13:26:11 robot_arb INFO Param updated: min_profit_type = rub (was rub)
13:26:11 robot_arb INFO Param updated: min_profit_value = 5 (was 5)
13:26:11 robot_arb INFO Param updated: risk_type = stop_loss_rub (was stop_loss_rub)
13:26:11 robot_arb INFO Param updated: risk_value = 500000 (was 500000)
13:26:11 robot_arb INFO Param updated: allow_long_basis = False (was False)
13:26:11 robot_arb INFO Param updated: use_commission = True (was True)
13:26:11 robot_arb INFO Param updated: commission_stock_pct = 0.035 (was 0.035)
13:26:11 robot_arb INFO Param updated: commission_futures_rt = 0.9 (was 0.9)
13:27:28 robot_arb WARNING POST /account received: {'account': '1225950'}
13:27:28 robot_arb WARNING Account change to 1225950 BLOCKED — must be 1225953 for FORTS
13:27:28 robot_arb INFO Param updated: ticker_a = GAZP (was GAZP)
13:27:28 robot_arb INFO Param updated: symbol_a = GAZP@RTSX (was GAZP@RTSX)
13:27:28 robot_arb INFO Param updated: ticker_b = GZU6 (was GZU6)
13:27:28 robot_arb INFO Param updated: symbol_b = GZU6@RTSX (was GZU6@RTSX)
13:27:28 robot_arb INFO Param updated: lots_a = 10 (was 10)
13:27:28 robot_arb INFO Param updated: lots_b = 1 (was 1)
13:27:28 robot_arb INFO Param updated: hedge_ratio = 10 (was 10)
13:27:28 robot_arb INFO Param updated: capital = 20000 (was 20000)
13:27:28 robot_arb INFO Param updated: entry_z = 2.5 (was 2.5)
13:27:28 robot_arb INFO Param updated: entry_z_long = -7 (was -5.7)
13:27:28 robot_arb INFO Param updated: entry_mode = zscore (was zscore)
13:27:28 robot_arb INFO Param updated: spread_rub_high = 312 (was 312)
13:27:28 robot_arb INFO Param updated: spread_rub_low = 270 (was 270)
13:27:28 robot_arb INFO Param updated: risk_free_rate = 0.1425 (was 0.1425)
13:27:28 robot_arb INFO Param updated: expiration_date = 2026-09-18 (was 2026-09-18)
13:27:28 robot_arb INFO Param updated: contract_size = 100 (was 100)
13:27:28 robot_arb INFO Param updated: lookback = 200 (was 200)
13:27:28 robot_arb INFO Param updated: leg_a_timeout = 5 (was 5)
13:27:28 robot_arb INFO Param updated: min_fill_ratio = 0.5 (was 0.5)
13:27:28 robot_arb INFO Param updated: min_profit_type = rub (was rub)
13:27:28 robot_arb INFO Param updated: min_profit_value = 5 (was 5)
13:27:28 robot_arb INFO Param updated: risk_type = stop_loss_rub (was stop_loss_rub)
13:27:28 robot_arb INFO Param updated: risk_value = 500000 (was 500000)
13:27:28 robot_arb INFO Param updated: allow_long_basis = False (was False)
13:27:28 robot_arb INFO Param updated: use_commission = True (was True)
13:27:28 robot_arb INFO Param updated: commission_stock_pct = 0.035 (was 0.035)
13:27:28 robot_arb INFO Param updated: commission_futures_rt = 0.9 (was 0.9)
13:27:33 robot_arb WARNING POST /account received: {'account': '1225950'}
13:27:33 robot_arb WARNING Account change to 1225950 BLOCKED — must be 1225953 for FORTS
13:27:34 robot_arb INFO Param updated: ticker_a = GAZP (was GAZP)
13:27:34 robot_arb INFO Param updated: symbol_a = GAZP@RTSX (was GAZP@RTSX)
13:27:34 robot_arb INFO Param updated: ticker_b = GZU6 (was GZU6)
13:27:34 robot_arb INFO Param updated: symbol_b = GZU6@RTSX (was GZU6@RTSX)
13:27:34 robot_arb INFO Param updated: lots_a = 10 (was 10)
13:27:34 robot_arb INFO Param updated: lots_b = 1 (was 1)
13:27:34 robot_arb INFO Param updated: hedge_ratio = 10 (was 10)
13:27:34 robot_arb INFO Param updated: capital = 20000 (was 20000)
13:27:34 robot_arb INFO Param updated: entry_z = 2.5 (was 2.5)
13:27:34 robot_arb INFO Param updated: entry_z_long = -7 (was -7)
13:27:34 robot_arb INFO Param updated: entry_mode = zscore (was zscore)
13:27:34 robot_arb INFO Param updated: spread_rub_high = 312 (was 312)
13:27:34 robot_arb INFO Param updated: spread_rub_low = 270 (was 270)
13:27:34 robot_arb INFO Param updated: risk_free_rate = 0.1425 (was 0.1425)
13:27:34 robot_arb INFO Param updated: expiration_date = 2026-09-18 (was 2026-09-18)
13:27:34 robot_arb INFO Param updated: contract_size = 100 (was 100)
13:27:34 robot_arb INFO Param updated: lookback = 200 (was 200)
13:27:34 robot_arb INFO Param updated: leg_a_timeout = 5 (was 5)
13:27:34 robot_arb INFO Param updated: min_fill_ratio = 0.5 (was 0.5)
13:27:34 robot_arb INFO Param updated: min_profit_type = rub (was rub)
13:27:34 robot_arb INFO Param updated: min_profit_value = 5 (was 5)
13:27:34 robot_arb INFO Param updated: risk_type = stop_loss_rub (was stop_loss_rub)
13:27:34 robot_arb INFO Param updated: risk_value = 500000 (was 500000)
13:27:34 robot_arb INFO Param updated: allow_long_basis = True (was False)
13:27:34 robot_arb INFO Param updated: use_commission = True (was True)
13:27:34 robot_arb INFO Param updated: commission_stock_pct = 0.035 (was 0.035)
13:27:34 robot_arb INFO Param updated: commission_futures_rt = 0.9 (was 0.9)
13:27:35 robot_arb WARNING POST /account received: {'account': '1225950'}
13:27:35 robot_arb WARNING Account change to 1225950 BLOCKED — must be 1225953 for FORTS
13:27:36 robot_arb INFO Param updated: ticker_a = GAZP (was GAZP)
13:27:36 robot_arb INFO Param updated: symbol_a = GAZP@RTSX (was GAZP@RTSX)
13:27:36 robot_arb INFO Param updated: ticker_b = GZU6 (was GZU6)
13:27:36 robot_arb INFO Param updated: symbol_b = GZU6@RTSX (was GZU6@RTSX)
13:27:36 robot_arb INFO Param updated: lots_a = 10 (was 10)
13:27:36 robot_arb INFO Param updated: lots_b = 1 (was 1)
13:27:36 robot_arb INFO Param updated: hedge_ratio = 10 (was 10)
13:27:36 robot_arb INFO Param updated: capital = 20000 (was 20000)
13:27:36 robot_arb INFO Param updated: entry_z = 2.5 (was 2.5)
13:27:36 robot_arb INFO Param updated: entry_z_long = -7 (was -7)
13:27:36 robot_arb INFO Param updated: entry_mode = zscore (was zscore)
13:27:36 robot_arb INFO Param updated: spread_rub_high = 312 (was 312)
13:27:36 robot_arb INFO Param updated: spread_rub_low = 270 (was 270)
13:27:36 robot_arb INFO Param updated: risk_free_rate = 0.1425 (was 0.1425)
13:27:36 robot_arb INFO Param updated: expiration_date = 2026-09-18 (was 2026-09-18)
13:27:36 robot_arb INFO Param updated: contract_size = 100 (was 100)
13:27:36 robot_arb INFO Param updated: lookback = 200 (was 200)
13:27:36 robot_arb INFO Param updated: leg_a_timeout = 5 (was 5)
13:27:36 robot_arb INFO Param updated: min_fill_ratio = 0.5 (was 0.5)
13:27:36 robot_arb INFO Param updated: min_profit_type = rub (was rub)
13:27:36 robot_arb INFO Param updated: min_profit_value = 5 (was 5)
13:27:36 robot_arb INFO Param updated: risk_type = stop_loss_rub (was stop_loss_rub)
13:27:36 robot_arb INFO Param updated: risk_value = 500000 (was 500000)
13:27:36 robot_arb INFO Param updated: allow_long_basis = True (was True)
13:27:36 robot_arb INFO Param updated: use_commission = True (was True)
13:27:36 robot_arb INFO Param updated: commission_stock_pct = 0.035 (was 0.035)
13:27:36 robot_arb INFO Param updated: commission_futures_rt = 0.9 (was 0.9)
13:35:51 robot_arb WARNING POST /account received: {'account': '1225953-EDP'}
13:35:51 robot_arb WARNING Account change to 1225953-EDP BLOCKED — must be 1225953 for FORTS
13:35:51 robot_arb INFO Param updated: ticker_a = GAZP (was GAZP)
13:35:51 robot_arb INFO Param updated: symbol_a = GAZP@RTSX (was GAZP@RTSX)
13:35:51 robot_arb INFO Param updated: ticker_b = GZU6 (was GZU6)
13:35:51 robot_arb INFO Param updated: symbol_b = GZU6@RTSX (was GZU6@RTSX)
13:35:51 robot_arb INFO Param updated: lots_a = 10 (was 10)
13:35:51 robot_arb INFO Param updated: lots_b = 1 (was 1)
13:35:51 robot_arb INFO Param updated: hedge_ratio = 10 (was 10)
13:35:51 robot_arb INFO Param updated: capital = 20000 (was 20000)
13:35:51 robot_arb INFO Param updated: entry_z = 2.5 (was 2.5)
13:35:51 robot_arb INFO Param updated: entry_z_long = -7 (was -7)
13:35:51 robot_arb INFO Param updated: entry_mode = zscore (was zscore)
13:35:51 robot_arb INFO Param updated: spread_rub_high = 312 (was 312)
13:35:51 robot_arb INFO Param updated: spread_rub_low = 270 (was 270)
13:35:51 robot_arb INFO Param updated: risk_free_rate = 0.1425 (was 0.1425)
13:35:51 robot_arb INFO Param updated: expiration_date = 2026-09-18 (was 2026-09-18)
13:35:51 robot_arb INFO Param updated: contract_size = 100 (was 100)
13:35:51 robot_arb INFO Param updated: lookback = 200 (was 200)
13:35:51 robot_arb INFO Param updated: leg_a_timeout = 5 (was 5)
13:35:51 robot_arb INFO Param updated: min_fill_ratio = 0.5 (was 0.5)
13:35:51 robot_arb INFO Param updated: min_profit_type = rub (was rub)
13:35:51 robot_arb INFO Param updated: min_profit_value = 5 (was 5)
13:35:51 robot_arb INFO Param updated: risk_type = stop_loss_rub (was stop_loss_rub)
13:35:51 robot_arb INFO Param updated: risk_value = 500000 (was 500000)
13:35:51 robot_arb INFO Param updated: allow_long_basis = True (was True)
13:35:51 robot_arb INFO Param updated: use_commission = True (was True)
13:35:51 robot_arb INFO Param updated: commission_stock_pct = 0.035 (was 0.035)
13:35:51 robot_arb INFO Param updated: commission_futures_rt = 0.9 (was 0.9)
13:38:32 robot_arb INFO ⚠️ CHECK_ENTRY returned signal: {'action': 'entry', 'side': 'short_basis', 'z': 3.1474825303358442, 'basis': 8633.9, 'price_a': 92.81, 'price_b': 9562.0}
13:38:32 robot_arb INFO ENTRY SIGNAL short_basis | Z=3.15 basis=8633.90 | A=92.81 B=9562.00 | limit buy 10 @ 92.81 | market sell 1 @ 9557.22
13:38:32 orders_arb INFO gRPC sending: limit buy 10 GAZP@MISX acc=1225950 @ 92.81
13:38:32 orders_arb ERROR gRPC order error (GAZP@RTSX buy 10@92.81): code=StatusCode.INTERNAL details=Jwt token check failed: UNAUTHENTICATED: Token is expired
13:38:32 orders_arb WARNING gRPC limit failed, falling back to DP server
13:38:37 orders_arb ERROR Limit order exception: HTTPConnectionPool(host='localhost', port=5060): Read timed out. (read timeout=5.0)
13:38:37 robot_arb WARNING Entry failed: leg_a_place_failed
13:42:25 robot_arb INFO Robot copied: /root/.openclaw/workspace/HedgeFund/robot/arb_sber_sru6 (SBER/SRU6)
13:48:54 robot_arb WARNING POST /account received: {'account': '1225953-EDP'}
13:48:54 robot_arb WARNING Account change to 1225953-EDP BLOCKED — must be 1225953 for FORTS
13:48:54 robot_arb INFO Param updated: ticker_a = GAZP (was GAZP)
13:48:54 robot_arb INFO Param updated: symbol_a = GAZP@RTSX (was GAZP@RTSX)
13:48:54 robot_arb INFO Param updated: ticker_b = GZU6 (was GZU6)
13:48:54 robot_arb INFO Param updated: symbol_b = GZU6@RTSX (was GZU6@RTSX)
13:48:54 robot_arb INFO Param updated: lots_a = 10 (was 10)
13:48:54 robot_arb INFO Param updated: lots_b = 1 (was 1)
13:48:54 robot_arb INFO Param updated: hedge_ratio = 10 (was 10)
13:48:54 robot_arb INFO Param updated: capital = 20000 (was 20000)
13:48:54 robot_arb INFO Param updated: entry_z = 2.5 (was 2.5)
13:48:54 robot_arb INFO Param updated: entry_z_long = -7 (was -7)
13:48:54 robot_arb INFO Param updated: entry_mode = zscore (was zscore)
13:48:54 robot_arb INFO Param updated: spread_rub_high = 312 (was 312)
13:48:54 robot_arb INFO Param updated: spread_rub_low = 270 (was 270)
13:48:54 robot_arb INFO Param updated: risk_free_rate = 0.1425 (was 0.1425)
13:48:54 robot_arb INFO Param updated: expiration_date = 2026-09-18 (was 2026-09-18)
13:48:54 robot_arb INFO Param updated: contract_size = 100 (was 100)
13:48:54 robot_arb INFO Param updated: lookback = 200 (was 200)
13:48:54 robot_arb INFO Param updated: leg_a_timeout = 5 (was 5)
13:48:54 robot_arb INFO Param updated: min_fill_ratio = 0.5 (was 0.5)
13:48:54 robot_arb INFO Param updated: min_profit_type = rub (was rub)
13:48:54 robot_arb INFO Param updated: min_profit_value = 5 (was 5)
13:48:54 robot_arb INFO Param updated: risk_type = stop_loss_rub (was stop_loss_rub)
13:48:54 robot_arb INFO Param updated: risk_value = 500000 (was 500000)
13:48:54 robot_arb INFO Param updated: allow_long_basis = True (was True)
13:48:54 robot_arb INFO Param updated: use_commission = True (was True)
13:48:54 robot_arb INFO Param updated: commission_stock_pct = 0.035 (was 0.035)
13:48:54 robot_arb INFO Param updated: commission_futures_rt = 0.9 (was 0.9)
13:54:35 robot_arb INFO Z=2.31 (threshold=2.5) — no signal (dup_check=False)
13:55:11 robot_arb INFO Z=2.47 (threshold=2.5) — no signal (dup_check=False)
13:55:42 robot_arb INFO Z=2.47 (threshold=2.5) — no signal (dup_check=False)
13:55:43 robot_arb INFO Z=2.42 (threshold=2.5) — no signal (dup_check=False)
13:55:43 robot_arb INFO Z=2.42 (threshold=2.5) — no signal (dup_check=False)
13:55:44 robot_arb INFO Z=2.37 (threshold=2.5) — no signal (dup_check=False)
13:55:44 robot_arb INFO Z=2.37 (threshold=2.5) — no signal (dup_check=False)
13:55:45 robot_arb INFO Z=2.33 (threshold=2.5) — no signal (dup_check=False)
13:55:45 robot_arb INFO Z=2.33 (threshold=2.5) — no signal (dup_check=False)
13:55:53 robot_arb INFO ⚠️ CHECK_ENTRY returned signal: {'action': 'entry', 'side': 'short_basis', 'z': 3.738183924406979, 'basis': 8617.7, 'price_a': 92.63, 'price_b': 9544.0}
13:55:53 robot_arb INFO ENTRY SIGNAL short_basis | Z=3.74 basis=8617.70 | A=92.63 B=9544.00 | limit buy 10 @ 92.65 | market sell 1 @ 9539.23
13:55:53 orders_arb INFO gRPC sending: limit buy 10 GAZP@MISX acc=1225950 @ 92.65
13:55:53 orders_arb ERROR gRPC order error (GAZP@RTSX buy 10@92.65): code=StatusCode.INTERNAL details=Jwt token check failed: UNAUTHENTICATED: Token is expired
13:55:53 orders_arb WARNING gRPC limit failed, falling back to DP server
13:55:53 orders_arb ERROR Limit order error (GAZP@RTSX buy 10@92.65): no response
13:55:53 robot_arb WARNING Entry failed: leg_a_place_failed
13:56:04 robot_arb INFO ⚠️ CHECK_ENTRY returned signal: {'action': 'entry', 'side': 'short_basis', 'z': 2.989637294676363, 'basis': 8612.1, 'price_a': 92.59, 'price_b': 9538.0}
13:56:04 robot_arb INFO ENTRY SIGNAL short_basis | Z=2.99 basis=8612.10 | A=92.59 B=9538.00 | limit buy 10 @ 92.59 | market sell 1 @ 9533.23
13:56:04 orders_arb INFO gRPC sending: limit buy 10 GAZP@MISX acc=1225950 @ 92.59
13:56:05 orders_arb ERROR gRPC order error (GAZP@RTSX buy 10@92.59): code=StatusCode.INTERNAL details=Jwt token check failed: UNAUTHENTICATED: Token is expired
13:56:05 orders_arb WARNING gRPC limit failed, falling back to DP server
13:56:05 orders_arb ERROR Limit order error (GAZP@RTSX buy 10@92.59): no response
13:56:05 robot_arb WARNING Entry failed: leg_a_place_failed
13:56:11 robot_arb WARNING POST /account received: {'account': '1225953-EDP'}
13:56:11 robot_arb WARNING Account change to 1225953-EDP BLOCKED — must be 1225953 for FORTS
13:56:12 robot_arb INFO Param updated: ticker_a = GAZP (was GAZP)
13:56:12 robot_arb INFO Param updated: symbol_a = GAZP@RTSX (was GAZP@RTSX)
13:56:12 robot_arb INFO Param updated: ticker_b = GZU6 (was GZU6)
13:56:12 robot_arb INFO Param updated: symbol_b = GZU6@RTSX (was GZU6@RTSX)
13:56:12 robot_arb INFO Param updated: lots_a = 10 (was 10)
13:56:12 robot_arb INFO Param updated: lots_b = 1 (was 1)
13:56:12 robot_arb INFO Param updated: hedge_ratio = 10 (was 10)
13:56:12 robot_arb INFO Param updated: capital = 20000 (was 20000)
13:56:12 robot_arb INFO Param updated: entry_z = 2.5 (was 2.5)
13:56:12 robot_arb INFO Param updated: entry_z_long = -7 (was -7)
13:56:12 robot_arb INFO Param updated: entry_mode = zscore (was zscore)
13:56:12 robot_arb INFO Param updated: spread_rub_high = 312 (was 312)
13:56:12 robot_arb INFO Param updated: spread_rub_low = 270 (was 270)
13:56:12 robot_arb INFO Param updated: risk_free_rate = 0.1425 (was 0.1425)
13:56:12 robot_arb INFO Param updated: expiration_date = 2026-09-18 (was 2026-09-18)
13:56:12 robot_arb INFO Param updated: contract_size = 100 (was 100)
13:56:12 robot_arb INFO Param updated: lookback = 200 (was 200)
13:56:12 robot_arb INFO Param updated: leg_a_timeout = 5 (was 5)
13:56:12 robot_arb INFO Param updated: min_fill_ratio = 0.5 (was 0.5)
13:56:12 robot_arb INFO Param updated: min_profit_type = rub (was rub)
13:56:12 robot_arb INFO Param updated: min_profit_value = 5 (was 5)
13:56:12 robot_arb INFO Param updated: risk_type = stop_loss_rub (was stop_loss_rub)
13:56:12 robot_arb INFO Param updated: risk_value = 500000 (was 500000)
13:56:12 robot_arb INFO Param updated: allow_long_basis = True (was True)
13:56:12 robot_arb INFO Param updated: use_commission = True (was True)
13:56:12 robot_arb INFO Param updated: commission_stock_pct = 0.035 (was 0.035)
13:56:12 robot_arb INFO Param updated: commission_futures_rt = 0.9 (was 0.9)
14:01:30 robot_arb INFO ⚠️ CHECK_ENTRY returned signal: {'action': 'entry', 'side': 'short_basis', 'z': 2.622505946152276, 'basis': 8617.3, 'price_a': 92.67, 'price_b': 9544.0}
14:01:30 robot_arb INFO ENTRY SIGNAL short_basis | Z=2.62 basis=8617.30 | A=92.67 B=9544.00 | limit buy 10 @ 92.68 | market sell 1 @ 9539.23
14:01:30 orders_arb INFO gRPC sending: limit buy 10 GAZP@MISX acc=1225950 @ 92.68
14:01:30 orders_arb ERROR gRPC order error (GAZP@RTSX buy 10@92.68): code=StatusCode.INTERNAL details=Jwt token check failed: UNAUTHENTICATED: Token is expired
14:01:30 orders_arb WARNING gRPC limit failed, falling back to DP server
14:01:30 orders_arb ERROR Limit order error (GAZP@RTSX buy 10@92.68): no response
14:01:30 robot_arb WARNING Entry failed: leg_a_place_failed
14:03:51 robot_arb INFO ⚠️ CHECK_ENTRY returned signal: {'action': 'entry', 'side': 'short_basis', 'z': 3.455470049755521, 'basis': 8634.0, 'price_a': 92.8, 'price_b': 9562.0}
14:03:51 robot_arb INFO ENTRY SIGNAL short_basis | Z=3.46 basis=8634.00 | A=92.80 B=9562.00 | limit buy 10 @ 92.82 | market sell 1 @ 9557.22
14:03:51 orders_arb INFO gRPC sending: limit buy 10 GAZP@MISX acc=1225950 @ 92.82
14:03:51 orders_arb ERROR gRPC order error (GAZP@RTSX buy 10@92.82): code=StatusCode.INTERNAL details=Jwt token check failed: UNAUTHENTICATED: Token is expired
14:03:51 orders_arb WARNING gRPC limit failed, falling back to DP server
14:03:51 orders_arb ERROR Limit order error (GAZP@RTSX buy 10@92.82): no response
14:03:51 robot_arb WARNING Entry failed: leg_a_place_failed
14:04:52 robot_arb INFO ⚠️ CHECK_ENTRY returned signal: {'action': 'entry', 'side': 'short_basis', 'z': 3.549991782325898, 'basis': 8620.5, 'price_a': 92.65, 'price_b': 9547.0}
14:04:52 robot_arb INFO ENTRY SIGNAL short_basis | Z=3.55 basis=8620.50 | A=92.65 B=9547.00 | limit buy 10 @ 92.65 | market sell 1 @ 9542.23
14:04:52 orders_arb INFO gRPC sending: limit buy 10 GAZP@MISX acc=1225950 @ 92.65
14:04:52 orders_arb ERROR gRPC order error (GAZP@RTSX buy 10@92.65): code=StatusCode.INTERNAL details=Jwt token check failed: UNAUTHENTICATED: Token is expired
14:04:52 orders_arb WARNING gRPC limit failed, falling back to DP server
14:04:52 orders_arb ERROR Limit order error (GAZP@RTSX buy 10@92.65): no response
14:04:52 robot_arb WARNING Entry failed: leg_a_place_failed
14:08:03 robot_arb INFO ⚠️ CHECK_ENTRY returned signal: {'action': 'entry', 'side': 'short_basis', 'z': 2.9728399760936974, 'basis': 8623.2, 'price_a': 92.68, 'price_b': 9550.0}
14:08:03 robot_arb INFO ENTRY SIGNAL short_basis | Z=2.97 basis=8623.20 | A=92.68 B=9550.00 | limit buy 10 @ 92.70 | market sell 1 @ 9545.23
14:08:03 orders_arb INFO gRPC sending: limit buy 10 GAZP@MISX acc=1225950 @ 92.7
14:08:03 orders_arb ERROR gRPC order error (GAZP@RTSX buy 10@92.7): code=StatusCode.INTERNAL details=Jwt token check failed: UNAUTHENTICATED: Token is expired
14:08:03 orders_arb WARNING gRPC limit failed, falling back to DP server
14:08:03 orders_arb ERROR Limit order error (GAZP@RTSX buy 10@92.7): no response
14:08:03 robot_arb WARNING Entry failed: leg_a_place_failed
14:12:31 robot_arb INFO ⚠️ CHECK_ENTRY returned signal: {'action': 'entry', 'side': 'short_basis', 'z': 4.318168570651246, 'basis': 8580.9, 'price_a': 92.21, 'price_b': 9503.0}
14:12:31 robot_arb INFO ENTRY SIGNAL short_basis | Z=4.32 basis=8580.90 | A=92.21 B=9503.00 | limit buy 10 @ 92.21 | market sell 1 @ 9498.25
14:12:31 orders_arb INFO gRPC sending: limit buy 10 GAZP@MISX acc=1225950 @ 92.21
14:12:31 orders_arb ERROR gRPC order error (GAZP@RTSX buy 10@92.21): code=StatusCode.INTERNAL details=Jwt token check failed: UNAUTHENTICATED: Token is expired
14:12:31 orders_arb WARNING gRPC limit failed, falling back to DP server
14:12:32 orders_arb ERROR Limit order error (GAZP@RTSX buy 10@92.21): no response
14:12:32 robot_arb WARNING Entry failed: leg_a_place_failed
14:15:02 robot_arb INFO Z=2.47 (threshold=2.5) — no signal (dup_check=False)
14:19:34 robot_arb INFO ⚠️ CHECK_ENTRY returned signal: {'action': 'entry', 'side': 'short_basis', 'z': 2.712724523105091, 'basis': 8558.7, 'price_a': 92.03, 'price_b': 9479.0}
14:19:34 robot_arb INFO ENTRY SIGNAL short_basis | Z=2.71 basis=8558.70 | A=92.03 B=9479.00 | limit buy 10 @ 92.04 | market sell 1 @ 9474.26
14:19:34 orders_arb INFO gRPC sending: limit buy 10 GAZP@MISX acc=1225950 @ 92.04
14:19:34 orders_arb ERROR gRPC order error (GAZP@RTSX buy 10@92.04): code=StatusCode.INTERNAL details=Jwt token check failed: UNAUTHENTICATED: Token is expired
14:19:34 orders_arb WARNING gRPC limit failed, falling back to DP server
14:19:34 orders_arb ERROR Limit order error (GAZP@RTSX buy 10@92.04): no response
14:19:34 robot_arb WARNING Entry failed: leg_a_place_failed
14:19:35 robot_arb INFO Z=2.65 (threshold=2.5) — no signal (dup_check=LOCKED)
14:19:35 robot_arb INFO Z=2.65 (threshold=2.5) — no signal (dup_check=LOCKED)
14:19:36 robot_arb INFO Z=2.60 (threshold=2.5) — no signal (dup_check=LOCKED)
14:19:36 robot_arb INFO ⚠️ CHECK_ENTRY returned signal: {'action': 'entry', 'side': 'short_basis', 'z': 2.595047529348304, 'basis': 8558.7, 'price_a': 92.03, 'price_b': 9479.0}
14:19:36 robot_arb INFO ENTRY SIGNAL short_basis | Z=2.60 basis=8558.70 | A=92.03 B=9479.00 | limit buy 10 @ 92.04 | market sell 1 @ 9474.26
14:19:36 orders_arb INFO gRPC sending: limit buy 10 GAZP@MISX acc=1225950 @ 92.04
14:19:36 orders_arb ERROR gRPC order error (GAZP@RTSX buy 10@92.04): code=StatusCode.INTERNAL details=Jwt token check failed: UNAUTHENTICATED: Token is expired
14:19:36 orders_arb WARNING gRPC limit failed, falling back to DP server
14:19:36 orders_arb ERROR Limit order error (GAZP@RTSX buy 10@92.04): no response
14:19:36 robot_arb WARNING Entry failed: leg_a_place_failed
14:19:37 robot_arb INFO Z=2.54 (threshold=2.5) — no signal (dup_check=LOCKED)
14:19:37 robot_arb INFO Z=2.54 (threshold=2.5) — no signal (dup_check=LOCKED)
14:19:38 robot_arb INFO Z=2.50 (threshold=2.5) — no signal (dup_check=LOCKED)
14:19:38 robot_arb INFO Z=2.50 (threshold=2.5) — no signal (dup_check=False)
14:19:39 robot_arb INFO Z=2.45 (threshold=2.5) — no signal (dup_check=False)
14:19:39 robot_arb INFO ⚠️ CHECK_ENTRY returned signal: {'action': 'entry', 'side': 'short_basis', 'z': 2.918676383862223, 'basis': 8558.8, 'price_a': 92.02, 'price_b': 9479.0}
14:19:39 robot_arb INFO ENTRY SIGNAL short_basis | Z=2.92 basis=8558.80 | A=92.02 B=9479.00 | limit buy 10 @ 92.02 | market sell 1 @ 9474.26
14:19:39 orders_arb INFO gRPC sending: limit buy 10 GAZP@MISX acc=1225950 @ 92.02
14:19:39 orders_arb ERROR gRPC order error (GAZP@RTSX buy 10@92.02): code=StatusCode.INTERNAL details=Jwt token check failed: UNAUTHENTICATED: Token is expired
14:19:39 orders_arb WARNING gRPC limit failed, falling back to DP server
14:19:39 orders_arb ERROR Limit order error (GAZP@RTSX buy 10@92.02): no response
14:19:39 robot_arb WARNING Entry failed: leg_a_place_failed
14:19:40 robot_arb INFO Z=2.84 (threshold=2.5) — no signal (dup_check=LOCKED)
14:19:40 robot_arb INFO Z=2.84 (threshold=2.5) — no signal (dup_check=LOCKED)
14:19:41 robot_arb INFO Z=2.77 (threshold=2.5) — no signal (dup_check=LOCKED)
14:19:41 robot_arb INFO ⚠️ CHECK_ENTRY returned signal: {'action': 'entry', 'side': 'short_basis', 'z': 2.773338824574481, 'basis': 8558.8, 'price_a': 92.02, 'price_b': 9479.0}
14:19:41 robot_arb INFO ENTRY SIGNAL short_basis | Z=2.77 basis=8558.80 | A=92.02 B=9479.00 | limit buy 10 @ 92.02 | market sell 1 @ 9474.26
14:19:41 orders_arb INFO gRPC sending: limit buy 10 GAZP@MISX acc=1225950 @ 92.02
14:19:41 orders_arb ERROR gRPC order error (GAZP@RTSX buy 10@92.02): code=StatusCode.INTERNAL details=Jwt token check failed: UNAUTHENTICATED: Token is expired
14:19:41 orders_arb WARNING gRPC limit failed, falling back to DP server
14:19:41 orders_arb ERROR Limit order error (GAZP@RTSX buy 10@92.02): no response
14:19:41 robot_arb WARNING Entry failed: leg_a_place_failed
14:19:42 robot_arb INFO Z=2.71 (threshold=2.5) — no signal (dup_check=LOCKED)
14:19:42 robot_arb INFO Z=2.71 (threshold=2.5) — no signal (dup_check=LOCKED)
14:22:22 robot_arb INFO Z=2.34 (threshold=2.5) — no signal (dup_check=False)
14:27:00 robot_arb INFO ⚠️ CHECK_ENTRY returned signal: {'action': 'entry', 'side': 'short_basis', 'z': 3.75931392183441, 'basis': 8559.9, 'price_a': 92.01, 'price_b': 9480.0}
14:27:00 robot_arb INFO ENTRY SIGNAL short_basis | Z=3.76 basis=8559.90 | A=92.01 B=9480.00 | limit buy 10 @ 92.00 | market sell 1 @ 9475.26
14:27:00 orders_arb INFO gRPC sending: limit buy 10 GAZP@MISX acc=1225950 @ 92.0
14:27:00 orders_arb ERROR gRPC order error (GAZP@RTSX buy 10@92.0): code=StatusCode.INTERNAL details=Jwt token check failed: UNAUTHENTICATED: Token is expired
14:27:00 orders_arb WARNING gRPC limit failed, falling back to DP server
14:27:00 orders_arb ERROR Limit order error (GAZP@RTSX buy 10@92.0): no response
14:27:00 robot_arb WARNING Entry failed: leg_a_place_failed
14:29:34 robot_arb INFO ⚠️ CHECK_ENTRY returned signal: {'action': 'entry', 'side': 'short_basis', 'z': 4.175704198561934, 'basis': 8560.5, 'price_a': 91.95, 'price_b': 9480.0}
14:29:34 robot_arb INFO ENTRY SIGNAL short_basis | Z=4.18 basis=8560.50 | A=91.95 B=9480.00 | limit buy 10 @ 91.95 | market sell 1 @ 9475.26
14:29:34 orders_arb INFO gRPC sending: limit buy 10 GAZP@MISX acc=1225950 @ 91.95
14:29:34 orders_arb ERROR gRPC order error (GAZP@RTSX buy 10@91.95): code=StatusCode.INTERNAL details=Jwt token check failed: UNAUTHENTICATED: Token is expired
14:29:34 orders_arb WARNING gRPC limit failed, falling back to DP server
14:29:35 orders_arb ERROR Limit order error (GAZP@RTSX buy 10@91.95): no response
14:29:35 robot_arb WARNING Entry failed: leg_a_place_failed
14:29:35 robot_arb INFO Z=3.99 (threshold=2.5) — no signal (dup_check=LOCKED)
14:29:36 robot_arb INFO Z=3.99 (threshold=2.5) — no signal (dup_check=LOCKED)
14:29:36 robot_arb INFO Z=3.83 (threshold=2.5) — no signal (dup_check=LOCKED)
14:36:03 robot_arb INFO ⚠️ CHECK_ENTRY returned signal: {'action': 'entry', 'side': 'short_basis', 'z': 3.710970831194485, 'basis': 8570.9, 'price_a': 92.11, 'price_b': 9492.0}
14:36:03 robot_arb INFO ENTRY SIGNAL short_basis | Z=3.71 basis=8570.90 | A=92.11 B=9492.00 | limit buy 10 @ 92.11 | market sell 1 @ 9487.25
14:36:03 orders_arb INFO gRPC sending: limit buy 10 GAZP@MISX acc=1225950 @ 92.11
14:36:03 orders_arb ERROR gRPC order error (GAZP@RTSX buy 10@92.11): code=StatusCode.INTERNAL details=Jwt token check failed: UNAUTHENTICATED: Token is expired
14:36:03 orders_arb WARNING gRPC limit failed, falling back to DP server
14:36:03 orders_arb ERROR Limit order error (GAZP@RTSX buy 10@92.11): no response
14:36:03 robot_arb WARNING Entry failed: leg_a_place_failed
14:39:57 robot_arb INFO Z=2.35 (threshold=2.5) — no signal (dup_check=False)
14:41:11 robot_arb INFO ⚠️ CHECK_ENTRY returned signal: {'action': 'entry', 'side': 'short_basis', 'z': 3.5330302865116217, 'basis': 8592.8, 'price_a': 92.32, 'price_b': 9516.0}
14:41:11 robot_arb INFO ENTRY SIGNAL short_basis | Z=3.53 basis=8592.80 | A=92.32 B=9516.00 | limit buy 10 @ 92.35 | market sell 1 @ 9511.24
14:41:11 orders_arb INFO gRPC sending: limit buy 10 GAZP@MISX acc=1225950 @ 92.35
14:41:11 orders_arb ERROR gRPC order error (GAZP@RTSX buy 10@92.35): code=StatusCode.INTERNAL details=Jwt token check failed: UNAUTHENTICATED: Token is expired
14:41:11 orders_arb WARNING gRPC limit failed, falling back to DP server
14:41:11 orders_arb ERROR Limit order error (GAZP@RTSX buy 10@92.35): no response
14:41:11 robot_arb WARNING Entry failed: leg_a_place_failed
14:41:22 robot_arb INFO ⚠️ CHECK_ENTRY returned signal: {'action': 'entry', 'side': 'short_basis', 'z': 2.806878860061177, 'basis': 8596.2, 'price_a': 92.38, 'price_b': 9520.0}
14:41:22 robot_arb INFO ENTRY SIGNAL short_basis | Z=2.81 basis=8596.20 | A=92.38 B=9520.00 | limit buy 10 @ 92.39 | market sell 1 @ 9515.24
14:41:22 orders_arb INFO gRPC sending: limit buy 10 GAZP@MISX acc=1225950 @ 92.39
14:41:22 orders_arb ERROR gRPC order error (GAZP@RTSX buy 10@92.39): code=StatusCode.INTERNAL details=Jwt token check failed: UNAUTHENTICATED: Token is expired
14:41:22 orders_arb WARNING gRPC limit failed, falling back to DP server
14:41:22 orders_arb ERROR Limit order error (GAZP@RTSX buy 10@92.39): no response
14:41:22 robot_arb WARNING Entry failed: leg_a_place_failed
14:42:33 robot_arb INFO ⚠️ CHECK_ENTRY returned signal: {'action': 'entry', 'side': 'short_basis', 'z': 2.656361203290772, 'basis': 8632.3, 'price_a': 92.77, 'price_b': 9560.0}
14:42:33 robot_arb INFO ENTRY SIGNAL short_basis | Z=2.66 basis=8632.30 | A=92.77 B=9560.00 | limit buy 10 @ 92.80 | market sell 1 @ 9555.22
14:42:33 orders_arb INFO gRPC sending: limit buy 10 GAZP@MISX acc=1225950 @ 92.8
14:42:33 orders_arb ERROR gRPC order error (GAZP@RTSX buy 10@92.8): code=StatusCode.INTERNAL details=Jwt token check failed: UNAUTHENTICATED: Token is expired
14:42:33 orders_arb WARNING gRPC limit failed, falling back to DP server
14:42:33 orders_arb ERROR Limit order error (GAZP@RTSX buy 10@92.8): no response
14:42:33 robot_arb WARNING Entry failed: leg_a_place_failed
14:42:33 robot_arb INFO Z=2.60 (threshold=2.5) — no signal (dup_check=LOCKED)
14:42:34 robot_arb INFO Z=2.60 (threshold=2.5) — no signal (dup_check=LOCKED)
14:42:34 robot_arb INFO Z=2.55 (threshold=2.5) — no signal (dup_check=LOCKED)
14:42:35 robot_arb INFO ⚠️ CHECK_ENTRY returned signal: {'action': 'entry', 'side': 'short_basis', 'z': 2.5519634601812418, 'basis': 8632.3, 'price_a': 92.77, 'price_b': 9560.0}
14:42:35 robot_arb INFO ENTRY SIGNAL short_basis | Z=2.55 basis=8632.30 | A=92.77 B=9560.00 | limit buy 10 @ 92.80 | market sell 1 @ 9555.22
14:42:35 orders_arb INFO gRPC sending: limit buy 10 GAZP@MISX acc=1225950 @ 92.8
14:42:35 orders_arb ERROR gRPC order error (GAZP@RTSX buy 10@92.8): code=StatusCode.INTERNAL details=Jwt token check failed: UNAUTHENTICATED: Token is expired
14:42:35 orders_arb WARNING gRPC limit failed, falling back to DP server
14:42:36 orders_arb ERROR Limit order error (GAZP@RTSX buy 10@92.8): no response
14:42:36 robot_arb WARNING Entry failed: leg_a_place_failed
14:42:56 robot_arb INFO Z=2.32 (threshold=2.5) — no signal (dup_check=False)
14:42:57 robot_arb INFO Z=2.32 (threshold=2.5) — no signal (dup_check=False)
14:46:39 robot_arb INFO ⚠️ CHECK_ENTRY returned signal: {'action': 'entry', 'side': 'short_basis', 'z': 2.6804795560387826, 'basis': 8636.6, 'price_a': 92.84, 'price_b': 9565.0}
14:46:39 robot_arb INFO ENTRY SIGNAL short_basis | Z=2.68 basis=8636.60 | A=92.84 B=9565.00 | limit buy 10 @ 92.84 | market sell 1 @ 9560.22
14:46:39 orders_arb INFO gRPC sending: limit buy 10 GAZP@MISX acc=1225950 @ 92.84
14:46:39 orders_arb ERROR gRPC order error (GAZP@RTSX buy 10@92.84): code=StatusCode.INTERNAL details=Jwt token check failed: UNAUTHENTICATED: Token is expired
14:46:39 orders_arb WARNING gRPC limit failed, falling back to DP server
14:46:39 orders_arb ERROR Limit order error (GAZP@RTSX buy 10@92.84): no response
14:46:39 robot_arb WARNING Entry failed: leg_a_place_failed
14:46:40 robot_arb INFO Z=2.64 (threshold=2.5) — no signal (dup_check=LOCKED)
14:46:40 robot_arb INFO Z=2.64 (threshold=2.5) — no signal (dup_check=LOCKED)
14:46:41 robot_arb INFO Z=2.62 (threshold=2.5) — no signal (dup_check=LOCKED)
14:46:41 robot_arb INFO ⚠️ CHECK_ENTRY returned signal: {'action': 'entry', 'side': 'short_basis', 'z': 2.623039909919667, 'basis': 8636.6, 'price_a': 92.84, 'price_b': 9565.0}
14:46:41 robot_arb INFO ENTRY SIGNAL short_basis | Z=2.62 basis=8636.60 | A=92.84 B=9565.00 | limit buy 10 @ 92.84 | market sell 1 @ 9560.22
14:46:41 orders_arb INFO gRPC sending: limit buy 10 GAZP@MISX acc=1225950 @ 92.84
14:46:41 orders_arb ERROR gRPC order error (GAZP@RTSX buy 10@92.84): code=StatusCode.INTERNAL details=Jwt token check failed: UNAUTHENTICATED: Token is expired
14:46:41 orders_arb WARNING gRPC limit failed, falling back to DP server
14:46:41 orders_arb ERROR Limit order error (GAZP@RTSX buy 10@92.84): no response
14:46:41 robot_arb WARNING Entry failed: leg_a_place_failed
14:49:24 robot_arb INFO ⚠️ CHECK_ENTRY returned signal: {'action': 'entry', 'side': 'short_basis', 'z': 2.855443187180691, 'basis': 8619.8, 'price_a': 92.62, 'price_b': 9546.0}
14:49:24 robot_arb INFO ENTRY SIGNAL short_basis | Z=2.86 basis=8619.80 | A=92.62 B=9546.00 | limit buy 10 @ 92.62 | market sell 1 @ 9541.23
14:49:24 orders_arb INFO gRPC sending: limit buy 10 GAZP@MISX acc=1225950 @ 92.62
14:49:24 orders_arb ERROR gRPC order error (GAZP@RTSX buy 10@92.62): code=StatusCode.INTERNAL details=Jwt token check failed: UNAUTHENTICATED: Token is expired
14:49:24 orders_arb WARNING gRPC limit failed, falling back to DP server
14:49:24 orders_arb ERROR Limit order error (GAZP@RTSX buy 10@92.62): no response
14:49:24 robot_arb WARNING Entry failed: leg_a_place_failed
14:52:52 robot_arb INFO Z=2.38 (threshold=2.5) — no signal (dup_check=False)
14:52:53 robot_arb INFO Z=2.38 (threshold=2.5) — no signal (dup_check=False)
14:52:53 robot_arb INFO Z=2.34 (threshold=2.5) — no signal (dup_check=False)
14:52:54 robot_arb INFO Z=2.34 (threshold=2.5) — no signal (dup_check=False)
14:54:24 robot_arb INFO ⚠️ CHECK_ENTRY returned signal: {'action': 'entry', 'side': 'short_basis', 'z': 2.578482698685456, 'basis': 8618.5, 'price_a': 92.65, 'price_b': 9545.0}
14:54:24 robot_arb INFO ENTRY SIGNAL short_basis | Z=2.58 basis=8618.50 | A=92.65 B=9545.00 | limit buy 10 @ 92.65 | market sell 1 @ 9540.23
14:54:24 orders_arb INFO gRPC sending: limit buy 10 GAZP@MISX acc=1225950 @ 92.65
14:54:24 orders_arb ERROR gRPC order error (GAZP@RTSX buy 10@92.65): code=StatusCode.INTERNAL details=Jwt token check failed: UNAUTHENTICATED: Token is expired
14:54:24 orders_arb WARNING gRPC limit failed, falling back to DP server
14:54:24 orders_arb ERROR Limit order error (GAZP@RTSX buy 10@92.65): no response
14:54:24 robot_arb WARNING Entry failed: leg_a_place_failed
14:59:03 robot_arb INFO ⚠️ CHECK_ENTRY returned signal: {'action': 'entry', 'side': 'short_basis', 'z': 2.842490531012525, 'basis': 8593.4, 'price_a': 92.36, 'price_b': 9517.0}
14:59:03 robot_arb INFO ENTRY SIGNAL short_basis | Z=2.84 basis=8593.40 | A=92.36 B=9517.00 | limit buy 10 @ 92.39 | market sell 1 @ 9512.24
14:59:03 orders_arb INFO gRPC sending: limit buy 10 GAZP@MISX acc=1225950 @ 92.39
14:59:03 orders_arb ERROR gRPC order error (GAZP@RTSX buy 10@92.39): code=StatusCode.INTERNAL details=Jwt token check failed: UNAUTHENTICATED: Token is expired
14:59:03 orders_arb WARNING gRPC limit failed, falling back to DP server
14:59:04 orders_arb ERROR Limit order error (GAZP@RTSX buy 10@92.39): no response
14:59:04 robot_arb WARNING Entry failed: leg_a_place_failed
15:00:37 robot_arb INFO Z=2.49 (threshold=2.5) — no signal (dup_check=False)
15:00:38 robot_arb INFO Z=2.49 (threshold=2.5) — no signal (dup_check=False)
15:00:38 robot_arb INFO Z=2.44 (threshold=2.5) — no signal (dup_check=False)
15:00:39 robot_arb INFO Z=2.44 (threshold=2.5) — no signal (dup_check=False)
15:00:39 robot_arb INFO Z=2.40 (threshold=2.5) — no signal (dup_check=False)
15:02:04 robot_arb INFO ⚠️ CHECK_ENTRY returned signal: {'action': 'entry', 'side': 'short_basis', 'z': 2.894291463713206, 'basis': 8616.9, 'price_a': 92.61, 'price_b': 9543.0}
15:02:04 robot_arb INFO ENTRY SIGNAL short_basis | Z=2.89 basis=8616.90 | A=92.61 B=9543.00 | limit buy 10 @ 92.62 | market sell 1 @ 9538.23
15:02:04 orders_arb INFO gRPC sending: limit buy 10 GAZP@MISX acc=1225950 @ 92.62
15:02:04 orders_arb ERROR gRPC order error (GAZP@RTSX buy 10@92.62): code=StatusCode.INTERNAL details=Jwt token check failed: UNAUTHENTICATED: Token is expired
15:02:04 orders_arb WARNING gRPC limit failed, falling back to DP server
15:02:05 orders_arb ERROR Limit order error (GAZP@RTSX buy 10@92.62): no response
15:02:05 robot_arb WARNING Entry failed: leg_a_place_failed
15:02:05 robot_arb INFO Z=2.89 (threshold=2.5) — no signal (dup_check=LOCKED)
15:02:06 robot_arb INFO Z=2.82 (threshold=2.5) — no signal (dup_check=LOCKED)
15:02:06 robot_arb INFO Z=2.82 (threshold=2.5) — no signal (dup_check=LOCKED)
15:02:10 robot_arb INFO ⚠️ CHECK_ENTRY returned signal: {'action': 'entry', 'side': 'short_basis', 'z': 2.711568048637749, 'basis': 8620.5, 'price_a': 92.65, 'price_b': 9547.0}
15:02:10 robot_arb INFO ENTRY SIGNAL short_basis | Z=2.71 basis=8620.50 | A=92.65 B=9547.00 | limit buy 10 @ 92.65 | market sell 1 @ 9542.23
15:02:10 orders_arb INFO gRPC sending: limit buy 10 GAZP@MISX acc=1225950 @ 92.65
15:02:10 orders_arb ERROR gRPC order error (GAZP@RTSX buy 10@92.65): code=StatusCode.INTERNAL details=Jwt token check failed: UNAUTHENTICATED: Token is expired
15:02:10 orders_arb WARNING gRPC limit failed, falling back to DP server
15:02:10 orders_arb ERROR Limit order error (GAZP@RTSX buy 10@92.65): no response
15:02:10 robot_arb WARNING Entry failed: leg_a_place_failed
15:02:10 robot_arb INFO Z=2.71 (threshold=2.5) — no signal (dup_check=LOCKED)
15:02:11 robot_arb INFO Z=2.65 (threshold=2.5) — no signal (dup_check=LOCKED)
15:02:11 robot_arb INFO Z=2.65 (threshold=2.5) — no signal (dup_check=LOCKED)
15:08:51 robot_arb INFO Z=2.40 (threshold=2.5) — no signal (dup_check=False)
15:09:02 robot_arb INFO ⚠️ CHECK_ENTRY returned signal: {'action': 'entry', 'side': 'short_basis', 'z': 3.369747401993314, 'basis': 8644.3, 'price_a': 92.87, 'price_b': 9573.0}
15:09:02 robot_arb INFO ENTRY SIGNAL short_basis | Z=3.37 basis=8644.30 | A=92.87 B=9573.00 | limit buy 10 @ 92.88 | market sell 1 @ 9568.21
15:09:02 orders_arb INFO gRPC sending: limit buy 10 GAZP@MISX acc=1225950 @ 92.88
15:09:02 orders_arb ERROR gRPC order error (GAZP@RTSX buy 10@92.88): code=StatusCode.INTERNAL details=Jwt token check failed: UNAUTHENTICATED: Token is expired
15:09:02 orders_arb WARNING gRPC limit failed, falling back to DP server
15:09:02 orders_arb ERROR Limit order error (GAZP@RTSX buy 10@92.88): no response
15:09:02 robot_arb WARNING Entry failed: leg_a_place_failed
15:09:17 robot_arb INFO ⚠️ CHECK_ENTRY returned signal: {'action': 'entry', 'side': 'short_basis', 'z': 3.675195317164718, 'basis': 8638.2, 'price_a': 92.78, 'price_b': 9566.0}
15:09:17 robot_arb INFO ENTRY SIGNAL short_basis | Z=3.68 basis=8638.20 | A=92.78 B=9566.00 | limit buy 10 @ 92.78 | market sell 1 @ 9561.22
15:09:17 orders_arb INFO gRPC sending: limit buy 10 GAZP@MISX acc=1225950 @ 92.78
15:09:17 orders_arb ERROR gRPC order error (GAZP@RTSX buy 10@92.78): code=StatusCode.INTERNAL details=Jwt token check failed: UNAUTHENTICATED: Token is expired
15:09:17 orders_arb WARNING gRPC limit failed, falling back to DP server
15:09:17 orders_arb ERROR Limit order error (GAZP@RTSX buy 10@92.78): no response
15:09:17 robot_arb WARNING Entry failed: leg_a_place_failed
15:11:00 robot_arb INFO ⚠️ CHECK_ENTRY returned signal: {'action': 'entry', 'side': 'short_basis', 'z': 3.14422056792317, 'basis': 8650.6, 'price_a': 92.94, 'price_b': 9580.0}
15:11:00 robot_arb INFO ENTRY SIGNAL short_basis | Z=3.14 basis=8650.60 | A=92.94 B=9580.00 | limit buy 10 @ 92.97 | market sell 1 @ 9575.21
15:11:00 orders_arb INFO gRPC sending: limit buy 10 GAZP@MISX acc=1225950 @ 92.97
15:11:00 orders_arb ERROR gRPC order error (GAZP@RTSX buy 10@92.97): code=StatusCode.INTERNAL details=Jwt token check failed: UNAUTHENTICATED: Token is expired
15:11:00 orders_arb WARNING gRPC limit failed, falling back to DP server
15:11:00 orders_arb ERROR Limit order error (GAZP@RTSX buy 10@92.97): no response
15:11:00 robot_arb WARNING Entry failed: leg_a_place_failed
15:12:29 robot_arb INFO ⚠️ CHECK_ENTRY returned signal: {'action': 'entry', 'side': 'short_basis', 'z': 4.612996305498727, 'basis': 8659.8, 'price_a': 93.02, 'price_b': 9590.0}
15:12:29 robot_arb INFO ENTRY SIGNAL short_basis | Z=4.61 basis=8659.80 | A=93.02 B=9590.00 | limit buy 10 @ 93.03 | market sell 1 @ 9585.20
15:12:29 orders_arb INFO gRPC sending: limit buy 10 GAZP@MISX acc=1225950 @ 93.03
15:12:29 orders_arb ERROR gRPC order error (GAZP@RTSX buy 10@93.03): code=StatusCode.INTERNAL details=Jwt token check failed: UNAUTHENTICATED: Token is expired
15:12:29 orders_arb WARNING gRPC limit failed, falling back to DP server
15:12:29 orders_arb ERROR Limit order error (GAZP@RTSX buy 10@93.03): no response
15:12:29 robot_arb WARNING Entry failed: leg_a_place_failed
15:12:30 robot_arb INFO Z=4.36 (threshold=2.5) — no signal (dup_check=LOCKED)
15:12:30 robot_arb INFO Z=4.36 (threshold=2.5) — no signal (dup_check=LOCKED)
15:12:31 robot_arb INFO Z=4.15 (threshold=2.5) — no signal (dup_check=LOCKED)
15:14:17 robot_arb INFO Z=2.38 (threshold=2.5) — no signal (dup_check=False)
15:14:18 robot_arb INFO Z=2.38 (threshold=2.5) — no signal (dup_check=False)
15:14:18 robot_arb INFO Z=2.34 (threshold=2.5) — no signal (dup_check=False)
15:14:19 robot_arb INFO Z=2.34 (threshold=2.5) — no signal (dup_check=False)
15:14:19 robot_arb INFO Z=2.31 (threshold=2.5) — no signal (dup_check=False)
15:14:20 robot_arb INFO Z=2.31 (threshold=2.5) — no signal (dup_check=False)
15:14:23 robot_arb INFO ⚠️ CHECK_ENTRY returned signal: {'action': 'entry', 'side': 'short_basis', 'z': 2.553598877965051, 'basis': 8672.9, 'price_a': 93.21, 'price_b': 9605.0}
15:14:23 robot_arb INFO ENTRY SIGNAL short_basis | Z=2.55 basis=8672.90 | A=93.21 B=9605.00 | limit buy 10 @ 93.21 | market sell 1 @ 9600.20
15:14:23 orders_arb INFO gRPC sending: limit buy 10 GAZP@MISX acc=1225950 @ 93.21
15:14:23 orders_arb ERROR gRPC order error (GAZP@RTSX buy 10@93.21): code=StatusCode.INTERNAL details=Jwt token check failed: UNAUTHENTICATED: Token is expired
15:14:23 orders_arb WARNING gRPC limit failed, falling back to DP server
15:14:23 orders_arb ERROR Limit order error (GAZP@RTSX buy 10@93.21): no response
15:14:23 robot_arb WARNING Entry failed: leg_a_place_failed
15:14:23 robot_arb INFO Z=2.50 (threshold=2.5) — no signal (dup_check=LOCKED)
15:14:24 robot_arb INFO Z=2.50 (threshold=2.5) — no signal (dup_check=LOCKED)
15:14:24 robot_arb INFO Z=2.46 (threshold=2.5) — no signal (dup_check=LOCKED)
15:14:25 robot_arb INFO Z=2.46 (threshold=2.5) — no signal (dup_check=False)
15:14:38 robot_arb INFO ⚠️ CHECK_ENTRY returned signal: {'action': 'entry', 'side': 'short_basis', 'z': 4.11102350394789, 'basis': 8669.1, 'price_a': 93.09, 'price_b': 9600.0}
15:14:38 robot_arb INFO ENTRY SIGNAL short_basis | Z=4.11 basis=8669.10 | A=93.09 B=9600.00 | limit buy 10 @ 93.09 | market sell 1 @ 9595.20
15:14:38 orders_arb INFO gRPC sending: limit buy 10 GAZP@MISX acc=1225950 @ 93.09
15:14:39 orders_arb ERROR gRPC order error (GAZP@RTSX buy 10@93.09): code=StatusCode.INTERNAL details=Jwt token check failed: UNAUTHENTICATED: Token is expired
15:14:39 orders_arb WARNING gRPC limit failed, falling back to DP server
15:14:39 orders_arb ERROR Limit order error (GAZP@RTSX buy 10@93.09): no response
15:14:39 robot_arb WARNING Entry failed: leg_a_place_failed
15:16:14 robot_arb INFO Z=2.41 (threshold=2.5) — no signal (dup_check=False)
15:20:19 robot_arb INFO ⚠️ CHECK_ENTRY returned signal: {'action': 'entry', 'side': 'short_basis', 'z': 2.7105298701101637, 'basis': 8702.4, 'price_a': 93.56, 'price_b': 9638.0}
15:20:19 robot_arb INFO ENTRY SIGNAL short_basis | Z=2.71 basis=8702.40 | A=93.56 B=9638.00 | limit buy 10 @ 93.56 | market sell 1 @ 9633.18
15:20:19 orders_arb INFO gRPC sending: limit buy 10 GAZP@MISX acc=1225950 @ 93.56
15:20:19 orders_arb ERROR gRPC order error (GAZP@RTSX buy 10@93.56): code=StatusCode.INTERNAL details=Jwt token check failed: UNAUTHENTICATED: Token is expired
15:20:19 orders_arb WARNING gRPC limit failed, falling back to DP server
15:20:19 orders_arb ERROR Limit order error (GAZP@RTSX buy 10@93.56): no response
15:20:19 robot_arb WARNING Entry failed: leg_a_place_failed
15:20:19 robot_arb INFO Z=2.66 (threshold=2.5) — no signal (dup_check=LOCKED)
15:20:20 robot_arb INFO Z=2.66 (threshold=2.5) — no signal (dup_check=LOCKED)
15:20:20 robot_arb INFO Z=2.61 (threshold=2.5) — no signal (dup_check=LOCKED)
15:20:21 robot_arb INFO ⚠️ CHECK_ENTRY returned signal: {'action': 'entry', 'side': 'short_basis', 'z': 2.608039223136432, 'basis': 8702.4, 'price_a': 93.56, 'price_b': 9638.0}
15:20:21 robot_arb INFO ENTRY SIGNAL short_basis | Z=2.61 basis=8702.40 | A=93.56 B=9638.00 | limit buy 10 @ 93.56 | market sell 1 @ 9633.18
15:20:21 orders_arb INFO gRPC sending: limit buy 10 GAZP@MISX acc=1225950 @ 93.56
15:20:21 orders_arb ERROR gRPC order error (GAZP@RTSX buy 10@93.56): code=StatusCode.INTERNAL details=Jwt token check failed: UNAUTHENTICATED: Token is expired
15:20:21 orders_arb WARNING gRPC limit failed, falling back to DP server
15:20:21 orders_arb ERROR Limit order error (GAZP@RTSX buy 10@93.56): no response
15:20:21 robot_arb WARNING Entry failed: leg_a_place_failed
15:20:21 robot_arb INFO Z=2.57 (threshold=2.5) — no signal (dup_check=LOCKED)
15:20:22 robot_arb INFO Z=2.57 (threshold=2.5) — no signal (dup_check=LOCKED)
15:20:22 robot_arb INFO Z=2.52 (threshold=2.5) — no signal (dup_check=LOCKED)
15:20:23 robot_arb INFO ⚠️ CHECK_ENTRY returned signal: {'action': 'entry', 'side': 'short_basis', 'z': 2.520732670131293, 'basis': 8702.4, 'price_a': 93.56, 'price_b': 9638.0}
15:20:23 robot_arb INFO ENTRY SIGNAL short_basis | Z=2.52 basis=8702.40 | A=93.56 B=9638.00 | limit buy 10 @ 93.56 | market sell 1 @ 9633.18
15:20:23 orders_arb INFO gRPC sending: limit buy 10 GAZP@MISX acc=1225950 @ 93.56
15:20:23 orders_arb ERROR gRPC order error (GAZP@RTSX buy 10@93.56): code=StatusCode.INTERNAL details=Jwt token check failed: UNAUTHENTICATED: Token is expired
15:20:23 orders_arb WARNING gRPC limit failed, falling back to DP server
15:20:23 orders_arb ERROR Limit order error (GAZP@RTSX buy 10@93.56): no response
15:20:23 robot_arb WARNING Entry failed: leg_a_place_failed
15:20:24 robot_arb INFO Z=2.48 (threshold=2.5) — no signal (dup_check=LOCKED)
15:20:24 robot_arb INFO Z=2.82 (threshold=2.5) — no signal (dup_check=LOCKED)
15:23:05 robot_arb INFO ⚠️ CHECK_ENTRY returned signal: {'action': 'entry', 'side': 'short_basis', 'z': 2.9357036626770747, 'basis': 8683.5, 'price_a': 93.35, 'price_b': 9617.0}
15:23:05 robot_arb INFO ENTRY SIGNAL short_basis | Z=2.94 basis=8683.50 | A=93.35 B=9617.00 | limit buy 10 @ 93.36 | market sell 1 @ 9612.19
15:23:05 orders_arb INFO gRPC sending: limit buy 10 GAZP@MISX acc=1225950 @ 93.36
15:23:05 orders_arb ERROR gRPC order error (GAZP@RTSX buy 10@93.36): code=StatusCode.INTERNAL details=Jwt token check failed: UNAUTHENTICATED: Token is expired
15:23:05 orders_arb WARNING gRPC limit failed, falling back to DP server
15:23:05 orders_arb ERROR Limit order error (GAZP@RTSX buy 10@93.36): no response
15:23:05 robot_arb WARNING Entry failed: leg_a_place_failed
15:23:05 robot_arb INFO Z=2.94 (threshold=2.5) — no signal (dup_check=LOCKED)
15:23:06 robot_arb INFO Z=2.86 (threshold=2.5) — no signal (dup_check=LOCKED)
15:23:06 robot_arb INFO Z=2.86 (threshold=2.5) — no signal (dup_check=LOCKED)
15:23:07 robot_arb INFO ⚠️ CHECK_ENTRY returned signal: {'action': 'entry', 'side': 'short_basis', 'z': 2.790924646959336, 'basis': 8683.5, 'price_a': 93.35, 'price_b': 9617.0}
15:23:07 robot_arb INFO ENTRY SIGNAL short_basis | Z=2.79 basis=8683.50 | A=93.35 B=9617.00 | limit buy 10 @ 93.36 | market sell 1 @ 9612.19
15:23:07 orders_arb INFO gRPC sending: limit buy 10 GAZP@MISX acc=1225950 @ 93.36
15:23:07 orders_arb ERROR gRPC order error (GAZP@RTSX buy 10@93.36): code=StatusCode.INTERNAL details=Jwt token check failed: UNAUTHENTICATED: Token is expired
15:23:07 orders_arb WARNING gRPC limit failed, falling back to DP server
15:23:07 orders_arb ERROR Limit order error (GAZP@RTSX buy 10@93.36): no response
15:23:07 robot_arb WARNING Entry failed: leg_a_place_failed
15:23:07 robot_arb INFO Z=2.79 (threshold=2.5) — no signal (dup_check=LOCKED)
