03:45:48 robot_arb INFO === Arbitrage Robot v1 ===
03:45:48 robot_arb INFO Pair: GAZP / GZU6
03:45:48 robot_arb INFO Account: 1225953 | Port: 5090 | Paper: False
03:45:48 robot_arb INFO Params: entry_z=2.5 lookback=200 lots_a=10 lots_b=1 hedge_ratio=10
03:45:48 robot_arb INFO Min profit: rub=5
03:45:48 robot_arb INFO Risk: stop_loss_rub=500000
03:45:48 robot_arb INFO State loaded: pnl=0 trades=0 mode=running
03:45:48 robot_arb INFO FinamPy connected. Accounts: ['1225950', '1225951', '1225952', '1225953']
03:45:48 robot_arb INFO Orders manager linked to FinamPy gRPC
03:45:48 robot_arb INFO Subscribed OrderBook: GAZP@RTSX, GZU6@RTSX
03:45:48 robot_arb INFO Subscribed Quotes: GAZP@RTSX, GZU6@RTSX
03:45:48 robot_arb INFO Warmup: waiting 10 sec for data streams...
03:45:58 robot_arb INFO Warmup done. OB_A: False OB_B: False
03:45:58 robot_arb INFO MOEX ISS poller started (fallback for stock prices)
03:45:58 robot_arb INFO Main loop started
03:46:06 robot_arb INFO === Arbitrage Robot v1 ===
03:46:06 robot_arb INFO Pair: GAZP / GZU6
03:46:06 robot_arb INFO Account: 1225953 | Port: 5090 | Paper: False
03:46:06 robot_arb INFO Params: entry_z=2.5 lookback=200 lots_a=10 lots_b=1 hedge_ratio=10
03:46:06 robot_arb INFO Min profit: rub=5
03:46:06 robot_arb INFO Risk: stop_loss_rub=500000
03:46:06 robot_arb INFO State loaded: pnl=0 trades=0 mode=running
03:46:06 robot_arb INFO FinamPy connected. Accounts: ['1225950', '1225951', '1225952', '1225953']
03:46:06 robot_arb INFO Orders manager linked to FinamPy gRPC
03:46:06 robot_arb INFO Subscribed OrderBook: GAZP@RTSX, GZU6@RTSX
03:46:06 robot_arb INFO Subscribed Quotes: GAZP@RTSX, GZU6@RTSX
03:46:06 robot_arb INFO Warmup: waiting 10 sec for data streams...
03:46:16 robot_arb INFO Warmup done. OB_A: False OB_B: False
03:46:16 robot_arb INFO MOEX ISS poller started (fallback for stock prices)
03:46:16 robot_arb INFO Main loop started
03:46:24 robot_arb INFO === Arbitrage Robot v1 ===
03:46:24 robot_arb INFO Pair: GAZP / GZU6
03:46:24 robot_arb INFO Account: 1225953 | Port: 5090 | Paper: False
03:46:24 robot_arb INFO Params: entry_z=2.5 lookback=200 lots_a=10 lots_b=1 hedge_ratio=10
03:46:24 robot_arb INFO Min profit: rub=5
03:46:24 robot_arb INFO Risk: stop_loss_rub=500000
03:46:24 robot_arb INFO State loaded: pnl=0 trades=0 mode=running
03:46:24 robot_arb INFO FinamPy connected. Accounts: ['1225950', '1225951', '1225952', '1225953']
03:46:24 robot_arb INFO Orders manager linked to FinamPy gRPC
03:46:24 robot_arb INFO Subscribed OrderBook: GAZP@RTSX, GZU6@RTSX
03:46:24 robot_arb INFO Subscribed Quotes: GAZP@RTSX, GZU6@RTSX
03:46:24 robot_arb INFO Warmup: waiting 10 sec for data streams...
03:46:34 robot_arb INFO Warmup done. OB_A: False OB_B: False
03:46:34 robot_arb INFO MOEX ISS poller started (fallback for stock prices)
03:46:34 robot_arb INFO Main loop started
03:46:42 robot_arb INFO === Arbitrage Robot v1 ===
03:46:42 robot_arb INFO Pair: GAZP / GZU6
03:46:42 robot_arb INFO Account: 1225953 | Port: 5090 | Paper: False
03:46:42 robot_arb INFO Params: entry_z=2.5 lookback=200 lots_a=10 lots_b=1 hedge_ratio=10
03:46:42 robot_arb INFO Min profit: rub=5
03:46:42 robot_arb INFO Risk: stop_loss_rub=500000
03:46:42 robot_arb INFO State loaded: pnl=0 trades=0 mode=running
03:46:42 robot_arb INFO FinamPy connected. Accounts: ['1225950', '1225951', '1225952', '1225953']
03:46:42 robot_arb INFO Orders manager linked to FinamPy gRPC
03:46:42 robot_arb INFO Subscribed OrderBook: GAZP@RTSX, GZU6@RTSX
03:46:42 robot_arb INFO Subscribed Quotes: GAZP@RTSX, GZU6@RTSX
03:46:42 robot_arb INFO Warmup: waiting 10 sec for data streams...
03:46:52 robot_arb INFO Warmup done. OB_A: False OB_B: False
03:46:52 robot_arb INFO MOEX ISS poller started (fallback for stock prices)
03:46:52 robot_arb INFO Main loop started
03:47:00 robot_arb INFO === Arbitrage Robot v1 ===
03:47:00 robot_arb INFO Pair: GAZP / GZU6
03:47:00 robot_arb INFO Account: 1225953 | Port: 5090 | Paper: False
03:47:00 robot_arb INFO Params: entry_z=2.5 lookback=200 lots_a=10 lots_b=1 hedge_ratio=10
03:47:00 robot_arb INFO Min profit: rub=5
03:47:00 robot_arb INFO Risk: stop_loss_rub=500000
03:47:00 robot_arb INFO State loaded: pnl=0 trades=0 mode=running
03:47:00 robot_arb INFO FinamPy connected. Accounts: ['1225950', '1225951', '1225952', '1225953']
03:47:00 robot_arb INFO Orders manager linked to FinamPy gRPC
03:47:00 robot_arb INFO Subscribed OrderBook: GAZP@RTSX, GZU6@RTSX
03:47:00 robot_arb INFO Subscribed Quotes: GAZP@RTSX, GZU6@RTSX
03:47:00 robot_arb INFO Warmup: waiting 10 sec for data streams...
03:47:10 robot_arb INFO Warmup done. OB_A: False OB_B: False
03:47:10 robot_arb INFO MOEX ISS poller started (fallback for stock prices)
03:47:10 robot_arb INFO Main loop started
03:47:18 robot_arb INFO === Arbitrage Robot v1 ===
03:47:18 robot_arb INFO Pair: GAZP / GZU6
03:47:18 robot_arb INFO Account: 1225953 | Port: 5090 | Paper: False
03:47:18 robot_arb INFO Params: entry_z=2.5 lookback=200 lots_a=10 lots_b=1 hedge_ratio=10
03:47:18 robot_arb INFO Min profit: rub=5
03:47:18 robot_arb INFO Risk: stop_loss_rub=500000
03:47:18 robot_arb INFO State loaded: pnl=0 trades=0 mode=running
03:47:18 robot_arb INFO FinamPy connected. Accounts: ['1225950', '1225951', '1225952', '1225953']
03:47:18 robot_arb INFO Orders manager linked to FinamPy gRPC
03:47:18 robot_arb INFO Subscribed OrderBook: GAZP@RTSX, GZU6@RTSX
03:47:18 robot_arb INFO Subscribed Quotes: GAZP@RTSX, GZU6@RTSX
03:47:18 robot_arb INFO Warmup: waiting 10 sec for data streams...
03:47:28 robot_arb INFO Warmup done. OB_A: False OB_B: False
03:47:28 robot_arb INFO MOEX ISS poller started (fallback for stock prices)
03:47:28 robot_arb INFO Main loop started
03:47:36 robot_arb INFO === Arbitrage Robot v1 ===
03:47:36 robot_arb INFO Pair: GAZP / GZU6
03:47:36 robot_arb INFO Account: 1225953 | Port: 5090 | Paper: False
03:47:36 robot_arb INFO Params: entry_z=2.5 lookback=200 lots_a=10 lots_b=1 hedge_ratio=10
03:47:36 robot_arb INFO Min profit: rub=5
03:47:36 robot_arb INFO Risk: stop_loss_rub=500000
03:47:36 robot_arb INFO State loaded: pnl=0 trades=0 mode=running
03:47:36 robot_arb INFO FinamPy connected. Accounts: ['1225950', '1225951', '1225952', '1225953']
03:47:36 robot_arb INFO Orders manager linked to FinamPy gRPC
03:47:36 robot_arb INFO Subscribed OrderBook: GAZP@RTSX, GZU6@RTSX
03:47:36 robot_arb INFO Subscribed Quotes: GAZP@RTSX, GZU6@RTSX
03:47:36 robot_arb INFO Warmup: waiting 10 sec for data streams...
03:47:46 robot_arb INFO Warmup done. OB_A: False OB_B: False
03:47:46 robot_arb INFO MOEX ISS poller started (fallback for stock prices)
03:47:46 robot_arb INFO Main loop started
03:47:53 robot_arb INFO === Arbitrage Robot v1 ===
03:47:53 robot_arb INFO Pair: GAZP / GZU6
03:47:53 robot_arb INFO Account: 1225953 | Port: 5090 | Paper: False
03:47:53 robot_arb INFO Params: entry_z=2.5 lookback=200 lots_a=10 lots_b=1 hedge_ratio=10
03:47:53 robot_arb INFO Min profit: rub=5
03:47:53 robot_arb INFO Risk: stop_loss_rub=500000
03:47:53 robot_arb INFO State loaded: pnl=0 trades=0 mode=running
03:47:53 robot_arb INFO FinamPy connected. Accounts: ['1225950', '1225951', '1225952', '1225953']
03:47:53 robot_arb INFO Orders manager linked to FinamPy gRPC
03:47:53 robot_arb INFO Subscribed OrderBook: GAZP@RTSX, GZU6@RTSX
03:47:53 robot_arb INFO Subscribed Quotes: GAZP@RTSX, GZU6@RTSX
03:47:53 robot_arb INFO Warmup: waiting 10 sec for data streams...
03:48:03 robot_arb INFO Warmup done. OB_A: False OB_B: False
03:48:03 robot_arb INFO MOEX ISS poller started (fallback for stock prices)
03:48:03 robot_arb INFO Main loop started
03:48:11 robot_arb INFO === Arbitrage Robot v1 ===
03:48:11 robot_arb INFO Pair: GAZP / GZU6
03:48:11 robot_arb INFO Account: 1225953 | Port: 5090 | Paper: False
03:48:11 robot_arb INFO Params: entry_z=2.5 lookback=200 lots_a=10 lots_b=1 hedge_ratio=10
03:48:11 robot_arb INFO Min profit: rub=5
03:48:11 robot_arb INFO Risk: stop_loss_rub=500000
03:48:11 robot_arb INFO State loaded: pnl=0 trades=0 mode=running
03:48:11 robot_arb INFO FinamPy connected. Accounts: ['1225950', '1225951', '1225952', '1225953']
03:48:11 robot_arb INFO Orders manager linked to FinamPy gRPC
03:48:11 robot_arb INFO Subscribed OrderBook: GAZP@RTSX, GZU6@RTSX
03:48:11 robot_arb INFO Subscribed Quotes: GAZP@RTSX, GZU6@RTSX
03:48:11 robot_arb INFO Warmup: waiting 10 sec for data streams...
03:48:21 robot_arb INFO Warmup done. OB_A: False OB_B: False
03:48:21 robot_arb INFO MOEX ISS poller started (fallback for stock prices)
03:48:21 robot_arb INFO Main loop started
03:48:29 robot_arb INFO === Arbitrage Robot v1 ===
03:48:29 robot_arb INFO Pair: GAZP / GZU6
03:48:29 robot_arb INFO Account: 1225953 | Port: 5090 | Paper: False
03:48:29 robot_arb INFO Params: entry_z=2.5 lookback=200 lots_a=10 lots_b=1 hedge_ratio=10
03:48:29 robot_arb INFO Min profit: rub=5
03:48:29 robot_arb INFO Risk: stop_loss_rub=500000
03:48:29 robot_arb INFO State loaded: pnl=0 trades=0 mode=running
03:48:29 robot_arb INFO FinamPy connected. Accounts: ['1225950', '1225951', '1225952', '1225953']
03:48:29 robot_arb INFO Orders manager linked to FinamPy gRPC
03:48:29 robot_arb INFO Subscribed OrderBook: GAZP@RTSX, GZU6@RTSX
03:48:29 robot_arb INFO Subscribed Quotes: GAZP@RTSX, GZU6@RTSX
03:48:29 robot_arb INFO Warmup: waiting 10 sec for data streams...
03:48:39 robot_arb INFO Warmup done. OB_A: False OB_B: False
03:48:39 robot_arb INFO MOEX ISS poller started (fallback for stock prices)
03:48:39 robot_arb INFO Main loop started
03:48:47 robot_arb INFO === Arbitrage Robot v1 ===
03:48:47 robot_arb INFO Pair: GAZP / GZU6
03:48:47 robot_arb INFO Account: 1225953 | Port: 5090 | Paper: False
03:48:47 robot_arb INFO Params: entry_z=2.5 lookback=200 lots_a=10 lots_b=1 hedge_ratio=10
03:48:47 robot_arb INFO Min profit: rub=5
03:48:47 robot_arb INFO Risk: stop_loss_rub=500000
03:48:47 robot_arb INFO State loaded: pnl=0 trades=0 mode=running
03:48:47 robot_arb INFO FinamPy connected. Accounts: ['1225950', '1225951', '1225952', '1225953']
03:48:47 robot_arb INFO Orders manager linked to FinamPy gRPC
03:48:47 robot_arb INFO Subscribed OrderBook: GAZP@RTSX, GZU6@RTSX
03:48:47 robot_arb INFO Subscribed Quotes: GAZP@RTSX, GZU6@RTSX
03:48:47 robot_arb INFO Warmup: waiting 10 sec for data streams...
03:48:57 robot_arb INFO Warmup done. OB_A: False OB_B: False
03:48:57 robot_arb INFO MOEX ISS poller started (fallback for stock prices)
03:48:57 robot_arb INFO Main loop started
03:49:05 robot_arb INFO === Arbitrage Robot v1 ===
03:49:05 robot_arb INFO Pair: GAZP / GZU6
03:49:05 robot_arb INFO Account: 1225953 | Port: 5090 | Paper: False
03:49:05 robot_arb INFO Params: entry_z=2.5 lookback=200 lots_a=10 lots_b=1 hedge_ratio=10
03:49:05 robot_arb INFO Min profit: rub=5
03:49:05 robot_arb INFO Risk: stop_loss_rub=500000
03:49:05 robot_arb INFO State loaded: pnl=0 trades=0 mode=running
03:49:05 robot_arb INFO FinamPy connected. Accounts: ['1225950', '1225951', '1225952', '1225953']
03:49:05 robot_arb INFO Orders manager linked to FinamPy gRPC
03:49:05 robot_arb INFO Subscribed OrderBook: GAZP@RTSX, GZU6@RTSX
03:49:05 robot_arb INFO Subscribed Quotes: GAZP@RTSX, GZU6@RTSX
03:49:05 robot_arb INFO Warmup: waiting 10 sec for data streams...
03:49:15 robot_arb INFO Warmup done. OB_A: False OB_B: False
03:49:15 robot_arb INFO MOEX ISS poller started (fallback for stock prices)
03:49:15 robot_arb INFO Main loop started
03:49:23 robot_arb INFO === Arbitrage Robot v1 ===
03:49:23 robot_arb INFO Pair: GAZP / GZU6
03:49:23 robot_arb INFO Account: 1225953 | Port: 5090 | Paper: False
03:49:23 robot_arb INFO Params: entry_z=2.5 lookback=200 lots_a=10 lots_b=1 hedge_ratio=10
03:49:23 robot_arb INFO Min profit: rub=5
03:49:23 robot_arb INFO Risk: stop_loss_rub=500000
03:49:23 robot_arb INFO State loaded: pnl=0 trades=0 mode=running
03:49:23 robot_arb INFO FinamPy connected. Accounts: ['1225950', '1225951', '1225952', '1225953']
03:49:23 robot_arb INFO Orders manager linked to FinamPy gRPC
03:49:23 robot_arb INFO Subscribed OrderBook: GAZP@RTSX, GZU6@RTSX
03:49:23 robot_arb INFO Subscribed Quotes: GAZP@RTSX, GZU6@RTSX
03:49:23 robot_arb INFO Warmup: waiting 10 sec for data streams...
03:49:33 robot_arb INFO Warmup done. OB_A: False OB_B: False
03:49:33 robot_arb INFO MOEX ISS poller started (fallback for stock prices)
03:49:33 robot_arb INFO Main loop started
03:49:41 robot_arb INFO === Arbitrage Robot v1 ===
03:49:41 robot_arb INFO Pair: GAZP / GZU6
03:49:41 robot_arb INFO Account: 1225953 | Port: 5090 | Paper: False
03:49:41 robot_arb INFO Params: entry_z=2.5 lookback=200 lots_a=10 lots_b=1 hedge_ratio=10
03:49:41 robot_arb INFO Min profit: rub=5
03:49:41 robot_arb INFO Risk: stop_loss_rub=500000
03:49:41 robot_arb INFO State loaded: pnl=0 trades=0 mode=running
03:49:41 robot_arb INFO FinamPy connected. Accounts: ['1225950', '1225951', '1225952', '1225953']
03:49:41 robot_arb INFO Orders manager linked to FinamPy gRPC
03:49:41 robot_arb INFO Subscribed OrderBook: GAZP@RTSX, GZU6@RTSX
03:49:41 robot_arb INFO Subscribed Quotes: GAZP@RTSX, GZU6@RTSX
03:49:41 robot_arb INFO Warmup: waiting 10 sec for data streams...
03:49:51 robot_arb INFO Warmup done. OB_A: False OB_B: False
03:49:51 robot_arb INFO MOEX ISS poller started (fallback for stock prices)
03:49:51 robot_arb INFO Main loop started
03:49:58 robot_arb INFO === Arbitrage Robot v1 ===
03:49:58 robot_arb INFO Pair: GAZP / GZU6
03:49:58 robot_arb INFO Account: 1225953 | Port: 5090 | Paper: False
03:49:58 robot_arb INFO Params: entry_z=2.5 lookback=200 lots_a=10 lots_b=1 hedge_ratio=10
03:49:58 robot_arb INFO Min profit: rub=5
03:49:58 robot_arb INFO Risk: stop_loss_rub=500000
03:49:58 robot_arb INFO State loaded: pnl=0 trades=0 mode=running
03:49:58 robot_arb INFO FinamPy connected. Accounts: ['1225950', '1225951', '1225952', '1225953']
03:49:58 robot_arb INFO Orders manager linked to FinamPy gRPC
03:49:58 robot_arb INFO Subscribed OrderBook: GAZP@RTSX, GZU6@RTSX
03:49:58 robot_arb INFO Subscribed Quotes: GAZP@RTSX, GZU6@RTSX
03:49:58 robot_arb INFO Warmup: waiting 10 sec for data streams...
03:50:08 robot_arb INFO Warmup done. OB_A: False OB_B: False
03:50:08 robot_arb INFO MOEX ISS poller started (fallback for stock prices)
03:50:08 robot_arb INFO Main loop started
03:50:16 robot_arb INFO === Arbitrage Robot v1 ===
03:50:16 robot_arb INFO Pair: GAZP / GZU6
03:50:16 robot_arb INFO Account: 1225953 | Port: 5090 | Paper: False
03:50:16 robot_arb INFO Params: entry_z=2.5 lookback=200 lots_a=10 lots_b=1 hedge_ratio=10
03:50:16 robot_arb INFO Min profit: rub=5
03:50:16 robot_arb INFO Risk: stop_loss_rub=500000
03:50:16 robot_arb INFO State loaded: pnl=0 trades=0 mode=running
03:50:16 robot_arb INFO FinamPy connected. Accounts: ['1225950', '1225951', '1225952', '1225953']
03:50:16 robot_arb INFO Orders manager linked to FinamPy gRPC
03:50:16 robot_arb INFO Subscribed OrderBook: GAZP@RTSX, GZU6@RTSX
03:50:16 robot_arb INFO Subscribed Quotes: GAZP@RTSX, GZU6@RTSX
03:50:16 robot_arb INFO Warmup: waiting 10 sec for data streams...
03:50:26 robot_arb INFO Warmup done. OB_A: False OB_B: False
03:50:26 robot_arb INFO MOEX ISS poller started (fallback for stock prices)
03:50:26 robot_arb INFO Main loop started
03:50:34 robot_arb INFO === Arbitrage Robot v1 ===
03:50:34 robot_arb INFO Pair: GAZP / GZU6
03:50:34 robot_arb INFO Account: 1225953 | Port: 5090 | Paper: False
03:50:34 robot_arb INFO Params: entry_z=2.5 lookback=200 lots_a=10 lots_b=1 hedge_ratio=10
03:50:34 robot_arb INFO Min profit: rub=5
03:50:34 robot_arb INFO Risk: stop_loss_rub=500000
03:50:34 robot_arb INFO State loaded: pnl=0 trades=0 mode=running
03:50:34 robot_arb INFO FinamPy connected. Accounts: ['1225950', '1225951', '1225952', '1225953']
03:50:34 robot_arb INFO Orders manager linked to FinamPy gRPC
03:50:34 robot_arb INFO Subscribed OrderBook: GAZP@RTSX, GZU6@RTSX
03:50:34 robot_arb INFO Subscribed Quotes: GAZP@RTSX, GZU6@RTSX
03:50:34 robot_arb INFO Warmup: waiting 10 sec for data streams...
03:50:44 robot_arb INFO Warmup done. OB_A: False OB_B: False
03:50:44 robot_arb INFO MOEX ISS poller started (fallback for stock prices)
03:50:44 robot_arb INFO Main loop started
03:50:52 robot_arb INFO === Arbitrage Robot v1 ===
03:50:52 robot_arb INFO Pair: GAZP / GZU6
03:50:52 robot_arb INFO Account: 1225953 | Port: 5090 | Paper: False
03:50:52 robot_arb INFO Params: entry_z=2.5 lookback=200 lots_a=10 lots_b=1 hedge_ratio=10
03:50:52 robot_arb INFO Min profit: rub=5
03:50:52 robot_arb INFO Risk: stop_loss_rub=500000
03:50:52 robot_arb INFO State loaded: pnl=0 trades=0 mode=running
03:50:52 robot_arb INFO FinamPy connected. Accounts: ['1225950', '1225951', '1225952', '1225953']
03:50:52 robot_arb INFO Orders manager linked to FinamPy gRPC
03:50:52 robot_arb INFO Subscribed OrderBook: GAZP@RTSX, GZU6@RTSX
03:50:52 robot_arb INFO Subscribed Quotes: GAZP@RTSX, GZU6@RTSX
03:50:52 robot_arb INFO Warmup: waiting 10 sec for data streams...
03:51:02 robot_arb INFO Warmup done. OB_A: False OB_B: False
03:51:02 robot_arb INFO MOEX ISS poller started (fallback for stock prices)
03:51:02 robot_arb INFO Main loop started
03:51:10 robot_arb INFO === Arbitrage Robot v1 ===
03:51:10 robot_arb INFO Pair: GAZP / GZU6
03:51:10 robot_arb INFO Account: 1225953 | Port: 5090 | Paper: False
03:51:10 robot_arb INFO Params: entry_z=2.5 lookback=200 lots_a=10 lots_b=1 hedge_ratio=10
03:51:10 robot_arb INFO Min profit: rub=5
03:51:10 robot_arb INFO Risk: stop_loss_rub=500000
03:51:10 robot_arb INFO State loaded: pnl=0 trades=0 mode=running
03:51:10 robot_arb INFO FinamPy connected. Accounts: ['1225950', '1225951', '1225952', '1225953']
03:51:10 robot_arb INFO Orders manager linked to FinamPy gRPC
03:51:10 robot_arb INFO Subscribed OrderBook: GAZP@RTSX, GZU6@RTSX
03:51:10 robot_arb INFO Subscribed Quotes: GAZP@RTSX, GZU6@RTSX
03:51:10 robot_arb INFO Warmup: waiting 10 sec for data streams...
03:51:20 robot_arb INFO Warmup done. OB_A: False OB_B: False
03:51:20 robot_arb INFO MOEX ISS poller started (fallback for stock prices)
03:51:20 robot_arb INFO Main loop started
03:51:28 robot_arb INFO === Arbitrage Robot v1 ===
03:51:28 robot_arb INFO Pair: GAZP / GZU6
03:51:28 robot_arb INFO Account: 1225953 | Port: 5090 | Paper: False
03:51:28 robot_arb INFO Params: entry_z=2.5 lookback=200 lots_a=10 lots_b=1 hedge_ratio=10
03:51:28 robot_arb INFO Min profit: rub=5
03:51:28 robot_arb INFO Risk: stop_loss_rub=500000
03:51:28 robot_arb INFO State loaded: pnl=0 trades=0 mode=running
03:51:28 robot_arb INFO FinamPy connected. Accounts: ['1225950', '1225951', '1225952', '1225953']
03:51:28 robot_arb INFO Orders manager linked to FinamPy gRPC
03:51:28 robot_arb INFO Subscribed OrderBook: GAZP@RTSX, GZU6@RTSX
03:51:28 robot_arb INFO Subscribed Quotes: GAZP@RTSX, GZU6@RTSX
03:51:28 robot_arb INFO Warmup: waiting 10 sec for data streams...
03:51:38 robot_arb INFO Warmup done. OB_A: False OB_B: False
03:51:38 robot_arb INFO MOEX ISS poller started (fallback for stock prices)
03:51:38 robot_arb INFO Main loop started
03:51:46 robot_arb INFO === Arbitrage Robot v1 ===
03:51:46 robot_arb INFO Pair: GAZP / GZU6
03:51:46 robot_arb INFO Account: 1225953 | Port: 5090 | Paper: False
03:51:46 robot_arb INFO Params: entry_z=2.5 lookback=200 lots_a=10 lots_b=1 hedge_ratio=10
03:51:46 robot_arb INFO Min profit: rub=5
03:51:46 robot_arb INFO Risk: stop_loss_rub=500000
03:51:46 robot_arb INFO State loaded: pnl=0 trades=0 mode=running
03:51:46 robot_arb INFO FinamPy connected. Accounts: ['1225950', '1225951', '1225952', '1225953']
03:51:46 robot_arb INFO Orders manager linked to FinamPy gRPC
03:51:46 robot_arb INFO Subscribed OrderBook: GAZP@RTSX, GZU6@RTSX
03:51:46 robot_arb INFO Subscribed Quotes: GAZP@RTSX, GZU6@RTSX
03:51:46 robot_arb INFO Warmup: waiting 10 sec for data streams...
03:51:56 robot_arb INFO Warmup done. OB_A: False OB_B: False
03:51:56 robot_arb INFO MOEX ISS poller started (fallback for stock prices)
03:51:56 robot_arb INFO Main loop started
03:52:03 robot_arb INFO === Arbitrage Robot v1 ===
03:52:03 robot_arb INFO Pair: GAZP / GZU6
03:52:03 robot_arb INFO Account: 1225953 | Port: 5090 | Paper: False
03:52:03 robot_arb INFO Params: entry_z=2.5 lookback=200 lots_a=10 lots_b=1 hedge_ratio=10
03:52:03 robot_arb INFO Min profit: rub=5
03:52:03 robot_arb INFO Risk: stop_loss_rub=500000
03:52:03 robot_arb INFO State loaded: pnl=0 trades=0 mode=running
03:52:03 robot_arb INFO FinamPy connected. Accounts: ['1225950', '1225951', '1225952', '1225953']
03:52:03 robot_arb INFO Orders manager linked to FinamPy gRPC
03:52:03 robot_arb INFO Subscribed OrderBook: GAZP@RTSX, GZU6@RTSX
03:52:03 robot_arb INFO Subscribed Quotes: GAZP@RTSX, GZU6@RTSX
03:52:03 robot_arb INFO Warmup: waiting 10 sec for data streams...
03:52:13 robot_arb INFO Warmup done. OB_A: False OB_B: False
03:52:13 robot_arb INFO MOEX ISS poller started (fallback for stock prices)
03:52:13 robot_arb INFO Main loop started
03:52:21 robot_arb INFO === Arbitrage Robot v1 ===
03:52:21 robot_arb INFO Pair: GAZP / GZU6
03:52:21 robot_arb INFO Account: 1225953 | Port: 5090 | Paper: False
03:52:21 robot_arb INFO Params: entry_z=2.5 lookback=200 lots_a=10 lots_b=1 hedge_ratio=10
03:52:21 robot_arb INFO Min profit: rub=5
03:52:21 robot_arb INFO Risk: stop_loss_rub=500000
03:52:21 robot_arb INFO State loaded: pnl=0 trades=0 mode=running
03:52:21 robot_arb INFO FinamPy connected. Accounts: ['1225950', '1225951', '1225952', '1225953']
03:52:21 robot_arb INFO Orders manager linked to FinamPy gRPC
03:52:21 robot_arb INFO Subscribed OrderBook: GAZP@RTSX, GZU6@RTSX
03:52:21 robot_arb INFO Subscribed Quotes: GAZP@RTSX, GZU6@RTSX
03:52:21 robot_arb INFO Warmup: waiting 10 sec for data streams...
03:52:31 robot_arb INFO Warmup done. OB_A: False OB_B: False
03:52:31 robot_arb INFO MOEX ISS poller started (fallback for stock prices)
03:52:31 robot_arb INFO Main loop started
03:52:39 robot_arb INFO === Arbitrage Robot v1 ===
03:52:39 robot_arb INFO Pair: GAZP / GZU6
03:52:39 robot_arb INFO Account: 1225953 | Port: 5090 | Paper: False
03:52:39 robot_arb INFO Params: entry_z=2.5 lookback=200 lots_a=10 lots_b=1 hedge_ratio=10
03:52:39 robot_arb INFO Min profit: rub=5
03:52:39 robot_arb INFO Risk: stop_loss_rub=500000
03:52:39 robot_arb INFO State loaded: pnl=0 trades=0 mode=running
03:52:39 robot_arb INFO FinamPy connected. Accounts: ['1225950', '1225951', '1225952', '1225953']
03:52:39 robot_arb INFO Orders manager linked to FinamPy gRPC
03:52:39 robot_arb INFO Subscribed OrderBook: GAZP@RTSX, GZU6@RTSX
03:52:39 robot_arb INFO Subscribed Quotes: GAZP@RTSX, GZU6@RTSX
03:52:39 robot_arb INFO Warmup: waiting 10 sec for data streams...
03:52:49 robot_arb INFO Warmup done. OB_A: False OB_B: False
03:52:49 robot_arb INFO MOEX ISS poller started (fallback for stock prices)
03:52:49 robot_arb INFO Main loop started
03:52:57 robot_arb INFO === Arbitrage Robot v1 ===
03:52:57 robot_arb INFO Pair: GAZP / GZU6
03:52:57 robot_arb INFO Account: 1225953 | Port: 5090 | Paper: False
03:52:57 robot_arb INFO Params: entry_z=2.5 lookback=200 lots_a=10 lots_b=1 hedge_ratio=10
03:52:57 robot_arb INFO Min profit: rub=5
03:52:57 robot_arb INFO Risk: stop_loss_rub=500000
03:52:57 robot_arb INFO State loaded: pnl=0 trades=0 mode=running
03:52:57 robot_arb INFO FinamPy connected. Accounts: ['1225950', '1225951', '1225952', '1225953']
03:52:57 robot_arb INFO Orders manager linked to FinamPy gRPC
03:52:57 robot_arb INFO Subscribed OrderBook: GAZP@RTSX, GZU6@RTSX
03:52:57 robot_arb INFO Subscribed Quotes: GAZP@RTSX, GZU6@RTSX
03:52:57 robot_arb INFO Warmup: waiting 10 sec for data streams...
03:53:07 robot_arb INFO Warmup done. OB_A: False OB_B: False
03:53:07 robot_arb INFO MOEX ISS poller started (fallback for stock prices)
03:53:07 robot_arb INFO Main loop started
03:53:15 robot_arb INFO === Arbitrage Robot v1 ===
03:53:15 robot_arb INFO Pair: GAZP / GZU6
03:53:15 robot_arb INFO Account: 1225953 | Port: 5090 | Paper: False
03:53:15 robot_arb INFO Params: entry_z=2.5 lookback=200 lots_a=10 lots_b=1 hedge_ratio=10
03:53:15 robot_arb INFO Min profit: rub=5
03:53:15 robot_arb INFO Risk: stop_loss_rub=500000
03:53:15 robot_arb INFO State loaded: pnl=0 trades=0 mode=running
03:53:15 robot_arb INFO FinamPy connected. Accounts: ['1225950', '1225951', '1225952', '1225953']
03:53:15 robot_arb INFO Orders manager linked to FinamPy gRPC
03:53:15 robot_arb INFO Subscribed OrderBook: GAZP@RTSX, GZU6@RTSX
03:53:15 robot_arb INFO Subscribed Quotes: GAZP@RTSX, GZU6@RTSX
03:53:15 robot_arb INFO Warmup: waiting 10 sec for data streams...
03:53:25 robot_arb INFO Warmup done. OB_A: False OB_B: False
03:53:25 robot_arb INFO MOEX ISS poller started (fallback for stock prices)
03:53:25 robot_arb INFO Main loop started
03:53:33 robot_arb INFO === Arbitrage Robot v1 ===
03:53:33 robot_arb INFO Pair: GAZP / GZU6
03:53:33 robot_arb INFO Account: 1225953 | Port: 5090 | Paper: False
03:53:33 robot_arb INFO Params: entry_z=2.5 lookback=200 lots_a=10 lots_b=1 hedge_ratio=10
03:53:33 robot_arb INFO Min profit: rub=5
03:53:33 robot_arb INFO Risk: stop_loss_rub=500000
03:53:33 robot_arb INFO State loaded: pnl=0 trades=0 mode=running
03:53:33 robot_arb INFO FinamPy connected. Accounts: ['1225950', '1225951', '1225952', '1225953']
03:53:33 robot_arb INFO Orders manager linked to FinamPy gRPC
03:53:33 robot_arb INFO Subscribed OrderBook: GAZP@RTSX, GZU6@RTSX
03:53:33 robot_arb INFO Subscribed Quotes: GAZP@RTSX, GZU6@RTSX
03:53:33 robot_arb INFO Warmup: waiting 10 sec for data streams...
03:53:43 robot_arb INFO Warmup done. OB_A: False OB_B: False
03:53:43 robot_arb INFO MOEX ISS poller started (fallback for stock prices)
03:53:43 robot_arb INFO Main loop started
03:53:51 robot_arb INFO === Arbitrage Robot v1 ===
03:53:51 robot_arb INFO Pair: GAZP / GZU6
03:53:51 robot_arb INFO Account: 1225953 | Port: 5090 | Paper: False
03:53:51 robot_arb INFO Params: entry_z=2.5 lookback=200 lots_a=10 lots_b=1 hedge_ratio=10
03:53:51 robot_arb INFO Min profit: rub=5
03:53:51 robot_arb INFO Risk: stop_loss_rub=500000
03:53:51 robot_arb INFO State loaded: pnl=0 trades=0 mode=running
03:53:51 robot_arb INFO FinamPy connected. Accounts: ['1225950', '1225951', '1225952', '1225953']
03:53:51 robot_arb INFO Orders manager linked to FinamPy gRPC
03:53:51 robot_arb INFO Subscribed OrderBook: GAZP@RTSX, GZU6@RTSX
03:53:51 robot_arb INFO Subscribed Quotes: GAZP@RTSX, GZU6@RTSX
03:53:51 robot_arb INFO Warmup: waiting 10 sec for data streams...
03:54:01 robot_arb INFO Warmup done. OB_A: False OB_B: False
03:54:01 robot_arb INFO MOEX ISS poller started (fallback for stock prices)
03:54:01 robot_arb INFO Main loop started
03:54:08 robot_arb INFO === Arbitrage Robot v1 ===
03:54:08 robot_arb INFO Pair: GAZP / GZU6
03:54:08 robot_arb INFO Account: 1225953 | Port: 5090 | Paper: False
03:54:08 robot_arb INFO Params: entry_z=2.5 lookback=200 lots_a=10 lots_b=1 hedge_ratio=10
03:54:08 robot_arb INFO Min profit: rub=5
03:54:08 robot_arb INFO Risk: stop_loss_rub=500000
03:54:08 robot_arb INFO State loaded: pnl=0 trades=0 mode=running
03:54:08 robot_arb INFO FinamPy connected. Accounts: ['1225950', '1225951', '1225952', '1225953']
03:54:08 robot_arb INFO Orders manager linked to FinamPy gRPC
03:54:08 robot_arb INFO Subscribed OrderBook: GAZP@RTSX, GZU6@RTSX
03:54:08 robot_arb INFO Subscribed Quotes: GAZP@RTSX, GZU6@RTSX
03:54:08 robot_arb INFO Warmup: waiting 10 sec for data streams...
03:54:18 robot_arb INFO Warmup done. OB_A: False OB_B: False
03:54:18 robot_arb INFO MOEX ISS poller started (fallback for stock prices)
03:54:18 robot_arb INFO Main loop started
03:54:26 robot_arb INFO === Arbitrage Robot v1 ===
03:54:26 robot_arb INFO Pair: GAZP / GZU6
03:54:26 robot_arb INFO Account: 1225953 | Port: 5090 | Paper: False
03:54:26 robot_arb INFO Params: entry_z=2.5 lookback=200 lots_a=10 lots_b=1 hedge_ratio=10
03:54:26 robot_arb INFO Min profit: rub=5
03:54:26 robot_arb INFO Risk: stop_loss_rub=500000
03:54:26 robot_arb INFO State loaded: pnl=0 trades=0 mode=running
03:54:26 robot_arb INFO FinamPy connected. Accounts: ['1225950', '1225951', '1225952', '1225953']
03:54:26 robot_arb INFO Orders manager linked to FinamPy gRPC
03:54:26 robot_arb INFO Subscribed OrderBook: GAZP@RTSX, GZU6@RTSX
03:54:26 robot_arb INFO Subscribed Quotes: GAZP@RTSX, GZU6@RTSX
03:54:26 robot_arb INFO Warmup: waiting 10 sec for data streams...
03:54:36 robot_arb INFO Warmup done. OB_A: False OB_B: False
03:54:36 robot_arb INFO MOEX ISS poller started (fallback for stock prices)
03:54:36 robot_arb INFO Main loop started
03:54:44 robot_arb INFO === Arbitrage Robot v1 ===
03:54:44 robot_arb INFO Pair: GAZP / GZU6
03:54:44 robot_arb INFO Account: 1225953 | Port: 5090 | Paper: False
03:54:44 robot_arb INFO Params: entry_z=2.5 lookback=200 lots_a=10 lots_b=1 hedge_ratio=10
03:54:44 robot_arb INFO Min profit: rub=5
03:54:44 robot_arb INFO Risk: stop_loss_rub=500000
03:54:44 robot_arb INFO State loaded: pnl=0 trades=0 mode=running
03:54:44 robot_arb INFO FinamPy connected. Accounts: ['1225950', '1225951', '1225952', '1225953']
03:54:44 robot_arb INFO Orders manager linked to FinamPy gRPC
03:54:44 robot_arb INFO Subscribed OrderBook: GAZP@RTSX, GZU6@RTSX
03:54:44 robot_arb INFO Subscribed Quotes: GAZP@RTSX, GZU6@RTSX
03:54:44 robot_arb INFO Warmup: waiting 10 sec for data streams...
03:54:54 robot_arb INFO Warmup done. OB_A: False OB_B: False
03:54:54 robot_arb INFO MOEX ISS poller started (fallback for stock prices)
03:54:54 robot_arb INFO Main loop started
03:55:02 robot_arb INFO === Arbitrage Robot v1 ===
03:55:02 robot_arb INFO Pair: GAZP / GZU6
03:55:02 robot_arb INFO Account: 1225953 | Port: 5090 | Paper: False
03:55:02 robot_arb INFO Params: entry_z=2.5 lookback=200 lots_a=10 lots_b=1 hedge_ratio=10
03:55:02 robot_arb INFO Min profit: rub=5
03:55:02 robot_arb INFO Risk: stop_loss_rub=500000
03:55:02 robot_arb INFO State loaded: pnl=0 trades=0 mode=running
03:55:02 robot_arb INFO FinamPy connected. Accounts: ['1225950', '1225951', '1225952', '1225953']
03:55:02 robot_arb INFO Orders manager linked to FinamPy gRPC
03:55:02 robot_arb INFO Subscribed OrderBook: GAZP@RTSX, GZU6@RTSX
03:55:02 robot_arb INFO Subscribed Quotes: GAZP@RTSX, GZU6@RTSX
03:55:02 robot_arb INFO Warmup: waiting 10 sec for data streams...
03:55:12 robot_arb INFO Warmup done. OB_A: False OB_B: False
03:55:12 robot_arb INFO MOEX ISS poller started (fallback for stock prices)
03:55:12 robot_arb INFO Main loop started
03:55:20 robot_arb INFO === Arbitrage Robot v1 ===
03:55:20 robot_arb INFO Pair: GAZP / GZU6
03:55:20 robot_arb INFO Account: 1225953 | Port: 5090 | Paper: False
03:55:20 robot_arb INFO Params: entry_z=2.5 lookback=200 lots_a=10 lots_b=1 hedge_ratio=10
03:55:20 robot_arb INFO Min profit: rub=5
03:55:20 robot_arb INFO Risk: stop_loss_rub=500000
03:55:20 robot_arb INFO State loaded: pnl=0 trades=0 mode=running
03:55:20 robot_arb INFO FinamPy connected. Accounts: ['1225950', '1225951', '1225952', '1225953']
03:55:20 robot_arb INFO Orders manager linked to FinamPy gRPC
03:55:20 robot_arb INFO Subscribed OrderBook: GAZP@RTSX, GZU6@RTSX
03:55:20 robot_arb INFO Subscribed Quotes: GAZP@RTSX, GZU6@RTSX
03:55:20 robot_arb INFO Warmup: waiting 10 sec for data streams...
03:55:30 robot_arb INFO Warmup done. OB_A: False OB_B: False
03:55:30 robot_arb INFO MOEX ISS poller started (fallback for stock prices)
03:55:30 robot_arb INFO Main loop started
03:55:38 robot_arb INFO === Arbitrage Robot v1 ===
03:55:38 robot_arb INFO Pair: GAZP / GZU6
03:55:38 robot_arb INFO Account: 1225953 | Port: 5090 | Paper: False
03:55:38 robot_arb INFO Params: entry_z=2.5 lookback=200 lots_a=10 lots_b=1 hedge_ratio=10
03:55:38 robot_arb INFO Min profit: rub=5
03:55:38 robot_arb INFO Risk: stop_loss_rub=500000
03:55:38 robot_arb INFO State loaded: pnl=0 trades=0 mode=running
03:55:38 robot_arb INFO FinamPy connected. Accounts: ['1225950', '1225951', '1225952', '1225953']
03:55:38 robot_arb INFO Orders manager linked to FinamPy gRPC
03:55:38 robot_arb INFO Subscribed OrderBook: GAZP@RTSX, GZU6@RTSX
03:55:38 robot_arb INFO Subscribed Quotes: GAZP@RTSX, GZU6@RTSX
03:55:38 robot_arb INFO Warmup: waiting 10 sec for data streams...
03:55:48 robot_arb INFO Warmup done. OB_A: False OB_B: False
03:55:48 robot_arb INFO MOEX ISS poller started (fallback for stock prices)
03:55:48 robot_arb INFO Main loop started
03:55:56 robot_arb INFO === Arbitrage Robot v1 ===
03:55:56 robot_arb INFO Pair: GAZP / GZU6
03:55:56 robot_arb INFO Account: 1225953 | Port: 5090 | Paper: False
03:55:56 robot_arb INFO Params: entry_z=2.5 lookback=200 lots_a=10 lots_b=1 hedge_ratio=10
03:55:56 robot_arb INFO Min profit: rub=5
03:55:56 robot_arb INFO Risk: stop_loss_rub=500000
03:55:56 robot_arb INFO State loaded: pnl=0 trades=0 mode=running
03:55:56 robot_arb INFO FinamPy connected. Accounts: ['1225950', '1225951', '1225952', '1225953']
03:55:56 robot_arb INFO Orders manager linked to FinamPy gRPC
03:55:56 robot_arb INFO Subscribed OrderBook: GAZP@RTSX, GZU6@RTSX
03:55:56 robot_arb INFO Subscribed Quotes: GAZP@RTSX, GZU6@RTSX
03:55:56 robot_arb INFO Warmup: waiting 10 sec for data streams...
03:56:06 robot_arb INFO Warmup done. OB_A: False OB_B: False
03:56:06 robot_arb INFO MOEX ISS poller started (fallback for stock prices)
03:56:06 robot_arb INFO Main loop started
03:56:13 robot_arb INFO === Arbitrage Robot v1 ===
03:56:13 robot_arb INFO Pair: GAZP / GZU6
03:56:13 robot_arb INFO Account: 1225953 | Port: 5090 | Paper: False
03:56:13 robot_arb INFO Params: entry_z=2.5 lookback=200 lots_a=10 lots_b=1 hedge_ratio=10
03:56:13 robot_arb INFO Min profit: rub=5
03:56:13 robot_arb INFO Risk: stop_loss_rub=500000
03:56:13 robot_arb INFO State loaded: pnl=0 trades=0 mode=running
03:56:13 robot_arb INFO FinamPy connected. Accounts: ['1225950', '1225951', '1225952', '1225953']
03:56:13 robot_arb INFO Orders manager linked to FinamPy gRPC
03:56:13 robot_arb INFO Subscribed OrderBook: GAZP@RTSX, GZU6@RTSX
03:56:13 robot_arb INFO Subscribed Quotes: GAZP@RTSX, GZU6@RTSX
03:56:13 robot_arb INFO Warmup: waiting 10 sec for data streams...
03:56:23 robot_arb INFO Warmup done. OB_A: False OB_B: False
03:56:23 robot_arb INFO MOEX ISS poller started (fallback for stock prices)
03:56:23 robot_arb INFO Main loop started
03:56:31 robot_arb INFO === Arbitrage Robot v1 ===
03:56:31 robot_arb INFO Pair: GAZP / GZU6
03:56:31 robot_arb INFO Account: 1225953 | Port: 5090 | Paper: False
03:56:31 robot_arb INFO Params: entry_z=2.5 lookback=200 lots_a=10 lots_b=1 hedge_ratio=10
03:56:31 robot_arb INFO Min profit: rub=5
03:56:31 robot_arb INFO Risk: stop_loss_rub=500000
03:56:31 robot_arb INFO State loaded: pnl=0 trades=0 mode=running
03:56:31 robot_arb INFO FinamPy connected. Accounts: ['1225950', '1225951', '1225952', '1225953']
03:56:31 robot_arb INFO Orders manager linked to FinamPy gRPC
03:56:31 robot_arb INFO Subscribed OrderBook: GAZP@RTSX, GZU6@RTSX
03:56:31 robot_arb INFO Subscribed Quotes: GAZP@RTSX, GZU6@RTSX
03:56:31 robot_arb INFO Warmup: waiting 10 sec for data streams...
03:56:41 robot_arb INFO Warmup done. OB_A: False OB_B: False
03:56:41 robot_arb INFO MOEX ISS poller started (fallback for stock prices)
03:56:41 robot_arb INFO Main loop started
03:56:49 robot_arb INFO === Arbitrage Robot v1 ===
03:56:49 robot_arb INFO Pair: GAZP / GZU6
03:56:49 robot_arb INFO Account: 1225953 | Port: 5090 | Paper: False
03:56:49 robot_arb INFO Params: entry_z=2.5 lookback=200 lots_a=10 lots_b=1 hedge_ratio=10
03:56:49 robot_arb INFO Min profit: rub=5
03:56:49 robot_arb INFO Risk: stop_loss_rub=500000
03:56:49 robot_arb INFO State loaded: pnl=0 trades=0 mode=running
03:56:49 robot_arb INFO FinamPy connected. Accounts: ['1225950', '1225951', '1225952', '1225953']
03:56:49 robot_arb INFO Orders manager linked to FinamPy gRPC
03:56:49 robot_arb INFO Subscribed OrderBook: GAZP@RTSX, GZU6@RTSX
03:56:49 robot_arb INFO Subscribed Quotes: GAZP@RTSX, GZU6@RTSX
03:56:49 robot_arb INFO Warmup: waiting 10 sec for data streams...
03:56:59 robot_arb INFO Warmup done. OB_A: False OB_B: False
03:56:59 robot_arb INFO MOEX ISS poller started (fallback for stock prices)
03:56:59 robot_arb INFO Main loop started
03:57:07 robot_arb INFO === Arbitrage Robot v1 ===
03:57:07 robot_arb INFO Pair: GAZP / GZU6
03:57:07 robot_arb INFO Account: 1225953 | Port: 5090 | Paper: False
03:57:07 robot_arb INFO Params: entry_z=2.5 lookback=200 lots_a=10 lots_b=1 hedge_ratio=10
03:57:07 robot_arb INFO Min profit: rub=5
03:57:07 robot_arb INFO Risk: stop_loss_rub=500000
03:57:07 robot_arb INFO State loaded: pnl=0 trades=0 mode=running
03:57:07 robot_arb INFO FinamPy connected. Accounts: ['1225950', '1225951', '1225952', '1225953']
03:57:07 robot_arb INFO Orders manager linked to FinamPy gRPC
03:57:07 robot_arb INFO Subscribed OrderBook: GAZP@RTSX, GZU6@RTSX
03:57:07 robot_arb INFO Subscribed Quotes: GAZP@RTSX, GZU6@RTSX
03:57:07 robot_arb INFO Warmup: waiting 10 sec for data streams...
03:57:17 robot_arb INFO Warmup done. OB_A: False OB_B: False
03:57:17 robot_arb INFO MOEX ISS poller started (fallback for stock prices)
03:57:17 robot_arb INFO Main loop started
03:57:25 robot_arb INFO === Arbitrage Robot v1 ===
03:57:25 robot_arb INFO Pair: GAZP / GZU6
03:57:25 robot_arb INFO Account: 1225953 | Port: 5090 | Paper: False
03:57:25 robot_arb INFO Params: entry_z=2.5 lookback=200 lots_a=10 lots_b=1 hedge_ratio=10
03:57:25 robot_arb INFO Min profit: rub=5
03:57:25 robot_arb INFO Risk: stop_loss_rub=500000
03:57:25 robot_arb INFO State loaded: pnl=0 trades=0 mode=running
03:57:25 robot_arb INFO FinamPy connected. Accounts: ['1225950', '1225951', '1225952', '1225953']
03:57:25 robot_arb INFO Orders manager linked to FinamPy gRPC
03:57:25 robot_arb INFO Subscribed OrderBook: GAZP@RTSX, GZU6@RTSX
03:57:25 robot_arb INFO Subscribed Quotes: GAZP@RTSX, GZU6@RTSX
03:57:25 robot_arb INFO Warmup: waiting 10 sec for data streams...
03:57:35 robot_arb INFO Warmup done. OB_A: False OB_B: False
03:57:35 robot_arb INFO MOEX ISS poller started (fallback for stock prices)
03:57:35 robot_arb INFO Main loop started
03:57:43 robot_arb INFO === Arbitrage Robot v1 ===
03:57:43 robot_arb INFO Pair: GAZP / GZU6
03:57:43 robot_arb INFO Account: 1225953 | Port: 5090 | Paper: False
03:57:43 robot_arb INFO Params: entry_z=2.5 lookback=200 lots_a=10 lots_b=1 hedge_ratio=10
03:57:43 robot_arb INFO Min profit: rub=5
03:57:43 robot_arb INFO Risk: stop_loss_rub=500000
03:57:43 robot_arb INFO State loaded: pnl=0 trades=0 mode=running
03:57:43 robot_arb INFO FinamPy connected. Accounts: ['1225950', '1225951', '1225952', '1225953']
03:57:43 robot_arb INFO Orders manager linked to FinamPy gRPC
03:57:43 robot_arb INFO Subscribed OrderBook: GAZP@RTSX, GZU6@RTSX
03:57:43 robot_arb INFO Subscribed Quotes: GAZP@RTSX, GZU6@RTSX
03:57:43 robot_arb INFO Warmup: waiting 10 sec for data streams...
03:57:53 robot_arb INFO Warmup done. OB_A: False OB_B: False
03:57:53 robot_arb INFO MOEX ISS poller started (fallback for stock prices)
03:57:53 robot_arb INFO Main loop started
03:58:01 robot_arb INFO === Arbitrage Robot v1 ===
03:58:01 robot_arb INFO Pair: GAZP / GZU6
03:58:01 robot_arb INFO Account: 1225953 | Port: 5090 | Paper: False
03:58:01 robot_arb INFO Params: entry_z=2.5 lookback=200 lots_a=10 lots_b=1 hedge_ratio=10
03:58:01 robot_arb INFO Min profit: rub=5
03:58:01 robot_arb INFO Risk: stop_loss_rub=500000
03:58:01 robot_arb INFO State loaded: pnl=0 trades=0 mode=running
03:58:01 robot_arb INFO FinamPy connected. Accounts: ['1225950', '1225951', '1225952', '1225953']
03:58:01 robot_arb INFO Orders manager linked to FinamPy gRPC
03:58:01 robot_arb INFO Subscribed OrderBook: GAZP@RTSX, GZU6@RTSX
03:58:01 robot_arb INFO Subscribed Quotes: GAZP@RTSX, GZU6@RTSX
03:58:01 robot_arb INFO Warmup: waiting 10 sec for data streams...
03:58:11 robot_arb INFO Warmup done. OB_A: False OB_B: False
03:58:11 robot_arb INFO MOEX ISS poller started (fallback for stock prices)
03:58:11 robot_arb INFO Main loop started
03:58:18 robot_arb INFO === Arbitrage Robot v1 ===
03:58:18 robot_arb INFO Pair: GAZP / GZU6
03:58:18 robot_arb INFO Account: 1225953 | Port: 5090 | Paper: False
03:58:18 robot_arb INFO Params: entry_z=2.5 lookback=200 lots_a=10 lots_b=1 hedge_ratio=10
03:58:18 robot_arb INFO Min profit: rub=5
03:58:18 robot_arb INFO Risk: stop_loss_rub=500000
03:58:18 robot_arb INFO State loaded: pnl=0 trades=0 mode=running
03:58:18 robot_arb INFO FinamPy connected. Accounts: ['1225950', '1225951', '1225952', '1225953']
03:58:18 robot_arb INFO Orders manager linked to FinamPy gRPC
03:58:18 robot_arb INFO Subscribed OrderBook: GAZP@RTSX, GZU6@RTSX
03:58:18 robot_arb INFO Subscribed Quotes: GAZP@RTSX, GZU6@RTSX
03:58:18 robot_arb INFO Warmup: waiting 10 sec for data streams...
03:58:28 robot_arb INFO Warmup done. OB_A: False OB_B: False
03:58:28 robot_arb INFO MOEX ISS poller started (fallback for stock prices)
03:58:28 robot_arb INFO Main loop started
03:58:36 robot_arb INFO === Arbitrage Robot v1 ===
03:58:36 robot_arb INFO Pair: GAZP / GZU6
03:58:36 robot_arb INFO Account: 1225953 | Port: 5090 | Paper: False
03:58:36 robot_arb INFO Params: entry_z=2.5 lookback=200 lots_a=10 lots_b=1 hedge_ratio=10
03:58:36 robot_arb INFO Min profit: rub=5
03:58:36 robot_arb INFO Risk: stop_loss_rub=500000
03:58:36 robot_arb INFO State loaded: pnl=0 trades=0 mode=running
03:58:36 robot_arb INFO FinamPy connected. Accounts: ['1225950', '1225951', '1225952', '1225953']
03:58:36 robot_arb INFO Orders manager linked to FinamPy gRPC
03:58:36 robot_arb INFO Subscribed OrderBook: GAZP@RTSX, GZU6@RTSX
03:58:36 robot_arb INFO Subscribed Quotes: GAZP@RTSX, GZU6@RTSX
03:58:36 robot_arb INFO Warmup: waiting 10 sec for data streams...
03:58:46 robot_arb INFO Warmup done. OB_A: False OB_B: False
03:58:46 robot_arb INFO MOEX ISS poller started (fallback for stock prices)
03:58:46 robot_arb INFO Main loop started
03:58:54 robot_arb INFO === Arbitrage Robot v1 ===
03:58:54 robot_arb INFO Pair: GAZP / GZU6
03:58:54 robot_arb INFO Account: 1225953 | Port: 5090 | Paper: False
03:58:54 robot_arb INFO Params: entry_z=2.5 lookback=200 lots_a=10 lots_b=1 hedge_ratio=10
03:58:54 robot_arb INFO Min profit: rub=5
03:58:54 robot_arb INFO Risk: stop_loss_rub=500000
03:58:54 robot_arb INFO State loaded: pnl=0 trades=0 mode=running
03:58:54 robot_arb INFO FinamPy connected. Accounts: ['1225950', '1225951', '1225952', '1225953']
03:58:54 robot_arb INFO Orders manager linked to FinamPy gRPC
03:58:54 robot_arb INFO Subscribed OrderBook: GAZP@RTSX, GZU6@RTSX
03:58:54 robot_arb INFO Subscribed Quotes: GAZP@RTSX, GZU6@RTSX
03:58:54 robot_arb INFO Warmup: waiting 10 sec for data streams...
03:59:04 robot_arb INFO Warmup done. OB_A: False OB_B: False
03:59:04 robot_arb INFO MOEX ISS poller started (fallback for stock prices)
03:59:04 robot_arb INFO Main loop started
03:59:12 robot_arb INFO === Arbitrage Robot v1 ===
03:59:12 robot_arb INFO Pair: GAZP / GZU6
03:59:12 robot_arb INFO Account: 1225953 | Port: 5090 | Paper: False
03:59:12 robot_arb INFO Params: entry_z=2.5 lookback=200 lots_a=10 lots_b=1 hedge_ratio=10
03:59:12 robot_arb INFO Min profit: rub=5
03:59:12 robot_arb INFO Risk: stop_loss_rub=500000
03:59:12 robot_arb INFO State loaded: pnl=0 trades=0 mode=running
03:59:12 robot_arb INFO FinamPy connected. Accounts: ['1225950', '1225951', '1225952', '1225953']
03:59:12 robot_arb INFO Orders manager linked to FinamPy gRPC
03:59:12 robot_arb INFO Subscribed OrderBook: GAZP@RTSX, GZU6@RTSX
03:59:12 robot_arb INFO Subscribed Quotes: GAZP@RTSX, GZU6@RTSX
03:59:12 robot_arb INFO Warmup: waiting 10 sec for data streams...
03:59:22 robot_arb INFO Warmup done. OB_A: False OB_B: False
03:59:22 robot_arb INFO MOEX ISS poller started (fallback for stock prices)
03:59:22 robot_arb INFO Main loop started
03:59:30 robot_arb INFO === Arbitrage Robot v1 ===
03:59:30 robot_arb INFO Pair: GAZP / GZU6
03:59:30 robot_arb INFO Account: 1225953 | Port: 5090 | Paper: False
03:59:30 robot_arb INFO Params: entry_z=2.5 lookback=200 lots_a=10 lots_b=1 hedge_ratio=10
03:59:30 robot_arb INFO Min profit: rub=5
03:59:30 robot_arb INFO Risk: stop_loss_rub=500000
03:59:30 robot_arb INFO State loaded: pnl=0 trades=0 mode=running
03:59:30 robot_arb INFO FinamPy connected. Accounts: ['1225950', '1225951', '1225952', '1225953']
03:59:30 robot_arb INFO Orders manager linked to FinamPy gRPC
03:59:30 robot_arb INFO Subscribed OrderBook: GAZP@RTSX, GZU6@RTSX
03:59:30 robot_arb INFO Subscribed Quotes: GAZP@RTSX, GZU6@RTSX
03:59:30 robot_arb INFO Warmup: waiting 10 sec for data streams...
03:59:40 robot_arb INFO Warmup done. OB_A: False OB_B: False
03:59:40 robot_arb INFO MOEX ISS poller started (fallback for stock prices)
03:59:40 robot_arb INFO Main loop started
03:59:48 robot_arb INFO === Arbitrage Robot v1 ===
03:59:48 robot_arb INFO Pair: GAZP / GZU6
03:59:48 robot_arb INFO Account: 1225953 | Port: 5090 | Paper: False
03:59:48 robot_arb INFO Params: entry_z=2.5 lookback=200 lots_a=10 lots_b=1 hedge_ratio=10
03:59:48 robot_arb INFO Min profit: rub=5
03:59:48 robot_arb INFO Risk: stop_loss_rub=500000
03:59:48 robot_arb INFO State loaded: pnl=0 trades=0 mode=running
03:59:48 robot_arb INFO FinamPy connected. Accounts: ['1225950', '1225951', '1225952', '1225953']
03:59:48 robot_arb INFO Orders manager linked to FinamPy gRPC
03:59:48 robot_arb INFO Subscribed OrderBook: GAZP@RTSX, GZU6@RTSX
03:59:48 robot_arb INFO Subscribed Quotes: GAZP@RTSX, GZU6@RTSX
03:59:48 robot_arb INFO Warmup: waiting 10 sec for data streams...
03:59:58 robot_arb INFO Warmup done. OB_A: False OB_B: False
03:59:58 robot_arb INFO MOEX ISS poller started (fallback for stock prices)
03:59:58 robot_arb INFO Main loop started
04:00:06 robot_arb INFO === Arbitrage Robot v1 ===
04:00:06 robot_arb INFO Pair: GAZP / GZU6
04:00:06 robot_arb INFO Account: 1225953 | Port: 5090 | Paper: False
04:00:06 robot_arb INFO Params: entry_z=2.5 lookback=200 lots_a=10 lots_b=1 hedge_ratio=10
04:00:06 robot_arb INFO Min profit: rub=5
04:00:06 robot_arb INFO Risk: stop_loss_rub=500000
04:00:06 robot_arb INFO State loaded: pnl=0 trades=0 mode=running
04:00:06 robot_arb INFO FinamPy connected. Accounts: ['1225950', '1225951', '1225952', '1225953']
04:00:06 robot_arb INFO Orders manager linked to FinamPy gRPC
04:00:06 robot_arb INFO Subscribed OrderBook: GAZP@RTSX, GZU6@RTSX
04:00:06 robot_arb INFO Subscribed Quotes: GAZP@RTSX, GZU6@RTSX
04:00:06 robot_arb INFO Warmup: waiting 10 sec for data streams...
04:00:16 robot_arb INFO Warmup done. OB_A: False OB_B: False
04:00:16 robot_arb INFO MOEX ISS poller started (fallback for stock prices)
04:00:16 robot_arb INFO Main loop started
04:00:23 robot_arb INFO === Arbitrage Robot v1 ===
04:00:23 robot_arb INFO Pair: GAZP / GZU6
04:00:23 robot_arb INFO Account: 1225953 | Port: 5090 | Paper: False
04:00:23 robot_arb INFO Params: entry_z=2.5 lookback=200 lots_a=10 lots_b=1 hedge_ratio=10
04:00:23 robot_arb INFO Min profit: rub=5
04:00:23 robot_arb INFO Risk: stop_loss_rub=500000
04:00:23 robot_arb INFO State loaded: pnl=0 trades=0 mode=running
04:00:23 robot_arb INFO FinamPy connected. Accounts: ['1225950', '1225951', '1225952', '1225953']
04:00:23 robot_arb INFO Orders manager linked to FinamPy gRPC
04:00:23 robot_arb INFO Subscribed OrderBook: GAZP@RTSX, GZU6@RTSX
04:00:23 robot_arb INFO Subscribed Quotes: GAZP@RTSX, GZU6@RTSX
04:00:23 robot_arb INFO Warmup: waiting 10 sec for data streams...
04:00:33 robot_arb INFO Warmup done. OB_A: False OB_B: False
04:00:33 robot_arb INFO MOEX ISS poller started (fallback for stock prices)
04:00:33 robot_arb INFO Main loop started
04:00:41 robot_arb INFO === Arbitrage Robot v1 ===
04:00:41 robot_arb INFO Pair: GAZP / GZU6
04:00:41 robot_arb INFO Account: 1225953 | Port: 5090 | Paper: False
04:00:41 robot_arb INFO Params: entry_z=2.5 lookback=200 lots_a=10 lots_b=1 hedge_ratio=10
04:00:41 robot_arb INFO Min profit: rub=5
04:00:41 robot_arb INFO Risk: stop_loss_rub=500000
04:00:41 robot_arb INFO State loaded: pnl=0 trades=0 mode=running
04:00:41 robot_arb INFO FinamPy connected. Accounts: ['1225950', '1225951', '1225952', '1225953']
04:00:41 robot_arb INFO Orders manager linked to FinamPy gRPC
04:00:41 robot_arb INFO Subscribed OrderBook: GAZP@RTSX, GZU6@RTSX
04:00:41 robot_arb INFO Subscribed Quotes: GAZP@RTSX, GZU6@RTSX
04:00:41 robot_arb INFO Warmup: waiting 10 sec for data streams...
04:00:51 robot_arb INFO Warmup done. OB_A: False OB_B: False
04:00:51 robot_arb INFO MOEX ISS poller started (fallback for stock prices)
04:00:51 robot_arb INFO Main loop started
04:00:59 robot_arb INFO === Arbitrage Robot v1 ===
04:00:59 robot_arb INFO Pair: GAZP / GZU6
04:00:59 robot_arb INFO Account: 1225953 | Port: 5090 | Paper: False
04:00:59 robot_arb INFO Params: entry_z=2.5 lookback=200 lots_a=10 lots_b=1 hedge_ratio=10
04:00:59 robot_arb INFO Min profit: rub=5
04:00:59 robot_arb INFO Risk: stop_loss_rub=500000
04:00:59 robot_arb INFO State loaded: pnl=0 trades=0 mode=running
04:00:59 robot_arb INFO FinamPy connected. Accounts: ['1225950', '1225951', '1225952', '1225953']
04:00:59 robot_arb INFO Orders manager linked to FinamPy gRPC
04:00:59 robot_arb INFO Subscribed OrderBook: GAZP@RTSX, GZU6@RTSX
04:00:59 robot_arb INFO Subscribed Quotes: GAZP@RTSX, GZU6@RTSX
04:00:59 robot_arb INFO Warmup: waiting 10 sec for data streams...
04:01:09 robot_arb INFO Warmup done. OB_A: False OB_B: False
04:01:09 robot_arb INFO MOEX ISS poller started (fallback for stock prices)
04:01:09 robot_arb INFO Main loop started
04:01:17 robot_arb INFO === Arbitrage Robot v1 ===
04:01:17 robot_arb INFO Pair: GAZP / GZU6
04:01:17 robot_arb INFO Account: 1225953 | Port: 5090 | Paper: False
04:01:17 robot_arb INFO Params: entry_z=2.5 lookback=200 lots_a=10 lots_b=1 hedge_ratio=10
04:01:17 robot_arb INFO Min profit: rub=5
04:01:17 robot_arb INFO Risk: stop_loss_rub=500000
04:01:17 robot_arb INFO State loaded: pnl=0 trades=0 mode=running
04:01:17 robot_arb INFO FinamPy connected. Accounts: ['1225950', '1225951', '1225952', '1225953']
04:01:17 robot_arb INFO Orders manager linked to FinamPy gRPC
04:01:17 robot_arb INFO Subscribed OrderBook: GAZP@RTSX, GZU6@RTSX
04:01:17 robot_arb INFO Subscribed Quotes: GAZP@RTSX, GZU6@RTSX
04:01:17 robot_arb INFO Warmup: waiting 10 sec for data streams...
04:01:27 robot_arb INFO Warmup done. OB_A: False OB_B: False
04:01:27 robot_arb INFO MOEX ISS poller started (fallback for stock prices)
04:01:27 robot_arb INFO Main loop started
04:01:35 robot_arb INFO === Arbitrage Robot v1 ===
04:01:35 robot_arb INFO Pair: GAZP / GZU6
04:01:35 robot_arb INFO Account: 1225953 | Port: 5090 | Paper: False
04:01:35 robot_arb INFO Params: entry_z=2.5 lookback=200 lots_a=10 lots_b=1 hedge_ratio=10
04:01:35 robot_arb INFO Min profit: rub=5
04:01:35 robot_arb INFO Risk: stop_loss_rub=500000
04:01:35 robot_arb INFO State loaded: pnl=0 trades=0 mode=running
04:01:35 robot_arb INFO FinamPy connected. Accounts: ['1225950', '1225951', '1225952', '1225953']
04:01:35 robot_arb INFO Orders manager linked to FinamPy gRPC
04:01:35 robot_arb INFO Subscribed OrderBook: GAZP@RTSX, GZU6@RTSX
04:01:35 robot_arb INFO Subscribed Quotes: GAZP@RTSX, GZU6@RTSX
04:01:35 robot_arb INFO Warmup: waiting 10 sec for data streams...
04:01:45 robot_arb INFO Warmup done. OB_A: False OB_B: False
04:01:45 robot_arb INFO MOEX ISS poller started (fallback for stock prices)
04:01:45 robot_arb INFO Main loop started
04:01:53 robot_arb INFO === Arbitrage Robot v1 ===
04:01:53 robot_arb INFO Pair: GAZP / GZU6
04:01:53 robot_arb INFO Account: 1225953 | Port: 5090 | Paper: False
04:01:53 robot_arb INFO Params: entry_z=2.5 lookback=200 lots_a=10 lots_b=1 hedge_ratio=10
04:01:53 robot_arb INFO Min profit: rub=5
04:01:53 robot_arb INFO Risk: stop_loss_rub=500000
04:01:53 robot_arb INFO State loaded: pnl=0 trades=0 mode=running
04:01:53 robot_arb INFO FinamPy connected. Accounts: ['1225950', '1225951', '1225952', '1225953']
04:01:53 robot_arb INFO Orders manager linked to FinamPy gRPC
04:01:53 robot_arb INFO Subscribed OrderBook: GAZP@RTSX, GZU6@RTSX
04:01:53 robot_arb INFO Subscribed Quotes: GAZP@RTSX, GZU6@RTSX
04:01:53 robot_arb INFO Warmup: waiting 10 sec for data streams...
04:02:03 robot_arb INFO Warmup done. OB_A: False OB_B: False
04:02:03 robot_arb INFO MOEX ISS poller started (fallback for stock prices)
04:02:03 robot_arb INFO Main loop started
04:02:11 robot_arb INFO === Arbitrage Robot v1 ===
04:02:11 robot_arb INFO Pair: GAZP / GZU6
04:02:11 robot_arb INFO Account: 1225953 | Port: 5090 | Paper: False
04:02:11 robot_arb INFO Params: entry_z=2.5 lookback=200 lots_a=10 lots_b=1 hedge_ratio=10
04:02:11 robot_arb INFO Min profit: rub=5
04:02:11 robot_arb INFO Risk: stop_loss_rub=500000
04:02:11 robot_arb INFO State loaded: pnl=0 trades=0 mode=running
04:02:11 robot_arb INFO FinamPy connected. Accounts: ['1225950', '1225951', '1225952', '1225953']
04:02:11 robot_arb INFO Orders manager linked to FinamPy gRPC
04:02:11 robot_arb INFO Subscribed OrderBook: GAZP@RTSX, GZU6@RTSX
04:02:11 robot_arb INFO Subscribed Quotes: GAZP@RTSX, GZU6@RTSX
04:02:11 robot_arb INFO Warmup: waiting 10 sec for data streams...
04:02:21 robot_arb INFO Warmup done. OB_A: False OB_B: False
04:02:21 robot_arb INFO MOEX ISS poller started (fallback for stock prices)
04:02:21 robot_arb INFO Main loop started
04:02:28 robot_arb INFO === Arbitrage Robot v1 ===
04:02:28 robot_arb INFO Pair: GAZP / GZU6
04:02:28 robot_arb INFO Account: 1225953 | Port: 5090 | Paper: False
04:02:28 robot_arb INFO Params: entry_z=2.5 lookback=200 lots_a=10 lots_b=1 hedge_ratio=10
04:02:28 robot_arb INFO Min profit: rub=5
04:02:28 robot_arb INFO Risk: stop_loss_rub=500000
04:02:28 robot_arb INFO State loaded: pnl=0 trades=0 mode=running
04:02:28 robot_arb INFO FinamPy connected. Accounts: ['1225950', '1225951', '1225952', '1225953']
04:02:28 robot_arb INFO Orders manager linked to FinamPy gRPC
04:02:28 robot_arb INFO Subscribed OrderBook: GAZP@RTSX, GZU6@RTSX
04:02:28 robot_arb INFO Subscribed Quotes: GAZP@RTSX, GZU6@RTSX
04:02:28 robot_arb INFO Warmup: waiting 10 sec for data streams...
04:02:38 robot_arb INFO Warmup done. OB_A: False OB_B: False
04:02:38 robot_arb INFO MOEX ISS poller started (fallback for stock prices)
04:02:38 robot_arb INFO Main loop started
04:02:46 robot_arb INFO === Arbitrage Robot v1 ===
04:02:46 robot_arb INFO Pair: GAZP / GZU6
04:02:46 robot_arb INFO Account: 1225953 | Port: 5090 | Paper: False
04:02:46 robot_arb INFO Params: entry_z=2.5 lookback=200 lots_a=10 lots_b=1 hedge_ratio=10
04:02:46 robot_arb INFO Min profit: rub=5
04:02:46 robot_arb INFO Risk: stop_loss_rub=500000
04:02:46 robot_arb INFO State loaded: pnl=0 trades=0 mode=running
04:02:46 robot_arb INFO FinamPy connected. Accounts: ['1225950', '1225951', '1225952', '1225953']
04:02:46 robot_arb INFO Orders manager linked to FinamPy gRPC
04:02:46 robot_arb INFO Subscribed OrderBook: GAZP@RTSX, GZU6@RTSX
04:02:46 robot_arb INFO Subscribed Quotes: GAZP@RTSX, GZU6@RTSX
04:02:46 robot_arb INFO Warmup: waiting 10 sec for data streams...
04:02:56 robot_arb INFO Warmup done. OB_A: False OB_B: False
04:02:56 robot_arb INFO MOEX ISS poller started (fallback for stock prices)
04:02:56 robot_arb INFO Main loop started
04:03:04 robot_arb INFO === Arbitrage Robot v1 ===
04:03:04 robot_arb INFO Pair: GAZP / GZU6
04:03:04 robot_arb INFO Account: 1225953 | Port: 5090 | Paper: False
04:03:04 robot_arb INFO Params: entry_z=2.5 lookback=200 lots_a=10 lots_b=1 hedge_ratio=10
04:03:04 robot_arb INFO Min profit: rub=5
04:03:04 robot_arb INFO Risk: stop_loss_rub=500000
04:03:04 robot_arb INFO State loaded: pnl=0 trades=0 mode=running
04:03:04 robot_arb INFO FinamPy connected. Accounts: ['1225950', '1225951', '1225952', '1225953']
04:03:04 robot_arb INFO Orders manager linked to FinamPy gRPC
04:03:04 robot_arb INFO Subscribed OrderBook: GAZP@RTSX, GZU6@RTSX
04:03:04 robot_arb INFO Subscribed Quotes: GAZP@RTSX, GZU6@RTSX
04:03:04 robot_arb INFO Warmup: waiting 10 sec for data streams...
04:03:14 robot_arb INFO Warmup done. OB_A: False OB_B: False
04:03:14 robot_arb INFO MOEX ISS poller started (fallback for stock prices)
04:03:14 robot_arb INFO Main loop started
04:03:22 robot_arb INFO === Arbitrage Robot v1 ===
04:03:22 robot_arb INFO Pair: GAZP / GZU6
04:03:22 robot_arb INFO Account: 1225953 | Port: 5090 | Paper: False
04:03:22 robot_arb INFO Params: entry_z=2.5 lookback=200 lots_a=10 lots_b=1 hedge_ratio=10
04:03:22 robot_arb INFO Min profit: rub=5
04:03:22 robot_arb INFO Risk: stop_loss_rub=500000
04:03:22 robot_arb INFO State loaded: pnl=0 trades=0 mode=running
04:03:22 robot_arb INFO FinamPy connected. Accounts: ['1225950', '1225951', '1225952', '1225953']
04:03:22 robot_arb INFO Orders manager linked to FinamPy gRPC
04:03:22 robot_arb INFO Subscribed OrderBook: GAZP@RTSX, GZU6@RTSX
04:03:22 robot_arb INFO Subscribed Quotes: GAZP@RTSX, GZU6@RTSX
04:03:22 robot_arb INFO Warmup: waiting 10 sec for data streams...
04:03:32 robot_arb INFO Warmup done. OB_A: False OB_B: False
04:03:32 robot_arb INFO MOEX ISS poller started (fallback for stock prices)
04:03:32 robot_arb INFO Main loop started
04:03:40 robot_arb INFO === Arbitrage Robot v1 ===
04:03:40 robot_arb INFO Pair: GAZP / GZU6
04:03:40 robot_arb INFO Account: 1225953 | Port: 5090 | Paper: False
04:03:40 robot_arb INFO Params: entry_z=2.5 lookback=200 lots_a=10 lots_b=1 hedge_ratio=10
04:03:40 robot_arb INFO Min profit: rub=5
04:03:40 robot_arb INFO Risk: stop_loss_rub=500000
04:03:40 robot_arb INFO State loaded: pnl=0 trades=0 mode=running
04:03:40 robot_arb INFO FinamPy connected. Accounts: ['1225950', '1225951', '1225952', '1225953']
04:03:40 robot_arb INFO Orders manager linked to FinamPy gRPC
04:03:40 robot_arb INFO Subscribed OrderBook: GAZP@RTSX, GZU6@RTSX
04:03:40 robot_arb INFO Subscribed Quotes: GAZP@RTSX, GZU6@RTSX
04:03:40 robot_arb INFO Warmup: waiting 10 sec for data streams...
04:03:50 robot_arb INFO Warmup done. OB_A: False OB_B: False
04:03:50 robot_arb INFO MOEX ISS poller started (fallback for stock prices)
04:03:50 robot_arb INFO Main loop started
04:03:58 robot_arb INFO === Arbitrage Robot v1 ===
04:03:58 robot_arb INFO Pair: GAZP / GZU6
04:03:58 robot_arb INFO Account: 1225953 | Port: 5090 | Paper: False
04:03:58 robot_arb INFO Params: entry_z=2.5 lookback=200 lots_a=10 lots_b=1 hedge_ratio=10
04:03:58 robot_arb INFO Min profit: rub=5
04:03:58 robot_arb INFO Risk: stop_loss_rub=500000
04:03:58 robot_arb INFO State loaded: pnl=0 trades=0 mode=running
04:03:58 robot_arb INFO FinamPy connected. Accounts: ['1225950', '1225951', '1225952', '1225953']
04:03:58 robot_arb INFO Orders manager linked to FinamPy gRPC
04:03:58 robot_arb INFO Subscribed OrderBook: GAZP@RTSX, GZU6@RTSX
04:03:58 robot_arb INFO Subscribed Quotes: GAZP@RTSX, GZU6@RTSX
04:03:58 robot_arb INFO Warmup: waiting 10 sec for data streams...
04:04:08 robot_arb INFO Warmup done. OB_A: False OB_B: False
04:04:08 robot_arb INFO MOEX ISS poller started (fallback for stock prices)
04:04:08 robot_arb INFO Main loop started
04:04:16 robot_arb INFO === Arbitrage Robot v1 ===
04:04:16 robot_arb INFO Pair: GAZP / GZU6
04:04:16 robot_arb INFO Account: 1225953 | Port: 5090 | Paper: False
04:04:16 robot_arb INFO Params: entry_z=2.5 lookback=200 lots_a=10 lots_b=1 hedge_ratio=10
04:04:16 robot_arb INFO Min profit: rub=5
04:04:16 robot_arb INFO Risk: stop_loss_rub=500000
04:04:16 robot_arb INFO State loaded: pnl=0 trades=0 mode=running
04:04:16 robot_arb INFO FinamPy connected. Accounts: ['1225950', '1225951', '1225952', '1225953']
04:04:16 robot_arb INFO Orders manager linked to FinamPy gRPC
04:04:16 robot_arb INFO Subscribed OrderBook: GAZP@RTSX, GZU6@RTSX
04:04:16 robot_arb INFO Subscribed Quotes: GAZP@RTSX, GZU6@RTSX
04:04:16 robot_arb INFO Warmup: waiting 10 sec for data streams...
04:04:26 robot_arb INFO Warmup done. OB_A: False OB_B: False
04:04:26 robot_arb INFO MOEX ISS poller started (fallback for stock prices)
04:04:26 robot_arb INFO Main loop started
04:04:33 robot_arb INFO === Arbitrage Robot v1 ===
04:04:33 robot_arb INFO Pair: GAZP / GZU6
04:04:33 robot_arb INFO Account: 1225953 | Port: 5090 | Paper: False
04:04:33 robot_arb INFO Params: entry_z=2.5 lookback=200 lots_a=10 lots_b=1 hedge_ratio=10
04:04:33 robot_arb INFO Min profit: rub=5
04:04:33 robot_arb INFO Risk: stop_loss_rub=500000
04:04:33 robot_arb INFO State loaded: pnl=0 trades=0 mode=running
04:04:33 robot_arb INFO FinamPy connected. Accounts: ['1225950', '1225951', '1225952', '1225953']
04:04:33 robot_arb INFO Orders manager linked to FinamPy gRPC
04:04:33 robot_arb INFO Subscribed OrderBook: GAZP@RTSX, GZU6@RTSX
04:04:33 robot_arb INFO Subscribed Quotes: GAZP@RTSX, GZU6@RTSX
04:04:33 robot_arb INFO Warmup: waiting 10 sec for data streams...
04:04:43 robot_arb INFO Warmup done. OB_A: False OB_B: False
04:04:43 robot_arb INFO MOEX ISS poller started (fallback for stock prices)
04:04:43 robot_arb INFO Main loop started
04:04:51 robot_arb INFO === Arbitrage Robot v1 ===
04:04:51 robot_arb INFO Pair: GAZP / GZU6
04:04:51 robot_arb INFO Account: 1225953 | Port: 5090 | Paper: False
04:04:51 robot_arb INFO Params: entry_z=2.5 lookback=200 lots_a=10 lots_b=1 hedge_ratio=10
04:04:51 robot_arb INFO Min profit: rub=5
04:04:51 robot_arb INFO Risk: stop_loss_rub=500000
04:04:51 robot_arb INFO State loaded: pnl=0 trades=0 mode=running
04:04:51 robot_arb INFO FinamPy connected. Accounts: ['1225950', '1225951', '1225952', '1225953']
04:04:51 robot_arb INFO Orders manager linked to FinamPy gRPC
04:04:51 robot_arb INFO Subscribed OrderBook: GAZP@RTSX, GZU6@RTSX
04:04:51 robot_arb INFO Subscribed Quotes: GAZP@RTSX, GZU6@RTSX
04:04:51 robot_arb INFO Warmup: waiting 10 sec for data streams...
04:05:01 robot_arb INFO Warmup done. OB_A: False OB_B: False
04:05:01 robot_arb INFO MOEX ISS poller started (fallback for stock prices)
04:05:01 robot_arb INFO Main loop started
04:05:09 robot_arb INFO === Arbitrage Robot v1 ===
04:05:09 robot_arb INFO Pair: GAZP / GZU6
04:05:09 robot_arb INFO Account: 1225953 | Port: 5090 | Paper: False
04:05:09 robot_arb INFO Params: entry_z=2.5 lookback=200 lots_a=10 lots_b=1 hedge_ratio=10
04:05:09 robot_arb INFO Min profit: rub=5
04:05:09 robot_arb INFO Risk: stop_loss_rub=500000
04:05:09 robot_arb INFO State loaded: pnl=0 trades=0 mode=running
04:05:09 robot_arb INFO FinamPy connected. Accounts: ['1225950', '1225951', '1225952', '1225953']
04:05:09 robot_arb INFO Orders manager linked to FinamPy gRPC
04:05:09 robot_arb INFO Subscribed OrderBook: GAZP@RTSX, GZU6@RTSX
04:05:09 robot_arb INFO Subscribed Quotes: GAZP@RTSX, GZU6@RTSX
04:05:09 robot_arb INFO Warmup: waiting 10 sec for data streams...
04:05:19 robot_arb INFO Warmup done. OB_A: False OB_B: False
04:05:19 robot_arb INFO MOEX ISS poller started (fallback for stock prices)
04:05:19 robot_arb INFO Main loop started
04:05:27 robot_arb INFO === Arbitrage Robot v1 ===
04:05:27 robot_arb INFO Pair: GAZP / GZU6
04:05:27 robot_arb INFO Account: 1225953 | Port: 5090 | Paper: False
04:05:27 robot_arb INFO Params: entry_z=2.5 lookback=200 lots_a=10 lots_b=1 hedge_ratio=10
04:05:27 robot_arb INFO Min profit: rub=5
04:05:27 robot_arb INFO Risk: stop_loss_rub=500000
04:05:27 robot_arb INFO State loaded: pnl=0 trades=0 mode=running
04:05:27 robot_arb INFO FinamPy connected. Accounts: ['1225950', '1225951', '1225952', '1225953']
04:05:27 robot_arb INFO Orders manager linked to FinamPy gRPC
04:05:27 robot_arb INFO Subscribed OrderBook: GAZP@RTSX, GZU6@RTSX
04:05:27 robot_arb INFO Subscribed Quotes: GAZP@RTSX, GZU6@RTSX
04:05:27 robot_arb INFO Warmup: waiting 10 sec for data streams...
04:05:37 robot_arb INFO Warmup done. OB_A: False OB_B: False
04:05:37 robot_arb INFO MOEX ISS poller started (fallback for stock prices)
04:05:37 robot_arb INFO Main loop started
04:05:45 robot_arb INFO === Arbitrage Robot v1 ===
04:05:45 robot_arb INFO Pair: GAZP / GZU6
04:05:45 robot_arb INFO Account: 1225953 | Port: 5090 | Paper: False
04:05:45 robot_arb INFO Params: entry_z=2.5 lookback=200 lots_a=10 lots_b=1 hedge_ratio=10
04:05:45 robot_arb INFO Min profit: rub=5
04:05:45 robot_arb INFO Risk: stop_loss_rub=500000
04:05:45 robot_arb INFO State loaded: pnl=0 trades=0 mode=running
04:05:45 robot_arb INFO FinamPy connected. Accounts: ['1225950', '1225951', '1225952', '1225953']
04:05:45 robot_arb INFO Orders manager linked to FinamPy gRPC
04:05:45 robot_arb INFO Subscribed OrderBook: GAZP@RTSX, GZU6@RTSX
04:05:45 robot_arb INFO Subscribed Quotes: GAZP@RTSX, GZU6@RTSX
04:05:45 robot_arb INFO Warmup: waiting 10 sec for data streams...
04:05:55 robot_arb INFO Warmup done. OB_A: False OB_B: False
04:05:55 robot_arb INFO MOEX ISS poller started (fallback for stock prices)
04:05:55 robot_arb INFO Main loop started
04:06:03 robot_arb INFO === Arbitrage Robot v1 ===
04:06:03 robot_arb INFO Pair: GAZP / GZU6
04:06:03 robot_arb INFO Account: 1225953 | Port: 5090 | Paper: False
04:06:03 robot_arb INFO Params: entry_z=2.5 lookback=200 lots_a=10 lots_b=1 hedge_ratio=10
04:06:03 robot_arb INFO Min profit: rub=5
04:06:03 robot_arb INFO Risk: stop_loss_rub=500000
04:06:03 robot_arb INFO State loaded: pnl=0 trades=0 mode=running
04:06:03 robot_arb INFO FinamPy connected. Accounts: ['1225950', '1225951', '1225952', '1225953']
04:06:03 robot_arb INFO Orders manager linked to FinamPy gRPC
04:06:03 robot_arb INFO Subscribed OrderBook: GAZP@RTSX, GZU6@RTSX
04:06:03 robot_arb INFO Subscribed Quotes: GAZP@RTSX, GZU6@RTSX
04:06:03 robot_arb INFO Warmup: waiting 10 sec for data streams...
04:06:13 robot_arb INFO Warmup done. OB_A: False OB_B: False
04:06:13 robot_arb INFO MOEX ISS poller started (fallback for stock prices)
04:06:13 robot_arb INFO Main loop started
04:06:21 robot_arb INFO === Arbitrage Robot v1 ===
04:06:21 robot_arb INFO Pair: GAZP / GZU6
04:06:21 robot_arb INFO Account: 1225953 | Port: 5090 | Paper: False
04:06:21 robot_arb INFO Params: entry_z=2.5 lookback=200 lots_a=10 lots_b=1 hedge_ratio=10
04:06:21 robot_arb INFO Min profit: rub=5
04:06:21 robot_arb INFO Risk: stop_loss_rub=500000
04:06:21 robot_arb INFO State loaded: pnl=0 trades=0 mode=running
04:06:21 robot_arb INFO FinamPy connected. Accounts: ['1225950', '1225951', '1225952', '1225953']
04:06:21 robot_arb INFO Orders manager linked to FinamPy gRPC
04:06:21 robot_arb INFO Subscribed OrderBook: GAZP@RTSX, GZU6@RTSX
04:06:21 robot_arb INFO Subscribed Quotes: GAZP@RTSX, GZU6@RTSX
04:06:21 robot_arb INFO Warmup: waiting 10 sec for data streams...
04:06:31 robot_arb INFO Warmup done. OB_A: False OB_B: False
04:06:31 robot_arb INFO MOEX ISS poller started (fallback for stock prices)
04:06:31 robot_arb INFO Main loop started
04:06:38 robot_arb INFO === Arbitrage Robot v1 ===
04:06:38 robot_arb INFO Pair: GAZP / GZU6
04:06:38 robot_arb INFO Account: 1225953 | Port: 5090 | Paper: False
04:06:38 robot_arb INFO Params: entry_z=2.5 lookback=200 lots_a=10 lots_b=1 hedge_ratio=10
04:06:38 robot_arb INFO Min profit: rub=5
04:06:38 robot_arb INFO Risk: stop_loss_rub=500000
04:06:38 robot_arb INFO State loaded: pnl=0 trades=0 mode=running
04:06:38 robot_arb INFO FinamPy connected. Accounts: ['1225950', '1225951', '1225952', '1225953']
04:06:38 robot_arb INFO Orders manager linked to FinamPy gRPC
04:06:38 robot_arb INFO Subscribed OrderBook: GAZP@RTSX, GZU6@RTSX
04:06:38 robot_arb INFO Subscribed Quotes: GAZP@RTSX, GZU6@RTSX
04:06:38 robot_arb INFO Warmup: waiting 10 sec for data streams...
04:06:48 robot_arb INFO Warmup done. OB_A: False OB_B: False
04:06:48 robot_arb INFO MOEX ISS poller started (fallback for stock prices)
04:06:48 robot_arb INFO Main loop started
04:06:56 robot_arb INFO === Arbitrage Robot v1 ===
04:06:56 robot_arb INFO Pair: GAZP / GZU6
04:06:56 robot_arb INFO Account: 1225953 | Port: 5090 | Paper: False
04:06:56 robot_arb INFO Params: entry_z=2.5 lookback=200 lots_a=10 lots_b=1 hedge_ratio=10
04:06:56 robot_arb INFO Min profit: rub=5
04:06:56 robot_arb INFO Risk: stop_loss_rub=500000
04:06:56 robot_arb INFO State loaded: pnl=0 trades=0 mode=running
04:06:56 robot_arb INFO FinamPy connected. Accounts: ['1225950', '1225951', '1225952', '1225953']
04:06:56 robot_arb INFO Orders manager linked to FinamPy gRPC
04:06:56 robot_arb INFO Subscribed OrderBook: GAZP@RTSX, GZU6@RTSX
04:06:56 robot_arb INFO Subscribed Quotes: GAZP@RTSX, GZU6@RTSX
04:06:56 robot_arb INFO Warmup: waiting 10 sec for data streams...
04:07:06 robot_arb INFO Warmup done. OB_A: False OB_B: False
04:07:06 robot_arb INFO MOEX ISS poller started (fallback for stock prices)
04:07:06 robot_arb INFO Main loop started
04:07:14 robot_arb INFO === Arbitrage Robot v1 ===
04:07:14 robot_arb INFO Pair: GAZP / GZU6
04:07:14 robot_arb INFO Account: 1225953 | Port: 5090 | Paper: False
04:07:14 robot_arb INFO Params: entry_z=2.5 lookback=200 lots_a=10 lots_b=1 hedge_ratio=10
04:07:14 robot_arb INFO Min profit: rub=5
04:07:14 robot_arb INFO Risk: stop_loss_rub=500000
04:07:14 robot_arb INFO State loaded: pnl=0 trades=0 mode=running
04:07:14 robot_arb INFO FinamPy connected. Accounts: ['1225950', '1225951', '1225952', '1225953']
04:07:14 robot_arb INFO Orders manager linked to FinamPy gRPC
04:07:14 robot_arb INFO Subscribed OrderBook: GAZP@RTSX, GZU6@RTSX
04:07:14 robot_arb INFO Subscribed Quotes: GAZP@RTSX, GZU6@RTSX
04:07:14 robot_arb INFO Warmup: waiting 10 sec for data streams...
04:07:24 robot_arb INFO Warmup done. OB_A: False OB_B: False
04:07:24 robot_arb INFO MOEX ISS poller started (fallback for stock prices)
04:07:24 robot_arb INFO Main loop started
04:07:32 robot_arb INFO === Arbitrage Robot v1 ===
04:07:32 robot_arb INFO Pair: GAZP / GZU6
04:07:32 robot_arb INFO Account: 1225953 | Port: 5090 | Paper: False
04:07:32 robot_arb INFO Params: entry_z=2.5 lookback=200 lots_a=10 lots_b=1 hedge_ratio=10
04:07:32 robot_arb INFO Min profit: rub=5
04:07:32 robot_arb INFO Risk: stop_loss_rub=500000
04:07:32 robot_arb INFO State loaded: pnl=0 trades=0 mode=running
04:07:32 robot_arb INFO FinamPy connected. Accounts: ['1225950', '1225951', '1225952', '1225953']
04:07:32 robot_arb INFO Orders manager linked to FinamPy gRPC
04:07:32 robot_arb INFO Subscribed OrderBook: GAZP@RTSX, GZU6@RTSX
04:07:32 robot_arb INFO Subscribed Quotes: GAZP@RTSX, GZU6@RTSX
04:07:32 robot_arb INFO Warmup: waiting 10 sec for data streams...
04:07:42 robot_arb INFO Warmup done. OB_A: False OB_B: False
04:07:42 robot_arb INFO MOEX ISS poller started (fallback for stock prices)
04:07:42 robot_arb INFO Main loop started
04:07:50 robot_arb INFO === Arbitrage Robot v1 ===
04:07:50 robot_arb INFO Pair: GAZP / GZU6
04:07:50 robot_arb INFO Account: 1225953 | Port: 5090 | Paper: False
04:07:50 robot_arb INFO Params: entry_z=2.5 lookback=200 lots_a=10 lots_b=1 hedge_ratio=10
04:07:50 robot_arb INFO Min profit: rub=5
04:07:50 robot_arb INFO Risk: stop_loss_rub=500000
04:07:50 robot_arb INFO State loaded: pnl=0 trades=0 mode=running
04:07:50 robot_arb INFO FinamPy connected. Accounts: ['1225950', '1225951', '1225952', '1225953']
04:07:50 robot_arb INFO Orders manager linked to FinamPy gRPC
04:07:50 robot_arb INFO Subscribed OrderBook: GAZP@RTSX, GZU6@RTSX
04:07:50 robot_arb INFO Subscribed Quotes: GAZP@RTSX, GZU6@RTSX
04:07:50 robot_arb INFO Warmup: waiting 10 sec for data streams...
04:08:00 robot_arb INFO Warmup done. OB_A: False OB_B: False
04:08:00 robot_arb INFO MOEX ISS poller started (fallback for stock prices)
04:08:00 robot_arb INFO Main loop started
04:08:08 robot_arb INFO === Arbitrage Robot v1 ===
04:08:08 robot_arb INFO Pair: GAZP / GZU6
04:08:08 robot_arb INFO Account: 1225953 | Port: 5090 | Paper: False
04:08:08 robot_arb INFO Params: entry_z=2.5 lookback=200 lots_a=10 lots_b=1 hedge_ratio=10
04:08:08 robot_arb INFO Min profit: rub=5
04:08:08 robot_arb INFO Risk: stop_loss_rub=500000
04:08:08 robot_arb INFO State loaded: pnl=0 trades=0 mode=running
04:08:08 robot_arb INFO FinamPy connected. Accounts: ['1225950', '1225951', '1225952', '1225953']
04:08:08 robot_arb INFO Orders manager linked to FinamPy gRPC
04:08:08 robot_arb INFO Subscribed OrderBook: GAZP@RTSX, GZU6@RTSX
04:08:08 robot_arb INFO Subscribed Quotes: GAZP@RTSX, GZU6@RTSX
04:08:08 robot_arb INFO Warmup: waiting 10 sec for data streams...
04:08:18 robot_arb INFO Warmup done. OB_A: False OB_B: False
04:08:18 robot_arb INFO MOEX ISS poller started (fallback for stock prices)
04:08:18 robot_arb INFO Main loop started
04:08:26 robot_arb INFO === Arbitrage Robot v1 ===
04:08:26 robot_arb INFO Pair: GAZP / GZU6
04:08:26 robot_arb INFO Account: 1225953 | Port: 5090 | Paper: False
04:08:26 robot_arb INFO Params: entry_z=2.5 lookback=200 lots_a=10 lots_b=1 hedge_ratio=10
04:08:26 robot_arb INFO Min profit: rub=5
04:08:26 robot_arb INFO Risk: stop_loss_rub=500000
04:08:26 robot_arb INFO State loaded: pnl=0 trades=0 mode=running
04:08:26 robot_arb INFO FinamPy connected. Accounts: ['1225950', '1225951', '1225952', '1225953']
04:08:26 robot_arb INFO Orders manager linked to FinamPy gRPC
04:08:26 robot_arb INFO Subscribed OrderBook: GAZP@RTSX, GZU6@RTSX
04:08:26 robot_arb INFO Subscribed Quotes: GAZP@RTSX, GZU6@RTSX
04:08:26 robot_arb INFO Warmup: waiting 10 sec for data streams...
04:08:36 robot_arb INFO Warmup done. OB_A: False OB_B: False
04:08:36 robot_arb INFO MOEX ISS poller started (fallback for stock prices)
04:08:36 robot_arb INFO Main loop started
04:08:43 robot_arb INFO === Arbitrage Robot v1 ===
04:08:43 robot_arb INFO Pair: GAZP / GZU6
04:08:43 robot_arb INFO Account: 1225953 | Port: 5090 | Paper: False
04:08:43 robot_arb INFO Params: entry_z=2.5 lookback=200 lots_a=10 lots_b=1 hedge_ratio=10
04:08:43 robot_arb INFO Min profit: rub=5
04:08:43 robot_arb INFO Risk: stop_loss_rub=500000
04:08:43 robot_arb INFO State loaded: pnl=0 trades=0 mode=running
04:08:43 robot_arb INFO FinamPy connected. Accounts: ['1225950', '1225951', '1225952', '1225953']
04:08:43 robot_arb INFO Orders manager linked to FinamPy gRPC
04:08:43 robot_arb INFO Subscribed OrderBook: GAZP@RTSX, GZU6@RTSX
04:08:43 robot_arb INFO Subscribed Quotes: GAZP@RTSX, GZU6@RTSX
04:08:43 robot_arb INFO Warmup: waiting 10 sec for data streams...
04:08:53 robot_arb INFO Warmup done. OB_A: False OB_B: False
04:08:53 robot_arb INFO MOEX ISS poller started (fallback for stock prices)
04:08:53 robot_arb INFO Main loop started
04:09:01 robot_arb INFO === Arbitrage Robot v1 ===
04:09:01 robot_arb INFO Pair: GAZP / GZU6
04:09:01 robot_arb INFO Account: 1225953 | Port: 5090 | Paper: False
04:09:01 robot_arb INFO Params: entry_z=2.5 lookback=200 lots_a=10 lots_b=1 hedge_ratio=10
04:09:01 robot_arb INFO Min profit: rub=5
04:09:01 robot_arb INFO Risk: stop_loss_rub=500000
04:09:01 robot_arb INFO State loaded: pnl=0 trades=0 mode=running
04:09:01 robot_arb INFO FinamPy connected. Accounts: ['1225950', '1225951', '1225952', '1225953']
04:09:01 robot_arb INFO Orders manager linked to FinamPy gRPC
04:09:01 robot_arb INFO Subscribed OrderBook: GAZP@RTSX, GZU6@RTSX
04:09:01 robot_arb INFO Subscribed Quotes: GAZP@RTSX, GZU6@RTSX
04:09:01 robot_arb INFO Warmup: waiting 10 sec for data streams...
04:09:11 robot_arb INFO Warmup done. OB_A: False OB_B: False
04:09:11 robot_arb INFO MOEX ISS poller started (fallback for stock prices)
04:09:11 robot_arb INFO Main loop started
04:09:19 robot_arb INFO === Arbitrage Robot v1 ===
04:09:19 robot_arb INFO Pair: GAZP / GZU6
04:09:19 robot_arb INFO Account: 1225953 | Port: 5090 | Paper: False
04:09:19 robot_arb INFO Params: entry_z=2.5 lookback=200 lots_a=10 lots_b=1 hedge_ratio=10
04:09:19 robot_arb INFO Min profit: rub=5
04:09:19 robot_arb INFO Risk: stop_loss_rub=500000
04:09:19 robot_arb INFO State loaded: pnl=0 trades=0 mode=running
04:09:19 robot_arb INFO FinamPy connected. Accounts: ['1225950', '1225951', '1225952', '1225953']
04:09:19 robot_arb INFO Orders manager linked to FinamPy gRPC
04:09:19 robot_arb INFO Subscribed OrderBook: GAZP@RTSX, GZU6@RTSX
04:09:19 robot_arb INFO Subscribed Quotes: GAZP@RTSX, GZU6@RTSX
04:09:19 robot_arb INFO Warmup: waiting 10 sec for data streams...
04:09:29 robot_arb INFO Warmup done. OB_A: False OB_B: False
04:09:29 robot_arb INFO MOEX ISS poller started (fallback for stock prices)
04:09:29 robot_arb INFO Main loop started
04:09:37 robot_arb INFO === Arbitrage Robot v1 ===
04:09:37 robot_arb INFO Pair: GAZP / GZU6
04:09:37 robot_arb INFO Account: 1225953 | Port: 5090 | Paper: False
04:09:37 robot_arb INFO Params: entry_z=2.5 lookback=200 lots_a=10 lots_b=1 hedge_ratio=10
04:09:37 robot_arb INFO Min profit: rub=5
04:09:37 robot_arb INFO Risk: stop_loss_rub=500000
04:09:37 robot_arb INFO State loaded: pnl=0 trades=0 mode=running
04:09:37 robot_arb INFO FinamPy connected. Accounts: ['1225950', '1225951', '1225952', '1225953']
04:09:37 robot_arb INFO Orders manager linked to FinamPy gRPC
04:09:37 robot_arb INFO Subscribed OrderBook: GAZP@RTSX, GZU6@RTSX
04:09:37 robot_arb INFO Subscribed Quotes: GAZP@RTSX, GZU6@RTSX
04:09:37 robot_arb INFO Warmup: waiting 10 sec for data streams...
04:09:47 robot_arb INFO Warmup done. OB_A: False OB_B: False
04:09:47 robot_arb INFO MOEX ISS poller started (fallback for stock prices)
04:09:47 robot_arb INFO Main loop started
04:09:55 robot_arb INFO === Arbitrage Robot v1 ===
04:09:55 robot_arb INFO Pair: GAZP / GZU6
04:09:55 robot_arb INFO Account: 1225953 | Port: 5090 | Paper: False
04:09:55 robot_arb INFO Params: entry_z=2.5 lookback=200 lots_a=10 lots_b=1 hedge_ratio=10
04:09:55 robot_arb INFO Min profit: rub=5
04:09:55 robot_arb INFO Risk: stop_loss_rub=500000
04:09:55 robot_arb INFO State loaded: pnl=0 trades=0 mode=running
04:09:55 robot_arb INFO FinamPy connected. Accounts: ['1225950', '1225951', '1225952', '1225953']
04:09:55 robot_arb INFO Orders manager linked to FinamPy gRPC
04:09:55 robot_arb INFO Subscribed OrderBook: GAZP@RTSX, GZU6@RTSX
04:09:55 robot_arb INFO Subscribed Quotes: GAZP@RTSX, GZU6@RTSX
04:09:55 robot_arb INFO Warmup: waiting 10 sec for data streams...
04:10:05 robot_arb INFO Warmup done. OB_A: False OB_B: False
04:10:05 robot_arb INFO MOEX ISS poller started (fallback for stock prices)
04:10:05 robot_arb INFO Main loop started
04:10:13 robot_arb INFO === Arbitrage Robot v1 ===
04:10:13 robot_arb INFO Pair: GAZP / GZU6
04:10:13 robot_arb INFO Account: 1225953 | Port: 5090 | Paper: False
04:10:13 robot_arb INFO Params: entry_z=2.5 lookback=200 lots_a=10 lots_b=1 hedge_ratio=10
04:10:13 robot_arb INFO Min profit: rub=5
04:10:13 robot_arb INFO Risk: stop_loss_rub=500000
04:10:13 robot_arb INFO State loaded: pnl=0 trades=0 mode=running
04:10:13 robot_arb INFO FinamPy connected. Accounts: ['1225950', '1225951', '1225952', '1225953']
04:10:13 robot_arb INFO Orders manager linked to FinamPy gRPC
04:10:13 robot_arb INFO Subscribed OrderBook: GAZP@RTSX, GZU6@RTSX
04:10:13 robot_arb INFO Subscribed Quotes: GAZP@RTSX, GZU6@RTSX
04:10:13 robot_arb INFO Warmup: waiting 10 sec for data streams...
04:10:23 robot_arb INFO Warmup done. OB_A: False OB_B: False
04:10:23 robot_arb INFO MOEX ISS poller started (fallback for stock prices)
04:10:23 robot_arb INFO Main loop started
04:10:31 robot_arb INFO === Arbitrage Robot v1 ===
04:10:31 robot_arb INFO Pair: GAZP / GZU6
04:10:31 robot_arb INFO Account: 1225953 | Port: 5090 | Paper: False
04:10:31 robot_arb INFO Params: entry_z=2.5 lookback=200 lots_a=10 lots_b=1 hedge_ratio=10
04:10:31 robot_arb INFO Min profit: rub=5
04:10:31 robot_arb INFO Risk: stop_loss_rub=500000
04:10:31 robot_arb INFO State loaded: pnl=0 trades=0 mode=running
04:10:31 robot_arb INFO FinamPy connected. Accounts: ['1225950', '1225951', '1225952', '1225953']
04:10:31 robot_arb INFO Orders manager linked to FinamPy gRPC
04:10:31 robot_arb INFO Subscribed OrderBook: GAZP@RTSX, GZU6@RTSX
04:10:31 robot_arb INFO Subscribed Quotes: GAZP@RTSX, GZU6@RTSX
04:10:31 robot_arb INFO Warmup: waiting 10 sec for data streams...
04:10:41 robot_arb INFO Warmup done. OB_A: False OB_B: False
04:10:41 robot_arb INFO MOEX ISS poller started (fallback for stock prices)
04:10:41 robot_arb INFO Main loop started
04:10:48 robot_arb INFO === Arbitrage Robot v1 ===
04:10:48 robot_arb INFO Pair: GAZP / GZU6
04:10:48 robot_arb INFO Account: 1225953 | Port: 5090 | Paper: False
04:10:48 robot_arb INFO Params: entry_z=2.5 lookback=200 lots_a=10 lots_b=1 hedge_ratio=10
04:10:48 robot_arb INFO Min profit: rub=5
04:10:48 robot_arb INFO Risk: stop_loss_rub=500000
04:10:48 robot_arb INFO State loaded: pnl=0 trades=0 mode=running
04:10:49 robot_arb INFO FinamPy connected. Accounts: ['1225950', '1225951', '1225952', '1225953']
04:10:49 robot_arb INFO Orders manager linked to FinamPy gRPC
04:10:49 robot_arb INFO Subscribed OrderBook: GAZP@RTSX, GZU6@RTSX
04:10:49 robot_arb INFO Subscribed Quotes: GAZP@RTSX, GZU6@RTSX
04:10:49 robot_arb INFO Warmup: waiting 10 sec for data streams...
04:10:59 robot_arb INFO Warmup done. OB_A: False OB_B: False
04:10:59 robot_arb INFO MOEX ISS poller started (fallback for stock prices)
04:10:59 robot_arb INFO Main loop started
04:11:06 robot_arb INFO === Arbitrage Robot v1 ===
04:11:06 robot_arb INFO Pair: GAZP / GZU6
04:11:06 robot_arb INFO Account: 1225953 | Port: 5090 | Paper: False
04:11:06 robot_arb INFO Params: entry_z=2.5 lookback=200 lots_a=10 lots_b=1 hedge_ratio=10
04:11:06 robot_arb INFO Min profit: rub=5
04:11:06 robot_arb INFO Risk: stop_loss_rub=500000
04:11:06 robot_arb INFO State loaded: pnl=0 trades=0 mode=running
04:11:07 robot_arb INFO FinamPy connected. Accounts: ['1225950', '1225951', '1225952', '1225953']
04:11:07 robot_arb INFO Orders manager linked to FinamPy gRPC
04:11:07 robot_arb INFO Subscribed OrderBook: GAZP@RTSX, GZU6@RTSX
04:11:07 robot_arb INFO Subscribed Quotes: GAZP@RTSX, GZU6@RTSX
04:11:07 robot_arb INFO Warmup: waiting 10 sec for data streams...
04:11:17 robot_arb INFO Warmup done. OB_A: False OB_B: False
04:11:17 robot_arb INFO MOEX ISS poller started (fallback for stock prices)
04:11:17 robot_arb INFO Main loop started
04:11:24 robot_arb INFO === Arbitrage Robot v1 ===
04:11:24 robot_arb INFO Pair: GAZP / GZU6
04:11:24 robot_arb INFO Account: 1225953 | Port: 5090 | Paper: False
04:11:24 robot_arb INFO Params: entry_z=2.5 lookback=200 lots_a=10 lots_b=1 hedge_ratio=10
04:11:24 robot_arb INFO Min profit: rub=5
04:11:24 robot_arb INFO Risk: stop_loss_rub=500000
04:11:24 robot_arb INFO State loaded: pnl=0 trades=0 mode=running
04:11:25 robot_arb INFO FinamPy connected. Accounts: ['1225950', '1225951', '1225952', '1225953']
04:11:25 robot_arb INFO Orders manager linked to FinamPy gRPC
04:11:25 robot_arb INFO Subscribed OrderBook: GAZP@RTSX, GZU6@RTSX
04:11:25 robot_arb INFO Subscribed Quotes: GAZP@RTSX, GZU6@RTSX
04:11:25 robot_arb INFO Warmup: waiting 10 sec for data streams...
04:11:35 robot_arb INFO Warmup done. OB_A: False OB_B: False
04:11:35 robot_arb INFO MOEX ISS poller started (fallback for stock prices)
04:11:35 robot_arb INFO Main loop started
04:11:42 robot_arb INFO === Arbitrage Robot v1 ===
04:11:42 robot_arb INFO Pair: GAZP / GZU6
04:11:42 robot_arb INFO Account: 1225953 | Port: 5090 | Paper: False
04:11:42 robot_arb INFO Params: entry_z=2.5 lookback=200 lots_a=10 lots_b=1 hedge_ratio=10
04:11:42 robot_arb INFO Min profit: rub=5
04:11:42 robot_arb INFO Risk: stop_loss_rub=500000
04:11:42 robot_arb INFO State loaded: pnl=0 trades=0 mode=running
04:11:43 robot_arb INFO FinamPy connected. Accounts: ['1225950', '1225951', '1225952', '1225953']
04:11:43 robot_arb INFO Orders manager linked to FinamPy gRPC
04:11:43 robot_arb INFO Subscribed OrderBook: GAZP@RTSX, GZU6@RTSX
04:11:43 robot_arb INFO Subscribed Quotes: GAZP@RTSX, GZU6@RTSX
04:11:43 robot_arb INFO Warmup: waiting 10 sec for data streams...
04:11:53 robot_arb INFO Warmup done. OB_A: False OB_B: False
04:11:53 robot_arb INFO MOEX ISS poller started (fallback for stock prices)
04:11:53 robot_arb INFO Main loop started
04:12:00 robot_arb INFO === Arbitrage Robot v1 ===
04:12:00 robot_arb INFO Pair: GAZP / GZU6
04:12:00 robot_arb INFO Account: 1225953 | Port: 5090 | Paper: False
04:12:00 robot_arb INFO Params: entry_z=2.5 lookback=200 lots_a=10 lots_b=1 hedge_ratio=10
04:12:00 robot_arb INFO Min profit: rub=5
04:12:00 robot_arb INFO Risk: stop_loss_rub=500000
04:12:00 robot_arb INFO State loaded: pnl=0 trades=0 mode=running
04:12:01 robot_arb INFO FinamPy connected. Accounts: ['1225950', '1225951', '1225952', '1225953']
04:12:01 robot_arb INFO Orders manager linked to FinamPy gRPC
04:12:01 robot_arb INFO Subscribed OrderBook: GAZP@RTSX, GZU6@RTSX
04:12:01 robot_arb INFO Subscribed Quotes: GAZP@RTSX, GZU6@RTSX
04:12:01 robot_arb INFO Warmup: waiting 10 sec for data streams...
04:12:11 robot_arb INFO Warmup done. OB_A: False OB_B: False
04:12:11 robot_arb INFO MOEX ISS poller started (fallback for stock prices)
04:12:11 robot_arb INFO Main loop started
04:12:18 robot_arb INFO === Arbitrage Robot v1 ===
04:12:18 robot_arb INFO Pair: GAZP / GZU6
04:12:18 robot_arb INFO Account: 1225953 | Port: 5090 | Paper: False
04:12:18 robot_arb INFO Params: entry_z=2.5 lookback=200 lots_a=10 lots_b=1 hedge_ratio=10
04:12:18 robot_arb INFO Min profit: rub=5
04:12:18 robot_arb INFO Risk: stop_loss_rub=500000
04:12:18 robot_arb INFO State loaded: pnl=0 trades=0 mode=running
04:12:19 robot_arb INFO FinamPy connected. Accounts: ['1225950', '1225951', '1225952', '1225953']
04:12:19 robot_arb INFO Orders manager linked to FinamPy gRPC
04:12:19 robot_arb INFO Subscribed OrderBook: GAZP@RTSX, GZU6@RTSX
04:12:19 robot_arb INFO Subscribed Quotes: GAZP@RTSX, GZU6@RTSX
04:12:19 robot_arb INFO Warmup: waiting 10 sec for data streams...
04:12:29 robot_arb INFO Warmup done. OB_A: False OB_B: False
04:12:29 robot_arb INFO MOEX ISS poller started (fallback for stock prices)
04:12:29 robot_arb INFO Main loop started
04:12:36 robot_arb INFO === Arbitrage Robot v1 ===
04:12:36 robot_arb INFO Pair: GAZP / GZU6
04:12:36 robot_arb INFO Account: 1225953 | Port: 5090 | Paper: False
04:12:36 robot_arb INFO Params: entry_z=2.5 lookback=200 lots_a=10 lots_b=1 hedge_ratio=10
04:12:36 robot_arb INFO Min profit: rub=5
04:12:36 robot_arb INFO Risk: stop_loss_rub=500000
04:12:36 robot_arb INFO State loaded: pnl=0 trades=0 mode=running
04:12:37 robot_arb INFO FinamPy connected. Accounts: ['1225950', '1225951', '1225952', '1225953']
04:12:37 robot_arb INFO Orders manager linked to FinamPy gRPC
04:12:37 robot_arb INFO Subscribed OrderBook: GAZP@RTSX, GZU6@RTSX
04:12:37 robot_arb INFO Subscribed Quotes: GAZP@RTSX, GZU6@RTSX
04:12:37 robot_arb INFO Warmup: waiting 10 sec for data streams...
04:12:47 robot_arb INFO Warmup done. OB_A: False OB_B: False
04:12:47 robot_arb INFO MOEX ISS poller started (fallback for stock prices)
04:12:47 robot_arb INFO Main loop started
04:12:53 robot_arb INFO === Arbitrage Robot v1 ===
04:12:53 robot_arb INFO Pair: GAZP / GZU6
04:12:53 robot_arb INFO Account: 1225953 | Port: 5090 | Paper: False
04:12:53 robot_arb INFO Params: entry_z=2.5 lookback=200 lots_a=10 lots_b=1 hedge_ratio=10
04:12:53 robot_arb INFO Min profit: rub=5
04:12:53 robot_arb INFO Risk: stop_loss_rub=500000
04:12:53 robot_arb INFO State loaded: pnl=0 trades=0 mode=running
04:12:54 robot_arb INFO FinamPy connected. Accounts: ['1225950', '1225951', '1225952', '1225953']
04:12:54 robot_arb INFO Orders manager linked to FinamPy gRPC
04:12:54 robot_arb INFO Subscribed OrderBook: GAZP@RTSX, GZU6@RTSX
04:12:54 robot_arb INFO Subscribed Quotes: GAZP@RTSX, GZU6@RTSX
04:12:54 robot_arb INFO Warmup: waiting 10 sec for data streams...
04:13:04 robot_arb INFO Warmup done. OB_A: False OB_B: False
04:13:04 robot_arb INFO MOEX ISS poller started (fallback for stock prices)
04:13:04 robot_arb INFO Main loop started
04:13:11 robot_arb INFO === Arbitrage Robot v1 ===
04:13:11 robot_arb INFO Pair: GAZP / GZU6
04:13:11 robot_arb INFO Account: 1225953 | Port: 5090 | Paper: False
04:13:11 robot_arb INFO Params: entry_z=2.5 lookback=200 lots_a=10 lots_b=1 hedge_ratio=10
04:13:11 robot_arb INFO Min profit: rub=5
04:13:11 robot_arb INFO Risk: stop_loss_rub=500000
04:13:11 robot_arb INFO State loaded: pnl=0 trades=0 mode=running
04:13:12 robot_arb INFO FinamPy connected. Accounts: ['1225950', '1225951', '1225952', '1225953']
04:13:12 robot_arb INFO Orders manager linked to FinamPy gRPC
04:13:12 robot_arb INFO Subscribed OrderBook: GAZP@RTSX, GZU6@RTSX
04:13:12 robot_arb INFO Subscribed Quotes: GAZP@RTSX, GZU6@RTSX
04:13:12 robot_arb INFO Warmup: waiting 10 sec for data streams...
04:13:22 robot_arb INFO Warmup done. OB_A: False OB_B: False
04:13:22 robot_arb INFO MOEX ISS poller started (fallback for stock prices)
04:13:22 robot_arb INFO Main loop started
04:13:29 robot_arb INFO === Arbitrage Robot v1 ===
04:13:29 robot_arb INFO Pair: GAZP / GZU6
04:13:29 robot_arb INFO Account: 1225953 | Port: 5090 | Paper: False
04:13:29 robot_arb INFO Params: entry_z=2.5 lookback=200 lots_a=10 lots_b=1 hedge_ratio=10
04:13:29 robot_arb INFO Min profit: rub=5
04:13:29 robot_arb INFO Risk: stop_loss_rub=500000
04:13:29 robot_arb INFO State loaded: pnl=0 trades=0 mode=running
04:13:30 robot_arb INFO FinamPy connected. Accounts: ['1225950', '1225951', '1225952', '1225953']
04:13:30 robot_arb INFO Orders manager linked to FinamPy gRPC
04:13:30 robot_arb INFO Subscribed OrderBook: GAZP@RTSX, GZU6@RTSX
04:13:30 robot_arb INFO Subscribed Quotes: GAZP@RTSX, GZU6@RTSX
04:13:30 robot_arb INFO Warmup: waiting 10 sec for data streams...
04:13:40 robot_arb INFO Warmup done. OB_A: False OB_B: False
04:13:40 robot_arb INFO MOEX ISS poller started (fallback for stock prices)
04:13:40 robot_arb INFO Main loop started
04:13:47 robot_arb INFO === Arbitrage Robot v1 ===
04:13:47 robot_arb INFO Pair: GAZP / GZU6
04:13:47 robot_arb INFO Account: 1225953 | Port: 5090 | Paper: False
04:13:47 robot_arb INFO Params: entry_z=2.5 lookback=200 lots_a=10 lots_b=1 hedge_ratio=10
04:13:47 robot_arb INFO Min profit: rub=5
04:13:47 robot_arb INFO Risk: stop_loss_rub=500000
04:13:47 robot_arb INFO State loaded: pnl=0 trades=0 mode=running
04:13:48 robot_arb INFO FinamPy connected. Accounts: ['1225950', '1225951', '1225952', '1225953']
04:13:48 robot_arb INFO Orders manager linked to FinamPy gRPC
04:13:48 robot_arb INFO Subscribed OrderBook: GAZP@RTSX, GZU6@RTSX
04:13:48 robot_arb INFO Subscribed Quotes: GAZP@RTSX, GZU6@RTSX
04:13:48 robot_arb INFO Warmup: waiting 10 sec for data streams...
04:13:58 robot_arb INFO Warmup done. OB_A: False OB_B: False
04:13:58 robot_arb INFO MOEX ISS poller started (fallback for stock prices)
04:13:58 robot_arb INFO Main loop started
04:14:05 robot_arb INFO === Arbitrage Robot v1 ===
04:14:05 robot_arb INFO Pair: GAZP / GZU6
04:14:05 robot_arb INFO Account: 1225953 | Port: 5090 | Paper: False
04:14:05 robot_arb INFO Params: entry_z=2.5 lookback=200 lots_a=10 lots_b=1 hedge_ratio=10
04:14:05 robot_arb INFO Min profit: rub=5
04:14:05 robot_arb INFO Risk: stop_loss_rub=500000
04:14:05 robot_arb INFO State loaded: pnl=0 trades=0 mode=running
04:14:06 robot_arb INFO FinamPy connected. Accounts: ['1225950', '1225951', '1225952', '1225953']
04:14:06 robot_arb INFO Orders manager linked to FinamPy gRPC
04:14:06 robot_arb INFO Subscribed OrderBook: GAZP@RTSX, GZU6@RTSX
04:14:06 robot_arb INFO Subscribed Quotes: GAZP@RTSX, GZU6@RTSX
04:14:06 robot_arb INFO Warmup: waiting 10 sec for data streams...
04:14:16 robot_arb INFO Warmup done. OB_A: False OB_B: False
04:14:16 robot_arb INFO MOEX ISS poller started (fallback for stock prices)
04:14:16 robot_arb INFO Main loop started
04:14:23 robot_arb INFO === Arbitrage Robot v1 ===
04:14:23 robot_arb INFO Pair: GAZP / GZU6
04:14:23 robot_arb INFO Account: 1225953 | Port: 5090 | Paper: False
04:14:23 robot_arb INFO Params: entry_z=2.5 lookback=200 lots_a=10 lots_b=1 hedge_ratio=10
04:14:23 robot_arb INFO Min profit: rub=5
04:14:23 robot_arb INFO Risk: stop_loss_rub=500000
04:14:23 robot_arb INFO State loaded: pnl=0 trades=0 mode=running
04:14:24 robot_arb INFO FinamPy connected. Accounts: ['1225950', '1225951', '1225952', '1225953']
04:14:24 robot_arb INFO Orders manager linked to FinamPy gRPC
04:14:24 robot_arb INFO Subscribed OrderBook: GAZP@RTSX, GZU6@RTSX
04:14:24 robot_arb INFO Subscribed Quotes: GAZP@RTSX, GZU6@RTSX
04:14:24 robot_arb INFO Warmup: waiting 10 sec for data streams...
04:14:34 robot_arb INFO Warmup done. OB_A: False OB_B: False
04:14:34 robot_arb INFO MOEX ISS poller started (fallback for stock prices)
04:14:34 robot_arb INFO Main loop started
04:14:41 robot_arb INFO === Arbitrage Robot v1 ===
04:14:41 robot_arb INFO Pair: GAZP / GZU6
04:14:41 robot_arb INFO Account: 1225953 | Port: 5090 | Paper: False
04:14:41 robot_arb INFO Params: entry_z=2.5 lookback=200 lots_a=10 lots_b=1 hedge_ratio=10
04:14:41 robot_arb INFO Min profit: rub=5
04:14:41 robot_arb INFO Risk: stop_loss_rub=500000
04:14:41 robot_arb INFO State loaded: pnl=0 trades=0 mode=running
04:14:42 robot_arb INFO FinamPy connected. Accounts: ['1225950', '1225951', '1225952', '1225953']
04:14:42 robot_arb INFO Orders manager linked to FinamPy gRPC
04:14:42 robot_arb INFO Subscribed OrderBook: GAZP@RTSX, GZU6@RTSX
04:14:42 robot_arb INFO Subscribed Quotes: GAZP@RTSX, GZU6@RTSX
04:14:42 robot_arb INFO Warmup: waiting 10 sec for data streams...
04:14:52 robot_arb INFO Warmup done. OB_A: False OB_B: False
04:14:52 robot_arb INFO MOEX ISS poller started (fallback for stock prices)
04:14:52 robot_arb INFO Main loop started
04:14:59 robot_arb INFO === Arbitrage Robot v1 ===
04:14:59 robot_arb INFO Pair: GAZP / GZU6
04:14:59 robot_arb INFO Account: 1225953 | Port: 5090 | Paper: False
04:14:59 robot_arb INFO Params: entry_z=2.5 lookback=200 lots_a=10 lots_b=1 hedge_ratio=10
04:14:59 robot_arb INFO Min profit: rub=5
04:14:59 robot_arb INFO Risk: stop_loss_rub=500000
04:14:59 robot_arb INFO State loaded: pnl=0 trades=0 mode=running
04:15:00 robot_arb INFO FinamPy connected. Accounts: ['1225950', '1225951', '1225952', '1225953']
04:15:00 robot_arb INFO Orders manager linked to FinamPy gRPC
04:15:00 robot_arb INFO Subscribed OrderBook: GAZP@RTSX, GZU6@RTSX
04:15:00 robot_arb INFO Subscribed Quotes: GAZP@RTSX, GZU6@RTSX
04:15:00 robot_arb INFO Warmup: waiting 10 sec for data streams...
04:15:10 robot_arb INFO Warmup done. OB_A: False OB_B: False
04:15:10 robot_arb INFO MOEX ISS poller started (fallback for stock prices)
04:15:10 robot_arb INFO Main loop started
04:15:17 robot_arb INFO === Arbitrage Robot v1 ===
04:15:17 robot_arb INFO Pair: GAZP / GZU6
04:15:17 robot_arb INFO Account: 1225953 | Port: 5090 | Paper: False
04:15:17 robot_arb INFO Params: entry_z=2.5 lookback=200 lots_a=10 lots_b=1 hedge_ratio=10
04:15:17 robot_arb INFO Min profit: rub=5
04:15:17 robot_arb INFO Risk: stop_loss_rub=500000
04:15:17 robot_arb INFO State loaded: pnl=0 trades=0 mode=running
04:15:18 robot_arb INFO FinamPy connected. Accounts: ['1225950', '1225951', '1225952', '1225953']
04:15:18 robot_arb INFO Orders manager linked to FinamPy gRPC
04:15:18 robot_arb INFO Subscribed OrderBook: GAZP@RTSX, GZU6@RTSX
04:15:18 robot_arb INFO Subscribed Quotes: GAZP@RTSX, GZU6@RTSX
04:15:18 robot_arb INFO Warmup: waiting 10 sec for data streams...
04:15:28 robot_arb INFO Warmup done. OB_A: False OB_B: False
04:15:28 robot_arb INFO MOEX ISS poller started (fallback for stock prices)
04:15:28 robot_arb INFO Main loop started
04:15:35 robot_arb INFO === Arbitrage Robot v1 ===
04:15:35 robot_arb INFO Pair: GAZP / GZU6
04:15:35 robot_arb INFO Account: 1225953 | Port: 5090 | Paper: False
04:15:35 robot_arb INFO Params: entry_z=2.5 lookback=200 lots_a=10 lots_b=1 hedge_ratio=10
04:15:35 robot_arb INFO Min profit: rub=5
04:15:35 robot_arb INFO Risk: stop_loss_rub=500000
04:15:35 robot_arb INFO State loaded: pnl=0 trades=0 mode=running
04:15:36 robot_arb INFO FinamPy connected. Accounts: ['1225950', '1225951', '1225952', '1225953']
04:15:36 robot_arb INFO Orders manager linked to FinamPy gRPC
04:15:36 robot_arb INFO Subscribed OrderBook: GAZP@RTSX, GZU6@RTSX
04:15:36 robot_arb INFO Subscribed Quotes: GAZP@RTSX, GZU6@RTSX
04:15:36 robot_arb INFO Warmup: waiting 10 sec for data streams...
04:15:46 robot_arb INFO Warmup done. OB_A: False OB_B: False
04:15:46 robot_arb INFO MOEX ISS poller started (fallback for stock prices)
04:15:46 robot_arb INFO Main loop started
04:15:53 robot_arb INFO === Arbitrage Robot v1 ===
04:15:53 robot_arb INFO Pair: GAZP / GZU6
04:15:53 robot_arb INFO Account: 1225953 | Port: 5090 | Paper: False
04:15:53 robot_arb INFO Params: entry_z=2.5 lookback=200 lots_a=10 lots_b=1 hedge_ratio=10
04:15:53 robot_arb INFO Min profit: rub=5
04:15:53 robot_arb INFO Risk: stop_loss_rub=500000
04:15:53 robot_arb INFO State loaded: pnl=0 trades=0 mode=running
04:15:54 robot_arb INFO FinamPy connected. Accounts: ['1225950', '1225951', '1225952', '1225953']
04:15:54 robot_arb INFO Orders manager linked to FinamPy gRPC
04:15:54 robot_arb INFO Subscribed OrderBook: GAZP@RTSX, GZU6@RTSX
04:15:54 robot_arb INFO Subscribed Quotes: GAZP@RTSX, GZU6@RTSX
04:15:54 robot_arb INFO Warmup: waiting 10 sec for data streams...
04:16:04 robot_arb INFO Warmup done. OB_A: False OB_B: False
04:16:04 robot_arb INFO MOEX ISS poller started (fallback for stock prices)
04:16:04 robot_arb INFO Main loop started
04:16:11 robot_arb INFO === Arbitrage Robot v1 ===
04:16:11 robot_arb INFO Pair: GAZP / GZU6
04:16:11 robot_arb INFO Account: 1225953 | Port: 5090 | Paper: False
04:16:11 robot_arb INFO Params: entry_z=2.5 lookback=200 lots_a=10 lots_b=1 hedge_ratio=10
04:16:11 robot_arb INFO Min profit: rub=5
04:16:11 robot_arb INFO Risk: stop_loss_rub=500000
04:16:11 robot_arb INFO State loaded: pnl=0 trades=0 mode=running
04:16:12 robot_arb INFO FinamPy connected. Accounts: ['1225950', '1225951', '1225952', '1225953']
04:16:12 robot_arb INFO Orders manager linked to FinamPy gRPC
04:16:12 robot_arb INFO Subscribed OrderBook: GAZP@RTSX, GZU6@RTSX
04:16:12 robot_arb INFO Subscribed Quotes: GAZP@RTSX, GZU6@RTSX
04:16:12 robot_arb INFO Warmup: waiting 10 sec for data streams...
04:16:22 robot_arb INFO Warmup done. OB_A: False OB_B: False
04:16:22 robot_arb INFO MOEX ISS poller started (fallback for stock prices)
04:16:22 robot_arb INFO Main loop started
04:16:29 robot_arb INFO === Arbitrage Robot v1 ===
04:16:29 robot_arb INFO Pair: GAZP / GZU6
04:16:29 robot_arb INFO Account: 1225953 | Port: 5090 | Paper: False
04:16:29 robot_arb INFO Params: entry_z=2.5 lookback=200 lots_a=10 lots_b=1 hedge_ratio=10
04:16:29 robot_arb INFO Min profit: rub=5
04:16:29 robot_arb INFO Risk: stop_loss_rub=500000
04:16:29 robot_arb INFO State loaded: pnl=0 trades=0 mode=running
04:16:30 robot_arb INFO FinamPy connected. Accounts: ['1225950', '1225951', '1225952', '1225953']
04:16:30 robot_arb INFO Orders manager linked to FinamPy gRPC
04:16:30 robot_arb INFO Subscribed OrderBook: GAZP@RTSX, GZU6@RTSX
04:16:30 robot_arb INFO Subscribed Quotes: GAZP@RTSX, GZU6@RTSX
04:16:30 robot_arb INFO Warmup: waiting 10 sec for data streams...
04:16:40 robot_arb INFO Warmup done. OB_A: False OB_B: False
04:16:40 robot_arb INFO MOEX ISS poller started (fallback for stock prices)
04:16:40 robot_arb INFO Main loop started
04:16:47 robot_arb INFO === Arbitrage Robot v1 ===
04:16:47 robot_arb INFO Pair: GAZP / GZU6
04:16:47 robot_arb INFO Account: 1225953 | Port: 5090 | Paper: False
04:16:47 robot_arb INFO Params: entry_z=2.5 lookback=200 lots_a=10 lots_b=1 hedge_ratio=10
04:16:47 robot_arb INFO Min profit: rub=5
04:16:47 robot_arb INFO Risk: stop_loss_rub=500000
04:16:47 robot_arb INFO State loaded: pnl=0 trades=0 mode=running
04:16:48 robot_arb INFO FinamPy connected. Accounts: ['1225950', '1225951', '1225952', '1225953']
04:16:48 robot_arb INFO Orders manager linked to FinamPy gRPC
04:16:48 robot_arb INFO Subscribed OrderBook: GAZP@RTSX, GZU6@RTSX
04:16:48 robot_arb INFO Subscribed Quotes: GAZP@RTSX, GZU6@RTSX
04:16:48 robot_arb INFO Warmup: waiting 10 sec for data streams...
04:16:58 robot_arb INFO Warmup done. OB_A: False OB_B: False
04:16:58 robot_arb INFO MOEX ISS poller started (fallback for stock prices)
04:16:58 robot_arb INFO Main loop started
04:17:05 robot_arb INFO === Arbitrage Robot v1 ===
04:17:05 robot_arb INFO Pair: GAZP / GZU6
04:17:05 robot_arb INFO Account: 1225953 | Port: 5090 | Paper: False
04:17:05 robot_arb INFO Params: entry_z=2.5 lookback=200 lots_a=10 lots_b=1 hedge_ratio=10
04:17:05 robot_arb INFO Min profit: rub=5
04:17:05 robot_arb INFO Risk: stop_loss_rub=500000
04:17:05 robot_arb INFO State loaded: pnl=0 trades=0 mode=running
04:17:06 robot_arb INFO FinamPy connected. Accounts: ['1225950', '1225951', '1225952', '1225953']
04:17:06 robot_arb INFO Orders manager linked to FinamPy gRPC
04:17:06 robot_arb INFO Subscribed OrderBook: GAZP@RTSX, GZU6@RTSX
04:17:06 robot_arb INFO Subscribed Quotes: GAZP@RTSX, GZU6@RTSX
04:17:06 robot_arb INFO Warmup: waiting 10 sec for data streams...
04:17:16 robot_arb INFO Warmup done. OB_A: False OB_B: False
04:17:16 robot_arb INFO MOEX ISS poller started (fallback for stock prices)
04:17:16 robot_arb INFO Main loop started
04:17:23 robot_arb INFO === Arbitrage Robot v1 ===
04:17:23 robot_arb INFO Pair: GAZP / GZU6
04:17:23 robot_arb INFO Account: 1225953 | Port: 5090 | Paper: False
04:17:23 robot_arb INFO Params: entry_z=2.5 lookback=200 lots_a=10 lots_b=1 hedge_ratio=10
04:17:23 robot_arb INFO Min profit: rub=5
04:17:23 robot_arb INFO Risk: stop_loss_rub=500000
04:17:23 robot_arb INFO State loaded: pnl=0 trades=0 mode=running
04:17:24 robot_arb INFO FinamPy connected. Accounts: ['1225950', '1225951', '1225952', '1225953']
04:17:24 robot_arb INFO Orders manager linked to FinamPy gRPC
04:17:24 robot_arb INFO Subscribed OrderBook: GAZP@RTSX, GZU6@RTSX
04:17:24 robot_arb INFO Subscribed Quotes: GAZP@RTSX, GZU6@RTSX
04:17:24 robot_arb INFO Warmup: waiting 10 sec for data streams...
04:17:34 robot_arb INFO Warmup done. OB_A: False OB_B: False
04:17:34 robot_arb INFO MOEX ISS poller started (fallback for stock prices)
04:17:34 robot_arb INFO Main loop started
04:17:41 robot_arb INFO === Arbitrage Robot v1 ===
04:17:41 robot_arb INFO Pair: GAZP / GZU6
04:17:41 robot_arb INFO Account: 1225953 | Port: 5090 | Paper: False
04:17:41 robot_arb INFO Params: entry_z=2.5 lookback=200 lots_a=10 lots_b=1 hedge_ratio=10
04:17:41 robot_arb INFO Min profit: rub=5
04:17:41 robot_arb INFO Risk: stop_loss_rub=500000
04:17:41 robot_arb INFO State loaded: pnl=0 trades=0 mode=running
04:17:42 robot_arb INFO FinamPy connected. Accounts: ['1225950', '1225951', '1225952', '1225953']
04:17:42 robot_arb INFO Orders manager linked to FinamPy gRPC
04:17:42 robot_arb INFO Subscribed OrderBook: GAZP@RTSX, GZU6@RTSX
04:17:42 robot_arb INFO Subscribed Quotes: GAZP@RTSX, GZU6@RTSX
04:17:42 robot_arb INFO Warmup: waiting 10 sec for data streams...
04:17:52 robot_arb INFO Warmup done. OB_A: False OB_B: False
04:17:52 robot_arb INFO MOEX ISS poller started (fallback for stock prices)
04:17:52 robot_arb INFO Main loop started
04:17:59 robot_arb INFO === Arbitrage Robot v1 ===
04:17:59 robot_arb INFO Pair: GAZP / GZU6
04:17:59 robot_arb INFO Account: 1225953 | Port: 5090 | Paper: False
04:17:59 robot_arb INFO Params: entry_z=2.5 lookback=200 lots_a=10 lots_b=1 hedge_ratio=10
04:17:59 robot_arb INFO Min profit: rub=5
04:17:59 robot_arb INFO Risk: stop_loss_rub=500000
04:17:59 robot_arb INFO State loaded: pnl=0 trades=0 mode=running
04:18:00 robot_arb INFO FinamPy connected. Accounts: ['1225950', '1225951', '1225952', '1225953']
04:18:00 robot_arb INFO Orders manager linked to FinamPy gRPC
04:18:00 robot_arb INFO Subscribed OrderBook: GAZP@RTSX, GZU6@RTSX
04:18:00 robot_arb INFO Subscribed Quotes: GAZP@RTSX, GZU6@RTSX
04:18:00 robot_arb INFO Warmup: waiting 10 sec for data streams...
04:18:10 robot_arb INFO Warmup done. OB_A: False OB_B: False
04:18:10 robot_arb INFO MOEX ISS poller started (fallback for stock prices)
04:18:10 robot_arb INFO Main loop started
04:18:17 robot_arb INFO === Arbitrage Robot v1 ===
04:18:17 robot_arb INFO Pair: GAZP / GZU6
04:18:17 robot_arb INFO Account: 1225953 | Port: 5090 | Paper: False
04:18:17 robot_arb INFO Params: entry_z=2.5 lookback=200 lots_a=10 lots_b=1 hedge_ratio=10
04:18:17 robot_arb INFO Min profit: rub=5
04:18:17 robot_arb INFO Risk: stop_loss_rub=500000
04:18:17 robot_arb INFO State loaded: pnl=0 trades=0 mode=running
04:18:18 robot_arb INFO FinamPy connected. Accounts: ['1225950', '1225951', '1225952', '1225953']
04:18:18 robot_arb INFO Orders manager linked to FinamPy gRPC
04:18:18 robot_arb INFO Subscribed OrderBook: GAZP@RTSX, GZU6@RTSX
04:18:18 robot_arb INFO Subscribed Quotes: GAZP@RTSX, GZU6@RTSX
04:18:18 robot_arb INFO Warmup: waiting 10 sec for data streams...
04:18:28 robot_arb INFO Warmup done. OB_A: False OB_B: False
04:18:28 robot_arb INFO MOEX ISS poller started (fallback for stock prices)
04:18:28 robot_arb INFO Main loop started
04:18:35 robot_arb INFO === Arbitrage Robot v1 ===
04:18:35 robot_arb INFO Pair: GAZP / GZU6
04:18:35 robot_arb INFO Account: 1225953 | Port: 5090 | Paper: False
04:18:35 robot_arb INFO Params: entry_z=2.5 lookback=200 lots_a=10 lots_b=1 hedge_ratio=10
04:18:35 robot_arb INFO Min profit: rub=5
04:18:35 robot_arb INFO Risk: stop_loss_rub=500000
04:18:35 robot_arb INFO State loaded: pnl=0 trades=0 mode=running
04:18:36 robot_arb INFO FinamPy connected. Accounts: ['1225950', '1225951', '1225952', '1225953']
04:18:36 robot_arb INFO Orders manager linked to FinamPy gRPC
04:18:36 robot_arb INFO Subscribed OrderBook: GAZP@RTSX, GZU6@RTSX
04:18:36 robot_arb INFO Subscribed Quotes: GAZP@RTSX, GZU6@RTSX
04:18:36 robot_arb INFO Warmup: waiting 10 sec for data streams...
04:18:46 robot_arb INFO Warmup done. OB_A: False OB_B: False
04:18:46 robot_arb INFO MOEX ISS poller started (fallback for stock prices)
04:18:46 robot_arb INFO Main loop started
04:18:53 robot_arb INFO === Arbitrage Robot v1 ===
04:18:53 robot_arb INFO Pair: GAZP / GZU6
04:18:53 robot_arb INFO Account: 1225953 | Port: 5090 | Paper: False
04:18:53 robot_arb INFO Params: entry_z=2.5 lookback=200 lots_a=10 lots_b=1 hedge_ratio=10
04:18:53 robot_arb INFO Min profit: rub=5
04:18:53 robot_arb INFO Risk: stop_loss_rub=500000
04:18:53 robot_arb INFO State loaded: pnl=0 trades=0 mode=running
04:18:54 robot_arb INFO FinamPy connected. Accounts: ['1225950', '1225951', '1225952', '1225953']
04:18:54 robot_arb INFO Orders manager linked to FinamPy gRPC
04:18:54 robot_arb INFO Subscribed OrderBook: GAZP@RTSX, GZU6@RTSX
04:18:54 robot_arb INFO Subscribed Quotes: GAZP@RTSX, GZU6@RTSX
04:18:54 robot_arb INFO Warmup: waiting 10 sec for data streams...
04:19:04 robot_arb INFO Warmup done. OB_A: False OB_B: False
04:19:04 robot_arb INFO MOEX ISS poller started (fallback for stock prices)
04:19:04 robot_arb INFO Main loop started
04:19:11 robot_arb INFO === Arbitrage Robot v1 ===
04:19:11 robot_arb INFO Pair: GAZP / GZU6
04:19:11 robot_arb INFO Account: 1225953 | Port: 5090 | Paper: False
04:19:11 robot_arb INFO Params: entry_z=2.5 lookback=200 lots_a=10 lots_b=1 hedge_ratio=10
04:19:11 robot_arb INFO Min profit: rub=5
04:19:11 robot_arb INFO Risk: stop_loss_rub=500000
04:19:11 robot_arb INFO State loaded: pnl=0 trades=0 mode=running
04:19:12 robot_arb INFO FinamPy connected. Accounts: ['1225950', '1225951', '1225952', '1225953']
04:19:12 robot_arb INFO Orders manager linked to FinamPy gRPC
04:19:12 robot_arb INFO Subscribed OrderBook: GAZP@RTSX, GZU6@RTSX
04:19:12 robot_arb INFO Subscribed Quotes: GAZP@RTSX, GZU6@RTSX
04:19:12 robot_arb INFO Warmup: waiting 10 sec for data streams...
04:19:22 robot_arb INFO Warmup done. OB_A: False OB_B: False
04:19:22 robot_arb INFO MOEX ISS poller started (fallback for stock prices)
04:19:22 robot_arb INFO Main loop started
04:19:29 robot_arb INFO === Arbitrage Robot v1 ===
04:19:29 robot_arb INFO Pair: GAZP / GZU6
04:19:29 robot_arb INFO Account: 1225953 | Port: 5090 | Paper: False
04:19:29 robot_arb INFO Params: entry_z=2.5 lookback=200 lots_a=10 lots_b=1 hedge_ratio=10
04:19:29 robot_arb INFO Min profit: rub=5
04:19:29 robot_arb INFO Risk: stop_loss_rub=500000
04:19:29 robot_arb INFO State loaded: pnl=0 trades=0 mode=running
04:19:30 robot_arb INFO FinamPy connected. Accounts: ['1225950', '1225951', '1225952', '1225953']
04:19:30 robot_arb INFO Orders manager linked to FinamPy gRPC
04:19:30 robot_arb INFO Subscribed OrderBook: GAZP@RTSX, GZU6@RTSX
04:19:30 robot_arb INFO Subscribed Quotes: GAZP@RTSX, GZU6@RTSX
04:19:30 robot_arb INFO Warmup: waiting 10 sec for data streams...
04:19:40 robot_arb INFO Warmup done. OB_A: False OB_B: False
04:19:40 robot_arb INFO MOEX ISS poller started (fallback for stock prices)
04:19:40 robot_arb INFO Main loop started
04:19:47 robot_arb INFO === Arbitrage Robot v1 ===
04:19:47 robot_arb INFO Pair: GAZP / GZU6
04:19:47 robot_arb INFO Account: 1225953 | Port: 5090 | Paper: False
04:19:47 robot_arb INFO Params: entry_z=2.5 lookback=200 lots_a=10 lots_b=1 hedge_ratio=10
04:19:47 robot_arb INFO Min profit: rub=5
04:19:47 robot_arb INFO Risk: stop_loss_rub=500000
04:19:47 robot_arb INFO State loaded: pnl=0 trades=0 mode=running
04:19:48 robot_arb INFO FinamPy connected. Accounts: ['1225950', '1225951', '1225952', '1225953']
04:19:48 robot_arb INFO Orders manager linked to FinamPy gRPC
04:19:48 robot_arb INFO Subscribed OrderBook: GAZP@RTSX, GZU6@RTSX
04:19:48 robot_arb INFO Subscribed Quotes: GAZP@RTSX, GZU6@RTSX
04:19:48 robot_arb INFO Warmup: waiting 10 sec for data streams...
04:19:58 robot_arb INFO Warmup done. OB_A: False OB_B: False
04:19:58 robot_arb INFO MOEX ISS poller started (fallback for stock prices)
04:19:58 robot_arb INFO Main loop started
04:20:05 robot_arb INFO === Arbitrage Robot v1 ===
04:20:05 robot_arb INFO Pair: GAZP / GZU6
04:20:05 robot_arb INFO Account: 1225953 | Port: 5090 | Paper: False
04:20:05 robot_arb INFO Params: entry_z=2.5 lookback=200 lots_a=10 lots_b=1 hedge_ratio=10
04:20:05 robot_arb INFO Min profit: rub=5
04:20:05 robot_arb INFO Risk: stop_loss_rub=500000
04:20:05 robot_arb INFO State loaded: pnl=0 trades=0 mode=running
04:20:06 robot_arb INFO FinamPy connected. Accounts: ['1225950', '1225951', '1225952', '1225953']
04:20:06 robot_arb INFO Orders manager linked to FinamPy gRPC
04:20:06 robot_arb INFO Subscribed OrderBook: GAZP@RTSX, GZU6@RTSX
04:20:06 robot_arb INFO Subscribed Quotes: GAZP@RTSX, GZU6@RTSX
04:20:06 robot_arb INFO Warmup: waiting 10 sec for data streams...
04:20:16 robot_arb INFO Warmup done. OB_A: False OB_B: False
04:20:16 robot_arb INFO MOEX ISS poller started (fallback for stock prices)
04:20:16 robot_arb INFO Main loop started
04:20:23 robot_arb INFO === Arbitrage Robot v1 ===
04:20:23 robot_arb INFO Pair: GAZP / GZU6
04:20:23 robot_arb INFO Account: 1225953 | Port: 5090 | Paper: False
04:20:23 robot_arb INFO Params: entry_z=2.5 lookback=200 lots_a=10 lots_b=1 hedge_ratio=10
04:20:23 robot_arb INFO Min profit: rub=5
04:20:23 robot_arb INFO Risk: stop_loss_rub=500000
04:20:23 robot_arb INFO State loaded: pnl=0 trades=0 mode=running
04:20:24 robot_arb INFO FinamPy connected. Accounts: ['1225950', '1225951', '1225952', '1225953']
04:20:24 robot_arb INFO Orders manager linked to FinamPy gRPC
04:20:24 robot_arb INFO Subscribed OrderBook: GAZP@RTSX, GZU6@RTSX
04:20:24 robot_arb INFO Subscribed Quotes: GAZP@RTSX, GZU6@RTSX
04:20:24 robot_arb INFO Warmup: waiting 10 sec for data streams...
04:20:34 robot_arb INFO Warmup done. OB_A: False OB_B: False
04:20:34 robot_arb INFO MOEX ISS poller started (fallback for stock prices)
04:20:34 robot_arb INFO Main loop started
04:20:41 robot_arb INFO === Arbitrage Robot v1 ===
04:20:41 robot_arb INFO Pair: GAZP / GZU6
04:20:41 robot_arb INFO Account: 1225953 | Port: 5090 | Paper: False
04:20:41 robot_arb INFO Params: entry_z=2.5 lookback=200 lots_a=10 lots_b=1 hedge_ratio=10
04:20:41 robot_arb INFO Min profit: rub=5
04:20:41 robot_arb INFO Risk: stop_loss_rub=500000
04:20:41 robot_arb INFO State loaded: pnl=0 trades=0 mode=running
04:20:42 robot_arb INFO FinamPy connected. Accounts: ['1225950', '1225951', '1225952', '1225953']
04:20:42 robot_arb INFO Orders manager linked to FinamPy gRPC
04:20:42 robot_arb INFO Subscribed OrderBook: GAZP@RTSX, GZU6@RTSX
04:20:42 robot_arb INFO Subscribed Quotes: GAZP@RTSX, GZU6@RTSX
04:20:42 robot_arb INFO Warmup: waiting 10 sec for data streams...
04:20:52 robot_arb INFO Warmup done. OB_A: False OB_B: False
04:20:52 robot_arb INFO MOEX ISS poller started (fallback for stock prices)
04:20:52 robot_arb INFO Main loop started
04:20:59 robot_arb INFO === Arbitrage Robot v1 ===
04:20:59 robot_arb INFO Pair: GAZP / GZU6
04:20:59 robot_arb INFO Account: 1225953 | Port: 5090 | Paper: False
04:20:59 robot_arb INFO Params: entry_z=2.5 lookback=200 lots_a=10 lots_b=1 hedge_ratio=10
04:20:59 robot_arb INFO Min profit: rub=5
04:20:59 robot_arb INFO Risk: stop_loss_rub=500000
04:20:59 robot_arb INFO State loaded: pnl=0 trades=0 mode=running
04:21:00 robot_arb INFO FinamPy connected. Accounts: ['1225950', '1225951', '1225952', '1225953']
04:21:00 robot_arb INFO Orders manager linked to FinamPy gRPC
04:21:00 robot_arb INFO Subscribed OrderBook: GAZP@RTSX, GZU6@RTSX
04:21:00 robot_arb INFO Subscribed Quotes: GAZP@RTSX, GZU6@RTSX
04:21:00 robot_arb INFO Warmup: waiting 10 sec for data streams...
04:21:10 robot_arb INFO Warmup done. OB_A: False OB_B: False
04:21:10 robot_arb INFO MOEX ISS poller started (fallback for stock prices)
04:21:10 robot_arb INFO Main loop started
04:21:17 robot_arb INFO === Arbitrage Robot v1 ===
04:21:17 robot_arb INFO Pair: GAZP / GZU6
04:21:17 robot_arb INFO Account: 1225953 | Port: 5090 | Paper: False
04:21:17 robot_arb INFO Params: entry_z=2.5 lookback=200 lots_a=10 lots_b=1 hedge_ratio=10
04:21:17 robot_arb INFO Min profit: rub=5
04:21:17 robot_arb INFO Risk: stop_loss_rub=500000
04:21:17 robot_arb INFO State loaded: pnl=0 trades=0 mode=running
04:21:18 robot_arb INFO FinamPy connected. Accounts: ['1225950', '1225951', '1225952', '1225953']
04:21:18 robot_arb INFO Orders manager linked to FinamPy gRPC
04:21:18 robot_arb INFO Subscribed OrderBook: GAZP@RTSX, GZU6@RTSX
04:21:18 robot_arb INFO Subscribed Quotes: GAZP@RTSX, GZU6@RTSX
04:21:18 robot_arb INFO Warmup: waiting 10 sec for data streams...
04:21:28 robot_arb INFO Warmup done. OB_A: False OB_B: False
04:21:28 robot_arb INFO MOEX ISS poller started (fallback for stock prices)
04:21:28 robot_arb INFO Main loop started
04:21:35 robot_arb INFO === Arbitrage Robot v1 ===
04:21:35 robot_arb INFO Pair: GAZP / GZU6
04:21:35 robot_arb INFO Account: 1225953 | Port: 5090 | Paper: False
04:21:35 robot_arb INFO Params: entry_z=2.5 lookback=200 lots_a=10 lots_b=1 hedge_ratio=10
04:21:35 robot_arb INFO Min profit: rub=5
04:21:35 robot_arb INFO Risk: stop_loss_rub=500000
04:21:35 robot_arb INFO State loaded: pnl=0 trades=0 mode=running
04:21:36 robot_arb INFO FinamPy connected. Accounts: ['1225950', '1225951', '1225952', '1225953']
04:21:36 robot_arb INFO Orders manager linked to FinamPy gRPC
04:21:36 robot_arb INFO Subscribed OrderBook: GAZP@RTSX, GZU6@RTSX
04:21:36 robot_arb INFO Subscribed Quotes: GAZP@RTSX, GZU6@RTSX
04:21:36 robot_arb INFO Warmup: waiting 10 sec for data streams...
04:21:46 robot_arb INFO Warmup done. OB_A: False OB_B: False
04:21:46 robot_arb INFO MOEX ISS poller started (fallback for stock prices)
04:21:46 robot_arb INFO Main loop started
04:21:53 robot_arb INFO === Arbitrage Robot v1 ===
04:21:53 robot_arb INFO Pair: GAZP / GZU6
04:21:53 robot_arb INFO Account: 1225953 | Port: 5090 | Paper: False
04:21:53 robot_arb INFO Params: entry_z=2.5 lookback=200 lots_a=10 lots_b=1 hedge_ratio=10
04:21:53 robot_arb INFO Min profit: rub=5
04:21:53 robot_arb INFO Risk: stop_loss_rub=500000
04:21:53 robot_arb INFO State loaded: pnl=0 trades=0 mode=running
04:21:54 robot_arb INFO FinamPy connected. Accounts: ['1225950', '1225951', '1225952', '1225953']
04:21:54 robot_arb INFO Orders manager linked to FinamPy gRPC
04:21:54 robot_arb INFO Subscribed OrderBook: GAZP@RTSX, GZU6@RTSX
04:21:54 robot_arb INFO Subscribed Quotes: GAZP@RTSX, GZU6@RTSX
04:21:54 robot_arb INFO Warmup: waiting 10 sec for data streams...
04:22:04 robot_arb INFO Warmup done. OB_A: False OB_B: False
04:22:04 robot_arb INFO MOEX ISS poller started (fallback for stock prices)
04:22:04 robot_arb INFO Main loop started
04:22:11 robot_arb INFO === Arbitrage Robot v1 ===
04:22:11 robot_arb INFO Pair: GAZP / GZU6
04:22:11 robot_arb INFO Account: 1225953 | Port: 5090 | Paper: False
04:22:11 robot_arb INFO Params: entry_z=2.5 lookback=200 lots_a=10 lots_b=1 hedge_ratio=10
04:22:11 robot_arb INFO Min profit: rub=5
04:22:11 robot_arb INFO Risk: stop_loss_rub=500000
04:22:11 robot_arb INFO State loaded: pnl=0 trades=0 mode=running
04:22:12 robot_arb INFO FinamPy connected. Accounts: ['1225950', '1225951', '1225952', '1225953']
04:22:12 robot_arb INFO Orders manager linked to FinamPy gRPC
04:22:12 robot_arb INFO Subscribed OrderBook: GAZP@RTSX, GZU6@RTSX
04:22:12 robot_arb INFO Subscribed Quotes: GAZP@RTSX, GZU6@RTSX
04:22:12 robot_arb INFO Warmup: waiting 10 sec for data streams...
04:22:22 robot_arb INFO Warmup done. OB_A: False OB_B: False
04:22:22 robot_arb INFO MOEX ISS poller started (fallback for stock prices)
04:22:22 robot_arb INFO Main loop started
04:22:29 robot_arb INFO === Arbitrage Robot v1 ===
04:22:29 robot_arb INFO Pair: GAZP / GZU6
04:22:29 robot_arb INFO Account: 1225953 | Port: 5090 | Paper: False
04:22:29 robot_arb INFO Params: entry_z=2.5 lookback=200 lots_a=10 lots_b=1 hedge_ratio=10
04:22:29 robot_arb INFO Min profit: rub=5
04:22:29 robot_arb INFO Risk: stop_loss_rub=500000
04:22:29 robot_arb INFO State loaded: pnl=0 trades=0 mode=running
04:22:30 robot_arb INFO FinamPy connected. Accounts: ['1225950', '1225951', '1225952', '1225953']
04:22:30 robot_arb INFO Orders manager linked to FinamPy gRPC
04:22:30 robot_arb INFO Subscribed OrderBook: GAZP@RTSX, GZU6@RTSX
04:22:30 robot_arb INFO Subscribed Quotes: GAZP@RTSX, GZU6@RTSX
04:22:30 robot_arb INFO Warmup: waiting 10 sec for data streams...
04:22:40 robot_arb INFO Warmup done. OB_A: False OB_B: False
04:22:40 robot_arb INFO MOEX ISS poller started (fallback for stock prices)
04:22:40 robot_arb INFO Main loop started
04:22:47 robot_arb INFO === Arbitrage Robot v1 ===
04:22:47 robot_arb INFO Pair: GAZP / GZU6
04:22:47 robot_arb INFO Account: 1225953 | Port: 5090 | Paper: False
04:22:47 robot_arb INFO Params: entry_z=2.5 lookback=200 lots_a=10 lots_b=1 hedge_ratio=10
04:22:47 robot_arb INFO Min profit: rub=5
04:22:47 robot_arb INFO Risk: stop_loss_rub=500000
04:22:47 robot_arb INFO State loaded: pnl=0 trades=0 mode=running
04:22:48 robot_arb INFO FinamPy connected. Accounts: ['1225950', '1225951', '1225952', '1225953']
04:22:48 robot_arb INFO Orders manager linked to FinamPy gRPC
04:22:48 robot_arb INFO Subscribed OrderBook: GAZP@RTSX, GZU6@RTSX
04:22:48 robot_arb INFO Subscribed Quotes: GAZP@RTSX, GZU6@RTSX
04:22:48 robot_arb INFO Warmup: waiting 10 sec for data streams...
04:22:58 robot_arb INFO Warmup done. OB_A: False OB_B: False
04:22:58 robot_arb INFO MOEX ISS poller started (fallback for stock prices)
04:22:58 robot_arb INFO Main loop started
04:23:05 robot_arb INFO === Arbitrage Robot v1 ===
04:23:05 robot_arb INFO Pair: GAZP / GZU6
04:23:05 robot_arb INFO Account: 1225953 | Port: 5090 | Paper: False
04:23:05 robot_arb INFO Params: entry_z=2.5 lookback=200 lots_a=10 lots_b=1 hedge_ratio=10
04:23:05 robot_arb INFO Min profit: rub=5
04:23:05 robot_arb INFO Risk: stop_loss_rub=500000
04:23:05 robot_arb INFO State loaded: pnl=0 trades=0 mode=running
04:23:06 robot_arb INFO FinamPy connected. Accounts: ['1225950', '1225951', '1225952', '1225953']
04:23:06 robot_arb INFO Orders manager linked to FinamPy gRPC
04:23:06 robot_arb INFO Subscribed OrderBook: GAZP@RTSX, GZU6@RTSX
04:23:06 robot_arb INFO Subscribed Quotes: GAZP@RTSX, GZU6@RTSX
04:23:06 robot_arb INFO Warmup: waiting 10 sec for data streams...
04:23:16 robot_arb INFO Warmup done. OB_A: False OB_B: False
04:23:16 robot_arb INFO MOEX ISS poller started (fallback for stock prices)
04:23:16 robot_arb INFO Main loop started
04:23:23 robot_arb INFO === Arbitrage Robot v1 ===
04:23:23 robot_arb INFO Pair: GAZP / GZU6
04:23:23 robot_arb INFO Account: 1225953 | Port: 5090 | Paper: False
04:23:23 robot_arb INFO Params: entry_z=2.5 lookback=200 lots_a=10 lots_b=1 hedge_ratio=10
04:23:23 robot_arb INFO Min profit: rub=5
04:23:23 robot_arb INFO Risk: stop_loss_rub=500000
04:23:23 robot_arb INFO State loaded: pnl=0 trades=0 mode=running
04:23:24 robot_arb INFO FinamPy connected. Accounts: ['1225950', '1225951', '1225952', '1225953']
04:23:24 robot_arb INFO Orders manager linked to FinamPy gRPC
04:23:24 robot_arb INFO Subscribed OrderBook: GAZP@RTSX, GZU6@RTSX
04:23:24 robot_arb INFO Subscribed Quotes: GAZP@RTSX, GZU6@RTSX
04:23:24 robot_arb INFO Warmup: waiting 10 sec for data streams...
04:23:34 robot_arb INFO Warmup done. OB_A: False OB_B: False
04:23:34 robot_arb INFO MOEX ISS poller started (fallback for stock prices)
04:23:34 robot_arb INFO Main loop started
04:23:41 robot_arb INFO === Arbitrage Robot v1 ===
04:23:41 robot_arb INFO Pair: GAZP / GZU6
04:23:41 robot_arb INFO Account: 1225953 | Port: 5090 | Paper: False
04:23:41 robot_arb INFO Params: entry_z=2.5 lookback=200 lots_a=10 lots_b=1 hedge_ratio=10
04:23:41 robot_arb INFO Min profit: rub=5
04:23:41 robot_arb INFO Risk: stop_loss_rub=500000
04:23:41 robot_arb INFO State loaded: pnl=0 trades=0 mode=running
04:23:42 robot_arb INFO FinamPy connected. Accounts: ['1225950', '1225951', '1225952', '1225953']
04:23:42 robot_arb INFO Orders manager linked to FinamPy gRPC
04:23:42 robot_arb INFO Subscribed OrderBook: GAZP@RTSX, GZU6@RTSX
04:23:42 robot_arb INFO Subscribed Quotes: GAZP@RTSX, GZU6@RTSX
04:23:42 robot_arb INFO Warmup: waiting 10 sec for data streams...
04:23:52 robot_arb INFO Warmup done. OB_A: False OB_B: False
04:23:52 robot_arb INFO MOEX ISS poller started (fallback for stock prices)
04:23:52 robot_arb INFO Main loop started
04:23:59 robot_arb INFO === Arbitrage Robot v1 ===
04:23:59 robot_arb INFO Pair: GAZP / GZU6
04:23:59 robot_arb INFO Account: 1225953 | Port: 5090 | Paper: False
04:23:59 robot_arb INFO Params: entry_z=2.5 lookback=200 lots_a=10 lots_b=1 hedge_ratio=10
04:23:59 robot_arb INFO Min profit: rub=5
04:23:59 robot_arb INFO Risk: stop_loss_rub=500000
04:23:59 robot_arb INFO State loaded: pnl=0 trades=0 mode=running
04:24:00 robot_arb INFO FinamPy connected. Accounts: ['1225950', '1225951', '1225952', '1225953']
04:24:00 robot_arb INFO Orders manager linked to FinamPy gRPC
04:24:00 robot_arb INFO Subscribed OrderBook: GAZP@RTSX, GZU6@RTSX
04:24:00 robot_arb INFO Subscribed Quotes: GAZP@RTSX, GZU6@RTSX
04:24:00 robot_arb INFO Warmup: waiting 10 sec for data streams...
04:24:10 robot_arb INFO Warmup done. OB_A: False OB_B: False
04:24:10 robot_arb INFO MOEX ISS poller started (fallback for stock prices)
04:24:10 robot_arb INFO Main loop started
04:24:17 robot_arb INFO === Arbitrage Robot v1 ===
04:24:17 robot_arb INFO Pair: GAZP / GZU6
04:24:17 robot_arb INFO Account: 1225953 | Port: 5090 | Paper: False
04:24:17 robot_arb INFO Params: entry_z=2.5 lookback=200 lots_a=10 lots_b=1 hedge_ratio=10
04:24:17 robot_arb INFO Min profit: rub=5
04:24:17 robot_arb INFO Risk: stop_loss_rub=500000
04:24:17 robot_arb INFO State loaded: pnl=0 trades=0 mode=running
04:24:18 robot_arb INFO FinamPy connected. Accounts: ['1225950', '1225951', '1225952', '1225953']
04:24:18 robot_arb INFO Orders manager linked to FinamPy gRPC
04:24:18 robot_arb INFO Subscribed OrderBook: GAZP@RTSX, GZU6@RTSX
04:24:18 robot_arb INFO Subscribed Quotes: GAZP@RTSX, GZU6@RTSX
04:24:18 robot_arb INFO Warmup: waiting 10 sec for data streams...
04:24:28 robot_arb INFO Warmup done. OB_A: False OB_B: False
04:24:28 robot_arb INFO MOEX ISS poller started (fallback for stock prices)
04:24:28 robot_arb INFO Main loop started
04:24:35 robot_arb INFO === Arbitrage Robot v1 ===
04:24:35 robot_arb INFO Pair: GAZP / GZU6
04:24:35 robot_arb INFO Account: 1225953 | Port: 5090 | Paper: False
04:24:35 robot_arb INFO Params: entry_z=2.5 lookback=200 lots_a=10 lots_b=1 hedge_ratio=10
04:24:35 robot_arb INFO Min profit: rub=5
04:24:35 robot_arb INFO Risk: stop_loss_rub=500000
04:24:35 robot_arb INFO State loaded: pnl=0 trades=0 mode=running
04:24:36 robot_arb INFO FinamPy connected. Accounts: ['1225950', '1225951', '1225952', '1225953']
04:24:36 robot_arb INFO Orders manager linked to FinamPy gRPC
04:24:36 robot_arb INFO Subscribed OrderBook: GAZP@RTSX, GZU6@RTSX
04:24:36 robot_arb INFO Subscribed Quotes: GAZP@RTSX, GZU6@RTSX
04:24:36 robot_arb INFO Warmup: waiting 10 sec for data streams...
04:24:46 robot_arb INFO Warmup done. OB_A: False OB_B: False
04:24:46 robot_arb INFO MOEX ISS poller started (fallback for stock prices)
04:24:46 robot_arb INFO Main loop started
04:24:53 robot_arb INFO === Arbitrage Robot v1 ===
04:24:53 robot_arb INFO Pair: GAZP / GZU6
04:24:53 robot_arb INFO Account: 1225953 | Port: 5090 | Paper: False
04:24:53 robot_arb INFO Params: entry_z=2.5 lookback=200 lots_a=10 lots_b=1 hedge_ratio=10
04:24:53 robot_arb INFO Min profit: rub=5
04:24:53 robot_arb INFO Risk: stop_loss_rub=500000
04:24:53 robot_arb INFO State loaded: pnl=0 trades=0 mode=running
04:24:54 robot_arb INFO FinamPy connected. Accounts: ['1225950', '1225951', '1225952', '1225953']
04:24:54 robot_arb INFO Orders manager linked to FinamPy gRPC
04:24:54 robot_arb INFO Subscribed OrderBook: GAZP@RTSX, GZU6@RTSX
04:24:54 robot_arb INFO Subscribed Quotes: GAZP@RTSX, GZU6@RTSX
04:24:54 robot_arb INFO Warmup: waiting 10 sec for data streams...
04:25:04 robot_arb INFO Warmup done. OB_A: False OB_B: False
04:25:04 robot_arb INFO MOEX ISS poller started (fallback for stock prices)
04:25:04 robot_arb INFO Main loop started
04:25:11 robot_arb INFO === Arbitrage Robot v1 ===
04:25:11 robot_arb INFO Pair: GAZP / GZU6
04:25:11 robot_arb INFO Account: 1225953 | Port: 5090 | Paper: False
04:25:11 robot_arb INFO Params: entry_z=2.5 lookback=200 lots_a=10 lots_b=1 hedge_ratio=10
04:25:11 robot_arb INFO Min profit: rub=5
04:25:11 robot_arb INFO Risk: stop_loss_rub=500000
04:25:11 robot_arb INFO State loaded: pnl=0 trades=0 mode=running
04:25:12 robot_arb INFO FinamPy connected. Accounts: ['1225950', '1225951', '1225952', '1225953']
04:25:12 robot_arb INFO Orders manager linked to FinamPy gRPC
04:25:12 robot_arb INFO Subscribed OrderBook: GAZP@RTSX, GZU6@RTSX
04:25:12 robot_arb INFO Subscribed Quotes: GAZP@RTSX, GZU6@RTSX
04:25:12 robot_arb INFO Warmup: waiting 10 sec for data streams...
04:25:22 robot_arb INFO Warmup done. OB_A: False OB_B: False
04:25:22 robot_arb INFO MOEX ISS poller started (fallback for stock prices)
04:25:22 robot_arb INFO Main loop started
04:25:29 robot_arb INFO === Arbitrage Robot v1 ===
04:25:29 robot_arb INFO Pair: GAZP / GZU6
04:25:29 robot_arb INFO Account: 1225953 | Port: 5090 | Paper: False
04:25:29 robot_arb INFO Params: entry_z=2.5 lookback=200 lots_a=10 lots_b=1 hedge_ratio=10
04:25:29 robot_arb INFO Min profit: rub=5
04:25:29 robot_arb INFO Risk: stop_loss_rub=500000
04:25:29 robot_arb INFO State loaded: pnl=0 trades=0 mode=running
04:25:30 robot_arb INFO FinamPy connected. Accounts: ['1225950', '1225951', '1225952', '1225953']
04:25:30 robot_arb INFO Orders manager linked to FinamPy gRPC
04:25:30 robot_arb INFO Subscribed OrderBook: GAZP@RTSX, GZU6@RTSX
04:25:30 robot_arb INFO Subscribed Quotes: GAZP@RTSX, GZU6@RTSX
04:25:30 robot_arb INFO Warmup: waiting 10 sec for data streams...
04:25:40 robot_arb INFO Warmup done. OB_A: False OB_B: False
04:25:40 robot_arb INFO MOEX ISS poller started (fallback for stock prices)
04:25:40 robot_arb INFO Main loop started
04:25:47 robot_arb INFO === Arbitrage Robot v1 ===
04:25:47 robot_arb INFO Pair: GAZP / GZU6
04:25:47 robot_arb INFO Account: 1225953 | Port: 5090 | Paper: False
04:25:47 robot_arb INFO Params: entry_z=2.5 lookback=200 lots_a=10 lots_b=1 hedge_ratio=10
04:25:47 robot_arb INFO Min profit: rub=5
04:25:47 robot_arb INFO Risk: stop_loss_rub=500000
04:25:47 robot_arb INFO State loaded: pnl=0 trades=0 mode=running
04:25:48 robot_arb INFO FinamPy connected. Accounts: ['1225950', '1225951', '1225952', '1225953']
04:25:48 robot_arb INFO Orders manager linked to FinamPy gRPC
04:25:48 robot_arb INFO Subscribed OrderBook: GAZP@RTSX, GZU6@RTSX
04:25:48 robot_arb INFO Subscribed Quotes: GAZP@RTSX, GZU6@RTSX
04:25:48 robot_arb INFO Warmup: waiting 10 sec for data streams...
04:25:58 robot_arb INFO Warmup done. OB_A: False OB_B: False
04:25:58 robot_arb INFO MOEX ISS poller started (fallback for stock prices)
04:25:58 robot_arb INFO Main loop started
04:26:05 robot_arb INFO === Arbitrage Robot v1 ===
04:26:05 robot_arb INFO Pair: GAZP / GZU6
04:26:05 robot_arb INFO Account: 1225953 | Port: 5090 | Paper: False
04:26:05 robot_arb INFO Params: entry_z=2.5 lookback=200 lots_a=10 lots_b=1 hedge_ratio=10
04:26:05 robot_arb INFO Min profit: rub=5
04:26:05 robot_arb INFO Risk: stop_loss_rub=500000
04:26:05 robot_arb INFO State loaded: pnl=0 trades=0 mode=running
04:26:06 robot_arb INFO FinamPy connected. Accounts: ['1225950', '1225951', '1225952', '1225953']
04:26:06 robot_arb INFO Orders manager linked to FinamPy gRPC
04:26:06 robot_arb INFO Subscribed OrderBook: GAZP@RTSX, GZU6@RTSX
04:26:06 robot_arb INFO Subscribed Quotes: GAZP@RTSX, GZU6@RTSX
04:26:06 robot_arb INFO Warmup: waiting 10 sec for data streams...
04:26:16 robot_arb INFO Warmup done. OB_A: False OB_B: False
04:26:16 robot_arb INFO MOEX ISS poller started (fallback for stock prices)
04:26:16 robot_arb INFO Main loop started
04:26:23 robot_arb INFO === Arbitrage Robot v1 ===
04:26:23 robot_arb INFO Pair: GAZP / GZU6
04:26:23 robot_arb INFO Account: 1225953 | Port: 5090 | Paper: False
04:26:23 robot_arb INFO Params: entry_z=2.5 lookback=200 lots_a=10 lots_b=1 hedge_ratio=10
04:26:23 robot_arb INFO Min profit: rub=5
04:26:23 robot_arb INFO Risk: stop_loss_rub=500000
04:26:23 robot_arb INFO State loaded: pnl=0 trades=0 mode=running
04:26:24 robot_arb INFO FinamPy connected. Accounts: ['1225950', '1225951', '1225952', '1225953']
04:26:24 robot_arb INFO Orders manager linked to FinamPy gRPC
04:26:24 robot_arb INFO Subscribed OrderBook: GAZP@RTSX, GZU6@RTSX
04:26:24 robot_arb INFO Subscribed Quotes: GAZP@RTSX, GZU6@RTSX
04:26:24 robot_arb INFO Warmup: waiting 10 sec for data streams...
04:26:34 robot_arb INFO Warmup done. OB_A: False OB_B: False
04:26:34 robot_arb INFO MOEX ISS poller started (fallback for stock prices)
04:26:34 robot_arb INFO Main loop started
04:26:41 robot_arb INFO === Arbitrage Robot v1 ===
04:26:41 robot_arb INFO Pair: GAZP / GZU6
04:26:41 robot_arb INFO Account: 1225953 | Port: 5090 | Paper: False
04:26:41 robot_arb INFO Params: entry_z=2.5 lookback=200 lots_a=10 lots_b=1 hedge_ratio=10
04:26:41 robot_arb INFO Min profit: rub=5
04:26:41 robot_arb INFO Risk: stop_loss_rub=500000
04:26:41 robot_arb INFO State loaded: pnl=0 trades=0 mode=running
04:26:42 robot_arb INFO FinamPy connected. Accounts: ['1225950', '1225951', '1225952', '1225953']
04:26:42 robot_arb INFO Orders manager linked to FinamPy gRPC
04:26:42 robot_arb INFO Subscribed OrderBook: GAZP@RTSX, GZU6@RTSX
04:26:42 robot_arb INFO Subscribed Quotes: GAZP@RTSX, GZU6@RTSX
04:26:42 robot_arb INFO Warmup: waiting 10 sec for data streams...
04:26:52 robot_arb INFO Warmup done. OB_A: False OB_B: False
04:26:52 robot_arb INFO MOEX ISS poller started (fallback for stock prices)
04:26:52 robot_arb INFO Main loop started
04:26:59 robot_arb INFO === Arbitrage Robot v1 ===
04:26:59 robot_arb INFO Pair: GAZP / GZU6
04:26:59 robot_arb INFO Account: 1225953 | Port: 5090 | Paper: False
04:26:59 robot_arb INFO Params: entry_z=2.5 lookback=200 lots_a=10 lots_b=1 hedge_ratio=10
04:26:59 robot_arb INFO Min profit: rub=5
04:26:59 robot_arb INFO Risk: stop_loss_rub=500000
04:26:59 robot_arb INFO State loaded: pnl=0 trades=0 mode=running
04:27:00 robot_arb INFO FinamPy connected. Accounts: ['1225950', '1225951', '1225952', '1225953']
04:27:00 robot_arb INFO Orders manager linked to FinamPy gRPC
04:27:00 robot_arb INFO Subscribed OrderBook: GAZP@RTSX, GZU6@RTSX
04:27:00 robot_arb INFO Subscribed Quotes: GAZP@RTSX, GZU6@RTSX
04:27:00 robot_arb INFO Warmup: waiting 10 sec for data streams...
04:27:10 robot_arb INFO Warmup done. OB_A: False OB_B: False
04:27:10 robot_arb INFO MOEX ISS poller started (fallback for stock prices)
04:27:10 robot_arb INFO Main loop started
04:27:17 robot_arb INFO === Arbitrage Robot v1 ===
04:27:17 robot_arb INFO Pair: GAZP / GZU6
04:27:17 robot_arb INFO Account: 1225953 | Port: 5090 | Paper: False
04:27:17 robot_arb INFO Params: entry_z=2.5 lookback=200 lots_a=10 lots_b=1 hedge_ratio=10
04:27:17 robot_arb INFO Min profit: rub=5
04:27:17 robot_arb INFO Risk: stop_loss_rub=500000
04:27:17 robot_arb INFO State loaded: pnl=0 trades=0 mode=running
04:27:18 robot_arb INFO FinamPy connected. Accounts: ['1225950', '1225951', '1225952', '1225953']
04:27:18 robot_arb INFO Orders manager linked to FinamPy gRPC
04:27:18 robot_arb INFO Subscribed OrderBook: GAZP@RTSX, GZU6@RTSX
04:27:18 robot_arb INFO Subscribed Quotes: GAZP@RTSX, GZU6@RTSX
04:27:18 robot_arb INFO Warmup: waiting 10 sec for data streams...
04:27:28 robot_arb INFO Warmup done. OB_A: False OB_B: False
04:27:28 robot_arb INFO MOEX ISS poller started (fallback for stock prices)
04:27:28 robot_arb INFO Main loop started
04:27:35 robot_arb INFO === Arbitrage Robot v1 ===
04:27:35 robot_arb INFO Pair: GAZP / GZU6
04:27:35 robot_arb INFO Account: 1225953 | Port: 5090 | Paper: False
04:27:35 robot_arb INFO Params: entry_z=2.5 lookback=200 lots_a=10 lots_b=1 hedge_ratio=10
04:27:35 robot_arb INFO Min profit: rub=5
04:27:35 robot_arb INFO Risk: stop_loss_rub=500000
04:27:35 robot_arb INFO State loaded: pnl=0 trades=0 mode=running
04:27:36 robot_arb INFO FinamPy connected. Accounts: ['1225950', '1225951', '1225952', '1225953']
04:27:36 robot_arb INFO Orders manager linked to FinamPy gRPC
04:27:36 robot_arb INFO Subscribed OrderBook: GAZP@RTSX, GZU6@RTSX
04:27:36 robot_arb INFO Subscribed Quotes: GAZP@RTSX, GZU6@RTSX
04:27:36 robot_arb INFO Warmup: waiting 10 sec for data streams...
04:27:46 robot_arb INFO Warmup done. OB_A: False OB_B: False
04:27:46 robot_arb INFO MOEX ISS poller started (fallback for stock prices)
04:27:46 robot_arb INFO Main loop started
04:27:53 robot_arb INFO === Arbitrage Robot v1 ===
04:27:53 robot_arb INFO Pair: GAZP / GZU6
04:27:53 robot_arb INFO Account: 1225953 | Port: 5090 | Paper: False
04:27:53 robot_arb INFO Params: entry_z=2.5 lookback=200 lots_a=10 lots_b=1 hedge_ratio=10
04:27:53 robot_arb INFO Min profit: rub=5
04:27:53 robot_arb INFO Risk: stop_loss_rub=500000
04:27:53 robot_arb INFO State loaded: pnl=0 trades=0 mode=running
04:27:54 robot_arb INFO FinamPy connected. Accounts: ['1225950', '1225951', '1225952', '1225953']
04:27:54 robot_arb INFO Orders manager linked to FinamPy gRPC
04:27:54 robot_arb INFO Subscribed OrderBook: GAZP@RTSX, GZU6@RTSX
04:27:54 robot_arb INFO Subscribed Quotes: GAZP@RTSX, GZU6@RTSX
04:27:54 robot_arb INFO Warmup: waiting 10 sec for data streams...
04:28:04 robot_arb INFO Warmup done. OB_A: False OB_B: False
04:28:04 robot_arb INFO MOEX ISS poller started (fallback for stock prices)
04:28:04 robot_arb INFO Main loop started
04:28:11 robot_arb INFO === Arbitrage Robot v1 ===
04:28:11 robot_arb INFO Pair: GAZP / GZU6
04:28:11 robot_arb INFO Account: 1225953 | Port: 5090 | Paper: False
04:28:11 robot_arb INFO Params: entry_z=2.5 lookback=200 lots_a=10 lots_b=1 hedge_ratio=10
04:28:11 robot_arb INFO Min profit: rub=5
04:28:11 robot_arb INFO Risk: stop_loss_rub=500000
04:28:11 robot_arb INFO State loaded: pnl=0 trades=0 mode=running
04:28:12 robot_arb INFO FinamPy connected. Accounts: ['1225950', '1225951', '1225952', '1225953']
04:28:12 robot_arb INFO Orders manager linked to FinamPy gRPC
04:28:12 robot_arb INFO Subscribed OrderBook: GAZP@RTSX, GZU6@RTSX
04:28:12 robot_arb INFO Subscribed Quotes: GAZP@RTSX, GZU6@RTSX
04:28:12 robot_arb INFO Warmup: waiting 10 sec for data streams...
04:28:22 robot_arb INFO Warmup done. OB_A: False OB_B: False
04:28:22 robot_arb INFO MOEX ISS poller started (fallback for stock prices)
04:28:22 robot_arb INFO Main loop started
04:28:29 robot_arb INFO === Arbitrage Robot v1 ===
04:28:29 robot_arb INFO Pair: GAZP / GZU6
04:28:29 robot_arb INFO Account: 1225953 | Port: 5090 | Paper: False
04:28:29 robot_arb INFO Params: entry_z=2.5 lookback=200 lots_a=10 lots_b=1 hedge_ratio=10
04:28:29 robot_arb INFO Min profit: rub=5
04:28:29 robot_arb INFO Risk: stop_loss_rub=500000
04:28:29 robot_arb INFO State loaded: pnl=0 trades=0 mode=running
04:28:30 robot_arb INFO FinamPy connected. Accounts: ['1225950', '1225951', '1225952', '1225953']
04:28:30 robot_arb INFO Orders manager linked to FinamPy gRPC
04:28:30 robot_arb INFO Subscribed OrderBook: GAZP@RTSX, GZU6@RTSX
04:28:30 robot_arb INFO Subscribed Quotes: GAZP@RTSX, GZU6@RTSX
04:28:30 robot_arb INFO Warmup: waiting 10 sec for data streams...
04:28:40 robot_arb INFO Warmup done. OB_A: False OB_B: False
04:28:40 robot_arb INFO MOEX ISS poller started (fallback for stock prices)
04:28:40 robot_arb INFO Main loop started
04:28:47 robot_arb INFO === Arbitrage Robot v1 ===
04:28:47 robot_arb INFO Pair: GAZP / GZU6
04:28:47 robot_arb INFO Account: 1225953 | Port: 5090 | Paper: False
04:28:47 robot_arb INFO Params: entry_z=2.5 lookback=200 lots_a=10 lots_b=1 hedge_ratio=10
04:28:47 robot_arb INFO Min profit: rub=5
04:28:47 robot_arb INFO Risk: stop_loss_rub=500000
04:28:47 robot_arb INFO State loaded: pnl=0 trades=0 mode=running
04:28:48 robot_arb INFO FinamPy connected. Accounts: ['1225950', '1225951', '1225952', '1225953']
04:28:48 robot_arb INFO Orders manager linked to FinamPy gRPC
04:28:48 robot_arb INFO Subscribed OrderBook: GAZP@RTSX, GZU6@RTSX
04:28:48 robot_arb INFO Subscribed Quotes: GAZP@RTSX, GZU6@RTSX
04:28:48 robot_arb INFO Warmup: waiting 10 sec for data streams...
04:28:58 robot_arb INFO Warmup done. OB_A: False OB_B: False
04:28:58 robot_arb INFO MOEX ISS poller started (fallback for stock prices)
04:28:58 robot_arb INFO Main loop started
04:29:05 robot_arb INFO === Arbitrage Robot v1 ===
04:29:05 robot_arb INFO Pair: GAZP / GZU6
04:29:05 robot_arb INFO Account: 1225953 | Port: 5090 | Paper: False
04:29:05 robot_arb INFO Params: entry_z=2.5 lookback=200 lots_a=10 lots_b=1 hedge_ratio=10
04:29:05 robot_arb INFO Min profit: rub=5
04:29:05 robot_arb INFO Risk: stop_loss_rub=500000
04:29:05 robot_arb INFO State loaded: pnl=0 trades=0 mode=running
04:29:06 robot_arb INFO FinamPy connected. Accounts: ['1225950', '1225951', '1225952', '1225953']
04:29:06 robot_arb INFO Orders manager linked to FinamPy gRPC
04:29:06 robot_arb INFO Subscribed OrderBook: GAZP@RTSX, GZU6@RTSX
04:29:06 robot_arb INFO Subscribed Quotes: GAZP@RTSX, GZU6@RTSX
04:29:06 robot_arb INFO Warmup: waiting 10 sec for data streams...
04:29:16 robot_arb INFO Warmup done. OB_A: False OB_B: False
04:29:16 robot_arb INFO MOEX ISS poller started (fallback for stock prices)
04:29:16 robot_arb INFO Main loop started
04:29:23 robot_arb INFO === Arbitrage Robot v1 ===
04:29:23 robot_arb INFO Pair: GAZP / GZU6
04:29:23 robot_arb INFO Account: 1225953 | Port: 5090 | Paper: False
04:29:23 robot_arb INFO Params: entry_z=2.5 lookback=200 lots_a=10 lots_b=1 hedge_ratio=10
04:29:23 robot_arb INFO Min profit: rub=5
04:29:23 robot_arb INFO Risk: stop_loss_rub=500000
04:29:23 robot_arb INFO State loaded: pnl=0 trades=0 mode=running
04:29:24 robot_arb INFO FinamPy connected. Accounts: ['1225950', '1225951', '1225952', '1225953']
04:29:24 robot_arb INFO Orders manager linked to FinamPy gRPC
04:29:24 robot_arb INFO Subscribed OrderBook: GAZP@RTSX, GZU6@RTSX
04:29:24 robot_arb INFO Subscribed Quotes: GAZP@RTSX, GZU6@RTSX
04:29:24 robot_arb INFO Warmup: waiting 10 sec for data streams...
04:29:34 robot_arb INFO Warmup done. OB_A: False OB_B: False
04:29:34 robot_arb INFO MOEX ISS poller started (fallback for stock prices)
04:29:34 robot_arb INFO Main loop started
04:29:41 robot_arb INFO === Arbitrage Robot v1 ===
04:29:41 robot_arb INFO Pair: GAZP / GZU6
04:29:41 robot_arb INFO Account: 1225953 | Port: 5090 | Paper: False
04:29:41 robot_arb INFO Params: entry_z=2.5 lookback=200 lots_a=10 lots_b=1 hedge_ratio=10
04:29:41 robot_arb INFO Min profit: rub=5
04:29:41 robot_arb INFO Risk: stop_loss_rub=500000
04:29:41 robot_arb INFO State loaded: pnl=0 trades=0 mode=running
04:29:42 robot_arb INFO FinamPy connected. Accounts: ['1225950', '1225951', '1225952', '1225953']
04:29:42 robot_arb INFO Orders manager linked to FinamPy gRPC
04:29:42 robot_arb INFO Subscribed OrderBook: GAZP@RTSX, GZU6@RTSX
04:29:42 robot_arb INFO Subscribed Quotes: GAZP@RTSX, GZU6@RTSX
04:29:42 robot_arb INFO Warmup: waiting 10 sec for data streams...
04:29:52 robot_arb INFO Warmup done. OB_A: False OB_B: False
04:29:52 robot_arb INFO MOEX ISS poller started (fallback for stock prices)
04:29:52 robot_arb INFO Main loop started
04:29:59 robot_arb INFO === Arbitrage Robot v1 ===
04:29:59 robot_arb INFO Pair: GAZP / GZU6
04:29:59 robot_arb INFO Account: 1225953 | Port: 5090 | Paper: False
04:29:59 robot_arb INFO Params: entry_z=2.5 lookback=200 lots_a=10 lots_b=1 hedge_ratio=10
04:29:59 robot_arb INFO Min profit: rub=5
04:29:59 robot_arb INFO Risk: stop_loss_rub=500000
04:29:59 robot_arb INFO State loaded: pnl=0 trades=0 mode=running
04:30:00 robot_arb INFO FinamPy connected. Accounts: ['1225950', '1225951', '1225952', '1225953']
04:30:00 robot_arb INFO Orders manager linked to FinamPy gRPC
04:30:00 robot_arb INFO Subscribed OrderBook: GAZP@RTSX, GZU6@RTSX
04:30:00 robot_arb INFO Subscribed Quotes: GAZP@RTSX, GZU6@RTSX
04:30:00 robot_arb INFO Warmup: waiting 10 sec for data streams...
04:30:10 robot_arb INFO Warmup done. OB_A: False OB_B: False
04:30:10 robot_arb INFO MOEX ISS poller started (fallback for stock prices)
04:30:10 robot_arb INFO Main loop started
04:30:17 robot_arb INFO === Arbitrage Robot v1 ===
04:30:17 robot_arb INFO Pair: GAZP / GZU6
04:30:17 robot_arb INFO Account: 1225953 | Port: 5090 | Paper: False
04:30:17 robot_arb INFO Params: entry_z=2.5 lookback=200 lots_a=10 lots_b=1 hedge_ratio=10
04:30:17 robot_arb INFO Min profit: rub=5
04:30:17 robot_arb INFO Risk: stop_loss_rub=500000
04:30:17 robot_arb INFO State loaded: pnl=0 trades=0 mode=running
04:30:18 robot_arb INFO FinamPy connected. Accounts: ['1225950', '1225951', '1225952', '1225953']
04:30:18 robot_arb INFO Orders manager linked to FinamPy gRPC
04:30:18 robot_arb INFO Subscribed OrderBook: GAZP@RTSX, GZU6@RTSX
04:30:18 robot_arb INFO Subscribed Quotes: GAZP@RTSX, GZU6@RTSX
04:30:18 robot_arb INFO Warmup: waiting 10 sec for data streams...
04:30:28 robot_arb INFO Warmup done. OB_A: False OB_B: False
04:30:28 robot_arb INFO MOEX ISS poller started (fallback for stock prices)
04:30:28 robot_arb INFO Main loop started
04:30:35 robot_arb INFO === Arbitrage Robot v1 ===
04:30:35 robot_arb INFO Pair: GAZP / GZU6
04:30:35 robot_arb INFO Account: 1225953 | Port: 5090 | Paper: False
04:30:35 robot_arb INFO Params: entry_z=2.5 lookback=200 lots_a=10 lots_b=1 hedge_ratio=10
04:30:35 robot_arb INFO Min profit: rub=5
04:30:35 robot_arb INFO Risk: stop_loss_rub=500000
04:30:35 robot_arb INFO State loaded: pnl=0 trades=0 mode=running
04:30:36 robot_arb INFO FinamPy connected. Accounts: ['1225950', '1225951', '1225952', '1225953']
04:30:36 robot_arb INFO Orders manager linked to FinamPy gRPC
04:30:36 robot_arb INFO Subscribed OrderBook: GAZP@RTSX, GZU6@RTSX
04:30:36 robot_arb INFO Subscribed Quotes: GAZP@RTSX, GZU6@RTSX
04:30:36 robot_arb INFO Warmup: waiting 10 sec for data streams...
04:30:46 robot_arb INFO Warmup done. OB_A: False OB_B: False
04:30:46 robot_arb INFO MOEX ISS poller started (fallback for stock prices)
04:30:46 robot_arb INFO Main loop started
04:30:53 robot_arb INFO === Arbitrage Robot v1 ===
04:30:53 robot_arb INFO Pair: GAZP / GZU6
04:30:53 robot_arb INFO Account: 1225953 | Port: 5090 | Paper: False
04:30:53 robot_arb INFO Params: entry_z=2.5 lookback=200 lots_a=10 lots_b=1 hedge_ratio=10
04:30:53 robot_arb INFO Min profit: rub=5
04:30:53 robot_arb INFO Risk: stop_loss_rub=500000
04:30:53 robot_arb INFO State loaded: pnl=0 trades=0 mode=running
04:30:54 robot_arb INFO FinamPy connected. Accounts: ['1225950', '1225951', '1225952', '1225953']
04:30:54 robot_arb INFO Orders manager linked to FinamPy gRPC
04:30:54 robot_arb INFO Subscribed OrderBook: GAZP@RTSX, GZU6@RTSX
04:30:54 robot_arb INFO Subscribed Quotes: GAZP@RTSX, GZU6@RTSX
04:30:54 robot_arb INFO Warmup: waiting 10 sec for data streams...
04:31:04 robot_arb INFO Warmup done. OB_A: False OB_B: False
04:31:04 robot_arb INFO MOEX ISS poller started (fallback for stock prices)
04:31:04 robot_arb INFO Main loop started
04:31:11 robot_arb INFO === Arbitrage Robot v1 ===
04:31:11 robot_arb INFO Pair: GAZP / GZU6
04:31:11 robot_arb INFO Account: 1225953 | Port: 5090 | Paper: False
04:31:11 robot_arb INFO Params: entry_z=2.5 lookback=200 lots_a=10 lots_b=1 hedge_ratio=10
04:31:11 robot_arb INFO Min profit: rub=5
04:31:11 robot_arb INFO Risk: stop_loss_rub=500000
04:31:11 robot_arb INFO State loaded: pnl=0 trades=0 mode=running
04:31:12 robot_arb INFO FinamPy connected. Accounts: ['1225950', '1225951', '1225952', '1225953']
04:31:12 robot_arb INFO Orders manager linked to FinamPy gRPC
04:31:12 robot_arb INFO Subscribed OrderBook: GAZP@RTSX, GZU6@RTSX
04:31:12 robot_arb INFO Subscribed Quotes: GAZP@RTSX, GZU6@RTSX
04:31:12 robot_arb INFO Warmup: waiting 10 sec for data streams...
04:31:22 robot_arb INFO Warmup done. OB_A: False OB_B: False
04:31:22 robot_arb INFO MOEX ISS poller started (fallback for stock prices)
04:31:22 robot_arb INFO Main loop started
04:31:29 robot_arb INFO === Arbitrage Robot v1 ===
04:31:29 robot_arb INFO Pair: GAZP / GZU6
04:31:29 robot_arb INFO Account: 1225953 | Port: 5090 | Paper: False
04:31:29 robot_arb INFO Params: entry_z=2.5 lookback=200 lots_a=10 lots_b=1 hedge_ratio=10
04:31:29 robot_arb INFO Min profit: rub=5
04:31:29 robot_arb INFO Risk: stop_loss_rub=500000
04:31:29 robot_arb INFO State loaded: pnl=0 trades=0 mode=running
04:31:30 robot_arb INFO FinamPy connected. Accounts: ['1225950', '1225951', '1225952', '1225953']
04:31:30 robot_arb INFO Orders manager linked to FinamPy gRPC
04:31:30 robot_arb INFO Subscribed OrderBook: GAZP@RTSX, GZU6@RTSX
04:31:30 robot_arb INFO Subscribed Quotes: GAZP@RTSX, GZU6@RTSX
04:31:30 robot_arb INFO Warmup: waiting 10 sec for data streams...
04:31:40 robot_arb INFO Warmup done. OB_A: False OB_B: False
04:31:40 robot_arb INFO MOEX ISS poller started (fallback for stock prices)
04:31:40 robot_arb INFO Main loop started
04:31:47 robot_arb INFO === Arbitrage Robot v1 ===
04:31:47 robot_arb INFO Pair: GAZP / GZU6
04:31:47 robot_arb INFO Account: 1225953 | Port: 5090 | Paper: False
04:31:47 robot_arb INFO Params: entry_z=2.5 lookback=200 lots_a=10 lots_b=1 hedge_ratio=10
04:31:47 robot_arb INFO Min profit: rub=5
04:31:47 robot_arb INFO Risk: stop_loss_rub=500000
04:31:47 robot_arb INFO State loaded: pnl=0 trades=0 mode=running
04:31:48 robot_arb INFO FinamPy connected. Accounts: ['1225950', '1225951', '1225952', '1225953']
04:31:48 robot_arb INFO Orders manager linked to FinamPy gRPC
04:31:48 robot_arb INFO Subscribed OrderBook: GAZP@RTSX, GZU6@RTSX
04:31:48 robot_arb INFO Subscribed Quotes: GAZP@RTSX, GZU6@RTSX
04:31:48 robot_arb INFO Warmup: waiting 10 sec for data streams...
04:31:58 robot_arb INFO Warmup done. OB_A: False OB_B: False
04:31:58 robot_arb INFO MOEX ISS poller started (fallback for stock prices)
04:31:58 robot_arb INFO Main loop started
04:32:05 robot_arb INFO === Arbitrage Robot v1 ===
04:32:05 robot_arb INFO Pair: GAZP / GZU6
04:32:05 robot_arb INFO Account: 1225953 | Port: 5090 | Paper: False
04:32:05 robot_arb INFO Params: entry_z=2.5 lookback=200 lots_a=10 lots_b=1 hedge_ratio=10
04:32:05 robot_arb INFO Min profit: rub=5
04:32:05 robot_arb INFO Risk: stop_loss_rub=500000
04:32:05 robot_arb INFO State loaded: pnl=0 trades=0 mode=running
04:32:06 robot_arb INFO FinamPy connected. Accounts: ['1225950', '1225951', '1225952', '1225953']
04:32:06 robot_arb INFO Orders manager linked to FinamPy gRPC
04:32:06 robot_arb INFO Subscribed OrderBook: GAZP@RTSX, GZU6@RTSX
04:32:06 robot_arb INFO Subscribed Quotes: GAZP@RTSX, GZU6@RTSX
04:32:06 robot_arb INFO Warmup: waiting 10 sec for data streams...
04:32:16 robot_arb INFO Warmup done. OB_A: False OB_B: False
04:32:16 robot_arb INFO MOEX ISS poller started (fallback for stock prices)
04:32:16 robot_arb INFO Main loop started
04:32:23 robot_arb INFO === Arbitrage Robot v1 ===
04:32:23 robot_arb INFO Pair: GAZP / GZU6
04:32:23 robot_arb INFO Account: 1225953 | Port: 5090 | Paper: False
04:32:23 robot_arb INFO Params: entry_z=2.5 lookback=200 lots_a=10 lots_b=1 hedge_ratio=10
04:32:23 robot_arb INFO Min profit: rub=5
04:32:23 robot_arb INFO Risk: stop_loss_rub=500000
04:32:23 robot_arb INFO State loaded: pnl=0 trades=0 mode=running
04:32:24 robot_arb INFO FinamPy connected. Accounts: ['1225950', '1225951', '1225952', '1225953']
04:32:24 robot_arb INFO Orders manager linked to FinamPy gRPC
04:32:24 robot_arb INFO Subscribed OrderBook: GAZP@RTSX, GZU6@RTSX
04:32:24 robot_arb INFO Subscribed Quotes: GAZP@RTSX, GZU6@RTSX
04:32:24 robot_arb INFO Warmup: waiting 10 sec for data streams...
04:32:34 robot_arb INFO Warmup done. OB_A: False OB_B: False
04:32:34 robot_arb INFO MOEX ISS poller started (fallback for stock prices)
04:32:34 robot_arb INFO Main loop started
04:32:41 robot_arb INFO === Arbitrage Robot v1 ===
04:32:41 robot_arb INFO Pair: GAZP / GZU6
04:32:41 robot_arb INFO Account: 1225953 | Port: 5090 | Paper: False
04:32:41 robot_arb INFO Params: entry_z=2.5 lookback=200 lots_a=10 lots_b=1 hedge_ratio=10
04:32:41 robot_arb INFO Min profit: rub=5
04:32:41 robot_arb INFO Risk: stop_loss_rub=500000
04:32:41 robot_arb INFO State loaded: pnl=0 trades=0 mode=running
04:32:42 robot_arb INFO FinamPy connected. Accounts: ['1225950', '1225951', '1225952', '1225953']
04:32:42 robot_arb INFO Orders manager linked to FinamPy gRPC
04:32:42 robot_arb INFO Subscribed OrderBook: GAZP@RTSX, GZU6@RTSX
04:32:42 robot_arb INFO Subscribed Quotes: GAZP@RTSX, GZU6@RTSX
04:32:42 robot_arb INFO Warmup: waiting 10 sec for data streams...
04:32:52 robot_arb INFO Warmup done. OB_A: False OB_B: False
04:32:52 robot_arb INFO MOEX ISS poller started (fallback for stock prices)
04:32:52 robot_arb INFO Main loop started
04:32:59 robot_arb INFO === Arbitrage Robot v1 ===
04:32:59 robot_arb INFO Pair: GAZP / GZU6
04:32:59 robot_arb INFO Account: 1225953 | Port: 5090 | Paper: False
04:32:59 robot_arb INFO Params: entry_z=2.5 lookback=200 lots_a=10 lots_b=1 hedge_ratio=10
04:32:59 robot_arb INFO Min profit: rub=5
04:32:59 robot_arb INFO Risk: stop_loss_rub=500000
04:32:59 robot_arb INFO State loaded: pnl=0 trades=0 mode=running
04:33:00 robot_arb INFO FinamPy connected. Accounts: ['1225950', '1225951', '1225952', '1225953']
04:33:00 robot_arb INFO Orders manager linked to FinamPy gRPC
04:33:00 robot_arb INFO Subscribed OrderBook: GAZP@RTSX, GZU6@RTSX
04:33:00 robot_arb INFO Subscribed Quotes: GAZP@RTSX, GZU6@RTSX
04:33:00 robot_arb INFO Warmup: waiting 10 sec for data streams...
04:33:10 robot_arb INFO Warmup done. OB_A: False OB_B: False
04:33:10 robot_arb INFO MOEX ISS poller started (fallback for stock prices)
04:33:10 robot_arb INFO Main loop started
04:33:17 robot_arb INFO === Arbitrage Robot v1 ===
04:33:17 robot_arb INFO Pair: GAZP / GZU6
04:33:17 robot_arb INFO Account: 1225953 | Port: 5090 | Paper: False
04:33:17 robot_arb INFO Params: entry_z=2.5 lookback=200 lots_a=10 lots_b=1 hedge_ratio=10
04:33:17 robot_arb INFO Min profit: rub=5
04:33:17 robot_arb INFO Risk: stop_loss_rub=500000
04:33:17 robot_arb INFO State loaded: pnl=0 trades=0 mode=running
04:33:18 robot_arb INFO FinamPy connected. Accounts: ['1225950', '1225951', '1225952', '1225953']
04:33:18 robot_arb INFO Orders manager linked to FinamPy gRPC
04:33:18 robot_arb INFO Subscribed OrderBook: GAZP@RTSX, GZU6@RTSX
04:33:18 robot_arb INFO Subscribed Quotes: GAZP@RTSX, GZU6@RTSX
04:33:18 robot_arb INFO Warmup: waiting 10 sec for data streams...
04:33:28 robot_arb INFO Warmup done. OB_A: False OB_B: False
04:33:28 robot_arb INFO MOEX ISS poller started (fallback for stock prices)
04:33:28 robot_arb INFO Main loop started
04:33:35 robot_arb INFO === Arbitrage Robot v1 ===
04:33:35 robot_arb INFO Pair: GAZP / GZU6
04:33:35 robot_arb INFO Account: 1225953 | Port: 5090 | Paper: False
04:33:35 robot_arb INFO Params: entry_z=2.5 lookback=200 lots_a=10 lots_b=1 hedge_ratio=10
04:33:35 robot_arb INFO Min profit: rub=5
04:33:35 robot_arb INFO Risk: stop_loss_rub=500000
04:33:35 robot_arb INFO State loaded: pnl=0 trades=0 mode=running
04:33:36 robot_arb INFO FinamPy connected. Accounts: ['1225950', '1225951', '1225952', '1225953']
04:33:36 robot_arb INFO Orders manager linked to FinamPy gRPC
04:33:36 robot_arb INFO Subscribed OrderBook: GAZP@RTSX, GZU6@RTSX
04:33:36 robot_arb INFO Subscribed Quotes: GAZP@RTSX, GZU6@RTSX
04:33:36 robot_arb INFO Warmup: waiting 10 sec for data streams...
04:33:46 robot_arb INFO Warmup done. OB_A: False OB_B: False
04:33:46 robot_arb INFO MOEX ISS poller started (fallback for stock prices)
04:33:46 robot_arb INFO Main loop started
04:33:53 robot_arb INFO === Arbitrage Robot v1 ===
04:33:53 robot_arb INFO Pair: GAZP / GZU6
04:33:53 robot_arb INFO Account: 1225953 | Port: 5090 | Paper: False
04:33:53 robot_arb INFO Params: entry_z=2.5 lookback=200 lots_a=10 lots_b=1 hedge_ratio=10
04:33:53 robot_arb INFO Min profit: rub=5
04:33:53 robot_arb INFO Risk: stop_loss_rub=500000
04:33:53 robot_arb INFO State loaded: pnl=0 trades=0 mode=running
04:33:54 robot_arb INFO FinamPy connected. Accounts: ['1225950', '1225951', '1225952', '1225953']
04:33:54 robot_arb INFO Orders manager linked to FinamPy gRPC
04:33:54 robot_arb INFO Subscribed OrderBook: GAZP@RTSX, GZU6@RTSX
04:33:54 robot_arb INFO Subscribed Quotes: GAZP@RTSX, GZU6@RTSX
04:33:54 robot_arb INFO Warmup: waiting 10 sec for data streams...
04:34:04 robot_arb INFO Warmup done. OB_A: False OB_B: False
04:34:04 robot_arb INFO MOEX ISS poller started (fallback for stock prices)
04:34:04 robot_arb INFO Main loop started
04:34:11 robot_arb INFO === Arbitrage Robot v1 ===
04:34:11 robot_arb INFO Pair: GAZP / GZU6
04:34:11 robot_arb INFO Account: 1225953 | Port: 5090 | Paper: False
04:34:11 robot_arb INFO Params: entry_z=2.5 lookback=200 lots_a=10 lots_b=1 hedge_ratio=10
04:34:11 robot_arb INFO Min profit: rub=5
04:34:11 robot_arb INFO Risk: stop_loss_rub=500000
04:34:11 robot_arb INFO State loaded: pnl=0 trades=0 mode=running
04:34:12 robot_arb INFO FinamPy connected. Accounts: ['1225950', '1225951', '1225952', '1225953']
04:34:12 robot_arb INFO Orders manager linked to FinamPy gRPC
04:34:12 robot_arb INFO Subscribed OrderBook: GAZP@RTSX, GZU6@RTSX
04:34:12 robot_arb INFO Subscribed Quotes: GAZP@RTSX, GZU6@RTSX
04:34:12 robot_arb INFO Warmup: waiting 10 sec for data streams...
04:34:22 robot_arb INFO Warmup done. OB_A: False OB_B: False
04:34:22 robot_arb INFO MOEX ISS poller started (fallback for stock prices)
04:34:22 robot_arb INFO Main loop started
04:34:29 robot_arb INFO === Arbitrage Robot v1 ===
04:34:29 robot_arb INFO Pair: GAZP / GZU6
04:34:29 robot_arb INFO Account: 1225953 | Port: 5090 | Paper: False
04:34:29 robot_arb INFO Params: entry_z=2.5 lookback=200 lots_a=10 lots_b=1 hedge_ratio=10
04:34:29 robot_arb INFO Min profit: rub=5
04:34:29 robot_arb INFO Risk: stop_loss_rub=500000
04:34:29 robot_arb INFO State loaded: pnl=0 trades=0 mode=running
04:34:30 robot_arb INFO FinamPy connected. Accounts: ['1225950', '1225951', '1225952', '1225953']
04:34:30 robot_arb INFO Orders manager linked to FinamPy gRPC
04:34:30 robot_arb INFO Subscribed OrderBook: GAZP@RTSX, GZU6@RTSX
04:34:30 robot_arb INFO Subscribed Quotes: GAZP@RTSX, GZU6@RTSX
04:34:30 robot_arb INFO Warmup: waiting 10 sec for data streams...
04:34:40 robot_arb INFO Warmup done. OB_A: False OB_B: False
04:34:40 robot_arb INFO MOEX ISS poller started (fallback for stock prices)
04:34:40 robot_arb INFO Main loop started
04:34:47 robot_arb INFO === Arbitrage Robot v1 ===
04:34:47 robot_arb INFO Pair: GAZP / GZU6
04:34:47 robot_arb INFO Account: 1225953 | Port: 5090 | Paper: False
04:34:47 robot_arb INFO Params: entry_z=2.5 lookback=200 lots_a=10 lots_b=1 hedge_ratio=10
04:34:47 robot_arb INFO Min profit: rub=5
04:34:47 robot_arb INFO Risk: stop_loss_rub=500000
04:34:47 robot_arb INFO State loaded: pnl=0 trades=0 mode=running
04:34:48 robot_arb INFO FinamPy connected. Accounts: ['1225950', '1225951', '1225952', '1225953']
04:34:48 robot_arb INFO Orders manager linked to FinamPy gRPC
04:34:48 robot_arb INFO Subscribed OrderBook: GAZP@RTSX, GZU6@RTSX
04:34:48 robot_arb INFO Subscribed Quotes: GAZP@RTSX, GZU6@RTSX
04:34:48 robot_arb INFO Warmup: waiting 10 sec for data streams...
04:34:58 robot_arb INFO Warmup done. OB_A: False OB_B: False
04:34:58 robot_arb INFO MOEX ISS poller started (fallback for stock prices)
04:34:58 robot_arb INFO Main loop started
04:35:05 robot_arb INFO === Arbitrage Robot v1 ===
04:35:05 robot_arb INFO Pair: GAZP / GZU6
04:35:05 robot_arb INFO Account: 1225953 | Port: 5090 | Paper: False
04:35:05 robot_arb INFO Params: entry_z=2.5 lookback=200 lots_a=10 lots_b=1 hedge_ratio=10
04:35:05 robot_arb INFO Min profit: rub=5
04:35:05 robot_arb INFO Risk: stop_loss_rub=500000
04:35:05 robot_arb INFO State loaded: pnl=0 trades=0 mode=running
04:35:06 robot_arb INFO FinamPy connected. Accounts: ['1225950', '1225951', '1225952', '1225953']
04:35:06 robot_arb INFO Orders manager linked to FinamPy gRPC
04:35:06 robot_arb INFO Subscribed OrderBook: GAZP@RTSX, GZU6@RTSX
04:35:06 robot_arb INFO Subscribed Quotes: GAZP@RTSX, GZU6@RTSX
04:35:06 robot_arb INFO Warmup: waiting 10 sec for data streams...
04:35:16 robot_arb INFO Warmup done. OB_A: False OB_B: False
04:35:16 robot_arb INFO MOEX ISS poller started (fallback for stock prices)
04:35:16 robot_arb INFO Main loop started
04:35:23 robot_arb INFO === Arbitrage Robot v1 ===
04:35:23 robot_arb INFO Pair: GAZP / GZU6
04:35:23 robot_arb INFO Account: 1225953 | Port: 5090 | Paper: False
04:35:23 robot_arb INFO Params: entry_z=2.5 lookback=200 lots_a=10 lots_b=1 hedge_ratio=10
04:35:23 robot_arb INFO Min profit: rub=5
04:35:23 robot_arb INFO Risk: stop_loss_rub=500000
04:35:23 robot_arb INFO State loaded: pnl=0 trades=0 mode=running
04:35:24 robot_arb INFO FinamPy connected. Accounts: ['1225950', '1225951', '1225952', '1225953']
04:35:24 robot_arb INFO Orders manager linked to FinamPy gRPC
04:35:24 robot_arb INFO Subscribed OrderBook: GAZP@RTSX, GZU6@RTSX
04:35:24 robot_arb INFO Subscribed Quotes: GAZP@RTSX, GZU6@RTSX
04:35:24 robot_arb INFO Warmup: waiting 10 sec for data streams...
04:35:34 robot_arb INFO Warmup done. OB_A: False OB_B: False
04:35:34 robot_arb INFO MOEX ISS poller started (fallback for stock prices)
04:35:34 robot_arb INFO Main loop started
04:35:41 robot_arb INFO === Arbitrage Robot v1 ===
04:35:41 robot_arb INFO Pair: GAZP / GZU6
04:35:41 robot_arb INFO Account: 1225953 | Port: 5090 | Paper: False
04:35:41 robot_arb INFO Params: entry_z=2.5 lookback=200 lots_a=10 lots_b=1 hedge_ratio=10
04:35:41 robot_arb INFO Min profit: rub=5
04:35:41 robot_arb INFO Risk: stop_loss_rub=500000
04:35:41 robot_arb INFO State loaded: pnl=0 trades=0 mode=running
04:35:42 robot_arb INFO FinamPy connected. Accounts: ['1225950', '1225951', '1225952', '1225953']
04:35:42 robot_arb INFO Orders manager linked to FinamPy gRPC
04:35:42 robot_arb INFO Subscribed OrderBook: GAZP@RTSX, GZU6@RTSX
04:35:42 robot_arb INFO Subscribed Quotes: GAZP@RTSX, GZU6@RTSX
04:35:42 robot_arb INFO Warmup: waiting 10 sec for data streams...
04:35:52 robot_arb INFO Warmup done. OB_A: False OB_B: False
04:35:52 robot_arb INFO MOEX ISS poller started (fallback for stock prices)
04:35:52 robot_arb INFO Main loop started
04:35:59 robot_arb INFO === Arbitrage Robot v1 ===
04:35:59 robot_arb INFO Pair: GAZP / GZU6
04:35:59 robot_arb INFO Account: 1225953 | Port: 5090 | Paper: False
04:35:59 robot_arb INFO Params: entry_z=2.5 lookback=200 lots_a=10 lots_b=1 hedge_ratio=10
04:35:59 robot_arb INFO Min profit: rub=5
04:35:59 robot_arb INFO Risk: stop_loss_rub=500000
04:35:59 robot_arb INFO State loaded: pnl=0 trades=0 mode=running
04:36:00 robot_arb INFO FinamPy connected. Accounts: ['1225950', '1225951', '1225952', '1225953']
04:36:00 robot_arb INFO Orders manager linked to FinamPy gRPC
04:36:00 robot_arb INFO Subscribed OrderBook: GAZP@RTSX, GZU6@RTSX
04:36:00 robot_arb INFO Subscribed Quotes: GAZP@RTSX, GZU6@RTSX
04:36:00 robot_arb INFO Warmup: waiting 10 sec for data streams...
04:36:10 robot_arb INFO Warmup done. OB_A: False OB_B: False
04:36:10 robot_arb INFO MOEX ISS poller started (fallback for stock prices)
04:36:10 robot_arb INFO Main loop started
04:36:17 robot_arb INFO === Arbitrage Robot v1 ===
04:36:17 robot_arb INFO Pair: GAZP / GZU6
04:36:17 robot_arb INFO Account: 1225953 | Port: 5090 | Paper: False
04:36:17 robot_arb INFO Params: entry_z=2.5 lookback=200 lots_a=10 lots_b=1 hedge_ratio=10
04:36:17 robot_arb INFO Min profit: rub=5
04:36:17 robot_arb INFO Risk: stop_loss_rub=500000
04:36:17 robot_arb INFO State loaded: pnl=0 trades=0 mode=running
04:36:18 robot_arb INFO FinamPy connected. Accounts: ['1225950', '1225951', '1225952', '1225953']
04:36:18 robot_arb INFO Orders manager linked to FinamPy gRPC
04:36:18 robot_arb INFO Subscribed OrderBook: GAZP@RTSX, GZU6@RTSX
04:36:18 robot_arb INFO Subscribed Quotes: GAZP@RTSX, GZU6@RTSX
04:36:18 robot_arb INFO Warmup: waiting 10 sec for data streams...
04:36:28 robot_arb INFO Warmup done. OB_A: False OB_B: False
04:36:28 robot_arb INFO MOEX ISS poller started (fallback for stock prices)
04:36:28 robot_arb INFO Main loop started
04:36:35 robot_arb INFO === Arbitrage Robot v1 ===
04:36:35 robot_arb INFO Pair: GAZP / GZU6
04:36:35 robot_arb INFO Account: 1225953 | Port: 5090 | Paper: False
04:36:35 robot_arb INFO Params: entry_z=2.5 lookback=200 lots_a=10 lots_b=1 hedge_ratio=10
04:36:35 robot_arb INFO Min profit: rub=5
04:36:35 robot_arb INFO Risk: stop_loss_rub=500000
04:36:35 robot_arb INFO State loaded: pnl=0 trades=0 mode=running
04:36:36 robot_arb INFO FinamPy connected. Accounts: ['1225950', '1225951', '1225952', '1225953']
04:36:36 robot_arb INFO Orders manager linked to FinamPy gRPC
04:36:36 robot_arb INFO Subscribed OrderBook: GAZP@RTSX, GZU6@RTSX
04:36:36 robot_arb INFO Subscribed Quotes: GAZP@RTSX, GZU6@RTSX
04:36:36 robot_arb INFO Warmup: waiting 10 sec for data streams...
04:36:46 robot_arb INFO Warmup done. OB_A: False OB_B: False
04:36:46 robot_arb INFO MOEX ISS poller started (fallback for stock prices)
04:36:46 robot_arb INFO Main loop started
04:36:53 robot_arb INFO === Arbitrage Robot v1 ===
04:36:53 robot_arb INFO Pair: GAZP / GZU6
04:36:53 robot_arb INFO Account: 1225953 | Port: 5090 | Paper: False
04:36:53 robot_arb INFO Params: entry_z=2.5 lookback=200 lots_a=10 lots_b=1 hedge_ratio=10
04:36:53 robot_arb INFO Min profit: rub=5
04:36:53 robot_arb INFO Risk: stop_loss_rub=500000
04:36:53 robot_arb INFO State loaded: pnl=0 trades=0 mode=running
04:36:54 robot_arb INFO FinamPy connected. Accounts: ['1225950', '1225951', '1225952', '1225953']
04:36:54 robot_arb INFO Orders manager linked to FinamPy gRPC
04:36:54 robot_arb INFO Subscribed OrderBook: GAZP@RTSX, GZU6@RTSX
04:36:54 robot_arb INFO Subscribed Quotes: GAZP@RTSX, GZU6@RTSX
04:36:54 robot_arb INFO Warmup: waiting 10 sec for data streams...
04:37:04 robot_arb INFO Warmup done. OB_A: False OB_B: False
04:37:04 robot_arb INFO MOEX ISS poller started (fallback for stock prices)
04:37:04 robot_arb INFO Main loop started
04:37:11 robot_arb INFO === Arbitrage Robot v1 ===
04:37:11 robot_arb INFO Pair: GAZP / GZU6
04:37:11 robot_arb INFO Account: 1225953 | Port: 5090 | Paper: False
04:37:11 robot_arb INFO Params: entry_z=2.5 lookback=200 lots_a=10 lots_b=1 hedge_ratio=10
04:37:11 robot_arb INFO Min profit: rub=5
04:37:11 robot_arb INFO Risk: stop_loss_rub=500000
04:37:11 robot_arb INFO State loaded: pnl=0 trades=0 mode=running
04:37:12 robot_arb INFO FinamPy connected. Accounts: ['1225950', '1225951', '1225952', '1225953']
04:37:12 robot_arb INFO Orders manager linked to FinamPy gRPC
04:37:12 robot_arb INFO Subscribed OrderBook: GAZP@RTSX, GZU6@RTSX
04:37:12 robot_arb INFO Subscribed Quotes: GAZP@RTSX, GZU6@RTSX
04:37:12 robot_arb INFO Warmup: waiting 10 sec for data streams...
04:37:22 robot_arb INFO Warmup done. OB_A: False OB_B: False
04:37:22 robot_arb INFO MOEX ISS poller started (fallback for stock prices)
04:37:22 robot_arb INFO Main loop started
04:37:29 robot_arb INFO === Arbitrage Robot v1 ===
04:37:29 robot_arb INFO Pair: GAZP / GZU6
04:37:29 robot_arb INFO Account: 1225953 | Port: 5090 | Paper: False
04:37:29 robot_arb INFO Params: entry_z=2.5 lookback=200 lots_a=10 lots_b=1 hedge_ratio=10
04:37:29 robot_arb INFO Min profit: rub=5
04:37:29 robot_arb INFO Risk: stop_loss_rub=500000
04:37:29 robot_arb INFO State loaded: pnl=0 trades=0 mode=running
04:37:30 robot_arb INFO FinamPy connected. Accounts: ['1225950', '1225951', '1225952', '1225953']
04:37:30 robot_arb INFO Orders manager linked to FinamPy gRPC
04:37:30 robot_arb INFO Subscribed OrderBook: GAZP@RTSX, GZU6@RTSX
04:37:30 robot_arb INFO Subscribed Quotes: GAZP@RTSX, GZU6@RTSX
04:37:30 robot_arb INFO Warmup: waiting 10 sec for data streams...
04:37:40 robot_arb INFO Warmup done. OB_A: False OB_B: False
04:37:40 robot_arb INFO MOEX ISS poller started (fallback for stock prices)
04:37:40 robot_arb INFO Main loop started
04:37:47 robot_arb INFO === Arbitrage Robot v1 ===
04:37:47 robot_arb INFO Pair: GAZP / GZU6
04:37:47 robot_arb INFO Account: 1225953 | Port: 5090 | Paper: False
04:37:47 robot_arb INFO Params: entry_z=2.5 lookback=200 lots_a=10 lots_b=1 hedge_ratio=10
04:37:47 robot_arb INFO Min profit: rub=5
04:37:47 robot_arb INFO Risk: stop_loss_rub=500000
04:37:47 robot_arb INFO State loaded: pnl=0 trades=0 mode=running
04:37:48 robot_arb INFO FinamPy connected. Accounts: ['1225950', '1225951', '1225952', '1225953']
04:37:48 robot_arb INFO Orders manager linked to FinamPy gRPC
04:37:48 robot_arb INFO Subscribed OrderBook: GAZP@RTSX, GZU6@RTSX
04:37:48 robot_arb INFO Subscribed Quotes: GAZP@RTSX, GZU6@RTSX
04:37:48 robot_arb INFO Warmup: waiting 10 sec for data streams...
04:37:58 robot_arb INFO Warmup done. OB_A: False OB_B: False
04:37:58 robot_arb INFO MOEX ISS poller started (fallback for stock prices)
04:37:58 robot_arb INFO Main loop started
04:38:05 robot_arb INFO === Arbitrage Robot v1 ===
04:38:05 robot_arb INFO Pair: GAZP / GZU6
04:38:05 robot_arb INFO Account: 1225953 | Port: 5090 | Paper: False
04:38:05 robot_arb INFO Params: entry_z=2.5 lookback=200 lots_a=10 lots_b=1 hedge_ratio=10
04:38:05 robot_arb INFO Min profit: rub=5
04:38:05 robot_arb INFO Risk: stop_loss_rub=500000
04:38:05 robot_arb INFO State loaded: pnl=0 trades=0 mode=running
04:38:06 robot_arb INFO FinamPy connected. Accounts: ['1225950', '1225951', '1225952', '1225953']
04:38:06 robot_arb INFO Orders manager linked to FinamPy gRPC
04:38:06 robot_arb INFO Subscribed OrderBook: GAZP@RTSX, GZU6@RTSX
04:38:06 robot_arb INFO Subscribed Quotes: GAZP@RTSX, GZU6@RTSX
04:38:06 robot_arb INFO Warmup: waiting 10 sec for data streams...
04:38:16 robot_arb INFO Warmup done. OB_A: False OB_B: False
04:38:16 robot_arb INFO MOEX ISS poller started (fallback for stock prices)
04:38:16 robot_arb INFO Main loop started
04:38:23 robot_arb INFO === Arbitrage Robot v1 ===
04:38:23 robot_arb INFO Pair: GAZP / GZU6
04:38:23 robot_arb INFO Account: 1225953 | Port: 5090 | Paper: False
04:38:23 robot_arb INFO Params: entry_z=2.5 lookback=200 lots_a=10 lots_b=1 hedge_ratio=10
04:38:23 robot_arb INFO Min profit: rub=5
04:38:23 robot_arb INFO Risk: stop_loss_rub=500000
04:38:23 robot_arb INFO State loaded: pnl=0 trades=0 mode=running
04:38:24 robot_arb INFO FinamPy connected. Accounts: ['1225950', '1225951', '1225952', '1225953']
04:38:24 robot_arb INFO Orders manager linked to FinamPy gRPC
04:38:24 robot_arb INFO Subscribed OrderBook: GAZP@RTSX, GZU6@RTSX
04:38:24 robot_arb INFO Subscribed Quotes: GAZP@RTSX, GZU6@RTSX
04:38:24 robot_arb INFO Warmup: waiting 10 sec for data streams...
04:38:34 robot_arb INFO Warmup done. OB_A: False OB_B: False
04:38:34 robot_arb INFO MOEX ISS poller started (fallback for stock prices)
04:38:34 robot_arb INFO Main loop started
04:38:41 robot_arb INFO === Arbitrage Robot v1 ===
04:38:41 robot_arb INFO Pair: GAZP / GZU6
04:38:41 robot_arb INFO Account: 1225953 | Port: 5090 | Paper: False
04:38:41 robot_arb INFO Params: entry_z=2.5 lookback=200 lots_a=10 lots_b=1 hedge_ratio=10
04:38:41 robot_arb INFO Min profit: rub=5
04:38:41 robot_arb INFO Risk: stop_loss_rub=500000
04:38:41 robot_arb INFO State loaded: pnl=0 trades=0 mode=running
04:38:42 robot_arb INFO FinamPy connected. Accounts: ['1225950', '1225951', '1225952', '1225953']
04:38:42 robot_arb INFO Orders manager linked to FinamPy gRPC
04:38:42 robot_arb INFO Subscribed OrderBook: GAZP@RTSX, GZU6@RTSX
04:38:42 robot_arb INFO Subscribed Quotes: GAZP@RTSX, GZU6@RTSX
04:38:42 robot_arb INFO Warmup: waiting 10 sec for data streams...
04:38:52 robot_arb INFO Warmup done. OB_A: False OB_B: False
04:38:52 robot_arb INFO MOEX ISS poller started (fallback for stock prices)
04:38:52 robot_arb INFO Main loop started
04:38:59 robot_arb INFO === Arbitrage Robot v1 ===
04:38:59 robot_arb INFO Pair: GAZP / GZU6
04:38:59 robot_arb INFO Account: 1225953 | Port: 5090 | Paper: False
04:38:59 robot_arb INFO Params: entry_z=2.5 lookback=200 lots_a=10 lots_b=1 hedge_ratio=10
04:38:59 robot_arb INFO Min profit: rub=5
04:38:59 robot_arb INFO Risk: stop_loss_rub=500000
04:38:59 robot_arb INFO State loaded: pnl=0 trades=0 mode=running
04:39:00 robot_arb INFO FinamPy connected. Accounts: ['1225950', '1225951', '1225952', '1225953']
04:39:00 robot_arb INFO Orders manager linked to FinamPy gRPC
04:39:00 robot_arb INFO Subscribed OrderBook: GAZP@RTSX, GZU6@RTSX
04:39:00 robot_arb INFO Subscribed Quotes: GAZP@RTSX, GZU6@RTSX
04:39:00 robot_arb INFO Warmup: waiting 10 sec for data streams...
04:39:10 robot_arb INFO Warmup done. OB_A: False OB_B: False
04:39:10 robot_arb INFO MOEX ISS poller started (fallback for stock prices)
04:39:10 robot_arb INFO Main loop started
04:39:17 robot_arb INFO === Arbitrage Robot v1 ===
04:39:17 robot_arb INFO Pair: GAZP / GZU6
04:39:17 robot_arb INFO Account: 1225953 | Port: 5090 | Paper: False
04:39:17 robot_arb INFO Params: entry_z=2.5 lookback=200 lots_a=10 lots_b=1 hedge_ratio=10
04:39:17 robot_arb INFO Min profit: rub=5
04:39:17 robot_arb INFO Risk: stop_loss_rub=500000
04:39:17 robot_arb INFO State loaded: pnl=0 trades=0 mode=running
04:39:18 robot_arb INFO FinamPy connected. Accounts: ['1225950', '1225951', '1225952', '1225953']
04:39:18 robot_arb INFO Orders manager linked to FinamPy gRPC
04:39:18 robot_arb INFO Subscribed OrderBook: GAZP@RTSX, GZU6@RTSX
04:39:18 robot_arb INFO Subscribed Quotes: GAZP@RTSX, GZU6@RTSX
04:39:18 robot_arb INFO Warmup: waiting 10 sec for data streams...
04:39:28 robot_arb INFO Warmup done. OB_A: False OB_B: False
04:39:28 robot_arb INFO MOEX ISS poller started (fallback for stock prices)
04:39:28 robot_arb INFO Main loop started
04:39:35 robot_arb INFO === Arbitrage Robot v1 ===
04:39:35 robot_arb INFO Pair: GAZP / GZU6
04:39:35 robot_arb INFO Account: 1225953 | Port: 5090 | Paper: False
04:39:35 robot_arb INFO Params: entry_z=2.5 lookback=200 lots_a=10 lots_b=1 hedge_ratio=10
04:39:35 robot_arb INFO Min profit: rub=5
04:39:35 robot_arb INFO Risk: stop_loss_rub=500000
04:39:35 robot_arb INFO State loaded: pnl=0 trades=0 mode=running
04:39:36 robot_arb INFO FinamPy connected. Accounts: ['1225950', '1225951', '1225952', '1225953']
04:39:36 robot_arb INFO Orders manager linked to FinamPy gRPC
04:39:36 robot_arb INFO Subscribed OrderBook: GAZP@RTSX, GZU6@RTSX
04:39:36 robot_arb INFO Subscribed Quotes: GAZP@RTSX, GZU6@RTSX
04:39:36 robot_arb INFO Warmup: waiting 10 sec for data streams...
04:39:46 robot_arb INFO Warmup done. OB_A: False OB_B: False
04:39:46 robot_arb INFO MOEX ISS poller started (fallback for stock prices)
04:39:46 robot_arb INFO Main loop started
04:39:53 robot_arb INFO === Arbitrage Robot v1 ===
04:39:53 robot_arb INFO Pair: GAZP / GZU6
04:39:53 robot_arb INFO Account: 1225953 | Port: 5090 | Paper: False
04:39:53 robot_arb INFO Params: entry_z=2.5 lookback=200 lots_a=10 lots_b=1 hedge_ratio=10
04:39:53 robot_arb INFO Min profit: rub=5
04:39:53 robot_arb INFO Risk: stop_loss_rub=500000
04:39:53 robot_arb INFO State loaded: pnl=0 trades=0 mode=running
04:39:54 robot_arb INFO FinamPy connected. Accounts: ['1225950', '1225951', '1225952', '1225953']
04:39:54 robot_arb INFO Orders manager linked to FinamPy gRPC
04:39:54 robot_arb INFO Subscribed OrderBook: GAZP@RTSX, GZU6@RTSX
04:39:54 robot_arb INFO Subscribed Quotes: GAZP@RTSX, GZU6@RTSX
04:39:54 robot_arb INFO Warmup: waiting 10 sec for data streams...
04:40:04 robot_arb INFO Warmup done. OB_A: False OB_B: False
04:40:04 robot_arb INFO MOEX ISS poller started (fallback for stock prices)
04:40:04 robot_arb INFO Main loop started
04:40:11 robot_arb INFO === Arbitrage Robot v1 ===
04:40:11 robot_arb INFO Pair: GAZP / GZU6
04:40:11 robot_arb INFO Account: 1225953 | Port: 5090 | Paper: False
04:40:11 robot_arb INFO Params: entry_z=2.5 lookback=200 lots_a=10 lots_b=1 hedge_ratio=10
04:40:11 robot_arb INFO Min profit: rub=5
04:40:11 robot_arb INFO Risk: stop_loss_rub=500000
04:40:11 robot_arb INFO State loaded: pnl=0 trades=0 mode=running
04:40:12 robot_arb INFO FinamPy connected. Accounts: ['1225950', '1225951', '1225952', '1225953']
04:40:12 robot_arb INFO Orders manager linked to FinamPy gRPC
04:40:12 robot_arb INFO Subscribed OrderBook: GAZP@RTSX, GZU6@RTSX
04:40:12 robot_arb INFO Subscribed Quotes: GAZP@RTSX, GZU6@RTSX
04:40:12 robot_arb INFO Warmup: waiting 10 sec for data streams...
04:40:22 robot_arb INFO Warmup done. OB_A: False OB_B: False
04:40:22 robot_arb INFO MOEX ISS poller started (fallback for stock prices)
04:40:22 robot_arb INFO Main loop started
04:40:29 robot_arb INFO === Arbitrage Robot v1 ===
04:40:29 robot_arb INFO Pair: GAZP / GZU6
04:40:29 robot_arb INFO Account: 1225953 | Port: 5090 | Paper: False
04:40:29 robot_arb INFO Params: entry_z=2.5 lookback=200 lots_a=10 lots_b=1 hedge_ratio=10
04:40:29 robot_arb INFO Min profit: rub=5
04:40:29 robot_arb INFO Risk: stop_loss_rub=500000
04:40:29 robot_arb INFO State loaded: pnl=0 trades=0 mode=running
04:40:30 robot_arb INFO FinamPy connected. Accounts: ['1225950', '1225951', '1225952', '1225953']
04:40:30 robot_arb INFO Orders manager linked to FinamPy gRPC
04:40:30 robot_arb INFO Subscribed OrderBook: GAZP@RTSX, GZU6@RTSX
04:40:30 robot_arb INFO Subscribed Quotes: GAZP@RTSX, GZU6@RTSX
04:40:30 robot_arb INFO Warmup: waiting 10 sec for data streams...
04:40:40 robot_arb INFO Warmup done. OB_A: False OB_B: False
04:40:40 robot_arb INFO MOEX ISS poller started (fallback for stock prices)
04:40:40 robot_arb INFO Main loop started
04:40:47 robot_arb INFO === Arbitrage Robot v1 ===
04:40:47 robot_arb INFO Pair: GAZP / GZU6
04:40:47 robot_arb INFO Account: 1225953 | Port: 5090 | Paper: False
04:40:47 robot_arb INFO Params: entry_z=2.5 lookback=200 lots_a=10 lots_b=1 hedge_ratio=10
04:40:47 robot_arb INFO Min profit: rub=5
04:40:47 robot_arb INFO Risk: stop_loss_rub=500000
04:40:47 robot_arb INFO State loaded: pnl=0 trades=0 mode=running
04:40:48 robot_arb INFO FinamPy connected. Accounts: ['1225950', '1225951', '1225952', '1225953']
04:40:48 robot_arb INFO Orders manager linked to FinamPy gRPC
04:40:48 robot_arb INFO Subscribed OrderBook: GAZP@RTSX, GZU6@RTSX
04:40:48 robot_arb INFO Subscribed Quotes: GAZP@RTSX, GZU6@RTSX
04:40:48 robot_arb INFO Warmup: waiting 10 sec for data streams...
04:40:58 robot_arb INFO Warmup done. OB_A: False OB_B: False
04:40:58 robot_arb INFO MOEX ISS poller started (fallback for stock prices)
04:40:58 robot_arb INFO Main loop started
04:41:05 robot_arb INFO === Arbitrage Robot v1 ===
04:41:05 robot_arb INFO Pair: GAZP / GZU6
04:41:05 robot_arb INFO Account: 1225953 | Port: 5090 | Paper: False
04:41:05 robot_arb INFO Params: entry_z=2.5 lookback=200 lots_a=10 lots_b=1 hedge_ratio=10
04:41:05 robot_arb INFO Min profit: rub=5
04:41:05 robot_arb INFO Risk: stop_loss_rub=500000
04:41:05 robot_arb INFO State loaded: pnl=0 trades=0 mode=running
04:41:06 robot_arb INFO FinamPy connected. Accounts: ['1225950', '1225951', '1225952', '1225953']
04:41:06 robot_arb INFO Orders manager linked to FinamPy gRPC
04:41:06 robot_arb INFO Subscribed OrderBook: GAZP@RTSX, GZU6@RTSX
04:41:06 robot_arb INFO Subscribed Quotes: GAZP@RTSX, GZU6@RTSX
04:41:06 robot_arb INFO Warmup: waiting 10 sec for data streams...
04:41:16 robot_arb INFO Warmup done. OB_A: False OB_B: False
04:41:16 robot_arb INFO MOEX ISS poller started (fallback for stock prices)
04:41:16 robot_arb INFO Main loop started
04:41:23 robot_arb INFO === Arbitrage Robot v1 ===
04:41:23 robot_arb INFO Pair: GAZP / GZU6
04:41:23 robot_arb INFO Account: 1225953 | Port: 5090 | Paper: False
04:41:23 robot_arb INFO Params: entry_z=2.5 lookback=200 lots_a=10 lots_b=1 hedge_ratio=10
04:41:23 robot_arb INFO Min profit: rub=5
04:41:23 robot_arb INFO Risk: stop_loss_rub=500000
04:41:23 robot_arb INFO State loaded: pnl=0 trades=0 mode=running
04:41:24 robot_arb INFO FinamPy connected. Accounts: ['1225950', '1225951', '1225952', '1225953']
04:41:24 robot_arb INFO Orders manager linked to FinamPy gRPC
04:41:24 robot_arb INFO Subscribed OrderBook: GAZP@RTSX, GZU6@RTSX
04:41:24 robot_arb INFO Subscribed Quotes: GAZP@RTSX, GZU6@RTSX
04:41:24 robot_arb INFO Warmup: waiting 10 sec for data streams...
04:41:34 robot_arb INFO Warmup done. OB_A: False OB_B: False
04:41:34 robot_arb INFO MOEX ISS poller started (fallback for stock prices)
04:41:34 robot_arb INFO Main loop started
04:41:41 robot_arb INFO === Arbitrage Robot v1 ===
04:41:41 robot_arb INFO Pair: GAZP / GZU6
04:41:41 robot_arb INFO Account: 1225953 | Port: 5090 | Paper: False
04:41:41 robot_arb INFO Params: entry_z=2.5 lookback=200 lots_a=10 lots_b=1 hedge_ratio=10
04:41:41 robot_arb INFO Min profit: rub=5
04:41:41 robot_arb INFO Risk: stop_loss_rub=500000
04:41:41 robot_arb INFO State loaded: pnl=0 trades=0 mode=running
04:41:42 robot_arb INFO FinamPy connected. Accounts: ['1225950', '1225951', '1225952', '1225953']
04:41:42 robot_arb INFO Orders manager linked to FinamPy gRPC
04:41:42 robot_arb INFO Subscribed OrderBook: GAZP@RTSX, GZU6@RTSX
04:41:42 robot_arb INFO Subscribed Quotes: GAZP@RTSX, GZU6@RTSX
04:41:42 robot_arb INFO Warmup: waiting 10 sec for data streams...
04:41:52 robot_arb INFO Warmup done. OB_A: False OB_B: False
04:41:52 robot_arb INFO MOEX ISS poller started (fallback for stock prices)
04:41:52 robot_arb INFO Main loop started
04:41:59 robot_arb INFO === Arbitrage Robot v1 ===
04:41:59 robot_arb INFO Pair: GAZP / GZU6
04:41:59 robot_arb INFO Account: 1225953 | Port: 5090 | Paper: False
04:41:59 robot_arb INFO Params: entry_z=2.5 lookback=200 lots_a=10 lots_b=1 hedge_ratio=10
04:41:59 robot_arb INFO Min profit: rub=5
04:41:59 robot_arb INFO Risk: stop_loss_rub=500000
04:41:59 robot_arb INFO State loaded: pnl=0 trades=0 mode=running
04:42:00 robot_arb INFO FinamPy connected. Accounts: ['1225950', '1225951', '1225952', '1225953']
04:42:00 robot_arb INFO Orders manager linked to FinamPy gRPC
04:42:00 robot_arb INFO Subscribed OrderBook: GAZP@RTSX, GZU6@RTSX
04:42:00 robot_arb INFO Subscribed Quotes: GAZP@RTSX, GZU6@RTSX
04:42:00 robot_arb INFO Warmup: waiting 10 sec for data streams...
04:42:10 robot_arb INFO Warmup done. OB_A: False OB_B: False
04:42:10 robot_arb INFO MOEX ISS poller started (fallback for stock prices)
04:42:10 robot_arb INFO Main loop started
04:42:17 robot_arb INFO === Arbitrage Robot v1 ===
04:42:17 robot_arb INFO Pair: GAZP / GZU6
04:42:17 robot_arb INFO Account: 1225953 | Port: 5090 | Paper: False
04:42:17 robot_arb INFO Params: entry_z=2.5 lookback=200 lots_a=10 lots_b=1 hedge_ratio=10
04:42:17 robot_arb INFO Min profit: rub=5
04:42:17 robot_arb INFO Risk: stop_loss_rub=500000
04:42:17 robot_arb INFO State loaded: pnl=0 trades=0 mode=running
04:42:18 robot_arb INFO FinamPy connected. Accounts: ['1225950', '1225951', '1225952', '1225953']
04:42:18 robot_arb INFO Orders manager linked to FinamPy gRPC
04:42:18 robot_arb INFO Subscribed OrderBook: GAZP@RTSX, GZU6@RTSX
04:42:18 robot_arb INFO Subscribed Quotes: GAZP@RTSX, GZU6@RTSX
04:42:18 robot_arb INFO Warmup: waiting 10 sec for data streams...
04:42:28 robot_arb INFO Warmup done. OB_A: False OB_B: False
04:42:28 robot_arb INFO MOEX ISS poller started (fallback for stock prices)
04:42:28 robot_arb INFO Main loop started
04:42:35 robot_arb INFO === Arbitrage Robot v1 ===
04:42:35 robot_arb INFO Pair: GAZP / GZU6
04:42:35 robot_arb INFO Account: 1225953 | Port: 5090 | Paper: False
04:42:35 robot_arb INFO Params: entry_z=2.5 lookback=200 lots_a=10 lots_b=1 hedge_ratio=10
04:42:35 robot_arb INFO Min profit: rub=5
04:42:35 robot_arb INFO Risk: stop_loss_rub=500000
04:42:35 robot_arb INFO State loaded: pnl=0 trades=0 mode=running
04:42:36 robot_arb INFO FinamPy connected. Accounts: ['1225950', '1225951', '1225952', '1225953']
04:42:36 robot_arb INFO Orders manager linked to FinamPy gRPC
04:42:36 robot_arb INFO Subscribed OrderBook: GAZP@RTSX, GZU6@RTSX
04:42:36 robot_arb INFO Subscribed Quotes: GAZP@RTSX, GZU6@RTSX
04:42:36 robot_arb INFO Warmup: waiting 10 sec for data streams...
04:42:46 robot_arb INFO Warmup done. OB_A: False OB_B: False
04:42:46 robot_arb INFO MOEX ISS poller started (fallback for stock prices)
04:42:46 robot_arb INFO Main loop started
04:42:53 robot_arb INFO === Arbitrage Robot v1 ===
04:42:53 robot_arb INFO Pair: GAZP / GZU6
04:42:53 robot_arb INFO Account: 1225953 | Port: 5090 | Paper: False
04:42:53 robot_arb INFO Params: entry_z=2.5 lookback=200 lots_a=10 lots_b=1 hedge_ratio=10
04:42:53 robot_arb INFO Min profit: rub=5
04:42:53 robot_arb INFO Risk: stop_loss_rub=500000
04:42:53 robot_arb INFO State loaded: pnl=0 trades=0 mode=running
04:42:54 robot_arb INFO FinamPy connected. Accounts: ['1225950', '1225951', '1225952', '1225953']
04:42:54 robot_arb INFO Orders manager linked to FinamPy gRPC
04:42:54 robot_arb INFO Subscribed OrderBook: GAZP@RTSX, GZU6@RTSX
04:42:54 robot_arb INFO Subscribed Quotes: GAZP@RTSX, GZU6@RTSX
04:42:54 robot_arb INFO Warmup: waiting 10 sec for data streams...
04:43:04 robot_arb INFO Warmup done. OB_A: False OB_B: False
04:43:04 robot_arb INFO MOEX ISS poller started (fallback for stock prices)
04:43:04 robot_arb INFO Main loop started
04:43:11 robot_arb INFO === Arbitrage Robot v1 ===
04:43:11 robot_arb INFO Pair: GAZP / GZU6
04:43:11 robot_arb INFO Account: 1225953 | Port: 5090 | Paper: False
04:43:11 robot_arb INFO Params: entry_z=2.5 lookback=200 lots_a=10 lots_b=1 hedge_ratio=10
04:43:11 robot_arb INFO Min profit: rub=5
04:43:11 robot_arb INFO Risk: stop_loss_rub=500000
04:43:11 robot_arb INFO State loaded: pnl=0 trades=0 mode=running
04:43:12 robot_arb INFO FinamPy connected. Accounts: ['1225950', '1225951', '1225952', '1225953']
04:43:12 robot_arb INFO Orders manager linked to FinamPy gRPC
04:43:12 robot_arb INFO Subscribed OrderBook: GAZP@RTSX, GZU6@RTSX
04:43:12 robot_arb INFO Subscribed Quotes: GAZP@RTSX, GZU6@RTSX
04:43:12 robot_arb INFO Warmup: waiting 10 sec for data streams...
04:43:22 robot_arb INFO Warmup done. OB_A: False OB_B: False
04:43:22 robot_arb INFO MOEX ISS poller started (fallback for stock prices)
04:43:22 robot_arb INFO Main loop started
04:43:29 robot_arb INFO === Arbitrage Robot v1 ===
04:43:29 robot_arb INFO Pair: GAZP / GZU6
04:43:29 robot_arb INFO Account: 1225953 | Port: 5090 | Paper: False
04:43:29 robot_arb INFO Params: entry_z=2.5 lookback=200 lots_a=10 lots_b=1 hedge_ratio=10
04:43:29 robot_arb INFO Min profit: rub=5
04:43:29 robot_arb INFO Risk: stop_loss_rub=500000
04:43:29 robot_arb INFO State loaded: pnl=0 trades=0 mode=running
04:43:30 robot_arb INFO FinamPy connected. Accounts: ['1225950', '1225951', '1225952', '1225953']
04:43:30 robot_arb INFO Orders manager linked to FinamPy gRPC
04:43:30 robot_arb INFO Subscribed OrderBook: GAZP@RTSX, GZU6@RTSX
04:43:30 robot_arb INFO Subscribed Quotes: GAZP@RTSX, GZU6@RTSX
04:43:30 robot_arb INFO Warmup: waiting 10 sec for data streams...
04:43:40 robot_arb INFO Warmup done. OB_A: False OB_B: False
04:43:40 robot_arb INFO MOEX ISS poller started (fallback for stock prices)
04:43:40 robot_arb INFO Main loop started
04:43:47 robot_arb INFO === Arbitrage Robot v1 ===
04:43:47 robot_arb INFO Pair: GAZP / GZU6
04:43:47 robot_arb INFO Account: 1225953 | Port: 5090 | Paper: False
04:43:47 robot_arb INFO Params: entry_z=2.5 lookback=200 lots_a=10 lots_b=1 hedge_ratio=10
04:43:47 robot_arb INFO Min profit: rub=5
04:43:47 robot_arb INFO Risk: stop_loss_rub=500000
04:43:47 robot_arb INFO State loaded: pnl=0 trades=0 mode=running
04:43:48 robot_arb INFO FinamPy connected. Accounts: ['1225950', '1225951', '1225952', '1225953']
04:43:48 robot_arb INFO Orders manager linked to FinamPy gRPC
04:43:48 robot_arb INFO Subscribed OrderBook: GAZP@RTSX, GZU6@RTSX
04:43:48 robot_arb INFO Subscribed Quotes: GAZP@RTSX, GZU6@RTSX
04:43:48 robot_arb INFO Warmup: waiting 10 sec for data streams...
04:43:58 robot_arb INFO Warmup done. OB_A: False OB_B: False
04:43:58 robot_arb INFO MOEX ISS poller started (fallback for stock prices)
04:43:58 robot_arb INFO Main loop started
04:44:05 robot_arb INFO === Arbitrage Robot v1 ===
04:44:05 robot_arb INFO Pair: GAZP / GZU6
04:44:05 robot_arb INFO Account: 1225953 | Port: 5090 | Paper: False
04:44:05 robot_arb INFO Params: entry_z=2.5 lookback=200 lots_a=10 lots_b=1 hedge_ratio=10
04:44:05 robot_arb INFO Min profit: rub=5
04:44:05 robot_arb INFO Risk: stop_loss_rub=500000
04:44:05 robot_arb INFO State loaded: pnl=0 trades=0 mode=running
04:44:06 robot_arb INFO FinamPy connected. Accounts: ['1225950', '1225951', '1225952', '1225953']
04:44:06 robot_arb INFO Orders manager linked to FinamPy gRPC
04:44:06 robot_arb INFO Subscribed OrderBook: GAZP@RTSX, GZU6@RTSX
04:44:06 robot_arb INFO Subscribed Quotes: GAZP@RTSX, GZU6@RTSX
04:44:06 robot_arb INFO Warmup: waiting 10 sec for data streams...
04:44:16 robot_arb INFO Warmup done. OB_A: False OB_B: False
04:44:16 robot_arb INFO MOEX ISS poller started (fallback for stock prices)
04:44:16 robot_arb INFO Main loop started
04:44:23 robot_arb INFO === Arbitrage Robot v1 ===
04:44:23 robot_arb INFO Pair: GAZP / GZU6
04:44:23 robot_arb INFO Account: 1225953 | Port: 5090 | Paper: False
04:44:23 robot_arb INFO Params: entry_z=2.5 lookback=200 lots_a=10 lots_b=1 hedge_ratio=10
04:44:23 robot_arb INFO Min profit: rub=5
04:44:23 robot_arb INFO Risk: stop_loss_rub=500000
04:44:23 robot_arb INFO State loaded: pnl=0 trades=0 mode=running
04:44:24 robot_arb INFO FinamPy connected. Accounts: ['1225950', '1225951', '1225952', '1225953']
04:44:24 robot_arb INFO Orders manager linked to FinamPy gRPC
04:44:24 robot_arb INFO Subscribed OrderBook: GAZP@RTSX, GZU6@RTSX
04:44:24 robot_arb INFO Subscribed Quotes: GAZP@RTSX, GZU6@RTSX
04:44:24 robot_arb INFO Warmup: waiting 10 sec for data streams...
04:44:34 robot_arb INFO Warmup done. OB_A: False OB_B: False
04:44:34 robot_arb INFO MOEX ISS poller started (fallback for stock prices)
04:44:34 robot_arb INFO Main loop started
04:44:41 robot_arb INFO === Arbitrage Robot v1 ===
04:44:41 robot_arb INFO Pair: GAZP / GZU6
04:44:41 robot_arb INFO Account: 1225953 | Port: 5090 | Paper: False
04:44:41 robot_arb INFO Params: entry_z=2.5 lookback=200 lots_a=10 lots_b=1 hedge_ratio=10
04:44:41 robot_arb INFO Min profit: rub=5
04:44:41 robot_arb INFO Risk: stop_loss_rub=500000
04:44:41 robot_arb INFO State loaded: pnl=0 trades=0 mode=running
04:44:42 robot_arb INFO FinamPy connected. Accounts: ['1225950', '1225951', '1225952', '1225953']
04:44:42 robot_arb INFO Orders manager linked to FinamPy gRPC
04:44:42 robot_arb INFO Subscribed OrderBook: GAZP@RTSX, GZU6@RTSX
04:44:42 robot_arb INFO Subscribed Quotes: GAZP@RTSX, GZU6@RTSX
04:44:42 robot_arb INFO Warmup: waiting 10 sec for data streams...
04:44:52 robot_arb INFO Warmup done. OB_A: False OB_B: False
04:44:52 robot_arb INFO MOEX ISS poller started (fallback for stock prices)
04:44:52 robot_arb INFO Main loop started
04:44:59 robot_arb INFO === Arbitrage Robot v1 ===
04:44:59 robot_arb INFO Pair: GAZP / GZU6
04:44:59 robot_arb INFO Account: 1225953 | Port: 5090 | Paper: False
04:44:59 robot_arb INFO Params: entry_z=2.5 lookback=200 lots_a=10 lots_b=1 hedge_ratio=10
04:44:59 robot_arb INFO Min profit: rub=5
04:44:59 robot_arb INFO Risk: stop_loss_rub=500000
04:44:59 robot_arb INFO State loaded: pnl=0 trades=0 mode=running
04:45:00 robot_arb INFO FinamPy connected. Accounts: ['1225950', '1225951', '1225952', '1225953']
04:45:00 robot_arb INFO Orders manager linked to FinamPy gRPC
04:45:00 robot_arb INFO Subscribed OrderBook: GAZP@RTSX, GZU6@RTSX
04:45:00 robot_arb INFO Subscribed Quotes: GAZP@RTSX, GZU6@RTSX
04:45:00 robot_arb INFO Warmup: waiting 10 sec for data streams...
04:45:10 robot_arb INFO Warmup done. OB_A: False OB_B: False
04:45:10 robot_arb INFO MOEX ISS poller started (fallback for stock prices)
04:45:10 robot_arb INFO Main loop started
04:45:17 robot_arb INFO === Arbitrage Robot v1 ===
04:45:17 robot_arb INFO Pair: GAZP / GZU6
04:45:17 robot_arb INFO Account: 1225953 | Port: 5090 | Paper: False
04:45:17 robot_arb INFO Params: entry_z=2.5 lookback=200 lots_a=10 lots_b=1 hedge_ratio=10
04:45:17 robot_arb INFO Min profit: rub=5
04:45:17 robot_arb INFO Risk: stop_loss_rub=500000
04:45:17 robot_arb INFO State loaded: pnl=0 trades=0 mode=running
04:45:18 robot_arb INFO FinamPy connected. Accounts: ['1225950', '1225951', '1225952', '1225953']
04:45:18 robot_arb INFO Orders manager linked to FinamPy gRPC
04:45:18 robot_arb INFO Subscribed OrderBook: GAZP@RTSX, GZU6@RTSX
04:45:18 robot_arb INFO Subscribed Quotes: GAZP@RTSX, GZU6@RTSX
04:45:18 robot_arb INFO Warmup: waiting 10 sec for data streams...
04:45:28 robot_arb INFO Warmup done. OB_A: False OB_B: False
04:45:28 robot_arb INFO MOEX ISS poller started (fallback for stock prices)
04:45:28 robot_arb INFO Main loop started
04:45:35 robot_arb INFO === Arbitrage Robot v1 ===
04:45:35 robot_arb INFO Pair: GAZP / GZU6
04:45:35 robot_arb INFO Account: 1225953 | Port: 5090 | Paper: False
04:45:35 robot_arb INFO Params: entry_z=2.5 lookback=200 lots_a=10 lots_b=1 hedge_ratio=10
04:45:35 robot_arb INFO Min profit: rub=5
04:45:35 robot_arb INFO Risk: stop_loss_rub=500000
04:45:35 robot_arb INFO State loaded: pnl=0 trades=0 mode=running
04:45:36 robot_arb INFO FinamPy connected. Accounts: ['1225950', '1225951', '1225952', '1225953']
04:45:36 robot_arb INFO Orders manager linked to FinamPy gRPC
04:45:36 robot_arb INFO Subscribed OrderBook: GAZP@RTSX, GZU6@RTSX
04:45:36 robot_arb INFO Subscribed Quotes: GAZP@RTSX, GZU6@RTSX
04:45:36 robot_arb INFO Warmup: waiting 10 sec for data streams...
04:45:46 robot_arb INFO Warmup done. OB_A: False OB_B: False
04:45:46 robot_arb INFO MOEX ISS poller started (fallback for stock prices)
04:45:46 robot_arb INFO Main loop started
04:45:53 robot_arb INFO === Arbitrage Robot v1 ===
04:45:53 robot_arb INFO Pair: GAZP / GZU6
04:45:53 robot_arb INFO Account: 1225953 | Port: 5090 | Paper: False
04:45:53 robot_arb INFO Params: entry_z=2.5 lookback=200 lots_a=10 lots_b=1 hedge_ratio=10
04:45:53 robot_arb INFO Min profit: rub=5
04:45:53 robot_arb INFO Risk: stop_loss_rub=500000
04:45:53 robot_arb INFO State loaded: pnl=0 trades=0 mode=running
04:45:54 robot_arb INFO FinamPy connected. Accounts: ['1225950', '1225951', '1225952', '1225953']
04:45:54 robot_arb INFO Orders manager linked to FinamPy gRPC
04:45:54 robot_arb INFO Subscribed OrderBook: GAZP@RTSX, GZU6@RTSX
04:45:54 robot_arb INFO Subscribed Quotes: GAZP@RTSX, GZU6@RTSX
04:45:54 robot_arb INFO Warmup: waiting 10 sec for data streams...
04:46:04 robot_arb INFO Warmup done. OB_A: False OB_B: False
04:46:04 robot_arb INFO MOEX ISS poller started (fallback for stock prices)
04:46:04 robot_arb INFO Main loop started
04:46:11 robot_arb INFO === Arbitrage Robot v1 ===
04:46:11 robot_arb INFO Pair: GAZP / GZU6
04:46:11 robot_arb INFO Account: 1225953 | Port: 5090 | Paper: False
04:46:11 robot_arb INFO Params: entry_z=2.5 lookback=200 lots_a=10 lots_b=1 hedge_ratio=10
04:46:11 robot_arb INFO Min profit: rub=5
04:46:11 robot_arb INFO Risk: stop_loss_rub=500000
04:46:11 robot_arb INFO State loaded: pnl=0 trades=0 mode=running
04:46:12 robot_arb INFO FinamPy connected. Accounts: ['1225950', '1225951', '1225952', '1225953']
04:46:12 robot_arb INFO Orders manager linked to FinamPy gRPC
04:46:12 robot_arb INFO Subscribed OrderBook: GAZP@RTSX, GZU6@RTSX
04:46:12 robot_arb INFO Subscribed Quotes: GAZP@RTSX, GZU6@RTSX
04:46:12 robot_arb INFO Warmup: waiting 10 sec for data streams...
04:46:22 robot_arb INFO Warmup done. OB_A: False OB_B: False
04:46:22 robot_arb INFO MOEX ISS poller started (fallback for stock prices)
04:46:22 robot_arb INFO Main loop started
04:46:29 robot_arb INFO === Arbitrage Robot v1 ===
04:46:29 robot_arb INFO Pair: GAZP / GZU6
04:46:29 robot_arb INFO Account: 1225953 | Port: 5090 | Paper: False
04:46:29 robot_arb INFO Params: entry_z=2.5 lookback=200 lots_a=10 lots_b=1 hedge_ratio=10
04:46:29 robot_arb INFO Min profit: rub=5
04:46:29 robot_arb INFO Risk: stop_loss_rub=500000
04:46:29 robot_arb INFO State loaded: pnl=0 trades=0 mode=running
04:46:30 robot_arb INFO FinamPy connected. Accounts: ['1225950', '1225951', '1225952', '1225953']
04:46:30 robot_arb INFO Orders manager linked to FinamPy gRPC
04:46:30 robot_arb INFO Subscribed OrderBook: GAZP@RTSX, GZU6@RTSX
04:46:30 robot_arb INFO Subscribed Quotes: GAZP@RTSX, GZU6@RTSX
04:46:30 robot_arb INFO Warmup: waiting 10 sec for data streams...
04:46:40 robot_arb INFO Warmup done. OB_A: False OB_B: False
04:46:40 robot_arb INFO MOEX ISS poller started (fallback for stock prices)
04:46:40 robot_arb INFO Main loop started
04:46:47 robot_arb INFO === Arbitrage Robot v1 ===
04:46:47 robot_arb INFO Pair: GAZP / GZU6
04:46:47 robot_arb INFO Account: 1225953 | Port: 5090 | Paper: False
04:46:47 robot_arb INFO Params: entry_z=2.5 lookback=200 lots_a=10 lots_b=1 hedge_ratio=10
04:46:47 robot_arb INFO Min profit: rub=5
04:46:47 robot_arb INFO Risk: stop_loss_rub=500000
04:46:47 robot_arb INFO State loaded: pnl=0 trades=0 mode=running
04:46:48 robot_arb INFO FinamPy connected. Accounts: ['1225950', '1225951', '1225952', '1225953']
04:46:48 robot_arb INFO Orders manager linked to FinamPy gRPC
04:46:48 robot_arb INFO Subscribed OrderBook: GAZP@RTSX, GZU6@RTSX
04:46:48 robot_arb INFO Subscribed Quotes: GAZP@RTSX, GZU6@RTSX
04:46:48 robot_arb INFO Warmup: waiting 10 sec for data streams...
04:46:58 robot_arb INFO Warmup done. OB_A: False OB_B: False
04:46:58 robot_arb INFO MOEX ISS poller started (fallback for stock prices)
04:46:58 robot_arb INFO Main loop started
04:47:05 robot_arb INFO === Arbitrage Robot v1 ===
04:47:05 robot_arb INFO Pair: GAZP / GZU6
04:47:05 robot_arb INFO Account: 1225953 | Port: 5090 | Paper: False
04:47:05 robot_arb INFO Params: entry_z=2.5 lookback=200 lots_a=10 lots_b=1 hedge_ratio=10
04:47:05 robot_arb INFO Min profit: rub=5
04:47:05 robot_arb INFO Risk: stop_loss_rub=500000
04:47:05 robot_arb INFO State loaded: pnl=0 trades=0 mode=running
04:47:06 robot_arb INFO FinamPy connected. Accounts: ['1225950', '1225951', '1225952', '1225953']
04:47:06 robot_arb INFO Orders manager linked to FinamPy gRPC
04:47:06 robot_arb INFO Subscribed OrderBook: GAZP@RTSX, GZU6@RTSX
04:47:06 robot_arb INFO Subscribed Quotes: GAZP@RTSX, GZU6@RTSX
04:47:06 robot_arb INFO Warmup: waiting 10 sec for data streams...
04:47:16 robot_arb INFO Warmup done. OB_A: False OB_B: False
04:47:16 robot_arb INFO MOEX ISS poller started (fallback for stock prices)
04:47:16 robot_arb INFO Main loop started
04:47:23 robot_arb INFO === Arbitrage Robot v1 ===
04:47:23 robot_arb INFO Pair: GAZP / GZU6
04:47:23 robot_arb INFO Account: 1225953 | Port: 5090 | Paper: False
04:47:23 robot_arb INFO Params: entry_z=2.5 lookback=200 lots_a=10 lots_b=1 hedge_ratio=10
04:47:23 robot_arb INFO Min profit: rub=5
04:47:23 robot_arb INFO Risk: stop_loss_rub=500000
04:47:23 robot_arb INFO State loaded: pnl=0 trades=0 mode=running
04:47:24 robot_arb INFO FinamPy connected. Accounts: ['1225950', '1225951', '1225952', '1225953']
04:47:24 robot_arb INFO Orders manager linked to FinamPy gRPC
04:47:24 robot_arb INFO Subscribed OrderBook: GAZP@RTSX, GZU6@RTSX
04:47:24 robot_arb INFO Subscribed Quotes: GAZP@RTSX, GZU6@RTSX
04:47:24 robot_arb INFO Warmup: waiting 10 sec for data streams...
04:47:34 robot_arb INFO Warmup done. OB_A: False OB_B: False
04:47:34 robot_arb INFO MOEX ISS poller started (fallback for stock prices)
04:47:34 robot_arb INFO Main loop started
04:47:41 robot_arb INFO === Arbitrage Robot v1 ===
04:47:41 robot_arb INFO Pair: GAZP / GZU6
04:47:41 robot_arb INFO Account: 1225953 | Port: 5090 | Paper: False
04:47:41 robot_arb INFO Params: entry_z=2.5 lookback=200 lots_a=10 lots_b=1 hedge_ratio=10
04:47:41 robot_arb INFO Min profit: rub=5
04:47:41 robot_arb INFO Risk: stop_loss_rub=500000
04:47:41 robot_arb INFO State loaded: pnl=0 trades=0 mode=running
04:47:42 robot_arb INFO FinamPy connected. Accounts: ['1225950', '1225951', '1225952', '1225953']
04:47:42 robot_arb INFO Orders manager linked to FinamPy gRPC
04:47:42 robot_arb INFO Subscribed OrderBook: GAZP@RTSX, GZU6@RTSX
04:47:42 robot_arb INFO Subscribed Quotes: GAZP@RTSX, GZU6@RTSX
04:47:42 robot_arb INFO Warmup: waiting 10 sec for data streams...
04:47:52 robot_arb INFO Warmup done. OB_A: False OB_B: False
04:47:52 robot_arb INFO MOEX ISS poller started (fallback for stock prices)
04:47:52 robot_arb INFO Main loop started
04:47:59 robot_arb INFO === Arbitrage Robot v1 ===
04:47:59 robot_arb INFO Pair: GAZP / GZU6
04:47:59 robot_arb INFO Account: 1225953 | Port: 5090 | Paper: False
04:47:59 robot_arb INFO Params: entry_z=2.5 lookback=200 lots_a=10 lots_b=1 hedge_ratio=10
04:47:59 robot_arb INFO Min profit: rub=5
04:47:59 robot_arb INFO Risk: stop_loss_rub=500000
04:47:59 robot_arb INFO State loaded: pnl=0 trades=0 mode=running
04:48:00 robot_arb INFO FinamPy connected. Accounts: ['1225950', '1225951', '1225952', '1225953']
04:48:00 robot_arb INFO Orders manager linked to FinamPy gRPC
04:48:00 robot_arb INFO Subscribed OrderBook: GAZP@RTSX, GZU6@RTSX
04:48:00 robot_arb INFO Subscribed Quotes: GAZP@RTSX, GZU6@RTSX
04:48:00 robot_arb INFO Warmup: waiting 10 sec for data streams...
04:48:10 robot_arb INFO Warmup done. OB_A: False OB_B: False
04:48:10 robot_arb INFO MOEX ISS poller started (fallback for stock prices)
04:48:10 robot_arb INFO Main loop started
04:48:17 robot_arb INFO === Arbitrage Robot v1 ===
04:48:17 robot_arb INFO Pair: GAZP / GZU6
04:48:17 robot_arb INFO Account: 1225953 | Port: 5090 | Paper: False
04:48:17 robot_arb INFO Params: entry_z=2.5 lookback=200 lots_a=10 lots_b=1 hedge_ratio=10
04:48:17 robot_arb INFO Min profit: rub=5
04:48:17 robot_arb INFO Risk: stop_loss_rub=500000
04:48:17 robot_arb INFO State loaded: pnl=0 trades=0 mode=running
04:48:18 robot_arb INFO FinamPy connected. Accounts: ['1225950', '1225951', '1225952', '1225953']
04:48:18 robot_arb INFO Orders manager linked to FinamPy gRPC
04:48:18 robot_arb INFO Subscribed OrderBook: GAZP@RTSX, GZU6@RTSX
04:48:18 robot_arb INFO Subscribed Quotes: GAZP@RTSX, GZU6@RTSX
04:48:18 robot_arb INFO Warmup: waiting 10 sec for data streams...
04:48:28 robot_arb INFO Warmup done. OB_A: False OB_B: False
04:48:28 robot_arb INFO MOEX ISS poller started (fallback for stock prices)
04:48:28 robot_arb INFO Main loop started
04:48:35 robot_arb INFO === Arbitrage Robot v1 ===
04:48:35 robot_arb INFO Pair: GAZP / GZU6
04:48:35 robot_arb INFO Account: 1225953 | Port: 5090 | Paper: False
04:48:35 robot_arb INFO Params: entry_z=2.5 lookback=200 lots_a=10 lots_b=1 hedge_ratio=10
04:48:35 robot_arb INFO Min profit: rub=5
04:48:35 robot_arb INFO Risk: stop_loss_rub=500000
04:48:35 robot_arb INFO State loaded: pnl=0 trades=0 mode=running
04:48:36 robot_arb INFO FinamPy connected. Accounts: ['1225950', '1225951', '1225952', '1225953']
04:48:36 robot_arb INFO Orders manager linked to FinamPy gRPC
04:48:36 robot_arb INFO Subscribed OrderBook: GAZP@RTSX, GZU6@RTSX
04:48:36 robot_arb INFO Subscribed Quotes: GAZP@RTSX, GZU6@RTSX
04:48:36 robot_arb INFO Warmup: waiting 10 sec for data streams...
04:48:46 robot_arb INFO Warmup done. OB_A: False OB_B: False
04:48:46 robot_arb INFO MOEX ISS poller started (fallback for stock prices)
04:48:46 robot_arb INFO Main loop started
04:48:53 robot_arb INFO === Arbitrage Robot v1 ===
04:48:53 robot_arb INFO Pair: GAZP / GZU6
04:48:53 robot_arb INFO Account: 1225953 | Port: 5090 | Paper: False
04:48:53 robot_arb INFO Params: entry_z=2.5 lookback=200 lots_a=10 lots_b=1 hedge_ratio=10
04:48:53 robot_arb INFO Min profit: rub=5
04:48:53 robot_arb INFO Risk: stop_loss_rub=500000
04:48:53 robot_arb INFO State loaded: pnl=0 trades=0 mode=running
04:48:54 robot_arb INFO FinamPy connected. Accounts: ['1225950', '1225951', '1225952', '1225953']
04:48:54 robot_arb INFO Orders manager linked to FinamPy gRPC
04:48:54 robot_arb INFO Subscribed OrderBook: GAZP@RTSX, GZU6@RTSX
04:48:54 robot_arb INFO Subscribed Quotes: GAZP@RTSX, GZU6@RTSX
04:48:54 robot_arb INFO Warmup: waiting 10 sec for data streams...
04:49:04 robot_arb INFO Warmup done. OB_A: False OB_B: False
04:49:04 robot_arb INFO MOEX ISS poller started (fallback for stock prices)
04:49:04 robot_arb INFO Main loop started
04:49:11 robot_arb INFO === Arbitrage Robot v1 ===
04:49:11 robot_arb INFO Pair: GAZP / GZU6
04:49:11 robot_arb INFO Account: 1225953 | Port: 5090 | Paper: False
04:49:11 robot_arb INFO Params: entry_z=2.5 lookback=200 lots_a=10 lots_b=1 hedge_ratio=10
04:49:11 robot_arb INFO Min profit: rub=5
04:49:11 robot_arb INFO Risk: stop_loss_rub=500000
04:49:11 robot_arb INFO State loaded: pnl=0 trades=0 mode=running
04:49:12 robot_arb INFO FinamPy connected. Accounts: ['1225950', '1225951', '1225952', '1225953']
04:49:12 robot_arb INFO Orders manager linked to FinamPy gRPC
04:49:12 robot_arb INFO Subscribed OrderBook: GAZP@RTSX, GZU6@RTSX
04:49:12 robot_arb INFO Subscribed Quotes: GAZP@RTSX, GZU6@RTSX
04:49:12 robot_arb INFO Warmup: waiting 10 sec for data streams...
04:49:22 robot_arb INFO Warmup done. OB_A: False OB_B: False
04:49:22 robot_arb INFO MOEX ISS poller started (fallback for stock prices)
04:49:22 robot_arb INFO Main loop started
04:49:29 robot_arb INFO === Arbitrage Robot v1 ===
04:49:29 robot_arb INFO Pair: GAZP / GZU6
04:49:29 robot_arb INFO Account: 1225953 | Port: 5090 | Paper: False
04:49:29 robot_arb INFO Params: entry_z=2.5 lookback=200 lots_a=10 lots_b=1 hedge_ratio=10
04:49:29 robot_arb INFO Min profit: rub=5
04:49:29 robot_arb INFO Risk: stop_loss_rub=500000
04:49:29 robot_arb INFO State loaded: pnl=0 trades=0 mode=running
04:49:30 robot_arb INFO FinamPy connected. Accounts: ['1225950', '1225951', '1225952', '1225953']
04:49:30 robot_arb INFO Orders manager linked to FinamPy gRPC
04:49:30 robot_arb INFO Subscribed OrderBook: GAZP@RTSX, GZU6@RTSX
04:49:30 robot_arb INFO Subscribed Quotes: GAZP@RTSX, GZU6@RTSX
04:49:30 robot_arb INFO Warmup: waiting 10 sec for data streams...
04:49:40 robot_arb INFO Warmup done. OB_A: False OB_B: False
04:49:40 robot_arb INFO MOEX ISS poller started (fallback for stock prices)
04:49:40 robot_arb INFO Main loop started
04:49:47 robot_arb INFO === Arbitrage Robot v1 ===
04:49:47 robot_arb INFO Pair: GAZP / GZU6
04:49:47 robot_arb INFO Account: 1225953 | Port: 5090 | Paper: False
04:49:47 robot_arb INFO Params: entry_z=2.5 lookback=200 lots_a=10 lots_b=1 hedge_ratio=10
04:49:47 robot_arb INFO Min profit: rub=5
04:49:47 robot_arb INFO Risk: stop_loss_rub=500000
04:49:47 robot_arb INFO State loaded: pnl=0 trades=0 mode=running
04:49:48 robot_arb INFO FinamPy connected. Accounts: ['1225950', '1225951', '1225952', '1225953']
04:49:48 robot_arb INFO Orders manager linked to FinamPy gRPC
04:49:48 robot_arb INFO Subscribed OrderBook: GAZP@RTSX, GZU6@RTSX
04:49:48 robot_arb INFO Subscribed Quotes: GAZP@RTSX, GZU6@RTSX
04:49:48 robot_arb INFO Warmup: waiting 10 sec for data streams...
04:49:58 robot_arb INFO Warmup done. OB_A: False OB_B: False
04:49:58 robot_arb INFO MOEX ISS poller started (fallback for stock prices)
04:49:58 robot_arb INFO Main loop started
04:50:05 robot_arb INFO === Arbitrage Robot v1 ===
04:50:05 robot_arb INFO Pair: GAZP / GZU6
04:50:05 robot_arb INFO Account: 1225953 | Port: 5090 | Paper: False
04:50:05 robot_arb INFO Params: entry_z=2.5 lookback=200 lots_a=10 lots_b=1 hedge_ratio=10
04:50:05 robot_arb INFO Min profit: rub=5
04:50:05 robot_arb INFO Risk: stop_loss_rub=500000
04:50:05 robot_arb INFO State loaded: pnl=0 trades=0 mode=running
04:50:06 robot_arb INFO FinamPy connected. Accounts: ['1225950', '1225951', '1225952', '1225953']
04:50:06 robot_arb INFO Orders manager linked to FinamPy gRPC
04:50:06 robot_arb INFO Subscribed OrderBook: GAZP@RTSX, GZU6@RTSX
04:50:06 robot_arb INFO Subscribed Quotes: GAZP@RTSX, GZU6@RTSX
04:50:06 robot_arb INFO Warmup: waiting 10 sec for data streams...
04:50:16 robot_arb INFO Warmup done. OB_A: False OB_B: False
04:50:16 robot_arb INFO MOEX ISS poller started (fallback for stock prices)
04:50:16 robot_arb INFO Main loop started
04:50:23 robot_arb INFO === Arbitrage Robot v1 ===
04:50:23 robot_arb INFO Pair: GAZP / GZU6
04:50:23 robot_arb INFO Account: 1225953 | Port: 5090 | Paper: False
04:50:23 robot_arb INFO Params: entry_z=2.5 lookback=200 lots_a=10 lots_b=1 hedge_ratio=10
04:50:23 robot_arb INFO Min profit: rub=5
04:50:23 robot_arb INFO Risk: stop_loss_rub=500000
04:50:23 robot_arb INFO State loaded: pnl=0 trades=0 mode=running
04:50:24 robot_arb INFO FinamPy connected. Accounts: ['1225950', '1225951', '1225952', '1225953']
04:50:24 robot_arb INFO Orders manager linked to FinamPy gRPC
04:50:24 robot_arb INFO Subscribed OrderBook: GAZP@RTSX, GZU6@RTSX
04:50:24 robot_arb INFO Subscribed Quotes: GAZP@RTSX, GZU6@RTSX
04:50:24 robot_arb INFO Warmup: waiting 10 sec for data streams...
04:50:34 robot_arb INFO Warmup done. OB_A: False OB_B: False
04:50:34 robot_arb INFO MOEX ISS poller started (fallback for stock prices)
04:50:34 robot_arb INFO Main loop started
04:50:41 robot_arb INFO === Arbitrage Robot v1 ===
04:50:41 robot_arb INFO Pair: GAZP / GZU6
04:50:41 robot_arb INFO Account: 1225953 | Port: 5090 | Paper: False
04:50:41 robot_arb INFO Params: entry_z=2.5 lookback=200 lots_a=10 lots_b=1 hedge_ratio=10
04:50:41 robot_arb INFO Min profit: rub=5
04:50:41 robot_arb INFO Risk: stop_loss_rub=500000
04:50:41 robot_arb INFO State loaded: pnl=0 trades=0 mode=running
04:50:42 robot_arb INFO FinamPy connected. Accounts: ['1225950', '1225951', '1225952', '1225953']
04:50:42 robot_arb INFO Orders manager linked to FinamPy gRPC
04:50:42 robot_arb INFO Subscribed OrderBook: GAZP@RTSX, GZU6@RTSX
04:50:42 robot_arb INFO Subscribed Quotes: GAZP@RTSX, GZU6@RTSX
04:50:42 robot_arb INFO Warmup: waiting 10 sec for data streams...
04:50:52 robot_arb INFO Warmup done. OB_A: False OB_B: False
04:50:52 robot_arb INFO MOEX ISS poller started (fallback for stock prices)
04:50:52 robot_arb INFO Main loop started
04:50:59 robot_arb INFO === Arbitrage Robot v1 ===
04:50:59 robot_arb INFO Pair: GAZP / GZU6
04:50:59 robot_arb INFO Account: 1225953 | Port: 5090 | Paper: False
04:50:59 robot_arb INFO Params: entry_z=2.5 lookback=200 lots_a=10 lots_b=1 hedge_ratio=10
04:50:59 robot_arb INFO Min profit: rub=5
04:50:59 robot_arb INFO Risk: stop_loss_rub=500000
04:50:59 robot_arb INFO State loaded: pnl=0 trades=0 mode=running
04:51:00 robot_arb INFO FinamPy connected. Accounts: ['1225950', '1225951', '1225952', '1225953']
04:51:00 robot_arb INFO Orders manager linked to FinamPy gRPC
04:51:00 robot_arb INFO Subscribed OrderBook: GAZP@RTSX, GZU6@RTSX
04:51:00 robot_arb INFO Subscribed Quotes: GAZP@RTSX, GZU6@RTSX
04:51:00 robot_arb INFO Warmup: waiting 10 sec for data streams...
04:51:10 robot_arb INFO Warmup done. OB_A: False OB_B: False
04:51:10 robot_arb INFO MOEX ISS poller started (fallback for stock prices)
04:51:10 robot_arb INFO Main loop started
04:51:17 robot_arb INFO === Arbitrage Robot v1 ===
04:51:17 robot_arb INFO Pair: GAZP / GZU6
04:51:17 robot_arb INFO Account: 1225953 | Port: 5090 | Paper: False
04:51:17 robot_arb INFO Params: entry_z=2.5 lookback=200 lots_a=10 lots_b=1 hedge_ratio=10
04:51:17 robot_arb INFO Min profit: rub=5
04:51:17 robot_arb INFO Risk: stop_loss_rub=500000
04:51:17 robot_arb INFO State loaded: pnl=0 trades=0 mode=running
04:51:18 robot_arb INFO FinamPy connected. Accounts: ['1225950', '1225951', '1225952', '1225953']
04:51:18 robot_arb INFO Orders manager linked to FinamPy gRPC
04:51:18 robot_arb INFO Subscribed OrderBook: GAZP@RTSX, GZU6@RTSX
04:51:18 robot_arb INFO Subscribed Quotes: GAZP@RTSX, GZU6@RTSX
04:51:18 robot_arb INFO Warmup: waiting 10 sec for data streams...
04:51:28 robot_arb INFO Warmup done. OB_A: False OB_B: False
04:51:28 robot_arb INFO MOEX ISS poller started (fallback for stock prices)
04:51:28 robot_arb INFO Main loop started
04:51:35 robot_arb INFO === Arbitrage Robot v1 ===
04:51:35 robot_arb INFO Pair: GAZP / GZU6
04:51:35 robot_arb INFO Account: 1225953 | Port: 5090 | Paper: False
04:51:35 robot_arb INFO Params: entry_z=2.5 lookback=200 lots_a=10 lots_b=1 hedge_ratio=10
04:51:35 robot_arb INFO Min profit: rub=5
04:51:35 robot_arb INFO Risk: stop_loss_rub=500000
04:51:35 robot_arb INFO State loaded: pnl=0 trades=0 mode=running
04:51:36 robot_arb INFO FinamPy connected. Accounts: ['1225950', '1225951', '1225952', '1225953']
04:51:36 robot_arb INFO Orders manager linked to FinamPy gRPC
04:51:36 robot_arb INFO Subscribed OrderBook: GAZP@RTSX, GZU6@RTSX
04:51:36 robot_arb INFO Subscribed Quotes: GAZP@RTSX, GZU6@RTSX
04:51:36 robot_arb INFO Warmup: waiting 10 sec for data streams...
04:51:46 robot_arb INFO Warmup done. OB_A: False OB_B: False
04:51:46 robot_arb INFO MOEX ISS poller started (fallback for stock prices)
04:51:46 robot_arb INFO Main loop started
04:51:53 robot_arb INFO === Arbitrage Robot v1 ===
04:51:53 robot_arb INFO Pair: GAZP / GZU6
04:51:53 robot_arb INFO Account: 1225953 | Port: 5090 | Paper: False
04:51:53 robot_arb INFO Params: entry_z=2.5 lookback=200 lots_a=10 lots_b=1 hedge_ratio=10
04:51:53 robot_arb INFO Min profit: rub=5
04:51:53 robot_arb INFO Risk: stop_loss_rub=500000
04:51:53 robot_arb INFO State loaded: pnl=0 trades=0 mode=running
04:51:54 robot_arb INFO FinamPy connected. Accounts: ['1225950', '1225951', '1225952', '1225953']
04:51:54 robot_arb INFO Orders manager linked to FinamPy gRPC
04:51:54 robot_arb INFO Subscribed OrderBook: GAZP@RTSX, GZU6@RTSX
04:51:54 robot_arb INFO Subscribed Quotes: GAZP@RTSX, GZU6@RTSX
04:51:54 robot_arb INFO Warmup: waiting 10 sec for data streams...
04:52:04 robot_arb INFO Warmup done. OB_A: False OB_B: False
04:52:04 robot_arb INFO MOEX ISS poller started (fallback for stock prices)
04:52:04 robot_arb INFO Main loop started
04:52:11 robot_arb INFO === Arbitrage Robot v1 ===
04:52:11 robot_arb INFO Pair: GAZP / GZU6
04:52:11 robot_arb INFO Account: 1225953 | Port: 5090 | Paper: False
04:52:11 robot_arb INFO Params: entry_z=2.5 lookback=200 lots_a=10 lots_b=1 hedge_ratio=10
04:52:11 robot_arb INFO Min profit: rub=5
04:52:11 robot_arb INFO Risk: stop_loss_rub=500000
04:52:11 robot_arb INFO State loaded: pnl=0 trades=0 mode=running
04:52:12 robot_arb INFO FinamPy connected. Accounts: ['1225950', '1225951', '1225952', '1225953']
04:52:12 robot_arb INFO Orders manager linked to FinamPy gRPC
04:52:12 robot_arb INFO Subscribed OrderBook: GAZP@RTSX, GZU6@RTSX
04:52:12 robot_arb INFO Subscribed Quotes: GAZP@RTSX, GZU6@RTSX
04:52:12 robot_arb INFO Warmup: waiting 10 sec for data streams...
04:52:22 robot_arb INFO Warmup done. OB_A: False OB_B: False
04:52:22 robot_arb INFO MOEX ISS poller started (fallback for stock prices)
04:52:22 robot_arb INFO Main loop started
04:52:29 robot_arb INFO === Arbitrage Robot v1 ===
04:52:29 robot_arb INFO Pair: GAZP / GZU6
04:52:29 robot_arb INFO Account: 1225953 | Port: 5090 | Paper: False
04:52:29 robot_arb INFO Params: entry_z=2.5 lookback=200 lots_a=10 lots_b=1 hedge_ratio=10
04:52:29 robot_arb INFO Min profit: rub=5
04:52:29 robot_arb INFO Risk: stop_loss_rub=500000
04:52:29 robot_arb INFO State loaded: pnl=0 trades=0 mode=running
04:52:30 robot_arb INFO FinamPy connected. Accounts: ['1225950', '1225951', '1225952', '1225953']
04:52:30 robot_arb INFO Orders manager linked to FinamPy gRPC
04:52:30 robot_arb INFO Subscribed OrderBook: GAZP@RTSX, GZU6@RTSX
04:52:30 robot_arb INFO Subscribed Quotes: GAZP@RTSX, GZU6@RTSX
04:52:30 robot_arb INFO Warmup: waiting 10 sec for data streams...
04:52:40 robot_arb INFO Warmup done. OB_A: False OB_B: False
04:52:40 robot_arb INFO MOEX ISS poller started (fallback for stock prices)
04:52:40 robot_arb INFO Main loop started
04:52:47 robot_arb INFO === Arbitrage Robot v1 ===
04:52:47 robot_arb INFO Pair: GAZP / GZU6
04:52:47 robot_arb INFO Account: 1225953 | Port: 5090 | Paper: False
04:52:47 robot_arb INFO Params: entry_z=2.5 lookback=200 lots_a=10 lots_b=1 hedge_ratio=10
04:52:47 robot_arb INFO Min profit: rub=5
04:52:47 robot_arb INFO Risk: stop_loss_rub=500000
04:52:47 robot_arb INFO State loaded: pnl=0 trades=0 mode=running
04:52:48 robot_arb INFO FinamPy connected. Accounts: ['1225950', '1225951', '1225952', '1225953']
04:52:48 robot_arb INFO Orders manager linked to FinamPy gRPC
04:52:48 robot_arb INFO Subscribed OrderBook: GAZP@RTSX, GZU6@RTSX
04:52:48 robot_arb INFO Subscribed Quotes: GAZP@RTSX, GZU6@RTSX
04:52:48 robot_arb INFO Warmup: waiting 10 sec for data streams...
04:52:58 robot_arb INFO Warmup done. OB_A: False OB_B: False
04:52:58 robot_arb INFO MOEX ISS poller started (fallback for stock prices)
04:52:58 robot_arb INFO Main loop started
04:53:05 robot_arb INFO === Arbitrage Robot v1 ===
04:53:05 robot_arb INFO Pair: GAZP / GZU6
04:53:05 robot_arb INFO Account: 1225953 | Port: 5090 | Paper: False
04:53:05 robot_arb INFO Params: entry_z=2.5 lookback=200 lots_a=10 lots_b=1 hedge_ratio=10
04:53:05 robot_arb INFO Min profit: rub=5
04:53:05 robot_arb INFO Risk: stop_loss_rub=500000
04:53:05 robot_arb INFO State loaded: pnl=0 trades=0 mode=running
04:53:06 robot_arb INFO FinamPy connected. Accounts: ['1225950', '1225951', '1225952', '1225953']
04:53:06 robot_arb INFO Orders manager linked to FinamPy gRPC
04:53:06 robot_arb INFO Subscribed OrderBook: GAZP@RTSX, GZU6@RTSX
04:53:06 robot_arb INFO Subscribed Quotes: GAZP@RTSX, GZU6@RTSX
04:53:06 robot_arb INFO Warmup: waiting 10 sec for data streams...
04:53:16 robot_arb INFO Warmup done. OB_A: False OB_B: False
04:53:16 robot_arb INFO MOEX ISS poller started (fallback for stock prices)
04:53:16 robot_arb INFO Main loop started
04:53:23 robot_arb INFO === Arbitrage Robot v1 ===
04:53:23 robot_arb INFO Pair: GAZP / GZU6
04:53:23 robot_arb INFO Account: 1225953 | Port: 5090 | Paper: False
04:53:23 robot_arb INFO Params: entry_z=2.5 lookback=200 lots_a=10 lots_b=1 hedge_ratio=10
04:53:23 robot_arb INFO Min profit: rub=5
04:53:23 robot_arb INFO Risk: stop_loss_rub=500000
04:53:23 robot_arb INFO State loaded: pnl=0 trades=0 mode=running
04:53:24 robot_arb INFO FinamPy connected. Accounts: ['1225950', '1225951', '1225952', '1225953']
04:53:24 robot_arb INFO Orders manager linked to FinamPy gRPC
04:53:24 robot_arb INFO Subscribed OrderBook: GAZP@RTSX, GZU6@RTSX
04:53:24 robot_arb INFO Subscribed Quotes: GAZP@RTSX, GZU6@RTSX
04:53:24 robot_arb INFO Warmup: waiting 10 sec for data streams...
04:53:34 robot_arb INFO Warmup done. OB_A: False OB_B: False
04:53:34 robot_arb INFO MOEX ISS poller started (fallback for stock prices)
04:53:34 robot_arb INFO Main loop started
04:53:41 robot_arb INFO === Arbitrage Robot v1 ===
04:53:41 robot_arb INFO Pair: GAZP / GZU6
04:53:41 robot_arb INFO Account: 1225953 | Port: 5090 | Paper: False
04:53:41 robot_arb INFO Params: entry_z=2.5 lookback=200 lots_a=10 lots_b=1 hedge_ratio=10
04:53:41 robot_arb INFO Min profit: rub=5
04:53:41 robot_arb INFO Risk: stop_loss_rub=500000
04:53:41 robot_arb INFO State loaded: pnl=0 trades=0 mode=running
04:53:42 robot_arb INFO FinamPy connected. Accounts: ['1225950', '1225951', '1225952', '1225953']
04:53:42 robot_arb INFO Orders manager linked to FinamPy gRPC
04:53:42 robot_arb INFO Subscribed OrderBook: GAZP@RTSX, GZU6@RTSX
04:53:42 robot_arb INFO Subscribed Quotes: GAZP@RTSX, GZU6@RTSX
04:53:42 robot_arb INFO Warmup: waiting 10 sec for data streams...
04:53:52 robot_arb INFO Warmup done. OB_A: False OB_B: False
04:53:52 robot_arb INFO MOEX ISS poller started (fallback for stock prices)
04:53:52 robot_arb INFO Main loop started
04:53:59 robot_arb INFO === Arbitrage Robot v1 ===
04:53:59 robot_arb INFO Pair: GAZP / GZU6
04:53:59 robot_arb INFO Account: 1225953 | Port: 5090 | Paper: False
04:53:59 robot_arb INFO Params: entry_z=2.5 lookback=200 lots_a=10 lots_b=1 hedge_ratio=10
04:53:59 robot_arb INFO Min profit: rub=5
04:53:59 robot_arb INFO Risk: stop_loss_rub=500000
04:53:59 robot_arb INFO State loaded: pnl=0 trades=0 mode=running
04:54:00 robot_arb INFO FinamPy connected. Accounts: ['1225950', '1225951', '1225952', '1225953']
04:54:00 robot_arb INFO Orders manager linked to FinamPy gRPC
04:54:00 robot_arb INFO Subscribed OrderBook: GAZP@RTSX, GZU6@RTSX
04:54:00 robot_arb INFO Subscribed Quotes: GAZP@RTSX, GZU6@RTSX
04:54:00 robot_arb INFO Warmup: waiting 10 sec for data streams...
04:54:10 robot_arb INFO Warmup done. OB_A: False OB_B: False
04:54:10 robot_arb INFO MOEX ISS poller started (fallback for stock prices)
04:54:10 robot_arb INFO Main loop started
04:54:17 robot_arb INFO === Arbitrage Robot v1 ===
04:54:17 robot_arb INFO Pair: GAZP / GZU6
04:54:17 robot_arb INFO Account: 1225953 | Port: 5090 | Paper: False
04:54:17 robot_arb INFO Params: entry_z=2.5 lookback=200 lots_a=10 lots_b=1 hedge_ratio=10
04:54:17 robot_arb INFO Min profit: rub=5
04:54:17 robot_arb INFO Risk: stop_loss_rub=500000
04:54:17 robot_arb INFO State loaded: pnl=0 trades=0 mode=running
04:54:18 robot_arb INFO FinamPy connected. Accounts: ['1225950', '1225951', '1225952', '1225953']
04:54:18 robot_arb INFO Orders manager linked to FinamPy gRPC
04:54:18 robot_arb INFO Subscribed OrderBook: GAZP@RTSX, GZU6@RTSX
04:54:18 robot_arb INFO Subscribed Quotes: GAZP@RTSX, GZU6@RTSX
04:54:18 robot_arb INFO Warmup: waiting 10 sec for data streams...
04:54:28 robot_arb INFO Warmup done. OB_A: False OB_B: False
04:54:28 robot_arb INFO MOEX ISS poller started (fallback for stock prices)
04:54:28 robot_arb INFO Main loop started
04:54:35 robot_arb INFO === Arbitrage Robot v1 ===
04:54:35 robot_arb INFO Pair: GAZP / GZU6
04:54:35 robot_arb INFO Account: 1225953 | Port: 5090 | Paper: False
04:54:35 robot_arb INFO Params: entry_z=2.5 lookback=200 lots_a=10 lots_b=1 hedge_ratio=10
04:54:35 robot_arb INFO Min profit: rub=5
04:54:35 robot_arb INFO Risk: stop_loss_rub=500000
04:54:35 robot_arb INFO State loaded: pnl=0 trades=0 mode=running
04:54:36 robot_arb INFO FinamPy connected. Accounts: ['1225950', '1225951', '1225952', '1225953']
04:54:36 robot_arb INFO Orders manager linked to FinamPy gRPC
04:54:36 robot_arb INFO Subscribed OrderBook: GAZP@RTSX, GZU6@RTSX
04:54:36 robot_arb INFO Subscribed Quotes: GAZP@RTSX, GZU6@RTSX
04:54:36 robot_arb INFO Warmup: waiting 10 sec for data streams...
04:54:46 robot_arb INFO Warmup done. OB_A: False OB_B: False
04:54:46 robot_arb INFO MOEX ISS poller started (fallback for stock prices)
04:54:46 robot_arb INFO Main loop started
04:54:53 robot_arb INFO === Arbitrage Robot v1 ===
04:54:53 robot_arb INFO Pair: GAZP / GZU6
04:54:53 robot_arb INFO Account: 1225953 | Port: 5090 | Paper: False
04:54:53 robot_arb INFO Params: entry_z=2.5 lookback=200 lots_a=10 lots_b=1 hedge_ratio=10
04:54:53 robot_arb INFO Min profit: rub=5
04:54:53 robot_arb INFO Risk: stop_loss_rub=500000
04:54:53 robot_arb INFO State loaded: pnl=0 trades=0 mode=running
04:54:54 robot_arb INFO FinamPy connected. Accounts: ['1225950', '1225951', '1225952', '1225953']
04:54:54 robot_arb INFO Orders manager linked to FinamPy gRPC
04:54:54 robot_arb INFO Subscribed OrderBook: GAZP@RTSX, GZU6@RTSX
04:54:54 robot_arb INFO Subscribed Quotes: GAZP@RTSX, GZU6@RTSX
04:54:54 robot_arb INFO Warmup: waiting 10 sec for data streams...
04:55:04 robot_arb INFO Warmup done. OB_A: False OB_B: False
04:55:04 robot_arb INFO MOEX ISS poller started (fallback for stock prices)
04:55:04 robot_arb INFO Main loop started
04:55:11 robot_arb INFO === Arbitrage Robot v1 ===
04:55:11 robot_arb INFO Pair: GAZP / GZU6
04:55:11 robot_arb INFO Account: 1225953 | Port: 5090 | Paper: False
04:55:11 robot_arb INFO Params: entry_z=2.5 lookback=200 lots_a=10 lots_b=1 hedge_ratio=10
04:55:11 robot_arb INFO Min profit: rub=5
04:55:11 robot_arb INFO Risk: stop_loss_rub=500000
04:55:11 robot_arb INFO State loaded: pnl=0 trades=0 mode=running
04:55:12 robot_arb INFO FinamPy connected. Accounts: ['1225950', '1225951', '1225952', '1225953']
04:55:12 robot_arb INFO Orders manager linked to FinamPy gRPC
04:55:12 robot_arb INFO Subscribed OrderBook: GAZP@RTSX, GZU6@RTSX
04:55:12 robot_arb INFO Subscribed Quotes: GAZP@RTSX, GZU6@RTSX
04:55:12 robot_arb INFO Warmup: waiting 10 sec for data streams...
04:55:22 robot_arb INFO Warmup done. OB_A: False OB_B: False
04:55:22 robot_arb INFO MOEX ISS poller started (fallback for stock prices)
04:55:22 robot_arb INFO Main loop started
04:55:29 robot_arb INFO === Arbitrage Robot v1 ===
04:55:29 robot_arb INFO Pair: GAZP / GZU6
04:55:29 robot_arb INFO Account: 1225953 | Port: 5090 | Paper: False
04:55:29 robot_arb INFO Params: entry_z=2.5 lookback=200 lots_a=10 lots_b=1 hedge_ratio=10
04:55:29 robot_arb INFO Min profit: rub=5
04:55:29 robot_arb INFO Risk: stop_loss_rub=500000
04:55:29 robot_arb INFO State loaded: pnl=0 trades=0 mode=running
04:55:30 robot_arb INFO FinamPy connected. Accounts: ['1225950', '1225951', '1225952', '1225953']
04:55:30 robot_arb INFO Orders manager linked to FinamPy gRPC
04:55:30 robot_arb INFO Subscribed OrderBook: GAZP@RTSX, GZU6@RTSX
04:55:30 robot_arb INFO Subscribed Quotes: GAZP@RTSX, GZU6@RTSX
04:55:30 robot_arb INFO Warmup: waiting 10 sec for data streams...
04:55:40 robot_arb INFO Warmup done. OB_A: False OB_B: False
04:55:40 robot_arb INFO MOEX ISS poller started (fallback for stock prices)
04:55:40 robot_arb INFO Main loop started
04:55:47 robot_arb INFO === Arbitrage Robot v1 ===
04:55:47 robot_arb INFO Pair: GAZP / GZU6
04:55:47 robot_arb INFO Account: 1225953 | Port: 5090 | Paper: False
04:55:47 robot_arb INFO Params: entry_z=2.5 lookback=200 lots_a=10 lots_b=1 hedge_ratio=10
04:55:47 robot_arb INFO Min profit: rub=5
04:55:47 robot_arb INFO Risk: stop_loss_rub=500000
04:55:47 robot_arb INFO State loaded: pnl=0 trades=0 mode=running
04:55:48 robot_arb INFO FinamPy connected. Accounts: ['1225950', '1225951', '1225952', '1225953']
04:55:48 robot_arb INFO Orders manager linked to FinamPy gRPC
04:55:48 robot_arb INFO Subscribed OrderBook: GAZP@RTSX, GZU6@RTSX
04:55:48 robot_arb INFO Subscribed Quotes: GAZP@RTSX, GZU6@RTSX
04:55:48 robot_arb INFO Warmup: waiting 10 sec for data streams...
04:55:58 robot_arb INFO Warmup done. OB_A: False OB_B: False
04:55:58 robot_arb INFO MOEX ISS poller started (fallback for stock prices)
04:55:58 robot_arb INFO Main loop started
04:56:05 robot_arb INFO === Arbitrage Robot v1 ===
04:56:05 robot_arb INFO Pair: GAZP / GZU6
04:56:05 robot_arb INFO Account: 1225953 | Port: 5090 | Paper: False
04:56:05 robot_arb INFO Params: entry_z=2.5 lookback=200 lots_a=10 lots_b=1 hedge_ratio=10
04:56:05 robot_arb INFO Min profit: rub=5
04:56:05 robot_arb INFO Risk: stop_loss_rub=500000
04:56:05 robot_arb INFO State loaded: pnl=0 trades=0 mode=running
04:56:06 robot_arb INFO FinamPy connected. Accounts: ['1225950', '1225951', '1225952', '1225953']
04:56:06 robot_arb INFO Orders manager linked to FinamPy gRPC
04:56:06 robot_arb INFO Subscribed OrderBook: GAZP@RTSX, GZU6@RTSX
04:56:06 robot_arb INFO Subscribed Quotes: GAZP@RTSX, GZU6@RTSX
04:56:06 robot_arb INFO Warmup: waiting 10 sec for data streams...
04:56:16 robot_arb INFO Warmup done. OB_A: False OB_B: False
04:56:16 robot_arb INFO MOEX ISS poller started (fallback for stock prices)
04:56:16 robot_arb INFO Main loop started
04:56:23 robot_arb INFO === Arbitrage Robot v1 ===
04:56:23 robot_arb INFO Pair: GAZP / GZU6
04:56:23 robot_arb INFO Account: 1225953 | Port: 5090 | Paper: False
04:56:23 robot_arb INFO Params: entry_z=2.5 lookback=200 lots_a=10 lots_b=1 hedge_ratio=10
04:56:23 robot_arb INFO Min profit: rub=5
04:56:23 robot_arb INFO Risk: stop_loss_rub=500000
04:56:23 robot_arb INFO State loaded: pnl=0 trades=0 mode=running
04:56:24 robot_arb INFO FinamPy connected. Accounts: ['1225950', '1225951', '1225952', '1225953']
04:56:24 robot_arb INFO Orders manager linked to FinamPy gRPC
04:56:24 robot_arb INFO Subscribed OrderBook: GAZP@RTSX, GZU6@RTSX
04:56:24 robot_arb INFO Subscribed Quotes: GAZP@RTSX, GZU6@RTSX
04:56:24 robot_arb INFO Warmup: waiting 10 sec for data streams...
04:56:34 robot_arb INFO Warmup done. OB_A: False OB_B: False
04:56:34 robot_arb INFO MOEX ISS poller started (fallback for stock prices)
04:56:34 robot_arb INFO Main loop started
04:56:41 robot_arb INFO === Arbitrage Robot v1 ===
04:56:41 robot_arb INFO Pair: GAZP / GZU6
04:56:41 robot_arb INFO Account: 1225953 | Port: 5090 | Paper: False
04:56:41 robot_arb INFO Params: entry_z=2.5 lookback=200 lots_a=10 lots_b=1 hedge_ratio=10
04:56:41 robot_arb INFO Min profit: rub=5
04:56:41 robot_arb INFO Risk: stop_loss_rub=500000
04:56:41 robot_arb INFO State loaded: pnl=0 trades=0 mode=running
04:56:42 robot_arb INFO FinamPy connected. Accounts: ['1225950', '1225951', '1225952', '1225953']
04:56:42 robot_arb INFO Orders manager linked to FinamPy gRPC
04:56:42 robot_arb INFO Subscribed OrderBook: GAZP@RTSX, GZU6@RTSX
04:56:42 robot_arb INFO Subscribed Quotes: GAZP@RTSX, GZU6@RTSX
04:56:42 robot_arb INFO Warmup: waiting 10 sec for data streams...
04:56:52 robot_arb INFO Warmup done. OB_A: False OB_B: False
04:56:52 robot_arb INFO MOEX ISS poller started (fallback for stock prices)
04:56:52 robot_arb INFO Main loop started
04:56:59 robot_arb INFO === Arbitrage Robot v1 ===
04:56:59 robot_arb INFO Pair: GAZP / GZU6
04:56:59 robot_arb INFO Account: 1225953 | Port: 5090 | Paper: False
04:56:59 robot_arb INFO Params: entry_z=2.5 lookback=200 lots_a=10 lots_b=1 hedge_ratio=10
04:56:59 robot_arb INFO Min profit: rub=5
04:56:59 robot_arb INFO Risk: stop_loss_rub=500000
04:56:59 robot_arb INFO State loaded: pnl=0 trades=0 mode=running
04:57:00 robot_arb INFO FinamPy connected. Accounts: ['1225950', '1225951', '1225952', '1225953']
04:57:00 robot_arb INFO Orders manager linked to FinamPy gRPC
04:57:00 robot_arb INFO Subscribed OrderBook: GAZP@RTSX, GZU6@RTSX
04:57:00 robot_arb INFO Subscribed Quotes: GAZP@RTSX, GZU6@RTSX
04:57:00 robot_arb INFO Warmup: waiting 10 sec for data streams...
04:57:10 robot_arb INFO Warmup done. OB_A: False OB_B: False
04:57:10 robot_arb INFO MOEX ISS poller started (fallback for stock prices)
04:57:10 robot_arb INFO Main loop started
04:57:17 robot_arb INFO === Arbitrage Robot v1 ===
04:57:17 robot_arb INFO Pair: GAZP / GZU6
04:57:17 robot_arb INFO Account: 1225953 | Port: 5090 | Paper: False
04:57:17 robot_arb INFO Params: entry_z=2.5 lookback=200 lots_a=10 lots_b=1 hedge_ratio=10
04:57:17 robot_arb INFO Min profit: rub=5
04:57:17 robot_arb INFO Risk: stop_loss_rub=500000
04:57:17 robot_arb INFO State loaded: pnl=0 trades=0 mode=running
04:57:18 robot_arb INFO FinamPy connected. Accounts: ['1225950', '1225951', '1225952', '1225953']
04:57:18 robot_arb INFO Orders manager linked to FinamPy gRPC
04:57:18 robot_arb INFO Subscribed OrderBook: GAZP@RTSX, GZU6@RTSX
04:57:18 robot_arb INFO Subscribed Quotes: GAZP@RTSX, GZU6@RTSX
04:57:18 robot_arb INFO Warmup: waiting 10 sec for data streams...
04:57:28 robot_arb INFO Warmup done. OB_A: False OB_B: False
04:57:28 robot_arb INFO MOEX ISS poller started (fallback for stock prices)
04:57:28 robot_arb INFO Main loop started
04:57:35 robot_arb INFO === Arbitrage Robot v1 ===
04:57:35 robot_arb INFO Pair: GAZP / GZU6
04:57:35 robot_arb INFO Account: 1225953 | Port: 5090 | Paper: False
04:57:35 robot_arb INFO Params: entry_z=2.5 lookback=200 lots_a=10 lots_b=1 hedge_ratio=10
04:57:35 robot_arb INFO Min profit: rub=5
04:57:35 robot_arb INFO Risk: stop_loss_rub=500000
04:57:35 robot_arb INFO State loaded: pnl=0 trades=0 mode=running
04:57:36 robot_arb INFO FinamPy connected. Accounts: ['1225950', '1225951', '1225952', '1225953']
04:57:36 robot_arb INFO Orders manager linked to FinamPy gRPC
04:57:36 robot_arb INFO Subscribed OrderBook: GAZP@RTSX, GZU6@RTSX
04:57:36 robot_arb INFO Subscribed Quotes: GAZP@RTSX, GZU6@RTSX
04:57:36 robot_arb INFO Warmup: waiting 10 sec for data streams...
04:57:46 robot_arb INFO Warmup done. OB_A: False OB_B: False
04:57:46 robot_arb INFO MOEX ISS poller started (fallback for stock prices)
04:57:46 robot_arb INFO Main loop started
04:57:53 robot_arb INFO === Arbitrage Robot v1 ===
04:57:53 robot_arb INFO Pair: GAZP / GZU6
04:57:53 robot_arb INFO Account: 1225953 | Port: 5090 | Paper: False
04:57:53 robot_arb INFO Params: entry_z=2.5 lookback=200 lots_a=10 lots_b=1 hedge_ratio=10
04:57:53 robot_arb INFO Min profit: rub=5
04:57:53 robot_arb INFO Risk: stop_loss_rub=500000
04:57:53 robot_arb INFO State loaded: pnl=0 trades=0 mode=running
04:57:54 robot_arb INFO FinamPy connected. Accounts: ['1225950', '1225951', '1225952', '1225953']
04:57:54 robot_arb INFO Orders manager linked to FinamPy gRPC
04:57:54 robot_arb INFO Subscribed OrderBook: GAZP@RTSX, GZU6@RTSX
04:57:54 robot_arb INFO Subscribed Quotes: GAZP@RTSX, GZU6@RTSX
04:57:54 robot_arb INFO Warmup: waiting 10 sec for data streams...
04:58:04 robot_arb INFO Warmup done. OB_A: False OB_B: False
04:58:04 robot_arb INFO MOEX ISS poller started (fallback for stock prices)
04:58:04 robot_arb INFO Main loop started
04:58:11 robot_arb INFO === Arbitrage Robot v1 ===
04:58:11 robot_arb INFO Pair: GAZP / GZU6
04:58:11 robot_arb INFO Account: 1225953 | Port: 5090 | Paper: False
04:58:11 robot_arb INFO Params: entry_z=2.5 lookback=200 lots_a=10 lots_b=1 hedge_ratio=10
04:58:11 robot_arb INFO Min profit: rub=5
04:58:11 robot_arb INFO Risk: stop_loss_rub=500000
04:58:11 robot_arb INFO State loaded: pnl=0 trades=0 mode=running
04:58:12 robot_arb INFO FinamPy connected. Accounts: ['1225950', '1225951', '1225952', '1225953']
04:58:12 robot_arb INFO Orders manager linked to FinamPy gRPC
04:58:12 robot_arb INFO Subscribed OrderBook: GAZP@RTSX, GZU6@RTSX
04:58:12 robot_arb INFO Subscribed Quotes: GAZP@RTSX, GZU6@RTSX
04:58:12 robot_arb INFO Warmup: waiting 10 sec for data streams...
04:58:22 robot_arb INFO Warmup done. OB_A: False OB_B: False
04:58:22 robot_arb INFO MOEX ISS poller started (fallback for stock prices)
04:58:22 robot_arb INFO Main loop started
04:58:29 robot_arb INFO === Arbitrage Robot v1 ===
04:58:29 robot_arb INFO Pair: GAZP / GZU6
04:58:29 robot_arb INFO Account: 1225953 | Port: 5090 | Paper: False
04:58:29 robot_arb INFO Params: entry_z=2.5 lookback=200 lots_a=10 lots_b=1 hedge_ratio=10
04:58:29 robot_arb INFO Min profit: rub=5
04:58:29 robot_arb INFO Risk: stop_loss_rub=500000
04:58:29 robot_arb INFO State loaded: pnl=0 trades=0 mode=running
04:58:30 robot_arb INFO FinamPy connected. Accounts: ['1225950', '1225951', '1225952', '1225953']
04:58:30 robot_arb INFO Orders manager linked to FinamPy gRPC
04:58:30 robot_arb INFO Subscribed OrderBook: GAZP@RTSX, GZU6@RTSX
04:58:30 robot_arb INFO Subscribed Quotes: GAZP@RTSX, GZU6@RTSX
04:58:30 robot_arb INFO Warmup: waiting 10 sec for data streams...
04:58:40 robot_arb INFO Warmup done. OB_A: False OB_B: False
04:58:40 robot_arb INFO MOEX ISS poller started (fallback for stock prices)
04:58:40 robot_arb INFO Main loop started
04:58:47 robot_arb INFO === Arbitrage Robot v1 ===
04:58:47 robot_arb INFO Pair: GAZP / GZU6
04:58:47 robot_arb INFO Account: 1225953 | Port: 5090 | Paper: False
04:58:47 robot_arb INFO Params: entry_z=2.5 lookback=200 lots_a=10 lots_b=1 hedge_ratio=10
04:58:47 robot_arb INFO Min profit: rub=5
04:58:47 robot_arb INFO Risk: stop_loss_rub=500000
04:58:47 robot_arb INFO State loaded: pnl=0 trades=0 mode=running
04:58:48 robot_arb INFO FinamPy connected. Accounts: ['1225950', '1225951', '1225952', '1225953']
04:58:48 robot_arb INFO Orders manager linked to FinamPy gRPC
04:58:48 robot_arb INFO Subscribed OrderBook: GAZP@RTSX, GZU6@RTSX
04:58:48 robot_arb INFO Subscribed Quotes: GAZP@RTSX, GZU6@RTSX
04:58:48 robot_arb INFO Warmup: waiting 10 sec for data streams...
04:58:58 robot_arb INFO Warmup done. OB_A: False OB_B: False
04:58:58 robot_arb INFO MOEX ISS poller started (fallback for stock prices)
04:58:58 robot_arb INFO Main loop started
04:59:05 robot_arb INFO === Arbitrage Robot v1 ===
04:59:05 robot_arb INFO Pair: GAZP / GZU6
04:59:05 robot_arb INFO Account: 1225953 | Port: 5090 | Paper: False
04:59:05 robot_arb INFO Params: entry_z=2.5 lookback=200 lots_a=10 lots_b=1 hedge_ratio=10
04:59:05 robot_arb INFO Min profit: rub=5
04:59:05 robot_arb INFO Risk: stop_loss_rub=500000
04:59:05 robot_arb INFO State loaded: pnl=0 trades=0 mode=running
04:59:06 robot_arb INFO FinamPy connected. Accounts: ['1225950', '1225951', '1225952', '1225953']
04:59:06 robot_arb INFO Orders manager linked to FinamPy gRPC
04:59:06 robot_arb INFO Subscribed OrderBook: GAZP@RTSX, GZU6@RTSX
04:59:06 robot_arb INFO Subscribed Quotes: GAZP@RTSX, GZU6@RTSX
04:59:06 robot_arb INFO Warmup: waiting 10 sec for data streams...
04:59:16 robot_arb INFO Warmup done. OB_A: False OB_B: False
04:59:16 robot_arb INFO MOEX ISS poller started (fallback for stock prices)
04:59:16 robot_arb INFO Main loop started
04:59:23 robot_arb INFO === Arbitrage Robot v1 ===
04:59:23 robot_arb INFO Pair: GAZP / GZU6
04:59:23 robot_arb INFO Account: 1225953 | Port: 5090 | Paper: False
04:59:23 robot_arb INFO Params: entry_z=2.5 lookback=200 lots_a=10 lots_b=1 hedge_ratio=10
04:59:23 robot_arb INFO Min profit: rub=5
04:59:23 robot_arb INFO Risk: stop_loss_rub=500000
04:59:23 robot_arb INFO State loaded: pnl=0 trades=0 mode=running
04:59:24 robot_arb INFO FinamPy connected. Accounts: ['1225950', '1225951', '1225952', '1225953']
04:59:24 robot_arb INFO Orders manager linked to FinamPy gRPC
04:59:24 robot_arb INFO Subscribed OrderBook: GAZP@RTSX, GZU6@RTSX
04:59:24 robot_arb INFO Subscribed Quotes: GAZP@RTSX, GZU6@RTSX
04:59:24 robot_arb INFO Warmup: waiting 10 sec for data streams...
04:59:34 robot_arb INFO Warmup done. OB_A: False OB_B: False
04:59:34 robot_arb INFO MOEX ISS poller started (fallback for stock prices)
04:59:34 robot_arb INFO Main loop started
04:59:41 robot_arb INFO === Arbitrage Robot v1 ===
04:59:41 robot_arb INFO Pair: GAZP / GZU6
04:59:41 robot_arb INFO Account: 1225953 | Port: 5090 | Paper: False
04:59:41 robot_arb INFO Params: entry_z=2.5 lookback=200 lots_a=10 lots_b=1 hedge_ratio=10
04:59:41 robot_arb INFO Min profit: rub=5
04:59:41 robot_arb INFO Risk: stop_loss_rub=500000
04:59:41 robot_arb INFO State loaded: pnl=0 trades=0 mode=running
04:59:42 robot_arb INFO FinamPy connected. Accounts: ['1225950', '1225951', '1225952', '1225953']
04:59:42 robot_arb INFO Orders manager linked to FinamPy gRPC
04:59:42 robot_arb INFO Subscribed OrderBook: GAZP@RTSX, GZU6@RTSX
04:59:42 robot_arb INFO Subscribed Quotes: GAZP@RTSX, GZU6@RTSX
04:59:42 robot_arb INFO Warmup: waiting 10 sec for data streams...
04:59:52 robot_arb INFO Warmup done. OB_A: False OB_B: False
04:59:52 robot_arb INFO MOEX ISS poller started (fallback for stock prices)
04:59:52 robot_arb INFO Main loop started
04:59:59 robot_arb INFO === Arbitrage Robot v1 ===
04:59:59 robot_arb INFO Pair: GAZP / GZU6
04:59:59 robot_arb INFO Account: 1225953 | Port: 5090 | Paper: False
04:59:59 robot_arb INFO Params: entry_z=2.5 lookback=200 lots_a=10 lots_b=1 hedge_ratio=10
04:59:59 robot_arb INFO Min profit: rub=5
04:59:59 robot_arb INFO Risk: stop_loss_rub=500000
04:59:59 robot_arb INFO State loaded: pnl=0 trades=0 mode=running
05:00:00 robot_arb INFO FinamPy connected. Accounts: ['1225950', '1225951', '1225952', '1225953']
05:00:00 robot_arb INFO Orders manager linked to FinamPy gRPC
05:00:00 robot_arb INFO Subscribed OrderBook: GAZP@RTSX, GZU6@RTSX
05:00:00 robot_arb INFO Subscribed Quotes: GAZP@RTSX, GZU6@RTSX
05:00:00 robot_arb INFO Warmup: waiting 10 sec for data streams...
05:00:10 robot_arb INFO Warmup done. OB_A: False OB_B: False
05:00:10 robot_arb INFO MOEX ISS poller started (fallback for stock prices)
05:00:10 robot_arb INFO Main loop started
05:00:17 robot_arb INFO === Arbitrage Robot v1 ===
05:00:17 robot_arb INFO Pair: GAZP / GZU6
05:00:17 robot_arb INFO Account: 1225953 | Port: 5090 | Paper: False
05:00:17 robot_arb INFO Params: entry_z=2.5 lookback=200 lots_a=10 lots_b=1 hedge_ratio=10
05:00:17 robot_arb INFO Min profit: rub=5
05:00:17 robot_arb INFO Risk: stop_loss_rub=500000
05:00:17 robot_arb INFO State loaded: pnl=0 trades=0 mode=running
05:00:18 robot_arb INFO FinamPy connected. Accounts: ['1225950', '1225951', '1225952', '1225953']
05:00:18 robot_arb INFO Orders manager linked to FinamPy gRPC
05:00:18 robot_arb INFO Subscribed OrderBook: GAZP@RTSX, GZU6@RTSX
05:00:18 robot_arb INFO Subscribed Quotes: GAZP@RTSX, GZU6@RTSX
05:00:18 robot_arb INFO Warmup: waiting 10 sec for data streams...
05:00:28 robot_arb INFO Warmup done. OB_A: False OB_B: False
05:00:28 robot_arb INFO MOEX ISS poller started (fallback for stock prices)
05:00:28 robot_arb INFO Main loop started
05:00:35 robot_arb INFO === Arbitrage Robot v1 ===
05:00:35 robot_arb INFO Pair: GAZP / GZU6
05:00:35 robot_arb INFO Account: 1225953 | Port: 5090 | Paper: False
05:00:35 robot_arb INFO Params: entry_z=2.5 lookback=200 lots_a=10 lots_b=1 hedge_ratio=10
05:00:35 robot_arb INFO Min profit: rub=5
05:00:35 robot_arb INFO Risk: stop_loss_rub=500000
05:00:35 robot_arb INFO State loaded: pnl=0 trades=0 mode=running
05:00:36 robot_arb INFO FinamPy connected. Accounts: ['1225950', '1225951', '1225952', '1225953']
05:00:36 robot_arb INFO Orders manager linked to FinamPy gRPC
05:00:36 robot_arb INFO Subscribed OrderBook: GAZP@RTSX, GZU6@RTSX
05:00:36 robot_arb INFO Subscribed Quotes: GAZP@RTSX, GZU6@RTSX
05:00:36 robot_arb INFO Warmup: waiting 10 sec for data streams...
05:00:46 robot_arb INFO Warmup done. OB_A: False OB_B: False
05:00:46 robot_arb INFO MOEX ISS poller started (fallback for stock prices)
05:00:46 robot_arb INFO Main loop started
05:00:53 robot_arb INFO === Arbitrage Robot v1 ===
05:00:53 robot_arb INFO Pair: GAZP / GZU6
05:00:53 robot_arb INFO Account: 1225953 | Port: 5090 | Paper: False
05:00:53 robot_arb INFO Params: entry_z=2.5 lookback=200 lots_a=10 lots_b=1 hedge_ratio=10
05:00:53 robot_arb INFO Min profit: rub=5
05:00:53 robot_arb INFO Risk: stop_loss_rub=500000
05:00:53 robot_arb INFO State loaded: pnl=0 trades=0 mode=running
05:00:54 robot_arb INFO FinamPy connected. Accounts: ['1225950', '1225951', '1225952', '1225953']
05:00:54 robot_arb INFO Orders manager linked to FinamPy gRPC
05:00:54 robot_arb INFO Subscribed OrderBook: GAZP@RTSX, GZU6@RTSX
05:00:54 robot_arb INFO Subscribed Quotes: GAZP@RTSX, GZU6@RTSX
05:00:54 robot_arb INFO Warmup: waiting 10 sec for data streams...
05:01:04 robot_arb INFO Warmup done. OB_A: False OB_B: False
05:01:04 robot_arb INFO MOEX ISS poller started (fallback for stock prices)
05:01:04 robot_arb INFO Main loop started
05:01:11 robot_arb INFO === Arbitrage Robot v1 ===
05:01:11 robot_arb INFO Pair: GAZP / GZU6
05:01:11 robot_arb INFO Account: 1225953 | Port: 5090 | Paper: False
05:01:11 robot_arb INFO Params: entry_z=2.5 lookback=200 lots_a=10 lots_b=1 hedge_ratio=10
05:01:11 robot_arb INFO Min profit: rub=5
05:01:11 robot_arb INFO Risk: stop_loss_rub=500000
05:01:11 robot_arb INFO State loaded: pnl=0 trades=0 mode=running
05:01:12 robot_arb INFO FinamPy connected. Accounts: ['1225950', '1225951', '1225952', '1225953']
05:01:12 robot_arb INFO Orders manager linked to FinamPy gRPC
05:01:12 robot_arb INFO Subscribed OrderBook: GAZP@RTSX, GZU6@RTSX
05:01:12 robot_arb INFO Subscribed Quotes: GAZP@RTSX, GZU6@RTSX
05:01:12 robot_arb INFO Warmup: waiting 10 sec for data streams...
05:01:22 robot_arb INFO Warmup done. OB_A: False OB_B: False
05:01:22 robot_arb INFO MOEX ISS poller started (fallback for stock prices)
05:01:22 robot_arb INFO Main loop started
05:01:29 robot_arb INFO === Arbitrage Robot v1 ===
05:01:29 robot_arb INFO Pair: GAZP / GZU6
05:01:29 robot_arb INFO Account: 1225953 | Port: 5090 | Paper: False
05:01:29 robot_arb INFO Params: entry_z=2.5 lookback=200 lots_a=10 lots_b=1 hedge_ratio=10
05:01:29 robot_arb INFO Min profit: rub=5
05:01:29 robot_arb INFO Risk: stop_loss_rub=500000
05:01:29 robot_arb INFO State loaded: pnl=0 trades=0 mode=running
05:01:30 robot_arb INFO FinamPy connected. Accounts: ['1225950', '1225951', '1225952', '1225953']
05:01:30 robot_arb INFO Orders manager linked to FinamPy gRPC
05:01:30 robot_arb INFO Subscribed OrderBook: GAZP@RTSX, GZU6@RTSX
05:01:30 robot_arb INFO Subscribed Quotes: GAZP@RTSX, GZU6@RTSX
05:01:30 robot_arb INFO Warmup: waiting 10 sec for data streams...
05:01:40 robot_arb INFO Warmup done. OB_A: False OB_B: False
05:01:40 robot_arb INFO MOEX ISS poller started (fallback for stock prices)
05:01:40 robot_arb INFO Main loop started
05:01:47 robot_arb INFO === Arbitrage Robot v1 ===
05:01:47 robot_arb INFO Pair: GAZP / GZU6
05:01:47 robot_arb INFO Account: 1225953 | Port: 5090 | Paper: False
05:01:47 robot_arb INFO Params: entry_z=2.5 lookback=200 lots_a=10 lots_b=1 hedge_ratio=10
05:01:47 robot_arb INFO Min profit: rub=5
05:01:47 robot_arb INFO Risk: stop_loss_rub=500000
05:01:47 robot_arb INFO State loaded: pnl=0 trades=0 mode=running
05:01:48 robot_arb INFO FinamPy connected. Accounts: ['1225950', '1225951', '1225952', '1225953']
05:01:48 robot_arb INFO Orders manager linked to FinamPy gRPC
05:01:48 robot_arb INFO Subscribed OrderBook: GAZP@RTSX, GZU6@RTSX
05:01:48 robot_arb INFO Subscribed Quotes: GAZP@RTSX, GZU6@RTSX
05:01:48 robot_arb INFO Warmup: waiting 10 sec for data streams...
05:01:58 robot_arb INFO Warmup done. OB_A: False OB_B: False
05:01:58 robot_arb INFO MOEX ISS poller started (fallback for stock prices)
05:01:58 robot_arb INFO Main loop started
05:02:05 robot_arb INFO === Arbitrage Robot v1 ===
05:02:05 robot_arb INFO Pair: GAZP / GZU6
05:02:05 robot_arb INFO Account: 1225953 | Port: 5090 | Paper: False
05:02:05 robot_arb INFO Params: entry_z=2.5 lookback=200 lots_a=10 lots_b=1 hedge_ratio=10
05:02:05 robot_arb INFO Min profit: rub=5
05:02:05 robot_arb INFO Risk: stop_loss_rub=500000
05:02:05 robot_arb INFO State loaded: pnl=0 trades=0 mode=running
05:02:06 robot_arb INFO FinamPy connected. Accounts: ['1225950', '1225951', '1225952', '1225953']
05:02:06 robot_arb INFO Orders manager linked to FinamPy gRPC
05:02:06 robot_arb INFO Subscribed OrderBook: GAZP@RTSX, GZU6@RTSX
05:02:06 robot_arb INFO Subscribed Quotes: GAZP@RTSX, GZU6@RTSX
05:02:06 robot_arb INFO Warmup: waiting 10 sec for data streams...
05:02:16 robot_arb INFO Warmup done. OB_A: False OB_B: False
05:02:16 robot_arb INFO MOEX ISS poller started (fallback for stock prices)
05:02:16 robot_arb INFO Main loop started
05:02:23 robot_arb INFO === Arbitrage Robot v1 ===
05:02:23 robot_arb INFO Pair: GAZP / GZU6
05:02:23 robot_arb INFO Account: 1225953 | Port: 5090 | Paper: False
05:02:23 robot_arb INFO Params: entry_z=2.5 lookback=200 lots_a=10 lots_b=1 hedge_ratio=10
05:02:23 robot_arb INFO Min profit: rub=5
05:02:23 robot_arb INFO Risk: stop_loss_rub=500000
05:02:23 robot_arb INFO State loaded: pnl=0 trades=0 mode=running
05:02:24 robot_arb INFO FinamPy connected. Accounts: ['1225950', '1225951', '1225952', '1225953']
05:02:24 robot_arb INFO Orders manager linked to FinamPy gRPC
05:02:24 robot_arb INFO Subscribed OrderBook: GAZP@RTSX, GZU6@RTSX
05:02:24 robot_arb INFO Subscribed Quotes: GAZP@RTSX, GZU6@RTSX
05:02:24 robot_arb INFO Warmup: waiting 10 sec for data streams...
05:02:34 robot_arb INFO Warmup done. OB_A: False OB_B: False
05:02:34 robot_arb INFO MOEX ISS poller started (fallback for stock prices)
05:02:34 robot_arb INFO Main loop started
05:02:41 robot_arb INFO === Arbitrage Robot v1 ===
05:02:41 robot_arb INFO Pair: GAZP / GZU6
05:02:41 robot_arb INFO Account: 1225953 | Port: 5090 | Paper: False
05:02:41 robot_arb INFO Params: entry_z=2.5 lookback=200 lots_a=10 lots_b=1 hedge_ratio=10
05:02:41 robot_arb INFO Min profit: rub=5
05:02:41 robot_arb INFO Risk: stop_loss_rub=500000
05:02:41 robot_arb INFO State loaded: pnl=0 trades=0 mode=running
07:33:13 robot_arb INFO === Arbitrage Robot v1 ===
07:33:13 robot_arb INFO Pair: GAZP / GZU6
07:33:13 robot_arb INFO Account: 1225953 | Port: 5090 | Paper: False
07:33:13 robot_arb INFO Params: entry_z=2.5 lookback=200 lots_a=10 lots_b=1 hedge_ratio=10
07:33:13 robot_arb INFO Min profit: rub=5
07:33:13 robot_arb INFO Risk: stop_loss_rub=500000
07:33:13 robot_arb INFO State loaded: pnl=0 trades=0 mode=running
07:33:14 robot_arb INFO FinamPy connected. Accounts: ['1225950', '1225951', '1225952', '1225953']
07:33:14 robot_arb INFO Orders manager linked to FinamPy gRPC
07:33:14 robot_arb INFO Subscribed OrderBook: GAZP@RTSX, GZU6@RTSX
07:33:14 robot_arb INFO Subscribed Quotes: GAZP@RTSX, GZU6@RTSX
07:33:14 robot_arb INFO Warmup: waiting 10 sec for data streams...
07:33:24 robot_arb INFO Warmup done. OB_A: False OB_B: False
07:33:24 robot_arb INFO MOEX ISS poller started (fallback for stock prices)
07:33:24 robot_arb INFO Main loop started
07:33:31 robot_arb INFO === Arbitrage Robot v1 ===
07:33:31 robot_arb INFO Pair: GAZP / GZU6
07:33:31 robot_arb INFO Account: 1225953 | Port: 5090 | Paper: False
07:33:31 robot_arb INFO Params: entry_z=2.5 lookback=200 lots_a=10 lots_b=1 hedge_ratio=10
07:33:31 robot_arb INFO Min profit: rub=5
07:33:31 robot_arb INFO Risk: stop_loss_rub=500000
07:33:31 robot_arb INFO State loaded: pnl=0 trades=0 mode=running
07:33:32 robot_arb INFO FinamPy connected. Accounts: ['1225950', '1225951', '1225952', '1225953']
07:33:32 robot_arb INFO Orders manager linked to FinamPy gRPC
07:33:32 robot_arb INFO Subscribed OrderBook: GAZP@RTSX, GZU6@RTSX
07:33:32 robot_arb INFO Subscribed Quotes: GAZP@RTSX, GZU6@RTSX
07:33:32 robot_arb INFO Warmup: waiting 10 sec for data streams...
07:33:42 robot_arb INFO Warmup done. OB_A: False OB_B: False
07:33:42 robot_arb INFO MOEX ISS poller started (fallback for stock prices)
07:33:42 robot_arb INFO Main loop started
07:33:49 robot_arb INFO === Arbitrage Robot v1 ===
07:33:49 robot_arb INFO Pair: GAZP / GZU6
07:33:49 robot_arb INFO Account: 1225953 | Port: 5090 | Paper: False
07:33:49 robot_arb INFO Params: entry_z=2.5 lookback=200 lots_a=10 lots_b=1 hedge_ratio=10
07:33:49 robot_arb INFO Min profit: rub=5
07:33:49 robot_arb INFO Risk: stop_loss_rub=500000
07:33:49 robot_arb INFO State loaded: pnl=0 trades=0 mode=running
07:33:50 robot_arb INFO FinamPy connected. Accounts: ['1225950', '1225951', '1225952', '1225953']
07:33:50 robot_arb INFO Orders manager linked to FinamPy gRPC
07:33:50 robot_arb INFO Subscribed OrderBook: GAZP@RTSX, GZU6@RTSX
07:33:50 robot_arb INFO Subscribed Quotes: GAZP@RTSX, GZU6@RTSX
07:33:50 robot_arb INFO Warmup: waiting 10 sec for data streams...
07:34:00 robot_arb INFO Warmup done. OB_A: False OB_B: False
07:34:00 robot_arb INFO MOEX ISS poller started (fallback for stock prices)
07:34:00 robot_arb INFO Main loop started
07:34:08 robot_arb INFO === Arbitrage Robot v1 ===
07:34:08 robot_arb INFO Pair: GAZP / GZU6
07:34:08 robot_arb INFO Account: 1225953 | Port: 5090 | Paper: False
07:34:08 robot_arb INFO Params: entry_z=2.5 lookback=200 lots_a=10 lots_b=1 hedge_ratio=10
07:34:08 robot_arb INFO Min profit: rub=5
07:34:08 robot_arb INFO Risk: stop_loss_rub=500000
07:34:08 robot_arb INFO State loaded: pnl=0 trades=0 mode=running
07:34:08 robot_arb INFO FinamPy connected. Accounts: ['1225950', '1225951', '1225952', '1225953']
07:34:08 robot_arb INFO Orders manager linked to FinamPy gRPC
07:34:08 robot_arb INFO Subscribed OrderBook: GAZP@RTSX, GZU6@RTSX
07:34:08 robot_arb INFO Subscribed Quotes: GAZP@RTSX, GZU6@RTSX
07:34:08 robot_arb INFO Warmup: waiting 10 sec for data streams...
07:34:18 robot_arb INFO Warmup done. OB_A: False OB_B: False
07:34:18 robot_arb INFO MOEX ISS poller started (fallback for stock prices)
07:34:18 robot_arb INFO Main loop started
07:34:25 robot_arb INFO === Arbitrage Robot v1 ===
07:34:25 robot_arb INFO Pair: GAZP / GZU6
07:34:25 robot_arb INFO Account: 1225953 | Port: 5090 | Paper: False
07:34:25 robot_arb INFO Params: entry_z=2.5 lookback=200 lots_a=10 lots_b=1 hedge_ratio=10
07:34:25 robot_arb INFO Min profit: rub=5
07:34:25 robot_arb INFO Risk: stop_loss_rub=500000
07:34:25 robot_arb INFO State loaded: pnl=0 trades=0 mode=running
07:34:26 robot_arb INFO FinamPy connected. Accounts: ['1225950', '1225951', '1225952', '1225953']
07:34:26 robot_arb INFO Orders manager linked to FinamPy gRPC
07:34:26 robot_arb INFO Subscribed OrderBook: GAZP@RTSX, GZU6@RTSX
07:34:26 robot_arb INFO Subscribed Quotes: GAZP@RTSX, GZU6@RTSX
07:34:26 robot_arb INFO Warmup: waiting 10 sec for data streams...
07:34:36 robot_arb INFO Warmup done. OB_A: False OB_B: False
07:34:36 robot_arb INFO MOEX ISS poller started (fallback for stock prices)
07:34:36 robot_arb INFO Main loop started
07:34:43 robot_arb INFO === Arbitrage Robot v1 ===
07:34:43 robot_arb INFO Pair: GAZP / GZU6
07:34:43 robot_arb INFO Account: 1225953 | Port: 5090 | Paper: False
07:34:43 robot_arb INFO Params: entry_z=2.5 lookback=200 lots_a=10 lots_b=1 hedge_ratio=10
07:34:43 robot_arb INFO Min profit: rub=5
07:34:43 robot_arb INFO Risk: stop_loss_rub=500000
07:34:43 robot_arb INFO State loaded: pnl=0 trades=0 mode=running
07:34:44 robot_arb INFO FinamPy connected. Accounts: ['1225950', '1225951', '1225952', '1225953']
07:34:44 robot_arb INFO Orders manager linked to FinamPy gRPC
07:34:44 robot_arb INFO Subscribed OrderBook: GAZP@RTSX, GZU6@RTSX
07:34:44 robot_arb INFO Subscribed Quotes: GAZP@RTSX, GZU6@RTSX
07:34:44 robot_arb INFO Warmup: waiting 10 sec for data streams...
07:34:54 robot_arb INFO Warmup done. OB_A: False OB_B: False
07:34:54 robot_arb INFO MOEX ISS poller started (fallback for stock prices)
07:34:54 robot_arb INFO Main loop started
07:35:02 robot_arb INFO === Arbitrage Robot v1 ===
07:35:02 robot_arb INFO Pair: GAZP / GZU6
07:35:02 robot_arb INFO Account: 1225953 | Port: 5090 | Paper: False
07:35:02 robot_arb INFO Params: entry_z=2.5 lookback=200 lots_a=10 lots_b=1 hedge_ratio=10
07:35:02 robot_arb INFO Min profit: rub=5
07:35:02 robot_arb INFO Risk: stop_loss_rub=500000
07:35:02 robot_arb INFO State loaded: pnl=0 trades=0 mode=running
07:35:02 robot_arb INFO FinamPy connected. Accounts: ['1225950', '1225951', '1225952', '1225953']
07:35:02 robot_arb INFO Orders manager linked to FinamPy gRPC
07:35:02 robot_arb INFO Subscribed OrderBook: GAZP@RTSX, GZU6@RTSX
07:35:02 robot_arb INFO Subscribed Quotes: GAZP@RTSX, GZU6@RTSX
07:35:02 robot_arb INFO Warmup: waiting 10 sec for data streams...
07:35:12 robot_arb INFO Warmup done. OB_A: False OB_B: False
07:35:12 robot_arb INFO MOEX ISS poller started (fallback for stock prices)
07:35:12 robot_arb INFO Main loop started
07:35:20 robot_arb INFO === Arbitrage Robot v1 ===
07:35:20 robot_arb INFO Pair: GAZP / GZU6
07:35:20 robot_arb INFO Account: 1225953 | Port: 5090 | Paper: False
07:35:20 robot_arb INFO Params: entry_z=2.5 lookback=200 lots_a=10 lots_b=1 hedge_ratio=10
07:35:20 robot_arb INFO Min profit: rub=5
07:35:20 robot_arb INFO Risk: stop_loss_rub=500000
07:35:20 robot_arb INFO State loaded: pnl=0 trades=0 mode=running
07:35:20 robot_arb INFO FinamPy connected. Accounts: ['1225950', '1225951', '1225952', '1225953']
07:35:20 robot_arb INFO Orders manager linked to FinamPy gRPC
07:35:20 robot_arb INFO Subscribed OrderBook: GAZP@RTSX, GZU6@RTSX
07:35:20 robot_arb INFO Subscribed Quotes: GAZP@RTSX, GZU6@RTSX
07:35:20 robot_arb INFO Warmup: waiting 10 sec for data streams...
07:35:30 robot_arb INFO Warmup done. OB_A: False OB_B: False
07:35:30 robot_arb INFO MOEX ISS poller started (fallback for stock prices)
07:35:30 robot_arb INFO Main loop started
07:35:38 robot_arb INFO === Arbitrage Robot v1 ===
07:35:38 robot_arb INFO Pair: GAZP / GZU6
07:35:38 robot_arb INFO Account: 1225953 | Port: 5090 | Paper: False
07:35:38 robot_arb INFO Params: entry_z=2.5 lookback=200 lots_a=10 lots_b=1 hedge_ratio=10
07:35:38 robot_arb INFO Min profit: rub=5
07:35:38 robot_arb INFO Risk: stop_loss_rub=500000
07:35:38 robot_arb INFO State loaded: pnl=0 trades=0 mode=running
07:35:38 robot_arb INFO FinamPy connected. Accounts: ['1225950', '1225951', '1225952', '1225953']
07:35:38 robot_arb INFO Orders manager linked to FinamPy gRPC
07:35:38 robot_arb INFO Subscribed OrderBook: GAZP@RTSX, GZU6@RTSX
07:35:38 robot_arb INFO Subscribed Quotes: GAZP@RTSX, GZU6@RTSX
07:35:38 robot_arb INFO Warmup: waiting 10 sec for data streams...
07:35:48 robot_arb INFO Warmup done. OB_A: False OB_B: False
07:35:48 robot_arb INFO MOEX ISS poller started (fallback for stock prices)
07:35:48 robot_arb INFO Main loop started
07:35:56 robot_arb INFO === Arbitrage Robot v1 ===
07:35:56 robot_arb INFO Pair: GAZP / GZU6
07:35:56 robot_arb INFO Account: 1225953 | Port: 5090 | Paper: False
07:35:56 robot_arb INFO Params: entry_z=2.5 lookback=200 lots_a=10 lots_b=1 hedge_ratio=10
07:35:56 robot_arb INFO Min profit: rub=5
07:35:56 robot_arb INFO Risk: stop_loss_rub=500000
07:35:56 robot_arb INFO State loaded: pnl=0 trades=0 mode=running
07:35:56 robot_arb INFO FinamPy connected. Accounts: ['1225950', '1225951', '1225952', '1225953']
07:35:56 robot_arb INFO Orders manager linked to FinamPy gRPC
07:35:56 robot_arb INFO Subscribed OrderBook: GAZP@RTSX, GZU6@RTSX
07:35:56 robot_arb INFO Subscribed Quotes: GAZP@RTSX, GZU6@RTSX
07:35:56 robot_arb INFO Warmup: waiting 10 sec for data streams...
07:36:06 robot_arb INFO Warmup done. OB_A: False OB_B: False
07:36:06 robot_arb INFO MOEX ISS poller started (fallback for stock prices)
07:36:06 robot_arb INFO Main loop started
07:36:14 robot_arb INFO === Arbitrage Robot v1 ===
07:36:14 robot_arb INFO Pair: GAZP / GZU6
07:36:14 robot_arb INFO Account: 1225953 | Port: 5090 | Paper: False
07:36:14 robot_arb INFO Params: entry_z=2.5 lookback=200 lots_a=10 lots_b=1 hedge_ratio=10
07:36:14 robot_arb INFO Min profit: rub=5
07:36:14 robot_arb INFO Risk: stop_loss_rub=500000
07:36:14 robot_arb INFO State loaded: pnl=0 trades=0 mode=running
07:36:14 robot_arb INFO FinamPy connected. Accounts: ['1225950', '1225951', '1225952', '1225953']
07:36:14 robot_arb INFO Orders manager linked to FinamPy gRPC
07:36:14 robot_arb INFO Subscribed OrderBook: GAZP@RTSX, GZU6@RTSX
07:36:14 robot_arb INFO Subscribed Quotes: GAZP@RTSX, GZU6@RTSX
07:36:14 robot_arb INFO Warmup: waiting 10 sec for data streams...
07:36:24 robot_arb INFO Warmup done. OB_A: False OB_B: False
07:36:24 robot_arb INFO MOEX ISS poller started (fallback for stock prices)
07:36:24 robot_arb INFO Main loop started
07:36:32 robot_arb INFO === Arbitrage Robot v1 ===
07:36:32 robot_arb INFO Pair: GAZP / GZU6
07:36:32 robot_arb INFO Account: 1225953 | Port: 5090 | Paper: False
07:36:32 robot_arb INFO Params: entry_z=2.5 lookback=200 lots_a=10 lots_b=1 hedge_ratio=10
07:36:32 robot_arb INFO Min profit: rub=5
07:36:32 robot_arb INFO Risk: stop_loss_rub=500000
07:36:32 robot_arb INFO State loaded: pnl=0 trades=0 mode=running
07:36:32 robot_arb INFO FinamPy connected. Accounts: ['1225950', '1225951', '1225952', '1225953']
07:36:32 robot_arb INFO Orders manager linked to FinamPy gRPC
07:36:32 robot_arb INFO Subscribed OrderBook: GAZP@RTSX, GZU6@RTSX
07:36:32 robot_arb INFO Subscribed Quotes: GAZP@RTSX, GZU6@RTSX
07:36:32 robot_arb INFO Warmup: waiting 10 sec for data streams...
07:36:42 robot_arb INFO Warmup done. OB_A: False OB_B: False
07:36:42 robot_arb INFO MOEX ISS poller started (fallback for stock prices)
07:36:42 robot_arb INFO Main loop started
07:36:50 robot_arb INFO === Arbitrage Robot v1 ===
07:36:50 robot_arb INFO Pair: GAZP / GZU6
07:36:50 robot_arb INFO Account: 1225953 | Port: 5090 | Paper: False
07:36:50 robot_arb INFO Params: entry_z=2.5 lookback=200 lots_a=10 lots_b=1 hedge_ratio=10
07:36:50 robot_arb INFO Min profit: rub=5
07:36:50 robot_arb INFO Risk: stop_loss_rub=500000
07:36:50 robot_arb INFO State loaded: pnl=0 trades=0 mode=running
07:36:50 robot_arb INFO FinamPy connected. Accounts: ['1225950', '1225951', '1225952', '1225953']
07:36:50 robot_arb INFO Orders manager linked to FinamPy gRPC
07:36:50 robot_arb INFO Subscribed OrderBook: GAZP@RTSX, GZU6@RTSX
07:36:50 robot_arb INFO Subscribed Quotes: GAZP@RTSX, GZU6@RTSX
07:36:50 robot_arb INFO Warmup: waiting 10 sec for data streams...
07:37:00 robot_arb INFO Warmup done. OB_A: False OB_B: False
07:37:00 robot_arb INFO MOEX ISS poller started (fallback for stock prices)
07:37:00 robot_arb INFO Main loop started
07:37:08 robot_arb INFO === Arbitrage Robot v1 ===
07:37:08 robot_arb INFO Pair: GAZP / GZU6
07:37:08 robot_arb INFO Account: 1225953 | Port: 5090 | Paper: False
07:37:08 robot_arb INFO Params: entry_z=2.5 lookback=200 lots_a=10 lots_b=1 hedge_ratio=10
07:37:08 robot_arb INFO Min profit: rub=5
07:37:08 robot_arb INFO Risk: stop_loss_rub=500000
07:37:08 robot_arb INFO State loaded: pnl=0 trades=0 mode=running
07:37:08 robot_arb INFO FinamPy connected. Accounts: ['1225950', '1225951', '1225952', '1225953']
07:37:08 robot_arb INFO Orders manager linked to FinamPy gRPC
07:37:08 robot_arb INFO Subscribed OrderBook: GAZP@RTSX, GZU6@RTSX
07:37:08 robot_arb INFO Subscribed Quotes: GAZP@RTSX, GZU6@RTSX
07:37:08 robot_arb INFO Warmup: waiting 10 sec for data streams...
07:37:18 robot_arb INFO Warmup done. OB_A: False OB_B: False
07:37:18 robot_arb INFO MOEX ISS poller started (fallback for stock prices)
07:37:18 robot_arb INFO Main loop started
07:37:26 robot_arb INFO === Arbitrage Robot v1 ===
07:37:26 robot_arb INFO Pair: GAZP / GZU6
07:37:26 robot_arb INFO Account: 1225953 | Port: 5090 | Paper: False
07:37:26 robot_arb INFO Params: entry_z=2.5 lookback=200 lots_a=10 lots_b=1 hedge_ratio=10
07:37:26 robot_arb INFO Min profit: rub=5
07:37:26 robot_arb INFO Risk: stop_loss_rub=500000
07:37:26 robot_arb INFO State loaded: pnl=0 trades=0 mode=running
07:37:26 robot_arb INFO FinamPy connected. Accounts: ['1225950', '1225951', '1225952', '1225953']
07:37:26 robot_arb INFO Orders manager linked to FinamPy gRPC
07:37:26 robot_arb INFO Subscribed OrderBook: GAZP@RTSX, GZU6@RTSX
07:37:26 robot_arb INFO Subscribed Quotes: GAZP@RTSX, GZU6@RTSX
07:37:26 robot_arb INFO Warmup: waiting 10 sec for data streams...
07:37:36 robot_arb INFO Warmup done. OB_A: False OB_B: False
07:37:36 robot_arb INFO MOEX ISS poller started (fallback for stock prices)
07:37:36 robot_arb INFO Main loop started
07:37:44 robot_arb INFO === Arbitrage Robot v1 ===
07:37:44 robot_arb INFO Pair: GAZP / GZU6
07:37:44 robot_arb INFO Account: 1225953 | Port: 5090 | Paper: False
07:37:44 robot_arb INFO Params: entry_z=2.5 lookback=200 lots_a=10 lots_b=1 hedge_ratio=10
07:37:44 robot_arb INFO Min profit: rub=5
07:37:44 robot_arb INFO Risk: stop_loss_rub=500000
07:37:44 robot_arb INFO State loaded: pnl=0 trades=0 mode=running
07:37:44 robot_arb INFO FinamPy connected. Accounts: ['1225950', '1225951', '1225952', '1225953']
07:37:44 robot_arb INFO Orders manager linked to FinamPy gRPC
07:37:44 robot_arb INFO Subscribed OrderBook: GAZP@RTSX, GZU6@RTSX
07:37:44 robot_arb INFO Subscribed Quotes: GAZP@RTSX, GZU6@RTSX
07:37:44 robot_arb INFO Warmup: waiting 10 sec for data streams...
07:37:54 robot_arb INFO Warmup done. OB_A: False OB_B: False
07:37:54 robot_arb INFO MOEX ISS poller started (fallback for stock prices)
07:37:54 robot_arb INFO Main loop started
07:38:02 robot_arb INFO === Arbitrage Robot v1 ===
07:38:02 robot_arb INFO Pair: GAZP / GZU6
07:38:02 robot_arb INFO Account: 1225953 | Port: 5090 | Paper: False
07:38:02 robot_arb INFO Params: entry_z=2.5 lookback=200 lots_a=10 lots_b=1 hedge_ratio=10
07:38:02 robot_arb INFO Min profit: rub=5
07:38:02 robot_arb INFO Risk: stop_loss_rub=500000
07:38:02 robot_arb INFO State loaded: pnl=0 trades=0 mode=running
07:38:02 robot_arb INFO FinamPy connected. Accounts: ['1225950', '1225951', '1225952', '1225953']
07:38:02 robot_arb INFO Orders manager linked to FinamPy gRPC
07:38:02 robot_arb INFO Subscribed OrderBook: GAZP@RTSX, GZU6@RTSX
07:38:02 robot_arb INFO Subscribed Quotes: GAZP@RTSX, GZU6@RTSX
07:38:02 robot_arb INFO Warmup: waiting 10 sec for data streams...
07:38:12 robot_arb INFO Warmup done. OB_A: False OB_B: False
07:38:12 robot_arb INFO MOEX ISS poller started (fallback for stock prices)
07:38:12 robot_arb INFO Main loop started
07:38:20 robot_arb INFO === Arbitrage Robot v1 ===
07:38:20 robot_arb INFO Pair: GAZP / GZU6
07:38:20 robot_arb INFO Account: 1225953 | Port: 5090 | Paper: False
07:38:20 robot_arb INFO Params: entry_z=2.5 lookback=200 lots_a=10 lots_b=1 hedge_ratio=10
07:38:20 robot_arb INFO Min profit: rub=5
07:38:20 robot_arb INFO Risk: stop_loss_rub=500000
07:38:20 robot_arb INFO State loaded: pnl=0 trades=0 mode=running
07:38:20 robot_arb INFO FinamPy connected. Accounts: ['1225950', '1225951', '1225952', '1225953']
07:38:20 robot_arb INFO Orders manager linked to FinamPy gRPC
07:38:20 robot_arb INFO Subscribed OrderBook: GAZP@RTSX, GZU6@RTSX
07:38:20 robot_arb INFO Subscribed Quotes: GAZP@RTSX, GZU6@RTSX
07:38:20 robot_arb INFO Warmup: waiting 10 sec for data streams...
07:38:30 robot_arb INFO Warmup done. OB_A: False OB_B: False
07:38:30 robot_arb INFO MOEX ISS poller started (fallback for stock prices)
07:38:30 robot_arb INFO Main loop started
07:38:38 robot_arb INFO === Arbitrage Robot v1 ===
07:38:38 robot_arb INFO Pair: GAZP / GZU6
07:38:38 robot_arb INFO Account: 1225953 | Port: 5090 | Paper: False
07:38:38 robot_arb INFO Params: entry_z=2.5 lookback=200 lots_a=10 lots_b=1 hedge_ratio=10
07:38:38 robot_arb INFO Min profit: rub=5
07:38:38 robot_arb INFO Risk: stop_loss_rub=500000
07:38:38 robot_arb INFO State loaded: pnl=0 trades=0 mode=running
07:38:38 robot_arb INFO FinamPy connected. Accounts: ['1225950', '1225951', '1225952', '1225953']
07:38:38 robot_arb INFO Orders manager linked to FinamPy gRPC
07:38:38 robot_arb INFO Subscribed OrderBook: GAZP@RTSX, GZU6@RTSX
07:38:38 robot_arb INFO Subscribed Quotes: GAZP@RTSX, GZU6@RTSX
07:38:38 robot_arb INFO Warmup: waiting 10 sec for data streams...
07:38:48 robot_arb INFO Warmup done. OB_A: False OB_B: False
07:38:48 robot_arb INFO MOEX ISS poller started (fallback for stock prices)
07:38:48 robot_arb INFO Main loop started
07:38:56 robot_arb INFO === Arbitrage Robot v1 ===
07:38:56 robot_arb INFO Pair: GAZP / GZU6
07:38:56 robot_arb INFO Account: 1225953 | Port: 5090 | Paper: False
07:38:56 robot_arb INFO Params: entry_z=2.5 lookback=200 lots_a=10 lots_b=1 hedge_ratio=10
07:38:56 robot_arb INFO Min profit: rub=5
07:38:56 robot_arb INFO Risk: stop_loss_rub=500000
07:38:56 robot_arb INFO State loaded: pnl=0 trades=0 mode=running
07:38:56 robot_arb INFO FinamPy connected. Accounts: ['1225950', '1225951', '1225952', '1225953']
07:38:56 robot_arb INFO Orders manager linked to FinamPy gRPC
07:38:56 robot_arb INFO Subscribed OrderBook: GAZP@RTSX, GZU6@RTSX
07:38:56 robot_arb INFO Subscribed Quotes: GAZP@RTSX, GZU6@RTSX
07:38:56 robot_arb INFO Warmup: waiting 10 sec for data streams...
07:39:06 robot_arb INFO Warmup done. OB_A: False OB_B: False
07:39:06 robot_arb INFO MOEX ISS poller started (fallback for stock prices)
07:39:06 robot_arb INFO Main loop started
07:39:14 robot_arb INFO === Arbitrage Robot v1 ===
07:39:14 robot_arb INFO Pair: GAZP / GZU6
07:39:14 robot_arb INFO Account: 1225953 | Port: 5090 | Paper: False
07:39:14 robot_arb INFO Params: entry_z=2.5 lookback=200 lots_a=10 lots_b=1 hedge_ratio=10
07:39:14 robot_arb INFO Min profit: rub=5
07:39:14 robot_arb INFO Risk: stop_loss_rub=500000
07:39:14 robot_arb INFO State loaded: pnl=0 trades=0 mode=running
07:39:14 robot_arb INFO FinamPy connected. Accounts: ['1225950', '1225951', '1225952', '1225953']
07:39:14 robot_arb INFO Orders manager linked to FinamPy gRPC
07:39:14 robot_arb INFO Subscribed OrderBook: GAZP@RTSX, GZU6@RTSX
07:39:14 robot_arb INFO Subscribed Quotes: GAZP@RTSX, GZU6@RTSX
07:39:14 robot_arb INFO Warmup: waiting 10 sec for data streams...
07:39:24 robot_arb INFO Warmup done. OB_A: False OB_B: False
07:39:24 robot_arb INFO MOEX ISS poller started (fallback for stock prices)
07:39:24 robot_arb INFO Main loop started
07:39:32 robot_arb INFO === Arbitrage Robot v1 ===
07:39:32 robot_arb INFO Pair: GAZP / GZU6
07:39:32 robot_arb INFO Account: 1225953 | Port: 5090 | Paper: False
07:39:32 robot_arb INFO Params: entry_z=2.5 lookback=200 lots_a=10 lots_b=1 hedge_ratio=10
07:39:32 robot_arb INFO Min profit: rub=5
07:39:32 robot_arb INFO Risk: stop_loss_rub=500000
07:39:32 robot_arb INFO State loaded: pnl=0 trades=0 mode=running
07:39:32 robot_arb INFO FinamPy connected. Accounts: ['1225950', '1225951', '1225952', '1225953']
07:39:32 robot_arb INFO Orders manager linked to FinamPy gRPC
07:39:32 robot_arb INFO Subscribed OrderBook: GAZP@RTSX, GZU6@RTSX
07:39:32 robot_arb INFO Subscribed Quotes: GAZP@RTSX, GZU6@RTSX
07:39:32 robot_arb INFO Warmup: waiting 10 sec for data streams...
07:39:34 robot_arb INFO Signal 15 — shutting down...
07:39:34 robot_arb INFO === Arbitrage Robot v1 ===
07:39:34 robot_arb INFO Pair: GAZP / GZU6
07:39:34 robot_arb INFO Account: 1225953 | Port: 5090 | Paper: False
07:39:34 robot_arb INFO Params: entry_z=2.5 lookback=200 lots_a=10 lots_b=1 hedge_ratio=10
07:39:34 robot_arb INFO Min profit: rub=5
07:39:34 robot_arb INFO Risk: stop_loss_rub=500000
07:39:34 robot_arb INFO State loaded: pnl=0 trades=0 mode=stopped
07:39:35 robot_arb INFO FinamPy connected. Accounts: ['1225950', '1225951', '1225952', '1225953']
07:39:35 robot_arb INFO Orders manager linked to FinamPy gRPC
07:39:35 robot_arb INFO Subscribed OrderBook: GAZP@RTSX, GZU6@RTSX
07:39:35 robot_arb INFO Subscribed Quotes: GAZP@RTSX, GZU6@RTSX
07:39:35 robot_arb INFO Warmup: waiting 10 sec for data streams...
07:39:45 robot_arb INFO Warmup done. OB_A: False OB_B: False
07:39:45 robot_arb INFO MOEX ISS poller started (fallback for stock prices)
07:39:45 robot_arb INFO Main loop started
07:39:52 robot_arb INFO === Arbitrage Robot v1 ===
07:39:52 robot_arb INFO Pair: GAZP / GZU6
07:39:52 robot_arb INFO Account: 1225953 | Port: 5090 | Paper: False
07:39:52 robot_arb INFO Params: entry_z=2.5 lookback=200 lots_a=10 lots_b=1 hedge_ratio=10
07:39:52 robot_arb INFO Min profit: rub=5
07:39:52 robot_arb INFO Risk: stop_loss_rub=500000
07:39:52 robot_arb INFO State loaded: pnl=0 trades=0 mode=running
08:39:04 robot_arb INFO Signal 15 — shutting down...
08:39:06 robot_arb INFO === Arbitrage Robot v1 ===
08:39:06 robot_arb INFO Pair: GAZP / GZU6
08:39:06 robot_arb INFO Account: 1225953 | Port: 5090 | Paper: False
08:39:06 robot_arb INFO Params: entry_z=2.5 lookback=200 lots_a=10 lots_b=1 hedge_ratio=10
08:39:06 robot_arb INFO Min profit: rub=5.5
08:39:06 robot_arb INFO Risk: stop_loss_rub=500000
08:39:06 robot_arb INFO State loaded: pnl=0 trades=0 mode=stopped
08:39:07 robot_arb INFO FinamPy connected. Accounts: ['1225950', '1225951', '1225952', '1225953']
08:39:07 robot_arb INFO Orders manager linked to FinamPy gRPC
08:39:07 robot_arb INFO Subscribed OrderBook: GAZP@RTSX, GZU6@RTSX
08:39:07 robot_arb INFO Subscribed Quotes: GAZP@RTSX, GZU6@RTSX
08:39:07 robot_arb INFO Warmup: waiting 10 sec for data streams...
08:39:17 robot_arb INFO Warmup done. OB_A: False OB_B: False
08:39:17 robot_arb INFO MOEX ISS poller started (fallback for stock prices)
08:39:17 robot_arb INFO Main loop started
08:39:17 robot_arb INFO Cleanup: 1 open layers in mode=stopped, attempting close...
08:39:17 robot_arb INFO EXIT ALL 1 layers — reason=cleanup
08:39:17 robot_arb ERROR Cannot exit layer #1 — no price data
08:39:25 robot_arb INFO === Arbitrage Robot v1 ===
08:39:25 robot_arb INFO Pair: GAZP / GZU6
08:39:25 robot_arb INFO Account: 1225953 | Port: 5090 | Paper: False
08:39:25 robot_arb INFO Params: entry_z=2.5 lookback=200 lots_a=10 lots_b=1 hedge_ratio=10
08:39:25 robot_arb INFO Min profit: rub=5.5
08:39:25 robot_arb INFO Risk: stop_loss_rub=500000
08:39:25 robot_arb INFO State loaded: pnl=0 trades=0 mode=stopped
08:39:25 robot_arb INFO FinamPy connected. Accounts: ['1225950', '1225951', '1225952', '1225953']
08:39:25 robot_arb INFO Orders manager linked to FinamPy gRPC
08:39:25 robot_arb INFO Subscribed OrderBook: GAZP@RTSX, GZU6@RTSX
08:39:25 robot_arb INFO Subscribed Quotes: GAZP@RTSX, GZU6@RTSX
08:39:25 robot_arb INFO Warmup: waiting 10 sec for data streams...
08:39:31 robot_arb INFO Signal 15 — shutting down...
08:39:31 robot_arb INFO === Arbitrage Robot v1 ===
08:39:31 robot_arb INFO Pair: GAZP / GZU6
08:39:31 robot_arb INFO Account: 1225953 | Port: 5090 | Paper: False
08:39:31 robot_arb INFO Params: entry_z=2.5 lookback=200 lots_a=10 lots_b=1 hedge_ratio=10
08:39:31 robot_arb INFO Min profit: rub=5.5
08:39:31 robot_arb INFO Risk: stop_loss_rub=500000
08:39:31 robot_arb INFO State loaded: pnl=0 trades=0 mode=stopped
08:39:32 robot_arb INFO FinamPy connected. Accounts: ['1225950', '1225951', '1225952', '1225953']
08:39:32 robot_arb INFO Orders manager linked to FinamPy gRPC
08:39:32 robot_arb INFO Subscribed OrderBook: GAZP@RTSX, GZU6@RTSX
08:39:32 robot_arb INFO Subscribed Quotes: GAZP@RTSX, GZU6@RTSX
08:39:32 robot_arb INFO Warmup: waiting 10 sec for data streams...
08:39:42 robot_arb INFO Warmup done. OB_A: False OB_B: False
08:39:42 robot_arb INFO MOEX ISS poller started (fallback for stock prices)
08:39:42 robot_arb INFO Main loop started
08:39:42 robot_arb INFO Cleanup: 1 open layers in mode=stopped, attempting close...
08:39:42 robot_arb INFO EXIT ALL 1 layers — reason=cleanup
08:39:42 robot_arb ERROR Cannot exit layer #1 — no price data
08:39:49 robot_arb INFO === Arbitrage Robot v1 ===
08:39:49 robot_arb INFO Pair: GAZP / GZU6
08:39:49 robot_arb INFO Account: 1225953 | Port: 5090 | Paper: False
08:39:49 robot_arb INFO Params: entry_z=2.5 lookback=200 lots_a=10 lots_b=1 hedge_ratio=10
08:39:49 robot_arb INFO Min profit: rub=5.5
08:39:49 robot_arb INFO Risk: stop_loss_rub=500000
08:39:49 robot_arb INFO State loaded: pnl=0 trades=0 mode=stopped
08:39:50 robot_arb INFO FinamPy connected. Accounts: ['1225950', '1225951', '1225952', '1225953']
08:39:50 robot_arb INFO Orders manager linked to FinamPy gRPC
08:39:50 robot_arb INFO Subscribed OrderBook: GAZP@RTSX, GZU6@RTSX
08:39:50 robot_arb INFO Subscribed Quotes: GAZP@RTSX, GZU6@RTSX
08:39:50 robot_arb INFO Warmup: waiting 10 sec for data streams...
08:40:00 robot_arb INFO Warmup done. OB_A: False OB_B: False
08:40:00 robot_arb INFO MOEX ISS poller started (fallback for stock prices)
08:40:00 robot_arb INFO Main loop started
08:40:00 robot_arb INFO Cleanup: 1 open layers in mode=stopped, attempting close...
08:40:00 robot_arb INFO EXIT ALL 1 layers — reason=cleanup
08:40:00 robot_arb ERROR Cannot exit layer #1 — no price data
08:40:07 robot_arb INFO === Arbitrage Robot v1 ===
08:40:07 robot_arb INFO Pair: GAZP / GZU6
08:40:07 robot_arb INFO Account: 1225953 | Port: 5090 | Paper: False
08:40:07 robot_arb INFO Params: entry_z=2.5 lookback=200 lots_a=10 lots_b=1 hedge_ratio=10
08:40:07 robot_arb INFO Min profit: rub=5.5
08:40:07 robot_arb INFO Risk: stop_loss_rub=500000
08:40:07 robot_arb INFO State loaded: pnl=0 trades=0 mode=stopped
08:40:13 robot_arb INFO Signal 15 — shutting down...
08:40:15 robot_arb INFO === Arbitrage Robot v1 ===
08:40:15 robot_arb INFO Pair: GAZP / GZU6
08:40:15 robot_arb INFO Account: 1225953 | Port: 5090 | Paper: False
08:40:15 robot_arb INFO Params: entry_z=2.5 lookback=200 lots_a=10 lots_b=1 hedge_ratio=10
08:40:15 robot_arb INFO Min profit: rub=5.5
08:40:15 robot_arb INFO Risk: stop_loss_rub=500000
08:40:15 robot_arb INFO State loaded: pnl=0 trades=0 mode=stopped
08:40:16 robot_arb INFO FinamPy connected. Accounts: ['1225950', '1225951', '1225952', '1225953']
08:40:16 robot_arb INFO Orders manager linked to FinamPy gRPC
08:40:16 robot_arb INFO Subscribed OrderBook: GAZP@RTSX, GZU6@RTSX
08:40:16 robot_arb INFO Subscribed Quotes: GAZP@RTSX, GZU6@RTSX
08:40:16 robot_arb INFO Warmup: waiting 10 sec for data streams...
08:40:26 robot_arb INFO Warmup done. OB_A: False OB_B: False
08:40:26 robot_arb INFO MOEX ISS poller started (fallback for stock prices)
08:40:26 robot_arb INFO Main loop started
08:40:26 robot_arb INFO Cleanup: 1 open layers in mode=stopped, attempting close...
08:40:26 robot_arb INFO EXIT ALL 1 layers — reason=cleanup
08:40:26 robot_arb ERROR Cannot exit layer #1 — no price data
08:40:26 robot_arb INFO API listening on :5090
08:40:26 robot_arb INFO Endpoints: GET /status /health /params | POST /start /stop /pause /params
08:40:27 robot_arb INFO Cleanup: 1 open layers in mode=stopped, attempting close...
08:40:27 robot_arb INFO EXIT ALL 1 layers — reason=cleanup
08:40:27 robot_arb INFO EXIT layer #1 reason=cleanup | limit sell 10 @ 94.23 | market buy 1 @ 9696.85
08:40:27 orders_arb INFO gRPC sending: limit sell 10 GAZP@MISX acc=1225950 @ 94.23
08:40:27 orders_arb INFO gRPC limit placed: sell 10 GAZP@MISX acc=1225950 @ 94.23 id=81284842011
08:40:27 orders_arb INFO Leg A filled 10@94.23 → executing leg B market 1
08:40:27 orders_arb INFO gRPC sending: market buy 1 GZU6@RTSX acc=1225953 @ MKT
08:40:27 orders_arb INFO gRPC market placed: buy 1 GZU6@RTSX acc=1225953 @ MKT id=1896048080580157281
08:40:27 orders_arb INFO Leg B fill price: 9696.85
08:40:27 strategy_arb INFO LAYER #1 CLOSE SHORT | PnL=-14.14₽ (gross=-6.66₽ comm=7.48₽) | reason=cleanup | hold=859min | layers=0
08:40:30 robot_arb INFO Mode → RUNNING
08:40:32 robot_arb INFO Z=2.50 (threshold=2.5) — no signal (dup_check=False)
08:41:14 robot_arb INFO Z=3.92 (threshold=2.5) — no signal (dup_check=False)
08:45:38 robot_arb INFO ⚠️ CHECK_ENTRY returned signal: {'action': 'entry', 'side': 'short_basis', 'z': 3.76538948086144, 'basis': 8787.6, 'price_a': 94.54, 'price_b': 9733.0}
08:45:38 robot_arb INFO ENTRY SIGNAL short_basis | Z=3.77 basis=8787.60 | A=94.54 B=9733.00 | limit buy 10 @ 94.54 | market sell 1 @ 9728.13
08:45:38 orders_arb INFO gRPC sending: limit buy 10 GAZP@MISX acc=1225950 @ 94.54
08:45:38 orders_arb INFO gRPC limit placed: buy 10 GAZP@MISX acc=1225950 @ 94.54 id=81285561221
08:45:38 orders_arb INFO Leg A filled 10@94.54 → executing leg B market 1
08:45:38 orders_arb INFO gRPC sending: market sell 1 GZU6@RTSX acc=1225953 @ MKT
08:45:38 orders_arb INFO gRPC market placed: sell 1 GZU6@RTSX acc=1225953 @ MKT id=1896048080580198048
08:45:38 orders_arb INFO Leg B fill price: 9728.13
08:45:38 strategy_arb INFO LAYER #2 OPEN SHORT | A=94.54 ×10 | B=9728.13 ×1 | basis=8782.73 Z=3.77 | layers=1
08:45:38 robot_arb INFO LAYER OPEN SHORT_BASIS #2 | A=94.54 ×10 | B=9728.13 ×1 | basis=8787.60 Z=3.77 | layers=1 used_capital=11,385
08:45:39 robot_arb INFO Z=3.62 (threshold=2.5) — no signal (dup_check=LOCKED)
08:45:39 robot_arb INFO Z=3.62 (threshold=2.5) — no signal (dup_check=LOCKED)
08:45:40 robot_arb INFO Z=3.50 (threshold=2.5) — no signal (dup_check=LOCKED)
08:45:40 robot_arb INFO Z=3.50 (threshold=2.5) — no signal (dup_check=False)
08:45:41 robot_arb INFO Z=3.46 (threshold=2.5) — no signal (dup_check=False)
08:45:41 robot_arb INFO Z=3.46 (threshold=2.5) — no signal (dup_check=False)
08:45:42 robot_arb INFO Z=3.42 (threshold=2.5) — no signal (dup_check=False)
08:45:42 robot_arb INFO Z=3.08 (threshold=2.5) — no signal (dup_check=False)
08:45:43 robot_arb INFO Z=3.00 (threshold=2.5) — no signal (dup_check=False)
08:45:43 robot_arb INFO Z=3.00 (threshold=2.5) — no signal (dup_check=False)
08:45:44 robot_arb INFO Z=2.93 (threshold=2.5) — no signal (dup_check=False)
08:45:44 robot_arb INFO Z=2.93 (threshold=2.5) — no signal (dup_check=False)
08:45:45 robot_arb INFO Z=2.86 (threshold=2.5) — no signal (dup_check=False)
08:45:45 robot_arb INFO Z=4.79 (threshold=2.5) — no signal (dup_check=False)
08:45:46 robot_arb INFO Z=4.52 (threshold=2.5) — no signal (dup_check=False)
08:45:46 robot_arb INFO Z=4.52 (threshold=2.5) — no signal (dup_check=False)
08:45:47 robot_arb INFO Z=4.28 (threshold=2.5) — no signal (dup_check=False)
08:45:52 robot_arb INFO Z=4.62 (threshold=2.5) — no signal (dup_check=False)
08:45:53 robot_arb INFO Z=4.37 (threshold=2.5) — no signal (dup_check=False)
08:45:53 robot_arb INFO Z=4.37 (threshold=2.5) — no signal (dup_check=False)
08:45:54 robot_arb INFO Z=4.16 (threshold=2.5) — no signal (dup_check=False)
08:45:54 robot_arb INFO Z=4.16 (threshold=2.5) — no signal (dup_check=False)
08:45:55 robot_arb INFO Z=3.97 (threshold=2.5) — no signal (dup_check=False)
08:46:08 robot_arb INFO Z=2.31 (threshold=2.5) — no signal (dup_check=False)
08:46:08 robot_arb INFO Z=2.31 (threshold=2.5) — no signal (dup_check=False)
08:46:43 robot_arb INFO Z=2.47 (threshold=2.5) — no signal (dup_check=False)
08:46:43 robot_arb INFO Z=2.47 (threshold=2.5) — no signal (dup_check=False)
08:46:44 robot_arb INFO Z=2.43 (threshold=2.5) — no signal (dup_check=False)
08:46:44 robot_arb INFO Z=2.43 (threshold=2.5) — no signal (dup_check=False)
08:46:45 robot_arb INFO Z=2.38 (threshold=2.5) — no signal (dup_check=False)
08:46:45 robot_arb INFO Z=2.38 (threshold=2.5) — no signal (dup_check=False)
08:50:36 robot_arb INFO EXIT layer #2 reason=profit_target | limit sell 10 @ 94.68 | market buy 1 @ 9721.86
08:50:36 orders_arb INFO gRPC sending: limit sell 10 GAZP@MISX acc=1225950 @ 94.68
08:50:36 orders_arb INFO gRPC limit placed: sell 10 GAZP@MISX acc=1225950 @ 94.68 id=81286178666
08:50:42 robot_arb ERROR Exit failed layer #2: leg_a_timeout — retrying next tick
08:58:23 robot_arb INFO Z=3.00 (threshold=2.5) — no signal (dup_check=False)
08:58:43 robot_arb INFO Z=2.92 (threshold=2.5) — no signal (dup_check=False)
08:58:44 robot_arb INFO Z=2.85 (threshold=2.5) — no signal (dup_check=False)
08:58:44 robot_arb INFO Z=2.85 (threshold=2.5) — no signal (dup_check=False)
08:58:45 robot_arb INFO Z=2.78 (threshold=2.5) — no signal (dup_check=False)
08:58:45 robot_arb INFO Z=2.78 (threshold=2.5) — no signal (dup_check=False)
08:58:46 robot_arb INFO Z=2.71 (threshold=2.5) — no signal (dup_check=False)
08:58:46 robot_arb INFO Z=2.71 (threshold=2.5) — no signal (dup_check=False)
08:58:47 robot_arb INFO Z=2.65 (threshold=2.5) — no signal (dup_check=False)
08:58:47 robot_arb INFO Z=2.65 (threshold=2.5) — no signal (dup_check=False)
08:58:48 robot_arb INFO Z=2.59 (threshold=2.5) — no signal (dup_check=False)
08:58:58 robot_arb INFO Z=3.69 (threshold=2.5) — no signal (dup_check=False)
08:58:59 robot_arb INFO Z=3.59 (threshold=2.5) — no signal (dup_check=False)
08:58:59 robot_arb INFO Z=3.59 (threshold=2.5) — no signal (dup_check=False)
08:59:00 robot_arb INFO Z=3.48 (threshold=2.5) — no signal (dup_check=False)
08:59:03 robot_arb INFO Z=2.73 (threshold=2.5) — no signal (dup_check=False)
08:59:04 robot_arb INFO Z=2.68 (threshold=2.5) — no signal (dup_check=False)
08:59:04 robot_arb INFO Z=2.68 (threshold=2.5) — no signal (dup_check=False)
08:59:05 robot_arb INFO Z=2.62 (threshold=2.5) — no signal (dup_check=False)
08:59:05 robot_arb INFO Z=2.95 (threshold=2.5) — no signal (dup_check=False)
08:59:06 robot_arb INFO Z=2.88 (threshold=2.5) — no signal (dup_check=False)
08:59:06 robot_arb INFO Z=2.88 (threshold=2.5) — no signal (dup_check=False)
08:59:07 robot_arb INFO Z=2.81 (threshold=2.5) — no signal (dup_check=False)
08:59:07 robot_arb INFO Z=2.81 (threshold=2.5) — no signal (dup_check=False)
08:59:08 robot_arb INFO Z=2.74 (threshold=2.5) — no signal (dup_check=False)
09:00:02 robot_arb INFO Z=2.38 (threshold=2.5) — no signal (dup_check=False)
09:00:02 robot_arb INFO Z=2.38 (threshold=2.5) — no signal (dup_check=False)
09:00:03 robot_arb INFO Z=2.34 (threshold=2.5) — no signal (dup_check=False)
09:00:03 robot_arb INFO Z=2.34 (threshold=2.5) — no signal (dup_check=False)
09:00:04 robot_arb INFO Z=2.31 (threshold=2.5) — no signal (dup_check=False)
09:01:55 robot_arb INFO Z=2.68 (threshold=2.5) — no signal (dup_check=False)
09:01:56 robot_arb INFO Z=2.62 (threshold=2.5) — no signal (dup_check=False)
09:01:56 robot_arb INFO Z=2.62 (threshold=2.5) — no signal (dup_check=False)
09:01:57 robot_arb INFO Z=2.57 (threshold=2.5) — no signal (dup_check=False)
09:01:57 robot_arb INFO Z=2.57 (threshold=2.5) — no signal (dup_check=False)
09:01:58 robot_arb INFO Z=2.52 (threshold=2.5) — no signal (dup_check=False)
09:03:36 robot_arb INFO EXIT ALL 1 layers — reason=manual_stop
09:03:36 robot_arb INFO EXIT layer #2 reason=manual_stop | limit sell 10 @ 94.38 | market buy 1 @ 9714.85
09:03:36 orders_arb INFO gRPC sending: limit sell 10 GAZP@MISX acc=1225950 @ 94.38
09:03:36 orders_arb ERROR gRPC order error (GAZP@RTSX sell 10@94.38): code=StatusCode.INTERNAL details=Jwt token check failed: UNAUTHENTICATED: Token is expired
09:03:36 orders_arb WARNING gRPC limit failed, falling back to DP server
09:03:36 orders_arb ERROR Limit order error (GAZP@RTSX sell 10@94.38): no response
09:03:36 robot_arb ERROR Exit failed layer #2: leg_a_place_failed — retrying next tick
09:03:36 robot_arb INFO Mode → STOPPED
09:03:36 robot_arb INFO Cleanup: 1 open layers in mode=stopped, attempting close...
09:03:36 robot_arb INFO EXIT ALL 1 layers — reason=cleanup
09:03:36 robot_arb INFO EXIT layer #2 reason=cleanup | limit sell 10 @ 94.38 | market buy 1 @ 9714.85
09:03:36 orders_arb INFO gRPC sending: limit sell 10 GAZP@MISX acc=1225950 @ 94.38
09:03:36 orders_arb ERROR gRPC order error (GAZP@RTSX sell 10@94.38): code=StatusCode.INTERNAL details=Jwt token check failed: UNAUTHENTICATED: Token is expired
09:03:36 orders_arb WARNING gRPC limit failed, falling back to DP server
09:03:37 orders_arb ERROR Limit order error (GAZP@RTSX sell 10@94.38): no response
09:03:37 robot_arb ERROR Exit failed layer #2: leg_a_place_failed — retrying next tick
09:03:38 robot_arb INFO Cleanup: 1 open layers in mode=stopped, attempting close...
09:03:38 robot_arb INFO EXIT ALL 1 layers — reason=cleanup
09:03:38 robot_arb INFO EXIT layer #2 reason=cleanup | limit sell 10 @ 94.38 | market buy 1 @ 9714.85
09:03:38 orders_arb INFO gRPC sending: limit sell 10 GAZP@MISX acc=1225950 @ 94.38
09:03:38 orders_arb ERROR gRPC order error (GAZP@RTSX sell 10@94.38): code=StatusCode.INTERNAL details=Jwt token check failed: UNAUTHENTICATED: Token is expired
09:03:38 orders_arb WARNING gRPC limit failed, falling back to DP server
09:03:38 orders_arb ERROR Limit order error (GAZP@RTSX sell 10@94.38): no response
09:03:38 robot_arb ERROR Exit failed layer #2: leg_a_place_failed — retrying next tick
09:03:39 robot_arb INFO Cleanup: 1 open layers in mode=stopped, attempting close...
09:03:39 robot_arb INFO EXIT ALL 1 layers — reason=cleanup
09:03:39 robot_arb INFO EXIT layer #2 reason=cleanup | limit sell 10 @ 94.38 | market buy 1 @ 9714.85
09:03:39 orders_arb INFO gRPC sending: limit sell 10 GAZP@MISX acc=1225950 @ 94.38
09:03:39 orders_arb ERROR gRPC order error (GAZP@RTSX sell 10@94.38): code=StatusCode.INTERNAL details=Jwt token check failed: UNAUTHENTICATED: Token is expired
09:03:39 orders_arb WARNING gRPC limit failed, falling back to DP server
09:03:39 orders_arb ERROR Limit order error (GAZP@RTSX sell 10@94.38): no response
09:03:39 robot_arb ERROR Exit failed layer #2: leg_a_place_failed — retrying next tick
09:03:40 robot_arb INFO Cleanup: 1 open layers in mode=stopped, attempting close...
09:03:40 robot_arb INFO EXIT ALL 1 layers — reason=cleanup
09:03:40 robot_arb INFO EXIT layer #2 reason=cleanup | limit sell 10 @ 94.38 | market buy 1 @ 9714.85
09:03:40 orders_arb INFO gRPC sending: limit sell 10 GAZP@MISX acc=1225950 @ 94.38
09:03:40 orders_arb ERROR gRPC order error (GAZP@RTSX sell 10@94.38): code=StatusCode.INTERNAL details=Jwt token check failed: UNAUTHENTICATED: Token is expired
09:03:40 orders_arb WARNING gRPC limit failed, falling back to DP server
09:03:40 orders_arb ERROR Limit order error (GAZP@RTSX sell 10@94.38): no response
09:03:40 robot_arb ERROR Exit failed layer #2: leg_a_place_failed — retrying next tick
09:03:41 robot_arb INFO Cleanup: 1 open layers in mode=stopped, attempting close...
09:03:41 robot_arb INFO EXIT ALL 1 layers — reason=cleanup
09:03:41 robot_arb INFO EXIT layer #2 reason=cleanup | limit sell 10 @ 94.38 | market buy 1 @ 9716.86
09:03:41 orders_arb INFO gRPC sending: limit sell 10 GAZP@MISX acc=1225950 @ 94.38
09:03:41 orders_arb ERROR gRPC order error (GAZP@RTSX sell 10@94.38): code=StatusCode.INTERNAL details=Jwt token check failed: UNAUTHENTICATED: Token is expired
09:03:41 orders_arb WARNING gRPC limit failed, falling back to DP server
09:03:41 orders_arb ERROR Limit order error (GAZP@RTSX sell 10@94.38): no response
09:03:41 robot_arb ERROR Exit failed layer #2: leg_a_place_failed — retrying next tick
09:03:42 robot_arb INFO Cleanup: 1 open layers in mode=stopped, attempting close...
09:03:42 robot_arb INFO EXIT ALL 1 layers — reason=cleanup
09:03:42 robot_arb INFO EXIT layer #2 reason=cleanup | limit sell 10 @ 94.38 | market buy 1 @ 9716.86
09:03:42 orders_arb INFO gRPC sending: limit sell 10 GAZP@MISX acc=1225950 @ 94.38
09:03:42 orders_arb ERROR gRPC order error (GAZP@RTSX sell 10@94.38): code=StatusCode.INTERNAL details=Jwt token check failed: UNAUTHENTICATED: Token is expired
09:03:42 orders_arb WARNING gRPC limit failed, falling back to DP server
09:03:42 orders_arb ERROR Limit order error (GAZP@RTSX sell 10@94.38): no response
09:03:42 robot_arb ERROR Exit failed layer #2: leg_a_place_failed — retrying next tick
09:03:43 robot_arb INFO Cleanup: 1 open layers in mode=stopped, attempting close...
09:03:43 robot_arb INFO EXIT ALL 1 layers — reason=cleanup
09:03:43 robot_arb INFO EXIT layer #2 reason=cleanup | limit sell 10 @ 94.38 | market buy 1 @ 9716.86
09:03:43 orders_arb INFO gRPC sending: limit sell 10 GAZP@MISX acc=1225950 @ 94.38
09:03:43 orders_arb ERROR gRPC order error (GAZP@RTSX sell 10@94.38): code=StatusCode.INTERNAL details=Jwt token check failed: UNAUTHENTICATED: Token is expired
09:03:43 orders_arb WARNING gRPC limit failed, falling back to DP server
09:03:44 orders_arb ERROR Limit order error (GAZP@RTSX sell 10@94.38): no response
09:03:44 robot_arb ERROR Exit failed layer #2: leg_a_place_failed — retrying next tick
09:03:45 robot_arb INFO Cleanup: 1 open layers in mode=stopped, attempting close...
09:03:45 robot_arb INFO EXIT ALL 1 layers — reason=cleanup
09:03:45 robot_arb INFO EXIT layer #2 reason=cleanup | limit sell 10 @ 94.38 | market buy 1 @ 9716.86
09:03:45 orders_arb INFO gRPC sending: limit sell 10 GAZP@MISX acc=1225950 @ 94.38
09:03:45 orders_arb ERROR gRPC order error (GAZP@RTSX sell 10@94.38): code=StatusCode.INTERNAL details=Jwt token check failed: UNAUTHENTICATED: Token is expired
09:03:45 orders_arb WARNING gRPC limit failed, falling back to DP server
09:03:45 orders_arb ERROR Limit order error (GAZP@RTSX sell 10@94.38): no response
09:03:45 robot_arb ERROR Exit failed layer #2: leg_a_place_failed — retrying next tick
09:03:46 robot_arb INFO Cleanup: 1 open layers in mode=stopped, attempting close...
09:03:46 robot_arb INFO EXIT ALL 1 layers — reason=cleanup
09:03:46 robot_arb INFO EXIT layer #2 reason=cleanup | limit sell 10 @ 94.38 | market buy 1 @ 9716.86
09:03:46 orders_arb INFO gRPC sending: limit sell 10 GAZP@MISX acc=1225950 @ 94.38
09:03:46 orders_arb ERROR gRPC order error (GAZP@RTSX sell 10@94.38): code=StatusCode.INTERNAL details=Jwt token check failed: UNAUTHENTICATED: Token is expired
09:03:46 orders_arb WARNING gRPC limit failed, falling back to DP server
09:03:46 orders_arb ERROR Limit order error (GAZP@RTSX sell 10@94.38): no response
09:03:46 robot_arb ERROR Exit failed layer #2: leg_a_place_failed — retrying next tick
09:03:47 robot_arb INFO Cleanup: 1 open layers in mode=stopped, attempting close...
09:03:47 robot_arb INFO EXIT ALL 1 layers — reason=cleanup
09:03:47 robot_arb INFO EXIT layer #2 reason=cleanup | limit sell 10 @ 94.43 | market buy 1 @ 9719.86
09:03:47 orders_arb INFO gRPC sending: limit sell 10 GAZP@MISX acc=1225950 @ 94.43
09:03:47 orders_arb ERROR gRPC order error (GAZP@RTSX sell 10@94.43): code=StatusCode.INTERNAL details=Trading is not available at the moment
09:03:47 orders_arb WARNING gRPC limit failed, falling back to DP server
09:03:47 orders_arb ERROR Limit order error (GAZP@RTSX sell 10@94.43): no response
09:03:47 robot_arb ERROR Exit failed layer #2: leg_a_place_failed — retrying next tick
09:03:48 robot_arb INFO Cleanup: 1 open layers in mode=stopped, attempting close...
09:03:48 robot_arb INFO EXIT ALL 1 layers — reason=cleanup
09:03:48 robot_arb INFO EXIT layer #2 reason=cleanup | limit sell 10 @ 94.43 | market buy 1 @ 9719.86
09:03:48 orders_arb INFO gRPC sending: limit sell 10 GAZP@MISX acc=1225950 @ 94.43
09:03:48 orders_arb ERROR gRPC order error (GAZP@RTSX sell 10@94.43): code=StatusCode.INTERNAL details=Jwt token check failed: UNAUTHENTICATED: Token is expired
09:03:48 orders_arb WARNING gRPC limit failed, falling back to DP server
09:03:48 orders_arb ERROR Limit order error (GAZP@RTSX sell 10@94.43): no response
09:03:48 robot_arb ERROR Exit failed layer #2: leg_a_place_failed — retrying next tick
09:03:49 robot_arb INFO Cleanup: 1 open layers in mode=stopped, attempting close...
09:03:49 robot_arb INFO EXIT ALL 1 layers — reason=cleanup
09:03:49 robot_arb INFO EXIT layer #2 reason=cleanup | limit sell 10 @ 94.43 | market buy 1 @ 9719.86
09:03:49 orders_arb INFO gRPC sending: limit sell 10 GAZP@MISX acc=1225950 @ 94.43
09:03:49 orders_arb ERROR gRPC order error (GAZP@RTSX sell 10@94.43): code=StatusCode.INTERNAL details=Jwt token check failed: UNAUTHENTICATED: Token is expired
09:03:49 orders_arb WARNING gRPC limit failed, falling back to DP server
09:03:49 orders_arb ERROR Limit order error (GAZP@RTSX sell 10@94.43): no response
09:03:49 robot_arb ERROR Exit failed layer #2: leg_a_place_failed — retrying next tick
09:03:50 robot_arb INFO Cleanup: 1 open layers in mode=stopped, attempting close...
09:03:50 robot_arb INFO EXIT ALL 1 layers — reason=cleanup
09:03:50 robot_arb INFO EXIT layer #2 reason=cleanup | limit sell 10 @ 94.43 | market buy 1 @ 9719.86
09:03:50 orders_arb INFO gRPC sending: limit sell 10 GAZP@MISX acc=1225950 @ 94.43
09:03:50 orders_arb ERROR gRPC order error (GAZP@RTSX sell 10@94.43): code=StatusCode.INTERNAL details=Jwt token check failed: UNAUTHENTICATED: Token is expired
09:03:50 orders_arb WARNING gRPC limit failed, falling back to DP server
09:03:50 orders_arb ERROR Limit order error (GAZP@RTSX sell 10@94.43): no response
09:03:50 robot_arb ERROR Exit failed layer #2: leg_a_place_failed — retrying next tick
09:03:51 robot_arb INFO Cleanup: 1 open layers in mode=stopped, attempting close...
09:03:51 robot_arb INFO EXIT ALL 1 layers — reason=cleanup
09:03:51 robot_arb INFO EXIT layer #2 reason=cleanup | limit sell 10 @ 94.41 | market buy 1 @ 9718.86
09:03:51 orders_arb INFO gRPC sending: limit sell 10 GAZP@MISX acc=1225950 @ 94.41
09:03:51 orders_arb ERROR gRPC order error (GAZP@RTSX sell 10@94.41): code=StatusCode.INTERNAL details=Jwt token check failed: UNAUTHENTICATED: Token is expired
09:03:51 orders_arb WARNING gRPC limit failed, falling back to DP server
09:03:51 orders_arb ERROR Limit order error (GAZP@RTSX sell 10@94.41): no response
09:03:51 robot_arb ERROR Exit failed layer #2: leg_a_place_failed — retrying next tick
09:03:52 robot_arb INFO Cleanup: 1 open layers in mode=stopped, attempting close...
09:03:52 robot_arb INFO EXIT ALL 1 layers — reason=cleanup
09:03:52 robot_arb INFO EXIT layer #2 reason=cleanup | limit sell 10 @ 94.41 | market buy 1 @ 9718.86
09:03:52 orders_arb INFO gRPC sending: limit sell 10 GAZP@MISX acc=1225950 @ 94.41
09:03:52 orders_arb ERROR gRPC order error (GAZP@RTSX sell 10@94.41): code=StatusCode.INTERNAL details=Jwt token check failed: UNAUTHENTICATED: Token is expired
09:03:52 orders_arb WARNING gRPC limit failed, falling back to DP server
09:03:53 orders_arb ERROR Limit order error (GAZP@RTSX sell 10@94.41): no response
09:03:53 robot_arb ERROR Exit failed layer #2: leg_a_place_failed — retrying next tick
09:03:54 robot_arb INFO Cleanup: 1 open layers in mode=stopped, attempting close...
09:03:54 robot_arb INFO EXIT ALL 1 layers — reason=cleanup
09:03:54 robot_arb INFO EXIT layer #2 reason=cleanup | limit sell 10 @ 94.41 | market buy 1 @ 9718.86
09:03:54 orders_arb INFO gRPC sending: limit sell 10 GAZP@MISX acc=1225950 @ 94.41
09:03:54 orders_arb ERROR gRPC order error (GAZP@RTSX sell 10@94.41): code=StatusCode.INTERNAL details=Jwt token check failed: UNAUTHENTICATED: Token is expired
09:03:54 orders_arb WARNING gRPC limit failed, falling back to DP server
09:03:54 orders_arb ERROR Limit order error (GAZP@RTSX sell 10@94.41): no response
09:03:54 robot_arb ERROR Exit failed layer #2: leg_a_place_failed — retrying next tick
09:03:55 robot_arb INFO Cleanup: 1 open layers in mode=stopped, attempting close...
09:03:55 robot_arb INFO EXIT ALL 1 layers — reason=cleanup
09:03:55 robot_arb INFO EXIT layer #2 reason=cleanup | limit sell 10 @ 94.41 | market buy 1 @ 9718.86
09:03:55 orders_arb INFO gRPC sending: limit sell 10 GAZP@MISX acc=1225950 @ 94.41
09:03:55 orders_arb ERROR gRPC order error (GAZP@RTSX sell 10@94.41): code=StatusCode.INTERNAL details=Jwt token check failed: UNAUTHENTICATED: Token is expired
09:03:55 orders_arb WARNING gRPC limit failed, falling back to DP server
09:03:55 orders_arb ERROR Limit order error (GAZP@RTSX sell 10@94.41): no response
09:03:55 robot_arb ERROR Exit failed layer #2: leg_a_place_failed — retrying next tick
09:03:56 robot_arb INFO Cleanup: 1 open layers in mode=stopped, attempting close...
09:03:56 robot_arb INFO EXIT ALL 1 layers — reason=cleanup
09:03:56 robot_arb INFO EXIT layer #2 reason=cleanup | limit sell 10 @ 94.43 | market buy 1 @ 9719.86
09:03:56 orders_arb INFO gRPC sending: limit sell 10 GAZP@MISX acc=1225950 @ 94.43
09:03:56 orders_arb ERROR gRPC order error (GAZP@RTSX sell 10@94.43): code=StatusCode.INTERNAL details=Jwt token check failed: UNAUTHENTICATED: Token is expired
09:03:56 orders_arb WARNING gRPC limit failed, falling back to DP server
09:03:56 orders_arb ERROR Limit order error (GAZP@RTSX sell 10@94.43): no response
09:03:56 robot_arb ERROR Exit failed layer #2: leg_a_place_failed — retrying next tick
09:03:57 robot_arb INFO Cleanup: 1 open layers in mode=stopped, attempting close...
09:03:57 robot_arb INFO EXIT ALL 1 layers — reason=cleanup
09:03:57 robot_arb INFO EXIT layer #2 reason=cleanup | limit sell 10 @ 94.43 | market buy 1 @ 9719.86
09:03:57 orders_arb INFO gRPC sending: limit sell 10 GAZP@MISX acc=1225950 @ 94.43
09:03:57 orders_arb ERROR gRPC order error (GAZP@RTSX sell 10@94.43): code=StatusCode.INTERNAL details=Jwt token check failed: UNAUTHENTICATED: Token is expired
09:03:57 orders_arb WARNING gRPC limit failed, falling back to DP server
09:03:57 orders_arb ERROR Limit order error (GAZP@RTSX sell 10@94.43): no response
09:03:57 robot_arb ERROR Exit failed layer #2: leg_a_place_failed — retrying next tick
09:03:58 robot_arb INFO Cleanup: 1 open layers in mode=stopped, attempting close...
09:03:58 robot_arb INFO EXIT ALL 1 layers — reason=cleanup
09:03:58 robot_arb INFO EXIT layer #2 reason=cleanup | limit sell 10 @ 94.43 | market buy 1 @ 9719.86
09:03:58 orders_arb INFO gRPC sending: limit sell 10 GAZP@MISX acc=1225950 @ 94.43
09:03:58 orders_arb ERROR gRPC order error (GAZP@RTSX sell 10@94.43): code=StatusCode.INTERNAL details=Jwt token check failed: UNAUTHENTICATED: Token is expired
09:03:58 orders_arb WARNING gRPC limit failed, falling back to DP server
09:03:59 orders_arb ERROR Limit order error (GAZP@RTSX sell 10@94.43): no response
09:03:59 robot_arb ERROR Exit failed layer #2: leg_a_place_failed — retrying next tick
09:04:00 robot_arb INFO Cleanup: 1 open layers in mode=stopped, attempting close...
09:04:00 robot_arb INFO EXIT ALL 1 layers — reason=cleanup
09:04:00 robot_arb INFO EXIT layer #2 reason=cleanup | limit sell 10 @ 94.43 | market buy 1 @ 9719.86
09:04:00 orders_arb INFO gRPC sending: limit sell 10 GAZP@MISX acc=1225950 @ 94.43
09:04:00 orders_arb ERROR gRPC order error (GAZP@RTSX sell 10@94.43): code=StatusCode.INTERNAL details=Jwt token check failed: UNAUTHENTICATED: Token is expired
09:04:00 orders_arb WARNING gRPC limit failed, falling back to DP server
09:04:00 orders_arb ERROR Limit order error (GAZP@RTSX sell 10@94.43): no response
09:04:00 robot_arb ERROR Exit failed layer #2: leg_a_place_failed — retrying next tick
09:04:01 robot_arb INFO Cleanup: 1 open layers in mode=stopped, attempting close...
09:04:01 robot_arb INFO EXIT ALL 1 layers — reason=cleanup
09:04:01 robot_arb INFO EXIT layer #2 reason=cleanup | limit sell 10 @ 94.43 | market buy 1 @ 9719.86
09:04:01 orders_arb INFO gRPC sending: limit sell 10 GAZP@MISX acc=1225950 @ 94.43
09:04:01 orders_arb ERROR gRPC order error (GAZP@RTSX sell 10@94.43): code=StatusCode.INTERNAL details=Jwt token check failed: UNAUTHENTICATED: Token is expired
09:04:01 orders_arb WARNING gRPC limit failed, falling back to DP server
09:04:01 orders_arb ERROR Limit order error (GAZP@RTSX sell 10@94.43): no response
09:04:01 robot_arb ERROR Exit failed layer #2: leg_a_place_failed — retrying next tick
09:04:02 robot_arb INFO Cleanup: 1 open layers in mode=stopped, attempting close...
09:04:02 robot_arb INFO EXIT ALL 1 layers — reason=cleanup
09:04:02 robot_arb INFO EXIT layer #2 reason=cleanup | limit sell 10 @ 94.43 | market buy 1 @ 9718.86
09:04:02 orders_arb INFO gRPC sending: limit sell 10 GAZP@MISX acc=1225950 @ 94.43
09:04:02 orders_arb ERROR gRPC order error (GAZP@RTSX sell 10@94.43): code=StatusCode.INTERNAL details=Jwt token check failed: UNAUTHENTICATED: Token is expired
09:04:02 orders_arb WARNING gRPC limit failed, falling back to DP server
09:04:02 orders_arb ERROR Limit order error (GAZP@RTSX sell 10@94.43): no response
09:04:02 robot_arb ERROR Exit failed layer #2: leg_a_place_failed — retrying next tick
09:04:03 robot_arb INFO Cleanup: 1 open layers in mode=stopped, attempting close...
09:04:03 robot_arb INFO EXIT ALL 1 layers — reason=cleanup
09:04:03 robot_arb INFO EXIT layer #2 reason=cleanup | limit sell 10 @ 94.43 | market buy 1 @ 9718.86
09:04:03 orders_arb INFO gRPC sending: limit sell 10 GAZP@MISX acc=1225950 @ 94.43
09:04:03 orders_arb ERROR gRPC order error (GAZP@RTSX sell 10@94.43): code=StatusCode.INTERNAL details=Trading is not available at the moment
09:04:03 orders_arb WARNING gRPC limit failed, falling back to DP server
09:04:03 orders_arb ERROR Limit order error (GAZP@RTSX sell 10@94.43): no response
09:04:03 robot_arb ERROR Exit failed layer #2: leg_a_place_failed — retrying next tick
09:04:04 robot_arb INFO Cleanup: 1 open layers in mode=stopped, attempting close...
09:04:04 robot_arb INFO EXIT ALL 1 layers — reason=cleanup
09:04:04 robot_arb INFO EXIT layer #2 reason=cleanup | limit sell 10 @ 94.43 | market buy 1 @ 9718.86
09:04:04 orders_arb INFO gRPC sending: limit sell 10 GAZP@MISX acc=1225950 @ 94.43
09:04:04 orders_arb ERROR gRPC order error (GAZP@RTSX sell 10@94.43): code=StatusCode.INTERNAL details=Jwt token check failed: UNAUTHENTICATED: Token is expired
09:04:04 orders_arb WARNING gRPC limit failed, falling back to DP server
09:04:04 orders_arb ERROR Limit order error (GAZP@RTSX sell 10@94.43): no response
09:04:04 robot_arb ERROR Exit failed layer #2: leg_a_place_failed — retrying next tick
09:04:05 robot_arb INFO Cleanup: 1 open layers in mode=stopped, attempting close...
09:04:05 robot_arb INFO EXIT ALL 1 layers — reason=cleanup
09:04:05 robot_arb INFO EXIT layer #2 reason=cleanup | limit sell 10 @ 94.43 | market buy 1 @ 9718.86
09:04:05 orders_arb INFO gRPC sending: limit sell 10 GAZP@MISX acc=1225950 @ 94.43
09:04:05 orders_arb ERROR gRPC order error (GAZP@RTSX sell 10@94.43): code=StatusCode.INTERNAL details=Trading is not available at the moment
09:04:05 orders_arb WARNING gRPC limit failed, falling back to DP server
09:04:05 orders_arb ERROR Limit order error (GAZP@RTSX sell 10@94.43): no response
09:04:05 robot_arb ERROR Exit failed layer #2: leg_a_place_failed — retrying next tick
09:04:06 robot_arb INFO Cleanup: 1 open layers in mode=stopped, attempting close...
09:04:06 robot_arb INFO EXIT ALL 1 layers — reason=cleanup
09:04:06 robot_arb INFO EXIT layer #2 reason=cleanup | limit sell 10 @ 94.44 | market buy 1 @ 9719.86
09:04:06 orders_arb INFO gRPC sending: limit sell 10 GAZP@MISX acc=1225950 @ 94.44
09:04:06 orders_arb ERROR gRPC order error (GAZP@RTSX sell 10@94.44): code=StatusCode.INTERNAL details=Jwt token check failed: UNAUTHENTICATED: Token is expired
09:04:06 orders_arb WARNING gRPC limit failed, falling back to DP server
09:04:06 orders_arb ERROR Limit order error (GAZP@RTSX sell 10@94.44): no response
09:04:06 robot_arb ERROR Exit failed layer #2: leg_a_place_failed — retrying next tick
09:04:07 robot_arb INFO Cleanup: 1 open layers in mode=stopped, attempting close...
09:04:07 robot_arb INFO EXIT ALL 1 layers — reason=cleanup
09:04:07 robot_arb INFO EXIT layer #2 reason=cleanup | limit sell 10 @ 94.44 | market buy 1 @ 9719.86
09:04:07 orders_arb INFO gRPC sending: limit sell 10 GAZP@MISX acc=1225950 @ 94.44
09:04:07 orders_arb ERROR gRPC order error (GAZP@RTSX sell 10@94.44): code=StatusCode.INTERNAL details=Jwt token check failed: UNAUTHENTICATED: Token is expired
09:04:07 orders_arb WARNING gRPC limit failed, falling back to DP server
09:04:07 orders_arb ERROR Limit order error (GAZP@RTSX sell 10@94.44): no response
09:04:07 robot_arb ERROR Exit failed layer #2: leg_a_place_failed — retrying next tick
09:04:08 robot_arb INFO Cleanup: 1 open layers in mode=stopped, attempting close...
09:04:08 robot_arb INFO EXIT ALL 1 layers — reason=cleanup
09:04:08 robot_arb INFO EXIT layer #2 reason=cleanup | limit sell 10 @ 94.44 | market buy 1 @ 9719.86
09:04:08 orders_arb INFO gRPC sending: limit sell 10 GAZP@MISX acc=1225950 @ 94.44
09:04:09 orders_arb ERROR gRPC order error (GAZP@RTSX sell 10@94.44): code=StatusCode.INTERNAL details=Trading is not available at the moment
09:04:09 orders_arb WARNING gRPC limit failed, falling back to DP server
09:04:09 orders_arb ERROR Limit order error (GAZP@RTSX sell 10@94.44): no response
09:04:09 robot_arb ERROR Exit failed layer #2: leg_a_place_failed — retrying next tick
09:04:10 robot_arb INFO Cleanup: 1 open layers in mode=stopped, attempting close...
09:04:10 robot_arb INFO EXIT ALL 1 layers — reason=cleanup
09:04:10 robot_arb INFO EXIT layer #2 reason=cleanup | limit sell 10 @ 94.44 | market buy 1 @ 9719.86
09:04:10 orders_arb INFO gRPC sending: limit sell 10 GAZP@MISX acc=1225950 @ 94.44
09:04:10 orders_arb ERROR gRPC order error (GAZP@RTSX sell 10@94.44): code=StatusCode.INTERNAL details=Jwt token check failed: UNAUTHENTICATED: Token is expired
09:04:10 orders_arb WARNING gRPC limit failed, falling back to DP server
09:04:10 orders_arb ERROR Limit order error (GAZP@RTSX sell 10@94.44): no response
09:04:10 robot_arb ERROR Exit failed layer #2: leg_a_place_failed — retrying next tick
09:04:11 robot_arb INFO Cleanup: 1 open layers in mode=stopped, attempting close...
09:04:11 robot_arb INFO EXIT ALL 1 layers — reason=cleanup
09:04:11 robot_arb INFO EXIT layer #2 reason=cleanup | limit sell 10 @ 94.45 | market buy 1 @ 9719.86
09:04:11 orders_arb INFO gRPC sending: limit sell 10 GAZP@MISX acc=1225950 @ 94.45
09:04:11 orders_arb ERROR gRPC order error (GAZP@RTSX sell 10@94.45): code=StatusCode.INTERNAL details=Jwt token check failed: UNAUTHENTICATED: Token is expired
09:04:11 orders_arb WARNING gRPC limit failed, falling back to DP server
09:04:11 orders_arb ERROR Limit order error (GAZP@RTSX sell 10@94.45): no response
09:04:11 robot_arb ERROR Exit failed layer #2: leg_a_place_failed — retrying next tick
09:04:12 robot_arb INFO Cleanup: 1 open layers in mode=stopped, attempting close...
09:04:12 robot_arb INFO EXIT ALL 1 layers — reason=cleanup
09:04:12 robot_arb INFO EXIT layer #2 reason=cleanup | limit sell 10 @ 94.45 | market buy 1 @ 9722.86
09:04:12 orders_arb INFO gRPC sending: limit sell 10 GAZP@MISX acc=1225950 @ 94.45
09:04:12 orders_arb ERROR gRPC order error (GAZP@RTSX sell 10@94.45): code=StatusCode.INTERNAL details=Trading is not available at the moment
09:04:12 orders_arb WARNING gRPC limit failed, falling back to DP server
09:04:12 orders_arb ERROR Limit order error (GAZP@RTSX sell 10@94.45): no response
09:04:12 robot_arb ERROR Exit failed layer #2: leg_a_place_failed — retrying next tick
09:04:13 robot_arb INFO Cleanup: 1 open layers in mode=stopped, attempting close...
09:04:13 robot_arb INFO EXIT ALL 1 layers — reason=cleanup
09:04:13 robot_arb INFO EXIT layer #2 reason=cleanup | limit sell 10 @ 94.45 | market buy 1 @ 9722.86
09:04:13 orders_arb INFO gRPC sending: limit sell 10 GAZP@MISX acc=1225950 @ 94.45
09:04:13 orders_arb ERROR gRPC order error (GAZP@RTSX sell 10@94.45): code=StatusCode.INTERNAL details=Jwt token check failed: UNAUTHENTICATED: Token is expired
09:04:13 orders_arb WARNING gRPC limit failed, falling back to DP server
09:04:13 orders_arb ERROR Limit order error (GAZP@RTSX sell 10@94.45): no response
09:04:13 robot_arb ERROR Exit failed layer #2: leg_a_place_failed — retrying next tick
09:04:14 robot_arb INFO Cleanup: 1 open layers in mode=stopped, attempting close...
09:04:14 robot_arb INFO EXIT ALL 1 layers — reason=cleanup
09:04:14 robot_arb INFO EXIT layer #2 reason=cleanup | limit sell 10 @ 94.45 | market buy 1 @ 9722.86
09:04:14 orders_arb INFO gRPC sending: limit sell 10 GAZP@MISX acc=1225950 @ 94.45
09:04:14 orders_arb ERROR gRPC order error (GAZP@RTSX sell 10@94.45): code=StatusCode.INTERNAL details=Jwt token check failed: UNAUTHENTICATED: Token is expired
09:04:14 orders_arb WARNING gRPC limit failed, falling back to DP server
09:04:14 orders_arb ERROR Limit order error (GAZP@RTSX sell 10@94.45): no response
09:04:14 robot_arb ERROR Exit failed layer #2: leg_a_place_failed — retrying next tick
09:04:15 robot_arb INFO Cleanup: 1 open layers in mode=stopped, attempting close...
09:04:15 robot_arb INFO EXIT ALL 1 layers — reason=cleanup
09:04:15 robot_arb INFO EXIT layer #2 reason=cleanup | limit sell 10 @ 94.45 | market buy 1 @ 9722.86
09:04:15 orders_arb INFO gRPC sending: limit sell 10 GAZP@MISX acc=1225950 @ 94.45
09:04:15 orders_arb ERROR gRPC order error (GAZP@RTSX sell 10@94.45): code=StatusCode.INTERNAL details=Jwt token check failed: UNAUTHENTICATED: Token is expired
09:04:15 orders_arb WARNING gRPC limit failed, falling back to DP server
09:04:16 orders_arb ERROR Limit order error (GAZP@RTSX sell 10@94.45): no response
09:04:16 robot_arb ERROR Exit failed layer #2: leg_a_place_failed — retrying next tick
09:04:17 robot_arb INFO Cleanup: 1 open layers in mode=stopped, attempting close...
09:04:17 robot_arb INFO EXIT ALL 1 layers — reason=cleanup
09:04:17 robot_arb INFO EXIT layer #2 reason=cleanup | limit sell 10 @ 94.45 | market buy 1 @ 9718.86
09:04:17 orders_arb INFO gRPC sending: limit sell 10 GAZP@MISX acc=1225950 @ 94.45
09:04:17 orders_arb ERROR gRPC order error (GAZP@RTSX sell 10@94.45): code=StatusCode.INTERNAL details=Jwt token check failed: UNAUTHENTICATED: Token is expired
09:04:17 orders_arb WARNING gRPC limit failed, falling back to DP server
09:04:17 orders_arb ERROR Limit order error (GAZP@RTSX sell 10@94.45): no response
09:04:17 robot_arb ERROR Exit failed layer #2: leg_a_place_failed — retrying next tick
09:04:18 robot_arb INFO Cleanup: 1 open layers in mode=stopped, attempting close...
09:04:18 robot_arb INFO EXIT ALL 1 layers — reason=cleanup
09:04:18 robot_arb INFO EXIT layer #2 reason=cleanup | limit sell 10 @ 94.45 | market buy 1 @ 9718.86
09:04:18 orders_arb INFO gRPC sending: limit sell 10 GAZP@MISX acc=1225950 @ 94.45
09:04:18 orders_arb ERROR gRPC order error (GAZP@RTSX sell 10@94.45): code=StatusCode.INTERNAL details=Jwt token check failed: UNAUTHENTICATED: Token is expired
09:04:18 orders_arb WARNING gRPC limit failed, falling back to DP server
09:04:18 orders_arb ERROR Limit order error (GAZP@RTSX sell 10@94.45): no response
09:04:18 robot_arb ERROR Exit failed layer #2: leg_a_place_failed — retrying next tick
09:04:19 robot_arb INFO Cleanup: 1 open layers in mode=stopped, attempting close...
09:04:19 robot_arb INFO EXIT ALL 1 layers — reason=cleanup
09:04:19 robot_arb INFO EXIT layer #2 reason=cleanup | limit sell 10 @ 94.45 | market buy 1 @ 9718.86
09:04:19 orders_arb INFO gRPC sending: limit sell 10 GAZP@MISX acc=1225950 @ 94.45
09:04:19 orders_arb ERROR gRPC order error (GAZP@RTSX sell 10@94.45): code=StatusCode.INTERNAL details=Trading is not available at the moment
09:04:19 orders_arb WARNING gRPC limit failed, falling back to DP server
09:04:19 orders_arb ERROR Limit order error (GAZP@RTSX sell 10@94.45): no response
09:04:19 robot_arb ERROR Exit failed layer #2: leg_a_place_failed — retrying next tick
09:04:20 robot_arb INFO Cleanup: 1 open layers in mode=stopped, attempting close...
09:04:20 robot_arb INFO EXIT ALL 1 layers — reason=cleanup
09:04:20 robot_arb INFO EXIT layer #2 reason=cleanup | limit sell 10 @ 94.45 | market buy 1 @ 9718.86
09:04:20 orders_arb INFO gRPC sending: limit sell 10 GAZP@MISX acc=1225950 @ 94.45
09:04:20 orders_arb ERROR gRPC order error (GAZP@RTSX sell 10@94.45): code=StatusCode.INTERNAL details=Jwt token check failed: UNAUTHENTICATED: Token is expired
09:04:20 orders_arb WARNING gRPC limit failed, falling back to DP server
09:04:20 orders_arb ERROR Limit order error (GAZP@RTSX sell 10@94.45): no response
09:04:20 robot_arb ERROR Exit failed layer #2: leg_a_place_failed — retrying next tick
09:04:21 robot_arb INFO Cleanup: 1 open layers in mode=stopped, attempting close...
09:04:21 robot_arb INFO EXIT ALL 1 layers — reason=cleanup
09:04:21 robot_arb INFO EXIT layer #2 reason=cleanup | limit sell 10 @ 94.45 | market buy 1 @ 9718.86
09:04:21 orders_arb INFO gRPC sending: limit sell 10 GAZP@MISX acc=1225950 @ 94.45
09:04:21 orders_arb ERROR gRPC order error (GAZP@RTSX sell 10@94.45): code=StatusCode.INTERNAL details=Jwt token check failed: UNAUTHENTICATED: Token is expired
09:04:21 orders_arb WARNING gRPC limit failed, falling back to DP server
09:04:21 orders_arb ERROR Limit order error (GAZP@RTSX sell 10@94.45): no response
09:04:21 robot_arb ERROR Exit failed layer #2: leg_a_place_failed — retrying next tick
09:04:22 robot_arb INFO Cleanup: 1 open layers in mode=stopped, attempting close...
09:04:22 robot_arb INFO EXIT ALL 1 layers — reason=cleanup
09:04:22 robot_arb INFO EXIT layer #2 reason=cleanup | limit sell 10 @ 94.44 | market buy 1 @ 9717.86
09:04:22 orders_arb INFO gRPC sending: limit sell 10 GAZP@MISX acc=1225950 @ 94.44
09:04:22 orders_arb ERROR gRPC order error (GAZP@RTSX sell 10@94.44): code=StatusCode.INTERNAL details=Jwt token check failed: UNAUTHENTICATED: Token is expired
09:04:22 orders_arb WARNING gRPC limit failed, falling back to DP server
09:04:22 orders_arb ERROR Limit order error (GAZP@RTSX sell 10@94.44): no response
09:04:22 robot_arb ERROR Exit failed layer #2: leg_a_place_failed — retrying next tick
09:04:23 robot_arb INFO Cleanup: 1 open layers in mode=stopped, attempting close...
09:04:23 robot_arb INFO EXIT ALL 1 layers — reason=cleanup
09:04:23 robot_arb INFO EXIT layer #2 reason=cleanup | limit sell 10 @ 94.44 | market buy 1 @ 9717.86
09:04:23 orders_arb INFO gRPC sending: limit sell 10 GAZP@MISX acc=1225950 @ 94.44
09:04:23 orders_arb ERROR gRPC order error (GAZP@RTSX sell 10@94.44): code=StatusCode.INTERNAL details=Jwt token check failed: UNAUTHENTICATED: Token is expired
09:04:23 orders_arb WARNING gRPC limit failed, falling back to DP server
09:04:23 orders_arb ERROR Limit order error (GAZP@RTSX sell 10@94.44): no response
09:04:23 robot_arb ERROR Exit failed layer #2: leg_a_place_failed — retrying next tick
09:04:24 robot_arb INFO Cleanup: 1 open layers in mode=stopped, attempting close...
09:04:24 robot_arb INFO EXIT ALL 1 layers — reason=cleanup
09:04:24 robot_arb INFO EXIT layer #2 reason=cleanup | limit sell 10 @ 94.44 | market buy 1 @ 9717.86
09:04:24 orders_arb INFO gRPC sending: limit sell 10 GAZP@MISX acc=1225950 @ 94.44
09:04:24 orders_arb ERROR gRPC order error (GAZP@RTSX sell 10@94.44): code=StatusCode.INTERNAL details=Jwt token check failed: UNAUTHENTICATED: Token is expired
09:04:24 orders_arb WARNING gRPC limit failed, falling back to DP server
09:04:24 orders_arb ERROR Limit order error (GAZP@RTSX sell 10@94.44): no response
09:04:24 robot_arb ERROR Exit failed layer #2: leg_a_place_failed — retrying next tick
09:04:25 robot_arb INFO Cleanup: 1 open layers in mode=stopped, attempting close...
09:04:25 robot_arb INFO EXIT ALL 1 layers — reason=cleanup
09:04:25 robot_arb INFO EXIT layer #2 reason=cleanup | limit sell 10 @ 94.44 | market buy 1 @ 9717.86
09:04:25 orders_arb INFO gRPC sending: limit sell 10 GAZP@MISX acc=1225950 @ 94.44
09:04:26 orders_arb ERROR gRPC order error (GAZP@RTSX sell 10@94.44): code=StatusCode.INTERNAL details=Jwt token check failed: UNAUTHENTICATED: Token is expired
09:04:26 orders_arb WARNING gRPC limit failed, falling back to DP server
09:04:26 orders_arb ERROR Limit order error (GAZP@RTSX sell 10@94.44): no response
09:04:26 robot_arb ERROR Exit failed layer #2: leg_a_place_failed — retrying next tick
09:04:27 robot_arb INFO Cleanup: 1 open layers in mode=stopped, attempting close...
09:04:27 robot_arb INFO EXIT ALL 1 layers — reason=cleanup
09:04:27 robot_arb INFO EXIT layer #2 reason=cleanup | limit sell 10 @ 94.44 | market buy 1 @ 9717.86
09:04:27 orders_arb INFO gRPC sending: limit sell 10 GAZP@MISX acc=1225950 @ 94.44
09:04:27 orders_arb ERROR gRPC order error (GAZP@RTSX sell 10@94.44): code=StatusCode.INTERNAL details=Jwt token check failed: UNAUTHENTICATED: Token is expired
09:04:27 orders_arb WARNING gRPC limit failed, falling back to DP server
09:04:27 orders_arb ERROR Limit order error (GAZP@RTSX sell 10@94.44): no response
09:04:27 robot_arb ERROR Exit failed layer #2: leg_a_place_failed — retrying next tick
09:04:28 robot_arb INFO Cleanup: 1 open layers in mode=stopped, attempting close...
09:04:28 robot_arb INFO EXIT ALL 1 layers — reason=cleanup
09:04:28 robot_arb INFO EXIT layer #2 reason=cleanup | limit sell 10 @ 94.44 | market buy 1 @ 9719.86
09:04:28 orders_arb INFO gRPC sending: limit sell 10 GAZP@MISX acc=1225950 @ 94.44
09:04:28 orders_arb ERROR gRPC order error (GAZP@RTSX sell 10@94.44): code=StatusCode.INTERNAL details=Jwt token check failed: UNAUTHENTICATED: Token is expired
09:04:28 orders_arb WARNING gRPC limit failed, falling back to DP server
09:04:28 orders_arb ERROR Limit order error (GAZP@RTSX sell 10@94.44): no response
09:04:28 robot_arb ERROR Exit failed layer #2: leg_a_place_failed — retrying next tick
09:04:29 robot_arb INFO Cleanup: 1 open layers in mode=stopped, attempting close...
09:04:29 robot_arb INFO EXIT ALL 1 layers — reason=cleanup
09:04:29 robot_arb INFO EXIT layer #2 reason=cleanup | limit sell 10 @ 94.44 | market buy 1 @ 9719.86
09:04:29 orders_arb INFO gRPC sending: limit sell 10 GAZP@MISX acc=1225950 @ 94.44
09:04:29 orders_arb ERROR gRPC order error (GAZP@RTSX sell 10@94.44): code=StatusCode.INTERNAL details=Jwt token check failed: UNAUTHENTICATED: Token is expired
09:04:29 orders_arb WARNING gRPC limit failed, falling back to DP server
09:04:29 orders_arb ERROR Limit order error (GAZP@RTSX sell 10@94.44): no response
09:04:29 robot_arb ERROR Exit failed layer #2: leg_a_place_failed — retrying next tick
09:04:30 robot_arb INFO Cleanup: 1 open layers in mode=stopped, attempting close...
09:04:30 robot_arb INFO EXIT ALL 1 layers — reason=cleanup
09:04:30 robot_arb INFO EXIT layer #2 reason=cleanup | limit sell 10 @ 94.44 | market buy 1 @ 9719.86
09:04:30 orders_arb INFO gRPC sending: limit sell 10 GAZP@MISX acc=1225950 @ 94.44
09:04:30 orders_arb ERROR gRPC order error (GAZP@RTSX sell 10@94.44): code=StatusCode.INTERNAL details=Jwt token check failed: UNAUTHENTICATED: Token is expired
09:04:30 orders_arb WARNING gRPC limit failed, falling back to DP server
09:04:30 orders_arb ERROR Limit order error (GAZP@RTSX sell 10@94.44): no response
09:04:30 robot_arb ERROR Exit failed layer #2: leg_a_place_failed — retrying next tick
09:04:31 robot_arb INFO Cleanup: 1 open layers in mode=stopped, attempting close...
09:04:31 robot_arb INFO EXIT ALL 1 layers — reason=cleanup
09:04:31 robot_arb INFO EXIT layer #2 reason=cleanup | limit sell 10 @ 94.44 | market buy 1 @ 9719.86
09:04:31 orders_arb INFO gRPC sending: limit sell 10 GAZP@MISX acc=1225950 @ 94.44
09:04:31 orders_arb ERROR gRPC order error (GAZP@RTSX sell 10@94.44): code=StatusCode.INTERNAL details=Jwt token check failed: UNAUTHENTICATED: Token is expired
09:04:31 orders_arb WARNING gRPC limit failed, falling back to DP server
09:04:31 orders_arb ERROR Limit order error (GAZP@RTSX sell 10@94.44): no response
09:04:31 robot_arb ERROR Exit failed layer #2: leg_a_place_failed — retrying next tick
09:04:32 robot_arb INFO Cleanup: 1 open layers in mode=stopped, attempting close...
09:04:32 robot_arb INFO EXIT ALL 1 layers — reason=cleanup
09:04:32 robot_arb INFO EXIT layer #2 reason=cleanup | limit sell 10 @ 94.44 | market buy 1 @ 9718.86
09:04:32 orders_arb INFO gRPC sending: limit sell 10 GAZP@MISX acc=1225950 @ 94.44
09:04:32 orders_arb ERROR gRPC order error (GAZP@RTSX sell 10@94.44): code=StatusCode.INTERNAL details=Jwt token check failed: UNAUTHENTICATED: Token is expired
09:04:32 orders_arb WARNING gRPC limit failed, falling back to DP server
09:04:32 orders_arb ERROR Limit order error (GAZP@RTSX sell 10@94.44): no response
09:04:32 robot_arb ERROR Exit failed layer #2: leg_a_place_failed — retrying next tick
09:04:33 robot_arb INFO Cleanup: 1 open layers in mode=stopped, attempting close...
09:04:33 robot_arb INFO EXIT ALL 1 layers — reason=cleanup
09:04:33 robot_arb INFO EXIT layer #2 reason=cleanup | limit sell 10 @ 94.44 | market buy 1 @ 9718.86
09:04:33 orders_arb INFO gRPC sending: limit sell 10 GAZP@MISX acc=1225950 @ 94.44
09:04:33 orders_arb ERROR gRPC order error (GAZP@RTSX sell 10@94.44): code=StatusCode.INTERNAL details=Jwt token check failed: UNAUTHENTICATED: Token is expired
09:04:33 orders_arb WARNING gRPC limit failed, falling back to DP server
09:04:33 orders_arb ERROR Limit order error (GAZP@RTSX sell 10@94.44): no response
09:04:33 robot_arb ERROR Exit failed layer #2: leg_a_place_failed — retrying next tick
09:04:34 robot_arb INFO Cleanup: 1 open layers in mode=stopped, attempting close...
09:04:34 robot_arb INFO EXIT ALL 1 layers — reason=cleanup
09:04:34 robot_arb INFO EXIT layer #2 reason=cleanup | limit sell 10 @ 94.44 | market buy 1 @ 9718.86
09:04:34 orders_arb INFO gRPC sending: limit sell 10 GAZP@MISX acc=1225950 @ 94.44
09:04:35 orders_arb ERROR gRPC order error (GAZP@RTSX sell 10@94.44): code=StatusCode.INTERNAL details=Jwt token check failed: UNAUTHENTICATED: Token is expired
09:04:35 orders_arb WARNING gRPC limit failed, falling back to DP server
09:04:35 orders_arb ERROR Limit order error (GAZP@RTSX sell 10@94.44): no response
09:04:35 robot_arb ERROR Exit failed layer #2: leg_a_place_failed — retrying next tick
09:04:36 robot_arb INFO Cleanup: 1 open layers in mode=stopped, attempting close...
09:04:36 robot_arb INFO EXIT ALL 1 layers — reason=cleanup
09:04:36 robot_arb INFO EXIT layer #2 reason=cleanup | limit sell 10 @ 94.44 | market buy 1 @ 9718.86
09:04:36 orders_arb INFO gRPC sending: limit sell 10 GAZP@MISX acc=1225950 @ 94.44
09:04:36 orders_arb ERROR gRPC order error (GAZP@RTSX sell 10@94.44): code=StatusCode.INTERNAL details=Jwt token check failed: UNAUTHENTICATED: Token is expired
09:04:36 orders_arb WARNING gRPC limit failed, falling back to DP server
09:04:36 orders_arb ERROR Limit order error (GAZP@RTSX sell 10@94.44): no response
09:04:36 robot_arb ERROR Exit failed layer #2: leg_a_place_failed — retrying next tick
09:04:37 robot_arb INFO Cleanup: 1 open layers in mode=stopped, attempting close...
09:04:37 robot_arb INFO EXIT ALL 1 layers — reason=cleanup
09:04:37 robot_arb INFO EXIT layer #2 reason=cleanup | limit sell 10 @ 94.44 | market buy 1 @ 9717.86
09:04:37 orders_arb INFO gRPC sending: limit sell 10 GAZP@MISX acc=1225950 @ 94.44
09:04:37 orders_arb ERROR gRPC order error (GAZP@RTSX sell 10@94.44): code=StatusCode.INTERNAL details=Jwt token check failed: UNAUTHENTICATED: Token is expired
09:04:37 orders_arb WARNING gRPC limit failed, falling back to DP server
09:04:37 orders_arb ERROR Limit order error (GAZP@RTSX sell 10@94.44): no response
09:04:37 robot_arb ERROR Exit failed layer #2: leg_a_place_failed — retrying next tick
09:04:38 robot_arb INFO Cleanup: 1 open layers in mode=stopped, attempting close...
09:04:38 robot_arb INFO EXIT ALL 1 layers — reason=cleanup
09:04:38 robot_arb INFO EXIT layer #2 reason=cleanup | limit sell 10 @ 94.44 | market buy 1 @ 9717.86
09:04:38 orders_arb INFO gRPC sending: limit sell 10 GAZP@MISX acc=1225950 @ 94.44
09:04:38 orders_arb ERROR gRPC order error (GAZP@RTSX sell 10@94.44): code=StatusCode.INTERNAL details=Trading is not available at the moment
09:04:38 orders_arb WARNING gRPC limit failed, falling back to DP server
09:04:38 orders_arb ERROR Limit order error (GAZP@RTSX sell 10@94.44): no response
09:04:38 robot_arb ERROR Exit failed layer #2: leg_a_place_failed — retrying next tick
09:04:39 robot_arb INFO Cleanup: 1 open layers in mode=stopped, attempting close...
09:04:39 robot_arb INFO EXIT ALL 1 layers — reason=cleanup
09:04:39 robot_arb INFO EXIT layer #2 reason=cleanup | limit sell 10 @ 94.44 | market buy 1 @ 9717.86
09:04:39 orders_arb INFO gRPC sending: limit sell 10 GAZP@MISX acc=1225950 @ 94.44
09:04:39 orders_arb ERROR gRPC order error (GAZP@RTSX sell 10@94.44): code=StatusCode.INTERNAL details=Trading is not available at the moment
09:04:39 orders_arb WARNING gRPC limit failed, falling back to DP server
09:04:39 orders_arb ERROR Limit order error (GAZP@RTSX sell 10@94.44): no response
09:04:39 robot_arb ERROR Exit failed layer #2: leg_a_place_failed — retrying next tick
09:04:40 robot_arb INFO Cleanup: 1 open layers in mode=stopped, attempting close...
09:04:40 robot_arb INFO EXIT ALL 1 layers — reason=cleanup
09:04:40 robot_arb INFO EXIT layer #2 reason=cleanup | limit sell 10 @ 94.44 | market buy 1 @ 9717.86
09:04:40 orders_arb INFO gRPC sending: limit sell 10 GAZP@MISX acc=1225950 @ 94.44
09:04:40 orders_arb ERROR gRPC order error (GAZP@RTSX sell 10@94.44): code=StatusCode.INTERNAL details=Trading is not available at the moment
09:04:40 orders_arb WARNING gRPC limit failed, falling back to DP server
09:04:40 orders_arb ERROR Limit order error (GAZP@RTSX sell 10@94.44): no response
09:04:40 robot_arb ERROR Exit failed layer #2: leg_a_place_failed — retrying next tick
09:04:41 robot_arb INFO Cleanup: 1 open layers in mode=stopped, attempting close...
09:04:41 robot_arb INFO EXIT ALL 1 layers — reason=cleanup
09:04:41 robot_arb INFO EXIT layer #2 reason=cleanup | limit sell 10 @ 94.44 | market buy 1 @ 9717.86
09:04:41 orders_arb INFO gRPC sending: limit sell 10 GAZP@MISX acc=1225950 @ 94.44
09:04:41 orders_arb ERROR gRPC order error (GAZP@RTSX sell 10@94.44): code=StatusCode.INTERNAL details=Jwt token check failed: UNAUTHENTICATED: Token is expired
09:04:41 orders_arb WARNING gRPC limit failed, falling back to DP server
09:04:41 orders_arb ERROR Limit order error (GAZP@RTSX sell 10@94.44): no response
09:04:41 robot_arb ERROR Exit failed layer #2: leg_a_place_failed — retrying next tick
09:04:42 robot_arb INFO Cleanup: 1 open layers in mode=stopped, attempting close...
09:04:42 robot_arb INFO EXIT ALL 1 layers — reason=cleanup
09:04:42 robot_arb INFO EXIT layer #2 reason=cleanup | limit sell 10 @ 94.44 | market buy 1 @ 9717.86
09:04:42 orders_arb INFO gRPC sending: limit sell 10 GAZP@MISX acc=1225950 @ 94.44
09:04:42 orders_arb ERROR gRPC order error (GAZP@RTSX sell 10@94.44): code=StatusCode.INTERNAL details=Jwt token check failed: UNAUTHENTICATED: Token is expired
09:04:42 orders_arb WARNING gRPC limit failed, falling back to DP server
09:04:42 orders_arb ERROR Limit order error (GAZP@RTSX sell 10@94.44): no response
09:04:42 robot_arb ERROR Exit failed layer #2: leg_a_place_failed — retrying next tick
09:04:43 robot_arb INFO Cleanup: 1 open layers in mode=stopped, attempting close...
09:04:43 robot_arb INFO EXIT ALL 1 layers — reason=cleanup
09:04:43 robot_arb INFO EXIT layer #2 reason=cleanup | limit sell 10 @ 94.44 | market buy 1 @ 9717.86
09:04:43 orders_arb INFO gRPC sending: limit sell 10 GAZP@MISX acc=1225950 @ 94.44
09:04:43 orders_arb ERROR gRPC order error (GAZP@RTSX sell 10@94.44): code=StatusCode.INTERNAL details=Trading is not available at the moment
09:04:43 orders_arb WARNING gRPC limit failed, falling back to DP server
09:04:44 orders_arb ERROR Limit order error (GAZP@RTSX sell 10@94.44): no response
09:04:44 robot_arb ERROR Exit failed layer #2: leg_a_place_failed — retrying next tick
09:04:45 robot_arb INFO Cleanup: 1 open layers in mode=stopped, attempting close...
09:04:45 robot_arb INFO EXIT ALL 1 layers — reason=cleanup
09:04:45 robot_arb INFO EXIT layer #2 reason=cleanup | limit sell 10 @ 94.44 | market buy 1 @ 9717.86
09:04:45 orders_arb INFO gRPC sending: limit sell 10 GAZP@MISX acc=1225950 @ 94.44
09:04:45 orders_arb ERROR gRPC order error (GAZP@RTSX sell 10@94.44): code=StatusCode.INTERNAL details=Trading is not available at the moment
09:04:45 orders_arb WARNING gRPC limit failed, falling back to DP server
09:04:45 orders_arb ERROR Limit order error (GAZP@RTSX sell 10@94.44): no response
09:04:45 robot_arb ERROR Exit failed layer #2: leg_a_place_failed — retrying next tick
09:04:46 robot_arb INFO Cleanup: 1 open layers in mode=stopped, attempting close...
09:04:46 robot_arb INFO EXIT ALL 1 layers — reason=cleanup
09:04:46 robot_arb INFO EXIT layer #2 reason=cleanup | limit sell 10 @ 94.44 | market buy 1 @ 9717.86
09:04:46 orders_arb INFO gRPC sending: limit sell 10 GAZP@MISX acc=1225950 @ 94.44
09:04:46 orders_arb ERROR gRPC order error (GAZP@RTSX sell 10@94.44): code=StatusCode.INTERNAL details=Jwt token check failed: UNAUTHENTICATED: Token is expired
09:04:46 orders_arb WARNING gRPC limit failed, falling back to DP server
09:04:46 orders_arb ERROR Limit order error (GAZP@RTSX sell 10@94.44): no response
09:04:46 robot_arb ERROR Exit failed layer #2: leg_a_place_failed — retrying next tick
09:04:47 robot_arb INFO Cleanup: 1 open layers in mode=stopped, attempting close...
09:04:47 robot_arb INFO EXIT ALL 1 layers — reason=cleanup
09:04:47 robot_arb INFO EXIT layer #2 reason=cleanup | limit sell 10 @ 94.45 | market buy 1 @ 9720.86
09:04:47 orders_arb INFO gRPC sending: limit sell 10 GAZP@MISX acc=1225950 @ 94.45
09:04:47 orders_arb ERROR gRPC order error (GAZP@RTSX sell 10@94.45): code=StatusCode.INTERNAL details=Trading is not available at the moment
09:04:47 orders_arb WARNING gRPC limit failed, falling back to DP server
09:04:47 orders_arb ERROR Limit order error (GAZP@RTSX sell 10@94.45): no response
09:04:47 robot_arb ERROR Exit failed layer #2: leg_a_place_failed — retrying next tick
09:04:48 robot_arb INFO Cleanup: 1 open layers in mode=stopped, attempting close...
09:04:48 robot_arb INFO EXIT ALL 1 layers — reason=cleanup
09:04:48 robot_arb INFO EXIT layer #2 reason=cleanup | limit sell 10 @ 94.45 | market buy 1 @ 9720.86
09:04:48 orders_arb INFO gRPC sending: limit sell 10 GAZP@MISX acc=1225950 @ 94.45
09:04:48 orders_arb ERROR gRPC order error (GAZP@RTSX sell 10@94.45): code=StatusCode.INTERNAL details=Jwt token check failed: UNAUTHENTICATED: Token is expired
09:04:48 orders_arb WARNING gRPC limit failed, falling back to DP server
09:04:48 orders_arb ERROR Limit order error (GAZP@RTSX sell 10@94.45): no response
09:04:48 robot_arb ERROR Exit failed layer #2: leg_a_place_failed — retrying next tick
09:04:49 robot_arb INFO Cleanup: 1 open layers in mode=stopped, attempting close...
09:04:49 robot_arb INFO EXIT ALL 1 layers — reason=cleanup
09:04:49 robot_arb INFO EXIT layer #2 reason=cleanup | limit sell 10 @ 94.45 | market buy 1 @ 9720.86
09:04:49 orders_arb INFO gRPC sending: limit sell 10 GAZP@MISX acc=1225950 @ 94.45
09:04:49 orders_arb ERROR gRPC order error (GAZP@RTSX sell 10@94.45): code=StatusCode.INTERNAL details=Jwt token check failed: UNAUTHENTICATED: Token is expired
09:04:49 orders_arb WARNING gRPC limit failed, falling back to DP server
09:04:49 orders_arb ERROR Limit order error (GAZP@RTSX sell 10@94.45): no response
09:04:49 robot_arb ERROR Exit failed layer #2: leg_a_place_failed — retrying next tick
09:04:50 robot_arb INFO Cleanup: 1 open layers in mode=stopped, attempting close...
09:04:50 robot_arb INFO EXIT ALL 1 layers — reason=cleanup
09:04:50 robot_arb INFO EXIT layer #2 reason=cleanup | limit sell 10 @ 94.45 | market buy 1 @ 9720.86
09:04:50 orders_arb INFO gRPC sending: limit sell 10 GAZP@MISX acc=1225950 @ 94.45
09:04:50 orders_arb ERROR gRPC order error (GAZP@RTSX sell 10@94.45): code=StatusCode.INTERNAL details=Jwt token check failed: UNAUTHENTICATED: Token is expired
09:04:50 orders_arb WARNING gRPC limit failed, falling back to DP server
09:04:50 orders_arb ERROR Limit order error (GAZP@RTSX sell 10@94.45): no response
09:04:50 robot_arb ERROR Exit failed layer #2: leg_a_place_failed — retrying next tick
09:04:51 robot_arb INFO Cleanup: 1 open layers in mode=stopped, attempting close...
09:04:51 robot_arb INFO EXIT ALL 1 layers — reason=cleanup
09:04:51 robot_arb INFO EXIT layer #2 reason=cleanup | limit sell 10 @ 94.44 | market buy 1 @ 9720.86
09:04:51 orders_arb INFO gRPC sending: limit sell 10 GAZP@MISX acc=1225950 @ 94.44
09:04:51 orders_arb ERROR gRPC order error (GAZP@RTSX sell 10@94.44): code=StatusCode.INTERNAL details=Jwt token check failed: UNAUTHENTICATED: Token is expired
09:04:51 orders_arb WARNING gRPC limit failed, falling back to DP server
09:04:51 orders_arb ERROR Limit order error (GAZP@RTSX sell 10@94.44): no response
09:04:51 robot_arb ERROR Exit failed layer #2: leg_a_place_failed — retrying next tick
09:04:52 robot_arb INFO Cleanup: 1 open layers in mode=stopped, attempting close...
09:04:52 robot_arb INFO EXIT ALL 1 layers — reason=cleanup
09:04:52 robot_arb INFO EXIT layer #2 reason=cleanup | limit sell 10 @ 94.44 | market buy 1 @ 9717.86
09:04:52 orders_arb INFO gRPC sending: limit sell 10 GAZP@MISX acc=1225950 @ 94.44
09:04:52 orders_arb ERROR gRPC order error (GAZP@RTSX sell 10@94.44): code=StatusCode.INTERNAL details=Jwt token check failed: UNAUTHENTICATED: Token is expired
09:04:52 orders_arb WARNING gRPC limit failed, falling back to DP server
09:04:53 orders_arb ERROR Limit order error (GAZP@RTSX sell 10@94.44): no response
09:04:53 robot_arb ERROR Exit failed layer #2: leg_a_place_failed — retrying next tick
09:04:54 robot_arb INFO Cleanup: 1 open layers in mode=stopped, attempting close...
09:04:54 robot_arb INFO EXIT ALL 1 layers — reason=cleanup
09:04:54 robot_arb INFO EXIT layer #2 reason=cleanup | limit sell 10 @ 94.44 | market buy 1 @ 9717.86
09:04:54 orders_arb INFO gRPC sending: limit sell 10 GAZP@MISX acc=1225950 @ 94.44
09:04:54 orders_arb ERROR gRPC order error (GAZP@RTSX sell 10@94.44): code=StatusCode.INTERNAL details=Trading is not available at the moment
09:04:54 orders_arb WARNING gRPC limit failed, falling back to DP server
09:04:54 orders_arb ERROR Limit order error (GAZP@RTSX sell 10@94.44): no response
09:04:54 robot_arb ERROR Exit failed layer #2: leg_a_place_failed — retrying next tick
09:04:54 robot_arb INFO Mode → RUNNING
09:05:52 robot_arb INFO Z=2.47 (threshold=2.5) — no signal (dup_check=False)
09:05:52 robot_arb INFO Z=2.47 (threshold=2.5) — no signal (dup_check=False)
09:05:53 robot_arb INFO Z=2.42 (threshold=2.5) — no signal (dup_check=False)
09:05:53 robot_arb INFO Z=2.42 (threshold=2.5) — no signal (dup_check=False)
09:05:54 robot_arb INFO Z=2.40 (threshold=2.5) — no signal (dup_check=False)
09:06:02 robot_arb INFO Z=2.92 (threshold=2.5) — no signal (dup_check=False)
09:06:03 robot_arb INFO Z=2.88 (threshold=2.5) — no signal (dup_check=False)
09:06:03 robot_arb INFO Z=2.88 (threshold=2.5) — no signal (dup_check=False)
09:06:04 robot_arb INFO Z=2.84 (threshold=2.5) — no signal (dup_check=False)
09:06:04 robot_arb INFO Z=3.31 (threshold=2.5) — no signal (dup_check=False)
09:06:05 robot_arb INFO Z=3.25 (threshold=2.5) — no signal (dup_check=False)
09:06:05 robot_arb INFO Z=3.25 (threshold=2.5) — no signal (dup_check=False)
09:06:06 robot_arb INFO Z=3.15 (threshold=2.5) — no signal (dup_check=False)
09:06:06 robot_arb INFO Z=3.15 (threshold=2.5) — no signal (dup_check=False)
09:06:12 robot_arb INFO Z=2.67 (threshold=2.5) — no signal (dup_check=False)
09:06:13 robot_arb INFO Z=2.62 (threshold=2.5) — no signal (dup_check=False)
09:06:13 robot_arb INFO Z=2.62 (threshold=2.5) — no signal (dup_check=False)
09:06:14 robot_arb INFO Z=2.57 (threshold=2.5) — no signal (dup_check=False)
09:07:05 robot_arb INFO Z=4.47 (threshold=2.5) — no signal (dup_check=False)
09:07:06 robot_arb INFO Z=4.25 (threshold=2.5) — no signal (dup_check=False)
09:07:06 robot_arb INFO Z=4.25 (threshold=2.5) — no signal (dup_check=False)
09:07:07 robot_arb INFO Z=4.05 (threshold=2.5) — no signal (dup_check=False)
09:07:07 robot_arb INFO Z=4.05 (threshold=2.5) — no signal (dup_check=False)
09:07:08 robot_arb INFO Z=3.87 (threshold=2.5) — no signal (dup_check=False)
09:09:33 robot_arb INFO EXIT ALL 1 layers — reason=manual_stop
09:09:33 robot_arb INFO EXIT layer #2 reason=manual_stop | limit sell 10 @ 94.28 | market buy 1 @ 9705.85
09:09:33 orders_arb INFO gRPC sending: limit sell 10 GAZP@MISX acc=1225950 @ 94.28
09:09:33 orders_arb ERROR gRPC order error (GAZP@RTSX sell 10@94.28): code=StatusCode.INTERNAL details=Jwt token check failed: UNAUTHENTICATED: Token is expired
09:09:33 orders_arb WARNING gRPC limit failed, falling back to DP server
09:09:33 robot_arb INFO Cleanup: 1 open layers in mode=stopped, attempting close...
09:09:33 orders_arb ERROR Limit order error (GAZP@RTSX sell 10@94.28): no response
09:09:33 robot_arb ERROR Exit failed layer #2: leg_a_place_failed — retrying next tick
09:09:33 robot_arb INFO Mode → STOPPED
09:09:33 robot_arb INFO EXIT ALL 1 layers — reason=cleanup
09:09:33 robot_arb INFO EXIT layer #2 reason=cleanup | limit sell 10 @ 94.28 | market buy 1 @ 9705.85
09:09:33 orders_arb INFO gRPC sending: limit sell 10 GAZP@MISX acc=1225950 @ 94.28
09:09:34 orders_arb ERROR gRPC order error (GAZP@RTSX sell 10@94.28): code=StatusCode.INTERNAL details=Jwt token check failed: UNAUTHENTICATED: Token is expired
09:09:34 orders_arb WARNING gRPC limit failed, falling back to DP server
09:09:34 orders_arb ERROR Limit order error (GAZP@RTSX sell 10@94.28): no response
09:09:34 robot_arb ERROR Exit failed layer #2: leg_a_place_failed — retrying next tick
09:09:35 robot_arb INFO Cleanup: 1 open layers in mode=stopped, attempting close...
09:09:35 robot_arb INFO EXIT ALL 1 layers — reason=cleanup
09:09:35 robot_arb INFO EXIT layer #2 reason=cleanup | limit sell 10 @ 94.28 | market buy 1 @ 9705.85
09:09:35 orders_arb INFO gRPC sending: limit sell 10 GAZP@MISX acc=1225950 @ 94.28
09:09:35 orders_arb ERROR gRPC order error (GAZP@RTSX sell 10@94.28): code=StatusCode.INTERNAL details=Jwt token check failed: UNAUTHENTICATED: Token is expired
09:09:35 orders_arb WARNING gRPC limit failed, falling back to DP server
09:09:35 orders_arb ERROR Limit order error (GAZP@RTSX sell 10@94.28): no response
09:09:35 robot_arb ERROR Exit failed layer #2: leg_a_place_failed — retrying next tick
09:09:36 robot_arb INFO Cleanup: 1 open layers in mode=stopped, attempting close...
09:09:36 robot_arb INFO EXIT ALL 1 layers — reason=cleanup
09:09:36 robot_arb INFO EXIT layer #2 reason=cleanup | limit sell 10 @ 94.27 | market buy 1 @ 9705.85
09:09:36 orders_arb INFO gRPC sending: limit sell 10 GAZP@MISX acc=1225950 @ 94.27
09:09:36 orders_arb ERROR gRPC order error (GAZP@RTSX sell 10@94.27): code=StatusCode.INTERNAL details=Jwt token check failed: UNAUTHENTICATED: Token is expired
09:09:36 orders_arb WARNING gRPC limit failed, falling back to DP server
09:09:36 orders_arb ERROR Limit order error (GAZP@RTSX sell 10@94.27): no response
09:09:36 robot_arb ERROR Exit failed layer #2: leg_a_place_failed — retrying next tick
09:09:37 robot_arb INFO Cleanup: 1 open layers in mode=stopped, attempting close...
09:09:37 robot_arb INFO EXIT ALL 1 layers — reason=cleanup
09:09:37 robot_arb INFO EXIT layer #2 reason=cleanup | limit sell 10 @ 94.27 | market buy 1 @ 9703.85
09:09:37 orders_arb INFO gRPC sending: limit sell 10 GAZP@MISX acc=1225950 @ 94.27
09:09:37 orders_arb ERROR gRPC order error (GAZP@RTSX sell 10@94.27): code=StatusCode.INTERNAL details=Jwt token check failed: UNAUTHENTICATED: Token is expired
09:09:37 orders_arb WARNING gRPC limit failed, falling back to DP server
09:09:37 orders_arb ERROR Limit order error (GAZP@RTSX sell 10@94.27): no response
09:09:37 robot_arb ERROR Exit failed layer #2: leg_a_place_failed — retrying next tick
09:09:38 robot_arb INFO Cleanup: 1 open layers in mode=stopped, attempting close...
09:09:38 robot_arb INFO EXIT ALL 1 layers — reason=cleanup
09:09:38 robot_arb INFO EXIT layer #2 reason=cleanup | limit sell 10 @ 94.27 | market buy 1 @ 9703.85
09:09:38 orders_arb INFO gRPC sending: limit sell 10 GAZP@MISX acc=1225950 @ 94.27
09:09:38 orders_arb ERROR gRPC order error (GAZP@RTSX sell 10@94.27): code=StatusCode.INTERNAL details=Jwt token check failed: UNAUTHENTICATED: Token is expired
09:09:38 orders_arb WARNING gRPC limit failed, falling back to DP server
09:09:38 robot_arb INFO Mode → RUNNING
09:09:38 orders_arb ERROR Limit order error (GAZP@RTSX sell 10@94.27): no response
09:09:38 robot_arb ERROR Exit failed layer #2: leg_a_place_failed — retrying next tick
09:10:08 robot_arb INFO Z=2.72 (threshold=2.5) — no signal (dup_check=False)
09:10:29 robot_arb INFO Z=3.06 (threshold=2.5) — no signal (dup_check=False)
09:10:51 robot_arb INFO Z=3.70 (threshold=2.5) — no signal (dup_check=False)
09:13:30 robot_arb INFO Z=2.53 (threshold=2.5) — no signal (dup_check=False)
09:13:31 robot_arb INFO Z=2.53 (threshold=2.5) — no signal (dup_check=False)
09:13:31 robot_arb INFO Z=2.49 (threshold=2.5) — no signal (dup_check=False)
09:13:32 robot_arb INFO Z=2.49 (threshold=2.5) — no signal (dup_check=False)
09:14:35 robot_arb INFO Z=3.53 (threshold=2.5) — no signal (dup_check=False)
09:14:36 robot_arb INFO Z=3.53 (threshold=2.5) — no signal (dup_check=False)
09:14:36 robot_arb INFO Z=3.42 (threshold=2.5) — no signal (dup_check=False)
09:14:37 robot_arb INFO Z=3.42 (threshold=2.5) — no signal (dup_check=False)
09:14:37 robot_arb INFO Z=3.31 (threshold=2.5) — no signal (dup_check=False)
09:14:38 robot_arb INFO Z=3.31 (threshold=2.5) — no signal (dup_check=False)
09:14:38 robot_arb INFO Z=3.21 (threshold=2.5) — no signal (dup_check=False)
09:14:39 robot_arb INFO Z=3.21 (threshold=2.5) — no signal (dup_check=False)
09:14:39 robot_arb INFO Z=3.11 (threshold=2.5) — no signal (dup_check=False)
09:14:40 robot_arb INFO Z=3.11 (threshold=2.5) — no signal (dup_check=False)
09:16:48 robot_arb INFO EXIT ALL 1 layers — reason=manual_stop
09:16:48 robot_arb INFO EXIT layer #2 reason=manual_stop | limit sell 10 @ 94.98 | market buy 1 @ 9775.89
09:16:48 orders_arb INFO gRPC sending: limit sell 10 GAZP@MISX acc=1225950 @ 94.98
09:16:48 orders_arb ERROR gRPC order error (GAZP@RTSX sell 10@94.98): code=StatusCode.INTERNAL details=Jwt token check failed: UNAUTHENTICATED: Token is expired
09:16:48 orders_arb WARNING gRPC limit failed, falling back to DP server
09:16:48 orders_arb ERROR Limit order error (GAZP@RTSX sell 10@94.98): no response
09:16:48 robot_arb ERROR Exit failed layer #2: leg_a_place_failed — retrying next tick
09:16:48 robot_arb INFO Mode → STOPPED
09:16:48 robot_arb INFO Cleanup: 1 open layers in mode=stopped, attempting close...
09:16:48 robot_arb INFO EXIT ALL 1 layers — reason=cleanup
09:16:48 robot_arb INFO EXIT layer #2 reason=cleanup | limit sell 10 @ 94.98 | market buy 1 @ 9775.89
09:16:48 orders_arb INFO gRPC sending: limit sell 10 GAZP@MISX acc=1225950 @ 94.98
09:16:49 orders_arb ERROR gRPC order error (GAZP@RTSX sell 10@94.98): code=StatusCode.INTERNAL details=Jwt token check failed: UNAUTHENTICATED: Token is expired
09:16:49 orders_arb WARNING gRPC limit failed, falling back to DP server
09:16:49 orders_arb ERROR Limit order error (GAZP@RTSX sell 10@94.98): no response
09:16:49 robot_arb ERROR Exit failed layer #2: leg_a_place_failed — retrying next tick
09:16:50 robot_arb INFO Cleanup: 1 open layers in mode=stopped, attempting close...
09:16:50 robot_arb INFO EXIT ALL 1 layers — reason=cleanup
09:16:50 robot_arb INFO EXIT layer #2 reason=cleanup | limit sell 10 @ 94.98 | market buy 1 @ 9775.89
09:16:50 orders_arb INFO gRPC sending: limit sell 10 GAZP@MISX acc=1225950 @ 94.98
09:16:50 orders_arb ERROR gRPC order error (GAZP@RTSX sell 10@94.98): code=StatusCode.INTERNAL details=Jwt token check failed: UNAUTHENTICATED: Token is expired
09:16:50 orders_arb WARNING gRPC limit failed, falling back to DP server
09:16:50 orders_arb ERROR Limit order error (GAZP@RTSX sell 10@94.98): no response
09:16:50 robot_arb ERROR Exit failed layer #2: leg_a_place_failed — retrying next tick
09:16:51 robot_arb INFO Cleanup: 1 open layers in mode=stopped, attempting close...
09:16:51 robot_arb INFO EXIT ALL 1 layers — reason=cleanup
09:16:51 robot_arb INFO EXIT layer #2 reason=cleanup | limit sell 10 @ 94.99 | market buy 1 @ 9775.89
09:16:51 orders_arb INFO gRPC sending: limit sell 10 GAZP@MISX acc=1225950 @ 94.99
09:16:51 orders_arb ERROR gRPC order error (GAZP@RTSX sell 10@94.99): code=StatusCode.INTERNAL details=Jwt token check failed: UNAUTHENTICATED: Token is expired
09:16:51 orders_arb WARNING gRPC limit failed, falling back to DP server
09:16:51 orders_arb ERROR Limit order error (GAZP@RTSX sell 10@94.99): no response
09:16:51 robot_arb ERROR Exit failed layer #2: leg_a_place_failed — retrying next tick
09:16:52 robot_arb INFO Cleanup: 1 open layers in mode=stopped, attempting close...
09:16:52 robot_arb INFO EXIT ALL 1 layers — reason=cleanup
09:16:52 robot_arb INFO EXIT layer #2 reason=cleanup | limit sell 10 @ 94.99 | market buy 1 @ 9781.89
09:16:52 orders_arb INFO gRPC sending: limit sell 10 GAZP@MISX acc=1225950 @ 94.99
09:16:52 orders_arb ERROR gRPC order error (GAZP@RTSX sell 10@94.99): code=StatusCode.INTERNAL details=Jwt token check failed: UNAUTHENTICATED: Token is expired
09:16:52 orders_arb WARNING gRPC limit failed, falling back to DP server
09:16:52 orders_arb ERROR Limit order error (GAZP@RTSX sell 10@94.99): no response
09:16:52 robot_arb ERROR Exit failed layer #2: leg_a_place_failed — retrying next tick
09:16:53 robot_arb INFO Cleanup: 1 open layers in mode=stopped, attempting close...
09:16:53 robot_arb INFO EXIT ALL 1 layers — reason=cleanup
09:16:53 robot_arb INFO EXIT layer #2 reason=cleanup | limit sell 10 @ 94.99 | market buy 1 @ 9781.89
09:16:53 orders_arb INFO gRPC sending: limit sell 10 GAZP@MISX acc=1225950 @ 94.99
09:16:53 orders_arb ERROR gRPC order error (GAZP@RTSX sell 10@94.99): code=StatusCode.INTERNAL details=Jwt token check failed: UNAUTHENTICATED: Token is expired
09:16:53 orders_arb WARNING gRPC limit failed, falling back to DP server
09:16:53 orders_arb ERROR Limit order error (GAZP@RTSX sell 10@94.99): no response
09:16:53 robot_arb ERROR Exit failed layer #2: leg_a_place_failed — retrying next tick
09:16:54 robot_arb INFO Cleanup: 1 open layers in mode=stopped, attempting close...
09:16:54 robot_arb INFO EXIT ALL 1 layers — reason=cleanup
09:16:54 robot_arb INFO EXIT layer #2 reason=cleanup | limit sell 10 @ 94.99 | market buy 1 @ 9781.89
09:16:54 orders_arb INFO gRPC sending: limit sell 10 GAZP@MISX acc=1225950 @ 94.99
09:16:54 orders_arb ERROR gRPC order error (GAZP@RTSX sell 10@94.99): code=StatusCode.INTERNAL details=Jwt token check failed: UNAUTHENTICATED: Token is expired
09:16:54 orders_arb WARNING gRPC limit failed, falling back to DP server
09:16:54 orders_arb ERROR Limit order error (GAZP@RTSX sell 10@94.99): no response
09:16:54 robot_arb ERROR Exit failed layer #2: leg_a_place_failed — retrying next tick
09:16:55 robot_arb INFO Cleanup: 1 open layers in mode=stopped, attempting close...
09:16:55 robot_arb INFO EXIT ALL 1 layers — reason=cleanup
09:16:55 robot_arb INFO EXIT layer #2 reason=cleanup | limit sell 10 @ 94.99 | market buy 1 @ 9781.89
09:16:55 orders_arb INFO gRPC sending: limit sell 10 GAZP@MISX acc=1225950 @ 94.99
09:16:55 orders_arb ERROR gRPC order error (GAZP@RTSX sell 10@94.99): code=StatusCode.INTERNAL details=Jwt token check failed: UNAUTHENTICATED: Token is expired
09:16:55 orders_arb WARNING gRPC limit failed, falling back to DP server
09:16:55 orders_arb ERROR Limit order error (GAZP@RTSX sell 10@94.99): no response
09:16:55 robot_arb ERROR Exit failed layer #2: leg_a_place_failed — retrying next tick
09:16:56 robot_arb INFO Mode → RUNNING
09:17:29 robot_arb INFO EXIT layer #2 reason=profit_target | limit sell 10 @ 95.11 | market buy 1 @ 9774.89
09:17:29 orders_arb INFO gRPC sending: limit sell 10 GAZP@MISX acc=1225950 @ 95.11
09:17:29 orders_arb ERROR gRPC order error (GAZP@RTSX sell 10@95.11): code=StatusCode.INTERNAL details=Jwt token check failed: UNAUTHENTICATED: Token is expired
09:17:29 orders_arb WARNING gRPC limit failed, falling back to DP server
09:17:29 orders_arb ERROR Limit order error (GAZP@RTSX sell 10@95.11): no response
09:17:29 robot_arb ERROR Exit failed layer #2: leg_a_place_failed — retrying next tick
09:19:53 robot_arb INFO Signal 15 — shutting down...
09:19:55 robot_arb INFO === Arbitrage Robot v1 ===
09:19:55 robot_arb INFO Pair: GAZP / GZU6
09:19:55 robot_arb INFO Account: 1225953 | Port: 5090 | Paper: False
09:19:55 robot_arb INFO Params: entry_z=2.5 lookback=200 lots_a=10 lots_b=1 hedge_ratio=10
09:19:55 robot_arb INFO Min profit: rub=5.5
09:19:55 robot_arb INFO Risk: stop_loss_rub=500000
09:19:55 robot_arb INFO State loaded: pnl=-14 trades=1 mode=stopped
09:19:56 robot_arb INFO FinamPy connected. Accounts: ['1225950', '1225951', '1225952', '1225953']
09:19:56 robot_arb INFO Orders manager linked to FinamPy gRPC
09:19:56 robot_arb INFO Subscribed OrderBook: GAZP@RTSX, GZU6@RTSX
09:19:56 robot_arb INFO Subscribed Quotes: GAZP@RTSX, GZU6@RTSX
09:19:56 robot_arb INFO Warmup: waiting 10 sec for data streams...
09:20:00 robot_arb INFO Signal 15 — shutting down...
09:20:01 robot_arb INFO === Arbitrage Robot v1 ===
09:20:01 robot_arb INFO Pair: GAZP / GZU6
09:20:01 robot_arb INFO Account: 1225953 | Port: 5090 | Paper: False
09:20:01 robot_arb INFO Params: entry_z=2.5 lookback=200 lots_a=10 lots_b=1 hedge_ratio=10
09:20:01 robot_arb INFO Min profit: rub=5.5
09:20:01 robot_arb INFO Risk: stop_loss_rub=500000
09:20:01 robot_arb INFO State loaded: pnl=-14 trades=1 mode=stopped
09:20:01 robot_arb INFO FinamPy connected. Accounts: ['1225950', '1225951', '1225952', '1225953']
09:20:01 robot_arb INFO Orders manager linked to FinamPy gRPC
09:20:01 robot_arb INFO Subscribed OrderBook: GAZP@RTSX, GZU6@RTSX
09:20:01 robot_arb INFO Subscribed Quotes: GAZP@RTSX, GZU6@RTSX
09:20:01 robot_arb INFO Warmup: waiting 10 sec for data streams...
09:20:11 robot_arb INFO Warmup done. OB_A: False OB_B: False
09:20:11 robot_arb INFO MOEX ISS poller started (fallback for stock prices)
09:20:11 robot_arb INFO Main loop started
09:20:11 robot_arb INFO Cleanup: 1 open layers in mode=stopped, attempting close...
09:20:11 robot_arb INFO EXIT ALL 1 layers — reason=cleanup
09:20:11 robot_arb ERROR Cannot exit layer #2 — no price data
09:20:11 robot_arb INFO API listening on :5090
09:20:11 robot_arb INFO Endpoints: GET /status /health /params | POST /start /stop /pause /params
09:20:12 robot_arb INFO Cleanup: 1 open layers in mode=stopped, attempting close...
09:20:12 robot_arb INFO EXIT ALL 1 layers — reason=cleanup
09:20:12 robot_arb INFO EXIT layer #2 reason=cleanup | limit sell 10 @ 94.73 | market buy 1 @ 9752.87
09:20:12 orders_arb INFO gRPC sending: limit sell 10 GAZP@MISX acc=1225950 @ 94.73
09:20:12 orders_arb INFO gRPC limit placed: sell 10 GAZP@MISX acc=1225950 @ 94.73 id=81290750735
09:20:15 robot_arb INFO Mode → RUNNING
09:20:18 robot_arb ERROR Exit failed layer #2: leg_a_timeout — retrying next tick
09:20:28 robot_arb INFO EXIT ALL 1 layers — reason=manual_stop
09:20:28 robot_arb INFO EXIT layer #2 reason=manual_stop | limit sell 10 @ 94.91 | market buy 1 @ 9771.88
09:20:28 orders_arb INFO gRPC sending: limit sell 10 GAZP@MISX acc=1225950 @ 94.91
09:20:28 robot_arb INFO Cleanup: 1 open layers in mode=stopped, attempting close...
09:20:28 orders_arb INFO gRPC limit placed: sell 10 GAZP@MISX acc=1225950 @ 94.91 id=81290800138
09:20:34 robot_arb ERROR Exit failed layer #2: leg_a_timeout — retrying next tick
09:20:34 robot_arb INFO EXIT ALL 1 layers — reason=cleanup
09:20:34 robot_arb INFO EXIT layer #2 reason=cleanup | limit sell 10 @ 94.94 | market buy 1 @ 9773.88
09:20:34 orders_arb INFO gRPC sending: limit sell 10 GAZP@MISX acc=1225950 @ 94.94
09:20:34 robot_arb INFO Mode → STOPPED
09:20:34 orders_arb INFO gRPC limit placed: sell 10 GAZP@MISX acc=1225950 @ 94.94 id=81290813044
09:20:39 robot_arb ERROR Exit failed layer #2: leg_a_timeout — retrying next tick
09:20:40 robot_arb INFO Cleanup: 1 open layers in mode=stopped, attempting close...
09:20:40 robot_arb INFO EXIT ALL 1 layers — reason=cleanup
09:20:40 robot_arb INFO EXIT layer #2 reason=cleanup | limit sell 10 @ 94.95 | market buy 1 @ 9773.88
09:20:40 orders_arb INFO gRPC sending: limit sell 10 GAZP@MISX acc=1225950 @ 94.95
09:20:40 orders_arb INFO gRPC limit placed: sell 10 GAZP@MISX acc=1225950 @ 94.95 id=81290823371
09:20:46 robot_arb ERROR Exit failed layer #2: leg_a_timeout — retrying next tick
09:20:47 robot_arb INFO Cleanup: 1 open layers in mode=stopped, attempting close...
09:20:47 robot_arb INFO EXIT ALL 1 layers — reason=cleanup
09:20:47 robot_arb INFO EXIT layer #2 reason=cleanup | limit sell 10 @ 94.93 | market buy 1 @ 9768.88
09:20:47 orders_arb INFO gRPC sending: limit sell 10 GAZP@MISX acc=1225950 @ 94.93
09:20:47 orders_arb INFO gRPC limit placed: sell 10 GAZP@MISX acc=1225950 @ 94.93 id=81290834132
09:20:53 robot_arb ERROR Exit failed layer #2: leg_a_timeout — retrying next tick
09:20:54 robot_arb INFO Cleanup: 1 open layers in mode=stopped, attempting close...
09:20:54 robot_arb INFO EXIT ALL 1 layers — reason=cleanup
09:20:54 robot_arb INFO EXIT layer #2 reason=cleanup | limit sell 10 @ 94.92 | market buy 1 @ 9768.88
09:20:54 orders_arb INFO gRPC sending: limit sell 10 GAZP@MISX acc=1225950 @ 94.92
09:20:54 orders_arb INFO gRPC limit placed: sell 10 GAZP@MISX acc=1225950 @ 94.92 id=81290846971
09:20:59 robot_arb ERROR Exit failed layer #2: leg_a_timeout — retrying next tick
09:21:00 robot_arb INFO Cleanup: 1 open layers in mode=stopped, attempting close...
09:21:00 robot_arb INFO EXIT ALL 1 layers — reason=cleanup
09:21:00 robot_arb INFO EXIT layer #2 reason=cleanup | limit sell 10 @ 94.87 | market buy 1 @ 9765.88
09:21:00 orders_arb INFO gRPC sending: limit sell 10 GAZP@MISX acc=1225950 @ 94.87
09:21:01 orders_arb INFO gRPC limit placed: sell 10 GAZP@MISX acc=1225950 @ 94.87 id=81290856900
09:21:06 robot_arb ERROR Exit failed layer #2: leg_a_timeout — retrying next tick
09:21:07 robot_arb INFO Cleanup: 1 open layers in mode=stopped, attempting close...
09:21:07 robot_arb INFO EXIT ALL 1 layers — reason=cleanup
09:21:07 robot_arb INFO EXIT layer #2 reason=cleanup | limit sell 10 @ 94.84 | market buy 1 @ 9767.88
09:21:07 orders_arb INFO gRPC sending: limit sell 10 GAZP@MISX acc=1225950 @ 94.84
09:21:07 orders_arb INFO gRPC limit placed: sell 10 GAZP@MISX acc=1225950 @ 94.84 id=81290867146
09:21:13 robot_arb ERROR Exit failed layer #2: leg_a_timeout — retrying next tick
09:21:14 robot_arb INFO Cleanup: 1 open layers in mode=stopped, attempting close...
09:21:14 robot_arb INFO EXIT ALL 1 layers — reason=cleanup
09:21:14 robot_arb INFO EXIT layer #2 reason=cleanup | limit sell 10 @ 94.87 | market buy 1 @ 9763.88
09:21:14 orders_arb INFO gRPC sending: limit sell 10 GAZP@MISX acc=1225950 @ 94.87
09:21:14 orders_arb INFO gRPC limit placed: sell 10 GAZP@MISX acc=1225950 @ 94.87 id=81290878457
09:21:19 robot_arb ERROR Exit failed layer #2: leg_a_timeout — retrying next tick
09:21:20 robot_arb INFO Cleanup: 1 open layers in mode=stopped, attempting close...
09:21:20 robot_arb INFO EXIT ALL 1 layers — reason=cleanup
09:21:20 robot_arb INFO EXIT layer #2 reason=cleanup | limit sell 10 @ 94.83 | market buy 1 @ 9761.88
09:21:20 orders_arb INFO gRPC sending: limit sell 10 GAZP@MISX acc=1225950 @ 94.83
09:21:21 orders_arb INFO gRPC limit placed: sell 10 GAZP@MISX acc=1225950 @ 94.83 id=81290897056
09:21:26 robot_arb ERROR Exit failed layer #2: leg_a_timeout — retrying next tick
09:21:27 robot_arb INFO Cleanup: 1 open layers in mode=stopped, attempting close...
09:21:27 robot_arb INFO EXIT ALL 1 layers — reason=cleanup
09:21:27 robot_arb INFO EXIT layer #2 reason=cleanup | limit sell 10 @ 94.79 | market buy 1 @ 9761.88
09:21:27 orders_arb INFO gRPC sending: limit sell 10 GAZP@MISX acc=1225950 @ 94.79
09:21:27 orders_arb INFO gRPC limit placed: sell 10 GAZP@MISX acc=1225950 @ 94.79 id=81290914563
09:21:33 robot_arb ERROR Exit failed layer #2: leg_a_timeout — retrying next tick
09:21:34 robot_arb INFO Cleanup: 1 open layers in mode=stopped, attempting close...
09:21:34 robot_arb INFO EXIT ALL 1 layers — reason=cleanup
09:21:34 robot_arb INFO EXIT layer #2 reason=cleanup | limit sell 10 @ 94.75 | market buy 1 @ 9753.87
09:21:34 orders_arb INFO gRPC sending: limit sell 10 GAZP@MISX acc=1225950 @ 94.75
09:21:34 orders_arb INFO gRPC limit placed: sell 10 GAZP@MISX acc=1225950 @ 94.75 id=81290925070
09:21:40 robot_arb ERROR Exit failed layer #2: leg_a_timeout — retrying next tick
09:21:41 robot_arb INFO Cleanup: 1 open layers in mode=stopped, attempting close...
09:21:41 robot_arb INFO EXIT ALL 1 layers — reason=cleanup
09:21:41 robot_arb INFO EXIT layer #2 reason=cleanup | limit sell 10 @ 94.74 | market buy 1 @ 9752.87
09:21:41 orders_arb INFO gRPC sending: limit sell 10 GAZP@MISX acc=1225950 @ 94.74
09:21:41 orders_arb INFO gRPC limit placed: sell 10 GAZP@MISX acc=1225950 @ 94.74 id=81290934572
09:21:46 robot_arb ERROR Exit failed layer #2: leg_a_timeout — retrying next tick
09:21:47 robot_arb INFO Cleanup: 1 open layers in mode=stopped, attempting close...
09:21:47 robot_arb INFO EXIT ALL 1 layers — reason=cleanup
09:21:47 robot_arb INFO EXIT layer #2 reason=cleanup | limit sell 10 @ 94.77 | market buy 1 @ 9748.87
09:21:47 orders_arb INFO gRPC sending: limit sell 10 GAZP@MISX acc=1225950 @ 94.77
09:21:47 orders_arb INFO gRPC limit placed: sell 10 GAZP@MISX acc=1225950 @ 94.77 id=81290946902
09:21:53 robot_arb ERROR Exit failed layer #2: leg_a_timeout — retrying next tick
09:21:54 robot_arb INFO Cleanup: 1 open layers in mode=stopped, attempting close...
09:21:54 robot_arb INFO EXIT ALL 1 layers — reason=cleanup
09:21:54 robot_arb INFO EXIT layer #2 reason=cleanup | limit sell 10 @ 94.65 | market buy 1 @ 9744.87
09:21:54 orders_arb INFO gRPC sending: limit sell 10 GAZP@MISX acc=1225950 @ 94.65
09:21:54 orders_arb INFO gRPC limit placed: sell 10 GAZP@MISX acc=1225950 @ 94.65 id=81290960426
09:21:54 orders_arb INFO Leg A filled 10@94.65 → executing leg B market 1
09:21:54 orders_arb INFO gRPC sending: market buy 1 GZU6@RTSX acc=1225953 @ MKT
09:21:54 orders_arb INFO gRPC market placed: buy 1 GZU6@RTSX acc=1225953 @ MKT id=1896048080580433051
09:21:54 orders_arb INFO Leg B fill price: 9744.87
09:21:54 strategy_arb INFO LAYER #2 CLOSE SHORT | PnL=-13.26₽ (gross=-5.74₽ comm=7.52₽) | reason=cleanup | hold=36min | layers=0
09:23:33 robot_arb WARNING POST /account received: {'account': '1225950'}
09:23:33 robot_arb WARNING Account change to 1225950 BLOCKED — must be 1225953 for FORTS
09:23:33 robot_arb INFO Param updated: ticker_a = GAZP (was GAZP)
09:23:33 robot_arb INFO Param updated: symbol_a = GAZP@RTSX (was GAZP@RTSX)
09:23:33 robot_arb INFO Param updated: ticker_b = GZU6 (was GZU6)
09:23:33 robot_arb INFO Param updated: symbol_b = GZU6@RTSX (was GZU6@RTSX)
09:23:33 robot_arb INFO Param updated: lots_a = 10 (was 10)
09:23:33 robot_arb INFO Param updated: lots_b = 1 (was 1)
09:23:33 robot_arb INFO Param updated: hedge_ratio = 10 (was 10)
09:23:33 robot_arb INFO Param updated: capital = 20000 (was 20000)
09:23:33 robot_arb INFO Param updated: entry_z = 2.5 (was 2.5)
09:23:33 robot_arb INFO Param updated: entry_z_long = -7 (was -7)
09:23:33 robot_arb INFO Param updated: entry_mode = zscore (was zscore)
09:23:33 robot_arb INFO Param updated: spread_rub_high = 312 (was 312)
09:23:33 robot_arb INFO Param updated: spread_rub_low = 270 (was 270)
09:23:33 robot_arb INFO Param updated: risk_free_rate = 0.1425 (was 0.1425)
09:23:33 robot_arb INFO Param updated: expiration_date = 2026-09-18 (was 2026-09-18)
09:23:33 robot_arb INFO Param updated: contract_size = 100 (was 100)
09:23:33 robot_arb INFO Param updated: lookback = 200 (was 200)
09:23:33 robot_arb INFO Param updated: leg_a_timeout = 5 (was 5)
09:23:33 robot_arb INFO Param updated: min_fill_ratio = 0.5 (was 0.5)
09:23:33 robot_arb INFO Param updated: min_profit_type = rub (was rub)
09:23:33 robot_arb INFO Param updated: min_profit_value = 5.5 (was 5.5)
09:23:33 robot_arb INFO Param updated: risk_type = stop_loss_rub (was stop_loss_rub)
09:23:33 robot_arb INFO Param updated: risk_value = 500000 (was 500000)
09:23:33 robot_arb INFO Param updated: allow_long_basis = True (was True)
09:23:33 robot_arb INFO Param updated: use_commission = True (was True)
09:23:33 robot_arb INFO Param updated: commission_stock_pct = 0.035 (was 0.035)
09:23:33 robot_arb INFO Param updated: commission_futures_rt = 0.9 (was 0.9)
09:23:46 robot_arb INFO Signal 15 — shutting down...
09:23:48 robot_arb INFO === Arbitrage Robot v1 ===
09:23:48 robot_arb INFO Pair: GAZP / GZU6
09:23:48 robot_arb INFO Account: 1225953 | Port: 5090 | Paper: False
09:23:48 robot_arb INFO Params: entry_z=2.5 lookback=200 lots_a=10 lots_b=1 hedge_ratio=10
09:23:48 robot_arb INFO Min profit: rub=5.5
09:23:48 robot_arb INFO Risk: stop_loss_rub=500000
09:23:48 robot_arb INFO State loaded: pnl=-27 trades=2 mode=stopped
09:23:48 robot_arb INFO FinamPy connected. Accounts: ['1225950', '1225951', '1225952', '1225953']
09:23:48 robot_arb INFO Orders manager linked to FinamPy gRPC
09:23:48 robot_arb INFO Subscribed OrderBook: GAZP@RTSX, GZU6@RTSX
09:23:48 robot_arb INFO Subscribed Quotes: GAZP@RTSX, GZU6@RTSX
09:23:48 robot_arb INFO Warmup: waiting 10 sec for data streams...
09:23:58 robot_arb INFO Warmup done. OB_A: False OB_B: False
09:23:58 robot_arb INFO MOEX ISS poller started (fallback for stock prices)
09:23:58 robot_arb INFO Main loop started
09:23:58 robot_arb INFO API listening on :5090
09:23:58 robot_arb INFO Endpoints: GET /status /health /params | POST /start /stop /pause /params
09:32:50 robot_arb INFO Signal 15 — shutting down...
09:32:51 robot_arb INFO === Arbitrage Robot v1 ===
09:32:51 robot_arb INFO Pair: GAZP / GZU6
09:32:51 robot_arb INFO Account: 1225953 | Port: 5090 | Paper: False
09:32:51 robot_arb INFO Params: entry_z=2.5 lookback=200 lots_a=10 lots_b=1 hedge_ratio=10
09:32:51 robot_arb INFO Min profit: rub=5.5
09:32:51 robot_arb INFO Risk: stop_loss_rub=500000
09:32:51 robot_arb INFO State loaded: pnl=-27 trades=2 mode=stopped
09:35:51 robot_arb INFO Signal 15 — shutting down...
09:35:53 robot_arb INFO === Arbitrage Robot v1 ===
09:35:53 robot_arb INFO Pair: GAZP / GZU6
09:35:53 robot_arb INFO Account: 1225953 | Port: 5090 | Paper: False
09:35:53 robot_arb INFO Params: entry_z=2.5 lookback=200 lots_a=10 lots_b=1 hedge_ratio=10
09:35:53 robot_arb INFO Min profit: rub=5.5
09:35:53 robot_arb INFO Risk: stop_loss_rub=500000
09:35:53 robot_arb INFO State loaded: pnl=-27 trades=2 mode=stopped
09:38:53 robot_arb INFO Signal 15 — shutting down...
09:38:56 robot_arb INFO === Arbitrage Robot v1 ===
09:38:56 robot_arb INFO Pair: GAZP / GZU6
09:38:56 robot_arb INFO Account: 1225953 | Port: 5090 | Paper: False
09:38:56 robot_arb INFO Params: entry_z=2.5 lookback=200 lots_a=10 lots_b=1 hedge_ratio=10
09:38:56 robot_arb INFO Min profit: rub=5.5
09:38:56 robot_arb INFO Risk: stop_loss_rub=500000
09:38:56 robot_arb INFO State loaded: pnl=-27 trades=2 mode=stopped
09:38:56 robot_arb INFO FinamPy connected. Accounts: ['1225950', '1225951', '1225952', '1225953']
09:38:56 robot_arb INFO Orders manager linked to FinamPy gRPC
09:38:56 robot_arb INFO Subscribed OrderBook: GAZP@RTSX, GZU6@RTSX
09:38:56 robot_arb INFO Subscribed Quotes: GAZP@RTSX, GZU6@RTSX
09:38:56 robot_arb INFO Warmup: waiting 10 sec for data streams...
09:39:06 robot_arb INFO Warmup done. OB_A: False OB_B: False
09:39:06 robot_arb INFO MOEX ISS poller started (fallback for stock prices)
09:39:06 robot_arb INFO Main loop started
09:39:06 robot_arb INFO API listening on :5090
09:39:06 robot_arb INFO Endpoints: GET /status /health /params | POST /start /stop /pause /params
09:39:10 robot_arb INFO Mode → RUNNING
09:39:22 robot_arb INFO Z=3.54 (threshold=2.5) — no signal (dup_check=False)
09:39:22 robot_arb INFO Z=2.56 (threshold=2.5) — no signal (dup_check=False)
09:39:23 robot_arb INFO Z=2.56 (threshold=2.5) — no signal (dup_check=False)
09:43:45 robot_arb INFO ⚠️ CHECK_ENTRY returned signal: {'action': 'entry', 'side': 'short_basis', 'z': 2.747391242656687, 'basis': 8815.2, 'price_a': 94.78, 'price_b': 9763.0}
09:43:45 robot_arb INFO ENTRY SIGNAL short_basis | Z=2.75 basis=8815.20 | A=94.78 B=9763.00 | limit buy 10 @ 94.81 | market sell 1 @ 9758.12
09:43:45 orders_arb INFO gRPC sending: limit buy 10 GAZP@MISX acc=1225950 @ 94.81
09:43:45 orders_arb INFO gRPC limit placed: buy 10 GAZP@MISX acc=1225950 @ 94.81 id=81293609336
09:43:51 robot_arb WARNING Entry failed: leg_a_timeout
09:47:56 robot_arb INFO Z=2.33 (threshold=2.5) — no signal (dup_check=False)
09:49:20 robot_arb INFO Z=2.40 (threshold=2.5) — no signal (dup_check=False)
09:50:11 robot_arb INFO ⚠️ CHECK_ENTRY returned signal: {'action': 'entry', 'side': 'short_basis', 'z': 2.5549205349508157, 'basis': 8804.0, 'price_a': 94.7, 'price_b': 9751.0}
09:50:11 robot_arb INFO ENTRY SIGNAL short_basis | Z=2.55 basis=8804.00 | A=94.70 B=9751.00 | limit buy 10 @ 94.70 | market sell 1 @ 9746.12
09:50:11 orders_arb INFO gRPC sending: limit buy 10 GAZP@MISX acc=1225950 @ 94.7
09:50:11 orders_arb INFO gRPC limit placed: buy 10 GAZP@MISX acc=1225950 @ 94.7 id=81294187449
09:50:17 robot_arb WARNING Entry failed: leg_a_timeout
09:52:09 robot_arb INFO ⚠️ CHECK_ENTRY returned signal: {'action': 'entry', 'side': 'short_basis', 'z': 2.7156181505873267, 'basis': 8807.6, 'price_a': 94.74, 'price_b': 9755.0}
09:52:09 robot_arb INFO ENTRY SIGNAL short_basis | Z=2.72 basis=8807.60 | A=94.74 B=9755.00 | limit buy 10 @ 94.75 | market sell 1 @ 9750.12
09:52:09 orders_arb INFO gRPC sending: limit buy 10 GAZP@MISX acc=1225950 @ 94.75
09:52:09 orders_arb INFO gRPC limit placed: buy 10 GAZP@MISX acc=1225950 @ 94.75 id=81294340792
09:52:14 robot_arb WARNING Entry failed: leg_a_timeout
09:52:15 robot_arb INFO Z=2.65 (threshold=2.5) — no signal (dup_check=LOCKED)
09:52:15 robot_arb INFO Z=2.65 (threshold=2.5) — no signal (dup_check=LOCKED)
09:52:16 robot_arb INFO Z=2.60 (threshold=2.5) — no signal (dup_check=LOCKED)
09:52:16 robot_arb INFO ⚠️ CHECK_ENTRY returned signal: {'action': 'entry', 'side': 'short_basis', 'z': 3.0961322505213134, 'basis': 8807.7, 'price_a': 94.73, 'price_b': 9755.0}
09:52:16 robot_arb INFO ENTRY SIGNAL short_basis | Z=3.10 basis=8807.70 | A=94.73 B=9755.00 | limit buy 10 @ 94.73 | market sell 1 @ 9750.12
09:52:16 orders_arb INFO gRPC sending: limit buy 10 GAZP@MISX acc=1225950 @ 94.73
09:52:16 orders_arb INFO gRPC limit placed: buy 10 GAZP@MISX acc=1225950 @ 94.73 id=81294358199
09:52:22 robot_arb WARNING Entry failed: leg_a_timeout
09:52:22 robot_arb INFO Z=3.48 (threshold=2.5) — no signal (dup_check=LOCKED)
09:52:23 robot_arb INFO Z=3.48 (threshold=2.5) — no signal (dup_check=LOCKED)
09:52:23 robot_arb INFO Z=3.38 (threshold=2.5) — no signal (dup_check=LOCKED)
09:52:24 robot_arb INFO ⚠️ CHECK_ENTRY returned signal: {'action': 'entry', 'side': 'short_basis', 'z': 3.379000410539723, 'basis': 8806.0, 'price_a': 94.7, 'price_b': 9753.0}
09:52:24 robot_arb INFO ENTRY SIGNAL short_basis | Z=3.38 basis=8806.00 | A=94.70 B=9753.00 | limit buy 10 @ 94.73 | market sell 1 @ 9748.12
09:52:24 orders_arb INFO gRPC sending: limit buy 10 GAZP@MISX acc=1225950 @ 94.73
09:52:24 orders_arb INFO gRPC limit placed: buy 10 GAZP@MISX acc=1225950 @ 94.73 id=81294377176
09:52:29 robot_arb WARNING Entry failed: leg_a_timeout
09:53:07 robot_arb INFO Z=2.48 (threshold=2.5) — no signal (dup_check=False)
09:53:07 robot_arb INFO Z=2.48 (threshold=2.5) — no signal (dup_check=False)
09:53:08 robot_arb INFO Z=2.44 (threshold=2.5) — no signal (dup_check=False)
09:53:08 robot_arb INFO Z=2.44 (threshold=2.5) — no signal (dup_check=False)
09:53:09 robot_arb INFO Z=2.40 (threshold=2.5) — no signal (dup_check=False)
09:53:27 robot_arb INFO ⚠️ CHECK_ENTRY returned signal: {'action': 'entry', 'side': 'short_basis', 'z': 3.4963003734490448, 'basis': 8808.8, 'price_a': 94.72, 'price_b': 9756.0}
09:53:27 robot_arb INFO ENTRY SIGNAL short_basis | Z=3.50 basis=8808.80 | A=94.72 B=9756.00 | limit buy 10 @ 94.74 | market sell 1 @ 9751.12
09:53:27 orders_arb INFO gRPC sending: limit buy 10 GAZP@MISX acc=1225950 @ 94.74
09:53:27 orders_arb INFO gRPC limit placed: buy 10 GAZP@MISX acc=1225950 @ 94.74 id=81294490577
09:53:33 robot_arb WARNING Entry failed: leg_a_timeout
09:53:33 robot_arb INFO Z=2.98 (threshold=2.5) — no signal (dup_check=LOCKED)
09:53:34 robot_arb INFO Z=2.98 (threshold=2.5) — no signal (dup_check=LOCKED)
09:53:34 robot_arb INFO Z=2.91 (threshold=2.5) — no signal (dup_check=LOCKED)
09:58:36 robot_arb INFO ⚠️ CHECK_ENTRY returned signal: {'action': 'entry', 'side': 'short_basis', 'z': 2.654630627262916, 'basis': 8821.0, 'price_a': 94.9, 'price_b': 9770.0}
09:58:36 robot_arb INFO ENTRY SIGNAL short_basis | Z=2.65 basis=8821.00 | A=94.90 B=9770.00 | limit buy 10 @ 94.90 | market sell 1 @ 9765.11
09:58:36 orders_arb INFO gRPC sending: limit buy 10 GAZP@MISX acc=1225950 @ 94.9
09:58:36 orders_arb ERROR gRPC order error (GAZP@RTSX buy 10@94.9): code=StatusCode.INTERNAL details=Jwt token check failed: UNAUTHENTICATED: Token is expired
09:58:36 orders_arb WARNING gRPC limit failed, falling back to DP server
09:58:37 orders_arb ERROR Limit order error (GAZP@RTSX buy 10@94.9): no response
09:58:37 robot_arb WARNING Entry failed: leg_a_place_failed
09:58:38 robot_arb INFO Z=2.60 (threshold=2.5) — no signal (dup_check=LOCKED)
09:58:38 robot_arb INFO Z=2.60 (threshold=2.5) — no signal (dup_check=LOCKED)
09:58:39 robot_arb INFO Z=2.55 (threshold=2.5) — no signal (dup_check=LOCKED)
09:58:39 robot_arb INFO ⚠️ CHECK_ENTRY returned signal: {'action': 'entry', 'side': 'short_basis', 'z': 2.5531934890409813, 'basis': 8821.0, 'price_a': 94.9, 'price_b': 9770.0}
09:58:39 robot_arb INFO ENTRY SIGNAL short_basis | Z=2.55 basis=8821.00 | A=94.90 B=9770.00 | limit buy 10 @ 94.90 | market sell 1 @ 9765.11
09:58:39 orders_arb INFO gRPC sending: limit buy 10 GAZP@MISX acc=1225950 @ 94.9
09:58:39 orders_arb ERROR gRPC order error (GAZP@RTSX buy 10@94.9): code=StatusCode.INTERNAL details=Jwt token check failed: UNAUTHENTICATED: Token is expired
09:58:39 orders_arb WARNING gRPC limit failed, falling back to DP server
09:58:39 orders_arb ERROR Limit order error (GAZP@RTSX buy 10@94.9): no response
09:58:39 robot_arb WARNING Entry failed: leg_a_place_failed
09:58:40 robot_arb INFO Z=2.51 (threshold=2.5) — no signal (dup_check=LOCKED)
09:58:40 robot_arb INFO Z=2.51 (threshold=2.5) — no signal (dup_check=LOCKED)
09:58:41 robot_arb INFO Z=2.45 (threshold=2.5) — no signal (dup_check=LOCKED)
09:58:41 robot_arb INFO Z=2.45 (threshold=2.5) — no signal (dup_check=False)
09:59:16 robot_arb INFO ⚠️ CHECK_ENTRY returned signal: {'action': 'entry', 'side': 'short_basis', 'z': 2.926173503748773, 'basis': 8821.1, 'price_a': 94.89, 'price_b': 9770.0}
09:59:16 robot_arb INFO ENTRY SIGNAL short_basis | Z=2.93 basis=8821.10 | A=94.89 B=9770.00 | limit buy 10 @ 94.89 | market sell 1 @ 9765.11
09:59:16 orders_arb INFO gRPC sending: limit buy 10 GAZP@MISX acc=1225950 @ 94.89
09:59:16 orders_arb ERROR gRPC order error (GAZP@RTSX buy 10@94.89): code=StatusCode.INTERNAL details=Jwt token check failed: UNAUTHENTICATED: Token is expired
09:59:16 orders_arb WARNING gRPC limit failed, falling back to DP server
09:59:16 orders_arb ERROR Limit order error (GAZP@RTSX buy 10@94.89): no response
09:59:16 robot_arb WARNING Entry failed: leg_a_place_failed
09:59:17 robot_arb INFO Z=2.85 (threshold=2.5) — no signal (dup_check=LOCKED)
09:59:17 robot_arb INFO Z=2.85 (threshold=2.5) — no signal (dup_check=LOCKED)
09:59:18 robot_arb INFO Z=2.78 (threshold=2.5) — no signal (dup_check=LOCKED)
09:59:18 robot_arb INFO ⚠️ CHECK_ENTRY returned signal: {'action': 'entry', 'side': 'short_basis', 'z': 2.780959549702329, 'basis': 8821.1, 'price_a': 94.89, 'price_b': 9770.0}
09:59:18 robot_arb INFO ENTRY SIGNAL short_basis | Z=2.78 basis=8821.10 | A=94.89 B=9770.00 | limit buy 10 @ 94.89 | market sell 1 @ 9765.11
09:59:18 orders_arb INFO gRPC sending: limit buy 10 GAZP@MISX acc=1225950 @ 94.89
09:59:18 orders_arb ERROR gRPC order error (GAZP@RTSX buy 10@94.89): code=StatusCode.INTERNAL details=Jwt token check failed: UNAUTHENTICATED: Token is expired
09:59:18 orders_arb WARNING gRPC limit failed, falling back to DP server
09:59:18 orders_arb ERROR Limit order error (GAZP@RTSX buy 10@94.89): no response
09:59:18 robot_arb WARNING Entry failed: leg_a_place_failed
09:59:19 robot_arb INFO Z=2.71 (threshold=2.5) — no signal (dup_check=LOCKED)
09:59:19 robot_arb INFO Z=2.71 (threshold=2.5) — no signal (dup_check=LOCKED)
09:59:20 robot_arb INFO Z=2.65 (threshold=2.5) — no signal (dup_check=LOCKED)
09:59:20 robot_arb INFO ⚠️ CHECK_ENTRY returned signal: {'action': 'entry', 'side': 'short_basis', 'z': 2.6527928685130844, 'basis': 8821.1, 'price_a': 94.89, 'price_b': 9770.0}
09:59:20 robot_arb INFO ENTRY SIGNAL short_basis | Z=2.65 basis=8821.10 | A=94.89 B=9770.00 | limit buy 10 @ 94.89 | market sell 1 @ 9765.11
09:59:20 orders_arb INFO gRPC sending: limit buy 10 GAZP@MISX acc=1225950 @ 94.89
09:59:21 orders_arb ERROR gRPC order error (GAZP@RTSX buy 10@94.89): code=StatusCode.INTERNAL details=Jwt token check failed: UNAUTHENTICATED: Token is expired
09:59:21 orders_arb WARNING gRPC limit failed, falling back to DP server
09:59:21 orders_arb ERROR Limit order error (GAZP@RTSX buy 10@94.89): no response
09:59:21 robot_arb WARNING Entry failed: leg_a_place_failed
09:59:21 robot_arb INFO Z=2.59 (threshold=2.5) — no signal (dup_check=LOCKED)
09:59:22 robot_arb INFO Z=3.41 (threshold=2.5) — no signal (dup_check=LOCKED)
09:59:22 robot_arb INFO Z=3.30 (threshold=2.5) — no signal (dup_check=LOCKED)
09:59:23 robot_arb INFO ⚠️ CHECK_ENTRY returned signal: {'action': 'entry', 'side': 'short_basis', 'z': 3.2955418128677776, 'basis': 8821.2, 'price_a': 94.88, 'price_b': 9770.0}
09:59:23 robot_arb INFO ENTRY SIGNAL short_basis | Z=3.30 basis=8821.20 | A=94.88 B=9770.00 | limit buy 10 @ 94.88 | market sell 1 @ 9765.11
09:59:23 orders_arb INFO gRPC sending: limit buy 10 GAZP@MISX acc=1225950 @ 94.88
09:59:23 orders_arb ERROR gRPC order error (GAZP@RTSX buy 10@94.88): code=StatusCode.INTERNAL details=Jwt token check failed: UNAUTHENTICATED: Token is expired
09:59:23 orders_arb WARNING gRPC limit failed, falling back to DP server
09:59:23 orders_arb ERROR Limit order error (GAZP@RTSX buy 10@94.88): no response
09:59:23 robot_arb WARNING Entry failed: leg_a_place_failed
09:59:24 robot_arb INFO Z=3.19 (threshold=2.5) — no signal (dup_check=LOCKED)
09:59:24 robot_arb INFO Z=3.19 (threshold=2.5) — no signal (dup_check=LOCKED)
09:59:27 robot_arb INFO ⚠️ CHECK_ENTRY returned signal: {'action': 'entry', 'side': 'short_basis', 'z': 3.046898348217367, 'basis': 8819.4, 'price_a': 94.86, 'price_b': 9768.0}
09:59:27 robot_arb INFO ENTRY SIGNAL short_basis | Z=3.05 basis=8819.40 | A=94.86 B=9768.00 | limit buy 10 @ 94.88 | market sell 1 @ 9763.12
09:59:27 orders_arb INFO gRPC sending: limit buy 10 GAZP@MISX acc=1225950 @ 94.88
09:59:27 orders_arb ERROR gRPC order error (GAZP@RTSX buy 10@94.88): code=StatusCode.INTERNAL details=Jwt token check failed: UNAUTHENTICATED: Token is expired
09:59:27 orders_arb WARNING gRPC limit failed, falling back to DP server
09:59:27 orders_arb ERROR Limit order error (GAZP@RTSX buy 10@94.88): no response
09:59:27 robot_arb WARNING Entry failed: leg_a_place_failed
09:59:27 robot_arb INFO Z=3.05 (threshold=2.5) — no signal (dup_check=LOCKED)
09:59:28 robot_arb INFO Z=2.96 (threshold=2.5) — no signal (dup_check=LOCKED)
09:59:28 robot_arb INFO Z=2.96 (threshold=2.5) — no signal (dup_check=LOCKED)
09:59:29 robot_arb INFO ⚠️ CHECK_ENTRY returned signal: {'action': 'entry', 'side': 'short_basis', 'z': 2.8868928498989135, 'basis': 8819.4, 'price_a': 94.86, 'price_b': 9768.0}
09:59:29 robot_arb INFO ENTRY SIGNAL short_basis | Z=2.89 basis=8819.40 | A=94.86 B=9768.00 | limit buy 10 @ 94.88 | market sell 1 @ 9763.12
09:59:29 orders_arb INFO gRPC sending: limit buy 10 GAZP@MISX acc=1225950 @ 94.88
09:59:29 orders_arb ERROR gRPC order error (GAZP@RTSX buy 10@94.88): code=StatusCode.INTERNAL details=Jwt token check failed: UNAUTHENTICATED: Token is expired
09:59:29 orders_arb WARNING gRPC limit failed, falling back to DP server
09:59:29 orders_arb ERROR Limit order error (GAZP@RTSX buy 10@94.88): no response
09:59:29 robot_arb WARNING Entry failed: leg_a_place_failed
09:59:29 robot_arb INFO Z=2.89 (threshold=2.5) — no signal (dup_check=LOCKED)
09:59:30 robot_arb INFO Z=2.81 (threshold=2.5) — no signal (dup_check=LOCKED)
09:59:30 robot_arb INFO Z=2.81 (threshold=2.5) — no signal (dup_check=LOCKED)
09:59:31 robot_arb INFO ⚠️ CHECK_ENTRY returned signal: {'action': 'entry', 'side': 'short_basis', 'z': 2.7468943724328088, 'basis': 8819.4, 'price_a': 94.86, 'price_b': 9768.0}
09:59:31 robot_arb INFO ENTRY SIGNAL short_basis | Z=2.75 basis=8819.40 | A=94.86 B=9768.00 | limit buy 10 @ 94.88 | market sell 1 @ 9763.12
09:59:31 orders_arb INFO gRPC sending: limit buy 10 GAZP@MISX acc=1225950 @ 94.88
09:59:31 orders_arb ERROR gRPC order error (GAZP@RTSX buy 10@94.88): code=StatusCode.INTERNAL details=Jwt token check failed: UNAUTHENTICATED: Token is expired
09:59:31 orders_arb WARNING gRPC limit failed, falling back to DP server
09:59:31 orders_arb ERROR Limit order error (GAZP@RTSX buy 10@94.88): no response
09:59:31 robot_arb WARNING Entry failed: leg_a_place_failed
09:59:31 robot_arb INFO Z=2.75 (threshold=2.5) — no signal (dup_check=LOCKED)
09:59:32 robot_arb INFO Z=2.68 (threshold=2.5) — no signal (dup_check=LOCKED)
09:59:32 robot_arb INFO Z=2.68 (threshold=2.5) — no signal (dup_check=LOCKED)
09:59:33 robot_arb INFO ⚠️ CHECK_ENTRY returned signal: {'action': 'entry', 'side': 'short_basis', 'z': 2.622938913620423, 'basis': 8819.4, 'price_a': 94.86, 'price_b': 9768.0}
09:59:33 robot_arb INFO ENTRY SIGNAL short_basis | Z=2.62 basis=8819.40 | A=94.86 B=9768.00 | limit buy 10 @ 94.88 | market sell 1 @ 9763.12
09:59:33 orders_arb INFO gRPC sending: limit buy 10 GAZP@MISX acc=1225950 @ 94.88
09:59:33 orders_arb ERROR gRPC order error (GAZP@RTSX buy 10@94.88): code=StatusCode.INTERNAL details=Jwt token check failed: UNAUTHENTICATED: Token is expired
09:59:33 orders_arb WARNING gRPC limit failed, falling back to DP server
09:59:33 orders_arb ERROR Limit order error (GAZP@RTSX buy 10@94.88): no response
09:59:33 robot_arb WARNING Entry failed: leg_a_place_failed
09:59:33 robot_arb INFO Z=2.62 (threshold=2.5) — no signal (dup_check=LOCKED)
09:59:34 robot_arb INFO Z=2.57 (threshold=2.5) — no signal (dup_check=LOCKED)
10:03:59 robot_arb INFO ⚠️ CHECK_ENTRY returned signal: {'action': 'entry', 'side': 'short_basis', 'z': 3.2329250880629923, 'basis': 8828.6, 'price_a': 94.94, 'price_b': 9778.0}
10:03:59 robot_arb INFO ENTRY SIGNAL short_basis | Z=3.23 basis=8828.60 | A=94.94 B=9778.00 | limit buy 10 @ 94.97 | market sell 1 @ 9773.11
10:03:59 orders_arb INFO gRPC sending: limit buy 10 GAZP@MISX acc=1225950 @ 94.97
10:03:59 orders_arb ERROR gRPC order error (GAZP@RTSX buy 10@94.97): code=StatusCode.INTERNAL details=Jwt token check failed: UNAUTHENTICATED: Token is expired
10:03:59 orders_arb WARNING gRPC limit failed, falling back to DP server
10:03:59 orders_arb ERROR Limit order error (GAZP@RTSX buy 10@94.97): no response
10:03:59 robot_arb WARNING Entry failed: leg_a_place_failed
10:03:59 robot_arb INFO Z=3.18 (threshold=2.5) — no signal (dup_check=LOCKED)
10:04:00 robot_arb INFO Z=3.18 (threshold=2.5) — no signal (dup_check=LOCKED)
10:04:00 robot_arb INFO Z=3.14 (threshold=2.5) — no signal (dup_check=LOCKED)
10:04:01 robot_arb INFO ⚠️ CHECK_ENTRY returned signal: {'action': 'entry', 'side': 'short_basis', 'z': 3.135474772029871, 'basis': 8828.6, 'price_a': 94.94, 'price_b': 9778.0}
10:04:01 robot_arb INFO ENTRY SIGNAL short_basis | Z=3.14 basis=8828.60 | A=94.94 B=9778.00 | limit buy 10 @ 94.97 | market sell 1 @ 9773.11
10:04:01 orders_arb INFO gRPC sending: limit buy 10 GAZP@MISX acc=1225950 @ 94.97
10:04:01 orders_arb ERROR gRPC order error (GAZP@RTSX buy 10@94.97): code=StatusCode.INTERNAL details=Jwt token check failed: UNAUTHENTICATED: Token is expired
10:04:01 orders_arb WARNING gRPC limit failed, falling back to DP server
10:04:01 orders_arb ERROR Limit order error (GAZP@RTSX buy 10@94.97): no response
10:04:01 robot_arb WARNING Entry failed: leg_a_place_failed
10:04:51 robot_arb INFO ⚠️ CHECK_ENTRY returned signal: {'action': 'entry', 'side': 'long_basis', 'z': -7.53955504711114, 'basis': 8815.0, 'price_a': 95.1, 'price_b': 9766.0}
10:04:51 robot_arb INFO ENTRY SIGNAL long_basis | Z=-7.54 basis=8815.00 | A=95.10 B=9766.00 | limit sell 10 @ 95.08 | market buy 1 @ 9770.88
10:04:51 orders_arb INFO gRPC sending: limit sell 10 GAZP@MISX acc=1225950 @ 95.08
10:04:52 orders_arb ERROR gRPC order error (GAZP@RTSX sell 10@95.08): code=StatusCode.INTERNAL details=Jwt token check failed: UNAUTHENTICATED: Token is expired
10:04:52 orders_arb WARNING gRPC limit failed, falling back to DP server
10:04:52 orders_arb ERROR Limit order error (GAZP@RTSX sell 10@95.08): no response
10:04:52 robot_arb WARNING Entry failed: leg_a_place_failed
10:08:27 robot_arb INFO ⚠️ CHECK_ENTRY returned signal: {'action': 'entry', 'side': 'short_basis', 'z': 2.749378001756444, 'basis': 8837.3, 'price_a': 95.07, 'price_b': 9788.0}
10:08:27 robot_arb INFO ENTRY SIGNAL short_basis | Z=2.75 basis=8837.30 | A=95.07 B=9788.00 | limit buy 10 @ 95.08 | market sell 1 @ 9783.11
10:08:27 orders_arb INFO gRPC sending: limit buy 10 GAZP@MISX acc=1225950 @ 95.08
10:08:27 orders_arb ERROR gRPC order error (GAZP@RTSX buy 10@95.08): code=StatusCode.INTERNAL details=Jwt token check failed: UNAUTHENTICATED: Token is expired
10:08:27 orders_arb WARNING gRPC limit failed, falling back to DP server
10:08:28 orders_arb ERROR Limit order error (GAZP@RTSX buy 10@95.08): no response
10:08:28 robot_arb WARNING Entry failed: leg_a_place_failed
10:10:08 robot_arb INFO ⚠️ CHECK_ENTRY returned signal: {'action': 'entry', 'side': 'short_basis', 'z': 2.651712797852072, 'basis': 8858.3, 'price_a': 95.27, 'price_b': 9811.0}
10:10:08 robot_arb INFO ENTRY SIGNAL short_basis | Z=2.65 basis=8858.30 | A=95.27 B=9811.00 | limit buy 10 @ 95.27 | market sell 1 @ 9806.09
10:10:08 orders_arb INFO gRPC sending: limit buy 10 GAZP@MISX acc=1225950 @ 95.27
10:10:08 orders_arb ERROR gRPC order error (GAZP@RTSX buy 10@95.27): code=StatusCode.INTERNAL details=Jwt token check failed: UNAUTHENTICATED: Token is expired
10:10:08 orders_arb WARNING gRPC limit failed, falling back to DP server
10:10:08 orders_arb ERROR Limit order error (GAZP@RTSX buy 10@95.27): no response
10:10:08 robot_arb WARNING Entry failed: leg_a_place_failed
10:10:09 robot_arb INFO Z=2.65 (threshold=2.5) — no signal (dup_check=LOCKED)
10:10:09 robot_arb INFO Z=2.59 (threshold=2.5) — no signal (dup_check=LOCKED)
10:10:10 robot_arb INFO Z=2.59 (threshold=2.5) — no signal (dup_check=LOCKED)
10:14:09 robot_arb INFO ⚠️ CHECK_ENTRY returned signal: {'action': 'entry', 'side': 'short_basis', 'z': 2.8084999582727925, 'basis': 8853.0, 'price_a': 95.2, 'price_b': 9805.0}
10:14:09 robot_arb INFO ENTRY SIGNAL short_basis | Z=2.81 basis=8853.00 | A=95.20 B=9805.00 | limit buy 10 @ 95.20 | market sell 1 @ 9800.10
10:14:09 orders_arb INFO gRPC sending: limit buy 10 GAZP@MISX acc=1225950 @ 95.2
10:14:09 orders_arb ERROR gRPC order error (GAZP@RTSX buy 10@95.2): code=StatusCode.INTERNAL details=Jwt token check failed: UNAUTHENTICATED: Token is expired
10:14:09 orders_arb WARNING gRPC limit failed, falling back to DP server
10:14:09 orders_arb ERROR Limit order error (GAZP@RTSX buy 10@95.2): no response
10:14:09 robot_arb WARNING Entry failed: leg_a_place_failed
10:14:39 robot_arb INFO ⚠️ CHECK_ENTRY returned signal: {'action': 'entry', 'side': 'short_basis', 'z': 3.363281820783366, 'basis': 8831.4, 'price_a': 94.96, 'price_b': 9781.0}
10:14:39 robot_arb INFO ENTRY SIGNAL short_basis | Z=3.36 basis=8831.40 | A=94.96 B=9781.00 | limit buy 10 @ 94.95 | market sell 1 @ 9776.11
10:14:39 orders_arb INFO gRPC sending: limit buy 10 GAZP@MISX acc=1225950 @ 94.95
10:14:39 orders_arb ERROR gRPC order error (GAZP@RTSX buy 10@94.95): code=StatusCode.INTERNAL details=Jwt token check failed: UNAUTHENTICATED: Token is expired
10:14:39 orders_arb WARNING gRPC limit failed, falling back to DP server
10:14:39 orders_arb ERROR Limit order error (GAZP@RTSX buy 10@94.95): no response
10:14:39 robot_arb WARNING Entry failed: leg_a_place_failed
10:14:59 robot_arb INFO ⚠️ CHECK_ENTRY returned signal: {'action': 'entry', 'side': 'short_basis', 'z': 2.511017130780581, 'basis': 8837.5, 'price_a': 95.05, 'price_b': 9788.0}
10:14:59 robot_arb INFO ENTRY SIGNAL short_basis | Z=2.51 basis=8837.50 | A=95.05 B=9788.00 | limit buy 10 @ 95.04 | market sell 1 @ 9783.11
10:14:59 orders_arb INFO gRPC sending: limit buy 10 GAZP@MISX acc=1225950 @ 95.04
10:14:59 orders_arb ERROR gRPC order error (GAZP@RTSX buy 10@95.04): code=StatusCode.INTERNAL details=Jwt token check failed: UNAUTHENTICATED: Token is expired
10:14:59 orders_arb WARNING gRPC limit failed, falling back to DP server
10:14:59 orders_arb ERROR Limit order error (GAZP@RTSX buy 10@95.04): no response
10:14:59 robot_arb WARNING Entry failed: leg_a_place_failed
10:15:14 robot_arb INFO ⚠️ CHECK_ENTRY returned signal: {'action': 'entry', 'side': 'short_basis', 'z': 3.1447492317146497, 'basis': 8835.9, 'price_a': 95.01, 'price_b': 9786.0}
10:15:14 robot_arb INFO ENTRY SIGNAL short_basis | Z=3.14 basis=8835.90 | A=95.01 B=9786.00 | limit buy 10 @ 95.03 | market sell 1 @ 9781.11
10:15:14 orders_arb INFO gRPC sending: limit buy 10 GAZP@MISX acc=1225950 @ 95.03
10:15:14 orders_arb ERROR gRPC order error (GAZP@RTSX buy 10@95.03): code=StatusCode.INTERNAL details=Jwt token check failed: UNAUTHENTICATED: Token is expired
10:15:14 orders_arb WARNING gRPC limit failed, falling back to DP server
10:15:15 orders_arb ERROR Limit order error (GAZP@RTSX buy 10@95.03): no response
10:15:15 robot_arb WARNING Entry failed: leg_a_place_failed
10:15:15 robot_arb INFO Z=3.07 (threshold=2.5) — no signal (dup_check=LOCKED)
10:15:16 robot_arb INFO Z=3.07 (threshold=2.5) — no signal (dup_check=LOCKED)
10:15:16 robot_arb INFO Z=3.00 (threshold=2.5) — no signal (dup_check=LOCKED)
10:15:17 robot_arb INFO ⚠️ CHECK_ENTRY returned signal: {'action': 'entry', 'side': 'short_basis', 'z': 3.0046690212936733, 'basis': 8835.9, 'price_a': 95.01, 'price_b': 9786.0}
10:15:17 robot_arb INFO ENTRY SIGNAL short_basis | Z=3.00 basis=8835.90 | A=95.01 B=9786.00 | limit buy 10 @ 95.03 | market sell 1 @ 9781.11
10:15:17 orders_arb INFO gRPC sending: limit buy 10 GAZP@MISX acc=1225950 @ 95.03
10:15:17 orders_arb ERROR gRPC order error (GAZP@RTSX buy 10@95.03): code=StatusCode.INTERNAL details=Jwt token check failed: UNAUTHENTICATED: Token is expired
10:15:17 orders_arb WARNING gRPC limit failed, falling back to DP server
10:15:17 orders_arb ERROR Limit order error (GAZP@RTSX buy 10@95.03): no response
10:15:17 robot_arb WARNING Entry failed: leg_a_place_failed
10:15:17 robot_arb INFO Z=2.94 (threshold=2.5) — no signal (dup_check=LOCKED)
10:15:18 robot_arb INFO Z=2.94 (threshold=2.5) — no signal (dup_check=LOCKED)
10:15:18 robot_arb INFO Z=2.88 (threshold=2.5) — no signal (dup_check=LOCKED)
10:15:19 robot_arb INFO ⚠️ CHECK_ENTRY returned signal: {'action': 'entry', 'side': 'short_basis', 'z': 2.879948268415194, 'basis': 8835.9, 'price_a': 95.01, 'price_b': 9786.0}
10:15:19 robot_arb INFO ENTRY SIGNAL short_basis | Z=2.88 basis=8835.90 | A=95.01 B=9786.00 | limit buy 10 @ 95.03 | market sell 1 @ 9781.11
10:15:19 orders_arb INFO gRPC sending: limit buy 10 GAZP@MISX acc=1225950 @ 95.03
10:15:19 orders_arb ERROR gRPC order error (GAZP@RTSX buy 10@95.03): code=StatusCode.INTERNAL details=Jwt token check failed: UNAUTHENTICATED: Token is expired
10:15:19 orders_arb WARNING gRPC limit failed, falling back to DP server
10:15:19 orders_arb ERROR Limit order error (GAZP@RTSX buy 10@95.03): no response
10:15:19 robot_arb WARNING Entry failed: leg_a_place_failed
10:15:19 robot_arb INFO Z=2.81 (threshold=2.5) — no signal (dup_check=LOCKED)
10:15:20 robot_arb INFO Z=2.81 (threshold=2.5) — no signal (dup_check=LOCKED)
10:15:20 robot_arb INFO Z=2.74 (threshold=2.5) — no signal (dup_check=LOCKED)
10:15:21 robot_arb INFO ⚠️ CHECK_ENTRY returned signal: {'action': 'entry', 'side': 'short_basis', 'z': 2.741865908816506, 'basis': 8835.9, 'price_a': 95.01, 'price_b': 9786.0}
10:15:21 robot_arb INFO ENTRY SIGNAL short_basis | Z=2.74 basis=8835.90 | A=95.01 B=9786.00 | limit buy 10 @ 95.02 | market sell 1 @ 9781.11
10:15:21 orders_arb INFO gRPC sending: limit buy 10 GAZP@MISX acc=1225950 @ 95.02
10:15:21 orders_arb ERROR gRPC order error (GAZP@RTSX buy 10@95.02): code=StatusCode.INTERNAL details=Jwt token check failed: UNAUTHENTICATED: Token is expired
10:15:21 orders_arb WARNING gRPC limit failed, falling back to DP server
10:15:21 orders_arb ERROR Limit order error (GAZP@RTSX buy 10@95.02): no response
10:15:21 robot_arb WARNING Entry failed: leg_a_place_failed
10:15:21 robot_arb INFO Z=2.68 (threshold=2.5) — no signal (dup_check=LOCKED)
10:15:22 robot_arb INFO Z=2.68 (threshold=2.5) — no signal (dup_check=LOCKED)
10:15:22 robot_arb INFO Z=2.62 (threshold=2.5) — no signal (dup_check=LOCKED)
10:15:23 robot_arb INFO ⚠️ CHECK_ENTRY returned signal: {'action': 'entry', 'side': 'short_basis', 'z': 2.6194343072784827, 'basis': 8835.9, 'price_a': 95.01, 'price_b': 9786.0}
10:15:23 robot_arb INFO ENTRY SIGNAL short_basis | Z=2.62 basis=8835.90 | A=95.01 B=9786.00 | limit buy 10 @ 95.02 | market sell 1 @ 9781.11
10:15:23 orders_arb INFO gRPC sending: limit buy 10 GAZP@MISX acc=1225950 @ 95.02
10:15:23 orders_arb ERROR gRPC order error (GAZP@RTSX buy 10@95.02): code=StatusCode.INTERNAL details=Jwt token check failed: UNAUTHENTICATED: Token is expired
10:15:23 orders_arb WARNING gRPC limit failed, falling back to DP server
10:15:23 orders_arb ERROR Limit order error (GAZP@RTSX buy 10@95.02): no response
10:15:23 robot_arb WARNING Entry failed: leg_a_place_failed
10:15:24 robot_arb INFO Z=2.56 (threshold=2.5) — no signal (dup_check=LOCKED)
10:15:24 robot_arb INFO Z=2.56 (threshold=2.5) — no signal (dup_check=LOCKED)
10:15:25 robot_arb INFO Z=2.51 (threshold=2.5) — no signal (dup_check=LOCKED)
10:26:25 robot_arb INFO Z=2.35 (threshold=2.5) — no signal (dup_check=False)
10:26:25 robot_arb INFO Z=2.34 (threshold=2.5) — no signal (dup_check=False)
10:26:26 robot_arb INFO Z=2.34 (threshold=2.5) — no signal (dup_check=False)
10:26:26 robot_arb INFO Z=2.32 (threshold=2.5) — no signal (dup_check=False)
10:26:27 robot_arb INFO Z=2.32 (threshold=2.5) — no signal (dup_check=False)
10:26:27 robot_arb INFO Z=2.31 (threshold=2.5) — no signal (dup_check=False)
10:26:28 robot_arb INFO Z=2.31 (threshold=2.5) — no signal (dup_check=False)
10:27:19 robot_arb INFO ⚠️ CHECK_ENTRY returned signal: {'action': 'entry', 'side': 'short_basis', 'z': 4.62638204332241, 'basis': 8801.3, 'price_a': 94.67, 'price_b': 9748.0}
10:27:19 robot_arb INFO ENTRY SIGNAL short_basis | Z=4.63 basis=8801.30 | A=94.67 B=9748.00 | limit buy 10 @ 94.68 | market sell 1 @ 9743.13
10:27:19 orders_arb INFO gRPC sending: limit buy 10 GAZP@MISX acc=1225950 @ 94.68
10:27:19 orders_arb ERROR gRPC order error (GAZP@RTSX buy 10@94.68): code=StatusCode.INTERNAL details=Jwt token check failed: UNAUTHENTICATED: Token is expired
10:27:19 orders_arb WARNING gRPC limit failed, falling back to DP server
10:27:19 orders_arb ERROR Limit order error (GAZP@RTSX buy 10@94.68): no response
10:27:19 robot_arb WARNING Entry failed: leg_a_place_failed
10:27:20 robot_arb INFO Z=4.39 (threshold=2.5) — no signal (dup_check=LOCKED)
10:27:20 robot_arb INFO Z=4.39 (threshold=2.5) — no signal (dup_check=LOCKED)
10:27:21 robot_arb INFO Z=4.17 (threshold=2.5) — no signal (dup_check=LOCKED)
10:27:21 robot_arb INFO ⚠️ CHECK_ENTRY returned signal: {'action': 'entry', 'side': 'short_basis', 'z': 3.246754589960482, 'basis': 8799.3, 'price_a': 94.67, 'price_b': 9746.0}
10:27:21 robot_arb INFO ENTRY SIGNAL short_basis | Z=3.25 basis=8799.30 | A=94.67 B=9746.00 | limit buy 10 @ 94.68 | market sell 1 @ 9741.13
10:27:21 orders_arb INFO gRPC sending: limit buy 10 GAZP@MISX acc=1225950 @ 94.68
10:27:21 orders_arb ERROR gRPC order error (GAZP@RTSX buy 10@94.68): code=StatusCode.INTERNAL details=Jwt token check failed: UNAUTHENTICATED: Token is expired
10:27:21 orders_arb WARNING gRPC limit failed, falling back to DP server
10:27:21 orders_arb ERROR Limit order error (GAZP@RTSX buy 10@94.68): no response
10:27:21 robot_arb WARNING Entry failed: leg_a_place_failed
10:27:22 robot_arb INFO Z=3.15 (threshold=2.5) — no signal (dup_check=LOCKED)
10:27:22 robot_arb INFO Z=3.15 (threshold=2.5) — no signal (dup_check=LOCKED)
10:27:23 robot_arb INFO Z=3.06 (threshold=2.5) — no signal (dup_check=LOCKED)
10:27:23 robot_arb INFO ⚠️ CHECK_ENTRY returned signal: {'action': 'entry', 'side': 'short_basis', 'z': 3.0576484568270383, 'basis': 8799.3, 'price_a': 94.67, 'price_b': 9746.0}
10:27:23 robot_arb INFO ENTRY SIGNAL short_basis | Z=3.06 basis=8799.30 | A=94.67 B=9746.00 | limit buy 10 @ 94.68 | market sell 1 @ 9741.13
10:27:23 orders_arb INFO gRPC sending: limit buy 10 GAZP@MISX acc=1225950 @ 94.68
10:27:23 orders_arb ERROR gRPC order error (GAZP@RTSX buy 10@94.68): code=StatusCode.INTERNAL details=Jwt token check failed: UNAUTHENTICATED: Token is expired
10:27:23 orders_arb WARNING gRPC limit failed, falling back to DP server
10:27:23 orders_arb ERROR Limit order error (GAZP@RTSX buy 10@94.68): no response
10:27:23 robot_arb WARNING Entry failed: leg_a_place_failed
10:27:24 robot_arb INFO Z=2.97 (threshold=2.5) — no signal (dup_check=LOCKED)
10:27:24 robot_arb INFO Z=2.97 (threshold=2.5) — no signal (dup_check=LOCKED)
10:27:25 robot_arb INFO Z=2.89 (threshold=2.5) — no signal (dup_check=LOCKED)
10:27:25 robot_arb INFO ⚠️ CHECK_ENTRY returned signal: {'action': 'entry', 'side': 'short_basis', 'z': 2.8948740772857127, 'basis': 8799.3, 'price_a': 94.67, 'price_b': 9746.0}
10:27:25 robot_arb INFO ENTRY SIGNAL short_basis | Z=2.89 basis=8799.30 | A=94.67 B=9746.00 | limit buy 10 @ 94.68 | market sell 1 @ 9741.13
10:27:25 orders_arb INFO gRPC sending: limit buy 10 GAZP@MISX acc=1225950 @ 94.68
10:27:26 orders_arb ERROR gRPC order error (GAZP@RTSX buy 10@94.68): code=StatusCode.INTERNAL details=Jwt token check failed: UNAUTHENTICATED: Token is expired
10:27:26 orders_arb WARNING gRPC limit failed, falling back to DP server
10:27:26 orders_arb ERROR Limit order error (GAZP@RTSX buy 10@94.68): no response
10:27:26 robot_arb WARNING Entry failed: leg_a_place_failed
10:28:59 robot_arb INFO Z=2.39 (threshold=2.5) — no signal (dup_check=False)
10:28:59 robot_arb INFO Z=2.35 (threshold=2.5) — no signal (dup_check=False)
10:29:00 robot_arb INFO Z=2.35 (threshold=2.5) — no signal (dup_check=False)
10:29:00 robot_arb INFO Z=2.31 (threshold=2.5) — no signal (dup_check=False)
10:29:01 robot_arb INFO Z=2.31 (threshold=2.5) — no signal (dup_check=False)
10:33:46 robot_arb INFO Signal 15 — shutting down...
10:33:46 robot_arb INFO === Arbitrage Robot v1 ===
10:33:46 robot_arb INFO Pair: GAZP / GZU6
10:33:46 robot_arb INFO Account: 1225953 | Port: 5090 | Paper: False
10:33:46 robot_arb INFO Params: entry_z=2.5 lookback=200 lots_a=10 lots_b=1 hedge_ratio=10
10:33:46 robot_arb INFO Min profit: rub=5.5
10:33:46 robot_arb INFO Risk: stop_loss_rub=500000
10:33:46 robot_arb INFO State loaded: pnl=-27 trades=2 mode=stopped
10:33:46 robot_arb INFO FinamPy connected. Accounts: ['1225950', '1225951', '1225952', '1225953']
10:33:46 robot_arb INFO Orders manager linked to FinamPy gRPC
10:33:46 robot_arb INFO Subscribed OrderBook: GAZP@RTSX, GZU6@RTSX
10:33:46 robot_arb INFO Subscribed Quotes: GAZP@RTSX, GZU6@RTSX
10:33:46 robot_arb INFO Warmup: waiting 10 sec for data streams...
10:33:56 robot_arb INFO Warmup done. OB_A: False OB_B: False
10:33:56 robot_arb INFO MOEX ISS poller started (fallback for stock prices)
10:33:56 robot_arb INFO Main loop started
10:33:57 robot_arb INFO API listening on :5090
10:33:57 robot_arb INFO Endpoints: GET /status /health /params | POST /start /stop /pause /params
10:34:01 robot_arb INFO Mode → RUNNING
10:34:22 robot_arb INFO Z=3.25 (threshold=2.5) — no signal (dup_check=False)
10:34:22 robot_arb INFO Z=2.69 (threshold=2.5) — no signal (dup_check=False)
10:34:23 robot_arb INFO Z=2.69 (threshold=2.5) — no signal (dup_check=False)
10:34:23 robot_arb INFO Z=2.34 (threshold=2.5) — no signal (dup_check=False)
10:34:24 robot_arb INFO Z=2.34 (threshold=2.5) — no signal (dup_check=False)
10:35:17 robot_arb INFO Z=3.34 (threshold=2.5) — no signal (dup_check=False)
10:36:31 robot_arb INFO Z=3.19 (threshold=2.5) — no signal (dup_check=False)
10:36:32 robot_arb INFO Z=3.08 (threshold=2.5) — no signal (dup_check=False)
10:36:32 robot_arb INFO Z=3.08 (threshold=2.5) — no signal (dup_check=False)
10:36:33 robot_arb INFO Z=2.98 (threshold=2.5) — no signal (dup_check=False)
10:36:33 robot_arb INFO Z=2.98 (threshold=2.5) — no signal (dup_check=False)
10:37:02 robot_arb INFO Z=2.91 (threshold=2.5) — no signal (dup_check=False)
10:37:02 robot_arb INFO Z=2.91 (threshold=2.5) — no signal (dup_check=False)
10:37:03 robot_arb INFO Z=2.84 (threshold=2.5) — no signal (dup_check=False)
10:37:03 robot_arb INFO Z=2.84 (threshold=2.5) — no signal (dup_check=False)
10:37:04 robot_arb INFO Z=2.77 (threshold=2.5) — no signal (dup_check=False)
10:37:12 robot_arb INFO Z=3.48 (threshold=2.5) — no signal (dup_check=False)
10:37:13 robot_arb INFO Z=3.37 (threshold=2.5) — no signal (dup_check=False)
10:37:13 robot_arb INFO Z=3.37 (threshold=2.5) — no signal (dup_check=False)
10:37:14 robot_arb INFO Z=3.27 (threshold=2.5) — no signal (dup_check=False)
10:37:14 robot_arb INFO Z=3.27 (threshold=2.5) — no signal (dup_check=False)
10:37:15 robot_arb INFO Z=3.17 (threshold=2.5) — no signal (dup_check=False)
10:37:15 robot_arb INFO Z=3.17 (threshold=2.5) — no signal (dup_check=False)
10:37:16 robot_arb INFO Z=3.09 (threshold=2.5) — no signal (dup_check=False)
10:37:16 robot_arb INFO Z=3.09 (threshold=2.5) — no signal (dup_check=False)
10:37:17 robot_arb INFO ⚠️ CHECK_ENTRY returned signal: {'action': 'entry', 'side': 'short_basis', 'z': 3.010417805142269, 'basis': 8761.0, 'price_a': 94.3, 'price_b': 9704.0}
10:37:17 robot_arb INFO ENTRY SIGNAL short_basis | Z=3.01 basis=8761.00 | A=94.30 B=9704.00 | limit buy 10 @ 94.31 | market sell 1 @ 9699.15
10:37:17 orders_arb INFO gRPC sending: limit buy 10 GAZP@MISX acc=1225950 @ 94.31
10:37:17 orders_arb INFO gRPC limit placed: buy 10 GAZP@MISX acc=1225950 @ 94.31 id=81298622061
10:37:22 robot_arb WARNING Entry failed: leg_a_timeout
10:37:24 robot_arb INFO Z=2.36 (threshold=2.5) — no signal (dup_check=False)
10:37:25 robot_arb INFO Z=2.32 (threshold=2.5) — no signal (dup_check=False)
10:37:25 robot_arb INFO Z=2.32 (threshold=2.5) — no signal (dup_check=False)
10:37:34 robot_arb INFO ⚠️ CHECK_ENTRY returned signal: {'action': 'entry', 'side': 'short_basis', 'z': 2.745208447659894, 'basis': 8759.2, 'price_a': 94.28, 'price_b': 9702.0}
10:37:34 robot_arb INFO ENTRY SIGNAL short_basis | Z=2.75 basis=8759.20 | A=94.28 B=9702.00 | limit buy 10 @ 94.27 | market sell 1 @ 9697.15
10:37:34 orders_arb INFO gRPC sending: limit buy 10 GAZP@MISX acc=1225950 @ 94.27
10:37:34 orders_arb INFO gRPC limit placed: buy 10 GAZP@MISX acc=1225950 @ 94.27 id=81298658212
10:37:40 robot_arb WARNING Entry failed: leg_a_timeout
10:37:40 robot_arb INFO Z=3.20 (threshold=2.5) — no signal (dup_check=LOCKED)
10:37:41 robot_arb INFO Z=3.20 (threshold=2.5) — no signal (dup_check=LOCKED)
10:37:41 robot_arb INFO Z=3.11 (threshold=2.5) — no signal (dup_check=LOCKED)
10:37:42 robot_arb INFO ⚠️ CHECK_ENTRY returned signal: {'action': 'entry', 'side': 'short_basis', 'z': 3.105385463990612, 'basis': 8755.7, 'price_a': 94.23, 'price_b': 9698.0}
10:37:42 robot_arb INFO ENTRY SIGNAL short_basis | Z=3.11 basis=8755.70 | A=94.23 B=9698.00 | limit buy 10 @ 94.25 | market sell 1 @ 9693.15
10:37:42 orders_arb INFO gRPC sending: limit buy 10 GAZP@MISX acc=1225950 @ 94.25
10:37:42 orders_arb INFO gRPC limit placed: buy 10 GAZP@MISX acc=1225950 @ 94.25 id=81298674481
10:37:47 robot_arb WARNING Entry failed: leg_a_timeout
10:37:59 robot_arb INFO ⚠️ CHECK_ENTRY returned signal: {'action': 'entry', 'side': 'short_basis', 'z': 3.0408928174657754, 'basis': 8753.0, 'price_a': 94.2, 'price_b': 9695.0}
10:37:59 robot_arb INFO ENTRY SIGNAL short_basis | Z=3.04 basis=8753.00 | A=94.20 B=9695.00 | limit buy 10 @ 94.23 | market sell 1 @ 9690.15
10:37:59 orders_arb INFO gRPC sending: limit buy 10 GAZP@MISX acc=1225950 @ 94.23
10:38:00 orders_arb INFO gRPC limit placed: buy 10 GAZP@MISX acc=1225950 @ 94.23 id=81298703189
10:38:05 robot_arb WARNING Entry failed: leg_a_timeout
10:38:48 robot_arb INFO ⚠️ CHECK_ENTRY returned signal: {'action': 'entry', 'side': 'short_basis', 'z': 3.2991566693116936, 'basis': 8745.0, 'price_a': 94.1, 'price_b': 9686.0}
10:38:48 robot_arb INFO ENTRY SIGNAL short_basis | Z=3.30 basis=8745.00 | A=94.10 B=9686.00 | limit buy 10 @ 94.10 | market sell 1 @ 9681.16
10:38:48 orders_arb INFO gRPC sending: limit buy 10 GAZP@MISX acc=1225950 @ 94.1
10:38:48 orders_arb INFO gRPC limit placed: buy 10 GAZP@MISX acc=1225950 @ 94.1 id=81298754453
10:38:54 robot_arb WARNING Entry failed: leg_a_timeout
10:38:59 robot_arb INFO Z=2.50 (threshold=2.5) — no signal (dup_check=False)
10:39:00 robot_arb INFO Z=2.50 (threshold=2.5) — no signal (dup_check=False)
10:39:00 robot_arb INFO Z=2.45 (threshold=2.5) — no signal (dup_check=False)
10:39:01 robot_arb INFO Z=2.45 (threshold=2.5) — no signal (dup_check=False)
10:39:01 robot_arb INFO Z=2.41 (threshold=2.5) — no signal (dup_check=False)
10:39:02 robot_arb INFO Z=2.41 (threshold=2.5) — no signal (dup_check=False)
10:39:02 robot_arb INFO Z=2.36 (threshold=2.5) — no signal (dup_check=False)
10:39:03 robot_arb INFO Z=2.36 (threshold=2.5) — no signal (dup_check=False)
10:39:03 robot_arb INFO Z=2.32 (threshold=2.5) — no signal (dup_check=False)
10:39:04 robot_arb INFO Z=2.32 (threshold=2.5) — no signal (dup_check=False)
10:40:00 robot_arb INFO ⚠️ CHECK_ENTRY returned signal: {'action': 'entry', 'side': 'short_basis', 'z': 4.256907689050452, 'basis': 8754.5, 'price_a': 94.15, 'price_b': 9696.0}
10:40:00 robot_arb INFO ENTRY SIGNAL short_basis | Z=4.26 basis=8754.50 | A=94.15 B=9696.00 | limit buy 10 @ 94.15 | market sell 1 @ 9691.15
10:40:00 orders_arb INFO gRPC sending: limit buy 10 GAZP@MISX acc=1225950 @ 94.15
10:40:00 orders_arb INFO gRPC limit placed: buy 10 GAZP@MISX acc=1225950 @ 94.15 id=81298832943
10:40:05 robot_arb WARNING Entry failed: leg_a_timeout
10:41:12 robot_arb INFO ⚠️ CHECK_ENTRY returned signal: {'action': 'entry', 'side': 'short_basis', 'z': 4.132086526875323, 'basis': 8760.7, 'price_a': 94.23, 'price_b': 9703.0}
10:41:12 robot_arb INFO ENTRY SIGNAL short_basis | Z=4.13 basis=8760.70 | A=94.23 B=9703.00 | limit buy 10 @ 94.24 | market sell 1 @ 9698.15
10:41:12 orders_arb INFO gRPC sending: limit buy 10 GAZP@MISX acc=1225950 @ 94.24
10:41:13 orders_arb INFO gRPC limit placed: buy 10 GAZP@MISX acc=1225950 @ 94.24 id=81298907364
10:41:18 robot_arb WARNING Entry failed: leg_a_timeout
10:41:52 robot_arb INFO ⚠️ CHECK_ENTRY returned signal: {'action': 'entry', 'side': 'short_basis', 'z': 3.2389038374966033, 'basis': 8753.4, 'price_a': 94.16, 'price_b': 9695.0}
10:41:52 robot_arb INFO ENTRY SIGNAL short_basis | Z=3.24 basis=8753.40 | A=94.16 B=9695.00 | limit buy 10 @ 94.20 | market sell 1 @ 9690.15
10:41:52 orders_arb INFO gRPC sending: limit buy 10 GAZP@MISX acc=1225950 @ 94.2
10:41:52 orders_arb INFO gRPC limit placed: buy 10 GAZP@MISX acc=1225950 @ 94.2 id=81298955257
10:41:58 robot_arb WARNING Entry failed: leg_a_timeout
10:43:29 robot_arb INFO ⚠️ CHECK_ENTRY returned signal: {'action': 'entry', 'side': 'short_basis', 'z': 4.629794972374298, 'basis': 8752.7, 'price_a': 94.13, 'price_b': 9694.0}
10:43:29 robot_arb INFO ENTRY SIGNAL short_basis | Z=4.63 basis=8752.70 | A=94.13 B=9694.00 | limit buy 10 @ 94.13 | market sell 1 @ 9689.15
10:43:29 orders_arb INFO gRPC sending: limit buy 10 GAZP@MISX acc=1225950 @ 94.13
10:43:29 orders_arb INFO gRPC limit placed: buy 10 GAZP@MISX acc=1225950 @ 94.13 id=81299076296
10:43:35 robot_arb WARNING Entry failed: leg_a_timeout
10:50:37 robot_arb INFO ⚠️ CHECK_ENTRY returned signal: {'action': 'entry', 'side': 'short_basis', 'z': 5.881029584980262, 'basis': 8779.1, 'price_a': 94.39, 'price_b': 9723.0}
10:50:37 robot_arb INFO ENTRY SIGNAL short_basis | Z=5.88 basis=8779.10 | A=94.39 B=9723.00 | limit buy 10 @ 94.40 | market sell 1 @ 9718.14
10:50:37 orders_arb INFO gRPC sending: limit buy 10 GAZP@MISX acc=1225950 @ 94.4
10:50:38 orders_arb ERROR gRPC order error (GAZP@RTSX buy 10@94.4): code=StatusCode.INTERNAL details=Trading is not available at the moment
10:50:38 orders_arb WARNING gRPC limit failed, falling back to DP server
10:50:38 orders_arb ERROR Limit order error (GAZP@RTSX buy 10@94.4): no response
10:50:38 robot_arb WARNING Entry failed: leg_a_place_failed
10:50:38 robot_arb INFO Z=5.88 (threshold=2.5) — no signal (dup_check=LOCKED)
10:50:39 robot_arb INFO Z=5.41 (threshold=2.5) — no signal (dup_check=LOCKED)
10:50:39 robot_arb INFO Z=5.41 (threshold=2.5) — no signal (dup_check=LOCKED)
10:50:40 robot_arb INFO ⚠️ CHECK_ENTRY returned signal: {'action': 'entry', 'side': 'short_basis', 'z': 5.025555606132192, 'basis': 8779.1, 'price_a': 94.39, 'price_b': 9723.0}
10:50:40 robot_arb INFO ENTRY SIGNAL short_basis | Z=5.03 basis=8779.10 | A=94.39 B=9723.00 | limit buy 10 @ 94.40 | market sell 1 @ 9718.14
10:50:40 orders_arb INFO gRPC sending: limit buy 10 GAZP@MISX acc=1225950 @ 94.4
10:50:40 orders_arb ERROR gRPC order error (GAZP@RTSX buy 10@94.4): code=StatusCode.INTERNAL details=Jwt token check failed: UNAUTHENTICATED: Token is expired
10:50:40 orders_arb WARNING gRPC limit failed, falling back to DP server
10:50:40 orders_arb ERROR Limit order error (GAZP@RTSX buy 10@94.4): no response
10:50:40 robot_arb WARNING Entry failed: leg_a_place_failed
10:51:21 robot_arb INFO ⚠️ CHECK_ENTRY returned signal: {'action': 'entry', 'side': 'short_basis', 'z': 2.688828581176084, 'basis': 8800.2, 'price_a': 94.68, 'price_b': 9747.0}
10:51:21 robot_arb INFO ENTRY SIGNAL short_basis | Z=2.69 basis=8800.20 | A=94.68 B=9747.00 | limit buy 10 @ 94.68 | market sell 1 @ 9742.13
10:51:21 orders_arb INFO gRPC sending: limit buy 10 GAZP@MISX acc=1225950 @ 94.68
10:51:21 orders_arb ERROR gRPC order error (GAZP@RTSX buy 10@94.68): code=StatusCode.INTERNAL details=Trading is not available at the moment
10:51:21 orders_arb WARNING gRPC limit failed, falling back to DP server
10:51:21 orders_arb ERROR Limit order error (GAZP@RTSX buy 10@94.68): no response
10:51:21 robot_arb WARNING Entry failed: leg_a_place_failed
10:51:22 robot_arb INFO Z=2.63 (threshold=2.5) — no signal (dup_check=LOCKED)
10:51:22 robot_arb INFO Z=2.63 (threshold=2.5) — no signal (dup_check=LOCKED)
10:51:23 robot_arb INFO Z=2.58 (threshold=2.5) — no signal (dup_check=LOCKED)
10:51:23 robot_arb INFO ⚠️ CHECK_ENTRY returned signal: {'action': 'entry', 'side': 'short_basis', 'z': 2.5788184023059673, 'basis': 8800.2, 'price_a': 94.68, 'price_b': 9747.0}
10:51:23 robot_arb INFO ENTRY SIGNAL short_basis | Z=2.58 basis=8800.20 | A=94.68 B=9747.00 | limit buy 10 @ 94.68 | market sell 1 @ 9742.13
10:51:23 orders_arb INFO gRPC sending: limit buy 10 GAZP@MISX acc=1225950 @ 94.68
10:51:23 orders_arb ERROR gRPC order error (GAZP@RTSX buy 10@94.68): code=StatusCode.INTERNAL details=Jwt token check failed: UNAUTHENTICATED: Token is expired
10:51:23 orders_arb WARNING gRPC limit failed, falling back to DP server
10:51:24 orders_arb ERROR Limit order error (GAZP@RTSX buy 10@94.68): no response
10:51:24 robot_arb WARNING Entry failed: leg_a_place_failed
10:51:24 robot_arb INFO Z=2.53 (threshold=2.5) — no signal (dup_check=LOCKED)
10:51:25 robot_arb INFO Z=2.53 (threshold=2.5) — no signal (dup_check=LOCKED)
10:51:25 robot_arb INFO Z=2.48 (threshold=2.5) — no signal (dup_check=LOCKED)
10:51:26 robot_arb INFO Z=2.48 (threshold=2.5) — no signal (dup_check=False)
10:56:53 robot_arb INFO ⚠️ CHECK_ENTRY returned signal: {'action': 'entry', 'side': 'short_basis', 'z': 2.8792909852754494, 'basis': 8811.0, 'price_a': 94.8, 'price_b': 9759.0}
10:56:53 robot_arb INFO ENTRY SIGNAL short_basis | Z=2.88 basis=8811.00 | A=94.80 B=9759.00 | limit buy 10 @ 94.80 | market sell 1 @ 9754.12
10:56:53 orders_arb INFO gRPC sending: limit buy 10 GAZP@MISX acc=1225950 @ 94.8
10:56:53 orders_arb ERROR gRPC order error (GAZP@RTSX buy 10@94.8): code=StatusCode.INTERNAL details=Jwt token check failed: UNAUTHENTICATED: Token is expired
10:56:53 orders_arb WARNING gRPC limit failed, falling back to DP server
10:56:53 orders_arb ERROR Limit order error (GAZP@RTSX buy 10@94.8): no response
10:56:53 robot_arb WARNING Entry failed: leg_a_place_failed
10:57:03 robot_arb INFO Z=2.31 (threshold=2.5) — no signal (dup_check=False)
10:57:04 robot_arb INFO Z=2.31 (threshold=2.5) — no signal (dup_check=False)
10:57:21 robot_arb INFO ⚠️ CHECK_ENTRY returned signal: {'action': 'entry', 'side': 'short_basis', 'z': 5.74395934227285, 'basis': 8805.4, 'price_a': 94.66, 'price_b': 9752.0}
10:57:21 robot_arb INFO ENTRY SIGNAL short_basis | Z=5.74 basis=8805.40 | A=94.66 B=9752.00 | limit buy 10 @ 94.72 | market sell 1 @ 9747.12
10:57:21 orders_arb INFO gRPC sending: limit buy 10 GAZP@MISX acc=1225950 @ 94.72
10:57:21 orders_arb ERROR gRPC order error (GAZP@RTSX buy 10@94.72): code=StatusCode.INTERNAL details=Trading is not available at the moment
10:57:21 orders_arb WARNING gRPC limit failed, falling back to DP server
10:57:21 orders_arb ERROR Limit order error (GAZP@RTSX buy 10@94.72): no response
10:57:21 robot_arb WARNING Entry failed: leg_a_place_failed
10:57:22 robot_arb INFO Z=5.30 (threshold=2.5) — no signal (dup_check=LOCKED)
10:57:22 robot_arb INFO Z=5.30 (threshold=2.5) — no signal (dup_check=LOCKED)
10:57:23 robot_arb INFO Z=4.94 (threshold=2.5) — no signal (dup_check=LOCKED)
10:57:23 robot_arb INFO ⚠️ CHECK_ENTRY returned signal: {'action': 'entry', 'side': 'short_basis', 'z': 4.936538016964669, 'basis': 8805.4, 'price_a': 94.66, 'price_b': 9752.0}
10:57:23 robot_arb INFO ENTRY SIGNAL short_basis | Z=4.94 basis=8805.40 | A=94.66 B=9752.00 | limit buy 10 @ 94.72 | market sell 1 @ 9747.12
10:57:23 orders_arb INFO gRPC sending: limit buy 10 GAZP@MISX acc=1225950 @ 94.72
10:57:23 orders_arb ERROR gRPC order error (GAZP@RTSX buy 10@94.72): code=StatusCode.INTERNAL details=Trading is not available at the moment
10:57:23 orders_arb WARNING gRPC limit failed, falling back to DP server
10:57:23 orders_arb ERROR Limit order error (GAZP@RTSX buy 10@94.72): no response
10:57:23 robot_arb WARNING Entry failed: leg_a_place_failed
10:57:24 robot_arb INFO Z=4.64 (threshold=2.5) — no signal (dup_check=LOCKED)
10:57:41 robot_arb INFO ⚠️ CHECK_ENTRY returned signal: {'action': 'entry', 'side': 'short_basis', 'z': 2.642729113387673, 'basis': 8804.0, 'price_a': 94.7, 'price_b': 9751.0}
10:57:41 robot_arb INFO ENTRY SIGNAL short_basis | Z=2.64 basis=8804.00 | A=94.70 B=9751.00 | limit buy 10 @ 94.70 | market sell 1 @ 9746.12
10:57:41 orders_arb INFO gRPC sending: limit buy 10 GAZP@MISX acc=1225950 @ 94.7
10:57:41 orders_arb ERROR gRPC order error (GAZP@RTSX buy 10@94.7): code=StatusCode.INTERNAL details=Trading is not available at the moment
10:57:41 orders_arb WARNING gRPC limit failed, falling back to DP server
10:57:41 orders_arb ERROR Limit order error (GAZP@RTSX buy 10@94.7): no response
10:57:41 robot_arb WARNING Entry failed: leg_a_place_failed
10:57:42 robot_arb INFO Z=2.59 (threshold=2.5) — no signal (dup_check=LOCKED)
10:57:42 robot_arb INFO Z=2.59 (threshold=2.5) — no signal (dup_check=LOCKED)
10:57:43 robot_arb INFO Z=2.55 (threshold=2.5) — no signal (dup_check=LOCKED)
10:57:43 robot_arb INFO ⚠️ CHECK_ENTRY returned signal: {'action': 'entry', 'side': 'short_basis', 'z': 2.5454776858848187, 'basis': 8804.0, 'price_a': 94.7, 'price_b': 9751.0}
10:57:43 robot_arb INFO ENTRY SIGNAL short_basis | Z=2.55 basis=8804.00 | A=94.70 B=9751.00 | limit buy 10 @ 94.70 | market sell 1 @ 9746.12
10:57:43 orders_arb INFO gRPC sending: limit buy 10 GAZP@MISX acc=1225950 @ 94.7
10:57:43 orders_arb ERROR gRPC order error (GAZP@RTSX buy 10@94.7): code=StatusCode.INTERNAL details=Jwt token check failed: UNAUTHENTICATED: Token is expired
10:57:43 orders_arb WARNING gRPC limit failed, falling back to DP server
10:57:43 orders_arb ERROR Limit order error (GAZP@RTSX buy 10@94.7): no response
10:57:43 robot_arb WARNING Entry failed: leg_a_place_failed
11:00:05 robot_arb INFO Z=2.32 (threshold=2.5) — no signal (dup_check=False)
11:00:06 robot_arb INFO Z=2.32 (threshold=2.5) — no signal (dup_check=False)
11:03:36 robot_arb INFO ⚠️ CHECK_ENTRY returned signal: {'action': 'entry', 'side': 'short_basis', 'z': 5.318788112858461, 'basis': 8810.0, 'price_a': 94.7, 'price_b': 9757.0}
11:03:36 robot_arb INFO ENTRY SIGNAL short_basis | Z=5.32 basis=8810.00 | A=94.70 B=9757.00 | limit buy 10 @ 94.75 | market sell 1 @ 9752.12
11:03:36 orders_arb INFO gRPC sending: limit buy 10 GAZP@MISX acc=1225950 @ 94.75
11:03:36 orders_arb ERROR gRPC order error (GAZP@RTSX buy 10@94.75): code=StatusCode.INTERNAL details=Trading is not available at the moment
11:03:36 orders_arb WARNING gRPC limit failed, falling back to DP server
11:03:36 orders_arb ERROR Limit order error (GAZP@RTSX buy 10@94.75): no response
11:03:36 robot_arb WARNING Entry failed: leg_a_place_failed
11:07:04 robot_arb INFO ⚠️ CHECK_ENTRY returned signal: {'action': 'entry', 'side': 'short_basis', 'z': 2.7175295088631466, 'basis': 8797.7, 'price_a': 94.63, 'price_b': 9744.0}
11:07:04 robot_arb INFO ENTRY SIGNAL short_basis | Z=2.72 basis=8797.70 | A=94.63 B=9744.00 | limit buy 10 @ 94.64 | market sell 1 @ 9739.13
11:07:04 orders_arb INFO gRPC sending: limit buy 10 GAZP@MISX acc=1225950 @ 94.64
11:07:04 orders_arb ERROR gRPC order error (GAZP@RTSX buy 10@94.64): code=StatusCode.INTERNAL details=Jwt token check failed: UNAUTHENTICATED: Token is expired
11:07:04 orders_arb WARNING gRPC limit failed, falling back to DP server
11:07:04 orders_arb ERROR Limit order error (GAZP@RTSX buy 10@94.64): no response
11:07:04 robot_arb WARNING Entry failed: leg_a_place_failed
11:07:05 robot_arb INFO Z=2.66 (threshold=2.5) — no signal (dup_check=LOCKED)
11:07:05 robot_arb INFO Z=2.66 (threshold=2.5) — no signal (dup_check=LOCKED)
11:07:06 robot_arb INFO Z=2.60 (threshold=2.5) — no signal (dup_check=LOCKED)
11:07:06 robot_arb INFO ⚠️ CHECK_ENTRY returned signal: {'action': 'entry', 'side': 'short_basis', 'z': 2.596453479192796, 'basis': 8797.7, 'price_a': 94.63, 'price_b': 9744.0}
11:07:06 robot_arb INFO ENTRY SIGNAL short_basis | Z=2.60 basis=8797.70 | A=94.63 B=9744.00 | limit buy 10 @ 94.64 | market sell 1 @ 9739.13
11:07:06 orders_arb INFO gRPC sending: limit buy 10 GAZP@MISX acc=1225950 @ 94.64
11:07:06 orders_arb ERROR gRPC order error (GAZP@RTSX buy 10@94.64): code=StatusCode.INTERNAL details=Jwt token check failed: UNAUTHENTICATED: Token is expired
11:07:06 orders_arb WARNING gRPC limit failed, falling back to DP server
11:07:06 orders_arb ERROR Limit order error (GAZP@RTSX buy 10@94.64): no response
11:07:06 robot_arb WARNING Entry failed: leg_a_place_failed
11:14:45 robot_arb INFO Z=2.36 (threshold=2.5) — no signal (dup_check=False)
11:25:25 robot_arb INFO Z=2.48 (threshold=2.5) — no signal (dup_check=False)
11:25:56 robot_arb INFO Z=2.34 (threshold=2.5) — no signal (dup_check=False)
11:25:56 robot_arb INFO Z=2.32 (threshold=2.5) — no signal (dup_check=False)
11:25:57 robot_arb INFO Z=2.32 (threshold=2.5) — no signal (dup_check=False)
11:25:57 robot_arb INFO Z=2.31 (threshold=2.5) — no signal (dup_check=False)
11:25:58 robot_arb INFO Z=2.31 (threshold=2.5) — no signal (dup_check=False)
11:28:38 robot_arb INFO Z=2.37 (threshold=2.5) — no signal (dup_check=False)
11:28:38 robot_arb INFO Z=2.37 (threshold=2.5) — no signal (dup_check=False)
11:28:39 robot_arb INFO Z=2.37 (threshold=2.5) — no signal (dup_check=False)
11:28:39 robot_arb INFO Z=2.37 (threshold=2.5) — no signal (dup_check=False)
11:28:40 robot_arb INFO Z=2.37 (threshold=2.5) — no signal (dup_check=False)
11:28:40 robot_arb INFO Z=2.34 (threshold=2.5) — no signal (dup_check=False)
11:28:41 robot_arb INFO Z=2.34 (threshold=2.5) — no signal (dup_check=False)
11:28:41 robot_arb INFO Z=2.32 (threshold=2.5) — no signal (dup_check=False)
11:28:42 robot_arb INFO Z=2.32 (threshold=2.5) — no signal (dup_check=False)
11:28:47 robot_arb INFO ⚠️ CHECK_ENTRY returned signal: {'action': 'entry', 'side': 'short_basis', 'z': 2.7195749703878183, 'basis': 8715.1, 'price_a': 93.79, 'price_b': 9653.0}
11:28:47 robot_arb INFO ENTRY SIGNAL short_basis | Z=2.72 basis=8715.10 | A=93.79 B=9653.00 | limit buy 10 @ 93.79 | market sell 1 @ 9648.17
11:28:47 orders_arb INFO gRPC sending: limit buy 10 GAZP@MISX acc=1225950 @ 93.79
11:28:47 orders_arb ERROR gRPC order error (GAZP@RTSX buy 10@93.79): code=StatusCode.INTERNAL details=Jwt token check failed: UNAUTHENTICATED: Token is expired
11:28:47 orders_arb WARNING gRPC limit failed, falling back to DP server
11:28:47 orders_arb ERROR Limit order error (GAZP@RTSX buy 10@93.79): no response
11:28:47 robot_arb WARNING Entry failed: leg_a_place_failed
11:29:20 robot_arb INFO ⚠️ CHECK_ENTRY returned signal: {'action': 'entry', 'side': 'short_basis', 'z': 4.279530496550175, 'basis': 8723.5, 'price_a': 93.85, 'price_b': 9662.0}
11:29:20 robot_arb INFO ENTRY SIGNAL short_basis | Z=4.28 basis=8723.50 | A=93.85 B=9662.00 | limit buy 10 @ 93.85 | market sell 1 @ 9657.17
11:29:20 orders_arb INFO gRPC sending: limit buy 10 GAZP@MISX acc=1225950 @ 93.85
11:29:20 orders_arb ERROR gRPC order error (GAZP@RTSX buy 10@93.85): code=StatusCode.INTERNAL details=Jwt token check failed: UNAUTHENTICATED: Token is expired
11:29:20 orders_arb WARNING gRPC limit failed, falling back to DP server
11:29:20 orders_arb ERROR Limit order error (GAZP@RTSX buy 10@93.85): no response
11:29:20 robot_arb WARNING Entry failed: leg_a_place_failed
11:29:21 robot_arb INFO Z=4.08 (threshold=2.5) — no signal (dup_check=LOCKED)
11:29:21 robot_arb INFO Z=4.08 (threshold=2.5) — no signal (dup_check=LOCKED)
11:29:22 robot_arb INFO Z=3.92 (threshold=2.5) — no signal (dup_check=LOCKED)
11:29:22 robot_arb INFO ⚠️ CHECK_ENTRY returned signal: {'action': 'entry', 'side': 'short_basis', 'z': 3.9198315480488968, 'basis': 8723.5, 'price_a': 93.85, 'price_b': 9662.0}
11:29:22 robot_arb INFO ENTRY SIGNAL short_basis | Z=3.92 basis=8723.50 | A=93.85 B=9662.00 | limit buy 10 @ 93.85 | market sell 1 @ 9657.17
11:29:22 orders_arb INFO gRPC sending: limit buy 10 GAZP@MISX acc=1225950 @ 93.85
11:29:22 orders_arb ERROR gRPC order error (GAZP@RTSX buy 10@93.85): code=StatusCode.INTERNAL details=Jwt token check failed: UNAUTHENTICATED: Token is expired
11:29:22 orders_arb WARNING gRPC limit failed, falling back to DP server
11:29:22 orders_arb ERROR Limit order error (GAZP@RTSX buy 10@93.85): no response
11:29:22 robot_arb WARNING Entry failed: leg_a_place_failed
11:30:24 robot_arb INFO ⚠️ CHECK_ENTRY returned signal: {'action': 'entry', 'side': 'short_basis', 'z': 3.7807868916610996, 'basis': 8720.9, 'price_a': 93.81, 'price_b': 9659.0}
11:30:24 robot_arb INFO ENTRY SIGNAL short_basis | Z=3.78 basis=8720.90 | A=93.81 B=9659.00 | limit buy 10 @ 93.81 | market sell 1 @ 9654.17
11:30:24 orders_arb INFO gRPC sending: limit buy 10 GAZP@MISX acc=1225950 @ 93.81
11:30:24 orders_arb ERROR gRPC order error (GAZP@RTSX buy 10@93.81): code=StatusCode.INTERNAL details=Jwt token check failed: UNAUTHENTICATED: Token is expired
11:30:24 orders_arb WARNING gRPC limit failed, falling back to DP server
11:30:24 orders_arb ERROR Limit order error (GAZP@RTSX buy 10@93.81): no response
11:30:24 robot_arb WARNING Entry failed: leg_a_place_failed
11:30:25 robot_arb INFO Z=3.63 (threshold=2.5) — no signal (dup_check=LOCKED)
11:30:25 robot_arb INFO Z=3.63 (threshold=2.5) — no signal (dup_check=LOCKED)
11:30:26 robot_arb INFO Z=3.50 (threshold=2.5) — no signal (dup_check=LOCKED)
11:30:26 robot_arb INFO ⚠️ CHECK_ENTRY returned signal: {'action': 'entry', 'side': 'short_basis', 'z': 3.5030897528103764, 'basis': 8720.9, 'price_a': 93.81, 'price_b': 9659.0}
11:30:26 robot_arb INFO ENTRY SIGNAL short_basis | Z=3.50 basis=8720.90 | A=93.81 B=9659.00 | limit buy 10 @ 93.82 | market sell 1 @ 9654.17
11:30:26 orders_arb INFO gRPC sending: limit buy 10 GAZP@MISX acc=1225950 @ 93.82
11:30:26 orders_arb ERROR gRPC order error (GAZP@RTSX buy 10@93.82): code=StatusCode.INTERNAL details=Jwt token check failed: UNAUTHENTICATED: Token is expired
11:30:26 orders_arb WARNING gRPC limit failed, falling back to DP server
11:30:27 orders_arb ERROR Limit order error (GAZP@RTSX buy 10@93.82): no response
11:30:27 robot_arb WARNING Entry failed: leg_a_place_failed
11:30:27 robot_arb INFO Z=3.38 (threshold=2.5) — no signal (dup_check=LOCKED)
11:30:28 robot_arb INFO Z=3.38 (threshold=2.5) — no signal (dup_check=LOCKED)
11:30:28 robot_arb INFO Z=3.27 (threshold=2.5) — no signal (dup_check=LOCKED)
11:30:29 robot_arb INFO ⚠️ CHECK_ENTRY returned signal: {'action': 'entry', 'side': 'short_basis', 'z': 3.274380569498014, 'basis': 8720.9, 'price_a': 93.81, 'price_b': 9659.0}
11:30:29 robot_arb INFO ENTRY SIGNAL short_basis | Z=3.27 basis=8720.90 | A=93.81 B=9659.00 | limit buy 10 @ 93.82 | market sell 1 @ 9654.17
11:30:29 orders_arb INFO gRPC sending: limit buy 10 GAZP@MISX acc=1225950 @ 93.82
11:30:29 orders_arb ERROR gRPC order error (GAZP@RTSX buy 10@93.82): code=StatusCode.INTERNAL details=Jwt token check failed: UNAUTHENTICATED: Token is expired
11:30:29 orders_arb WARNING gRPC limit failed, falling back to DP server
11:30:29 orders_arb ERROR Limit order error (GAZP@RTSX buy 10@93.82): no response
11:30:29 robot_arb WARNING Entry failed: leg_a_place_failed
11:33:58 robot_arb INFO ⚠️ CHECK_ENTRY returned signal: {'action': 'entry', 'side': 'short_basis', 'z': 2.5635159927073214, 'basis': 8717.6, 'price_a': 93.84, 'price_b': 9656.0}
11:33:58 robot_arb INFO ENTRY SIGNAL short_basis | Z=2.56 basis=8717.60 | A=93.84 B=9656.00 | limit buy 10 @ 93.84 | market sell 1 @ 9651.17
11:33:58 orders_arb INFO gRPC sending: limit buy 10 GAZP@MISX acc=1225950 @ 93.84
11:33:58 orders_arb ERROR gRPC order error (GAZP@RTSX buy 10@93.84): code=StatusCode.INTERNAL details=Jwt token check failed: UNAUTHENTICATED: Token is expired
11:33:58 orders_arb WARNING gRPC limit failed, falling back to DP server
11:33:58 orders_arb ERROR Limit order error (GAZP@RTSX buy 10@93.84): no response
11:33:58 robot_arb WARNING Entry failed: leg_a_place_failed
11:33:59 robot_arb INFO Z=2.56 (threshold=2.5) — no signal (dup_check=LOCKED)
11:33:59 robot_arb INFO Z=2.52 (threshold=2.5) — no signal (dup_check=LOCKED)
11:34:00 robot_arb INFO Z=2.52 (threshold=2.5) — no signal (dup_check=LOCKED)
11:34:00 robot_arb INFO Z=2.48 (threshold=2.5) — no signal (dup_check=False)
11:34:01 robot_arb INFO Z=2.48 (threshold=2.5) — no signal (dup_check=False)
11:34:01 robot_arb INFO Z=2.43 (threshold=2.5) — no signal (dup_check=False)
11:34:02 robot_arb INFO Z=2.43 (threshold=2.5) — no signal (dup_check=False)
11:34:02 robot_arb INFO Z=2.39 (threshold=2.5) — no signal (dup_check=False)
11:34:03 robot_arb INFO Z=2.39 (threshold=2.5) — no signal (dup_check=False)
11:34:09 robot_arb INFO Z=2.38 (threshold=2.5) — no signal (dup_check=False)
11:34:09 robot_arb INFO Z=2.34 (threshold=2.5) — no signal (dup_check=False)
11:34:10 robot_arb INFO Z=2.34 (threshold=2.5) — no signal (dup_check=False)
11:34:41 robot_arb INFO Z=2.40 (threshold=2.5) — no signal (dup_check=False)
11:34:41 robot_arb INFO Z=2.35 (threshold=2.5) — no signal (dup_check=False)
11:34:42 robot_arb INFO Z=2.35 (threshold=2.5) — no signal (dup_check=False)
11:34:42 robot_arb INFO Z=2.31 (threshold=2.5) — no signal (dup_check=False)
11:34:43 robot_arb INFO Z=2.31 (threshold=2.5) — no signal (dup_check=False)
11:34:51 robot_arb INFO ⚠️ CHECK_ENTRY returned signal: {'action': 'entry', 'side': 'short_basis', 'z': 7.220357084967372, 'basis': 8731.3, 'price_a': 93.87, 'price_b': 9670.0}
11:34:51 robot_arb INFO ENTRY SIGNAL short_basis | Z=7.22 basis=8731.30 | A=93.87 B=9670.00 | limit buy 10 @ 93.92 | market sell 1 @ 9665.17
11:34:51 orders_arb INFO gRPC sending: limit buy 10 GAZP@MISX acc=1225950 @ 93.92
11:34:51 orders_arb ERROR gRPC order error (GAZP@RTSX buy 10@93.92): code=StatusCode.INTERNAL details=Jwt token check failed: UNAUTHENTICATED: Token is expired
11:34:51 orders_arb WARNING gRPC limit failed, falling back to DP server
11:34:51 orders_arb ERROR Limit order error (GAZP@RTSX buy 10@93.92): no response
11:34:51 robot_arb WARNING Entry failed: leg_a_place_failed
11:34:52 robot_arb INFO Z=6.40 (threshold=2.5) — no signal (dup_check=LOCKED)
11:34:52 robot_arb INFO Z=6.40 (threshold=2.5) — no signal (dup_check=LOCKED)
11:34:53 robot_arb INFO Z=5.81 (threshold=2.5) — no signal (dup_check=LOCKED)
11:34:53 robot_arb INFO ⚠️ CHECK_ENTRY returned signal: {'action': 'entry', 'side': 'short_basis', 'z': 5.805684367388201, 'basis': 8731.3, 'price_a': 93.87, 'price_b': 9670.0}
11:34:53 robot_arb INFO ENTRY SIGNAL short_basis | Z=5.81 basis=8731.30 | A=93.87 B=9670.00 | limit buy 10 @ 93.92 | market sell 1 @ 9665.17
11:34:53 orders_arb INFO gRPC sending: limit buy 10 GAZP@MISX acc=1225950 @ 93.92
11:34:53 orders_arb ERROR gRPC order error (GAZP@RTSX buy 10@93.92): code=StatusCode.INTERNAL details=Jwt token check failed: UNAUTHENTICATED: Token is expired
11:34:53 orders_arb WARNING gRPC limit failed, falling back to DP server
11:34:53 orders_arb ERROR Limit order error (GAZP@RTSX buy 10@93.92): no response
11:34:53 robot_arb WARNING Entry failed: leg_a_place_failed
11:34:54 robot_arb INFO Z=5.35 (threshold=2.5) — no signal (dup_check=LOCKED)
11:34:54 robot_arb INFO Z=5.35 (threshold=2.5) — no signal (dup_check=LOCKED)
11:34:55 robot_arb INFO Z=4.99 (threshold=2.5) — no signal (dup_check=LOCKED)
11:34:55 robot_arb INFO ⚠️ CHECK_ENTRY returned signal: {'action': 'entry', 'side': 'short_basis', 'z': 4.985626699741005, 'basis': 8731.3, 'price_a': 93.87, 'price_b': 9670.0}
11:34:55 robot_arb INFO ENTRY SIGNAL short_basis | Z=4.99 basis=8731.30 | A=93.87 B=9670.00 | limit buy 10 @ 93.92 | market sell 1 @ 9665.17
11:34:55 orders_arb INFO gRPC sending: limit buy 10 GAZP@MISX acc=1225950 @ 93.92
11:34:55 orders_arb ERROR gRPC order error (GAZP@RTSX buy 10@93.92): code=StatusCode.INTERNAL details=Jwt token check failed: UNAUTHENTICATED: Token is expired
11:34:55 orders_arb WARNING gRPC limit failed, falling back to DP server
11:34:55 orders_arb ERROR Limit order error (GAZP@RTSX buy 10@93.92): no response
11:34:55 robot_arb WARNING Entry failed: leg_a_place_failed
11:34:56 robot_arb INFO Z=4.98 (threshold=2.5) — no signal (dup_check=LOCKED)
11:47:04 robot_arb INFO ⚠️ CHECK_ENTRY returned signal: {'action': 'entry', 'side': 'short_basis', 'z': 2.9544397678546765, 'basis': 8724.0, 'price_a': 93.9, 'price_b': 9663.0}
11:47:04 robot_arb INFO ENTRY SIGNAL short_basis | Z=2.95 basis=8724.00 | A=93.90 B=9663.00 | limit buy 10 @ 93.91 | market sell 1 @ 9658.17
11:47:04 orders_arb INFO gRPC sending: limit buy 10 GAZP@MISX acc=1225950 @ 93.91
11:47:04 orders_arb ERROR gRPC order error (GAZP@RTSX buy 10@93.91): code=StatusCode.INTERNAL details=Jwt token check failed: UNAUTHENTICATED: Token is expired
11:47:04 orders_arb WARNING gRPC limit failed, falling back to DP server
11:47:04 orders_arb ERROR Limit order error (GAZP@RTSX buy 10@93.91): no response
11:47:04 robot_arb WARNING Entry failed: leg_a_place_failed
11:47:05 robot_arb INFO Z=2.88 (threshold=2.5) — no signal (dup_check=LOCKED)
11:47:05 robot_arb INFO Z=2.88 (threshold=2.5) — no signal (dup_check=LOCKED)
11:47:06 robot_arb INFO Z=2.80 (threshold=2.5) — no signal (dup_check=LOCKED)
11:47:06 robot_arb INFO ⚠️ CHECK_ENTRY returned signal: {'action': 'entry', 'side': 'short_basis', 'z': 2.8046678988554214, 'basis': 8724.0, 'price_a': 93.9, 'price_b': 9663.0}
11:47:06 robot_arb INFO ENTRY SIGNAL short_basis | Z=2.80 basis=8724.00 | A=93.90 B=9663.00 | limit buy 10 @ 93.91 | market sell 1 @ 9658.17
11:47:06 orders_arb INFO gRPC sending: limit buy 10 GAZP@MISX acc=1225950 @ 93.91
11:47:06 orders_arb ERROR gRPC order error (GAZP@RTSX buy 10@93.91): code=StatusCode.INTERNAL details=Jwt token check failed: UNAUTHENTICATED: Token is expired
11:47:06 orders_arb WARNING gRPC limit failed, falling back to DP server
11:47:06 orders_arb ERROR Limit order error (GAZP@RTSX buy 10@93.91): no response
11:47:06 robot_arb WARNING Entry failed: leg_a_place_failed
11:47:07 robot_arb INFO Z=2.74 (threshold=2.5) — no signal (dup_check=LOCKED)
11:47:07 robot_arb INFO Z=2.74 (threshold=2.5) — no signal (dup_check=LOCKED)
11:47:08 robot_arb INFO Z=2.67 (threshold=2.5) — no signal (dup_check=LOCKED)
11:47:08 robot_arb INFO ⚠️ CHECK_ENTRY returned signal: {'action': 'entry', 'side': 'short_basis', 'z': 2.6728453664724463, 'basis': 8724.0, 'price_a': 93.9, 'price_b': 9663.0}
11:47:08 robot_arb INFO ENTRY SIGNAL short_basis | Z=2.67 basis=8724.00 | A=93.90 B=9663.00 | limit buy 10 @ 93.91 | market sell 1 @ 9658.17
11:47:08 orders_arb INFO gRPC sending: limit buy 10 GAZP@MISX acc=1225950 @ 93.91
11:47:08 orders_arb ERROR gRPC order error (GAZP@RTSX buy 10@93.91): code=StatusCode.INTERNAL details=Jwt token check failed: UNAUTHENTICATED: Token is expired
11:47:08 orders_arb WARNING gRPC limit failed, falling back to DP server
11:47:08 orders_arb ERROR Limit order error (GAZP@RTSX buy 10@93.91): no response
11:47:08 robot_arb WARNING Entry failed: leg_a_place_failed
11:47:09 robot_arb INFO Z=2.61 (threshold=2.5) — no signal (dup_check=LOCKED)
11:47:09 robot_arb INFO Z=2.61 (threshold=2.5) — no signal (dup_check=LOCKED)
11:47:10 robot_arb INFO Z=2.56 (threshold=2.5) — no signal (dup_check=LOCKED)
11:47:10 robot_arb INFO ⚠️ CHECK_ENTRY returned signal: {'action': 'entry', 'side': 'short_basis', 'z': 2.5598904353366896, 'basis': 8724.0, 'price_a': 93.9, 'price_b': 9663.0}
11:47:10 robot_arb INFO ENTRY SIGNAL short_basis | Z=2.56 basis=8724.00 | A=93.90 B=9663.00 | limit buy 10 @ 93.91 | market sell 1 @ 9658.17
11:47:10 orders_arb INFO gRPC sending: limit buy 10 GAZP@MISX acc=1225950 @ 93.91
11:47:11 orders_arb ERROR gRPC order error (GAZP@RTSX buy 10@93.91): code=StatusCode.INTERNAL details=Jwt token check failed: UNAUTHENTICATED: Token is expired
11:47:11 orders_arb WARNING gRPC limit failed, falling back to DP server
11:47:11 orders_arb ERROR Limit order error (GAZP@RTSX buy 10@93.91): no response
11:47:11 robot_arb WARNING Entry failed: leg_a_place_failed
11:47:11 robot_arb INFO Z=2.51 (threshold=2.5) — no signal (dup_check=LOCKED)
11:47:12 robot_arb INFO Z=2.51 (threshold=2.5) — no signal (dup_check=LOCKED)
11:47:12 robot_arb INFO Z=2.47 (threshold=2.5) — no signal (dup_check=LOCKED)
11:47:13 robot_arb INFO Z=2.47 (threshold=2.5) — no signal (dup_check=False)
11:47:13 robot_arb INFO Z=2.43 (threshold=2.5) — no signal (dup_check=False)
11:47:14 robot_arb INFO Z=2.43 (threshold=2.5) — no signal (dup_check=False)
11:47:14 robot_arb INFO Z=2.40 (threshold=2.5) — no signal (dup_check=False)
11:47:15 robot_arb INFO ⚠️ CHECK_ENTRY returned signal: {'action': 'entry', 'side': 'short_basis', 'z': 2.9583638468391555, 'basis': 8724.1, 'price_a': 93.89, 'price_b': 9663.0}
11:47:15 robot_arb INFO ENTRY SIGNAL short_basis | Z=2.96 basis=8724.10 | A=93.89 B=9663.00 | limit buy 10 @ 93.91 | market sell 1 @ 9658.17
11:47:15 orders_arb INFO gRPC sending: limit buy 10 GAZP@MISX acc=1225950 @ 93.91
11:47:15 orders_arb ERROR gRPC order error (GAZP@RTSX buy 10@93.91): code=StatusCode.INTERNAL details=Jwt token check failed: UNAUTHENTICATED: Token is expired
11:47:15 orders_arb WARNING gRPC limit failed, falling back to DP server
11:47:15 orders_arb ERROR Limit order error (GAZP@RTSX buy 10@93.91): no response
11:47:15 robot_arb WARNING Entry failed: leg_a_place_failed
11:47:15 robot_arb INFO Z=2.90 (threshold=2.5) — no signal (dup_check=LOCKED)
11:47:16 robot_arb INFO Z=2.90 (threshold=2.5) — no signal (dup_check=LOCKED)
11:47:16 robot_arb INFO Z=2.83 (threshold=2.5) — no signal (dup_check=LOCKED)
11:47:17 robot_arb INFO ⚠️ CHECK_ENTRY returned signal: {'action': 'entry', 'side': 'short_basis', 'z': 2.8251291117349133, 'basis': 8724.1, 'price_a': 93.89, 'price_b': 9663.0}
11:47:17 robot_arb INFO ENTRY SIGNAL short_basis | Z=2.83 basis=8724.10 | A=93.89 B=9663.00 | limit buy 10 @ 93.91 | market sell 1 @ 9658.17
11:47:17 orders_arb INFO gRPC sending: limit buy 10 GAZP@MISX acc=1225950 @ 93.91
11:47:17 orders_arb ERROR gRPC order error (GAZP@RTSX buy 10@93.91): code=StatusCode.INTERNAL details=Jwt token check failed: UNAUTHENTICATED: Token is expired
11:47:17 orders_arb WARNING gRPC limit failed, falling back to DP server
11:47:17 orders_arb ERROR Limit order error (GAZP@RTSX buy 10@93.91): no response
11:47:17 robot_arb WARNING Entry failed: leg_a_place_failed
11:47:17 robot_arb INFO Z=2.76 (threshold=2.5) — no signal (dup_check=LOCKED)
11:47:18 robot_arb INFO Z=2.76 (threshold=2.5) — no signal (dup_check=LOCKED)
11:47:18 robot_arb INFO Z=2.69 (threshold=2.5) — no signal (dup_check=LOCKED)
11:47:19 robot_arb INFO ⚠️ CHECK_ENTRY returned signal: {'action': 'entry', 'side': 'short_basis', 'z': 2.6909934298528677, 'basis': 8724.1, 'price_a': 93.89, 'price_b': 9663.0}
11:47:19 robot_arb INFO ENTRY SIGNAL short_basis | Z=2.69 basis=8724.10 | A=93.89 B=9663.00 | limit buy 10 @ 93.91 | market sell 1 @ 9658.17
11:47:19 orders_arb INFO gRPC sending: limit buy 10 GAZP@MISX acc=1225950 @ 93.91
11:47:19 orders_arb ERROR gRPC order error (GAZP@RTSX buy 10@93.91): code=StatusCode.INTERNAL details=Jwt token check failed: UNAUTHENTICATED: Token is expired
11:47:19 orders_arb WARNING gRPC limit failed, falling back to DP server
11:47:19 orders_arb ERROR Limit order error (GAZP@RTSX buy 10@93.91): no response
11:47:19 robot_arb WARNING Entry failed: leg_a_place_failed
11:52:31 robot_arb INFO Z=2.37 (threshold=2.5) — no signal (dup_check=False)
11:52:32 robot_arb INFO Z=2.32 (threshold=2.5) — no signal (dup_check=False)
11:52:32 robot_arb INFO Z=2.32 (threshold=2.5) — no signal (dup_check=False)
11:52:36 robot_arb INFO ⚠️ CHECK_ENTRY returned signal: {'action': 'entry', 'side': 'short_basis', 'z': 3.0726912983809824, 'basis': 8747.6, 'price_a': 94.14, 'price_b': 9689.0}
11:52:36 robot_arb INFO ENTRY SIGNAL short_basis | Z=3.07 basis=8747.60 | A=94.14 B=9689.00 | limit buy 10 @ 94.14 | market sell 1 @ 9684.16
11:52:36 orders_arb INFO gRPC sending: limit buy 10 GAZP@MISX acc=1225950 @ 94.14
11:52:36 orders_arb ERROR gRPC order error (GAZP@RTSX buy 10@94.14): code=StatusCode.INTERNAL details=Jwt token check failed: UNAUTHENTICATED: Token is expired
11:52:36 orders_arb WARNING gRPC limit failed, falling back to DP server
11:52:36 orders_arb ERROR Limit order error (GAZP@RTSX buy 10@94.14): no response
11:52:36 robot_arb WARNING Entry failed: leg_a_place_failed
11:52:37 robot_arb INFO Z=2.99 (threshold=2.5) — no signal (dup_check=LOCKED)
11:52:37 robot_arb INFO Z=2.99 (threshold=2.5) — no signal (dup_check=LOCKED)
11:52:38 robot_arb INFO Z=2.92 (threshold=2.5) — no signal (dup_check=LOCKED)
11:52:38 robot_arb INFO ⚠️ CHECK_ENTRY returned signal: {'action': 'entry', 'side': 'short_basis', 'z': 2.919681307534275, 'basis': 8747.6, 'price_a': 94.14, 'price_b': 9689.0}
11:52:38 robot_arb INFO ENTRY SIGNAL short_basis | Z=2.92 basis=8747.60 | A=94.14 B=9689.00 | limit buy 10 @ 94.14 | market sell 1 @ 9684.16
11:52:38 orders_arb INFO gRPC sending: limit buy 10 GAZP@MISX acc=1225950 @ 94.14
11:52:38 orders_arb ERROR gRPC order error (GAZP@RTSX buy 10@94.14): code=StatusCode.INTERNAL details=Jwt token check failed: UNAUTHENTICATED: Token is expired
11:52:38 orders_arb WARNING gRPC limit failed, falling back to DP server
11:52:38 orders_arb ERROR Limit order error (GAZP@RTSX buy 10@94.14): no response
11:52:38 robot_arb WARNING Entry failed: leg_a_place_failed
11:56:21 robot_arb INFO ⚠️ CHECK_ENTRY returned signal: {'action': 'entry', 'side': 'short_basis', 'z': 2.709792367582444, 'basis': 8744.8, 'price_a': 94.12, 'price_b': 9686.0}
11:56:21 robot_arb INFO ENTRY SIGNAL short_basis | Z=2.71 basis=8744.80 | A=94.12 B=9686.00 | limit buy 10 @ 94.14 | market sell 1 @ 9681.16
11:56:21 orders_arb INFO gRPC sending: limit buy 10 GAZP@MISX acc=1225950 @ 94.14
11:56:21 orders_arb ERROR gRPC order error (GAZP@RTSX buy 10@94.14): code=StatusCode.INTERNAL details=Jwt token check failed: UNAUTHENTICATED: Token is expired
11:56:21 orders_arb WARNING gRPC limit failed, falling back to DP server
11:56:21 orders_arb ERROR Limit order error (GAZP@RTSX buy 10@94.14): no response
11:56:21 robot_arb WARNING Entry failed: leg_a_place_failed
11:56:21 robot_arb INFO Z=2.65 (threshold=2.5) — no signal (dup_check=LOCKED)
11:56:22 robot_arb INFO Z=2.65 (threshold=2.5) — no signal (dup_check=LOCKED)
11:56:22 robot_arb INFO Z=2.59 (threshold=2.5) — no signal (dup_check=LOCKED)
11:56:23 robot_arb INFO ⚠️ CHECK_ENTRY returned signal: {'action': 'entry', 'side': 'short_basis', 'z': 2.5892651752211955, 'basis': 8744.8, 'price_a': 94.12, 'price_b': 9686.0}
11:56:23 robot_arb INFO ENTRY SIGNAL short_basis | Z=2.59 basis=8744.80 | A=94.12 B=9686.00 | limit buy 10 @ 94.14 | market sell 1 @ 9681.16
11:56:23 orders_arb INFO gRPC sending: limit buy 10 GAZP@MISX acc=1225950 @ 94.14
11:56:23 orders_arb ERROR gRPC order error (GAZP@RTSX buy 10@94.14): code=StatusCode.INTERNAL details=Jwt token check failed: UNAUTHENTICATED: Token is expired
11:56:23 orders_arb WARNING gRPC limit failed, falling back to DP server
11:56:23 orders_arb ERROR Limit order error (GAZP@RTSX buy 10@94.14): no response
11:56:23 robot_arb WARNING Entry failed: leg_a_place_failed
11:56:24 robot_arb INFO Z=2.53 (threshold=2.5) — no signal (dup_check=LOCKED)
11:56:24 robot_arb INFO Z=2.53 (threshold=2.5) — no signal (dup_check=LOCKED)
11:56:25 robot_arb INFO Z=2.48 (threshold=2.5) — no signal (dup_check=LOCKED)
11:56:25 robot_arb INFO Z=2.48 (threshold=2.5) — no signal (dup_check=False)
11:57:16 robot_arb INFO ⚠️ CHECK_ENTRY returned signal: {'action': 'entry', 'side': 'short_basis', 'z': 2.8351967173979364, 'basis': 8764.8, 'price_a': 94.32, 'price_b': 9708.0}
11:57:16 robot_arb INFO ENTRY SIGNAL short_basis | Z=2.84 basis=8764.80 | A=94.32 B=9708.00 | limit buy 10 @ 94.32 | market sell 1 @ 9703.15
11:57:16 orders_arb INFO gRPC sending: limit buy 10 GAZP@MISX acc=1225950 @ 94.32
11:57:16 orders_arb ERROR gRPC order error (GAZP@RTSX buy 10@94.32): code=StatusCode.INTERNAL details=Jwt token check failed: UNAUTHENTICATED: Token is expired
11:57:16 orders_arb WARNING gRPC limit failed, falling back to DP server
11:57:16 orders_arb ERROR Limit order error (GAZP@RTSX buy 10@94.32): no response
11:57:16 robot_arb WARNING Entry failed: leg_a_place_failed
11:57:17 robot_arb INFO Z=2.78 (threshold=2.5) — no signal (dup_check=LOCKED)
11:57:17 robot_arb INFO Z=2.78 (threshold=2.5) — no signal (dup_check=LOCKED)
11:57:18 robot_arb INFO Z=2.73 (threshold=2.5) — no signal (dup_check=LOCKED)
11:57:21 robot_arb INFO ⚠️ CHECK_ENTRY returned signal: {'action': 'entry', 'side': 'short_basis', 'z': 4.04817108472161, 'basis': 8775.9, 'price_a': 94.41, 'price_b': 9720.0}
11:57:21 robot_arb INFO ENTRY SIGNAL short_basis | Z=4.05 basis=8775.90 | A=94.41 B=9720.00 | limit buy 10 @ 94.42 | market sell 1 @ 9715.14
11:57:21 orders_arb INFO gRPC sending: limit buy 10 GAZP@MISX acc=1225950 @ 94.42
11:57:21 orders_arb ERROR gRPC order error (GAZP@RTSX buy 10@94.42): code=StatusCode.INTERNAL details=Jwt token check failed: UNAUTHENTICATED: Token is expired
11:57:21 orders_arb WARNING gRPC limit failed, falling back to DP server
11:57:21 orders_arb ERROR Limit order error (GAZP@RTSX buy 10@94.42): no response
11:57:21 robot_arb WARNING Entry failed: leg_a_place_failed
11:57:22 robot_arb INFO Z=3.89 (threshold=2.5) — no signal (dup_check=LOCKED)
11:57:22 robot_arb INFO Z=3.89 (threshold=2.5) — no signal (dup_check=LOCKED)
11:57:23 robot_arb INFO Z=3.75 (threshold=2.5) — no signal (dup_check=LOCKED)
11:57:28 robot_arb INFO Z=2.43 (threshold=2.5) — no signal (dup_check=False)
11:57:29 robot_arb INFO Z=2.39 (threshold=2.5) — no signal (dup_check=False)
11:57:29 robot_arb INFO Z=2.39 (threshold=2.5) — no signal (dup_check=False)
11:57:30 robot_arb INFO Z=2.34 (threshold=2.5) — no signal (dup_check=False)
11:57:30 robot_arb INFO Z=2.34 (threshold=2.5) — no signal (dup_check=False)
11:57:53 robot_arb INFO Z=2.44 (threshold=2.5) — no signal (dup_check=False)
11:58:23 robot_arb INFO ⚠️ CHECK_ENTRY returned signal: {'action': 'entry', 'side': 'short_basis', 'z': 3.239656907494933, 'basis': 8770.6, 'price_a': 94.34, 'price_b': 9714.0}
11:58:23 robot_arb INFO ENTRY SIGNAL short_basis | Z=3.24 basis=8770.60 | A=94.34 B=9714.00 | limit buy 10 @ 94.35 | market sell 1 @ 9709.14
11:58:23 orders_arb INFO gRPC sending: limit buy 10 GAZP@MISX acc=1225950 @ 94.35
11:58:23 orders_arb ERROR gRPC order error (GAZP@RTSX buy 10@94.35): code=StatusCode.INTERNAL details=Jwt token check failed: UNAUTHENTICATED: Token is expired
11:58:23 orders_arb WARNING gRPC limit failed, falling back to DP server
11:58:23 orders_arb ERROR Limit order error (GAZP@RTSX buy 10@94.35): no response
11:58:23 robot_arb WARNING Entry failed: leg_a_place_failed
12:03:16 robot_arb INFO ⚠️ CHECK_ENTRY returned signal: {'action': 'entry', 'side': 'short_basis', 'z': 11.51613544608545, 'basis': 8709.5, 'price_a': 93.55, 'price_b': 9645.0}
12:03:16 robot_arb INFO ENTRY SIGNAL short_basis | Z=11.52 basis=8709.50 | A=93.55 B=9645.00 | limit buy 10 @ 93.53 | market sell 1 @ 9640.18
12:03:16 orders_arb INFO gRPC sending: limit buy 10 GAZP@MISX acc=1225950 @ 93.53
12:03:16 orders_arb ERROR gRPC order error (GAZP@RTSX buy 10@93.53): code=StatusCode.INTERNAL details=Jwt token check failed: UNAUTHENTICATED: Token is expired
12:03:16 orders_arb WARNING gRPC limit failed, falling back to DP server
12:03:16 orders_arb ERROR Limit order error (GAZP@RTSX buy 10@93.53): no response
12:03:16 robot_arb WARNING Entry failed: leg_a_place_failed
12:04:14 robot_arb INFO ⚠️ CHECK_ENTRY returned signal: {'action': 'entry', 'side': 'short_basis', 'z': 4.140988197427229, 'basis': 8706.4, 'price_a': 93.66, 'price_b': 9643.0}
12:04:14 robot_arb INFO ENTRY SIGNAL short_basis | Z=4.14 basis=8706.40 | A=93.66 B=9643.00 | limit buy 10 @ 93.69 | market sell 1 @ 9638.18
12:04:14 orders_arb INFO gRPC sending: limit buy 10 GAZP@MISX acc=1225950 @ 93.69
12:04:14 orders_arb ERROR gRPC order error (GAZP@RTSX buy 10@93.69): code=StatusCode.INTERNAL details=Jwt token check failed: UNAUTHENTICATED: Token is expired
12:04:14 orders_arb WARNING gRPC limit failed, falling back to DP server
12:04:14 orders_arb ERROR Limit order error (GAZP@RTSX buy 10@93.69): no response
12:04:14 robot_arb WARNING Entry failed: leg_a_place_failed
12:07:00 robot_arb INFO ⚠️ CHECK_ENTRY returned signal: {'action': 'entry', 'side': 'short_basis', 'z': 4.217986911271238, 'basis': 8689.1, 'price_a': 93.49, 'price_b': 9624.0}
12:07:00 robot_arb INFO ENTRY SIGNAL short_basis | Z=4.22 basis=8689.10 | A=93.49 B=9624.00 | limit buy 10 @ 93.49 | market sell 1 @ 9619.19
12:07:00 orders_arb INFO gRPC sending: limit buy 10 GAZP@MISX acc=1225950 @ 93.49
12:07:00 orders_arb ERROR gRPC order error (GAZP@RTSX buy 10@93.49): code=StatusCode.INTERNAL details=Jwt token check failed: UNAUTHENTICATED: Token is expired
12:07:00 orders_arb WARNING gRPC limit failed, falling back to DP server
12:07:00 orders_arb ERROR Limit order error (GAZP@RTSX buy 10@93.49): no response
12:07:00 robot_arb WARNING Entry failed: leg_a_place_failed
12:07:01 robot_arb INFO Z=4.03 (threshold=2.5) — no signal (dup_check=LOCKED)
12:07:01 robot_arb INFO Z=4.03 (threshold=2.5) — no signal (dup_check=LOCKED)
12:07:02 robot_arb INFO Z=3.86 (threshold=2.5) — no signal (dup_check=LOCKED)
12:07:02 robot_arb INFO ⚠️ CHECK_ENTRY returned signal: {'action': 'entry', 'side': 'short_basis', 'z': 3.8610808170092255, 'basis': 8689.1, 'price_a': 93.49, 'price_b': 9624.0}
12:07:02 robot_arb INFO ENTRY SIGNAL short_basis | Z=3.86 basis=8689.10 | A=93.49 B=9624.00 | limit buy 10 @ 93.49 | market sell 1 @ 9619.19
12:07:02 orders_arb INFO gRPC sending: limit buy 10 GAZP@MISX acc=1225950 @ 93.49
12:07:03 orders_arb ERROR gRPC order error (GAZP@RTSX buy 10@93.49): code=StatusCode.INTERNAL details=Jwt token check failed: UNAUTHENTICATED: Token is expired
12:07:03 orders_arb WARNING gRPC limit failed, falling back to DP server
12:07:03 orders_arb ERROR Limit order error (GAZP@RTSX buy 10@93.49): no response
12:07:03 robot_arb WARNING Entry failed: leg_a_place_failed
12:07:03 robot_arb INFO Z=3.72 (threshold=2.5) — no signal (dup_check=LOCKED)
12:07:32 robot_arb INFO ⚠️ CHECK_ENTRY returned signal: {'action': 'entry', 'side': 'short_basis', 'z': 2.9556149928869857, 'basis': 8697.1, 'price_a': 93.59, 'price_b': 9633.0}
12:07:32 robot_arb INFO ENTRY SIGNAL short_basis | Z=2.96 basis=8697.10 | A=93.59 B=9633.00 | limit buy 10 @ 93.60 | market sell 1 @ 9628.18
12:07:32 orders_arb INFO gRPC sending: limit buy 10 GAZP@MISX acc=1225950 @ 93.6
12:07:32 orders_arb ERROR gRPC order error (GAZP@RTSX buy 10@93.6): code=StatusCode.INTERNAL details=Jwt token check failed: UNAUTHENTICATED: Token is expired
12:07:32 orders_arb WARNING gRPC limit failed, falling back to DP server
12:07:32 orders_arb ERROR Limit order error (GAZP@RTSX buy 10@93.6): no response
12:07:32 robot_arb WARNING Entry failed: leg_a_place_failed
12:07:32 robot_arb INFO Z=2.88 (threshold=2.5) — no signal (dup_check=LOCKED)
12:07:33 robot_arb INFO Z=2.88 (threshold=2.5) — no signal (dup_check=LOCKED)
12:07:33 robot_arb INFO Z=2.82 (threshold=2.5) — no signal (dup_check=LOCKED)
12:07:34 robot_arb INFO ⚠️ CHECK_ENTRY returned signal: {'action': 'entry', 'side': 'short_basis', 'z': 2.8180034813204835, 'basis': 8697.1, 'price_a': 93.59, 'price_b': 9633.0}
12:07:34 robot_arb INFO ENTRY SIGNAL short_basis | Z=2.82 basis=8697.10 | A=93.59 B=9633.00 | limit buy 10 @ 93.60 | market sell 1 @ 9628.18
12:07:34 orders_arb INFO gRPC sending: limit buy 10 GAZP@MISX acc=1225950 @ 93.6
12:07:34 orders_arb ERROR gRPC order error (GAZP@RTSX buy 10@93.6): code=StatusCode.INTERNAL details=Jwt token check failed: UNAUTHENTICATED: Token is expired
12:07:34 orders_arb WARNING gRPC limit failed, falling back to DP server
12:07:34 orders_arb ERROR Limit order error (GAZP@RTSX buy 10@93.6): no response
12:07:34 robot_arb WARNING Entry failed: leg_a_place_failed
12:08:26 robot_arb INFO Z=2.40 (threshold=2.5) — no signal (dup_check=False)
12:08:27 robot_arb INFO Z=2.35 (threshold=2.5) — no signal (dup_check=False)
12:08:27 robot_arb INFO Z=2.35 (threshold=2.5) — no signal (dup_check=False)
12:08:28 robot_arb INFO Z=2.31 (threshold=2.5) — no signal (dup_check=False)
12:08:28 robot_arb INFO Z=2.31 (threshold=2.5) — no signal (dup_check=False)
12:11:50 robot_arb INFO ⚠️ CHECK_ENTRY returned signal: {'action': 'entry', 'side': 'short_basis', 'z': 3.1841058340448574, 'basis': 8720.7, 'price_a': 93.83, 'price_b': 9659.0}
12:11:50 robot_arb INFO ENTRY SIGNAL short_basis | Z=3.18 basis=8720.70 | A=93.83 B=9659.00 | limit buy 10 @ 93.83 | market sell 1 @ 9654.17
12:11:50 orders_arb INFO gRPC sending: limit buy 10 GAZP@MISX acc=1225950 @ 93.83
12:11:50 orders_arb ERROR gRPC order error (GAZP@RTSX buy 10@93.83): code=StatusCode.INTERNAL details=Jwt token check failed: UNAUTHENTICATED: Token is expired
12:11:50 orders_arb WARNING gRPC limit failed, falling back to DP server
12:11:50 orders_arb ERROR Limit order error (GAZP@RTSX buy 10@93.83): no response
12:11:50 robot_arb WARNING Entry failed: leg_a_place_failed
12:11:50 robot_arb INFO Z=3.18 (threshold=2.5) — no signal (dup_check=LOCKED)
12:11:51 robot_arb INFO Z=3.15 (threshold=2.5) — no signal (dup_check=LOCKED)
12:11:51 robot_arb INFO Z=3.15 (threshold=2.5) — no signal (dup_check=LOCKED)
12:11:52 robot_arb INFO ⚠️ CHECK_ENTRY returned signal: {'action': 'entry', 'side': 'short_basis', 'z': 3.1011130184500817, 'basis': 8720.7, 'price_a': 93.83, 'price_b': 9659.0}
12:11:52 robot_arb INFO ENTRY SIGNAL short_basis | Z=3.10 basis=8720.70 | A=93.83 B=9659.00 | limit buy 10 @ 93.83 | market sell 1 @ 9654.17
12:11:52 orders_arb INFO gRPC sending: limit buy 10 GAZP@MISX acc=1225950 @ 93.83
12:11:52 orders_arb ERROR gRPC order error (GAZP@RTSX buy 10@93.83): code=StatusCode.INTERNAL details=Jwt token check failed: UNAUTHENTICATED: Token is expired
12:11:52 orders_arb WARNING gRPC limit failed, falling back to DP server
12:11:52 orders_arb ERROR Limit order error (GAZP@RTSX buy 10@93.83): no response
12:11:52 robot_arb WARNING Entry failed: leg_a_place_failed
12:11:53 robot_arb INFO Z=2.41 (threshold=2.5) — no signal (dup_check=LOCKED)
12:11:53 robot_arb INFO Z=2.39 (threshold=2.5) — no signal (dup_check=LOCKED)
12:11:54 robot_arb INFO Z=2.39 (threshold=2.5) — no signal (dup_check=LOCKED)
12:11:54 robot_arb INFO Z=2.38 (threshold=2.5) — no signal (dup_check=False)
12:11:55 robot_arb INFO Z=2.38 (threshold=2.5) — no signal (dup_check=False)
12:16:21 robot_arb INFO ⚠️ CHECK_ENTRY returned signal: {'action': 'entry', 'side': 'short_basis', 'z': 2.588792546505377, 'basis': 8737.6, 'price_a': 94.04, 'price_b': 9678.0}
12:16:21 robot_arb INFO ENTRY SIGNAL short_basis | Z=2.59 basis=8737.60 | A=94.04 B=9678.00 | limit buy 10 @ 94.05 | market sell 1 @ 9673.16
12:16:21 orders_arb INFO gRPC sending: limit buy 10 GAZP@MISX acc=1225950 @ 94.05
12:16:21 orders_arb ERROR gRPC order error (GAZP@RTSX buy 10@94.05): code=StatusCode.INTERNAL details=Jwt token check failed: UNAUTHENTICATED: Token is expired
12:16:21 orders_arb WARNING gRPC limit failed, falling back to DP server
12:16:21 orders_arb ERROR Limit order error (GAZP@RTSX buy 10@94.05): no response
12:16:21 robot_arb WARNING Entry failed: leg_a_place_failed
12:16:41 robot_arb INFO ⚠️ CHECK_ENTRY returned signal: {'action': 'entry', 'side': 'short_basis', 'z': 2.50712787445571, 'basis': 8743.9, 'price_a': 94.11, 'price_b': 9685.0}
12:16:41 robot_arb INFO ENTRY SIGNAL short_basis | Z=2.51 basis=8743.90 | A=94.11 B=9685.00 | limit buy 10 @ 94.14 | market sell 1 @ 9680.16
12:16:41 orders_arb INFO gRPC sending: limit buy 10 GAZP@MISX acc=1225950 @ 94.14
12:16:42 orders_arb ERROR gRPC order error (GAZP@RTSX buy 10@94.14): code=StatusCode.INTERNAL details=Jwt token check failed: UNAUTHENTICATED: Token is expired
12:16:42 orders_arb WARNING gRPC limit failed, falling back to DP server
12:16:42 orders_arb ERROR Limit order error (GAZP@RTSX buy 10@94.14): no response
12:16:42 robot_arb WARNING Entry failed: leg_a_place_failed
12:16:42 robot_arb INFO Z=2.51 (threshold=2.5) — no signal (dup_check=LOCKED)
12:16:43 robot_arb INFO Z=2.47 (threshold=2.5) — no signal (dup_check=LOCKED)
12:16:43 robot_arb INFO Z=2.47 (threshold=2.5) — no signal (dup_check=LOCKED)
12:16:44 robot_arb INFO Z=2.44 (threshold=2.5) — no signal (dup_check=False)
12:16:44 robot_arb INFO Z=2.44 (threshold=2.5) — no signal (dup_check=False)
12:16:45 robot_arb INFO Z=2.40 (threshold=2.5) — no signal (dup_check=False)
12:16:45 robot_arb INFO Z=2.40 (threshold=2.5) — no signal (dup_check=False)
12:16:46 robot_arb INFO Z=2.36 (threshold=2.5) — no signal (dup_check=False)
12:16:51 robot_arb INFO ⚠️ CHECK_ENTRY returned signal: {'action': 'entry', 'side': 'short_basis', 'z': 2.8331167072544217, 'basis': 8750.3, 'price_a': 94.17, 'price_b': 9692.0}
12:16:51 robot_arb INFO ENTRY SIGNAL short_basis | Z=2.83 basis=8750.30 | A=94.17 B=9692.00 | limit buy 10 @ 94.17 | market sell 1 @ 9687.15
12:16:51 orders_arb INFO gRPC sending: limit buy 10 GAZP@MISX acc=1225950 @ 94.17
12:16:51 orders_arb ERROR gRPC order error (GAZP@RTSX buy 10@94.17): code=StatusCode.INTERNAL details=Jwt token check failed: UNAUTHENTICATED: Token is expired
12:16:51 orders_arb WARNING gRPC limit failed, falling back to DP server
12:16:51 orders_arb ERROR Limit order error (GAZP@RTSX buy 10@94.17): no response
12:16:51 robot_arb WARNING Entry failed: leg_a_place_failed
12:16:52 robot_arb INFO Z=2.76 (threshold=2.5) — no signal (dup_check=LOCKED)
12:16:52 robot_arb INFO Z=2.76 (threshold=2.5) — no signal (dup_check=LOCKED)
12:16:53 robot_arb INFO Z=2.70 (threshold=2.5) — no signal (dup_check=LOCKED)
12:16:53 robot_arb INFO ⚠️ CHECK_ENTRY returned signal: {'action': 'entry', 'side': 'short_basis', 'z': 2.700318988645844, 'basis': 8750.3, 'price_a': 94.17, 'price_b': 9692.0}
12:16:53 robot_arb INFO ENTRY SIGNAL short_basis | Z=2.70 basis=8750.30 | A=94.17 B=9692.00 | limit buy 10 @ 94.17 | market sell 1 @ 9687.15
12:16:53 orders_arb INFO gRPC sending: limit buy 10 GAZP@MISX acc=1225950 @ 94.17
12:16:53 orders_arb ERROR gRPC order error (GAZP@RTSX buy 10@94.17): code=StatusCode.INTERNAL details=Jwt token check failed: UNAUTHENTICATED: Token is expired
12:16:53 orders_arb WARNING gRPC limit failed, falling back to DP server
12:16:53 orders_arb ERROR Limit order error (GAZP@RTSX buy 10@94.17): no response
12:16:53 robot_arb WARNING Entry failed: leg_a_place_failed
12:16:54 robot_arb INFO Z=2.64 (threshold=2.5) — no signal (dup_check=LOCKED)
12:16:54 robot_arb INFO Z=2.64 (threshold=2.5) — no signal (dup_check=LOCKED)
12:16:55 robot_arb INFO Z=2.58 (threshold=2.5) — no signal (dup_check=LOCKED)
12:16:55 robot_arb INFO ⚠️ CHECK_ENTRY returned signal: {'action': 'entry', 'side': 'short_basis', 'z': 2.5822176836016224, 'basis': 8750.3, 'price_a': 94.17, 'price_b': 9692.0}
12:16:55 robot_arb INFO ENTRY SIGNAL short_basis | Z=2.58 basis=8750.30 | A=94.17 B=9692.00 | limit buy 10 @ 94.17 | market sell 1 @ 9687.15
12:16:55 orders_arb INFO gRPC sending: limit buy 10 GAZP@MISX acc=1225950 @ 94.17
12:16:55 orders_arb ERROR gRPC order error (GAZP@RTSX buy 10@94.17): code=StatusCode.INTERNAL details=Jwt token check failed: UNAUTHENTICATED: Token is expired
12:16:55 orders_arb WARNING gRPC limit failed, falling back to DP server
12:16:55 orders_arb ERROR Limit order error (GAZP@RTSX buy 10@94.17): no response
12:16:55 robot_arb WARNING Entry failed: leg_a_place_failed
12:17:01 robot_arb INFO ⚠️ CHECK_ENTRY returned signal: {'action': 'entry', 'side': 'short_basis', 'z': 2.9879377273765577, 'basis': 8763.0, 'price_a': 94.3, 'price_b': 9706.0}
12:17:01 robot_arb INFO ENTRY SIGNAL short_basis | Z=2.99 basis=8763.00 | A=94.30 B=9706.00 | limit buy 10 @ 94.30 | market sell 1 @ 9701.15
12:17:01 orders_arb INFO gRPC sending: limit buy 10 GAZP@MISX acc=1225950 @ 94.3
12:17:01 orders_arb ERROR gRPC order error (GAZP@RTSX buy 10@94.3): code=StatusCode.INTERNAL details=Jwt token check failed: UNAUTHENTICATED: Token is expired
12:17:01 orders_arb WARNING gRPC limit failed, falling back to DP server
12:17:02 orders_arb ERROR Limit order error (GAZP@RTSX buy 10@94.3): no response
12:17:02 robot_arb WARNING Entry failed: leg_a_place_failed
12:17:02 robot_arb INFO Z=2.91 (threshold=2.5) — no signal (dup_check=LOCKED)
12:17:03 robot_arb INFO Z=2.91 (threshold=2.5) — no signal (dup_check=LOCKED)
12:17:03 robot_arb INFO Z=2.84 (threshold=2.5) — no signal (dup_check=LOCKED)
12:17:04 robot_arb INFO ⚠️ CHECK_ENTRY returned signal: {'action': 'entry', 'side': 'short_basis', 'z': 2.8393318724766115, 'basis': 8763.0, 'price_a': 94.3, 'price_b': 9706.0}
12:17:04 robot_arb INFO ENTRY SIGNAL short_basis | Z=2.84 basis=8763.00 | A=94.30 B=9706.00 | limit buy 10 @ 94.30 | market sell 1 @ 9701.15
12:17:04 orders_arb INFO gRPC sending: limit buy 10 GAZP@MISX acc=1225950 @ 94.3
12:17:04 orders_arb ERROR gRPC order error (GAZP@RTSX buy 10@94.3): code=StatusCode.INTERNAL details=Jwt token check failed: UNAUTHENTICATED: Token is expired
12:17:04 orders_arb WARNING gRPC limit failed, falling back to DP server
12:17:04 orders_arb ERROR Limit order error (GAZP@RTSX buy 10@94.3): no response
12:17:04 robot_arb WARNING Entry failed: leg_a_place_failed
12:17:04 robot_arb INFO Z=2.77 (threshold=2.5) — no signal (dup_check=LOCKED)
12:17:05 robot_arb INFO Z=2.77 (threshold=2.5) — no signal (dup_check=LOCKED)
12:17:05 robot_arb INFO Z=2.71 (threshold=2.5) — no signal (dup_check=LOCKED)
12:17:06 robot_arb INFO ⚠️ CHECK_ENTRY returned signal: {'action': 'entry', 'side': 'short_basis', 'z': 2.7083522618393037, 'basis': 8763.0, 'price_a': 94.3, 'price_b': 9706.0}
12:17:06 robot_arb INFO ENTRY SIGNAL short_basis | Z=2.71 basis=8763.00 | A=94.30 B=9706.00 | limit buy 10 @ 94.30 | market sell 1 @ 9701.15
12:17:06 orders_arb INFO gRPC sending: limit buy 10 GAZP@MISX acc=1225950 @ 94.3
12:17:06 orders_arb ERROR gRPC order error (GAZP@RTSX buy 10@94.3): code=StatusCode.INTERNAL details=Jwt token check failed: UNAUTHENTICATED: Token is expired
12:17:06 orders_arb WARNING gRPC limit failed, falling back to DP server
12:17:06 orders_arb ERROR Limit order error (GAZP@RTSX buy 10@94.3): no response
12:17:06 robot_arb WARNING Entry failed: leg_a_place_failed
12:17:42 robot_arb INFO ⚠️ CHECK_ENTRY returned signal: {'action': 'entry', 'side': 'short_basis', 'z': 3.0477715184438727, 'basis': 8765.9, 'price_a': 94.31, 'price_b': 9709.0}
12:17:42 robot_arb INFO ENTRY SIGNAL short_basis | Z=3.05 basis=8765.90 | A=94.31 B=9709.00 | limit buy 10 @ 94.31 | market sell 1 @ 9704.15
12:17:42 orders_arb INFO gRPC sending: limit buy 10 GAZP@MISX acc=1225950 @ 94.31
12:17:42 orders_arb ERROR gRPC order error (GAZP@RTSX buy 10@94.31): code=StatusCode.INTERNAL details=Jwt token check failed: UNAUTHENTICATED: Token is expired
12:17:42 orders_arb WARNING gRPC limit failed, falling back to DP server
12:17:42 orders_arb ERROR Limit order error (GAZP@RTSX buy 10@94.31): no response
12:17:42 robot_arb WARNING Entry failed: leg_a_place_failed
12:18:21 robot_arb INFO ⚠️ CHECK_ENTRY returned signal: {'action': 'entry', 'side': 'short_basis', 'z': 3.712420094495911, 'basis': 8758.9, 'price_a': 94.21, 'price_b': 9701.0}
12:18:21 robot_arb INFO ENTRY SIGNAL short_basis | Z=3.71 basis=8758.90 | A=94.21 B=9701.00 | limit buy 10 @ 94.21 | market sell 1 @ 9696.15
12:18:21 orders_arb INFO gRPC sending: limit buy 10 GAZP@MISX acc=1225950 @ 94.21
12:18:21 orders_arb ERROR gRPC order error (GAZP@RTSX buy 10@94.21): code=StatusCode.INTERNAL details=Jwt token check failed: UNAUTHENTICATED: Token is expired
12:18:21 orders_arb WARNING gRPC limit failed, falling back to DP server
12:18:21 orders_arb ERROR Limit order error (GAZP@RTSX buy 10@94.21): no response
12:18:21 robot_arb WARNING Entry failed: leg_a_place_failed
12:18:22 robot_arb INFO Z=3.58 (threshold=2.5) — no signal (dup_check=LOCKED)
12:18:22 robot_arb INFO Z=3.58 (threshold=2.5) — no signal (dup_check=LOCKED)
12:18:23 robot_arb INFO Z=3.46 (threshold=2.5) — no signal (dup_check=LOCKED)
12:18:23 robot_arb INFO ⚠️ CHECK_ENTRY returned signal: {'action': 'entry', 'side': 'short_basis', 'z': 3.456335927490774, 'basis': 8758.9, 'price_a': 94.21, 'price_b': 9701.0}
12:18:23 robot_arb INFO ENTRY SIGNAL short_basis | Z=3.46 basis=8758.90 | A=94.21 B=9701.00 | limit buy 10 @ 94.21 | market sell 1 @ 9696.15
12:18:23 orders_arb INFO gRPC sending: limit buy 10 GAZP@MISX acc=1225950 @ 94.21
12:18:23 orders_arb ERROR gRPC order error (GAZP@RTSX buy 10@94.21): code=StatusCode.INTERNAL details=Jwt token check failed: UNAUTHENTICATED: Token is expired
12:18:23 orders_arb WARNING gRPC limit failed, falling back to DP server
12:18:23 orders_arb ERROR Limit order error (GAZP@RTSX buy 10@94.21): no response
12:18:23 robot_arb WARNING Entry failed: leg_a_place_failed
12:19:33 robot_arb INFO Z=2.33 (threshold=2.5) — no signal (dup_check=False)
12:22:03 robot_arb INFO ⚠️ CHECK_ENTRY returned signal: {'action': 'entry', 'side': 'short_basis', 'z': 2.605224292802548, 'basis': 8753.1, 'price_a': 94.19, 'price_b': 9695.0}
12:22:03 robot_arb INFO ENTRY SIGNAL short_basis | Z=2.61 basis=8753.10 | A=94.19 B=9695.00 | limit buy 10 @ 94.19 | market sell 1 @ 9690.15
12:22:03 orders_arb INFO gRPC sending: limit buy 10 GAZP@MISX acc=1225950 @ 94.19
12:22:03 orders_arb ERROR gRPC order error (GAZP@RTSX buy 10@94.19): code=StatusCode.INTERNAL details=Jwt token check failed: UNAUTHENTICATED: Token is expired
12:22:03 orders_arb WARNING gRPC limit failed, falling back to DP server
12:22:03 orders_arb ERROR Limit order error (GAZP@RTSX buy 10@94.19): no response
12:22:03 robot_arb WARNING Entry failed: leg_a_place_failed
12:23:20 robot_arb INFO Z=2.39 (threshold=2.5) — no signal (dup_check=False)
12:23:20 robot_arb INFO Z=2.35 (threshold=2.5) — no signal (dup_check=False)
12:23:21 robot_arb INFO Z=2.35 (threshold=2.5) — no signal (dup_check=False)
12:23:21 robot_arb INFO Z=2.31 (threshold=2.5) — no signal (dup_check=False)
12:23:22 robot_arb INFO Z=2.31 (threshold=2.5) — no signal (dup_check=False)
12:35:52 robot_arb INFO Mode → STOPPED
13:54:33 robot_arb INFO === Arbitrage Robot v1 ===
13:54:33 robot_arb INFO Pair: GAZP / GZU6
13:54:33 robot_arb INFO Account: 1225953 | Port: 5090 | Paper: False
13:54:33 robot_arb INFO Params: entry_z=2.5 lookback=200 lots_a=10 lots_b=1 hedge_ratio=10
13:54:33 robot_arb INFO Min profit: rub=5.5
13:54:33 robot_arb INFO Risk: stop_loss_rub=500000
13:54:33 robot_arb INFO State loaded: pnl=-27 trades=2 mode=stopped
13:54:34 robot_arb INFO FinamPy connected. Accounts: ['1225950', '1225951', '1225952', '1225953']
13:54:34 robot_arb INFO Orders manager linked to FinamPy gRPC
13:54:34 robot_arb INFO Subscribed OrderBook: GAZP@RTSX, GZU6@RTSX
13:54:34 robot_arb INFO Subscribed Quotes: GAZP@RTSX, GZU6@RTSX
13:54:34 robot_arb INFO Warmup: waiting 10 sec for data streams...
13:54:44 robot_arb INFO Warmup done. OB_A: False OB_B: False
13:54:44 robot_arb INFO MOEX ISS poller started (fallback for stock prices)
13:54:44 robot_arb INFO Main loop started
13:54:44 robot_arb INFO API listening on :5090
13:54:44 robot_arb INFO Endpoints: GET /status /health /params | POST /start /stop /pause /params
16:41:38 robot_arb INFO Signal 15 — shutting down...
16:41:38 robot_arb INFO === Arbitrage Robot v1 ===
16:41:38 robot_arb INFO Pair: GAZP / GZU6
16:41:38 robot_arb INFO Account: 1225953 | Port: 5090 | Paper: False
16:41:38 robot_arb INFO Params: entry_z=2.5 lookback=200 lots_a=10 lots_b=1 hedge_ratio=10
16:41:38 robot_arb INFO Min profit: rub=5.5
16:41:38 robot_arb INFO Risk: stop_loss_rub=500000
16:41:38 robot_arb INFO State loaded: pnl=-27 trades=2 mode=stopped
16:41:39 robot_arb INFO FinamPy connected. Accounts: ['1225950', '1225951', '1225952', '1225953']
16:41:39 robot_arb INFO Orders manager linked to FinamPy gRPC
16:41:39 robot_arb INFO Subscribed OrderBook: GAZP@RTSX, GZU6@RTSX
16:41:39 robot_arb INFO Subscribed Quotes: GAZP@RTSX, GZU6@RTSX
16:41:39 robot_arb INFO Warmup: waiting 10 sec for data streams...
16:41:49 robot_arb INFO Warmup done. OB_A: False OB_B: False
16:41:49 robot_arb INFO MOEX ISS poller started (fallback for stock prices)
16:41:49 robot_arb INFO Main loop started
16:41:49 robot_arb INFO API listening on :5090
16:41:49 robot_arb INFO Endpoints: GET /status /health /params | POST /start /stop /pause /params
16:41:53 robot_arb INFO Mode → RUNNING
16:42:25 robot_arb INFO Z=2.33 (threshold=2.5) — no signal (dup_check=False)
16:43:46 robot_arb INFO Z=2.96 (threshold=2.5) — no signal (dup_check=False)
16:43:47 robot_arb INFO Z=2.85 (threshold=2.5) — no signal (dup_check=False)
16:43:47 robot_arb INFO Z=2.85 (threshold=2.5) — no signal (dup_check=False)
16:43:48 robot_arb INFO Z=2.74 (threshold=2.5) — no signal (dup_check=False)
16:43:48 robot_arb INFO Z=2.74 (threshold=2.5) — no signal (dup_check=False)
16:43:49 robot_arb INFO Z=2.65 (threshold=2.5) — no signal (dup_check=False)
16:43:49 robot_arb INFO Z=2.65 (threshold=2.5) — no signal (dup_check=False)
16:43:50 robot_arb INFO Z=2.57 (threshold=2.5) — no signal (dup_check=False)
16:43:50 robot_arb INFO Z=2.57 (threshold=2.5) — no signal (dup_check=False)
16:43:51 robot_arb INFO Z=2.49 (threshold=2.5) — no signal (dup_check=False)
16:48:44 robot_arb INFO ⚠️ CHECK_ENTRY returned signal: {'action': 'entry', 'side': 'short_basis', 'z': 2.8201997036956623, 'basis': 8835.6, 'price_a': 95.04, 'price_b': 9786.0}
16:48:44 robot_arb INFO ENTRY SIGNAL short_basis | Z=2.82 basis=8835.60 | A=95.04 B=9786.00 | limit buy 10 @ 95.06 | market sell 1 @ 9781.11
16:48:44 orders_arb INFO gRPC sending: limit buy 10 GAZP@MISX acc=1225950 @ 95.06
16:48:44 orders_arb INFO gRPC limit placed: buy 10 GAZP@MISX acc=1225950 @ 95.06 id=81328394246
16:48:50 robot_arb WARNING Entry failed: leg_a_timeout
16:48:50 robot_arb INFO Z=2.37 (threshold=2.5) — no signal (dup_check=LOCKED)
16:48:51 robot_arb INFO Z=2.37 (threshold=2.5) — no signal (dup_check=LOCKED)
16:49:16 robot_arb INFO ⚠️ CHECK_ENTRY returned signal: {'action': 'entry', 'side': 'short_basis', 'z': 3.1428236147923667, 'basis': 8834.9, 'price_a': 95.01, 'price_b': 9785.0}
16:49:16 robot_arb INFO ENTRY SIGNAL short_basis | Z=3.14 basis=8834.90 | A=95.01 B=9785.00 | limit buy 10 @ 95.06 | market sell 1 @ 9780.11
16:49:16 orders_arb INFO gRPC sending: limit buy 10 GAZP@MISX acc=1225950 @ 95.06
16:49:16 orders_arb INFO gRPC limit placed: buy 10 GAZP@MISX acc=1225950 @ 95.06 id=81328428208
16:49:21 robot_arb WARNING Entry failed: leg_a_timeout
16:49:22 robot_arb INFO Z=3.05 (threshold=2.5) — no signal (dup_check=LOCKED)
16:49:22 robot_arb INFO Z=3.05 (threshold=2.5) — no signal (dup_check=LOCKED)
16:49:23 robot_arb INFO Z=2.97 (threshold=2.5) — no signal (dup_check=LOCKED)
16:49:23 robot_arb INFO ⚠️ CHECK_ENTRY returned signal: {'action': 'entry', 'side': 'short_basis', 'z': 2.972028839900483, 'basis': 8834.9, 'price_a': 95.01, 'price_b': 9785.0}
16:49:23 robot_arb INFO ENTRY SIGNAL short_basis | Z=2.97 basis=8834.90 | A=95.01 B=9785.00 | limit buy 10 @ 95.05 | market sell 1 @ 9780.11
16:49:23 orders_arb INFO gRPC sending: limit buy 10 GAZP@MISX acc=1225950 @ 95.05
16:49:24 orders_arb INFO gRPC limit placed: buy 10 GAZP@MISX acc=1225950 @ 95.05 id=81328434014
16:49:29 robot_arb WARNING Entry failed: leg_a_timeout
16:54:01 robot_arb INFO ⚠️ CHECK_ENTRY returned signal: {'action': 'entry', 'side': 'short_basis', 'z': 2.7174257349321, 'basis': 8843.8, 'price_a': 95.12, 'price_b': 9795.0}
16:54:01 robot_arb INFO ENTRY SIGNAL short_basis | Z=2.72 basis=8843.80 | A=95.12 B=9795.00 | limit buy 10 @ 95.14 | market sell 1 @ 9790.10
16:54:01 orders_arb INFO gRPC sending: limit buy 10 GAZP@MISX acc=1225950 @ 95.14
16:54:02 orders_arb INFO gRPC limit placed: buy 10 GAZP@MISX acc=1225950 @ 95.14 id=81328663899
16:54:02 orders_arb INFO Leg A filled 10@95.14 → executing leg B market 1
16:54:02 orders_arb INFO gRPC sending: market sell 1 GZU6@RTSX acc=1225953 @ MKT
16:54:02 orders_arb INFO gRPC market placed: sell 1 GZU6@RTSX acc=1225953 @ MKT id=1896048080581971256
16:54:02 orders_arb INFO Leg B fill price: 9790.10
16:54:02 strategy_arb INFO LAYER #1 OPEN SHORT | A=95.14 ×10 | B=9790.10 ×1 | basis=8838.70 Z=2.72 | layers=1
16:54:02 robot_arb INFO LAYER OPEN SHORT_BASIS #1 | A=95.14 ×10 | B=9790.10 ×1 | basis=8843.80 Z=2.72 | layers=1 used_capital=11,445
16:54:02 robot_arb INFO Z=2.65 (threshold=2.5) — no signal (dup_check=LOCKED)
16:54:03 robot_arb INFO Z=2.65 (threshold=2.5) — no signal (dup_check=LOCKED)
16:54:03 robot_arb INFO Z=2.60 (threshold=2.5) — no signal (dup_check=LOCKED)
16:54:04 robot_arb INFO Z=2.60 (threshold=2.5) — no signal (dup_check=False)
16:54:04 robot_arb INFO Z=2.54 (threshold=2.5) — no signal (dup_check=False)
16:54:05 robot_arb INFO Z=2.54 (threshold=2.5) — no signal (dup_check=False)
16:54:05 robot_arb INFO Z=2.49 (threshold=2.5) — no signal (dup_check=False)
16:54:06 robot_arb INFO Z=2.49 (threshold=2.5) — no signal (dup_check=False)
16:54:13 robot_arb INFO Z=3.04 (threshold=2.5) — no signal (dup_check=False)
16:54:14 robot_arb INFO Z=3.04 (threshold=2.5) — no signal (dup_check=False)
16:54:14 robot_arb INFO Z=2.96 (threshold=2.5) — no signal (dup_check=False)
16:54:15 robot_arb INFO Z=2.96 (threshold=2.5) — no signal (dup_check=False)
16:54:15 robot_arb INFO Z=2.88 (threshold=2.5) — no signal (dup_check=False)
16:54:16 robot_arb INFO Z=2.88 (threshold=2.5) — no signal (dup_check=False)
16:58:05 robot_arb INFO Z=2.93 (threshold=2.5) — no signal (dup_check=False)
16:58:05 robot_arb INFO Z=2.93 (threshold=2.5) — no signal (dup_check=False)
16:58:06 robot_arb INFO Z=2.93 (threshold=2.5) — no signal (dup_check=False)
16:58:06 robot_arb INFO Z=2.93 (threshold=2.5) — no signal (dup_check=False)
16:58:07 robot_arb INFO Z=2.93 (threshold=2.5) — no signal (dup_check=False)
16:58:07 robot_arb INFO Z=2.93 (threshold=2.5) — no signal (dup_check=False)
16:58:08 robot_arb INFO Z=2.93 (threshold=2.5) — no signal (dup_check=False)
16:58:08 robot_arb INFO Z=2.93 (threshold=2.5) — no signal (dup_check=False)
16:58:09 robot_arb INFO Z=2.86 (threshold=2.5) — no signal (dup_check=False)
16:58:19 robot_arb INFO Z=2.53 (threshold=2.5) — no signal (dup_check=False)
17:00:28 robot_arb INFO Z=2.97 (threshold=2.5) — no signal (dup_check=False)
17:00:28 robot_arb INFO Z=2.97 (threshold=2.5) — no signal (dup_check=False)
17:00:29 robot_arb INFO Z=2.89 (threshold=2.5) — no signal (dup_check=False)
17:00:29 robot_arb INFO Z=2.89 (threshold=2.5) — no signal (dup_check=False)
17:00:30 robot_arb INFO Z=2.82 (threshold=2.5) — no signal (dup_check=False)
17:00:30 robot_arb INFO Z=2.82 (threshold=2.5) — no signal (dup_check=False)
17:02:12 robot_arb INFO Z=6.02 (threshold=2.5) — no signal (dup_check=False)
17:02:12 robot_arb INFO Z=6.02 (threshold=2.5) — no signal (dup_check=False)
17:02:13 robot_arb INFO Z=5.58 (threshold=2.5) — no signal (dup_check=False)
17:02:13 robot_arb INFO Z=5.58 (threshold=2.5) — no signal (dup_check=False)
17:02:14 robot_arb INFO Z=5.21 (threshold=2.5) — no signal (dup_check=False)
17:02:14 robot_arb INFO Z=5.21 (threshold=2.5) — no signal (dup_check=False)
17:02:15 robot_arb INFO Z=4.91 (threshold=2.5) — no signal (dup_check=False)
17:02:15 robot_arb INFO Z=4.91 (threshold=2.5) — no signal (dup_check=False)
17:02:16 robot_arb INFO Z=4.62 (threshold=2.5) — no signal (dup_check=False)
17:02:16 robot_arb INFO Z=4.62 (threshold=2.5) — no signal (dup_check=False)
17:02:17 robot_arb INFO Z=4.37 (threshold=2.5) — no signal (dup_check=False)
17:02:17 robot_arb INFO Z=4.37 (threshold=2.5) — no signal (dup_check=False)
17:02:18 robot_arb INFO Z=4.15 (threshold=2.5) — no signal (dup_check=False)
17:02:18 robot_arb INFO Z=4.15 (threshold=2.5) — no signal (dup_check=False)
17:02:19 robot_arb INFO Z=3.97 (threshold=2.5) — no signal (dup_check=False)
17:02:19 robot_arb INFO Z=3.97 (threshold=2.5) — no signal (dup_check=False)
17:02:20 robot_arb INFO Z=2.57 (threshold=2.5) — no signal (dup_check=False)
17:02:20 robot_arb INFO Z=2.57 (threshold=2.5) — no signal (dup_check=False)
17:02:21 robot_arb INFO Z=2.52 (threshold=2.5) — no signal (dup_check=False)
17:02:21 robot_arb INFO Z=2.52 (threshold=2.5) — no signal (dup_check=False)
17:02:22 robot_arb INFO Z=2.47 (threshold=2.5) — no signal (dup_check=False)
17:02:22 robot_arb INFO Z=2.47 (threshold=2.5) — no signal (dup_check=False)
17:02:23 robot_arb INFO Z=2.42 (threshold=2.5) — no signal (dup_check=False)
17:02:23 robot_arb INFO Z=2.42 (threshold=2.5) — no signal (dup_check=False)
17:02:24 robot_arb INFO Z=2.38 (threshold=2.5) — no signal (dup_check=False)
17:02:24 robot_arb INFO Z=2.38 (threshold=2.5) — no signal (dup_check=False)
17:02:25 robot_arb INFO Z=2.33 (threshold=2.5) — no signal (dup_check=False)
17:02:25 robot_arb INFO Z=2.33 (threshold=2.5) — no signal (dup_check=False)
17:08:06 robot_arb INFO Z=2.77 (threshold=2.5) — no signal (dup_check=False)
17:08:06 robot_arb INFO Z=2.71 (threshold=2.5) — no signal (dup_check=False)
17:08:07 robot_arb INFO Z=2.71 (threshold=2.5) — no signal (dup_check=False)
17:08:07 robot_arb INFO Z=2.64 (threshold=2.5) — no signal (dup_check=False)
17:08:08 robot_arb INFO Z=2.64 (threshold=2.5) — no signal (dup_check=False)
17:08:08 robot_arb INFO Z=2.58 (threshold=2.5) — no signal (dup_check=False)
17:08:09 robot_arb INFO Z=2.58 (threshold=2.5) — no signal (dup_check=False)
17:08:09 robot_arb INFO Z=2.53 (threshold=2.5) — no signal (dup_check=False)
17:08:10 robot_arb INFO Z=2.53 (threshold=2.5) — no signal (dup_check=False)
17:08:10 robot_arb INFO Z=2.48 (threshold=2.5) — no signal (dup_check=False)
17:08:11 robot_arb INFO Z=2.48 (threshold=2.5) — no signal (dup_check=False)
17:08:11 robot_arb INFO Z=2.44 (threshold=2.5) — no signal (dup_check=False)
17:08:12 robot_arb INFO Z=2.44 (threshold=2.5) — no signal (dup_check=False)
17:08:12 robot_arb INFO Z=2.40 (threshold=2.5) — no signal (dup_check=False)
17:08:13 robot_arb INFO Z=2.40 (threshold=2.5) — no signal (dup_check=False)
17:08:13 robot_arb INFO Z=2.36 (threshold=2.5) — no signal (dup_check=False)
17:08:14 robot_arb INFO Z=3.24 (threshold=2.5) — no signal (dup_check=False)
17:08:14 robot_arb INFO Z=3.15 (threshold=2.5) — no signal (dup_check=False)
17:08:15 robot_arb INFO Z=3.15 (threshold=2.5) — no signal (dup_check=False)
17:08:15 robot_arb INFO Z=3.08 (threshold=2.5) — no signal (dup_check=False)
17:08:16 robot_arb INFO Z=3.08 (threshold=2.5) — no signal (dup_check=False)
17:20:24 robot_arb INFO Z=2.36 (threshold=2.5) — no signal (dup_check=False)
17:25:58 robot_arb INFO Z=2.42 (threshold=2.5) — no signal (dup_check=False)
17:25:58 robot_arb INFO Z=2.38 (threshold=2.5) — no signal (dup_check=False)
17:25:59 robot_arb INFO Z=2.38 (threshold=2.5) — no signal (dup_check=False)
17:25:59 robot_arb INFO Z=2.35 (threshold=2.5) — no signal (dup_check=False)
17:26:00 robot_arb INFO Z=2.35 (threshold=2.5) — no signal (dup_check=False)
17:26:00 robot_arb INFO Z=2.31 (threshold=2.5) — no signal (dup_check=False)
17:26:01 robot_arb INFO Z=2.31 (threshold=2.5) — no signal (dup_check=False)
17:30:57 robot_arb INFO Z=2.65 (threshold=2.5) — no signal (dup_check=False)
17:30:57 robot_arb INFO Z=2.65 (threshold=2.5) — no signal (dup_check=False)
17:30:58 robot_arb INFO Z=2.59 (threshold=2.5) — no signal (dup_check=False)
17:30:58 robot_arb INFO Z=2.59 (threshold=2.5) — no signal (dup_check=False)
17:30:59 robot_arb INFO Z=2.54 (threshold=2.5) — no signal (dup_check=False)
17:30:59 robot_arb INFO Z=2.54 (threshold=2.5) — no signal (dup_check=False)
17:31:00 robot_arb INFO Z=2.50 (threshold=2.5) — no signal (dup_check=False)
17:31:00 robot_arb INFO Z=2.50 (threshold=2.5) — no signal (dup_check=False)
17:31:01 robot_arb INFO Z=2.46 (threshold=2.5) — no signal (dup_check=False)
17:31:01 robot_arb INFO Z=2.46 (threshold=2.5) — no signal (dup_check=False)
17:31:02 robot_arb INFO Z=2.42 (threshold=2.5) — no signal (dup_check=False)
17:31:02 robot_arb INFO Z=2.42 (threshold=2.5) — no signal (dup_check=False)
17:31:03 robot_arb INFO Z=2.38 (threshold=2.5) — no signal (dup_check=False)
17:31:03 robot_arb INFO Z=2.38 (threshold=2.5) — no signal (dup_check=False)
17:31:04 robot_arb INFO Z=2.34 (threshold=2.5) — no signal (dup_check=False)
17:31:04 robot_arb INFO Z=2.34 (threshold=2.5) — no signal (dup_check=False)
17:31:05 robot_arb INFO Z=2.30 (threshold=2.5) — no signal (dup_check=False)
17:31:05 robot_arb INFO Z=2.30 (threshold=2.5) — no signal (dup_check=False)
17:31:58 robot_arb INFO Z=3.01 (threshold=2.5) — no signal (dup_check=False)
17:31:58 robot_arb INFO Z=3.01 (threshold=2.5) — no signal (dup_check=False)
17:31:59 robot_arb INFO Z=2.94 (threshold=2.5) — no signal (dup_check=False)
17:31:59 robot_arb INFO Z=2.94 (threshold=2.5) — no signal (dup_check=False)
17:32:00 robot_arb INFO Z=2.87 (threshold=2.5) — no signal (dup_check=False)
17:32:00 robot_arb INFO Z=2.87 (threshold=2.5) — no signal (dup_check=False)
17:32:01 robot_arb INFO Z=2.83 (threshold=2.5) — no signal (dup_check=False)
17:32:01 robot_arb INFO Z=2.83 (threshold=2.5) — no signal (dup_check=False)
17:32:02 robot_arb INFO Z=2.80 (threshold=2.5) — no signal (dup_check=False)
17:32:02 robot_arb INFO Z=2.80 (threshold=2.5) — no signal (dup_check=False)
17:32:03 robot_arb INFO Z=2.75 (threshold=2.5) — no signal (dup_check=False)
17:32:28 robot_arb INFO Signal 15 — shutting down...
17:32:29 robot_arb INFO === Arbitrage Robot v1 ===
17:32:29 robot_arb INFO Pair: GAZP / GZU6
17:32:29 robot_arb INFO Account: 1225953 | Port: 5090 | Paper: False
17:32:29 robot_arb INFO Params: entry_z=2.5 lookback=200 lots_a=10 lots_b=1 hedge_ratio=10
17:32:29 robot_arb INFO Min profit: rub=5.5
17:32:29 robot_arb INFO Risk: stop_loss_rub=500000
17:32:29 robot_arb INFO State loaded: pnl=-27 trades=2 mode=stopped
17:32:29 robot_arb INFO FinamPy connected. Accounts: ['1225950', '1225951', '1225952', '1225953']
17:32:29 robot_arb INFO Orders manager linked to FinamPy gRPC
17:32:29 robot_arb INFO Subscribed OrderBook: GAZP@RTSX, GZU6@RTSX
17:32:29 robot_arb INFO Subscribed Quotes: GAZP@RTSX, GZU6@RTSX
17:32:29 robot_arb INFO Warmup: waiting 10 sec for data streams...
17:32:39 robot_arb INFO Warmup done. OB_A: False OB_B: False
17:32:39 robot_arb INFO MOEX ISS poller started (fallback for stock prices)
17:32:39 robot_arb INFO Main loop started
17:32:39 robot_arb INFO Cleanup: 1 open layers in mode=stopped, attempting close...
17:32:39 robot_arb INFO EXIT ALL 1 layers — reason=cleanup
17:32:39 robot_arb INFO EXIT layer #1 reason=cleanup | MARKET sell 10 + buy 1
17:32:39 robot_arb ERROR Main loop error: 'OrderBookTracker' object has no attribute 'last_price'
17:32:39 robot_arb INFO API listening on :5090
17:32:39 robot_arb INFO Endpoints: GET /status /health /params | POST /start /stop /pause /params
17:32:40 robot_arb INFO Cleanup: 1 open layers in mode=stopped, attempting close...
17:32:40 robot_arb INFO EXIT ALL 1 layers — reason=cleanup
17:32:40 robot_arb INFO EXIT layer #1 reason=cleanup | MARKET sell 10 + buy 1
17:32:40 orders_arb INFO gRPC sending: market sell 10 GAZP@MISX acc=1225950 @ MKT
17:32:40 orders_arb INFO gRPC market placed: sell 10 GAZP@MISX acc=1225950 @ MKT id=81330270076
17:32:40 orders_arb INFO gRPC sending: market buy 1 GZU6@RTSX acc=1225953 @ MKT
17:32:41 orders_arb INFO gRPC market placed: buy 1 GZU6@RTSX acc=1225953 @ MKT id=1896048080581996749
17:32:41 strategy_arb INFO LAYER #1 CLOSE SHORT | PnL=-5.46₽ (gross=+2.10₽ comm=7.56₽) | reason=cleanup | hold=39min | layers=0
17:32:41 robot_arb INFO Market exit OK layer #1
17:32:43 robot_arb INFO Mode → RUNNING
17:32:47 robot_arb INFO Z=2.45 (threshold=2.5) — no signal (dup_check=False)
17:32:47 robot_arb INFO Z=2.45 (threshold=2.5) — no signal (dup_check=False)
17:33:33 robot_arb INFO Z=4.11 (threshold=2.5) — no signal (dup_check=False)
17:33:33 robot_arb INFO Z=4.11 (threshold=2.5) — no signal (dup_check=False)
17:33:34 robot_arb INFO Z=3.55 (threshold=2.5) — no signal (dup_check=False)
17:33:34 robot_arb INFO Z=3.55 (threshold=2.5) — no signal (dup_check=False)
17:33:35 robot_arb INFO Z=3.17 (threshold=2.5) — no signal (dup_check=False)
17:33:35 robot_arb INFO Z=3.17 (threshold=2.5) — no signal (dup_check=False)
17:33:36 robot_arb INFO Z=2.90 (threshold=2.5) — no signal (dup_check=False)
17:33:36 robot_arb INFO Z=2.90 (threshold=2.5) — no signal (dup_check=False)
17:33:37 robot_arb INFO Z=2.68 (threshold=2.5) — no signal (dup_check=False)
17:33:37 robot_arb INFO Z=2.68 (threshold=2.5) — no signal (dup_check=False)
17:33:38 robot_arb INFO Z=3.40 (threshold=2.5) — no signal (dup_check=False)
17:33:38 robot_arb INFO Z=3.40 (threshold=2.5) — no signal (dup_check=False)
17:33:39 robot_arb INFO Z=3.08 (threshold=2.5) — no signal (dup_check=False)
17:33:39 robot_arb INFO Z=3.08 (threshold=2.5) — no signal (dup_check=False)
17:33:40 robot_arb INFO Z=2.84 (threshold=2.5) — no signal (dup_check=False)
17:33:40 robot_arb INFO Z=2.84 (threshold=2.5) — no signal (dup_check=False)
17:33:41 robot_arb INFO Z=2.65 (threshold=2.5) — no signal (dup_check=False)
17:33:41 robot_arb INFO Z=2.65 (threshold=2.5) — no signal (dup_check=False)
17:33:42 robot_arb INFO Z=2.49 (threshold=2.5) — no signal (dup_check=False)
17:33:42 robot_arb INFO Z=2.49 (threshold=2.5) — no signal (dup_check=False)
17:33:53 robot_arb INFO Z=3.27 (threshold=2.5) — no signal (dup_check=False)
17:33:53 robot_arb INFO Z=3.27 (threshold=2.5) — no signal (dup_check=False)
17:33:54 robot_arb INFO Z=3.04 (threshold=2.5) — no signal (dup_check=False)
17:33:54 robot_arb INFO Z=3.04 (threshold=2.5) — no signal (dup_check=False)
17:33:55 robot_arb INFO Z=2.85 (threshold=2.5) — no signal (dup_check=False)
17:33:55 robot_arb INFO Z=2.85 (threshold=2.5) — no signal (dup_check=False)
17:33:56 robot_arb INFO Z=2.69 (threshold=2.5) — no signal (dup_check=False)
17:33:56 robot_arb INFO Z=2.69 (threshold=2.5) — no signal (dup_check=False)
17:33:57 robot_arb INFO Z=2.55 (threshold=2.5) — no signal (dup_check=False)
17:33:57 robot_arb INFO Z=2.55 (threshold=2.5) — no signal (dup_check=False)
17:33:58 robot_arb INFO Z=2.44 (threshold=2.5) — no signal (dup_check=False)
17:33:58 robot_arb INFO Z=2.44 (threshold=2.5) — no signal (dup_check=False)
17:33:59 robot_arb INFO Z=2.34 (threshold=2.5) — no signal (dup_check=False)
17:33:59 robot_arb INFO Z=2.34 (threshold=2.5) — no signal (dup_check=False)
17:42:53 robot_arb INFO ⚠️ CHECK_ENTRY returned signal: {'action': 'entry', 'side': 'short_basis', 'z': 2.6758258394111825, 'basis': 8841.4, 'price_a': 95.16, 'price_b': 9793.0}
17:42:53 robot_arb INFO ENTRY SIGNAL short_basis | Z=2.68 basis=8841.40 | A=95.16 B=9793.00 | limit buy 10 @ 95.18 | market sell 1 @ 9788.10
17:42:53 orders_arb INFO gRPC sending: limit buy 10 GAZP@MISX acc=1225950 @ 95.18
17:42:53 orders_arb INFO gRPC limit placed: buy 10 GAZP@MISX acc=1225950 @ 95.18 id=81330660699
17:42:58 robot_arb WARNING Entry failed: leg_a_timeout
17:43:57 robot_arb INFO ⚠️ CHECK_ENTRY returned signal: {'action': 'entry', 'side': 'short_basis', 'z': 3.423972884865122, 'basis': 8845.1, 'price_a': 95.19, 'price_b': 9797.0}
17:43:57 robot_arb INFO ENTRY SIGNAL short_basis | Z=3.42 basis=8845.10 | A=95.19 B=9797.00 | limit buy 10 @ 95.19 | market sell 1 @ 9792.10
17:43:57 orders_arb INFO gRPC sending: limit buy 10 GAZP@MISX acc=1225950 @ 95.19
17:43:57 orders_arb INFO gRPC limit placed: buy 10 GAZP@MISX acc=1225950 @ 95.19 id=81330688655
17:44:03 robot_arb WARNING Entry failed: leg_a_timeout
17:44:03 robot_arb INFO Z=4.09 (threshold=2.5) — no signal (dup_check=LOCKED)
17:44:04 robot_arb INFO Z=4.09 (threshold=2.5) — no signal (dup_check=LOCKED)
17:44:04 robot_arb INFO Z=3.91 (threshold=2.5) — no signal (dup_check=LOCKED)
17:44:05 robot_arb INFO ⚠️ CHECK_ENTRY returned signal: {'action': 'entry', 'side': 'short_basis', 'z': 3.90890697163833, 'basis': 8845.2, 'price_a': 95.18, 'price_b': 9797.0}
17:44:05 robot_arb INFO ENTRY SIGNAL short_basis | Z=3.91 basis=8845.20 | A=95.18 B=9797.00 | limit buy 10 @ 95.19 | market sell 1 @ 9792.10
17:44:05 orders_arb INFO gRPC sending: limit buy 10 GAZP@MISX acc=1225950 @ 95.19
17:44:05 orders_arb INFO gRPC limit placed: buy 10 GAZP@MISX acc=1225950 @ 95.19 id=81330691589
17:44:10 robot_arb WARNING Entry failed: leg_a_timeout
17:44:11 robot_arb INFO Z=3.75 (threshold=2.5) — no signal (dup_check=LOCKED)
17:44:11 robot_arb INFO Z=3.75 (threshold=2.5) — no signal (dup_check=LOCKED)
17:44:12 robot_arb INFO Z=3.61 (threshold=2.5) — no signal (dup_check=LOCKED)
17:44:12 robot_arb INFO ⚠️ CHECK_ENTRY returned signal: {'action': 'entry', 'side': 'short_basis', 'z': 3.6060256370793056, 'basis': 8845.2, 'price_a': 95.18, 'price_b': 9797.0}
17:44:12 robot_arb INFO ENTRY SIGNAL short_basis | Z=3.61 basis=8845.20 | A=95.18 B=9797.00 | limit buy 10 @ 95.19 | market sell 1 @ 9792.10
17:44:12 orders_arb INFO gRPC sending: limit buy 10 GAZP@MISX acc=1225950 @ 95.19
17:44:13 orders_arb INFO gRPC limit placed: buy 10 GAZP@MISX acc=1225950 @ 95.19 id=81330695095
17:44:18 robot_arb WARNING Entry failed: leg_a_timeout
17:44:19 robot_arb INFO Z=3.48 (threshold=2.5) — no signal (dup_check=LOCKED)
17:44:19 robot_arb INFO Z=4.20 (threshold=2.5) — no signal (dup_check=LOCKED)
17:44:20 robot_arb INFO Z=4.01 (threshold=2.5) — no signal (dup_check=LOCKED)
17:44:20 robot_arb INFO ⚠️ CHECK_ENTRY returned signal: {'action': 'entry', 'side': 'short_basis', 'z': 4.006168379935295, 'basis': 8845.3, 'price_a': 95.17, 'price_b': 9797.0}
17:44:20 robot_arb INFO ENTRY SIGNAL short_basis | Z=4.01 basis=8845.30 | A=95.17 B=9797.00 | limit buy 10 @ 95.18 | market sell 1 @ 9792.10
17:44:20 orders_arb INFO gRPC sending: limit buy 10 GAZP@MISX acc=1225950 @ 95.18
17:44:20 orders_arb INFO gRPC limit placed: buy 10 GAZP@MISX acc=1225950 @ 95.18 id=81330699834
17:44:26 robot_arb WARNING Entry failed: leg_a_timeout
17:44:26 robot_arb INFO Z=3.84 (threshold=2.5) — no signal (dup_check=LOCKED)
17:44:27 robot_arb INFO Z=3.84 (threshold=2.5) — no signal (dup_check=LOCKED)
17:44:27 robot_arb INFO Z=3.68 (threshold=2.5) — no signal (dup_check=LOCKED)
17:44:28 robot_arb INFO ⚠️ CHECK_ENTRY returned signal: {'action': 'entry', 'side': 'short_basis', 'z': 3.683353415950916, 'basis': 8846.2, 'price_a': 95.18, 'price_b': 9798.0}
17:44:28 robot_arb INFO ENTRY SIGNAL short_basis | Z=3.68 basis=8846.20 | A=95.18 B=9798.00 | limit buy 10 @ 95.18 | market sell 1 @ 9793.10
17:44:28 orders_arb INFO gRPC sending: limit buy 10 GAZP@MISX acc=1225950 @ 95.18
17:44:28 orders_arb INFO gRPC limit placed: buy 10 GAZP@MISX acc=1225950 @ 95.18 id=81330703837
17:44:33 robot_arb WARNING Entry failed: leg_a_timeout
17:44:34 robot_arb INFO Z=2.96 (threshold=2.5) — no signal (dup_check=LOCKED)
17:44:34 robot_arb INFO Z=2.96 (threshold=2.5) — no signal (dup_check=LOCKED)
17:44:35 robot_arb INFO Z=2.88 (threshold=2.5) — no signal (dup_check=LOCKED)
17:44:35 robot_arb INFO ⚠️ CHECK_ENTRY returned signal: {'action': 'entry', 'side': 'short_basis', 'z': 2.879043344252613, 'basis': 8846.1, 'price_a': 95.19, 'price_b': 9798.0}
17:44:35 robot_arb INFO ENTRY SIGNAL short_basis | Z=2.88 basis=8846.10 | A=95.19 B=9798.00 | limit buy 10 @ 95.19 | market sell 1 @ 9793.10
17:44:35 orders_arb INFO gRPC sending: limit buy 10 GAZP@MISX acc=1225950 @ 95.19
17:44:36 orders_arb INFO gRPC limit placed: buy 10 GAZP@MISX acc=1225950 @ 95.19 id=81330707644
17:44:41 robot_arb WARNING Entry failed: leg_a_timeout
17:44:42 robot_arb INFO Z=3.38 (threshold=2.5) — no signal (dup_check=LOCKED)
17:44:42 robot_arb INFO Z=3.38 (threshold=2.5) — no signal (dup_check=LOCKED)
17:44:43 robot_arb INFO Z=3.27 (threshold=2.5) — no signal (dup_check=LOCKED)
17:44:43 robot_arb INFO ⚠️ CHECK_ENTRY returned signal: {'action': 'entry', 'side': 'short_basis', 'z': 3.267431470767322, 'basis': 8846.2, 'price_a': 95.18, 'price_b': 9798.0}
17:44:43 robot_arb INFO ENTRY SIGNAL short_basis | Z=3.27 basis=8846.20 | A=95.18 B=9798.00 | limit buy 10 @ 95.20 | market sell 1 @ 9793.10
17:44:43 orders_arb INFO gRPC sending: limit buy 10 GAZP@MISX acc=1225950 @ 95.2
17:44:43 orders_arb INFO gRPC limit placed: buy 10 GAZP@MISX acc=1225950 @ 95.2 id=81330711503
17:44:49 robot_arb WARNING Entry failed: leg_a_timeout
17:44:49 robot_arb INFO Z=3.17 (threshold=2.5) — no signal (dup_check=LOCKED)
17:44:50 robot_arb INFO Z=3.17 (threshold=2.5) — no signal (dup_check=LOCKED)
17:44:50 robot_arb INFO Z=3.08 (threshold=2.5) — no signal (dup_check=LOCKED)
17:44:51 robot_arb INFO ⚠️ CHECK_ENTRY returned signal: {'action': 'entry', 'side': 'short_basis', 'z': 3.0811008837253953, 'basis': 8846.2, 'price_a': 95.18, 'price_b': 9798.0}
17:44:51 robot_arb INFO ENTRY SIGNAL short_basis | Z=3.08 basis=8846.20 | A=95.18 B=9798.00 | limit buy 10 @ 95.20 | market sell 1 @ 9793.10
17:44:51 orders_arb INFO gRPC sending: limit buy 10 GAZP@MISX acc=1225950 @ 95.2
17:44:51 orders_arb INFO gRPC limit placed: buy 10 GAZP@MISX acc=1225950 @ 95.2 id=81330714976
17:44:56 robot_arb WARNING Entry failed: leg_a_timeout
17:44:57 robot_arb INFO Z=2.48 (threshold=2.5) — no signal (dup_check=LOCKED)
17:44:57 robot_arb INFO Z=2.48 (threshold=2.5) — no signal (dup_check=LOCKED)
17:44:58 robot_arb INFO Z=2.43 (threshold=2.5) — no signal (dup_check=LOCKED)
17:44:58 robot_arb INFO Z=2.43 (threshold=2.5) — no signal (dup_check=False)
17:44:59 robot_arb INFO Z=2.38 (threshold=2.5) — no signal (dup_check=False)
17:44:59 robot_arb INFO Z=2.38 (threshold=2.5) — no signal (dup_check=False)
17:45:00 robot_arb INFO Z=2.34 (threshold=2.5) — no signal (dup_check=False)
17:45:00 robot_arb INFO Z=2.34 (threshold=2.5) — no signal (dup_check=False)
17:45:01 robot_arb INFO Z=2.30 (threshold=2.5) — no signal (dup_check=False)
17:45:01 robot_arb INFO Z=2.30 (threshold=2.5) — no signal (dup_check=False)
17:51:19 robot_arb INFO ⚠️ CHECK_ENTRY returned signal: {'action': 'entry', 'side': 'short_basis', 'z': 3.861575417609007, 'basis': 8867.0, 'price_a': 95.4, 'price_b': 9821.0}
17:51:19 robot_arb INFO ENTRY SIGNAL short_basis | Z=3.86 basis=8867.00 | A=95.40 B=9821.00 | limit buy 10 @ 95.40 | market sell 1 @ 9816.09
17:51:19 orders_arb INFO gRPC sending: limit buy 10 GAZP@MISX acc=1225950 @ 95.4
17:51:19 orders_arb ERROR gRPC order error (GAZP@RTSX buy 10@95.4): code=StatusCode.INTERNAL details=Jwt token check failed: UNAUTHENTICATED: Token is expired
17:51:19 orders_arb WARNING gRPC limit failed, falling back to DP server
17:51:19 orders_arb ERROR Limit order error (GAZP@RTSX buy 10@95.4): no response
17:51:19 robot_arb WARNING Entry failed: leg_a_place_failed
17:51:20 robot_arb INFO Z=3.86 (threshold=2.5) — no signal (dup_check=LOCKED)
17:51:20 robot_arb INFO Z=3.72 (threshold=2.5) — no signal (dup_check=LOCKED)
17:51:21 robot_arb INFO Z=3.72 (threshold=2.5) — no signal (dup_check=LOCKED)
17:51:21 robot_arb INFO ⚠️ CHECK_ENTRY returned signal: {'action': 'entry', 'side': 'short_basis', 'z': 3.6042600289096325, 'basis': 8867.0, 'price_a': 95.4, 'price_b': 9821.0}
17:51:21 robot_arb INFO ENTRY SIGNAL short_basis | Z=3.60 basis=8867.00 | A=95.40 B=9821.00 | limit buy 10 @ 95.40 | market sell 1 @ 9816.09
17:51:21 orders_arb INFO gRPC sending: limit buy 10 GAZP@MISX acc=1225950 @ 95.4
17:51:21 orders_arb ERROR gRPC order error (GAZP@RTSX buy 10@95.4): code=StatusCode.INTERNAL details=Jwt token check failed: UNAUTHENTICATED: Token is expired
17:51:21 orders_arb WARNING gRPC limit failed, falling back to DP server
17:51:22 orders_arb ERROR Limit order error (GAZP@RTSX buy 10@95.4): no response
17:51:22 robot_arb WARNING Entry failed: leg_a_place_failed
17:51:22 robot_arb INFO Z=3.60 (threshold=2.5) — no signal (dup_check=LOCKED)
17:51:23 robot_arb INFO Z=3.50 (threshold=2.5) — no signal (dup_check=LOCKED)
17:51:23 robot_arb INFO Z=3.50 (threshold=2.5) — no signal (dup_check=LOCKED)
17:51:24 robot_arb INFO ⚠️ CHECK_ENTRY returned signal: {'action': 'entry', 'side': 'short_basis', 'z': 3.403929709108411, 'basis': 8867.0, 'price_a': 95.4, 'price_b': 9821.0}
17:51:24 robot_arb INFO ENTRY SIGNAL short_basis | Z=3.40 basis=8867.00 | A=95.40 B=9821.00 | limit buy 10 @ 95.40 | market sell 1 @ 9816.09
17:51:24 orders_arb INFO gRPC sending: limit buy 10 GAZP@MISX acc=1225950 @ 95.4
17:51:24 orders_arb ERROR gRPC order error (GAZP@RTSX buy 10@95.4): code=StatusCode.INTERNAL details=Jwt token check failed: UNAUTHENTICATED: Token is expired
17:51:24 orders_arb WARNING gRPC limit failed, falling back to DP server
17:51:24 orders_arb ERROR Limit order error (GAZP@RTSX buy 10@95.4): no response
17:51:24 robot_arb WARNING Entry failed: leg_a_place_failed
17:51:24 robot_arb INFO Z=3.40 (threshold=2.5) — no signal (dup_check=LOCKED)
17:51:30 robot_arb INFO ⚠️ CHECK_ENTRY returned signal: {'action': 'entry', 'side': 'short_basis', 'z': 3.323780355558174, 'basis': 8867.0, 'price_a': 95.4, 'price_b': 9821.0}
17:51:30 robot_arb INFO ENTRY SIGNAL short_basis | Z=3.32 basis=8867.00 | A=95.40 B=9821.00 | limit buy 10 @ 95.40 | market sell 1 @ 9816.09
17:51:30 orders_arb INFO gRPC sending: limit buy 10 GAZP@MISX acc=1225950 @ 95.4
17:51:30 orders_arb ERROR gRPC order error (GAZP@RTSX buy 10@95.4): code=StatusCode.INTERNAL details=Jwt token check failed: UNAUTHENTICATED: Token is expired
17:51:30 orders_arb WARNING gRPC limit failed, falling back to DP server
17:51:30 orders_arb ERROR Limit order error (GAZP@RTSX buy 10@95.4): no response
17:51:30 robot_arb WARNING Entry failed: leg_a_place_failed
17:51:30 robot_arb INFO Z=3.32 (threshold=2.5) — no signal (dup_check=LOCKED)
17:51:31 robot_arb INFO Z=3.22 (threshold=2.5) — no signal (dup_check=LOCKED)
17:51:31 robot_arb INFO Z=3.22 (threshold=2.5) — no signal (dup_check=LOCKED)
17:51:32 robot_arb INFO ⚠️ CHECK_ENTRY returned signal: {'action': 'entry', 'side': 'short_basis', 'z': 3.1333595313188574, 'basis': 8867.0, 'price_a': 95.4, 'price_b': 9821.0}
17:51:32 robot_arb INFO ENTRY SIGNAL short_basis | Z=3.13 basis=8867.00 | A=95.40 B=9821.00 | limit buy 10 @ 95.40 | market sell 1 @ 9816.09
17:51:32 orders_arb INFO gRPC sending: limit buy 10 GAZP@MISX acc=1225950 @ 95.4
17:51:32 orders_arb ERROR gRPC order error (GAZP@RTSX buy 10@95.4): code=StatusCode.INTERNAL details=Jwt token check failed: UNAUTHENTICATED: Token is expired
17:51:32 orders_arb WARNING gRPC limit failed, falling back to DP server
17:51:32 orders_arb ERROR Limit order error (GAZP@RTSX buy 10@95.4): no response
17:51:32 robot_arb WARNING Entry failed: leg_a_place_failed
17:51:33 robot_arb INFO Z=3.13 (threshold=2.5) — no signal (dup_check=LOCKED)
17:51:33 robot_arb INFO Z=3.05 (threshold=2.5) — no signal (dup_check=LOCKED)
17:51:34 robot_arb INFO Z=3.05 (threshold=2.5) — no signal (dup_check=LOCKED)
17:51:34 robot_arb INFO ⚠️ CHECK_ENTRY returned signal: {'action': 'entry', 'side': 'short_basis', 'z': 2.970723127648426, 'basis': 8867.0, 'price_a': 95.4, 'price_b': 9821.0}
17:51:34 robot_arb INFO ENTRY SIGNAL short_basis | Z=2.97 basis=8867.00 | A=95.40 B=9821.00 | limit buy 10 @ 95.40 | market sell 1 @ 9816.09
17:51:34 orders_arb INFO gRPC sending: limit buy 10 GAZP@MISX acc=1225950 @ 95.4
17:51:34 orders_arb ERROR gRPC order error (GAZP@RTSX buy 10@95.4): code=StatusCode.INTERNAL details=Trading is not available at the moment
17:51:34 orders_arb WARNING gRPC limit failed, falling back to DP server
17:51:34 orders_arb ERROR Limit order error (GAZP@RTSX buy 10@95.4): no response
17:51:34 robot_arb WARNING Entry failed: leg_a_place_failed
17:51:48 robot_arb INFO Signal 15 — shutting down...
17:51:49 robot_arb INFO === Arbitrage Robot v1 ===
17:51:49 robot_arb INFO Pair: GAZP / GZU6
17:51:49 robot_arb INFO Account: 1225953 | Port: 5090 | Paper: False
17:51:49 robot_arb INFO Params: entry_z=2.5 lookback=200 lots_a=10 lots_b=1 hedge_ratio=10
17:51:49 robot_arb INFO Min profit: rub=5.5
17:51:49 robot_arb INFO Risk: stop_loss_rub=500000
17:51:49 robot_arb INFO State loaded: pnl=-33 trades=3 mode=stopped
17:54:49 robot_arb INFO Signal 15 — shutting down...
17:54:51 robot_arb INFO === Arbitrage Robot v1 ===
17:54:51 robot_arb INFO Pair: GAZP / GZU6
17:54:51 robot_arb INFO Account: 1225953 | Port: 5090 | Paper: False
17:54:51 robot_arb INFO Params: entry_z=2.5 lookback=200 lots_a=10 lots_b=1 hedge_ratio=10
17:54:51 robot_arb INFO Min profit: rub=5.5
17:54:51 robot_arb INFO Risk: stop_loss_rub=500000
17:54:51 robot_arb INFO State loaded: pnl=-33 trades=3 mode=stopped
17:54:52 robot_arb INFO FinamPy connected. Accounts: ['1225950', '1225951', '1225952', '1225953']
17:54:52 robot_arb INFO Orders manager linked to FinamPy gRPC
17:54:52 robot_arb INFO Subscribed OrderBook: GAZP@RTSX, GZU6@RTSX
17:54:52 robot_arb INFO Subscribed Quotes: GAZP@RTSX, GZU6@RTSX
17:54:52 robot_arb INFO Warmup: waiting 10 sec for data streams...
17:55:02 robot_arb INFO Warmup done. OB_A: False OB_B: False
17:55:02 robot_arb INFO MOEX ISS poller started (fallback for stock prices)
17:55:02 robot_arb INFO Main loop started
17:55:02 robot_arb INFO API listening on :5090
17:55:02 robot_arb INFO Endpoints: GET /status /health /params | POST /start /stop /pause /params
17:55:06 robot_arb INFO Mode → RUNNING
17:55:54 robot_arb INFO Z=3.69 (threshold=2.5) — no signal (dup_check=False)
17:55:54 robot_arb INFO Z=3.69 (threshold=2.5) — no signal (dup_check=False)
17:55:55 robot_arb INFO Z=3.26 (threshold=2.5) — no signal (dup_check=False)
17:55:55 robot_arb INFO Z=3.26 (threshold=2.5) — no signal (dup_check=False)
17:55:56 robot_arb INFO Z=2.95 (threshold=2.5) — no signal (dup_check=False)
17:55:56 robot_arb INFO Z=2.95 (threshold=2.5) — no signal (dup_check=False)
17:55:57 robot_arb INFO Z=2.72 (threshold=2.5) — no signal (dup_check=False)
17:55:57 robot_arb INFO Z=2.72 (threshold=2.5) — no signal (dup_check=False)
17:55:58 robot_arb INFO Z=2.53 (threshold=2.5) — no signal (dup_check=False)
17:55:58 robot_arb INFO Z=2.53 (threshold=2.5) — no signal (dup_check=False)
18:05:33 robot_arb INFO ⚠️ CHECK_ENTRY returned signal: {'action': 'entry', 'side': 'short_basis', 'z': 3.391215938642346, 'basis': 8867.6, 'price_a': 95.44, 'price_b': 9822.0}
18:05:33 robot_arb INFO ENTRY SIGNAL short_basis | Z=3.39 basis=8867.60 | A=95.44 B=9822.00 | limit buy 10 @ 95.45 | market sell 1 @ 9817.09
18:05:33 orders_arb INFO gRPC sending: limit buy 10 GAZP@MISX acc=1225950 @ 95.45
18:05:33 orders_arb INFO gRPC limit placed: buy 10 GAZP@MISX acc=1225950 @ 95.45 id=81331433261
18:05:33 orders_arb INFO Leg A filled 10@95.45 → executing leg B market 1
18:05:33 orders_arb INFO gRPC sending: market sell 1 GZU6@RTSX acc=1225953 @ MKT
18:05:33 orders_arb INFO gRPC market placed: sell 1 GZU6@RTSX acc=1225953 @ MKT id=1896048080582012150
18:05:33 orders_arb INFO Leg B fill price: 9817.09
18:05:33 strategy_arb INFO LAYER #1 OPEN SHORT | A=95.45 ×10 | B=9817.09 ×1 | basis=8862.59 Z=3.39 | layers=1
18:05:33 robot_arb INFO LAYER OPEN SHORT_BASIS #1 | A=95.45 ×10 | B=9817.09 ×1 | basis=8867.60 Z=3.39 | layers=1 used_capital=11,476
18:05:34 robot_arb INFO Z=3.28 (threshold=2.5) — no signal (dup_check=LOCKED)
18:05:34 robot_arb INFO Z=3.28 (threshold=2.5) — no signal (dup_check=LOCKED)
18:05:35 robot_arb INFO Z=3.18 (threshold=2.5) — no signal (dup_check=LOCKED)
18:05:35 robot_arb INFO Z=3.18 (threshold=2.5) — no signal (dup_check=False)
18:05:36 robot_arb INFO Z=3.09 (threshold=2.5) — no signal (dup_check=False)
18:05:36 robot_arb INFO Z=3.09 (threshold=2.5) — no signal (dup_check=False)
18:05:37 robot_arb INFO Z=3.01 (threshold=2.5) — no signal (dup_check=False)
18:05:37 robot_arb INFO Z=6.83 (threshold=2.5) — no signal (dup_check=False)
18:05:38 robot_arb INFO Z=6.12 (threshold=2.5) — no signal (dup_check=False)
18:05:38 robot_arb INFO Z=6.12 (threshold=2.5) — no signal (dup_check=False)
18:05:39 robot_arb INFO Z=5.59 (threshold=2.5) — no signal (dup_check=False)
18:05:39 robot_arb INFO Z=5.59 (threshold=2.5) — no signal (dup_check=False)
18:05:40 robot_arb INFO Z=5.18 (threshold=2.5) — no signal (dup_check=False)
18:05:40 robot_arb INFO Z=5.18 (threshold=2.5) — no signal (dup_check=False)
18:05:41 robot_arb INFO Z=4.84 (threshold=2.5) — no signal (dup_check=False)
18:05:41 robot_arb INFO Z=4.84 (threshold=2.5) — no signal (dup_check=False)
18:05:42 robot_arb INFO Z=4.56 (threshold=2.5) — no signal (dup_check=False)
18:05:42 robot_arb INFO Z=4.56 (threshold=2.5) — no signal (dup_check=False)
18:05:43 robot_arb INFO Z=4.32 (threshold=2.5) — no signal (dup_check=False)
18:05:43 robot_arb INFO Z=4.32 (threshold=2.5) — no signal (dup_check=False)
18:05:44 robot_arb INFO Z=4.11 (threshold=2.5) — no signal (dup_check=False)
18:05:44 robot_arb INFO Z=4.11 (threshold=2.5) — no signal (dup_check=False)
18:05:45 robot_arb INFO Z=3.93 (threshold=2.5) — no signal (dup_check=False)
18:05:45 robot_arb INFO Z=3.93 (threshold=2.5) — no signal (dup_check=False)
18:05:46 robot_arb INFO Z=3.76 (threshold=2.5) — no signal (dup_check=False)
18:05:46 robot_arb INFO Z=3.76 (threshold=2.5) — no signal (dup_check=False)
18:05:47 robot_arb INFO Z=3.62 (threshold=2.5) — no signal (dup_check=False)
18:05:47 robot_arb INFO Z=3.62 (threshold=2.5) — no signal (dup_check=False)
18:05:48 robot_arb INFO Z=3.49 (threshold=2.5) — no signal (dup_check=False)
18:05:48 robot_arb INFO Z=3.49 (threshold=2.5) — no signal (dup_check=False)
18:05:49 robot_arb INFO Z=3.37 (threshold=2.5) — no signal (dup_check=False)
18:05:49 robot_arb INFO Z=3.37 (threshold=2.5) — no signal (dup_check=False)
18:05:50 robot_arb INFO Z=3.26 (threshold=2.5) — no signal (dup_check=False)
18:05:50 robot_arb INFO Z=3.26 (threshold=2.5) — no signal (dup_check=False)
18:05:51 robot_arb INFO Z=3.16 (threshold=2.5) — no signal (dup_check=False)
18:05:51 robot_arb INFO Z=3.16 (threshold=2.5) — no signal (dup_check=False)
18:05:52 robot_arb INFO Z=3.07 (threshold=2.5) — no signal (dup_check=False)
18:05:52 robot_arb INFO Z=2.61 (threshold=2.5) — no signal (dup_check=False)
18:05:53 robot_arb INFO Z=2.55 (threshold=2.5) — no signal (dup_check=False)
18:05:53 robot_arb INFO Z=2.55 (threshold=2.5) — no signal (dup_check=False)
18:05:54 robot_arb INFO Z=2.50 (threshold=2.5) — no signal (dup_check=False)
18:05:54 robot_arb INFO Z=2.50 (threshold=2.5) — no signal (dup_check=False)
18:05:55 robot_arb INFO Z=2.45 (threshold=2.5) — no signal (dup_check=False)
18:05:55 robot_arb INFO Z=2.45 (threshold=2.5) — no signal (dup_check=False)
18:05:56 robot_arb INFO Z=2.40 (threshold=2.5) — no signal (dup_check=False)
18:05:56 robot_arb INFO Z=2.40 (threshold=2.5) — no signal (dup_check=False)
18:05:57 robot_arb INFO Z=2.35 (threshold=2.5) — no signal (dup_check=False)
18:05:57 robot_arb INFO Z=2.35 (threshold=2.5) — no signal (dup_check=False)
18:09:37 robot_arb INFO Z=2.44 (threshold=2.5) — no signal (dup_check=False)
18:09:38 robot_arb INFO Z=2.41 (threshold=2.5) — no signal (dup_check=False)
18:09:38 robot_arb INFO Z=2.41 (threshold=2.5) — no signal (dup_check=False)
18:09:39 robot_arb INFO Z=2.39 (threshold=2.5) — no signal (dup_check=False)
18:09:39 robot_arb INFO Z=2.39 (threshold=2.5) — no signal (dup_check=False)
18:09:40 robot_arb INFO Z=2.36 (threshold=2.5) — no signal (dup_check=False)
18:09:40 robot_arb INFO Z=2.36 (threshold=2.5) — no signal (dup_check=False)
18:09:41 robot_arb INFO Z=2.34 (threshold=2.5) — no signal (dup_check=False)
18:09:41 robot_arb INFO Z=2.34 (threshold=2.5) — no signal (dup_check=False)
18:09:42 robot_arb INFO Z=2.31 (threshold=2.5) — no signal (dup_check=False)
18:09:48 robot_arb INFO Z=2.39 (threshold=2.5) — no signal (dup_check=False)
18:09:48 robot_arb INFO Z=2.39 (threshold=2.5) — no signal (dup_check=False)
18:09:49 robot_arb INFO Z=2.37 (threshold=2.5) — no signal (dup_check=False)
18:09:49 robot_arb INFO Z=2.37 (threshold=2.5) — no signal (dup_check=False)
18:09:50 robot_arb INFO Z=2.34 (threshold=2.5) — no signal (dup_check=False)
18:09:50 robot_arb INFO Z=2.34 (threshold=2.5) — no signal (dup_check=False)
18:09:51 robot_arb INFO Z=2.32 (threshold=2.5) — no signal (dup_check=False)
18:09:51 robot_arb INFO Z=2.32 (threshold=2.5) — no signal (dup_check=False)
18:09:53 robot_arb INFO Z=2.37 (threshold=2.5) — no signal (dup_check=False)
18:09:53 robot_arb INFO Z=2.37 (threshold=2.5) — no signal (dup_check=False)
18:09:54 robot_arb INFO Z=2.33 (threshold=2.5) — no signal (dup_check=False)
18:09:54 robot_arb INFO Z=2.33 (threshold=2.5) — no signal (dup_check=False)
18:10:23 robot_arb INFO Z=2.40 (threshold=2.5) — no signal (dup_check=False)
18:10:29 robot_arb INFO Z=2.40 (threshold=2.5) — no signal (dup_check=False)
18:10:30 robot_arb INFO Z=2.36 (threshold=2.5) — no signal (dup_check=False)
18:10:30 robot_arb INFO Z=2.36 (threshold=2.5) — no signal (dup_check=False)
18:10:31 robot_arb INFO Z=2.31 (threshold=2.5) — no signal (dup_check=False)
18:10:31 robot_arb INFO Z=2.31 (threshold=2.5) — no signal (dup_check=False)
18:10:34 robot_arb INFO Z=2.92 (threshold=2.5) — no signal (dup_check=False)
18:10:34 robot_arb INFO Z=2.92 (threshold=2.5) — no signal (dup_check=False)
18:10:35 robot_arb INFO Z=2.85 (threshold=2.5) — no signal (dup_check=False)
18:10:35 robot_arb INFO Z=2.85 (threshold=2.5) — no signal (dup_check=False)
18:10:36 robot_arb INFO Z=2.79 (threshold=2.5) — no signal (dup_check=False)
18:10:36 robot_arb INFO Z=2.79 (threshold=2.5) — no signal (dup_check=False)
18:10:37 robot_arb INFO Z=2.74 (threshold=2.5) — no signal (dup_check=False)
18:10:37 robot_arb INFO Z=2.74 (threshold=2.5) — no signal (dup_check=False)
18:10:38 robot_arb INFO Z=2.68 (threshold=2.5) — no signal (dup_check=False)
18:10:38 robot_arb INFO Z=2.68 (threshold=2.5) — no signal (dup_check=False)
18:10:39 robot_arb INFO Z=2.63 (threshold=2.5) — no signal (dup_check=False)
18:10:39 robot_arb INFO Z=2.63 (threshold=2.5) — no signal (dup_check=False)
18:10:40 robot_arb INFO Z=2.58 (threshold=2.5) — no signal (dup_check=False)
18:10:40 robot_arb INFO Z=2.58 (threshold=2.5) — no signal (dup_check=False)
18:10:41 robot_arb INFO Z=2.53 (threshold=2.5) — no signal (dup_check=False)
18:10:41 robot_arb INFO Z=2.53 (threshold=2.5) — no signal (dup_check=False)
18:10:42 robot_arb INFO Z=2.49 (threshold=2.5) — no signal (dup_check=False)
18:10:42 robot_arb INFO Z=2.49 (threshold=2.5) — no signal (dup_check=False)
18:10:43 robot_arb INFO Z=2.45 (threshold=2.5) — no signal (dup_check=False)
18:10:43 robot_arb INFO Z=2.45 (threshold=2.5) — no signal (dup_check=False)
18:10:44 robot_arb INFO Z=2.41 (threshold=2.5) — no signal (dup_check=False)
18:10:44 robot_arb INFO Z=2.41 (threshold=2.5) — no signal (dup_check=False)
18:10:45 robot_arb INFO Z=2.37 (threshold=2.5) — no signal (dup_check=False)
18:10:45 robot_arb INFO Z=2.37 (threshold=2.5) — no signal (dup_check=False)
18:10:46 robot_arb INFO Z=2.33 (threshold=2.5) — no signal (dup_check=False)
18:10:46 robot_arb INFO Z=2.33 (threshold=2.5) — no signal (dup_check=False)
18:11:05 robot_arb INFO Z=2.95 (threshold=2.5) — no signal (dup_check=False)
18:11:05 robot_arb INFO EXIT ALL 1 layers — reason=manual_stop
18:11:05 robot_arb INFO EXIT layer #1 reason=manual_stop | MARKET sell 10 + buy 1
18:11:05 orders_arb INFO gRPC sending: market sell 10 GAZP@MISX acc=1225950 @ MKT
18:11:05 orders_arb ERROR gRPC order error (GAZP@RTSX sell 10@None): code=StatusCode.INTERNAL details=Jwt token check failed: UNAUTHENTICATED: Token is expired
18:11:05 orders_arb WARNING gRPC market failed, falling back to DP server
18:11:05 orders_arb ERROR Market order error (GAZP@RTSX sell 10): no response
18:11:05 orders_arb INFO gRPC sending: market buy 1 GZU6@RTSX acc=1225953 @ MKT
18:11:05 robot_arb INFO Cleanup: 1 open layers in mode=stopped, attempting close...
18:11:05 orders_arb ERROR gRPC order error (GZU6@RTSX buy 1@None): code=StatusCode.INTERNAL details=Jwt token check failed: UNAUTHENTICATED: Token is expired
18:11:05 orders_arb WARNING gRPC market failed, falling back to DP server
18:11:05 orders_arb INFO Market placed: arb_exit_1 buy 1 GZU6@RTSX id=1896048080582014269
18:11:05 robot_arb ERROR Market exit failed layer #1: A=FAIL B=OK
18:11:05 robot_arb INFO EXIT ALL 1 layers — reason=cleanup
18:11:05 robot_arb INFO EXIT layer #1 reason=cleanup | MARKET sell 10 + buy 1
18:11:05 orders_arb INFO gRPC sending: market sell 10 GAZP@MISX acc=1225950 @ MKT
18:11:05 robot_arb INFO Mode → STOPPED
18:11:05 orders_arb ERROR gRPC order error (GAZP@RTSX sell 10@None): code=StatusCode.INTERNAL details=Jwt token check failed: UNAUTHENTICATED: Token is expired
18:11:05 orders_arb WARNING gRPC market failed, falling back to DP server
18:11:05 orders_arb ERROR Market order error (GAZP@RTSX sell 10): no response
18:11:05 orders_arb INFO gRPC sending: market buy 1 GZU6@RTSX acc=1225953 @ MKT
18:11:05 orders_arb ERROR gRPC order error (GZU6@RTSX buy 1@None): code=StatusCode.INTERNAL details=Jwt token check failed: UNAUTHENTICATED: Token is expired
18:11:05 orders_arb WARNING gRPC market failed, falling back to DP server
18:11:05 orders_arb INFO Market placed: arb_exit_1 buy 1 GZU6@RTSX id=1896048080582014292
18:11:05 robot_arb ERROR Market exit failed layer #1: A=FAIL B=OK
18:11:06 robot_arb INFO Cleanup: 1 open layers in mode=stopped, attempting close...
18:11:06 robot_arb INFO EXIT ALL 1 layers — reason=cleanup
18:11:06 robot_arb INFO EXIT layer #1 reason=cleanup | MARKET sell 10 + buy 1
18:11:06 orders_arb INFO gRPC sending: market sell 10 GAZP@MISX acc=1225950 @ MKT
18:11:07 orders_arb ERROR gRPC order error (GAZP@RTSX sell 10@None): code=StatusCode.INTERNAL details=Jwt token check failed: UNAUTHENTICATED: Token is expired
18:11:07 orders_arb WARNING gRPC market failed, falling back to DP server
18:11:07 orders_arb ERROR Market order error (GAZP@RTSX sell 10): no response
18:11:07 orders_arb INFO gRPC sending: market buy 1 GZU6@RTSX acc=1225953 @ MKT
18:11:07 orders_arb ERROR gRPC order error (GZU6@RTSX buy 1@None): code=StatusCode.INTERNAL details=Jwt token check failed: UNAUTHENTICATED: Token is expired
18:11:07 orders_arb WARNING gRPC market failed, falling back to DP server
18:11:07 orders_arb INFO Market placed: arb_exit_1 buy 1 GZU6@RTSX id=1896048080582014300
18:11:07 robot_arb ERROR Market exit failed layer #1: A=FAIL B=OK
18:11:08 robot_arb INFO Cleanup: 1 open layers in mode=stopped, attempting close...
18:11:08 robot_arb INFO EXIT ALL 1 layers — reason=cleanup
18:11:08 robot_arb INFO EXIT layer #1 reason=cleanup | MARKET sell 10 + buy 1
18:11:08 orders_arb INFO gRPC sending: market sell 10 GAZP@MISX acc=1225950 @ MKT
18:11:08 orders_arb ERROR gRPC order error (GAZP@RTSX sell 10@None): code=StatusCode.INTERNAL details=Jwt token check failed: UNAUTHENTICATED: Token is expired
18:11:08 orders_arb WARNING gRPC market failed, falling back to DP server
18:11:08 orders_arb ERROR Market order error (GAZP@RTSX sell 10): no response
18:11:08 orders_arb INFO gRPC sending: market buy 1 GZU6@RTSX acc=1225953 @ MKT
18:11:08 orders_arb ERROR gRPC order error (GZU6@RTSX buy 1@None): code=StatusCode.INTERNAL details=Trading is not available at the moment
18:11:08 orders_arb WARNING gRPC market failed, falling back to DP server
18:11:08 orders_arb INFO Market placed: arb_exit_1 buy 1 GZU6@RTSX id=1896048080582014301
18:11:08 robot_arb ERROR Market exit failed layer #1: A=FAIL B=OK
18:11:09 robot_arb INFO Cleanup: 1 open layers in mode=stopped, attempting close...
18:11:09 robot_arb INFO EXIT ALL 1 layers — reason=cleanup
18:11:09 robot_arb INFO EXIT layer #1 reason=cleanup | MARKET sell 10 + buy 1
18:11:09 orders_arb INFO gRPC sending: market sell 10 GAZP@MISX acc=1225950 @ MKT
18:11:09 orders_arb ERROR gRPC order error (GAZP@RTSX sell 10@None): code=StatusCode.INTERNAL details=Jwt token check failed: UNAUTHENTICATED: Token is expired
18:11:09 orders_arb WARNING gRPC market failed, falling back to DP server
18:11:09 orders_arb ERROR Market order error (GAZP@RTSX sell 10): no response
18:11:09 orders_arb INFO gRPC sending: market buy 1 GZU6@RTSX acc=1225953 @ MKT
18:11:09 orders_arb ERROR gRPC order error (GZU6@RTSX buy 1@None): code=StatusCode.INTERNAL details=Jwt token check failed: UNAUTHENTICATED: Token is expired
18:11:09 orders_arb WARNING gRPC market failed, falling back to DP server
18:11:10 orders_arb INFO Market placed: arb_exit_1 buy 1 GZU6@RTSX id=1896048080582014304
18:11:10 robot_arb ERROR Market exit failed layer #1: A=FAIL B=OK
18:11:11 robot_arb INFO Cleanup: 1 open layers in mode=stopped, attempting close...
18:11:11 robot_arb INFO EXIT ALL 1 layers — reason=cleanup
18:11:11 robot_arb INFO EXIT layer #1 reason=cleanup | MARKET sell 10 + buy 1
18:11:11 orders_arb INFO gRPC sending: market sell 10 GAZP@MISX acc=1225950 @ MKT
18:11:11 orders_arb ERROR gRPC order error (GAZP@RTSX sell 10@None): code=StatusCode.INTERNAL details=Jwt token check failed: UNAUTHENTICATED: Token is expired
18:11:11 orders_arb WARNING gRPC market failed, falling back to DP server
18:11:11 orders_arb ERROR Market order error (GAZP@RTSX sell 10): no response
18:11:11 orders_arb INFO gRPC sending: market buy 1 GZU6@RTSX acc=1225953 @ MKT
18:11:11 orders_arb ERROR gRPC order error (GZU6@RTSX buy 1@None): code=StatusCode.INTERNAL details=Trading is not available at the moment
18:11:11 orders_arb WARNING gRPC market failed, falling back to DP server
18:11:11 orders_arb INFO Market placed: arb_exit_1 buy 1 GZU6@RTSX id=1896048080582014317
18:11:11 robot_arb ERROR Market exit failed layer #1: A=FAIL B=OK
18:11:12 robot_arb INFO Cleanup: 1 open layers in mode=stopped, attempting close...
18:11:12 robot_arb INFO EXIT ALL 1 layers — reason=cleanup
18:11:12 robot_arb INFO EXIT layer #1 reason=cleanup | MARKET sell 10 + buy 1
18:11:12 orders_arb INFO gRPC sending: market sell 10 GAZP@MISX acc=1225950 @ MKT
18:11:12 orders_arb ERROR gRPC order error (GAZP@RTSX sell 10@None): code=StatusCode.INTERNAL details=Jwt token check failed: UNAUTHENTICATED: Token is expired
18:11:12 orders_arb WARNING gRPC market failed, falling back to DP server
18:11:12 orders_arb ERROR Market order error (GAZP@RTSX sell 10): no response
18:11:12 orders_arb INFO gRPC sending: market buy 1 GZU6@RTSX acc=1225953 @ MKT
18:11:12 orders_arb ERROR gRPC order error (GZU6@RTSX buy 1@None): code=StatusCode.INTERNAL details=Jwt token check failed: UNAUTHENTICATED: Token is expired
18:11:12 orders_arb WARNING gRPC market failed, falling back to DP server
18:11:12 orders_arb INFO Market placed: arb_exit_1 buy 1 GZU6@RTSX id=1896048080582014319
18:11:12 robot_arb ERROR Market exit failed layer #1: A=FAIL B=OK
18:11:13 robot_arb INFO Cleanup: 1 open layers in mode=stopped, attempting close...
18:11:13 robot_arb INFO EXIT ALL 1 layers — reason=cleanup
18:11:13 robot_arb INFO EXIT layer #1 reason=cleanup | MARKET sell 10 + buy 1
18:11:13 orders_arb INFO gRPC sending: market sell 10 GAZP@MISX acc=1225950 @ MKT
18:11:13 orders_arb ERROR gRPC order error (GAZP@RTSX sell 10@None): code=StatusCode.INTERNAL details=Jwt token check failed: UNAUTHENTICATED: Token is expired
18:11:13 orders_arb WARNING gRPC market failed, falling back to DP server
18:11:13 orders_arb ERROR Market order error (GAZP@RTSX sell 10): no response
18:11:13 orders_arb INFO gRPC sending: market buy 1 GZU6@RTSX acc=1225953 @ MKT
18:11:13 orders_arb ERROR gRPC order error (GZU6@RTSX buy 1@None): code=StatusCode.INTERNAL details=Jwt token check failed: UNAUTHENTICATED: Token is expired
18:11:13 orders_arb WARNING gRPC market failed, falling back to DP server
18:11:14 orders_arb INFO Market placed: arb_exit_1 buy 1 GZU6@RTSX id=1896048080582014323
18:11:14 robot_arb ERROR Market exit failed layer #1: A=FAIL B=OK
18:11:15 robot_arb INFO Cleanup: 1 open layers in mode=stopped, attempting close...
18:11:15 robot_arb INFO EXIT ALL 1 layers — reason=cleanup
18:11:15 robot_arb INFO EXIT layer #1 reason=cleanup | MARKET sell 10 + buy 1
18:11:15 orders_arb INFO gRPC sending: market sell 10 GAZP@MISX acc=1225950 @ MKT
18:11:15 orders_arb ERROR gRPC order error (GAZP@RTSX sell 10@None): code=StatusCode.INTERNAL details=Jwt token check failed: UNAUTHENTICATED: Token is expired
18:11:15 orders_arb WARNING gRPC market failed, falling back to DP server
18:11:15 orders_arb ERROR Market order error (GAZP@RTSX sell 10): no response
18:11:15 orders_arb INFO gRPC sending: market buy 1 GZU6@RTSX acc=1225953 @ MKT
18:11:15 orders_arb ERROR gRPC order error (GZU6@RTSX buy 1@None): code=StatusCode.INTERNAL details=Jwt token check failed: UNAUTHENTICATED: Token is expired
18:11:15 orders_arb WARNING gRPC market failed, falling back to DP server
18:11:15 orders_arb INFO Market placed: arb_exit_1 buy 1 GZU6@RTSX id=1896048080582014328
18:11:15 robot_arb ERROR Market exit failed layer #1: A=FAIL B=OK
18:11:16 robot_arb INFO Cleanup: 1 open layers in mode=stopped, attempting close...
18:11:16 robot_arb INFO EXIT ALL 1 layers — reason=cleanup
18:11:16 robot_arb INFO EXIT layer #1 reason=cleanup | MARKET sell 10 + buy 1
18:11:16 orders_arb INFO gRPC sending: market sell 10 GAZP@MISX acc=1225950 @ MKT
18:11:16 orders_arb ERROR gRPC order error (GAZP@RTSX sell 10@None): code=StatusCode.INTERNAL details=Trading is not available at the moment
18:11:16 orders_arb WARNING gRPC market failed, falling back to DP server
18:11:16 orders_arb ERROR Market order error (GAZP@RTSX sell 10): no response
18:11:16 orders_arb INFO gRPC sending: market buy 1 GZU6@RTSX acc=1225953 @ MKT
18:11:16 orders_arb ERROR gRPC order error (GZU6@RTSX buy 1@None): code=StatusCode.INTERNAL details=Jwt token check failed: UNAUTHENTICATED: Token is expired
18:11:16 orders_arb WARNING gRPC market failed, falling back to DP server
18:11:16 orders_arb INFO Market placed: arb_exit_1 buy 1 GZU6@RTSX id=1896048080582014331
18:11:16 robot_arb ERROR Market exit failed layer #1: A=FAIL B=OK
18:11:17 robot_arb INFO Cleanup: 1 open layers in mode=stopped, attempting close...
18:11:17 robot_arb INFO EXIT ALL 1 layers — reason=cleanup
18:11:17 robot_arb INFO EXIT layer #1 reason=cleanup | MARKET sell 10 + buy 1
18:11:17 orders_arb INFO gRPC sending: market sell 10 GAZP@MISX acc=1225950 @ MKT
18:11:17 orders_arb ERROR gRPC order error (GAZP@RTSX sell 10@None): code=StatusCode.INTERNAL details=Jwt token check failed: UNAUTHENTICATED: Token is expired
18:11:17 orders_arb WARNING gRPC market failed, falling back to DP server
18:11:17 orders_arb ERROR Market order error (GAZP@RTSX sell 10): no response
18:11:17 orders_arb INFO gRPC sending: market buy 1 GZU6@RTSX acc=1225953 @ MKT
18:11:17 orders_arb ERROR gRPC order error (GZU6@RTSX buy 1@None): code=StatusCode.INTERNAL details=Jwt token check failed: UNAUTHENTICATED: Token is expired
18:11:17 orders_arb WARNING gRPC market failed, falling back to DP server
18:11:17 orders_arb INFO Market placed: arb_exit_1 buy 1 GZU6@RTSX id=1896048080582014336
18:11:17 robot_arb ERROR Market exit failed layer #1: A=FAIL B=OK
18:11:18 robot_arb INFO Cleanup: 1 open layers in mode=stopped, attempting close...
18:11:18 robot_arb INFO EXIT ALL 1 layers — reason=cleanup
18:11:18 robot_arb INFO EXIT layer #1 reason=cleanup | MARKET sell 10 + buy 1
18:11:18 orders_arb INFO gRPC sending: market sell 10 GAZP@MISX acc=1225950 @ MKT
18:11:18 orders_arb ERROR gRPC order error (GAZP@RTSX sell 10@None): code=StatusCode.INTERNAL details=Trading is not available at the moment
18:11:18 orders_arb WARNING gRPC market failed, falling back to DP server
18:11:19 orders_arb ERROR Market order error (GAZP@RTSX sell 10): no response
18:11:19 orders_arb INFO gRPC sending: market buy 1 GZU6@RTSX acc=1225953 @ MKT
18:11:19 orders_arb ERROR gRPC order error (GZU6@RTSX buy 1@None): code=StatusCode.INTERNAL details=Jwt token check failed: UNAUTHENTICATED: Token is expired
18:11:19 orders_arb WARNING gRPC market failed, falling back to DP server
18:11:19 orders_arb INFO Market placed: arb_exit_1 buy 1 GZU6@RTSX id=1896048080582014339
18:11:19 robot_arb ERROR Market exit failed layer #1: A=FAIL B=OK
18:11:20 robot_arb INFO Cleanup: 1 open layers in mode=stopped, attempting close...
18:11:20 robot_arb INFO EXIT ALL 1 layers — reason=cleanup
18:11:20 robot_arb INFO EXIT layer #1 reason=cleanup | MARKET sell 10 + buy 1
18:11:20 orders_arb INFO gRPC sending: market sell 10 GAZP@MISX acc=1225950 @ MKT
18:11:20 orders_arb ERROR gRPC order error (GAZP@RTSX sell 10@None): code=StatusCode.INTERNAL details=Jwt token check failed: UNAUTHENTICATED: Token is expired
18:11:20 orders_arb WARNING gRPC market failed, falling back to DP server
18:11:20 orders_arb ERROR Market order error (GAZP@RTSX sell 10): no response
18:11:20 orders_arb INFO gRPC sending: market buy 1 GZU6@RTSX acc=1225953 @ MKT
18:11:20 orders_arb ERROR gRPC order error (GZU6@RTSX buy 1@None): code=StatusCode.INTERNAL details=Jwt token check failed: UNAUTHENTICATED: Token is expired
18:11:20 orders_arb WARNING gRPC market failed, falling back to DP server
18:11:20 orders_arb INFO Market placed: arb_exit_1 buy 1 GZU6@RTSX id=1896048080582014345
18:11:20 robot_arb ERROR Market exit failed layer #1: A=FAIL B=OK
18:11:21 robot_arb INFO Cleanup: 1 open layers in mode=stopped, attempting close...
18:11:21 robot_arb INFO EXIT ALL 1 layers — reason=cleanup
18:11:21 robot_arb INFO EXIT layer #1 reason=cleanup | MARKET sell 10 + buy 1
18:11:21 orders_arb INFO gRPC sending: market sell 10 GAZP@MISX acc=1225950 @ MKT
18:11:21 orders_arb ERROR gRPC order error (GAZP@RTSX sell 10@None): code=StatusCode.INTERNAL details=Jwt token check failed: UNAUTHENTICATED: Token is expired
18:11:21 orders_arb WARNING gRPC market failed, falling back to DP server
18:11:21 orders_arb ERROR Market order error (GAZP@RTSX sell 10): no response
18:11:21 orders_arb INFO gRPC sending: market buy 1 GZU6@RTSX acc=1225953 @ MKT
18:11:21 orders_arb ERROR gRPC order error (GZU6@RTSX buy 1@None): code=StatusCode.INTERNAL details=Jwt token check failed: UNAUTHENTICATED: Token is expired
18:11:21 orders_arb WARNING gRPC market failed, falling back to DP server
18:11:21 orders_arb INFO Market placed: arb_exit_1 buy 1 GZU6@RTSX id=1896048080582014348
18:11:21 robot_arb ERROR Market exit failed layer #1: A=FAIL B=OK
18:11:22 robot_arb INFO Cleanup: 1 open layers in mode=stopped, attempting close...
18:11:22 robot_arb INFO EXIT ALL 1 layers — reason=cleanup
18:11:22 robot_arb INFO EXIT layer #1 reason=cleanup | MARKET sell 10 + buy 1
18:11:22 orders_arb INFO gRPC sending: market sell 10 GAZP@MISX acc=1225950 @ MKT
18:11:22 orders_arb ERROR gRPC order error (GAZP@RTSX sell 10@None): code=StatusCode.INTERNAL details=Jwt token check failed: UNAUTHENTICATED: Token is expired
18:11:22 orders_arb WARNING gRPC market failed, falling back to DP server
18:11:23 orders_arb ERROR Market order error (GAZP@RTSX sell 10): no response
18:11:23 orders_arb INFO gRPC sending: market buy 1 GZU6@RTSX acc=1225953 @ MKT
18:11:23 orders_arb ERROR gRPC order error (GZU6@RTSX buy 1@None): code=StatusCode.INTERNAL details=Jwt token check failed: UNAUTHENTICATED: Token is expired
18:11:23 orders_arb WARNING gRPC market failed, falling back to DP server
18:11:23 orders_arb INFO Market placed: arb_exit_1 buy 1 GZU6@RTSX id=1896048080582014350
18:11:23 robot_arb ERROR Market exit failed layer #1: A=FAIL B=OK
18:11:24 robot_arb INFO Cleanup: 1 open layers in mode=stopped, attempting close...
18:11:24 robot_arb INFO EXIT ALL 1 layers — reason=cleanup
18:11:24 robot_arb INFO EXIT layer #1 reason=cleanup | MARKET sell 10 + buy 1
18:11:24 orders_arb INFO gRPC sending: market sell 10 GAZP@MISX acc=1225950 @ MKT
18:11:24 orders_arb ERROR gRPC order error (GAZP@RTSX sell 10@None): code=StatusCode.INTERNAL details=Jwt token check failed: UNAUTHENTICATED: Token is expired
18:11:24 orders_arb WARNING gRPC market failed, falling back to DP server
18:11:24 orders_arb ERROR Market order error (GAZP@RTSX sell 10): no response
18:11:24 orders_arb INFO gRPC sending: market buy 1 GZU6@RTSX acc=1225953 @ MKT
18:11:24 orders_arb ERROR gRPC order error (GZU6@RTSX buy 1@None): code=StatusCode.INTERNAL details=Jwt token check failed: UNAUTHENTICATED: Token is expired
18:11:24 orders_arb WARNING gRPC market failed, falling back to DP server
18:11:24 orders_arb INFO Market placed: arb_exit_1 buy 1 GZU6@RTSX id=1896048080582014355
18:11:24 robot_arb ERROR Market exit failed layer #1: A=FAIL B=OK
18:11:25 robot_arb INFO Cleanup: 1 open layers in mode=stopped, attempting close...
18:11:25 robot_arb INFO EXIT ALL 1 layers — reason=cleanup
18:11:25 robot_arb INFO EXIT layer #1 reason=cleanup | MARKET sell 10 + buy 1
18:11:25 orders_arb INFO gRPC sending: market sell 10 GAZP@MISX acc=1225950 @ MKT
18:11:25 orders_arb ERROR gRPC order error (GAZP@RTSX sell 10@None): code=StatusCode.INTERNAL details=Jwt token check failed: UNAUTHENTICATED: Token is expired
18:11:25 orders_arb WARNING gRPC market failed, falling back to DP server
18:11:25 orders_arb ERROR Market order error (GAZP@RTSX sell 10): no response
18:11:25 orders_arb INFO gRPC sending: market buy 1 GZU6@RTSX acc=1225953 @ MKT
18:11:25 orders_arb ERROR gRPC order error (GZU6@RTSX buy 1@None): code=StatusCode.INTERNAL details=Trading is not available at the moment
18:11:25 orders_arb WARNING gRPC market failed, falling back to DP server
18:11:25 orders_arb INFO Market placed: arb_exit_1 buy 1 GZU6@RTSX id=1896048080582014358
18:11:25 robot_arb ERROR Market exit failed layer #1: A=FAIL B=OK
18:11:26 robot_arb INFO Cleanup: 1 open layers in mode=stopped, attempting close...
18:11:26 robot_arb INFO EXIT ALL 1 layers — reason=cleanup
18:11:26 robot_arb INFO EXIT layer #1 reason=cleanup | MARKET sell 10 + buy 1
18:11:26 orders_arb INFO gRPC sending: market sell 10 GAZP@MISX acc=1225950 @ MKT
18:11:26 orders_arb ERROR gRPC order error (GAZP@RTSX sell 10@None): code=StatusCode.INTERNAL details=Jwt token check failed: UNAUTHENTICATED: Token is expired
18:11:26 orders_arb WARNING gRPC market failed, falling back to DP server
18:11:26 orders_arb ERROR Market order error (GAZP@RTSX sell 10): no response
18:11:26 orders_arb INFO gRPC sending: market buy 1 GZU6@RTSX acc=1225953 @ MKT
18:11:26 orders_arb ERROR gRPC order error (GZU6@RTSX buy 1@None): code=StatusCode.INTERNAL details=Jwt token check failed: UNAUTHENTICATED: Token is expired
18:11:26 orders_arb WARNING gRPC market failed, falling back to DP server
18:11:27 orders_arb INFO Market placed: arb_exit_1 buy 1 GZU6@RTSX id=1896048080582014364
18:11:27 robot_arb ERROR Market exit failed layer #1: A=FAIL B=OK
18:11:28 robot_arb INFO Cleanup: 1 open layers in mode=stopped, attempting close...
18:11:28 robot_arb INFO EXIT ALL 1 layers — reason=cleanup
18:11:28 robot_arb INFO EXIT layer #1 reason=cleanup | MARKET sell 10 + buy 1
18:11:28 orders_arb INFO gRPC sending: market sell 10 GAZP@MISX acc=1225950 @ MKT
18:11:28 orders_arb ERROR gRPC order error (GAZP@RTSX sell 10@None): code=StatusCode.INTERNAL details=Jwt token check failed: UNAUTHENTICATED: Token is expired
18:11:28 orders_arb WARNING gRPC market failed, falling back to DP server
18:11:28 orders_arb ERROR Market order error (GAZP@RTSX sell 10): no response
18:11:28 orders_arb INFO gRPC sending: market buy 1 GZU6@RTSX acc=1225953 @ MKT
18:11:28 orders_arb ERROR gRPC order error (GZU6@RTSX buy 1@None): code=StatusCode.INTERNAL details=Trading is not available at the moment
18:11:28 orders_arb WARNING gRPC market failed, falling back to DP server
18:11:28 orders_arb INFO Market placed: arb_exit_1 buy 1 GZU6@RTSX id=1896048080582014368
18:11:28 robot_arb ERROR Market exit failed layer #1: A=FAIL B=OK
18:11:29 robot_arb INFO Cleanup: 1 open layers in mode=stopped, attempting close...
18:11:29 robot_arb INFO EXIT ALL 1 layers — reason=cleanup
18:11:29 robot_arb INFO EXIT layer #1 reason=cleanup | MARKET sell 10 + buy 1
18:11:29 orders_arb INFO gRPC sending: market sell 10 GAZP@MISX acc=1225950 @ MKT
18:11:29 orders_arb ERROR gRPC order error (GAZP@RTSX sell 10@None): code=StatusCode.INTERNAL details=Jwt token check failed: UNAUTHENTICATED: Token is expired
18:11:29 orders_arb WARNING gRPC market failed, falling back to DP server
18:11:30 orders_arb ERROR Market order error (GAZP@RTSX sell 10): no response
18:11:30 orders_arb INFO gRPC sending: market buy 1 GZU6@RTSX acc=1225953 @ MKT
18:11:30 orders_arb ERROR gRPC order error (GZU6@RTSX buy 1@None): code=StatusCode.INTERNAL details=Jwt token check failed: UNAUTHENTICATED: Token is expired
18:11:30 orders_arb WARNING gRPC market failed, falling back to DP server
18:11:30 orders_arb INFO Market placed: arb_exit_1 buy 1 GZU6@RTSX id=1896048080582014371
18:11:30 robot_arb ERROR Market exit failed layer #1: A=FAIL B=OK
18:11:31 robot_arb INFO Cleanup: 1 open layers in mode=stopped, attempting close...
18:11:31 robot_arb INFO EXIT ALL 1 layers — reason=cleanup
18:11:31 robot_arb INFO EXIT layer #1 reason=cleanup | MARKET sell 10 + buy 1
18:11:31 orders_arb INFO gRPC sending: market sell 10 GAZP@MISX acc=1225950 @ MKT
18:11:31 orders_arb ERROR gRPC order error (GAZP@RTSX sell 10@None): code=StatusCode.INTERNAL details=Jwt token check failed: UNAUTHENTICATED: Token is expired
18:11:31 orders_arb WARNING gRPC market failed, falling back to DP server
18:11:31 orders_arb ERROR Market order error (GAZP@RTSX sell 10): no response
18:11:31 orders_arb INFO gRPC sending: market buy 1 GZU6@RTSX acc=1225953 @ MKT
18:11:31 orders_arb ERROR gRPC order error (GZU6@RTSX buy 1@None): code=StatusCode.INTERNAL details=Jwt token check failed: UNAUTHENTICATED: Token is expired
18:11:31 orders_arb WARNING gRPC market failed, falling back to DP server
18:11:31 orders_arb INFO Market placed: arb_exit_1 buy 1 GZU6@RTSX id=1896048080582014387
18:11:31 robot_arb ERROR Market exit failed layer #1: A=FAIL B=OK
18:11:32 robot_arb INFO Cleanup: 1 open layers in mode=stopped, attempting close...
18:11:32 robot_arb INFO EXIT ALL 1 layers — reason=cleanup
18:11:32 robot_arb INFO EXIT layer #1 reason=cleanup | MARKET sell 10 + buy 1
18:11:32 orders_arb INFO gRPC sending: market sell 10 GAZP@MISX acc=1225950 @ MKT
18:11:32 orders_arb ERROR gRPC order error (GAZP@RTSX sell 10@None): code=StatusCode.INTERNAL details=Jwt token check failed: UNAUTHENTICATED: Token is expired
18:11:32 orders_arb WARNING gRPC market failed, falling back to DP server
18:11:32 orders_arb ERROR Market order error (GAZP@RTSX sell 10): no response
18:11:32 orders_arb INFO gRPC sending: market buy 1 GZU6@RTSX acc=1225953 @ MKT
18:11:32 orders_arb ERROR gRPC order error (GZU6@RTSX buy 1@None): code=StatusCode.INTERNAL details=Jwt token check failed: UNAUTHENTICATED: Token is expired
18:11:32 orders_arb WARNING gRPC market failed, falling back to DP server
18:11:33 orders_arb INFO Market placed: arb_exit_1 buy 1 GZU6@RTSX id=1896048080582014394
18:11:33 robot_arb ERROR Market exit failed layer #1: A=FAIL B=OK
18:11:34 robot_arb INFO Cleanup: 1 open layers in mode=stopped, attempting close...
18:11:34 robot_arb INFO EXIT ALL 1 layers — reason=cleanup
18:11:34 robot_arb INFO EXIT layer #1 reason=cleanup | MARKET sell 10 + buy 1
18:11:34 orders_arb INFO gRPC sending: market sell 10 GAZP@MISX acc=1225950 @ MKT
18:11:34 orders_arb ERROR gRPC order error (GAZP@RTSX sell 10@None): code=StatusCode.INTERNAL details=Jwt token check failed: UNAUTHENTICATED: Token is expired
18:11:34 orders_arb WARNING gRPC market failed, falling back to DP server
18:11:34 orders_arb ERROR Market order error (GAZP@RTSX sell 10): no response
18:11:34 orders_arb INFO gRPC sending: market buy 1 GZU6@RTSX acc=1225953 @ MKT
18:11:34 orders_arb ERROR gRPC order error (GZU6@RTSX buy 1@None): code=StatusCode.INTERNAL details=Jwt token check failed: UNAUTHENTICATED: Token is expired
18:11:34 orders_arb WARNING gRPC market failed, falling back to DP server
18:11:34 orders_arb INFO Market placed: arb_exit_1 buy 1 GZU6@RTSX id=1896048080582014402
18:11:34 robot_arb ERROR Market exit failed layer #1: A=FAIL B=OK
18:11:35 robot_arb INFO Cleanup: 1 open layers in mode=stopped, attempting close...
18:11:35 robot_arb INFO EXIT ALL 1 layers — reason=cleanup
18:11:35 robot_arb INFO EXIT layer #1 reason=cleanup | MARKET sell 10 + buy 1
18:11:35 orders_arb INFO gRPC sending: market sell 10 GAZP@MISX acc=1225950 @ MKT
18:11:35 orders_arb ERROR gRPC order error (GAZP@RTSX sell 10@None): code=StatusCode.INTERNAL details=Jwt token check failed: UNAUTHENTICATED: Token is expired
18:11:35 orders_arb WARNING gRPC market failed, falling back to DP server
18:11:35 orders_arb ERROR Market order error (GAZP@RTSX sell 10): no response
18:11:35 orders_arb INFO gRPC sending: market buy 1 GZU6@RTSX acc=1225953 @ MKT
18:11:35 orders_arb ERROR gRPC order error (GZU6@RTSX buy 1@None): code=StatusCode.INTERNAL details=Jwt token check failed: UNAUTHENTICATED: Token is expired
18:11:35 orders_arb WARNING gRPC market failed, falling back to DP server
18:11:35 orders_arb INFO Market placed: arb_exit_1 buy 1 GZU6@RTSX id=1896048080582014416
18:11:35 robot_arb ERROR Market exit failed layer #1: A=FAIL B=OK
18:11:36 robot_arb INFO Cleanup: 1 open layers in mode=stopped, attempting close...
18:11:36 robot_arb INFO EXIT ALL 1 layers — reason=cleanup
18:11:36 robot_arb INFO EXIT layer #1 reason=cleanup | MARKET sell 10 + buy 1
18:11:36 orders_arb INFO gRPC sending: market sell 10 GAZP@MISX acc=1225950 @ MKT
18:11:36 orders_arb ERROR gRPC order error (GAZP@RTSX sell 10@None): code=StatusCode.INTERNAL details=Trading is not available at the moment
18:11:36 orders_arb WARNING gRPC market failed, falling back to DP server
18:11:36 orders_arb ERROR Market order error (GAZP@RTSX sell 10): no response
18:11:36 orders_arb INFO gRPC sending: market buy 1 GZU6@RTSX acc=1225953 @ MKT
18:11:36 orders_arb ERROR gRPC order error (GZU6@RTSX buy 1@None): code=StatusCode.INTERNAL details=Jwt token check failed: UNAUTHENTICATED: Token is expired
18:11:36 orders_arb WARNING gRPC market failed, falling back to DP server
18:11:37 orders_arb INFO Market placed: arb_exit_1 buy 1 GZU6@RTSX id=1896048080582014420
18:11:37 robot_arb ERROR Market exit failed layer #1: A=FAIL B=OK
18:11:38 robot_arb INFO Cleanup: 1 open layers in mode=stopped, attempting close...
18:11:38 robot_arb INFO EXIT ALL 1 layers — reason=cleanup
18:11:38 robot_arb INFO EXIT layer #1 reason=cleanup | MARKET sell 10 + buy 1
18:11:38 orders_arb INFO gRPC sending: market sell 10 GAZP@MISX acc=1225950 @ MKT
18:11:38 orders_arb ERROR gRPC order error (GAZP@RTSX sell 10@None): code=StatusCode.INTERNAL details=Trading is not available at the moment
18:11:38 orders_arb WARNING gRPC market failed, falling back to DP server
18:11:38 orders_arb ERROR Market order error (GAZP@RTSX sell 10): no response
18:11:38 orders_arb INFO gRPC sending: market buy 1 GZU6@RTSX acc=1225953 @ MKT
18:11:38 orders_arb ERROR gRPC order error (GZU6@RTSX buy 1@None): code=StatusCode.INTERNAL details=Jwt token check failed: UNAUTHENTICATED: Token is expired
18:11:38 orders_arb WARNING gRPC market failed, falling back to DP server
18:11:38 orders_arb INFO Market placed: arb_exit_1 buy 1 GZU6@RTSX id=1896048080582014453
18:11:38 robot_arb ERROR Market exit failed layer #1: A=FAIL B=OK
18:11:39 robot_arb INFO Cleanup: 1 open layers in mode=stopped, attempting close...
18:11:39 robot_arb INFO EXIT ALL 1 layers — reason=cleanup
18:11:39 robot_arb INFO EXIT layer #1 reason=cleanup | MARKET sell 10 + buy 1
18:11:39 orders_arb INFO gRPC sending: market sell 10 GAZP@MISX acc=1225950 @ MKT
18:11:39 orders_arb ERROR gRPC order error (GAZP@RTSX sell 10@None): code=StatusCode.INTERNAL details=Jwt token check failed: UNAUTHENTICATED: Token is expired
18:11:39 orders_arb WARNING gRPC market failed, falling back to DP server
18:11:39 orders_arb ERROR Market order error (GAZP@RTSX sell 10): no response
18:11:39 orders_arb INFO gRPC sending: market buy 1 GZU6@RTSX acc=1225953 @ MKT
18:11:39 orders_arb ERROR gRPC order error (GZU6@RTSX buy 1@None): code=StatusCode.INTERNAL details=Jwt token check failed: UNAUTHENTICATED: Token is expired
18:11:39 orders_arb WARNING gRPC market failed, falling back to DP server
18:11:39 orders_arb INFO Market placed: arb_exit_1 buy 1 GZU6@RTSX id=1896048080582014470
18:11:39 robot_arb ERROR Market exit failed layer #1: A=FAIL B=OK
18:11:40 robot_arb INFO Cleanup: 1 open layers in mode=stopped, attempting close...
18:11:40 robot_arb INFO EXIT ALL 1 layers — reason=cleanup
18:11:40 robot_arb INFO EXIT layer #1 reason=cleanup | MARKET sell 10 + buy 1
18:11:40 orders_arb INFO gRPC sending: market sell 10 GAZP@MISX acc=1225950 @ MKT
18:11:40 orders_arb ERROR gRPC order error (GAZP@RTSX sell 10@None): code=StatusCode.INTERNAL details=Jwt token check failed: UNAUTHENTICATED: Token is expired
18:11:40 orders_arb WARNING gRPC market failed, falling back to DP server
18:11:41 orders_arb ERROR Market order error (GAZP@RTSX sell 10): no response
18:11:41 orders_arb INFO gRPC sending: market buy 1 GZU6@RTSX acc=1225953 @ MKT
18:11:41 orders_arb ERROR gRPC order error (GZU6@RTSX buy 1@None): code=StatusCode.INTERNAL details=Jwt token check failed: UNAUTHENTICATED: Token is expired
18:11:41 orders_arb WARNING gRPC market failed, falling back to DP server
18:11:41 orders_arb INFO Market placed: arb_exit_1 buy 1 GZU6@RTSX id=1896048080582014480
18:11:41 robot_arb ERROR Market exit failed layer #1: A=FAIL B=OK
18:11:42 robot_arb INFO Cleanup: 1 open layers in mode=stopped, attempting close...
18:11:42 robot_arb INFO EXIT ALL 1 layers — reason=cleanup
18:11:42 robot_arb INFO EXIT layer #1 reason=cleanup | MARKET sell 10 + buy 1
18:11:42 orders_arb INFO gRPC sending: market sell 10 GAZP@MISX acc=1225950 @ MKT
18:11:42 orders_arb ERROR gRPC order error (GAZP@RTSX sell 10@None): code=StatusCode.INTERNAL details=Jwt token check failed: UNAUTHENTICATED: Token is expired
18:11:42 orders_arb WARNING gRPC market failed, falling back to DP server
18:11:43 orders_arb ERROR Market order error (GAZP@RTSX sell 10): no response
18:11:43 orders_arb INFO gRPC sending: market buy 1 GZU6@RTSX acc=1225953 @ MKT
18:11:43 orders_arb ERROR gRPC order error (GZU6@RTSX buy 1@None): code=StatusCode.INTERNAL details=Jwt token check failed: UNAUTHENTICATED: Token is expired
18:11:43 orders_arb WARNING gRPC market failed, falling back to DP server
18:11:43 orders_arb INFO Market placed: arb_exit_1 buy 1 GZU6@RTSX id=1896048080582014487
18:11:43 robot_arb ERROR Market exit failed layer #1: A=FAIL B=OK
18:11:44 robot_arb INFO Cleanup: 1 open layers in mode=stopped, attempting close...
18:11:44 robot_arb INFO EXIT ALL 1 layers — reason=cleanup
18:11:44 robot_arb INFO EXIT layer #1 reason=cleanup | MARKET sell 10 + buy 1
18:11:44 orders_arb INFO gRPC sending: market sell 10 GAZP@MISX acc=1225950 @ MKT
18:11:44 orders_arb ERROR gRPC order error (GAZP@RTSX sell 10@None): code=StatusCode.INTERNAL details=Jwt token check failed: UNAUTHENTICATED: Token is expired
18:11:44 orders_arb WARNING gRPC market failed, falling back to DP server
18:11:44 orders_arb ERROR Market order error (GAZP@RTSX sell 10): no response
18:11:44 orders_arb INFO gRPC sending: market buy 1 GZU6@RTSX acc=1225953 @ MKT
18:11:45 orders_arb ERROR gRPC order error (GZU6@RTSX buy 1@None): code=StatusCode.INTERNAL details=Trading is not available at the moment
18:11:45 orders_arb WARNING gRPC market failed, falling back to DP server
18:11:45 orders_arb INFO Market placed: arb_exit_1 buy 1 GZU6@RTSX id=1896048080582014497
18:11:45 robot_arb ERROR Market exit failed layer #1: A=FAIL B=OK
18:11:46 robot_arb INFO Cleanup: 1 open layers in mode=stopped, attempting close...
18:11:46 robot_arb INFO EXIT ALL 1 layers — reason=cleanup
18:11:46 robot_arb INFO EXIT layer #1 reason=cleanup | MARKET sell 10 + buy 1
18:11:46 orders_arb INFO gRPC sending: market sell 10 GAZP@MISX acc=1225950 @ MKT
18:11:46 orders_arb ERROR gRPC order error (GAZP@RTSX sell 10@None): code=StatusCode.INTERNAL details=Jwt token check failed: UNAUTHENTICATED: Token is expired
18:11:46 orders_arb WARNING gRPC market failed, falling back to DP server
18:11:46 orders_arb ERROR Market order error (GAZP@RTSX sell 10): no response
18:11:46 orders_arb INFO gRPC sending: market buy 1 GZU6@RTSX acc=1225953 @ MKT
18:11:46 orders_arb ERROR gRPC order error (GZU6@RTSX buy 1@None): code=StatusCode.INTERNAL details=Trading is not available at the moment
18:11:46 orders_arb WARNING gRPC market failed, falling back to DP server
18:11:46 orders_arb INFO Market placed: arb_exit_1 buy 1 GZU6@RTSX id=1896048080582014501
18:11:46 robot_arb ERROR Market exit failed layer #1: A=FAIL B=OK
18:11:47 robot_arb INFO Cleanup: 1 open layers in mode=stopped, attempting close...
18:11:47 robot_arb INFO EXIT ALL 1 layers — reason=cleanup
18:11:47 robot_arb INFO EXIT layer #1 reason=cleanup | MARKET sell 10 + buy 1
18:11:47 orders_arb INFO gRPC sending: market sell 10 GAZP@MISX acc=1225950 @ MKT
18:11:47 orders_arb ERROR gRPC order error (GAZP@RTSX sell 10@None): code=StatusCode.INTERNAL details=Trading is not available at the moment
18:11:47 orders_arb WARNING gRPC market failed, falling back to DP server
18:11:47 orders_arb ERROR Market order error (GAZP@RTSX sell 10): no response
18:11:47 orders_arb INFO gRPC sending: market buy 1 GZU6@RTSX acc=1225953 @ MKT
18:11:47 orders_arb ERROR gRPC order error (GZU6@RTSX buy 1@None): code=StatusCode.INTERNAL details=Jwt token check failed: UNAUTHENTICATED: Token is expired
18:11:47 orders_arb WARNING gRPC market failed, falling back to DP server
18:11:47 orders_arb INFO Market placed: arb_exit_1 buy 1 GZU6@RTSX id=1896048080582014504
18:11:47 robot_arb ERROR Market exit failed layer #1: A=FAIL B=OK
18:11:48 robot_arb INFO Cleanup: 1 open layers in mode=stopped, attempting close...
18:11:48 robot_arb INFO EXIT ALL 1 layers — reason=cleanup
18:11:48 robot_arb INFO EXIT layer #1 reason=cleanup | MARKET sell 10 + buy 1
18:11:48 orders_arb INFO gRPC sending: market sell 10 GAZP@MISX acc=1225950 @ MKT
18:11:48 orders_arb ERROR gRPC order error (GAZP@RTSX sell 10@None): code=StatusCode.INTERNAL details=Trading is not available at the moment
18:11:48 orders_arb WARNING gRPC market failed, falling back to DP server
18:11:49 orders_arb ERROR Market order error (GAZP@RTSX sell 10): no response
18:11:49 orders_arb INFO gRPC sending: market buy 1 GZU6@RTSX acc=1225953 @ MKT
18:11:49 orders_arb ERROR gRPC order error (GZU6@RTSX buy 1@None): code=StatusCode.INTERNAL details=Jwt token check failed: UNAUTHENTICATED: Token is expired
18:11:49 orders_arb WARNING gRPC market failed, falling back to DP server
18:11:49 orders_arb INFO Market placed: arb_exit_1 buy 1 GZU6@RTSX id=1896048080582014510
18:11:49 robot_arb ERROR Market exit failed layer #1: A=FAIL B=OK
18:11:50 robot_arb INFO Cleanup: 1 open layers in mode=stopped, attempting close...
18:11:50 robot_arb INFO EXIT ALL 1 layers — reason=cleanup
18:11:50 robot_arb INFO EXIT layer #1 reason=cleanup | MARKET sell 10 + buy 1
18:11:50 orders_arb INFO gRPC sending: market sell 10 GAZP@MISX acc=1225950 @ MKT
18:11:50 orders_arb ERROR gRPC order error (GAZP@RTSX sell 10@None): code=StatusCode.INTERNAL details=Trading is not available at the moment
18:11:50 orders_arb WARNING gRPC market failed, falling back to DP server
18:11:50 orders_arb ERROR Market order error (GAZP@RTSX sell 10): no response
18:11:50 orders_arb INFO gRPC sending: market buy 1 GZU6@RTSX acc=1225953 @ MKT
18:11:50 orders_arb ERROR gRPC order error (GZU6@RTSX buy 1@None): code=StatusCode.INTERNAL details=Jwt token check failed: UNAUTHENTICATED: Token is expired
18:11:50 orders_arb WARNING gRPC market failed, falling back to DP server
18:11:50 orders_arb INFO Market placed: arb_exit_1 buy 1 GZU6@RTSX id=1896048080582014512
18:11:50 robot_arb ERROR Market exit failed layer #1: A=FAIL B=OK
18:11:51 robot_arb INFO Cleanup: 1 open layers in mode=stopped, attempting close...
18:11:51 robot_arb INFO EXIT ALL 1 layers — reason=cleanup
18:11:51 robot_arb INFO EXIT layer #1 reason=cleanup | MARKET sell 10 + buy 1
18:11:51 orders_arb INFO gRPC sending: market sell 10 GAZP@MISX acc=1225950 @ MKT
18:11:51 orders_arb ERROR gRPC order error (GAZP@RTSX sell 10@None): code=StatusCode.INTERNAL details=Jwt token check failed: UNAUTHENTICATED: Token is expired
18:11:51 orders_arb WARNING gRPC market failed, falling back to DP server
18:11:51 orders_arb ERROR Market order error (GAZP@RTSX sell 10): no response
18:11:51 orders_arb INFO gRPC sending: market buy 1 GZU6@RTSX acc=1225953 @ MKT
18:11:51 orders_arb ERROR gRPC order error (GZU6@RTSX buy 1@None): code=StatusCode.INTERNAL details=Trading is not available at the moment
18:11:51 orders_arb WARNING gRPC market failed, falling back to DP server
18:11:52 orders_arb INFO Market placed: arb_exit_1 buy 1 GZU6@RTSX id=1896048080582014519
18:11:52 robot_arb ERROR Market exit failed layer #1: A=FAIL B=OK
18:11:53 robot_arb INFO Cleanup: 1 open layers in mode=stopped, attempting close...
18:11:53 robot_arb INFO EXIT ALL 1 layers — reason=cleanup
18:11:53 robot_arb INFO EXIT layer #1 reason=cleanup | MARKET sell 10 + buy 1
18:11:53 orders_arb INFO gRPC sending: market sell 10 GAZP@MISX acc=1225950 @ MKT
18:11:53 orders_arb ERROR gRPC order error (GAZP@RTSX sell 10@None): code=StatusCode.INTERNAL details=Jwt token check failed: UNAUTHENTICATED: Token is expired
18:11:53 orders_arb WARNING gRPC market failed, falling back to DP server
18:11:53 orders_arb ERROR Market order error (GAZP@RTSX sell 10): no response
18:11:53 orders_arb INFO gRPC sending: market buy 1 GZU6@RTSX acc=1225953 @ MKT
18:11:53 orders_arb ERROR gRPC order error (GZU6@RTSX buy 1@None): code=StatusCode.INTERNAL details=Jwt token check failed: UNAUTHENTICATED: Token is expired
18:11:53 orders_arb WARNING gRPC market failed, falling back to DP server
18:11:54 orders_arb INFO Market placed: arb_exit_1 buy 1 GZU6@RTSX id=1896048080582014520
18:11:54 robot_arb ERROR Market exit failed layer #1: A=FAIL B=OK
18:11:55 robot_arb INFO Cleanup: 1 open layers in mode=stopped, attempting close...
18:11:55 robot_arb INFO EXIT ALL 1 layers — reason=cleanup
18:11:55 robot_arb INFO EXIT layer #1 reason=cleanup | MARKET sell 10 + buy 1
18:11:55 orders_arb INFO gRPC sending: market sell 10 GAZP@MISX acc=1225950 @ MKT
18:11:55 orders_arb ERROR gRPC order error (GAZP@RTSX sell 10@None): code=StatusCode.INTERNAL details=Jwt token check failed: UNAUTHENTICATED: Token is expired
18:11:55 orders_arb WARNING gRPC market failed, falling back to DP server
18:11:55 orders_arb ERROR Market order error (GAZP@RTSX sell 10): no response
18:11:55 orders_arb INFO gRPC sending: market buy 1 GZU6@RTSX acc=1225953 @ MKT
18:11:55 orders_arb ERROR gRPC order error (GZU6@RTSX buy 1@None): code=StatusCode.INTERNAL details=Jwt token check failed: UNAUTHENTICATED: Token is expired
18:11:55 orders_arb WARNING gRPC market failed, falling back to DP server
18:11:55 orders_arb INFO Market placed: arb_exit_1 buy 1 GZU6@RTSX id=1896048080582014523
18:11:55 robot_arb ERROR Market exit failed layer #1: A=FAIL B=OK
18:11:56 robot_arb INFO Cleanup: 1 open layers in mode=stopped, attempting close...
18:11:56 robot_arb INFO EXIT ALL 1 layers — reason=cleanup
18:11:56 robot_arb INFO EXIT layer #1 reason=cleanup | MARKET sell 10 + buy 1
18:11:56 orders_arb INFO gRPC sending: market sell 10 GAZP@MISX acc=1225950 @ MKT
18:11:56 orders_arb ERROR gRPC order error (GAZP@RTSX sell 10@None): code=StatusCode.INTERNAL details=Jwt token check failed: UNAUTHENTICATED: Token is expired
18:11:56 orders_arb WARNING gRPC market failed, falling back to DP server
18:11:56 orders_arb ERROR Market order error (GAZP@RTSX sell 10): no response
18:11:56 orders_arb INFO gRPC sending: market buy 1 GZU6@RTSX acc=1225953 @ MKT
18:11:56 orders_arb ERROR gRPC order error (GZU6@RTSX buy 1@None): code=StatusCode.INTERNAL details=Jwt token check failed: UNAUTHENTICATED: Token is expired
18:11:56 orders_arb WARNING gRPC market failed, falling back to DP server
18:11:56 orders_arb INFO Market placed: arb_exit_1 buy 1 GZU6@RTSX id=1896048080582014533
18:11:56 robot_arb ERROR Market exit failed layer #1: A=FAIL B=OK
18:11:57 robot_arb INFO Cleanup: 1 open layers in mode=stopped, attempting close...
18:11:57 robot_arb INFO EXIT ALL 1 layers — reason=cleanup
18:11:57 robot_arb INFO EXIT layer #1 reason=cleanup | MARKET sell 10 + buy 1
18:11:57 orders_arb INFO gRPC sending: market sell 10 GAZP@MISX acc=1225950 @ MKT
18:11:57 orders_arb ERROR gRPC order error (GAZP@RTSX sell 10@None): code=StatusCode.INTERNAL details=Jwt token check failed: UNAUTHENTICATED: Token is expired
18:11:57 orders_arb WARNING gRPC market failed, falling back to DP server
18:11:57 orders_arb ERROR Market order error (GAZP@RTSX sell 10): no response
18:11:57 orders_arb INFO gRPC sending: market buy 1 GZU6@RTSX acc=1225953 @ MKT
18:11:57 orders_arb ERROR gRPC order error (GZU6@RTSX buy 1@None): code=StatusCode.INTERNAL details=Jwt token check failed: UNAUTHENTICATED: Token is expired
18:11:57 orders_arb WARNING gRPC market failed, falling back to DP server
18:11:58 orders_arb INFO Market placed: arb_exit_1 buy 1 GZU6@RTSX id=1896048080582014540
18:11:58 robot_arb ERROR Market exit failed layer #1: A=FAIL B=OK
18:11:59 robot_arb INFO Cleanup: 1 open layers in mode=stopped, attempting close...
18:11:59 robot_arb INFO EXIT ALL 1 layers — reason=cleanup
18:11:59 robot_arb INFO EXIT layer #1 reason=cleanup | MARKET sell 10 + buy 1
18:11:59 orders_arb INFO gRPC sending: market sell 10 GAZP@MISX acc=1225950 @ MKT
18:11:59 orders_arb ERROR gRPC order error (GAZP@RTSX sell 10@None): code=StatusCode.INTERNAL details=Jwt token check failed: UNAUTHENTICATED: Token is expired
18:11:59 orders_arb WARNING gRPC market failed, falling back to DP server
18:11:59 orders_arb ERROR Market order error (GAZP@RTSX sell 10): no response
18:11:59 orders_arb INFO gRPC sending: market buy 1 GZU6@RTSX acc=1225953 @ MKT
18:11:59 orders_arb ERROR gRPC order error (GZU6@RTSX buy 1@None): code=StatusCode.INTERNAL details=Jwt token check failed: UNAUTHENTICATED: Token is expired
18:11:59 orders_arb WARNING gRPC market failed, falling back to DP server
18:11:59 orders_arb INFO Market placed: arb_exit_1 buy 1 GZU6@RTSX id=1896048080582014604
18:11:59 robot_arb ERROR Market exit failed layer #1: A=FAIL B=OK
18:12:00 robot_arb INFO Cleanup: 1 open layers in mode=stopped, attempting close...
18:12:00 robot_arb INFO EXIT ALL 1 layers — reason=cleanup
18:12:00 robot_arb INFO EXIT layer #1 reason=cleanup | MARKET sell 10 + buy 1
18:12:00 orders_arb INFO gRPC sending: market sell 10 GAZP@MISX acc=1225950 @ MKT
18:12:00 orders_arb ERROR gRPC order error (GAZP@RTSX sell 10@None): code=StatusCode.INTERNAL details=Jwt token check failed: UNAUTHENTICATED: Token is expired
18:12:00 orders_arb WARNING gRPC market failed, falling back to DP server
18:12:00 orders_arb ERROR Market order error (GAZP@RTSX sell 10): no response
18:12:00 orders_arb INFO gRPC sending: market buy 1 GZU6@RTSX acc=1225953 @ MKT
18:12:00 orders_arb ERROR gRPC order error (GZU6@RTSX buy 1@None): code=StatusCode.INTERNAL details=Jwt token check failed: UNAUTHENTICATED: Token is expired
18:12:00 orders_arb WARNING gRPC market failed, falling back to DP server
18:12:00 orders_arb INFO Market placed: arb_exit_1 buy 1 GZU6@RTSX id=1896048080582014608
18:12:00 robot_arb ERROR Market exit failed layer #1: A=FAIL B=OK
18:12:01 robot_arb INFO Cleanup: 1 open layers in mode=stopped, attempting close...
18:12:01 robot_arb INFO EXIT ALL 1 layers — reason=cleanup
18:12:01 robot_arb INFO EXIT layer #1 reason=cleanup | MARKET sell 10 + buy 1
18:12:01 orders_arb INFO gRPC sending: market sell 10 GAZP@MISX acc=1225950 @ MKT
18:12:01 orders_arb ERROR gRPC order error (GAZP@RTSX sell 10@None): code=StatusCode.INTERNAL details=Jwt token check failed: UNAUTHENTICATED: Token is expired
18:12:01 orders_arb WARNING gRPC market failed, falling back to DP server
18:12:01 orders_arb ERROR Market order error (GAZP@RTSX sell 10): no response
18:12:01 orders_arb INFO gRPC sending: market buy 1 GZU6@RTSX acc=1225953 @ MKT
18:12:01 orders_arb ERROR gRPC order error (GZU6@RTSX buy 1@None): code=StatusCode.INTERNAL details=Jwt token check failed: UNAUTHENTICATED: Token is expired
18:12:01 orders_arb WARNING gRPC market failed, falling back to DP server
18:12:02 orders_arb INFO Market placed: arb_exit_1 buy 1 GZU6@RTSX id=1896048080582014616
18:12:02 robot_arb ERROR Market exit failed layer #1: A=FAIL B=OK
18:12:03 robot_arb INFO Cleanup: 1 open layers in mode=stopped, attempting close...
18:12:03 robot_arb INFO EXIT ALL 1 layers — reason=cleanup
18:12:03 robot_arb INFO EXIT layer #1 reason=cleanup | MARKET sell 10 + buy 1
18:12:03 orders_arb INFO gRPC sending: market sell 10 GAZP@MISX acc=1225950 @ MKT
18:12:03 orders_arb ERROR gRPC order error (GAZP@RTSX sell 10@None): code=StatusCode.INTERNAL details=Jwt token check failed: UNAUTHENTICATED: Token is expired
18:12:03 orders_arb WARNING gRPC market failed, falling back to DP server
18:12:03 orders_arb ERROR Market order error (GAZP@RTSX sell 10): no response
18:12:03 orders_arb INFO gRPC sending: market buy 1 GZU6@RTSX acc=1225953 @ MKT
18:12:03 orders_arb ERROR gRPC order error (GZU6@RTSX buy 1@None): code=StatusCode.INTERNAL details=Jwt token check failed: UNAUTHENTICATED: Token is expired
18:12:03 orders_arb WARNING gRPC market failed, falling back to DP server
18:12:03 orders_arb INFO Market placed: arb_exit_1 buy 1 GZU6@RTSX id=1896048080582014620
18:12:03 robot_arb ERROR Market exit failed layer #1: A=FAIL B=OK
18:12:04 robot_arb INFO Cleanup: 1 open layers in mode=stopped, attempting close...
18:12:04 robot_arb INFO EXIT ALL 1 layers — reason=cleanup
18:12:04 robot_arb INFO EXIT layer #1 reason=cleanup | MARKET sell 10 + buy 1
18:12:04 orders_arb INFO gRPC sending: market sell 10 GAZP@MISX acc=1225950 @ MKT
18:12:04 orders_arb ERROR gRPC order error (GAZP@RTSX sell 10@None): code=StatusCode.INTERNAL details=Trading is not available at the moment
18:12:04 orders_arb WARNING gRPC market failed, falling back to DP server
18:12:04 orders_arb ERROR Market order error (GAZP@RTSX sell 10): no response
18:12:04 orders_arb INFO gRPC sending: market buy 1 GZU6@RTSX acc=1225953 @ MKT
18:12:04 orders_arb ERROR gRPC order error (GZU6@RTSX buy 1@None): code=StatusCode.INTERNAL details=Jwt token check failed: UNAUTHENTICATED: Token is expired
18:12:04 orders_arb WARNING gRPC market failed, falling back to DP server
18:12:05 orders_arb INFO Market placed: arb_exit_1 buy 1 GZU6@RTSX id=1896048080582014638
18:12:05 robot_arb ERROR Market exit failed layer #1: A=FAIL B=OK
18:12:06 robot_arb INFO Cleanup: 1 open layers in mode=stopped, attempting close...
18:12:06 robot_arb INFO EXIT ALL 1 layers — reason=cleanup
18:12:06 robot_arb INFO EXIT layer #1 reason=cleanup | MARKET sell 10 + buy 1
18:12:06 orders_arb INFO gRPC sending: market sell 10 GAZP@MISX acc=1225950 @ MKT
18:12:06 orders_arb ERROR gRPC order error (GAZP@RTSX sell 10@None): code=StatusCode.INTERNAL details=Trading is not available at the moment
18:12:06 orders_arb WARNING gRPC market failed, falling back to DP server
18:12:06 orders_arb ERROR Market order error (GAZP@RTSX sell 10): no response
18:12:06 orders_arb INFO gRPC sending: market buy 1 GZU6@RTSX acc=1225953 @ MKT
18:12:06 orders_arb ERROR gRPC order error (GZU6@RTSX buy 1@None): code=StatusCode.INTERNAL details=Jwt token check failed: UNAUTHENTICATED: Token is expired
18:12:06 orders_arb WARNING gRPC market failed, falling back to DP server
18:12:06 orders_arb INFO Market placed: arb_exit_1 buy 1 GZU6@RTSX id=1896048080582014645
18:12:06 robot_arb ERROR Market exit failed layer #1: A=FAIL B=OK
18:12:07 robot_arb INFO Cleanup: 1 open layers in mode=stopped, attempting close...
18:12:07 robot_arb INFO EXIT ALL 1 layers — reason=cleanup
18:12:07 robot_arb INFO EXIT layer #1 reason=cleanup | MARKET sell 10 + buy 1
18:12:07 orders_arb INFO gRPC sending: market sell 10 GAZP@MISX acc=1225950 @ MKT
18:12:07 orders_arb ERROR gRPC order error (GAZP@RTSX sell 10@None): code=StatusCode.INTERNAL details=Jwt token check failed: UNAUTHENTICATED: Token is expired
18:12:07 orders_arb WARNING gRPC market failed, falling back to DP server
18:12:07 orders_arb ERROR Market order error (GAZP@RTSX sell 10): no response
18:12:07 orders_arb INFO gRPC sending: market buy 1 GZU6@RTSX acc=1225953 @ MKT
18:12:07 orders_arb ERROR gRPC order error (GZU6@RTSX buy 1@None): code=StatusCode.INTERNAL details=Trading is not available at the moment
18:12:07 orders_arb WARNING gRPC market failed, falling back to DP server
18:12:07 orders_arb INFO Market placed: arb_exit_1 buy 1 GZU6@RTSX id=1896048080582014647
18:12:07 robot_arb ERROR Market exit failed layer #1: A=FAIL B=OK
18:12:08 robot_arb INFO Cleanup: 1 open layers in mode=stopped, attempting close...
18:12:08 robot_arb INFO EXIT ALL 1 layers — reason=cleanup
18:12:08 robot_arb INFO EXIT layer #1 reason=cleanup | MARKET sell 10 + buy 1
18:12:08 orders_arb INFO gRPC sending: market sell 10 GAZP@MISX acc=1225950 @ MKT
18:12:08 orders_arb ERROR gRPC order error (GAZP@RTSX sell 10@None): code=StatusCode.INTERNAL details=Jwt token check failed: UNAUTHENTICATED: Token is expired
18:12:08 orders_arb WARNING gRPC market failed, falling back to DP server
18:12:08 orders_arb ERROR Market order error (GAZP@RTSX sell 10): no response
18:12:08 orders_arb INFO gRPC sending: market buy 1 GZU6@RTSX acc=1225953 @ MKT
18:12:08 orders_arb ERROR gRPC order error (GZU6@RTSX buy 1@None): code=StatusCode.INTERNAL details=Trading is not available at the moment
18:12:08 orders_arb WARNING gRPC market failed, falling back to DP server
18:12:09 orders_arb INFO Market placed: arb_exit_1 buy 1 GZU6@RTSX id=1896048080582014670
18:12:09 robot_arb ERROR Market exit failed layer #1: A=FAIL B=OK
18:12:10 robot_arb INFO Cleanup: 1 open layers in mode=stopped, attempting close...
18:12:10 robot_arb INFO EXIT ALL 1 layers — reason=cleanup
18:12:10 robot_arb INFO EXIT layer #1 reason=cleanup | MARKET sell 10 + buy 1
18:12:10 orders_arb INFO gRPC sending: market sell 10 GAZP@MISX acc=1225950 @ MKT
18:12:10 orders_arb ERROR gRPC order error (GAZP@RTSX sell 10@None): code=StatusCode.INTERNAL details=Jwt token check failed: UNAUTHENTICATED: Token is expired
18:12:10 orders_arb WARNING gRPC market failed, falling back to DP server
18:12:10 orders_arb ERROR Market order error (GAZP@RTSX sell 10): no response
18:12:10 orders_arb INFO gRPC sending: market buy 1 GZU6@RTSX acc=1225953 @ MKT
18:12:10 orders_arb ERROR gRPC order error (GZU6@RTSX buy 1@None): code=StatusCode.INTERNAL details=Trading is not available at the moment
18:12:10 orders_arb WARNING gRPC market failed, falling back to DP server
18:12:10 orders_arb INFO Market placed: arb_exit_1 buy 1 GZU6@RTSX id=1896048080582014699
18:12:10 robot_arb ERROR Market exit failed layer #1: A=FAIL B=OK
18:12:11 robot_arb INFO Cleanup: 1 open layers in mode=stopped, attempting close...
18:12:11 robot_arb INFO EXIT ALL 1 layers — reason=cleanup
18:12:11 robot_arb INFO EXIT layer #1 reason=cleanup | MARKET sell 10 + buy 1
18:12:11 orders_arb INFO gRPC sending: market sell 10 GAZP@MISX acc=1225950 @ MKT
18:12:11 orders_arb ERROR gRPC order error (GAZP@RTSX sell 10@None): code=StatusCode.INTERNAL details=Jwt token check failed: UNAUTHENTICATED: Token is expired
18:12:11 orders_arb WARNING gRPC market failed, falling back to DP server
18:12:12 orders_arb ERROR Market order error (GAZP@RTSX sell 10): no response
18:12:12 orders_arb INFO gRPC sending: market buy 1 GZU6@RTSX acc=1225953 @ MKT
18:12:12 orders_arb ERROR gRPC order error (GZU6@RTSX buy 1@None): code=StatusCode.INTERNAL details=Jwt token check failed: UNAUTHENTICATED: Token is expired
18:12:12 orders_arb WARNING gRPC market failed, falling back to DP server
18:12:12 orders_arb INFO Market placed: arb_exit_1 buy 1 GZU6@RTSX id=1896048080582014710
18:12:12 robot_arb ERROR Market exit failed layer #1: A=FAIL B=OK
18:12:13 robot_arb INFO Cleanup: 1 open layers in mode=stopped, attempting close...
18:12:13 robot_arb INFO EXIT ALL 1 layers — reason=cleanup
18:12:13 robot_arb INFO EXIT layer #1 reason=cleanup | MARKET sell 10 + buy 1
18:12:13 orders_arb INFO gRPC sending: market sell 10 GAZP@MISX acc=1225950 @ MKT
18:12:13 orders_arb ERROR gRPC order error (GAZP@RTSX sell 10@None): code=StatusCode.INTERNAL details=Jwt token check failed: UNAUTHENTICATED: Token is expired
18:12:13 orders_arb WARNING gRPC market failed, falling back to DP server
18:12:14 orders_arb ERROR Market order error (GAZP@RTSX sell 10): no response
18:12:14 orders_arb INFO gRPC sending: market buy 1 GZU6@RTSX acc=1225953 @ MKT
18:12:14 orders_arb ERROR gRPC order error (GZU6@RTSX buy 1@None): code=StatusCode.INTERNAL details=Jwt token check failed: UNAUTHENTICATED: Token is expired
18:12:14 orders_arb WARNING gRPC market failed, falling back to DP server
18:12:14 orders_arb INFO Market placed: arb_exit_1 buy 1 GZU6@RTSX id=1896048080582014761
18:12:14 robot_arb ERROR Market exit failed layer #1: A=FAIL B=OK
18:12:15 robot_arb INFO Cleanup: 1 open layers in mode=stopped, attempting close...
18:12:15 robot_arb INFO EXIT ALL 1 layers — reason=cleanup
18:12:15 robot_arb INFO EXIT layer #1 reason=cleanup | MARKET sell 10 + buy 1
18:12:15 orders_arb INFO gRPC sending: market sell 10 GAZP@MISX acc=1225950 @ MKT
18:12:15 orders_arb ERROR gRPC order error (GAZP@RTSX sell 10@None): code=StatusCode.INTERNAL details=Jwt token check failed: UNAUTHENTICATED: Token is expired
18:12:15 orders_arb WARNING gRPC market failed, falling back to DP server
18:12:15 orders_arb ERROR Market order error (GAZP@RTSX sell 10): no response
18:12:15 orders_arb INFO gRPC sending: market buy 1 GZU6@RTSX acc=1225953 @ MKT
18:12:15 orders_arb ERROR gRPC order error (GZU6@RTSX buy 1@None): code=StatusCode.INTERNAL details=Jwt token check failed: UNAUTHENTICATED: Token is expired
18:12:15 orders_arb WARNING gRPC market failed, falling back to DP server
18:12:15 orders_arb INFO Market placed: arb_exit_1 buy 1 GZU6@RTSX id=1896048080582014762
18:12:15 robot_arb ERROR Market exit failed layer #1: A=FAIL B=OK
18:12:16 robot_arb INFO Cleanup: 1 open layers in mode=stopped, attempting close...
18:12:16 robot_arb INFO EXIT ALL 1 layers — reason=cleanup
18:12:16 robot_arb INFO EXIT layer #1 reason=cleanup | MARKET sell 10 + buy 1
18:12:16 orders_arb INFO gRPC sending: market sell 10 GAZP@MISX acc=1225950 @ MKT
18:12:16 orders_arb ERROR gRPC order error (GAZP@RTSX sell 10@None): code=StatusCode.INTERNAL details=Jwt token check failed: UNAUTHENTICATED: Token is expired
18:12:16 orders_arb WARNING gRPC market failed, falling back to DP server
18:12:16 orders_arb ERROR Market order error (GAZP@RTSX sell 10): no response
18:12:16 orders_arb INFO gRPC sending: market buy 1 GZU6@RTSX acc=1225953 @ MKT
18:12:17 orders_arb ERROR gRPC order error (GZU6@RTSX buy 1@None): code=StatusCode.INTERNAL details=Trading is not available at the moment
18:12:17 orders_arb WARNING gRPC market failed, falling back to DP server
18:12:17 orders_arb INFO Market placed: arb_exit_1 buy 1 GZU6@RTSX id=1896048080582014778
18:12:17 robot_arb ERROR Market exit failed layer #1: A=FAIL B=OK
18:12:18 robot_arb INFO Cleanup: 1 open layers in mode=stopped, attempting close...
18:12:18 robot_arb INFO EXIT ALL 1 layers — reason=cleanup
18:12:18 robot_arb INFO EXIT layer #1 reason=cleanup | MARKET sell 10 + buy 1
18:12:18 orders_arb INFO gRPC sending: market sell 10 GAZP@MISX acc=1225950 @ MKT
18:12:18 orders_arb ERROR gRPC order error (GAZP@RTSX sell 10@None): code=StatusCode.INTERNAL details=Jwt token check failed: UNAUTHENTICATED: Token is expired
18:12:18 orders_arb WARNING gRPC market failed, falling back to DP server
18:12:18 orders_arb ERROR Market order error (GAZP@RTSX sell 10): no response
18:12:18 orders_arb INFO gRPC sending: market buy 1 GZU6@RTSX acc=1225953 @ MKT
18:12:18 orders_arb ERROR gRPC order error (GZU6@RTSX buy 1@None): code=StatusCode.INTERNAL details=Jwt token check failed: UNAUTHENTICATED: Token is expired
18:12:18 orders_arb WARNING gRPC market failed, falling back to DP server
18:12:18 orders_arb INFO Market placed: arb_exit_1 buy 1 GZU6@RTSX id=1896048080582014791
18:12:18 robot_arb ERROR Market exit failed layer #1: A=FAIL B=OK
18:12:19 robot_arb INFO Cleanup: 1 open layers in mode=stopped, attempting close...
18:12:19 robot_arb INFO EXIT ALL 1 layers — reason=cleanup
18:12:19 robot_arb INFO EXIT layer #1 reason=cleanup | MARKET sell 10 + buy 1
18:12:19 orders_arb INFO gRPC sending: market sell 10 GAZP@MISX acc=1225950 @ MKT
18:12:19 orders_arb ERROR gRPC order error (GAZP@RTSX sell 10@None): code=StatusCode.INTERNAL details=Jwt token check failed: UNAUTHENTICATED: Token is expired
18:12:19 orders_arb WARNING gRPC market failed, falling back to DP server
18:12:19 orders_arb ERROR Market order error (GAZP@RTSX sell 10): no response
18:12:19 orders_arb INFO gRPC sending: market buy 1 GZU6@RTSX acc=1225953 @ MKT
18:12:19 orders_arb ERROR gRPC order error (GZU6@RTSX buy 1@None): code=StatusCode.INTERNAL details=Jwt token check failed: UNAUTHENTICATED: Token is expired
18:12:19 orders_arb WARNING gRPC market failed, falling back to DP server
18:12:20 orders_arb INFO Market placed: arb_exit_1 buy 1 GZU6@RTSX id=1896048080582014804
18:12:20 robot_arb ERROR Market exit failed layer #1: A=FAIL B=OK
18:12:21 robot_arb INFO Cleanup: 1 open layers in mode=stopped, attempting close...
18:12:21 robot_arb INFO EXIT ALL 1 layers — reason=cleanup
18:12:21 robot_arb INFO EXIT layer #1 reason=cleanup | MARKET sell 10 + buy 1
18:12:21 orders_arb INFO gRPC sending: market sell 10 GAZP@MISX acc=1225950 @ MKT
18:12:21 orders_arb ERROR gRPC order error (GAZP@RTSX sell 10@None): code=StatusCode.INTERNAL details=Jwt token check failed: UNAUTHENTICATED: Token is expired
18:12:21 orders_arb WARNING gRPC market failed, falling back to DP server
18:12:21 orders_arb ERROR Market order error (GAZP@RTSX sell 10): no response
18:12:21 orders_arb INFO gRPC sending: market buy 1 GZU6@RTSX acc=1225953 @ MKT
18:12:21 orders_arb ERROR gRPC order error (GZU6@RTSX buy 1@None): code=StatusCode.INTERNAL details=Trading is not available at the moment
18:12:21 orders_arb WARNING gRPC market failed, falling back to DP server
18:12:21 orders_arb INFO Market placed: arb_exit_1 buy 1 GZU6@RTSX id=1896048080582014808
18:12:21 robot_arb ERROR Market exit failed layer #1: A=FAIL B=OK
18:12:22 robot_arb INFO Cleanup: 1 open layers in mode=stopped, attempting close...
18:12:22 robot_arb INFO EXIT ALL 1 layers — reason=cleanup
18:12:22 robot_arb INFO EXIT layer #1 reason=cleanup | MARKET sell 10 + buy 1
18:12:22 orders_arb INFO gRPC sending: market sell 10 GAZP@MISX acc=1225950 @ MKT
18:12:22 orders_arb ERROR gRPC order error (GAZP@RTSX sell 10@None): code=StatusCode.INTERNAL details=Jwt token check failed: UNAUTHENTICATED: Token is expired
18:12:22 orders_arb WARNING gRPC market failed, falling back to DP server
18:12:22 orders_arb ERROR Market order error (GAZP@RTSX sell 10): no response
18:12:22 orders_arb INFO gRPC sending: market buy 1 GZU6@RTSX acc=1225953 @ MKT
18:12:22 orders_arb ERROR gRPC order error (GZU6@RTSX buy 1@None): code=StatusCode.INTERNAL details=Jwt token check failed: UNAUTHENTICATED: Token is expired
18:12:22 orders_arb WARNING gRPC market failed, falling back to DP server
18:12:22 orders_arb INFO Market placed: arb_exit_1 buy 1 GZU6@RTSX id=1896048080582014814
18:12:22 robot_arb ERROR Market exit failed layer #1: A=FAIL B=OK
18:12:23 robot_arb INFO Cleanup: 1 open layers in mode=stopped, attempting close...
18:12:23 robot_arb INFO EXIT ALL 1 layers — reason=cleanup
18:12:23 robot_arb INFO EXIT layer #1 reason=cleanup | MARKET sell 10 + buy 1
18:12:23 orders_arb INFO gRPC sending: market sell 10 GAZP@MISX acc=1225950 @ MKT
18:12:23 orders_arb ERROR gRPC order error (GAZP@RTSX sell 10@None): code=StatusCode.INTERNAL details=Jwt token check failed: UNAUTHENTICATED: Token is expired
18:12:23 orders_arb WARNING gRPC market failed, falling back to DP server
18:12:23 orders_arb ERROR Market order error (GAZP@RTSX sell 10): no response
18:12:23 orders_arb INFO gRPC sending: market buy 1 GZU6@RTSX acc=1225953 @ MKT
18:12:23 orders_arb ERROR gRPC order error (GZU6@RTSX buy 1@None): code=StatusCode.INTERNAL details=Jwt token check failed: UNAUTHENTICATED: Token is expired
18:12:23 orders_arb WARNING gRPC market failed, falling back to DP server
18:12:24 orders_arb INFO Market placed: arb_exit_1 buy 1 GZU6@RTSX id=1896048080582014830
18:12:24 robot_arb ERROR Market exit failed layer #1: A=FAIL B=OK
18:12:25 robot_arb INFO Cleanup: 1 open layers in mode=stopped, attempting close...
18:12:25 robot_arb INFO EXIT ALL 1 layers — reason=cleanup
18:12:25 robot_arb INFO EXIT layer #1 reason=cleanup | MARKET sell 10 + buy 1
18:12:25 orders_arb INFO gRPC sending: market sell 10 GAZP@MISX acc=1225950 @ MKT
18:12:25 orders_arb ERROR gRPC order error (GAZP@RTSX sell 10@None): code=StatusCode.INTERNAL details=Jwt token check failed: UNAUTHENTICATED: Token is expired
18:12:25 orders_arb WARNING gRPC market failed, falling back to DP server
18:12:25 orders_arb ERROR Market order error (GAZP@RTSX sell 10): no response
18:12:25 orders_arb INFO gRPC sending: market buy 1 GZU6@RTSX acc=1225953 @ MKT
18:12:25 orders_arb ERROR gRPC order error (GZU6@RTSX buy 1@None): code=StatusCode.INTERNAL details=Jwt token check failed: UNAUTHENTICATED: Token is expired
18:12:25 orders_arb WARNING gRPC market failed, falling back to DP server
18:12:25 orders_arb INFO Market placed: arb_exit_1 buy 1 GZU6@RTSX id=1896048080582014845
18:12:25 robot_arb ERROR Market exit failed layer #1: A=FAIL B=OK
18:12:26 robot_arb INFO Cleanup: 1 open layers in mode=stopped, attempting close...
18:12:26 robot_arb INFO EXIT ALL 1 layers — reason=cleanup
18:12:26 robot_arb INFO EXIT layer #1 reason=cleanup | MARKET sell 10 + buy 1
18:12:26 orders_arb INFO gRPC sending: market sell 10 GAZP@MISX acc=1225950 @ MKT
18:12:26 orders_arb ERROR gRPC order error (GAZP@RTSX sell 10@None): code=StatusCode.INTERNAL details=Jwt token check failed: UNAUTHENTICATED: Token is expired
18:12:26 orders_arb WARNING gRPC market failed, falling back to DP server
18:12:26 orders_arb ERROR Market order error (GAZP@RTSX sell 10): no response
18:12:26 orders_arb INFO gRPC sending: market buy 1 GZU6@RTSX acc=1225953 @ MKT
18:12:26 orders_arb ERROR gRPC order error (GZU6@RTSX buy 1@None): code=StatusCode.INTERNAL details=Jwt token check failed: UNAUTHENTICATED: Token is expired
18:12:26 orders_arb WARNING gRPC market failed, falling back to DP server
18:12:26 orders_arb INFO Market placed: arb_exit_1 buy 1 GZU6@RTSX id=1896048080582014849
18:12:26 robot_arb ERROR Market exit failed layer #1: A=FAIL B=OK
18:12:27 robot_arb INFO Cleanup: 1 open layers in mode=stopped, attempting close...
18:12:27 robot_arb INFO EXIT ALL 1 layers — reason=cleanup
18:12:27 robot_arb INFO EXIT layer #1 reason=cleanup | MARKET sell 10 + buy 1
18:12:27 orders_arb INFO gRPC sending: market sell 10 GAZP@MISX acc=1225950 @ MKT
18:12:28 orders_arb ERROR gRPC order error (GAZP@RTSX sell 10@None): code=StatusCode.INTERNAL details=Jwt token check failed: UNAUTHENTICATED: Token is expired
18:12:28 orders_arb WARNING gRPC market failed, falling back to DP server
18:12:28 orders_arb ERROR Market order error (GAZP@RTSX sell 10): no response
18:12:28 orders_arb INFO gRPC sending: market buy 1 GZU6@RTSX acc=1225953 @ MKT
18:12:28 orders_arb ERROR gRPC order error (GZU6@RTSX buy 1@None): code=StatusCode.INTERNAL details=Jwt token check failed: UNAUTHENTICATED: Token is expired
18:12:28 orders_arb WARNING gRPC market failed, falling back to DP server
18:12:28 orders_arb INFO Market placed: arb_exit_1 buy 1 GZU6@RTSX id=1896048080582014850
18:12:28 robot_arb ERROR Market exit failed layer #1: A=FAIL B=OK
18:12:29 robot_arb INFO Cleanup: 1 open layers in mode=stopped, attempting close...
18:12:29 robot_arb INFO EXIT ALL 1 layers — reason=cleanup
18:12:29 robot_arb INFO EXIT layer #1 reason=cleanup | MARKET sell 10 + buy 1
18:12:29 orders_arb INFO gRPC sending: market sell 10 GAZP@MISX acc=1225950 @ MKT
18:12:29 orders_arb ERROR gRPC order error (GAZP@RTSX sell 10@None): code=StatusCode.INTERNAL details=Trading is not available at the moment
18:12:29 orders_arb WARNING gRPC market failed, falling back to DP server
18:12:29 orders_arb ERROR Market order error (GAZP@RTSX sell 10): no response
18:12:29 orders_arb INFO gRPC sending: market buy 1 GZU6@RTSX acc=1225953 @ MKT
18:12:29 orders_arb ERROR gRPC order error (GZU6@RTSX buy 1@None): code=StatusCode.INTERNAL details=Jwt token check failed: UNAUTHENTICATED: Token is expired
18:12:29 orders_arb WARNING gRPC market failed, falling back to DP server
18:12:29 orders_arb INFO Market placed: arb_exit_1 buy 1 GZU6@RTSX id=1896048080582014854
18:12:29 robot_arb ERROR Market exit failed layer #1: A=FAIL B=OK
18:12:30 robot_arb INFO Cleanup: 1 open layers in mode=stopped, attempting close...
18:12:30 robot_arb INFO EXIT ALL 1 layers — reason=cleanup
18:12:30 robot_arb INFO EXIT layer #1 reason=cleanup | MARKET sell 10 + buy 1
18:12:30 orders_arb INFO gRPC sending: market sell 10 GAZP@MISX acc=1225950 @ MKT
18:12:30 orders_arb ERROR gRPC order error (GAZP@RTSX sell 10@None): code=StatusCode.INTERNAL details=Trading is not available at the moment
18:12:30 orders_arb WARNING gRPC market failed, falling back to DP server
18:12:30 orders_arb ERROR Market order error (GAZP@RTSX sell 10): no response
18:12:30 orders_arb INFO gRPC sending: market buy 1 GZU6@RTSX acc=1225953 @ MKT
18:12:30 orders_arb ERROR gRPC order error (GZU6@RTSX buy 1@None): code=StatusCode.INTERNAL details=Jwt token check failed: UNAUTHENTICATED: Token is expired
18:12:30 orders_arb WARNING gRPC market failed, falling back to DP server
18:12:31 orders_arb INFO Market placed: arb_exit_1 buy 1 GZU6@RTSX id=1896048080582014858
18:12:31 robot_arb ERROR Market exit failed layer #1: A=FAIL B=OK
18:12:32 robot_arb INFO Cleanup: 1 open layers in mode=stopped, attempting close...
18:12:32 robot_arb INFO EXIT ALL 1 layers — reason=cleanup
18:12:32 robot_arb INFO EXIT layer #1 reason=cleanup | MARKET sell 10 + buy 1
18:12:32 orders_arb INFO gRPC sending: market sell 10 GAZP@MISX acc=1225950 @ MKT
18:12:32 orders_arb ERROR gRPC order error (GAZP@RTSX sell 10@None): code=StatusCode.INTERNAL details=Jwt token check failed: UNAUTHENTICATED: Token is expired
18:12:32 orders_arb WARNING gRPC market failed, falling back to DP server
18:12:32 orders_arb ERROR Market order error (GAZP@RTSX sell 10): no response
18:12:32 orders_arb INFO gRPC sending: market buy 1 GZU6@RTSX acc=1225953 @ MKT
18:12:32 orders_arb ERROR gRPC order error (GZU6@RTSX buy 1@None): code=StatusCode.INTERNAL details=Jwt token check failed: UNAUTHENTICATED: Token is expired
18:12:32 orders_arb WARNING gRPC market failed, falling back to DP server
18:12:32 orders_arb INFO Market placed: arb_exit_1 buy 1 GZU6@RTSX id=1896048080582014861
18:12:32 robot_arb ERROR Market exit failed layer #1: A=FAIL B=OK
18:12:33 robot_arb INFO Cleanup: 1 open layers in mode=stopped, attempting close...
18:12:33 robot_arb INFO EXIT ALL 1 layers — reason=cleanup
18:12:33 robot_arb INFO EXIT layer #1 reason=cleanup | MARKET sell 10 + buy 1
18:12:33 orders_arb INFO gRPC sending: market sell 10 GAZP@MISX acc=1225950 @ MKT
18:12:33 orders_arb ERROR gRPC order error (GAZP@RTSX sell 10@None): code=StatusCode.INTERNAL details=Jwt token check failed: UNAUTHENTICATED: Token is expired
18:12:33 orders_arb WARNING gRPC market failed, falling back to DP server
18:12:33 orders_arb ERROR Market order error (GAZP@RTSX sell 10): no response
18:12:33 orders_arb INFO gRPC sending: market buy 1 GZU6@RTSX acc=1225953 @ MKT
18:12:33 orders_arb ERROR gRPC order error (GZU6@RTSX buy 1@None): code=StatusCode.INTERNAL details=Jwt token check failed: UNAUTHENTICATED: Token is expired
18:12:33 orders_arb WARNING gRPC market failed, falling back to DP server
18:12:33 orders_arb INFO Market placed: arb_exit_1 buy 1 GZU6@RTSX id=1896048080582014878
18:12:33 robot_arb ERROR Market exit failed layer #1: A=FAIL B=OK
18:12:34 robot_arb INFO Cleanup: 1 open layers in mode=stopped, attempting close...
18:12:34 robot_arb INFO EXIT ALL 1 layers — reason=cleanup
18:12:34 robot_arb INFO EXIT layer #1 reason=cleanup | MARKET sell 10 + buy 1
18:12:34 orders_arb INFO gRPC sending: market sell 10 GAZP@MISX acc=1225950 @ MKT
18:12:34 orders_arb ERROR gRPC order error (GAZP@RTSX sell 10@None): code=StatusCode.INTERNAL details=Jwt token check failed: UNAUTHENTICATED: Token is expired
18:12:34 orders_arb WARNING gRPC market failed, falling back to DP server
18:12:34 orders_arb ERROR Market order error (GAZP@RTSX sell 10): no response
18:12:34 orders_arb INFO gRPC sending: market buy 1 GZU6@RTSX acc=1225953 @ MKT
18:12:34 orders_arb ERROR gRPC order error (GZU6@RTSX buy 1@None): code=StatusCode.INTERNAL details=Jwt token check failed: UNAUTHENTICATED: Token is expired
18:12:34 orders_arb WARNING gRPC market failed, falling back to DP server
18:12:34 orders_arb INFO Market placed: arb_exit_1 buy 1 GZU6@RTSX id=1896048080582014901
18:12:34 robot_arb ERROR Market exit failed layer #1: A=FAIL B=OK
18:12:35 robot_arb INFO Cleanup: 1 open layers in mode=stopped, attempting close...
18:12:35 robot_arb INFO EXIT ALL 1 layers — reason=cleanup
18:12:35 robot_arb INFO EXIT layer #1 reason=cleanup | MARKET sell 10 + buy 1
18:12:35 orders_arb INFO gRPC sending: market sell 10 GAZP@MISX acc=1225950 @ MKT
18:12:35 orders_arb ERROR gRPC order error (GAZP@RTSX sell 10@None): code=StatusCode.INTERNAL details=Jwt token check failed: UNAUTHENTICATED: Token is expired
18:12:35 orders_arb WARNING gRPC market failed, falling back to DP server
18:12:36 orders_arb ERROR Market order error (GAZP@RTSX sell 10): no response
18:12:36 orders_arb INFO gRPC sending: market buy 1 GZU6@RTSX acc=1225953 @ MKT
18:12:36 orders_arb ERROR gRPC order error (GZU6@RTSX buy 1@None): code=StatusCode.INTERNAL details=Jwt token check failed: UNAUTHENTICATED: Token is expired
18:12:36 orders_arb WARNING gRPC market failed, falling back to DP server
18:12:36 orders_arb INFO Market placed: arb_exit_1 buy 1 GZU6@RTSX id=1896048080582014906
18:12:36 robot_arb ERROR Market exit failed layer #1: A=FAIL B=OK
18:12:37 robot_arb INFO Cleanup: 1 open layers in mode=stopped, attempting close...
18:12:37 robot_arb INFO EXIT ALL 1 layers — reason=cleanup
18:12:37 robot_arb INFO EXIT layer #1 reason=cleanup | MARKET sell 10 + buy 1
18:12:37 orders_arb INFO gRPC sending: market sell 10 GAZP@MISX acc=1225950 @ MKT
18:12:37 orders_arb ERROR gRPC order error (GAZP@RTSX sell 10@None): code=StatusCode.INTERNAL details=Trading is not available at the moment
18:12:37 orders_arb WARNING gRPC market failed, falling back to DP server
18:12:37 orders_arb ERROR Market order error (GAZP@RTSX sell 10): no response
18:12:37 orders_arb INFO gRPC sending: market buy 1 GZU6@RTSX acc=1225953 @ MKT
18:12:37 orders_arb ERROR gRPC order error (GZU6@RTSX buy 1@None): code=StatusCode.INTERNAL details=Jwt token check failed: UNAUTHENTICATED: Token is expired
18:12:37 orders_arb WARNING gRPC market failed, falling back to DP server
18:12:37 orders_arb INFO Market placed: arb_exit_1 buy 1 GZU6@RTSX id=1896048080582014934
18:12:37 robot_arb ERROR Market exit failed layer #1: A=FAIL B=OK
18:12:38 robot_arb INFO Cleanup: 1 open layers in mode=stopped, attempting close...
18:12:38 robot_arb INFO EXIT ALL 1 layers — reason=cleanup
18:12:38 robot_arb INFO EXIT layer #1 reason=cleanup | MARKET sell 10 + buy 1
18:12:38 orders_arb INFO gRPC sending: market sell 10 GAZP@MISX acc=1225950 @ MKT
18:12:38 orders_arb ERROR gRPC order error (GAZP@RTSX sell 10@None): code=StatusCode.INTERNAL details=Trading is not available at the moment
18:12:38 orders_arb WARNING gRPC market failed, falling back to DP server
18:12:38 orders_arb ERROR Market order error (GAZP@RTSX sell 10): no response
18:12:38 orders_arb INFO gRPC sending: market buy 1 GZU6@RTSX acc=1225953 @ MKT
18:12:38 orders_arb ERROR gRPC order error (GZU6@RTSX buy 1@None): code=StatusCode.INTERNAL details=Jwt token check failed: UNAUTHENTICATED: Token is expired
18:12:38 orders_arb WARNING gRPC market failed, falling back to DP server
18:12:39 orders_arb INFO Market placed: arb_exit_1 buy 1 GZU6@RTSX id=1896048080582014940
18:12:39 robot_arb ERROR Market exit failed layer #1: A=FAIL B=OK
18:12:40 robot_arb INFO Cleanup: 1 open layers in mode=stopped, attempting close...
18:12:40 robot_arb INFO EXIT ALL 1 layers — reason=cleanup
18:12:40 robot_arb INFO EXIT layer #1 reason=cleanup | MARKET sell 10 + buy 1
18:12:40 orders_arb INFO gRPC sending: market sell 10 GAZP@MISX acc=1225950 @ MKT
18:12:40 orders_arb ERROR gRPC order error (GAZP@RTSX sell 10@None): code=StatusCode.INTERNAL details=Trading is not available at the moment
18:12:40 orders_arb WARNING gRPC market failed, falling back to DP server
18:12:40 orders_arb ERROR Market order error (GAZP@RTSX sell 10): no response
18:12:40 orders_arb INFO gRPC sending: market buy 1 GZU6@RTSX acc=1225953 @ MKT
18:12:40 orders_arb ERROR gRPC order error (GZU6@RTSX buy 1@None): code=StatusCode.INTERNAL details=Jwt token check failed: UNAUTHENTICATED: Token is expired
18:12:40 orders_arb WARNING gRPC market failed, falling back to DP server
18:12:40 orders_arb INFO Market placed: arb_exit_1 buy 1 GZU6@RTSX id=1896048080582014958
18:12:40 robot_arb ERROR Market exit failed layer #1: A=FAIL B=OK
18:12:41 robot_arb INFO Cleanup: 1 open layers in mode=stopped, attempting close...
18:12:41 robot_arb INFO EXIT ALL 1 layers — reason=cleanup
18:12:41 robot_arb INFO EXIT layer #1 reason=cleanup | MARKET sell 10 + buy 1
18:12:41 orders_arb INFO gRPC sending: market sell 10 GAZP@MISX acc=1225950 @ MKT
18:12:41 orders_arb ERROR gRPC order error (GAZP@RTSX sell 10@None): code=StatusCode.INTERNAL details=Jwt token check failed: UNAUTHENTICATED: Token is expired
18:12:41 orders_arb WARNING gRPC market failed, falling back to DP server
18:12:41 orders_arb ERROR Market order error (GAZP@RTSX sell 10): no response
18:12:41 orders_arb INFO gRPC sending: market buy 1 GZU6@RTSX acc=1225953 @ MKT
18:12:41 orders_arb ERROR gRPC order error (GZU6@RTSX buy 1@None): code=StatusCode.INTERNAL details=Jwt token check failed: UNAUTHENTICATED: Token is expired
18:12:41 orders_arb WARNING gRPC market failed, falling back to DP server
18:12:41 orders_arb INFO Market placed: arb_exit_1 buy 1 GZU6@RTSX id=1896048080582014962
18:12:41 robot_arb ERROR Market exit failed layer #1: A=FAIL B=OK
18:12:42 robot_arb INFO Cleanup: 1 open layers in mode=stopped, attempting close...
18:12:42 robot_arb INFO EXIT ALL 1 layers — reason=cleanup
18:12:42 robot_arb INFO EXIT layer #1 reason=cleanup | MARKET sell 10 + buy 1
18:12:42 orders_arb INFO gRPC sending: market sell 10 GAZP@MISX acc=1225950 @ MKT
18:12:42 orders_arb ERROR gRPC order error (GAZP@RTSX sell 10@None): code=StatusCode.INTERNAL details=Jwt token check failed: UNAUTHENTICATED: Token is expired
18:12:42 orders_arb WARNING gRPC market failed, falling back to DP server
18:12:42 orders_arb ERROR Market order error (GAZP@RTSX sell 10): no response
18:12:42 orders_arb INFO gRPC sending: market buy 1 GZU6@RTSX acc=1225953 @ MKT
18:12:42 orders_arb ERROR gRPC order error (GZU6@RTSX buy 1@None): code=StatusCode.INTERNAL details=Jwt token check failed: UNAUTHENTICATED: Token is expired
18:12:42 orders_arb WARNING gRPC market failed, falling back to DP server
18:12:43 orders_arb INFO Market placed: arb_exit_1 buy 1 GZU6@RTSX id=1896048080582014976
18:12:43 robot_arb ERROR Market exit failed layer #1: A=FAIL B=OK
18:12:44 robot_arb INFO Cleanup: 1 open layers in mode=stopped, attempting close...
18:12:44 robot_arb INFO EXIT ALL 1 layers — reason=cleanup
18:12:44 robot_arb INFO EXIT layer #1 reason=cleanup | MARKET sell 10 + buy 1
18:12:44 orders_arb INFO gRPC sending: market sell 10 GAZP@MISX acc=1225950 @ MKT
18:12:44 orders_arb ERROR gRPC order error (GAZP@RTSX sell 10@None): code=StatusCode.INTERNAL details=Trading is not available at the moment
18:12:44 orders_arb WARNING gRPC market failed, falling back to DP server
18:12:44 orders_arb ERROR Market order error (GAZP@RTSX sell 10): no response
18:12:44 orders_arb INFO gRPC sending: market buy 1 GZU6@RTSX acc=1225953 @ MKT
18:12:44 orders_arb ERROR gRPC order error (GZU6@RTSX buy 1@None): code=StatusCode.INTERNAL details=Jwt token check failed: UNAUTHENTICATED: Token is expired
18:12:44 orders_arb WARNING gRPC market failed, falling back to DP server
18:12:44 orders_arb INFO Market placed: arb_exit_1 buy 1 GZU6@RTSX id=1896048080582014981
18:12:44 robot_arb ERROR Market exit failed layer #1: A=FAIL B=OK
18:12:45 robot_arb INFO Cleanup: 1 open layers in mode=stopped, attempting close...
18:12:45 robot_arb INFO EXIT ALL 1 layers — reason=cleanup
18:12:45 robot_arb INFO EXIT layer #1 reason=cleanup | MARKET sell 10 + buy 1
18:12:45 orders_arb INFO gRPC sending: market sell 10 GAZP@MISX acc=1225950 @ MKT
18:12:45 orders_arb ERROR gRPC order error (GAZP@RTSX sell 10@None): code=StatusCode.INTERNAL details=Jwt token check failed: UNAUTHENTICATED: Token is expired
18:12:45 orders_arb WARNING gRPC market failed, falling back to DP server
18:12:45 orders_arb ERROR Market order error (GAZP@RTSX sell 10): no response
18:12:45 orders_arb INFO gRPC sending: market buy 1 GZU6@RTSX acc=1225953 @ MKT
18:12:45 orders_arb ERROR gRPC order error (GZU6@RTSX buy 1@None): code=StatusCode.INTERNAL details=Jwt token check failed: UNAUTHENTICATED: Token is expired
18:12:45 orders_arb WARNING gRPC market failed, falling back to DP server
18:12:45 orders_arb INFO Market placed: arb_exit_1 buy 1 GZU6@RTSX id=1896048080582014991
18:12:45 robot_arb ERROR Market exit failed layer #1: A=FAIL B=OK
18:12:46 robot_arb INFO Cleanup: 1 open layers in mode=stopped, attempting close...
18:12:46 robot_arb INFO EXIT ALL 1 layers — reason=cleanup
18:12:46 robot_arb INFO EXIT layer #1 reason=cleanup | MARKET sell 10 + buy 1
18:12:46 orders_arb INFO gRPC sending: market sell 10 GAZP@MISX acc=1225950 @ MKT
18:12:46 orders_arb ERROR gRPC order error (GAZP@RTSX sell 10@None): code=StatusCode.INTERNAL details=Jwt token check failed: UNAUTHENTICATED: Token is expired
18:12:46 orders_arb WARNING gRPC market failed, falling back to DP server
18:12:46 orders_arb ERROR Market order error (GAZP@RTSX sell 10): no response
18:12:46 orders_arb INFO gRPC sending: market buy 1 GZU6@RTSX acc=1225953 @ MKT
18:12:47 orders_arb ERROR gRPC order error (GZU6@RTSX buy 1@None): code=StatusCode.INTERNAL details=Trading is not available at the moment
18:12:47 orders_arb WARNING gRPC market failed, falling back to DP server
18:12:47 orders_arb INFO Market placed: arb_exit_1 buy 1 GZU6@RTSX id=1896048080582014997
18:12:47 robot_arb ERROR Market exit failed layer #1: A=FAIL B=OK
18:12:48 robot_arb INFO Cleanup: 1 open layers in mode=stopped, attempting close...
18:12:48 robot_arb INFO EXIT ALL 1 layers — reason=cleanup
18:12:48 robot_arb INFO EXIT layer #1 reason=cleanup | MARKET sell 10 + buy 1
18:12:48 orders_arb INFO gRPC sending: market sell 10 GAZP@MISX acc=1225950 @ MKT
18:12:48 orders_arb ERROR gRPC order error (GAZP@RTSX sell 10@None): code=StatusCode.INTERNAL details=Trading is not available at the moment
18:12:48 orders_arb WARNING gRPC market failed, falling back to DP server
18:12:48 orders_arb ERROR Market order error (GAZP@RTSX sell 10): no response
18:12:48 orders_arb INFO gRPC sending: market buy 1 GZU6@RTSX acc=1225953 @ MKT
18:12:48 orders_arb ERROR gRPC order error (GZU6@RTSX buy 1@None): code=StatusCode.INTERNAL details=Jwt token check failed: UNAUTHENTICATED: Token is expired
18:12:48 orders_arb WARNING gRPC market failed, falling back to DP server
18:12:48 orders_arb INFO Market placed: arb_exit_1 buy 1 GZU6@RTSX id=1896048080582015001
18:12:48 robot_arb ERROR Market exit failed layer #1: A=FAIL B=OK
18:12:49 robot_arb INFO Cleanup: 1 open layers in mode=stopped, attempting close...
18:12:49 robot_arb INFO EXIT ALL 1 layers — reason=cleanup
18:12:49 robot_arb INFO EXIT layer #1 reason=cleanup | MARKET sell 10 + buy 1
18:12:49 orders_arb INFO gRPC sending: market sell 10 GAZP@MISX acc=1225950 @ MKT
18:12:49 orders_arb ERROR gRPC order error (GAZP@RTSX sell 10@None): code=StatusCode.INTERNAL details=Trading is not available at the moment
18:12:49 orders_arb WARNING gRPC market failed, falling back to DP server
18:12:49 orders_arb ERROR Market order error (GAZP@RTSX sell 10): no response
18:12:49 orders_arb INFO gRPC sending: market buy 1 GZU6@RTSX acc=1225953 @ MKT
18:12:49 orders_arb ERROR gRPC order error (GZU6@RTSX buy 1@None): code=StatusCode.INTERNAL details=Jwt token check failed: UNAUTHENTICATED: Token is expired
18:12:49 orders_arb WARNING gRPC market failed, falling back to DP server
18:12:49 orders_arb INFO Market placed: arb_exit_1 buy 1 GZU6@RTSX id=1896048080582015009
18:12:49 robot_arb ERROR Market exit failed layer #1: A=FAIL B=OK
18:12:50 robot_arb INFO Cleanup: 1 open layers in mode=stopped, attempting close...
18:12:50 robot_arb INFO EXIT ALL 1 layers — reason=cleanup
18:12:50 robot_arb INFO EXIT layer #1 reason=cleanup | MARKET sell 10 + buy 1
18:12:50 orders_arb INFO gRPC sending: market sell 10 GAZP@MISX acc=1225950 @ MKT
18:12:51 orders_arb ERROR gRPC order error (GAZP@RTSX sell 10@None): code=StatusCode.INTERNAL details=Jwt token check failed: UNAUTHENTICATED: Token is expired
18:12:51 orders_arb WARNING gRPC market failed, falling back to DP server
18:12:51 orders_arb ERROR Market order error (GAZP@RTSX sell 10): no response
18:12:51 orders_arb INFO gRPC sending: market buy 1 GZU6@RTSX acc=1225953 @ MKT
18:12:51 orders_arb ERROR gRPC order error (GZU6@RTSX buy 1@None): code=StatusCode.INTERNAL details=Trading is not available at the moment
18:12:51 orders_arb WARNING gRPC market failed, falling back to DP server
18:12:51 orders_arb INFO Market placed: arb_exit_1 buy 1 GZU6@RTSX id=1896048080582015029
18:12:51 robot_arb ERROR Market exit failed layer #1: A=FAIL B=OK
18:12:52 robot_arb INFO Cleanup: 1 open layers in mode=stopped, attempting close...
18:12:52 robot_arb INFO EXIT ALL 1 layers — reason=cleanup
18:12:52 robot_arb INFO EXIT layer #1 reason=cleanup | MARKET sell 10 + buy 1
18:12:52 orders_arb INFO gRPC sending: market sell 10 GAZP@MISX acc=1225950 @ MKT
18:12:52 orders_arb ERROR gRPC order error (GAZP@RTSX sell 10@None): code=StatusCode.INTERNAL details=Jwt token check failed: UNAUTHENTICATED: Token is expired
18:12:52 orders_arb WARNING gRPC market failed, falling back to DP server
18:12:52 orders_arb ERROR Market order error (GAZP@RTSX sell 10): no response
18:12:52 orders_arb INFO gRPC sending: market buy 1 GZU6@RTSX acc=1225953 @ MKT
18:12:52 orders_arb ERROR gRPC order error (GZU6@RTSX buy 1@None): code=StatusCode.INTERNAL details=Jwt token check failed: UNAUTHENTICATED: Token is expired
18:12:52 orders_arb WARNING gRPC market failed, falling back to DP server
18:12:52 orders_arb INFO Market placed: arb_exit_1 buy 1 GZU6@RTSX id=1896048080582015036
18:12:52 robot_arb ERROR Market exit failed layer #1: A=FAIL B=OK
18:12:53 robot_arb INFO Cleanup: 1 open layers in mode=stopped, attempting close...
18:12:53 robot_arb INFO EXIT ALL 1 layers — reason=cleanup
18:12:53 robot_arb INFO EXIT layer #1 reason=cleanup | MARKET sell 10 + buy 1
18:12:53 orders_arb INFO gRPC sending: market sell 10 GAZP@MISX acc=1225950 @ MKT
18:12:53 orders_arb ERROR gRPC order error (GAZP@RTSX sell 10@None): code=StatusCode.INTERNAL details=Trading is not available at the moment
18:12:53 orders_arb WARNING gRPC market failed, falling back to DP server
18:12:53 orders_arb ERROR Market order error (GAZP@RTSX sell 10): no response
18:12:53 orders_arb INFO gRPC sending: market buy 1 GZU6@RTSX acc=1225953 @ MKT
18:12:53 orders_arb ERROR gRPC order error (GZU6@RTSX buy 1@None): code=StatusCode.INTERNAL details=Jwt token check failed: UNAUTHENTICATED: Token is expired
18:12:53 orders_arb WARNING gRPC market failed, falling back to DP server
18:12:54 orders_arb INFO Market placed: arb_exit_1 buy 1 GZU6@RTSX id=1896048080582015042
18:12:54 robot_arb ERROR Market exit failed layer #1: A=FAIL B=OK
18:12:55 robot_arb INFO Cleanup: 1 open layers in mode=stopped, attempting close...
18:12:55 robot_arb INFO EXIT ALL 1 layers — reason=cleanup
18:12:55 robot_arb INFO EXIT layer #1 reason=cleanup | MARKET sell 10 + buy 1
18:12:55 orders_arb INFO gRPC sending: market sell 10 GAZP@MISX acc=1225950 @ MKT
18:12:55 orders_arb ERROR gRPC order error (GAZP@RTSX sell 10@None): code=StatusCode.INTERNAL details=Jwt token check failed: UNAUTHENTICATED: Token is expired
18:12:55 orders_arb WARNING gRPC market failed, falling back to DP server
18:12:55 orders_arb ERROR Market order error (GAZP@RTSX sell 10): no response
18:12:55 orders_arb INFO gRPC sending: market buy 1 GZU6@RTSX acc=1225953 @ MKT
18:12:55 orders_arb ERROR gRPC order error (GZU6@RTSX buy 1@None): code=StatusCode.INTERNAL details=Trading is not available at the moment
18:12:55 orders_arb WARNING gRPC market failed, falling back to DP server
18:12:55 orders_arb INFO Market placed: arb_exit_1 buy 1 GZU6@RTSX id=1896048080582015046
18:12:55 robot_arb ERROR Market exit failed layer #1: A=FAIL B=OK
18:12:56 robot_arb INFO Cleanup: 1 open layers in mode=stopped, attempting close...
18:12:56 robot_arb INFO EXIT ALL 1 layers — reason=cleanup
18:12:56 robot_arb INFO EXIT layer #1 reason=cleanup | MARKET sell 10 + buy 1
18:12:56 orders_arb INFO gRPC sending: market sell 10 GAZP@MISX acc=1225950 @ MKT
18:12:56 orders_arb ERROR gRPC order error (GAZP@RTSX sell 10@None): code=StatusCode.INTERNAL details=Jwt token check failed: UNAUTHENTICATED: Token is expired
18:12:56 orders_arb WARNING gRPC market failed, falling back to DP server
18:12:56 orders_arb ERROR Market order error (GAZP@RTSX sell 10): no response
18:12:56 orders_arb INFO gRPC sending: market buy 1 GZU6@RTSX acc=1225953 @ MKT
18:12:56 orders_arb ERROR gRPC order error (GZU6@RTSX buy 1@None): code=StatusCode.INTERNAL details=Jwt token check failed: UNAUTHENTICATED: Token is expired
18:12:56 orders_arb WARNING gRPC market failed, falling back to DP server
18:12:56 orders_arb INFO Market placed: arb_exit_1 buy 1 GZU6@RTSX id=1896048080582015054
18:12:56 robot_arb ERROR Market exit failed layer #1: A=FAIL B=OK
18:12:57 robot_arb INFO Cleanup: 1 open layers in mode=stopped, attempting close...
18:12:57 robot_arb INFO EXIT ALL 1 layers — reason=cleanup
18:12:57 robot_arb INFO EXIT layer #1 reason=cleanup | MARKET sell 10 + buy 1
18:12:57 orders_arb INFO gRPC sending: market sell 10 GAZP@MISX acc=1225950 @ MKT
18:12:57 orders_arb ERROR gRPC order error (GAZP@RTSX sell 10@None): code=StatusCode.INTERNAL details=Jwt token check failed: UNAUTHENTICATED: Token is expired
18:12:57 orders_arb WARNING gRPC market failed, falling back to DP server
18:12:57 orders_arb ERROR Market order error (GAZP@RTSX sell 10): no response
18:12:57 orders_arb INFO gRPC sending: market buy 1 GZU6@RTSX acc=1225953 @ MKT
18:12:57 orders_arb ERROR gRPC order error (GZU6@RTSX buy 1@None): code=StatusCode.INTERNAL details=Trading is not available at the moment
18:12:57 orders_arb WARNING gRPC market failed, falling back to DP server
18:12:58 orders_arb INFO Market placed: arb_exit_1 buy 1 GZU6@RTSX id=1896048080582015081
18:12:58 robot_arb ERROR Market exit failed layer #1: A=FAIL B=OK
18:12:59 robot_arb INFO Cleanup: 1 open layers in mode=stopped, attempting close...
18:12:59 robot_arb INFO EXIT ALL 1 layers — reason=cleanup
18:12:59 robot_arb INFO EXIT layer #1 reason=cleanup | MARKET sell 10 + buy 1
18:12:59 orders_arb INFO gRPC sending: market sell 10 GAZP@MISX acc=1225950 @ MKT
18:12:59 orders_arb ERROR gRPC order error (GAZP@RTSX sell 10@None): code=StatusCode.INTERNAL details=Jwt token check failed: UNAUTHENTICATED: Token is expired
18:12:59 orders_arb WARNING gRPC market failed, falling back to DP server
18:12:59 orders_arb ERROR Market order error (GAZP@RTSX sell 10): no response
18:12:59 orders_arb INFO gRPC sending: market buy 1 GZU6@RTSX acc=1225953 @ MKT
18:12:59 orders_arb ERROR gRPC order error (GZU6@RTSX buy 1@None): code=StatusCode.INTERNAL details=Jwt token check failed: UNAUTHENTICATED: Token is expired
18:12:59 orders_arb WARNING gRPC market failed, falling back to DP server
18:12:59 orders_arb INFO Market placed: arb_exit_1 buy 1 GZU6@RTSX id=1896048080582015097
18:12:59 robot_arb ERROR Market exit failed layer #1: A=FAIL B=OK
18:13:00 robot_arb INFO Cleanup: 1 open layers in mode=stopped, attempting close...
18:13:00 robot_arb INFO EXIT ALL 1 layers — reason=cleanup
18:13:00 robot_arb INFO EXIT layer #1 reason=cleanup | MARKET sell 10 + buy 1
18:13:00 orders_arb INFO gRPC sending: market sell 10 GAZP@MISX acc=1225950 @ MKT
18:13:00 orders_arb ERROR gRPC order error (GAZP@RTSX sell 10@None): code=StatusCode.INTERNAL details=Jwt token check failed: UNAUTHENTICATED: Token is expired
18:13:00 orders_arb WARNING gRPC market failed, falling back to DP server
18:13:00 orders_arb ERROR Market order error (GAZP@RTSX sell 10): no response
18:13:00 orders_arb INFO gRPC sending: market buy 1 GZU6@RTSX acc=1225953 @ MKT
18:13:00 orders_arb ERROR gRPC order error (GZU6@RTSX buy 1@None): code=StatusCode.INTERNAL details=Jwt token check failed: UNAUTHENTICATED: Token is expired
18:13:00 orders_arb WARNING gRPC market failed, falling back to DP server
18:13:00 orders_arb INFO Market placed: arb_exit_1 buy 1 GZU6@RTSX id=1896048080582015112
18:13:00 robot_arb ERROR Market exit failed layer #1: A=FAIL B=OK
18:13:01 robot_arb INFO Cleanup: 1 open layers in mode=stopped, attempting close...
18:13:01 robot_arb INFO EXIT ALL 1 layers — reason=cleanup
18:13:01 robot_arb INFO EXIT layer #1 reason=cleanup | MARKET sell 10 + buy 1
18:13:01 orders_arb INFO gRPC sending: market sell 10 GAZP@MISX acc=1225950 @ MKT
18:13:01 orders_arb ERROR gRPC order error (GAZP@RTSX sell 10@None): code=StatusCode.INTERNAL details=Jwt token check failed: UNAUTHENTICATED: Token is expired
18:13:01 orders_arb WARNING gRPC market failed, falling back to DP server
18:13:01 orders_arb ERROR Market order error (GAZP@RTSX sell 10): no response
18:13:01 orders_arb INFO gRPC sending: market buy 1 GZU6@RTSX acc=1225953 @ MKT
18:13:01 orders_arb ERROR gRPC order error (GZU6@RTSX buy 1@None): code=StatusCode.INTERNAL details=Trading is not available at the moment
18:13:01 orders_arb WARNING gRPC market failed, falling back to DP server
18:13:02 orders_arb INFO Market placed: arb_exit_1 buy 1 GZU6@RTSX id=1896048080582015117
18:13:02 robot_arb ERROR Market exit failed layer #1: A=FAIL B=OK
18:13:03 robot_arb INFO Cleanup: 1 open layers in mode=stopped, attempting close...
18:13:03 robot_arb INFO EXIT ALL 1 layers — reason=cleanup
18:13:03 robot_arb INFO EXIT layer #1 reason=cleanup | MARKET sell 10 + buy 1
18:13:03 orders_arb INFO gRPC sending: market sell 10 GAZP@MISX acc=1225950 @ MKT
18:13:03 orders_arb ERROR gRPC order error (GAZP@RTSX sell 10@None): code=StatusCode.INTERNAL details=Trading is not available at the moment
18:13:03 orders_arb WARNING gRPC market failed, falling back to DP server
18:13:03 orders_arb ERROR Market order error (GAZP@RTSX sell 10): no response
18:13:03 orders_arb INFO gRPC sending: market buy 1 GZU6@RTSX acc=1225953 @ MKT
18:13:03 orders_arb ERROR gRPC order error (GZU6@RTSX buy 1@None): code=StatusCode.INTERNAL details=Jwt token check failed: UNAUTHENTICATED: Token is expired
18:13:03 orders_arb WARNING gRPC market failed, falling back to DP server
18:13:03 orders_arb INFO Market placed: arb_exit_1 buy 1 GZU6@RTSX id=1896048080582015121
18:13:03 robot_arb ERROR Market exit failed layer #1: A=FAIL B=OK
18:13:04 robot_arb INFO Cleanup: 1 open layers in mode=stopped, attempting close...
18:13:04 robot_arb INFO EXIT ALL 1 layers — reason=cleanup
18:13:04 robot_arb INFO EXIT layer #1 reason=cleanup | MARKET sell 10 + buy 1
18:13:04 orders_arb INFO gRPC sending: market sell 10 GAZP@MISX acc=1225950 @ MKT
18:13:04 orders_arb ERROR gRPC order error (GAZP@RTSX sell 10@None): code=StatusCode.INTERNAL details=Jwt token check failed: UNAUTHENTICATED: Token is expired
18:13:04 orders_arb WARNING gRPC market failed, falling back to DP server
18:13:04 orders_arb ERROR Market order error (GAZP@RTSX sell 10): no response
18:13:04 orders_arb INFO gRPC sending: market buy 1 GZU6@RTSX acc=1225953 @ MKT
18:13:04 orders_arb ERROR gRPC order error (GZU6@RTSX buy 1@None): code=StatusCode.INTERNAL details=Jwt token check failed: UNAUTHENTICATED: Token is expired
18:13:04 orders_arb WARNING gRPC market failed, falling back to DP server
18:13:05 orders_arb INFO Market placed: arb_exit_1 buy 1 GZU6@RTSX id=1896048080582015131
18:13:05 robot_arb ERROR Market exit failed layer #1: A=FAIL B=OK
18:13:06 robot_arb INFO Cleanup: 1 open layers in mode=stopped, attempting close...
18:13:06 robot_arb INFO EXIT ALL 1 layers — reason=cleanup
18:13:06 robot_arb INFO EXIT layer #1 reason=cleanup | MARKET sell 10 + buy 1
18:13:06 orders_arb INFO gRPC sending: market sell 10 GAZP@MISX acc=1225950 @ MKT
18:13:06 orders_arb ERROR gRPC order error (GAZP@RTSX sell 10@None): code=StatusCode.INTERNAL details=Jwt token check failed: UNAUTHENTICATED: Token is expired
18:13:06 orders_arb WARNING gRPC market failed, falling back to DP server
18:13:06 orders_arb ERROR Market order error (GAZP@RTSX sell 10): no response
18:13:06 orders_arb INFO gRPC sending: market buy 1 GZU6@RTSX acc=1225953 @ MKT
18:13:06 orders_arb ERROR gRPC order error (GZU6@RTSX buy 1@None): code=StatusCode.INTERNAL details=Jwt token check failed: UNAUTHENTICATED: Token is expired
18:13:06 orders_arb WARNING gRPC market failed, falling back to DP server
18:13:06 orders_arb INFO Market placed: arb_exit_1 buy 1 GZU6@RTSX id=1896048080582015150
18:13:06 robot_arb ERROR Market exit failed layer #1: A=FAIL B=OK
18:13:07 robot_arb INFO Cleanup: 1 open layers in mode=stopped, attempting close...
18:13:07 robot_arb INFO EXIT ALL 1 layers — reason=cleanup
18:13:07 robot_arb INFO EXIT layer #1 reason=cleanup | MARKET sell 10 + buy 1
18:13:07 orders_arb INFO gRPC sending: market sell 10 GAZP@MISX acc=1225950 @ MKT
18:13:07 orders_arb ERROR gRPC order error (GAZP@RTSX sell 10@None): code=StatusCode.INTERNAL details=Trading is not available at the moment
18:13:07 orders_arb WARNING gRPC market failed, falling back to DP server
18:13:07 orders_arb ERROR Market order error (GAZP@RTSX sell 10): no response
18:13:07 orders_arb INFO gRPC sending: market buy 1 GZU6@RTSX acc=1225953 @ MKT
18:13:07 orders_arb ERROR gRPC order error (GZU6@RTSX buy 1@None): code=StatusCode.INTERNAL details=Jwt token check failed: UNAUTHENTICATED: Token is expired
18:13:07 orders_arb WARNING gRPC market failed, falling back to DP server
18:13:07 orders_arb INFO Market placed: arb_exit_1 buy 1 GZU6@RTSX id=1896048080582015162
18:13:07 robot_arb ERROR Market exit failed layer #1: A=FAIL B=OK
18:13:08 robot_arb INFO Cleanup: 1 open layers in mode=stopped, attempting close...
18:13:08 robot_arb INFO EXIT ALL 1 layers — reason=cleanup
18:13:08 robot_arb INFO EXIT layer #1 reason=cleanup | MARKET sell 10 + buy 1
18:13:08 orders_arb INFO gRPC sending: market sell 10 GAZP@MISX acc=1225950 @ MKT
18:13:08 orders_arb ERROR gRPC order error (GAZP@RTSX sell 10@None): code=StatusCode.INTERNAL details=Jwt token check failed: UNAUTHENTICATED: Token is expired
18:13:08 orders_arb WARNING gRPC market failed, falling back to DP server
18:13:08 orders_arb ERROR Market order error (GAZP@RTSX sell 10): no response
18:13:08 orders_arb INFO gRPC sending: market buy 1 GZU6@RTSX acc=1225953 @ MKT
18:13:08 orders_arb ERROR gRPC order error (GZU6@RTSX buy 1@None): code=StatusCode.INTERNAL details=Trading is not available at the moment
18:13:08 orders_arb WARNING gRPC market failed, falling back to DP server
18:13:09 orders_arb INFO Market placed: arb_exit_1 buy 1 GZU6@RTSX id=1896048080582015204
18:13:09 robot_arb ERROR Market exit failed layer #1: A=FAIL B=OK
18:13:10 robot_arb INFO Cleanup: 1 open layers in mode=stopped, attempting close...
18:13:10 robot_arb INFO EXIT ALL 1 layers — reason=cleanup
18:13:10 robot_arb INFO EXIT layer #1 reason=cleanup | MARKET sell 10 + buy 1
18:13:10 orders_arb INFO gRPC sending: market sell 10 GAZP@MISX acc=1225950 @ MKT
18:13:10 orders_arb ERROR gRPC order error (GAZP@RTSX sell 10@None): code=StatusCode.INTERNAL details=Jwt token check failed: UNAUTHENTICATED: Token is expired
18:13:10 orders_arb WARNING gRPC market failed, falling back to DP server
18:13:10 orders_arb ERROR Market order error (GAZP@RTSX sell 10): no response
18:13:10 orders_arb INFO gRPC sending: market buy 1 GZU6@RTSX acc=1225953 @ MKT
18:13:10 orders_arb ERROR gRPC order error (GZU6@RTSX buy 1@None): code=StatusCode.INTERNAL details=Jwt token check failed: UNAUTHENTICATED: Token is expired
18:13:10 orders_arb WARNING gRPC market failed, falling back to DP server
18:13:10 orders_arb INFO Market placed: arb_exit_1 buy 1 GZU6@RTSX id=1896048080582015209
18:13:10 robot_arb ERROR Market exit failed layer #1: A=FAIL B=OK
18:13:11 robot_arb INFO Cleanup: 1 open layers in mode=stopped, attempting close...
18:13:11 robot_arb INFO EXIT ALL 1 layers — reason=cleanup
18:13:11 robot_arb INFO EXIT layer #1 reason=cleanup | MARKET sell 10 + buy 1
18:13:11 orders_arb INFO gRPC sending: market sell 10 GAZP@MISX acc=1225950 @ MKT
18:13:11 orders_arb ERROR gRPC order error (GAZP@RTSX sell 10@None): code=StatusCode.INTERNAL details=Jwt token check failed: UNAUTHENTICATED: Token is expired
18:13:11 orders_arb WARNING gRPC market failed, falling back to DP server
18:13:11 orders_arb ERROR Market order error (GAZP@RTSX sell 10): no response
18:13:11 orders_arb INFO gRPC sending: market buy 1 GZU6@RTSX acc=1225953 @ MKT
18:13:11 orders_arb ERROR gRPC order error (GZU6@RTSX buy 1@None): code=StatusCode.INTERNAL details=Jwt token check failed: UNAUTHENTICATED: Token is expired
18:13:11 orders_arb WARNING gRPC market failed, falling back to DP server
18:13:11 orders_arb INFO Market placed: arb_exit_1 buy 1 GZU6@RTSX id=1896048080582015214
18:13:11 robot_arb ERROR Market exit failed layer #1: A=FAIL B=OK
18:13:12 robot_arb INFO Cleanup: 1 open layers in mode=stopped, attempting close...
18:13:12 robot_arb INFO EXIT ALL 1 layers — reason=cleanup
18:13:12 robot_arb INFO EXIT layer #1 reason=cleanup | MARKET sell 10 + buy 1
18:13:12 orders_arb INFO gRPC sending: market sell 10 GAZP@MISX acc=1225950 @ MKT
18:13:12 orders_arb ERROR gRPC order error (GAZP@RTSX sell 10@None): code=StatusCode.INTERNAL details=Jwt token check failed: UNAUTHENTICATED: Token is expired
18:13:12 orders_arb WARNING gRPC market failed, falling back to DP server
18:13:12 orders_arb ERROR Market order error (GAZP@RTSX sell 10): no response
18:13:12 orders_arb INFO gRPC sending: market buy 1 GZU6@RTSX acc=1225953 @ MKT
18:13:12 orders_arb ERROR gRPC order error (GZU6@RTSX buy 1@None): code=StatusCode.INTERNAL details=Jwt token check failed: UNAUTHENTICATED: Token is expired
18:13:12 orders_arb WARNING gRPC market failed, falling back to DP server
18:13:13 orders_arb INFO Market placed: arb_exit_1 buy 1 GZU6@RTSX id=1896048080582015225
18:13:13 robot_arb ERROR Market exit failed layer #1: A=FAIL B=OK
18:13:14 robot_arb INFO Cleanup: 1 open layers in mode=stopped, attempting close...
18:13:14 robot_arb INFO EXIT ALL 1 layers — reason=cleanup
18:13:14 robot_arb INFO EXIT layer #1 reason=cleanup | MARKET sell 10 + buy 1
18:13:14 orders_arb INFO gRPC sending: market sell 10 GAZP@MISX acc=1225950 @ MKT
18:13:14 orders_arb ERROR gRPC order error (GAZP@RTSX sell 10@None): code=StatusCode.INTERNAL details=Jwt token check failed: UNAUTHENTICATED: Token is expired
18:13:14 orders_arb WARNING gRPC market failed, falling back to DP server
18:13:14 orders_arb ERROR Market order error (GAZP@RTSX sell 10): no response
18:13:14 orders_arb INFO gRPC sending: market buy 1 GZU6@RTSX acc=1225953 @ MKT
18:13:14 orders_arb ERROR gRPC order error (GZU6@RTSX buy 1@None): code=StatusCode.INTERNAL details=Jwt token check failed: UNAUTHENTICATED: Token is expired
18:13:14 orders_arb WARNING gRPC market failed, falling back to DP server
18:13:14 orders_arb INFO Market placed: arb_exit_1 buy 1 GZU6@RTSX id=1896048080582015241
18:13:14 robot_arb ERROR Market exit failed layer #1: A=FAIL B=OK
18:13:15 robot_arb INFO Cleanup: 1 open layers in mode=stopped, attempting close...
18:13:15 robot_arb INFO EXIT ALL 1 layers — reason=cleanup
18:13:15 robot_arb INFO EXIT layer #1 reason=cleanup | MARKET sell 10 + buy 1
18:13:15 orders_arb INFO gRPC sending: market sell 10 GAZP@MISX acc=1225950 @ MKT
18:13:15 orders_arb ERROR gRPC order error (GAZP@RTSX sell 10@None): code=StatusCode.INTERNAL details=Jwt token check failed: UNAUTHENTICATED: Token is expired
18:13:15 orders_arb WARNING gRPC market failed, falling back to DP server
18:13:15 orders_arb ERROR Market order error (GAZP@RTSX sell 10): no response
18:13:15 orders_arb INFO gRPC sending: market buy 1 GZU6@RTSX acc=1225953 @ MKT
18:13:15 orders_arb ERROR gRPC order error (GZU6@RTSX buy 1@None): code=StatusCode.INTERNAL details=Trading is not available at the moment
18:13:15 orders_arb WARNING gRPC market failed, falling back to DP server
18:13:15 orders_arb INFO Market placed: arb_exit_1 buy 1 GZU6@RTSX id=1896048080582015280
18:13:15 robot_arb ERROR Market exit failed layer #1: A=FAIL B=OK
18:13:16 robot_arb INFO Cleanup: 1 open layers in mode=stopped, attempting close...
18:13:16 robot_arb INFO EXIT ALL 1 layers — reason=cleanup
18:13:16 robot_arb INFO EXIT layer #1 reason=cleanup | MARKET sell 10 + buy 1
18:13:16 orders_arb INFO gRPC sending: market sell 10 GAZP@MISX acc=1225950 @ MKT
18:13:16 orders_arb ERROR gRPC order error (GAZP@RTSX sell 10@None): code=StatusCode.INTERNAL details=Jwt token check failed: UNAUTHENTICATED: Token is expired
18:13:16 orders_arb WARNING gRPC market failed, falling back to DP server
18:13:17 orders_arb ERROR Market order error (GAZP@RTSX sell 10): no response
18:13:17 orders_arb INFO gRPC sending: market buy 1 GZU6@RTSX acc=1225953 @ MKT
18:13:17 orders_arb ERROR gRPC order error (GZU6@RTSX buy 1@None): code=StatusCode.INTERNAL details=Trading is not available at the moment
18:13:17 orders_arb WARNING gRPC market failed, falling back to DP server
18:13:17 orders_arb INFO Market placed: arb_exit_1 buy 1 GZU6@RTSX id=1896048080582015297
18:13:17 robot_arb ERROR Market exit failed layer #1: A=FAIL B=OK
18:13:18 robot_arb INFO Cleanup: 1 open layers in mode=stopped, attempting close...
18:13:18 robot_arb INFO EXIT ALL 1 layers — reason=cleanup
18:13:18 robot_arb INFO EXIT layer #1 reason=cleanup | MARKET sell 10 + buy 1
18:13:18 orders_arb INFO gRPC sending: market sell 10 GAZP@MISX acc=1225950 @ MKT
18:13:18 orders_arb ERROR gRPC order error (GAZP@RTSX sell 10@None): code=StatusCode.INTERNAL details=Jwt token check failed: UNAUTHENTICATED: Token is expired
18:13:18 orders_arb WARNING gRPC market failed, falling back to DP server
18:13:18 orders_arb ERROR Market order error (GAZP@RTSX sell 10): no response
18:13:18 orders_arb INFO gRPC sending: market buy 1 GZU6@RTSX acc=1225953 @ MKT
18:13:18 orders_arb ERROR gRPC order error (GZU6@RTSX buy 1@None): code=StatusCode.INTERNAL details=Jwt token check failed: UNAUTHENTICATED: Token is expired
18:13:18 orders_arb WARNING gRPC market failed, falling back to DP server
18:13:18 orders_arb INFO Market placed: arb_exit_1 buy 1 GZU6@RTSX id=1896048080582015335
18:13:18 robot_arb ERROR Market exit failed layer #1: A=FAIL B=OK
18:13:19 robot_arb INFO Cleanup: 1 open layers in mode=stopped, attempting close...
18:13:19 robot_arb INFO EXIT ALL 1 layers — reason=cleanup
18:13:19 robot_arb INFO EXIT layer #1 reason=cleanup | MARKET sell 10 + buy 1
18:13:19 orders_arb INFO gRPC sending: market sell 10 GAZP@MISX acc=1225950 @ MKT
18:13:19 orders_arb ERROR gRPC order error (GAZP@RTSX sell 10@None): code=StatusCode.INTERNAL details=Jwt token check failed: UNAUTHENTICATED: Token is expired
18:13:19 orders_arb WARNING gRPC market failed, falling back to DP server
18:13:19 orders_arb ERROR Market order error (GAZP@RTSX sell 10): no response
18:13:19 orders_arb INFO gRPC sending: market buy 1 GZU6@RTSX acc=1225953 @ MKT
18:13:19 orders_arb ERROR gRPC order error (GZU6@RTSX buy 1@None): code=StatusCode.INTERNAL details=Jwt token check failed: UNAUTHENTICATED: Token is expired
18:13:19 orders_arb WARNING gRPC market failed, falling back to DP server
18:13:19 orders_arb INFO Market placed: arb_exit_1 buy 1 GZU6@RTSX id=1896048080582015365
18:13:19 robot_arb ERROR Market exit failed layer #1: A=FAIL B=OK
18:13:20 robot_arb INFO Cleanup: 1 open layers in mode=stopped, attempting close...
18:13:20 robot_arb INFO EXIT ALL 1 layers — reason=cleanup
18:13:20 robot_arb INFO EXIT layer #1 reason=cleanup | MARKET sell 10 + buy 1
18:13:20 orders_arb INFO gRPC sending: market sell 10 GAZP@MISX acc=1225950 @ MKT
18:13:21 orders_arb ERROR gRPC order error (GAZP@RTSX sell 10@None): code=StatusCode.INTERNAL details=Jwt token check failed: UNAUTHENTICATED: Token is expired
18:13:21 orders_arb WARNING gRPC market failed, falling back to DP server
18:13:21 orders_arb ERROR Market order error (GAZP@RTSX sell 10): no response
18:13:21 orders_arb INFO gRPC sending: market buy 1 GZU6@RTSX acc=1225953 @ MKT
18:13:21 orders_arb ERROR gRPC order error (GZU6@RTSX buy 1@None): code=StatusCode.INTERNAL details=Trading is not available at the moment
18:13:21 orders_arb WARNING gRPC market failed, falling back to DP server
18:13:21 orders_arb INFO Market placed: arb_exit_1 buy 1 GZU6@RTSX id=1896048080582015383
18:13:21 robot_arb ERROR Market exit failed layer #1: A=FAIL B=OK
18:13:22 robot_arb INFO Cleanup: 1 open layers in mode=stopped, attempting close...
18:13:22 robot_arb INFO EXIT ALL 1 layers — reason=cleanup
18:13:22 robot_arb INFO EXIT layer #1 reason=cleanup | MARKET sell 10 + buy 1
18:13:22 orders_arb INFO gRPC sending: market sell 10 GAZP@MISX acc=1225950 @ MKT
18:13:22 orders_arb ERROR gRPC order error (GAZP@RTSX sell 10@None): code=StatusCode.INTERNAL details=Jwt token check failed: UNAUTHENTICATED: Token is expired
18:13:22 orders_arb WARNING gRPC market failed, falling back to DP server
18:13:22 orders_arb ERROR Market order error (GAZP@RTSX sell 10): no response
18:13:22 orders_arb INFO gRPC sending: market buy 1 GZU6@RTSX acc=1225953 @ MKT
18:13:22 orders_arb ERROR gRPC order error (GZU6@RTSX buy 1@None): code=StatusCode.INTERNAL details=Jwt token check failed: UNAUTHENTICATED: Token is expired
18:13:22 orders_arb WARNING gRPC market failed, falling back to DP server
18:13:22 orders_arb INFO Market placed: arb_exit_1 buy 1 GZU6@RTSX id=1896048080582015403
18:13:22 robot_arb ERROR Market exit failed layer #1: A=FAIL B=OK
18:13:23 robot_arb INFO Cleanup: 1 open layers in mode=stopped, attempting close...
18:13:23 robot_arb INFO EXIT ALL 1 layers — reason=cleanup
18:13:23 robot_arb INFO EXIT layer #1 reason=cleanup | MARKET sell 10 + buy 1
18:13:23 orders_arb INFO gRPC sending: market sell 10 GAZP@MISX acc=1225950 @ MKT
18:13:23 orders_arb ERROR gRPC order error (GAZP@RTSX sell 10@None): code=StatusCode.INTERNAL details=Jwt token check failed: UNAUTHENTICATED: Token is expired
18:13:23 orders_arb WARNING gRPC market failed, falling back to DP server
18:13:23 orders_arb ERROR Market order error (GAZP@RTSX sell 10): no response
18:13:23 orders_arb INFO gRPC sending: market buy 1 GZU6@RTSX acc=1225953 @ MKT
18:13:23 orders_arb ERROR gRPC order error (GZU6@RTSX buy 1@None): code=StatusCode.INTERNAL details=Jwt token check failed: UNAUTHENTICATED: Token is expired
18:13:23 orders_arb WARNING gRPC market failed, falling back to DP server
18:13:24 orders_arb INFO Market placed: arb_exit_1 buy 1 GZU6@RTSX id=1896048080582015455
18:13:24 robot_arb ERROR Market exit failed layer #1: A=FAIL B=OK
18:13:25 robot_arb INFO Cleanup: 1 open layers in mode=stopped, attempting close...
18:13:25 robot_arb INFO EXIT ALL 1 layers — reason=cleanup
18:13:25 robot_arb INFO EXIT layer #1 reason=cleanup | MARKET sell 10 + buy 1
18:13:25 orders_arb INFO gRPC sending: market sell 10 GAZP@MISX acc=1225950 @ MKT
18:13:25 orders_arb ERROR gRPC order error (GAZP@RTSX sell 10@None): code=StatusCode.INTERNAL details=Jwt token check failed: UNAUTHENTICATED: Token is expired
18:13:25 orders_arb WARNING gRPC market failed, falling back to DP server
18:13:25 orders_arb ERROR Market order error (GAZP@RTSX sell 10): no response
18:13:25 orders_arb INFO gRPC sending: market buy 1 GZU6@RTSX acc=1225953 @ MKT
18:13:25 orders_arb ERROR gRPC order error (GZU6@RTSX buy 1@None): code=StatusCode.INTERNAL details=Trading is not available at the moment
18:13:25 orders_arb WARNING gRPC market failed, falling back to DP server
18:13:25 orders_arb INFO Market placed: arb_exit_1 buy 1 GZU6@RTSX id=1896048080582015506
18:13:25 robot_arb ERROR Market exit failed layer #1: A=FAIL B=OK
18:13:26 robot_arb INFO Cleanup: 1 open layers in mode=stopped, attempting close...
18:13:26 robot_arb INFO EXIT ALL 1 layers — reason=cleanup
18:13:26 robot_arb INFO EXIT layer #1 reason=cleanup | MARKET sell 10 + buy 1
18:13:26 orders_arb INFO gRPC sending: market sell 10 GAZP@MISX acc=1225950 @ MKT
18:13:26 orders_arb ERROR gRPC order error (GAZP@RTSX sell 10@None): code=StatusCode.INTERNAL details=Jwt token check failed: UNAUTHENTICATED: Token is expired
18:13:26 orders_arb WARNING gRPC market failed, falling back to DP server
18:13:26 orders_arb ERROR Market order error (GAZP@RTSX sell 10): no response
18:13:26 orders_arb INFO gRPC sending: market buy 1 GZU6@RTSX acc=1225953 @ MKT
18:13:26 orders_arb ERROR gRPC order error (GZU6@RTSX buy 1@None): code=StatusCode.INTERNAL details=Trading is not available at the moment
18:13:26 orders_arb WARNING gRPC market failed, falling back to DP server
18:13:26 orders_arb INFO Market placed: arb_exit_1 buy 1 GZU6@RTSX id=1896048080582015557
18:13:26 robot_arb ERROR Market exit failed layer #1: A=FAIL B=OK
18:13:27 robot_arb INFO Cleanup: 1 open layers in mode=stopped, attempting close...
18:13:27 robot_arb INFO EXIT ALL 1 layers — reason=cleanup
18:13:27 robot_arb INFO EXIT layer #1 reason=cleanup | MARKET sell 10 + buy 1
18:13:27 orders_arb INFO gRPC sending: market sell 10 GAZP@MISX acc=1225950 @ MKT
18:13:27 orders_arb ERROR gRPC order error (GAZP@RTSX sell 10@None): code=StatusCode.INTERNAL details=Jwt token check failed: UNAUTHENTICATED: Token is expired
18:13:27 orders_arb WARNING gRPC market failed, falling back to DP server
18:13:28 orders_arb ERROR Market order error (GAZP@RTSX sell 10): no response
18:13:28 orders_arb INFO gRPC sending: market buy 1 GZU6@RTSX acc=1225953 @ MKT
18:13:28 orders_arb ERROR gRPC order error (GZU6@RTSX buy 1@None): code=StatusCode.INTERNAL details=Jwt token check failed: UNAUTHENTICATED: Token is expired
18:13:28 orders_arb WARNING gRPC market failed, falling back to DP server
18:13:28 orders_arb INFO Market placed: arb_exit_1 buy 1 GZU6@RTSX id=1896048080582015579
18:13:28 robot_arb ERROR Market exit failed layer #1: A=FAIL B=OK
18:13:29 robot_arb INFO Cleanup: 1 open layers in mode=stopped, attempting close...
18:13:29 robot_arb INFO EXIT ALL 1 layers — reason=cleanup
18:13:29 robot_arb INFO EXIT layer #1 reason=cleanup | MARKET sell 10 + buy 1
18:13:29 orders_arb INFO gRPC sending: market sell 10 GAZP@MISX acc=1225950 @ MKT
18:13:29 orders_arb ERROR gRPC order error (GAZP@RTSX sell 10@None): code=StatusCode.INTERNAL details=Jwt token check failed: UNAUTHENTICATED: Token is expired
18:13:29 orders_arb WARNING gRPC market failed, falling back to DP server
18:13:29 orders_arb ERROR Market order error (GAZP@RTSX sell 10): no response
18:13:29 orders_arb INFO gRPC sending: market buy 1 GZU6@RTSX acc=1225953 @ MKT
18:13:29 orders_arb ERROR gRPC order error (GZU6@RTSX buy 1@None): code=StatusCode.INTERNAL details=Jwt token check failed: UNAUTHENTICATED: Token is expired
18:13:29 orders_arb WARNING gRPC market failed, falling back to DP server
18:13:29 orders_arb INFO Market placed: arb_exit_1 buy 1 GZU6@RTSX id=1896048080582015590
18:13:29 robot_arb ERROR Market exit failed layer #1: A=FAIL B=OK
18:13:30 robot_arb INFO Cleanup: 1 open layers in mode=stopped, attempting close...
18:13:30 robot_arb INFO EXIT ALL 1 layers — reason=cleanup
18:13:30 robot_arb INFO EXIT layer #1 reason=cleanup | MARKET sell 10 + buy 1
18:13:30 orders_arb INFO gRPC sending: market sell 10 GAZP@MISX acc=1225950 @ MKT
18:13:30 orders_arb ERROR gRPC order error (GAZP@RTSX sell 10@None): code=StatusCode.INTERNAL details=Jwt token check failed: UNAUTHENTICATED: Token is expired
18:13:30 orders_arb WARNING gRPC market failed, falling back to DP server
18:13:30 orders_arb ERROR Market order error (GAZP@RTSX sell 10): no response
18:13:30 orders_arb INFO gRPC sending: market buy 1 GZU6@RTSX acc=1225953 @ MKT
18:13:30 orders_arb ERROR gRPC order error (GZU6@RTSX buy 1@None): code=StatusCode.INTERNAL details=Trading is not available at the moment
18:13:30 orders_arb WARNING gRPC market failed, falling back to DP server
18:13:31 orders_arb INFO Market placed: arb_exit_1 buy 1 GZU6@RTSX id=1896048080582015594
18:13:31 robot_arb ERROR Market exit failed layer #1: A=FAIL B=OK
18:13:32 robot_arb INFO Cleanup: 1 open layers in mode=stopped, attempting close...
18:13:32 robot_arb INFO EXIT ALL 1 layers — reason=cleanup
18:13:32 robot_arb INFO EXIT layer #1 reason=cleanup | MARKET sell 10 + buy 1
18:13:32 orders_arb INFO gRPC sending: market sell 10 GAZP@MISX acc=1225950 @ MKT
18:13:32 orders_arb ERROR gRPC order error (GAZP@RTSX sell 10@None): code=StatusCode.INTERNAL details=Jwt token check failed: UNAUTHENTICATED: Token is expired
18:13:32 orders_arb WARNING gRPC market failed, falling back to DP server
18:13:32 orders_arb ERROR Market order error (GAZP@RTSX sell 10): no response
18:13:32 orders_arb INFO gRPC sending: market buy 1 GZU6@RTSX acc=1225953 @ MKT
18:13:32 orders_arb ERROR gRPC order error (GZU6@RTSX buy 1@None): code=StatusCode.INTERNAL details=Jwt token check failed: UNAUTHENTICATED: Token is expired
18:13:32 orders_arb WARNING gRPC market failed, falling back to DP server
18:13:32 orders_arb INFO Market placed: arb_exit_1 buy 1 GZU6@RTSX id=1896048080582015616
18:13:32 robot_arb ERROR Market exit failed layer #1: A=FAIL B=OK
18:13:33 robot_arb INFO Cleanup: 1 open layers in mode=stopped, attempting close...
18:13:33 robot_arb INFO EXIT ALL 1 layers — reason=cleanup
18:13:33 robot_arb INFO EXIT layer #1 reason=cleanup | MARKET sell 10 + buy 1
18:13:33 orders_arb INFO gRPC sending: market sell 10 GAZP@MISX acc=1225950 @ MKT
18:13:33 orders_arb ERROR gRPC order error (GAZP@RTSX sell 10@None): code=StatusCode.INTERNAL details=Jwt token check failed: UNAUTHENTICATED: Token is expired
18:13:33 orders_arb WARNING gRPC market failed, falling back to DP server
18:13:33 orders_arb ERROR Market order error (GAZP@RTSX sell 10): no response
18:13:33 orders_arb INFO gRPC sending: market buy 1 GZU6@RTSX acc=1225953 @ MKT
18:13:33 orders_arb ERROR gRPC order error (GZU6@RTSX buy 1@None): code=StatusCode.INTERNAL details=Trading is not available at the moment
18:13:33 orders_arb WARNING gRPC market failed, falling back to DP server
18:13:33 orders_arb INFO Market placed: arb_exit_1 buy 1 GZU6@RTSX id=1896048080582015693
18:13:33 robot_arb ERROR Market exit failed layer #1: A=FAIL B=OK
18:13:34 robot_arb INFO Cleanup: 1 open layers in mode=stopped, attempting close...
18:13:34 robot_arb INFO EXIT ALL 1 layers — reason=cleanup
18:13:34 robot_arb INFO EXIT layer #1 reason=cleanup | MARKET sell 10 + buy 1
18:13:34 orders_arb INFO gRPC sending: market sell 10 GAZP@MISX acc=1225950 @ MKT
18:13:34 orders_arb ERROR gRPC order error (GAZP@RTSX sell 10@None): code=StatusCode.INTERNAL details=Trading is not available at the moment
18:13:34 orders_arb WARNING gRPC market failed, falling back to DP server
18:13:34 orders_arb ERROR Market order error (GAZP@RTSX sell 10): no response
18:13:34 orders_arb INFO gRPC sending: market buy 1 GZU6@RTSX acc=1225953 @ MKT
18:13:34 orders_arb ERROR gRPC order error (GZU6@RTSX buy 1@None): code=StatusCode.INTERNAL details=Jwt token check failed: UNAUTHENTICATED: Token is expired
18:13:34 orders_arb WARNING gRPC market failed, falling back to DP server
18:13:34 orders_arb INFO Market placed: arb_exit_1 buy 1 GZU6@RTSX id=1896048080582015710
18:13:34 robot_arb ERROR Market exit failed layer #1: A=FAIL B=OK
18:13:35 robot_arb INFO Cleanup: 1 open layers in mode=stopped, attempting close...
18:13:35 robot_arb INFO EXIT ALL 1 layers — reason=cleanup
18:13:35 robot_arb INFO EXIT layer #1 reason=cleanup | MARKET sell 10 + buy 1
18:13:35 orders_arb INFO gRPC sending: market sell 10 GAZP@MISX acc=1225950 @ MKT
18:13:35 orders_arb ERROR gRPC order error (GAZP@RTSX sell 10@None): code=StatusCode.INTERNAL details=Jwt token check failed: UNAUTHENTICATED: Token is expired
18:13:35 orders_arb WARNING gRPC market failed, falling back to DP server
18:13:36 orders_arb ERROR Market order error (GAZP@RTSX sell 10): no response
18:13:36 orders_arb INFO gRPC sending: market buy 1 GZU6@RTSX acc=1225953 @ MKT
18:13:36 orders_arb ERROR gRPC order error (GZU6@RTSX buy 1@None): code=StatusCode.INTERNAL details=Jwt token check failed: UNAUTHENTICATED: Token is expired
18:13:36 orders_arb WARNING gRPC market failed, falling back to DP server
18:13:36 orders_arb INFO Market placed: arb_exit_1 buy 1 GZU6@RTSX id=1896048080582015720
18:13:36 robot_arb ERROR Market exit failed layer #1: A=FAIL B=OK
18:13:37 robot_arb INFO Cleanup: 1 open layers in mode=stopped, attempting close...
18:13:37 robot_arb INFO EXIT ALL 1 layers — reason=cleanup
18:13:37 robot_arb INFO EXIT layer #1 reason=cleanup | MARKET sell 10 + buy 1
18:13:37 orders_arb INFO gRPC sending: market sell 10 GAZP@MISX acc=1225950 @ MKT
18:13:37 orders_arb ERROR gRPC order error (GAZP@RTSX sell 10@None): code=StatusCode.INTERNAL details=Jwt token check failed: UNAUTHENTICATED: Token is expired
18:13:37 orders_arb WARNING gRPC market failed, falling back to DP server
18:13:37 orders_arb ERROR Market order error (GAZP@RTSX sell 10): no response
18:13:37 orders_arb INFO gRPC sending: market buy 1 GZU6@RTSX acc=1225953 @ MKT
18:13:37 orders_arb ERROR gRPC order error (GZU6@RTSX buy 1@None): code=StatusCode.INTERNAL details=Jwt token check failed: UNAUTHENTICATED: Token is expired
18:13:37 orders_arb WARNING gRPC market failed, falling back to DP server
18:13:37 orders_arb INFO Market placed: arb_exit_1 buy 1 GZU6@RTSX id=1896048080582015724
18:13:37 robot_arb ERROR Market exit failed layer #1: A=FAIL B=OK
18:13:38 robot_arb INFO Cleanup: 1 open layers in mode=stopped, attempting close...
18:13:38 robot_arb INFO EXIT ALL 1 layers — reason=cleanup
18:13:38 robot_arb INFO EXIT layer #1 reason=cleanup | MARKET sell 10 + buy 1
18:13:38 orders_arb INFO gRPC sending: market sell 10 GAZP@MISX acc=1225950 @ MKT
18:13:38 orders_arb ERROR gRPC order error (GAZP@RTSX sell 10@None): code=StatusCode.INTERNAL details=Jwt token check failed: UNAUTHENTICATED: Token is expired
18:13:38 orders_arb WARNING gRPC market failed, falling back to DP server
18:13:38 orders_arb ERROR Market order error (GAZP@RTSX sell 10): no response
18:13:38 orders_arb INFO gRPC sending: market buy 1 GZU6@RTSX acc=1225953 @ MKT
18:13:38 orders_arb ERROR gRPC order error (GZU6@RTSX buy 1@None): code=StatusCode.INTERNAL details=Trading is not available at the moment
18:13:38 orders_arb WARNING gRPC market failed, falling back to DP server
18:13:38 orders_arb INFO Market placed: arb_exit_1 buy 1 GZU6@RTSX id=1896048080582015743
18:13:38 robot_arb ERROR Market exit failed layer #1: A=FAIL B=OK
18:13:39 robot_arb INFO Cleanup: 1 open layers in mode=stopped, attempting close...
18:13:39 robot_arb INFO EXIT ALL 1 layers — reason=cleanup
18:13:39 robot_arb INFO EXIT layer #1 reason=cleanup | MARKET sell 10 + buy 1
18:13:39 orders_arb INFO gRPC sending: market sell 10 GAZP@MISX acc=1225950 @ MKT
18:13:40 orders_arb ERROR gRPC order error (GAZP@RTSX sell 10@None): code=StatusCode.INTERNAL details=Trading is not available at the moment
18:13:40 orders_arb WARNING gRPC market failed, falling back to DP server
18:13:40 orders_arb ERROR Market order error (GAZP@RTSX sell 10): no response
18:13:40 orders_arb INFO gRPC sending: market buy 1 GZU6@RTSX acc=1225953 @ MKT
18:13:40 orders_arb ERROR gRPC order error (GZU6@RTSX buy 1@None): code=StatusCode.INTERNAL details=Jwt token check failed: UNAUTHENTICATED: Token is expired
18:13:40 orders_arb WARNING gRPC market failed, falling back to DP server
18:13:40 orders_arb INFO Market placed: arb_exit_1 buy 1 GZU6@RTSX id=1896048080582015753
18:13:40 robot_arb ERROR Market exit failed layer #1: A=FAIL B=OK
18:13:41 robot_arb INFO Cleanup: 1 open layers in mode=stopped, attempting close...
18:13:41 robot_arb INFO EXIT ALL 1 layers — reason=cleanup
18:13:41 robot_arb INFO EXIT layer #1 reason=cleanup | MARKET sell 10 + buy 1
18:13:41 orders_arb INFO gRPC sending: market sell 10 GAZP@MISX acc=1225950 @ MKT
18:13:41 orders_arb ERROR gRPC order error (GAZP@RTSX sell 10@None): code=StatusCode.INTERNAL details=Trading is not available at the moment
18:13:41 orders_arb WARNING gRPC market failed, falling back to DP server
18:13:41 orders_arb ERROR Market order error (GAZP@RTSX sell 10): no response
18:13:41 orders_arb INFO gRPC sending: market buy 1 GZU6@RTSX acc=1225953 @ MKT
18:13:41 orders_arb ERROR gRPC order error (GZU6@RTSX buy 1@None): code=StatusCode.INTERNAL details=Jwt token check failed: UNAUTHENTICATED: Token is expired
18:13:41 orders_arb WARNING gRPC market failed, falling back to DP server
18:13:41 orders_arb INFO Market placed: arb_exit_1 buy 1 GZU6@RTSX id=1896048080582015758
18:13:41 robot_arb ERROR Market exit failed layer #1: A=FAIL B=OK
18:13:42 robot_arb INFO Cleanup: 1 open layers in mode=stopped, attempting close...
18:13:42 robot_arb INFO EXIT ALL 1 layers — reason=cleanup
18:13:42 robot_arb INFO EXIT layer #1 reason=cleanup | MARKET sell 10 + buy 1
18:13:42 orders_arb INFO gRPC sending: market sell 10 GAZP@MISX acc=1225950 @ MKT
18:13:42 orders_arb ERROR gRPC order error (GAZP@RTSX sell 10@None): code=StatusCode.INTERNAL details=Trading is not available at the moment
18:13:42 orders_arb WARNING gRPC market failed, falling back to DP server
18:13:42 orders_arb ERROR Market order error (GAZP@RTSX sell 10): no response
18:13:42 orders_arb INFO gRPC sending: market buy 1 GZU6@RTSX acc=1225953 @ MKT
18:13:42 orders_arb ERROR gRPC order error (GZU6@RTSX buy 1@None): code=StatusCode.INTERNAL details=Trading is not available at the moment
18:13:42 orders_arb WARNING gRPC market failed, falling back to DP server
18:13:43 orders_arb INFO Market placed: arb_exit_1 buy 1 GZU6@RTSX id=1896048080582015774
18:13:43 robot_arb ERROR Market exit failed layer #1: A=FAIL B=OK
18:13:44 robot_arb INFO Cleanup: 1 open layers in mode=stopped, attempting close...
18:13:44 robot_arb INFO EXIT ALL 1 layers — reason=cleanup
18:13:44 robot_arb INFO EXIT layer #1 reason=cleanup | MARKET sell 10 + buy 1
18:13:44 orders_arb INFO gRPC sending: market sell 10 GAZP@MISX acc=1225950 @ MKT
18:13:44 orders_arb ERROR gRPC order error (GAZP@RTSX sell 10@None): code=StatusCode.INTERNAL details=Jwt token check failed: UNAUTHENTICATED: Token is expired
18:13:44 orders_arb WARNING gRPC market failed, falling back to DP server
18:13:44 orders_arb ERROR Market order error (GAZP@RTSX sell 10): no response
18:13:44 orders_arb INFO gRPC sending: market buy 1 GZU6@RTSX acc=1225953 @ MKT
18:13:44 orders_arb ERROR gRPC order error (GZU6@RTSX buy 1@None): code=StatusCode.INTERNAL details=Jwt token check failed: UNAUTHENTICATED: Token is expired
18:13:44 orders_arb WARNING gRPC market failed, falling back to DP server
18:13:44 orders_arb INFO Market placed: arb_exit_1 buy 1 GZU6@RTSX id=1896048080582015807
18:13:44 robot_arb ERROR Market exit failed layer #1: A=FAIL B=OK
18:13:45 robot_arb INFO Cleanup: 1 open layers in mode=stopped, attempting close...
18:13:45 robot_arb INFO EXIT ALL 1 layers — reason=cleanup
18:13:45 robot_arb INFO EXIT layer #1 reason=cleanup | MARKET sell 10 + buy 1
18:13:45 orders_arb INFO gRPC sending: market sell 10 GAZP@MISX acc=1225950 @ MKT
18:13:45 orders_arb ERROR gRPC order error (GAZP@RTSX sell 10@None): code=StatusCode.INTERNAL details=Jwt token check failed: UNAUTHENTICATED: Token is expired
18:13:45 orders_arb WARNING gRPC market failed, falling back to DP server
18:13:45 orders_arb ERROR Market order error (GAZP@RTSX sell 10): no response
18:13:45 orders_arb INFO gRPC sending: market buy 1 GZU6@RTSX acc=1225953 @ MKT
18:13:45 orders_arb ERROR gRPC order error (GZU6@RTSX buy 1@None): code=StatusCode.INTERNAL details=Jwt token check failed: UNAUTHENTICATED: Token is expired
18:13:45 orders_arb WARNING gRPC market failed, falling back to DP server
18:13:46 orders_arb INFO Market placed: arb_exit_1 buy 1 GZU6@RTSX id=1896048080582015919
18:13:46 robot_arb ERROR Market exit failed layer #1: A=FAIL B=OK
18:13:47 robot_arb INFO Cleanup: 1 open layers in mode=stopped, attempting close...
18:13:47 robot_arb INFO EXIT ALL 1 layers — reason=cleanup
18:13:47 robot_arb INFO EXIT layer #1 reason=cleanup | MARKET sell 10 + buy 1
18:13:47 orders_arb INFO gRPC sending: market sell 10 GAZP@MISX acc=1225950 @ MKT
18:13:47 orders_arb ERROR gRPC order error (GAZP@RTSX sell 10@None): code=StatusCode.INTERNAL details=Trading is not available at the moment
18:13:47 orders_arb WARNING gRPC market failed, falling back to DP server
18:13:47 orders_arb ERROR Market order error (GAZP@RTSX sell 10): no response
18:13:47 orders_arb INFO gRPC sending: market buy 1 GZU6@RTSX acc=1225953 @ MKT
18:13:47 orders_arb ERROR gRPC order error (GZU6@RTSX buy 1@None): code=StatusCode.INTERNAL details=Jwt token check failed: UNAUTHENTICATED: Token is expired
18:13:47 orders_arb WARNING gRPC market failed, falling back to DP server
18:13:47 orders_arb INFO Market placed: arb_exit_1 buy 1 GZU6@RTSX id=1896048080582015965
18:13:47 robot_arb ERROR Market exit failed layer #1: A=FAIL B=OK
18:13:48 robot_arb INFO Cleanup: 1 open layers in mode=stopped, attempting close...
18:13:48 robot_arb INFO EXIT ALL 1 layers — reason=cleanup
18:13:48 robot_arb INFO EXIT layer #1 reason=cleanup | MARKET sell 10 + buy 1
18:13:48 orders_arb INFO gRPC sending: market sell 10 GAZP@MISX acc=1225950 @ MKT
18:13:48 orders_arb ERROR gRPC order error (GAZP@RTSX sell 10@None): code=StatusCode.INTERNAL details=Jwt token check failed: UNAUTHENTICATED: Token is expired
18:13:48 orders_arb WARNING gRPC market failed, falling back to DP server
18:13:48 orders_arb ERROR Market order error (GAZP@RTSX sell 10): no response
18:13:48 orders_arb INFO gRPC sending: market buy 1 GZU6@RTSX acc=1225953 @ MKT
18:13:48 orders_arb ERROR gRPC order error (GZU6@RTSX buy 1@None): code=StatusCode.INTERNAL details=Jwt token check failed: UNAUTHENTICATED: Token is expired
18:13:48 orders_arb WARNING gRPC market failed, falling back to DP server
18:13:48 orders_arb INFO Market placed: arb_exit_1 buy 1 GZU6@RTSX id=1896048080582015986
18:13:48 robot_arb ERROR Market exit failed layer #1: A=FAIL B=OK
18:13:49 robot_arb INFO Cleanup: 1 open layers in mode=stopped, attempting close...
18:13:49 robot_arb INFO EXIT ALL 1 layers — reason=cleanup
18:13:49 robot_arb INFO EXIT layer #1 reason=cleanup | MARKET sell 10 + buy 1
18:13:49 orders_arb INFO gRPC sending: market sell 10 GAZP@MISX acc=1225950 @ MKT
18:13:49 orders_arb ERROR gRPC order error (GAZP@RTSX sell 10@None): code=StatusCode.INTERNAL details=Jwt token check failed: UNAUTHENTICATED: Token is expired
18:13:49 orders_arb WARNING gRPC market failed, falling back to DP server
18:13:49 orders_arb ERROR Market order error (GAZP@RTSX sell 10): no response
18:13:49 orders_arb INFO gRPC sending: market buy 1 GZU6@RTSX acc=1225953 @ MKT
18:13:49 orders_arb ERROR gRPC order error (GZU6@RTSX buy 1@None): code=StatusCode.INTERNAL details=Jwt token check failed: UNAUTHENTICATED: Token is expired
18:13:49 orders_arb WARNING gRPC market failed, falling back to DP server
18:13:50 orders_arb INFO Market placed: arb_exit_1 buy 1 GZU6@RTSX id=1896048080582016011
18:13:50 robot_arb ERROR Market exit failed layer #1: A=FAIL B=OK
18:13:51 robot_arb INFO Cleanup: 1 open layers in mode=stopped, attempting close...
18:13:51 robot_arb INFO EXIT ALL 1 layers — reason=cleanup
18:13:51 robot_arb INFO EXIT layer #1 reason=cleanup | MARKET sell 10 + buy 1
18:13:51 orders_arb INFO gRPC sending: market sell 10 GAZP@MISX acc=1225950 @ MKT
18:13:51 orders_arb ERROR gRPC order error (GAZP@RTSX sell 10@None): code=StatusCode.INTERNAL details=Jwt token check failed: UNAUTHENTICATED: Token is expired
18:13:51 orders_arb WARNING gRPC market failed, falling back to DP server
18:13:51 orders_arb ERROR Market order error (GAZP@RTSX sell 10): no response
18:13:51 orders_arb INFO gRPC sending: market buy 1 GZU6@RTSX acc=1225953 @ MKT
18:13:51 orders_arb ERROR gRPC order error (GZU6@RTSX buy 1@None): code=StatusCode.INTERNAL details=Jwt token check failed: UNAUTHENTICATED: Token is expired
18:13:51 orders_arb WARNING gRPC market failed, falling back to DP server
18:13:51 orders_arb INFO Market placed: arb_exit_1 buy 1 GZU6@RTSX id=1896048080582016016
18:13:51 robot_arb ERROR Market exit failed layer #1: A=FAIL B=OK
18:13:52 robot_arb INFO Cleanup: 1 open layers in mode=stopped, attempting close...
18:13:52 robot_arb INFO EXIT ALL 1 layers — reason=cleanup
18:13:52 robot_arb INFO EXIT layer #1 reason=cleanup | MARKET sell 10 + buy 1
18:13:52 orders_arb INFO gRPC sending: market sell 10 GAZP@MISX acc=1225950 @ MKT
18:13:52 orders_arb ERROR gRPC order error (GAZP@RTSX sell 10@None): code=StatusCode.INTERNAL details=Jwt token check failed: UNAUTHENTICATED: Token is expired
18:13:52 orders_arb WARNING gRPC market failed, falling back to DP server
18:13:52 orders_arb ERROR Market order error (GAZP@RTSX sell 10): no response
18:13:52 orders_arb INFO gRPC sending: market buy 1 GZU6@RTSX acc=1225953 @ MKT
18:13:52 orders_arb ERROR gRPC order error (GZU6@RTSX buy 1@None): code=StatusCode.INTERNAL details=Jwt token check failed: UNAUTHENTICATED: Token is expired
18:13:52 orders_arb WARNING gRPC market failed, falling back to DP server
18:13:52 orders_arb INFO Market placed: arb_exit_1 buy 1 GZU6@RTSX id=1896048080582016017
18:13:52 robot_arb ERROR Market exit failed layer #1: A=FAIL B=OK
18:13:53 robot_arb INFO Cleanup: 1 open layers in mode=stopped, attempting close...
18:13:53 robot_arb INFO EXIT ALL 1 layers — reason=cleanup
18:13:53 robot_arb INFO EXIT layer #1 reason=cleanup | MARKET sell 10 + buy 1
18:13:53 orders_arb INFO gRPC sending: market sell 10 GAZP@MISX acc=1225950 @ MKT
18:13:53 orders_arb ERROR gRPC order error (GAZP@RTSX sell 10@None): code=StatusCode.INTERNAL details=Trading is not available at the moment
18:13:53 orders_arb WARNING gRPC market failed, falling back to DP server
18:13:53 orders_arb ERROR Market order error (GAZP@RTSX sell 10): no response
18:13:53 orders_arb INFO gRPC sending: market buy 1 GZU6@RTSX acc=1225953 @ MKT
18:13:54 orders_arb ERROR gRPC order error (GZU6@RTSX buy 1@None): code=StatusCode.INTERNAL details=Jwt token check failed: UNAUTHENTICATED: Token is expired
18:13:54 orders_arb WARNING gRPC market failed, falling back to DP server
18:13:54 orders_arb INFO Market placed: arb_exit_1 buy 1 GZU6@RTSX id=1896048080582016035
18:13:54 robot_arb ERROR Market exit failed layer #1: A=FAIL B=OK
18:13:55 robot_arb INFO Cleanup: 1 open layers in mode=stopped, attempting close...
18:13:55 robot_arb INFO EXIT ALL 1 layers — reason=cleanup
18:13:55 robot_arb INFO EXIT layer #1 reason=cleanup | MARKET sell 10 + buy 1
18:13:55 orders_arb INFO gRPC sending: market sell 10 GAZP@MISX acc=1225950 @ MKT
18:13:55 orders_arb ERROR gRPC order error (GAZP@RTSX sell 10@None): code=StatusCode.INTERNAL details=Jwt token check failed: UNAUTHENTICATED: Token is expired
18:13:55 orders_arb WARNING gRPC market failed, falling back to DP server
18:13:55 orders_arb ERROR Market order error (GAZP@RTSX sell 10): no response
18:13:55 orders_arb INFO gRPC sending: market buy 1 GZU6@RTSX acc=1225953 @ MKT
18:13:55 orders_arb ERROR gRPC order error (GZU6@RTSX buy 1@None): code=StatusCode.INTERNAL details=Jwt token check failed: UNAUTHENTICATED: Token is expired
18:13:55 orders_arb WARNING gRPC market failed, falling back to DP server
18:13:55 orders_arb INFO Market placed: arb_exit_1 buy 1 GZU6@RTSX id=1896048080582016043
18:13:55 robot_arb ERROR Market exit failed layer #1: A=FAIL B=OK
18:13:56 robot_arb INFO Cleanup: 1 open layers in mode=stopped, attempting close...
18:13:56 robot_arb INFO EXIT ALL 1 layers — reason=cleanup
18:13:56 robot_arb INFO EXIT layer #1 reason=cleanup | MARKET sell 10 + buy 1
18:13:56 orders_arb INFO gRPC sending: market sell 10 GAZP@MISX acc=1225950 @ MKT
18:13:56 orders_arb ERROR gRPC order error (GAZP@RTSX sell 10@None): code=StatusCode.INTERNAL details=Trading is not available at the moment
18:13:56 orders_arb WARNING gRPC market failed, falling back to DP server
18:13:56 orders_arb ERROR Market order error (GAZP@RTSX sell 10): no response
18:13:56 orders_arb INFO gRPC sending: market buy 1 GZU6@RTSX acc=1225953 @ MKT
18:13:56 orders_arb ERROR gRPC order error (GZU6@RTSX buy 1@None): code=StatusCode.INTERNAL details=Jwt token check failed: UNAUTHENTICATED: Token is expired
18:13:56 orders_arb WARNING gRPC market failed, falling back to DP server
18:13:57 orders_arb INFO Market placed: arb_exit_1 buy 1 GZU6@RTSX id=1896048080582016048
18:13:57 robot_arb ERROR Market exit failed layer #1: A=FAIL B=OK
18:13:58 robot_arb INFO Cleanup: 1 open layers in mode=stopped, attempting close...
18:13:58 robot_arb INFO EXIT ALL 1 layers — reason=cleanup
18:13:58 robot_arb INFO EXIT layer #1 reason=cleanup | MARKET sell 10 + buy 1
18:13:58 orders_arb INFO gRPC sending: market sell 10 GAZP@MISX acc=1225950 @ MKT
18:13:58 orders_arb ERROR gRPC order error (GAZP@RTSX sell 10@None): code=StatusCode.INTERNAL details=Jwt token check failed: UNAUTHENTICATED: Token is expired
18:13:58 orders_arb WARNING gRPC market failed, falling back to DP server
18:13:58 orders_arb ERROR Market order error (GAZP@RTSX sell 10): no response
18:13:58 orders_arb INFO gRPC sending: market buy 1 GZU6@RTSX acc=1225953 @ MKT
18:13:58 orders_arb ERROR gRPC order error (GZU6@RTSX buy 1@None): code=StatusCode.INTERNAL details=Trading is not available at the moment
18:13:58 orders_arb WARNING gRPC market failed, falling back to DP server
18:13:58 orders_arb INFO Market placed: arb_exit_1 buy 1 GZU6@RTSX id=1896048080582016052
18:13:58 robot_arb ERROR Market exit failed layer #1: A=FAIL B=OK
18:13:59 robot_arb INFO Cleanup: 1 open layers in mode=stopped, attempting close...
18:13:59 robot_arb INFO EXIT ALL 1 layers — reason=cleanup
18:13:59 robot_arb INFO EXIT layer #1 reason=cleanup | MARKET sell 10 + buy 1
18:13:59 orders_arb INFO gRPC sending: market sell 10 GAZP@MISX acc=1225950 @ MKT
18:13:59 orders_arb ERROR gRPC order error (GAZP@RTSX sell 10@None): code=StatusCode.INTERNAL details=Jwt token check failed: UNAUTHENTICATED: Token is expired
18:13:59 orders_arb WARNING gRPC market failed, falling back to DP server
18:13:59 orders_arb ERROR Market order error (GAZP@RTSX sell 10): no response
18:13:59 orders_arb INFO gRPC sending: market buy 1 GZU6@RTSX acc=1225953 @ MKT
18:13:59 orders_arb ERROR gRPC order error (GZU6@RTSX buy 1@None): code=StatusCode.INTERNAL details=Jwt token check failed: UNAUTHENTICATED: Token is expired
18:13:59 orders_arb WARNING gRPC market failed, falling back to DP server
18:13:59 orders_arb INFO Market placed: arb_exit_1 buy 1 GZU6@RTSX id=1896048080582016054
18:13:59 robot_arb ERROR Market exit failed layer #1: A=FAIL B=OK
18:14:00 robot_arb INFO Cleanup: 1 open layers in mode=stopped, attempting close...
18:14:00 robot_arb INFO EXIT ALL 1 layers — reason=cleanup
18:14:00 robot_arb INFO EXIT layer #1 reason=cleanup | MARKET sell 10 + buy 1
18:14:00 orders_arb INFO gRPC sending: market sell 10 GAZP@MISX acc=1225950 @ MKT
18:14:00 orders_arb ERROR gRPC order error (GAZP@RTSX sell 10@None): code=StatusCode.INTERNAL details=Jwt token check failed: UNAUTHENTICATED: Token is expired
18:14:00 orders_arb WARNING gRPC market failed, falling back to DP server
18:14:00 orders_arb ERROR Market order error (GAZP@RTSX sell 10): no response
18:14:00 orders_arb INFO gRPC sending: market buy 1 GZU6@RTSX acc=1225953 @ MKT
18:14:00 orders_arb ERROR gRPC order error (GZU6@RTSX buy 1@None): code=StatusCode.INTERNAL details=Jwt token check failed: UNAUTHENTICATED: Token is expired
18:14:00 orders_arb WARNING gRPC market failed, falling back to DP server
18:14:00 orders_arb INFO Market placed: arb_exit_1 buy 1 GZU6@RTSX id=1896048080582016064
18:14:00 robot_arb ERROR Market exit failed layer #1: A=FAIL B=OK
18:14:01 robot_arb INFO Cleanup: 1 open layers in mode=stopped, attempting close...
18:14:01 robot_arb INFO EXIT ALL 1 layers — reason=cleanup
18:14:01 robot_arb INFO EXIT layer #1 reason=cleanup | MARKET sell 10 + buy 1
18:14:01 orders_arb INFO gRPC sending: market sell 10 GAZP@MISX acc=1225950 @ MKT
18:14:02 orders_arb ERROR gRPC order error (GAZP@RTSX sell 10@None): code=StatusCode.INTERNAL details=Jwt token check failed: UNAUTHENTICATED: Token is expired
18:14:02 orders_arb WARNING gRPC market failed, falling back to DP server
18:14:02 orders_arb ERROR Market order error (GAZP@RTSX sell 10): no response
18:14:02 orders_arb INFO gRPC sending: market buy 1 GZU6@RTSX acc=1225953 @ MKT
18:14:02 orders_arb ERROR gRPC order error (GZU6@RTSX buy 1@None): code=StatusCode.INTERNAL details=Jwt token check failed: UNAUTHENTICATED: Token is expired
18:14:02 orders_arb WARNING gRPC market failed, falling back to DP server
18:14:02 orders_arb INFO Market placed: arb_exit_1 buy 1 GZU6@RTSX id=1896048080582016078
18:14:02 robot_arb ERROR Market exit failed layer #1: A=FAIL B=OK
18:14:03 robot_arb INFO Cleanup: 1 open layers in mode=stopped, attempting close...
18:14:03 robot_arb INFO EXIT ALL 1 layers — reason=cleanup
18:14:03 robot_arb INFO EXIT layer #1 reason=cleanup | MARKET sell 10 + buy 1
18:14:03 orders_arb INFO gRPC sending: market sell 10 GAZP@MISX acc=1225950 @ MKT
18:14:03 orders_arb ERROR gRPC order error (GAZP@RTSX sell 10@None): code=StatusCode.INTERNAL details=Jwt token check failed: UNAUTHENTICATED: Token is expired
18:14:03 orders_arb WARNING gRPC market failed, falling back to DP server
18:14:03 orders_arb ERROR Market order error (GAZP@RTSX sell 10): no response
18:14:03 orders_arb INFO gRPC sending: market buy 1 GZU6@RTSX acc=1225953 @ MKT
18:14:03 orders_arb ERROR gRPC order error (GZU6@RTSX buy 1@None): code=StatusCode.INTERNAL details=Jwt token check failed: UNAUTHENTICATED: Token is expired
18:14:03 orders_arb WARNING gRPC market failed, falling back to DP server
18:14:03 orders_arb INFO Market placed: arb_exit_1 buy 1 GZU6@RTSX id=1896048080582016102
18:14:03 robot_arb ERROR Market exit failed layer #1: A=FAIL B=OK
18:14:04 robot_arb INFO Cleanup: 1 open layers in mode=stopped, attempting close...
18:14:04 robot_arb INFO EXIT ALL 1 layers — reason=cleanup
18:14:04 robot_arb INFO EXIT layer #1 reason=cleanup | MARKET sell 10 + buy 1
18:14:04 orders_arb INFO gRPC sending: market sell 10 GAZP@MISX acc=1225950 @ MKT
18:14:04 orders_arb ERROR gRPC order error (GAZP@RTSX sell 10@None): code=StatusCode.INTERNAL details=Jwt token check failed: UNAUTHENTICATED: Token is expired
18:14:04 orders_arb WARNING gRPC market failed, falling back to DP server
18:14:04 orders_arb ERROR Market order error (GAZP@RTSX sell 10): no response
18:14:04 orders_arb INFO gRPC sending: market buy 1 GZU6@RTSX acc=1225953 @ MKT
18:14:04 orders_arb ERROR gRPC order error (GZU6@RTSX buy 1@None): code=StatusCode.INTERNAL details=Jwt token check failed: UNAUTHENTICATED: Token is expired
18:14:04 orders_arb WARNING gRPC market failed, falling back to DP server
18:14:05 orders_arb INFO Market placed: arb_exit_1 buy 1 GZU6@RTSX id=1896048080582016110
18:14:05 robot_arb ERROR Market exit failed layer #1: A=FAIL B=OK
18:14:06 robot_arb INFO Cleanup: 1 open layers in mode=stopped, attempting close...
18:14:06 robot_arb INFO EXIT ALL 1 layers — reason=cleanup
18:14:06 robot_arb INFO EXIT layer #1 reason=cleanup | MARKET sell 10 + buy 1
18:14:06 orders_arb INFO gRPC sending: market sell 10 GAZP@MISX acc=1225950 @ MKT
18:14:06 orders_arb ERROR gRPC order error (GAZP@RTSX sell 10@None): code=StatusCode.INTERNAL details=Trading is not available at the moment
18:14:06 orders_arb WARNING gRPC market failed, falling back to DP server
18:14:06 orders_arb ERROR Market order error (GAZP@RTSX sell 10): no response
18:14:06 orders_arb INFO gRPC sending: market buy 1 GZU6@RTSX acc=1225953 @ MKT
18:14:06 orders_arb ERROR gRPC order error (GZU6@RTSX buy 1@None): code=StatusCode.INTERNAL details=Jwt token check failed: UNAUTHENTICATED: Token is expired
18:14:06 orders_arb WARNING gRPC market failed, falling back to DP server
18:14:06 orders_arb INFO Market placed: arb_exit_1 buy 1 GZU6@RTSX id=1896048080582016156
18:14:06 robot_arb ERROR Market exit failed layer #1: A=FAIL B=OK
18:14:07 robot_arb INFO Cleanup: 1 open layers in mode=stopped, attempting close...
18:14:07 robot_arb INFO EXIT ALL 1 layers — reason=cleanup
18:14:07 robot_arb INFO EXIT layer #1 reason=cleanup | MARKET sell 10 + buy 1
18:14:07 orders_arb INFO gRPC sending: market sell 10 GAZP@MISX acc=1225950 @ MKT
18:14:07 orders_arb ERROR gRPC order error (GAZP@RTSX sell 10@None): code=StatusCode.INTERNAL details=Jwt token check failed: UNAUTHENTICATED: Token is expired
18:14:07 orders_arb WARNING gRPC market failed, falling back to DP server
18:14:07 orders_arb ERROR Market order error (GAZP@RTSX sell 10): no response
18:14:07 orders_arb INFO gRPC sending: market buy 1 GZU6@RTSX acc=1225953 @ MKT
18:14:07 orders_arb ERROR gRPC order error (GZU6@RTSX buy 1@None): code=StatusCode.INTERNAL details=Trading is not available at the moment
18:14:07 orders_arb WARNING gRPC market failed, falling back to DP server
18:14:07 orders_arb INFO Market placed: arb_exit_1 buy 1 GZU6@RTSX id=1896048080582016161
18:14:07 robot_arb ERROR Market exit failed layer #1: A=FAIL B=OK
18:14:08 robot_arb INFO Cleanup: 1 open layers in mode=stopped, attempting close...
18:14:08 robot_arb INFO EXIT ALL 1 layers — reason=cleanup
18:14:08 robot_arb INFO EXIT layer #1 reason=cleanup | MARKET sell 10 + buy 1
18:14:08 orders_arb INFO gRPC sending: market sell 10 GAZP@MISX acc=1225950 @ MKT
18:14:08 orders_arb ERROR gRPC order error (GAZP@RTSX sell 10@None): code=StatusCode.INTERNAL details=Jwt token check failed: UNAUTHENTICATED: Token is expired
18:14:08 orders_arb WARNING gRPC market failed, falling back to DP server
18:14:09 orders_arb ERROR Market order error (GAZP@RTSX sell 10): no response
18:14:09 orders_arb INFO gRPC sending: market buy 1 GZU6@RTSX acc=1225953 @ MKT
18:14:09 orders_arb ERROR gRPC order error (GZU6@RTSX buy 1@None): code=StatusCode.INTERNAL details=Jwt token check failed: UNAUTHENTICATED: Token is expired
18:14:09 orders_arb WARNING gRPC market failed, falling back to DP server
18:14:09 orders_arb INFO Market placed: arb_exit_1 buy 1 GZU6@RTSX id=1896048080582016172
18:14:09 robot_arb ERROR Market exit failed layer #1: A=FAIL B=OK
18:14:10 robot_arb INFO Cleanup: 1 open layers in mode=stopped, attempting close...
18:14:10 robot_arb INFO EXIT ALL 1 layers — reason=cleanup
18:14:10 robot_arb INFO EXIT layer #1 reason=cleanup | MARKET sell 10 + buy 1
18:14:10 orders_arb INFO gRPC sending: market sell 10 GAZP@MISX acc=1225950 @ MKT
18:14:10 orders_arb ERROR gRPC order error (GAZP@RTSX sell 10@None): code=StatusCode.INTERNAL details=Jwt token check failed: UNAUTHENTICATED: Token is expired
18:14:10 orders_arb WARNING gRPC market failed, falling back to DP server
18:14:10 orders_arb ERROR Market order error (GAZP@RTSX sell 10): no response
18:14:10 orders_arb INFO gRPC sending: market buy 1 GZU6@RTSX acc=1225953 @ MKT
18:14:10 orders_arb ERROR gRPC order error (GZU6@RTSX buy 1@None): code=StatusCode.INTERNAL details=Jwt token check failed: UNAUTHENTICATED: Token is expired
18:14:10 orders_arb WARNING gRPC market failed, falling back to DP server
18:14:10 orders_arb INFO Market placed: arb_exit_1 buy 1 GZU6@RTSX id=1896048080582016214
18:14:10 robot_arb ERROR Market exit failed layer #1: A=FAIL B=OK
18:14:11 robot_arb INFO Cleanup: 1 open layers in mode=stopped, attempting close...
18:14:11 robot_arb INFO EXIT ALL 1 layers — reason=cleanup
18:14:11 robot_arb INFO EXIT layer #1 reason=cleanup | MARKET sell 10 + buy 1
18:14:11 orders_arb INFO gRPC sending: market sell 10 GAZP@MISX acc=1225950 @ MKT
18:14:11 orders_arb ERROR gRPC order error (GAZP@RTSX sell 10@None): code=StatusCode.INTERNAL details=Jwt token check failed: UNAUTHENTICATED: Token is expired
18:14:11 orders_arb WARNING gRPC market failed, falling back to DP server
18:14:11 orders_arb ERROR Market order error (GAZP@RTSX sell 10): no response
18:14:11 orders_arb INFO gRPC sending: market buy 1 GZU6@RTSX acc=1225953 @ MKT
18:14:11 orders_arb ERROR gRPC order error (GZU6@RTSX buy 1@None): code=StatusCode.INTERNAL details=Jwt token check failed: UNAUTHENTICATED: Token is expired
18:14:11 orders_arb WARNING gRPC market failed, falling back to DP server
18:14:11 orders_arb INFO Market placed: arb_exit_1 buy 1 GZU6@RTSX id=1896048080582016225
18:14:11 robot_arb ERROR Market exit failed layer #1: A=FAIL B=OK
18:14:12 robot_arb INFO Cleanup: 1 open layers in mode=stopped, attempting close...
18:14:12 robot_arb INFO EXIT ALL 1 layers — reason=cleanup
18:14:12 robot_arb INFO EXIT layer #1 reason=cleanup | MARKET sell 10 + buy 1
18:14:12 orders_arb INFO gRPC sending: market sell 10 GAZP@MISX acc=1225950 @ MKT
18:14:13 orders_arb ERROR gRPC order error (GAZP@RTSX sell 10@None): code=StatusCode.INTERNAL details=Jwt token check failed: UNAUTHENTICATED: Token is expired
18:14:13 orders_arb WARNING gRPC market failed, falling back to DP server
18:14:13 orders_arb ERROR Market order error (GAZP@RTSX sell 10): no response
18:14:13 orders_arb INFO gRPC sending: market buy 1 GZU6@RTSX acc=1225953 @ MKT
18:14:13 orders_arb ERROR gRPC order error (GZU6@RTSX buy 1@None): code=StatusCode.INTERNAL details=Jwt token check failed: UNAUTHENTICATED: Token is expired
18:14:13 orders_arb WARNING gRPC market failed, falling back to DP server
18:14:13 orders_arb INFO Market placed: arb_exit_1 buy 1 GZU6@RTSX id=1896048080582016228
18:14:13 robot_arb ERROR Market exit failed layer #1: A=FAIL B=OK
18:14:14 robot_arb INFO Cleanup: 1 open layers in mode=stopped, attempting close...
18:14:14 robot_arb INFO EXIT ALL 1 layers — reason=cleanup
18:14:14 robot_arb INFO EXIT layer #1 reason=cleanup | MARKET sell 10 + buy 1
18:14:14 orders_arb INFO gRPC sending: market sell 10 GAZP@MISX acc=1225950 @ MKT
18:14:14 orders_arb ERROR gRPC order error (GAZP@RTSX sell 10@None): code=StatusCode.INTERNAL details=Jwt token check failed: UNAUTHENTICATED: Token is expired
18:14:14 orders_arb WARNING gRPC market failed, falling back to DP server
18:14:14 orders_arb ERROR Market order error (GAZP@RTSX sell 10): no response
18:14:14 orders_arb INFO gRPC sending: market buy 1 GZU6@RTSX acc=1225953 @ MKT
18:14:14 orders_arb ERROR gRPC order error (GZU6@RTSX buy 1@None): code=StatusCode.INTERNAL details=Jwt token check failed: UNAUTHENTICATED: Token is expired
18:14:14 orders_arb WARNING gRPC market failed, falling back to DP server
18:14:14 orders_arb INFO Market placed: arb_exit_1 buy 1 GZU6@RTSX id=1896048080582016252
18:14:14 robot_arb ERROR Market exit failed layer #1: A=FAIL B=OK
18:14:15 robot_arb INFO Cleanup: 1 open layers in mode=stopped, attempting close...
18:14:15 robot_arb INFO EXIT ALL 1 layers — reason=cleanup
18:14:15 robot_arb INFO EXIT layer #1 reason=cleanup | MARKET sell 10 + buy 1
18:14:15 orders_arb INFO gRPC sending: market sell 10 GAZP@MISX acc=1225950 @ MKT
18:14:15 orders_arb ERROR gRPC order error (GAZP@RTSX sell 10@None): code=StatusCode.INTERNAL details=Trading is not available at the moment
18:14:15 orders_arb WARNING gRPC market failed, falling back to DP server
18:14:15 orders_arb ERROR Market order error (GAZP@RTSX sell 10): no response
18:14:15 orders_arb INFO gRPC sending: market buy 1 GZU6@RTSX acc=1225953 @ MKT
18:14:15 orders_arb ERROR gRPC order error (GZU6@RTSX buy 1@None): code=StatusCode.INTERNAL details=Jwt token check failed: UNAUTHENTICATED: Token is expired
18:14:15 orders_arb WARNING gRPC market failed, falling back to DP server
18:14:15 orders_arb INFO Market placed: arb_exit_1 buy 1 GZU6@RTSX id=1896048080582016258
18:14:15 robot_arb ERROR Market exit failed layer #1: A=FAIL B=OK
18:14:16 robot_arb INFO Cleanup: 1 open layers in mode=stopped, attempting close...
18:14:16 robot_arb INFO EXIT ALL 1 layers — reason=cleanup
18:14:16 robot_arb INFO EXIT layer #1 reason=cleanup | MARKET sell 10 + buy 1
18:14:16 orders_arb INFO gRPC sending: market sell 10 GAZP@MISX acc=1225950 @ MKT
18:14:17 orders_arb ERROR gRPC order error (GAZP@RTSX sell 10@None): code=StatusCode.INTERNAL details=Jwt token check failed: UNAUTHENTICATED: Token is expired
18:14:17 orders_arb WARNING gRPC market failed, falling back to DP server
18:14:17 orders_arb ERROR Market order error (GAZP@RTSX sell 10): no response
18:14:17 orders_arb INFO gRPC sending: market buy 1 GZU6@RTSX acc=1225953 @ MKT
18:14:17 orders_arb ERROR gRPC order error (GZU6@RTSX buy 1@None): code=StatusCode.INTERNAL details=Jwt token check failed: UNAUTHENTICATED: Token is expired
18:14:17 orders_arb WARNING gRPC market failed, falling back to DP server
18:14:17 orders_arb INFO Market placed: arb_exit_1 buy 1 GZU6@RTSX id=1896048080582016261
18:14:17 robot_arb ERROR Market exit failed layer #1: A=FAIL B=OK
18:14:18 robot_arb INFO Cleanup: 1 open layers in mode=stopped, attempting close...
18:14:18 robot_arb INFO EXIT ALL 1 layers — reason=cleanup
18:14:18 robot_arb INFO EXIT layer #1 reason=cleanup | MARKET sell 10 + buy 1
18:14:18 orders_arb INFO gRPC sending: market sell 10 GAZP@MISX acc=1225950 @ MKT
18:14:18 orders_arb ERROR gRPC order error (GAZP@RTSX sell 10@None): code=StatusCode.INTERNAL details=Jwt token check failed: UNAUTHENTICATED: Token is expired
18:14:18 orders_arb WARNING gRPC market failed, falling back to DP server
18:14:18 orders_arb ERROR Market order error (GAZP@RTSX sell 10): no response
18:14:18 orders_arb INFO gRPC sending: market buy 1 GZU6@RTSX acc=1225953 @ MKT
18:14:18 orders_arb ERROR gRPC order error (GZU6@RTSX buy 1@None): code=StatusCode.INTERNAL details=Jwt token check failed: UNAUTHENTICATED: Token is expired
18:14:18 orders_arb WARNING gRPC market failed, falling back to DP server
18:14:18 orders_arb INFO Market placed: arb_exit_1 buy 1 GZU6@RTSX id=1896048080582016265
18:14:18 robot_arb ERROR Market exit failed layer #1: A=FAIL B=OK
18:14:19 robot_arb INFO Cleanup: 1 open layers in mode=stopped, attempting close...
18:14:19 robot_arb INFO EXIT ALL 1 layers — reason=cleanup
18:14:19 robot_arb INFO EXIT layer #1 reason=cleanup | MARKET sell 10 + buy 1
18:14:19 orders_arb INFO gRPC sending: market sell 10 GAZP@MISX acc=1225950 @ MKT
18:14:19 orders_arb ERROR gRPC order error (GAZP@RTSX sell 10@None): code=StatusCode.INTERNAL details=Jwt token check failed: UNAUTHENTICATED: Token is expired
18:14:19 orders_arb WARNING gRPC market failed, falling back to DP server
18:14:19 orders_arb ERROR Market order error (GAZP@RTSX sell 10): no response
18:14:19 orders_arb INFO gRPC sending: market buy 1 GZU6@RTSX acc=1225953 @ MKT
18:14:19 orders_arb ERROR gRPC order error (GZU6@RTSX buy 1@None): code=StatusCode.INTERNAL details=Jwt token check failed: UNAUTHENTICATED: Token is expired
18:14:19 orders_arb WARNING gRPC market failed, falling back to DP server
18:14:20 orders_arb INFO Market placed: arb_exit_1 buy 1 GZU6@RTSX id=1896048080582016275
18:14:20 robot_arb ERROR Market exit failed layer #1: A=FAIL B=OK
18:14:21 robot_arb INFO Cleanup: 1 open layers in mode=stopped, attempting close...
18:14:21 robot_arb INFO EXIT ALL 1 layers — reason=cleanup
18:14:21 robot_arb INFO EXIT layer #1 reason=cleanup | MARKET sell 10 + buy 1
18:14:21 orders_arb INFO gRPC sending: market sell 10 GAZP@MISX acc=1225950 @ MKT
18:14:21 orders_arb ERROR gRPC order error (GAZP@RTSX sell 10@None): code=StatusCode.INTERNAL details=Jwt token check failed: UNAUTHENTICATED: Token is expired
18:14:21 orders_arb WARNING gRPC market failed, falling back to DP server
18:14:21 orders_arb ERROR Market order error (GAZP@RTSX sell 10): no response
18:14:21 orders_arb INFO gRPC sending: market buy 1 GZU6@RTSX acc=1225953 @ MKT
18:14:21 orders_arb ERROR gRPC order error (GZU6@RTSX buy 1@None): code=StatusCode.INTERNAL details=Jwt token check failed: UNAUTHENTICATED: Token is expired
18:14:21 orders_arb WARNING gRPC market failed, falling back to DP server
18:14:21 orders_arb INFO Market placed: arb_exit_1 buy 1 GZU6@RTSX id=1896048080582016287
18:14:21 robot_arb ERROR Market exit failed layer #1: A=FAIL B=OK
18:14:22 robot_arb INFO Cleanup: 1 open layers in mode=stopped, attempting close...
18:14:22 robot_arb INFO EXIT ALL 1 layers — reason=cleanup
18:14:22 robot_arb INFO EXIT layer #1 reason=cleanup | MARKET sell 10 + buy 1
18:14:22 orders_arb INFO gRPC sending: market sell 10 GAZP@MISX acc=1225950 @ MKT
18:14:22 orders_arb ERROR gRPC order error (GAZP@RTSX sell 10@None): code=StatusCode.INTERNAL details=Jwt token check failed: UNAUTHENTICATED: Token is expired
18:14:22 orders_arb WARNING gRPC market failed, falling back to DP server
18:14:22 orders_arb ERROR Market order error (GAZP@RTSX sell 10): no response
18:14:22 orders_arb INFO gRPC sending: market buy 1 GZU6@RTSX acc=1225953 @ MKT
18:14:22 orders_arb ERROR gRPC order error (GZU6@RTSX buy 1@None): code=StatusCode.INTERNAL details=Trading is not available at the moment
18:14:22 orders_arb WARNING gRPC market failed, falling back to DP server
18:14:22 orders_arb INFO Market placed: arb_exit_1 buy 1 GZU6@RTSX id=1896048080582016292
18:14:22 robot_arb ERROR Market exit failed layer #1: A=FAIL B=OK
18:14:23 robot_arb INFO Cleanup: 1 open layers in mode=stopped, attempting close...
18:14:23 robot_arb INFO EXIT ALL 1 layers — reason=cleanup
18:14:23 robot_arb INFO EXIT layer #1 reason=cleanup | MARKET sell 10 + buy 1
18:14:23 orders_arb INFO gRPC sending: market sell 10 GAZP@MISX acc=1225950 @ MKT
18:14:24 orders_arb ERROR gRPC order error (GAZP@RTSX sell 10@None): code=StatusCode.INTERNAL details=Jwt token check failed: UNAUTHENTICATED: Token is expired
18:14:24 orders_arb WARNING gRPC market failed, falling back to DP server
18:14:24 orders_arb ERROR Market order error (GAZP@RTSX sell 10): no response
18:14:24 orders_arb INFO gRPC sending: market buy 1 GZU6@RTSX acc=1225953 @ MKT
18:14:24 orders_arb ERROR gRPC order error (GZU6@RTSX buy 1@None): code=StatusCode.INTERNAL details=Jwt token check failed: UNAUTHENTICATED: Token is expired
18:14:24 orders_arb WARNING gRPC market failed, falling back to DP server
18:14:24 orders_arb INFO Market placed: arb_exit_1 buy 1 GZU6@RTSX id=1896048080582016305
18:14:24 robot_arb ERROR Market exit failed layer #1: A=FAIL B=OK
18:14:25 robot_arb INFO Cleanup: 1 open layers in mode=stopped, attempting close...
18:14:25 robot_arb INFO EXIT ALL 1 layers — reason=cleanup
18:14:25 robot_arb INFO EXIT layer #1 reason=cleanup | MARKET sell 10 + buy 1
18:14:25 orders_arb INFO gRPC sending: market sell 10 GAZP@MISX acc=1225950 @ MKT
18:14:25 orders_arb ERROR gRPC order error (GAZP@RTSX sell 10@None): code=StatusCode.INTERNAL details=Jwt token check failed: UNAUTHENTICATED: Token is expired
18:14:25 orders_arb WARNING gRPC market failed, falling back to DP server
18:14:25 orders_arb ERROR Market order error (GAZP@RTSX sell 10): no response
18:14:25 orders_arb INFO gRPC sending: market buy 1 GZU6@RTSX acc=1225953 @ MKT
18:14:25 orders_arb ERROR gRPC order error (GZU6@RTSX buy 1@None): code=StatusCode.INTERNAL details=Trading is not available at the moment
18:14:25 orders_arb WARNING gRPC market failed, falling back to DP server
18:14:25 orders_arb INFO Market placed: arb_exit_1 buy 1 GZU6@RTSX id=1896048080582016314
18:14:25 robot_arb ERROR Market exit failed layer #1: A=FAIL B=OK
18:14:26 robot_arb INFO Cleanup: 1 open layers in mode=stopped, attempting close...
18:14:26 robot_arb INFO EXIT ALL 1 layers — reason=cleanup
18:14:26 robot_arb INFO EXIT layer #1 reason=cleanup | MARKET sell 10 + buy 1
18:14:26 orders_arb INFO gRPC sending: market sell 10 GAZP@MISX acc=1225950 @ MKT
18:14:26 orders_arb ERROR gRPC order error (GAZP@RTSX sell 10@None): code=StatusCode.INTERNAL details=Jwt token check failed: UNAUTHENTICATED: Token is expired
18:14:26 orders_arb WARNING gRPC market failed, falling back to DP server
18:14:26 orders_arb ERROR Market order error (GAZP@RTSX sell 10): no response
18:14:26 orders_arb INFO gRPC sending: market buy 1 GZU6@RTSX acc=1225953 @ MKT
18:14:26 orders_arb ERROR gRPC order error (GZU6@RTSX buy 1@None): code=StatusCode.INTERNAL details=Jwt token check failed: UNAUTHENTICATED: Token is expired
18:14:26 orders_arb WARNING gRPC market failed, falling back to DP server
18:14:26 orders_arb INFO Market placed: arb_exit_1 buy 1 GZU6@RTSX id=1896048080582016550
18:14:26 robot_arb ERROR Market exit failed layer #1: A=FAIL B=OK
18:14:27 robot_arb INFO Cleanup: 1 open layers in mode=stopped, attempting close...
18:14:27 robot_arb INFO EXIT ALL 1 layers — reason=cleanup
18:14:27 robot_arb INFO EXIT layer #1 reason=cleanup | MARKET sell 10 + buy 1
18:14:27 orders_arb INFO gRPC sending: market sell 10 GAZP@MISX acc=1225950 @ MKT
18:14:27 orders_arb ERROR gRPC order error (GAZP@RTSX sell 10@None): code=StatusCode.INTERNAL details=Jwt token check failed: UNAUTHENTICATED: Token is expired
18:14:27 orders_arb WARNING gRPC market failed, falling back to DP server
18:14:27 orders_arb ERROR Market order error (GAZP@RTSX sell 10): no response
18:14:27 orders_arb INFO gRPC sending: market buy 1 GZU6@RTSX acc=1225953 @ MKT
18:14:28 orders_arb ERROR gRPC order error (GZU6@RTSX buy 1@None): code=StatusCode.INTERNAL details=Trading is not available at the moment
18:14:28 orders_arb WARNING gRPC market failed, falling back to DP server
18:14:28 orders_arb INFO Market placed: arb_exit_1 buy 1 GZU6@RTSX id=1896048080582016582
18:14:28 robot_arb ERROR Market exit failed layer #1: A=FAIL B=OK
18:14:29 robot_arb INFO Cleanup: 1 open layers in mode=stopped, attempting close...
18:14:29 robot_arb INFO EXIT ALL 1 layers — reason=cleanup
18:14:29 robot_arb INFO EXIT layer #1 reason=cleanup | MARKET sell 10 + buy 1
18:14:29 orders_arb INFO gRPC sending: market sell 10 GAZP@MISX acc=1225950 @ MKT
18:14:29 orders_arb ERROR gRPC order error (GAZP@RTSX sell 10@None): code=StatusCode.INTERNAL details=Trading is not available at the moment
18:14:29 orders_arb WARNING gRPC market failed, falling back to DP server
18:14:29 orders_arb ERROR Market order error (GAZP@RTSX sell 10): no response
18:14:29 orders_arb INFO gRPC sending: market buy 1 GZU6@RTSX acc=1225953 @ MKT
18:14:29 orders_arb ERROR gRPC order error (GZU6@RTSX buy 1@None): code=StatusCode.INTERNAL details=Jwt token check failed: UNAUTHENTICATED: Token is expired
18:14:29 orders_arb WARNING gRPC market failed, falling back to DP server
18:14:29 orders_arb INFO Market placed: arb_exit_1 buy 1 GZU6@RTSX id=1896048080582016611
18:14:29 robot_arb ERROR Market exit failed layer #1: A=FAIL B=OK
18:14:30 robot_arb INFO Cleanup: 1 open layers in mode=stopped, attempting close...
18:14:30 robot_arb INFO EXIT ALL 1 layers — reason=cleanup
18:14:30 robot_arb INFO EXIT layer #1 reason=cleanup | MARKET sell 10 + buy 1
18:14:30 orders_arb INFO gRPC sending: market sell 10 GAZP@MISX acc=1225950 @ MKT
18:14:30 orders_arb ERROR gRPC order error (GAZP@RTSX sell 10@None): code=StatusCode.INTERNAL details=Trading is not available at the moment
18:14:30 orders_arb WARNING gRPC market failed, falling back to DP server
18:14:30 orders_arb ERROR Market order error (GAZP@RTSX sell 10): no response
18:14:30 orders_arb INFO gRPC sending: market buy 1 GZU6@RTSX acc=1225953 @ MKT
18:14:30 orders_arb ERROR gRPC order error (GZU6@RTSX buy 1@None): code=StatusCode.INTERNAL details=Jwt token check failed: UNAUTHENTICATED: Token is expired
18:14:30 orders_arb WARNING gRPC market failed, falling back to DP server
18:14:30 orders_arb INFO Market placed: arb_exit_1 buy 1 GZU6@RTSX id=1896048080582016715
18:14:30 robot_arb ERROR Market exit failed layer #1: A=FAIL B=OK
18:14:31 robot_arb INFO Cleanup: 1 open layers in mode=stopped, attempting close...
18:14:31 robot_arb INFO EXIT ALL 1 layers — reason=cleanup
18:14:31 robot_arb INFO EXIT layer #1 reason=cleanup | MARKET sell 10 + buy 1
18:14:31 orders_arb INFO gRPC sending: market sell 10 GAZP@MISX acc=1225950 @ MKT
18:14:31 orders_arb ERROR gRPC order error (GAZP@RTSX sell 10@None): code=StatusCode.INTERNAL details=Jwt token check failed: UNAUTHENTICATED: Token is expired
18:14:31 orders_arb WARNING gRPC market failed, falling back to DP server
18:14:32 orders_arb ERROR Market order error (GAZP@RTSX sell 10): no response
18:14:32 orders_arb INFO gRPC sending: market buy 1 GZU6@RTSX acc=1225953 @ MKT
18:14:32 orders_arb ERROR gRPC order error (GZU6@RTSX buy 1@None): code=StatusCode.INTERNAL details=Jwt token check failed: UNAUTHENTICATED: Token is expired
18:14:32 orders_arb WARNING gRPC market failed, falling back to DP server
18:14:32 orders_arb INFO Market placed: arb_exit_1 buy 1 GZU6@RTSX id=1896048080582016742
18:14:32 robot_arb ERROR Market exit failed layer #1: A=FAIL B=OK
18:14:33 robot_arb INFO Cleanup: 1 open layers in mode=stopped, attempting close...
18:14:33 robot_arb INFO EXIT ALL 1 layers — reason=cleanup
18:14:33 robot_arb INFO EXIT layer #1 reason=cleanup | MARKET sell 10 + buy 1
18:14:33 orders_arb INFO gRPC sending: market sell 10 GAZP@MISX acc=1225950 @ MKT
18:14:33 orders_arb ERROR gRPC order error (GAZP@RTSX sell 10@None): code=StatusCode.INTERNAL details=Jwt token check failed: UNAUTHENTICATED: Token is expired
18:14:33 orders_arb WARNING gRPC market failed, falling back to DP server
18:14:33 orders_arb ERROR Market order error (GAZP@RTSX sell 10): no response
18:14:33 orders_arb INFO gRPC sending: market buy 1 GZU6@RTSX acc=1225953 @ MKT
18:14:33 orders_arb ERROR gRPC order error (GZU6@RTSX buy 1@None): code=StatusCode.INTERNAL details=Jwt token check failed: UNAUTHENTICATED: Token is expired
18:14:33 orders_arb WARNING gRPC market failed, falling back to DP server
18:14:33 orders_arb INFO Market placed: arb_exit_1 buy 1 GZU6@RTSX id=1896048080582016767
18:14:33 robot_arb ERROR Market exit failed layer #1: A=FAIL B=OK
18:14:34 robot_arb INFO Cleanup: 1 open layers in mode=stopped, attempting close...
18:14:34 robot_arb INFO EXIT ALL 1 layers — reason=cleanup
18:14:34 robot_arb INFO EXIT layer #1 reason=cleanup | MARKET sell 10 + buy 1
18:14:34 orders_arb INFO gRPC sending: market sell 10 GAZP@MISX acc=1225950 @ MKT
18:14:34 orders_arb ERROR gRPC order error (GAZP@RTSX sell 10@None): code=StatusCode.INTERNAL details=Trading is not available at the moment
18:14:34 orders_arb WARNING gRPC market failed, falling back to DP server
18:14:34 orders_arb ERROR Market order error (GAZP@RTSX sell 10): no response
18:14:34 orders_arb INFO gRPC sending: market buy 1 GZU6@RTSX acc=1225953 @ MKT
18:14:34 orders_arb ERROR gRPC order error (GZU6@RTSX buy 1@None): code=StatusCode.INTERNAL details=Jwt token check failed: UNAUTHENTICATED: Token is expired
18:14:34 orders_arb WARNING gRPC market failed, falling back to DP server
18:14:34 orders_arb INFO Market placed: arb_exit_1 buy 1 GZU6@RTSX id=1896048080582016798
18:14:34 robot_arb ERROR Market exit failed layer #1: A=FAIL B=OK
18:14:35 robot_arb INFO Cleanup: 1 open layers in mode=stopped, attempting close...
18:14:35 robot_arb INFO EXIT ALL 1 layers — reason=cleanup
18:14:35 robot_arb INFO EXIT layer #1 reason=cleanup | MARKET sell 10 + buy 1
18:14:35 orders_arb INFO gRPC sending: market sell 10 GAZP@MISX acc=1225950 @ MKT
18:14:35 orders_arb ERROR gRPC order error (GAZP@RTSX sell 10@None): code=StatusCode.INTERNAL details=Jwt token check failed: UNAUTHENTICATED: Token is expired
18:14:35 orders_arb WARNING gRPC market failed, falling back to DP server
18:14:36 orders_arb ERROR Market order error (GAZP@RTSX sell 10): no response
18:14:36 orders_arb INFO gRPC sending: market buy 1 GZU6@RTSX acc=1225953 @ MKT
18:14:36 orders_arb ERROR gRPC order error (GZU6@RTSX buy 1@None): code=StatusCode.INTERNAL details=Jwt token check failed: UNAUTHENTICATED: Token is expired
18:14:36 orders_arb WARNING gRPC market failed, falling back to DP server
18:14:36 orders_arb INFO Market placed: arb_exit_1 buy 1 GZU6@RTSX id=1896048080582016838
18:14:36 robot_arb ERROR Market exit failed layer #1: A=FAIL B=OK
18:14:37 robot_arb INFO Cleanup: 1 open layers in mode=stopped, attempting close...
18:14:37 robot_arb INFO EXIT ALL 1 layers — reason=cleanup
18:14:37 robot_arb INFO EXIT layer #1 reason=cleanup | MARKET sell 10 + buy 1
18:14:37 orders_arb INFO gRPC sending: market sell 10 GAZP@MISX acc=1225950 @ MKT
18:14:37 orders_arb ERROR gRPC order error (GAZP@RTSX sell 10@None): code=StatusCode.INTERNAL details=Jwt token check failed: UNAUTHENTICATED: Token is expired
18:14:37 orders_arb WARNING gRPC market failed, falling back to DP server
18:14:37 orders_arb ERROR Market order error (GAZP@RTSX sell 10): no response
18:14:37 orders_arb INFO gRPC sending: market buy 1 GZU6@RTSX acc=1225953 @ MKT
18:14:37 orders_arb ERROR gRPC order error (GZU6@RTSX buy 1@None): code=StatusCode.INTERNAL details=Trading is not available at the moment
18:14:37 orders_arb WARNING gRPC market failed, falling back to DP server
18:14:37 orders_arb INFO Market placed: arb_exit_1 buy 1 GZU6@RTSX id=1896048080582016845
18:14:37 robot_arb ERROR Market exit failed layer #1: A=FAIL B=OK
18:14:38 robot_arb INFO Cleanup: 1 open layers in mode=stopped, attempting close...
18:14:38 robot_arb INFO EXIT ALL 1 layers — reason=cleanup
18:14:38 robot_arb INFO EXIT layer #1 reason=cleanup | MARKET sell 10 + buy 1
18:14:38 orders_arb INFO gRPC sending: market sell 10 GAZP@MISX acc=1225950 @ MKT
18:14:38 orders_arb ERROR gRPC order error (GAZP@RTSX sell 10@None): code=StatusCode.INTERNAL details=Jwt token check failed: UNAUTHENTICATED: Token is expired
18:14:38 orders_arb WARNING gRPC market failed, falling back to DP server
18:14:38 orders_arb ERROR Market order error (GAZP@RTSX sell 10): no response
18:14:38 orders_arb INFO gRPC sending: market buy 1 GZU6@RTSX acc=1225953 @ MKT
18:14:38 orders_arb ERROR gRPC order error (GZU6@RTSX buy 1@None): code=StatusCode.INTERNAL details=Trading is not available at the moment
18:14:38 orders_arb WARNING gRPC market failed, falling back to DP server
18:14:39 orders_arb INFO Market placed: arb_exit_1 buy 1 GZU6@RTSX id=1896048080582016873
18:14:39 robot_arb ERROR Market exit failed layer #1: A=FAIL B=OK
18:14:40 robot_arb INFO Cleanup: 1 open layers in mode=stopped, attempting close...
18:14:40 robot_arb INFO EXIT ALL 1 layers — reason=cleanup
18:14:40 robot_arb INFO EXIT layer #1 reason=cleanup | MARKET sell 10 + buy 1
18:14:40 orders_arb INFO gRPC sending: market sell 10 GAZP@MISX acc=1225950 @ MKT
18:14:40 orders_arb ERROR gRPC order error (GAZP@RTSX sell 10@None): code=StatusCode.INTERNAL details=Trading is not available at the moment
18:14:40 orders_arb WARNING gRPC market failed, falling back to DP server
18:14:40 orders_arb ERROR Market order error (GAZP@RTSX sell 10): no response
18:14:40 orders_arb INFO gRPC sending: market buy 1 GZU6@RTSX acc=1225953 @ MKT
18:14:40 orders_arb ERROR gRPC order error (GZU6@RTSX buy 1@None): code=StatusCode.INTERNAL details=Jwt token check failed: UNAUTHENTICATED: Token is expired
18:14:40 orders_arb WARNING gRPC market failed, falling back to DP server
18:14:40 orders_arb INFO Market placed: arb_exit_1 buy 1 GZU6@RTSX id=1896048080582016881
18:14:40 robot_arb ERROR Market exit failed layer #1: A=FAIL B=OK
18:14:41 robot_arb INFO Cleanup: 1 open layers in mode=stopped, attempting close...
18:14:41 robot_arb INFO EXIT ALL 1 layers — reason=cleanup
18:14:41 robot_arb INFO EXIT layer #1 reason=cleanup | MARKET sell 10 + buy 1
18:14:41 orders_arb INFO gRPC sending: market sell 10 GAZP@MISX acc=1225950 @ MKT
18:14:41 orders_arb ERROR gRPC order error (GAZP@RTSX sell 10@None): code=StatusCode.INTERNAL details=Jwt token check failed: UNAUTHENTICATED: Token is expired
18:14:41 orders_arb WARNING gRPC market failed, falling back to DP server
18:14:41 orders_arb ERROR Market order error (GAZP@RTSX sell 10): no response
18:14:41 orders_arb INFO gRPC sending: market buy 1 GZU6@RTSX acc=1225953 @ MKT
18:14:41 orders_arb ERROR gRPC order error (GZU6@RTSX buy 1@None): code=StatusCode.INTERNAL details=Trading is not available at the moment
18:14:41 orders_arb WARNING gRPC market failed, falling back to DP server
18:14:41 orders_arb INFO Market placed: arb_exit_1 buy 1 GZU6@RTSX id=1896048080582016890
18:14:41 robot_arb ERROR Market exit failed layer #1: A=FAIL B=OK
18:14:42 robot_arb INFO Cleanup: 1 open layers in mode=stopped, attempting close...
18:14:42 robot_arb INFO EXIT ALL 1 layers — reason=cleanup
18:14:42 robot_arb INFO EXIT layer #1 reason=cleanup | MARKET sell 10 + buy 1
18:14:42 orders_arb INFO gRPC sending: market sell 10 GAZP@MISX acc=1225950 @ MKT
18:14:42 orders_arb ERROR gRPC order error (GAZP@RTSX sell 10@None): code=StatusCode.INTERNAL details=Trading is not available at the moment
18:14:42 orders_arb WARNING gRPC market failed, falling back to DP server
18:14:42 orders_arb ERROR Market order error (GAZP@RTSX sell 10): no response
18:14:42 orders_arb INFO gRPC sending: market buy 1 GZU6@RTSX acc=1225953 @ MKT
18:14:42 orders_arb ERROR gRPC order error (GZU6@RTSX buy 1@None): code=StatusCode.INTERNAL details=Jwt token check failed: UNAUTHENTICATED: Token is expired
18:14:42 orders_arb WARNING gRPC market failed, falling back to DP server
18:14:43 orders_arb INFO Market placed: arb_exit_1 buy 1 GZU6@RTSX id=1896048080582016901
18:14:43 robot_arb ERROR Market exit failed layer #1: A=FAIL B=OK
18:14:44 robot_arb INFO Cleanup: 1 open layers in mode=stopped, attempting close...
18:14:44 robot_arb INFO EXIT ALL 1 layers — reason=cleanup
18:14:44 robot_arb INFO EXIT layer #1 reason=cleanup | MARKET sell 10 + buy 1
18:14:44 orders_arb INFO gRPC sending: market sell 10 GAZP@MISX acc=1225950 @ MKT
18:14:44 orders_arb ERROR gRPC order error (GAZP@RTSX sell 10@None): code=StatusCode.INTERNAL details=Trading is not available at the moment
18:14:44 orders_arb WARNING gRPC market failed, falling back to DP server
18:14:44 orders_arb ERROR Market order error (GAZP@RTSX sell 10): no response
18:14:44 orders_arb INFO gRPC sending: market buy 1 GZU6@RTSX acc=1225953 @ MKT
18:14:44 orders_arb ERROR gRPC order error (GZU6@RTSX buy 1@None): code=StatusCode.INTERNAL details=Jwt token check failed: UNAUTHENTICATED: Token is expired
18:14:44 orders_arb WARNING gRPC market failed, falling back to DP server
18:14:44 orders_arb INFO Market placed: arb_exit_1 buy 1 GZU6@RTSX id=1896048080582016907
18:14:44 robot_arb ERROR Market exit failed layer #1: A=FAIL B=OK
18:14:45 robot_arb INFO Cleanup: 1 open layers in mode=stopped, attempting close...
18:14:45 robot_arb INFO EXIT ALL 1 layers — reason=cleanup
18:14:45 robot_arb INFO EXIT layer #1 reason=cleanup | MARKET sell 10 + buy 1
18:14:45 orders_arb INFO gRPC sending: market sell 10 GAZP@MISX acc=1225950 @ MKT
18:14:45 orders_arb ERROR gRPC order error (GAZP@RTSX sell 10@None): code=StatusCode.INTERNAL details=Jwt token check failed: UNAUTHENTICATED: Token is expired
18:14:45 orders_arb WARNING gRPC market failed, falling back to DP server
18:14:45 orders_arb ERROR Market order error (GAZP@RTSX sell 10): no response
18:14:45 orders_arb INFO gRPC sending: market buy 1 GZU6@RTSX acc=1225953 @ MKT
18:14:45 orders_arb ERROR gRPC order error (GZU6@RTSX buy 1@None): code=StatusCode.INTERNAL details=Jwt token check failed: UNAUTHENTICATED: Token is expired
18:14:45 orders_arb WARNING gRPC market failed, falling back to DP server
18:14:46 orders_arb INFO Market placed: arb_exit_1 buy 1 GZU6@RTSX id=1896048080582016916
18:14:46 robot_arb ERROR Market exit failed layer #1: A=FAIL B=OK
18:14:47 robot_arb INFO Cleanup: 1 open layers in mode=stopped, attempting close...
18:14:47 robot_arb INFO EXIT ALL 1 layers — reason=cleanup
18:14:47 robot_arb INFO EXIT layer #1 reason=cleanup | MARKET sell 10 + buy 1
18:14:47 orders_arb INFO gRPC sending: market sell 10 GAZP@MISX acc=1225950 @ MKT
18:14:47 orders_arb ERROR gRPC order error (GAZP@RTSX sell 10@None): code=StatusCode.INTERNAL details=Jwt token check failed: UNAUTHENTICATED: Token is expired
18:14:47 orders_arb WARNING gRPC market failed, falling back to DP server
18:14:47 orders_arb ERROR Market order error (GAZP@RTSX sell 10): no response
18:14:47 orders_arb INFO gRPC sending: market buy 1 GZU6@RTSX acc=1225953 @ MKT
18:14:47 orders_arb ERROR gRPC order error (GZU6@RTSX buy 1@None): code=StatusCode.INTERNAL details=Jwt token check failed: UNAUTHENTICATED: Token is expired
18:14:47 orders_arb WARNING gRPC market failed, falling back to DP server
18:14:47 orders_arb INFO Market placed: arb_exit_1 buy 1 GZU6@RTSX id=1896048080582016943
18:14:47 robot_arb ERROR Market exit failed layer #1: A=FAIL B=OK
18:14:48 robot_arb INFO Cleanup: 1 open layers in mode=stopped, attempting close...
18:14:48 robot_arb INFO EXIT ALL 1 layers — reason=cleanup
18:14:48 robot_arb INFO EXIT layer #1 reason=cleanup | MARKET sell 10 + buy 1
18:14:48 orders_arb INFO gRPC sending: market sell 10 GAZP@MISX acc=1225950 @ MKT
18:14:48 orders_arb ERROR gRPC order error (GAZP@RTSX sell 10@None): code=StatusCode.INTERNAL details=Jwt token check failed: UNAUTHENTICATED: Token is expired
18:14:48 orders_arb WARNING gRPC market failed, falling back to DP server
18:14:48 orders_arb ERROR Market order error (GAZP@RTSX sell 10): no response
18:14:48 orders_arb INFO gRPC sending: market buy 1 GZU6@RTSX acc=1225953 @ MKT
18:14:48 orders_arb ERROR gRPC order error (GZU6@RTSX buy 1@None): code=StatusCode.INTERNAL details=Jwt token check failed: UNAUTHENTICATED: Token is expired
18:14:48 orders_arb WARNING gRPC market failed, falling back to DP server
18:14:48 orders_arb INFO Market placed: arb_exit_1 buy 1 GZU6@RTSX id=1896048080582016946
18:14:48 robot_arb ERROR Market exit failed layer #1: A=FAIL B=OK
18:14:49 robot_arb INFO Cleanup: 1 open layers in mode=stopped, attempting close...
18:14:49 robot_arb INFO EXIT ALL 1 layers — reason=cleanup
18:14:49 robot_arb INFO EXIT layer #1 reason=cleanup | MARKET sell 10 + buy 1
18:14:49 orders_arb INFO gRPC sending: market sell 10 GAZP@MISX acc=1225950 @ MKT
18:14:49 orders_arb ERROR gRPC order error (GAZP@RTSX sell 10@None): code=StatusCode.INTERNAL details=Jwt token check failed: UNAUTHENTICATED: Token is expired
18:14:49 orders_arb WARNING gRPC market failed, falling back to DP server
18:14:50 orders_arb ERROR Market order error (GAZP@RTSX sell 10): no response
18:14:50 orders_arb INFO gRPC sending: market buy 1 GZU6@RTSX acc=1225953 @ MKT
18:14:50 orders_arb ERROR gRPC order error (GZU6@RTSX buy 1@None): code=StatusCode.INTERNAL details=Jwt token check failed: UNAUTHENTICATED: Token is expired
18:14:50 orders_arb WARNING gRPC market failed, falling back to DP server
18:14:50 orders_arb INFO Market placed: arb_exit_1 buy 1 GZU6@RTSX id=1896048080582016950
18:14:50 robot_arb ERROR Market exit failed layer #1: A=FAIL B=OK
18:14:51 robot_arb INFO Cleanup: 1 open layers in mode=stopped, attempting close...
18:14:51 robot_arb INFO EXIT ALL 1 layers — reason=cleanup
18:14:51 robot_arb INFO EXIT layer #1 reason=cleanup | MARKET sell 10 + buy 1
18:14:51 orders_arb INFO gRPC sending: market sell 10 GAZP@MISX acc=1225950 @ MKT
18:14:51 orders_arb ERROR gRPC order error (GAZP@RTSX sell 10@None): code=StatusCode.INTERNAL details=Trading is not available at the moment
18:14:51 orders_arb WARNING gRPC market failed, falling back to DP server
18:14:51 orders_arb ERROR Market order error (GAZP@RTSX sell 10): no response
18:14:51 orders_arb INFO gRPC sending: market buy 1 GZU6@RTSX acc=1225953 @ MKT
18:14:51 orders_arb ERROR gRPC order error (GZU6@RTSX buy 1@None): code=StatusCode.INTERNAL details=Jwt token check failed: UNAUTHENTICATED: Token is expired
18:14:51 orders_arb WARNING gRPC market failed, falling back to DP server
18:14:51 orders_arb INFO Market placed: arb_exit_1 buy 1 GZU6@RTSX id=1896048080582017007
18:14:51 robot_arb ERROR Market exit failed layer #1: A=FAIL B=OK
18:14:52 robot_arb INFO Cleanup: 1 open layers in mode=stopped, attempting close...
18:14:52 robot_arb INFO EXIT ALL 1 layers — reason=cleanup
18:14:52 robot_arb INFO EXIT layer #1 reason=cleanup | MARKET sell 10 + buy 1
18:14:52 orders_arb INFO gRPC sending: market sell 10 GAZP@MISX acc=1225950 @ MKT
18:14:52 orders_arb ERROR gRPC order error (GAZP@RTSX sell 10@None): code=StatusCode.INTERNAL details=Jwt token check failed: UNAUTHENTICATED: Token is expired
18:14:52 orders_arb WARNING gRPC market failed, falling back to DP server
18:14:52 orders_arb ERROR Market order error (GAZP@RTSX sell 10): no response
18:14:52 orders_arb INFO gRPC sending: market buy 1 GZU6@RTSX acc=1225953 @ MKT
18:14:52 orders_arb ERROR gRPC order error (GZU6@RTSX buy 1@None): code=StatusCode.INTERNAL details=Trading is not available at the moment
18:14:52 orders_arb WARNING gRPC market failed, falling back to DP server
18:14:52 orders_arb INFO Market placed: arb_exit_1 buy 1 GZU6@RTSX id=1896048080582017034
18:14:52 robot_arb ERROR Market exit failed layer #1: A=FAIL B=OK
18:14:53 robot_arb INFO Cleanup: 1 open layers in mode=stopped, attempting close...
18:14:53 robot_arb INFO EXIT ALL 1 layers — reason=cleanup
18:14:53 robot_arb INFO EXIT layer #1 reason=cleanup | MARKET sell 10 + buy 1
18:14:53 orders_arb INFO gRPC sending: market sell 10 GAZP@MISX acc=1225950 @ MKT
18:14:53 orders_arb ERROR gRPC order error (GAZP@RTSX sell 10@None): code=StatusCode.INTERNAL details=Jwt token check failed: UNAUTHENTICATED: Token is expired
18:14:53 orders_arb WARNING gRPC market failed, falling back to DP server
18:14:53 orders_arb ERROR Market order error (GAZP@RTSX sell 10): no response
18:14:53 orders_arb INFO gRPC sending: market buy 1 GZU6@RTSX acc=1225953 @ MKT
18:14:54 orders_arb ERROR gRPC order error (GZU6@RTSX buy 1@None): code=StatusCode.INTERNAL details=Jwt token check failed: UNAUTHENTICATED: Token is expired
18:14:54 orders_arb WARNING gRPC market failed, falling back to DP server
18:14:54 orders_arb INFO Market placed: arb_exit_1 buy 1 GZU6@RTSX id=1896048080582017035
18:14:54 robot_arb ERROR Market exit failed layer #1: A=FAIL B=OK
18:14:55 robot_arb INFO Cleanup: 1 open layers in mode=stopped, attempting close...
18:14:55 robot_arb INFO EXIT ALL 1 layers — reason=cleanup
18:14:55 robot_arb INFO EXIT layer #1 reason=cleanup | MARKET sell 10 + buy 1
18:14:55 orders_arb INFO gRPC sending: market sell 10 GAZP@MISX acc=1225950 @ MKT
18:14:55 orders_arb ERROR gRPC order error (GAZP@RTSX sell 10@None): code=StatusCode.INTERNAL details=Jwt token check failed: UNAUTHENTICATED: Token is expired
18:14:55 orders_arb WARNING gRPC market failed, falling back to DP server
18:14:55 orders_arb ERROR Market order error (GAZP@RTSX sell 10): no response
18:14:55 orders_arb INFO gRPC sending: market buy 1 GZU6@RTSX acc=1225953 @ MKT
18:14:55 orders_arb ERROR gRPC order error (GZU6@RTSX buy 1@None): code=StatusCode.INTERNAL details=Jwt token check failed: UNAUTHENTICATED: Token is expired
18:14:55 orders_arb WARNING gRPC market failed, falling back to DP server
18:14:55 orders_arb INFO Market placed: arb_exit_1 buy 1 GZU6@RTSX id=1896048080582017040
18:14:55 robot_arb ERROR Market exit failed layer #1: A=FAIL B=OK
18:14:56 robot_arb INFO Cleanup: 1 open layers in mode=stopped, attempting close...
18:14:56 robot_arb INFO EXIT ALL 1 layers — reason=cleanup
18:14:56 robot_arb INFO EXIT layer #1 reason=cleanup | MARKET sell 10 + buy 1
18:14:56 orders_arb INFO gRPC sending: market sell 10 GAZP@MISX acc=1225950 @ MKT
18:14:56 orders_arb ERROR gRPC order error (GAZP@RTSX sell 10@None): code=StatusCode.INTERNAL details=Jwt token check failed: UNAUTHENTICATED: Token is expired
18:14:56 orders_arb WARNING gRPC market failed, falling back to DP server
18:14:56 orders_arb ERROR Market order error (GAZP@RTSX sell 10): no response
18:14:56 orders_arb INFO gRPC sending: market buy 1 GZU6@RTSX acc=1225953 @ MKT
18:14:56 orders_arb ERROR gRPC order error (GZU6@RTSX buy 1@None): code=StatusCode.INTERNAL details=Jwt token check failed: UNAUTHENTICATED: Token is expired
18:14:56 orders_arb WARNING gRPC market failed, falling back to DP server
18:14:56 orders_arb INFO Market placed: arb_exit_1 buy 1 GZU6@RTSX id=1896048080582017057
18:14:56 robot_arb ERROR Market exit failed layer #1: A=FAIL B=OK
18:14:57 robot_arb INFO Cleanup: 1 open layers in mode=stopped, attempting close...
18:14:57 robot_arb INFO EXIT ALL 1 layers — reason=cleanup
18:14:57 robot_arb INFO EXIT layer #1 reason=cleanup | MARKET sell 10 + buy 1
18:14:57 orders_arb INFO gRPC sending: market sell 10 GAZP@MISX acc=1225950 @ MKT
18:14:57 orders_arb ERROR gRPC order error (GAZP@RTSX sell 10@None): code=StatusCode.INTERNAL details=Jwt token check failed: UNAUTHENTICATED: Token is expired
18:14:57 orders_arb WARNING gRPC market failed, falling back to DP server
18:14:58 orders_arb ERROR Market order error (GAZP@RTSX sell 10): no response
18:14:58 orders_arb INFO gRPC sending: market buy 1 GZU6@RTSX acc=1225953 @ MKT
18:14:58 orders_arb ERROR gRPC order error (GZU6@RTSX buy 1@None): code=StatusCode.INTERNAL details=Jwt token check failed: UNAUTHENTICATED: Token is expired
18:14:58 orders_arb WARNING gRPC market failed, falling back to DP server
18:14:58 orders_arb INFO Market placed: arb_exit_1 buy 1 GZU6@RTSX id=1896048080582017062
18:14:58 robot_arb ERROR Market exit failed layer #1: A=FAIL B=OK
18:14:59 robot_arb INFO Cleanup: 1 open layers in mode=stopped, attempting close...
18:14:59 robot_arb INFO EXIT ALL 1 layers — reason=cleanup
18:14:59 robot_arb INFO EXIT layer #1 reason=cleanup | MARKET sell 10 + buy 1
18:14:59 orders_arb INFO gRPC sending: market sell 10 GAZP@MISX acc=1225950 @ MKT
18:14:59 orders_arb ERROR gRPC order error (GAZP@RTSX sell 10@None): code=StatusCode.INTERNAL details=Jwt token check failed: UNAUTHENTICATED: Token is expired
18:14:59 orders_arb WARNING gRPC market failed, falling back to DP server
18:14:59 orders_arb ERROR Market order error (GAZP@RTSX sell 10): no response
18:14:59 orders_arb INFO gRPC sending: market buy 1 GZU6@RTSX acc=1225953 @ MKT
18:14:59 orders_arb ERROR gRPC order error (GZU6@RTSX buy 1@None): code=StatusCode.INTERNAL details=Jwt token check failed: UNAUTHENTICATED: Token is expired
18:14:59 orders_arb WARNING gRPC market failed, falling back to DP server
18:14:59 orders_arb INFO Market placed: arb_exit_1 buy 1 GZU6@RTSX id=1896048080582017063
18:14:59 robot_arb ERROR Market exit failed layer #1: A=FAIL B=OK
18:15:00 robot_arb INFO Cleanup: 1 open layers in mode=stopped, attempting close...
18:15:00 robot_arb INFO EXIT ALL 1 layers — reason=cleanup
18:15:00 robot_arb INFO EXIT layer #1 reason=cleanup | MARKET sell 10 + buy 1
18:15:00 orders_arb INFO gRPC sending: market sell 10 GAZP@MISX acc=1225950 @ MKT
18:15:00 orders_arb ERROR gRPC order error (GAZP@RTSX sell 10@None): code=StatusCode.INTERNAL details=Jwt token check failed: UNAUTHENTICATED: Token is expired
18:15:00 orders_arb WARNING gRPC market failed, falling back to DP server
18:15:00 orders_arb ERROR Market order error (GAZP@RTSX sell 10): no response
18:15:00 orders_arb INFO gRPC sending: market buy 1 GZU6@RTSX acc=1225953 @ MKT
18:15:00 orders_arb ERROR gRPC order error (GZU6@RTSX buy 1@None): code=StatusCode.INTERNAL details=Trading is not available at the moment
18:15:00 orders_arb WARNING gRPC market failed, falling back to DP server
18:15:01 orders_arb INFO Market placed: arb_exit_1 buy 1 GZU6@RTSX id=1896048080582017075
18:15:01 robot_arb ERROR Market exit failed layer #1: A=FAIL B=OK
18:15:02 robot_arb INFO Cleanup: 1 open layers in mode=stopped, attempting close...
18:15:02 robot_arb INFO EXIT ALL 1 layers — reason=cleanup
18:15:02 robot_arb INFO EXIT layer #1 reason=cleanup | MARKET sell 10 + buy 1
18:15:02 orders_arb INFO gRPC sending: market sell 10 GAZP@MISX acc=1225950 @ MKT
18:15:02 orders_arb ERROR gRPC order error (GAZP@RTSX sell 10@None): code=StatusCode.INTERNAL details=Trading is not available at the moment
18:15:02 orders_arb WARNING gRPC market failed, falling back to DP server
18:15:02 orders_arb ERROR Market order error (GAZP@RTSX sell 10): no response
18:15:02 orders_arb INFO gRPC sending: market buy 1 GZU6@RTSX acc=1225953 @ MKT
18:15:02 orders_arb ERROR gRPC order error (GZU6@RTSX buy 1@None): code=StatusCode.INTERNAL details=Jwt token check failed: UNAUTHENTICATED: Token is expired
18:15:02 orders_arb WARNING gRPC market failed, falling back to DP server
18:15:02 orders_arb INFO Market placed: arb_exit_1 buy 1 GZU6@RTSX id=1896048080582017077
18:15:02 robot_arb ERROR Market exit failed layer #1: A=FAIL B=OK
18:15:03 robot_arb INFO Cleanup: 1 open layers in mode=stopped, attempting close...
18:15:03 robot_arb INFO EXIT ALL 1 layers — reason=cleanup
18:15:03 robot_arb INFO EXIT layer #1 reason=cleanup | MARKET sell 10 + buy 1
18:15:03 orders_arb INFO gRPC sending: market sell 10 GAZP@MISX acc=1225950 @ MKT
18:15:03 orders_arb ERROR gRPC order error (GAZP@RTSX sell 10@None): code=StatusCode.INTERNAL details=Jwt token check failed: UNAUTHENTICATED: Token is expired
18:15:03 orders_arb WARNING gRPC market failed, falling back to DP server
18:15:03 orders_arb ERROR Market order error (GAZP@RTSX sell 10): no response
18:15:03 orders_arb INFO gRPC sending: market buy 1 GZU6@RTSX acc=1225953 @ MKT
18:15:03 orders_arb ERROR gRPC order error (GZU6@RTSX buy 1@None): code=StatusCode.INTERNAL details=Jwt token check failed: UNAUTHENTICATED: Token is expired
18:15:03 orders_arb WARNING gRPC market failed, falling back to DP server
18:15:04 orders_arb INFO Market placed: arb_exit_1 buy 1 GZU6@RTSX id=1896048080582017081
18:15:04 robot_arb ERROR Market exit failed layer #1: A=FAIL B=OK
18:15:05 robot_arb INFO Cleanup: 1 open layers in mode=stopped, attempting close...
18:15:05 robot_arb INFO EXIT ALL 1 layers — reason=cleanup
18:15:05 robot_arb INFO EXIT layer #1 reason=cleanup | MARKET sell 10 + buy 1
18:15:05 orders_arb INFO gRPC sending: market sell 10 GAZP@MISX acc=1225950 @ MKT
18:15:05 orders_arb ERROR gRPC order error (GAZP@RTSX sell 10@None): code=StatusCode.INTERNAL details=Jwt token check failed: UNAUTHENTICATED: Token is expired
18:15:05 orders_arb WARNING gRPC market failed, falling back to DP server
18:15:05 orders_arb ERROR Market order error (GAZP@RTSX sell 10): no response
18:15:05 orders_arb INFO gRPC sending: market buy 1 GZU6@RTSX acc=1225953 @ MKT
18:15:05 orders_arb ERROR gRPC order error (GZU6@RTSX buy 1@None): code=StatusCode.INTERNAL details=Trading is not available at the moment
18:15:05 orders_arb WARNING gRPC market failed, falling back to DP server
18:15:05 orders_arb INFO Market placed: arb_exit_1 buy 1 GZU6@RTSX id=1896048080582017124
18:15:05 robot_arb ERROR Market exit failed layer #1: A=FAIL B=OK
18:15:06 robot_arb INFO Cleanup: 1 open layers in mode=stopped, attempting close...
18:15:06 robot_arb INFO EXIT ALL 1 layers — reason=cleanup
18:15:06 robot_arb INFO EXIT layer #1 reason=cleanup | MARKET sell 10 + buy 1
18:15:06 orders_arb INFO gRPC sending: market sell 10 GAZP@MISX acc=1225950 @ MKT
18:15:06 orders_arb ERROR gRPC order error (GAZP@RTSX sell 10@None): code=StatusCode.INTERNAL details=Jwt token check failed: UNAUTHENTICATED: Token is expired
18:15:06 orders_arb WARNING gRPC market failed, falling back to DP server
18:15:06 orders_arb ERROR Market order error (GAZP@RTSX sell 10): no response
18:15:06 orders_arb INFO gRPC sending: market buy 1 GZU6@RTSX acc=1225953 @ MKT
18:15:06 orders_arb ERROR gRPC order error (GZU6@RTSX buy 1@None): code=StatusCode.INTERNAL details=Jwt token check failed: UNAUTHENTICATED: Token is expired
18:15:06 orders_arb WARNING gRPC market failed, falling back to DP server
18:15:06 orders_arb INFO Market placed: arb_exit_1 buy 1 GZU6@RTSX id=1896048080582017130
18:15:06 robot_arb ERROR Market exit failed layer #1: A=FAIL B=OK
18:15:07 robot_arb INFO Cleanup: 1 open layers in mode=stopped, attempting close...
18:15:07 robot_arb INFO EXIT ALL 1 layers — reason=cleanup
18:15:07 robot_arb INFO EXIT layer #1 reason=cleanup | MARKET sell 10 + buy 1
18:15:07 orders_arb INFO gRPC sending: market sell 10 GAZP@MISX acc=1225950 @ MKT
18:15:07 orders_arb ERROR gRPC order error (GAZP@RTSX sell 10@None): code=StatusCode.INTERNAL details=Jwt token check failed: UNAUTHENTICATED: Token is expired
18:15:07 orders_arb WARNING gRPC market failed, falling back to DP server
18:15:07 orders_arb ERROR Market order error (GAZP@RTSX sell 10): no response
18:15:07 orders_arb INFO gRPC sending: market buy 1 GZU6@RTSX acc=1225953 @ MKT
18:15:07 orders_arb ERROR gRPC order error (GZU6@RTSX buy 1@None): code=StatusCode.INTERNAL details=Jwt token check failed: UNAUTHENTICATED: Token is expired
18:15:07 orders_arb WARNING gRPC market failed, falling back to DP server
18:15:08 orders_arb INFO Market placed: arb_exit_1 buy 1 GZU6@RTSX id=1896048080582017134
18:15:08 robot_arb ERROR Market exit failed layer #1: A=FAIL B=OK
18:15:09 robot_arb INFO Cleanup: 1 open layers in mode=stopped, attempting close...
18:15:09 robot_arb INFO EXIT ALL 1 layers — reason=cleanup
18:15:09 robot_arb INFO EXIT layer #1 reason=cleanup | MARKET sell 10 + buy 1
18:15:09 orders_arb INFO gRPC sending: market sell 10 GAZP@MISX acc=1225950 @ MKT
18:15:09 orders_arb ERROR gRPC order error (GAZP@RTSX sell 10@None): code=StatusCode.INTERNAL details=Jwt token check failed: UNAUTHENTICATED: Token is expired
18:15:09 orders_arb WARNING gRPC market failed, falling back to DP server
18:15:09 orders_arb ERROR Market order error (GAZP@RTSX sell 10): no response
18:15:09 orders_arb INFO gRPC sending: market buy 1 GZU6@RTSX acc=1225953 @ MKT
18:15:09 orders_arb ERROR gRPC order error (GZU6@RTSX buy 1@None): code=StatusCode.INTERNAL details=Trading is not available at the moment
18:15:09 orders_arb WARNING gRPC market failed, falling back to DP server
18:15:09 orders_arb INFO Market placed: arb_exit_1 buy 1 GZU6@RTSX id=1896048080582017143
18:15:09 robot_arb ERROR Market exit failed layer #1: A=FAIL B=OK
18:15:10 robot_arb INFO Cleanup: 1 open layers in mode=stopped, attempting close...
18:15:10 robot_arb INFO EXIT ALL 1 layers — reason=cleanup
18:15:10 robot_arb INFO EXIT layer #1 reason=cleanup | MARKET sell 10 + buy 1
18:15:10 orders_arb INFO gRPC sending: market sell 10 GAZP@MISX acc=1225950 @ MKT
18:15:10 orders_arb ERROR gRPC order error (GAZP@RTSX sell 10@None): code=StatusCode.INTERNAL details=Trading is not available at the moment
18:15:10 orders_arb WARNING gRPC market failed, falling back to DP server
18:15:10 orders_arb ERROR Market order error (GAZP@RTSX sell 10): no response
18:15:10 orders_arb INFO gRPC sending: market buy 1 GZU6@RTSX acc=1225953 @ MKT
18:15:10 orders_arb ERROR gRPC order error (GZU6@RTSX buy 1@None): code=StatusCode.INTERNAL details=Jwt token check failed: UNAUTHENTICATED: Token is expired
18:15:10 orders_arb WARNING gRPC market failed, falling back to DP server
18:15:10 orders_arb INFO Market placed: arb_exit_1 buy 1 GZU6@RTSX id=1896048080582017144
18:15:10 robot_arb ERROR Market exit failed layer #1: A=FAIL B=OK
18:15:11 robot_arb INFO Cleanup: 1 open layers in mode=stopped, attempting close...
18:15:11 robot_arb INFO EXIT ALL 1 layers — reason=cleanup
18:15:11 robot_arb INFO EXIT layer #1 reason=cleanup | MARKET sell 10 + buy 1
18:15:11 orders_arb INFO gRPC sending: market sell 10 GAZP@MISX acc=1225950 @ MKT
18:15:11 orders_arb ERROR gRPC order error (GAZP@RTSX sell 10@None): code=StatusCode.INTERNAL details=Jwt token check failed: UNAUTHENTICATED: Token is expired
18:15:11 orders_arb WARNING gRPC market failed, falling back to DP server
18:15:11 orders_arb ERROR Market order error (GAZP@RTSX sell 10): no response
18:15:11 orders_arb INFO gRPC sending: market buy 1 GZU6@RTSX acc=1225953 @ MKT
18:15:11 orders_arb ERROR gRPC order error (GZU6@RTSX buy 1@None): code=StatusCode.INTERNAL details=Jwt token check failed: UNAUTHENTICATED: Token is expired
18:15:11 orders_arb WARNING gRPC market failed, falling back to DP server
18:15:12 orders_arb INFO Market placed: arb_exit_1 buy 1 GZU6@RTSX id=1896048080582017166
18:15:12 robot_arb ERROR Market exit failed layer #1: A=FAIL B=OK
18:15:13 robot_arb INFO Cleanup: 1 open layers in mode=stopped, attempting close...
18:15:13 robot_arb INFO EXIT ALL 1 layers — reason=cleanup
18:15:13 robot_arb INFO EXIT layer #1 reason=cleanup | MARKET sell 10 + buy 1
18:15:13 orders_arb INFO gRPC sending: market sell 10 GAZP@MISX acc=1225950 @ MKT
18:15:13 orders_arb ERROR gRPC order error (GAZP@RTSX sell 10@None): code=StatusCode.INTERNAL details=Trading is not available at the moment
18:15:13 orders_arb WARNING gRPC market failed, falling back to DP server
18:15:13 orders_arb ERROR Market order error (GAZP@RTSX sell 10): no response
18:15:13 orders_arb INFO gRPC sending: market buy 1 GZU6@RTSX acc=1225953 @ MKT
18:15:13 orders_arb ERROR gRPC order error (GZU6@RTSX buy 1@None): code=StatusCode.INTERNAL details=Jwt token check failed: UNAUTHENTICATED: Token is expired
18:15:13 orders_arb WARNING gRPC market failed, falling back to DP server
18:15:13 orders_arb INFO Market placed: arb_exit_1 buy 1 GZU6@RTSX id=1896048080582017197
18:15:13 robot_arb ERROR Market exit failed layer #1: A=FAIL B=OK
18:15:14 robot_arb INFO Cleanup: 1 open layers in mode=stopped, attempting close...
18:15:14 robot_arb INFO EXIT ALL 1 layers — reason=cleanup
18:15:14 robot_arb INFO EXIT layer #1 reason=cleanup | MARKET sell 10 + buy 1
18:15:14 orders_arb INFO gRPC sending: market sell 10 GAZP@MISX acc=1225950 @ MKT
18:15:14 orders_arb ERROR gRPC order error (GAZP@RTSX sell 10@None): code=StatusCode.INTERNAL details=Jwt token check failed: UNAUTHENTICATED: Token is expired
18:15:14 orders_arb WARNING gRPC market failed, falling back to DP server
18:15:14 orders_arb ERROR Market order error (GAZP@RTSX sell 10): no response
18:15:14 orders_arb INFO gRPC sending: market buy 1 GZU6@RTSX acc=1225953 @ MKT
18:15:14 orders_arb ERROR gRPC order error (GZU6@RTSX buy 1@None): code=StatusCode.INTERNAL details=Jwt token check failed: UNAUTHENTICATED: Token is expired
18:15:14 orders_arb WARNING gRPC market failed, falling back to DP server
18:15:14 orders_arb INFO Market placed: arb_exit_1 buy 1 GZU6@RTSX id=1896048080582017331
18:15:14 robot_arb ERROR Market exit failed layer #1: A=FAIL B=OK
18:15:15 robot_arb INFO Cleanup: 1 open layers in mode=stopped, attempting close...
18:15:15 robot_arb INFO EXIT ALL 1 layers — reason=cleanup
18:15:15 robot_arb INFO EXIT layer #1 reason=cleanup | MARKET sell 10 + buy 1
18:15:15 orders_arb INFO gRPC sending: market sell 10 GAZP@MISX acc=1225950 @ MKT
18:15:15 orders_arb ERROR gRPC order error (GAZP@RTSX sell 10@None): code=StatusCode.INTERNAL details=Jwt token check failed: UNAUTHENTICATED: Token is expired
18:15:15 orders_arb WARNING gRPC market failed, falling back to DP server
18:15:15 orders_arb ERROR Market order error (GAZP@RTSX sell 10): no response
18:15:15 orders_arb INFO gRPC sending: market buy 1 GZU6@RTSX acc=1225953 @ MKT
18:15:15 orders_arb ERROR gRPC order error (GZU6@RTSX buy 1@None): code=StatusCode.INTERNAL details=Jwt token check failed: UNAUTHENTICATED: Token is expired
18:15:15 orders_arb WARNING gRPC market failed, falling back to DP server
18:15:16 orders_arb INFO Market placed: arb_exit_1 buy 1 GZU6@RTSX id=1896048080582017399
18:15:16 robot_arb ERROR Market exit failed layer #1: A=FAIL B=OK
18:15:17 robot_arb INFO Cleanup: 1 open layers in mode=stopped, attempting close...
18:15:17 robot_arb INFO EXIT ALL 1 layers — reason=cleanup
18:15:17 robot_arb INFO EXIT layer #1 reason=cleanup | MARKET sell 10 + buy 1
18:15:17 orders_arb INFO gRPC sending: market sell 10 GAZP@MISX acc=1225950 @ MKT
18:15:17 orders_arb ERROR gRPC order error (GAZP@RTSX sell 10@None): code=StatusCode.INTERNAL details=Trading is not available at the moment
18:15:17 orders_arb WARNING gRPC market failed, falling back to DP server
18:15:17 orders_arb ERROR Market order error (GAZP@RTSX sell 10): no response
18:15:17 orders_arb INFO gRPC sending: market buy 1 GZU6@RTSX acc=1225953 @ MKT
18:15:17 orders_arb ERROR gRPC order error (GZU6@RTSX buy 1@None): code=StatusCode.INTERNAL details=Jwt token check failed: UNAUTHENTICATED: Token is expired
18:15:17 orders_arb WARNING gRPC market failed, falling back to DP server
18:15:17 orders_arb INFO Market placed: arb_exit_1 buy 1 GZU6@RTSX id=1896048080582017422
18:15:17 robot_arb ERROR Market exit failed layer #1: A=FAIL B=OK
18:15:18 robot_arb INFO Cleanup: 1 open layers in mode=stopped, attempting close...
18:15:18 robot_arb INFO EXIT ALL 1 layers — reason=cleanup
18:15:18 robot_arb INFO EXIT layer #1 reason=cleanup | MARKET sell 10 + buy 1
18:15:18 orders_arb INFO gRPC sending: market sell 10 GAZP@MISX acc=1225950 @ MKT
18:15:18 orders_arb ERROR gRPC order error (GAZP@RTSX sell 10@None): code=StatusCode.INTERNAL details=Jwt token check failed: UNAUTHENTICATED: Token is expired
18:15:18 orders_arb WARNING gRPC market failed, falling back to DP server
18:15:18 orders_arb ERROR Market order error (GAZP@RTSX sell 10): no response
18:15:18 orders_arb INFO gRPC sending: market buy 1 GZU6@RTSX acc=1225953 @ MKT
18:15:18 orders_arb ERROR gRPC order error (GZU6@RTSX buy 1@None): code=StatusCode.INTERNAL details=Jwt token check failed: UNAUTHENTICATED: Token is expired
18:15:18 orders_arb WARNING gRPC market failed, falling back to DP server
18:15:18 orders_arb INFO Market placed: arb_exit_1 buy 1 GZU6@RTSX id=1896048080582017443
18:15:18 robot_arb ERROR Market exit failed layer #1: A=FAIL B=OK
18:15:19 robot_arb INFO Cleanup: 1 open layers in mode=stopped, attempting close...
18:15:19 robot_arb INFO EXIT ALL 1 layers — reason=cleanup
18:15:19 robot_arb INFO EXIT layer #1 reason=cleanup | MARKET sell 10 + buy 1
18:15:19 orders_arb INFO gRPC sending: market sell 10 GAZP@MISX acc=1225950 @ MKT
18:15:19 orders_arb ERROR gRPC order error (GAZP@RTSX sell 10@None): code=StatusCode.INTERNAL details=Jwt token check failed: UNAUTHENTICATED: Token is expired
18:15:19 orders_arb WARNING gRPC market failed, falling back to DP server
18:15:19 orders_arb ERROR Market order error (GAZP@RTSX sell 10): no response
18:15:19 orders_arb INFO gRPC sending: market buy 1 GZU6@RTSX acc=1225953 @ MKT
18:15:19 orders_arb ERROR gRPC order error (GZU6@RTSX buy 1@None): code=StatusCode.INTERNAL details=Trading is not available at the moment
18:15:19 orders_arb WARNING gRPC market failed, falling back to DP server
18:15:19 orders_arb INFO Market placed: arb_exit_1 buy 1 GZU6@RTSX id=1896048080582017451
18:15:19 robot_arb ERROR Market exit failed layer #1: A=FAIL B=OK
18:15:20 robot_arb INFO Cleanup: 1 open layers in mode=stopped, attempting close...
18:15:20 robot_arb INFO EXIT ALL 1 layers — reason=cleanup
18:15:20 robot_arb INFO EXIT layer #1 reason=cleanup | MARKET sell 10 + buy 1
18:15:20 orders_arb INFO gRPC sending: market sell 10 GAZP@MISX acc=1225950 @ MKT
18:15:20 orders_arb ERROR gRPC order error (GAZP@RTSX sell 10@None): code=StatusCode.INTERNAL details=Jwt token check failed: UNAUTHENTICATED: Token is expired
18:15:20 orders_arb WARNING gRPC market failed, falling back to DP server
18:15:20 orders_arb ERROR Market order error (GAZP@RTSX sell 10): no response
18:15:20 orders_arb INFO gRPC sending: market buy 1 GZU6@RTSX acc=1225953 @ MKT
18:15:21 orders_arb ERROR gRPC order error (GZU6@RTSX buy 1@None): code=StatusCode.INTERNAL details=Jwt token check failed: UNAUTHENTICATED: Token is expired
18:15:21 orders_arb WARNING gRPC market failed, falling back to DP server
18:15:21 orders_arb INFO Market placed: arb_exit_1 buy 1 GZU6@RTSX id=1896048080582017565
18:15:21 robot_arb ERROR Market exit failed layer #1: A=FAIL B=OK
18:15:22 robot_arb INFO Cleanup: 1 open layers in mode=stopped, attempting close...
18:15:22 robot_arb INFO EXIT ALL 1 layers — reason=cleanup
18:15:22 robot_arb INFO EXIT layer #1 reason=cleanup | MARKET sell 10 + buy 1
18:15:22 orders_arb INFO gRPC sending: market sell 10 GAZP@MISX acc=1225950 @ MKT
18:15:22 orders_arb ERROR gRPC order error (GAZP@RTSX sell 10@None): code=StatusCode.INTERNAL details=Trading is not available at the moment
18:15:22 orders_arb WARNING gRPC market failed, falling back to DP server
18:15:22 orders_arb ERROR Market order error (GAZP@RTSX sell 10): no response
18:15:22 orders_arb INFO gRPC sending: market buy 1 GZU6@RTSX acc=1225953 @ MKT
18:15:22 orders_arb ERROR gRPC order error (GZU6@RTSX buy 1@None): code=StatusCode.INTERNAL details=Jwt token check failed: UNAUTHENTICATED: Token is expired
18:15:22 orders_arb WARNING gRPC market failed, falling back to DP server
18:15:22 orders_arb INFO Market placed: arb_exit_1 buy 1 GZU6@RTSX id=1896048080582017623
18:15:22 robot_arb ERROR Market exit failed layer #1: A=FAIL B=OK
18:15:23 robot_arb INFO Cleanup: 1 open layers in mode=stopped, attempting close...
18:15:23 robot_arb INFO EXIT ALL 1 layers — reason=cleanup
18:15:23 robot_arb INFO EXIT layer #1 reason=cleanup | MARKET sell 10 + buy 1
18:15:23 orders_arb INFO gRPC sending: market sell 10 GAZP@MISX acc=1225950 @ MKT
18:15:23 orders_arb ERROR gRPC order error (GAZP@RTSX sell 10@None): code=StatusCode.INTERNAL details=Jwt token check failed: UNAUTHENTICATED: Token is expired
18:15:23 orders_arb WARNING gRPC market failed, falling back to DP server
18:15:23 orders_arb ERROR Market order error (GAZP@RTSX sell 10): no response
18:15:23 orders_arb INFO gRPC sending: market buy 1 GZU6@RTSX acc=1225953 @ MKT
18:15:23 orders_arb ERROR gRPC order error (GZU6@RTSX buy 1@None): code=StatusCode.INTERNAL details=Jwt token check failed: UNAUTHENTICATED: Token is expired
18:15:23 orders_arb WARNING gRPC market failed, falling back to DP server
18:15:23 orders_arb INFO Market placed: arb_exit_1 buy 1 GZU6@RTSX id=1896048080582017634
18:15:23 robot_arb ERROR Market exit failed layer #1: A=FAIL B=OK
18:15:24 robot_arb INFO Cleanup: 1 open layers in mode=stopped, attempting close...
18:15:24 robot_arb INFO EXIT ALL 1 layers — reason=cleanup
18:15:24 robot_arb INFO EXIT layer #1 reason=cleanup | MARKET sell 10 + buy 1
18:15:24 orders_arb INFO gRPC sending: market sell 10 GAZP@MISX acc=1225950 @ MKT
18:15:25 orders_arb ERROR gRPC order error (GAZP@RTSX sell 10@None): code=StatusCode.INTERNAL details=Jwt token check failed: UNAUTHENTICATED: Token is expired
18:15:25 orders_arb WARNING gRPC market failed, falling back to DP server
18:15:25 orders_arb ERROR Market order error (GAZP@RTSX sell 10): no response
18:15:25 orders_arb INFO gRPC sending: market buy 1 GZU6@RTSX acc=1225953 @ MKT
18:15:25 orders_arb ERROR gRPC order error (GZU6@RTSX buy 1@None): code=StatusCode.INTERNAL details=Jwt token check failed: UNAUTHENTICATED: Token is expired
18:15:25 orders_arb WARNING gRPC market failed, falling back to DP server
18:15:25 orders_arb INFO Market placed: arb_exit_1 buy 1 GZU6@RTSX id=1896048080582017655
18:15:25 robot_arb ERROR Market exit failed layer #1: A=FAIL B=OK
18:15:26 robot_arb INFO Cleanup: 1 open layers in mode=stopped, attempting close...
18:15:26 robot_arb INFO EXIT ALL 1 layers — reason=cleanup
18:15:26 robot_arb INFO EXIT layer #1 reason=cleanup | MARKET sell 10 + buy 1
18:15:26 orders_arb INFO gRPC sending: market sell 10 GAZP@MISX acc=1225950 @ MKT
18:15:26 orders_arb ERROR gRPC order error (GAZP@RTSX sell 10@None): code=StatusCode.INTERNAL details=Jwt token check failed: UNAUTHENTICATED: Token is expired
18:15:26 orders_arb WARNING gRPC market failed, falling back to DP server
18:15:26 orders_arb ERROR Market order error (GAZP@RTSX sell 10): no response
18:15:26 orders_arb INFO gRPC sending: market buy 1 GZU6@RTSX acc=1225953 @ MKT
18:15:26 orders_arb ERROR gRPC order error (GZU6@RTSX buy 1@None): code=StatusCode.INTERNAL details=Trading is not available at the moment
18:15:26 orders_arb WARNING gRPC market failed, falling back to DP server
18:15:26 orders_arb INFO Market placed: arb_exit_1 buy 1 GZU6@RTSX id=1896048080582017670
18:15:26 robot_arb ERROR Market exit failed layer #1: A=FAIL B=OK
18:15:27 robot_arb INFO Cleanup: 1 open layers in mode=stopped, attempting close...
18:15:27 robot_arb INFO EXIT ALL 1 layers — reason=cleanup
18:15:27 robot_arb INFO EXIT layer #1 reason=cleanup | MARKET sell 10 + buy 1
18:15:27 orders_arb INFO gRPC sending: market sell 10 GAZP@MISX acc=1225950 @ MKT
18:15:27 orders_arb ERROR gRPC order error (GAZP@RTSX sell 10@None): code=StatusCode.INTERNAL details=Jwt token check failed: UNAUTHENTICATED: Token is expired
18:15:27 orders_arb WARNING gRPC market failed, falling back to DP server
18:15:27 orders_arb ERROR Market order error (GAZP@RTSX sell 10): no response
18:15:27 orders_arb INFO gRPC sending: market buy 1 GZU6@RTSX acc=1225953 @ MKT
18:15:27 orders_arb ERROR gRPC order error (GZU6@RTSX buy 1@None): code=StatusCode.INTERNAL details=Jwt token check failed: UNAUTHENTICATED: Token is expired
18:15:27 orders_arb WARNING gRPC market failed, falling back to DP server
18:15:27 orders_arb INFO Market placed: arb_exit_1 buy 1 GZU6@RTSX id=1896048080582017680
18:15:27 robot_arb ERROR Market exit failed layer #1: A=FAIL B=OK
18:15:28 robot_arb INFO Cleanup: 1 open layers in mode=stopped, attempting close...
18:15:28 robot_arb INFO EXIT ALL 1 layers — reason=cleanup
18:15:28 robot_arb INFO EXIT layer #1 reason=cleanup | MARKET sell 10 + buy 1
18:15:28 orders_arb INFO gRPC sending: market sell 10 GAZP@MISX acc=1225950 @ MKT
18:15:28 orders_arb ERROR gRPC order error (GAZP@RTSX sell 10@None): code=StatusCode.INTERNAL details=Jwt token check failed: UNAUTHENTICATED: Token is expired
18:15:28 orders_arb WARNING gRPC market failed, falling back to DP server
18:15:28 orders_arb ERROR Market order error (GAZP@RTSX sell 10): no response
18:15:28 orders_arb INFO gRPC sending: market buy 1 GZU6@RTSX acc=1225953 @ MKT
18:15:29 orders_arb ERROR gRPC order error (GZU6@RTSX buy 1@None): code=StatusCode.INTERNAL details=Trading is not available at the moment
18:15:29 orders_arb WARNING gRPC market failed, falling back to DP server
18:15:29 orders_arb INFO Market placed: arb_exit_1 buy 1 GZU6@RTSX id=1896048080582017686
18:15:29 robot_arb ERROR Market exit failed layer #1: A=FAIL B=OK
18:15:30 robot_arb INFO Cleanup: 1 open layers in mode=stopped, attempting close...
18:15:30 robot_arb INFO EXIT ALL 1 layers — reason=cleanup
18:15:30 robot_arb INFO EXIT layer #1 reason=cleanup | MARKET sell 10 + buy 1
18:15:30 orders_arb INFO gRPC sending: market sell 10 GAZP@MISX acc=1225950 @ MKT
18:15:30 orders_arb ERROR gRPC order error (GAZP@RTSX sell 10@None): code=StatusCode.INTERNAL details=Jwt token check failed: UNAUTHENTICATED: Token is expired
18:15:30 orders_arb WARNING gRPC market failed, falling back to DP server
18:15:30 orders_arb ERROR Market order error (GAZP@RTSX sell 10): no response
18:15:30 orders_arb INFO gRPC sending: market buy 1 GZU6@RTSX acc=1225953 @ MKT
18:15:30 orders_arb ERROR gRPC order error (GZU6@RTSX buy 1@None): code=StatusCode.INTERNAL details=Trading is not available at the moment
18:15:30 orders_arb WARNING gRPC market failed, falling back to DP server
18:15:30 orders_arb INFO Market placed: arb_exit_1 buy 1 GZU6@RTSX id=1896048080582017690
18:15:30 robot_arb ERROR Market exit failed layer #1: A=FAIL B=OK
18:15:31 robot_arb INFO Cleanup: 1 open layers in mode=stopped, attempting close...
18:15:31 robot_arb INFO EXIT ALL 1 layers — reason=cleanup
18:15:31 robot_arb INFO EXIT layer #1 reason=cleanup | MARKET sell 10 + buy 1
18:15:31 orders_arb INFO gRPC sending: market sell 10 GAZP@MISX acc=1225950 @ MKT
18:15:31 orders_arb ERROR gRPC order error (GAZP@RTSX sell 10@None): code=StatusCode.INTERNAL details=Jwt token check failed: UNAUTHENTICATED: Token is expired
18:15:31 orders_arb WARNING gRPC market failed, falling back to DP server
18:15:31 orders_arb ERROR Market order error (GAZP@RTSX sell 10): no response
18:15:31 orders_arb INFO gRPC sending: market buy 1 GZU6@RTSX acc=1225953 @ MKT
18:15:31 orders_arb ERROR gRPC order error (GZU6@RTSX buy 1@None): code=StatusCode.INTERNAL details=Jwt token check failed: UNAUTHENTICATED: Token is expired
18:15:31 orders_arb WARNING gRPC market failed, falling back to DP server
18:15:31 orders_arb INFO Market placed: arb_exit_1 buy 1 GZU6@RTSX id=1896048080582017698
18:15:31 robot_arb ERROR Market exit failed layer #1: A=FAIL B=OK
18:15:32 robot_arb INFO Cleanup: 1 open layers in mode=stopped, attempting close...
18:15:32 robot_arb INFO EXIT ALL 1 layers — reason=cleanup
18:15:32 robot_arb INFO EXIT layer #1 reason=cleanup | MARKET sell 10 + buy 1
18:15:32 orders_arb INFO gRPC sending: market sell 10 GAZP@MISX acc=1225950 @ MKT
18:15:32 orders_arb ERROR gRPC order error (GAZP@RTSX sell 10@None): code=StatusCode.INTERNAL details=Jwt token check failed: UNAUTHENTICATED: Token is expired
18:15:32 orders_arb WARNING gRPC market failed, falling back to DP server
18:15:32 orders_arb ERROR Market order error (GAZP@RTSX sell 10): no response
18:15:32 orders_arb INFO gRPC sending: market buy 1 GZU6@RTSX acc=1225953 @ MKT
18:15:33 orders_arb ERROR gRPC order error (GZU6@RTSX buy 1@None): code=StatusCode.INTERNAL details=Jwt token check failed: UNAUTHENTICATED: Token is expired
18:15:33 orders_arb WARNING gRPC market failed, falling back to DP server
18:15:33 orders_arb INFO Market placed: arb_exit_1 buy 1 GZU6@RTSX id=1896048080582017730
18:15:33 robot_arb ERROR Market exit failed layer #1: A=FAIL B=OK
18:15:34 robot_arb INFO Cleanup: 1 open layers in mode=stopped, attempting close...
18:15:34 robot_arb INFO EXIT ALL 1 layers — reason=cleanup
18:15:34 robot_arb INFO EXIT layer #1 reason=cleanup | MARKET sell 10 + buy 1
18:15:34 orders_arb INFO gRPC sending: market sell 10 GAZP@MISX acc=1225950 @ MKT
18:15:34 orders_arb ERROR gRPC order error (GAZP@RTSX sell 10@None): code=StatusCode.INTERNAL details=Jwt token check failed: UNAUTHENTICATED: Token is expired
18:15:34 orders_arb WARNING gRPC market failed, falling back to DP server
18:15:34 orders_arb ERROR Market order error (GAZP@RTSX sell 10): no response
18:15:34 orders_arb INFO gRPC sending: market buy 1 GZU6@RTSX acc=1225953 @ MKT
18:15:34 orders_arb ERROR gRPC order error (GZU6@RTSX buy 1@None): code=StatusCode.INTERNAL details=Jwt token check failed: UNAUTHENTICATED: Token is expired
18:15:34 orders_arb WARNING gRPC market failed, falling back to DP server
18:15:34 orders_arb INFO Market placed: arb_exit_1 buy 1 GZU6@RTSX id=1896048080582017732
18:15:34 robot_arb ERROR Market exit failed layer #1: A=FAIL B=OK
18:15:35 robot_arb INFO Cleanup: 1 open layers in mode=stopped, attempting close...
18:15:35 robot_arb INFO EXIT ALL 1 layers — reason=cleanup
18:15:35 robot_arb INFO EXIT layer #1 reason=cleanup | MARKET sell 10 + buy 1
18:15:35 orders_arb INFO gRPC sending: market sell 10 GAZP@MISX acc=1225950 @ MKT
18:15:35 orders_arb ERROR gRPC order error (GAZP@RTSX sell 10@None): code=StatusCode.INTERNAL details=Jwt token check failed: UNAUTHENTICATED: Token is expired
18:15:35 orders_arb WARNING gRPC market failed, falling back to DP server
18:15:35 orders_arb ERROR Market order error (GAZP@RTSX sell 10): no response
18:15:35 orders_arb INFO gRPC sending: market buy 1 GZU6@RTSX acc=1225953 @ MKT
18:15:35 orders_arb ERROR gRPC order error (GZU6@RTSX buy 1@None): code=StatusCode.INTERNAL details=Trading is not available at the moment
18:15:35 orders_arb WARNING gRPC market failed, falling back to DP server
18:15:36 orders_arb INFO Market placed: arb_exit_1 buy 1 GZU6@RTSX id=1896048080582017733
18:15:36 robot_arb ERROR Market exit failed layer #1: A=FAIL B=OK
18:15:37 robot_arb INFO Cleanup: 1 open layers in mode=stopped, attempting close...
18:15:37 robot_arb INFO EXIT ALL 1 layers — reason=cleanup
18:15:37 robot_arb INFO EXIT layer #1 reason=cleanup | MARKET sell 10 + buy 1
18:15:37 orders_arb INFO gRPC sending: market sell 10 GAZP@MISX acc=1225950 @ MKT
18:15:37 orders_arb ERROR gRPC order error (GAZP@RTSX sell 10@None): code=StatusCode.INTERNAL details=Jwt token check failed: UNAUTHENTICATED: Token is expired
18:15:37 orders_arb WARNING gRPC market failed, falling back to DP server
18:15:37 orders_arb ERROR Market order error (GAZP@RTSX sell 10): no response
18:15:37 orders_arb INFO gRPC sending: market buy 1 GZU6@RTSX acc=1225953 @ MKT
18:15:37 orders_arb ERROR gRPC order error (GZU6@RTSX buy 1@None): code=StatusCode.INTERNAL details=Jwt token check failed: UNAUTHENTICATED: Token is expired
18:15:37 orders_arb WARNING gRPC market failed, falling back to DP server
18:15:37 orders_arb INFO Market placed: arb_exit_1 buy 1 GZU6@RTSX id=1896048080582017743
18:15:37 robot_arb ERROR Market exit failed layer #1: A=FAIL B=OK
18:15:38 robot_arb INFO Cleanup: 1 open layers in mode=stopped, attempting close...
18:15:38 robot_arb INFO EXIT ALL 1 layers — reason=cleanup
18:15:38 robot_arb INFO EXIT layer #1 reason=cleanup | MARKET sell 10 + buy 1
18:15:38 orders_arb INFO gRPC sending: market sell 10 GAZP@MISX acc=1225950 @ MKT
18:15:38 orders_arb ERROR gRPC order error (GAZP@RTSX sell 10@None): code=StatusCode.INTERNAL details=Jwt token check failed: UNAUTHENTICATED: Token is expired
18:15:38 orders_arb WARNING gRPC market failed, falling back to DP server
18:15:38 orders_arb ERROR Market order error (GAZP@RTSX sell 10): no response
18:15:38 orders_arb INFO gRPC sending: market buy 1 GZU6@RTSX acc=1225953 @ MKT
18:15:38 orders_arb ERROR gRPC order error (GZU6@RTSX buy 1@None): code=StatusCode.INTERNAL details=Jwt token check failed: UNAUTHENTICATED: Token is expired
18:15:38 orders_arb WARNING gRPC market failed, falling back to DP server
18:15:38 orders_arb INFO Market placed: arb_exit_1 buy 1 GZU6@RTSX id=1896048080582017749
18:15:38 robot_arb ERROR Market exit failed layer #1: A=FAIL B=OK
18:15:39 robot_arb INFO Cleanup: 1 open layers in mode=stopped, attempting close...
18:15:39 robot_arb INFO EXIT ALL 1 layers — reason=cleanup
18:15:39 robot_arb INFO EXIT layer #1 reason=cleanup | MARKET sell 10 + buy 1
18:15:39 orders_arb INFO gRPC sending: market sell 10 GAZP@MISX acc=1225950 @ MKT
18:15:39 orders_arb ERROR gRPC order error (GAZP@RTSX sell 10@None): code=StatusCode.INTERNAL details=Jwt token check failed: UNAUTHENTICATED: Token is expired
18:15:39 orders_arb WARNING gRPC market failed, falling back to DP server
18:15:39 orders_arb ERROR Market order error (GAZP@RTSX sell 10): no response
18:15:39 orders_arb INFO gRPC sending: market buy 1 GZU6@RTSX acc=1225953 @ MKT
18:15:39 orders_arb ERROR gRPC order error (GZU6@RTSX buy 1@None): code=StatusCode.INTERNAL details=Jwt token check failed: UNAUTHENTICATED: Token is expired
18:15:39 orders_arb WARNING gRPC market failed, falling back to DP server
18:15:39 orders_arb INFO Market placed: arb_exit_1 buy 1 GZU6@RTSX id=1896048080582017759
18:15:39 robot_arb ERROR Market exit failed layer #1: A=FAIL B=OK
18:15:40 robot_arb INFO Cleanup: 1 open layers in mode=stopped, attempting close...
18:15:40 robot_arb INFO EXIT ALL 1 layers — reason=cleanup
18:15:40 robot_arb INFO EXIT layer #1 reason=cleanup | MARKET sell 10 + buy 1
18:15:40 orders_arb INFO gRPC sending: market sell 10 GAZP@MISX acc=1225950 @ MKT
18:15:40 orders_arb ERROR gRPC order error (GAZP@RTSX sell 10@None): code=StatusCode.INTERNAL details=Jwt token check failed: UNAUTHENTICATED: Token is expired
18:15:40 orders_arb WARNING gRPC market failed, falling back to DP server
18:15:41 orders_arb ERROR Market order error (GAZP@RTSX sell 10): no response
18:15:41 orders_arb INFO gRPC sending: market buy 1 GZU6@RTSX acc=1225953 @ MKT
18:15:41 orders_arb ERROR gRPC order error (GZU6@RTSX buy 1@None): code=StatusCode.INTERNAL details=Jwt token check failed: UNAUTHENTICATED: Token is expired
18:15:41 orders_arb WARNING gRPC market failed, falling back to DP server
18:15:41 orders_arb INFO Market placed: arb_exit_1 buy 1 GZU6@RTSX id=1896048080582017803
18:15:41 robot_arb ERROR Market exit failed layer #1: A=FAIL B=OK
18:15:42 robot_arb INFO Cleanup: 1 open layers in mode=stopped, attempting close...
18:15:42 robot_arb INFO EXIT ALL 1 layers — reason=cleanup
18:15:42 robot_arb INFO EXIT layer #1 reason=cleanup | MARKET sell 10 + buy 1
18:15:42 orders_arb INFO gRPC sending: market sell 10 GAZP@MISX acc=1225950 @ MKT
18:15:42 orders_arb ERROR gRPC order error (GAZP@RTSX sell 10@None): code=StatusCode.INTERNAL details=Jwt token check failed: UNAUTHENTICATED: Token is expired
18:15:42 orders_arb WARNING gRPC market failed, falling back to DP server
18:15:42 orders_arb ERROR Market order error (GAZP@RTSX sell 10): no response
18:15:42 orders_arb INFO gRPC sending: market buy 1 GZU6@RTSX acc=1225953 @ MKT
18:15:42 orders_arb ERROR gRPC order error (GZU6@RTSX buy 1@None): code=StatusCode.INTERNAL details=Trading is not available at the moment
18:15:42 orders_arb WARNING gRPC market failed, falling back to DP server
18:15:42 orders_arb INFO Market placed: arb_exit_1 buy 1 GZU6@RTSX id=1896048080582017808
18:15:42 robot_arb ERROR Market exit failed layer #1: A=FAIL B=OK
18:15:43 robot_arb INFO Cleanup: 1 open layers in mode=stopped, attempting close...
18:15:43 robot_arb INFO EXIT ALL 1 layers — reason=cleanup
18:15:43 robot_arb INFO EXIT layer #1 reason=cleanup | MARKET sell 10 + buy 1
18:15:43 orders_arb INFO gRPC sending: market sell 10 GAZP@MISX acc=1225950 @ MKT
18:15:43 orders_arb ERROR gRPC order error (GAZP@RTSX sell 10@None): code=StatusCode.INTERNAL details=Trading is not available at the moment
18:15:43 orders_arb WARNING gRPC market failed, falling back to DP server
18:15:43 orders_arb ERROR Market order error (GAZP@RTSX sell 10): no response
18:15:43 orders_arb INFO gRPC sending: market buy 1 GZU6@RTSX acc=1225953 @ MKT
18:15:43 orders_arb ERROR gRPC order error (GZU6@RTSX buy 1@None): code=StatusCode.INTERNAL details=Jwt token check failed: UNAUTHENTICATED: Token is expired
18:15:43 orders_arb WARNING gRPC market failed, falling back to DP server
18:15:44 orders_arb INFO Market placed: arb_exit_1 buy 1 GZU6@RTSX id=1896048080582017836
18:15:44 robot_arb ERROR Market exit failed layer #1: A=FAIL B=OK
18:15:45 robot_arb INFO Cleanup: 1 open layers in mode=stopped, attempting close...
18:15:45 robot_arb INFO EXIT ALL 1 layers — reason=cleanup
18:15:45 robot_arb INFO EXIT layer #1 reason=cleanup | MARKET sell 10 + buy 1
18:15:45 orders_arb INFO gRPC sending: market sell 10 GAZP@MISX acc=1225950 @ MKT
18:15:45 orders_arb ERROR gRPC order error (GAZP@RTSX sell 10@None): code=StatusCode.INTERNAL details=Trading is not available at the moment
18:15:45 orders_arb WARNING gRPC market failed, falling back to DP server
18:15:45 orders_arb ERROR Market order error (GAZP@RTSX sell 10): no response
18:15:45 orders_arb INFO gRPC sending: market buy 1 GZU6@RTSX acc=1225953 @ MKT
18:15:45 orders_arb ERROR gRPC order error (GZU6@RTSX buy 1@None): code=StatusCode.INTERNAL details=Jwt token check failed: UNAUTHENTICATED: Token is expired
18:15:45 orders_arb WARNING gRPC market failed, falling back to DP server
18:15:45 orders_arb INFO Market placed: arb_exit_1 buy 1 GZU6@RTSX id=1896048080582017843
18:15:45 robot_arb ERROR Market exit failed layer #1: A=FAIL B=OK
18:15:46 robot_arb INFO Cleanup: 1 open layers in mode=stopped, attempting close...
18:15:46 robot_arb INFO EXIT ALL 1 layers — reason=cleanup
18:15:46 robot_arb INFO EXIT layer #1 reason=cleanup | MARKET sell 10 + buy 1
18:15:46 orders_arb INFO gRPC sending: market sell 10 GAZP@MISX acc=1225950 @ MKT
18:15:46 orders_arb ERROR gRPC order error (GAZP@RTSX sell 10@None): code=StatusCode.INTERNAL details=Trading is not available at the moment
18:15:46 orders_arb WARNING gRPC market failed, falling back to DP server
18:15:46 orders_arb ERROR Market order error (GAZP@RTSX sell 10): no response
18:15:46 orders_arb INFO gRPC sending: market buy 1 GZU6@RTSX acc=1225953 @ MKT
18:15:46 orders_arb ERROR gRPC order error (GZU6@RTSX buy 1@None): code=StatusCode.INTERNAL details=Jwt token check failed: UNAUTHENTICATED: Token is expired
18:15:46 orders_arb WARNING gRPC market failed, falling back to DP server
18:15:46 orders_arb INFO Market placed: arb_exit_1 buy 1 GZU6@RTSX id=1896048080582017847
18:15:46 robot_arb ERROR Market exit failed layer #1: A=FAIL B=OK
18:15:47 robot_arb INFO Cleanup: 1 open layers in mode=stopped, attempting close...
18:15:47 robot_arb INFO EXIT ALL 1 layers — reason=cleanup
18:15:47 robot_arb INFO EXIT layer #1 reason=cleanup | MARKET sell 10 + buy 1
18:15:47 orders_arb INFO gRPC sending: market sell 10 GAZP@MISX acc=1225950 @ MKT
18:15:48 orders_arb ERROR gRPC order error (GAZP@RTSX sell 10@None): code=StatusCode.INTERNAL details=Trading is not available at the moment
18:15:48 orders_arb WARNING gRPC market failed, falling back to DP server
18:15:48 orders_arb ERROR Market order error (GAZP@RTSX sell 10): no response
18:15:48 orders_arb INFO gRPC sending: market buy 1 GZU6@RTSX acc=1225953 @ MKT
18:15:48 orders_arb ERROR gRPC order error (GZU6@RTSX buy 1@None): code=StatusCode.INTERNAL details=Jwt token check failed: UNAUTHENTICATED: Token is expired
18:15:48 orders_arb WARNING gRPC market failed, falling back to DP server
18:15:48 orders_arb INFO Market placed: arb_exit_1 buy 1 GZU6@RTSX id=1896048080582017881
18:15:48 robot_arb ERROR Market exit failed layer #1: A=FAIL B=OK
18:15:49 robot_arb INFO Cleanup: 1 open layers in mode=stopped, attempting close...
18:15:49 robot_arb INFO EXIT ALL 1 layers — reason=cleanup
18:15:49 robot_arb INFO EXIT layer #1 reason=cleanup | MARKET sell 10 + buy 1
18:15:49 orders_arb INFO gRPC sending: market sell 10 GAZP@MISX acc=1225950 @ MKT
18:15:49 orders_arb ERROR gRPC order error (GAZP@RTSX sell 10@None): code=StatusCode.INTERNAL details=Jwt token check failed: UNAUTHENTICATED: Token is expired
18:15:49 orders_arb WARNING gRPC market failed, falling back to DP server
18:15:49 orders_arb ERROR Market order error (GAZP@RTSX sell 10): no response
18:15:49 orders_arb INFO gRPC sending: market buy 1 GZU6@RTSX acc=1225953 @ MKT
18:15:49 orders_arb ERROR gRPC order error (GZU6@RTSX buy 1@None): code=StatusCode.INTERNAL details=Trading is not available at the moment
18:15:49 orders_arb WARNING gRPC market failed, falling back to DP server
18:15:49 orders_arb INFO Market placed: arb_exit_1 buy 1 GZU6@RTSX id=1896048080582017899
18:15:49 robot_arb ERROR Market exit failed layer #1: A=FAIL B=OK
18:15:50 robot_arb INFO Cleanup: 1 open layers in mode=stopped, attempting close...
18:15:50 robot_arb INFO EXIT ALL 1 layers — reason=cleanup
18:15:50 robot_arb INFO EXIT layer #1 reason=cleanup | MARKET sell 10 + buy 1
18:15:50 orders_arb INFO gRPC sending: market sell 10 GAZP@MISX acc=1225950 @ MKT
18:15:50 orders_arb ERROR gRPC order error (GAZP@RTSX sell 10@None): code=StatusCode.INTERNAL details=Jwt token check failed: UNAUTHENTICATED: Token is expired
18:15:50 orders_arb WARNING gRPC market failed, falling back to DP server
18:15:50 orders_arb ERROR Market order error (GAZP@RTSX sell 10): no response
18:15:50 orders_arb INFO gRPC sending: market buy 1 GZU6@RTSX acc=1225953 @ MKT
18:15:50 orders_arb ERROR gRPC order error (GZU6@RTSX buy 1@None): code=StatusCode.INTERNAL details=Jwt token check failed: UNAUTHENTICATED: Token is expired
18:15:50 orders_arb WARNING gRPC market failed, falling back to DP server
18:15:50 orders_arb INFO Market placed: arb_exit_1 buy 1 GZU6@RTSX id=1896048080582017946
18:15:50 robot_arb ERROR Market exit failed layer #1: A=FAIL B=OK
18:15:51 robot_arb INFO Cleanup: 1 open layers in mode=stopped, attempting close...
18:15:51 robot_arb INFO EXIT ALL 1 layers — reason=cleanup
18:15:51 robot_arb INFO EXIT layer #1 reason=cleanup | MARKET sell 10 + buy 1
18:15:51 orders_arb INFO gRPC sending: market sell 10 GAZP@MISX acc=1225950 @ MKT
18:15:51 orders_arb ERROR gRPC order error (GAZP@RTSX sell 10@None): code=StatusCode.INTERNAL details=Trading is not available at the moment
18:15:51 orders_arb WARNING gRPC market failed, falling back to DP server
18:15:52 orders_arb ERROR Market order error (GAZP@RTSX sell 10): no response
18:15:52 orders_arb INFO gRPC sending: market buy 1 GZU6@RTSX acc=1225953 @ MKT
18:15:52 orders_arb ERROR gRPC order error (GZU6@RTSX buy 1@None): code=StatusCode.INTERNAL details=Jwt token check failed: UNAUTHENTICATED: Token is expired
18:15:52 orders_arb WARNING gRPC market failed, falling back to DP server
18:15:52 orders_arb INFO Market placed: arb_exit_1 buy 1 GZU6@RTSX id=1896048080582017952
18:15:52 robot_arb ERROR Market exit failed layer #1: A=FAIL B=OK
18:15:53 robot_arb INFO Cleanup: 1 open layers in mode=stopped, attempting close...
18:15:53 robot_arb INFO EXIT ALL 1 layers — reason=cleanup
18:15:53 robot_arb INFO EXIT layer #1 reason=cleanup | MARKET sell 10 + buy 1
18:15:53 orders_arb INFO gRPC sending: market sell 10 GAZP@MISX acc=1225950 @ MKT
18:15:53 orders_arb ERROR gRPC order error (GAZP@RTSX sell 10@None): code=StatusCode.INTERNAL details=Jwt token check failed: UNAUTHENTICATED: Token is expired
18:15:53 orders_arb WARNING gRPC market failed, falling back to DP server
18:15:53 orders_arb ERROR Market order error (GAZP@RTSX sell 10): no response
18:15:53 orders_arb INFO gRPC sending: market buy 1 GZU6@RTSX acc=1225953 @ MKT
18:15:53 orders_arb ERROR gRPC order error (GZU6@RTSX buy 1@None): code=StatusCode.INTERNAL details=Jwt token check failed: UNAUTHENTICATED: Token is expired
18:15:53 orders_arb WARNING gRPC market failed, falling back to DP server
18:15:53 orders_arb INFO Market placed: arb_exit_1 buy 1 GZU6@RTSX id=1896048080582017973
18:15:53 robot_arb ERROR Market exit failed layer #1: A=FAIL B=OK
18:15:54 robot_arb INFO Cleanup: 1 open layers in mode=stopped, attempting close...
18:15:54 robot_arb INFO EXIT ALL 1 layers — reason=cleanup
18:15:54 robot_arb INFO EXIT layer #1 reason=cleanup | MARKET sell 10 + buy 1
18:15:54 orders_arb INFO gRPC sending: market sell 10 GAZP@MISX acc=1225950 @ MKT
18:15:54 orders_arb ERROR gRPC order error (GAZP@RTSX sell 10@None): code=StatusCode.INTERNAL details=Jwt token check failed: UNAUTHENTICATED: Token is expired
18:15:54 orders_arb WARNING gRPC market failed, falling back to DP server
18:15:54 orders_arb ERROR Market order error (GAZP@RTSX sell 10): no response
18:15:54 orders_arb INFO gRPC sending: market buy 1 GZU6@RTSX acc=1225953 @ MKT
18:15:54 orders_arb ERROR gRPC order error (GZU6@RTSX buy 1@None): code=StatusCode.INTERNAL details=Trading is not available at the moment
18:15:54 orders_arb WARNING gRPC market failed, falling back to DP server
18:15:55 orders_arb INFO Market placed: arb_exit_1 buy 1 GZU6@RTSX id=1896048080582017990
18:15:55 robot_arb ERROR Market exit failed layer #1: A=FAIL B=OK
18:15:56 robot_arb INFO Cleanup: 1 open layers in mode=stopped, attempting close...
18:15:56 robot_arb INFO EXIT ALL 1 layers — reason=cleanup
18:15:56 robot_arb INFO EXIT layer #1 reason=cleanup | MARKET sell 10 + buy 1
18:15:56 orders_arb INFO gRPC sending: market sell 10 GAZP@MISX acc=1225950 @ MKT
18:15:56 orders_arb ERROR gRPC order error (GAZP@RTSX sell 10@None): code=StatusCode.INTERNAL details=Trading is not available at the moment
18:15:56 orders_arb WARNING gRPC market failed, falling back to DP server
18:15:56 orders_arb ERROR Market order error (GAZP@RTSX sell 10): no response
18:15:56 orders_arb INFO gRPC sending: market buy 1 GZU6@RTSX acc=1225953 @ MKT
18:15:56 orders_arb ERROR gRPC order error (GZU6@RTSX buy 1@None): code=StatusCode.INTERNAL details=Jwt token check failed: UNAUTHENTICATED: Token is expired
18:15:56 orders_arb WARNING gRPC market failed, falling back to DP server
18:15:56 orders_arb INFO Market placed: arb_exit_1 buy 1 GZU6@RTSX id=1896048080582018018
18:15:56 robot_arb ERROR Market exit failed layer #1: A=FAIL B=OK
18:15:57 robot_arb INFO Cleanup: 1 open layers in mode=stopped, attempting close...
18:15:57 robot_arb INFO EXIT ALL 1 layers — reason=cleanup
18:15:57 robot_arb INFO EXIT layer #1 reason=cleanup | MARKET sell 10 + buy 1
18:15:57 orders_arb INFO gRPC sending: market sell 10 GAZP@MISX acc=1225950 @ MKT
18:15:57 orders_arb ERROR gRPC order error (GAZP@RTSX sell 10@None): code=StatusCode.INTERNAL details=Jwt token check failed: UNAUTHENTICATED: Token is expired
18:15:57 orders_arb WARNING gRPC market failed, falling back to DP server
18:15:57 orders_arb ERROR Market order error (GAZP@RTSX sell 10): no response
18:15:57 orders_arb INFO gRPC sending: market buy 1 GZU6@RTSX acc=1225953 @ MKT
18:15:57 orders_arb ERROR gRPC order error (GZU6@RTSX buy 1@None): code=StatusCode.INTERNAL details=Jwt token check failed: UNAUTHENTICATED: Token is expired
18:15:57 orders_arb WARNING gRPC market failed, falling back to DP server
18:15:57 orders_arb INFO Market placed: arb_exit_1 buy 1 GZU6@RTSX id=1896048080582018030
18:15:57 robot_arb ERROR Market exit failed layer #1: A=FAIL B=OK
18:15:58 robot_arb INFO Cleanup: 1 open layers in mode=stopped, attempting close...
18:15:58 robot_arb INFO EXIT ALL 1 layers — reason=cleanup
18:15:58 robot_arb INFO EXIT layer #1 reason=cleanup | MARKET sell 10 + buy 1
18:15:58 orders_arb INFO gRPC sending: market sell 10 GAZP@MISX acc=1225950 @ MKT
18:15:58 orders_arb ERROR gRPC order error (GAZP@RTSX sell 10@None): code=StatusCode.INTERNAL details=Jwt token check failed: UNAUTHENTICATED: Token is expired
18:15:58 orders_arb WARNING gRPC market failed, falling back to DP server
18:15:58 orders_arb ERROR Market order error (GAZP@RTSX sell 10): no response
18:15:58 orders_arb INFO gRPC sending: market buy 1 GZU6@RTSX acc=1225953 @ MKT
18:15:58 orders_arb ERROR gRPC order error (GZU6@RTSX buy 1@None): code=StatusCode.INTERNAL details=Jwt token check failed: UNAUTHENTICATED: Token is expired
18:15:58 orders_arb WARNING gRPC market failed, falling back to DP server
18:15:59 orders_arb INFO Market placed: arb_exit_1 buy 1 GZU6@RTSX id=1896048080582018033
18:15:59 robot_arb ERROR Market exit failed layer #1: A=FAIL B=OK
18:16:00 robot_arb INFO Cleanup: 1 open layers in mode=stopped, attempting close...
18:16:00 robot_arb INFO EXIT ALL 1 layers — reason=cleanup
18:16:00 robot_arb INFO EXIT layer #1 reason=cleanup | MARKET sell 10 + buy 1
18:16:00 orders_arb INFO gRPC sending: market sell 10 GAZP@MISX acc=1225950 @ MKT
18:16:00 orders_arb ERROR gRPC order error (GAZP@RTSX sell 10@None): code=StatusCode.INTERNAL details=Trading is not available at the moment
18:16:00 orders_arb WARNING gRPC market failed, falling back to DP server
18:16:00 orders_arb ERROR Market order error (GAZP@RTSX sell 10): no response
18:16:00 orders_arb INFO gRPC sending: market buy 1 GZU6@RTSX acc=1225953 @ MKT
18:16:00 orders_arb ERROR gRPC order error (GZU6@RTSX buy 1@None): code=StatusCode.INTERNAL details=Jwt token check failed: UNAUTHENTICATED: Token is expired
18:16:00 orders_arb WARNING gRPC market failed, falling back to DP server
18:16:00 orders_arb INFO Market placed: arb_exit_1 buy 1 GZU6@RTSX id=1896048080582018039
18:16:00 robot_arb ERROR Market exit failed layer #1: A=FAIL B=OK
18:16:01 robot_arb INFO Cleanup: 1 open layers in mode=stopped, attempting close...
18:16:01 robot_arb INFO EXIT ALL 1 layers — reason=cleanup
18:16:01 robot_arb INFO EXIT layer #1 reason=cleanup | MARKET sell 10 + buy 1
18:16:01 orders_arb INFO gRPC sending: market sell 10 GAZP@MISX acc=1225950 @ MKT
18:16:01 orders_arb ERROR gRPC order error (GAZP@RTSX sell 10@None): code=StatusCode.INTERNAL details=Jwt token check failed: UNAUTHENTICATED: Token is expired
18:16:01 orders_arb WARNING gRPC market failed, falling back to DP server
18:16:01 orders_arb ERROR Market order error (GAZP@RTSX sell 10): no response
18:16:01 orders_arb INFO gRPC sending: market buy 1 GZU6@RTSX acc=1225953 @ MKT
18:16:01 orders_arb ERROR gRPC order error (GZU6@RTSX buy 1@None): code=StatusCode.INTERNAL details=Jwt token check failed: UNAUTHENTICATED: Token is expired
18:16:01 orders_arb WARNING gRPC market failed, falling back to DP server
18:16:01 orders_arb INFO Market placed: arb_exit_1 buy 1 GZU6@RTSX id=1896048080582018063
18:16:01 robot_arb ERROR Market exit failed layer #1: A=FAIL B=OK
18:16:02 robot_arb INFO Cleanup: 1 open layers in mode=stopped, attempting close...
18:16:02 robot_arb INFO EXIT ALL 1 layers — reason=cleanup
18:16:02 robot_arb INFO EXIT layer #1 reason=cleanup | MARKET sell 10 + buy 1
18:16:02 orders_arb INFO gRPC sending: market sell 10 GAZP@MISX acc=1225950 @ MKT
18:16:02 orders_arb ERROR gRPC order error (GAZP@RTSX sell 10@None): code=StatusCode.INTERNAL details=Jwt token check failed: UNAUTHENTICATED: Token is expired
18:16:02 orders_arb WARNING gRPC market failed, falling back to DP server
18:16:02 orders_arb ERROR Market order error (GAZP@RTSX sell 10): no response
18:16:02 orders_arb INFO gRPC sending: market buy 1 GZU6@RTSX acc=1225953 @ MKT
18:16:02 orders_arb ERROR gRPC order error (GZU6@RTSX buy 1@None): code=StatusCode.INTERNAL details=Jwt token check failed: UNAUTHENTICATED: Token is expired
18:16:02 orders_arb WARNING gRPC market failed, falling back to DP server
18:16:02 orders_arb INFO Market placed: arb_exit_1 buy 1 GZU6@RTSX id=1896048080582018068
18:16:02 robot_arb ERROR Market exit failed layer #1: A=FAIL B=OK
18:16:03 robot_arb INFO Cleanup: 1 open layers in mode=stopped, attempting close...
18:16:03 robot_arb INFO EXIT ALL 1 layers — reason=cleanup
18:16:03 robot_arb INFO EXIT layer #1 reason=cleanup | MARKET sell 10 + buy 1
18:16:03 orders_arb INFO gRPC sending: market sell 10 GAZP@MISX acc=1225950 @ MKT
18:16:04 orders_arb ERROR gRPC order error (GAZP@RTSX sell 10@None): code=StatusCode.INTERNAL details=Trading is not available at the moment
18:16:04 orders_arb WARNING gRPC market failed, falling back to DP server
18:16:04 orders_arb ERROR Market order error (GAZP@RTSX sell 10): no response
18:16:04 orders_arb INFO gRPC sending: market buy 1 GZU6@RTSX acc=1225953 @ MKT
18:16:04 orders_arb ERROR gRPC order error (GZU6@RTSX buy 1@None): code=StatusCode.INTERNAL details=Jwt token check failed: UNAUTHENTICATED: Token is expired
18:16:04 orders_arb WARNING gRPC market failed, falling back to DP server
18:16:04 orders_arb INFO Market placed: arb_exit_1 buy 1 GZU6@RTSX id=1896048080582018070
18:16:04 robot_arb ERROR Market exit failed layer #1: A=FAIL B=OK
18:16:05 robot_arb INFO Cleanup: 1 open layers in mode=stopped, attempting close...
18:16:05 robot_arb INFO EXIT ALL 1 layers — reason=cleanup
18:16:05 robot_arb INFO EXIT layer #1 reason=cleanup | MARKET sell 10 + buy 1
18:16:05 orders_arb INFO gRPC sending: market sell 10 GAZP@MISX acc=1225950 @ MKT
18:16:05 orders_arb ERROR gRPC order error (GAZP@RTSX sell 10@None): code=StatusCode.INTERNAL details=Jwt token check failed: UNAUTHENTICATED: Token is expired
18:16:05 orders_arb WARNING gRPC market failed, falling back to DP server
18:16:05 orders_arb ERROR Market order error (GAZP@RTSX sell 10): no response
18:16:05 orders_arb INFO gRPC sending: market buy 1 GZU6@RTSX acc=1225953 @ MKT
18:16:05 orders_arb ERROR gRPC order error (GZU6@RTSX buy 1@None): code=StatusCode.INTERNAL details=Jwt token check failed: UNAUTHENTICATED: Token is expired
18:16:05 orders_arb WARNING gRPC market failed, falling back to DP server
18:16:05 orders_arb INFO Market placed: arb_exit_1 buy 1 GZU6@RTSX id=1896048080582018075
18:16:05 robot_arb ERROR Market exit failed layer #1: A=FAIL B=OK
18:16:06 robot_arb INFO Cleanup: 1 open layers in mode=stopped, attempting close...
18:16:06 robot_arb INFO EXIT ALL 1 layers — reason=cleanup
18:16:06 robot_arb INFO EXIT layer #1 reason=cleanup | MARKET sell 10 + buy 1
18:16:06 orders_arb INFO gRPC sending: market sell 10 GAZP@MISX acc=1225950 @ MKT
18:16:07 orders_arb ERROR gRPC order error (GAZP@RTSX sell 10@None): code=StatusCode.INTERNAL details=Jwt token check failed: UNAUTHENTICATED: Token is expired
18:16:07 orders_arb WARNING gRPC market failed, falling back to DP server
18:16:07 orders_arb ERROR Market order error (GAZP@RTSX sell 10): no response
18:16:07 orders_arb INFO gRPC sending: market buy 1 GZU6@RTSX acc=1225953 @ MKT
18:16:07 orders_arb ERROR gRPC order error (GZU6@RTSX buy 1@None): code=StatusCode.INTERNAL details=Trading is not available at the moment
18:16:07 orders_arb WARNING gRPC market failed, falling back to DP server
18:16:07 orders_arb INFO Market placed: arb_exit_1 buy 1 GZU6@RTSX id=1896048080582018083
18:16:07 robot_arb ERROR Market exit failed layer #1: A=FAIL B=OK
18:16:08 robot_arb INFO Cleanup: 1 open layers in mode=stopped, attempting close...
18:16:08 robot_arb INFO EXIT ALL 1 layers — reason=cleanup
18:16:08 robot_arb INFO EXIT layer #1 reason=cleanup | MARKET sell 10 + buy 1
18:16:08 orders_arb INFO gRPC sending: market sell 10 GAZP@MISX acc=1225950 @ MKT
18:16:08 orders_arb ERROR gRPC order error (GAZP@RTSX sell 10@None): code=StatusCode.INTERNAL details=Jwt token check failed: UNAUTHENTICATED: Token is expired
18:16:08 orders_arb WARNING gRPC market failed, falling back to DP server
18:16:08 orders_arb ERROR Market order error (GAZP@RTSX sell 10): no response
18:16:08 orders_arb INFO gRPC sending: market buy 1 GZU6@RTSX acc=1225953 @ MKT
18:16:08 orders_arb ERROR gRPC order error (GZU6@RTSX buy 1@None): code=StatusCode.INTERNAL details=Jwt token check failed: UNAUTHENTICATED: Token is expired
18:16:08 orders_arb WARNING gRPC market failed, falling back to DP server
18:16:08 orders_arb INFO Market placed: arb_exit_1 buy 1 GZU6@RTSX id=1896048080582018090
18:16:08 robot_arb ERROR Market exit failed layer #1: A=FAIL B=OK
18:16:09 robot_arb INFO Cleanup: 1 open layers in mode=stopped, attempting close...
18:16:09 robot_arb INFO EXIT ALL 1 layers — reason=cleanup
18:16:09 robot_arb INFO EXIT layer #1 reason=cleanup | MARKET sell 10 + buy 1
18:16:09 orders_arb INFO gRPC sending: market sell 10 GAZP@MISX acc=1225950 @ MKT
18:16:09 orders_arb ERROR gRPC order error (GAZP@RTSX sell 10@None): code=StatusCode.INTERNAL details=Jwt token check failed: UNAUTHENTICATED: Token is expired
18:16:09 orders_arb WARNING gRPC market failed, falling back to DP server
18:16:09 orders_arb ERROR Market order error (GAZP@RTSX sell 10): no response
18:16:09 orders_arb INFO gRPC sending: market buy 1 GZU6@RTSX acc=1225953 @ MKT
18:16:09 orders_arb ERROR gRPC order error (GZU6@RTSX buy 1@None): code=StatusCode.INTERNAL details=Jwt token check failed: UNAUTHENTICATED: Token is expired
18:16:09 orders_arb WARNING gRPC market failed, falling back to DP server
18:16:09 orders_arb INFO Market placed: arb_exit_1 buy 1 GZU6@RTSX id=1896048080582018094
18:16:09 robot_arb ERROR Market exit failed layer #1: A=FAIL B=OK
18:16:10 robot_arb INFO Cleanup: 1 open layers in mode=stopped, attempting close...
18:16:10 robot_arb INFO EXIT ALL 1 layers — reason=cleanup
18:16:10 robot_arb INFO EXIT layer #1 reason=cleanup | MARKET sell 10 + buy 1
18:16:10 orders_arb INFO gRPC sending: market sell 10 GAZP@MISX acc=1225950 @ MKT
18:16:10 orders_arb ERROR gRPC order error (GAZP@RTSX sell 10@None): code=StatusCode.INTERNAL details=Trading is not available at the moment
18:16:11 orders_arb WARNING gRPC market failed, falling back to DP server
18:16:11 orders_arb ERROR Market order error (GAZP@RTSX sell 10): no response
18:16:11 orders_arb INFO gRPC sending: market buy 1 GZU6@RTSX acc=1225953 @ MKT
18:16:11 orders_arb ERROR gRPC order error (GZU6@RTSX buy 1@None): code=StatusCode.INTERNAL details=Jwt token check failed: UNAUTHENTICATED: Token is expired
18:16:11 orders_arb WARNING gRPC market failed, falling back to DP server
18:16:11 orders_arb INFO Market placed: arb_exit_1 buy 1 GZU6@RTSX id=1896048080582018097
18:16:11 robot_arb ERROR Market exit failed layer #1: A=FAIL B=OK
18:16:12 robot_arb INFO Cleanup: 1 open layers in mode=stopped, attempting close...
18:16:12 robot_arb INFO EXIT ALL 1 layers — reason=cleanup
18:16:12 robot_arb INFO EXIT layer #1 reason=cleanup | MARKET sell 10 + buy 1
18:16:12 orders_arb INFO gRPC sending: market sell 10 GAZP@MISX acc=1225950 @ MKT
18:16:12 orders_arb ERROR gRPC order error (GAZP@RTSX sell 10@None): code=StatusCode.INTERNAL details=Jwt token check failed: UNAUTHENTICATED: Token is expired
18:16:12 orders_arb WARNING gRPC market failed, falling back to DP server
18:16:12 orders_arb ERROR Market order error (GAZP@RTSX sell 10): no response
18:16:12 orders_arb INFO gRPC sending: market buy 1 GZU6@RTSX acc=1225953 @ MKT
18:16:12 orders_arb ERROR gRPC order error (GZU6@RTSX buy 1@None): code=StatusCode.INTERNAL details=Trading is not available at the moment
18:16:12 orders_arb WARNING gRPC market failed, falling back to DP server
18:16:12 orders_arb INFO Market placed: arb_exit_1 buy 1 GZU6@RTSX id=1896048080582018101
18:16:12 robot_arb ERROR Market exit failed layer #1: A=FAIL B=OK
18:16:13 robot_arb INFO Cleanup: 1 open layers in mode=stopped, attempting close...
18:16:13 robot_arb INFO EXIT ALL 1 layers — reason=cleanup
18:16:13 robot_arb INFO EXIT layer #1 reason=cleanup | MARKET sell 10 + buy 1
18:16:13 orders_arb INFO gRPC sending: market sell 10 GAZP@MISX acc=1225950 @ MKT
18:16:13 orders_arb ERROR gRPC order error (GAZP@RTSX sell 10@None): code=StatusCode.INTERNAL details=Jwt token check failed: UNAUTHENTICATED: Token is expired
18:16:13 orders_arb WARNING gRPC market failed, falling back to DP server
18:16:13 orders_arb ERROR Market order error (GAZP@RTSX sell 10): no response
18:16:13 orders_arb INFO gRPC sending: market buy 1 GZU6@RTSX acc=1225953 @ MKT
18:16:13 orders_arb ERROR gRPC order error (GZU6@RTSX buy 1@None): code=StatusCode.INTERNAL details=Trading is not available at the moment
18:16:13 orders_arb WARNING gRPC market failed, falling back to DP server
18:16:14 orders_arb INFO Market placed: arb_exit_1 buy 1 GZU6@RTSX id=1896048080582018113
18:16:14 robot_arb ERROR Market exit failed layer #1: A=FAIL B=OK
18:16:15 robot_arb INFO Cleanup: 1 open layers in mode=stopped, attempting close...
18:16:15 robot_arb INFO EXIT ALL 1 layers — reason=cleanup
18:16:15 robot_arb INFO EXIT layer #1 reason=cleanup | MARKET sell 10 + buy 1
18:16:15 orders_arb INFO gRPC sending: market sell 10 GAZP@MISX acc=1225950 @ MKT
18:16:15 orders_arb ERROR gRPC order error (GAZP@RTSX sell 10@None): code=StatusCode.INTERNAL details=Jwt token check failed: UNAUTHENTICATED: Token is expired
18:16:15 orders_arb WARNING gRPC market failed, falling back to DP server
18:16:15 orders_arb ERROR Market order error (GAZP@RTSX sell 10): no response
18:16:15 orders_arb INFO gRPC sending: market buy 1 GZU6@RTSX acc=1225953 @ MKT
18:16:15 orders_arb ERROR gRPC order error (GZU6@RTSX buy 1@None): code=StatusCode.INTERNAL details=Trading is not available at the moment
18:16:15 orders_arb WARNING gRPC market failed, falling back to DP server
18:16:15 orders_arb INFO Market placed: arb_exit_1 buy 1 GZU6@RTSX id=1896048080582018122
18:16:15 robot_arb ERROR Market exit failed layer #1: A=FAIL B=OK
18:16:16 robot_arb INFO Cleanup: 1 open layers in mode=stopped, attempting close...
18:16:16 robot_arb INFO EXIT ALL 1 layers — reason=cleanup
18:16:16 robot_arb INFO EXIT layer #1 reason=cleanup | MARKET sell 10 + buy 1
18:16:16 orders_arb INFO gRPC sending: market sell 10 GAZP@MISX acc=1225950 @ MKT
18:16:16 orders_arb ERROR gRPC order error (GAZP@RTSX sell 10@None): code=StatusCode.INTERNAL details=Jwt token check failed: UNAUTHENTICATED: Token is expired
18:16:16 orders_arb WARNING gRPC market failed, falling back to DP server
18:16:16 orders_arb ERROR Market order error (GAZP@RTSX sell 10): no response
18:16:16 orders_arb INFO gRPC sending: market buy 1 GZU6@RTSX acc=1225953 @ MKT
18:16:16 orders_arb ERROR gRPC order error (GZU6@RTSX buy 1@None): code=StatusCode.INTERNAL details=Jwt token check failed: UNAUTHENTICATED: Token is expired
18:16:16 orders_arb WARNING gRPC market failed, falling back to DP server
18:16:16 orders_arb INFO Market placed: arb_exit_1 buy 1 GZU6@RTSX id=1896048080582018126
18:16:16 robot_arb ERROR Market exit failed layer #1: A=FAIL B=OK
18:16:17 robot_arb INFO Cleanup: 1 open layers in mode=stopped, attempting close...
18:16:17 robot_arb INFO EXIT ALL 1 layers — reason=cleanup
18:16:17 robot_arb INFO EXIT layer #1 reason=cleanup | MARKET sell 10 + buy 1
18:16:17 orders_arb INFO gRPC sending: market sell 10 GAZP@MISX acc=1225950 @ MKT
18:16:18 orders_arb ERROR gRPC order error (GAZP@RTSX sell 10@None): code=StatusCode.INTERNAL details=Jwt token check failed: UNAUTHENTICATED: Token is expired
18:16:18 orders_arb WARNING gRPC market failed, falling back to DP server
18:16:18 orders_arb ERROR Market order error (GAZP@RTSX sell 10): no response
18:16:18 orders_arb INFO gRPC sending: market buy 1 GZU6@RTSX acc=1225953 @ MKT
18:16:18 orders_arb ERROR gRPC order error (GZU6@RTSX buy 1@None): code=StatusCode.INTERNAL details=Jwt token check failed: UNAUTHENTICATED: Token is expired
18:16:18 orders_arb WARNING gRPC market failed, falling back to DP server
18:16:18 orders_arb INFO Market placed: arb_exit_1 buy 1 GZU6@RTSX id=1896048080582018132
18:16:18 robot_arb ERROR Market exit failed layer #1: A=FAIL B=OK
18:16:19 robot_arb INFO Cleanup: 1 open layers in mode=stopped, attempting close...
18:16:19 robot_arb INFO EXIT ALL 1 layers — reason=cleanup
18:16:19 robot_arb INFO EXIT layer #1 reason=cleanup | MARKET sell 10 + buy 1
18:16:19 orders_arb INFO gRPC sending: market sell 10 GAZP@MISX acc=1225950 @ MKT
18:16:19 orders_arb ERROR gRPC order error (GAZP@RTSX sell 10@None): code=StatusCode.INTERNAL details=Jwt token check failed: UNAUTHENTICATED: Token is expired
18:16:19 orders_arb WARNING gRPC market failed, falling back to DP server
18:16:19 orders_arb ERROR Market order error (GAZP@RTSX sell 10): no response
18:16:19 orders_arb INFO gRPC sending: market buy 1 GZU6@RTSX acc=1225953 @ MKT
18:16:19 orders_arb ERROR gRPC order error (GZU6@RTSX buy 1@None): code=StatusCode.INTERNAL details=Jwt token check failed: UNAUTHENTICATED: Token is expired
18:16:19 orders_arb WARNING gRPC market failed, falling back to DP server
18:16:19 orders_arb INFO Market placed: arb_exit_1 buy 1 GZU6@RTSX id=1896048080582018168
18:16:19 robot_arb ERROR Market exit failed layer #1: A=FAIL B=OK
18:16:20 robot_arb INFO Cleanup: 1 open layers in mode=stopped, attempting close...
18:16:20 robot_arb INFO EXIT ALL 1 layers — reason=cleanup
18:16:20 robot_arb INFO EXIT layer #1 reason=cleanup | MARKET sell 10 + buy 1
18:16:20 orders_arb INFO gRPC sending: market sell 10 GAZP@MISX acc=1225950 @ MKT
18:16:20 orders_arb ERROR gRPC order error (GAZP@RTSX sell 10@None): code=StatusCode.INTERNAL details=Trading is not available at the moment
18:16:20 orders_arb WARNING gRPC market failed, falling back to DP server
18:16:20 orders_arb ERROR Market order error (GAZP@RTSX sell 10): no response
18:16:20 orders_arb INFO gRPC sending: market buy 1 GZU6@RTSX acc=1225953 @ MKT
18:16:20 orders_arb ERROR gRPC order error (GZU6@RTSX buy 1@None): code=StatusCode.INTERNAL details=Jwt token check failed: UNAUTHENTICATED: Token is expired
18:16:20 orders_arb WARNING gRPC market failed, falling back to DP server
18:16:20 orders_arb INFO Market placed: arb_exit_1 buy 1 GZU6@RTSX id=1896048080582018211
18:16:20 robot_arb ERROR Market exit failed layer #1: A=FAIL B=OK
18:16:21 robot_arb INFO Cleanup: 1 open layers in mode=stopped, attempting close...
18:16:21 robot_arb INFO EXIT ALL 1 layers — reason=cleanup
18:16:21 robot_arb INFO EXIT layer #1 reason=cleanup | MARKET sell 10 + buy 1
18:16:21 orders_arb INFO gRPC sending: market sell 10 GAZP@MISX acc=1225950 @ MKT
18:16:21 orders_arb ERROR gRPC order error (GAZP@RTSX sell 10@None): code=StatusCode.INTERNAL details=Trading is not available at the moment
18:16:21 orders_arb WARNING gRPC market failed, falling back to DP server
18:16:22 orders_arb ERROR Market order error (GAZP@RTSX sell 10): no response
18:16:22 orders_arb INFO gRPC sending: market buy 1 GZU6@RTSX acc=1225953 @ MKT
18:16:22 orders_arb ERROR gRPC order error (GZU6@RTSX buy 1@None): code=StatusCode.INTERNAL details=Jwt token check failed: UNAUTHENTICATED: Token is expired
18:16:22 orders_arb WARNING gRPC market failed, falling back to DP server
18:16:22 orders_arb INFO Market placed: arb_exit_1 buy 1 GZU6@RTSX id=1896048080582018242
18:16:22 robot_arb ERROR Market exit failed layer #1: A=FAIL B=OK
18:16:23 robot_arb INFO Cleanup: 1 open layers in mode=stopped, attempting close...
18:16:23 robot_arb INFO EXIT ALL 1 layers — reason=cleanup
18:16:23 robot_arb INFO EXIT layer #1 reason=cleanup | MARKET sell 10 + buy 1
18:16:23 orders_arb INFO gRPC sending: market sell 10 GAZP@MISX acc=1225950 @ MKT
18:16:23 orders_arb ERROR gRPC order error (GAZP@RTSX sell 10@None): code=StatusCode.INTERNAL details=Trading is not available at the moment
18:16:23 orders_arb WARNING gRPC market failed, falling back to DP server
18:16:23 orders_arb ERROR Market order error (GAZP@RTSX sell 10): no response
18:16:23 orders_arb INFO gRPC sending: market buy 1 GZU6@RTSX acc=1225953 @ MKT
18:16:23 orders_arb ERROR gRPC order error (GZU6@RTSX buy 1@None): code=StatusCode.INTERNAL details=Jwt token check failed: UNAUTHENTICATED: Token is expired
18:16:23 orders_arb WARNING gRPC market failed, falling back to DP server
18:16:23 orders_arb INFO Market placed: arb_exit_1 buy 1 GZU6@RTSX id=1896048080582018262
18:16:23 robot_arb ERROR Market exit failed layer #1: A=FAIL B=OK
18:16:24 robot_arb INFO Cleanup: 1 open layers in mode=stopped, attempting close...
18:16:24 robot_arb INFO EXIT ALL 1 layers — reason=cleanup
18:16:24 robot_arb INFO EXIT layer #1 reason=cleanup | MARKET sell 10 + buy 1
18:16:24 orders_arb INFO gRPC sending: market sell 10 GAZP@MISX acc=1225950 @ MKT
18:16:24 orders_arb ERROR gRPC order error (GAZP@RTSX sell 10@None): code=StatusCode.INTERNAL details=Trading is not available at the moment
18:16:24 orders_arb WARNING gRPC market failed, falling back to DP server
18:16:24 orders_arb ERROR Market order error (GAZP@RTSX sell 10): no response
18:16:24 orders_arb INFO gRPC sending: market buy 1 GZU6@RTSX acc=1225953 @ MKT
18:16:24 orders_arb ERROR gRPC order error (GZU6@RTSX buy 1@None): code=StatusCode.INTERNAL details=Trading is not available at the moment
18:16:24 orders_arb WARNING gRPC market failed, falling back to DP server
18:16:25 orders_arb INFO Market placed: arb_exit_1 buy 1 GZU6@RTSX id=1896048080582018274
18:16:25 robot_arb ERROR Market exit failed layer #1: A=FAIL B=OK
18:16:26 robot_arb INFO Cleanup: 1 open layers in mode=stopped, attempting close...
18:16:26 robot_arb INFO EXIT ALL 1 layers — reason=cleanup
18:16:26 robot_arb INFO EXIT layer #1 reason=cleanup | MARKET sell 10 + buy 1
18:16:26 orders_arb INFO gRPC sending: market sell 10 GAZP@MISX acc=1225950 @ MKT
18:16:26 orders_arb ERROR gRPC order error (GAZP@RTSX sell 10@None): code=StatusCode.INTERNAL details=Jwt token check failed: UNAUTHENTICATED: Token is expired
18:16:26 orders_arb WARNING gRPC market failed, falling back to DP server
18:16:26 orders_arb ERROR Market order error (GAZP@RTSX sell 10): no response
18:16:26 orders_arb INFO gRPC sending: market buy 1 GZU6@RTSX acc=1225953 @ MKT
18:16:26 orders_arb ERROR gRPC order error (GZU6@RTSX buy 1@None): code=StatusCode.INTERNAL details=Jwt token check failed: UNAUTHENTICATED: Token is expired
18:16:26 orders_arb WARNING gRPC market failed, falling back to DP server
18:16:26 orders_arb INFO Market placed: arb_exit_1 buy 1 GZU6@RTSX id=1896048080582018288
18:16:26 robot_arb ERROR Market exit failed layer #1: A=FAIL B=OK
18:16:27 robot_arb INFO Cleanup: 1 open layers in mode=stopped, attempting close...
18:16:27 robot_arb INFO EXIT ALL 1 layers — reason=cleanup
18:16:27 robot_arb INFO EXIT layer #1 reason=cleanup | MARKET sell 10 + buy 1
18:16:27 orders_arb INFO gRPC sending: market sell 10 GAZP@MISX acc=1225950 @ MKT
18:16:27 orders_arb ERROR gRPC order error (GAZP@RTSX sell 10@None): code=StatusCode.INTERNAL details=Jwt token check failed: UNAUTHENTICATED: Token is expired
18:16:27 orders_arb WARNING gRPC market failed, falling back to DP server
18:16:27 orders_arb ERROR Market order error (GAZP@RTSX sell 10): no response
18:16:27 orders_arb INFO gRPC sending: market buy 1 GZU6@RTSX acc=1225953 @ MKT
18:16:27 orders_arb ERROR gRPC order error (GZU6@RTSX buy 1@None): code=StatusCode.INTERNAL details=Jwt token check failed: UNAUTHENTICATED: Token is expired
18:16:27 orders_arb WARNING gRPC market failed, falling back to DP server
18:16:27 orders_arb INFO Market placed: arb_exit_1 buy 1 GZU6@RTSX id=1896048080582018306
18:16:27 robot_arb ERROR Market exit failed layer #1: A=FAIL B=OK
18:16:28 robot_arb INFO Cleanup: 1 open layers in mode=stopped, attempting close...
18:16:28 robot_arb INFO EXIT ALL 1 layers — reason=cleanup
18:16:28 robot_arb INFO EXIT layer #1 reason=cleanup | MARKET sell 10 + buy 1
18:16:28 orders_arb INFO gRPC sending: market sell 10 GAZP@MISX acc=1225950 @ MKT
18:16:28 orders_arb ERROR gRPC order error (GAZP@RTSX sell 10@None): code=StatusCode.INTERNAL details=Jwt token check failed: UNAUTHENTICATED: Token is expired
18:16:28 orders_arb WARNING gRPC market failed, falling back to DP server
18:16:29 orders_arb ERROR Market order error (GAZP@RTSX sell 10): no response
18:16:29 orders_arb INFO gRPC sending: market buy 1 GZU6@RTSX acc=1225953 @ MKT
18:16:29 orders_arb ERROR gRPC order error (GZU6@RTSX buy 1@None): code=StatusCode.INTERNAL details=Jwt token check failed: UNAUTHENTICATED: Token is expired
18:16:29 orders_arb WARNING gRPC market failed, falling back to DP server
18:16:29 orders_arb INFO Market placed: arb_exit_1 buy 1 GZU6@RTSX id=1896048080582018331
18:16:29 robot_arb ERROR Market exit failed layer #1: A=FAIL B=OK
18:16:30 robot_arb INFO Cleanup: 1 open layers in mode=stopped, attempting close...
18:16:30 robot_arb INFO EXIT ALL 1 layers — reason=cleanup
18:16:30 robot_arb INFO EXIT layer #1 reason=cleanup | MARKET sell 10 + buy 1
18:16:30 orders_arb INFO gRPC sending: market sell 10 GAZP@MISX acc=1225950 @ MKT
18:16:30 orders_arb ERROR gRPC order error (GAZP@RTSX sell 10@None): code=StatusCode.INTERNAL details=Jwt token check failed: UNAUTHENTICATED: Token is expired
18:16:30 orders_arb WARNING gRPC market failed, falling back to DP server
18:16:30 orders_arb ERROR Market order error (GAZP@RTSX sell 10): no response
18:16:30 orders_arb INFO gRPC sending: market buy 1 GZU6@RTSX acc=1225953 @ MKT
18:16:30 orders_arb ERROR gRPC order error (GZU6@RTSX buy 1@None): code=StatusCode.INTERNAL details=Trading is not available at the moment
18:16:30 orders_arb WARNING gRPC market failed, falling back to DP server
18:16:30 orders_arb INFO Market placed: arb_exit_1 buy 1 GZU6@RTSX id=1896048080582018338
18:16:30 robot_arb ERROR Market exit failed layer #1: A=FAIL B=OK
18:16:31 robot_arb INFO Cleanup: 1 open layers in mode=stopped, attempting close...
18:16:31 robot_arb INFO EXIT ALL 1 layers — reason=cleanup
18:16:31 robot_arb INFO EXIT layer #1 reason=cleanup | MARKET sell 10 + buy 1
18:16:31 orders_arb INFO gRPC sending: market sell 10 GAZP@MISX acc=1225950 @ MKT
18:16:31 orders_arb ERROR gRPC order error (GAZP@RTSX sell 10@None): code=StatusCode.INTERNAL details=Jwt token check failed: UNAUTHENTICATED: Token is expired
18:16:31 orders_arb WARNING gRPC market failed, falling back to DP server
18:16:31 orders_arb ERROR Market order error (GAZP@RTSX sell 10): no response
18:16:31 orders_arb INFO gRPC sending: market buy 1 GZU6@RTSX acc=1225953 @ MKT
18:16:31 orders_arb ERROR gRPC order error (GZU6@RTSX buy 1@None): code=StatusCode.INTERNAL details=Trading is not available at the moment
18:16:31 orders_arb WARNING gRPC market failed, falling back to DP server
18:16:32 orders_arb INFO Market placed: arb_exit_1 buy 1 GZU6@RTSX id=1896048080582018344
18:16:32 robot_arb ERROR Market exit failed layer #1: A=FAIL B=OK
18:16:33 robot_arb INFO Cleanup: 1 open layers in mode=stopped, attempting close...
18:16:33 robot_arb INFO EXIT ALL 1 layers — reason=cleanup
18:16:33 robot_arb INFO EXIT layer #1 reason=cleanup | MARKET sell 10 + buy 1
18:16:33 orders_arb INFO gRPC sending: market sell 10 GAZP@MISX acc=1225950 @ MKT
18:16:33 orders_arb ERROR gRPC order error (GAZP@RTSX sell 10@None): code=StatusCode.INTERNAL details=Trading is not available at the moment
18:16:33 orders_arb WARNING gRPC market failed, falling back to DP server
18:16:33 orders_arb ERROR Market order error (GAZP@RTSX sell 10): no response
18:16:33 orders_arb INFO gRPC sending: market buy 1 GZU6@RTSX acc=1225953 @ MKT
18:16:33 orders_arb ERROR gRPC order error (GZU6@RTSX buy 1@None): code=StatusCode.INTERNAL details=Jwt token check failed: UNAUTHENTICATED: Token is expired
18:16:33 orders_arb WARNING gRPC market failed, falling back to DP server
18:16:33 orders_arb INFO Market placed: arb_exit_1 buy 1 GZU6@RTSX id=1896048080582018352
18:16:33 robot_arb ERROR Market exit failed layer #1: A=FAIL B=OK
18:16:34 robot_arb INFO Cleanup: 1 open layers in mode=stopped, attempting close...
18:16:34 robot_arb INFO EXIT ALL 1 layers — reason=cleanup
18:16:34 robot_arb INFO EXIT layer #1 reason=cleanup | MARKET sell 10 + buy 1
18:16:34 orders_arb INFO gRPC sending: market sell 10 GAZP@MISX acc=1225950 @ MKT
18:16:34 orders_arb ERROR gRPC order error (GAZP@RTSX sell 10@None): code=StatusCode.INTERNAL details=Jwt token check failed: UNAUTHENTICATED: Token is expired
18:16:34 orders_arb WARNING gRPC market failed, falling back to DP server
18:16:34 orders_arb ERROR Market order error (GAZP@RTSX sell 10): no response
18:16:34 orders_arb INFO gRPC sending: market buy 1 GZU6@RTSX acc=1225953 @ MKT
18:16:34 orders_arb ERROR gRPC order error (GZU6@RTSX buy 1@None): code=StatusCode.INTERNAL details=Jwt token check failed: UNAUTHENTICATED: Token is expired
18:16:34 orders_arb WARNING gRPC market failed, falling back to DP server
18:16:34 orders_arb INFO Market placed: arb_exit_1 buy 1 GZU6@RTSX id=1896048080582018402
18:16:34 robot_arb ERROR Market exit failed layer #1: A=FAIL B=OK
18:16:35 robot_arb INFO Cleanup: 1 open layers in mode=stopped, attempting close...
18:16:35 robot_arb INFO EXIT ALL 1 layers — reason=cleanup
18:16:35 robot_arb INFO EXIT layer #1 reason=cleanup | MARKET sell 10 + buy 1
18:16:35 orders_arb INFO gRPC sending: market sell 10 GAZP@MISX acc=1225950 @ MKT
18:16:36 orders_arb ERROR gRPC order error (GAZP@RTSX sell 10@None): code=StatusCode.INTERNAL details=Jwt token check failed: UNAUTHENTICATED: Token is expired
18:16:36 orders_arb WARNING gRPC market failed, falling back to DP server
18:16:36 orders_arb ERROR Market order error (GAZP@RTSX sell 10): no response
18:16:36 orders_arb INFO gRPC sending: market buy 1 GZU6@RTSX acc=1225953 @ MKT
18:16:36 orders_arb ERROR gRPC order error (GZU6@RTSX buy 1@None): code=StatusCode.INTERNAL details=Jwt token check failed: UNAUTHENTICATED: Token is expired
18:16:36 orders_arb WARNING gRPC market failed, falling back to DP server
18:16:36 orders_arb INFO Market placed: arb_exit_1 buy 1 GZU6@RTSX id=1896048080582018424
18:16:36 robot_arb ERROR Market exit failed layer #1: A=FAIL B=OK
18:16:37 robot_arb INFO Cleanup: 1 open layers in mode=stopped, attempting close...
18:16:37 robot_arb INFO EXIT ALL 1 layers — reason=cleanup
18:16:37 robot_arb INFO EXIT layer #1 reason=cleanup | MARKET sell 10 + buy 1
18:16:37 orders_arb INFO gRPC sending: market sell 10 GAZP@MISX acc=1225950 @ MKT
18:16:37 orders_arb ERROR gRPC order error (GAZP@RTSX sell 10@None): code=StatusCode.INTERNAL details=Trading is not available at the moment
18:16:37 orders_arb WARNING gRPC market failed, falling back to DP server
18:16:37 orders_arb ERROR Market order error (GAZP@RTSX sell 10): no response
18:16:37 orders_arb INFO gRPC sending: market buy 1 GZU6@RTSX acc=1225953 @ MKT
18:16:37 orders_arb ERROR gRPC order error (GZU6@RTSX buy 1@None): code=StatusCode.INTERNAL details=Jwt token check failed: UNAUTHENTICATED: Token is expired
18:16:37 orders_arb WARNING gRPC market failed, falling back to DP server
18:16:37 orders_arb INFO Market placed: arb_exit_1 buy 1 GZU6@RTSX id=1896048080582018429
18:16:37 robot_arb ERROR Market exit failed layer #1: A=FAIL B=OK
18:16:38 robot_arb INFO Cleanup: 1 open layers in mode=stopped, attempting close...
18:16:38 robot_arb INFO EXIT ALL 1 layers — reason=cleanup
18:16:38 robot_arb INFO EXIT layer #1 reason=cleanup | MARKET sell 10 + buy 1
18:16:38 orders_arb INFO gRPC sending: market sell 10 GAZP@MISX acc=1225950 @ MKT
18:16:38 orders_arb ERROR gRPC order error (GAZP@RTSX sell 10@None): code=StatusCode.INTERNAL details=Jwt token check failed: UNAUTHENTICATED: Token is expired
18:16:38 orders_arb WARNING gRPC market failed, falling back to DP server
18:16:38 orders_arb ERROR Market order error (GAZP@RTSX sell 10): no response
18:16:38 orders_arb INFO gRPC sending: market buy 1 GZU6@RTSX acc=1225953 @ MKT
18:16:38 orders_arb ERROR gRPC order error (GZU6@RTSX buy 1@None): code=StatusCode.INTERNAL details=Jwt token check failed: UNAUTHENTICATED: Token is expired
18:16:38 orders_arb WARNING gRPC market failed, falling back to DP server
18:16:39 orders_arb INFO Market placed: arb_exit_1 buy 1 GZU6@RTSX id=1896048080582018436
18:16:39 robot_arb ERROR Market exit failed layer #1: A=FAIL B=OK
18:16:40 robot_arb INFO Cleanup: 1 open layers in mode=stopped, attempting close...
18:16:40 robot_arb INFO EXIT ALL 1 layers — reason=cleanup
18:16:40 robot_arb INFO EXIT layer #1 reason=cleanup | MARKET sell 10 + buy 1
18:16:40 orders_arb INFO gRPC sending: market sell 10 GAZP@MISX acc=1225950 @ MKT
18:16:40 orders_arb ERROR gRPC order error (GAZP@RTSX sell 10@None): code=StatusCode.INTERNAL details=Jwt token check failed: UNAUTHENTICATED: Token is expired
18:16:40 orders_arb WARNING gRPC market failed, falling back to DP server
18:16:40 orders_arb ERROR Market order error (GAZP@RTSX sell 10): no response
18:16:40 orders_arb INFO gRPC sending: market buy 1 GZU6@RTSX acc=1225953 @ MKT
18:16:40 orders_arb ERROR gRPC order error (GZU6@RTSX buy 1@None): code=StatusCode.INTERNAL details=Trading is not available at the moment
18:16:40 orders_arb WARNING gRPC market failed, falling back to DP server
18:16:40 orders_arb INFO Market placed: arb_exit_1 buy 1 GZU6@RTSX id=1896048080582018459
18:16:40 robot_arb ERROR Market exit failed layer #1: A=FAIL B=OK
18:16:41 robot_arb INFO Cleanup: 1 open layers in mode=stopped, attempting close...
18:16:41 robot_arb INFO EXIT ALL 1 layers — reason=cleanup
18:16:41 robot_arb INFO EXIT layer #1 reason=cleanup | MARKET sell 10 + buy 1
18:16:41 orders_arb INFO gRPC sending: market sell 10 GAZP@MISX acc=1225950 @ MKT
18:16:41 orders_arb ERROR gRPC order error (GAZP@RTSX sell 10@None): code=StatusCode.INTERNAL details=Trading is not available at the moment
18:16:41 orders_arb WARNING gRPC market failed, falling back to DP server
18:16:41 orders_arb ERROR Market order error (GAZP@RTSX sell 10): no response
18:16:41 orders_arb INFO gRPC sending: market buy 1 GZU6@RTSX acc=1225953 @ MKT
18:16:41 orders_arb ERROR gRPC order error (GZU6@RTSX buy 1@None): code=StatusCode.INTERNAL details=Jwt token check failed: UNAUTHENTICATED: Token is expired
18:16:41 orders_arb WARNING gRPC market failed, falling back to DP server
18:16:41 orders_arb INFO Market placed: arb_exit_1 buy 1 GZU6@RTSX id=1896048080582018468
18:16:41 robot_arb ERROR Market exit failed layer #1: A=FAIL B=OK
18:16:42 robot_arb INFO Cleanup: 1 open layers in mode=stopped, attempting close...
18:16:42 robot_arb INFO EXIT ALL 1 layers — reason=cleanup
18:16:42 robot_arb INFO EXIT layer #1 reason=cleanup | MARKET sell 10 + buy 1
18:16:42 orders_arb INFO gRPC sending: market sell 10 GAZP@MISX acc=1225950 @ MKT
18:16:42 orders_arb ERROR gRPC order error (GAZP@RTSX sell 10@None): code=StatusCode.INTERNAL details=Jwt token check failed: UNAUTHENTICATED: Token is expired
18:16:42 orders_arb WARNING gRPC market failed, falling back to DP server
18:16:42 orders_arb ERROR Market order error (GAZP@RTSX sell 10): no response
18:16:42 orders_arb INFO gRPC sending: market buy 1 GZU6@RTSX acc=1225953 @ MKT
18:16:42 orders_arb ERROR gRPC order error (GZU6@RTSX buy 1@None): code=StatusCode.INTERNAL details=Jwt token check failed: UNAUTHENTICATED: Token is expired
18:16:42 orders_arb WARNING gRPC market failed, falling back to DP server
18:16:42 orders_arb INFO Market placed: arb_exit_1 buy 1 GZU6@RTSX id=1896048080582018479
18:16:42 robot_arb ERROR Market exit failed layer #1: A=FAIL B=OK
18:16:43 robot_arb INFO Cleanup: 1 open layers in mode=stopped, attempting close...
18:16:43 robot_arb INFO EXIT ALL 1 layers — reason=cleanup
18:16:43 robot_arb INFO EXIT layer #1 reason=cleanup | MARKET sell 10 + buy 1
18:16:43 orders_arb INFO gRPC sending: market sell 10 GAZP@MISX acc=1225950 @ MKT
18:16:43 orders_arb ERROR gRPC order error (GAZP@RTSX sell 10@None): code=StatusCode.INTERNAL details=Jwt token check failed: UNAUTHENTICATED: Token is expired
18:16:43 orders_arb WARNING gRPC market failed, falling back to DP server
18:16:44 orders_arb ERROR Market order error (GAZP@RTSX sell 10): no response
18:16:44 orders_arb INFO gRPC sending: market buy 1 GZU6@RTSX acc=1225953 @ MKT
18:16:44 orders_arb ERROR gRPC order error (GZU6@RTSX buy 1@None): code=StatusCode.INTERNAL details=Trading is not available at the moment
18:16:44 orders_arb WARNING gRPC market failed, falling back to DP server
18:16:44 orders_arb INFO Market placed: arb_exit_1 buy 1 GZU6@RTSX id=1896048080582018510
18:16:44 robot_arb ERROR Market exit failed layer #1: A=FAIL B=OK
18:16:45 robot_arb INFO Cleanup: 1 open layers in mode=stopped, attempting close...
18:16:45 robot_arb INFO EXIT ALL 1 layers — reason=cleanup
18:16:45 robot_arb INFO EXIT layer #1 reason=cleanup | MARKET sell 10 + buy 1
18:16:45 orders_arb INFO gRPC sending: market sell 10 GAZP@MISX acc=1225950 @ MKT
18:16:45 orders_arb ERROR gRPC order error (GAZP@RTSX sell 10@None): code=StatusCode.INTERNAL details=Jwt token check failed: UNAUTHENTICATED: Token is expired
18:16:45 orders_arb WARNING gRPC market failed, falling back to DP server
18:16:45 orders_arb ERROR Market order error (GAZP@RTSX sell 10): no response
18:16:45 orders_arb INFO gRPC sending: market buy 1 GZU6@RTSX acc=1225953 @ MKT
18:16:45 orders_arb ERROR gRPC order error (GZU6@RTSX buy 1@None): code=StatusCode.INTERNAL details=Jwt token check failed: UNAUTHENTICATED: Token is expired
18:16:45 orders_arb WARNING gRPC market failed, falling back to DP server
18:16:45 orders_arb INFO Market placed: arb_exit_1 buy 1 GZU6@RTSX id=1896048080582018542
18:16:45 robot_arb ERROR Market exit failed layer #1: A=FAIL B=OK
18:16:46 robot_arb INFO Cleanup: 1 open layers in mode=stopped, attempting close...
18:16:46 robot_arb INFO EXIT ALL 1 layers — reason=cleanup
18:16:46 robot_arb INFO EXIT layer #1 reason=cleanup | MARKET sell 10 + buy 1
18:16:46 orders_arb INFO gRPC sending: market sell 10 GAZP@MISX acc=1225950 @ MKT
18:16:46 orders_arb ERROR gRPC order error (GAZP@RTSX sell 10@None): code=StatusCode.INTERNAL details=Jwt token check failed: UNAUTHENTICATED: Token is expired
18:16:46 orders_arb WARNING gRPC market failed, falling back to DP server
18:16:46 orders_arb ERROR Market order error (GAZP@RTSX sell 10): no response
18:16:46 orders_arb INFO gRPC sending: market buy 1 GZU6@RTSX acc=1225953 @ MKT
18:16:46 orders_arb ERROR gRPC order error (GZU6@RTSX buy 1@None): code=StatusCode.INTERNAL details=Jwt token check failed: UNAUTHENTICATED: Token is expired
18:16:46 orders_arb WARNING gRPC market failed, falling back to DP server
18:16:47 orders_arb INFO Market placed: arb_exit_1 buy 1 GZU6@RTSX id=1896048080582018556
18:16:47 robot_arb ERROR Market exit failed layer #1: A=FAIL B=OK
18:16:48 robot_arb INFO Cleanup: 1 open layers in mode=stopped, attempting close...
18:16:48 robot_arb INFO EXIT ALL 1 layers — reason=cleanup
18:16:48 robot_arb INFO EXIT layer #1 reason=cleanup | MARKET sell 10 + buy 1
18:16:48 orders_arb INFO gRPC sending: market sell 10 GAZP@MISX acc=1225950 @ MKT
18:16:48 orders_arb ERROR gRPC order error (GAZP@RTSX sell 10@None): code=StatusCode.INTERNAL details=Trading is not available at the moment
18:16:48 orders_arb WARNING gRPC market failed, falling back to DP server
18:16:48 orders_arb ERROR Market order error (GAZP@RTSX sell 10): no response
18:16:48 orders_arb INFO gRPC sending: market buy 1 GZU6@RTSX acc=1225953 @ MKT
18:16:48 orders_arb ERROR gRPC order error (GZU6@RTSX buy 1@None): code=StatusCode.INTERNAL details=Jwt token check failed: UNAUTHENTICATED: Token is expired
18:16:48 orders_arb WARNING gRPC market failed, falling back to DP server
18:16:48 orders_arb INFO Market placed: arb_exit_1 buy 1 GZU6@RTSX id=1896048080582018559
18:16:48 robot_arb ERROR Market exit failed layer #1: A=FAIL B=OK
18:16:49 robot_arb INFO Cleanup: 1 open layers in mode=stopped, attempting close...
18:16:49 robot_arb INFO EXIT ALL 1 layers — reason=cleanup
18:16:49 robot_arb INFO EXIT layer #1 reason=cleanup | MARKET sell 10 + buy 1
18:16:49 orders_arb INFO gRPC sending: market sell 10 GAZP@MISX acc=1225950 @ MKT
18:16:49 orders_arb ERROR gRPC order error (GAZP@RTSX sell 10@None): code=StatusCode.INTERNAL details=Jwt token check failed: UNAUTHENTICATED: Token is expired
18:16:49 orders_arb WARNING gRPC market failed, falling back to DP server
18:16:49 orders_arb ERROR Market order error (GAZP@RTSX sell 10): no response
18:16:49 orders_arb INFO gRPC sending: market buy 1 GZU6@RTSX acc=1225953 @ MKT
18:16:49 orders_arb ERROR gRPC order error (GZU6@RTSX buy 1@None): code=StatusCode.INTERNAL details=Trading is not available at the moment
18:16:49 orders_arb WARNING gRPC market failed, falling back to DP server
18:16:49 orders_arb INFO Market placed: arb_exit_1 buy 1 GZU6@RTSX id=1896048080582018571
18:16:49 robot_arb ERROR Market exit failed layer #1: A=FAIL B=OK
18:16:50 robot_arb INFO Cleanup: 1 open layers in mode=stopped, attempting close...
18:16:50 robot_arb INFO EXIT ALL 1 layers — reason=cleanup
18:16:50 robot_arb INFO EXIT layer #1 reason=cleanup | MARKET sell 10 + buy 1
18:16:50 orders_arb INFO gRPC sending: market sell 10 GAZP@MISX acc=1225950 @ MKT
18:16:50 orders_arb ERROR gRPC order error (GAZP@RTSX sell 10@None): code=StatusCode.INTERNAL details=Jwt token check failed: UNAUTHENTICATED: Token is expired
18:16:50 orders_arb WARNING gRPC market failed, falling back to DP server
18:16:50 orders_arb ERROR Market order error (GAZP@RTSX sell 10): no response
18:16:50 orders_arb INFO gRPC sending: market buy 1 GZU6@RTSX acc=1225953 @ MKT
18:16:51 orders_arb ERROR gRPC order error (GZU6@RTSX buy 1@None): code=StatusCode.INTERNAL details=Jwt token check failed: UNAUTHENTICATED: Token is expired
18:16:51 orders_arb WARNING gRPC market failed, falling back to DP server
18:16:51 orders_arb INFO Market placed: arb_exit_1 buy 1 GZU6@RTSX id=1896048080582018607
18:16:51 robot_arb ERROR Market exit failed layer #1: A=FAIL B=OK
18:16:52 robot_arb INFO Cleanup: 1 open layers in mode=stopped, attempting close...
18:16:52 robot_arb INFO EXIT ALL 1 layers — reason=cleanup
18:16:52 robot_arb INFO EXIT layer #1 reason=cleanup | MARKET sell 10 + buy 1
18:16:52 orders_arb INFO gRPC sending: market sell 10 GAZP@MISX acc=1225950 @ MKT
18:16:52 orders_arb ERROR gRPC order error (GAZP@RTSX sell 10@None): code=StatusCode.INTERNAL details=Trading is not available at the moment
18:16:52 orders_arb WARNING gRPC market failed, falling back to DP server
18:16:52 orders_arb ERROR Market order error (GAZP@RTSX sell 10): no response
18:16:52 orders_arb INFO gRPC sending: market buy 1 GZU6@RTSX acc=1225953 @ MKT
18:16:52 orders_arb ERROR gRPC order error (GZU6@RTSX buy 1@None): code=StatusCode.INTERNAL details=Jwt token check failed: UNAUTHENTICATED: Token is expired
18:16:52 orders_arb WARNING gRPC market failed, falling back to DP server
18:16:52 orders_arb INFO Market placed: arb_exit_1 buy 1 GZU6@RTSX id=1896048080582018615
18:16:52 robot_arb ERROR Market exit failed layer #1: A=FAIL B=OK
18:16:53 robot_arb INFO Cleanup: 1 open layers in mode=stopped, attempting close...
18:16:53 robot_arb INFO EXIT ALL 1 layers — reason=cleanup
18:16:53 robot_arb INFO EXIT layer #1 reason=cleanup | MARKET sell 10 + buy 1
18:16:53 orders_arb INFO gRPC sending: market sell 10 GAZP@MISX acc=1225950 @ MKT
18:16:53 orders_arb ERROR gRPC order error (GAZP@RTSX sell 10@None): code=StatusCode.INTERNAL details=Jwt token check failed: UNAUTHENTICATED: Token is expired
18:16:53 orders_arb WARNING gRPC market failed, falling back to DP server
18:16:53 orders_arb ERROR Market order error (GAZP@RTSX sell 10): no response
18:16:53 orders_arb INFO gRPC sending: market buy 1 GZU6@RTSX acc=1225953 @ MKT
18:16:53 orders_arb ERROR gRPC order error (GZU6@RTSX buy 1@None): code=StatusCode.INTERNAL details=Trading is not available at the moment
18:16:53 orders_arb WARNING gRPC market failed, falling back to DP server
18:16:53 orders_arb INFO Market placed: arb_exit_1 buy 1 GZU6@RTSX id=1896048080582018619
18:16:53 robot_arb ERROR Market exit failed layer #1: A=FAIL B=OK
18:16:54 robot_arb INFO Cleanup: 1 open layers in mode=stopped, attempting close...
18:16:54 robot_arb INFO EXIT ALL 1 layers — reason=cleanup
18:16:54 robot_arb INFO EXIT layer #1 reason=cleanup | MARKET sell 10 + buy 1
18:16:54 orders_arb INFO gRPC sending: market sell 10 GAZP@MISX acc=1225950 @ MKT
18:16:54 orders_arb ERROR gRPC order error (GAZP@RTSX sell 10@None): code=StatusCode.INTERNAL details=Trading is not available at the moment
18:16:54 orders_arb WARNING gRPC market failed, falling back to DP server
18:16:54 orders_arb ERROR Market order error (GAZP@RTSX sell 10): no response
18:16:54 orders_arb INFO gRPC sending: market buy 1 GZU6@RTSX acc=1225953 @ MKT
18:16:55 orders_arb ERROR gRPC order error (GZU6@RTSX buy 1@None): code=StatusCode.INTERNAL details=Jwt token check failed: UNAUTHENTICATED: Token is expired
18:16:55 orders_arb WARNING gRPC market failed, falling back to DP server
18:16:55 orders_arb INFO Market placed: arb_exit_1 buy 1 GZU6@RTSX id=1896048080582018621
18:16:55 robot_arb ERROR Market exit failed layer #1: A=FAIL B=OK
18:16:56 robot_arb INFO Cleanup: 1 open layers in mode=stopped, attempting close...
18:16:56 robot_arb INFO EXIT ALL 1 layers — reason=cleanup
18:16:56 robot_arb INFO EXIT layer #1 reason=cleanup | MARKET sell 10 + buy 1
18:16:56 orders_arb INFO gRPC sending: market sell 10 GAZP@MISX acc=1225950 @ MKT
18:16:56 orders_arb ERROR gRPC order error (GAZP@RTSX sell 10@None): code=StatusCode.INTERNAL details=Jwt token check failed: UNAUTHENTICATED: Token is expired
18:16:56 orders_arb WARNING gRPC market failed, falling back to DP server
18:16:56 orders_arb ERROR Market order error (GAZP@RTSX sell 10): no response
18:16:56 orders_arb INFO gRPC sending: market buy 1 GZU6@RTSX acc=1225953 @ MKT
18:16:56 orders_arb ERROR gRPC order error (GZU6@RTSX buy 1@None): code=StatusCode.INTERNAL details=Jwt token check failed: UNAUTHENTICATED: Token is expired
18:16:56 orders_arb WARNING gRPC market failed, falling back to DP server
18:16:56 orders_arb INFO Market placed: arb_exit_1 buy 1 GZU6@RTSX id=1896048080582018633
18:16:56 robot_arb ERROR Market exit failed layer #1: A=FAIL B=OK
18:16:57 robot_arb INFO Cleanup: 1 open layers in mode=stopped, attempting close...
18:16:57 robot_arb INFO EXIT ALL 1 layers — reason=cleanup
18:16:57 robot_arb INFO EXIT layer #1 reason=cleanup | MARKET sell 10 + buy 1
18:16:57 orders_arb INFO gRPC sending: market sell 10 GAZP@MISX acc=1225950 @ MKT
18:16:57 orders_arb ERROR gRPC order error (GAZP@RTSX sell 10@None): code=StatusCode.INTERNAL details=Jwt token check failed: UNAUTHENTICATED: Token is expired
18:16:57 orders_arb WARNING gRPC market failed, falling back to DP server
18:16:57 orders_arb ERROR Market order error (GAZP@RTSX sell 10): no response
18:16:57 orders_arb INFO gRPC sending: market buy 1 GZU6@RTSX acc=1225953 @ MKT
18:16:57 orders_arb ERROR gRPC order error (GZU6@RTSX buy 1@None): code=StatusCode.INTERNAL details=Jwt token check failed: UNAUTHENTICATED: Token is expired
18:16:57 orders_arb WARNING gRPC market failed, falling back to DP server
18:16:57 orders_arb INFO Market placed: arb_exit_1 buy 1 GZU6@RTSX id=1896048080582018655
18:16:57 robot_arb ERROR Market exit failed layer #1: A=FAIL B=OK
18:16:58 robot_arb INFO Cleanup: 1 open layers in mode=stopped, attempting close...
18:16:58 robot_arb INFO EXIT ALL 1 layers — reason=cleanup
18:16:58 robot_arb INFO EXIT layer #1 reason=cleanup | MARKET sell 10 + buy 1
18:16:58 orders_arb INFO gRPC sending: market sell 10 GAZP@MISX acc=1225950 @ MKT
18:16:58 orders_arb ERROR gRPC order error (GAZP@RTSX sell 10@None): code=StatusCode.INTERNAL details=Jwt token check failed: UNAUTHENTICATED: Token is expired
18:16:58 orders_arb WARNING gRPC market failed, falling back to DP server
18:16:58 orders_arb ERROR Market order error (GAZP@RTSX sell 10): no response
18:16:58 orders_arb INFO gRPC sending: market buy 1 GZU6@RTSX acc=1225953 @ MKT
18:16:58 orders_arb ERROR gRPC order error (GZU6@RTSX buy 1@None): code=StatusCode.INTERNAL details=Jwt token check failed: UNAUTHENTICATED: Token is expired
18:16:58 orders_arb WARNING gRPC market failed, falling back to DP server
18:16:59 orders_arb INFO Market placed: arb_exit_1 buy 1 GZU6@RTSX id=1896048080582018674
18:16:59 robot_arb ERROR Market exit failed layer #1: A=FAIL B=OK
18:17:00 robot_arb INFO Cleanup: 1 open layers in mode=stopped, attempting close...
18:17:00 robot_arb INFO EXIT ALL 1 layers — reason=cleanup
18:17:00 robot_arb INFO EXIT layer #1 reason=cleanup | MARKET sell 10 + buy 1
18:17:00 orders_arb INFO gRPC sending: market sell 10 GAZP@MISX acc=1225950 @ MKT
18:17:00 orders_arb ERROR gRPC order error (GAZP@RTSX sell 10@None): code=StatusCode.INTERNAL details=Trading is not available at the moment
18:17:00 orders_arb WARNING gRPC market failed, falling back to DP server
18:17:00 orders_arb ERROR Market order error (GAZP@RTSX sell 10): no response
18:17:00 orders_arb INFO gRPC sending: market buy 1 GZU6@RTSX acc=1225953 @ MKT
18:17:00 orders_arb ERROR gRPC order error (GZU6@RTSX buy 1@None): code=StatusCode.INTERNAL details=Jwt token check failed: UNAUTHENTICATED: Token is expired
18:17:00 orders_arb WARNING gRPC market failed, falling back to DP server
18:17:00 orders_arb INFO Market placed: arb_exit_1 buy 1 GZU6@RTSX id=1896048080582018689
18:17:00 robot_arb ERROR Market exit failed layer #1: A=FAIL B=OK
18:17:01 robot_arb INFO Cleanup: 1 open layers in mode=stopped, attempting close...
18:17:01 robot_arb INFO EXIT ALL 1 layers — reason=cleanup
18:17:01 robot_arb INFO EXIT layer #1 reason=cleanup | MARKET sell 10 + buy 1
18:17:01 orders_arb INFO gRPC sending: market sell 10 GAZP@MISX acc=1225950 @ MKT
18:17:01 orders_arb ERROR gRPC order error (GAZP@RTSX sell 10@None): code=StatusCode.INTERNAL details=Jwt token check failed: UNAUTHENTICATED: Token is expired
18:17:01 orders_arb WARNING gRPC market failed, falling back to DP server
18:17:01 orders_arb ERROR Market order error (GAZP@RTSX sell 10): no response
18:17:01 orders_arb INFO gRPC sending: market buy 1 GZU6@RTSX acc=1225953 @ MKT
18:17:01 orders_arb ERROR gRPC order error (GZU6@RTSX buy 1@None): code=StatusCode.INTERNAL details=Jwt token check failed: UNAUTHENTICATED: Token is expired
18:17:01 orders_arb WARNING gRPC market failed, falling back to DP server
18:17:01 orders_arb INFO Market placed: arb_exit_1 buy 1 GZU6@RTSX id=1896048080582018696
18:17:01 robot_arb ERROR Market exit failed layer #1: A=FAIL B=OK
18:17:02 robot_arb INFO Cleanup: 1 open layers in mode=stopped, attempting close...
18:17:02 robot_arb INFO EXIT ALL 1 layers — reason=cleanup
18:17:02 robot_arb INFO EXIT layer #1 reason=cleanup | MARKET sell 10 + buy 1
18:17:02 orders_arb INFO gRPC sending: market sell 10 GAZP@MISX acc=1225950 @ MKT
18:17:02 orders_arb ERROR gRPC order error (GAZP@RTSX sell 10@None): code=StatusCode.INTERNAL details=Jwt token check failed: UNAUTHENTICATED: Token is expired
18:17:02 orders_arb WARNING gRPC market failed, falling back to DP server
18:17:02 orders_arb ERROR Market order error (GAZP@RTSX sell 10): no response
18:17:02 orders_arb INFO gRPC sending: market buy 1 GZU6@RTSX acc=1225953 @ MKT
18:17:02 orders_arb ERROR gRPC order error (GZU6@RTSX buy 1@None): code=StatusCode.INTERNAL details=Trading is not available at the moment
18:17:02 orders_arb WARNING gRPC market failed, falling back to DP server
18:17:03 orders_arb INFO Market placed: arb_exit_1 buy 1 GZU6@RTSX id=1896048080582018704
18:17:03 robot_arb ERROR Market exit failed layer #1: A=FAIL B=OK
18:17:04 robot_arb INFO Cleanup: 1 open layers in mode=stopped, attempting close...
18:17:04 robot_arb INFO EXIT ALL 1 layers — reason=cleanup
18:17:04 robot_arb INFO EXIT layer #1 reason=cleanup | MARKET sell 10 + buy 1
18:17:04 orders_arb INFO gRPC sending: market sell 10 GAZP@MISX acc=1225950 @ MKT
18:17:04 orders_arb ERROR gRPC order error (GAZP@RTSX sell 10@None): code=StatusCode.INTERNAL details=Jwt token check failed: UNAUTHENTICATED: Token is expired
18:17:04 orders_arb WARNING gRPC market failed, falling back to DP server
18:17:04 orders_arb ERROR Market order error (GAZP@RTSX sell 10): no response
18:17:04 orders_arb INFO gRPC sending: market buy 1 GZU6@RTSX acc=1225953 @ MKT
18:17:04 orders_arb ERROR gRPC order error (GZU6@RTSX buy 1@None): code=StatusCode.INTERNAL details=Jwt token check failed: UNAUTHENTICATED: Token is expired
18:17:04 orders_arb WARNING gRPC market failed, falling back to DP server
18:17:04 orders_arb INFO Market placed: arb_exit_1 buy 1 GZU6@RTSX id=1896048080582018744
18:17:04 robot_arb ERROR Market exit failed layer #1: A=FAIL B=OK
18:17:05 robot_arb INFO Cleanup: 1 open layers in mode=stopped, attempting close...
18:17:05 robot_arb INFO EXIT ALL 1 layers — reason=cleanup
18:17:05 robot_arb INFO EXIT layer #1 reason=cleanup | MARKET sell 10 + buy 1
18:17:05 orders_arb INFO gRPC sending: market sell 10 GAZP@MISX acc=1225950 @ MKT
18:17:05 orders_arb ERROR gRPC order error (GAZP@RTSX sell 10@None): code=StatusCode.INTERNAL details=Jwt token check failed: UNAUTHENTICATED: Token is expired
18:17:05 orders_arb WARNING gRPC market failed, falling back to DP server
18:17:05 orders_arb ERROR Market order error (GAZP@RTSX sell 10): no response
18:17:05 orders_arb INFO gRPC sending: market buy 1 GZU6@RTSX acc=1225953 @ MKT
18:17:05 orders_arb ERROR gRPC order error (GZU6@RTSX buy 1@None): code=StatusCode.INTERNAL details=Trading is not available at the moment
18:17:05 orders_arb WARNING gRPC market failed, falling back to DP server
18:17:06 orders_arb INFO Market placed: arb_exit_1 buy 1 GZU6@RTSX id=1896048080582018759
18:17:06 robot_arb ERROR Market exit failed layer #1: A=FAIL B=OK
18:17:07 robot_arb INFO Cleanup: 1 open layers in mode=stopped, attempting close...
18:17:07 robot_arb INFO EXIT ALL 1 layers — reason=cleanup
18:17:07 robot_arb INFO EXIT layer #1 reason=cleanup | MARKET sell 10 + buy 1
18:17:07 orders_arb INFO gRPC sending: market sell 10 GAZP@MISX acc=1225950 @ MKT
18:17:07 orders_arb ERROR gRPC order error (GAZP@RTSX sell 10@None): code=StatusCode.INTERNAL details=Jwt token check failed: UNAUTHENTICATED: Token is expired
18:17:07 orders_arb WARNING gRPC market failed, falling back to DP server
18:17:07 orders_arb ERROR Market order error (GAZP@RTSX sell 10): no response
18:17:07 orders_arb INFO gRPC sending: market buy 1 GZU6@RTSX acc=1225953 @ MKT
18:17:07 orders_arb ERROR gRPC order error (GZU6@RTSX buy 1@None): code=StatusCode.INTERNAL details=Trading is not available at the moment
18:17:07 orders_arb WARNING gRPC market failed, falling back to DP server
18:17:07 orders_arb INFO Market placed: arb_exit_1 buy 1 GZU6@RTSX id=1896048080582018763
18:17:07 robot_arb ERROR Market exit failed layer #1: A=FAIL B=OK
18:17:08 robot_arb INFO Cleanup: 1 open layers in mode=stopped, attempting close...
18:17:08 robot_arb INFO EXIT ALL 1 layers — reason=cleanup
18:17:08 robot_arb INFO EXIT layer #1 reason=cleanup | MARKET sell 10 + buy 1
18:17:08 orders_arb INFO gRPC sending: market sell 10 GAZP@MISX acc=1225950 @ MKT
18:17:08 orders_arb ERROR gRPC order error (GAZP@RTSX sell 10@None): code=StatusCode.INTERNAL details=Jwt token check failed: UNAUTHENTICATED: Token is expired
18:17:08 orders_arb WARNING gRPC market failed, falling back to DP server
18:17:08 orders_arb ERROR Market order error (GAZP@RTSX sell 10): no response
18:17:08 orders_arb INFO gRPC sending: market buy 1 GZU6@RTSX acc=1225953 @ MKT
18:17:08 orders_arb ERROR gRPC order error (GZU6@RTSX buy 1@None): code=StatusCode.INTERNAL details=Trading is not available at the moment
18:17:08 orders_arb WARNING gRPC market failed, falling back to DP server
18:17:08 orders_arb INFO Market placed: arb_exit_1 buy 1 GZU6@RTSX id=1896048080582018812
18:17:08 robot_arb ERROR Market exit failed layer #1: A=FAIL B=OK
18:17:09 robot_arb INFO Cleanup: 1 open layers in mode=stopped, attempting close...
18:17:09 robot_arb INFO EXIT ALL 1 layers — reason=cleanup
18:17:09 robot_arb INFO EXIT layer #1 reason=cleanup | MARKET sell 10 + buy 1
18:17:09 orders_arb INFO gRPC sending: market sell 10 GAZP@MISX acc=1225950 @ MKT
18:17:09 orders_arb ERROR gRPC order error (GAZP@RTSX sell 10@None): code=StatusCode.INTERNAL details=Jwt token check failed: UNAUTHENTICATED: Token is expired
18:17:09 orders_arb WARNING gRPC market failed, falling back to DP server
18:17:09 orders_arb ERROR Market order error (GAZP@RTSX sell 10): no response
18:17:09 orders_arb INFO gRPC sending: market buy 1 GZU6@RTSX acc=1225953 @ MKT
18:17:09 orders_arb ERROR gRPC order error (GZU6@RTSX buy 1@None): code=StatusCode.INTERNAL details=Jwt token check failed: UNAUTHENTICATED: Token is expired
18:17:09 orders_arb WARNING gRPC market failed, falling back to DP server
18:17:09 orders_arb INFO Market placed: arb_exit_1 buy 1 GZU6@RTSX id=1896048080582018823
18:17:09 robot_arb ERROR Market exit failed layer #1: A=FAIL B=OK
18:17:10 robot_arb INFO Cleanup: 1 open layers in mode=stopped, attempting close...
18:17:10 robot_arb INFO EXIT ALL 1 layers — reason=cleanup
18:17:10 robot_arb INFO EXIT layer #1 reason=cleanup | MARKET sell 10 + buy 1
18:17:10 orders_arb INFO gRPC sending: market sell 10 GAZP@MISX acc=1225950 @ MKT
18:17:10 orders_arb ERROR gRPC order error (GAZP@RTSX sell 10@None): code=StatusCode.INTERNAL details=Jwt token check failed: UNAUTHENTICATED: Token is expired
18:17:10 orders_arb WARNING gRPC market failed, falling back to DP server
18:17:11 orders_arb ERROR Market order error (GAZP@RTSX sell 10): no response
18:17:11 orders_arb INFO gRPC sending: market buy 1 GZU6@RTSX acc=1225953 @ MKT
18:17:11 orders_arb ERROR gRPC order error (GZU6@RTSX buy 1@None): code=StatusCode.INTERNAL details=Trading is not available at the moment
18:17:11 orders_arb WARNING gRPC market failed, falling back to DP server
18:17:11 orders_arb INFO Market placed: arb_exit_1 buy 1 GZU6@RTSX id=1896048080582018846
18:17:11 robot_arb ERROR Market exit failed layer #1: A=FAIL B=OK
18:17:12 robot_arb INFO Cleanup: 1 open layers in mode=stopped, attempting close...
18:17:12 robot_arb INFO EXIT ALL 1 layers — reason=cleanup
18:17:12 robot_arb INFO EXIT layer #1 reason=cleanup | MARKET sell 10 + buy 1
18:17:12 orders_arb INFO gRPC sending: market sell 10 GAZP@MISX acc=1225950 @ MKT
18:17:12 orders_arb ERROR gRPC order error (GAZP@RTSX sell 10@None): code=StatusCode.INTERNAL details=Jwt token check failed: UNAUTHENTICATED: Token is expired
18:17:12 orders_arb WARNING gRPC market failed, falling back to DP server
18:17:12 orders_arb ERROR Market order error (GAZP@RTSX sell 10): no response
18:17:12 orders_arb INFO gRPC sending: market buy 1 GZU6@RTSX acc=1225953 @ MKT
18:17:12 orders_arb ERROR gRPC order error (GZU6@RTSX buy 1@None): code=StatusCode.INTERNAL details=Jwt token check failed: UNAUTHENTICATED: Token is expired
18:17:12 orders_arb WARNING gRPC market failed, falling back to DP server
18:17:12 orders_arb INFO Market placed: arb_exit_1 buy 1 GZU6@RTSX id=1896048080582018851
18:17:12 robot_arb ERROR Market exit failed layer #1: A=FAIL B=OK
18:17:13 robot_arb INFO Cleanup: 1 open layers in mode=stopped, attempting close...
18:17:13 robot_arb INFO EXIT ALL 1 layers — reason=cleanup
18:17:13 robot_arb INFO EXIT layer #1 reason=cleanup | MARKET sell 10 + buy 1
18:17:13 orders_arb INFO gRPC sending: market sell 10 GAZP@MISX acc=1225950 @ MKT
18:17:13 orders_arb ERROR gRPC order error (GAZP@RTSX sell 10@None): code=StatusCode.INTERNAL details=Trading is not available at the moment
18:17:13 orders_arb WARNING gRPC market failed, falling back to DP server
18:17:13 orders_arb ERROR Market order error (GAZP@RTSX sell 10): no response
18:17:13 orders_arb INFO gRPC sending: market buy 1 GZU6@RTSX acc=1225953 @ MKT
18:17:13 orders_arb ERROR gRPC order error (GZU6@RTSX buy 1@None): code=StatusCode.INTERNAL details=Jwt token check failed: UNAUTHENTICATED: Token is expired
18:17:13 orders_arb WARNING gRPC market failed, falling back to DP server
18:17:14 orders_arb INFO Market placed: arb_exit_1 buy 1 GZU6@RTSX id=1896048080582018852
18:17:14 robot_arb ERROR Market exit failed layer #1: A=FAIL B=OK
18:17:15 robot_arb INFO Cleanup: 1 open layers in mode=stopped, attempting close...
18:17:15 robot_arb INFO EXIT ALL 1 layers — reason=cleanup
18:17:15 robot_arb INFO EXIT layer #1 reason=cleanup | MARKET sell 10 + buy 1
18:17:15 orders_arb INFO gRPC sending: market sell 10 GAZP@MISX acc=1225950 @ MKT
18:17:15 orders_arb ERROR gRPC order error (GAZP@RTSX sell 10@None): code=StatusCode.INTERNAL details=Jwt token check failed: UNAUTHENTICATED: Token is expired
18:17:15 orders_arb WARNING gRPC market failed, falling back to DP server
18:17:15 orders_arb ERROR Market order error (GAZP@RTSX sell 10): no response
18:17:15 orders_arb INFO gRPC sending: market buy 1 GZU6@RTSX acc=1225953 @ MKT
18:17:15 orders_arb ERROR gRPC order error (GZU6@RTSX buy 1@None): code=StatusCode.INTERNAL details=Jwt token check failed: UNAUTHENTICATED: Token is expired
18:17:15 orders_arb WARNING gRPC market failed, falling back to DP server
18:17:15 orders_arb INFO Market placed: arb_exit_1 buy 1 GZU6@RTSX id=1896048080582018853
18:17:15 robot_arb ERROR Market exit failed layer #1: A=FAIL B=OK
18:17:16 robot_arb INFO Cleanup: 1 open layers in mode=stopped, attempting close...
18:17:16 robot_arb INFO EXIT ALL 1 layers — reason=cleanup
18:17:16 robot_arb INFO EXIT layer #1 reason=cleanup | MARKET sell 10 + buy 1
18:17:16 orders_arb INFO gRPC sending: market sell 10 GAZP@MISX acc=1225950 @ MKT
18:17:16 orders_arb ERROR gRPC order error (GAZP@RTSX sell 10@None): code=StatusCode.INTERNAL details=Jwt token check failed: UNAUTHENTICATED: Token is expired
18:17:16 orders_arb WARNING gRPC market failed, falling back to DP server
18:17:16 orders_arb ERROR Market order error (GAZP@RTSX sell 10): no response
18:17:16 orders_arb INFO gRPC sending: market buy 1 GZU6@RTSX acc=1225953 @ MKT
18:17:16 orders_arb ERROR gRPC order error (GZU6@RTSX buy 1@None): code=StatusCode.INTERNAL details=Jwt token check failed: UNAUTHENTICATED: Token is expired
18:17:16 orders_arb WARNING gRPC market failed, falling back to DP server
18:17:16 orders_arb INFO Market placed: arb_exit_1 buy 1 GZU6@RTSX id=1896048080582018872
18:17:16 robot_arb ERROR Market exit failed layer #1: A=FAIL B=OK
18:17:17 robot_arb INFO Cleanup: 1 open layers in mode=stopped, attempting close...
18:17:17 robot_arb INFO EXIT ALL 1 layers — reason=cleanup
18:17:17 robot_arb INFO EXIT layer #1 reason=cleanup | MARKET sell 10 + buy 1
18:17:17 orders_arb INFO gRPC sending: market sell 10 GAZP@MISX acc=1225950 @ MKT
18:17:17 orders_arb ERROR gRPC order error (GAZP@RTSX sell 10@None): code=StatusCode.INTERNAL details=Trading is not available at the moment
18:17:17 orders_arb WARNING gRPC market failed, falling back to DP server
18:17:17 orders_arb ERROR Market order error (GAZP@RTSX sell 10): no response
18:17:17 orders_arb INFO gRPC sending: market buy 1 GZU6@RTSX acc=1225953 @ MKT
18:17:17 orders_arb ERROR gRPC order error (GZU6@RTSX buy 1@None): code=StatusCode.INTERNAL details=Jwt token check failed: UNAUTHENTICATED: Token is expired
18:17:17 orders_arb WARNING gRPC market failed, falling back to DP server
18:17:17 orders_arb INFO Market placed: arb_exit_1 buy 1 GZU6@RTSX id=1896048080582018907
18:17:17 robot_arb ERROR Market exit failed layer #1: A=FAIL B=OK
18:17:18 robot_arb INFO Cleanup: 1 open layers in mode=stopped, attempting close...
18:17:18 robot_arb INFO EXIT ALL 1 layers — reason=cleanup
18:17:18 robot_arb INFO EXIT layer #1 reason=cleanup | MARKET sell 10 + buy 1
18:17:18 orders_arb INFO gRPC sending: market sell 10 GAZP@MISX acc=1225950 @ MKT
18:17:18 orders_arb ERROR gRPC order error (GAZP@RTSX sell 10@None): code=StatusCode.INTERNAL details=Jwt token check failed: UNAUTHENTICATED: Token is expired
18:17:18 orders_arb WARNING gRPC market failed, falling back to DP server
18:17:18 orders_arb ERROR Market order error (GAZP@RTSX sell 10): no response
18:17:18 orders_arb INFO gRPC sending: market buy 1 GZU6@RTSX acc=1225953 @ MKT
18:17:19 orders_arb ERROR gRPC order error (GZU6@RTSX buy 1@None): code=StatusCode.INTERNAL details=Jwt token check failed: UNAUTHENTICATED: Token is expired
18:17:19 orders_arb WARNING gRPC market failed, falling back to DP server
18:17:19 orders_arb INFO Market placed: arb_exit_1 buy 1 GZU6@RTSX id=1896048080582018946
18:17:19 robot_arb ERROR Market exit failed layer #1: A=FAIL B=OK
18:17:20 robot_arb INFO Cleanup: 1 open layers in mode=stopped, attempting close...
18:17:20 robot_arb INFO EXIT ALL 1 layers — reason=cleanup
18:17:20 robot_arb INFO EXIT layer #1 reason=cleanup | MARKET sell 10 + buy 1
18:17:20 orders_arb INFO gRPC sending: market sell 10 GAZP@MISX acc=1225950 @ MKT
18:17:20 orders_arb ERROR gRPC order error (GAZP@RTSX sell 10@None): code=StatusCode.INTERNAL details=Trading is not available at the moment
18:17:20 orders_arb WARNING gRPC market failed, falling back to DP server
18:17:20 orders_arb ERROR Market order error (GAZP@RTSX sell 10): no response
18:17:20 orders_arb INFO gRPC sending: market buy 1 GZU6@RTSX acc=1225953 @ MKT
18:17:20 orders_arb ERROR gRPC order error (GZU6@RTSX buy 1@None): code=StatusCode.INTERNAL details=Jwt token check failed: UNAUTHENTICATED: Token is expired
18:17:20 orders_arb WARNING gRPC market failed, falling back to DP server
18:17:20 orders_arb INFO Market placed: arb_exit_1 buy 1 GZU6@RTSX id=1896048080582018957
18:17:20 robot_arb ERROR Market exit failed layer #1: A=FAIL B=OK
18:17:21 robot_arb INFO Cleanup: 1 open layers in mode=stopped, attempting close...
18:17:21 robot_arb INFO EXIT ALL 1 layers — reason=cleanup
18:17:21 robot_arb INFO EXIT layer #1 reason=cleanup | MARKET sell 10 + buy 1
18:17:21 orders_arb INFO gRPC sending: market sell 10 GAZP@MISX acc=1225950 @ MKT
18:17:21 orders_arb ERROR gRPC order error (GAZP@RTSX sell 10@None): code=StatusCode.INTERNAL details=Jwt token check failed: UNAUTHENTICATED: Token is expired
18:17:21 orders_arb WARNING gRPC market failed, falling back to DP server
18:17:21 orders_arb ERROR Market order error (GAZP@RTSX sell 10): no response
18:17:21 orders_arb INFO gRPC sending: market buy 1 GZU6@RTSX acc=1225953 @ MKT
18:17:21 orders_arb ERROR gRPC order error (GZU6@RTSX buy 1@None): code=StatusCode.INTERNAL details=Jwt token check failed: UNAUTHENTICATED: Token is expired
18:17:21 orders_arb WARNING gRPC market failed, falling back to DP server
18:17:21 orders_arb INFO Market placed: arb_exit_1 buy 1 GZU6@RTSX id=1896048080582018968
18:17:21 robot_arb ERROR Market exit failed layer #1: A=FAIL B=OK
18:17:22 robot_arb INFO Cleanup: 1 open layers in mode=stopped, attempting close...
18:17:22 robot_arb INFO EXIT ALL 1 layers — reason=cleanup
18:17:22 robot_arb INFO EXIT layer #1 reason=cleanup | MARKET sell 10 + buy 1
18:17:22 orders_arb INFO gRPC sending: market sell 10 GAZP@MISX acc=1225950 @ MKT
18:17:22 orders_arb ERROR gRPC order error (GAZP@RTSX sell 10@None): code=StatusCode.INTERNAL details=Trading is not available at the moment
18:17:22 orders_arb WARNING gRPC market failed, falling back to DP server
18:17:22 orders_arb ERROR Market order error (GAZP@RTSX sell 10): no response
18:17:22 orders_arb INFO gRPC sending: market buy 1 GZU6@RTSX acc=1225953 @ MKT
18:17:23 orders_arb ERROR gRPC order error (GZU6@RTSX buy 1@None): code=StatusCode.INTERNAL details=Jwt token check failed: UNAUTHENTICATED: Token is expired
18:17:23 orders_arb WARNING gRPC market failed, falling back to DP server
18:17:23 orders_arb INFO Market placed: arb_exit_1 buy 1 GZU6@RTSX id=1896048080582019010
18:17:23 robot_arb ERROR Market exit failed layer #1: A=FAIL B=OK
18:17:24 robot_arb INFO Cleanup: 1 open layers in mode=stopped, attempting close...
18:17:24 robot_arb INFO EXIT ALL 1 layers — reason=cleanup
18:17:24 robot_arb INFO EXIT layer #1 reason=cleanup | MARKET sell 10 + buy 1
18:17:24 orders_arb INFO gRPC sending: market sell 10 GAZP@MISX acc=1225950 @ MKT
18:17:24 orders_arb ERROR gRPC order error (GAZP@RTSX sell 10@None): code=StatusCode.INTERNAL details=Jwt token check failed: UNAUTHENTICATED: Token is expired
18:17:24 orders_arb WARNING gRPC market failed, falling back to DP server
18:17:24 orders_arb ERROR Market order error (GAZP@RTSX sell 10): no response
18:17:24 orders_arb INFO gRPC sending: market buy 1 GZU6@RTSX acc=1225953 @ MKT
18:17:24 orders_arb ERROR gRPC order error (GZU6@RTSX buy 1@None): code=StatusCode.INTERNAL details=Jwt token check failed: UNAUTHENTICATED: Token is expired
18:17:24 orders_arb WARNING gRPC market failed, falling back to DP server
18:17:24 orders_arb INFO Market placed: arb_exit_1 buy 1 GZU6@RTSX id=1896048080582019030
18:17:24 robot_arb ERROR Market exit failed layer #1: A=FAIL B=OK
18:17:25 robot_arb INFO Cleanup: 1 open layers in mode=stopped, attempting close...
18:17:25 robot_arb INFO EXIT ALL 1 layers — reason=cleanup
18:17:25 robot_arb INFO EXIT layer #1 reason=cleanup | MARKET sell 10 + buy 1
18:17:25 orders_arb INFO gRPC sending: market sell 10 GAZP@MISX acc=1225950 @ MKT
18:17:25 orders_arb ERROR gRPC order error (GAZP@RTSX sell 10@None): code=StatusCode.INTERNAL details=Jwt token check failed: UNAUTHENTICATED: Token is expired
18:17:25 orders_arb WARNING gRPC market failed, falling back to DP server
18:17:25 orders_arb ERROR Market order error (GAZP@RTSX sell 10): no response
18:17:25 orders_arb INFO gRPC sending: market buy 1 GZU6@RTSX acc=1225953 @ MKT
18:17:25 orders_arb ERROR gRPC order error (GZU6@RTSX buy 1@None): code=StatusCode.INTERNAL details=Jwt token check failed: UNAUTHENTICATED: Token is expired
18:17:25 orders_arb WARNING gRPC market failed, falling back to DP server
18:17:25 orders_arb INFO Market placed: arb_exit_1 buy 1 GZU6@RTSX id=1896048080582019042
18:17:25 robot_arb ERROR Market exit failed layer #1: A=FAIL B=OK
18:17:26 robot_arb INFO Cleanup: 1 open layers in mode=stopped, attempting close...
18:17:26 robot_arb INFO EXIT ALL 1 layers — reason=cleanup
18:17:26 robot_arb INFO EXIT layer #1 reason=cleanup | MARKET sell 10 + buy 1
18:17:26 orders_arb INFO gRPC sending: market sell 10 GAZP@MISX acc=1225950 @ MKT
18:17:26 orders_arb ERROR gRPC order error (GAZP@RTSX sell 10@None): code=StatusCode.INTERNAL details=Trading is not available at the moment
18:17:26 orders_arb WARNING gRPC market failed, falling back to DP server
18:17:27 orders_arb ERROR Market order error (GAZP@RTSX sell 10): no response
18:17:27 orders_arb INFO gRPC sending: market buy 1 GZU6@RTSX acc=1225953 @ MKT
18:17:27 orders_arb ERROR gRPC order error (GZU6@RTSX buy 1@None): code=StatusCode.INTERNAL details=Jwt token check failed: UNAUTHENTICATED: Token is expired
18:17:27 orders_arb WARNING gRPC market failed, falling back to DP server
18:17:27 orders_arb INFO Market placed: arb_exit_1 buy 1 GZU6@RTSX id=1896048080582019068
18:17:27 robot_arb ERROR Market exit failed layer #1: A=FAIL B=OK
18:17:28 robot_arb INFO Cleanup: 1 open layers in mode=stopped, attempting close...
18:17:28 robot_arb INFO EXIT ALL 1 layers — reason=cleanup
18:17:28 robot_arb INFO EXIT layer #1 reason=cleanup | MARKET sell 10 + buy 1
18:17:28 orders_arb INFO gRPC sending: market sell 10 GAZP@MISX acc=1225950 @ MKT
18:17:28 orders_arb ERROR gRPC order error (GAZP@RTSX sell 10@None): code=StatusCode.INTERNAL details=Jwt token check failed: UNAUTHENTICATED: Token is expired
18:17:28 orders_arb WARNING gRPC market failed, falling back to DP server
18:17:28 orders_arb ERROR Market order error (GAZP@RTSX sell 10): no response
18:17:28 orders_arb INFO gRPC sending: market buy 1 GZU6@RTSX acc=1225953 @ MKT
18:17:28 orders_arb ERROR gRPC order error (GZU6@RTSX buy 1@None): code=StatusCode.INTERNAL details=Trading is not available at the moment
18:17:28 orders_arb WARNING gRPC market failed, falling back to DP server
18:17:28 orders_arb INFO Market placed: arb_exit_1 buy 1 GZU6@RTSX id=1896048080582019083
18:17:28 robot_arb ERROR Market exit failed layer #1: A=FAIL B=OK
18:17:29 robot_arb INFO Cleanup: 1 open layers in mode=stopped, attempting close...
18:17:29 robot_arb INFO EXIT ALL 1 layers — reason=cleanup
18:17:29 robot_arb INFO EXIT layer #1 reason=cleanup | MARKET sell 10 + buy 1
18:17:29 orders_arb INFO gRPC sending: market sell 10 GAZP@MISX acc=1225950 @ MKT
18:17:29 orders_arb ERROR gRPC order error (GAZP@RTSX sell 10@None): code=StatusCode.INTERNAL details=Jwt token check failed: UNAUTHENTICATED: Token is expired
18:17:29 orders_arb WARNING gRPC market failed, falling back to DP server
18:17:29 orders_arb ERROR Market order error (GAZP@RTSX sell 10): no response
18:17:29 orders_arb INFO gRPC sending: market buy 1 GZU6@RTSX acc=1225953 @ MKT
18:17:29 orders_arb ERROR gRPC order error (GZU6@RTSX buy 1@None): code=StatusCode.INTERNAL details=Trading is not available at the moment
18:17:29 orders_arb WARNING gRPC market failed, falling back to DP server
18:17:29 orders_arb INFO Market placed: arb_exit_1 buy 1 GZU6@RTSX id=1896048080582019203
18:17:29 robot_arb ERROR Market exit failed layer #1: A=FAIL B=OK
18:17:30 robot_arb INFO Cleanup: 1 open layers in mode=stopped, attempting close...
18:17:30 robot_arb INFO EXIT ALL 1 layers — reason=cleanup
18:17:30 robot_arb INFO EXIT layer #1 reason=cleanup | MARKET sell 10 + buy 1
18:17:30 orders_arb INFO gRPC sending: market sell 10 GAZP@MISX acc=1225950 @ MKT
18:17:31 orders_arb ERROR gRPC order error (GAZP@RTSX sell 10@None): code=StatusCode.INTERNAL details=Jwt token check failed: UNAUTHENTICATED: Token is expired
18:17:31 orders_arb WARNING gRPC market failed, falling back to DP server
18:17:31 orders_arb ERROR Market order error (GAZP@RTSX sell 10): no response
18:17:31 orders_arb INFO gRPC sending: market buy 1 GZU6@RTSX acc=1225953 @ MKT
18:17:31 orders_arb ERROR gRPC order error (GZU6@RTSX buy 1@None): code=StatusCode.INTERNAL details=Jwt token check failed: UNAUTHENTICATED: Token is expired
18:17:31 orders_arb WARNING gRPC market failed, falling back to DP server
18:17:31 orders_arb INFO Market placed: arb_exit_1 buy 1 GZU6@RTSX id=1896048080582019215
18:17:31 robot_arb ERROR Market exit failed layer #1: A=FAIL B=OK
18:17:32 robot_arb INFO Cleanup: 1 open layers in mode=stopped, attempting close...
18:17:32 robot_arb INFO EXIT ALL 1 layers — reason=cleanup
18:17:32 robot_arb INFO EXIT layer #1 reason=cleanup | MARKET sell 10 + buy 1
18:17:32 orders_arb INFO gRPC sending: market sell 10 GAZP@MISX acc=1225950 @ MKT
18:17:32 orders_arb ERROR gRPC order error (GAZP@RTSX sell 10@None): code=StatusCode.INTERNAL details=Jwt token check failed: UNAUTHENTICATED: Token is expired
18:17:32 orders_arb WARNING gRPC market failed, falling back to DP server
18:17:32 orders_arb ERROR Market order error (GAZP@RTSX sell 10): no response
18:17:32 orders_arb INFO gRPC sending: market buy 1 GZU6@RTSX acc=1225953 @ MKT
18:17:32 orders_arb ERROR gRPC order error (GZU6@RTSX buy 1@None): code=StatusCode.INTERNAL details=Jwt token check failed: UNAUTHENTICATED: Token is expired
18:17:32 orders_arb WARNING gRPC market failed, falling back to DP server
18:17:32 orders_arb INFO Market placed: arb_exit_1 buy 1 GZU6@RTSX id=1896048080582019236
18:17:32 robot_arb ERROR Market exit failed layer #1: A=FAIL B=OK
18:17:33 robot_arb INFO Cleanup: 1 open layers in mode=stopped, attempting close...
18:17:33 robot_arb INFO EXIT ALL 1 layers — reason=cleanup
18:17:33 robot_arb INFO EXIT layer #1 reason=cleanup | MARKET sell 10 + buy 1
18:17:33 orders_arb INFO gRPC sending: market sell 10 GAZP@MISX acc=1225950 @ MKT
18:17:33 orders_arb ERROR gRPC order error (GAZP@RTSX sell 10@None): code=StatusCode.INTERNAL details=Jwt token check failed: UNAUTHENTICATED: Token is expired
18:17:33 orders_arb WARNING gRPC market failed, falling back to DP server
18:17:33 orders_arb ERROR Market order error (GAZP@RTSX sell 10): no response
18:17:33 orders_arb INFO gRPC sending: market buy 1 GZU6@RTSX acc=1225953 @ MKT
18:17:33 orders_arb ERROR gRPC order error (GZU6@RTSX buy 1@None): code=StatusCode.INTERNAL details=Jwt token check failed: UNAUTHENTICATED: Token is expired
18:17:33 orders_arb WARNING gRPC market failed, falling back to DP server
18:17:33 orders_arb INFO Market placed: arb_exit_1 buy 1 GZU6@RTSX id=1896048080582019243
18:17:33 robot_arb ERROR Market exit failed layer #1: A=FAIL B=OK
18:17:34 robot_arb INFO Cleanup: 1 open layers in mode=stopped, attempting close...
18:17:34 robot_arb INFO EXIT ALL 1 layers — reason=cleanup
18:17:34 robot_arb INFO EXIT layer #1 reason=cleanup | MARKET sell 10 + buy 1
18:17:34 orders_arb INFO gRPC sending: market sell 10 GAZP@MISX acc=1225950 @ MKT
18:17:34 orders_arb ERROR gRPC order error (GAZP@RTSX sell 10@None): code=StatusCode.INTERNAL details=Jwt token check failed: UNAUTHENTICATED: Token is expired
18:17:34 orders_arb WARNING gRPC market failed, falling back to DP server
18:17:35 orders_arb ERROR Market order error (GAZP@RTSX sell 10): no response
18:17:35 orders_arb INFO gRPC sending: market buy 1 GZU6@RTSX acc=1225953 @ MKT
18:17:35 orders_arb ERROR gRPC order error (GZU6@RTSX buy 1@None): code=StatusCode.INTERNAL details=Jwt token check failed: UNAUTHENTICATED: Token is expired
18:17:35 orders_arb WARNING gRPC market failed, falling back to DP server
18:17:35 orders_arb INFO Market placed: arb_exit_1 buy 1 GZU6@RTSX id=1896048080582019249
18:17:35 robot_arb ERROR Market exit failed layer #1: A=FAIL B=OK
18:17:36 robot_arb INFO Cleanup: 1 open layers in mode=stopped, attempting close...
18:17:36 robot_arb INFO EXIT ALL 1 layers — reason=cleanup
18:17:36 robot_arb INFO EXIT layer #1 reason=cleanup | MARKET sell 10 + buy 1
18:17:36 orders_arb INFO gRPC sending: market sell 10 GAZP@MISX acc=1225950 @ MKT
18:17:36 orders_arb ERROR gRPC order error (GAZP@RTSX sell 10@None): code=StatusCode.INTERNAL details=Jwt token check failed: UNAUTHENTICATED: Token is expired
18:17:36 orders_arb WARNING gRPC market failed, falling back to DP server
18:17:36 orders_arb ERROR Market order error (GAZP@RTSX sell 10): no response
18:17:36 orders_arb INFO gRPC sending: market buy 1 GZU6@RTSX acc=1225953 @ MKT
18:17:36 orders_arb ERROR gRPC order error (GZU6@RTSX buy 1@None): code=StatusCode.INTERNAL details=Jwt token check failed: UNAUTHENTICATED: Token is expired
18:17:36 orders_arb WARNING gRPC market failed, falling back to DP server
18:17:36 orders_arb INFO Market placed: arb_exit_1 buy 1 GZU6@RTSX id=1896048080582019254
18:17:36 robot_arb ERROR Market exit failed layer #1: A=FAIL B=OK
18:17:37 robot_arb INFO Cleanup: 1 open layers in mode=stopped, attempting close...
18:17:37 robot_arb INFO EXIT ALL 1 layers — reason=cleanup
18:17:37 robot_arb INFO EXIT layer #1 reason=cleanup | MARKET sell 10 + buy 1
18:17:37 orders_arb INFO gRPC sending: market sell 10 GAZP@MISX acc=1225950 @ MKT
18:17:37 orders_arb ERROR gRPC order error (GAZP@RTSX sell 10@None): code=StatusCode.INTERNAL details=Jwt token check failed: UNAUTHENTICATED: Token is expired
18:17:37 orders_arb WARNING gRPC market failed, falling back to DP server
18:17:37 orders_arb ERROR Market order error (GAZP@RTSX sell 10): no response
18:17:37 orders_arb INFO gRPC sending: market buy 1 GZU6@RTSX acc=1225953 @ MKT
18:17:37 orders_arb ERROR gRPC order error (GZU6@RTSX buy 1@None): code=StatusCode.INTERNAL details=Jwt token check failed: UNAUTHENTICATED: Token is expired
18:17:37 orders_arb WARNING gRPC market failed, falling back to DP server
18:17:37 orders_arb INFO Market placed: arb_exit_1 buy 1 GZU6@RTSX id=1896048080582019262
18:17:37 robot_arb ERROR Market exit failed layer #1: A=FAIL B=OK
18:17:38 robot_arb INFO Cleanup: 1 open layers in mode=stopped, attempting close...
18:17:38 robot_arb INFO EXIT ALL 1 layers — reason=cleanup
18:17:38 robot_arb INFO EXIT layer #1 reason=cleanup | MARKET sell 10 + buy 1
18:17:38 orders_arb INFO gRPC sending: market sell 10 GAZP@MISX acc=1225950 @ MKT
18:17:38 orders_arb ERROR gRPC order error (GAZP@RTSX sell 10@None): code=StatusCode.INTERNAL details=Jwt token check failed: UNAUTHENTICATED: Token is expired
18:17:38 orders_arb WARNING gRPC market failed, falling back to DP server
18:17:38 orders_arb ERROR Market order error (GAZP@RTSX sell 10): no response
18:17:38 orders_arb INFO gRPC sending: market buy 1 GZU6@RTSX acc=1225953 @ MKT
18:17:38 orders_arb ERROR gRPC order error (GZU6@RTSX buy 1@None): code=StatusCode.INTERNAL details=Jwt token check failed: UNAUTHENTICATED: Token is expired
18:17:38 orders_arb WARNING gRPC market failed, falling back to DP server
18:17:39 orders_arb INFO Market placed: arb_exit_1 buy 1 GZU6@RTSX id=1896048080582019269
18:17:39 robot_arb ERROR Market exit failed layer #1: A=FAIL B=OK
18:17:40 robot_arb INFO Cleanup: 1 open layers in mode=stopped, attempting close...
18:17:40 robot_arb INFO EXIT ALL 1 layers — reason=cleanup
18:17:40 robot_arb INFO EXIT layer #1 reason=cleanup | MARKET sell 10 + buy 1
18:17:40 orders_arb INFO gRPC sending: market sell 10 GAZP@MISX acc=1225950 @ MKT
18:17:40 orders_arb ERROR gRPC order error (GAZP@RTSX sell 10@None): code=StatusCode.INTERNAL details=Trading is not available at the moment
18:17:40 orders_arb WARNING gRPC market failed, falling back to DP server
18:17:40 orders_arb ERROR Market order error (GAZP@RTSX sell 10): no response
18:17:40 orders_arb INFO gRPC sending: market buy 1 GZU6@RTSX acc=1225953 @ MKT
18:17:40 orders_arb ERROR gRPC order error (GZU6@RTSX buy 1@None): code=StatusCode.INTERNAL details=Jwt token check failed: UNAUTHENTICATED: Token is expired
18:17:40 orders_arb WARNING gRPC market failed, falling back to DP server
18:17:40 orders_arb INFO Market placed: arb_exit_1 buy 1 GZU6@RTSX id=1896048080582019272
18:17:40 robot_arb ERROR Market exit failed layer #1: A=FAIL B=OK
18:17:41 robot_arb INFO Cleanup: 1 open layers in mode=stopped, attempting close...
18:17:41 robot_arb INFO EXIT ALL 1 layers — reason=cleanup
18:17:41 robot_arb INFO EXIT layer #1 reason=cleanup | MARKET sell 10 + buy 1
18:17:41 orders_arb INFO gRPC sending: market sell 10 GAZP@MISX acc=1225950 @ MKT
18:17:41 orders_arb ERROR gRPC order error (GAZP@RTSX sell 10@None): code=StatusCode.INTERNAL details=Jwt token check failed: UNAUTHENTICATED: Token is expired
18:17:41 orders_arb WARNING gRPC market failed, falling back to DP server
18:17:41 orders_arb ERROR Market order error (GAZP@RTSX sell 10): no response
18:17:41 orders_arb INFO gRPC sending: market buy 1 GZU6@RTSX acc=1225953 @ MKT
18:17:41 orders_arb ERROR gRPC order error (GZU6@RTSX buy 1@None): code=StatusCode.INTERNAL details=Jwt token check failed: UNAUTHENTICATED: Token is expired
18:17:41 orders_arb WARNING gRPC market failed, falling back to DP server
18:17:41 orders_arb INFO Market placed: arb_exit_1 buy 1 GZU6@RTSX id=1896048080582019278
18:17:41 robot_arb ERROR Market exit failed layer #1: A=FAIL B=OK
18:17:42 robot_arb INFO Cleanup: 1 open layers in mode=stopped, attempting close...
18:17:42 robot_arb INFO EXIT ALL 1 layers — reason=cleanup
18:17:42 robot_arb INFO EXIT layer #1 reason=cleanup | MARKET sell 10 + buy 1
18:17:42 orders_arb INFO gRPC sending: market sell 10 GAZP@MISX acc=1225950 @ MKT
18:17:42 orders_arb ERROR gRPC order error (GAZP@RTSX sell 10@None): code=StatusCode.INTERNAL details=Jwt token check failed: UNAUTHENTICATED: Token is expired
18:17:42 orders_arb WARNING gRPC market failed, falling back to DP server
18:17:43 orders_arb ERROR Market order error (GAZP@RTSX sell 10): no response
18:17:43 orders_arb INFO gRPC sending: market buy 1 GZU6@RTSX acc=1225953 @ MKT
18:17:43 orders_arb ERROR gRPC order error (GZU6@RTSX buy 1@None): code=StatusCode.INTERNAL details=Jwt token check failed: UNAUTHENTICATED: Token is expired
18:17:43 orders_arb WARNING gRPC market failed, falling back to DP server
18:17:43 orders_arb INFO Market placed: arb_exit_1 buy 1 GZU6@RTSX id=1896048080582019299
18:17:43 robot_arb ERROR Market exit failed layer #1: A=FAIL B=OK
18:17:44 robot_arb INFO Cleanup: 1 open layers in mode=stopped, attempting close...
18:17:44 robot_arb INFO EXIT ALL 1 layers — reason=cleanup
18:17:44 robot_arb INFO EXIT layer #1 reason=cleanup | MARKET sell 10 + buy 1
18:17:44 orders_arb INFO gRPC sending: market sell 10 GAZP@MISX acc=1225950 @ MKT
18:17:44 orders_arb ERROR gRPC order error (GAZP@RTSX sell 10@None): code=StatusCode.INTERNAL details=Jwt token check failed: UNAUTHENTICATED: Token is expired
18:17:44 orders_arb WARNING gRPC market failed, falling back to DP server
18:17:44 orders_arb ERROR Market order error (GAZP@RTSX sell 10): no response
18:17:44 orders_arb INFO gRPC sending: market buy 1 GZU6@RTSX acc=1225953 @ MKT
18:17:44 orders_arb ERROR gRPC order error (GZU6@RTSX buy 1@None): code=StatusCode.INTERNAL details=Trading is not available at the moment
18:17:44 orders_arb WARNING gRPC market failed, falling back to DP server
18:17:44 orders_arb INFO Market placed: arb_exit_1 buy 1 GZU6@RTSX id=1896048080582019311
18:17:44 robot_arb ERROR Market exit failed layer #1: A=FAIL B=OK
18:17:45 robot_arb INFO Cleanup: 1 open layers in mode=stopped, attempting close...
18:17:45 robot_arb INFO EXIT ALL 1 layers — reason=cleanup
18:17:45 robot_arb INFO EXIT layer #1 reason=cleanup | MARKET sell 10 + buy 1
18:17:45 orders_arb INFO gRPC sending: market sell 10 GAZP@MISX acc=1225950 @ MKT
18:17:45 orders_arb ERROR gRPC order error (GAZP@RTSX sell 10@None): code=StatusCode.INTERNAL details=Jwt token check failed: UNAUTHENTICATED: Token is expired
18:17:45 orders_arb WARNING gRPC market failed, falling back to DP server
18:17:45 orders_arb ERROR Market order error (GAZP@RTSX sell 10): no response
18:17:45 orders_arb INFO gRPC sending: market buy 1 GZU6@RTSX acc=1225953 @ MKT
18:17:45 orders_arb ERROR gRPC order error (GZU6@RTSX buy 1@None): code=StatusCode.INTERNAL details=Jwt token check failed: UNAUTHENTICATED: Token is expired
18:17:45 orders_arb WARNING gRPC market failed, falling back to DP server
18:17:45 orders_arb INFO Market placed: arb_exit_1 buy 1 GZU6@RTSX id=1896048080582019333
18:17:45 robot_arb ERROR Market exit failed layer #1: A=FAIL B=OK
18:17:46 robot_arb INFO Cleanup: 1 open layers in mode=stopped, attempting close...
18:17:46 robot_arb INFO EXIT ALL 1 layers — reason=cleanup
18:17:46 robot_arb INFO EXIT layer #1 reason=cleanup | MARKET sell 10 + buy 1
18:17:46 orders_arb INFO gRPC sending: market sell 10 GAZP@MISX acc=1225950 @ MKT
18:17:46 orders_arb ERROR gRPC order error (GAZP@RTSX sell 10@None): code=StatusCode.INTERNAL details=Jwt token check failed: UNAUTHENTICATED: Token is expired
18:17:46 orders_arb WARNING gRPC market failed, falling back to DP server
18:17:46 orders_arb ERROR Market order error (GAZP@RTSX sell 10): no response
18:17:46 orders_arb INFO gRPC sending: market buy 1 GZU6@RTSX acc=1225953 @ MKT
18:17:46 orders_arb ERROR gRPC order error (GZU6@RTSX buy 1@None): code=StatusCode.INTERNAL details=Jwt token check failed: UNAUTHENTICATED: Token is expired
18:17:46 orders_arb WARNING gRPC market failed, falling back to DP server
18:17:47 orders_arb INFO Market placed: arb_exit_1 buy 1 GZU6@RTSX id=1896048080582019367
18:17:47 robot_arb ERROR Market exit failed layer #1: A=FAIL B=OK
18:17:48 robot_arb INFO Cleanup: 1 open layers in mode=stopped, attempting close...
18:17:48 robot_arb INFO EXIT ALL 1 layers — reason=cleanup
18:17:48 robot_arb INFO EXIT layer #1 reason=cleanup | MARKET sell 10 + buy 1
18:17:48 orders_arb INFO gRPC sending: market sell 10 GAZP@MISX acc=1225950 @ MKT
18:17:48 orders_arb ERROR gRPC order error (GAZP@RTSX sell 10@None): code=StatusCode.INTERNAL details=Jwt token check failed: UNAUTHENTICATED: Token is expired
18:17:48 orders_arb WARNING gRPC market failed, falling back to DP server
18:17:48 orders_arb ERROR Market order error (GAZP@RTSX sell 10): no response
18:17:48 orders_arb INFO gRPC sending: market buy 1 GZU6@RTSX acc=1225953 @ MKT
18:17:48 orders_arb ERROR gRPC order error (GZU6@RTSX buy 1@None): code=StatusCode.INTERNAL details=Trading is not available at the moment
18:17:48 orders_arb WARNING gRPC market failed, falling back to DP server
18:17:48 orders_arb INFO Market placed: arb_exit_1 buy 1 GZU6@RTSX id=1896048080582019538
18:17:48 robot_arb ERROR Market exit failed layer #1: A=FAIL B=OK
18:17:49 robot_arb INFO Cleanup: 1 open layers in mode=stopped, attempting close...
18:17:49 robot_arb INFO EXIT ALL 1 layers — reason=cleanup
18:17:49 robot_arb INFO EXIT layer #1 reason=cleanup | MARKET sell 10 + buy 1
18:17:49 orders_arb INFO gRPC sending: market sell 10 GAZP@MISX acc=1225950 @ MKT
18:17:49 orders_arb ERROR gRPC order error (GAZP@RTSX sell 10@None): code=StatusCode.INTERNAL details=Trading is not available at the moment
18:17:49 orders_arb WARNING gRPC market failed, falling back to DP server
18:17:49 orders_arb ERROR Market order error (GAZP@RTSX sell 10): no response
18:17:49 orders_arb INFO gRPC sending: market buy 1 GZU6@RTSX acc=1225953 @ MKT
18:17:49 orders_arb ERROR gRPC order error (GZU6@RTSX buy 1@None): code=StatusCode.INTERNAL details=Jwt token check failed: UNAUTHENTICATED: Token is expired
18:17:49 orders_arb WARNING gRPC market failed, falling back to DP server
18:17:49 orders_arb INFO Market placed: arb_exit_1 buy 1 GZU6@RTSX id=1896048080582019621
18:17:49 robot_arb ERROR Market exit failed layer #1: A=FAIL B=OK
18:17:50 robot_arb INFO Cleanup: 1 open layers in mode=stopped, attempting close...
18:17:50 robot_arb INFO EXIT ALL 1 layers — reason=cleanup
18:17:50 robot_arb INFO EXIT layer #1 reason=cleanup | MARKET sell 10 + buy 1
18:17:50 orders_arb INFO gRPC sending: market sell 10 GAZP@MISX acc=1225950 @ MKT
18:17:50 orders_arb ERROR gRPC order error (GAZP@RTSX sell 10@None): code=StatusCode.INTERNAL details=Jwt token check failed: UNAUTHENTICATED: Token is expired
18:17:50 orders_arb WARNING gRPC market failed, falling back to DP server
18:17:50 orders_arb ERROR Market order error (GAZP@RTSX sell 10): no response
18:17:50 orders_arb INFO gRPC sending: market buy 1 GZU6@RTSX acc=1225953 @ MKT
18:17:51 orders_arb ERROR gRPC order error (GZU6@RTSX buy 1@None): code=StatusCode.INTERNAL details=Trading is not available at the moment
18:17:51 orders_arb WARNING gRPC market failed, falling back to DP server
18:17:51 orders_arb INFO Market placed: arb_exit_1 buy 1 GZU6@RTSX id=1896048080582019731
18:17:51 robot_arb ERROR Market exit failed layer #1: A=FAIL B=OK
18:17:52 robot_arb INFO Cleanup: 1 open layers in mode=stopped, attempting close...
18:17:52 robot_arb INFO EXIT ALL 1 layers — reason=cleanup
18:17:52 robot_arb INFO EXIT layer #1 reason=cleanup | MARKET sell 10 + buy 1
18:17:52 orders_arb INFO gRPC sending: market sell 10 GAZP@MISX acc=1225950 @ MKT
18:17:52 orders_arb ERROR gRPC order error (GAZP@RTSX sell 10@None): code=StatusCode.INTERNAL details=Jwt token check failed: UNAUTHENTICATED: Token is expired
18:17:52 orders_arb WARNING gRPC market failed, falling back to DP server
18:17:52 orders_arb ERROR Market order error (GAZP@RTSX sell 10): no response
18:17:52 orders_arb INFO gRPC sending: market buy 1 GZU6@RTSX acc=1225953 @ MKT
18:17:52 orders_arb ERROR gRPC order error (GZU6@RTSX buy 1@None): code=StatusCode.INTERNAL details=Jwt token check failed: UNAUTHENTICATED: Token is expired
18:17:52 orders_arb WARNING gRPC market failed, falling back to DP server
18:17:52 orders_arb INFO Market placed: arb_exit_1 buy 1 GZU6@RTSX id=1896048080582019782
18:17:52 robot_arb ERROR Market exit failed layer #1: A=FAIL B=OK
18:17:53 robot_arb INFO Cleanup: 1 open layers in mode=stopped, attempting close...
18:17:53 robot_arb INFO EXIT ALL 1 layers — reason=cleanup
18:17:53 robot_arb INFO EXIT layer #1 reason=cleanup | MARKET sell 10 + buy 1
18:17:53 orders_arb INFO gRPC sending: market sell 10 GAZP@MISX acc=1225950 @ MKT
18:17:53 orders_arb ERROR gRPC order error (GAZP@RTSX sell 10@None): code=StatusCode.INTERNAL details=Trading is not available at the moment
18:17:53 orders_arb WARNING gRPC market failed, falling back to DP server
18:17:53 orders_arb ERROR Market order error (GAZP@RTSX sell 10): no response
18:17:53 orders_arb INFO gRPC sending: market buy 1 GZU6@RTSX acc=1225953 @ MKT
18:17:53 orders_arb ERROR gRPC order error (GZU6@RTSX buy 1@None): code=StatusCode.INTERNAL details=Jwt token check failed: UNAUTHENTICATED: Token is expired
18:17:53 orders_arb WARNING gRPC market failed, falling back to DP server
18:17:53 orders_arb INFO Market placed: arb_exit_1 buy 1 GZU6@RTSX id=1896048080582019794
18:17:53 robot_arb ERROR Market exit failed layer #1: A=FAIL B=OK
18:17:54 robot_arb INFO Cleanup: 1 open layers in mode=stopped, attempting close...
18:17:54 robot_arb INFO EXIT ALL 1 layers — reason=cleanup
18:17:54 robot_arb INFO EXIT layer #1 reason=cleanup | MARKET sell 10 + buy 1
18:17:54 orders_arb INFO gRPC sending: market sell 10 GAZP@MISX acc=1225950 @ MKT
18:17:54 orders_arb ERROR gRPC order error (GAZP@RTSX sell 10@None): code=StatusCode.INTERNAL details=Jwt token check failed: UNAUTHENTICATED: Token is expired
18:17:54 orders_arb WARNING gRPC market failed, falling back to DP server
18:17:54 orders_arb ERROR Market order error (GAZP@RTSX sell 10): no response
18:17:54 orders_arb INFO gRPC sending: market buy 1 GZU6@RTSX acc=1225953 @ MKT
18:17:55 orders_arb ERROR gRPC order error (GZU6@RTSX buy 1@None): code=StatusCode.INTERNAL details=Jwt token check failed: UNAUTHENTICATED: Token is expired
18:17:55 orders_arb WARNING gRPC market failed, falling back to DP server
18:17:55 orders_arb INFO Market placed: arb_exit_1 buy 1 GZU6@RTSX id=1896048080582019803
18:17:55 robot_arb ERROR Market exit failed layer #1: A=FAIL B=OK
18:17:56 robot_arb INFO Cleanup: 1 open layers in mode=stopped, attempting close...
18:17:56 robot_arb INFO EXIT ALL 1 layers — reason=cleanup
18:17:56 robot_arb INFO EXIT layer #1 reason=cleanup | MARKET sell 10 + buy 1
18:17:56 orders_arb INFO gRPC sending: market sell 10 GAZP@MISX acc=1225950 @ MKT
18:17:56 orders_arb ERROR gRPC order error (GAZP@RTSX sell 10@None): code=StatusCode.INTERNAL details=Jwt token check failed: UNAUTHENTICATED: Token is expired
18:17:56 orders_arb WARNING gRPC market failed, falling back to DP server
18:17:56 orders_arb ERROR Market order error (GAZP@RTSX sell 10): no response
18:17:56 orders_arb INFO gRPC sending: market buy 1 GZU6@RTSX acc=1225953 @ MKT
18:17:56 orders_arb ERROR gRPC order error (GZU6@RTSX buy 1@None): code=StatusCode.INTERNAL details=Jwt token check failed: UNAUTHENTICATED: Token is expired
18:17:56 orders_arb WARNING gRPC market failed, falling back to DP server
18:17:56 orders_arb INFO Market placed: arb_exit_1 buy 1 GZU6@RTSX id=1896048080582019904
18:17:56 robot_arb ERROR Market exit failed layer #1: A=FAIL B=OK
18:17:57 robot_arb INFO Cleanup: 1 open layers in mode=stopped, attempting close...
18:17:57 robot_arb INFO EXIT ALL 1 layers — reason=cleanup
18:17:57 robot_arb INFO EXIT layer #1 reason=cleanup | MARKET sell 10 + buy 1
18:17:57 orders_arb INFO gRPC sending: market sell 10 GAZP@MISX acc=1225950 @ MKT
18:17:57 orders_arb ERROR gRPC order error (GAZP@RTSX sell 10@None): code=StatusCode.INTERNAL details=Jwt token check failed: UNAUTHENTICATED: Token is expired
18:17:57 orders_arb WARNING gRPC market failed, falling back to DP server
18:17:57 orders_arb ERROR Market order error (GAZP@RTSX sell 10): no response
18:17:57 orders_arb INFO gRPC sending: market buy 1 GZU6@RTSX acc=1225953 @ MKT
18:17:57 orders_arb ERROR gRPC order error (GZU6@RTSX buy 1@None): code=StatusCode.INTERNAL details=Jwt token check failed: UNAUTHENTICATED: Token is expired
18:17:57 orders_arb WARNING gRPC market failed, falling back to DP server
18:17:57 orders_arb INFO Market placed: arb_exit_1 buy 1 GZU6@RTSX id=1896048080582019917
18:17:57 robot_arb ERROR Market exit failed layer #1: A=FAIL B=OK
18:17:58 robot_arb INFO Cleanup: 1 open layers in mode=stopped, attempting close...
18:17:58 robot_arb INFO EXIT ALL 1 layers — reason=cleanup
18:17:58 robot_arb INFO EXIT layer #1 reason=cleanup | MARKET sell 10 + buy 1
18:17:58 orders_arb INFO gRPC sending: market sell 10 GAZP@MISX acc=1225950 @ MKT
18:17:59 orders_arb ERROR gRPC order error (GAZP@RTSX sell 10@None): code=StatusCode.INTERNAL details=Jwt token check failed: UNAUTHENTICATED: Token is expired
18:17:59 orders_arb WARNING gRPC market failed, falling back to DP server
18:17:59 orders_arb ERROR Market order error (GAZP@RTSX sell 10): no response
18:17:59 orders_arb INFO gRPC sending: market buy 1 GZU6@RTSX acc=1225953 @ MKT
18:17:59 orders_arb ERROR gRPC order error (GZU6@RTSX buy 1@None): code=StatusCode.INTERNAL details=Jwt token check failed: UNAUTHENTICATED: Token is expired
18:17:59 orders_arb WARNING gRPC market failed, falling back to DP server
18:17:59 orders_arb INFO Market placed: arb_exit_1 buy 1 GZU6@RTSX id=1896048080582020117
18:17:59 robot_arb ERROR Market exit failed layer #1: A=FAIL B=OK
18:18:00 robot_arb INFO Cleanup: 1 open layers in mode=stopped, attempting close...
18:18:00 robot_arb INFO EXIT ALL 1 layers — reason=cleanup
18:18:00 robot_arb INFO EXIT layer #1 reason=cleanup | MARKET sell 10 + buy 1
18:18:00 orders_arb INFO gRPC sending: market sell 10 GAZP@MISX acc=1225950 @ MKT
18:18:00 orders_arb ERROR gRPC order error (GAZP@RTSX sell 10@None): code=StatusCode.INTERNAL details=Trading is not available at the moment
18:18:00 orders_arb WARNING gRPC market failed, falling back to DP server
18:18:00 orders_arb ERROR Market order error (GAZP@RTSX sell 10): no response
18:18:00 orders_arb INFO gRPC sending: market buy 1 GZU6@RTSX acc=1225953 @ MKT
18:18:00 orders_arb ERROR gRPC order error (GZU6@RTSX buy 1@None): code=StatusCode.INTERNAL details=Jwt token check failed: UNAUTHENTICATED: Token is expired
18:18:00 orders_arb WARNING gRPC market failed, falling back to DP server
18:18:00 orders_arb INFO Market placed: arb_exit_1 buy 1 GZU6@RTSX id=1896048080582020132
18:18:00 robot_arb ERROR Market exit failed layer #1: A=FAIL B=OK
18:18:01 robot_arb INFO Cleanup: 1 open layers in mode=stopped, attempting close...
18:18:01 robot_arb INFO EXIT ALL 1 layers — reason=cleanup
18:18:01 robot_arb INFO EXIT layer #1 reason=cleanup | MARKET sell 10 + buy 1
18:18:01 orders_arb INFO gRPC sending: market sell 10 GAZP@MISX acc=1225950 @ MKT
18:18:01 orders_arb ERROR gRPC order error (GAZP@RTSX sell 10@None): code=StatusCode.INTERNAL details=Jwt token check failed: UNAUTHENTICATED: Token is expired
18:18:01 orders_arb WARNING gRPC market failed, falling back to DP server
18:18:01 orders_arb ERROR Market order error (GAZP@RTSX sell 10): no response
18:18:01 orders_arb INFO gRPC sending: market buy 1 GZU6@RTSX acc=1225953 @ MKT
18:18:01 orders_arb ERROR gRPC order error (GZU6@RTSX buy 1@None): code=StatusCode.INTERNAL details=Jwt token check failed: UNAUTHENTICATED: Token is expired
18:18:01 orders_arb WARNING gRPC market failed, falling back to DP server
18:18:02 orders_arb INFO Market placed: arb_exit_1 buy 1 GZU6@RTSX id=1896048080582020158
18:18:02 robot_arb ERROR Market exit failed layer #1: A=FAIL B=OK
18:18:03 robot_arb INFO Cleanup: 1 open layers in mode=stopped, attempting close...
18:18:03 robot_arb INFO EXIT ALL 1 layers — reason=cleanup
18:18:03 robot_arb INFO EXIT layer #1 reason=cleanup | MARKET sell 10 + buy 1
18:18:03 orders_arb INFO gRPC sending: market sell 10 GAZP@MISX acc=1225950 @ MKT
18:18:03 orders_arb ERROR gRPC order error (GAZP@RTSX sell 10@None): code=StatusCode.INTERNAL details=Trading is not available at the moment
18:18:03 orders_arb WARNING gRPC market failed, falling back to DP server
18:18:03 orders_arb ERROR Market order error (GAZP@RTSX sell 10): no response
18:18:03 orders_arb INFO gRPC sending: market buy 1 GZU6@RTSX acc=1225953 @ MKT
18:18:03 orders_arb ERROR gRPC order error (GZU6@RTSX buy 1@None): code=StatusCode.INTERNAL details=Jwt token check failed: UNAUTHENTICATED: Token is expired
18:18:03 orders_arb WARNING gRPC market failed, falling back to DP server
18:18:03 orders_arb INFO Market placed: arb_exit_1 buy 1 GZU6@RTSX id=1896048080582020176
18:18:03 robot_arb ERROR Market exit failed layer #1: A=FAIL B=OK
18:18:04 robot_arb INFO Cleanup: 1 open layers in mode=stopped, attempting close...
18:18:04 robot_arb INFO EXIT ALL 1 layers — reason=cleanup
18:18:04 robot_arb INFO EXIT layer #1 reason=cleanup | MARKET sell 10 + buy 1
18:18:04 orders_arb INFO gRPC sending: market sell 10 GAZP@MISX acc=1225950 @ MKT
18:18:04 orders_arb ERROR gRPC order error (GAZP@RTSX sell 10@None): code=StatusCode.INTERNAL details=Trading is not available at the moment
18:18:04 orders_arb WARNING gRPC market failed, falling back to DP server
18:18:04 orders_arb ERROR Market order error (GAZP@RTSX sell 10): no response
18:18:04 orders_arb INFO gRPC sending: market buy 1 GZU6@RTSX acc=1225953 @ MKT
18:18:04 orders_arb ERROR gRPC order error (GZU6@RTSX buy 1@None): code=StatusCode.INTERNAL details=Jwt token check failed: UNAUTHENTICATED: Token is expired
18:18:04 orders_arb WARNING gRPC market failed, falling back to DP server
18:18:04 orders_arb INFO Market placed: arb_exit_1 buy 1 GZU6@RTSX id=1896048080582020189
18:18:04 robot_arb ERROR Market exit failed layer #1: A=FAIL B=OK
18:18:05 robot_arb INFO Cleanup: 1 open layers in mode=stopped, attempting close...
18:18:05 robot_arb INFO EXIT ALL 1 layers — reason=cleanup
18:18:05 robot_arb INFO EXIT layer #1 reason=cleanup | MARKET sell 10 + buy 1
18:18:05 orders_arb INFO gRPC sending: market sell 10 GAZP@MISX acc=1225950 @ MKT
18:18:05 orders_arb ERROR gRPC order error (GAZP@RTSX sell 10@None): code=StatusCode.INTERNAL details=Jwt token check failed: UNAUTHENTICATED: Token is expired
18:18:05 orders_arb WARNING gRPC market failed, falling back to DP server
18:18:06 orders_arb ERROR Market order error (GAZP@RTSX sell 10): no response
18:18:06 orders_arb INFO gRPC sending: market buy 1 GZU6@RTSX acc=1225953 @ MKT
18:18:06 orders_arb ERROR gRPC order error (GZU6@RTSX buy 1@None): code=StatusCode.INTERNAL details=Jwt token check failed: UNAUTHENTICATED: Token is expired
18:18:06 orders_arb WARNING gRPC market failed, falling back to DP server
18:18:06 orders_arb INFO Market placed: arb_exit_1 buy 1 GZU6@RTSX id=1896048080582020244
18:18:06 robot_arb ERROR Market exit failed layer #1: A=FAIL B=OK
18:18:07 robot_arb INFO Cleanup: 1 open layers in mode=stopped, attempting close...
18:18:07 robot_arb INFO EXIT ALL 1 layers — reason=cleanup
18:18:07 robot_arb INFO EXIT layer #1 reason=cleanup | MARKET sell 10 + buy 1
18:18:07 orders_arb INFO gRPC sending: market sell 10 GAZP@MISX acc=1225950 @ MKT
18:18:07 orders_arb ERROR gRPC order error (GAZP@RTSX sell 10@None): code=StatusCode.INTERNAL details=Trading is not available at the moment
18:18:07 orders_arb WARNING gRPC market failed, falling back to DP server
18:18:07 orders_arb ERROR Market order error (GAZP@RTSX sell 10): no response
18:18:07 orders_arb INFO gRPC sending: market buy 1 GZU6@RTSX acc=1225953 @ MKT
18:18:07 orders_arb ERROR gRPC order error (GZU6@RTSX buy 1@None): code=StatusCode.INTERNAL details=Jwt token check failed: UNAUTHENTICATED: Token is expired
18:18:07 orders_arb WARNING gRPC market failed, falling back to DP server
18:18:07 orders_arb INFO Market placed: arb_exit_1 buy 1 GZU6@RTSX id=1896048080582020255
18:18:07 robot_arb ERROR Market exit failed layer #1: A=FAIL B=OK
18:18:08 robot_arb INFO Cleanup: 1 open layers in mode=stopped, attempting close...
18:18:08 robot_arb INFO EXIT ALL 1 layers — reason=cleanup
18:18:08 robot_arb INFO EXIT layer #1 reason=cleanup | MARKET sell 10 + buy 1
18:18:08 orders_arb INFO gRPC sending: market sell 10 GAZP@MISX acc=1225950 @ MKT
18:18:08 orders_arb ERROR gRPC order error (GAZP@RTSX sell 10@None): code=StatusCode.INTERNAL details=Jwt token check failed: UNAUTHENTICATED: Token is expired
18:18:08 orders_arb WARNING gRPC market failed, falling back to DP server
18:18:08 orders_arb ERROR Market order error (GAZP@RTSX sell 10): no response
18:18:08 orders_arb INFO gRPC sending: market buy 1 GZU6@RTSX acc=1225953 @ MKT
18:18:08 orders_arb ERROR gRPC order error (GZU6@RTSX buy 1@None): code=StatusCode.INTERNAL details=Jwt token check failed: UNAUTHENTICATED: Token is expired
18:18:08 orders_arb WARNING gRPC market failed, falling back to DP server
18:18:08 orders_arb INFO Market placed: arb_exit_1 buy 1 GZU6@RTSX id=1896048080582020283
18:18:08 robot_arb ERROR Market exit failed layer #1: A=FAIL B=OK
18:18:09 robot_arb INFO Cleanup: 1 open layers in mode=stopped, attempting close...
18:18:09 robot_arb INFO EXIT ALL 1 layers — reason=cleanup
18:18:09 robot_arb INFO EXIT layer #1 reason=cleanup | MARKET sell 10 + buy 1
18:18:09 orders_arb INFO gRPC sending: market sell 10 GAZP@MISX acc=1225950 @ MKT
18:18:09 orders_arb ERROR gRPC order error (GAZP@RTSX sell 10@None): code=StatusCode.INTERNAL details=Jwt token check failed: UNAUTHENTICATED: Token is expired
18:18:09 orders_arb WARNING gRPC market failed, falling back to DP server
18:18:10 orders_arb ERROR Market order error (GAZP@RTSX sell 10): no response
18:18:10 orders_arb INFO gRPC sending: market buy 1 GZU6@RTSX acc=1225953 @ MKT
18:18:10 orders_arb ERROR gRPC order error (GZU6@RTSX buy 1@None): code=StatusCode.INTERNAL details=Jwt token check failed: UNAUTHENTICATED: Token is expired
18:18:10 orders_arb WARNING gRPC market failed, falling back to DP server
18:18:10 orders_arb INFO Market placed: arb_exit_1 buy 1 GZU6@RTSX id=1896048080582020285
18:18:10 robot_arb ERROR Market exit failed layer #1: A=FAIL B=OK
18:18:11 robot_arb INFO Cleanup: 1 open layers in mode=stopped, attempting close...
18:18:11 robot_arb INFO EXIT ALL 1 layers — reason=cleanup
18:18:11 robot_arb INFO EXIT layer #1 reason=cleanup | MARKET sell 10 + buy 1
18:18:11 orders_arb INFO gRPC sending: market sell 10 GAZP@MISX acc=1225950 @ MKT
18:18:11 orders_arb ERROR gRPC order error (GAZP@RTSX sell 10@None): code=StatusCode.INTERNAL details=Jwt token check failed: UNAUTHENTICATED: Token is expired
18:18:11 orders_arb WARNING gRPC market failed, falling back to DP server
18:18:11 orders_arb ERROR Market order error (GAZP@RTSX sell 10): no response
18:18:11 orders_arb INFO gRPC sending: market buy 1 GZU6@RTSX acc=1225953 @ MKT
18:18:11 orders_arb ERROR gRPC order error (GZU6@RTSX buy 1@None): code=StatusCode.INTERNAL details=Trading is not available at the moment
18:18:11 orders_arb WARNING gRPC market failed, falling back to DP server
18:18:11 orders_arb INFO Market placed: arb_exit_1 buy 1 GZU6@RTSX id=1896048080582020286
18:18:11 robot_arb ERROR Market exit failed layer #1: A=FAIL B=OK
18:18:12 robot_arb INFO Cleanup: 1 open layers in mode=stopped, attempting close...
18:18:12 robot_arb INFO EXIT ALL 1 layers — reason=cleanup
18:18:12 robot_arb INFO EXIT layer #1 reason=cleanup | MARKET sell 10 + buy 1
18:18:12 orders_arb INFO gRPC sending: market sell 10 GAZP@MISX acc=1225950 @ MKT
18:18:12 orders_arb ERROR gRPC order error (GAZP@RTSX sell 10@None): code=StatusCode.INTERNAL details=Trading is not available at the moment
18:18:12 orders_arb WARNING gRPC market failed, falling back to DP server
18:18:12 orders_arb ERROR Market order error (GAZP@RTSX sell 10): no response
18:18:12 orders_arb INFO gRPC sending: market buy 1 GZU6@RTSX acc=1225953 @ MKT
18:18:12 orders_arb ERROR gRPC order error (GZU6@RTSX buy 1@None): code=StatusCode.INTERNAL details=Jwt token check failed: UNAUTHENTICATED: Token is expired
18:18:12 orders_arb WARNING gRPC market failed, falling back to DP server
18:18:12 orders_arb INFO Market placed: arb_exit_1 buy 1 GZU6@RTSX id=1896048080582020297
18:18:12 robot_arb ERROR Market exit failed layer #1: A=FAIL B=OK
18:18:13 robot_arb INFO Cleanup: 1 open layers in mode=stopped, attempting close...
18:18:13 robot_arb INFO EXIT ALL 1 layers — reason=cleanup
18:18:13 robot_arb INFO EXIT layer #1 reason=cleanup | MARKET sell 10 + buy 1
18:18:13 orders_arb INFO gRPC sending: market sell 10 GAZP@MISX acc=1225950 @ MKT
18:18:14 orders_arb ERROR gRPC order error (GAZP@RTSX sell 10@None): code=StatusCode.INTERNAL details=Jwt token check failed: UNAUTHENTICATED: Token is expired
18:18:14 orders_arb WARNING gRPC market failed, falling back to DP server
18:18:14 orders_arb ERROR Market order error (GAZP@RTSX sell 10): no response
18:18:14 orders_arb INFO gRPC sending: market buy 1 GZU6@RTSX acc=1225953 @ MKT
18:18:14 orders_arb ERROR gRPC order error (GZU6@RTSX buy 1@None): code=StatusCode.INTERNAL details=Jwt token check failed: UNAUTHENTICATED: Token is expired
18:18:14 orders_arb WARNING gRPC market failed, falling back to DP server
18:18:14 orders_arb INFO Market placed: arb_exit_1 buy 1 GZU6@RTSX id=1896048080582020307
18:18:14 robot_arb ERROR Market exit failed layer #1: A=FAIL B=OK
18:18:15 robot_arb INFO Cleanup: 1 open layers in mode=stopped, attempting close...
18:18:15 robot_arb INFO EXIT ALL 1 layers — reason=cleanup
18:18:15 robot_arb INFO EXIT layer #1 reason=cleanup | MARKET sell 10 + buy 1
18:18:15 orders_arb INFO gRPC sending: market sell 10 GAZP@MISX acc=1225950 @ MKT
18:18:15 orders_arb ERROR gRPC order error (GAZP@RTSX sell 10@None): code=StatusCode.INTERNAL details=Jwt token check failed: UNAUTHENTICATED: Token is expired
18:18:15 orders_arb WARNING gRPC market failed, falling back to DP server
18:18:15 orders_arb ERROR Market order error (GAZP@RTSX sell 10): no response
18:18:15 orders_arb INFO gRPC sending: market buy 1 GZU6@RTSX acc=1225953 @ MKT
18:18:15 orders_arb ERROR gRPC order error (GZU6@RTSX buy 1@None): code=StatusCode.INTERNAL details=Jwt token check failed: UNAUTHENTICATED: Token is expired
18:18:15 orders_arb WARNING gRPC market failed, falling back to DP server
18:18:15 orders_arb INFO Market placed: arb_exit_1 buy 1 GZU6@RTSX id=1896048080582020317
18:18:15 robot_arb ERROR Market exit failed layer #1: A=FAIL B=OK
18:18:16 robot_arb INFO Cleanup: 1 open layers in mode=stopped, attempting close...
18:18:16 robot_arb INFO EXIT ALL 1 layers — reason=cleanup
18:18:16 robot_arb INFO EXIT layer #1 reason=cleanup | MARKET sell 10 + buy 1
18:18:16 orders_arb INFO gRPC sending: market sell 10 GAZP@MISX acc=1225950 @ MKT
18:18:16 orders_arb ERROR gRPC order error (GAZP@RTSX sell 10@None): code=StatusCode.INTERNAL details=Jwt token check failed: UNAUTHENTICATED: Token is expired
18:18:16 orders_arb WARNING gRPC market failed, falling back to DP server
18:18:16 orders_arb ERROR Market order error (GAZP@RTSX sell 10): no response
18:18:16 orders_arb INFO gRPC sending: market buy 1 GZU6@RTSX acc=1225953 @ MKT
18:18:16 orders_arb ERROR gRPC order error (GZU6@RTSX buy 1@None): code=StatusCode.INTERNAL details=Jwt token check failed: UNAUTHENTICATED: Token is expired
18:18:16 orders_arb WARNING gRPC market failed, falling back to DP server
18:18:16 orders_arb INFO Market placed: arb_exit_1 buy 1 GZU6@RTSX id=1896048080582020325
18:18:17 robot_arb ERROR Market exit failed layer #1: A=FAIL B=OK
18:18:18 robot_arb INFO Cleanup: 1 open layers in mode=stopped, attempting close...
18:18:18 robot_arb INFO EXIT ALL 1 layers — reason=cleanup
18:18:18 robot_arb INFO EXIT layer #1 reason=cleanup | MARKET sell 10 + buy 1
18:18:18 orders_arb INFO gRPC sending: market sell 10 GAZP@MISX acc=1225950 @ MKT
18:18:18 orders_arb ERROR gRPC order error (GAZP@RTSX sell 10@None): code=StatusCode.INTERNAL details=Jwt token check failed: UNAUTHENTICATED: Token is expired
18:18:18 orders_arb WARNING gRPC market failed, falling back to DP server
18:18:18 orders_arb ERROR Market order error (GAZP@RTSX sell 10): no response
18:18:18 orders_arb INFO gRPC sending: market buy 1 GZU6@RTSX acc=1225953 @ MKT
18:18:18 orders_arb ERROR gRPC order error (GZU6@RTSX buy 1@None): code=StatusCode.INTERNAL details=Jwt token check failed: UNAUTHENTICATED: Token is expired
18:18:18 orders_arb WARNING gRPC market failed, falling back to DP server
18:18:18 orders_arb INFO Market placed: arb_exit_1 buy 1 GZU6@RTSX id=1896048080582020356
18:18:18 robot_arb ERROR Market exit failed layer #1: A=FAIL B=OK
18:18:19 robot_arb INFO Cleanup: 1 open layers in mode=stopped, attempting close...
18:18:19 robot_arb INFO EXIT ALL 1 layers — reason=cleanup
18:18:19 robot_arb INFO EXIT layer #1 reason=cleanup | MARKET sell 10 + buy 1
18:18:19 orders_arb INFO gRPC sending: market sell 10 GAZP@MISX acc=1225950 @ MKT
18:18:19 orders_arb ERROR gRPC order error (GAZP@RTSX sell 10@None): code=StatusCode.INTERNAL details=Jwt token check failed: UNAUTHENTICATED: Token is expired
18:18:19 orders_arb WARNING gRPC market failed, falling back to DP server
18:18:19 orders_arb ERROR Market order error (GAZP@RTSX sell 10): no response
18:18:19 orders_arb INFO gRPC sending: market buy 1 GZU6@RTSX acc=1225953 @ MKT
18:18:19 orders_arb ERROR gRPC order error (GZU6@RTSX buy 1@None): code=StatusCode.INTERNAL details=Jwt token check failed: UNAUTHENTICATED: Token is expired
18:18:19 orders_arb WARNING gRPC market failed, falling back to DP server
18:18:19 orders_arb INFO Market placed: arb_exit_1 buy 1 GZU6@RTSX id=1896048080582020364
18:18:19 robot_arb ERROR Market exit failed layer #1: A=FAIL B=OK
18:18:20 robot_arb INFO Cleanup: 1 open layers in mode=stopped, attempting close...
18:18:20 robot_arb INFO EXIT ALL 1 layers — reason=cleanup
18:18:20 robot_arb INFO EXIT layer #1 reason=cleanup | MARKET sell 10 + buy 1
18:18:20 orders_arb INFO gRPC sending: market sell 10 GAZP@MISX acc=1225950 @ MKT
18:18:20 orders_arb ERROR gRPC order error (GAZP@RTSX sell 10@None): code=StatusCode.INTERNAL details=Trading is not available at the moment
18:18:20 orders_arb WARNING gRPC market failed, falling back to DP server
18:18:20 orders_arb ERROR Market order error (GAZP@RTSX sell 10): no response
18:18:20 orders_arb INFO gRPC sending: market buy 1 GZU6@RTSX acc=1225953 @ MKT
18:18:20 orders_arb ERROR gRPC order error (GZU6@RTSX buy 1@None): code=StatusCode.INTERNAL details=Jwt token check failed: UNAUTHENTICATED: Token is expired
18:18:20 orders_arb WARNING gRPC market failed, falling back to DP server
18:18:21 orders_arb INFO Market placed: arb_exit_1 buy 1 GZU6@RTSX id=1896048080582020409
18:18:21 robot_arb ERROR Market exit failed layer #1: A=FAIL B=OK
18:18:22 robot_arb INFO Cleanup: 1 open layers in mode=stopped, attempting close...
18:18:22 robot_arb INFO EXIT ALL 1 layers — reason=cleanup
18:18:22 robot_arb INFO EXIT layer #1 reason=cleanup | MARKET sell 10 + buy 1
18:18:22 orders_arb INFO gRPC sending: market sell 10 GAZP@MISX acc=1225950 @ MKT
18:18:22 orders_arb ERROR gRPC order error (GAZP@RTSX sell 10@None): code=StatusCode.INTERNAL details=Jwt token check failed: UNAUTHENTICATED: Token is expired
18:18:22 orders_arb WARNING gRPC market failed, falling back to DP server
18:18:22 orders_arb ERROR Market order error (GAZP@RTSX sell 10): no response
18:18:22 orders_arb INFO gRPC sending: market buy 1 GZU6@RTSX acc=1225953 @ MKT
18:18:22 orders_arb ERROR gRPC order error (GZU6@RTSX buy 1@None): code=StatusCode.INTERNAL details=Jwt token check failed: UNAUTHENTICATED: Token is expired
18:18:22 orders_arb WARNING gRPC market failed, falling back to DP server
18:18:22 orders_arb INFO Market placed: arb_exit_1 buy 1 GZU6@RTSX id=1896048080582020425
18:18:22 robot_arb ERROR Market exit failed layer #1: A=FAIL B=OK
18:18:23 robot_arb INFO Cleanup: 1 open layers in mode=stopped, attempting close...
18:18:23 robot_arb INFO EXIT ALL 1 layers — reason=cleanup
18:18:23 robot_arb INFO EXIT layer #1 reason=cleanup | MARKET sell 10 + buy 1
18:18:23 orders_arb INFO gRPC sending: market sell 10 GAZP@MISX acc=1225950 @ MKT
18:18:23 orders_arb ERROR gRPC order error (GAZP@RTSX sell 10@None): code=StatusCode.INTERNAL details=Jwt token check failed: UNAUTHENTICATED: Token is expired
18:18:23 orders_arb WARNING gRPC market failed, falling back to DP server
18:18:23 orders_arb ERROR Market order error (GAZP@RTSX sell 10): no response
18:18:23 orders_arb INFO gRPC sending: market buy 1 GZU6@RTSX acc=1225953 @ MKT
18:18:23 orders_arb ERROR gRPC order error (GZU6@RTSX buy 1@None): code=StatusCode.INTERNAL details=Jwt token check failed: UNAUTHENTICATED: Token is expired
18:18:23 orders_arb WARNING gRPC market failed, falling back to DP server
18:18:23 orders_arb INFO Market placed: arb_exit_1 buy 1 GZU6@RTSX id=1896048080582020431
18:18:23 robot_arb ERROR Market exit failed layer #1: A=FAIL B=OK
18:18:24 robot_arb INFO Cleanup: 1 open layers in mode=stopped, attempting close...
18:18:24 robot_arb INFO EXIT ALL 1 layers — reason=cleanup
18:18:24 robot_arb INFO EXIT layer #1 reason=cleanup | MARKET sell 10 + buy 1
18:18:24 orders_arb INFO gRPC sending: market sell 10 GAZP@MISX acc=1225950 @ MKT
18:18:24 orders_arb ERROR gRPC order error (GAZP@RTSX sell 10@None): code=StatusCode.INTERNAL details=Trading is not available at the moment
18:18:24 orders_arb WARNING gRPC market failed, falling back to DP server
18:18:24 orders_arb ERROR Market order error (GAZP@RTSX sell 10): no response
18:18:24 orders_arb INFO gRPC sending: market buy 1 GZU6@RTSX acc=1225953 @ MKT
18:18:24 orders_arb ERROR gRPC order error (GZU6@RTSX buy 1@None): code=StatusCode.INTERNAL details=Jwt token check failed: UNAUTHENTICATED: Token is expired
18:18:24 orders_arb WARNING gRPC market failed, falling back to DP server
18:18:25 orders_arb INFO Market placed: arb_exit_1 buy 1 GZU6@RTSX id=1896048080582020444
18:18:25 robot_arb ERROR Market exit failed layer #1: A=FAIL B=OK
18:18:26 robot_arb INFO Cleanup: 1 open layers in mode=stopped, attempting close...
18:18:26 robot_arb INFO EXIT ALL 1 layers — reason=cleanup
18:18:26 robot_arb INFO EXIT layer #1 reason=cleanup | MARKET sell 10 + buy 1
18:18:26 orders_arb INFO gRPC sending: market sell 10 GAZP@MISX acc=1225950 @ MKT
18:18:26 orders_arb ERROR gRPC order error (GAZP@RTSX sell 10@None): code=StatusCode.INTERNAL details=Jwt token check failed: UNAUTHENTICATED: Token is expired
18:18:26 orders_arb WARNING gRPC market failed, falling back to DP server
18:18:26 orders_arb ERROR Market order error (GAZP@RTSX sell 10): no response
18:18:26 orders_arb INFO gRPC sending: market buy 1 GZU6@RTSX acc=1225953 @ MKT
18:18:26 orders_arb ERROR gRPC order error (GZU6@RTSX buy 1@None): code=StatusCode.INTERNAL details=Jwt token check failed: UNAUTHENTICATED: Token is expired
18:18:26 orders_arb WARNING gRPC market failed, falling back to DP server
18:18:26 orders_arb INFO Market placed: arb_exit_1 buy 1 GZU6@RTSX id=1896048080582020455
18:18:26 robot_arb ERROR Market exit failed layer #1: A=FAIL B=OK
18:18:27 robot_arb INFO Cleanup: 1 open layers in mode=stopped, attempting close...
18:18:27 robot_arb INFO EXIT ALL 1 layers — reason=cleanup
18:18:27 robot_arb INFO EXIT layer #1 reason=cleanup | MARKET sell 10 + buy 1
18:18:27 orders_arb INFO gRPC sending: market sell 10 GAZP@MISX acc=1225950 @ MKT
18:18:27 orders_arb ERROR gRPC order error (GAZP@RTSX sell 10@None): code=StatusCode.INTERNAL details=Jwt token check failed: UNAUTHENTICATED: Token is expired
18:18:27 orders_arb WARNING gRPC market failed, falling back to DP server
18:18:27 orders_arb ERROR Market order error (GAZP@RTSX sell 10): no response
18:18:27 orders_arb INFO gRPC sending: market buy 1 GZU6@RTSX acc=1225953 @ MKT
18:18:27 orders_arb ERROR gRPC order error (GZU6@RTSX buy 1@None): code=StatusCode.INTERNAL details=Jwt token check failed: UNAUTHENTICATED: Token is expired
18:18:27 orders_arb WARNING gRPC market failed, falling back to DP server
18:18:27 orders_arb INFO Market placed: arb_exit_1 buy 1 GZU6@RTSX id=1896048080582020480
18:18:27 robot_arb ERROR Market exit failed layer #1: A=FAIL B=OK
18:18:28 robot_arb INFO Cleanup: 1 open layers in mode=stopped, attempting close...
18:18:28 robot_arb INFO EXIT ALL 1 layers — reason=cleanup
18:18:28 robot_arb INFO EXIT layer #1 reason=cleanup | MARKET sell 10 + buy 1
18:18:28 orders_arb INFO gRPC sending: market sell 10 GAZP@MISX acc=1225950 @ MKT
18:18:28 orders_arb ERROR gRPC order error (GAZP@RTSX sell 10@None): code=StatusCode.INTERNAL details=Jwt token check failed: UNAUTHENTICATED: Token is expired
18:18:28 orders_arb WARNING gRPC market failed, falling back to DP server
18:18:28 orders_arb ERROR Market order error (GAZP@RTSX sell 10): no response
18:18:28 orders_arb INFO gRPC sending: market buy 1 GZU6@RTSX acc=1225953 @ MKT
18:18:29 orders_arb ERROR gRPC order error (GZU6@RTSX buy 1@None): code=StatusCode.INTERNAL details=Jwt token check failed: UNAUTHENTICATED: Token is expired
18:18:29 orders_arb WARNING gRPC market failed, falling back to DP server
18:18:29 orders_arb INFO Market placed: arb_exit_1 buy 1 GZU6@RTSX id=1896048080582020495
18:18:29 robot_arb ERROR Market exit failed layer #1: A=FAIL B=OK
18:18:30 robot_arb INFO Cleanup: 1 open layers in mode=stopped, attempting close...
18:18:30 robot_arb INFO EXIT ALL 1 layers — reason=cleanup
18:18:30 robot_arb INFO EXIT layer #1 reason=cleanup | MARKET sell 10 + buy 1
18:18:30 orders_arb INFO gRPC sending: market sell 10 GAZP@MISX acc=1225950 @ MKT
18:18:30 orders_arb ERROR gRPC order error (GAZP@RTSX sell 10@None): code=StatusCode.INTERNAL details=Jwt token check failed: UNAUTHENTICATED: Token is expired
18:18:30 orders_arb WARNING gRPC market failed, falling back to DP server
18:18:30 orders_arb ERROR Market order error (GAZP@RTSX sell 10): no response
18:18:30 orders_arb INFO gRPC sending: market buy 1 GZU6@RTSX acc=1225953 @ MKT
18:18:30 orders_arb ERROR gRPC order error (GZU6@RTSX buy 1@None): code=StatusCode.INTERNAL details=Trading is not available at the moment
18:18:30 orders_arb WARNING gRPC market failed, falling back to DP server
18:18:30 orders_arb INFO Market placed: arb_exit_1 buy 1 GZU6@RTSX id=1896048080582020526
18:18:30 robot_arb ERROR Market exit failed layer #1: A=FAIL B=OK
18:18:31 robot_arb INFO Cleanup: 1 open layers in mode=stopped, attempting close...
18:18:31 robot_arb INFO EXIT ALL 1 layers — reason=cleanup
18:18:31 robot_arb INFO EXIT layer #1 reason=cleanup | MARKET sell 10 + buy 1
18:18:31 orders_arb INFO gRPC sending: market sell 10 GAZP@MISX acc=1225950 @ MKT
18:18:31 orders_arb ERROR gRPC order error (GAZP@RTSX sell 10@None): code=StatusCode.INTERNAL details=Jwt token check failed: UNAUTHENTICATED: Token is expired
18:18:31 orders_arb WARNING gRPC market failed, falling back to DP server
18:18:31 orders_arb ERROR Market order error (GAZP@RTSX sell 10): no response
18:18:31 orders_arb INFO gRPC sending: market buy 1 GZU6@RTSX acc=1225953 @ MKT
18:18:31 orders_arb ERROR gRPC order error (GZU6@RTSX buy 1@None): code=StatusCode.INTERNAL details=Trading is not available at the moment
18:18:31 orders_arb WARNING gRPC market failed, falling back to DP server
18:18:31 orders_arb INFO Market placed: arb_exit_1 buy 1 GZU6@RTSX id=1896048080582020539
18:18:31 robot_arb ERROR Market exit failed layer #1: A=FAIL B=OK
18:18:32 robot_arb INFO Cleanup: 1 open layers in mode=stopped, attempting close...
18:18:32 robot_arb INFO EXIT ALL 1 layers — reason=cleanup
18:18:32 robot_arb INFO EXIT layer #1 reason=cleanup | MARKET sell 10 + buy 1
18:18:32 orders_arb INFO gRPC sending: market sell 10 GAZP@MISX acc=1225950 @ MKT
18:18:32 orders_arb ERROR gRPC order error (GAZP@RTSX sell 10@None): code=StatusCode.INTERNAL details=Trading is not available at the moment
18:18:32 orders_arb WARNING gRPC market failed, falling back to DP server
18:18:32 orders_arb ERROR Market order error (GAZP@RTSX sell 10): no response
18:18:32 orders_arb INFO gRPC sending: market buy 1 GZU6@RTSX acc=1225953 @ MKT
18:18:32 orders_arb ERROR gRPC order error (GZU6@RTSX buy 1@None): code=StatusCode.INTERNAL details=Jwt token check failed: UNAUTHENTICATED: Token is expired
18:18:32 orders_arb WARNING gRPC market failed, falling back to DP server
18:18:33 orders_arb INFO Market placed: arb_exit_1 buy 1 GZU6@RTSX id=1896048080582020557
18:18:33 robot_arb ERROR Market exit failed layer #1: A=FAIL B=OK
18:18:34 robot_arb INFO Cleanup: 1 open layers in mode=stopped, attempting close...
18:18:34 robot_arb INFO EXIT ALL 1 layers — reason=cleanup
18:18:34 robot_arb INFO EXIT layer #1 reason=cleanup | MARKET sell 10 + buy 1
18:18:34 orders_arb INFO gRPC sending: market sell 10 GAZP@MISX acc=1225950 @ MKT
18:18:34 orders_arb ERROR gRPC order error (GAZP@RTSX sell 10@None): code=StatusCode.INTERNAL details=Jwt token check failed: UNAUTHENTICATED: Token is expired
18:18:34 orders_arb WARNING gRPC market failed, falling back to DP server
18:18:34 orders_arb ERROR Market order error (GAZP@RTSX sell 10): no response
18:18:34 orders_arb INFO gRPC sending: market buy 1 GZU6@RTSX acc=1225953 @ MKT
18:18:34 orders_arb ERROR gRPC order error (GZU6@RTSX buy 1@None): code=StatusCode.INTERNAL details=Trading is not available at the moment
18:18:34 orders_arb WARNING gRPC market failed, falling back to DP server
18:18:34 orders_arb INFO Market placed: arb_exit_1 buy 1 GZU6@RTSX id=1896048080582020586
18:18:34 robot_arb ERROR Market exit failed layer #1: A=FAIL B=OK
18:18:35 robot_arb INFO Cleanup: 1 open layers in mode=stopped, attempting close...
18:18:35 robot_arb INFO EXIT ALL 1 layers — reason=cleanup
18:18:35 robot_arb INFO EXIT layer #1 reason=cleanup | MARKET sell 10 + buy 1
18:18:35 orders_arb INFO gRPC sending: market sell 10 GAZP@MISX acc=1225950 @ MKT
18:18:35 orders_arb ERROR gRPC order error (GAZP@RTSX sell 10@None): code=StatusCode.INTERNAL details=Jwt token check failed: UNAUTHENTICATED: Token is expired
18:18:35 orders_arb WARNING gRPC market failed, falling back to DP server
18:18:35 orders_arb ERROR Market order error (GAZP@RTSX sell 10): no response
18:18:35 orders_arb INFO gRPC sending: market buy 1 GZU6@RTSX acc=1225953 @ MKT
18:18:35 orders_arb ERROR gRPC order error (GZU6@RTSX buy 1@None): code=StatusCode.INTERNAL details=Jwt token check failed: UNAUTHENTICATED: Token is expired
18:18:35 orders_arb WARNING gRPC market failed, falling back to DP server
18:18:35 orders_arb INFO Market placed: arb_exit_1 buy 1 GZU6@RTSX id=1896048080582020594
18:18:35 robot_arb ERROR Market exit failed layer #1: A=FAIL B=OK
18:18:36 robot_arb INFO Cleanup: 1 open layers in mode=stopped, attempting close...
18:18:36 robot_arb INFO EXIT ALL 1 layers — reason=cleanup
18:18:36 robot_arb INFO EXIT layer #1 reason=cleanup | MARKET sell 10 + buy 1
18:18:36 orders_arb INFO gRPC sending: market sell 10 GAZP@MISX acc=1225950 @ MKT
18:18:36 orders_arb ERROR gRPC order error (GAZP@RTSX sell 10@None): code=StatusCode.INTERNAL details=Trading is not available at the moment
18:18:36 orders_arb WARNING gRPC market failed, falling back to DP server
18:18:37 orders_arb ERROR Market order error (GAZP@RTSX sell 10): no response
18:18:37 orders_arb INFO gRPC sending: market buy 1 GZU6@RTSX acc=1225953 @ MKT
18:18:37 orders_arb ERROR gRPC order error (GZU6@RTSX buy 1@None): code=StatusCode.INTERNAL details=Jwt token check failed: UNAUTHENTICATED: Token is expired
18:18:37 orders_arb WARNING gRPC market failed, falling back to DP server
18:18:37 orders_arb INFO Market placed: arb_exit_1 buy 1 GZU6@RTSX id=1896048080582020601
18:18:37 robot_arb ERROR Market exit failed layer #1: A=FAIL B=OK
18:18:38 robot_arb INFO Cleanup: 1 open layers in mode=stopped, attempting close...
18:18:38 robot_arb INFO EXIT ALL 1 layers — reason=cleanup
18:18:38 robot_arb INFO EXIT layer #1 reason=cleanup | MARKET sell 10 + buy 1
18:18:38 orders_arb INFO gRPC sending: market sell 10 GAZP@MISX acc=1225950 @ MKT
18:18:38 orders_arb ERROR gRPC order error (GAZP@RTSX sell 10@None): code=StatusCode.INTERNAL details=Jwt token check failed: UNAUTHENTICATED: Token is expired
18:18:38 orders_arb WARNING gRPC market failed, falling back to DP server
18:18:38 orders_arb ERROR Market order error (GAZP@RTSX sell 10): no response
18:18:38 orders_arb INFO gRPC sending: market buy 1 GZU6@RTSX acc=1225953 @ MKT
18:18:38 orders_arb ERROR gRPC order error (GZU6@RTSX buy 1@None): code=StatusCode.INTERNAL details=Jwt token check failed: UNAUTHENTICATED: Token is expired
18:18:38 orders_arb WARNING gRPC market failed, falling back to DP server
18:18:38 orders_arb INFO Market placed: arb_exit_1 buy 1 GZU6@RTSX id=1896048080582020606
18:18:38 robot_arb ERROR Market exit failed layer #1: A=FAIL B=OK
18:18:39 robot_arb INFO Cleanup: 1 open layers in mode=stopped, attempting close...
18:18:39 robot_arb INFO EXIT ALL 1 layers — reason=cleanup
18:18:39 robot_arb INFO EXIT layer #1 reason=cleanup | MARKET sell 10 + buy 1
18:18:39 orders_arb INFO gRPC sending: market sell 10 GAZP@MISX acc=1225950 @ MKT
18:18:39 orders_arb ERROR gRPC order error (GAZP@RTSX sell 10@None): code=StatusCode.INTERNAL details=Jwt token check failed: UNAUTHENTICATED: Token is expired
18:18:39 orders_arb WARNING gRPC market failed, falling back to DP server
18:18:39 orders_arb ERROR Market order error (GAZP@RTSX sell 10): no response
18:18:39 orders_arb INFO gRPC sending: market buy 1 GZU6@RTSX acc=1225953 @ MKT
18:18:39 orders_arb ERROR gRPC order error (GZU6@RTSX buy 1@None): code=StatusCode.INTERNAL details=Jwt token check failed: UNAUTHENTICATED: Token is expired
18:18:39 orders_arb WARNING gRPC market failed, falling back to DP server
18:18:40 orders_arb INFO Market placed: arb_exit_1 buy 1 GZU6@RTSX id=1896048080582020616
18:18:40 robot_arb ERROR Market exit failed layer #1: A=FAIL B=OK
18:18:41 robot_arb INFO Cleanup: 1 open layers in mode=stopped, attempting close...
18:18:41 robot_arb INFO EXIT ALL 1 layers — reason=cleanup
18:18:41 robot_arb INFO EXIT layer #1 reason=cleanup | MARKET sell 10 + buy 1
18:18:41 orders_arb INFO gRPC sending: market sell 10 GAZP@MISX acc=1225950 @ MKT
18:18:41 orders_arb ERROR gRPC order error (GAZP@RTSX sell 10@None): code=StatusCode.INTERNAL details=Jwt token check failed: UNAUTHENTICATED: Token is expired
18:18:41 orders_arb WARNING gRPC market failed, falling back to DP server
18:18:41 orders_arb ERROR Market order error (GAZP@RTSX sell 10): no response
18:18:41 orders_arb INFO gRPC sending: market buy 1 GZU6@RTSX acc=1225953 @ MKT
18:18:41 orders_arb ERROR gRPC order error (GZU6@RTSX buy 1@None): code=StatusCode.INTERNAL details=Jwt token check failed: UNAUTHENTICATED: Token is expired
18:18:41 orders_arb WARNING gRPC market failed, falling back to DP server
18:18:41 orders_arb INFO Market placed: arb_exit_1 buy 1 GZU6@RTSX id=1896048080582020626
18:18:41 robot_arb ERROR Market exit failed layer #1: A=FAIL B=OK
18:18:42 robot_arb INFO Cleanup: 1 open layers in mode=stopped, attempting close...
18:18:42 robot_arb INFO EXIT ALL 1 layers — reason=cleanup
18:18:42 robot_arb INFO EXIT layer #1 reason=cleanup | MARKET sell 10 + buy 1
18:18:42 orders_arb INFO gRPC sending: market sell 10 GAZP@MISX acc=1225950 @ MKT
18:18:42 orders_arb ERROR gRPC order error (GAZP@RTSX sell 10@None): code=StatusCode.INTERNAL details=Jwt token check failed: UNAUTHENTICATED: Token is expired
18:18:42 orders_arb WARNING gRPC market failed, falling back to DP server
18:18:42 orders_arb ERROR Market order error (GAZP@RTSX sell 10): no response
18:18:42 orders_arb INFO gRPC sending: market buy 1 GZU6@RTSX acc=1225953 @ MKT
18:18:42 orders_arb ERROR gRPC order error (GZU6@RTSX buy 1@None): code=StatusCode.INTERNAL details=Jwt token check failed: UNAUTHENTICATED: Token is expired
18:18:42 orders_arb WARNING gRPC market failed, falling back to DP server
18:18:42 orders_arb INFO Market placed: arb_exit_1 buy 1 GZU6@RTSX id=1896048080582020638
18:18:42 robot_arb ERROR Market exit failed layer #1: A=FAIL B=OK
18:18:43 robot_arb INFO Cleanup: 1 open layers in mode=stopped, attempting close...
18:18:43 robot_arb INFO EXIT ALL 1 layers — reason=cleanup
18:18:43 robot_arb INFO EXIT layer #1 reason=cleanup | MARKET sell 10 + buy 1
18:18:43 orders_arb INFO gRPC sending: market sell 10 GAZP@MISX acc=1225950 @ MKT
18:18:43 orders_arb ERROR gRPC order error (GAZP@RTSX sell 10@None): code=StatusCode.INTERNAL details=Jwt token check failed: UNAUTHENTICATED: Token is expired
18:18:43 orders_arb WARNING gRPC market failed, falling back to DP server
18:18:43 orders_arb ERROR Market order error (GAZP@RTSX sell 10): no response
18:18:43 orders_arb INFO gRPC sending: market buy 1 GZU6@RTSX acc=1225953 @ MKT
18:18:43 orders_arb ERROR gRPC order error (GZU6@RTSX buy 1@None): code=StatusCode.INTERNAL details=Jwt token check failed: UNAUTHENTICATED: Token is expired
18:18:43 orders_arb WARNING gRPC market failed, falling back to DP server
18:18:44 orders_arb INFO Market placed: arb_exit_1 buy 1 GZU6@RTSX id=1896048080582020645
18:18:44 robot_arb ERROR Market exit failed layer #1: A=FAIL B=OK
18:18:45 robot_arb INFO Cleanup: 1 open layers in mode=stopped, attempting close...
18:18:45 robot_arb INFO EXIT ALL 1 layers — reason=cleanup
18:18:45 robot_arb INFO EXIT layer #1 reason=cleanup | MARKET sell 10 + buy 1
18:18:45 orders_arb INFO gRPC sending: market sell 10 GAZP@MISX acc=1225950 @ MKT
18:18:45 orders_arb ERROR gRPC order error (GAZP@RTSX sell 10@None): code=StatusCode.INTERNAL details=Jwt token check failed: UNAUTHENTICATED: Token is expired
18:18:45 orders_arb WARNING gRPC market failed, falling back to DP server
18:18:45 orders_arb ERROR Market order error (GAZP@RTSX sell 10): no response
18:18:45 orders_arb INFO gRPC sending: market buy 1 GZU6@RTSX acc=1225953 @ MKT
18:18:45 orders_arb ERROR gRPC order error (GZU6@RTSX buy 1@None): code=StatusCode.INTERNAL details=Jwt token check failed: UNAUTHENTICATED: Token is expired
18:18:45 orders_arb WARNING gRPC market failed, falling back to DP server
18:18:45 orders_arb INFO Market placed: arb_exit_1 buy 1 GZU6@RTSX id=1896048080582020660
18:18:45 robot_arb ERROR Market exit failed layer #1: A=FAIL B=OK
18:18:46 robot_arb INFO Cleanup: 1 open layers in mode=stopped, attempting close...
18:18:46 robot_arb INFO EXIT ALL 1 layers — reason=cleanup
18:18:46 robot_arb INFO EXIT layer #1 reason=cleanup | MARKET sell 10 + buy 1
18:18:46 orders_arb INFO gRPC sending: market sell 10 GAZP@MISX acc=1225950 @ MKT
18:18:46 orders_arb ERROR gRPC order error (GAZP@RTSX sell 10@None): code=StatusCode.INTERNAL details=Jwt token check failed: UNAUTHENTICATED: Token is expired
18:18:46 orders_arb WARNING gRPC market failed, falling back to DP server
18:18:46 orders_arb ERROR Market order error (GAZP@RTSX sell 10): no response
18:18:46 orders_arb INFO gRPC sending: market buy 1 GZU6@RTSX acc=1225953 @ MKT
18:18:46 orders_arb ERROR gRPC order error (GZU6@RTSX buy 1@None): code=StatusCode.INTERNAL details=Jwt token check failed: UNAUTHENTICATED: Token is expired
18:18:46 orders_arb WARNING gRPC market failed, falling back to DP server
18:18:46 orders_arb INFO Market placed: arb_exit_1 buy 1 GZU6@RTSX id=1896048080582020667
18:18:46 robot_arb ERROR Market exit failed layer #1: A=FAIL B=OK
18:18:47 robot_arb INFO Cleanup: 1 open layers in mode=stopped, attempting close...
18:18:47 robot_arb INFO EXIT ALL 1 layers — reason=cleanup
18:18:47 robot_arb INFO EXIT layer #1 reason=cleanup | MARKET sell 10 + buy 1
18:18:47 orders_arb INFO gRPC sending: market sell 10 GAZP@MISX acc=1225950 @ MKT
18:18:47 orders_arb ERROR gRPC order error (GAZP@RTSX sell 10@None): code=StatusCode.INTERNAL details=Jwt token check failed: UNAUTHENTICATED: Token is expired
18:18:47 orders_arb WARNING gRPC market failed, falling back to DP server
18:18:47 orders_arb ERROR Market order error (GAZP@RTSX sell 10): no response
18:18:47 orders_arb INFO gRPC sending: market buy 1 GZU6@RTSX acc=1225953 @ MKT
18:18:47 orders_arb ERROR gRPC order error (GZU6@RTSX buy 1@None): code=StatusCode.INTERNAL details=Trading is not available at the moment
18:18:47 orders_arb WARNING gRPC market failed, falling back to DP server
18:18:48 orders_arb INFO Market placed: arb_exit_1 buy 1 GZU6@RTSX id=1896048080582020672
18:18:48 robot_arb ERROR Market exit failed layer #1: A=FAIL B=OK
18:18:49 robot_arb INFO Cleanup: 1 open layers in mode=stopped, attempting close...
18:18:49 robot_arb INFO EXIT ALL 1 layers — reason=cleanup
18:18:49 robot_arb INFO EXIT layer #1 reason=cleanup | MARKET sell 10 + buy 1
18:18:49 orders_arb INFO gRPC sending: market sell 10 GAZP@MISX acc=1225950 @ MKT
18:18:49 orders_arb ERROR gRPC order error (GAZP@RTSX sell 10@None): code=StatusCode.INTERNAL details=Jwt token check failed: UNAUTHENTICATED: Token is expired
18:18:49 orders_arb WARNING gRPC market failed, falling back to DP server
18:18:49 orders_arb ERROR Market order error (GAZP@RTSX sell 10): no response
18:18:49 orders_arb INFO gRPC sending: market buy 1 GZU6@RTSX acc=1225953 @ MKT
18:18:49 orders_arb ERROR gRPC order error (GZU6@RTSX buy 1@None): code=StatusCode.INTERNAL details=Jwt token check failed: UNAUTHENTICATED: Token is expired
18:18:49 orders_arb WARNING gRPC market failed, falling back to DP server
18:18:49 orders_arb INFO Market placed: arb_exit_1 buy 1 GZU6@RTSX id=1896048080582020698
18:18:49 robot_arb ERROR Market exit failed layer #1: A=FAIL B=OK
18:18:50 robot_arb INFO Cleanup: 1 open layers in mode=stopped, attempting close...
18:18:50 robot_arb INFO EXIT ALL 1 layers — reason=cleanup
18:18:50 robot_arb INFO EXIT layer #1 reason=cleanup | MARKET sell 10 + buy 1
18:18:50 orders_arb INFO gRPC sending: market sell 10 GAZP@MISX acc=1225950 @ MKT
18:18:50 orders_arb ERROR gRPC order error (GAZP@RTSX sell 10@None): code=StatusCode.INTERNAL details=Jwt token check failed: UNAUTHENTICATED: Token is expired
18:18:50 orders_arb WARNING gRPC market failed, falling back to DP server
18:18:50 orders_arb ERROR Market order error (GAZP@RTSX sell 10): no response
18:18:50 orders_arb INFO gRPC sending: market buy 1 GZU6@RTSX acc=1225953 @ MKT
18:18:50 orders_arb ERROR gRPC order error (GZU6@RTSX buy 1@None): code=StatusCode.INTERNAL details=Jwt token check failed: UNAUTHENTICATED: Token is expired
18:18:50 orders_arb WARNING gRPC market failed, falling back to DP server
18:18:50 orders_arb INFO Market placed: arb_exit_1 buy 1 GZU6@RTSX id=1896048080582020715
18:18:50 robot_arb ERROR Market exit failed layer #1: A=FAIL B=OK
18:18:51 robot_arb INFO Cleanup: 1 open layers in mode=stopped, attempting close...
18:18:51 robot_arb INFO EXIT ALL 1 layers — reason=cleanup
18:18:51 robot_arb INFO EXIT layer #1 reason=cleanup | MARKET sell 10 + buy 1
18:18:51 orders_arb INFO gRPC sending: market sell 10 GAZP@MISX acc=1225950 @ MKT
18:18:51 orders_arb ERROR gRPC order error (GAZP@RTSX sell 10@None): code=StatusCode.INTERNAL details=Jwt token check failed: UNAUTHENTICATED: Token is expired
18:18:51 orders_arb WARNING gRPC market failed, falling back to DP server
18:18:51 orders_arb ERROR Market order error (GAZP@RTSX sell 10): no response
18:18:51 orders_arb INFO gRPC sending: market buy 1 GZU6@RTSX acc=1225953 @ MKT
18:18:51 orders_arb ERROR gRPC order error (GZU6@RTSX buy 1@None): code=StatusCode.INTERNAL details=Trading is not available at the moment
18:18:51 orders_arb WARNING gRPC market failed, falling back to DP server
18:18:51 orders_arb INFO Market placed: arb_exit_1 buy 1 GZU6@RTSX id=1896048080582020716
18:18:51 robot_arb ERROR Market exit failed layer #1: A=FAIL B=OK
18:18:52 robot_arb INFO Cleanup: 1 open layers in mode=stopped, attempting close...
18:18:52 robot_arb INFO EXIT ALL 1 layers — reason=cleanup
18:18:52 robot_arb INFO EXIT layer #1 reason=cleanup | MARKET sell 10 + buy 1
18:18:52 orders_arb INFO gRPC sending: market sell 10 GAZP@MISX acc=1225950 @ MKT
18:18:53 orders_arb ERROR gRPC order error (GAZP@RTSX sell 10@None): code=StatusCode.INTERNAL details=Jwt token check failed: UNAUTHENTICATED: Token is expired
18:18:53 orders_arb WARNING gRPC market failed, falling back to DP server
18:18:53 orders_arb ERROR Market order error (GAZP@RTSX sell 10): no response
18:18:53 orders_arb INFO gRPC sending: market buy 1 GZU6@RTSX acc=1225953 @ MKT
18:18:53 orders_arb ERROR gRPC order error (GZU6@RTSX buy 1@None): code=StatusCode.INTERNAL details=Jwt token check failed: UNAUTHENTICATED: Token is expired
18:18:53 orders_arb WARNING gRPC market failed, falling back to DP server
18:18:53 orders_arb INFO Market placed: arb_exit_1 buy 1 GZU6@RTSX id=1896048080582020727
18:18:53 robot_arb ERROR Market exit failed layer #1: A=FAIL B=OK
18:18:54 robot_arb INFO Cleanup: 1 open layers in mode=stopped, attempting close...
18:18:54 robot_arb INFO EXIT ALL 1 layers — reason=cleanup
18:18:54 robot_arb INFO EXIT layer #1 reason=cleanup | MARKET sell 10 + buy 1
18:18:54 orders_arb INFO gRPC sending: market sell 10 GAZP@MISX acc=1225950 @ MKT
18:18:54 orders_arb ERROR gRPC order error (GAZP@RTSX sell 10@None): code=StatusCode.INTERNAL details=Jwt token check failed: UNAUTHENTICATED: Token is expired
18:18:54 orders_arb WARNING gRPC market failed, falling back to DP server
18:18:54 orders_arb ERROR Market order error (GAZP@RTSX sell 10): no response
18:18:54 orders_arb INFO gRPC sending: market buy 1 GZU6@RTSX acc=1225953 @ MKT
18:18:54 orders_arb ERROR gRPC order error (GZU6@RTSX buy 1@None): code=StatusCode.INTERNAL details=Jwt token check failed: UNAUTHENTICATED: Token is expired
18:18:54 orders_arb WARNING gRPC market failed, falling back to DP server
18:18:54 orders_arb INFO Market placed: arb_exit_1 buy 1 GZU6@RTSX id=1896048080582020731
18:18:54 robot_arb ERROR Market exit failed layer #1: A=FAIL B=OK
18:18:55 robot_arb INFO Cleanup: 1 open layers in mode=stopped, attempting close...
18:18:55 robot_arb INFO EXIT ALL 1 layers — reason=cleanup
18:18:55 robot_arb INFO EXIT layer #1 reason=cleanup | MARKET sell 10 + buy 1
18:18:55 orders_arb INFO gRPC sending: market sell 10 GAZP@MISX acc=1225950 @ MKT
18:18:55 orders_arb ERROR gRPC order error (GAZP@RTSX sell 10@None): code=StatusCode.INTERNAL details=Jwt token check failed: UNAUTHENTICATED: Token is expired
18:18:55 orders_arb WARNING gRPC market failed, falling back to DP server
18:18:55 orders_arb ERROR Market order error (GAZP@RTSX sell 10): no response
18:18:55 orders_arb INFO gRPC sending: market buy 1 GZU6@RTSX acc=1225953 @ MKT
18:18:55 orders_arb ERROR gRPC order error (GZU6@RTSX buy 1@None): code=StatusCode.INTERNAL details=Trading is not available at the moment
18:18:55 orders_arb WARNING gRPC market failed, falling back to DP server
18:18:56 orders_arb INFO Market placed: arb_exit_1 buy 1 GZU6@RTSX id=1896048080582020739
18:18:56 robot_arb ERROR Market exit failed layer #1: A=FAIL B=OK
18:18:57 robot_arb INFO Cleanup: 1 open layers in mode=stopped, attempting close...
18:18:57 robot_arb INFO EXIT ALL 1 layers — reason=cleanup
18:18:57 robot_arb INFO EXIT layer #1 reason=cleanup | MARKET sell 10 + buy 1
18:18:57 orders_arb INFO gRPC sending: market sell 10 GAZP@MISX acc=1225950 @ MKT
18:18:57 orders_arb ERROR gRPC order error (GAZP@RTSX sell 10@None): code=StatusCode.INTERNAL details=Jwt token check failed: UNAUTHENTICATED: Token is expired
18:18:57 orders_arb WARNING gRPC market failed, falling back to DP server
18:18:57 orders_arb ERROR Market order error (GAZP@RTSX sell 10): no response
18:18:57 orders_arb INFO gRPC sending: market buy 1 GZU6@RTSX acc=1225953 @ MKT
18:18:57 orders_arb ERROR gRPC order error (GZU6@RTSX buy 1@None): code=StatusCode.INTERNAL details=Jwt token check failed: UNAUTHENTICATED: Token is expired
18:18:57 orders_arb WARNING gRPC market failed, falling back to DP server
18:18:57 orders_arb INFO Market placed: arb_exit_1 buy 1 GZU6@RTSX id=1896048080582020742
18:18:57 robot_arb ERROR Market exit failed layer #1: A=FAIL B=OK
18:18:58 robot_arb INFO Cleanup: 1 open layers in mode=stopped, attempting close...
18:18:58 robot_arb INFO EXIT ALL 1 layers — reason=cleanup
18:18:58 robot_arb INFO EXIT layer #1 reason=cleanup | MARKET sell 10 + buy 1
18:18:58 orders_arb INFO gRPC sending: market sell 10 GAZP@MISX acc=1225950 @ MKT
18:18:58 orders_arb ERROR gRPC order error (GAZP@RTSX sell 10@None): code=StatusCode.INTERNAL details=Jwt token check failed: UNAUTHENTICATED: Token is expired
18:18:58 orders_arb WARNING gRPC market failed, falling back to DP server
18:18:58 orders_arb ERROR Market order error (GAZP@RTSX sell 10): no response
18:18:58 orders_arb INFO gRPC sending: market buy 1 GZU6@RTSX acc=1225953 @ MKT
18:18:58 orders_arb ERROR gRPC order error (GZU6@RTSX buy 1@None): code=StatusCode.INTERNAL details=Trading is not available at the moment
18:18:58 orders_arb WARNING gRPC market failed, falling back to DP server
18:18:58 orders_arb INFO Market placed: arb_exit_1 buy 1 GZU6@RTSX id=1896048080582020744
18:18:58 robot_arb ERROR Market exit failed layer #1: A=FAIL B=OK
18:18:59 robot_arb INFO Cleanup: 1 open layers in mode=stopped, attempting close...
18:18:59 robot_arb INFO EXIT ALL 1 layers — reason=cleanup
18:18:59 robot_arb INFO EXIT layer #1 reason=cleanup | MARKET sell 10 + buy 1
18:18:59 orders_arb INFO gRPC sending: market sell 10 GAZP@MISX acc=1225950 @ MKT
18:18:59 orders_arb ERROR gRPC order error (GAZP@RTSX sell 10@None): code=StatusCode.INTERNAL details=Jwt token check failed: UNAUTHENTICATED: Token is expired
18:18:59 orders_arb WARNING gRPC market failed, falling back to DP server
18:18:59 orders_arb ERROR Market order error (GAZP@RTSX sell 10): no response
18:18:59 orders_arb INFO gRPC sending: market buy 1 GZU6@RTSX acc=1225953 @ MKT
18:18:59 orders_arb ERROR gRPC order error (GZU6@RTSX buy 1@None): code=StatusCode.INTERNAL details=Jwt token check failed: UNAUTHENTICATED: Token is expired
18:18:59 orders_arb WARNING gRPC market failed, falling back to DP server
18:19:00 orders_arb INFO Market placed: arb_exit_1 buy 1 GZU6@RTSX id=1896048080582020745
18:19:00 robot_arb ERROR Market exit failed layer #1: A=FAIL B=OK
18:19:01 robot_arb INFO Cleanup: 1 open layers in mode=stopped, attempting close...
18:19:01 robot_arb INFO EXIT ALL 1 layers — reason=cleanup
18:19:01 robot_arb INFO EXIT layer #1 reason=cleanup | MARKET sell 10 + buy 1
18:19:01 orders_arb INFO gRPC sending: market sell 10 GAZP@MISX acc=1225950 @ MKT
18:19:01 orders_arb ERROR gRPC order error (GAZP@RTSX sell 10@None): code=StatusCode.INTERNAL details=Jwt token check failed: UNAUTHENTICATED: Token is expired
18:19:01 orders_arb WARNING gRPC market failed, falling back to DP server
18:19:01 orders_arb ERROR Market order error (GAZP@RTSX sell 10): no response
18:19:01 orders_arb INFO gRPC sending: market buy 1 GZU6@RTSX acc=1225953 @ MKT
18:19:01 orders_arb ERROR gRPC order error (GZU6@RTSX buy 1@None): code=StatusCode.INTERNAL details=Trading is not available at the moment
18:19:01 orders_arb WARNING gRPC market failed, falling back to DP server
18:19:01 orders_arb INFO Market placed: arb_exit_1 buy 1 GZU6@RTSX id=1896048080582020774
18:19:01 robot_arb ERROR Market exit failed layer #1: A=FAIL B=OK
18:19:02 robot_arb INFO Cleanup: 1 open layers in mode=stopped, attempting close...
18:19:02 robot_arb INFO EXIT ALL 1 layers — reason=cleanup
18:19:02 robot_arb INFO EXIT layer #1 reason=cleanup | MARKET sell 10 + buy 1
18:19:02 orders_arb INFO gRPC sending: market sell 10 GAZP@MISX acc=1225950 @ MKT
18:19:02 orders_arb ERROR gRPC order error (GAZP@RTSX sell 10@None): code=StatusCode.INTERNAL details=Jwt token check failed: UNAUTHENTICATED: Token is expired
18:19:02 orders_arb WARNING gRPC market failed, falling back to DP server
18:19:02 orders_arb ERROR Market order error (GAZP@RTSX sell 10): no response
18:19:02 orders_arb INFO gRPC sending: market buy 1 GZU6@RTSX acc=1225953 @ MKT
18:19:02 orders_arb ERROR gRPC order error (GZU6@RTSX buy 1@None): code=StatusCode.INTERNAL details=Jwt token check failed: UNAUTHENTICATED: Token is expired
18:19:02 orders_arb WARNING gRPC market failed, falling back to DP server
18:19:03 orders_arb INFO Market placed: arb_exit_1 buy 1 GZU6@RTSX id=1896048080582020798
18:19:03 robot_arb ERROR Market exit failed layer #1: A=FAIL B=OK
18:19:04 robot_arb INFO Cleanup: 1 open layers in mode=stopped, attempting close...
18:19:04 robot_arb INFO EXIT ALL 1 layers — reason=cleanup
18:19:04 robot_arb INFO EXIT layer #1 reason=cleanup | MARKET sell 10 + buy 1
18:19:04 orders_arb INFO gRPC sending: market sell 10 GAZP@MISX acc=1225950 @ MKT
18:19:04 orders_arb ERROR gRPC order error (GAZP@RTSX sell 10@None): code=StatusCode.INTERNAL details=Jwt token check failed: UNAUTHENTICATED: Token is expired
18:19:04 orders_arb WARNING gRPC market failed, falling back to DP server
18:19:04 orders_arb ERROR Market order error (GAZP@RTSX sell 10): no response
18:19:04 orders_arb INFO gRPC sending: market buy 1 GZU6@RTSX acc=1225953 @ MKT
18:19:04 orders_arb ERROR gRPC order error (GZU6@RTSX buy 1@None): code=StatusCode.INTERNAL details=Jwt token check failed: UNAUTHENTICATED: Token is expired
18:19:04 orders_arb WARNING gRPC market failed, falling back to DP server
18:19:04 orders_arb INFO Market placed: arb_exit_1 buy 1 GZU6@RTSX id=1896048080582020805
18:19:04 robot_arb ERROR Market exit failed layer #1: A=FAIL B=OK
18:19:05 robot_arb INFO Cleanup: 1 open layers in mode=stopped, attempting close...
18:19:05 robot_arb INFO EXIT ALL 1 layers — reason=cleanup
18:19:05 robot_arb INFO EXIT layer #1 reason=cleanup | MARKET sell 10 + buy 1
18:19:05 orders_arb INFO gRPC sending: market sell 10 GAZP@MISX acc=1225950 @ MKT
18:19:05 orders_arb ERROR gRPC order error (GAZP@RTSX sell 10@None): code=StatusCode.INTERNAL details=Trading is not available at the moment
18:19:05 orders_arb WARNING gRPC market failed, falling back to DP server
18:19:06 orders_arb ERROR Market order error (GAZP@RTSX sell 10): no response
18:19:06 orders_arb INFO gRPC sending: market buy 1 GZU6@RTSX acc=1225953 @ MKT
18:19:06 orders_arb ERROR gRPC order error (GZU6@RTSX buy 1@None): code=StatusCode.INTERNAL details=Jwt token check failed: UNAUTHENTICATED: Token is expired
18:19:06 orders_arb WARNING gRPC market failed, falling back to DP server
18:19:06 orders_arb INFO Market placed: arb_exit_1 buy 1 GZU6@RTSX id=1896048080582020809
18:19:06 robot_arb ERROR Market exit failed layer #1: A=FAIL B=OK
18:19:07 robot_arb INFO Cleanup: 1 open layers in mode=stopped, attempting close...
18:19:07 robot_arb INFO EXIT ALL 1 layers — reason=cleanup
18:19:07 robot_arb INFO EXIT layer #1 reason=cleanup | MARKET sell 10 + buy 1
18:19:07 orders_arb INFO gRPC sending: market sell 10 GAZP@MISX acc=1225950 @ MKT
18:19:07 orders_arb ERROR gRPC order error (GAZP@RTSX sell 10@None): code=StatusCode.INTERNAL details=Trading is not available at the moment
18:19:07 orders_arb WARNING gRPC market failed, falling back to DP server
18:19:07 orders_arb ERROR Market order error (GAZP@RTSX sell 10): no response
18:19:07 orders_arb INFO gRPC sending: market buy 1 GZU6@RTSX acc=1225953 @ MKT
18:19:07 orders_arb ERROR gRPC order error (GZU6@RTSX buy 1@None): code=StatusCode.INTERNAL details=Jwt token check failed: UNAUTHENTICATED: Token is expired
18:19:07 orders_arb WARNING gRPC market failed, falling back to DP server
18:19:07 orders_arb INFO Market placed: arb_exit_1 buy 1 GZU6@RTSX id=1896048080582020915
18:19:07 robot_arb ERROR Market exit failed layer #1: A=FAIL B=OK
18:19:08 robot_arb INFO Cleanup: 1 open layers in mode=stopped, attempting close...
18:19:08 robot_arb INFO EXIT ALL 1 layers — reason=cleanup
18:19:08 robot_arb INFO EXIT layer #1 reason=cleanup | MARKET sell 10 + buy 1
18:19:08 orders_arb INFO gRPC sending: market sell 10 GAZP@MISX acc=1225950 @ MKT
18:19:08 orders_arb ERROR gRPC order error (GAZP@RTSX sell 10@None): code=StatusCode.INTERNAL details=Jwt token check failed: UNAUTHENTICATED: Token is expired
18:19:08 orders_arb WARNING gRPC market failed, falling back to DP server
18:19:09 orders_arb ERROR Market order error (GAZP@RTSX sell 10): no response
18:19:09 orders_arb INFO gRPC sending: market buy 1 GZU6@RTSX acc=1225953 @ MKT
18:19:09 orders_arb ERROR gRPC order error (GZU6@RTSX buy 1@None): code=StatusCode.INTERNAL details=Jwt token check failed: UNAUTHENTICATED: Token is expired
18:19:09 orders_arb WARNING gRPC market failed, falling back to DP server
18:19:09 orders_arb INFO Market placed: arb_exit_1 buy 1 GZU6@RTSX id=1896048080582020949
18:19:09 robot_arb ERROR Market exit failed layer #1: A=FAIL B=OK
18:19:10 robot_arb INFO Cleanup: 1 open layers in mode=stopped, attempting close...
18:19:10 robot_arb INFO EXIT ALL 1 layers — reason=cleanup
18:19:10 robot_arb INFO EXIT layer #1 reason=cleanup | MARKET sell 10 + buy 1
18:19:10 orders_arb INFO gRPC sending: market sell 10 GAZP@MISX acc=1225950 @ MKT
18:19:10 orders_arb ERROR gRPC order error (GAZP@RTSX sell 10@None): code=StatusCode.INTERNAL details=Jwt token check failed: UNAUTHENTICATED: Token is expired
18:19:10 orders_arb WARNING gRPC market failed, falling back to DP server
18:19:10 orders_arb ERROR Market order error (GAZP@RTSX sell 10): no response
18:19:10 orders_arb INFO gRPC sending: market buy 1 GZU6@RTSX acc=1225953 @ MKT
18:19:10 orders_arb ERROR gRPC order error (GZU6@RTSX buy 1@None): code=StatusCode.INTERNAL details=Jwt token check failed: UNAUTHENTICATED: Token is expired
18:19:10 orders_arb WARNING gRPC market failed, falling back to DP server
18:19:10 orders_arb INFO Market placed: arb_exit_1 buy 1 GZU6@RTSX id=1896048080582020972
18:19:10 robot_arb ERROR Market exit failed layer #1: A=FAIL B=OK
18:19:11 robot_arb INFO Cleanup: 1 open layers in mode=stopped, attempting close...
18:19:11 robot_arb INFO EXIT ALL 1 layers — reason=cleanup
18:19:11 robot_arb INFO EXIT layer #1 reason=cleanup | MARKET sell 10 + buy 1
18:19:11 orders_arb INFO gRPC sending: market sell 10 GAZP@MISX acc=1225950 @ MKT
18:19:11 orders_arb ERROR gRPC order error (GAZP@RTSX sell 10@None): code=StatusCode.INTERNAL details=Jwt token check failed: UNAUTHENTICATED: Token is expired
18:19:11 orders_arb WARNING gRPC market failed, falling back to DP server
18:19:11 orders_arb ERROR Market order error (GAZP@RTSX sell 10): no response
18:19:11 orders_arb INFO gRPC sending: market buy 1 GZU6@RTSX acc=1225953 @ MKT
18:19:11 orders_arb ERROR gRPC order error (GZU6@RTSX buy 1@None): code=StatusCode.INTERNAL details=Jwt token check failed: UNAUTHENTICATED: Token is expired
18:19:11 orders_arb WARNING gRPC market failed, falling back to DP server
18:19:11 orders_arb INFO Market placed: arb_exit_1 buy 1 GZU6@RTSX id=1896048080582020982
18:19:11 robot_arb ERROR Market exit failed layer #1: A=FAIL B=OK
18:19:12 robot_arb INFO Cleanup: 1 open layers in mode=stopped, attempting close...
18:19:12 robot_arb INFO EXIT ALL 1 layers — reason=cleanup
18:19:12 robot_arb INFO EXIT layer #1 reason=cleanup | MARKET sell 10 + buy 1
18:19:12 orders_arb INFO gRPC sending: market sell 10 GAZP@MISX acc=1225950 @ MKT
18:19:12 orders_arb ERROR gRPC order error (GAZP@RTSX sell 10@None): code=StatusCode.INTERNAL details=Jwt token check failed: UNAUTHENTICATED: Token is expired
18:19:12 orders_arb WARNING gRPC market failed, falling back to DP server
18:19:13 orders_arb ERROR Market order error (GAZP@RTSX sell 10): no response
18:19:13 orders_arb INFO gRPC sending: market buy 1 GZU6@RTSX acc=1225953 @ MKT
18:19:13 orders_arb ERROR gRPC order error (GZU6@RTSX buy 1@None): code=StatusCode.INTERNAL details=Jwt token check failed: UNAUTHENTICATED: Token is expired
18:19:13 orders_arb WARNING gRPC market failed, falling back to DP server
18:19:13 orders_arb INFO Market placed: arb_exit_1 buy 1 GZU6@RTSX id=1896048080582020990
18:19:13 robot_arb ERROR Market exit failed layer #1: A=FAIL B=OK
18:19:14 robot_arb INFO Cleanup: 1 open layers in mode=stopped, attempting close...
18:19:14 robot_arb INFO EXIT ALL 1 layers — reason=cleanup
18:19:14 robot_arb INFO EXIT layer #1 reason=cleanup | MARKET sell 10 + buy 1
18:19:14 orders_arb INFO gRPC sending: market sell 10 GAZP@MISX acc=1225950 @ MKT
18:19:14 orders_arb ERROR gRPC order error (GAZP@RTSX sell 10@None): code=StatusCode.INTERNAL details=Jwt token check failed: UNAUTHENTICATED: Token is expired
18:19:14 orders_arb WARNING gRPC market failed, falling back to DP server
18:19:14 orders_arb ERROR Market order error (GAZP@RTSX sell 10): no response
18:19:14 orders_arb INFO gRPC sending: market buy 1 GZU6@RTSX acc=1225953 @ MKT
18:19:14 orders_arb ERROR gRPC order error (GZU6@RTSX buy 1@None): code=StatusCode.INTERNAL details=Jwt token check failed: UNAUTHENTICATED: Token is expired
18:19:14 orders_arb WARNING gRPC market failed, falling back to DP server
18:19:14 orders_arb INFO Market placed: arb_exit_1 buy 1 GZU6@RTSX id=1896048080582020992
18:19:14 robot_arb ERROR Market exit failed layer #1: A=FAIL B=OK
18:19:15 robot_arb INFO Cleanup: 1 open layers in mode=stopped, attempting close...
18:19:15 robot_arb INFO EXIT ALL 1 layers — reason=cleanup
18:19:15 robot_arb INFO EXIT layer #1 reason=cleanup | MARKET sell 10 + buy 1
18:19:15 orders_arb INFO gRPC sending: market sell 10 GAZP@MISX acc=1225950 @ MKT
18:19:15 orders_arb ERROR gRPC order error (GAZP@RTSX sell 10@None): code=StatusCode.INTERNAL details=Jwt token check failed: UNAUTHENTICATED: Token is expired
18:19:15 orders_arb WARNING gRPC market failed, falling back to DP server
18:19:15 orders_arb ERROR Market order error (GAZP@RTSX sell 10): no response
18:19:15 orders_arb INFO gRPC sending: market buy 1 GZU6@RTSX acc=1225953 @ MKT
18:19:15 orders_arb ERROR gRPC order error (GZU6@RTSX buy 1@None): code=StatusCode.INTERNAL details=Jwt token check failed: UNAUTHENTICATED: Token is expired
18:19:15 orders_arb WARNING gRPC market failed, falling back to DP server
18:19:16 orders_arb INFO Market placed: arb_exit_1 buy 1 GZU6@RTSX id=1896048080582020998
18:19:16 robot_arb ERROR Market exit failed layer #1: A=FAIL B=OK
18:19:17 robot_arb INFO Cleanup: 1 open layers in mode=stopped, attempting close...
18:19:17 robot_arb INFO EXIT ALL 1 layers — reason=cleanup
18:19:17 robot_arb INFO EXIT layer #1 reason=cleanup | MARKET sell 10 + buy 1
18:19:17 orders_arb INFO gRPC sending: market sell 10 GAZP@MISX acc=1225950 @ MKT
18:19:17 orders_arb ERROR gRPC order error (GAZP@RTSX sell 10@None): code=StatusCode.INTERNAL details=Jwt token check failed: UNAUTHENTICATED: Token is expired
18:19:17 orders_arb WARNING gRPC market failed, falling back to DP server
18:19:17 orders_arb ERROR Market order error (GAZP@RTSX sell 10): no response
18:19:17 orders_arb INFO gRPC sending: market buy 1 GZU6@RTSX acc=1225953 @ MKT
18:19:17 orders_arb ERROR gRPC order error (GZU6@RTSX buy 1@None): code=StatusCode.INTERNAL details=Jwt token check failed: UNAUTHENTICATED: Token is expired
18:19:17 orders_arb WARNING gRPC market failed, falling back to DP server
18:19:17 orders_arb INFO Market placed: arb_exit_1 buy 1 GZU6@RTSX id=1896048080582021004
18:19:17 robot_arb ERROR Market exit failed layer #1: A=FAIL B=OK
18:19:18 robot_arb INFO Cleanup: 1 open layers in mode=stopped, attempting close...
18:19:18 robot_arb INFO EXIT ALL 1 layers — reason=cleanup
18:19:18 robot_arb INFO EXIT layer #1 reason=cleanup | MARKET sell 10 + buy 1
18:19:18 orders_arb INFO gRPC sending: market sell 10 GAZP@MISX acc=1225950 @ MKT
18:19:18 orders_arb ERROR gRPC order error (GAZP@RTSX sell 10@None): code=StatusCode.INTERNAL details=Jwt token check failed: UNAUTHENTICATED: Token is expired
18:19:18 orders_arb WARNING gRPC market failed, falling back to DP server
18:19:18 orders_arb ERROR Market order error (GAZP@RTSX sell 10): no response
18:19:18 orders_arb INFO gRPC sending: market buy 1 GZU6@RTSX acc=1225953 @ MKT
18:19:18 orders_arb ERROR gRPC order error (GZU6@RTSX buy 1@None): code=StatusCode.INTERNAL details=Jwt token check failed: UNAUTHENTICATED: Token is expired
18:19:18 orders_arb WARNING gRPC market failed, falling back to DP server
18:19:18 orders_arb INFO Market placed: arb_exit_1 buy 1 GZU6@RTSX id=1896048080582021020
18:19:18 robot_arb ERROR Market exit failed layer #1: A=FAIL B=OK
18:19:19 robot_arb INFO Cleanup: 1 open layers in mode=stopped, attempting close...
18:19:19 robot_arb INFO EXIT ALL 1 layers — reason=cleanup
18:19:19 robot_arb INFO EXIT layer #1 reason=cleanup | MARKET sell 10 + buy 1
18:19:19 orders_arb INFO gRPC sending: market sell 10 GAZP@MISX acc=1225950 @ MKT
18:19:19 orders_arb ERROR gRPC order error (GAZP@RTSX sell 10@None): code=StatusCode.INTERNAL details=Jwt token check failed: UNAUTHENTICATED: Token is expired
18:19:19 orders_arb WARNING gRPC market failed, falling back to DP server
18:19:19 orders_arb ERROR Market order error (GAZP@RTSX sell 10): no response
18:19:19 orders_arb INFO gRPC sending: market buy 1 GZU6@RTSX acc=1225953 @ MKT
18:19:19 orders_arb ERROR gRPC order error (GZU6@RTSX buy 1@None): code=StatusCode.INTERNAL details=Jwt token check failed: UNAUTHENTICATED: Token is expired
18:19:19 orders_arb WARNING gRPC market failed, falling back to DP server
18:19:20 orders_arb INFO Market placed: arb_exit_1 buy 1 GZU6@RTSX id=1896048080582021024
18:19:20 robot_arb ERROR Market exit failed layer #1: A=FAIL B=OK
18:19:21 robot_arb INFO Cleanup: 1 open layers in mode=stopped, attempting close...
18:19:21 robot_arb INFO EXIT ALL 1 layers — reason=cleanup
18:19:21 robot_arb INFO EXIT layer #1 reason=cleanup | MARKET sell 10 + buy 1
18:19:21 orders_arb INFO gRPC sending: market sell 10 GAZP@MISX acc=1225950 @ MKT
18:19:21 orders_arb ERROR gRPC order error (GAZP@RTSX sell 10@None): code=StatusCode.INTERNAL details=Jwt token check failed: UNAUTHENTICATED: Token is expired
18:19:21 orders_arb WARNING gRPC market failed, falling back to DP server
18:19:21 orders_arb ERROR Market order error (GAZP@RTSX sell 10): no response
18:19:21 orders_arb INFO gRPC sending: market buy 1 GZU6@RTSX acc=1225953 @ MKT
18:19:21 orders_arb ERROR gRPC order error (GZU6@RTSX buy 1@None): code=StatusCode.INTERNAL details=Jwt token check failed: UNAUTHENTICATED: Token is expired
18:19:21 orders_arb WARNING gRPC market failed, falling back to DP server
18:19:21 orders_arb INFO Market placed: arb_exit_1 buy 1 GZU6@RTSX id=1896048080582021031
18:19:21 robot_arb ERROR Market exit failed layer #1: A=FAIL B=OK
18:19:22 robot_arb INFO Cleanup: 1 open layers in mode=stopped, attempting close...
18:19:22 robot_arb INFO EXIT ALL 1 layers — reason=cleanup
18:19:22 robot_arb INFO EXIT layer #1 reason=cleanup | MARKET sell 10 + buy 1
18:19:22 orders_arb INFO gRPC sending: market sell 10 GAZP@MISX acc=1225950 @ MKT
18:19:22 orders_arb ERROR gRPC order error (GAZP@RTSX sell 10@None): code=StatusCode.INTERNAL details=Jwt token check failed: UNAUTHENTICATED: Token is expired
18:19:22 orders_arb WARNING gRPC market failed, falling back to DP server
18:19:22 orders_arb ERROR Market order error (GAZP@RTSX sell 10): no response
18:19:22 orders_arb INFO gRPC sending: market buy 1 GZU6@RTSX acc=1225953 @ MKT
18:19:23 orders_arb ERROR gRPC order error (GZU6@RTSX buy 1@None): code=StatusCode.INTERNAL details=Trading is not available at the moment
18:19:23 orders_arb WARNING gRPC market failed, falling back to DP server
18:19:23 orders_arb INFO Market placed: arb_exit_1 buy 1 GZU6@RTSX id=1896048080582021036
18:19:23 robot_arb ERROR Market exit failed layer #1: A=FAIL B=OK
18:19:24 robot_arb INFO Cleanup: 1 open layers in mode=stopped, attempting close...
18:19:24 robot_arb INFO EXIT ALL 1 layers — reason=cleanup
18:19:24 robot_arb INFO EXIT layer #1 reason=cleanup | MARKET sell 10 + buy 1
18:19:24 orders_arb INFO gRPC sending: market sell 10 GAZP@MISX acc=1225950 @ MKT
18:19:24 orders_arb ERROR gRPC order error (GAZP@RTSX sell 10@None): code=StatusCode.INTERNAL details=Jwt token check failed: UNAUTHENTICATED: Token is expired
18:19:24 orders_arb WARNING gRPC market failed, falling back to DP server
18:19:24 orders_arb ERROR Market order error (GAZP@RTSX sell 10): no response
18:19:24 orders_arb INFO gRPC sending: market buy 1 GZU6@RTSX acc=1225953 @ MKT
18:19:24 orders_arb ERROR gRPC order error (GZU6@RTSX buy 1@None): code=StatusCode.INTERNAL details=Jwt token check failed: UNAUTHENTICATED: Token is expired
18:19:24 orders_arb WARNING gRPC market failed, falling back to DP server
18:19:24 orders_arb INFO Market placed: arb_exit_1 buy 1 GZU6@RTSX id=1896048080582021043
18:19:24 robot_arb ERROR Market exit failed layer #1: A=FAIL B=OK
18:19:25 robot_arb INFO Cleanup: 1 open layers in mode=stopped, attempting close...
18:19:25 robot_arb INFO EXIT ALL 1 layers — reason=cleanup
18:19:25 robot_arb INFO EXIT layer #1 reason=cleanup | MARKET sell 10 + buy 1
18:19:25 orders_arb INFO gRPC sending: market sell 10 GAZP@MISX acc=1225950 @ MKT
18:19:25 orders_arb ERROR gRPC order error (GAZP@RTSX sell 10@None): code=StatusCode.INTERNAL details=Jwt token check failed: UNAUTHENTICATED: Token is expired
18:19:25 orders_arb WARNING gRPC market failed, falling back to DP server
18:19:25 orders_arb ERROR Market order error (GAZP@RTSX sell 10): no response
18:19:25 orders_arb INFO gRPC sending: market buy 1 GZU6@RTSX acc=1225953 @ MKT
18:19:25 orders_arb ERROR gRPC order error (GZU6@RTSX buy 1@None): code=StatusCode.INTERNAL details=Jwt token check failed: UNAUTHENTICATED: Token is expired
18:19:25 orders_arb WARNING gRPC market failed, falling back to DP server
18:19:25 orders_arb INFO Market placed: arb_exit_1 buy 1 GZU6@RTSX id=1896048080582021045
18:19:25 robot_arb ERROR Market exit failed layer #1: A=FAIL B=OK
18:19:26 robot_arb INFO Cleanup: 1 open layers in mode=stopped, attempting close...
18:19:26 robot_arb INFO EXIT ALL 1 layers — reason=cleanup
18:19:26 robot_arb INFO EXIT layer #1 reason=cleanup | MARKET sell 10 + buy 1
18:19:26 orders_arb INFO gRPC sending: market sell 10 GAZP@MISX acc=1225950 @ MKT
18:19:26 orders_arb ERROR gRPC order error (GAZP@RTSX sell 10@None): code=StatusCode.INTERNAL details=Jwt token check failed: UNAUTHENTICATED: Token is expired
18:19:26 orders_arb WARNING gRPC market failed, falling back to DP server
18:19:27 orders_arb ERROR Market order error (GAZP@RTSX sell 10): no response
18:19:27 orders_arb INFO gRPC sending: market buy 1 GZU6@RTSX acc=1225953 @ MKT
18:19:27 orders_arb ERROR gRPC order error (GZU6@RTSX buy 1@None): code=StatusCode.INTERNAL details=Jwt token check failed: UNAUTHENTICATED: Token is expired
18:19:27 orders_arb WARNING gRPC market failed, falling back to DP server
18:19:27 orders_arb INFO Market placed: arb_exit_1 buy 1 GZU6@RTSX id=1896048080582021066
18:19:27 robot_arb ERROR Market exit failed layer #1: A=FAIL B=OK
18:19:28 robot_arb INFO Cleanup: 1 open layers in mode=stopped, attempting close...
18:19:28 robot_arb INFO EXIT ALL 1 layers — reason=cleanup
18:19:28 robot_arb INFO EXIT layer #1 reason=cleanup | MARKET sell 10 + buy 1
18:19:28 orders_arb INFO gRPC sending: market sell 10 GAZP@MISX acc=1225950 @ MKT
18:19:28 orders_arb ERROR gRPC order error (GAZP@RTSX sell 10@None): code=StatusCode.INTERNAL details=Trading is not available at the moment
18:19:28 orders_arb WARNING gRPC market failed, falling back to DP server
18:19:28 orders_arb ERROR Market order error (GAZP@RTSX sell 10): no response
18:19:28 orders_arb INFO gRPC sending: market buy 1 GZU6@RTSX acc=1225953 @ MKT
18:19:28 orders_arb ERROR gRPC order error (GZU6@RTSX buy 1@None): code=StatusCode.INTERNAL details=Jwt token check failed: UNAUTHENTICATED: Token is expired
18:19:28 orders_arb WARNING gRPC market failed, falling back to DP server
18:19:28 orders_arb INFO Market placed: arb_exit_1 buy 1 GZU6@RTSX id=1896048080582021094
18:19:28 robot_arb ERROR Market exit failed layer #1: A=FAIL B=OK
18:19:29 robot_arb INFO Cleanup: 1 open layers in mode=stopped, attempting close...
18:19:29 robot_arb INFO EXIT ALL 1 layers — reason=cleanup
18:19:29 robot_arb INFO EXIT layer #1 reason=cleanup | MARKET sell 10 + buy 1
18:19:29 orders_arb INFO gRPC sending: market sell 10 GAZP@MISX acc=1225950 @ MKT
18:19:29 orders_arb ERROR gRPC order error (GAZP@RTSX sell 10@None): code=StatusCode.INTERNAL details=Trading is not available at the moment
18:19:29 orders_arb WARNING gRPC market failed, falling back to DP server
18:19:29 orders_arb ERROR Market order error (GAZP@RTSX sell 10): no response
18:19:29 orders_arb INFO gRPC sending: market buy 1 GZU6@RTSX acc=1225953 @ MKT
18:19:29 orders_arb ERROR gRPC order error (GZU6@RTSX buy 1@None): code=StatusCode.INTERNAL details=Jwt token check failed: UNAUTHENTICATED: Token is expired
18:19:29 orders_arb WARNING gRPC market failed, falling back to DP server
18:19:30 orders_arb INFO Market placed: arb_exit_1 buy 1 GZU6@RTSX id=1896048080582021126
18:19:30 robot_arb ERROR Market exit failed layer #1: A=FAIL B=OK
18:19:31 robot_arb INFO Cleanup: 1 open layers in mode=stopped, attempting close...
18:19:31 robot_arb INFO EXIT ALL 1 layers — reason=cleanup
18:19:31 robot_arb INFO EXIT layer #1 reason=cleanup | MARKET sell 10 + buy 1
18:19:31 orders_arb INFO gRPC sending: market sell 10 GAZP@MISX acc=1225950 @ MKT
18:19:31 orders_arb ERROR gRPC order error (GAZP@RTSX sell 10@None): code=StatusCode.INTERNAL details=Jwt token check failed: UNAUTHENTICATED: Token is expired
18:19:31 orders_arb WARNING gRPC market failed, falling back to DP server
18:19:31 orders_arb ERROR Market order error (GAZP@RTSX sell 10): no response
18:19:31 orders_arb INFO gRPC sending: market buy 1 GZU6@RTSX acc=1225953 @ MKT
18:19:31 orders_arb ERROR gRPC order error (GZU6@RTSX buy 1@None): code=StatusCode.INTERNAL details=Jwt token check failed: UNAUTHENTICATED: Token is expired
18:19:31 orders_arb WARNING gRPC market failed, falling back to DP server
18:19:31 orders_arb INFO Market placed: arb_exit_1 buy 1 GZU6@RTSX id=1896048080582021158
18:19:31 robot_arb ERROR Market exit failed layer #1: A=FAIL B=OK
18:19:32 robot_arb INFO Cleanup: 1 open layers in mode=stopped, attempting close...
18:19:32 robot_arb INFO EXIT ALL 1 layers — reason=cleanup
18:19:32 robot_arb INFO EXIT layer #1 reason=cleanup | MARKET sell 10 + buy 1
18:19:32 orders_arb INFO gRPC sending: market sell 10 GAZP@MISX acc=1225950 @ MKT
18:19:32 orders_arb ERROR gRPC order error (GAZP@RTSX sell 10@None): code=StatusCode.INTERNAL details=Jwt token check failed: UNAUTHENTICATED: Token is expired
18:19:32 orders_arb WARNING gRPC market failed, falling back to DP server
18:19:32 orders_arb ERROR Market order error (GAZP@RTSX sell 10): no response
18:19:32 orders_arb INFO gRPC sending: market buy 1 GZU6@RTSX acc=1225953 @ MKT
18:19:32 orders_arb ERROR gRPC order error (GZU6@RTSX buy 1@None): code=StatusCode.INTERNAL details=Trading is not available at the moment
18:19:32 orders_arb WARNING gRPC market failed, falling back to DP server
18:19:33 orders_arb INFO Market placed: arb_exit_1 buy 1 GZU6@RTSX id=1896048080582021160
18:19:33 robot_arb ERROR Market exit failed layer #1: A=FAIL B=OK
18:19:34 robot_arb INFO Cleanup: 1 open layers in mode=stopped, attempting close...
18:19:34 robot_arb INFO EXIT ALL 1 layers — reason=cleanup
18:19:34 robot_arb INFO EXIT layer #1 reason=cleanup | MARKET sell 10 + buy 1
18:19:34 orders_arb INFO gRPC sending: market sell 10 GAZP@MISX acc=1225950 @ MKT
18:19:34 orders_arb ERROR gRPC order error (GAZP@RTSX sell 10@None): code=StatusCode.INTERNAL details=Trading is not available at the moment
18:19:34 orders_arb WARNING gRPC market failed, falling back to DP server
18:19:34 orders_arb ERROR Market order error (GAZP@RTSX sell 10): no response
18:19:34 orders_arb INFO gRPC sending: market buy 1 GZU6@RTSX acc=1225953 @ MKT
18:19:34 orders_arb ERROR gRPC order error (GZU6@RTSX buy 1@None): code=StatusCode.INTERNAL details=Jwt token check failed: UNAUTHENTICATED: Token is expired
18:19:34 orders_arb WARNING gRPC market failed, falling back to DP server
18:19:34 orders_arb INFO Market placed: arb_exit_1 buy 1 GZU6@RTSX id=1896048080582021162
18:19:34 robot_arb ERROR Market exit failed layer #1: A=FAIL B=OK
18:19:35 robot_arb INFO Cleanup: 1 open layers in mode=stopped, attempting close...
18:19:35 robot_arb INFO EXIT ALL 1 layers — reason=cleanup
18:19:35 robot_arb INFO EXIT layer #1 reason=cleanup | MARKET sell 10 + buy 1
18:19:35 orders_arb INFO gRPC sending: market sell 10 GAZP@MISX acc=1225950 @ MKT
18:19:35 orders_arb ERROR gRPC order error (GAZP@RTSX sell 10@None): code=StatusCode.INTERNAL details=Jwt token check failed: UNAUTHENTICATED: Token is expired
18:19:35 orders_arb WARNING gRPC market failed, falling back to DP server
18:19:35 orders_arb ERROR Market order error (GAZP@RTSX sell 10): no response
18:19:35 orders_arb INFO gRPC sending: market buy 1 GZU6@RTSX acc=1225953 @ MKT
18:19:35 orders_arb ERROR gRPC order error (GZU6@RTSX buy 1@None): code=StatusCode.INTERNAL details=Jwt token check failed: UNAUTHENTICATED: Token is expired
18:19:35 orders_arb WARNING gRPC market failed, falling back to DP server
18:19:35 orders_arb INFO Market placed: arb_exit_1 buy 1 GZU6@RTSX id=1896048080582021166
18:19:35 robot_arb ERROR Market exit failed layer #1: A=FAIL B=OK
18:19:36 robot_arb INFO Cleanup: 1 open layers in mode=stopped, attempting close...
18:19:36 robot_arb INFO EXIT ALL 1 layers — reason=cleanup
18:19:36 robot_arb INFO EXIT layer #1 reason=cleanup | MARKET sell 10 + buy 1
18:19:36 orders_arb INFO gRPC sending: market sell 10 GAZP@MISX acc=1225950 @ MKT
18:19:36 orders_arb ERROR gRPC order error (GAZP@RTSX sell 10@None): code=StatusCode.INTERNAL details=Jwt token check failed: UNAUTHENTICATED: Token is expired
18:19:36 orders_arb WARNING gRPC market failed, falling back to DP server
18:19:36 orders_arb ERROR Market order error (GAZP@RTSX sell 10): no response
18:19:36 orders_arb INFO gRPC sending: market buy 1 GZU6@RTSX acc=1225953 @ MKT
18:19:36 orders_arb ERROR gRPC order error (GZU6@RTSX buy 1@None): code=StatusCode.INTERNAL details=Jwt token check failed: UNAUTHENTICATED: Token is expired
18:19:36 orders_arb WARNING gRPC market failed, falling back to DP server
18:19:37 orders_arb INFO Market placed: arb_exit_1 buy 1 GZU6@RTSX id=1896048080582021168
18:19:37 robot_arb ERROR Market exit failed layer #1: A=FAIL B=OK
18:19:38 robot_arb INFO Cleanup: 1 open layers in mode=stopped, attempting close...
18:19:38 robot_arb INFO EXIT ALL 1 layers — reason=cleanup
18:19:38 robot_arb INFO EXIT layer #1 reason=cleanup | MARKET sell 10 + buy 1
18:19:38 orders_arb INFO gRPC sending: market sell 10 GAZP@MISX acc=1225950 @ MKT
18:19:38 orders_arb ERROR gRPC order error (GAZP@RTSX sell 10@None): code=StatusCode.INTERNAL details=Jwt token check failed: UNAUTHENTICATED: Token is expired
18:19:38 orders_arb WARNING gRPC market failed, falling back to DP server
18:19:38 orders_arb ERROR Market order error (GAZP@RTSX sell 10): no response
18:19:38 orders_arb INFO gRPC sending: market buy 1 GZU6@RTSX acc=1225953 @ MKT
18:19:38 orders_arb ERROR gRPC order error (GZU6@RTSX buy 1@None): code=StatusCode.INTERNAL details=Trading is not available at the moment
18:19:38 orders_arb WARNING gRPC market failed, falling back to DP server
18:19:38 orders_arb INFO Market placed: arb_exit_1 buy 1 GZU6@RTSX id=1896048080582021177
18:19:38 robot_arb ERROR Market exit failed layer #1: A=FAIL B=OK
18:19:39 robot_arb INFO Cleanup: 1 open layers in mode=stopped, attempting close...
18:19:39 robot_arb INFO EXIT ALL 1 layers — reason=cleanup
18:19:39 robot_arb INFO EXIT layer #1 reason=cleanup | MARKET sell 10 + buy 1
18:19:39 orders_arb INFO gRPC sending: market sell 10 GAZP@MISX acc=1225950 @ MKT
18:19:39 orders_arb ERROR gRPC order error (GAZP@RTSX sell 10@None): code=StatusCode.INTERNAL details=Trading is not available at the moment
18:19:39 orders_arb WARNING gRPC market failed, falling back to DP server
18:19:39 orders_arb ERROR Market order error (GAZP@RTSX sell 10): no response
18:19:39 orders_arb INFO gRPC sending: market buy 1 GZU6@RTSX acc=1225953 @ MKT
18:19:39 orders_arb ERROR gRPC order error (GZU6@RTSX buy 1@None): code=StatusCode.INTERNAL details=Trading is not available at the moment
18:19:39 orders_arb WARNING gRPC market failed, falling back to DP server
18:19:39 orders_arb INFO Market placed: arb_exit_1 buy 1 GZU6@RTSX id=1896048080582021187
18:19:39 robot_arb ERROR Market exit failed layer #1: A=FAIL B=OK
18:19:40 robot_arb INFO Cleanup: 1 open layers in mode=stopped, attempting close...
18:19:40 robot_arb INFO EXIT ALL 1 layers — reason=cleanup
18:19:40 robot_arb INFO EXIT layer #1 reason=cleanup | MARKET sell 10 + buy 1
18:19:40 orders_arb INFO gRPC sending: market sell 10 GAZP@MISX acc=1225950 @ MKT
18:19:40 orders_arb ERROR gRPC order error (GAZP@RTSX sell 10@None): code=StatusCode.INTERNAL details=Jwt token check failed: UNAUTHENTICATED: Token is expired
18:19:40 orders_arb WARNING gRPC market failed, falling back to DP server
18:19:40 orders_arb ERROR Market order error (GAZP@RTSX sell 10): no response
18:19:40 orders_arb INFO gRPC sending: market buy 1 GZU6@RTSX acc=1225953 @ MKT
18:19:40 orders_arb ERROR gRPC order error (GZU6@RTSX buy 1@None): code=StatusCode.INTERNAL details=Trading is not available at the moment
18:19:40 orders_arb WARNING gRPC market failed, falling back to DP server
18:19:41 orders_arb INFO Market placed: arb_exit_1 buy 1 GZU6@RTSX id=1896048080582021188
18:19:41 robot_arb ERROR Market exit failed layer #1: A=FAIL B=OK
18:19:42 robot_arb INFO Cleanup: 1 open layers in mode=stopped, attempting close...
18:19:42 robot_arb INFO EXIT ALL 1 layers — reason=cleanup
18:19:42 robot_arb INFO EXIT layer #1 reason=cleanup | MARKET sell 10 + buy 1
18:19:42 orders_arb INFO gRPC sending: market sell 10 GAZP@MISX acc=1225950 @ MKT
18:19:42 orders_arb ERROR gRPC order error (GAZP@RTSX sell 10@None): code=StatusCode.INTERNAL details=Trading is not available at the moment
18:19:42 orders_arb WARNING gRPC market failed, falling back to DP server
18:19:42 orders_arb ERROR Market order error (GAZP@RTSX sell 10): no response
18:19:42 orders_arb INFO gRPC sending: market buy 1 GZU6@RTSX acc=1225953 @ MKT
18:19:42 orders_arb ERROR gRPC order error (GZU6@RTSX buy 1@None): code=StatusCode.INTERNAL details=Jwt token check failed: UNAUTHENTICATED: Token is expired
18:19:42 orders_arb WARNING gRPC market failed, falling back to DP server
18:19:42 orders_arb INFO Market placed: arb_exit_1 buy 1 GZU6@RTSX id=1896048080582021197
18:19:42 robot_arb ERROR Market exit failed layer #1: A=FAIL B=OK
18:19:43 robot_arb INFO Cleanup: 1 open layers in mode=stopped, attempting close...
18:19:43 robot_arb INFO EXIT ALL 1 layers — reason=cleanup
18:19:43 robot_arb INFO EXIT layer #1 reason=cleanup | MARKET sell 10 + buy 1
18:19:43 orders_arb INFO gRPC sending: market sell 10 GAZP@MISX acc=1225950 @ MKT
18:19:43 orders_arb ERROR gRPC order error (GAZP@RTSX sell 10@None): code=StatusCode.INTERNAL details=Jwt token check failed: UNAUTHENTICATED: Token is expired
18:19:43 orders_arb WARNING gRPC market failed, falling back to DP server
18:19:43 orders_arb ERROR Market order error (GAZP@RTSX sell 10): no response
18:19:43 orders_arb INFO gRPC sending: market buy 1 GZU6@RTSX acc=1225953 @ MKT
18:19:43 orders_arb ERROR gRPC order error (GZU6@RTSX buy 1@None): code=StatusCode.INTERNAL details=Jwt token check failed: UNAUTHENTICATED: Token is expired
18:19:43 orders_arb WARNING gRPC market failed, falling back to DP server
18:19:43 orders_arb INFO Market placed: arb_exit_1 buy 1 GZU6@RTSX id=1896048080582021198
18:19:43 robot_arb ERROR Market exit failed layer #1: A=FAIL B=OK
18:19:44 robot_arb INFO Cleanup: 1 open layers in mode=stopped, attempting close...
18:19:44 robot_arb INFO EXIT ALL 1 layers — reason=cleanup
18:19:44 robot_arb INFO EXIT layer #1 reason=cleanup | MARKET sell 10 + buy 1
18:19:44 orders_arb INFO gRPC sending: market sell 10 GAZP@MISX acc=1225950 @ MKT
18:19:44 orders_arb ERROR gRPC order error (GAZP@RTSX sell 10@None): code=StatusCode.INTERNAL details=Jwt token check failed: UNAUTHENTICATED: Token is expired
18:19:44 orders_arb WARNING gRPC market failed, falling back to DP server
18:19:44 orders_arb ERROR Market order error (GAZP@RTSX sell 10): no response
18:19:44 orders_arb INFO gRPC sending: market buy 1 GZU6@RTSX acc=1225953 @ MKT
18:19:44 orders_arb ERROR gRPC order error (GZU6@RTSX buy 1@None): code=StatusCode.INTERNAL details=Jwt token check failed: UNAUTHENTICATED: Token is expired
18:19:44 orders_arb WARNING gRPC market failed, falling back to DP server
18:19:45 orders_arb INFO Market placed: arb_exit_1 buy 1 GZU6@RTSX id=1896048080582021202
18:19:45 robot_arb ERROR Market exit failed layer #1: A=FAIL B=OK
18:19:46 robot_arb INFO Cleanup: 1 open layers in mode=stopped, attempting close...
18:19:46 robot_arb INFO EXIT ALL 1 layers — reason=cleanup
18:19:46 robot_arb INFO EXIT layer #1 reason=cleanup | MARKET sell 10 + buy 1
18:19:46 orders_arb INFO gRPC sending: market sell 10 GAZP@MISX acc=1225950 @ MKT
18:19:46 orders_arb ERROR gRPC order error (GAZP@RTSX sell 10@None): code=StatusCode.INTERNAL details=Jwt token check failed: UNAUTHENTICATED: Token is expired
18:19:46 orders_arb WARNING gRPC market failed, falling back to DP server
18:19:46 orders_arb ERROR Market order error (GAZP@RTSX sell 10): no response
18:19:46 orders_arb INFO gRPC sending: market buy 1 GZU6@RTSX acc=1225953 @ MKT
18:19:46 orders_arb ERROR gRPC order error (GZU6@RTSX buy 1@None): code=StatusCode.INTERNAL details=Jwt token check failed: UNAUTHENTICATED: Token is expired
18:19:46 orders_arb WARNING gRPC market failed, falling back to DP server
18:19:46 orders_arb INFO Market placed: arb_exit_1 buy 1 GZU6@RTSX id=1896048080582021217
18:19:46 robot_arb ERROR Market exit failed layer #1: A=FAIL B=OK
18:19:47 robot_arb INFO Cleanup: 1 open layers in mode=stopped, attempting close...
18:19:47 robot_arb INFO EXIT ALL 1 layers — reason=cleanup
18:19:47 robot_arb INFO EXIT layer #1 reason=cleanup | MARKET sell 10 + buy 1
18:19:47 orders_arb INFO gRPC sending: market sell 10 GAZP@MISX acc=1225950 @ MKT
18:19:47 orders_arb ERROR gRPC order error (GAZP@RTSX sell 10@None): code=StatusCode.INTERNAL details=Jwt token check failed: UNAUTHENTICATED: Token is expired
18:19:47 orders_arb WARNING gRPC market failed, falling back to DP server
18:19:47 orders_arb ERROR Market order error (GAZP@RTSX sell 10): no response
18:19:47 orders_arb INFO gRPC sending: market buy 1 GZU6@RTSX acc=1225953 @ MKT
18:19:47 orders_arb ERROR gRPC order error (GZU6@RTSX buy 1@None): code=StatusCode.INTERNAL details=Jwt token check failed: UNAUTHENTICATED: Token is expired
18:19:47 orders_arb WARNING gRPC market failed, falling back to DP server
18:19:47 orders_arb INFO Market placed: arb_exit_1 buy 1 GZU6@RTSX id=1896048080582021221
18:19:47 robot_arb ERROR Market exit failed layer #1: A=FAIL B=OK
18:19:48 robot_arb INFO Cleanup: 1 open layers in mode=stopped, attempting close...
18:19:48 robot_arb INFO EXIT ALL 1 layers — reason=cleanup
18:19:48 robot_arb INFO EXIT layer #1 reason=cleanup | MARKET sell 10 + buy 1
18:19:48 orders_arb INFO gRPC sending: market sell 10 GAZP@MISX acc=1225950 @ MKT
18:19:48 orders_arb ERROR gRPC order error (GAZP@RTSX sell 10@None): code=StatusCode.INTERNAL details=Jwt token check failed: UNAUTHENTICATED: Token is expired
18:19:48 orders_arb WARNING gRPC market failed, falling back to DP server
18:19:49 orders_arb ERROR Market order error (GAZP@RTSX sell 10): no response
18:19:49 orders_arb INFO gRPC sending: market buy 1 GZU6@RTSX acc=1225953 @ MKT
18:19:49 orders_arb ERROR gRPC order error (GZU6@RTSX buy 1@None): code=StatusCode.INTERNAL details=Jwt token check failed: UNAUTHENTICATED: Token is expired
18:19:49 orders_arb WARNING gRPC market failed, falling back to DP server
18:19:49 orders_arb INFO Market placed: arb_exit_1 buy 1 GZU6@RTSX id=1896048080582021222
18:19:49 robot_arb ERROR Market exit failed layer #1: A=FAIL B=OK
18:19:50 robot_arb INFO Cleanup: 1 open layers in mode=stopped, attempting close...
18:19:50 robot_arb INFO EXIT ALL 1 layers — reason=cleanup
18:19:50 robot_arb INFO EXIT layer #1 reason=cleanup | MARKET sell 10 + buy 1
18:19:50 orders_arb INFO gRPC sending: market sell 10 GAZP@MISX acc=1225950 @ MKT
18:19:50 orders_arb ERROR gRPC order error (GAZP@RTSX sell 10@None): code=StatusCode.INTERNAL details=Trading is not available at the moment
18:19:50 orders_arb WARNING gRPC market failed, falling back to DP server
18:19:50 orders_arb ERROR Market order error (GAZP@RTSX sell 10): no response
18:19:50 orders_arb INFO gRPC sending: market buy 1 GZU6@RTSX acc=1225953 @ MKT
18:19:50 orders_arb ERROR gRPC order error (GZU6@RTSX buy 1@None): code=StatusCode.INTERNAL details=Jwt token check failed: UNAUTHENTICATED: Token is expired
18:19:50 orders_arb WARNING gRPC market failed, falling back to DP server
18:19:50 orders_arb INFO Market placed: arb_exit_1 buy 1 GZU6@RTSX id=1896048080582021224
18:19:50 robot_arb ERROR Market exit failed layer #1: A=FAIL B=OK
18:19:51 robot_arb INFO Cleanup: 1 open layers in mode=stopped, attempting close...
18:19:51 robot_arb INFO EXIT ALL 1 layers — reason=cleanup
18:19:51 robot_arb INFO EXIT layer #1 reason=cleanup | MARKET sell 10 + buy 1
18:19:51 orders_arb INFO gRPC sending: market sell 10 GAZP@MISX acc=1225950 @ MKT
18:19:51 orders_arb ERROR gRPC order error (GAZP@RTSX sell 10@None): code=StatusCode.INTERNAL details=Jwt token check failed: UNAUTHENTICATED: Token is expired
18:19:51 orders_arb WARNING gRPC market failed, falling back to DP server
18:19:52 orders_arb ERROR Market order error (GAZP@RTSX sell 10): no response
18:19:52 orders_arb INFO gRPC sending: market buy 1 GZU6@RTSX acc=1225953 @ MKT
18:19:52 orders_arb ERROR gRPC order error (GZU6@RTSX buy 1@None): code=StatusCode.INTERNAL details=Jwt token check failed: UNAUTHENTICATED: Token is expired
18:19:52 orders_arb WARNING gRPC market failed, falling back to DP server
18:19:52 orders_arb INFO Market placed: arb_exit_1 buy 1 GZU6@RTSX id=1896048080582021238
18:19:52 robot_arb ERROR Market exit failed layer #1: A=FAIL B=OK
18:19:53 robot_arb INFO Cleanup: 1 open layers in mode=stopped, attempting close...
18:19:53 robot_arb INFO EXIT ALL 1 layers — reason=cleanup
18:19:53 robot_arb INFO EXIT layer #1 reason=cleanup | MARKET sell 10 + buy 1
18:19:53 orders_arb INFO gRPC sending: market sell 10 GAZP@MISX acc=1225950 @ MKT
18:19:53 orders_arb ERROR gRPC order error (GAZP@RTSX sell 10@None): code=StatusCode.INTERNAL details=Jwt token check failed: UNAUTHENTICATED: Token is expired
18:19:53 orders_arb WARNING gRPC market failed, falling back to DP server
18:19:53 orders_arb ERROR Market order error (GAZP@RTSX sell 10): no response
18:19:53 orders_arb INFO gRPC sending: market buy 1 GZU6@RTSX acc=1225953 @ MKT
18:19:53 orders_arb ERROR gRPC order error (GZU6@RTSX buy 1@None): code=StatusCode.INTERNAL details=Jwt token check failed: UNAUTHENTICATED: Token is expired
18:19:53 orders_arb WARNING gRPC market failed, falling back to DP server
18:19:53 orders_arb INFO Market placed: arb_exit_1 buy 1 GZU6@RTSX id=1896048080582021242
18:19:53 robot_arb ERROR Market exit failed layer #1: A=FAIL B=OK
18:19:54 robot_arb INFO Cleanup: 1 open layers in mode=stopped, attempting close...
18:19:54 robot_arb INFO EXIT ALL 1 layers — reason=cleanup
18:19:54 robot_arb INFO EXIT layer #1 reason=cleanup | MARKET sell 10 + buy 1
18:19:54 orders_arb INFO gRPC sending: market sell 10 GAZP@MISX acc=1225950 @ MKT
18:19:54 orders_arb ERROR gRPC order error (GAZP@RTSX sell 10@None): code=StatusCode.INTERNAL details=Jwt token check failed: UNAUTHENTICATED: Token is expired
18:19:54 orders_arb WARNING gRPC market failed, falling back to DP server
18:19:54 orders_arb ERROR Market order error (GAZP@RTSX sell 10): no response
18:19:54 orders_arb INFO gRPC sending: market buy 1 GZU6@RTSX acc=1225953 @ MKT
18:19:54 orders_arb ERROR gRPC order error (GZU6@RTSX buy 1@None): code=StatusCode.INTERNAL details=Jwt token check failed: UNAUTHENTICATED: Token is expired
18:19:54 orders_arb WARNING gRPC market failed, falling back to DP server
18:19:55 orders_arb INFO Market placed: arb_exit_1 buy 1 GZU6@RTSX id=1896048080582021259
18:19:55 robot_arb ERROR Market exit failed layer #1: A=FAIL B=OK
18:19:56 robot_arb INFO Cleanup: 1 open layers in mode=stopped, attempting close...
18:19:56 robot_arb INFO EXIT ALL 1 layers — reason=cleanup
18:19:56 robot_arb INFO EXIT layer #1 reason=cleanup | MARKET sell 10 + buy 1
18:19:56 orders_arb INFO gRPC sending: market sell 10 GAZP@MISX acc=1225950 @ MKT
18:19:56 orders_arb ERROR gRPC order error (GAZP@RTSX sell 10@None): code=StatusCode.INTERNAL details=Jwt token check failed: UNAUTHENTICATED: Token is expired
18:19:56 orders_arb WARNING gRPC market failed, falling back to DP server
18:19:56 orders_arb ERROR Market order error (GAZP@RTSX sell 10): no response
18:19:56 orders_arb INFO gRPC sending: market buy 1 GZU6@RTSX acc=1225953 @ MKT
18:19:56 orders_arb ERROR gRPC order error (GZU6@RTSX buy 1@None): code=StatusCode.INTERNAL details=Jwt token check failed: UNAUTHENTICATED: Token is expired
18:19:56 orders_arb WARNING gRPC market failed, falling back to DP server
18:19:56 orders_arb INFO Market placed: arb_exit_1 buy 1 GZU6@RTSX id=1896048080582021263
18:19:56 robot_arb ERROR Market exit failed layer #1: A=FAIL B=OK
18:19:57 robot_arb INFO Cleanup: 1 open layers in mode=stopped, attempting close...
18:19:57 robot_arb INFO EXIT ALL 1 layers — reason=cleanup
18:19:57 robot_arb INFO EXIT layer #1 reason=cleanup | MARKET sell 10 + buy 1
18:19:57 orders_arb INFO gRPC sending: market sell 10 GAZP@MISX acc=1225950 @ MKT
18:19:57 orders_arb ERROR gRPC order error (GAZP@RTSX sell 10@None): code=StatusCode.INTERNAL details=Jwt token check failed: UNAUTHENTICATED: Token is expired
18:19:57 orders_arb WARNING gRPC market failed, falling back to DP server
18:19:57 orders_arb ERROR Market order error (GAZP@RTSX sell 10): no response
18:19:57 orders_arb INFO gRPC sending: market buy 1 GZU6@RTSX acc=1225953 @ MKT
18:19:57 orders_arb ERROR gRPC order error (GZU6@RTSX buy 1@None): code=StatusCode.INTERNAL details=Jwt token check failed: UNAUTHENTICATED: Token is expired
18:19:57 orders_arb WARNING gRPC market failed, falling back to DP server
18:19:57 orders_arb INFO Market placed: arb_exit_1 buy 1 GZU6@RTSX id=1896048080582021280
18:19:57 robot_arb ERROR Market exit failed layer #1: A=FAIL B=OK
18:19:58 robot_arb INFO Cleanup: 1 open layers in mode=stopped, attempting close...
18:19:58 robot_arb INFO EXIT ALL 1 layers — reason=cleanup
18:19:58 robot_arb INFO EXIT layer #1 reason=cleanup | MARKET sell 10 + buy 1
18:19:58 orders_arb INFO gRPC sending: market sell 10 GAZP@MISX acc=1225950 @ MKT
18:19:58 orders_arb ERROR gRPC order error (GAZP@RTSX sell 10@None): code=StatusCode.INTERNAL details=Jwt token check failed: UNAUTHENTICATED: Token is expired
18:19:58 orders_arb WARNING gRPC market failed, falling back to DP server
18:19:58 orders_arb ERROR Market order error (GAZP@RTSX sell 10): no response
18:19:58 orders_arb INFO gRPC sending: market buy 1 GZU6@RTSX acc=1225953 @ MKT
18:19:58 orders_arb ERROR gRPC order error (GZU6@RTSX buy 1@None): code=StatusCode.INTERNAL details=Jwt token check failed: UNAUTHENTICATED: Token is expired
18:19:58 orders_arb WARNING gRPC market failed, falling back to DP server
18:19:58 orders_arb INFO Market placed: arb_exit_1 buy 1 GZU6@RTSX id=1896048080582021525
18:19:58 robot_arb ERROR Market exit failed layer #1: A=FAIL B=OK
18:19:59 robot_arb INFO Cleanup: 1 open layers in mode=stopped, attempting close...
18:19:59 robot_arb INFO EXIT ALL 1 layers — reason=cleanup
18:19:59 robot_arb INFO EXIT layer #1 reason=cleanup | MARKET sell 10 + buy 1
18:19:59 orders_arb INFO gRPC sending: market sell 10 GAZP@MISX acc=1225950 @ MKT
18:19:59 orders_arb ERROR gRPC order error (GAZP@RTSX sell 10@None): code=StatusCode.INTERNAL details=Jwt token check failed: UNAUTHENTICATED: Token is expired
18:19:59 orders_arb WARNING gRPC market failed, falling back to DP server
18:20:00 orders_arb ERROR Market order error (GAZP@RTSX sell 10): no response
18:20:00 orders_arb INFO gRPC sending: market buy 1 GZU6@RTSX acc=1225953 @ MKT
18:20:00 orders_arb ERROR gRPC order error (GZU6@RTSX buy 1@None): code=StatusCode.INTERNAL details=Jwt token check failed: UNAUTHENTICATED: Token is expired
18:20:00 orders_arb WARNING gRPC market failed, falling back to DP server
18:20:00 orders_arb INFO Market placed: arb_exit_1 buy 1 GZU6@RTSX id=1896048080582021549
18:20:00 robot_arb ERROR Market exit failed layer #1: A=FAIL B=OK
18:20:01 robot_arb INFO Cleanup: 1 open layers in mode=stopped, attempting close...
18:20:01 robot_arb INFO EXIT ALL 1 layers — reason=cleanup
18:20:01 robot_arb INFO EXIT layer #1 reason=cleanup | MARKET sell 10 + buy 1
18:20:01 orders_arb INFO gRPC sending: market sell 10 GAZP@MISX acc=1225950 @ MKT
18:20:01 orders_arb ERROR gRPC order error (GAZP@RTSX sell 10@None): code=StatusCode.INTERNAL details=Trading is not available at the moment
18:20:01 orders_arb WARNING gRPC market failed, falling back to DP server
18:20:01 orders_arb ERROR Market order error (GAZP@RTSX sell 10): no response
18:20:01 orders_arb INFO gRPC sending: market buy 1 GZU6@RTSX acc=1225953 @ MKT
18:20:01 orders_arb ERROR gRPC order error (GZU6@RTSX buy 1@None): code=StatusCode.INTERNAL details=Jwt token check failed: UNAUTHENTICATED: Token is expired
18:20:01 orders_arb WARNING gRPC market failed, falling back to DP server
18:20:01 orders_arb INFO Market placed: arb_exit_1 buy 1 GZU6@RTSX id=1896048080582021554
18:20:01 robot_arb ERROR Market exit failed layer #1: A=FAIL B=OK
18:20:02 robot_arb INFO Cleanup: 1 open layers in mode=stopped, attempting close...
18:20:02 robot_arb INFO EXIT ALL 1 layers — reason=cleanup
18:20:02 robot_arb INFO EXIT layer #1 reason=cleanup | MARKET sell 10 + buy 1
18:20:02 orders_arb INFO gRPC sending: market sell 10 GAZP@MISX acc=1225950 @ MKT
18:20:02 orders_arb ERROR gRPC order error (GAZP@RTSX sell 10@None): code=StatusCode.INTERNAL details=Jwt token check failed: UNAUTHENTICATED: Token is expired
18:20:02 orders_arb WARNING gRPC market failed, falling back to DP server
18:20:02 orders_arb ERROR Market order error (GAZP@RTSX sell 10): no response
18:20:02 orders_arb INFO gRPC sending: market buy 1 GZU6@RTSX acc=1225953 @ MKT
18:20:02 orders_arb ERROR gRPC order error (GZU6@RTSX buy 1@None): code=StatusCode.INTERNAL details=Trading is not available at the moment
18:20:02 orders_arb WARNING gRPC market failed, falling back to DP server
18:20:02 orders_arb INFO Market placed: arb_exit_1 buy 1 GZU6@RTSX id=1896048080582021557
18:20:02 robot_arb ERROR Market exit failed layer #1: A=FAIL B=OK
18:20:03 robot_arb INFO Cleanup: 1 open layers in mode=stopped, attempting close...
18:20:03 robot_arb INFO EXIT ALL 1 layers — reason=cleanup
18:20:03 robot_arb INFO EXIT layer #1 reason=cleanup | MARKET sell 10 + buy 1
18:20:03 orders_arb INFO gRPC sending: market sell 10 GAZP@MISX acc=1225950 @ MKT
18:20:03 orders_arb ERROR gRPC order error (GAZP@RTSX sell 10@None): code=StatusCode.INTERNAL details=Trading is not available at the moment
18:20:03 orders_arb WARNING gRPC market failed, falling back to DP server
18:20:03 orders_arb ERROR Market order error (GAZP@RTSX sell 10): no response
18:20:03 orders_arb INFO gRPC sending: market buy 1 GZU6@RTSX acc=1225953 @ MKT
18:20:03 orders_arb ERROR gRPC order error (GZU6@RTSX buy 1@None): code=StatusCode.INTERNAL details=Jwt token check failed: UNAUTHENTICATED: Token is expired
18:20:03 orders_arb WARNING gRPC market failed, falling back to DP server
18:20:04 orders_arb INFO Market placed: arb_exit_1 buy 1 GZU6@RTSX id=1896048080582021583
18:20:04 robot_arb ERROR Market exit failed layer #1: A=FAIL B=OK
18:20:05 robot_arb INFO Cleanup: 1 open layers in mode=stopped, attempting close...
18:20:05 robot_arb INFO EXIT ALL 1 layers — reason=cleanup
18:20:05 robot_arb INFO EXIT layer #1 reason=cleanup | MARKET sell 10 + buy 1
18:20:05 orders_arb INFO gRPC sending: market sell 10 GAZP@MISX acc=1225950 @ MKT
18:20:05 orders_arb ERROR gRPC order error (GAZP@RTSX sell 10@None): code=StatusCode.INTERNAL details=Jwt token check failed: UNAUTHENTICATED: Token is expired
18:20:05 orders_arb WARNING gRPC market failed, falling back to DP server
18:20:05 orders_arb ERROR Market order error (GAZP@RTSX sell 10): no response
18:20:05 orders_arb INFO gRPC sending: market buy 1 GZU6@RTSX acc=1225953 @ MKT
18:20:05 orders_arb ERROR gRPC order error (GZU6@RTSX buy 1@None): code=StatusCode.INTERNAL details=Jwt token check failed: UNAUTHENTICATED: Token is expired
18:20:05 orders_arb WARNING gRPC market failed, falling back to DP server
18:20:05 orders_arb INFO Market placed: arb_exit_1 buy 1 GZU6@RTSX id=1896048080582021597
18:20:05 robot_arb ERROR Market exit failed layer #1: A=FAIL B=OK
18:20:06 robot_arb INFO Cleanup: 1 open layers in mode=stopped, attempting close...
18:20:06 robot_arb INFO EXIT ALL 1 layers — reason=cleanup
18:20:06 robot_arb INFO EXIT layer #1 reason=cleanup | MARKET sell 10 + buy 1
18:20:06 orders_arb INFO gRPC sending: market sell 10 GAZP@MISX acc=1225950 @ MKT
18:20:06 orders_arb ERROR gRPC order error (GAZP@RTSX sell 10@None): code=StatusCode.INTERNAL details=Jwt token check failed: UNAUTHENTICATED: Token is expired
18:20:06 orders_arb WARNING gRPC market failed, falling back to DP server
18:20:06 orders_arb ERROR Market order error (GAZP@RTSX sell 10): no response
18:20:06 orders_arb INFO gRPC sending: market buy 1 GZU6@RTSX acc=1225953 @ MKT
18:20:06 orders_arb ERROR gRPC order error (GZU6@RTSX buy 1@None): code=StatusCode.INTERNAL details=Jwt token check failed: UNAUTHENTICATED: Token is expired
18:20:06 orders_arb WARNING gRPC market failed, falling back to DP server
18:20:06 orders_arb INFO Market placed: arb_exit_1 buy 1 GZU6@RTSX id=1896048080582021665
18:20:06 robot_arb ERROR Market exit failed layer #1: A=FAIL B=OK
18:20:07 robot_arb INFO Cleanup: 1 open layers in mode=stopped, attempting close...
18:20:07 robot_arb INFO EXIT ALL 1 layers — reason=cleanup
18:20:07 robot_arb INFO EXIT layer #1 reason=cleanup | MARKET sell 10 + buy 1
18:20:07 orders_arb INFO gRPC sending: market sell 10 GAZP@MISX acc=1225950 @ MKT
18:20:07 orders_arb ERROR gRPC order error (GAZP@RTSX sell 10@None): code=StatusCode.INTERNAL details=Jwt token check failed: UNAUTHENTICATED: Token is expired
18:20:07 orders_arb WARNING gRPC market failed, falling back to DP server
18:20:07 orders_arb ERROR Market order error (GAZP@RTSX sell 10): no response
18:20:07 orders_arb INFO gRPC sending: market buy 1 GZU6@RTSX acc=1225953 @ MKT
18:20:08 orders_arb ERROR gRPC order error (GZU6@RTSX buy 1@None): code=StatusCode.INTERNAL details=Trading is not available at the moment
18:20:08 orders_arb WARNING gRPC market failed, falling back to DP server
18:20:08 orders_arb INFO Market placed: arb_exit_1 buy 1 GZU6@RTSX id=1896048080582021700
18:20:08 robot_arb ERROR Market exit failed layer #1: A=FAIL B=OK
18:20:09 robot_arb INFO Cleanup: 1 open layers in mode=stopped, attempting close...
18:20:09 robot_arb INFO EXIT ALL 1 layers — reason=cleanup
18:20:09 robot_arb INFO EXIT layer #1 reason=cleanup | MARKET sell 10 + buy 1
18:20:09 orders_arb INFO gRPC sending: market sell 10 GAZP@MISX acc=1225950 @ MKT
18:20:09 orders_arb ERROR gRPC order error (GAZP@RTSX sell 10@None): code=StatusCode.INTERNAL details=Jwt token check failed: UNAUTHENTICATED: Token is expired
18:20:09 orders_arb WARNING gRPC market failed, falling back to DP server
18:20:09 orders_arb ERROR Market order error (GAZP@RTSX sell 10): no response
18:20:09 orders_arb INFO gRPC sending: market buy 1 GZU6@RTSX acc=1225953 @ MKT
18:20:09 orders_arb ERROR gRPC order error (GZU6@RTSX buy 1@None): code=StatusCode.INTERNAL details=Jwt token check failed: UNAUTHENTICATED: Token is expired
18:20:09 orders_arb WARNING gRPC market failed, falling back to DP server
18:20:09 orders_arb INFO Market placed: arb_exit_1 buy 1 GZU6@RTSX id=1896048080582021706
18:20:09 robot_arb ERROR Market exit failed layer #1: A=FAIL B=OK
18:20:10 robot_arb INFO Cleanup: 1 open layers in mode=stopped, attempting close...
18:20:10 robot_arb INFO EXIT ALL 1 layers — reason=cleanup
18:20:10 robot_arb INFO EXIT layer #1 reason=cleanup | MARKET sell 10 + buy 1
18:20:10 orders_arb INFO gRPC sending: market sell 10 GAZP@MISX acc=1225950 @ MKT
18:20:10 orders_arb ERROR gRPC order error (GAZP@RTSX sell 10@None): code=StatusCode.INTERNAL details=Jwt token check failed: UNAUTHENTICATED: Token is expired
18:20:10 orders_arb WARNING gRPC market failed, falling back to DP server
18:20:10 orders_arb ERROR Market order error (GAZP@RTSX sell 10): no response
18:20:10 orders_arb INFO gRPC sending: market buy 1 GZU6@RTSX acc=1225953 @ MKT
18:20:10 orders_arb ERROR gRPC order error (GZU6@RTSX buy 1@None): code=StatusCode.INTERNAL details=Jwt token check failed: UNAUTHENTICATED: Token is expired
18:20:10 orders_arb WARNING gRPC market failed, falling back to DP server
18:20:11 orders_arb INFO Market placed: arb_exit_1 buy 1 GZU6@RTSX id=1896048080582021749
18:20:11 robot_arb ERROR Market exit failed layer #1: A=FAIL B=OK
18:20:12 robot_arb INFO Cleanup: 1 open layers in mode=stopped, attempting close...
18:20:12 robot_arb INFO EXIT ALL 1 layers — reason=cleanup
18:20:12 robot_arb INFO EXIT layer #1 reason=cleanup | MARKET sell 10 + buy 1
18:20:12 orders_arb INFO gRPC sending: market sell 10 GAZP@MISX acc=1225950 @ MKT
18:20:12 orders_arb ERROR gRPC order error (GAZP@RTSX sell 10@None): code=StatusCode.INTERNAL details=Jwt token check failed: UNAUTHENTICATED: Token is expired
18:20:12 orders_arb WARNING gRPC market failed, falling back to DP server
18:20:12 orders_arb ERROR Market order error (GAZP@RTSX sell 10): no response
18:20:12 orders_arb INFO gRPC sending: market buy 1 GZU6@RTSX acc=1225953 @ MKT
18:20:12 orders_arb ERROR gRPC order error (GZU6@RTSX buy 1@None): code=StatusCode.INTERNAL details=Jwt token check failed: UNAUTHENTICATED: Token is expired
18:20:12 orders_arb WARNING gRPC market failed, falling back to DP server
18:20:12 orders_arb INFO Market placed: arb_exit_1 buy 1 GZU6@RTSX id=1896048080582021775
18:20:12 robot_arb ERROR Market exit failed layer #1: A=FAIL B=OK
18:20:13 robot_arb INFO Cleanup: 1 open layers in mode=stopped, attempting close...
18:20:13 robot_arb INFO EXIT ALL 1 layers — reason=cleanup
18:20:13 robot_arb INFO EXIT layer #1 reason=cleanup | MARKET sell 10 + buy 1
18:20:13 orders_arb INFO gRPC sending: market sell 10 GAZP@MISX acc=1225950 @ MKT
18:20:13 orders_arb ERROR gRPC order error (GAZP@RTSX sell 10@None): code=StatusCode.INTERNAL details=Jwt token check failed: UNAUTHENTICATED: Token is expired
18:20:13 orders_arb WARNING gRPC market failed, falling back to DP server
18:20:13 orders_arb ERROR Market order error (GAZP@RTSX sell 10): no response
18:20:13 orders_arb INFO gRPC sending: market buy 1 GZU6@RTSX acc=1225953 @ MKT
18:20:13 orders_arb ERROR gRPC order error (GZU6@RTSX buy 1@None): code=StatusCode.INTERNAL details=Trading is not available at the moment
18:20:13 orders_arb WARNING gRPC market failed, falling back to DP server
18:20:13 orders_arb INFO Market placed: arb_exit_1 buy 1 GZU6@RTSX id=1896048080582021800
18:20:13 robot_arb ERROR Market exit failed layer #1: A=FAIL B=OK
18:20:14 robot_arb INFO Cleanup: 1 open layers in mode=stopped, attempting close...
18:20:14 robot_arb INFO EXIT ALL 1 layers — reason=cleanup
18:20:14 robot_arb INFO EXIT layer #1 reason=cleanup | MARKET sell 10 + buy 1
18:20:14 orders_arb INFO gRPC sending: market sell 10 GAZP@MISX acc=1225950 @ MKT
18:20:14 orders_arb ERROR gRPC order error (GAZP@RTSX sell 10@None): code=StatusCode.INTERNAL details=Jwt token check failed: UNAUTHENTICATED: Token is expired
18:20:14 orders_arb WARNING gRPC market failed, falling back to DP server
18:20:14 orders_arb ERROR Market order error (GAZP@RTSX sell 10): no response
18:20:14 orders_arb INFO gRPC sending: market buy 1 GZU6@RTSX acc=1225953 @ MKT
18:20:14 orders_arb ERROR gRPC order error (GZU6@RTSX buy 1@None): code=StatusCode.INTERNAL details=Jwt token check failed: UNAUTHENTICATED: Token is expired
18:20:14 orders_arb WARNING gRPC market failed, falling back to DP server
18:20:15 orders_arb INFO Market placed: arb_exit_1 buy 1 GZU6@RTSX id=1896048080582021805
18:20:15 robot_arb ERROR Market exit failed layer #1: A=FAIL B=OK
18:20:16 robot_arb INFO Cleanup: 1 open layers in mode=stopped, attempting close...
18:20:16 robot_arb INFO EXIT ALL 1 layers — reason=cleanup
18:20:16 robot_arb INFO EXIT layer #1 reason=cleanup | MARKET sell 10 + buy 1
18:20:16 orders_arb INFO gRPC sending: market sell 10 GAZP@MISX acc=1225950 @ MKT
18:20:16 orders_arb ERROR gRPC order error (GAZP@RTSX sell 10@None): code=StatusCode.INTERNAL details=Jwt token check failed: UNAUTHENTICATED: Token is expired
18:20:16 orders_arb WARNING gRPC market failed, falling back to DP server
18:20:16 orders_arb ERROR Market order error (GAZP@RTSX sell 10): no response
18:20:16 orders_arb INFO gRPC sending: market buy 1 GZU6@RTSX acc=1225953 @ MKT
18:20:16 orders_arb ERROR gRPC order error (GZU6@RTSX buy 1@None): code=StatusCode.INTERNAL details=Jwt token check failed: UNAUTHENTICATED: Token is expired
18:20:16 orders_arb WARNING gRPC market failed, falling back to DP server
18:20:16 orders_arb INFO Market placed: arb_exit_1 buy 1 GZU6@RTSX id=1896048080582021809
18:20:16 robot_arb ERROR Market exit failed layer #1: A=FAIL B=OK
18:20:17 robot_arb INFO Cleanup: 1 open layers in mode=stopped, attempting close...
18:20:17 robot_arb INFO EXIT ALL 1 layers — reason=cleanup
18:20:17 robot_arb INFO EXIT layer #1 reason=cleanup | MARKET sell 10 + buy 1
18:20:17 orders_arb INFO gRPC sending: market sell 10 GAZP@MISX acc=1225950 @ MKT
18:20:17 orders_arb ERROR gRPC order error (GAZP@RTSX sell 10@None): code=StatusCode.INTERNAL details=Jwt token check failed: UNAUTHENTICATED: Token is expired
18:20:17 orders_arb WARNING gRPC market failed, falling back to DP server
18:20:17 orders_arb ERROR Market order error (GAZP@RTSX sell 10): no response
18:20:17 orders_arb INFO gRPC sending: market buy 1 GZU6@RTSX acc=1225953 @ MKT
18:20:17 orders_arb ERROR gRPC order error (GZU6@RTSX buy 1@None): code=StatusCode.INTERNAL details=Jwt token check failed: UNAUTHENTICATED: Token is expired
18:20:17 orders_arb WARNING gRPC market failed, falling back to DP server
18:20:18 orders_arb INFO Market placed: arb_exit_1 buy 1 GZU6@RTSX id=1896048080582021815
18:20:18 robot_arb ERROR Market exit failed layer #1: A=FAIL B=OK
18:20:19 robot_arb INFO Cleanup: 1 open layers in mode=stopped, attempting close...
18:20:19 robot_arb INFO EXIT ALL 1 layers — reason=cleanup
18:20:19 robot_arb INFO EXIT layer #1 reason=cleanup | MARKET sell 10 + buy 1
18:20:19 orders_arb INFO gRPC sending: market sell 10 GAZP@MISX acc=1225950 @ MKT
18:20:19 orders_arb ERROR gRPC order error (GAZP@RTSX sell 10@None): code=StatusCode.INTERNAL details=Trading is not available at the moment
18:20:19 orders_arb WARNING gRPC market failed, falling back to DP server
18:20:19 orders_arb ERROR Market order error (GAZP@RTSX sell 10): no response
18:20:19 orders_arb INFO gRPC sending: market buy 1 GZU6@RTSX acc=1225953 @ MKT
18:20:19 orders_arb ERROR gRPC order error (GZU6@RTSX buy 1@None): code=StatusCode.INTERNAL details=Jwt token check failed: UNAUTHENTICATED: Token is expired
18:20:19 orders_arb WARNING gRPC market failed, falling back to DP server
18:20:19 orders_arb INFO Market placed: arb_exit_1 buy 1 GZU6@RTSX id=1896048080582021824
18:20:19 robot_arb ERROR Market exit failed layer #1: A=FAIL B=OK
18:20:20 robot_arb INFO Cleanup: 1 open layers in mode=stopped, attempting close...
18:20:20 robot_arb INFO EXIT ALL 1 layers — reason=cleanup
18:20:20 robot_arb INFO EXIT layer #1 reason=cleanup | MARKET sell 10 + buy 1
18:20:20 orders_arb INFO gRPC sending: market sell 10 GAZP@MISX acc=1225950 @ MKT
18:20:20 orders_arb ERROR gRPC order error (GAZP@RTSX sell 10@None): code=StatusCode.INTERNAL details=Jwt token check failed: UNAUTHENTICATED: Token is expired
18:20:20 orders_arb WARNING gRPC market failed, falling back to DP server
18:20:20 orders_arb ERROR Market order error (GAZP@RTSX sell 10): no response
18:20:20 orders_arb INFO gRPC sending: market buy 1 GZU6@RTSX acc=1225953 @ MKT
18:20:20 orders_arb ERROR gRPC order error (GZU6@RTSX buy 1@None): code=StatusCode.INTERNAL details=Jwt token check failed: UNAUTHENTICATED: Token is expired
18:20:20 orders_arb WARNING gRPC market failed, falling back to DP server
18:20:20 orders_arb INFO Market placed: arb_exit_1 buy 1 GZU6@RTSX id=1896048080582021826
18:20:20 robot_arb ERROR Market exit failed layer #1: A=FAIL B=OK
18:20:21 robot_arb INFO Cleanup: 1 open layers in mode=stopped, attempting close...
18:20:21 robot_arb INFO EXIT ALL 1 layers — reason=cleanup
18:20:21 robot_arb INFO EXIT layer #1 reason=cleanup | MARKET sell 10 + buy 1
18:20:21 orders_arb INFO gRPC sending: market sell 10 GAZP@MISX acc=1225950 @ MKT
18:20:21 orders_arb ERROR gRPC order error (GAZP@RTSX sell 10@None): code=StatusCode.INTERNAL details=Jwt token check failed: UNAUTHENTICATED: Token is expired
18:20:21 orders_arb WARNING gRPC market failed, falling back to DP server
18:20:22 orders_arb ERROR Market order error (GAZP@RTSX sell 10): no response
18:20:22 orders_arb INFO gRPC sending: market buy 1 GZU6@RTSX acc=1225953 @ MKT
18:20:22 orders_arb ERROR gRPC order error (GZU6@RTSX buy 1@None): code=StatusCode.INTERNAL details=Jwt token check failed: UNAUTHENTICATED: Token is expired
18:20:22 orders_arb WARNING gRPC market failed, falling back to DP server
18:20:22 orders_arb INFO Market placed: arb_exit_1 buy 1 GZU6@RTSX id=1896048080582021835
18:20:22 robot_arb ERROR Market exit failed layer #1: A=FAIL B=OK
18:20:23 robot_arb INFO Cleanup: 1 open layers in mode=stopped, attempting close...
18:20:23 robot_arb INFO EXIT ALL 1 layers — reason=cleanup
18:20:23 robot_arb INFO EXIT layer #1 reason=cleanup | MARKET sell 10 + buy 1
18:20:23 orders_arb INFO gRPC sending: market sell 10 GAZP@MISX acc=1225950 @ MKT
18:20:23 orders_arb ERROR gRPC order error (GAZP@RTSX sell 10@None): code=StatusCode.INTERNAL details=Jwt token check failed: UNAUTHENTICATED: Token is expired
18:20:23 orders_arb WARNING gRPC market failed, falling back to DP server
18:20:23 orders_arb ERROR Market order error (GAZP@RTSX sell 10): no response
18:20:23 orders_arb INFO gRPC sending: market buy 1 GZU6@RTSX acc=1225953 @ MKT
18:20:23 orders_arb ERROR gRPC order error (GZU6@RTSX buy 1@None): code=StatusCode.INTERNAL details=Jwt token check failed: UNAUTHENTICATED: Token is expired
18:20:23 orders_arb WARNING gRPC market failed, falling back to DP server
18:20:24 orders_arb INFO Market placed: arb_exit_1 buy 1 GZU6@RTSX id=1896048080582021840
18:20:24 robot_arb ERROR Market exit failed layer #1: A=FAIL B=OK
18:20:25 robot_arb INFO Cleanup: 1 open layers in mode=stopped, attempting close...
18:20:25 robot_arb INFO EXIT ALL 1 layers — reason=cleanup
18:20:25 robot_arb INFO EXIT layer #1 reason=cleanup | MARKET sell 10 + buy 1
18:20:25 orders_arb INFO gRPC sending: market sell 10 GAZP@MISX acc=1225950 @ MKT
18:20:25 orders_arb ERROR gRPC order error (GAZP@RTSX sell 10@None): code=StatusCode.INTERNAL details=Jwt token check failed: UNAUTHENTICATED: Token is expired
18:20:25 orders_arb WARNING gRPC market failed, falling back to DP server
18:20:25 orders_arb ERROR Market order error (GAZP@RTSX sell 10): no response
18:20:25 orders_arb INFO gRPC sending: market buy 1 GZU6@RTSX acc=1225953 @ MKT
18:20:25 orders_arb ERROR gRPC order error (GZU6@RTSX buy 1@None): code=StatusCode.INTERNAL details=Jwt token check failed: UNAUTHENTICATED: Token is expired
18:20:25 orders_arb WARNING gRPC market failed, falling back to DP server
18:20:25 orders_arb INFO Market placed: arb_exit_1 buy 1 GZU6@RTSX id=1896048080582021843
18:20:25 robot_arb ERROR Market exit failed layer #1: A=FAIL B=OK
18:20:26 robot_arb INFO Cleanup: 1 open layers in mode=stopped, attempting close...
18:20:26 robot_arb INFO EXIT ALL 1 layers — reason=cleanup
18:20:26 robot_arb INFO EXIT layer #1 reason=cleanup | MARKET sell 10 + buy 1
18:20:26 orders_arb INFO gRPC sending: market sell 10 GAZP@MISX acc=1225950 @ MKT
18:20:26 orders_arb ERROR gRPC order error (GAZP@RTSX sell 10@None): code=StatusCode.INTERNAL details=Jwt token check failed: UNAUTHENTICATED: Token is expired
18:20:26 orders_arb WARNING gRPC market failed, falling back to DP server
18:20:26 orders_arb ERROR Market order error (GAZP@RTSX sell 10): no response
18:20:26 orders_arb INFO gRPC sending: market buy 1 GZU6@RTSX acc=1225953 @ MKT
18:20:26 orders_arb ERROR gRPC order error (GZU6@RTSX buy 1@None): code=StatusCode.INTERNAL details=Trading is not available at the moment
18:20:26 orders_arb WARNING gRPC market failed, falling back to DP server
18:20:26 orders_arb INFO Market placed: arb_exit_1 buy 1 GZU6@RTSX id=1896048080582021869
18:20:26 robot_arb ERROR Market exit failed layer #1: A=FAIL B=OK
18:20:27 robot_arb INFO Cleanup: 1 open layers in mode=stopped, attempting close...
18:20:27 robot_arb INFO EXIT ALL 1 layers — reason=cleanup
18:20:27 robot_arb INFO EXIT layer #1 reason=cleanup | MARKET sell 10 + buy 1
18:20:27 orders_arb INFO gRPC sending: market sell 10 GAZP@MISX acc=1225950 @ MKT
18:20:27 orders_arb ERROR gRPC order error (GAZP@RTSX sell 10@None): code=StatusCode.INTERNAL details=Jwt token check failed: UNAUTHENTICATED: Token is expired
18:20:27 orders_arb WARNING gRPC market failed, falling back to DP server
18:20:27 orders_arb ERROR Market order error (GAZP@RTSX sell 10): no response
18:20:27 orders_arb INFO gRPC sending: market buy 1 GZU6@RTSX acc=1225953 @ MKT
18:20:27 orders_arb ERROR gRPC order error (GZU6@RTSX buy 1@None): code=StatusCode.INTERNAL details=Trading is not available at the moment
18:20:27 orders_arb WARNING gRPC market failed, falling back to DP server
18:20:27 orders_arb INFO Market placed: arb_exit_1 buy 1 GZU6@RTSX id=1896048080582021875
18:20:27 robot_arb ERROR Market exit failed layer #1: A=FAIL B=OK
18:20:28 robot_arb INFO Cleanup: 1 open layers in mode=stopped, attempting close...
18:20:28 robot_arb INFO EXIT ALL 1 layers — reason=cleanup
18:20:28 robot_arb INFO EXIT layer #1 reason=cleanup | MARKET sell 10 + buy 1
18:20:28 orders_arb INFO gRPC sending: market sell 10 GAZP@MISX acc=1225950 @ MKT
18:20:29 orders_arb ERROR gRPC order error (GAZP@RTSX sell 10@None): code=StatusCode.INTERNAL details=Jwt token check failed: UNAUTHENTICATED: Token is expired
18:20:29 orders_arb WARNING gRPC market failed, falling back to DP server
18:20:29 orders_arb ERROR Market order error (GAZP@RTSX sell 10): no response
18:20:29 orders_arb INFO gRPC sending: market buy 1 GZU6@RTSX acc=1225953 @ MKT
18:20:29 orders_arb ERROR gRPC order error (GZU6@RTSX buy 1@None): code=StatusCode.INTERNAL details=Trading is not available at the moment
18:20:29 orders_arb WARNING gRPC market failed, falling back to DP server
18:20:29 orders_arb INFO Market placed: arb_exit_1 buy 1 GZU6@RTSX id=1896048080582021880
18:20:29 robot_arb ERROR Market exit failed layer #1: A=FAIL B=OK
18:20:30 robot_arb INFO Cleanup: 1 open layers in mode=stopped, attempting close...
18:20:30 robot_arb INFO EXIT ALL 1 layers — reason=cleanup
18:20:30 robot_arb INFO EXIT layer #1 reason=cleanup | MARKET sell 10 + buy 1
18:20:30 orders_arb INFO gRPC sending: market sell 10 GAZP@MISX acc=1225950 @ MKT
18:20:30 orders_arb ERROR gRPC order error (GAZP@RTSX sell 10@None): code=StatusCode.INTERNAL details=Trading is not available at the moment
18:20:30 orders_arb WARNING gRPC market failed, falling back to DP server
18:20:30 orders_arb ERROR Market order error (GAZP@RTSX sell 10): no response
18:20:30 orders_arb INFO gRPC sending: market buy 1 GZU6@RTSX acc=1225953 @ MKT
18:20:30 orders_arb ERROR gRPC order error (GZU6@RTSX buy 1@None): code=StatusCode.INTERNAL details=Jwt token check failed: UNAUTHENTICATED: Token is expired
18:20:30 orders_arb WARNING gRPC market failed, falling back to DP server
18:20:30 orders_arb INFO Market placed: arb_exit_1 buy 1 GZU6@RTSX id=1896048080582021912
18:20:30 robot_arb ERROR Market exit failed layer #1: A=FAIL B=OK
18:20:31 robot_arb INFO Cleanup: 1 open layers in mode=stopped, attempting close...
18:20:31 robot_arb INFO EXIT ALL 1 layers — reason=cleanup
18:20:31 robot_arb INFO EXIT layer #1 reason=cleanup | MARKET sell 10 + buy 1
18:20:31 orders_arb INFO gRPC sending: market sell 10 GAZP@MISX acc=1225950 @ MKT
18:20:31 orders_arb ERROR gRPC order error (GAZP@RTSX sell 10@None): code=StatusCode.INTERNAL details=Jwt token check failed: UNAUTHENTICATED: Token is expired
18:20:31 orders_arb WARNING gRPC market failed, falling back to DP server
18:20:31 orders_arb ERROR Market order error (GAZP@RTSX sell 10): no response
18:20:31 orders_arb INFO gRPC sending: market buy 1 GZU6@RTSX acc=1225953 @ MKT
18:20:31 orders_arb ERROR gRPC order error (GZU6@RTSX buy 1@None): code=StatusCode.INTERNAL details=Jwt token check failed: UNAUTHENTICATED: Token is expired
18:20:31 orders_arb WARNING gRPC market failed, falling back to DP server
18:20:32 orders_arb INFO Market placed: arb_exit_1 buy 1 GZU6@RTSX id=1896048080582021926
18:20:32 robot_arb ERROR Market exit failed layer #1: A=FAIL B=OK
18:20:33 robot_arb INFO Cleanup: 1 open layers in mode=stopped, attempting close...
18:20:33 robot_arb INFO EXIT ALL 1 layers — reason=cleanup
18:20:33 robot_arb INFO EXIT layer #1 reason=cleanup | MARKET sell 10 + buy 1
18:20:33 orders_arb INFO gRPC sending: market sell 10 GAZP@MISX acc=1225950 @ MKT
18:20:33 orders_arb ERROR gRPC order error (GAZP@RTSX sell 10@None): code=StatusCode.INTERNAL details=Trading is not available at the moment
18:20:33 orders_arb WARNING gRPC market failed, falling back to DP server
18:20:33 orders_arb ERROR Market order error (GAZP@RTSX sell 10): no response
18:20:33 orders_arb INFO gRPC sending: market buy 1 GZU6@RTSX acc=1225953 @ MKT
18:20:33 orders_arb ERROR gRPC order error (GZU6@RTSX buy 1@None): code=StatusCode.INTERNAL details=Jwt token check failed: UNAUTHENTICATED: Token is expired
18:20:33 orders_arb WARNING gRPC market failed, falling back to DP server
18:20:33 orders_arb INFO Market placed: arb_exit_1 buy 1 GZU6@RTSX id=1896048080582021958
18:20:33 robot_arb ERROR Market exit failed layer #1: A=FAIL B=OK
18:20:34 robot_arb INFO Cleanup: 1 open layers in mode=stopped, attempting close...
18:20:34 robot_arb INFO EXIT ALL 1 layers — reason=cleanup
18:20:34 robot_arb INFO EXIT layer #1 reason=cleanup | MARKET sell 10 + buy 1
18:20:34 orders_arb INFO gRPC sending: market sell 10 GAZP@MISX acc=1225950 @ MKT
18:20:34 orders_arb ERROR gRPC order error (GAZP@RTSX sell 10@None): code=StatusCode.INTERNAL details=Jwt token check failed: UNAUTHENTICATED: Token is expired
18:20:34 orders_arb WARNING gRPC market failed, falling back to DP server
18:20:34 orders_arb ERROR Market order error (GAZP@RTSX sell 10): no response
18:20:34 orders_arb INFO gRPC sending: market buy 1 GZU6@RTSX acc=1225953 @ MKT
18:20:34 orders_arb ERROR gRPC order error (GZU6@RTSX buy 1@None): code=StatusCode.INTERNAL details=Jwt token check failed: UNAUTHENTICATED: Token is expired
18:20:34 orders_arb WARNING gRPC market failed, falling back to DP server
18:20:34 orders_arb INFO Market placed: arb_exit_1 buy 1 GZU6@RTSX id=1896048080582021963
18:20:34 robot_arb ERROR Market exit failed layer #1: A=FAIL B=OK
18:20:35 robot_arb INFO Cleanup: 1 open layers in mode=stopped, attempting close...
18:20:35 robot_arb INFO EXIT ALL 1 layers — reason=cleanup
18:20:35 robot_arb INFO EXIT layer #1 reason=cleanup | MARKET sell 10 + buy 1
18:20:35 orders_arb INFO gRPC sending: market sell 10 GAZP@MISX acc=1225950 @ MKT
18:20:35 orders_arb ERROR gRPC order error (GAZP@RTSX sell 10@None): code=StatusCode.INTERNAL details=Trading is not available at the moment
18:20:35 orders_arb WARNING gRPC market failed, falling back to DP server
18:20:35 orders_arb ERROR Market order error (GAZP@RTSX sell 10): no response
18:20:36 orders_arb INFO gRPC sending: market buy 1 GZU6@RTSX acc=1225953 @ MKT
18:20:36 orders_arb ERROR gRPC order error (GZU6@RTSX buy 1@None): code=StatusCode.INTERNAL details=Jwt token check failed: UNAUTHENTICATED: Token is expired
18:20:36 orders_arb WARNING gRPC market failed, falling back to DP server
18:20:36 orders_arb INFO Market placed: arb_exit_1 buy 1 GZU6@RTSX id=1896048080582021970
18:20:36 robot_arb ERROR Market exit failed layer #1: A=FAIL B=OK
18:20:37 robot_arb INFO Cleanup: 1 open layers in mode=stopped, attempting close...
18:20:37 robot_arb INFO EXIT ALL 1 layers — reason=cleanup
18:20:37 robot_arb INFO EXIT layer #1 reason=cleanup | MARKET sell 10 + buy 1
18:20:37 orders_arb INFO gRPC sending: market sell 10 GAZP@MISX acc=1225950 @ MKT
18:20:37 orders_arb ERROR gRPC order error (GAZP@RTSX sell 10@None): code=StatusCode.INTERNAL details=Jwt token check failed: UNAUTHENTICATED: Token is expired
18:20:37 orders_arb WARNING gRPC market failed, falling back to DP server
18:20:37 orders_arb ERROR Market order error (GAZP@RTSX sell 10): no response
18:20:37 orders_arb INFO gRPC sending: market buy 1 GZU6@RTSX acc=1225953 @ MKT
18:20:37 orders_arb ERROR gRPC order error (GZU6@RTSX buy 1@None): code=StatusCode.INTERNAL details=Jwt token check failed: UNAUTHENTICATED: Token is expired
18:20:37 orders_arb WARNING gRPC market failed, falling back to DP server
18:20:37 orders_arb INFO Market placed: arb_exit_1 buy 1 GZU6@RTSX id=1896048080582021972
18:20:37 robot_arb ERROR Market exit failed layer #1: A=FAIL B=OK
18:20:38 robot_arb INFO Cleanup: 1 open layers in mode=stopped, attempting close...
18:20:38 robot_arb INFO EXIT ALL 1 layers — reason=cleanup
18:20:38 robot_arb INFO EXIT layer #1 reason=cleanup | MARKET sell 10 + buy 1
18:20:38 orders_arb INFO gRPC sending: market sell 10 GAZP@MISX acc=1225950 @ MKT
18:20:38 orders_arb ERROR gRPC order error (GAZP@RTSX sell 10@None): code=StatusCode.INTERNAL details=Jwt token check failed: UNAUTHENTICATED: Token is expired
18:20:38 orders_arb WARNING gRPC market failed, falling back to DP server
18:20:39 orders_arb ERROR Market order error (GAZP@RTSX sell 10): no response
18:20:39 orders_arb INFO gRPC sending: market buy 1 GZU6@RTSX acc=1225953 @ MKT
18:20:39 orders_arb ERROR gRPC order error (GZU6@RTSX buy 1@None): code=StatusCode.INTERNAL details=Trading is not available at the moment
18:20:39 orders_arb WARNING gRPC market failed, falling back to DP server
18:20:39 orders_arb INFO Market placed: arb_exit_1 buy 1 GZU6@RTSX id=1896048080582021981
18:20:39 robot_arb ERROR Market exit failed layer #1: A=FAIL B=OK
18:20:40 robot_arb INFO Cleanup: 1 open layers in mode=stopped, attempting close...
18:20:40 robot_arb INFO EXIT ALL 1 layers — reason=cleanup
18:20:40 robot_arb INFO EXIT layer #1 reason=cleanup | MARKET sell 10 + buy 1
18:20:40 orders_arb INFO gRPC sending: market sell 10 GAZP@MISX acc=1225950 @ MKT
18:20:40 orders_arb ERROR gRPC order error (GAZP@RTSX sell 10@None): code=StatusCode.INTERNAL details=Trading is not available at the moment
18:20:40 orders_arb WARNING gRPC market failed, falling back to DP server
18:20:40 orders_arb ERROR Market order error (GAZP@RTSX sell 10): no response
18:20:40 orders_arb INFO gRPC sending: market buy 1 GZU6@RTSX acc=1225953 @ MKT
18:20:40 orders_arb ERROR gRPC order error (GZU6@RTSX buy 1@None): code=StatusCode.INTERNAL details=Jwt token check failed: UNAUTHENTICATED: Token is expired
18:20:40 orders_arb WARNING gRPC market failed, falling back to DP server
18:20:40 orders_arb INFO Market placed: arb_exit_1 buy 1 GZU6@RTSX id=1896048080582021988
18:20:40 robot_arb ERROR Market exit failed layer #1: A=FAIL B=OK
18:20:41 robot_arb INFO Cleanup: 1 open layers in mode=stopped, attempting close...
18:20:41 robot_arb INFO EXIT ALL 1 layers — reason=cleanup
18:20:41 robot_arb INFO EXIT layer #1 reason=cleanup | MARKET sell 10 + buy 1
18:20:41 orders_arb INFO gRPC sending: market sell 10 GAZP@MISX acc=1225950 @ MKT
18:20:41 orders_arb ERROR gRPC order error (GAZP@RTSX sell 10@None): code=StatusCode.INTERNAL details=Trading is not available at the moment
18:20:41 orders_arb WARNING gRPC market failed, falling back to DP server
18:20:41 orders_arb ERROR Market order error (GAZP@RTSX sell 10): no response
18:20:41 orders_arb INFO gRPC sending: market buy 1 GZU6@RTSX acc=1225953 @ MKT
18:20:41 orders_arb ERROR gRPC order error (GZU6@RTSX buy 1@None): code=StatusCode.INTERNAL details=Jwt token check failed: UNAUTHENTICATED: Token is expired
18:20:41 orders_arb WARNING gRPC market failed, falling back to DP server
18:20:41 orders_arb INFO Market placed: arb_exit_1 buy 1 GZU6@RTSX id=1896048080582021991
18:20:41 robot_arb ERROR Market exit failed layer #1: A=FAIL B=OK
18:20:42 robot_arb INFO Cleanup: 1 open layers in mode=stopped, attempting close...
18:20:42 robot_arb INFO EXIT ALL 1 layers — reason=cleanup
18:20:42 robot_arb INFO EXIT layer #1 reason=cleanup | MARKET sell 10 + buy 1
18:20:42 orders_arb INFO gRPC sending: market sell 10 GAZP@MISX acc=1225950 @ MKT
18:20:43 orders_arb ERROR gRPC order error (GAZP@RTSX sell 10@None): code=StatusCode.INTERNAL details=Trading is not available at the moment
18:20:43 orders_arb WARNING gRPC market failed, falling back to DP server
18:20:43 orders_arb ERROR Market order error (GAZP@RTSX sell 10): no response
18:20:43 orders_arb INFO gRPC sending: market buy 1 GZU6@RTSX acc=1225953 @ MKT
18:20:43 orders_arb ERROR gRPC order error (GZU6@RTSX buy 1@None): code=StatusCode.INTERNAL details=Jwt token check failed: UNAUTHENTICATED: Token is expired
18:20:43 orders_arb WARNING gRPC market failed, falling back to DP server
18:20:43 orders_arb INFO Market placed: arb_exit_1 buy 1 GZU6@RTSX id=1896048080582021994
18:20:43 robot_arb ERROR Market exit failed layer #1: A=FAIL B=OK
18:20:44 robot_arb INFO Cleanup: 1 open layers in mode=stopped, attempting close...
18:20:44 robot_arb INFO EXIT ALL 1 layers — reason=cleanup
18:20:44 robot_arb INFO EXIT layer #1 reason=cleanup | MARKET sell 10 + buy 1
18:20:44 orders_arb INFO gRPC sending: market sell 10 GAZP@MISX acc=1225950 @ MKT
18:20:44 orders_arb ERROR gRPC order error (GAZP@RTSX sell 10@None): code=StatusCode.INTERNAL details=Trading is not available at the moment
18:20:44 orders_arb WARNING gRPC market failed, falling back to DP server
18:20:44 orders_arb ERROR Market order error (GAZP@RTSX sell 10): no response
18:20:44 orders_arb INFO gRPC sending: market buy 1 GZU6@RTSX acc=1225953 @ MKT
18:20:44 orders_arb ERROR gRPC order error (GZU6@RTSX buy 1@None): code=StatusCode.INTERNAL details=Jwt token check failed: UNAUTHENTICATED: Token is expired
18:20:44 orders_arb WARNING gRPC market failed, falling back to DP server
18:20:44 orders_arb INFO Market placed: arb_exit_1 buy 1 GZU6@RTSX id=1896048080582022002
18:20:44 robot_arb ERROR Market exit failed layer #1: A=FAIL B=OK
18:20:45 robot_arb INFO Cleanup: 1 open layers in mode=stopped, attempting close...
18:20:45 robot_arb INFO EXIT ALL 1 layers — reason=cleanup
18:20:45 robot_arb INFO EXIT layer #1 reason=cleanup | MARKET sell 10 + buy 1
18:20:45 orders_arb INFO gRPC sending: market sell 10 GAZP@MISX acc=1225950 @ MKT
18:20:45 orders_arb ERROR gRPC order error (GAZP@RTSX sell 10@None): code=StatusCode.INTERNAL details=Trading is not available at the moment
18:20:45 orders_arb WARNING gRPC market failed, falling back to DP server
18:20:45 orders_arb ERROR Market order error (GAZP@RTSX sell 10): no response
18:20:45 orders_arb INFO gRPC sending: market buy 1 GZU6@RTSX acc=1225953 @ MKT
18:20:45 orders_arb ERROR gRPC order error (GZU6@RTSX buy 1@None): code=StatusCode.INTERNAL details=Jwt token check failed: UNAUTHENTICATED: Token is expired
18:20:45 orders_arb WARNING gRPC market failed, falling back to DP server
18:20:45 orders_arb INFO Market placed: arb_exit_1 buy 1 GZU6@RTSX id=1896048080582022004
18:20:45 robot_arb ERROR Market exit failed layer #1: A=FAIL B=OK
18:20:46 robot_arb INFO Cleanup: 1 open layers in mode=stopped, attempting close...
18:20:46 robot_arb INFO EXIT ALL 1 layers — reason=cleanup
18:20:46 robot_arb INFO EXIT layer #1 reason=cleanup | MARKET sell 10 + buy 1
18:20:46 orders_arb INFO gRPC sending: market sell 10 GAZP@MISX acc=1225950 @ MKT
18:20:46 orders_arb ERROR gRPC order error (GAZP@RTSX sell 10@None): code=StatusCode.INTERNAL details=Jwt token check failed: UNAUTHENTICATED: Token is expired
18:20:46 orders_arb WARNING gRPC market failed, falling back to DP server
18:20:47 orders_arb ERROR Market order error (GAZP@RTSX sell 10): no response
18:20:47 orders_arb INFO gRPC sending: market buy 1 GZU6@RTSX acc=1225953 @ MKT
18:20:47 orders_arb ERROR gRPC order error (GZU6@RTSX buy 1@None): code=StatusCode.INTERNAL details=Trading is not available at the moment
18:20:47 orders_arb WARNING gRPC market failed, falling back to DP server
18:20:47 orders_arb INFO Market placed: arb_exit_1 buy 1 GZU6@RTSX id=1896048080582022008
18:20:47 robot_arb ERROR Market exit failed layer #1: A=FAIL B=OK
18:20:48 robot_arb INFO Cleanup: 1 open layers in mode=stopped, attempting close...
18:20:48 robot_arb INFO EXIT ALL 1 layers — reason=cleanup
18:20:48 robot_arb INFO EXIT layer #1 reason=cleanup | MARKET sell 10 + buy 1
18:20:48 orders_arb INFO gRPC sending: market sell 10 GAZP@MISX acc=1225950 @ MKT
18:20:48 orders_arb ERROR gRPC order error (GAZP@RTSX sell 10@None): code=StatusCode.INTERNAL details=Trading is not available at the moment
18:20:48 orders_arb WARNING gRPC market failed, falling back to DP server
18:20:48 orders_arb ERROR Market order error (GAZP@RTSX sell 10): no response
18:20:48 orders_arb INFO gRPC sending: market buy 1 GZU6@RTSX acc=1225953 @ MKT
18:20:48 orders_arb ERROR gRPC order error (GZU6@RTSX buy 1@None): code=StatusCode.INTERNAL details=Jwt token check failed: UNAUTHENTICATED: Token is expired
18:20:48 orders_arb WARNING gRPC market failed, falling back to DP server
18:20:48 orders_arb INFO Market placed: arb_exit_1 buy 1 GZU6@RTSX id=1896048080582022016
18:20:48 robot_arb ERROR Market exit failed layer #1: A=FAIL B=OK
18:20:55 robot_arb INFO === Arbitrage Robot v1 ===
18:20:55 robot_arb INFO Pair: GAZP / GZU6
18:20:55 robot_arb INFO Account: 1225953 | Port: 5090 | Paper: False
18:20:55 robot_arb INFO Params: entry_z=2.5 lookback=200 lots_a=10 lots_b=1 hedge_ratio=10
18:20:55 robot_arb INFO Min profit: rub=5.5
18:20:55 robot_arb INFO Risk: stop_loss_rub=500000
18:20:55 robot_arb INFO State loaded: pnl=-33 trades=3 mode=stopped
18:20:55 robot_arb INFO FinamPy connected. Accounts: ['1225950', '1225951', '1225952', '1225953']
18:20:55 robot_arb INFO Orders manager linked to FinamPy gRPC
18:20:55 robot_arb INFO Subscribed OrderBook: GAZP@RTSX, GZU6@RTSX
18:20:55 robot_arb INFO Subscribed Quotes: GAZP@RTSX, GZU6@RTSX
18:20:55 robot_arb INFO Warmup: waiting 10 sec for data streams...
18:21:05 robot_arb INFO Warmup done. OB_A: False OB_B: False
18:21:05 robot_arb INFO MOEX ISS poller started (fallback for stock prices)
18:21:05 robot_arb INFO Main loop started
18:21:05 robot_arb INFO Cleanup: 1 open layers in mode=stopped, attempting close...
18:21:05 robot_arb INFO EXIT ALL 1 layers — reason=cleanup
18:21:05 robot_arb INFO EXIT layer #1 reason=cleanup | MARKET sell 10 + buy 1
18:21:05 robot_arb ERROR Main loop error: 'OrderBookTracker' object has no attribute 'last_price'
18:21:05 robot_arb INFO API listening on :5090
18:21:05 robot_arb INFO Endpoints: GET /status /health /params | POST /start /stop /pause /params
18:21:06 robot_arb INFO Cleanup: 1 open layers in mode=stopped, attempting close...
18:21:06 robot_arb INFO EXIT ALL 1 layers — reason=cleanup
18:21:06 robot_arb INFO EXIT layer #1 reason=cleanup | MARKET sell 10 + buy 1
18:21:06 orders_arb INFO gRPC sending: market sell 10 GAZP@MISX acc=1225950 @ MKT
18:21:06 orders_arb INFO gRPC market placed: sell 10 GAZP@MISX acc=1225950 @ MKT id=81331822684
18:21:06 orders_arb INFO gRPC sending: market buy 1 GZU6@RTSX acc=1225953 @ MKT
18:21:07 orders_arb INFO gRPC market placed: buy 1 GZU6@RTSX acc=1225953 @ MKT id=1896048080582022259
18:21:07 strategy_arb INFO LAYER #1 CLOSE SHORT | PnL=-9.49₽ (gross=-1.91₽ comm=7.57₽) | reason=cleanup | hold=16min | layers=0
18:21:07 robot_arb INFO Market exit OK layer #1
18:21:20 robot_arb INFO Signal 15 — shutting down...
