13:01:34 robot_arb INFO === Arbitrage Robot v1 ===
13:01:34 robot_arb INFO Pair: GAZP / GZM6
13:01:34 robot_arb INFO Account: 1225953 | Port: 5090 | Paper: True
13:01:34 robot_arb INFO Params: entry_z=1.5 lookback=50 lots_a=10 lots_b=1 hedge_ratio=10.0
13:01:34 robot_arb INFO Min profit: rub=20
13:01:34 robot_arb INFO Risk: stop_loss_rub=5000
13:01:34 FinamPy CRITICAL Ошибка доступа к системному хранилищу: No recommended backend was available. Install a recommended 3rd party backend package; or, install the keyrings.alt package if you want to use the non-recommended backends. See https://pypi.org/project/keyring for details.
13:01:34 FinamPy CRITICAL Ошибка сохранения в системное хранилище: No recommended backend was available. Install a recommended 3rd party backend package; or, install the keyrings.alt package if you want to use the non-recommended backends. See https://pypi.org/project/keyring for details.
13:01:40 robot_arb INFO === Arbitrage Robot v1 ===
13:01:40 robot_arb INFO Pair: GAZP / GZM6
13:01:40 robot_arb INFO Account: 1225953 | Port: 5090 | Paper: True
13:01:40 robot_arb INFO Params: entry_z=1.5 lookback=50 lots_a=10 lots_b=1 hedge_ratio=10.0
13:01:40 robot_arb INFO Min profit: rub=20
13:01:40 robot_arb INFO Risk: stop_loss_rub=5000
13:01:40 FinamPy CRITICAL Ошибка доступа к системному хранилищу: No recommended backend was available. Install a recommended 3rd party backend package; or, install the keyrings.alt package if you want to use the non-recommended backends. See https://pypi.org/project/keyring for details.
13:01:40 FinamPy CRITICAL Ошибка сохранения в системное хранилище: No recommended backend was available. Install a recommended 3rd party backend package; or, install the keyrings.alt package if you want to use the non-recommended backends. See https://pypi.org/project/keyring for details.
13:01:46 robot_arb INFO === Arbitrage Robot v1 ===
13:01:46 robot_arb INFO Pair: GAZP / GZM6
13:01:46 robot_arb INFO Account: 1225953 | Port: 5090 | Paper: True
13:01:46 robot_arb INFO Params: entry_z=1.5 lookback=50 lots_a=10 lots_b=1 hedge_ratio=10.0
13:01:46 robot_arb INFO Min profit: rub=20
13:01:46 robot_arb INFO Risk: stop_loss_rub=5000
13:01:46 FinamPy CRITICAL Ошибка доступа к системному хранилищу: No recommended backend was available. Install a recommended 3rd party backend package; or, install the keyrings.alt package if you want to use the non-recommended backends. See https://pypi.org/project/keyring for details.
13:01:46 FinamPy CRITICAL Ошибка сохранения в системное хранилище: No recommended backend was available. Install a recommended 3rd party backend package; or, install the keyrings.alt package if you want to use the non-recommended backends. See https://pypi.org/project/keyring for details.
13:01:52 robot_arb INFO === Arbitrage Robot v1 ===
13:01:52 robot_arb INFO Pair: GAZP / GZM6
13:01:52 robot_arb INFO Account: 1225953 | Port: 5090 | Paper: True
13:01:52 robot_arb INFO Params: entry_z=1.5 lookback=50 lots_a=10 lots_b=1 hedge_ratio=10.0
13:01:52 robot_arb INFO Min profit: rub=20
13:01:52 robot_arb INFO Risk: stop_loss_rub=5000
13:01:52 FinamPy CRITICAL Ошибка доступа к системному хранилищу: No recommended backend was available. Install a recommended 3rd party backend package; or, install the keyrings.alt package if you want to use the non-recommended backends. See https://pypi.org/project/keyring for details.
13:01:52 FinamPy CRITICAL Ошибка сохранения в системное хранилище: No recommended backend was available. Install a recommended 3rd party backend package; or, install the keyrings.alt package if you want to use the non-recommended backends. See https://pypi.org/project/keyring for details.
13:01:58 robot_arb INFO === Arbitrage Robot v1 ===
13:01:58 robot_arb INFO Pair: GAZP / GZM6
13:01:58 robot_arb INFO Account: 1225953 | Port: 5090 | Paper: True
13:01:58 robot_arb INFO Params: entry_z=1.5 lookback=50 lots_a=10 lots_b=1 hedge_ratio=10.0
13:01:58 robot_arb INFO Min profit: rub=20
13:01:58 robot_arb INFO Risk: stop_loss_rub=5000
13:01:58 FinamPy CRITICAL Ошибка доступа к системному хранилищу: No recommended backend was available. Install a recommended 3rd party backend package; or, install the keyrings.alt package if you want to use the non-recommended backends. See https://pypi.org/project/keyring for details.
13:01:58 FinamPy CRITICAL Ошибка сохранения в системное хранилище: No recommended backend was available. Install a recommended 3rd party backend package; or, install the keyrings.alt package if you want to use the non-recommended backends. See https://pypi.org/project/keyring for details.
13:02:04 robot_arb INFO === Arbitrage Robot v1 ===
13:02:04 robot_arb INFO Pair: GAZP / GZM6
13:02:04 robot_arb INFO Account: 1225953 | Port: 5090 | Paper: True
13:02:04 robot_arb INFO Params: entry_z=1.5 lookback=50 lots_a=10 lots_b=1 hedge_ratio=10.0
13:02:04 robot_arb INFO Min profit: rub=20
13:02:04 robot_arb INFO Risk: stop_loss_rub=5000
13:02:04 FinamPy CRITICAL Ошибка доступа к системному хранилищу: No recommended backend was available. Install a recommended 3rd party backend package; or, install the keyrings.alt package if you want to use the non-recommended backends. See https://pypi.org/project/keyring for details.
13:02:04 FinamPy CRITICAL Ошибка сохранения в системное хранилище: No recommended backend was available. Install a recommended 3rd party backend package; or, install the keyrings.alt package if you want to use the non-recommended backends. See https://pypi.org/project/keyring for details.
13:02:10 robot_arb INFO === Arbitrage Robot v1 ===
13:02:10 robot_arb INFO Pair: GAZP / GZM6
13:02:10 robot_arb INFO Account: 1225953 | Port: 5090 | Paper: True
13:02:10 robot_arb INFO Params: entry_z=1.5 lookback=50 lots_a=10 lots_b=1 hedge_ratio=10.0
13:02:10 robot_arb INFO Min profit: rub=20
13:02:10 robot_arb INFO Risk: stop_loss_rub=5000
13:02:10 FinamPy CRITICAL Ошибка доступа к системному хранилищу: No recommended backend was available. Install a recommended 3rd party backend package; or, install the keyrings.alt package if you want to use the non-recommended backends. See https://pypi.org/project/keyring for details.
13:02:10 FinamPy CRITICAL Ошибка сохранения в системное хранилище: No recommended backend was available. Install a recommended 3rd party backend package; or, install the keyrings.alt package if you want to use the non-recommended backends. See https://pypi.org/project/keyring for details.
13:02:16 robot_arb INFO === Arbitrage Robot v1 ===
13:02:16 robot_arb INFO Pair: GAZP / GZM6
13:02:16 robot_arb INFO Account: 1225953 | Port: 5090 | Paper: True
13:02:16 robot_arb INFO Params: entry_z=1.5 lookback=50 lots_a=10 lots_b=1 hedge_ratio=10.0
13:02:16 robot_arb INFO Min profit: rub=20
13:02:16 robot_arb INFO Risk: stop_loss_rub=5000
13:02:16 FinamPy CRITICAL Ошибка доступа к системному хранилищу: No recommended backend was available. Install a recommended 3rd party backend package; or, install the keyrings.alt package if you want to use the non-recommended backends. See https://pypi.org/project/keyring for details.
13:02:16 FinamPy CRITICAL Ошибка сохранения в системное хранилище: No recommended backend was available. Install a recommended 3rd party backend package; or, install the keyrings.alt package if you want to use the non-recommended backends. See https://pypi.org/project/keyring for details.
13:02:22 robot_arb INFO === Arbitrage Robot v1 ===
13:02:22 robot_arb INFO Pair: GAZP / GZM6
13:02:22 robot_arb INFO Account: 1225953 | Port: 5090 | Paper: True
13:02:22 robot_arb INFO Params: entry_z=1.5 lookback=50 lots_a=10 lots_b=1 hedge_ratio=10.0
13:02:22 robot_arb INFO Min profit: rub=20
13:02:22 robot_arb INFO Risk: stop_loss_rub=5000
13:02:22 FinamPy CRITICAL Ошибка доступа к системному хранилищу: No recommended backend was available. Install a recommended 3rd party backend package; or, install the keyrings.alt package if you want to use the non-recommended backends. See https://pypi.org/project/keyring for details.
13:02:22 FinamPy CRITICAL Ошибка сохранения в системное хранилище: No recommended backend was available. Install a recommended 3rd party backend package; or, install the keyrings.alt package if you want to use the non-recommended backends. See https://pypi.org/project/keyring for details.
13:02:28 robot_arb INFO === Arbitrage Robot v1 ===
13:02:28 robot_arb INFO Pair: GAZP / GZM6
13:02:28 robot_arb INFO Account: 1225953 | Port: 5090 | Paper: True
13:02:28 robot_arb INFO Params: entry_z=1.5 lookback=50 lots_a=10 lots_b=1 hedge_ratio=10.0
13:02:28 robot_arb INFO Min profit: rub=20
13:02:28 robot_arb INFO Risk: stop_loss_rub=5000
13:02:28 FinamPy CRITICAL Ошибка доступа к системному хранилищу: No recommended backend was available. Install a recommended 3rd party backend package; or, install the keyrings.alt package if you want to use the non-recommended backends. See https://pypi.org/project/keyring for details.
13:02:28 FinamPy CRITICAL Ошибка сохранения в системное хранилище: No recommended backend was available. Install a recommended 3rd party backend package; or, install the keyrings.alt package if you want to use the non-recommended backends. See https://pypi.org/project/keyring for details.
13:02:34 robot_arb INFO === Arbitrage Robot v1 ===
13:02:34 robot_arb INFO Pair: GAZP / GZM6
13:02:34 robot_arb INFO Account: 1225953 | Port: 5090 | Paper: True
13:02:34 robot_arb INFO Params: entry_z=1.5 lookback=50 lots_a=10 lots_b=1 hedge_ratio=10.0
13:02:34 robot_arb INFO Min profit: rub=20
13:02:34 robot_arb INFO Risk: stop_loss_rub=5000
13:02:34 FinamPy CRITICAL Ошибка доступа к системному хранилищу: No recommended backend was available. Install a recommended 3rd party backend package; or, install the keyrings.alt package if you want to use the non-recommended backends. See https://pypi.org/project/keyring for details.
13:02:34 FinamPy CRITICAL Ошибка сохранения в системное хранилище: No recommended backend was available. Install a recommended 3rd party backend package; or, install the keyrings.alt package if you want to use the non-recommended backends. See https://pypi.org/project/keyring for details.
13:02:34 robot_arb INFO Signal 15 — shutting down...
13:02:35 robot_arb INFO === Arbitrage Robot v1 ===
13:02:35 robot_arb INFO Pair: GAZP / GZM6
13:02:35 robot_arb INFO Account: 1225953 | Port: 5090 | Paper: True
13:02:35 robot_arb INFO Params: entry_z=1.5 lookback=50 lots_a=10 lots_b=1 hedge_ratio=10.0
13:02:35 robot_arb INFO Min profit: rub=20
13:02:35 robot_arb INFO Risk: stop_loss_rub=5000
13:02:35 robot_arb INFO State loaded: pnl=0 trades=0 mode=stopped
13:02:35 FinamPy CRITICAL Ошибка доступа к системному хранилищу: No recommended backend was available. Install a recommended 3rd party backend package; or, install the keyrings.alt package if you want to use the non-recommended backends. See https://pypi.org/project/keyring for details.
13:02:35 FinamPy CRITICAL Ошибка сохранения в системное хранилище: No recommended backend was available. Install a recommended 3rd party backend package; or, install the keyrings.alt package if you want to use the non-recommended backends. See https://pypi.org/project/keyring for details.
13:02:35 robot_arb INFO FinamPy connected. Accounts: ['1225950', '1225951', '1225952', '1225953']
13:02:35 robot_arb INFO Subscribed OrderBook: GAZP@RTSX
13:02:35 robot_arb INFO Subscribed OrderBook: GZM6@RTSX
13:02:35 robot_arb INFO Subscribed Quotes: GAZP@RTSX
13:02:35 robot_arb INFO Subscribed Quotes: GZM6@RTSX
13:02:35 robot_arb INFO Warmup: waiting 10 sec for data streams...
13:02:45 robot_arb INFO Warmup done. OB_A: False OB_B: False
13:02:45 robot_arb INFO Main loop started
13:02:46 robot_arb INFO API listening on :5090
13:02:46 robot_arb INFO Endpoints: GET /status /health /params | POST /start /stop /pause /params
13:11:13 robot_arb INFO Param updated: ticker_a = GAZP (was GAZP)
13:11:13 robot_arb INFO Param updated: symbol_a = GAZP@RTSX (was GAZP@RTSX)
13:11:13 robot_arb INFO Param updated: ticker_b = GZM6 (was GZM6)
13:11:13 robot_arb INFO Param updated: symbol_b = GZM6@RTSX (was GZM6@RTSX)
13:11:13 robot_arb INFO Param updated: lots_a = 10 (was 10)
13:11:13 robot_arb INFO Param updated: lots_b = 1 (was 1)
13:11:13 robot_arb INFO Param updated: hedge_ratio = 10 (was 10.0)
13:11:13 robot_arb INFO Param updated: capital = 1000000 (was 1000000)
13:11:13 robot_arb INFO Param updated: entry_z = 1.5 (was 1.5)
13:11:13 robot_arb INFO Param updated: lookback = 50 (was 50)
13:11:13 robot_arb INFO Param updated: leg_a_timeout = 5 (was 5)
13:11:13 robot_arb INFO Param updated: min_fill_ratio = 0.5 (was 0.5)
13:11:13 robot_arb INFO Param updated: min_profit_type = rub (was rub)
13:11:13 robot_arb INFO Param updated: min_profit_value = 20 (was 20)
13:11:13 robot_arb INFO Param updated: risk_type = stop_loss_rub (was stop_loss_rub)
13:11:13 robot_arb INFO Param updated: risk_value = 5000 (was 5000)
13:16:37 robot_arb INFO Signal 15 — shutting down...
13:16:38 robot_arb INFO === Arbitrage Robot v1 ===
13:16:38 robot_arb INFO Pair: GAZP / GZM6
13:16:38 robot_arb INFO Account: 1225953 | Port: 5090 | Paper: True
13:16:38 robot_arb INFO Params: entry_z=1.5 lookback=50 lots_a=10 lots_b=1 hedge_ratio=10
13:16:38 robot_arb INFO Min profit: rub=20
13:16:38 robot_arb INFO Risk: stop_loss_rub=5000
13:16:38 robot_arb INFO State loaded: pnl=0 trades=0 mode=stopped
13:16:38 FinamPy CRITICAL Ошибка доступа к системному хранилищу: No recommended backend was available. Install a recommended 3rd party backend package; or, install the keyrings.alt package if you want to use the non-recommended backends. See https://pypi.org/project/keyring for details.
13:16:38 FinamPy CRITICAL Ошибка сохранения в системное хранилище: No recommended backend was available. Install a recommended 3rd party backend package; or, install the keyrings.alt package if you want to use the non-recommended backends. See https://pypi.org/project/keyring for details.
13:16:38 robot_arb INFO FinamPy connected. Accounts: ['1225950', '1225951', '1225952', '1225953']
13:16:38 robot_arb INFO Subscribed OrderBook: GAZP@RTSX
13:16:38 robot_arb INFO Subscribed OrderBook: GZM6@RTSX
13:16:38 robot_arb INFO Subscribed Quotes: GAZP@RTSX
13:16:38 robot_arb INFO Subscribed Quotes: GZM6@RTSX
13:16:38 robot_arb INFO Warmup: waiting 10 sec for data streams...
13:16:48 robot_arb INFO Warmup done. OB_A: False OB_B: False
13:16:48 robot_arb INFO Main loop started
13:16:48 robot_arb INFO API listening on :5090
13:16:48 robot_arb INFO Endpoints: GET /status /health /params | POST /start /stop /pause /params
13:22:14 robot_arb INFO Signal 15 — shutting down...
13:22:15 robot_arb INFO === Arbitrage Robot v1 ===
13:22:15 robot_arb INFO Pair: GAZP / GZM6
13:22:15 robot_arb INFO Account: 1225953 | Port: 5090 | Paper: True
13:22:15 robot_arb INFO Params: entry_z=1.5 lookback=50 lots_a=10 lots_b=1 hedge_ratio=10
13:22:15 robot_arb INFO Min profit: rub=20
13:22:15 robot_arb INFO Risk: stop_loss_rub=5000
13:22:15 robot_arb INFO State loaded: pnl=0 trades=0 mode=stopped
13:22:15 FinamPy CRITICAL Ошибка доступа к системному хранилищу: No recommended backend was available. Install a recommended 3rd party backend package; or, install the keyrings.alt package if you want to use the non-recommended backends. See https://pypi.org/project/keyring for details.
13:22:15 FinamPy CRITICAL Ошибка сохранения в системное хранилище: No recommended backend was available. Install a recommended 3rd party backend package; or, install the keyrings.alt package if you want to use the non-recommended backends. See https://pypi.org/project/keyring for details.
13:22:15 robot_arb INFO FinamPy connected. Accounts: ['1225950', '1225951', '1225952', '1225953']
13:22:15 robot_arb INFO Subscribed OrderBook: GAZP@RTSX
13:22:15 robot_arb INFO Subscribed OrderBook: GZM6@RTSX
13:22:15 robot_arb INFO Subscribed Quotes: GAZP@RTSX
13:22:15 robot_arb INFO Subscribed Quotes: GZM6@RTSX
13:22:15 robot_arb INFO Warmup: waiting 10 sec for data streams...
13:22:25 robot_arb INFO Warmup done. OB_A: False OB_B: False
13:22:25 robot_arb INFO Main loop started
13:22:25 robot_arb INFO API listening on :5090
13:22:25 robot_arb INFO Endpoints: GET /status /health /params | POST /start /stop /pause /params
13:32:10 robot_arb INFO Param updated: ticker_a = GAZP (was GAZP)
13:32:10 robot_arb INFO Param updated: symbol_a = GAZP@RTSX (was GAZP@RTSX)
13:32:10 robot_arb INFO Param updated: ticker_b = GZM6 (was GZM6)
13:32:10 robot_arb INFO Param updated: symbol_b = GZM6@RTSX (was GZM6@RTSX)
13:32:10 robot_arb INFO Param updated: lots_a = 10 (was 10)
13:32:10 robot_arb INFO Param updated: lots_b = 1 (was 1)
13:32:10 robot_arb INFO Param updated: hedge_ratio = 10 (was 10)
13:32:10 robot_arb INFO Param updated: capital = 1000000 (was 1000000)
13:32:10 robot_arb INFO Param updated: entry_z = 1.5 (was 1.5)
13:32:10 robot_arb INFO Param updated: lookback = 50 (was 50)
13:32:10 robot_arb INFO Param updated: leg_a_timeout = 5 (was 5)
13:32:10 robot_arb INFO Param updated: min_fill_ratio = 0.5 (was 0.5)
13:32:10 robot_arb INFO Param updated: min_profit_type = rub (was rub)
13:32:10 robot_arb INFO Param updated: min_profit_value = 20 (was 20)
13:32:10 robot_arb INFO Param updated: risk_type = stop_loss_rub (was stop_loss_rub)
13:32:10 robot_arb INFO Param updated: risk_value = 5000 (was 5000)
14:14:59 robot_arb INFO Signal 15 — shutting down...
14:14:59 robot_arb INFO === Arbitrage Robot v1 ===
14:14:59 robot_arb INFO Pair: GAZP / GZM6
14:14:59 robot_arb INFO Account: 1225953 | Port: 5090 | Paper: True
14:14:59 robot_arb INFO Params: entry_z=1.5 lookback=50 lots_a=10 lots_b=1 hedge_ratio=10
14:14:59 robot_arb INFO Min profit: rub=20
14:14:59 robot_arb INFO Risk: stop_loss_rub=5000
14:14:59 robot_arb INFO State loaded: pnl=0 trades=0 mode=stopped
14:14:59 FinamPy CRITICAL Ошибка доступа к системному хранилищу: No recommended backend was available. Install a recommended 3rd party backend package; or, install the keyrings.alt package if you want to use the non-recommended backends. See https://pypi.org/project/keyring for details.
14:14:59 FinamPy CRITICAL Ошибка сохранения в системное хранилище: No recommended backend was available. Install a recommended 3rd party backend package; or, install the keyrings.alt package if you want to use the non-recommended backends. See https://pypi.org/project/keyring for details.
14:14:59 robot_arb INFO FinamPy connected. Accounts: ['1225950', '1225951', '1225952', '1225953']
14:14:59 robot_arb INFO Subscribed OrderBook: GAZP@RTSX
14:14:59 robot_arb INFO Subscribed OrderBook: GZM6@RTSX
14:14:59 robot_arb INFO Subscribed Quotes: GAZP@RTSX
14:14:59 robot_arb INFO Subscribed Quotes: GZM6@RTSX
14:14:59 robot_arb INFO Warmup: waiting 10 sec for data streams...
14:15:09 robot_arb INFO Warmup done. OB_A: False OB_B: False
14:15:09 robot_arb INFO Main loop started
14:15:11 robot_arb INFO API listening on :5090
14:15:11 robot_arb INFO Endpoints: GET /status /health /params | POST /start /stop /pause /params
14:18:47 robot_arb INFO Mode → RUNNING
14:20:21 robot_arb INFO Signal 15 — shutting down...
14:20:21 robot_arb INFO === Arbitrage Robot v1 ===
14:20:21 robot_arb INFO Pair: GAZP / GZM6
14:20:21 robot_arb INFO Account: 1225953 | Port: 5090 | Paper: True
14:20:21 robot_arb INFO Params: entry_z=1.5 lookback=50 lots_a=10 lots_b=1 hedge_ratio=10
14:20:21 robot_arb INFO Min profit: rub=20
14:20:21 robot_arb INFO Risk: stop_loss_rub=5000
14:20:21 robot_arb INFO State loaded: pnl=0 trades=0 mode=stopped
14:20:22 FinamPy CRITICAL Ошибка доступа к системному хранилищу: No recommended backend was available. Install a recommended 3rd party backend package; or, install the keyrings.alt package if you want to use the non-recommended backends. See https://pypi.org/project/keyring for details.
14:20:22 FinamPy CRITICAL Ошибка сохранения в системное хранилище: No recommended backend was available. Install a recommended 3rd party backend package; or, install the keyrings.alt package if you want to use the non-recommended backends. See https://pypi.org/project/keyring for details.
14:20:22 robot_arb INFO FinamPy connected. Accounts: ['1225950', '1225951', '1225952', '1225953']
14:20:22 robot_arb INFO Subscribed OrderBook: GAZP@RTSX, GZM6@RTSX
14:20:22 robot_arb INFO Subscribed Quotes: GAZP@RTSX, GZM6@RTSX
14:20:22 robot_arb INFO Warmup: waiting 10 sec for data streams...
14:20:32 robot_arb INFO Warmup done. OB_A: False OB_B: False
14:20:32 robot_arb INFO Main loop started
14:20:32 robot_arb INFO API listening on :5090
14:20:32 robot_arb INFO Endpoints: GET /status /health /params | POST /start /stop /pause /params
14:22:31 robot_arb INFO Signal 15 — shutting down...
14:22:31 robot_arb INFO === Arbitrage Robot v1 ===
14:22:31 robot_arb INFO Pair: GAZP / GZM6
14:22:31 robot_arb INFO Account: 1225953 | Port: 5090 | Paper: True
14:22:31 robot_arb INFO Params: entry_z=1.5 lookback=50 lots_a=10 lots_b=1 hedge_ratio=10
14:22:31 robot_arb INFO Min profit: rub=20
14:22:31 robot_arb INFO Risk: stop_loss_rub=5000
14:22:31 robot_arb INFO State loaded: pnl=0 trades=0 mode=stopped
14:22:31 FinamPy CRITICAL Ошибка доступа к системному хранилищу: No recommended backend was available. Install a recommended 3rd party backend package; or, install the keyrings.alt package if you want to use the non-recommended backends. See https://pypi.org/project/keyring for details.
14:22:31 FinamPy CRITICAL Ошибка сохранения в системное хранилище: No recommended backend was available. Install a recommended 3rd party backend package; or, install the keyrings.alt package if you want to use the non-recommended backends. See https://pypi.org/project/keyring for details.
14:22:31 robot_arb INFO FinamPy connected. Accounts: ['1225950', '1225951', '1225952', '1225953']
14:22:31 robot_arb INFO Subscribed OrderBook: GAZP@RTSX, GZM6@RTSX
14:22:31 robot_arb INFO Subscribed Quotes: GAZP@RTSX, GZM6@RTSX
14:22:31 robot_arb INFO Warmup: waiting 10 sec for data streams...
14:22:41 robot_arb INFO Warmup done. OB_A: False OB_B: False
14:22:41 robot_arb INFO Main loop started
14:22:41 robot_arb INFO API listening on :5090
14:22:41 robot_arb INFO Endpoints: GET /status /health /params | POST /start /stop /pause /params
14:29:06 robot_arb INFO Mode → RUNNING
14:32:07 robot_arb INFO Signal 15 — shutting down...
14:32:08 robot_arb INFO === Arbitrage Robot v1 ===
14:32:08 robot_arb INFO Pair: GAZP / GZM6
14:32:08 robot_arb INFO Account: 1225953 | Port: 5090 | Paper: True
14:32:08 robot_arb INFO Params: entry_z=1.5 lookback=50 lots_a=10 lots_b=1 hedge_ratio=10
14:32:08 robot_arb INFO Min profit: rub=20
14:32:08 robot_arb INFO Risk: stop_loss_rub=5000
14:32:08 robot_arb INFO State loaded: pnl=0 trades=0 mode=stopped
14:32:08 FinamPy CRITICAL Ошибка доступа к системному хранилищу: No recommended backend was available. Install a recommended 3rd party backend package; or, install the keyrings.alt package if you want to use the non-recommended backends. See https://pypi.org/project/keyring for details.
14:32:08 FinamPy CRITICAL Ошибка сохранения в системное хранилище: No recommended backend was available. Install a recommended 3rd party backend package; or, install the keyrings.alt package if you want to use the non-recommended backends. See https://pypi.org/project/keyring for details.
14:32:08 robot_arb INFO FinamPy connected. Accounts: ['1225950', '1225951', '1225952', '1225953']
14:32:08 robot_arb INFO Subscribed OrderBook: GAZP@RTSX, GZM6@RTSX
14:32:08 robot_arb INFO Subscribed Quotes: GAZP@RTSX, GZM6@RTSX
14:32:08 robot_arb INFO Warmup: waiting 10 sec for data streams...
14:32:18 robot_arb INFO Warmup done. OB_A: False OB_B: False
14:32:18 robot_arb INFO Main loop started
14:32:18 robot_arb INFO API listening on :5090
14:32:18 robot_arb INFO Endpoints: GET /status /health /params | POST /start /stop /pause /params
14:32:38 robot_arb INFO Mode → RUNNING
14:32:46 robot_arb INFO Param updated: ticker_a = GAZP (was GAZP)
14:32:46 robot_arb INFO Param updated: symbol_a = GAZP@RTSX (was GAZP@RTSX)
14:32:46 robot_arb INFO Param updated: ticker_b = GZM6 (was GZM6)
14:32:46 robot_arb INFO Param updated: symbol_b = GZM6@RTSX (was GZM6@RTSX)
14:32:46 robot_arb INFO Param updated: lots_a = 10 (was 10)
14:32:46 robot_arb INFO Param updated: lots_b = 1 (was 1)
14:32:46 robot_arb INFO Param updated: hedge_ratio = 10 (was 10)
14:32:46 robot_arb INFO Param updated: capital = 1000000 (was 1000000)
14:32:46 robot_arb INFO Param updated: entry_z = 1.5 (was 1.5)
14:32:46 robot_arb INFO Param updated: lookback = 50 (was 50)
14:32:46 robot_arb INFO Param updated: leg_a_timeout = 5 (was 5)
14:32:46 robot_arb INFO Param updated: min_fill_ratio = 0.5 (was 0.5)
14:32:46 robot_arb INFO Param updated: min_profit_type = rub (was rub)
14:32:46 robot_arb INFO Param updated: min_profit_value = 20 (was 20)
14:32:46 robot_arb INFO Param updated: risk_type = stop_loss_rub (was stop_loss_rub)
14:32:46 robot_arb INFO Param updated: risk_value = 5000 (was 5000)
14:33:00 robot_arb INFO Param updated: ticker_a = GAZP (was GAZP)
14:33:00 robot_arb INFO Param updated: symbol_a = GAZP@RTSX (was GAZP@RTSX)
14:33:00 robot_arb INFO Param updated: ticker_b = GZM6 (was GZM6)
14:33:00 robot_arb INFO Param updated: symbol_b = GZM6@RTSX (was GZM6@RTSX)
14:33:00 robot_arb INFO Param updated: lots_a = 10 (was 10)
14:33:00 robot_arb INFO Param updated: lots_b = 1 (was 1)
14:33:00 robot_arb INFO Param updated: hedge_ratio = 10 (was 10)
14:33:00 robot_arb INFO Param updated: capital = 1000000 (was 1000000)
14:33:00 robot_arb INFO Param updated: entry_z = 1.5 (was 1.5)
14:33:00 robot_arb INFO Param updated: lookback = 50 (was 50)
14:33:00 robot_arb INFO Param updated: leg_a_timeout = 5 (was 5)
14:33:00 robot_arb INFO Param updated: min_fill_ratio = 0.5 (was 0.5)
14:33:00 robot_arb INFO Param updated: min_profit_type = rub (was rub)
14:33:00 robot_arb INFO Param updated: min_profit_value = 20 (was 20)
14:33:00 robot_arb INFO Param updated: risk_type = stop_loss_rub (was stop_loss_rub)
14:33:00 robot_arb INFO Param updated: risk_value = 5000 (was 5000)
14:35:52 robot_arb INFO Param updated: ticker_a = GAZP (was GAZP)
14:35:52 robot_arb INFO Param updated: symbol_a = GAZP@RTSX (was GAZP@RTSX)
14:35:52 robot_arb INFO Param updated: ticker_b = GZM6 (was GZM6)
14:35:52 robot_arb INFO Param updated: symbol_b = GZM6@RTSX (was GZM6@RTSX)
14:35:52 robot_arb INFO Param updated: lots_a = 100 (was 10)
14:35:52 robot_arb INFO Param updated: lots_b = 10 (was 1)
14:35:52 robot_arb INFO Param updated: hedge_ratio = 10 (was 10)
14:35:52 robot_arb INFO Param updated: capital = 1000000 (was 1000000)
14:35:52 robot_arb INFO Param updated: entry_z = 1.5 (was 1.5)
14:35:52 robot_arb INFO Param updated: lookback = 50 (was 50)
14:35:52 robot_arb INFO Param updated: leg_a_timeout = 5 (was 5)
14:35:52 robot_arb INFO Param updated: min_fill_ratio = 0.5 (was 0.5)
14:35:52 robot_arb INFO Param updated: min_profit_type = rub (was rub)
14:35:52 robot_arb INFO Param updated: min_profit_value = 20 (was 20)
14:35:52 robot_arb INFO Param updated: risk_type = stop_loss_rub (was stop_loss_rub)
14:35:52 robot_arb INFO Param updated: risk_value = 5000 (was 5000)
14:36:19 robot_arb INFO Param updated: ticker_a = GAZP (was GAZP)
14:36:19 robot_arb INFO Param updated: symbol_a = GAZP@RTSX (was GAZP@RTSX)
14:36:19 robot_arb INFO Param updated: ticker_b = GZU6 (was GZM6)
14:36:19 robot_arb INFO Param updated: symbol_b = GZU6@RTSX (was GZM6@RTSX)
14:36:19 robot_arb INFO Param updated: lots_a = 100 (was 100)
14:36:19 robot_arb INFO Param updated: lots_b = 10 (was 10)
14:36:19 robot_arb INFO Param updated: hedge_ratio = 10 (was 10)
14:36:19 robot_arb INFO Param updated: capital = 1000000 (was 1000000)
14:36:19 robot_arb INFO Param updated: entry_z = 1.5 (was 1.5)
14:36:19 robot_arb INFO Param updated: lookback = 50 (was 50)
14:36:19 robot_arb INFO Param updated: leg_a_timeout = 5 (was 5)
14:36:19 robot_arb INFO Param updated: min_fill_ratio = 0.5 (was 0.5)
14:36:19 robot_arb INFO Param updated: min_profit_type = rub (was rub)
14:36:19 robot_arb INFO Param updated: min_profit_value = 20 (was 20)
14:36:19 robot_arb INFO Param updated: risk_type = stop_loss_rub (was stop_loss_rub)
14:36:19 robot_arb INFO Param updated: risk_value = 5000 (was 5000)
14:36:27 robot_arb INFO Param updated: ticker_a = GAZP (was GAZP)
14:36:27 robot_arb INFO Param updated: symbol_a = GAZP@RTSX (was GAZP@RTSX)
14:36:27 robot_arb INFO Param updated: ticker_b = GZU6 (was GZU6)
14:36:27 robot_arb INFO Param updated: symbol_b = GZU6@RTSX (was GZU6@RTSX)
14:36:27 robot_arb INFO Param updated: lots_a = 100 (was 100)
14:36:27 robot_arb INFO Param updated: lots_b = 10 (was 10)
14:36:27 robot_arb INFO Param updated: hedge_ratio = 10 (was 10)
14:36:27 robot_arb INFO Param updated: capital = 1000000 (was 1000000)
14:36:27 robot_arb INFO Param updated: entry_z = 1.5 (was 1.5)
14:36:27 robot_arb INFO Param updated: lookback = 50 (was 50)
14:36:27 robot_arb INFO Param updated: leg_a_timeout = 5 (was 5)
14:36:27 robot_arb INFO Param updated: min_fill_ratio = 0.5 (was 0.5)
14:36:27 robot_arb INFO Param updated: min_profit_type = rub (was rub)
14:36:27 robot_arb INFO Param updated: min_profit_value = 20 (was 20)
14:36:27 robot_arb INFO Param updated: risk_type = stop_loss_rub (was stop_loss_rub)
14:36:27 robot_arb INFO Param updated: risk_value = 5000 (was 5000)
14:36:45 robot_arb INFO Param updated: ticker_a = GAZP (was GAZP)
14:36:45 robot_arb INFO Param updated: symbol_a = GAZP@RTSX (was GAZP@RTSX)
14:36:45 robot_arb INFO Param updated: ticker_b = GZU6 (was GZU6)
14:36:45 robot_arb INFO Param updated: symbol_b = GZU6@RTSX (was GZU6@RTSX)
14:36:45 robot_arb INFO Param updated: lots_a = 100 (was 100)
14:36:45 robot_arb INFO Param updated: lots_b = 10 (was 10)
14:36:45 robot_arb INFO Param updated: hedge_ratio = 10 (was 10)
14:36:45 robot_arb INFO Param updated: capital = 1000000 (was 1000000)
14:36:45 robot_arb INFO Param updated: entry_z = 1.5 (was 1.5)
14:36:45 robot_arb INFO Param updated: lookback = 50 (was 50)
14:36:45 robot_arb INFO Param updated: leg_a_timeout = 5 (was 5)
14:36:45 robot_arb INFO Param updated: min_fill_ratio = 0.5 (was 0.5)
14:36:45 robot_arb INFO Param updated: min_profit_type = rub (was rub)
14:36:45 robot_arb INFO Param updated: min_profit_value = 20 (was 20)
14:36:45 robot_arb INFO Param updated: risk_type = stop_loss_rub (was stop_loss_rub)
14:36:45 robot_arb INFO Param updated: risk_value = 5000 (was 5000)
14:38:13 robot_arb INFO Param updated: ticker_a = GAZP (was GAZP)
14:38:13 robot_arb INFO Param updated: symbol_a = GAZP@RTSX (was GAZP@RTSX)
14:38:13 robot_arb INFO Param updated: ticker_b = GZU6 (was GZU6)
14:38:13 robot_arb INFO Param updated: symbol_b = GZU6@RTSX (was GZU6@RTSX)
14:38:13 robot_arb INFO Param updated: lots_a = 100 (was 100)
14:38:13 robot_arb INFO Param updated: lots_b = 10 (was 10)
14:38:13 robot_arb INFO Param updated: hedge_ratio = 10 (was 10)
14:38:13 robot_arb INFO Param updated: capital = 1000000 (was 1000000)
14:38:13 robot_arb INFO Param updated: entry_z = 1.5 (was 1.5)
14:38:13 robot_arb INFO Param updated: lookback = 50 (was 50)
14:38:13 robot_arb INFO Param updated: leg_a_timeout = 5 (was 5)
14:38:13 robot_arb INFO Param updated: min_fill_ratio = 0.5 (was 0.5)
14:38:13 robot_arb INFO Param updated: min_profit_type = rub (was rub)
14:38:13 robot_arb INFO Param updated: min_profit_value = 20 (was 20)
14:38:13 robot_arb INFO Param updated: risk_type = stop_loss_rub (was stop_loss_rub)
14:38:13 robot_arb INFO Param updated: risk_value = 5000 (was 5000)
14:42:02 robot_arb INFO Signal 15 — shutting down...
14:42:03 robot_arb INFO === Arbitrage Robot v1 ===
14:42:03 robot_arb INFO Pair: GAZP / GZU6
14:42:03 robot_arb INFO Account: 1225953 | Port: 5090 | Paper: True
14:42:03 robot_arb INFO Params: entry_z=1.5 lookback=50 lots_a=100 lots_b=10 hedge_ratio=10
14:42:03 robot_arb INFO Min profit: rub=20
14:42:03 robot_arb INFO Risk: stop_loss_rub=5000
14:42:03 robot_arb INFO State loaded: pnl=0 trades=0 mode=stopped
14:42:03 FinamPy CRITICAL Ошибка доступа к системному хранилищу: No recommended backend was available. Install a recommended 3rd party backend package; or, install the keyrings.alt package if you want to use the non-recommended backends. See https://pypi.org/project/keyring for details.
14:42:03 FinamPy CRITICAL Ошибка сохранения в системное хранилище: No recommended backend was available. Install a recommended 3rd party backend package; or, install the keyrings.alt package if you want to use the non-recommended backends. See https://pypi.org/project/keyring for details.
14:42:03 robot_arb INFO FinamPy connected. Accounts: ['1225950', '1225951', '1225952', '1225953']
14:42:03 robot_arb INFO Subscribed OrderBook: GAZP@RTSX, GZU6@RTSX
14:42:03 robot_arb INFO Subscribed Quotes: GAZP@RTSX, GZU6@RTSX
14:42:03 robot_arb INFO Warmup: waiting 10 sec for data streams...
14:42:13 robot_arb INFO Warmup done. OB_A: False OB_B: False
14:42:13 robot_arb INFO MOEX ISS poller started (fallback for stock prices)
14:42:13 robot_arb INFO Main loop started
14:42:13 robot_arb INFO API listening on :5090
14:42:13 robot_arb INFO Endpoints: GET /status /health /params | POST /start /stop /pause /params
14:42:14 robot_arb INFO Param updated: ticker_a = GAZP (was GAZP)
14:42:14 robot_arb INFO Param updated: symbol_a = GAZP@RTSX (was GAZP@RTSX)
14:42:14 robot_arb INFO Param updated: ticker_b = GZU6 (was GZU6)
14:42:14 robot_arb INFO Param updated: symbol_b = GZU6@RTSX (was GZU6@RTSX)
14:42:14 robot_arb INFO Param updated: lots_a = 100 (was 100)
14:42:14 robot_arb INFO Param updated: lots_b = 10 (was 10)
14:42:14 robot_arb INFO Param updated: hedge_ratio = 10 (was 10)
14:42:14 robot_arb INFO Param updated: capital = 1000000 (was 1000000)
14:42:14 robot_arb INFO Param updated: entry_z = 1.5 (was 1.5)
14:42:14 robot_arb INFO Param updated: lookback = 50 (was 50)
14:42:14 robot_arb INFO Param updated: leg_a_timeout = 5 (was 5)
14:42:14 robot_arb INFO Param updated: min_fill_ratio = 0.5 (was 0.5)
14:42:14 robot_arb INFO Param updated: min_profit_type = rub (was rub)
14:42:14 robot_arb INFO Param updated: min_profit_value = 20 (was 20)
14:42:14 robot_arb INFO Param updated: risk_type = stop_loss_rub (was stop_loss_rub)
14:42:14 robot_arb INFO Param updated: risk_value = 5000 (was 5000)
14:42:14 robot_arb INFO Mode → RUNNING
14:43:59 robot_arb INFO Signal 15 — shutting down...
14:44:00 robot_arb INFO === Arbitrage Robot v1 ===
14:44:00 robot_arb INFO Pair: GAZP / GZU6
14:44:00 robot_arb INFO Account: 1225953 | Port: 5090 | Paper: True
14:44:00 robot_arb INFO Params: entry_z=1.5 lookback=50 lots_a=100 lots_b=10 hedge_ratio=10
14:44:00 robot_arb INFO Min profit: rub=20
14:44:00 robot_arb INFO Risk: stop_loss_rub=5000
14:44:00 robot_arb INFO State loaded: pnl=0 trades=0 mode=stopped
14:44:00 FinamPy CRITICAL Ошибка доступа к системному хранилищу: No recommended backend was available. Install a recommended 3rd party backend package; or, install the keyrings.alt package if you want to use the non-recommended backends. See https://pypi.org/project/keyring for details.
14:44:00 FinamPy CRITICAL Ошибка сохранения в системное хранилище: No recommended backend was available. Install a recommended 3rd party backend package; or, install the keyrings.alt package if you want to use the non-recommended backends. See https://pypi.org/project/keyring for details.
14:44:00 robot_arb INFO FinamPy connected. Accounts: ['1225950', '1225951', '1225952', '1225953']
14:44:00 robot_arb INFO Subscribed OrderBook: GAZP@RTSX, GZU6@RTSX
14:44:00 robot_arb INFO Subscribed Quotes: GAZP@RTSX, GZU6@RTSX
14:44:00 robot_arb INFO Warmup: waiting 10 sec for data streams...
14:44:10 robot_arb INFO Warmup done. OB_A: False OB_B: False
14:44:10 robot_arb INFO MOEX ISS poller started (fallback for stock prices)
14:44:10 robot_arb INFO Main loop started
14:44:10 robot_arb INFO API listening on :5090
14:44:10 robot_arb INFO Endpoints: GET /status /health /params | POST /start /stop /pause /params
14:44:12 robot_arb INFO Mode → RUNNING
14:45:06 robot_arb WARNING Entry signal but no L2 data for GAZP@RTSX — skipping
14:45:11 robot_arb WARNING Entry signal but no L2 data for GAZP@RTSX — skipping
14:45:39 robot_arb WARNING Entry signal but no L2 data for GAZP@RTSX — skipping
14:45:44 robot_arb WARNING Entry signal but no L2 data for GAZP@RTSX — skipping
14:45:54 robot_arb WARNING Entry signal but no L2 data for GAZP@RTSX — skipping
14:45:59 robot_arb WARNING Entry signal but no L2 data for GAZP@RTSX — skipping
14:46:28 robot_arb WARNING Entry signal but no L2 data for GAZP@RTSX — skipping
14:46:48 robot_arb WARNING Entry signal but no L2 data for GAZP@RTSX — skipping
14:47:13 robot_arb WARNING Entry signal but no L2 data for GAZP@RTSX — skipping
14:47:18 robot_arb WARNING Entry signal but no L2 data for GAZP@RTSX — skipping
14:47:23 robot_arb WARNING Entry signal but no L2 data for GAZP@RTSX — skipping
14:47:28 robot_arb WARNING Entry signal but no L2 data for GAZP@RTSX — skipping
14:48:15 robot_arb WARNING Entry signal but no L2 data for GAZP@RTSX — skipping
14:48:20 robot_arb WARNING Entry signal but no L2 data for GAZP@RTSX — skipping
14:48:25 robot_arb WARNING Entry signal but no L2 data for GAZP@RTSX — skipping
14:48:30 robot_arb WARNING Entry signal but no L2 data for GAZP@RTSX — skipping
14:48:35 robot_arb WARNING Entry signal but no L2 data for GAZP@RTSX — skipping
14:48:42 robot_arb WARNING Entry signal but no L2 data for GAZP@RTSX — skipping
14:48:50 robot_arb WARNING Entry signal but no L2 data for GAZP@RTSX — skipping
14:48:58 robot_arb WARNING Entry signal but no L2 data for GAZP@RTSX — skipping
14:49:36 robot_arb WARNING Entry signal but no L2 data for GAZP@RTSX — skipping
14:49:43 robot_arb WARNING Entry signal but no L2 data for GAZP@RTSX — skipping
14:49:48 robot_arb WARNING Entry signal but no L2 data for GAZP@RTSX — skipping
14:49:53 robot_arb WARNING Entry signal but no L2 data for GAZP@RTSX — skipping
14:49:58 robot_arb WARNING Entry signal but no L2 data for GAZP@RTSX — skipping
14:50:14 robot_arb WARNING Entry signal but no L2 data for GAZP@RTSX — skipping
14:50:19 robot_arb WARNING Entry signal but no L2 data for GAZP@RTSX — skipping
14:50:24 robot_arb WARNING Entry signal but no L2 data for GAZP@RTSX — skipping
14:50:29 robot_arb WARNING Entry signal but no L2 data for GAZP@RTSX — skipping
14:50:47 robot_arb INFO Signal 15 — shutting down...
14:50:48 robot_arb INFO === Arbitrage Robot v1 ===
14:50:48 robot_arb INFO Pair: GAZP / GZU6
14:50:48 robot_arb INFO Account: 1225953 | Port: 5090 | Paper: True
14:50:48 robot_arb INFO Params: entry_z=1.5 lookback=50 lots_a=100 lots_b=10 hedge_ratio=10
14:50:48 robot_arb INFO Min profit: rub=20
14:50:48 robot_arb INFO Risk: stop_loss_rub=5000
14:50:48 robot_arb INFO State loaded: pnl=0 trades=0 mode=stopped
14:50:48 FinamPy CRITICAL Ошибка доступа к системному хранилищу: No recommended backend was available. Install a recommended 3rd party backend package; or, install the keyrings.alt package if you want to use the non-recommended backends. See https://pypi.org/project/keyring for details.
14:50:48 FinamPy CRITICAL Ошибка сохранения в системное хранилище: No recommended backend was available. Install a recommended 3rd party backend package; or, install the keyrings.alt package if you want to use the non-recommended backends. See https://pypi.org/project/keyring for details.
14:50:49 robot_arb INFO FinamPy connected. Accounts: ['1225950', '1225951', '1225952', '1225953']
14:50:49 robot_arb INFO Subscribed OrderBook: GAZP@RTSX, GZU6@RTSX
14:50:49 robot_arb INFO Subscribed Quotes: GAZP@RTSX, GZU6@RTSX
14:50:49 robot_arb INFO Warmup: waiting 10 sec for data streams...
14:50:59 robot_arb INFO Warmup done. OB_A: False OB_B: False
14:50:59 robot_arb INFO MOEX ISS poller started (fallback for stock prices)
14:50:59 robot_arb INFO Main loop started
14:50:59 robot_arb INFO API listening on :5090
14:50:59 robot_arb INFO Endpoints: GET /status /health /params | POST /start /stop /pause /params
14:51:00 robot_arb INFO Mode → RUNNING
14:51:35 robot_arb INFO Signal 15 — shutting down...
14:51:36 robot_arb INFO === Arbitrage Robot v1 ===
14:51:36 robot_arb INFO Pair: GAZP / GZU6
14:51:36 robot_arb INFO Account: 1225953 | Port: 5090 | Paper: True
14:51:36 robot_arb INFO Params: entry_z=1.5 lookback=50 lots_a=100 lots_b=10 hedge_ratio=10
14:51:36 robot_arb INFO Min profit: rub=20
14:51:36 robot_arb INFO Risk: stop_loss_rub=5000
14:51:36 robot_arb INFO State loaded: pnl=0 trades=0 mode=stopped
14:51:36 FinamPy CRITICAL Ошибка доступа к системному хранилищу: No recommended backend was available. Install a recommended 3rd party backend package; or, install the keyrings.alt package if you want to use the non-recommended backends. See https://pypi.org/project/keyring for details.
14:51:36 FinamPy CRITICAL Ошибка сохранения в системное хранилище: No recommended backend was available. Install a recommended 3rd party backend package; or, install the keyrings.alt package if you want to use the non-recommended backends. See https://pypi.org/project/keyring for details.
14:51:37 robot_arb INFO FinamPy connected. Accounts: ['1225950', '1225951', '1225952', '1225953']
14:51:37 robot_arb INFO Subscribed OrderBook: GAZP@RTSX, GZU6@RTSX
14:51:37 robot_arb INFO Subscribed Quotes: GAZP@RTSX, GZU6@RTSX
14:51:37 robot_arb INFO Warmup: waiting 10 sec for data streams...
14:51:47 robot_arb INFO Warmup done. OB_A: False OB_B: False
14:51:47 robot_arb INFO MOEX ISS poller started (fallback for stock prices)
14:51:47 robot_arb INFO Main loop started
14:51:47 robot_arb INFO API listening on :5090
14:51:47 robot_arb INFO Endpoints: GET /status /health /params | POST /start /stop /pause /params
14:51:48 robot_arb INFO Mode → RUNNING
14:53:06 robot_arb WARNING Low liquidity: total_vol=4 — skipping entry
14:53:16 robot_arb WARNING Low liquidity: total_vol=4 — skipping entry
14:53:30 robot_arb WARNING Low liquidity: total_vol=4 — skipping entry
14:53:40 robot_arb WARNING Low liquidity: total_vol=4 — skipping entry
14:54:18 robot_arb WARNING Low liquidity: total_vol=4 — skipping entry
14:54:28 robot_arb WARNING Low liquidity: total_vol=4 — skipping entry
14:55:04 robot_arb WARNING Low liquidity: total_vol=4 — skipping entry
14:55:26 robot_arb WARNING Low liquidity: total_vol=4 — skipping entry
14:55:51 robot_arb WARNING Low liquidity: total_vol=4 — skipping entry
14:56:17 robot_arb INFO Signal 15 — shutting down...
14:56:17 robot_arb INFO === Arbitrage Robot v1 ===
14:56:17 robot_arb INFO Pair: GAZP / GZU6
14:56:17 robot_arb INFO Account: 1225953 | Port: 5090 | Paper: True
14:56:17 robot_arb INFO Params: entry_z=1.5 lookback=50 lots_a=100 lots_b=10 hedge_ratio=10
14:56:17 robot_arb INFO Min profit: rub=20
14:56:17 robot_arb INFO Risk: stop_loss_rub=5000
14:56:17 robot_arb INFO State loaded: pnl=0 trades=0 mode=stopped
14:56:17 FinamPy CRITICAL Ошибка доступа к системному хранилищу: No recommended backend was available. Install a recommended 3rd party backend package; or, install the keyrings.alt package if you want to use the non-recommended backends. See https://pypi.org/project/keyring for details.
14:56:17 FinamPy CRITICAL Ошибка сохранения в системное хранилище: No recommended backend was available. Install a recommended 3rd party backend package; or, install the keyrings.alt package if you want to use the non-recommended backends. See https://pypi.org/project/keyring for details.
14:56:18 robot_arb INFO FinamPy connected. Accounts: ['1225950', '1225951', '1225952', '1225953']
14:56:18 robot_arb INFO Subscribed OrderBook: GAZP@RTSX, GZU6@RTSX
14:56:18 robot_arb INFO Subscribed Quotes: GAZP@RTSX, GZU6@RTSX
14:56:18 robot_arb INFO Warmup: waiting 10 sec for data streams...
14:56:28 robot_arb INFO Warmup done. OB_A: False OB_B: False
14:56:28 robot_arb INFO MOEX ISS poller started (fallback for stock prices)
14:56:28 robot_arb INFO Main loop started
14:56:28 robot_arb INFO API listening on :5090
14:56:28 robot_arb INFO Endpoints: GET /status /health /params | POST /start /stop /pause /params
14:56:30 robot_arb INFO Mode → RUNNING
14:57:34 robot_arb WARNING Low liquidity: total_vol=4 — skipping entry
14:57:44 robot_arb WARNING Low liquidity: total_vol=4 — skipping entry
14:57:54 robot_arb WARNING Low liquidity: total_vol=4 — skipping entry
14:58:12 robot_arb WARNING Low liquidity: total_vol=4 — skipping entry
14:58:23 robot_arb WARNING Low liquidity: total_vol=4 — skipping entry
14:59:05 robot_arb WARNING Low liquidity: total_vol=4 — skipping entry
15:00:01 robot_arb WARNING Low liquidity: total_vol=4 — skipping entry
15:00:21 robot_arb WARNING Low liquidity: total_vol=4 — skipping entry
15:00:31 robot_arb WARNING Low liquidity: total_vol=4 — skipping entry
15:01:00 robot_arb WARNING Low liquidity: total_vol=4 — skipping entry
15:01:10 robot_arb WARNING Low liquidity: total_vol=4 — skipping entry
15:01:50 robot_arb WARNING Low liquidity: total_vol=4 — skipping entry
15:02:03 robot_arb WARNING Low liquidity: total_vol=4 — skipping entry
15:02:15 robot_arb WARNING Low liquidity: total_vol=4 — skipping entry
15:02:25 robot_arb WARNING Low liquidity: total_vol=4 — skipping entry
15:03:13 robot_arb WARNING Low liquidity: total_vol=4 — skipping entry
15:03:23 robot_arb WARNING Low liquidity: total_vol=4 — skipping entry
15:03:57 robot_arb WARNING Low liquidity: total_vol=4 — skipping entry
15:04:08 robot_arb WARNING Low liquidity: total_vol=4 — skipping entry
15:04:26 robot_arb WARNING Low liquidity: total_vol=4 — skipping entry
15:05:07 robot_arb WARNING Low liquidity: total_vol=4 — skipping entry
15:05:17 robot_arb WARNING Low liquidity: total_vol=4 — skipping entry
15:05:35 robot_arb WARNING Low liquidity: total_vol=4 — skipping entry
15:06:03 robot_arb INFO Param updated: ticker_a = GAZP (was GAZP)
15:06:03 robot_arb INFO Param updated: symbol_a = GAZP@RTSX (was GAZP@RTSX)
15:06:03 robot_arb INFO Param updated: ticker_b = GZU6 (was GZU6)
15:06:03 robot_arb INFO Param updated: symbol_b = GZU6@RTSX (was GZU6@RTSX)
15:06:03 robot_arb INFO Param updated: lots_a = 100 (was 100)
15:06:03 robot_arb INFO Param updated: lots_b = 10 (was 10)
15:06:03 robot_arb INFO Param updated: hedge_ratio = 10 (was 10)
15:06:03 robot_arb INFO Param updated: capital = 1000000 (was 1000000)
15:06:03 robot_arb INFO Param updated: entry_z = 1.5 (was 1.5)
15:06:03 robot_arb INFO Param updated: lookback = 50 (was 50)
15:06:03 robot_arb INFO Param updated: leg_a_timeout = 5 (was 5)
15:06:03 robot_arb INFO Param updated: min_fill_ratio = 0.5 (was 0.5)
15:06:03 robot_arb INFO Param updated: min_profit_type = rub (was rub)
15:06:03 robot_arb INFO Param updated: min_profit_value = 20 (was 20)
15:06:03 robot_arb INFO Param updated: risk_type = stop_loss_rub (was stop_loss_rub)
15:06:03 robot_arb INFO Param updated: risk_value = 5000 (was 5000)
15:06:06 robot_arb WARNING Low liquidity: total_vol=4 — skipping entry
15:07:24 robot_arb WARNING Low liquidity: total_vol=4 — skipping entry
15:07:34 robot_arb WARNING Low liquidity: total_vol=4 — skipping entry
15:07:46 robot_arb WARNING Low liquidity: total_vol=4 — skipping entry
15:08:00 robot_arb WARNING Low liquidity: total_vol=4 — skipping entry
15:08:20 robot_arb WARNING Low liquidity: total_vol=4 — skipping entry
15:08:45 robot_arb WARNING Low liquidity: total_vol=4 — skipping entry
15:08:55 robot_arb WARNING Low liquidity: total_vol=4 — skipping entry
15:09:05 robot_arb WARNING Low liquidity: total_vol=4 — skipping entry
15:10:03 robot_arb WARNING Low liquidity: total_vol=4 — skipping entry
15:10:29 robot_arb WARNING Low liquidity: total_vol=4 — skipping entry
15:10:59 robot_arb WARNING Low liquidity: total_vol=4 — skipping entry
15:11:10 robot_arb WARNING Low liquidity: total_vol=4 — skipping entry
15:11:20 robot_arb WARNING Low liquidity: total_vol=4 — skipping entry
15:11:33 robot_arb WARNING Low liquidity: total_vol=4 — skipping entry
15:12:01 robot_arb WARNING Low liquidity: total_vol=4 — skipping entry
15:13:18 robot_arb WARNING Low liquidity: total_vol=4 — skipping entry
15:13:28 robot_arb WARNING Low liquidity: total_vol=4 — skipping entry
15:14:05 robot_arb WARNING Low liquidity: total_vol=4 — skipping entry
15:14:22 robot_arb WARNING Low liquidity: total_vol=4 — skipping entry
15:14:32 robot_arb WARNING Low liquidity: total_vol=4 — skipping entry
15:15:53 robot_arb WARNING Low liquidity: total_vol=4 — skipping entry
15:16:20 robot_arb WARNING Low liquidity: total_vol=4 — skipping entry
15:16:56 robot_arb WARNING Low liquidity: total_vol=4 — skipping entry
15:17:09 robot_arb WARNING Low liquidity: total_vol=4 — skipping entry
15:17:19 robot_arb WARNING Low liquidity: total_vol=4 — skipping entry
15:17:47 robot_arb WARNING Low liquidity: total_vol=4 — skipping entry
15:17:57 robot_arb WARNING Low liquidity: total_vol=4 — skipping entry
15:18:35 robot_arb WARNING Low liquidity: total_vol=4 — skipping entry
15:18:45 robot_arb WARNING Low liquidity: total_vol=4 — skipping entry
15:18:55 robot_arb WARNING Low liquidity: total_vol=4 — skipping entry
15:19:49 robot_arb WARNING Low liquidity: total_vol=4 — skipping entry
15:20:00 robot_arb WARNING Low liquidity: total_vol=4 — skipping entry
15:20:10 robot_arb WARNING Low liquidity: total_vol=4 — skipping entry
15:20:40 robot_arb WARNING Low liquidity: total_vol=4 — skipping entry
15:20:51 robot_arb WARNING Low liquidity: total_vol=4 — skipping entry
15:20:52 robot_arb INFO Param updated: ticker_a = GAZP (was GAZP)
15:20:52 robot_arb INFO Param updated: symbol_a = GAZP@RTSX (was GAZP@RTSX)
15:20:52 robot_arb INFO Param updated: ticker_b = GZU6 (was GZU6)
15:20:52 robot_arb INFO Param updated: symbol_b = GZU6@RTSX (was GZU6@RTSX)
15:20:52 robot_arb INFO Param updated: lots_a = 100 (was 100)
15:20:52 robot_arb INFO Param updated: lots_b = 10 (was 10)
15:20:52 robot_arb INFO Param updated: hedge_ratio = 10 (was 10)
15:20:52 robot_arb INFO Param updated: capital = 1000000 (was 1000000)
15:20:52 robot_arb INFO Param updated: entry_z = 1.5 (was 1.5)
15:20:52 robot_arb INFO Param updated: lookback = 50 (was 50)
15:20:52 robot_arb INFO Param updated: leg_a_timeout = 5 (was 5)
15:20:52 robot_arb INFO Param updated: min_fill_ratio = 0.5 (was 0.5)
15:20:52 robot_arb INFO Param updated: min_profit_type = rub (was rub)
15:20:52 robot_arb INFO Param updated: min_profit_value = 20 (was 20)
15:20:52 robot_arb INFO Param updated: risk_type = stop_loss_rub (was stop_loss_rub)
15:20:52 robot_arb INFO Param updated: risk_value = 5000 (was 5000)
15:21:01 robot_arb WARNING Low liquidity: total_vol=4 — skipping entry
15:21:19 robot_arb WARNING Low liquidity: total_vol=4 — skipping entry
15:21:31 robot_arb WARNING Low liquidity: total_vol=4 — skipping entry
15:21:54 robot_arb WARNING Low liquidity: total_vol=4 — skipping entry
15:22:04 robot_arb WARNING Low liquidity: total_vol=4 — skipping entry
15:22:37 robot_arb WARNING Low liquidity: total_vol=4 — skipping entry
15:22:47 robot_arb WARNING Low liquidity: total_vol=4 — skipping entry
15:23:31 robot_arb WARNING Low liquidity: total_vol=4 — skipping entry
15:23:43 robot_arb INFO Robot copied: /root/.openclaw/workspace/HedgeFund/robot/arb_sber_sru6 (SBER/SRU6)
15:24:04 robot_arb WARNING Low liquidity: total_vol=4 — skipping entry
15:24:14 robot_arb WARNING Low liquidity: total_vol=4 — skipping entry
15:24:17 robot_arb INFO Robot copied: /root/.openclaw/workspace/HedgeFund/robot/arb_sber_sru6 (SBER/SRU6)
15:24:24 robot_arb WARNING Low liquidity: total_vol=4 — skipping entry
15:24:28 robot_arb INFO Param updated: ticker_a = GAZP (was GAZP)
15:24:28 robot_arb INFO Param updated: symbol_a = GAZP@RTSX (was GAZP@RTSX)
15:24:28 robot_arb INFO Param updated: ticker_b = GZU6 (was GZU6)
15:24:28 robot_arb INFO Param updated: symbol_b = GZU6@RTSX (was GZU6@RTSX)
15:24:28 robot_arb INFO Param updated: lots_a = 100 (was 100)
15:24:28 robot_arb INFO Param updated: lots_b = 10 (was 10)
15:24:28 robot_arb INFO Param updated: hedge_ratio = 10 (was 10)
15:24:28 robot_arb INFO Param updated: capital = 1000000 (was 1000000)
15:24:28 robot_arb INFO Param updated: entry_z = 1.5 (was 1.5)
15:24:28 robot_arb INFO Param updated: lookback = 50 (was 50)
15:24:28 robot_arb INFO Param updated: leg_a_timeout = 5 (was 5)
15:24:28 robot_arb INFO Param updated: min_fill_ratio = 0.5 (was 0.5)
15:24:28 robot_arb INFO Param updated: min_profit_type = rub (was rub)
15:24:28 robot_arb INFO Param updated: min_profit_value = 20 (was 20)
15:24:28 robot_arb INFO Param updated: risk_type = stop_loss_rub (was stop_loss_rub)
15:24:28 robot_arb INFO Param updated: risk_value = 5000 (was 5000)
15:25:43 robot_arb WARNING Low liquidity: total_vol=4 — skipping entry
15:26:13 robot_arb WARNING Low liquidity: total_vol=4 — skipping entry
15:26:33 robot_arb WARNING Low liquidity: total_vol=4 — skipping entry
15:26:43 robot_arb WARNING Low liquidity: total_vol=4 — skipping entry
15:26:53 robot_arb WARNING Low liquidity: total_vol=4 — skipping entry
15:27:17 robot_arb WARNING Low liquidity: total_vol=4 — skipping entry
15:27:39 robot_arb INFO Param updated: ticker_a = GAZP (was GAZP)
15:27:39 robot_arb INFO Param updated: symbol_a = GAZP@RTSX (was GAZP@RTSX)
15:27:39 robot_arb INFO Param updated: ticker_b = GZU6 (was GZU6)
15:27:39 robot_arb INFO Param updated: symbol_b = GZU6@RTSX (was GZU6@RTSX)
15:27:39 robot_arb INFO Param updated: lots_a = 100 (was 100)
15:27:39 robot_arb INFO Param updated: lots_b = 10 (was 10)
15:27:39 robot_arb INFO Param updated: hedge_ratio = 10 (was 10)
15:27:39 robot_arb INFO Param updated: capital = 1000000 (was 1000000)
15:27:39 robot_arb INFO Param updated: entry_z = 1 (was 1.5)
15:27:39 robot_arb INFO Param updated: lookback = 50 (was 50)
15:27:39 robot_arb INFO Param updated: leg_a_timeout = 5 (was 5)
15:27:39 robot_arb INFO Param updated: min_fill_ratio = 0.5 (was 0.5)
15:27:39 robot_arb INFO Param updated: min_profit_type = rub (was rub)
15:27:39 robot_arb INFO Param updated: min_profit_value = 20 (was 20)
15:27:39 robot_arb INFO Param updated: risk_type = stop_loss_rub (was stop_loss_rub)
15:27:39 robot_arb INFO Param updated: risk_value = 5000 (was 5000)
15:28:05 robot_arb WARNING Low liquidity: total_vol=4 — skipping entry
15:28:15 robot_arb WARNING Low liquidity: total_vol=4 — skipping entry
15:28:25 robot_arb WARNING Low liquidity: total_vol=4 — skipping entry
15:28:29 robot_arb INFO Param updated: ticker_a = GAZP (was GAZP)
15:28:29 robot_arb INFO Param updated: symbol_a = GAZP@RTSX (was GAZP@RTSX)
15:28:29 robot_arb INFO Param updated: ticker_b = GZU6 (was GZU6)
15:28:29 robot_arb INFO Param updated: symbol_b = GZU6@RTSX (was GZU6@RTSX)
15:28:29 robot_arb INFO Param updated: lots_a = 100 (was 100)
15:28:29 robot_arb INFO Param updated: lots_b = 10 (was 10)
15:28:29 robot_arb INFO Param updated: hedge_ratio = 10 (was 10)
15:28:29 robot_arb INFO Param updated: capital = 1000000 (was 1000000)
15:28:29 robot_arb INFO Param updated: entry_z = 0.5 (was 1)
15:28:29 robot_arb INFO Param updated: lookback = 50 (was 50)
15:28:29 robot_arb INFO Param updated: leg_a_timeout = 5 (was 5)
15:28:29 robot_arb INFO Param updated: min_fill_ratio = 0.5 (was 0.5)
15:28:29 robot_arb INFO Param updated: min_profit_type = rub (was rub)
15:28:29 robot_arb INFO Param updated: min_profit_value = 20 (was 20)
15:28:29 robot_arb INFO Param updated: risk_type = stop_loss_rub (was stop_loss_rub)
15:28:29 robot_arb INFO Param updated: risk_value = 5000 (was 5000)
15:28:35 robot_arb WARNING Low liquidity: total_vol=4 — skipping entry
15:28:45 robot_arb WARNING Low liquidity: total_vol=4 — skipping entry
15:28:55 robot_arb WARNING Low liquidity: total_vol=4 — skipping entry
15:29:00 robot_arb INFO Param updated: ticker_a = GAZP (was GAZP)
15:29:00 robot_arb INFO Param updated: symbol_a = GAZP@RTSX (was GAZP@RTSX)
15:29:00 robot_arb INFO Param updated: ticker_b = GZU6 (was GZU6)
15:29:00 robot_arb INFO Param updated: symbol_b = GZU6@RTSX (was GZU6@RTSX)
15:29:00 robot_arb INFO Param updated: lots_a = 100 (was 100)
15:29:00 robot_arb INFO Param updated: lots_b = 10 (was 10)
15:29:00 robot_arb INFO Param updated: hedge_ratio = 10 (was 10)
15:29:00 robot_arb INFO Param updated: capital = 1000000 (was 1000000)
15:29:00 robot_arb INFO Param updated: entry_z = 0.5 (was 0.5)
15:29:00 robot_arb INFO Param updated: lookback = 50 (was 50)
15:29:00 robot_arb INFO Param updated: leg_a_timeout = 5 (was 5)
15:29:00 robot_arb INFO Param updated: min_fill_ratio = 0.5 (was 0.5)
15:29:00 robot_arb INFO Param updated: min_profit_type = rub (was rub)
15:29:00 robot_arb INFO Param updated: min_profit_value = 20 (was 20)
15:29:00 robot_arb INFO Param updated: risk_type = stop_loss_rub (was stop_loss_rub)
15:29:00 robot_arb INFO Param updated: risk_value = 5000 (was 5000)
15:29:05 robot_arb WARNING Low liquidity: total_vol=4 — skipping entry
15:29:15 robot_arb WARNING Low liquidity: total_vol=4 — skipping entry
15:29:20 robot_arb INFO Param updated: ticker_a = GAZP (was GAZP)
15:29:20 robot_arb INFO Param updated: symbol_a = GAZP@RTSX (was GAZP@RTSX)
15:29:20 robot_arb INFO Param updated: ticker_b = GZU6 (was GZU6)
15:29:20 robot_arb INFO Param updated: symbol_b = GZU6@RTSX (was GZU6@RTSX)
15:29:20 robot_arb INFO Param updated: lots_a = 100 (was 100)
15:29:20 robot_arb INFO Param updated: lots_b = 10 (was 10)
15:29:20 robot_arb INFO Param updated: hedge_ratio = 10 (was 10)
15:29:20 robot_arb INFO Param updated: capital = 1000000 (was 1000000)
15:29:20 robot_arb INFO Param updated: entry_z = 0.1 (was 0.5)
15:29:20 robot_arb INFO Param updated: lookback = 50 (was 50)
15:29:20 robot_arb INFO Param updated: leg_a_timeout = 5 (was 5)
15:29:20 robot_arb INFO Param updated: min_fill_ratio = 0.5 (was 0.5)
15:29:20 robot_arb INFO Param updated: min_profit_type = rub (was rub)
15:29:20 robot_arb INFO Param updated: min_profit_value = 20 (was 20)
15:29:20 robot_arb INFO Param updated: risk_type = stop_loss_rub (was stop_loss_rub)
15:29:20 robot_arb INFO Param updated: risk_value = 5000 (was 5000)
15:29:21 robot_arb INFO Param updated: ticker_a = GAZP (was GAZP)
15:29:21 robot_arb INFO Param updated: symbol_a = GAZP@RTSX (was GAZP@RTSX)
15:29:21 robot_arb INFO Param updated: ticker_b = GZU6 (was GZU6)
15:29:21 robot_arb INFO Param updated: symbol_b = GZU6@RTSX (was GZU6@RTSX)
15:29:21 robot_arb INFO Param updated: lots_a = 100 (was 100)
15:29:21 robot_arb INFO Param updated: lots_b = 10 (was 10)
15:29:21 robot_arb INFO Param updated: hedge_ratio = 10 (was 10)
15:29:21 robot_arb INFO Param updated: capital = 1000000 (was 1000000)
15:29:21 robot_arb INFO Param updated: entry_z = 0.1 (was 0.1)
15:29:21 robot_arb INFO Param updated: lookback = 50 (was 50)
15:29:21 robot_arb INFO Param updated: leg_a_timeout = 5 (was 5)
15:29:21 robot_arb INFO Param updated: min_fill_ratio = 0.5 (was 0.5)
15:29:21 robot_arb INFO Param updated: min_profit_type = rub (was rub)
15:29:21 robot_arb INFO Param updated: min_profit_value = 20 (was 20)
15:29:21 robot_arb INFO Param updated: risk_type = stop_loss_rub (was stop_loss_rub)
15:29:21 robot_arb INFO Param updated: risk_value = 5000 (was 5000)
15:29:25 robot_arb WARNING Low liquidity: total_vol=4 — skipping entry
15:29:35 robot_arb WARNING Low liquidity: total_vol=4 — skipping entry
15:29:45 robot_arb WARNING Low liquidity: total_vol=4 — skipping entry
15:29:55 robot_arb WARNING Low liquidity: total_vol=4 — skipping entry
15:30:05 robot_arb WARNING Low liquidity: total_vol=4 — skipping entry
15:30:15 robot_arb WARNING Low liquidity: total_vol=4 — skipping entry
15:30:25 robot_arb WARNING Low liquidity: total_vol=4 — skipping entry
15:30:35 robot_arb WARNING Low liquidity: total_vol=4 — skipping entry
15:30:45 robot_arb WARNING Low liquidity: total_vol=4 — skipping entry
15:30:55 robot_arb WARNING Low liquidity: total_vol=4 — skipping entry
15:31:05 robot_arb WARNING Low liquidity: total_vol=4 — skipping entry
15:31:15 robot_arb WARNING Low liquidity: total_vol=4 — skipping entry
15:31:25 robot_arb WARNING Low liquidity: total_vol=4 — skipping entry
15:31:35 robot_arb WARNING Low liquidity: total_vol=4 — skipping entry
15:31:45 robot_arb WARNING Low liquidity: total_vol=4 — skipping entry
15:31:55 robot_arb WARNING Low liquidity: total_vol=4 — skipping entry
15:32:05 robot_arb WARNING Low liquidity: total_vol=4 — skipping entry
15:32:15 robot_arb WARNING Low liquidity: total_vol=4 — skipping entry
15:32:25 robot_arb WARNING Low liquidity: total_vol=4 — skipping entry
15:32:35 robot_arb WARNING Low liquidity: total_vol=4 — skipping entry
15:32:45 robot_arb WARNING Low liquidity: total_vol=4 — skipping entry
15:32:55 robot_arb WARNING Low liquidity: total_vol=4 — skipping entry
15:33:05 robot_arb WARNING Low liquidity: total_vol=4 — skipping entry
15:33:15 robot_arb WARNING Low liquidity: total_vol=4 — skipping entry
15:33:25 robot_arb WARNING Low liquidity: total_vol=4 — skipping entry
15:33:35 robot_arb WARNING Low liquidity: total_vol=4 — skipping entry
15:33:45 robot_arb WARNING Low liquidity: total_vol=4 — skipping entry
15:33:55 robot_arb WARNING Low liquidity: total_vol=4 — skipping entry
15:34:05 robot_arb WARNING Low liquidity: total_vol=4 — skipping entry
15:34:13 robot_arb INFO Param updated: ticker_a = GAZP (was GAZP)
15:34:13 robot_arb INFO Param updated: symbol_a = GAZP@RTSX (was GAZP@RTSX)
15:34:13 robot_arb INFO Param updated: ticker_b = GZU6 (was GZU6)
15:34:13 robot_arb INFO Param updated: symbol_b = GZU6@RTSX (was GZU6@RTSX)
15:34:13 robot_arb INFO Param updated: lots_a = 100 (was 100)
15:34:13 robot_arb INFO Param updated: lots_b = 10 (was 10)
15:34:13 robot_arb INFO Param updated: hedge_ratio = 10 (was 10)
15:34:13 robot_arb INFO Param updated: capital = 1000000 (was 1000000)
15:34:13 robot_arb INFO Param updated: entry_z = 0.1 (was 0.1)
15:34:13 robot_arb INFO Param updated: lookback = 50 (was 50)
15:34:13 robot_arb INFO Param updated: leg_a_timeout = 5 (was 5)
15:34:13 robot_arb INFO Param updated: min_fill_ratio = 0.5 (was 0.5)
15:34:13 robot_arb INFO Param updated: min_profit_type = rub (was rub)
15:34:13 robot_arb INFO Param updated: min_profit_value = 20 (was 20)
15:34:13 robot_arb INFO Param updated: risk_type = stop_loss_rub (was stop_loss_rub)
15:34:13 robot_arb INFO Param updated: risk_value = 5000 (was 5000)
15:34:15 robot_arb WARNING Low liquidity: total_vol=4 — skipping entry
15:34:25 robot_arb WARNING Low liquidity: total_vol=4 — skipping entry
15:34:35 robot_arb WARNING Low liquidity: total_vol=4 — skipping entry
15:34:45 robot_arb WARNING Low liquidity: total_vol=4 — skipping entry
15:34:55 robot_arb WARNING Low liquidity: total_vol=4 — skipping entry
15:35:05 robot_arb WARNING Low liquidity: total_vol=4 — skipping entry
15:35:15 robot_arb WARNING Low liquidity: total_vol=4 — skipping entry
15:35:25 robot_arb WARNING Low liquidity: total_vol=4 — skipping entry
15:35:35 robot_arb WARNING Low liquidity: total_vol=4 — skipping entry
15:35:45 robot_arb WARNING Low liquidity: total_vol=4 — skipping entry
15:35:55 robot_arb WARNING Low liquidity: total_vol=4 — skipping entry
15:36:05 robot_arb WARNING Low liquidity: total_vol=4 — skipping entry
15:36:15 robot_arb WARNING Low liquidity: total_vol=4 — skipping entry
15:36:25 robot_arb WARNING Low liquidity: total_vol=4 — skipping entry
15:36:35 robot_arb WARNING Low liquidity: total_vol=4 — skipping entry
15:36:45 robot_arb WARNING Low liquidity: total_vol=4 — skipping entry
15:36:55 robot_arb WARNING Low liquidity: total_vol=4 — skipping entry
15:37:05 robot_arb WARNING Low liquidity: total_vol=4 — skipping entry
15:37:15 robot_arb WARNING Low liquidity: total_vol=4 — skipping entry
15:37:25 robot_arb WARNING Low liquidity: total_vol=4 — skipping entry
15:37:39 robot_arb WARNING Low liquidity: total_vol=4 — skipping entry
15:37:49 robot_arb WARNING Low liquidity: total_vol=4 — skipping entry
15:38:05 robot_arb WARNING Low liquidity: total_vol=4 — skipping entry
15:38:15 robot_arb WARNING Low liquidity: total_vol=4 — skipping entry
15:38:25 robot_arb WARNING Low liquidity: total_vol=4 — skipping entry
15:38:35 robot_arb WARNING Low liquidity: total_vol=4 — skipping entry
15:38:45 robot_arb WARNING Low liquidity: total_vol=4 — skipping entry
15:38:55 robot_arb WARNING Low liquidity: total_vol=4 — skipping entry
15:39:05 robot_arb WARNING Low liquidity: total_vol=4 — skipping entry
15:39:15 robot_arb WARNING Low liquidity: total_vol=4 — skipping entry
15:39:25 robot_arb WARNING Low liquidity: total_vol=4 — skipping entry
15:39:35 robot_arb WARNING Low liquidity: total_vol=4 — skipping entry
15:39:45 robot_arb WARNING Low liquidity: total_vol=4 — skipping entry
15:39:55 robot_arb WARNING Low liquidity: total_vol=4 — skipping entry
15:40:05 robot_arb WARNING Low liquidity: total_vol=4 — skipping entry
15:40:15 robot_arb WARNING Low liquidity: total_vol=4 — skipping entry
15:40:25 robot_arb WARNING Low liquidity: total_vol=4 — skipping entry
15:40:35 robot_arb WARNING Low liquidity: total_vol=4 — skipping entry
15:40:45 robot_arb WARNING Low liquidity: total_vol=4 — skipping entry
15:40:55 robot_arb WARNING Low liquidity: total_vol=4 — skipping entry
15:41:05 robot_arb WARNING Low liquidity: total_vol=4 — skipping entry
15:41:15 robot_arb WARNING Low liquidity: total_vol=4 — skipping entry
15:41:22 robot_arb INFO Signal 15 — shutting down...
15:41:22 robot_arb INFO === Arbitrage Robot v1 ===
15:41:22 robot_arb INFO Pair: GAZP / GZU6
15:41:22 robot_arb INFO Account: 1225953 | Port: 5090 | Paper: True
15:41:22 robot_arb INFO Params: entry_z=0.1 lookback=50 lots_a=100 lots_b=10 hedge_ratio=10
15:41:22 robot_arb INFO Min profit: rub=20
15:41:22 robot_arb INFO Risk: stop_loss_rub=5000
15:41:22 robot_arb INFO State loaded: pnl=0 trades=0 mode=stopped
15:41:22 FinamPy CRITICAL Ошибка доступа к системному хранилищу: No recommended backend was available. Install a recommended 3rd party backend package; or, install the keyrings.alt package if you want to use the non-recommended backends. See https://pypi.org/project/keyring for details.
15:41:22 FinamPy CRITICAL Ошибка сохранения в системное хранилище: No recommended backend was available. Install a recommended 3rd party backend package; or, install the keyrings.alt package if you want to use the non-recommended backends. See https://pypi.org/project/keyring for details.
15:41:22 robot_arb INFO FinamPy connected. Accounts: ['1225950', '1225951', '1225952', '1225953']
15:41:22 robot_arb INFO Subscribed OrderBook: GAZP@RTSX, GZU6@RTSX
15:41:22 robot_arb INFO Subscribed Quotes: GAZP@RTSX, GZU6@RTSX
15:41:22 robot_arb INFO Warmup: waiting 10 sec for data streams...
15:41:32 robot_arb INFO Warmup done. OB_A: False OB_B: False
15:41:32 robot_arb INFO MOEX ISS poller started (fallback for stock prices)
15:41:32 robot_arb INFO Main loop started
15:41:34 robot_arb INFO API listening on :5090
15:41:34 robot_arb INFO Endpoints: GET /status /health /params | POST /start /stop /pause /params
15:41:34 robot_arb INFO Mode → RUNNING
15:42:13 robot_arb INFO Param updated: ticker_a = GAZP (was GAZP)
15:42:13 robot_arb INFO Param updated: symbol_a = GAZP@RTSX (was GAZP@RTSX)
15:42:13 robot_arb INFO Param updated: ticker_b = GZU6 (was GZU6)
15:42:13 robot_arb INFO Param updated: symbol_b = GZU6@RTSX (was GZU6@RTSX)
15:42:13 robot_arb INFO Param updated: lots_a = 100 (was 100)
15:42:13 robot_arb INFO Param updated: lots_b = 10 (was 10)
15:42:13 robot_arb INFO Param updated: hedge_ratio = 10 (was 10)
15:42:13 robot_arb INFO Param updated: capital = 1000000 (was 1000000)
15:42:13 robot_arb INFO Param updated: entry_z = 0.5 (was 0.1)
15:42:13 robot_arb INFO Param updated: lookback = 50 (was 50)
15:42:13 robot_arb INFO Param updated: leg_a_timeout = 5 (was 5)
15:42:13 robot_arb INFO Param updated: min_fill_ratio = 0.5 (was 0.5)
15:42:13 robot_arb INFO Param updated: min_profit_type = rub (was rub)
15:42:13 robot_arb INFO Param updated: min_profit_value = 20 (was 20)
15:42:13 robot_arb INFO Param updated: risk_type = stop_loss_rub (was stop_loss_rub)
15:42:13 robot_arb INFO Param updated: risk_value = 5000 (was 5000)
15:42:24 robot_arb INFO ENTRY SIGNAL short_basis | Z=2.53 basis=9186.40 | A=98.26 B=10169.00 | limit buy 100 @ 98.26
15:42:24 orders_arb INFO 📄 PAPER ENTRY: buy 100 GAZP@RTSX @ 98.26 (LIMIT)
15:42:24 orders_arb INFO 📄 PAPER ENTRY: sell 10 GZU6@RTSX @ MARKET
15:42:24 strategy_arb INFO POSITION OPEN SHORT basis | A=98.26 ×100 | B=982.60 ×10 | basis=0.00 Z=2.53
15:42:24 robot_arb INFO EXIT SIGNAL reason=stop_loss | pnl=-91864.00 | limit sell 100 @ 98.25
15:42:24 orders_arb INFO 📄 PAPER ENTRY: sell 100 GAZP@RTSX @ 98.25 (LIMIT)
15:42:24 orders_arb INFO 📄 PAPER ENTRY: buy 10 GZU6@RTSX @ MARKET
15:42:24 strategy_arb INFO POSITION CLOSE SHORT | PnL=-9.00₽ | reason=stop_loss | hold=0min
15:42:26 robot_arb INFO ENTRY SIGNAL short_basis | Z=2.18 basis=9186.40 | A=98.26 B=10169.00 | limit buy 100 @ 98.26
15:42:26 orders_arb INFO 📄 PAPER ENTRY: buy 100 GAZP@RTSX @ 98.26 (LIMIT)
15:42:26 orders_arb INFO 📄 PAPER ENTRY: sell 10 GZU6@RTSX @ MARKET
15:42:26 strategy_arb INFO POSITION OPEN SHORT basis | A=98.26 ×100 | B=982.60 ×10 | basis=0.00 Z=2.18
15:42:26 robot_arb INFO EXIT SIGNAL reason=stop_loss | pnl=-91864.00 | limit sell 100 @ 98.25
15:42:26 orders_arb INFO 📄 PAPER ENTRY: sell 100 GAZP@RTSX @ 98.25 (LIMIT)
15:42:26 orders_arb INFO 📄 PAPER ENTRY: buy 10 GZU6@RTSX @ MARKET
15:42:26 strategy_arb INFO POSITION CLOSE SHORT | PnL=-9.00₽ | reason=stop_loss | hold=0min
15:42:28 robot_arb INFO ENTRY SIGNAL short_basis | Z=1.93 basis=9186.40 | A=98.26 B=10169.00 | limit buy 100 @ 98.26
15:42:28 orders_arb INFO 📄 PAPER ENTRY: buy 100 GAZP@RTSX @ 98.26 (LIMIT)
15:42:28 orders_arb INFO 📄 PAPER ENTRY: sell 10 GZU6@RTSX @ MARKET
15:42:28 strategy_arb INFO POSITION OPEN SHORT basis | A=98.26 ×100 | B=982.60 ×10 | basis=0.00 Z=1.93
15:42:28 robot_arb INFO EXIT SIGNAL reason=stop_loss | pnl=-91864.00 | limit sell 100 @ 98.25
15:42:28 orders_arb INFO 📄 PAPER ENTRY: sell 100 GAZP@RTSX @ 98.25 (LIMIT)
15:42:28 orders_arb INFO 📄 PAPER ENTRY: buy 10 GZU6@RTSX @ MARKET
15:42:28 strategy_arb INFO POSITION CLOSE SHORT | PnL=-9.00₽ | reason=stop_loss | hold=0min
15:42:30 robot_arb INFO ENTRY SIGNAL short_basis | Z=2.66 basis=9188.60 | A=98.34 B=10172.00 | limit buy 100 @ 98.34
15:42:30 orders_arb INFO 📄 PAPER ENTRY: buy 100 GAZP@RTSX @ 98.34 (LIMIT)
15:42:30 orders_arb INFO 📄 PAPER ENTRY: sell 10 GZU6@RTSX @ MARKET
15:42:30 strategy_arb INFO POSITION OPEN SHORT basis | A=98.34 ×100 | B=983.40 ×10 | basis=0.00 Z=2.66
15:42:30 robot_arb INFO EXIT SIGNAL reason=stop_loss | pnl=-91886.00 | limit sell 100 @ 98.33
15:42:30 orders_arb INFO 📄 PAPER ENTRY: sell 100 GAZP@RTSX @ 98.33 (LIMIT)
15:42:30 orders_arb INFO 📄 PAPER ENTRY: buy 10 GZU6@RTSX @ MARKET
15:42:30 strategy_arb INFO POSITION CLOSE SHORT | PnL=-9.00₽ | reason=stop_loss | hold=0min
15:42:32 robot_arb INFO ENTRY SIGNAL short_basis | Z=2.27 basis=9188.60 | A=98.34 B=10172.00 | limit buy 100 @ 98.34
15:42:32 orders_arb INFO 📄 PAPER ENTRY: buy 100 GAZP@RTSX @ 98.34 (LIMIT)
15:42:32 orders_arb INFO 📄 PAPER ENTRY: sell 10 GZU6@RTSX @ MARKET
15:42:32 strategy_arb INFO POSITION OPEN SHORT basis | A=98.34 ×100 | B=983.40 ×10 | basis=0.00 Z=2.27
15:42:32 robot_arb INFO EXIT SIGNAL reason=stop_loss | pnl=-91886.00 | limit sell 100 @ 98.33
15:42:32 orders_arb INFO 📄 PAPER ENTRY: sell 100 GAZP@RTSX @ 98.33 (LIMIT)
15:42:32 orders_arb INFO 📄 PAPER ENTRY: buy 10 GZU6@RTSX @ MARKET
15:42:32 strategy_arb INFO POSITION CLOSE SHORT | PnL=-9.00₽ | reason=stop_loss | hold=0min
15:42:34 robot_arb INFO ENTRY SIGNAL short_basis | Z=2.00 basis=9188.60 | A=98.34 B=10172.00 | limit buy 100 @ 98.34
15:42:34 orders_arb INFO 📄 PAPER ENTRY: buy 100 GAZP@RTSX @ 98.34 (LIMIT)
15:42:34 orders_arb INFO 📄 PAPER ENTRY: sell 10 GZU6@RTSX @ MARKET
15:42:34 strategy_arb INFO POSITION OPEN SHORT basis | A=98.34 ×100 | B=983.40 ×10 | basis=0.00 Z=2.00
15:42:34 robot_arb INFO EXIT SIGNAL reason=stop_loss | pnl=-91886.00 | limit sell 100 @ 98.33
15:42:34 orders_arb INFO 📄 PAPER ENTRY: sell 100 GAZP@RTSX @ 98.33 (LIMIT)
15:42:34 orders_arb INFO 📄 PAPER ENTRY: buy 10 GZU6@RTSX @ MARKET
15:42:34 strategy_arb INFO POSITION CLOSE SHORT | PnL=-9.00₽ | reason=stop_loss | hold=0min
15:42:36 robot_arb INFO ENTRY SIGNAL short_basis | Z=1.85 basis=9188.80 | A=98.32 B=10172.00 | limit buy 100 @ 98.33
15:42:36 orders_arb INFO 📄 PAPER ENTRY: buy 100 GAZP@RTSX @ 98.33 (LIMIT)
15:42:36 orders_arb INFO 📄 PAPER ENTRY: sell 10 GZU6@RTSX @ MARKET
15:42:36 strategy_arb INFO POSITION OPEN SHORT basis | A=98.33 ×100 | B=983.30 ×10 | basis=0.00 Z=1.85
15:42:36 robot_arb INFO EXIT SIGNAL reason=stop_loss | pnl=-91897.00 | limit sell 100 @ 98.32
15:42:36 orders_arb INFO 📄 PAPER ENTRY: sell 100 GAZP@RTSX @ 98.32 (LIMIT)
15:42:36 orders_arb INFO 📄 PAPER ENTRY: buy 10 GZU6@RTSX @ MARKET
15:42:36 strategy_arb INFO POSITION CLOSE SHORT | PnL=-9.00₽ | reason=stop_loss | hold=0min
15:42:38 robot_arb INFO ENTRY SIGNAL short_basis | Z=1.66 basis=9188.80 | A=98.32 B=10172.00 | limit buy 100 @ 98.33
15:42:38 orders_arb INFO 📄 PAPER ENTRY: buy 100 GAZP@RTSX @ 98.33 (LIMIT)
15:42:38 orders_arb INFO 📄 PAPER ENTRY: sell 10 GZU6@RTSX @ MARKET
15:42:38 strategy_arb INFO POSITION OPEN SHORT basis | A=98.33 ×100 | B=983.30 ×10 | basis=0.00 Z=1.66
15:42:38 robot_arb INFO EXIT SIGNAL reason=stop_loss | pnl=-91897.00 | limit sell 100 @ 98.32
15:42:38 orders_arb INFO 📄 PAPER ENTRY: sell 100 GAZP@RTSX @ 98.32 (LIMIT)
15:42:38 orders_arb INFO 📄 PAPER ENTRY: buy 10 GZU6@RTSX @ MARKET
15:42:38 strategy_arb INFO POSITION CLOSE SHORT | PnL=-9.00₽ | reason=stop_loss | hold=0min
15:42:40 robot_arb INFO ENTRY SIGNAL short_basis | Z=1.42 basis=9188.50 | A=98.35 B=10172.00 | limit buy 100 @ 98.35
15:42:40 orders_arb INFO 📄 PAPER ENTRY: buy 100 GAZP@RTSX @ 98.35 (LIMIT)
15:42:40 orders_arb INFO 📄 PAPER ENTRY: sell 10 GZU6@RTSX @ MARKET
15:42:40 strategy_arb INFO POSITION OPEN SHORT basis | A=98.35 ×100 | B=983.50 ×10 | basis=0.00 Z=1.42
15:42:40 robot_arb INFO EXIT SIGNAL reason=stop_loss | pnl=-91885.00 | limit sell 100 @ 98.34
15:42:40 orders_arb INFO 📄 PAPER ENTRY: sell 100 GAZP@RTSX @ 98.34 (LIMIT)
15:42:40 orders_arb INFO 📄 PAPER ENTRY: buy 10 GZU6@RTSX @ MARKET
15:42:40 strategy_arb INFO POSITION CLOSE SHORT | PnL=-9.00₽ | reason=stop_loss | hold=0min
15:42:42 robot_arb INFO ENTRY SIGNAL short_basis | Z=1.31 basis=9188.50 | A=98.35 B=10172.00 | limit buy 100 @ 98.35
15:42:42 orders_arb INFO 📄 PAPER ENTRY: buy 100 GAZP@RTSX @ 98.35 (LIMIT)
15:42:42 orders_arb INFO 📄 PAPER ENTRY: sell 10 GZU6@RTSX @ MARKET
15:42:42 strategy_arb INFO POSITION OPEN SHORT basis | A=98.35 ×100 | B=983.50 ×10 | basis=0.00 Z=1.31
15:42:42 robot_arb INFO EXIT SIGNAL reason=stop_loss | pnl=-91885.00 | limit sell 100 @ 98.34
15:42:42 orders_arb INFO 📄 PAPER ENTRY: sell 100 GAZP@RTSX @ 98.34 (LIMIT)
15:42:42 orders_arb INFO 📄 PAPER ENTRY: buy 10 GZU6@RTSX @ MARKET
15:42:42 strategy_arb INFO POSITION CLOSE SHORT | PnL=-9.00₽ | reason=stop_loss | hold=0min
15:42:44 robot_arb INFO ENTRY SIGNAL short_basis | Z=1.21 basis=9188.50 | A=98.35 B=10172.00 | limit buy 100 @ 98.35
15:42:44 orders_arb INFO 📄 PAPER ENTRY: buy 100 GAZP@RTSX @ 98.35 (LIMIT)
15:42:44 orders_arb INFO 📄 PAPER ENTRY: sell 10 GZU6@RTSX @ MARKET
15:42:44 strategy_arb INFO POSITION OPEN SHORT basis | A=98.35 ×100 | B=983.50 ×10 | basis=0.00 Z=1.21
15:42:44 robot_arb INFO EXIT SIGNAL reason=stop_loss | pnl=-91885.00 | limit sell 100 @ 98.34
15:42:44 orders_arb INFO 📄 PAPER ENTRY: sell 100 GAZP@RTSX @ 98.34 (LIMIT)
15:42:44 orders_arb INFO 📄 PAPER ENTRY: buy 10 GZU6@RTSX @ MARKET
15:42:44 strategy_arb INFO POSITION CLOSE SHORT | PnL=-9.00₽ | reason=stop_loss | hold=0min
15:42:46 robot_arb INFO ENTRY SIGNAL short_basis | Z=1.13 basis=9188.50 | A=98.35 B=10172.00 | limit buy 100 @ 98.35
15:42:46 orders_arb INFO 📄 PAPER ENTRY: buy 100 GAZP@RTSX @ 98.35 (LIMIT)
15:42:46 orders_arb INFO 📄 PAPER ENTRY: sell 10 GZU6@RTSX @ MARKET
15:42:46 strategy_arb INFO POSITION OPEN SHORT basis | A=98.35 ×100 | B=983.50 ×10 | basis=0.00 Z=1.13
15:42:46 robot_arb INFO EXIT SIGNAL reason=stop_loss | pnl=-91885.00 | limit sell 100 @ 98.34
15:42:46 orders_arb INFO 📄 PAPER ENTRY: sell 100 GAZP@RTSX @ 98.34 (LIMIT)
15:42:46 orders_arb INFO 📄 PAPER ENTRY: buy 10 GZU6@RTSX @ MARKET
15:42:46 strategy_arb INFO POSITION CLOSE SHORT | PnL=-9.00₽ | reason=stop_loss | hold=0min
15:42:48 robot_arb INFO ENTRY SIGNAL short_basis | Z=1.04 basis=9188.50 | A=98.35 B=10172.00 | limit buy 100 @ 98.35
15:42:48 orders_arb INFO 📄 PAPER ENTRY: buy 100 GAZP@RTSX @ 98.35 (LIMIT)
15:42:48 orders_arb INFO 📄 PAPER ENTRY: sell 10 GZU6@RTSX @ MARKET
15:42:48 strategy_arb INFO POSITION OPEN SHORT basis | A=98.35 ×100 | B=983.50 ×10 | basis=0.00 Z=1.04
15:42:48 robot_arb INFO EXIT SIGNAL reason=stop_loss | pnl=-91885.00 | limit sell 100 @ 98.34
15:42:48 orders_arb INFO 📄 PAPER ENTRY: sell 100 GAZP@RTSX @ 98.34 (LIMIT)
15:42:48 orders_arb INFO 📄 PAPER ENTRY: buy 10 GZU6@RTSX @ MARKET
15:42:48 strategy_arb INFO POSITION CLOSE SHORT | PnL=-9.00₽ | reason=stop_loss | hold=0min
15:42:50 robot_arb INFO ENTRY SIGNAL short_basis | Z=0.97 basis=9188.50 | A=98.35 B=10172.00 | limit buy 100 @ 98.35
15:42:50 orders_arb INFO 📄 PAPER ENTRY: buy 100 GAZP@RTSX @ 98.35 (LIMIT)
15:42:50 orders_arb INFO 📄 PAPER ENTRY: sell 10 GZU6@RTSX @ MARKET
15:42:50 strategy_arb INFO POSITION OPEN SHORT basis | A=98.35 ×100 | B=983.50 ×10 | basis=0.00 Z=0.97
15:42:50 robot_arb INFO EXIT SIGNAL reason=stop_loss | pnl=-91885.00 | limit sell 100 @ 98.34
15:42:50 orders_arb INFO 📄 PAPER ENTRY: sell 100 GAZP@RTSX @ 98.34 (LIMIT)
15:42:50 orders_arb INFO 📄 PAPER ENTRY: buy 10 GZU6@RTSX @ MARKET
15:42:50 strategy_arb INFO POSITION CLOSE SHORT | PnL=-9.00₽ | reason=stop_loss | hold=0min
15:42:52 robot_arb INFO ENTRY SIGNAL short_basis | Z=0.93 basis=9188.60 | A=98.34 B=10172.00 | limit buy 100 @ 98.35
15:42:52 orders_arb INFO 📄 PAPER ENTRY: buy 100 GAZP@RTSX @ 98.35 (LIMIT)
15:42:52 orders_arb INFO 📄 PAPER ENTRY: sell 10 GZU6@RTSX @ MARKET
15:42:52 strategy_arb INFO POSITION OPEN SHORT basis | A=98.35 ×100 | B=983.50 ×10 | basis=0.00 Z=0.93
15:42:52 robot_arb INFO EXIT SIGNAL reason=stop_loss | pnl=-91895.00 | limit sell 100 @ 98.34
15:42:52 orders_arb INFO 📄 PAPER ENTRY: sell 100 GAZP@RTSX @ 98.34 (LIMIT)
15:42:52 orders_arb INFO 📄 PAPER ENTRY: buy 10 GZU6@RTSX @ MARKET
15:42:52 strategy_arb INFO POSITION CLOSE SHORT | PnL=-9.00₽ | reason=stop_loss | hold=0min
15:42:54 robot_arb INFO ENTRY SIGNAL short_basis | Z=0.87 basis=9188.60 | A=98.34 B=10172.00 | limit buy 100 @ 98.35
15:42:54 orders_arb INFO 📄 PAPER ENTRY: buy 100 GAZP@RTSX @ 98.35 (LIMIT)
15:42:54 orders_arb INFO 📄 PAPER ENTRY: sell 10 GZU6@RTSX @ MARKET
15:42:54 strategy_arb INFO POSITION OPEN SHORT basis | A=98.35 ×100 | B=983.50 ×10 | basis=0.00 Z=0.87
15:42:54 robot_arb INFO EXIT SIGNAL reason=stop_loss | pnl=-91895.00 | limit sell 100 @ 98.34
15:42:54 orders_arb INFO 📄 PAPER ENTRY: sell 100 GAZP@RTSX @ 98.34 (LIMIT)
15:42:54 orders_arb INFO 📄 PAPER ENTRY: buy 10 GZU6@RTSX @ MARKET
15:42:54 strategy_arb INFO POSITION CLOSE SHORT | PnL=-9.00₽ | reason=stop_loss | hold=0min
15:42:56 robot_arb INFO ENTRY SIGNAL short_basis | Z=1.36 basis=9190.00 | A=98.20 B=10172.00 | limit buy 100 @ 98.20
15:42:56 orders_arb INFO 📄 PAPER ENTRY: buy 100 GAZP@RTSX @ 98.20 (LIMIT)
15:42:56 orders_arb INFO 📄 PAPER ENTRY: sell 10 GZU6@RTSX @ MARKET
15:42:56 strategy_arb INFO POSITION OPEN SHORT basis | A=98.20 ×100 | B=982.00 ×10 | basis=0.00 Z=1.36
15:42:56 robot_arb INFO EXIT SIGNAL reason=stop_loss | pnl=-91900.00 | limit sell 100 @ 98.19
15:42:56 orders_arb INFO 📄 PAPER ENTRY: sell 100 GAZP@RTSX @ 98.19 (LIMIT)
15:42:56 orders_arb INFO 📄 PAPER ENTRY: buy 10 GZU6@RTSX @ MARKET
15:42:56 strategy_arb INFO POSITION CLOSE SHORT | PnL=-9.00₽ | reason=stop_loss | hold=0min
15:43:00 robot_arb INFO ENTRY SIGNAL long_basis | Z=-0.54 basis=9186.00 | A=98.20 B=10168.00 | limit sell 100 @ 98.19
15:43:00 orders_arb INFO 📄 PAPER ENTRY: sell 100 GAZP@RTSX @ 98.19 (LIMIT)
15:43:00 orders_arb INFO 📄 PAPER ENTRY: buy 10 GZU6@RTSX @ MARKET
15:43:00 strategy_arb INFO POSITION OPEN LONG basis | A=98.19 ×100 | B=981.90 ×10 | basis=0.00 Z=-0.54
15:43:00 robot_arb INFO EXIT SIGNAL reason=profit_target | pnl=91851.00 | limit buy 100 @ 98.20
15:43:00 orders_arb INFO 📄 PAPER ENTRY: buy 100 GAZP@RTSX @ 98.20 (LIMIT)
15:43:00 orders_arb INFO 📄 PAPER ENTRY: sell 10 GZU6@RTSX @ MARKET
15:43:00 strategy_arb INFO POSITION CLOSE LONG | PnL=-9.00₽ | reason=profit_target | hold=0min
15:43:02 robot_arb INFO ENTRY SIGNAL long_basis | Z=-2.64 basis=9182.00 | A=98.20 B=10164.00 | limit sell 100 @ 98.19
15:43:02 orders_arb INFO 📄 PAPER ENTRY: sell 100 GAZP@RTSX @ 98.19 (LIMIT)
15:43:02 orders_arb INFO 📄 PAPER ENTRY: buy 10 GZU6@RTSX @ MARKET
15:43:02 strategy_arb INFO POSITION OPEN LONG basis | A=98.19 ×100 | B=981.90 ×10 | basis=0.00 Z=-2.64
15:43:02 robot_arb INFO EXIT SIGNAL reason=profit_target | pnl=91811.00 | limit buy 100 @ 98.20
15:43:02 orders_arb INFO 📄 PAPER ENTRY: buy 100 GAZP@RTSX @ 98.20 (LIMIT)
15:43:02 orders_arb INFO 📄 PAPER ENTRY: sell 10 GZU6@RTSX @ MARKET
15:43:02 strategy_arb INFO POSITION CLOSE LONG | PnL=-9.00₽ | reason=profit_target | hold=0min
15:43:04 robot_arb INFO ENTRY SIGNAL long_basis | Z=-2.47 basis=9182.00 | A=98.20 B=10164.00 | limit sell 100 @ 98.19
15:43:04 orders_arb INFO 📄 PAPER ENTRY: sell 100 GAZP@RTSX @ 98.19 (LIMIT)
15:43:04 orders_arb INFO 📄 PAPER ENTRY: buy 10 GZU6@RTSX @ MARKET
15:43:04 strategy_arb INFO POSITION OPEN LONG basis | A=98.19 ×100 | B=981.90 ×10 | basis=0.00 Z=-2.47
15:43:04 robot_arb INFO EXIT SIGNAL reason=profit_target | pnl=91811.00 | limit buy 100 @ 98.20
15:43:04 orders_arb INFO 📄 PAPER ENTRY: buy 100 GAZP@RTSX @ 98.20 (LIMIT)
15:43:04 orders_arb INFO 📄 PAPER ENTRY: sell 10 GZU6@RTSX @ MARKET
15:43:04 strategy_arb INFO POSITION CLOSE LONG | PnL=-9.00₽ | reason=profit_target | hold=0min
15:43:06 robot_arb INFO ENTRY SIGNAL long_basis | Z=-2.32 basis=9182.00 | A=98.20 B=10164.00 | limit sell 100 @ 98.19
15:43:06 orders_arb INFO 📄 PAPER ENTRY: sell 100 GAZP@RTSX @ 98.19 (LIMIT)
15:43:06 orders_arb INFO 📄 PAPER ENTRY: buy 10 GZU6@RTSX @ MARKET
15:43:06 strategy_arb INFO POSITION OPEN LONG basis | A=98.19 ×100 | B=981.90 ×10 | basis=0.00 Z=-2.32
15:43:06 robot_arb INFO EXIT SIGNAL reason=profit_target | pnl=91811.00 | limit buy 100 @ 98.20
15:43:06 orders_arb INFO 📄 PAPER ENTRY: buy 100 GAZP@RTSX @ 98.20 (LIMIT)
15:43:06 orders_arb INFO 📄 PAPER ENTRY: sell 10 GZU6@RTSX @ MARKET
15:43:06 strategy_arb INFO POSITION CLOSE LONG | PnL=-9.00₽ | reason=profit_target | hold=0min
15:43:08 robot_arb INFO ENTRY SIGNAL long_basis | Z=-2.07 basis=9182.00 | A=98.20 B=10164.00 | limit sell 100 @ 98.19
15:43:08 orders_arb INFO 📄 PAPER ENTRY: sell 100 GAZP@RTSX @ 98.19 (LIMIT)
15:43:08 orders_arb INFO 📄 PAPER ENTRY: buy 10 GZU6@RTSX @ MARKET
15:43:08 strategy_arb INFO POSITION OPEN LONG basis | A=98.19 ×100 | B=981.90 ×10 | basis=0.00 Z=-2.07
15:43:08 robot_arb INFO EXIT SIGNAL reason=profit_target | pnl=91811.00 | limit buy 100 @ 98.20
15:43:08 orders_arb INFO 📄 PAPER ENTRY: buy 100 GAZP@RTSX @ 98.20 (LIMIT)
15:43:08 orders_arb INFO 📄 PAPER ENTRY: sell 10 GZU6@RTSX @ MARKET
15:43:08 strategy_arb INFO POSITION CLOSE LONG | PnL=-9.00₽ | reason=profit_target | hold=0min
15:43:10 robot_arb INFO ENTRY SIGNAL long_basis | Z=-1.88 basis=9182.00 | A=98.20 B=10164.00 | limit sell 100 @ 98.19
15:43:10 orders_arb INFO 📄 PAPER ENTRY: sell 100 GAZP@RTSX @ 98.19 (LIMIT)
15:43:10 orders_arb INFO 📄 PAPER ENTRY: buy 10 GZU6@RTSX @ MARKET
15:43:10 strategy_arb INFO POSITION OPEN LONG basis | A=98.19 ×100 | B=981.90 ×10 | basis=0.00 Z=-1.88
15:43:10 robot_arb INFO EXIT SIGNAL reason=profit_target | pnl=91811.00 | limit buy 100 @ 98.20
15:43:10 orders_arb INFO 📄 PAPER ENTRY: buy 100 GAZP@RTSX @ 98.20 (LIMIT)
15:43:10 orders_arb INFO 📄 PAPER ENTRY: sell 10 GZU6@RTSX @ MARKET
15:43:10 strategy_arb INFO POSITION CLOSE LONG | PnL=-9.00₽ | reason=profit_target | hold=0min
15:43:12 robot_arb INFO ENTRY SIGNAL long_basis | Z=-1.72 basis=9182.00 | A=98.20 B=10164.00 | limit sell 100 @ 98.19
15:43:12 orders_arb INFO 📄 PAPER ENTRY: sell 100 GAZP@RTSX @ 98.19 (LIMIT)
15:43:12 orders_arb INFO 📄 PAPER ENTRY: buy 10 GZU6@RTSX @ MARKET
15:43:12 strategy_arb INFO POSITION OPEN LONG basis | A=98.19 ×100 | B=981.90 ×10 | basis=0.00 Z=-1.72
15:43:12 robot_arb INFO EXIT SIGNAL reason=profit_target | pnl=91811.00 | limit buy 100 @ 98.20
15:43:12 orders_arb INFO 📄 PAPER ENTRY: buy 100 GAZP@RTSX @ 98.20 (LIMIT)
15:43:12 orders_arb INFO 📄 PAPER ENTRY: sell 10 GZU6@RTSX @ MARKET
15:43:12 strategy_arb INFO POSITION CLOSE LONG | PnL=-9.00₽ | reason=profit_target | hold=0min
15:43:14 robot_arb INFO ENTRY SIGNAL long_basis | Z=-1.58 basis=9182.00 | A=98.20 B=10164.00 | limit sell 100 @ 98.19
15:43:14 orders_arb INFO 📄 PAPER ENTRY: sell 100 GAZP@RTSX @ 98.19 (LIMIT)
15:43:14 orders_arb INFO 📄 PAPER ENTRY: buy 10 GZU6@RTSX @ MARKET
15:43:14 strategy_arb INFO POSITION OPEN LONG basis | A=98.19 ×100 | B=981.90 ×10 | basis=0.00 Z=-1.58
15:43:14 robot_arb INFO EXIT SIGNAL reason=profit_target | pnl=91811.00 | limit buy 100 @ 98.20
15:43:14 orders_arb INFO 📄 PAPER ENTRY: buy 100 GAZP@RTSX @ 98.20 (LIMIT)
15:43:14 orders_arb INFO 📄 PAPER ENTRY: sell 10 GZU6@RTSX @ MARKET
15:43:14 strategy_arb INFO POSITION CLOSE LONG | PnL=-9.00₽ | reason=profit_target | hold=0min
15:43:16 robot_arb INFO ENTRY SIGNAL long_basis | Z=-1.45 basis=9182.00 | A=98.20 B=10164.00 | limit sell 100 @ 98.19
15:43:16 orders_arb INFO 📄 PAPER ENTRY: sell 100 GAZP@RTSX @ 98.19 (LIMIT)
15:43:16 orders_arb INFO 📄 PAPER ENTRY: buy 10 GZU6@RTSX @ MARKET
15:43:16 strategy_arb INFO POSITION OPEN LONG basis | A=98.19 ×100 | B=981.90 ×10 | basis=0.00 Z=-1.45
15:43:16 robot_arb INFO EXIT SIGNAL reason=profit_target | pnl=91811.00 | limit buy 100 @ 98.20
15:43:16 orders_arb INFO 📄 PAPER ENTRY: buy 100 GAZP@RTSX @ 98.20 (LIMIT)
15:43:16 orders_arb INFO 📄 PAPER ENTRY: sell 10 GZU6@RTSX @ MARKET
15:43:16 strategy_arb INFO POSITION CLOSE LONG | PnL=-9.00₽ | reason=profit_target | hold=0min
15:43:18 robot_arb INFO ENTRY SIGNAL long_basis | Z=-1.33 basis=9182.00 | A=98.20 B=10164.00 | limit sell 100 @ 98.19
15:43:18 orders_arb INFO 📄 PAPER ENTRY: sell 100 GAZP@RTSX @ 98.19 (LIMIT)
15:43:18 orders_arb INFO 📄 PAPER ENTRY: buy 10 GZU6@RTSX @ MARKET
15:43:18 strategy_arb INFO POSITION OPEN LONG basis | A=98.19 ×100 | B=981.90 ×10 | basis=0.00 Z=-1.33
15:43:18 robot_arb INFO EXIT SIGNAL reason=profit_target | pnl=91811.00 | limit buy 100 @ 98.20
15:43:18 orders_arb INFO 📄 PAPER ENTRY: buy 100 GAZP@RTSX @ 98.20 (LIMIT)
15:43:18 orders_arb INFO 📄 PAPER ENTRY: sell 10 GZU6@RTSX @ MARKET
15:43:18 strategy_arb INFO POSITION CLOSE LONG | PnL=-9.00₽ | reason=profit_target | hold=0min
15:43:20 robot_arb INFO ENTRY SIGNAL long_basis | Z=-2.03 basis=9179.00 | A=98.20 B=10161.00 | limit sell 100 @ 98.19
15:43:20 orders_arb INFO 📄 PAPER ENTRY: sell 100 GAZP@RTSX @ 98.19 (LIMIT)
15:43:20 orders_arb INFO 📄 PAPER ENTRY: buy 10 GZU6@RTSX @ MARKET
15:43:20 strategy_arb INFO POSITION OPEN LONG basis | A=98.19 ×100 | B=981.90 ×10 | basis=0.00 Z=-2.03
15:43:20 robot_arb INFO EXIT SIGNAL reason=profit_target | pnl=91781.00 | limit buy 100 @ 98.20
15:43:20 orders_arb INFO 📄 PAPER ENTRY: buy 100 GAZP@RTSX @ 98.20 (LIMIT)
15:43:20 orders_arb INFO 📄 PAPER ENTRY: sell 10 GZU6@RTSX @ MARKET
15:43:20 strategy_arb INFO POSITION CLOSE LONG | PnL=-9.00₽ | reason=profit_target | hold=0min
15:43:22 robot_arb INFO ENTRY SIGNAL long_basis | Z=-1.81 basis=9179.00 | A=98.20 B=10161.00 | limit sell 100 @ 98.19
15:43:22 orders_arb INFO 📄 PAPER ENTRY: sell 100 GAZP@RTSX @ 98.19 (LIMIT)
15:43:22 orders_arb INFO 📄 PAPER ENTRY: buy 10 GZU6@RTSX @ MARKET
15:43:22 strategy_arb INFO POSITION OPEN LONG basis | A=98.19 ×100 | B=981.90 ×10 | basis=0.00 Z=-1.81
15:43:22 robot_arb INFO EXIT SIGNAL reason=profit_target | pnl=91781.00 | limit buy 100 @ 98.20
15:43:22 orders_arb INFO 📄 PAPER ENTRY: buy 100 GAZP@RTSX @ 98.20 (LIMIT)
15:43:22 orders_arb INFO 📄 PAPER ENTRY: sell 10 GZU6@RTSX @ MARKET
15:43:22 strategy_arb INFO POSITION CLOSE LONG | PnL=-9.00₽ | reason=profit_target | hold=0min
15:43:24 robot_arb INFO ENTRY SIGNAL long_basis | Z=-1.63 basis=9179.00 | A=98.20 B=10161.00 | limit sell 100 @ 98.19
15:43:24 orders_arb INFO 📄 PAPER ENTRY: sell 100 GAZP@RTSX @ 98.19 (LIMIT)
15:43:24 orders_arb INFO 📄 PAPER ENTRY: buy 10 GZU6@RTSX @ MARKET
15:43:24 strategy_arb INFO POSITION OPEN LONG basis | A=98.19 ×100 | B=981.90 ×10 | basis=0.00 Z=-1.63
15:43:24 robot_arb INFO EXIT SIGNAL reason=profit_target | pnl=91781.00 | limit buy 100 @ 98.20
15:43:24 orders_arb INFO 📄 PAPER ENTRY: buy 100 GAZP@RTSX @ 98.20 (LIMIT)
15:43:24 orders_arb INFO 📄 PAPER ENTRY: sell 10 GZU6@RTSX @ MARKET
15:43:24 strategy_arb INFO POSITION CLOSE LONG | PnL=-9.00₽ | reason=profit_target | hold=0min
15:43:26 robot_arb INFO ENTRY SIGNAL long_basis | Z=-1.49 basis=9179.00 | A=98.20 B=10161.00 | limit sell 100 @ 98.19
15:43:26 orders_arb INFO 📄 PAPER ENTRY: sell 100 GAZP@RTSX @ 98.19 (LIMIT)
15:43:26 orders_arb INFO 📄 PAPER ENTRY: buy 10 GZU6@RTSX @ MARKET
15:43:26 strategy_arb INFO POSITION OPEN LONG basis | A=98.19 ×100 | B=981.90 ×10 | basis=0.00 Z=-1.49
15:43:26 robot_arb INFO EXIT SIGNAL reason=profit_target | pnl=91781.00 | limit buy 100 @ 98.20
15:43:26 orders_arb INFO 📄 PAPER ENTRY: buy 100 GAZP@RTSX @ 98.20 (LIMIT)
15:43:26 orders_arb INFO 📄 PAPER ENTRY: sell 10 GZU6@RTSX @ MARKET
15:43:26 strategy_arb INFO POSITION CLOSE LONG | PnL=-9.00₽ | reason=profit_target | hold=0min
15:43:28 robot_arb INFO ENTRY SIGNAL long_basis | Z=-1.36 basis=9179.00 | A=98.20 B=10161.00 | limit sell 100 @ 98.19
15:43:28 orders_arb INFO 📄 PAPER ENTRY: sell 100 GAZP@RTSX @ 98.19 (LIMIT)
15:43:28 orders_arb INFO 📄 PAPER ENTRY: buy 10 GZU6@RTSX @ MARKET
15:43:28 strategy_arb INFO POSITION OPEN LONG basis | A=98.19 ×100 | B=981.90 ×10 | basis=0.00 Z=-1.36
15:43:28 robot_arb INFO EXIT SIGNAL reason=profit_target | pnl=91781.00 | limit buy 100 @ 98.20
15:43:28 orders_arb INFO 📄 PAPER ENTRY: buy 100 GAZP@RTSX @ 98.20 (LIMIT)
15:43:28 orders_arb INFO 📄 PAPER ENTRY: sell 10 GZU6@RTSX @ MARKET
15:43:28 strategy_arb INFO POSITION CLOSE LONG | PnL=-9.00₽ | reason=profit_target | hold=0min
15:43:30 robot_arb INFO ENTRY SIGNAL long_basis | Z=-1.23 basis=9179.10 | A=98.19 B=10161.00 | limit sell 100 @ 98.19
15:43:30 orders_arb INFO 📄 PAPER ENTRY: sell 100 GAZP@RTSX @ 98.19 (LIMIT)
15:43:30 orders_arb INFO 📄 PAPER ENTRY: buy 10 GZU6@RTSX @ MARKET
15:43:30 strategy_arb INFO POSITION OPEN LONG basis | A=98.19 ×100 | B=981.90 ×10 | basis=0.00 Z=-1.23
15:43:30 robot_arb INFO EXIT SIGNAL reason=profit_target | pnl=91791.00 | limit buy 100 @ 98.20
15:43:30 orders_arb INFO 📄 PAPER ENTRY: buy 100 GAZP@RTSX @ 98.20 (LIMIT)
15:43:30 orders_arb INFO 📄 PAPER ENTRY: sell 10 GZU6@RTSX @ MARKET
15:43:30 strategy_arb INFO POSITION CLOSE LONG | PnL=-9.00₽ | reason=profit_target | hold=0min
15:43:32 robot_arb INFO ENTRY SIGNAL long_basis | Z=-1.14 basis=9179.10 | A=98.19 B=10161.00 | limit sell 100 @ 98.19
15:43:32 orders_arb INFO 📄 PAPER ENTRY: sell 100 GAZP@RTSX @ 98.19 (LIMIT)
15:43:32 orders_arb INFO 📄 PAPER ENTRY: buy 10 GZU6@RTSX @ MARKET
15:43:32 strategy_arb INFO POSITION OPEN LONG basis | A=98.19 ×100 | B=981.90 ×10 | basis=0.00 Z=-1.14
15:43:32 robot_arb INFO EXIT SIGNAL reason=profit_target | pnl=91791.00 | limit buy 100 @ 98.20
15:43:32 orders_arb INFO 📄 PAPER ENTRY: buy 100 GAZP@RTSX @ 98.20 (LIMIT)
15:43:32 orders_arb INFO 📄 PAPER ENTRY: sell 10 GZU6@RTSX @ MARKET
15:43:32 strategy_arb INFO POSITION CLOSE LONG | PnL=-9.00₽ | reason=profit_target | hold=0min
15:43:34 robot_arb INFO ENTRY SIGNAL long_basis | Z=-1.06 basis=9179.10 | A=98.19 B=10161.00 | limit sell 100 @ 98.19
15:43:34 orders_arb INFO 📄 PAPER ENTRY: sell 100 GAZP@RTSX @ 98.19 (LIMIT)
15:43:34 orders_arb INFO 📄 PAPER ENTRY: buy 10 GZU6@RTSX @ MARKET
15:43:34 strategy_arb INFO POSITION OPEN LONG basis | A=98.19 ×100 | B=981.90 ×10 | basis=0.00 Z=-1.06
15:43:34 robot_arb INFO EXIT SIGNAL reason=profit_target | pnl=91791.00 | limit buy 100 @ 98.20
15:43:34 orders_arb INFO 📄 PAPER ENTRY: buy 100 GAZP@RTSX @ 98.20 (LIMIT)
15:43:34 orders_arb INFO 📄 PAPER ENTRY: sell 10 GZU6@RTSX @ MARKET
15:43:34 strategy_arb INFO POSITION CLOSE LONG | PnL=-9.00₽ | reason=profit_target | hold=0min
15:43:36 robot_arb INFO ENTRY SIGNAL long_basis | Z=-1.01 basis=9179.00 | A=98.20 B=10161.00 | limit sell 100 @ 98.19
15:43:36 orders_arb INFO 📄 PAPER ENTRY: sell 100 GAZP@RTSX @ 98.19 (LIMIT)
15:43:36 orders_arb INFO 📄 PAPER ENTRY: buy 10 GZU6@RTSX @ MARKET
15:43:36 strategy_arb INFO POSITION OPEN LONG basis | A=98.19 ×100 | B=981.90 ×10 | basis=0.00 Z=-1.01
15:43:36 robot_arb INFO EXIT SIGNAL reason=profit_target | pnl=91781.00 | limit buy 100 @ 98.20
15:43:36 orders_arb INFO 📄 PAPER ENTRY: buy 100 GAZP@RTSX @ 98.20 (LIMIT)
15:43:36 orders_arb INFO 📄 PAPER ENTRY: sell 10 GZU6@RTSX @ MARKET
15:43:36 strategy_arb INFO POSITION CLOSE LONG | PnL=-9.00₽ | reason=profit_target | hold=0min
15:43:38 robot_arb INFO ENTRY SIGNAL long_basis | Z=-0.94 basis=9179.00 | A=98.20 B=10161.00 | limit sell 100 @ 98.19
15:43:38 orders_arb INFO 📄 PAPER ENTRY: sell 100 GAZP@RTSX @ 98.19 (LIMIT)
15:43:38 orders_arb INFO 📄 PAPER ENTRY: buy 10 GZU6@RTSX @ MARKET
15:43:38 strategy_arb INFO POSITION OPEN LONG basis | A=98.19 ×100 | B=981.90 ×10 | basis=0.00 Z=-0.94
15:43:38 robot_arb INFO EXIT SIGNAL reason=profit_target | pnl=91781.00 | limit buy 100 @ 98.20
15:43:38 orders_arb INFO 📄 PAPER ENTRY: buy 100 GAZP@RTSX @ 98.20 (LIMIT)
15:43:38 orders_arb INFO 📄 PAPER ENTRY: sell 10 GZU6@RTSX @ MARKET
15:43:38 strategy_arb INFO POSITION CLOSE LONG | PnL=-9.00₽ | reason=profit_target | hold=0min
15:43:40 robot_arb INFO ENTRY SIGNAL long_basis | Z=-0.87 basis=9179.00 | A=98.20 B=10161.00 | limit sell 100 @ 98.19
15:43:40 orders_arb INFO 📄 PAPER ENTRY: sell 100 GAZP@RTSX @ 98.19 (LIMIT)
15:43:40 orders_arb INFO 📄 PAPER ENTRY: buy 10 GZU6@RTSX @ MARKET
15:43:40 strategy_arb INFO POSITION OPEN LONG basis | A=98.19 ×100 | B=981.90 ×10 | basis=0.00 Z=-0.87
15:43:40 robot_arb INFO EXIT SIGNAL reason=profit_target | pnl=91781.00 | limit buy 100 @ 98.20
15:43:40 orders_arb INFO 📄 PAPER ENTRY: buy 100 GAZP@RTSX @ 98.20 (LIMIT)
15:43:40 orders_arb INFO 📄 PAPER ENTRY: sell 10 GZU6@RTSX @ MARKET
15:43:40 strategy_arb INFO POSITION CLOSE LONG | PnL=-9.00₽ | reason=profit_target | hold=0min
15:43:42 robot_arb INFO ENTRY SIGNAL long_basis | Z=-0.82 basis=9179.00 | A=98.20 B=10161.00 | limit sell 100 @ 98.19
15:43:42 orders_arb INFO 📄 PAPER ENTRY: sell 100 GAZP@RTSX @ 98.19 (LIMIT)
15:43:42 orders_arb INFO 📄 PAPER ENTRY: buy 10 GZU6@RTSX @ MARKET
15:43:42 strategy_arb INFO POSITION OPEN LONG basis | A=98.19 ×100 | B=981.90 ×10 | basis=0.00 Z=-0.82
15:43:42 robot_arb INFO EXIT SIGNAL reason=profit_target | pnl=91781.00 | limit buy 100 @ 98.20
15:43:42 orders_arb INFO 📄 PAPER ENTRY: buy 100 GAZP@RTSX @ 98.20 (LIMIT)
15:43:42 orders_arb INFO 📄 PAPER ENTRY: sell 10 GZU6@RTSX @ MARKET
15:43:42 strategy_arb INFO POSITION CLOSE LONG | PnL=-9.00₽ | reason=profit_target | hold=0min
15:43:44 robot_arb INFO ENTRY SIGNAL long_basis | Z=-0.78 basis=9179.00 | A=98.20 B=10161.00 | limit sell 100 @ 98.19
15:43:44 orders_arb INFO 📄 PAPER ENTRY: sell 100 GAZP@RTSX @ 98.19 (LIMIT)
15:43:44 orders_arb INFO 📄 PAPER ENTRY: buy 10 GZU6@RTSX @ MARKET
15:43:44 strategy_arb INFO POSITION OPEN LONG basis | A=98.19 ×100 | B=981.90 ×10 | basis=0.00 Z=-0.78
15:43:44 robot_arb INFO EXIT SIGNAL reason=profit_target | pnl=91781.00 | limit buy 100 @ 98.20
15:43:44 orders_arb INFO 📄 PAPER ENTRY: buy 100 GAZP@RTSX @ 98.20 (LIMIT)
15:43:44 orders_arb INFO 📄 PAPER ENTRY: sell 10 GZU6@RTSX @ MARKET
15:43:44 strategy_arb INFO POSITION CLOSE LONG | PnL=-9.00₽ | reason=profit_target | hold=0min
15:43:45 robot_arb INFO Param updated: ticker_a = GAZP (was GAZP)
15:43:45 robot_arb INFO Param updated: symbol_a = GAZP@RTSX (was GAZP@RTSX)
15:43:45 robot_arb INFO Param updated: ticker_b = GZU6 (was GZU6)
15:43:45 robot_arb INFO Param updated: symbol_b = GZU6@RTSX (was GZU6@RTSX)
15:43:45 robot_arb INFO Param updated: lots_a = 100 (was 100)
15:43:45 robot_arb INFO Param updated: lots_b = 10 (was 10)
15:43:45 robot_arb INFO Param updated: hedge_ratio = 10 (was 10)
15:43:45 robot_arb INFO Param updated: capital = 1000000 (was 1000000)
15:43:45 robot_arb INFO Param updated: entry_z = 1.5 (was 0.5)
15:43:45 robot_arb INFO Param updated: lookback = 50 (was 50)
15:43:45 robot_arb INFO Param updated: leg_a_timeout = 5 (was 5)
15:43:45 robot_arb INFO Param updated: min_fill_ratio = 0.5 (was 0.5)
15:43:45 robot_arb INFO Param updated: min_profit_type = rub (was rub)
15:43:45 robot_arb INFO Param updated: min_profit_value = 20 (was 20)
15:43:45 robot_arb INFO Param updated: risk_type = stop_loss_rub (was stop_loss_rub)
15:43:45 robot_arb INFO Param updated: risk_value = 5000 (was 5000)
15:43:48 robot_arb INFO ENTRY SIGNAL short_basis | Z=1.54 basis=9184.00 | A=98.20 B=10166.00 | limit buy 100 @ 98.20
15:43:48 orders_arb INFO 📄 PAPER ENTRY: buy 100 GAZP@RTSX @ 98.20 (LIMIT)
15:43:48 orders_arb INFO 📄 PAPER ENTRY: sell 10 GZU6@RTSX @ MARKET
15:43:48 strategy_arb INFO POSITION OPEN SHORT basis | A=98.20 ×100 | B=982.00 ×10 | basis=0.00 Z=1.54
15:43:48 robot_arb INFO EXIT SIGNAL reason=stop_loss | pnl=-91840.00 | limit sell 100 @ 98.19
15:43:48 orders_arb INFO 📄 PAPER ENTRY: sell 100 GAZP@RTSX @ 98.19 (LIMIT)
15:43:48 orders_arb INFO 📄 PAPER ENTRY: buy 10 GZU6@RTSX @ MARKET
15:43:48 strategy_arb INFO POSITION CLOSE SHORT | PnL=-9.00₽ | reason=stop_loss | hold=0min
15:43:50 robot_arb INFO ENTRY SIGNAL short_basis | Z=1.72 basis=9184.00 | A=98.20 B=10166.00 | limit buy 100 @ 98.20
15:43:50 orders_arb INFO 📄 PAPER ENTRY: buy 100 GAZP@RTSX @ 98.20 (LIMIT)
15:43:50 orders_arb INFO 📄 PAPER ENTRY: sell 10 GZU6@RTSX @ MARKET
15:43:50 strategy_arb INFO POSITION OPEN SHORT basis | A=98.20 ×100 | B=982.00 ×10 | basis=0.00 Z=1.72
15:43:50 robot_arb INFO EXIT SIGNAL reason=stop_loss | pnl=-91840.00 | limit sell 100 @ 98.19
15:43:50 orders_arb INFO 📄 PAPER ENTRY: sell 100 GAZP@RTSX @ 98.19 (LIMIT)
15:43:50 orders_arb INFO 📄 PAPER ENTRY: buy 10 GZU6@RTSX @ MARKET
15:43:50 strategy_arb INFO POSITION CLOSE SHORT | PnL=-9.00₽ | reason=stop_loss | hold=0min
15:43:57 robot_arb INFO ENTRY SIGNAL short_basis | Z=6.09 basis=9192.70 | A=98.33 B=10176.00 | limit buy 100 @ 98.34
15:43:57 orders_arb INFO 📄 PAPER ENTRY: buy 100 GAZP@RTSX @ 98.34 (LIMIT)
15:43:57 orders_arb INFO 📄 PAPER ENTRY: sell 10 GZU6@RTSX @ MARKET
15:43:57 strategy_arb INFO POSITION OPEN SHORT basis | A=98.34 ×100 | B=983.40 ×10 | basis=0.00 Z=6.09
15:43:57 robot_arb INFO EXIT SIGNAL reason=stop_loss | pnl=-91936.00 | limit sell 100 @ 98.33
15:43:57 orders_arb INFO 📄 PAPER ENTRY: sell 100 GAZP@RTSX @ 98.33 (LIMIT)
15:43:57 orders_arb INFO 📄 PAPER ENTRY: buy 10 GZU6@RTSX @ MARKET
15:43:57 strategy_arb INFO POSITION CLOSE SHORT | PnL=-9.00₽ | reason=stop_loss | hold=0min
15:43:59 robot_arb INFO ENTRY SIGNAL short_basis | Z=3.77 basis=9192.70 | A=98.33 B=10176.00 | limit buy 100 @ 98.34
15:43:59 orders_arb INFO 📄 PAPER ENTRY: buy 100 GAZP@RTSX @ 98.34 (LIMIT)
15:43:59 orders_arb INFO 📄 PAPER ENTRY: sell 10 GZU6@RTSX @ MARKET
15:43:59 strategy_arb INFO POSITION OPEN SHORT basis | A=98.34 ×100 | B=983.40 ×10 | basis=0.00 Z=3.77
15:43:59 robot_arb INFO EXIT SIGNAL reason=stop_loss | pnl=-91936.00 | limit sell 100 @ 98.33
15:43:59 orders_arb INFO 📄 PAPER ENTRY: sell 100 GAZP@RTSX @ 98.33 (LIMIT)
15:43:59 orders_arb INFO 📄 PAPER ENTRY: buy 10 GZU6@RTSX @ MARKET
15:43:59 strategy_arb INFO POSITION CLOSE SHORT | PnL=-9.00₽ | reason=stop_loss | hold=0min
15:44:01 robot_arb INFO ENTRY SIGNAL short_basis | Z=2.92 basis=9192.70 | A=98.33 B=10176.00 | limit buy 100 @ 98.34
15:44:01 orders_arb INFO 📄 PAPER ENTRY: buy 100 GAZP@RTSX @ 98.34 (LIMIT)
15:44:01 orders_arb INFO 📄 PAPER ENTRY: sell 10 GZU6@RTSX @ MARKET
15:44:01 strategy_arb INFO POSITION OPEN SHORT basis | A=98.34 ×100 | B=983.40 ×10 | basis=0.00 Z=2.92
15:44:01 robot_arb INFO EXIT SIGNAL reason=stop_loss | pnl=-91936.00 | limit sell 100 @ 98.33
15:44:01 orders_arb INFO 📄 PAPER ENTRY: sell 100 GAZP@RTSX @ 98.33 (LIMIT)
15:44:01 orders_arb INFO 📄 PAPER ENTRY: buy 10 GZU6@RTSX @ MARKET
15:44:01 strategy_arb INFO POSITION CLOSE SHORT | PnL=-9.00₽ | reason=stop_loss | hold=0min
15:44:02 robot_arb INFO Param updated: ticker_a = GAZP (was GAZP)
15:44:02 robot_arb INFO Param updated: symbol_a = GAZP@RTSX (was GAZP@RTSX)
15:44:02 robot_arb INFO Param updated: ticker_b = GZU6 (was GZU6)
15:44:02 robot_arb INFO Param updated: symbol_b = GZU6@RTSX (was GZU6@RTSX)
15:44:02 robot_arb INFO Param updated: lots_a = 100 (was 100)
15:44:02 robot_arb INFO Param updated: lots_b = 10 (was 10)
15:44:02 robot_arb INFO Param updated: hedge_ratio = 10 (was 10)
15:44:02 robot_arb INFO Param updated: capital = 1000000 (was 1000000)
15:44:02 robot_arb INFO Param updated: entry_z = 1.5 (was 1.5)
15:44:02 robot_arb INFO Param updated: lookback = 50 (was 50)
15:44:02 robot_arb INFO Param updated: leg_a_timeout = 5 (was 5)
15:44:02 robot_arb INFO Param updated: min_fill_ratio = 0.5 (was 0.5)
15:44:02 robot_arb INFO Param updated: min_profit_type = rub (was rub)
15:44:02 robot_arb INFO Param updated: min_profit_value = 20 (was 20)
15:44:02 robot_arb INFO Param updated: risk_type = stop_loss_rub (was stop_loss_rub)
15:44:02 robot_arb INFO Param updated: risk_value = 5000 (was 5000)
15:44:03 robot_arb INFO ENTRY SIGNAL short_basis | Z=2.84 basis=9194.80 | A=98.32 B=10178.00 | limit buy 100 @ 98.32
15:44:03 orders_arb INFO 📄 PAPER ENTRY: buy 100 GAZP@RTSX @ 98.32 (LIMIT)
15:44:03 orders_arb INFO 📄 PAPER ENTRY: sell 10 GZU6@RTSX @ MARKET
15:44:03 strategy_arb INFO POSITION OPEN SHORT basis | A=98.32 ×100 | B=983.20 ×10 | basis=0.00 Z=2.84
15:44:03 robot_arb INFO EXIT SIGNAL reason=stop_loss | pnl=-91948.00 | limit sell 100 @ 98.31
15:44:03 orders_arb INFO 📄 PAPER ENTRY: sell 100 GAZP@RTSX @ 98.31 (LIMIT)
15:44:03 orders_arb INFO 📄 PAPER ENTRY: buy 10 GZU6@RTSX @ MARKET
15:44:03 strategy_arb INFO POSITION CLOSE SHORT | PnL=-9.00₽ | reason=stop_loss | hold=0min
15:44:05 robot_arb INFO ENTRY SIGNAL short_basis | Z=2.38 basis=9194.80 | A=98.32 B=10178.00 | limit buy 100 @ 98.32
15:44:05 orders_arb INFO 📄 PAPER ENTRY: buy 100 GAZP@RTSX @ 98.32 (LIMIT)
15:44:05 orders_arb INFO 📄 PAPER ENTRY: sell 10 GZU6@RTSX @ MARKET
15:44:05 strategy_arb INFO POSITION OPEN SHORT basis | A=98.32 ×100 | B=983.20 ×10 | basis=0.00 Z=2.38
15:44:05 robot_arb INFO EXIT SIGNAL reason=stop_loss | pnl=-91948.00 | limit sell 100 @ 98.31
15:44:05 orders_arb INFO 📄 PAPER ENTRY: sell 100 GAZP@RTSX @ 98.31 (LIMIT)
15:44:05 orders_arb INFO 📄 PAPER ENTRY: buy 10 GZU6@RTSX @ MARKET
15:44:05 strategy_arb INFO POSITION CLOSE SHORT | PnL=-9.00₽ | reason=stop_loss | hold=0min
15:44:07 robot_arb INFO ENTRY SIGNAL short_basis | Z=2.07 basis=9194.80 | A=98.32 B=10178.00 | limit buy 100 @ 98.32
15:44:07 orders_arb INFO 📄 PAPER ENTRY: buy 100 GAZP@RTSX @ 98.32 (LIMIT)
15:44:07 orders_arb INFO 📄 PAPER ENTRY: sell 10 GZU6@RTSX @ MARKET
15:44:07 strategy_arb INFO POSITION OPEN SHORT basis | A=98.32 ×100 | B=983.20 ×10 | basis=0.00 Z=2.07
15:44:07 robot_arb INFO EXIT SIGNAL reason=stop_loss | pnl=-91948.00 | limit sell 100 @ 98.31
15:44:07 orders_arb INFO 📄 PAPER ENTRY: sell 100 GAZP@RTSX @ 98.31 (LIMIT)
15:44:07 orders_arb INFO 📄 PAPER ENTRY: buy 10 GZU6@RTSX @ MARKET
15:44:07 strategy_arb INFO POSITION CLOSE SHORT | PnL=-9.00₽ | reason=stop_loss | hold=0min
15:44:09 robot_arb INFO ENTRY SIGNAL short_basis | Z=1.77 basis=9194.40 | A=98.36 B=10178.00 | limit buy 100 @ 98.36
15:44:09 orders_arb INFO 📄 PAPER ENTRY: buy 100 GAZP@RTSX @ 98.36 (LIMIT)
15:44:09 orders_arb INFO 📄 PAPER ENTRY: sell 10 GZU6@RTSX @ MARKET
15:44:09 strategy_arb INFO POSITION OPEN SHORT basis | A=98.36 ×100 | B=983.60 ×10 | basis=0.00 Z=1.77
15:44:09 robot_arb INFO EXIT SIGNAL reason=stop_loss | pnl=-91944.00 | limit sell 100 @ 98.35
15:44:09 orders_arb INFO 📄 PAPER ENTRY: sell 100 GAZP@RTSX @ 98.35 (LIMIT)
15:44:09 orders_arb INFO 📄 PAPER ENTRY: buy 10 GZU6@RTSX @ MARKET
15:44:09 strategy_arb INFO POSITION CLOSE SHORT | PnL=-9.00₽ | reason=stop_loss | hold=0min
15:44:11 robot_arb INFO ENTRY SIGNAL short_basis | Z=1.60 basis=9194.40 | A=98.36 B=10178.00 | limit buy 100 @ 98.36
15:44:11 orders_arb INFO 📄 PAPER ENTRY: buy 100 GAZP@RTSX @ 98.36 (LIMIT)
15:44:11 orders_arb INFO 📄 PAPER ENTRY: sell 10 GZU6@RTSX @ MARKET
15:44:11 strategy_arb INFO POSITION OPEN SHORT basis | A=98.36 ×100 | B=983.60 ×10 | basis=0.00 Z=1.60
15:44:11 robot_arb INFO EXIT SIGNAL reason=stop_loss | pnl=-91944.00 | limit sell 100 @ 98.35
15:44:11 orders_arb INFO 📄 PAPER ENTRY: sell 100 GAZP@RTSX @ 98.35 (LIMIT)
15:44:11 orders_arb INFO 📄 PAPER ENTRY: buy 10 GZU6@RTSX @ MARKET
15:44:11 strategy_arb INFO POSITION CLOSE SHORT | PnL=-9.00₽ | reason=stop_loss | hold=0min
15:44:14 robot_arb INFO Signal 15 — shutting down...
15:44:14 robot_arb INFO === Arbitrage Robot v1 ===
15:44:14 robot_arb INFO Pair: GAZP / GZU6
15:44:14 robot_arb INFO Account: 1225953 | Port: 5090 | Paper: True
15:44:14 robot_arb INFO Params: entry_z=1.5 lookback=50 lots_a=100 lots_b=10 hedge_ratio=10
15:44:14 robot_arb INFO Min profit: rub=20
15:44:14 robot_arb INFO Risk: stop_loss_rub=5000
15:44:14 robot_arb INFO State loaded: pnl=-450 trades=50 mode=stopped
15:44:14 FinamPy CRITICAL Ошибка доступа к системному хранилищу: No recommended backend was available. Install a recommended 3rd party backend package; or, install the keyrings.alt package if you want to use the non-recommended backends. See https://pypi.org/project/keyring for details.
15:44:14 FinamPy CRITICAL Ошибка сохранения в системное хранилище: No recommended backend was available. Install a recommended 3rd party backend package; or, install the keyrings.alt package if you want to use the non-recommended backends. See https://pypi.org/project/keyring for details.
15:44:15 robot_arb INFO FinamPy connected. Accounts: ['1225950', '1225951', '1225952', '1225953']
15:44:15 robot_arb INFO Subscribed OrderBook: GAZP@RTSX, GZU6@RTSX
15:44:15 robot_arb INFO Subscribed Quotes: GAZP@RTSX, GZU6@RTSX
15:44:15 robot_arb INFO Warmup: waiting 10 sec for data streams...
15:44:25 robot_arb INFO Warmup done. OB_A: False OB_B: False
15:44:25 robot_arb INFO MOEX ISS poller started (fallback for stock prices)
15:44:25 robot_arb INFO Main loop started
15:44:25 robot_arb INFO API listening on :5090
15:44:25 robot_arb INFO Endpoints: GET /status /health /params | POST /start /stop /pause /params
15:44:26 robot_arb INFO Mode → RUNNING
15:44:51 robot_arb INFO Param updated: ticker_a = GAZP (was GAZP)
15:44:51 robot_arb INFO Param updated: symbol_a = GAZP@RTSX (was GAZP@RTSX)
15:44:51 robot_arb INFO Param updated: ticker_b = GZU6 (was GZU6)
15:44:51 robot_arb INFO Param updated: symbol_b = GZU6@RTSX (was GZU6@RTSX)
15:44:51 robot_arb INFO Param updated: lots_a = 100 (was 100)
15:44:51 robot_arb INFO Param updated: lots_b = 10 (was 10)
15:44:51 robot_arb INFO Param updated: hedge_ratio = 10 (was 10)
15:44:51 robot_arb INFO Param updated: capital = 1000000 (was 1000000)
15:44:51 robot_arb INFO Param updated: entry_z = 2 (was 1.5)
15:44:51 robot_arb INFO Param updated: lookback = 50 (was 50)
15:44:51 robot_arb INFO Param updated: leg_a_timeout = 5 (was 5)
15:44:51 robot_arb INFO Param updated: min_fill_ratio = 0.5 (was 0.5)
15:44:51 robot_arb INFO Param updated: min_profit_type = rub (was rub)
15:44:51 robot_arb INFO Param updated: min_profit_value = 20 (was 20)
15:44:51 robot_arb INFO Param updated: risk_type = stop_loss_rub (was stop_loss_rub)
15:44:51 robot_arb INFO Param updated: risk_value = 5000 (was 5000)
15:45:50 robot_arb INFO ENTRY SIGNAL short_basis | Z=3.22 basis=9196.60 | A=98.34 B=10180.00 | limit buy 100 @ 98.34
15:45:50 orders_arb INFO 📄 PAPER ENTRY: buy 100 GAZP@RTSX @ 98.34 (LIMIT)
15:45:50 orders_arb INFO 📄 PAPER ENTRY: sell 10 GZU6@RTSX @ 10180.00 (MARKET)
15:45:50 strategy_arb INFO POSITION OPEN SHORT basis | A=98.34 ×100 | B=10180.00 ×10 | basis=9196.60 Z=3.22
15:46:11 robot_arb INFO Param updated: ticker_a = GAZP (was GAZP)
15:46:11 robot_arb INFO Param updated: symbol_a = GAZP@RTSX (was GAZP@RTSX)
15:46:11 robot_arb INFO Param updated: ticker_b = GZU6 (was GZU6)
15:46:11 robot_arb INFO Param updated: symbol_b = GZU6@RTSX (was GZU6@RTSX)
15:46:11 robot_arb INFO Param updated: lots_a = 100 (was 100)
15:46:11 robot_arb INFO Param updated: lots_b = 10 (was 10)
15:46:11 robot_arb INFO Param updated: hedge_ratio = 10 (was 10)
15:46:11 robot_arb INFO Param updated: capital = 1000000 (was 1000000)
15:46:11 robot_arb INFO Param updated: entry_z = 2 (was 2)
15:46:11 robot_arb INFO Param updated: lookback = 50 (was 50)
15:46:11 robot_arb INFO Param updated: leg_a_timeout = 5 (was 5)
15:46:11 robot_arb INFO Param updated: min_fill_ratio = 0.5 (was 0.5)
15:46:11 robot_arb INFO Param updated: min_profit_type = rub (was rub)
15:46:11 robot_arb INFO Param updated: min_profit_value = 20 (was 20)
15:46:11 robot_arb INFO Param updated: risk_type = stop_loss_rub (was stop_loss_rub)
15:46:11 robot_arb INFO Param updated: risk_value = 5000 (was 5000)
15:47:09 robot_arb INFO Param updated: ticker_a = GAZP (was GAZP)
15:47:09 robot_arb INFO Param updated: symbol_a = GAZP@RTSX (was GAZP@RTSX)
15:47:09 robot_arb INFO Param updated: ticker_b = GZU6 (was GZU6)
15:47:09 robot_arb INFO Param updated: symbol_b = GZU6@RTSX (was GZU6@RTSX)
15:47:09 robot_arb INFO Param updated: lots_a = 100 (was 100)
15:47:09 robot_arb INFO Param updated: lots_b = 10 (was 10)
15:47:09 robot_arb INFO Param updated: hedge_ratio = 10 (was 10)
15:47:09 robot_arb INFO Param updated: capital = 1000000 (was 1000000)
15:47:09 robot_arb INFO Param updated: entry_z = 2 (was 2)
15:47:09 robot_arb INFO Param updated: lookback = 50 (was 50)
15:47:09 robot_arb INFO Param updated: leg_a_timeout = 5 (was 5)
15:47:09 robot_arb INFO Param updated: min_fill_ratio = 0.5 (was 0.5)
15:47:09 robot_arb INFO Param updated: min_profit_type = rub (was rub)
15:47:09 robot_arb INFO Param updated: min_profit_value = 20 (was 20)
15:47:09 robot_arb INFO Param updated: risk_type = stop_loss_rub (was stop_loss_rub)
15:47:09 robot_arb INFO Param updated: risk_value = 5000 (was 5000)
15:48:34 robot_arb INFO Signal 15 — shutting down...
15:49:32 robot_arb INFO === Arbitrage Robot v1 ===
15:49:32 robot_arb INFO Pair: GAZP / GZU6
15:49:32 robot_arb INFO Account: 1225953 | Port: 5090 | Paper: True
15:49:32 robot_arb INFO Params: entry_z=2 lookback=50 lots_a=100 lots_b=10 hedge_ratio=10
15:49:32 robot_arb INFO Min profit: rub=20
15:49:32 robot_arb INFO Risk: stop_loss_rub=5000
15:49:32 robot_arb INFO State loaded: pnl=-450 trades=50 mode=stopped
15:49:32 FinamPy CRITICAL Ошибка доступа к системному хранилищу: No recommended backend was available. Install a recommended 3rd party backend package; or, install the keyrings.alt package if you want to use the non-recommended backends. See https://pypi.org/project/keyring for details.
15:49:32 FinamPy CRITICAL Ошибка сохранения в системное хранилище: No recommended backend was available. Install a recommended 3rd party backend package; or, install the keyrings.alt package if you want to use the non-recommended backends. See https://pypi.org/project/keyring for details.
15:49:33 robot_arb INFO FinamPy connected. Accounts: ['1225950', '1225951', '1225952', '1225953']
15:49:33 robot_arb INFO Subscribed OrderBook: GAZP@RTSX, GZU6@RTSX
15:49:33 robot_arb INFO Subscribed Quotes: GAZP@RTSX, GZU6@RTSX
15:49:33 robot_arb INFO Warmup: waiting 10 sec for data streams...
15:49:43 robot_arb INFO Warmup done. OB_A: False OB_B: False
15:49:43 robot_arb INFO MOEX ISS poller started (fallback for stock prices)
15:49:43 robot_arb INFO Main loop started
15:49:43 robot_arb INFO API listening on :5090
15:49:43 robot_arb INFO Endpoints: GET /status /health /params | POST /start /stop /pause /params
15:50:04 robot_arb INFO Signal 15 — shutting down...
15:50:04 robot_arb INFO === Arbitrage Robot v1 ===
15:50:04 robot_arb INFO Pair: GAZP / GZU6
15:50:04 robot_arb INFO Account: 1225953 | Port: 5090 | Paper: True
15:50:04 robot_arb INFO Params: entry_z=2 lookback=50 lots_a=100 lots_b=10 hedge_ratio=10
15:50:04 robot_arb INFO Min profit: rub=20
15:50:04 robot_arb INFO Risk: stop_loss_rub=5000
15:50:04 robot_arb INFO State loaded: pnl=-450 trades=50 mode=stopped
15:50:05 FinamPy CRITICAL Ошибка доступа к системному хранилищу: No recommended backend was available. Install a recommended 3rd party backend package; or, install the keyrings.alt package if you want to use the non-recommended backends. See https://pypi.org/project/keyring for details.
15:50:05 FinamPy CRITICAL Ошибка сохранения в системное хранилище: No recommended backend was available. Install a recommended 3rd party backend package; or, install the keyrings.alt package if you want to use the non-recommended backends. See https://pypi.org/project/keyring for details.
15:50:05 robot_arb INFO FinamPy connected. Accounts: ['1225950', '1225951', '1225952', '1225953']
15:50:05 robot_arb INFO Subscribed OrderBook: GAZP@RTSX, GZU6@RTSX
15:50:05 robot_arb INFO Subscribed Quotes: GAZP@RTSX, GZU6@RTSX
15:50:05 robot_arb INFO Warmup: waiting 10 sec for data streams...
15:50:15 robot_arb INFO Warmup done. OB_A: False OB_B: False
15:50:15 robot_arb INFO MOEX ISS poller started (fallback for stock prices)
15:50:15 robot_arb INFO Main loop started
15:50:15 robot_arb INFO API listening on :5090
15:50:15 robot_arb INFO Endpoints: GET /status /health /params | POST /start /stop /pause /params
15:51:34 robot_arb INFO Signal 15 — shutting down...
15:51:34 robot_arb INFO === Arbitrage Robot v1 ===
15:51:34 robot_arb INFO Pair: GAZP / GZU6
15:51:34 robot_arb INFO Account: 1225953 | Port: 5090 | Paper: True
15:51:34 robot_arb INFO Params: entry_z=2 lookback=50 lots_a=100 lots_b=10 hedge_ratio=10
15:51:34 robot_arb INFO Min profit: rub=20
15:51:34 robot_arb INFO Risk: stop_loss_rub=5000
15:51:34 robot_arb INFO State loaded: pnl=0 trades=0 mode=stopped
15:51:35 FinamPy CRITICAL Ошибка доступа к системному хранилищу: No recommended backend was available. Install a recommended 3rd party backend package; or, install the keyrings.alt package if you want to use the non-recommended backends. See https://pypi.org/project/keyring for details.
15:51:35 FinamPy CRITICAL Ошибка сохранения в системное хранилище: No recommended backend was available. Install a recommended 3rd party backend package; or, install the keyrings.alt package if you want to use the non-recommended backends. See https://pypi.org/project/keyring for details.
15:51:35 robot_arb INFO FinamPy connected. Accounts: ['1225950', '1225951', '1225952', '1225953']
15:51:35 robot_arb INFO Subscribed OrderBook: GAZP@RTSX, GZU6@RTSX
15:51:35 robot_arb INFO Subscribed Quotes: GAZP@RTSX, GZU6@RTSX
15:51:35 robot_arb INFO Warmup: waiting 10 sec for data streams...
15:51:45 robot_arb INFO Warmup done. OB_A: False OB_B: False
15:51:45 robot_arb INFO MOEX ISS poller started (fallback for stock prices)
15:51:45 robot_arb INFO Main loop started
15:51:47 robot_arb INFO API listening on :5090
15:51:47 robot_arb INFO Endpoints: GET /status /health /params | POST /start /stop /pause /params
15:52:00 robot_arb INFO Mode → RUNNING
15:55:09 robot_arb INFO Signal 15 — shutting down...
15:55:09 robot_arb INFO === Arbitrage Robot v1 ===
15:55:09 robot_arb INFO Pair: GAZP / GZU6
15:55:09 robot_arb INFO Account: 1225953 | Port: 5090 | Paper: True
15:55:09 robot_arb INFO Params: entry_z=2 lookback=50 lots_a=100 lots_b=10 hedge_ratio=10
15:55:09 robot_arb INFO Min profit: rub=20
15:55:09 robot_arb INFO Risk: stop_loss_rub=5000
15:55:09 robot_arb INFO State loaded: pnl=0 trades=0 mode=stopped
15:55:09 FinamPy CRITICAL Ошибка доступа к системному хранилищу: No recommended backend was available. Install a recommended 3rd party backend package; or, install the keyrings.alt package if you want to use the non-recommended backends. See https://pypi.org/project/keyring for details.
15:55:09 FinamPy CRITICAL Ошибка сохранения в системное хранилище: No recommended backend was available. Install a recommended 3rd party backend package; or, install the keyrings.alt package if you want to use the non-recommended backends. See https://pypi.org/project/keyring for details.
15:55:10 robot_arb INFO FinamPy connected. Accounts: ['1225950', '1225951', '1225952', '1225953']
15:55:10 robot_arb INFO Subscribed OrderBook: GAZP@RTSX, GZU6@RTSX
15:55:10 robot_arb INFO Subscribed Quotes: GAZP@RTSX, GZU6@RTSX
15:55:10 robot_arb INFO Warmup: waiting 10 sec for data streams...
15:55:20 robot_arb INFO Warmup done. OB_A: False OB_B: False
15:55:20 robot_arb INFO MOEX ISS poller started (fallback for stock prices)
15:55:20 robot_arb INFO Main loop started
15:55:20 robot_arb INFO API listening on :5090
15:55:20 robot_arb INFO Endpoints: GET /status /health /params | POST /start /stop /pause /params
15:57:03 robot_arb INFO Mode → RUNNING
15:57:57 robot_arb INFO ENTRY SIGNAL long_basis | Z=-3.68 basis=9188.60 | A=98.34 B=10172.00 | limit sell 100 @ 98.32
15:57:57 orders_arb INFO 📄 PAPER ENTRY: sell 100 GAZP@RTSX @ 98.32 (LIMIT)
15:57:57 orders_arb INFO 📄 PAPER ENTRY: buy 10 GZU6@RTSX @ 10172.00 (MARKET)
15:57:57 strategy_arb INFO POSITION OPEN LONG basis | A=98.32 ×100 | B=10172.00 ×10 | basis=9188.80 Z=-3.68
15:57:57 robot_arb INFO POSITION OPEN LONG_BASIS | A=98.32 ×100 | B=10172.00 ×10 | basis=9188.60 Z=-3.68
15:57:57 robot_arb ERROR Main loop error: name '_send_telegram' is not defined
15:58:29 robot_arb INFO EXIT SIGNAL reason=profit_target | pnl=20.00 | limit buy 100 @ 98.33
15:58:29 orders_arb INFO 📄 PAPER ENTRY: buy 100 GAZP@RTSX @ 98.33 (LIMIT)
15:58:29 orders_arb INFO 📄 PAPER ENTRY: sell 10 GZU6@RTSX @ 10174.00 (MARKET)
15:58:29 strategy_arb INFO POSITION CLOSE LONG | PnL=+10.00₽ | reason=profit_target | hold=1min
15:58:31 robot_arb INFO ENTRY SIGNAL short_basis | Z=2.32 basis=9190.80 | A=98.32 B=10174.00 | limit buy 100 @ 98.33
15:58:31 orders_arb INFO 📄 PAPER ENTRY: buy 100 GAZP@RTSX @ 98.33 (LIMIT)
15:58:31 orders_arb INFO 📄 PAPER ENTRY: sell 10 GZU6@RTSX @ 10174.00 (MARKET)
15:58:31 strategy_arb INFO POSITION OPEN SHORT basis | A=98.33 ×100 | B=10174.00 ×10 | basis=9190.70 Z=2.32
15:58:31 robot_arb INFO POSITION OPEN SHORT_BASIS | A=98.33 ×100 | B=10174.00 ×10 | basis=9190.80 Z=2.32
15:58:31 robot_arb ERROR Main loop error: name '_send_telegram' is not defined
15:58:46 robot_arb INFO EXIT SIGNAL reason=profit_target | pnl=30.00 | limit sell 100 @ 98.34
15:58:46 orders_arb INFO 📄 PAPER ENTRY: sell 100 GAZP@RTSX @ 98.34 (LIMIT)
15:58:46 orders_arb INFO 📄 PAPER ENTRY: buy 10 GZU6@RTSX @ 10176.00 (MARKET)
15:58:46 strategy_arb INFO POSITION CLOSE SHORT | PnL=-10.00₽ | reason=profit_target | hold=0min
15:58:53 robot_arb INFO Signal 15 — shutting down...
15:58:54 robot_arb INFO === Arbitrage Robot v1 ===
15:58:54 robot_arb INFO Pair: GAZP / GZU6
15:58:54 robot_arb INFO Account: 1225953 | Port: 5090 | Paper: True
15:58:54 robot_arb INFO Params: entry_z=2 lookback=50 lots_a=100 lots_b=10 hedge_ratio=10
15:58:54 robot_arb INFO Min profit: rub=20
15:58:54 robot_arb INFO Risk: stop_loss_rub=5000
15:58:54 robot_arb INFO State loaded: pnl=0 trades=2 mode=stopped
15:58:54 FinamPy CRITICAL Ошибка доступа к системному хранилищу: No recommended backend was available. Install a recommended 3rd party backend package; or, install the keyrings.alt package if you want to use the non-recommended backends. See https://pypi.org/project/keyring for details.
15:58:54 FinamPy CRITICAL Ошибка сохранения в системное хранилище: No recommended backend was available. Install a recommended 3rd party backend package; or, install the keyrings.alt package if you want to use the non-recommended backends. See https://pypi.org/project/keyring for details.
15:58:54 robot_arb INFO FinamPy connected. Accounts: ['1225950', '1225951', '1225952', '1225953']
15:58:54 robot_arb INFO Subscribed OrderBook: GAZP@RTSX, GZU6@RTSX
15:58:54 robot_arb INFO Subscribed Quotes: GAZP@RTSX, GZU6@RTSX
15:58:54 robot_arb INFO Warmup: waiting 10 sec for data streams...
15:59:04 robot_arb INFO Warmup done. OB_A: False OB_B: False
15:59:04 robot_arb INFO MOEX ISS poller started (fallback for stock prices)
15:59:04 robot_arb INFO Main loop started
15:59:04 robot_arb INFO API listening on :5090
15:59:04 robot_arb INFO Endpoints: GET /status /health /params | POST /start /stop /pause /params
15:59:55 robot_arb INFO Mode → RUNNING
16:00:46 robot_arb INFO ⚠️ CHECK_ENTRY returned signal: {'action': 'entry', 'side': 'short_basis', 'z': 2.4571045707775547, 'basis': 9207.2, 'price_a': 98.48, 'price_b': 10192.0}
16:00:46 robot_arb INFO ENTRY SIGNAL short_basis | Z=2.46 basis=9207.20 | A=98.48 B=10192.00 | limit buy 100 @ 98.48
16:00:46 orders_arb INFO 📄 PAPER ENTRY: buy 100 GAZP@RTSX @ 98.48 (LIMIT)
16:00:46 orders_arb INFO 📄 PAPER ENTRY: sell 10 GZU6@RTSX @ 10192.00 (MARKET)
16:00:46 strategy_arb INFO POSITION OPEN SHORT basis | A=98.48 ×100 | B=10192.00 ×10 | basis=9207.20 Z=2.46
16:00:46 robot_arb INFO POSITION OPEN SHORT_BASIS | A=98.48 ×100 | B=10192.00 ×10 | basis=9207.20 Z=2.46
16:00:46 robot_arb ERROR Main loop error: name '_send_telegram' is not defined
16:01:52 robot_arb INFO EXIT SIGNAL reason=profit_target | pnl=40.00 | limit sell 100 @ 98.48
16:01:52 orders_arb INFO 📄 PAPER ENTRY: sell 100 GAZP@RTSX @ 98.48 (LIMIT)
16:01:52 orders_arb INFO 📄 PAPER ENTRY: buy 10 GZU6@RTSX @ 10188.00 (MARKET)
16:01:52 strategy_arb INFO POSITION CLOSE SHORT | PnL=+40.00₽ | reason=profit_target | hold=1min
16:01:54 robot_arb INFO ⚠️ CHECK_ENTRY returned signal: {'action': 'entry', 'side': 'long_basis', 'z': -2.5064770525297133, 'basis': 9203.2, 'price_a': 98.48, 'price_b': 10188.0}
16:01:54 robot_arb INFO ENTRY SIGNAL long_basis | Z=-2.51 basis=9203.20 | A=98.48 B=10188.00 | limit sell 100 @ 98.48
16:01:54 orders_arb INFO 📄 PAPER ENTRY: sell 100 GAZP@RTSX @ 98.48 (LIMIT)
16:01:54 orders_arb INFO 📄 PAPER ENTRY: buy 10 GZU6@RTSX @ 10188.00 (MARKET)
16:01:54 strategy_arb INFO POSITION OPEN LONG basis | A=98.48 ×100 | B=10188.00 ×10 | basis=9203.20 Z=-2.51
16:01:54 robot_arb INFO POSITION OPEN LONG_BASIS | A=98.48 ×100 | B=10188.00 ×10 | basis=9203.20 Z=-2.51
16:01:54 robot_arb ERROR Main loop error: name '_send_telegram' is not defined
16:01:56 robot_arb INFO EXIT SIGNAL reason=profit_target | pnl=20.00 | limit buy 100 @ 98.49
16:01:56 orders_arb INFO 📄 PAPER ENTRY: buy 100 GAZP@RTSX @ 98.49 (LIMIT)
16:01:56 orders_arb INFO 📄 PAPER ENTRY: sell 10 GZU6@RTSX @ 10190.00 (MARKET)
16:01:56 strategy_arb INFO POSITION CLOSE LONG | PnL=+10.00₽ | reason=profit_target | hold=0min
16:03:20 robot_arb INFO ⚠️ CHECK_ENTRY returned signal: {'action': 'entry', 'side': 'long_basis', 'z': -10.61203117150958, 'basis': 9204.2, 'price_a': 98.58, 'price_b': 10190.0}
16:03:20 robot_arb INFO ENTRY SIGNAL long_basis | Z=-10.61 basis=9204.20 | A=98.58 B=10190.00 | limit sell 100 @ 98.57
16:03:20 orders_arb INFO 📄 PAPER ENTRY: sell 100 GAZP@RTSX @ 98.57 (LIMIT)
16:03:20 orders_arb INFO 📄 PAPER ENTRY: buy 10 GZU6@RTSX @ 10190.00 (MARKET)
16:03:20 strategy_arb INFO POSITION OPEN LONG basis | A=98.57 ×100 | B=10190.00 ×10 | basis=9204.30 Z=-10.61
16:03:20 robot_arb INFO POSITION OPEN LONG_BASIS | A=98.57 ×100 | B=10190.00 ×10 | basis=9204.20 Z=-10.61
16:03:20 robot_arb ERROR Main loop error: name '_send_telegram' is not defined
16:03:21 robot_arb INFO EXIT SIGNAL reason=profit_target | pnl=30.00 | limit buy 100 @ 98.58
16:03:21 orders_arb INFO 📄 PAPER ENTRY: buy 100 GAZP@RTSX @ 98.58 (LIMIT)
16:03:21 orders_arb INFO 📄 PAPER ENTRY: sell 10 GZU6@RTSX @ 10194.00 (MARKET)
16:03:21 strategy_arb INFO POSITION CLOSE LONG | PnL=+30.00₽ | reason=profit_target | hold=0min
16:03:23 robot_arb INFO ⚠️ CHECK_ENTRY returned signal: {'action': 'entry', 'side': 'short_basis', 'z': 3.9425280143876655, 'basis': 9208.2, 'price_a': 98.58, 'price_b': 10194.0}
16:03:23 robot_arb INFO ENTRY SIGNAL short_basis | Z=3.94 basis=9208.20 | A=98.58 B=10194.00 | limit buy 100 @ 98.58
16:03:23 orders_arb INFO 📄 PAPER ENTRY: buy 100 GAZP@RTSX @ 98.58 (LIMIT)
16:03:23 orders_arb INFO 📄 PAPER ENTRY: sell 10 GZU6@RTSX @ 10194.00 (MARKET)
16:03:23 strategy_arb INFO POSITION OPEN SHORT basis | A=98.58 ×100 | B=10194.00 ×10 | basis=9208.20 Z=3.94
16:03:23 robot_arb INFO POSITION OPEN SHORT_BASIS | A=98.58 ×100 | B=10194.00 ×10 | basis=9208.20 Z=3.94
16:03:23 robot_arb ERROR Main loop error: name '_send_telegram' is not defined
16:04:36 robot_arb INFO EXIT SIGNAL reason=profit_target | pnl=40.00 | limit sell 100 @ 98.84
16:04:36 orders_arb INFO 📄 PAPER ENTRY: sell 100 GAZP@RTSX @ 98.84 (LIMIT)
16:04:36 orders_arb INFO 📄 PAPER ENTRY: buy 10 GZU6@RTSX @ 10217.00 (MARKET)
16:04:36 strategy_arb INFO POSITION CLOSE SHORT | PnL=+30.00₽ | reason=profit_target | hold=1min
16:04:41 robot_arb INFO ⚠️ CHECK_ENTRY returned signal: {'action': 'entry', 'side': 'short_basis', 'z': 2.9653714581539052, 'basis': 9237.5, 'price_a': 98.85, 'price_b': 10226.0}
16:04:41 robot_arb INFO ENTRY SIGNAL short_basis | Z=2.97 basis=9237.50 | A=98.85 B=10226.00 | limit buy 100 @ 98.85
16:04:41 orders_arb INFO 📄 PAPER ENTRY: buy 100 GAZP@RTSX @ 98.85 (LIMIT)
16:04:41 orders_arb INFO 📄 PAPER ENTRY: sell 10 GZU6@RTSX @ 10226.00 (MARKET)
16:04:41 strategy_arb INFO POSITION OPEN SHORT basis | A=98.85 ×100 | B=10226.00 ×10 | basis=9237.50 Z=2.97
16:04:41 robot_arb INFO POSITION OPEN SHORT_BASIS | A=98.85 ×100 | B=10226.00 ×10 | basis=9237.50 Z=2.97
16:04:41 robot_arb ERROR Main loop error: name '_send_telegram' is not defined
16:05:34 robot_arb INFO EXIT SIGNAL reason=profit_target | pnl=20.00 | limit sell 100 @ 98.74
16:05:34 orders_arb INFO 📄 PAPER ENTRY: sell 100 GAZP@RTSX @ 98.74 (LIMIT)
16:05:34 orders_arb INFO 📄 PAPER ENTRY: buy 10 GZU6@RTSX @ 10214.00 (MARKET)
16:05:34 strategy_arb INFO POSITION CLOSE SHORT | PnL=+10.00₽ | reason=profit_target | hold=1min
16:05:36 robot_arb INFO ⚠️ CHECK_ENTRY returned signal: {'action': 'entry', 'side': 'long_basis', 'z': -2.5076708055041386, 'basis': 9226.5, 'price_a': 98.75, 'price_b': 10214.0}
16:05:36 robot_arb INFO ENTRY SIGNAL long_basis | Z=-2.51 basis=9226.50 | A=98.75 B=10214.00 | limit sell 100 @ 98.74
16:05:36 orders_arb INFO 📄 PAPER ENTRY: sell 100 GAZP@RTSX @ 98.74 (LIMIT)
16:05:36 orders_arb INFO 📄 PAPER ENTRY: buy 10 GZU6@RTSX @ 10214.00 (MARKET)
16:05:36 strategy_arb INFO POSITION OPEN LONG basis | A=98.74 ×100 | B=10214.00 ×10 | basis=9226.60 Z=-2.51
16:05:36 robot_arb INFO POSITION OPEN LONG_BASIS | A=98.74 ×100 | B=10214.00 ×10 | basis=9226.50 Z=-2.51
16:05:36 robot_arb ERROR Main loop error: name '_send_telegram' is not defined
16:08:19 robot_arb INFO EXIT SIGNAL reason=profit_target | pnl=30.00 | limit buy 100 @ 98.70
16:08:19 orders_arb INFO 📄 PAPER ENTRY: buy 100 GAZP@RTSX @ 98.70 (LIMIT)
16:08:19 orders_arb INFO 📄 PAPER ENTRY: sell 10 GZU6@RTSX @ 10213.00 (MARKET)
16:08:19 strategy_arb INFO POSITION CLOSE LONG | PnL=+30.00₽ | reason=profit_target | hold=3min
16:08:21 robot_arb INFO ⚠️ CHECK_ENTRY returned signal: {'action': 'entry', 'side': 'short_basis', 'z': 3.1595192733896758, 'basis': 9226.0, 'price_a': 98.7, 'price_b': 10213.0}
16:08:21 robot_arb INFO ENTRY SIGNAL short_basis | Z=3.16 basis=9226.00 | A=98.70 B=10213.00 | limit buy 100 @ 98.70
16:08:21 orders_arb INFO 📄 PAPER ENTRY: buy 100 GAZP@RTSX @ 98.70 (LIMIT)
16:08:21 orders_arb INFO 📄 PAPER ENTRY: sell 10 GZU6@RTSX @ 10213.00 (MARKET)
16:08:21 strategy_arb INFO POSITION OPEN SHORT basis | A=98.70 ×100 | B=10213.00 ×10 | basis=9226.00 Z=3.16
16:08:21 robot_arb INFO POSITION OPEN SHORT_BASIS | A=98.70 ×100 | B=10213.00 ×10 | basis=9226.00 Z=3.16
16:08:21 robot_arb ERROR Main loop error: name '_send_telegram' is not defined
16:08:34 robot_arb INFO EXIT SIGNAL reason=profit_target | pnl=60.00 | limit sell 100 @ 98.69
16:08:34 orders_arb INFO 📄 PAPER ENTRY: sell 100 GAZP@RTSX @ 98.69 (LIMIT)
16:08:34 orders_arb INFO 📄 PAPER ENTRY: buy 10 GZU6@RTSX @ 10207.00 (MARKET)
16:08:34 strategy_arb INFO POSITION CLOSE SHORT | PnL=+50.00₽ | reason=profit_target | hold=0min
16:08:36 robot_arb INFO ⚠️ CHECK_ENTRY returned signal: {'action': 'entry', 'side': 'long_basis', 'z': -3.896715172166721, 'basis': 9220.0, 'price_a': 98.7, 'price_b': 10207.0}
16:08:36 robot_arb INFO ENTRY SIGNAL long_basis | Z=-3.90 basis=9220.00 | A=98.70 B=10207.00 | limit sell 100 @ 98.69
16:08:36 orders_arb INFO 📄 PAPER ENTRY: sell 100 GAZP@RTSX @ 98.69 (LIMIT)
16:08:36 orders_arb INFO 📄 PAPER ENTRY: buy 10 GZU6@RTSX @ 10207.00 (MARKET)
16:08:36 strategy_arb INFO POSITION OPEN LONG basis | A=98.69 ×100 | B=10207.00 ×10 | basis=9220.10 Z=-3.90
16:08:36 robot_arb INFO POSITION OPEN LONG_BASIS | A=98.69 ×100 | B=10207.00 ×10 | basis=9220.00 Z=-3.90
16:08:36 robot_arb ERROR Main loop error: name '_send_telegram' is not defined
16:09:48 robot_arb INFO EXIT SIGNAL reason=profit_target | pnl=60.00 | limit buy 100 @ 98.65
16:09:48 orders_arb INFO 📄 PAPER ENTRY: buy 100 GAZP@RTSX @ 98.65 (LIMIT)
16:09:48 orders_arb INFO 📄 PAPER ENTRY: sell 10 GZU6@RTSX @ 10206.00 (MARKET)
16:09:48 strategy_arb INFO POSITION CLOSE LONG | PnL=+30.00₽ | reason=profit_target | hold=1min
16:09:50 robot_arb INFO ⚠️ CHECK_ENTRY returned signal: {'action': 'entry', 'side': 'short_basis', 'z': 4.4506473131414905, 'basis': 9219.8, 'price_a': 98.62, 'price_b': 10206.0}
16:09:50 robot_arb INFO ENTRY SIGNAL short_basis | Z=4.45 basis=9219.80 | A=98.62 B=10206.00 | limit buy 100 @ 98.65
16:09:50 orders_arb INFO 📄 PAPER ENTRY: buy 100 GAZP@RTSX @ 98.65 (LIMIT)
16:09:50 orders_arb INFO 📄 PAPER ENTRY: sell 10 GZU6@RTSX @ 10206.00 (MARKET)
16:09:50 strategy_arb INFO POSITION OPEN SHORT basis | A=98.65 ×100 | B=10206.00 ×10 | basis=9219.50 Z=4.45
16:09:50 robot_arb INFO POSITION OPEN SHORT_BASIS | A=98.65 ×100 | B=10206.00 ×10 | basis=9219.80 Z=4.45
16:09:50 robot_arb ERROR Main loop error: name '_send_telegram' is not defined
16:09:57 robot_arb INFO EXIT SIGNAL reason=profit_target | pnl=30.00 | limit sell 100 @ 98.62
16:09:57 orders_arb INFO 📄 PAPER ENTRY: sell 100 GAZP@RTSX @ 98.62 (LIMIT)
16:09:57 orders_arb INFO 📄 PAPER ENTRY: buy 10 GZU6@RTSX @ 10200.00 (MARKET)
16:09:57 strategy_arb INFO POSITION CLOSE SHORT | PnL=+30.00₽ | reason=profit_target | hold=0min
16:09:59 robot_arb INFO ⚠️ CHECK_ENTRY returned signal: {'action': 'entry', 'side': 'long_basis', 'z': -3.906768250998474, 'basis': 9213.8, 'price_a': 98.62, 'price_b': 10200.0}
16:09:59 robot_arb INFO ENTRY SIGNAL long_basis | Z=-3.91 basis=9213.80 | A=98.62 B=10200.00 | limit sell 100 @ 98.62
16:09:59 orders_arb INFO 📄 PAPER ENTRY: sell 100 GAZP@RTSX @ 98.62 (LIMIT)
16:09:59 orders_arb INFO 📄 PAPER ENTRY: buy 10 GZU6@RTSX @ 10200.00 (MARKET)
16:09:59 strategy_arb INFO POSITION OPEN LONG basis | A=98.62 ×100 | B=10200.00 ×10 | basis=9213.80 Z=-3.91
16:09:59 robot_arb INFO POSITION OPEN LONG_BASIS | A=98.62 ×100 | B=10200.00 ×10 | basis=9213.80 Z=-3.91
16:09:59 robot_arb ERROR Main loop error: name '_send_telegram' is not defined
16:10:16 robot_arb INFO EXIT SIGNAL reason=profit_target | pnl=30.00 | limit buy 100 @ 98.70
16:10:16 orders_arb INFO 📄 PAPER ENTRY: buy 100 GAZP@RTSX @ 98.70 (LIMIT)
16:10:16 orders_arb INFO 📄 PAPER ENTRY: sell 10 GZU6@RTSX @ 10203.00 (MARKET)
16:10:16 strategy_arb INFO POSITION CLOSE LONG | PnL=-50.00₽ | reason=profit_target | hold=0min
16:11:25 robot_arb INFO ⚠️ CHECK_ENTRY returned signal: {'action': 'entry', 'side': 'short_basis', 'z': 2.4253562503633295, 'basis': 9215.8, 'price_a': 98.62, 'price_b': 10202.0}
16:11:25 robot_arb INFO ENTRY SIGNAL short_basis | Z=2.43 basis=9215.80 | A=98.62 B=10202.00 | limit buy 100 @ 98.59
16:11:25 orders_arb INFO 📄 PAPER ENTRY: buy 100 GAZP@RTSX @ 98.59 (LIMIT)
16:11:25 orders_arb INFO 📄 PAPER ENTRY: sell 10 GZU6@RTSX @ 10202.00 (MARKET)
16:11:25 strategy_arb INFO POSITION OPEN SHORT basis | A=98.59 ×100 | B=10202.00 ×10 | basis=9216.10 Z=2.43
16:11:25 robot_arb INFO POSITION OPEN SHORT_BASIS | A=98.59 ×100 | B=10202.00 ×10 | basis=9215.80 Z=2.43
16:11:25 robot_arb ERROR Main loop error: name '_send_telegram' is not defined
16:11:26 robot_arb INFO EXIT SIGNAL reason=profit_target | pnl=30.00 | limit sell 100 @ 99.41
16:11:26 orders_arb INFO 📄 PAPER ENTRY: sell 100 GAZP@RTSX @ 99.41 (LIMIT)
16:11:26 orders_arb INFO 📄 PAPER ENTRY: buy 10 GZU6@RTSX @ 10202.00 (MARKET)
16:11:26 strategy_arb INFO POSITION CLOSE SHORT | PnL=+820.00₽ | reason=profit_target | hold=0min
16:11:28 robot_arb INFO ⚠️ CHECK_ENTRY returned signal: {'action': 'entry', 'side': 'short_basis', 'z': 2.0963481069059173, 'basis': 9215.8, 'price_a': 98.62, 'price_b': 10202.0}
16:11:28 robot_arb INFO ENTRY SIGNAL short_basis | Z=2.10 basis=9215.80 | A=98.62 B=10202.00 | limit buy 100 @ 98.59
16:11:28 orders_arb INFO 📄 PAPER ENTRY: buy 100 GAZP@RTSX @ 98.59 (LIMIT)
16:11:28 orders_arb INFO 📄 PAPER ENTRY: sell 10 GZU6@RTSX @ 10202.00 (MARKET)
16:11:28 strategy_arb INFO POSITION OPEN SHORT basis | A=98.59 ×100 | B=10202.00 ×10 | basis=9216.10 Z=2.10
16:11:28 robot_arb INFO POSITION OPEN SHORT_BASIS | A=98.59 ×100 | B=10202.00 ×10 | basis=9215.80 Z=2.10
16:11:28 robot_arb ERROR Main loop error: name '_send_telegram' is not defined
16:11:29 robot_arb INFO EXIT SIGNAL reason=profit_target | pnl=30.00 | limit sell 100 @ 99.41
16:11:29 orders_arb INFO 📄 PAPER ENTRY: sell 100 GAZP@RTSX @ 99.41 (LIMIT)
16:11:29 orders_arb INFO 📄 PAPER ENTRY: buy 10 GZU6@RTSX @ 10202.00 (MARKET)
16:11:29 strategy_arb INFO POSITION CLOSE SHORT | PnL=+820.00₽ | reason=profit_target | hold=0min
16:12:52 robot_arb INFO ⚠️ CHECK_ENTRY returned signal: {'action': 'entry', 'side': 'long_basis', 'z': -7.000000000000799, 'basis': 9211.2, 'price_a': 98.88, 'price_b': 10200.0}
16:12:52 robot_arb INFO ENTRY SIGNAL long_basis | Z=-7.00 basis=9211.20 | A=98.88 B=10200.00 | limit sell 100 @ 98.70
16:12:52 orders_arb INFO 📄 PAPER ENTRY: sell 100 GAZP@RTSX @ 98.70 (LIMIT)
16:12:52 orders_arb INFO 📄 PAPER ENTRY: buy 10 GZU6@RTSX @ 10200.00 (MARKET)
16:12:52 strategy_arb INFO POSITION OPEN LONG basis | A=98.70 ×100 | B=10200.00 ×10 | basis=9213.00 Z=-7.00
16:12:52 robot_arb INFO POSITION OPEN LONG_BASIS | A=98.70 ×100 | B=10200.00 ×10 | basis=9211.20 Z=-7.00
16:12:52 robot_arb ERROR Main loop error: name '_send_telegram' is not defined
16:16:39 robot_arb INFO EXIT SIGNAL reason=profit_target | pnl=140.00 | limit buy 100 @ 98.59
16:16:39 orders_arb INFO 📄 PAPER ENTRY: buy 100 GAZP@RTSX @ 98.59 (LIMIT)
16:16:39 orders_arb INFO 📄 PAPER ENTRY: sell 10 GZU6@RTSX @ 10200.00 (MARKET)
16:16:39 strategy_arb INFO POSITION CLOSE LONG | PnL=+110.00₽ | reason=profit_target | hold=4min
16:16:46 robot_arb INFO ⚠️ CHECK_ENTRY returned signal: {'action': 'entry', 'side': 'short_basis', 'z': 3.576975494440577, 'basis': 9221.1, 'price_a': 98.59, 'price_b': 10207.0}
16:16:46 robot_arb INFO ENTRY SIGNAL short_basis | Z=3.58 basis=9221.10 | A=98.59 B=10207.00 | limit buy 100 @ 98.59
16:16:46 orders_arb INFO 📄 PAPER ENTRY: buy 100 GAZP@RTSX @ 98.59 (LIMIT)
16:16:46 orders_arb INFO 📄 PAPER ENTRY: sell 10 GZU6@RTSX @ 10207.00 (MARKET)
16:16:46 strategy_arb INFO POSITION OPEN SHORT basis | A=98.59 ×100 | B=10207.00 ×10 | basis=9221.10 Z=3.58
16:16:46 robot_arb INFO POSITION OPEN SHORT_BASIS | A=98.59 ×100 | B=10207.00 ×10 | basis=9221.10 Z=3.58
16:16:46 robot_arb ERROR Main loop error: name '_send_telegram' is not defined
16:16:58 robot_arb INFO EXIT SIGNAL reason=profit_target | pnl=40.00 | limit sell 100 @ 98.56
16:16:58 orders_arb INFO 📄 PAPER ENTRY: sell 100 GAZP@RTSX @ 98.56 (LIMIT)
16:16:58 orders_arb INFO 📄 PAPER ENTRY: buy 10 GZU6@RTSX @ 10200.00 (MARKET)
16:16:58 strategy_arb INFO POSITION CLOSE SHORT | PnL=+40.00₽ | reason=profit_target | hold=0min
16:18:16 robot_arb INFO ⚠️ CHECK_ENTRY returned signal: {'action': 'entry', 'side': 'long_basis', 'z': -11.328311735413202, 'basis': 9217.6, 'price_a': 98.64, 'price_b': 10204.0}
16:18:16 robot_arb INFO ENTRY SIGNAL long_basis | Z=-11.33 basis=9217.60 | A=98.64 B=10204.00 | limit sell 100 @ 98.63
16:18:16 orders_arb INFO 📄 PAPER ENTRY: sell 100 GAZP@RTSX @ 98.63 (LIMIT)
16:18:16 orders_arb INFO 📄 PAPER ENTRY: buy 10 GZU6@RTSX @ 10204.00 (MARKET)
16:18:16 strategy_arb INFO POSITION OPEN LONG basis | A=98.63 ×100 | B=10204.00 ×10 | basis=9217.70 Z=-11.33
16:18:16 robot_arb INFO POSITION OPEN LONG_BASIS | A=98.63 ×100 | B=10204.00 ×10 | basis=9217.60 Z=-11.33
16:18:16 robot_arb ERROR Main loop error: name '_send_telegram' is not defined
16:18:43 robot_arb INFO EXIT SIGNAL reason=profit_target | pnl=20.00 | limit buy 100 @ 98.64
16:18:43 orders_arb INFO 📄 PAPER ENTRY: buy 100 GAZP@RTSX @ 98.64 (LIMIT)
16:18:43 orders_arb INFO 📄 PAPER ENTRY: sell 10 GZU6@RTSX @ 10206.00 (MARKET)
16:18:43 strategy_arb INFO POSITION CLOSE LONG | PnL=+10.00₽ | reason=profit_target | hold=0min
16:18:55 robot_arb INFO ⚠️ CHECK_ENTRY returned signal: {'action': 'entry', 'side': 'long_basis', 'z': -2.147701049557241, 'basis': 9215.6, 'price_a': 98.64, 'price_b': 10202.0}
16:18:55 robot_arb INFO ENTRY SIGNAL long_basis | Z=-2.15 basis=9215.60 | A=98.64 B=10202.00 | limit sell 100 @ 98.63
16:18:55 orders_arb INFO 📄 PAPER ENTRY: sell 100 GAZP@RTSX @ 98.63 (LIMIT)
16:18:55 orders_arb INFO 📄 PAPER ENTRY: buy 10 GZU6@RTSX @ 10202.00 (MARKET)
16:18:55 strategy_arb INFO POSITION OPEN LONG basis | A=98.63 ×100 | B=10202.00 ×10 | basis=9215.70 Z=-2.15
16:18:55 robot_arb INFO POSITION OPEN LONG_BASIS | A=98.63 ×100 | B=10202.00 ×10 | basis=9215.60 Z=-2.15
16:18:55 robot_arb ERROR Main loop error: name '_send_telegram' is not defined
16:19:12 robot_arb INFO EXIT SIGNAL reason=profit_target | pnl=30.00 | limit buy 100 @ 98.60
16:19:12 orders_arb INFO 📄 PAPER ENTRY: buy 100 GAZP@RTSX @ 98.60 (LIMIT)
16:19:12 orders_arb INFO 📄 PAPER ENTRY: sell 10 GZU6@RTSX @ 10202.00 (MARKET)
16:19:12 strategy_arb INFO POSITION CLOSE LONG | PnL=+30.00₽ | reason=profit_target | hold=0min
16:19:15 robot_arb INFO ⚠️ CHECK_ENTRY returned signal: {'action': 'entry', 'side': 'long_basis', 'z': -2.0586139037960054, 'basis': 9214.0, 'price_a': 98.6, 'price_b': 10200.0}
16:19:15 robot_arb INFO ENTRY SIGNAL long_basis | Z=-2.06 basis=9214.00 | A=98.60 B=10200.00 | limit sell 100 @ 98.59
16:19:15 orders_arb INFO 📄 PAPER ENTRY: sell 100 GAZP@RTSX @ 98.59 (LIMIT)
16:19:15 orders_arb INFO 📄 PAPER ENTRY: buy 10 GZU6@RTSX @ 10200.00 (MARKET)
16:19:15 strategy_arb INFO POSITION OPEN LONG basis | A=98.59 ×100 | B=10200.00 ×10 | basis=9214.10 Z=-2.06
16:19:15 robot_arb INFO POSITION OPEN LONG_BASIS | A=98.59 ×100 | B=10200.00 ×10 | basis=9214.00 Z=-2.06
16:19:15 robot_arb ERROR Main loop error: name '_send_telegram' is not defined
16:19:21 robot_arb INFO EXIT SIGNAL reason=profit_target | pnl=30.00 | limit buy 100 @ 98.60
16:19:21 orders_arb INFO 📄 PAPER ENTRY: buy 100 GAZP@RTSX @ 98.60 (LIMIT)
16:19:21 orders_arb INFO 📄 PAPER ENTRY: sell 10 GZU6@RTSX @ 10204.00 (MARKET)
16:19:21 strategy_arb INFO POSITION CLOSE LONG | PnL=+30.00₽ | reason=profit_target | hold=0min
16:19:41 robot_arb INFO ⚠️ CHECK_ENTRY returned signal: {'action': 'entry', 'side': 'long_basis', 'z': -2.7789327612751062, 'basis': 9209.7, 'price_a': 98.53, 'price_b': 10195.0}
16:19:41 robot_arb INFO ENTRY SIGNAL long_basis | Z=-2.78 basis=9209.70 | A=98.53 B=10195.00 | limit sell 100 @ 98.53
16:19:41 orders_arb INFO 📄 PAPER ENTRY: sell 100 GAZP@RTSX @ 98.53 (LIMIT)
16:19:41 orders_arb INFO 📄 PAPER ENTRY: buy 10 GZU6@RTSX @ 10195.00 (MARKET)
16:19:41 strategy_arb INFO POSITION OPEN LONG basis | A=98.53 ×100 | B=10195.00 ×10 | basis=9209.70 Z=-2.78
16:19:41 robot_arb INFO POSITION OPEN LONG_BASIS | A=98.53 ×100 | B=10195.00 ×10 | basis=9209.70 Z=-2.78
16:19:41 robot_arb ERROR Main loop error: name '_send_telegram' is not defined
16:31:35 robot_arb INFO EXIT SIGNAL reason=profit_target | pnl=20.00 | limit buy 100 @ 98.53
16:31:35 orders_arb INFO 📄 PAPER ENTRY: buy 100 GAZP@RTSX @ 98.53 (LIMIT)
16:31:35 orders_arb INFO 📄 PAPER ENTRY: sell 10 GZU6@RTSX @ 10196.00 (MARKET)
16:31:35 strategy_arb INFO POSITION CLOSE LONG | PnL=+10.00₽ | reason=profit_target | hold=12min
16:31:37 robot_arb INFO ⚠️ CHECK_ENTRY returned signal: {'action': 'entry', 'side': 'short_basis', 'z': 3.399523985530658, 'basis': 9210.8, 'price_a': 98.52, 'price_b': 10196.0}
16:31:37 robot_arb INFO ENTRY SIGNAL short_basis | Z=3.40 basis=9210.80 | A=98.52 B=10196.00 | limit buy 100 @ 98.53
16:31:37 orders_arb INFO 📄 PAPER ENTRY: buy 100 GAZP@RTSX @ 98.53 (LIMIT)
16:31:37 orders_arb INFO 📄 PAPER ENTRY: sell 10 GZU6@RTSX @ 10196.00 (MARKET)
16:31:37 strategy_arb INFO POSITION OPEN SHORT basis | A=98.53 ×100 | B=10196.00 ×10 | basis=9210.70 Z=3.40
16:31:37 robot_arb INFO POSITION OPEN SHORT_BASIS | A=98.53 ×100 | B=10196.00 ×10 | basis=9210.80 Z=3.40
16:31:37 robot_arb ERROR Main loop error: name '_send_telegram' is not defined
16:32:09 robot_arb INFO EXIT SIGNAL reason=profit_target | pnl=80.00 | limit sell 100 @ 98.52
16:32:09 orders_arb INFO 📄 PAPER ENTRY: sell 100 GAZP@RTSX @ 98.52 (LIMIT)
16:32:09 orders_arb INFO 📄 PAPER ENTRY: buy 10 GZU6@RTSX @ 10188.00 (MARKET)
16:32:09 strategy_arb INFO POSITION CLOSE SHORT | PnL=+70.00₽ | reason=profit_target | hold=1min
16:32:11 robot_arb INFO ⚠️ CHECK_ENTRY returned signal: {'action': 'entry', 'side': 'long_basis', 'z': -2.9073610963904315, 'basis': 9202.7, 'price_a': 98.53, 'price_b': 10188.0}
16:32:11 robot_arb INFO ENTRY SIGNAL long_basis | Z=-2.91 basis=9202.70 | A=98.53 B=10188.00 | limit sell 100 @ 98.52
16:32:11 orders_arb INFO 📄 PAPER ENTRY: sell 100 GAZP@RTSX @ 98.52 (LIMIT)
16:32:11 orders_arb INFO 📄 PAPER ENTRY: buy 10 GZU6@RTSX @ 10188.00 (MARKET)
16:32:11 strategy_arb INFO POSITION OPEN LONG basis | A=98.52 ×100 | B=10188.00 ×10 | basis=9202.80 Z=-2.91
16:32:11 robot_arb INFO POSITION OPEN LONG_BASIS | A=98.52 ×100 | B=10188.00 ×10 | basis=9202.70 Z=-2.91
16:32:11 robot_arb ERROR Main loop error: name '_send_telegram' is not defined
16:32:42 robot_arb INFO EXIT SIGNAL reason=profit_target | pnl=30.00 | limit buy 100 @ 98.49
16:32:42 orders_arb INFO 📄 PAPER ENTRY: buy 100 GAZP@RTSX @ 98.49 (LIMIT)
16:32:42 orders_arb INFO 📄 PAPER ENTRY: sell 10 GZU6@RTSX @ 10188.00 (MARKET)
16:32:42 strategy_arb INFO POSITION CLOSE LONG | PnL=+30.00₽ | reason=profit_target | hold=1min
16:33:25 robot_arb INFO ⚠️ CHECK_ENTRY returned signal: {'action': 'entry', 'side': 'long_basis', 'z': -2.3860025125259683, 'basis': 9199.7, 'price_a': 98.43, 'price_b': 10184.0}
16:33:25 robot_arb INFO ENTRY SIGNAL long_basis | Z=-2.39 basis=9199.70 | A=98.43 B=10184.00 | limit sell 100 @ 98.41
16:33:25 orders_arb INFO 📄 PAPER ENTRY: sell 100 GAZP@RTSX @ 98.41 (LIMIT)
16:33:25 orders_arb INFO 📄 PAPER ENTRY: buy 10 GZU6@RTSX @ 10184.00 (MARKET)
16:33:25 strategy_arb INFO POSITION OPEN LONG basis | A=98.41 ×100 | B=10184.00 ×10 | basis=9199.90 Z=-2.39
16:33:25 robot_arb INFO POSITION OPEN LONG_BASIS | A=98.41 ×100 | B=10184.00 ×10 | basis=9199.70 Z=-2.39
16:33:25 robot_arb ERROR Main loop error: name '_send_telegram' is not defined
16:38:27 robot_arb INFO EXIT SIGNAL reason=profit_target | pnl=30.00 | limit buy 100 @ 98.43
16:38:27 orders_arb INFO 📄 PAPER ENTRY: buy 100 GAZP@RTSX @ 98.43 (LIMIT)
16:38:27 orders_arb INFO 📄 PAPER ENTRY: sell 10 GZU6@RTSX @ 10189.00 (MARKET)
16:38:27 strategy_arb INFO POSITION CLOSE LONG | PnL=+30.00₽ | reason=profit_target | hold=5min
16:38:34 robot_arb INFO ⚠️ CHECK_ENTRY returned signal: {'action': 'entry', 'side': 'short_basis', 'z': 2.5927854106460173, 'basis': 9210.6, 'price_a': 98.54, 'price_b': 10196.0}
16:38:34 robot_arb INFO ENTRY SIGNAL short_basis | Z=2.59 basis=9210.60 | A=98.54 B=10196.00 | limit buy 100 @ 98.54
16:38:34 orders_arb INFO 📄 PAPER ENTRY: buy 100 GAZP@RTSX @ 98.54 (LIMIT)
16:38:34 orders_arb INFO 📄 PAPER ENTRY: sell 10 GZU6@RTSX @ 10196.00 (MARKET)
16:38:34 strategy_arb INFO POSITION OPEN SHORT basis | A=98.54 ×100 | B=10196.00 ×10 | basis=9210.60 Z=2.59
16:38:34 robot_arb INFO POSITION OPEN SHORT_BASIS | A=98.54 ×100 | B=10196.00 ×10 | basis=9210.60 Z=2.59
16:38:34 robot_arb ERROR Main loop error: name '_send_telegram' is not defined
16:42:46 robot_arb INFO EXIT SIGNAL reason=profit_target | pnl=30.00 | limit sell 100 @ 98.54
16:42:46 orders_arb INFO 📄 PAPER ENTRY: sell 100 GAZP@RTSX @ 98.54 (LIMIT)
16:42:46 orders_arb INFO 📄 PAPER ENTRY: buy 10 GZU6@RTSX @ 10195.00 (MARKET)
16:42:46 strategy_arb INFO POSITION CLOSE SHORT | PnL=+10.00₽ | reason=profit_target | hold=4min
16:42:48 robot_arb INFO ⚠️ CHECK_ENTRY returned signal: {'action': 'entry', 'side': 'long_basis', 'z': -2.082824084539188, 'basis': 9209.4, 'price_a': 98.56, 'price_b': 10195.0}
16:42:48 robot_arb INFO ENTRY SIGNAL long_basis | Z=-2.08 basis=9209.40 | A=98.56 B=10195.00 | limit sell 100 @ 98.54
16:42:48 orders_arb INFO 📄 PAPER ENTRY: sell 100 GAZP@RTSX @ 98.54 (LIMIT)
16:42:48 orders_arb INFO 📄 PAPER ENTRY: buy 10 GZU6@RTSX @ 10195.00 (MARKET)
16:42:48 strategy_arb INFO POSITION OPEN LONG basis | A=98.54 ×100 | B=10195.00 ×10 | basis=9209.60 Z=-2.08
16:42:48 robot_arb INFO POSITION OPEN LONG_BASIS | A=98.54 ×100 | B=10195.00 ×10 | basis=9209.40 Z=-2.08
16:42:48 robot_arb ERROR Main loop error: name '_send_telegram' is not defined
16:45:37 robot_arb INFO EXIT SIGNAL reason=profit_target | pnl=30.00 | limit buy 100 @ 98.53
16:45:37 orders_arb INFO 📄 PAPER ENTRY: buy 100 GAZP@RTSX @ 98.53 (LIMIT)
16:45:37 orders_arb INFO 📄 PAPER ENTRY: sell 10 GZU6@RTSX @ 10197.00 (MARKET)
16:45:37 strategy_arb INFO POSITION CLOSE LONG | PnL=+30.00₽ | reason=profit_target | hold=3min
16:45:39 robot_arb INFO ⚠️ CHECK_ENTRY returned signal: {'action': 'entry', 'side': 'long_basis', 'z': -4.034775305358369, 'basis': 9209.7, 'price_a': 98.53, 'price_b': 10195.0}
16:45:39 robot_arb INFO ENTRY SIGNAL long_basis | Z=-4.03 basis=9209.70 | A=98.53 B=10195.00 | limit sell 100 @ 98.50
16:45:39 orders_arb INFO 📄 PAPER ENTRY: sell 100 GAZP@RTSX @ 98.50 (LIMIT)
16:45:39 orders_arb INFO 📄 PAPER ENTRY: buy 10 GZU6@RTSX @ 10195.00 (MARKET)
16:45:39 strategy_arb INFO POSITION OPEN LONG basis | A=98.50 ×100 | B=10195.00 ×10 | basis=9210.00 Z=-4.03
16:45:39 robot_arb INFO POSITION OPEN LONG_BASIS | A=98.50 ×100 | B=10195.00 ×10 | basis=9209.70 Z=-4.03
16:45:39 robot_arb ERROR Main loop error: name '_send_telegram' is not defined
17:06:54 robot_arb INFO EXIT SIGNAL reason=profit_target | pnl=30.00 | limit buy 100 @ 98.66
17:06:54 orders_arb INFO 📄 PAPER ENTRY: buy 100 GAZP@RTSX @ 98.66 (LIMIT)
17:06:54 orders_arb INFO 📄 PAPER ENTRY: sell 10 GZU6@RTSX @ 10214.00 (MARKET)
17:06:54 strategy_arb INFO POSITION CLOSE LONG | PnL=+30.00₽ | reason=profit_target | hold=21min
17:07:02 robot_arb INFO ⚠️ CHECK_ENTRY returned signal: {'action': 'entry', 'side': 'long_basis', 'z': -2.240626381388467, 'basis': 9225.4, 'price_a': 98.66, 'price_b': 10212.0}
17:07:02 robot_arb INFO ENTRY SIGNAL long_basis | Z=-2.24 basis=9225.40 | A=98.66 B=10212.00 | limit sell 100 @ 98.65
17:07:02 orders_arb INFO 📄 PAPER ENTRY: sell 100 GAZP@RTSX @ 98.65 (LIMIT)
17:07:02 orders_arb INFO 📄 PAPER ENTRY: buy 10 GZU6@RTSX @ 10212.00 (MARKET)
17:07:02 strategy_arb INFO POSITION OPEN LONG basis | A=98.65 ×100 | B=10212.00 ×10 | basis=9225.50 Z=-2.24
17:07:02 robot_arb INFO POSITION OPEN LONG_BASIS | A=98.65 ×100 | B=10212.00 ×10 | basis=9225.40 Z=-2.24
17:07:02 robot_arb ERROR Main loop error: name '_send_telegram' is not defined
17:08:49 robot_arb INFO EXIT SIGNAL reason=profit_target | pnl=30.00 | limit buy 100 @ 98.70
17:08:49 orders_arb INFO 📄 PAPER ENTRY: buy 100 GAZP@RTSX @ 98.70 (LIMIT)
17:08:49 orders_arb INFO 📄 PAPER ENTRY: sell 10 GZU6@RTSX @ 10216.00 (MARKET)
17:08:49 strategy_arb INFO POSITION CLOSE LONG | PnL=-10.00₽ | reason=profit_target | hold=2min
17:08:51 robot_arb INFO ⚠️ CHECK_ENTRY returned signal: {'action': 'entry', 'side': 'short_basis', 'z': 3.435855665667536, 'basis': 9229.4, 'price_a': 98.66, 'price_b': 10216.0}
17:08:51 robot_arb INFO ENTRY SIGNAL short_basis | Z=3.44 basis=9229.40 | A=98.66 B=10216.00 | limit buy 100 @ 98.70
17:08:51 orders_arb INFO 📄 PAPER ENTRY: buy 100 GAZP@RTSX @ 98.70 (LIMIT)
17:08:51 orders_arb INFO 📄 PAPER ENTRY: sell 10 GZU6@RTSX @ 10216.00 (MARKET)
17:08:51 strategy_arb INFO POSITION OPEN SHORT basis | A=98.70 ×100 | B=10216.00 ×10 | basis=9229.00 Z=3.44
17:08:51 robot_arb INFO POSITION OPEN SHORT_BASIS | A=98.70 ×100 | B=10216.00 ×10 | basis=9229.40 Z=3.44
17:08:51 robot_arb ERROR Main loop error: name '_send_telegram' is not defined
17:09:14 robot_arb INFO EXIT SIGNAL reason=profit_target | pnl=20.00 | limit sell 100 @ 98.68
17:09:14 orders_arb INFO 📄 PAPER ENTRY: sell 100 GAZP@RTSX @ 98.68 (LIMIT)
17:09:14 orders_arb INFO 📄 PAPER ENTRY: buy 10 GZU6@RTSX @ 10214.00 (MARKET)
17:09:14 strategy_arb INFO POSITION CLOSE SHORT | PnL=+0.00₽ | reason=profit_target | hold=0min
17:10:01 robot_arb INFO ⚠️ CHECK_ENTRY returned signal: {'action': 'entry', 'side': 'short_basis', 'z': 3.409798837266043, 'basis': 9229.1, 'price_a': 98.69, 'price_b': 10216.0}
17:10:01 robot_arb INFO ENTRY SIGNAL short_basis | Z=3.41 basis=9229.10 | A=98.69 B=10216.00 | limit buy 100 @ 98.69
17:10:01 orders_arb INFO 📄 PAPER ENTRY: buy 100 GAZP@RTSX @ 98.69 (LIMIT)
17:10:01 orders_arb INFO 📄 PAPER ENTRY: sell 10 GZU6@RTSX @ 10216.00 (MARKET)
17:10:01 strategy_arb INFO POSITION OPEN SHORT basis | A=98.69 ×100 | B=10216.00 ×10 | basis=9229.10 Z=3.41
17:10:01 robot_arb INFO POSITION OPEN SHORT_BASIS | A=98.69 ×100 | B=10216.00 ×10 | basis=9229.10 Z=3.41
17:10:01 robot_arb ERROR Main loop error: name '_send_telegram' is not defined
17:10:07 robot_arb INFO EXIT SIGNAL reason=profit_target | pnl=30.00 | limit sell 100 @ 98.67
17:10:07 orders_arb INFO 📄 PAPER ENTRY: sell 100 GAZP@RTSX @ 98.67 (LIMIT)
17:10:07 orders_arb INFO 📄 PAPER ENTRY: buy 10 GZU6@RTSX @ 10213.00 (MARKET)
17:10:07 strategy_arb INFO POSITION CLOSE SHORT | PnL=+10.00₽ | reason=profit_target | hold=0min
17:10:18 robot_arb INFO ⚠️ CHECK_ENTRY returned signal: {'action': 'entry', 'side': 'long_basis', 'z': -3.750196774920739, 'basis': 9223.3, 'price_a': 98.67, 'price_b': 10210.0}
17:10:18 robot_arb INFO ENTRY SIGNAL long_basis | Z=-3.75 basis=9223.30 | A=98.67 B=10210.00 | limit sell 100 @ 98.66
17:10:18 orders_arb INFO 📄 PAPER ENTRY: sell 100 GAZP@RTSX @ 98.66 (LIMIT)
17:10:18 orders_arb INFO 📄 PAPER ENTRY: buy 10 GZU6@RTSX @ 10210.00 (MARKET)
17:10:18 strategy_arb INFO POSITION OPEN LONG basis | A=98.66 ×100 | B=10210.00 ×10 | basis=9223.40 Z=-3.75
17:10:18 robot_arb INFO POSITION OPEN LONG_BASIS | A=98.66 ×100 | B=10210.00 ×10 | basis=9223.30 Z=-3.75
17:10:18 robot_arb ERROR Main loop error: name '_send_telegram' is not defined
17:18:59 robot_arb INFO EXIT SIGNAL reason=profit_target | pnl=30.00 | limit buy 100 @ 98.78
17:18:59 orders_arb INFO 📄 PAPER ENTRY: buy 100 GAZP@RTSX @ 98.78 (LIMIT)
17:18:59 orders_arb INFO 📄 PAPER ENTRY: sell 10 GZU6@RTSX @ 10224.00 (MARKET)
17:18:59 strategy_arb INFO POSITION CLOSE LONG | PnL=+20.00₽ | reason=profit_target | hold=9min
17:19:01 robot_arb INFO ⚠️ CHECK_ENTRY returned signal: {'action': 'entry', 'side': 'short_basis', 'z': 4.403353228012654, 'basis': 9236.3, 'price_a': 98.77, 'price_b': 10224.0}
17:19:01 robot_arb INFO ENTRY SIGNAL short_basis | Z=4.40 basis=9236.30 | A=98.77 B=10224.00 | limit buy 100 @ 98.78
17:19:01 orders_arb INFO 📄 PAPER ENTRY: buy 100 GAZP@RTSX @ 98.78 (LIMIT)
17:19:01 orders_arb INFO 📄 PAPER ENTRY: sell 10 GZU6@RTSX @ 10224.00 (MARKET)
17:19:01 strategy_arb INFO POSITION OPEN SHORT basis | A=98.78 ×100 | B=10224.00 ×10 | basis=9236.20 Z=4.40
17:19:01 robot_arb INFO POSITION OPEN SHORT_BASIS | A=98.78 ×100 | B=10224.00 ×10 | basis=9236.30 Z=4.40
17:19:01 robot_arb ERROR Main loop error: name '_send_telegram' is not defined
17:19:05 robot_arb INFO EXIT SIGNAL reason=profit_target | pnl=60.00 | limit sell 100 @ 98.78
17:19:05 orders_arb INFO 📄 PAPER ENTRY: sell 100 GAZP@RTSX @ 98.78 (LIMIT)
17:19:05 orders_arb INFO 📄 PAPER ENTRY: buy 10 GZU6@RTSX @ 10220.00 (MARKET)
17:19:05 strategy_arb INFO POSITION CLOSE SHORT | PnL=+40.00₽ | reason=profit_target | hold=0min
17:19:22 robot_arb INFO ⚠️ CHECK_ENTRY returned signal: {'action': 'entry', 'side': 'short_basis', 'z': 2.338304440706104, 'basis': 9237.1, 'price_a': 98.79, 'price_b': 10225.0}
17:19:22 robot_arb INFO ENTRY SIGNAL short_basis | Z=2.34 basis=9237.10 | A=98.79 B=10225.00 | limit buy 100 @ 98.79
17:19:22 orders_arb INFO 📄 PAPER ENTRY: buy 100 GAZP@RTSX @ 98.79 (LIMIT)
17:19:22 orders_arb INFO 📄 PAPER ENTRY: sell 10 GZU6@RTSX @ 10225.00 (MARKET)
17:19:22 strategy_arb INFO POSITION OPEN SHORT basis | A=98.79 ×100 | B=10225.00 ×10 | basis=9237.10 Z=2.34
17:19:22 robot_arb INFO POSITION OPEN SHORT_BASIS | A=98.79 ×100 | B=10225.00 ×10 | basis=9237.10 Z=2.34
17:19:22 robot_arb ERROR Main loop error: name '_send_telegram' is not defined
17:19:40 robot_arb INFO EXIT SIGNAL reason=profit_target | pnl=60.00 | limit sell 100 @ 98.73
17:19:40 orders_arb INFO 📄 PAPER ENTRY: sell 100 GAZP@RTSX @ 98.73 (LIMIT)
17:19:40 orders_arb INFO 📄 PAPER ENTRY: buy 10 GZU6@RTSX @ 10216.00 (MARKET)
17:19:40 strategy_arb INFO POSITION CLOSE SHORT | PnL=+30.00₽ | reason=profit_target | hold=0min
17:20:51 robot_arb INFO ⚠️ CHECK_ENTRY returned signal: {'action': 'entry', 'side': 'long_basis', 'z': -2.0044471076714157, 'basis': 9222.1, 'price_a': 98.69, 'price_b': 10209.0}
17:20:51 robot_arb INFO ENTRY SIGNAL long_basis | Z=-2.00 basis=9222.10 | A=98.69 B=10209.00 | limit sell 100 @ 98.69
17:20:51 orders_arb INFO 📄 PAPER ENTRY: sell 100 GAZP@RTSX @ 98.69 (LIMIT)
17:20:51 orders_arb INFO 📄 PAPER ENTRY: buy 10 GZU6@RTSX @ 10209.00 (MARKET)
17:20:51 strategy_arb INFO POSITION OPEN LONG basis | A=98.69 ×100 | B=10209.00 ×10 | basis=9222.10 Z=-2.00
17:20:51 robot_arb INFO POSITION OPEN LONG_BASIS | A=98.69 ×100 | B=10209.00 ×10 | basis=9222.10 Z=-2.00
17:20:51 robot_arb ERROR Main loop error: name '_send_telegram' is not defined
17:22:00 robot_arb INFO EXIT SIGNAL reason=profit_target | pnl=140.00 | limit buy 100 @ 98.55
17:22:00 orders_arb INFO 📄 PAPER ENTRY: buy 100 GAZP@RTSX @ 98.55 (LIMIT)
17:22:00 orders_arb INFO 📄 PAPER ENTRY: sell 10 GZU6@RTSX @ 10207.00 (MARKET)
17:22:00 strategy_arb INFO POSITION CLOSE LONG | PnL=+120.00₽ | reason=profit_target | hold=1min
17:22:02 robot_arb INFO ⚠️ CHECK_ENTRY returned signal: {'action': 'entry', 'side': 'long_basis', 'z': -4.827917686775544, 'basis': 9207.7, 'price_a': 98.53, 'price_b': 10193.0}
17:22:02 robot_arb INFO ENTRY SIGNAL long_basis | Z=-4.83 basis=9207.70 | A=98.53 B=10193.00 | limit sell 100 @ 98.53
17:22:02 orders_arb INFO 📄 PAPER ENTRY: sell 100 GAZP@RTSX @ 98.53 (LIMIT)
17:22:02 orders_arb INFO 📄 PAPER ENTRY: buy 10 GZU6@RTSX @ 10193.00 (MARKET)
17:22:02 strategy_arb INFO POSITION OPEN LONG basis | A=98.53 ×100 | B=10193.00 ×10 | basis=9207.70 Z=-4.83
17:22:02 robot_arb INFO POSITION OPEN LONG_BASIS | A=98.53 ×100 | B=10193.00 ×10 | basis=9207.70 Z=-4.83
17:22:02 robot_arb ERROR Main loop error: name '_send_telegram' is not defined
17:24:51 robot_arb INFO EXIT SIGNAL reason=profit_target | pnl=40.00 | limit buy 100 @ 98.71
17:24:51 orders_arb INFO 📄 PAPER ENTRY: buy 100 GAZP@RTSX @ 98.71 (LIMIT)
17:24:51 orders_arb INFO 📄 PAPER ENTRY: sell 10 GZU6@RTSX @ 10215.00 (MARKET)
17:24:51 strategy_arb INFO POSITION CLOSE LONG | PnL=+40.00₽ | reason=profit_target | hold=3min
17:25:36 robot_arb INFO ⚠️ CHECK_ENTRY returned signal: {'action': 'entry', 'side': 'short_basis', 'z': 2.208781682804136, 'basis': 9229.0, 'price_a': 98.7, 'price_b': 10216.0}
17:25:36 robot_arb INFO ENTRY SIGNAL short_basis | Z=2.21 basis=9229.00 | A=98.70 B=10216.00 | limit buy 100 @ 98.68
17:25:36 orders_arb INFO 📄 PAPER ENTRY: buy 100 GAZP@RTSX @ 98.68 (LIMIT)
17:25:36 orders_arb INFO 📄 PAPER ENTRY: sell 10 GZU6@RTSX @ 10216.00 (MARKET)
17:25:36 strategy_arb INFO POSITION OPEN SHORT basis | A=98.68 ×100 | B=10216.00 ×10 | basis=9229.20 Z=2.21
17:25:36 robot_arb INFO POSITION OPEN SHORT_BASIS | A=98.68 ×100 | B=10216.00 ×10 | basis=9229.00 Z=2.21
17:25:36 robot_arb ERROR Main loop error: name '_send_telegram' is not defined
17:25:38 robot_arb INFO EXIT SIGNAL reason=profit_target | pnl=30.00 | limit sell 100 @ 98.69
17:25:38 orders_arb INFO 📄 PAPER ENTRY: sell 100 GAZP@RTSX @ 98.69 (LIMIT)
17:25:38 orders_arb INFO 📄 PAPER ENTRY: buy 10 GZU6@RTSX @ 10216.00 (MARKET)
17:25:38 strategy_arb INFO POSITION CLOSE SHORT | PnL=+10.00₽ | reason=profit_target | hold=0min
17:25:40 robot_arb INFO ⚠️ CHECK_ENTRY returned signal: {'action': 'entry', 'side': 'short_basis', 'z': 2.028415287098988, 'basis': 9228.9, 'price_a': 98.71, 'price_b': 10216.0}
17:25:40 robot_arb INFO ENTRY SIGNAL short_basis | Z=2.03 basis=9228.90 | A=98.71 B=10216.00 | limit buy 100 @ 98.70
17:25:40 orders_arb INFO 📄 PAPER ENTRY: buy 100 GAZP@RTSX @ 98.70 (LIMIT)
17:25:40 orders_arb INFO 📄 PAPER ENTRY: sell 10 GZU6@RTSX @ 10216.00 (MARKET)
17:25:40 strategy_arb INFO POSITION OPEN SHORT basis | A=98.70 ×100 | B=10216.00 ×10 | basis=9229.00 Z=2.03
17:25:40 robot_arb INFO POSITION OPEN SHORT_BASIS | A=98.70 ×100 | B=10216.00 ×10 | basis=9228.90 Z=2.03
17:25:40 robot_arb ERROR Main loop error: name '_send_telegram' is not defined
17:26:05 robot_arb INFO EXIT SIGNAL reason=profit_target | pnl=30.00 | limit sell 100 @ 98.70
17:26:05 orders_arb INFO 📄 PAPER ENTRY: sell 100 GAZP@RTSX @ 98.70 (LIMIT)
17:26:05 orders_arb INFO 📄 PAPER ENTRY: buy 10 GZU6@RTSX @ 10213.00 (MARKET)
17:26:05 strategy_arb INFO POSITION CLOSE SHORT | PnL=+30.00₽ | reason=profit_target | hold=0min
17:27:09 robot_arb INFO ⚠️ CHECK_ENTRY returned signal: {'action': 'entry', 'side': 'short_basis', 'z': 4.137421171674509, 'basis': 9231.0, 'price_a': 98.8, 'price_b': 10219.0}
17:27:09 robot_arb INFO ENTRY SIGNAL short_basis | Z=4.14 basis=9231.00 | A=98.80 B=10219.00 | limit buy 100 @ 98.80
17:27:09 orders_arb INFO 📄 PAPER ENTRY: buy 100 GAZP@RTSX @ 98.80 (LIMIT)
17:27:09 orders_arb INFO 📄 PAPER ENTRY: sell 10 GZU6@RTSX @ 10219.00 (MARKET)
17:27:09 strategy_arb INFO POSITION OPEN SHORT basis | A=98.80 ×100 | B=10219.00 ×10 | basis=9231.00 Z=4.14
17:27:09 robot_arb INFO POSITION OPEN SHORT_BASIS | A=98.80 ×100 | B=10219.00 ×10 | basis=9231.00 Z=4.14
17:27:09 robot_arb ERROR Main loop error: name '_send_telegram' is not defined
17:27:53 robot_arb INFO EXIT SIGNAL reason=profit_target | pnl=30.00 | limit sell 100 @ 98.74
17:27:53 orders_arb INFO 📄 PAPER ENTRY: sell 100 GAZP@RTSX @ 98.74 (LIMIT)
17:27:53 orders_arb INFO 📄 PAPER ENTRY: buy 10 GZU6@RTSX @ 10211.00 (MARKET)
17:27:53 strategy_arb INFO POSITION CLOSE SHORT | PnL=+20.00₽ | reason=profit_target | hold=1min
17:27:55 robot_arb INFO ⚠️ CHECK_ENTRY returned signal: {'action': 'entry', 'side': 'long_basis', 'z': -3.4877300798257993, 'basis': 9223.5, 'price_a': 98.75, 'price_b': 10211.0}
17:27:55 robot_arb INFO ENTRY SIGNAL long_basis | Z=-3.49 basis=9223.50 | A=98.75 B=10211.00 | limit sell 100 @ 98.74
17:27:55 orders_arb INFO 📄 PAPER ENTRY: sell 100 GAZP@RTSX @ 98.74 (LIMIT)
17:27:55 orders_arb INFO 📄 PAPER ENTRY: buy 10 GZU6@RTSX @ 10211.00 (MARKET)
17:27:55 strategy_arb INFO POSITION OPEN LONG basis | A=98.74 ×100 | B=10211.00 ×10 | basis=9223.60 Z=-3.49
17:27:55 robot_arb INFO POSITION OPEN LONG_BASIS | A=98.74 ×100 | B=10211.00 ×10 | basis=9223.50 Z=-3.49
17:27:55 robot_arb ERROR Main loop error: name '_send_telegram' is not defined
17:27:56 robot_arb INFO EXIT SIGNAL reason=profit_target | pnl=30.00 | limit buy 100 @ 98.71
17:27:56 orders_arb INFO 📄 PAPER ENTRY: buy 100 GAZP@RTSX @ 98.71 (LIMIT)
17:27:56 orders_arb INFO 📄 PAPER ENTRY: sell 10 GZU6@RTSX @ 10211.00 (MARKET)
17:27:56 strategy_arb INFO POSITION CLOSE LONG | PnL=+30.00₽ | reason=profit_target | hold=0min
17:27:58 robot_arb INFO ⚠️ CHECK_ENTRY returned signal: {'action': 'entry', 'side': 'long_basis', 'z': -2.520877503385534, 'basis': 9223.9, 'price_a': 98.71, 'price_b': 10211.0}
17:27:58 robot_arb INFO ENTRY SIGNAL long_basis | Z=-2.52 basis=9223.90 | A=98.71 B=10211.00 | limit sell 100 @ 98.70
17:27:58 orders_arb INFO 📄 PAPER ENTRY: sell 100 GAZP@RTSX @ 98.70 (LIMIT)
17:27:58 orders_arb INFO 📄 PAPER ENTRY: buy 10 GZU6@RTSX @ 10211.00 (MARKET)
17:27:58 strategy_arb INFO POSITION OPEN LONG basis | A=98.70 ×100 | B=10211.00 ×10 | basis=9224.00 Z=-2.52
17:27:58 robot_arb INFO POSITION OPEN LONG_BASIS | A=98.70 ×100 | B=10211.00 ×10 | basis=9223.90 Z=-2.52
17:27:58 robot_arb ERROR Main loop error: name '_send_telegram' is not defined
17:32:34 robot_arb INFO EXIT SIGNAL reason=profit_target | pnl=20.00 | limit buy 100 @ 98.74
17:32:34 orders_arb INFO 📄 PAPER ENTRY: buy 100 GAZP@RTSX @ 98.74 (LIMIT)
17:32:34 orders_arb INFO 📄 PAPER ENTRY: sell 10 GZU6@RTSX @ 10215.00 (MARKET)
17:32:34 strategy_arb INFO POSITION CLOSE LONG | PnL=+0.00₽ | reason=profit_target | hold=5min
17:32:36 robot_arb INFO ⚠️ CHECK_ENTRY returned signal: {'action': 'entry', 'side': 'short_basis', 'z': 2.777499655437003, 'basis': 9227.8, 'price_a': 98.72, 'price_b': 10215.0}
17:32:36 robot_arb INFO ENTRY SIGNAL short_basis | Z=2.78 basis=9227.80 | A=98.72 B=10215.00 | limit buy 100 @ 98.74
17:32:36 orders_arb INFO 📄 PAPER ENTRY: buy 100 GAZP@RTSX @ 98.74 (LIMIT)
17:32:36 orders_arb INFO 📄 PAPER ENTRY: sell 10 GZU6@RTSX @ 10215.00 (MARKET)
17:32:36 strategy_arb INFO POSITION OPEN SHORT basis | A=98.74 ×100 | B=10215.00 ×10 | basis=9227.60 Z=2.78
17:32:36 robot_arb INFO POSITION OPEN SHORT_BASIS | A=98.74 ×100 | B=10215.00 ×10 | basis=9227.80 Z=2.78
17:32:36 robot_arb ERROR Main loop error: name '_send_telegram' is not defined
17:32:43 robot_arb INFO EXIT SIGNAL reason=profit_target | pnl=30.00 | limit sell 100 @ 98.73
17:32:43 orders_arb INFO 📄 PAPER ENTRY: sell 100 GAZP@RTSX @ 98.73 (LIMIT)
17:32:43 orders_arb INFO 📄 PAPER ENTRY: buy 10 GZU6@RTSX @ 10212.00 (MARKET)
17:32:43 strategy_arb INFO POSITION CLOSE SHORT | PnL=+20.00₽ | reason=profit_target | hold=0min
17:32:45 robot_arb INFO ⚠️ CHECK_ENTRY returned signal: {'action': 'entry', 'side': 'long_basis', 'z': -3.4102487328170463, 'basis': 9225.0, 'price_a': 98.7, 'price_b': 10212.0}
17:32:45 robot_arb INFO ENTRY SIGNAL long_basis | Z=-3.41 basis=9225.00 | A=98.70 B=10212.00 | limit sell 100 @ 98.70
17:32:45 orders_arb INFO 📄 PAPER ENTRY: sell 100 GAZP@RTSX @ 98.70 (LIMIT)
17:32:45 orders_arb INFO 📄 PAPER ENTRY: buy 10 GZU6@RTSX @ 10212.00 (MARKET)
17:32:45 strategy_arb INFO POSITION OPEN LONG basis | A=98.70 ×100 | B=10212.00 ×10 | basis=9225.00 Z=-3.41
17:32:45 robot_arb INFO POSITION OPEN LONG_BASIS | A=98.70 ×100 | B=10212.00 ×10 | basis=9225.00 Z=-3.41
17:32:45 robot_arb ERROR Main loop error: name '_send_telegram' is not defined
17:36:06 robot_arb INFO EXIT SIGNAL reason=profit_target | pnl=30.00 | limit buy 100 @ 98.68
17:36:06 orders_arb INFO 📄 PAPER ENTRY: buy 100 GAZP@RTSX @ 98.68 (LIMIT)
17:36:06 orders_arb INFO 📄 PAPER ENTRY: sell 10 GZU6@RTSX @ 10211.00 (MARKET)
17:36:06 strategy_arb INFO POSITION CLOSE LONG | PnL=+10.00₽ | reason=profit_target | hold=3min
17:36:08 robot_arb INFO ⚠️ CHECK_ENTRY returned signal: {'action': 'entry', 'side': 'short_basis', 'z': 2.911994123132589, 'basis': 9224.4, 'price_a': 98.66, 'price_b': 10211.0}
17:36:08 robot_arb INFO ENTRY SIGNAL short_basis | Z=2.91 basis=9224.40 | A=98.66 B=10211.00 | limit buy 100 @ 98.68
17:36:08 orders_arb INFO 📄 PAPER ENTRY: buy 100 GAZP@RTSX @ 98.68 (LIMIT)
17:36:08 orders_arb INFO 📄 PAPER ENTRY: sell 10 GZU6@RTSX @ 10211.00 (MARKET)
17:36:08 strategy_arb INFO POSITION OPEN SHORT basis | A=98.68 ×100 | B=10211.00 ×10 | basis=9224.20 Z=2.91
17:36:08 robot_arb INFO POSITION OPEN SHORT_BASIS | A=98.68 ×100 | B=10211.00 ×10 | basis=9224.40 Z=2.91
17:36:08 robot_arb ERROR Main loop error: name '_send_telegram' is not defined
17:36:28 robot_arb INFO EXIT SIGNAL reason=profit_target | pnl=50.00 | limit sell 100 @ 98.67
17:36:28 orders_arb INFO 📄 PAPER ENTRY: sell 100 GAZP@RTSX @ 98.67 (LIMIT)
17:36:28 orders_arb INFO 📄 PAPER ENTRY: buy 10 GZU6@RTSX @ 10207.00 (MARKET)
17:36:28 strategy_arb INFO POSITION CLOSE SHORT | PnL=+30.00₽ | reason=profit_target | hold=0min
17:37:29 robot_arb INFO ⚠️ CHECK_ENTRY returned signal: {'action': 'entry', 'side': 'short_basis', 'z': 6.27524506405416, 'basis': 9223.5, 'price_a': 98.75, 'price_b': 10211.0}
17:37:29 robot_arb INFO ENTRY SIGNAL short_basis | Z=6.28 basis=9223.50 | A=98.75 B=10211.00 | limit buy 100 @ 98.75
17:37:29 orders_arb INFO 📄 PAPER ENTRY: buy 100 GAZP@RTSX @ 98.75 (LIMIT)
17:37:29 orders_arb INFO 📄 PAPER ENTRY: sell 10 GZU6@RTSX @ 10211.00 (MARKET)
17:37:29 strategy_arb INFO POSITION OPEN SHORT basis | A=98.75 ×100 | B=10211.00 ×10 | basis=9223.50 Z=6.28
17:37:29 robot_arb INFO POSITION OPEN SHORT_BASIS | A=98.75 ×100 | B=10211.00 ×10 | basis=9223.50 Z=6.28
17:37:29 robot_arb ERROR Main loop error: name '_send_telegram' is not defined
17:38:31 robot_arb INFO EXIT SIGNAL reason=profit_target | pnl=40.00 | limit sell 100 @ 98.70
17:38:31 orders_arb INFO 📄 PAPER ENTRY: sell 100 GAZP@RTSX @ 98.70 (LIMIT)
17:38:31 orders_arb INFO 📄 PAPER ENTRY: buy 10 GZU6@RTSX @ 10203.00 (MARKET)
17:38:31 strategy_arb INFO POSITION CLOSE SHORT | PnL=+30.00₽ | reason=profit_target | hold=1min
17:38:33 robot_arb INFO ⚠️ CHECK_ENTRY returned signal: {'action': 'entry', 'side': 'long_basis', 'z': -4.6937845583789, 'basis': 9215.9, 'price_a': 98.71, 'price_b': 10203.0}
17:38:33 robot_arb INFO ENTRY SIGNAL long_basis | Z=-4.69 basis=9215.90 | A=98.71 B=10203.00 | limit sell 100 @ 98.70
17:38:33 orders_arb INFO 📄 PAPER ENTRY: sell 100 GAZP@RTSX @ 98.70 (LIMIT)
17:38:33 orders_arb INFO 📄 PAPER ENTRY: buy 10 GZU6@RTSX @ 10203.00 (MARKET)
17:38:33 strategy_arb INFO POSITION OPEN LONG basis | A=98.70 ×100 | B=10203.00 ×10 | basis=9216.00 Z=-4.69
17:38:33 robot_arb INFO POSITION OPEN LONG_BASIS | A=98.70 ×100 | B=10203.00 ×10 | basis=9215.90 Z=-4.69
17:38:33 robot_arb ERROR Main loop error: name '_send_telegram' is not defined
17:38:34 robot_arb INFO EXIT SIGNAL reason=profit_target | pnl=90.00 | limit buy 100 @ 98.65
17:38:34 orders_arb INFO 📄 PAPER ENTRY: buy 100 GAZP@RTSX @ 98.65 (LIMIT)
17:38:34 orders_arb INFO 📄 PAPER ENTRY: sell 10 GZU6@RTSX @ 10203.00 (MARKET)
17:38:34 strategy_arb INFO POSITION CLOSE LONG | PnL=+50.00₽ | reason=profit_target | hold=0min
17:38:36 robot_arb INFO ⚠️ CHECK_ENTRY returned signal: {'action': 'entry', 'side': 'long_basis', 'z': -2.774063349578501, 'basis': 9216.9, 'price_a': 98.61, 'price_b': 10203.0}
17:38:36 robot_arb INFO ENTRY SIGNAL long_basis | Z=-2.77 basis=9216.90 | A=98.61 B=10203.00 | limit sell 100 @ 98.61
17:38:36 orders_arb INFO 📄 PAPER ENTRY: sell 100 GAZP@RTSX @ 98.61 (LIMIT)
17:38:36 orders_arb INFO 📄 PAPER ENTRY: buy 10 GZU6@RTSX @ 10203.00 (MARKET)
17:38:36 strategy_arb INFO POSITION OPEN LONG basis | A=98.61 ×100 | B=10203.00 ×10 | basis=9216.90 Z=-2.77
17:38:36 robot_arb INFO POSITION OPEN LONG_BASIS | A=98.61 ×100 | B=10203.00 ×10 | basis=9216.90 Z=-2.77
17:38:36 robot_arb ERROR Main loop error: name '_send_telegram' is not defined
17:39:30 robot_arb INFO EXIT SIGNAL reason=profit_target | pnl=20.00 | limit buy 100 @ 98.64
17:39:30 orders_arb INFO 📄 PAPER ENTRY: buy 100 GAZP@RTSX @ 98.64 (LIMIT)
17:39:30 orders_arb INFO 📄 PAPER ENTRY: sell 10 GZU6@RTSX @ 10207.00 (MARKET)
17:39:30 strategy_arb INFO POSITION CLOSE LONG | PnL=+10.00₽ | reason=profit_target | hold=1min
17:39:32 robot_arb INFO ⚠️ CHECK_ENTRY returned signal: {'action': 'entry', 'side': 'short_basis', 'z': 3.8742478352683216, 'basis': 9220.7, 'price_a': 98.63, 'price_b': 10207.0}
17:39:32 robot_arb INFO ENTRY SIGNAL short_basis | Z=3.87 basis=9220.70 | A=98.63 B=10207.00 | limit buy 100 @ 98.64
17:39:32 orders_arb INFO 📄 PAPER ENTRY: buy 100 GAZP@RTSX @ 98.64 (LIMIT)
17:39:32 orders_arb INFO 📄 PAPER ENTRY: sell 10 GZU6@RTSX @ 10207.00 (MARKET)
17:39:32 strategy_arb INFO POSITION OPEN SHORT basis | A=98.64 ×100 | B=10207.00 ×10 | basis=9220.60 Z=3.87
17:39:32 robot_arb INFO POSITION OPEN SHORT_BASIS | A=98.64 ×100 | B=10207.00 ×10 | basis=9220.70 Z=3.87
17:39:32 robot_arb ERROR Main loop error: name '_send_telegram' is not defined
17:39:38 robot_arb INFO EXIT SIGNAL reason=profit_target | pnl=60.00 | limit sell 100 @ 98.65
17:39:38 orders_arb INFO 📄 PAPER ENTRY: sell 100 GAZP@RTSX @ 98.65 (LIMIT)
17:39:38 orders_arb INFO 📄 PAPER ENTRY: buy 10 GZU6@RTSX @ 10207.00 (MARKET)
17:39:38 strategy_arb INFO POSITION CLOSE SHORT | PnL=+10.00₽ | reason=profit_target | hold=0min
17:40:09 robot_arb INFO ⚠️ CHECK_ENTRY returned signal: {'action': 'entry', 'side': 'long_basis', 'z': -2.01857264343512, 'basis': 9216.3, 'price_a': 98.67, 'price_b': 10203.0}
17:40:09 robot_arb INFO ENTRY SIGNAL long_basis | Z=-2.02 basis=9216.30 | A=98.67 B=10203.00 | limit sell 100 @ 98.67
17:40:09 orders_arb INFO 📄 PAPER ENTRY: sell 100 GAZP@RTSX @ 98.67 (LIMIT)
17:40:09 orders_arb INFO 📄 PAPER ENTRY: buy 10 GZU6@RTSX @ 10203.00 (MARKET)
17:40:09 strategy_arb INFO POSITION OPEN LONG basis | A=98.67 ×100 | B=10203.00 ×10 | basis=9216.30 Z=-2.02
17:40:09 robot_arb INFO POSITION OPEN LONG_BASIS | A=98.67 ×100 | B=10203.00 ×10 | basis=9216.30 Z=-2.02
17:40:09 robot_arb ERROR Main loop error: name '_send_telegram' is not defined
17:40:29 robot_arb INFO EXIT SIGNAL reason=profit_target | pnl=90.00 | limit buy 100 @ 98.58
17:40:29 orders_arb INFO 📄 PAPER ENTRY: buy 100 GAZP@RTSX @ 98.58 (LIMIT)
17:40:29 orders_arb INFO 📄 PAPER ENTRY: sell 10 GZU6@RTSX @ 10203.00 (MARKET)
17:40:29 strategy_arb INFO POSITION CLOSE LONG | PnL=+90.00₽ | reason=profit_target | hold=0min
17:40:32 robot_arb INFO ⚠️ CHECK_ENTRY returned signal: {'action': 'entry', 'side': 'long_basis', 'z': -3.5614433683157203, 'basis': 9210.2, 'price_a': 98.58, 'price_b': 10196.0}
17:40:32 robot_arb INFO ENTRY SIGNAL long_basis | Z=-3.56 basis=9210.20 | A=98.58 B=10196.00 | limit sell 100 @ 98.56
17:40:32 orders_arb INFO 📄 PAPER ENTRY: sell 100 GAZP@RTSX @ 98.56 (LIMIT)
17:40:32 orders_arb INFO 📄 PAPER ENTRY: buy 10 GZU6@RTSX @ 10196.00 (MARKET)
17:40:32 strategy_arb INFO POSITION OPEN LONG basis | A=98.56 ×100 | B=10196.00 ×10 | basis=9210.40 Z=-3.56
17:40:32 robot_arb INFO POSITION OPEN LONG_BASIS | A=98.56 ×100 | B=10196.00 ×10 | basis=9210.20 Z=-3.56
17:40:32 robot_arb ERROR Main loop error: name '_send_telegram' is not defined
17:43:59 robot_arb INFO EXIT SIGNAL reason=profit_target | pnl=20.00 | limit buy 100 @ 98.58
17:43:59 orders_arb INFO 📄 PAPER ENTRY: buy 100 GAZP@RTSX @ 98.58 (LIMIT)
17:43:59 orders_arb INFO 📄 PAPER ENTRY: sell 10 GZU6@RTSX @ 10200.00 (MARKET)
17:43:59 strategy_arb INFO POSITION CLOSE LONG | PnL=+20.00₽ | reason=profit_target | hold=3min
17:44:01 robot_arb INFO ⚠️ CHECK_ENTRY returned signal: {'action': 'entry', 'side': 'short_basis', 'z': 3.5116279069602463, 'basis': 9214.2, 'price_a': 98.58, 'price_b': 10200.0}
17:44:01 robot_arb INFO ENTRY SIGNAL short_basis | Z=3.51 basis=9214.20 | A=98.58 B=10200.00 | limit buy 100 @ 98.58
17:44:01 orders_arb INFO 📄 PAPER ENTRY: buy 100 GAZP@RTSX @ 98.58 (LIMIT)
17:44:01 orders_arb INFO 📄 PAPER ENTRY: sell 10 GZU6@RTSX @ 10200.00 (MARKET)
17:44:01 strategy_arb INFO POSITION OPEN SHORT basis | A=98.58 ×100 | B=10200.00 ×10 | basis=9214.20 Z=3.51
17:44:01 robot_arb INFO POSITION OPEN SHORT_BASIS | A=98.58 ×100 | B=10200.00 ×10 | basis=9214.20 Z=3.51
17:44:01 robot_arb ERROR Main loop error: name '_send_telegram' is not defined
17:44:13 robot_arb INFO EXIT SIGNAL reason=profit_target | pnl=50.00 | limit sell 100 @ 98.51
17:44:13 orders_arb INFO 📄 PAPER ENTRY: sell 100 GAZP@RTSX @ 98.51 (LIMIT)
17:44:13 orders_arb INFO 📄 PAPER ENTRY: buy 10 GZU6@RTSX @ 10189.00 (MARKET)
17:44:13 strategy_arb INFO POSITION CLOSE SHORT | PnL=+40.00₽ | reason=profit_target | hold=0min
17:44:15 robot_arb INFO ⚠️ CHECK_ENTRY returned signal: {'action': 'entry', 'side': 'long_basis', 'z': -3.9275587536884684, 'basis': 9203.8, 'price_a': 98.52, 'price_b': 10189.0}
17:44:15 robot_arb INFO ENTRY SIGNAL long_basis | Z=-3.93 basis=9203.80 | A=98.52 B=10189.00 | limit sell 100 @ 98.51
17:44:15 orders_arb INFO 📄 PAPER ENTRY: sell 100 GAZP@RTSX @ 98.51 (LIMIT)
17:44:15 orders_arb INFO 📄 PAPER ENTRY: buy 10 GZU6@RTSX @ 10189.00 (MARKET)
17:44:15 strategy_arb INFO POSITION OPEN LONG basis | A=98.51 ×100 | B=10189.00 ×10 | basis=9203.90 Z=-3.93
17:44:15 robot_arb INFO POSITION OPEN LONG_BASIS | A=98.51 ×100 | B=10189.00 ×10 | basis=9203.80 Z=-3.93
17:44:15 robot_arb ERROR Main loop error: name '_send_telegram' is not defined
17:45:20 robot_arb INFO EXIT SIGNAL reason=profit_target | pnl=50.00 | limit buy 100 @ 98.51
17:45:20 orders_arb INFO 📄 PAPER ENTRY: buy 100 GAZP@RTSX @ 98.51 (LIMIT)
17:45:20 orders_arb INFO 📄 PAPER ENTRY: sell 10 GZU6@RTSX @ 10194.00 (MARKET)
17:45:20 strategy_arb INFO POSITION CLOSE LONG | PnL=+50.00₽ | reason=profit_target | hold=1min
17:45:22 robot_arb INFO ⚠️ CHECK_ENTRY returned signal: {'action': 'entry', 'side': 'short_basis', 'z': 4.761512214427206, 'basis': 9208.9, 'price_a': 98.51, 'price_b': 10194.0}
17:45:22 robot_arb INFO ENTRY SIGNAL short_basis | Z=4.76 basis=9208.90 | A=98.51 B=10194.00 | limit buy 100 @ 98.51
17:45:22 orders_arb INFO 📄 PAPER ENTRY: buy 100 GAZP@RTSX @ 98.51 (LIMIT)
17:45:22 orders_arb INFO 📄 PAPER ENTRY: sell 10 GZU6@RTSX @ 10194.00 (MARKET)
17:45:22 strategy_arb INFO POSITION OPEN SHORT basis | A=98.51 ×100 | B=10194.00 ×10 | basis=9208.90 Z=4.76
17:45:22 robot_arb INFO POSITION OPEN SHORT_BASIS | A=98.51 ×100 | B=10194.00 ×10 | basis=9208.90 Z=4.76
17:45:22 robot_arb ERROR Main loop error: name '_send_telegram' is not defined
17:45:32 robot_arb INFO EXIT SIGNAL reason=profit_target | pnl=30.00 | limit sell 100 @ 98.50
17:45:32 orders_arb INFO 📄 PAPER ENTRY: sell 100 GAZP@RTSX @ 98.50 (LIMIT)
17:45:32 orders_arb INFO 📄 PAPER ENTRY: buy 10 GZU6@RTSX @ 10188.00 (MARKET)
17:45:32 strategy_arb INFO POSITION CLOSE SHORT | PnL=+50.00₽ | reason=profit_target | hold=0min
17:46:06 robot_arb INFO ⚠️ CHECK_ENTRY returned signal: {'action': 'entry', 'side': 'short_basis', 'z': 2.237132265031578, 'basis': 9211.1, 'price_a': 98.59, 'price_b': 10197.0}
17:46:06 robot_arb INFO ENTRY SIGNAL short_basis | Z=2.24 basis=9211.10 | A=98.59 B=10197.00 | limit buy 100 @ 98.60
17:46:06 orders_arb INFO 📄 PAPER ENTRY: buy 100 GAZP@RTSX @ 98.60 (LIMIT)
17:46:06 orders_arb INFO 📄 PAPER ENTRY: sell 10 GZU6@RTSX @ 10197.00 (MARKET)
17:46:06 strategy_arb INFO POSITION OPEN SHORT basis | A=98.60 ×100 | B=10197.00 ×10 | basis=9211.00 Z=2.24
17:46:06 robot_arb INFO POSITION OPEN SHORT_BASIS | A=98.60 ×100 | B=10197.00 ×10 | basis=9211.10 Z=2.24
17:46:06 robot_arb ERROR Main loop error: name '_send_telegram' is not defined
17:47:17 robot_arb INFO EXIT SIGNAL reason=profit_target | pnl=40.00 | limit sell 100 @ 98.60
17:47:17 orders_arb INFO 📄 PAPER ENTRY: sell 100 GAZP@RTSX @ 98.60 (LIMIT)
17:47:17 orders_arb INFO 📄 PAPER ENTRY: buy 10 GZU6@RTSX @ 10194.00 (MARKET)
17:47:17 strategy_arb INFO POSITION CLOSE SHORT | PnL=+30.00₽ | reason=profit_target | hold=1min
17:47:19 robot_arb INFO ⚠️ CHECK_ENTRY returned signal: {'action': 'entry', 'side': 'long_basis', 'z': -3.6485795577262765, 'basis': 9207.9, 'price_a': 98.61, 'price_b': 10194.0}
17:47:19 robot_arb INFO ENTRY SIGNAL long_basis | Z=-3.65 basis=9207.90 | A=98.61 B=10194.00 | limit sell 100 @ 98.60
17:47:19 orders_arb INFO 📄 PAPER ENTRY: sell 100 GAZP@RTSX @ 98.60 (LIMIT)
17:47:19 orders_arb INFO 📄 PAPER ENTRY: buy 10 GZU6@RTSX @ 10194.00 (MARKET)
17:47:19 strategy_arb INFO POSITION OPEN LONG basis | A=98.60 ×100 | B=10194.00 ×10 | basis=9208.00 Z=-3.65
17:47:19 robot_arb INFO POSITION OPEN LONG_BASIS | A=98.60 ×100 | B=10194.00 ×10 | basis=9207.90 Z=-3.65
17:47:19 robot_arb ERROR Main loop error: name '_send_telegram' is not defined
17:47:42 robot_arb INFO EXIT SIGNAL reason=profit_target | pnl=40.00 | limit buy 100 @ 98.62
17:47:42 orders_arb INFO 📄 PAPER ENTRY: buy 100 GAZP@RTSX @ 98.62 (LIMIT)
17:47:42 orders_arb INFO 📄 PAPER ENTRY: sell 10 GZU6@RTSX @ 10200.00 (MARKET)
17:47:42 strategy_arb INFO POSITION CLOSE LONG | PnL=+40.00₽ | reason=profit_target | hold=0min
17:48:24 robot_arb INFO ⚠️ CHECK_ENTRY returned signal: {'action': 'entry', 'side': 'short_basis', 'z': 2.9504166114673396, 'basis': 9219.4, 'price_a': 98.66, 'price_b': 10206.0}
17:48:24 robot_arb INFO ENTRY SIGNAL short_basis | Z=2.95 basis=9219.40 | A=98.66 B=10206.00 | limit buy 100 @ 98.66
17:48:24 orders_arb INFO 📄 PAPER ENTRY: buy 100 GAZP@RTSX @ 98.66 (LIMIT)
17:48:24 orders_arb INFO 📄 PAPER ENTRY: sell 10 GZU6@RTSX @ 10206.00 (MARKET)
17:48:24 strategy_arb INFO POSITION OPEN SHORT basis | A=98.66 ×100 | B=10206.00 ×10 | basis=9219.40 Z=2.95
17:48:24 robot_arb INFO POSITION OPEN SHORT_BASIS | A=98.66 ×100 | B=10206.00 ×10 | basis=9219.40 Z=2.95
17:48:24 robot_arb ERROR Main loop error: name '_send_telegram' is not defined
17:48:30 robot_arb INFO EXIT SIGNAL reason=profit_target | pnl=90.00 | limit sell 100 @ 98.64
17:48:30 orders_arb INFO 📄 PAPER ENTRY: sell 100 GAZP@RTSX @ 98.64 (LIMIT)
17:48:30 orders_arb INFO 📄 PAPER ENTRY: buy 10 GZU6@RTSX @ 10197.00 (MARKET)
17:48:30 strategy_arb INFO POSITION CLOSE SHORT | PnL=+70.00₽ | reason=profit_target | hold=0min
17:49:19 robot_arb INFO ⚠️ CHECK_ENTRY returned signal: {'action': 'entry', 'side': 'short_basis', 'z': 2.0370294528340054, 'basis': 9212.8, 'price_a': 98.62, 'price_b': 10199.0}
17:49:19 robot_arb INFO ENTRY SIGNAL short_basis | Z=2.04 basis=9212.80 | A=98.62 B=10199.00 | limit buy 100 @ 98.64
17:49:19 orders_arb INFO 📄 PAPER ENTRY: buy 100 GAZP@RTSX @ 98.64 (LIMIT)
17:49:19 orders_arb INFO 📄 PAPER ENTRY: sell 10 GZU6@RTSX @ 10199.00 (MARKET)
17:49:19 strategy_arb INFO POSITION OPEN SHORT basis | A=98.64 ×100 | B=10199.00 ×10 | basis=9212.60 Z=2.04
17:49:19 robot_arb INFO POSITION OPEN SHORT_BASIS | A=98.64 ×100 | B=10199.00 ×10 | basis=9212.80 Z=2.04
17:49:19 robot_arb ERROR Main loop error: name '_send_telegram' is not defined
17:50:05 robot_arb INFO EXIT SIGNAL reason=profit_target | pnl=20.00 | limit sell 100 @ 98.62
17:50:05 orders_arb INFO 📄 PAPER ENTRY: sell 100 GAZP@RTSX @ 98.62 (LIMIT)
17:50:05 orders_arb INFO 📄 PAPER ENTRY: buy 10 GZU6@RTSX @ 10198.00 (MARKET)
17:50:05 strategy_arb INFO POSITION CLOSE SHORT | PnL=-10.00₽ | reason=profit_target | hold=1min
17:50:07 robot_arb INFO ⚠️ CHECK_ENTRY returned signal: {'action': 'entry', 'side': 'long_basis', 'z': -2.4423288594640695, 'basis': 9211.5, 'price_a': 98.65, 'price_b': 10198.0}
17:50:07 robot_arb INFO ENTRY SIGNAL long_basis | Z=-2.44 basis=9211.50 | A=98.65 B=10198.00 | limit sell 100 @ 98.62
17:50:07 orders_arb INFO 📄 PAPER ENTRY: sell 100 GAZP@RTSX @ 98.62 (LIMIT)
17:50:07 orders_arb INFO 📄 PAPER ENTRY: buy 10 GZU6@RTSX @ 10198.00 (MARKET)
17:50:07 strategy_arb INFO POSITION OPEN LONG basis | A=98.62 ×100 | B=10198.00 ×10 | basis=9211.80 Z=-2.44
17:50:07 robot_arb INFO POSITION OPEN LONG_BASIS | A=98.62 ×100 | B=10198.00 ×10 | basis=9211.50 Z=-2.44
17:50:07 robot_arb ERROR Main loop error: name '_send_telegram' is not defined
17:51:14 robot_arb INFO EXIT SIGNAL reason=profit_target | pnl=30.00 | limit buy 100 @ 98.66
17:51:14 orders_arb INFO 📄 PAPER ENTRY: buy 100 GAZP@RTSX @ 98.66 (LIMIT)
17:51:14 orders_arb INFO 📄 PAPER ENTRY: sell 10 GZU6@RTSX @ 10205.00 (MARKET)
17:51:14 strategy_arb INFO POSITION CLOSE LONG | PnL=+30.00₽ | reason=profit_target | hold=1min
17:51:16 robot_arb INFO ⚠️ CHECK_ENTRY returned signal: {'action': 'entry', 'side': 'short_basis', 'z': 3.628957464129124, 'basis': 9218.4, 'price_a': 98.66, 'price_b': 10205.0}
17:51:16 robot_arb INFO ENTRY SIGNAL short_basis | Z=3.63 basis=9218.40 | A=98.66 B=10205.00 | limit buy 100 @ 98.66
17:51:16 orders_arb INFO 📄 PAPER ENTRY: buy 100 GAZP@RTSX @ 98.66 (LIMIT)
17:51:16 orders_arb INFO 📄 PAPER ENTRY: sell 10 GZU6@RTSX @ 10205.00 (MARKET)
17:51:16 strategy_arb INFO POSITION OPEN SHORT basis | A=98.66 ×100 | B=10205.00 ×10 | basis=9218.40 Z=3.63
17:51:16 robot_arb INFO POSITION OPEN SHORT_BASIS | A=98.66 ×100 | B=10205.00 ×10 | basis=9218.40 Z=3.63
17:51:16 robot_arb ERROR Main loop error: name '_send_telegram' is not defined
17:51:32 robot_arb INFO EXIT SIGNAL reason=profit_target | pnl=40.00 | limit sell 100 @ 98.61
17:51:32 orders_arb INFO 📄 PAPER ENTRY: sell 100 GAZP@RTSX @ 98.61 (LIMIT)
17:51:32 orders_arb INFO 📄 PAPER ENTRY: buy 10 GZU6@RTSX @ 10200.00 (MARKET)
17:51:32 strategy_arb INFO POSITION CLOSE SHORT | PnL=+0.00₽ | reason=profit_target | hold=0min
17:51:53 robot_arb INFO ⚠️ CHECK_ENTRY returned signal: {'action': 'entry', 'side': 'long_basis', 'z': -2.0345351527925284, 'basis': 9210.5, 'price_a': 98.65, 'price_b': 10197.0}
17:51:53 robot_arb INFO ENTRY SIGNAL long_basis | Z=-2.03 basis=9210.50 | A=98.65 B=10197.00 | limit sell 100 @ 98.63
17:51:53 orders_arb INFO 📄 PAPER ENTRY: sell 100 GAZP@RTSX @ 98.63 (LIMIT)
17:51:53 orders_arb INFO 📄 PAPER ENTRY: buy 10 GZU6@RTSX @ 10197.00 (MARKET)
17:51:53 strategy_arb INFO POSITION OPEN LONG basis | A=98.63 ×100 | B=10197.00 ×10 | basis=9210.70 Z=-2.03
17:51:53 robot_arb INFO POSITION OPEN LONG_BASIS | A=98.63 ×100 | B=10197.00 ×10 | basis=9210.50 Z=-2.03
17:51:53 robot_arb ERROR Main loop error: name '_send_telegram' is not defined
17:52:17 robot_arb INFO EXIT SIGNAL reason=profit_target | pnl=40.00 | limit buy 100 @ 98.65
17:52:17 orders_arb INFO 📄 PAPER ENTRY: buy 100 GAZP@RTSX @ 98.65 (LIMIT)
17:52:17 orders_arb INFO 📄 PAPER ENTRY: sell 10 GZU6@RTSX @ 10200.00 (MARKET)
17:52:17 strategy_arb INFO POSITION CLOSE LONG | PnL=+10.00₽ | reason=profit_target | hold=0min
17:53:39 robot_arb INFO ⚠️ CHECK_ENTRY returned signal: {'action': 'entry', 'side': 'long_basis', 'z': -6.759533651164943, 'basis': 9210.6, 'price_a': 98.64, 'price_b': 10197.0}
17:53:39 robot_arb INFO ENTRY SIGNAL long_basis | Z=-6.76 basis=9210.60 | A=98.64 B=10197.00 | limit sell 100 @ 98.63
17:53:39 orders_arb INFO 📄 PAPER ENTRY: sell 100 GAZP@RTSX @ 98.63 (LIMIT)
17:53:39 orders_arb INFO 📄 PAPER ENTRY: buy 10 GZU6@RTSX @ 10197.00 (MARKET)
17:53:39 strategy_arb INFO POSITION OPEN LONG basis | A=98.63 ×100 | B=10197.00 ×10 | basis=9210.70 Z=-6.76
17:53:39 robot_arb INFO POSITION OPEN LONG_BASIS | A=98.63 ×100 | B=10197.00 ×10 | basis=9210.60 Z=-6.76
17:53:39 robot_arb ERROR Main loop error: name '_send_telegram' is not defined
17:54:02 robot_arb INFO EXIT SIGNAL reason=profit_target | pnl=30.00 | limit buy 100 @ 98.61
17:54:02 orders_arb INFO 📄 PAPER ENTRY: buy 100 GAZP@RTSX @ 98.61 (LIMIT)
17:54:02 orders_arb INFO 📄 PAPER ENTRY: sell 10 GZU6@RTSX @ 10198.00 (MARKET)
17:54:02 strategy_arb INFO POSITION CLOSE LONG | PnL=+30.00₽ | reason=profit_target | hold=0min
17:54:09 robot_arb INFO ⚠️ CHECK_ENTRY returned signal: {'action': 'entry', 'side': 'short_basis', 'z': 3.8367480958070996, 'basis': 9216.6, 'price_a': 98.54, 'price_b': 10202.0}
17:54:09 robot_arb INFO ENTRY SIGNAL short_basis | Z=3.84 basis=9216.60 | A=98.54 B=10202.00 | limit buy 100 @ 98.54
17:54:09 orders_arb INFO 📄 PAPER ENTRY: buy 100 GAZP@RTSX @ 98.54 (LIMIT)
17:54:09 orders_arb INFO 📄 PAPER ENTRY: sell 10 GZU6@RTSX @ 10202.00 (MARKET)
17:54:09 strategy_arb INFO POSITION OPEN SHORT basis | A=98.54 ×100 | B=10202.00 ×10 | basis=9216.60 Z=3.84
17:54:09 robot_arb INFO POSITION OPEN SHORT_BASIS | A=98.54 ×100 | B=10202.00 ×10 | basis=9216.60 Z=3.84
17:54:09 robot_arb ERROR Main loop error: name '_send_telegram' is not defined
17:54:26 robot_arb INFO EXIT SIGNAL reason=profit_target | pnl=100.00 | limit sell 100 @ 98.52
17:54:26 orders_arb INFO 📄 PAPER ENTRY: sell 100 GAZP@RTSX @ 98.52 (LIMIT)
17:54:26 orders_arb INFO 📄 PAPER ENTRY: buy 10 GZU6@RTSX @ 10192.00 (MARKET)
17:54:26 strategy_arb INFO POSITION CLOSE SHORT | PnL=+80.00₽ | reason=profit_target | hold=0min
17:54:28 robot_arb INFO ⚠️ CHECK_ENTRY returned signal: {'action': 'entry', 'side': 'long_basis', 'z': -2.3680565460857657, 'basis': 9206.6, 'price_a': 98.54, 'price_b': 10192.0}
17:54:28 robot_arb INFO ENTRY SIGNAL long_basis | Z=-2.37 basis=9206.60 | A=98.54 B=10192.00 | limit sell 100 @ 98.52
17:54:28 orders_arb INFO 📄 PAPER ENTRY: sell 100 GAZP@RTSX @ 98.52 (LIMIT)
17:54:28 orders_arb INFO 📄 PAPER ENTRY: buy 10 GZU6@RTSX @ 10192.00 (MARKET)
17:54:28 strategy_arb INFO POSITION OPEN LONG basis | A=98.52 ×100 | B=10192.00 ×10 | basis=9206.80 Z=-2.37
17:54:28 robot_arb INFO POSITION OPEN LONG_BASIS | A=98.52 ×100 | B=10192.00 ×10 | basis=9206.60 Z=-2.37
17:54:28 robot_arb ERROR Main loop error: name '_send_telegram' is not defined
18:01:08 robot_arb INFO EXIT SIGNAL reason=profit_target | pnl=30.00 | limit buy 100 @ 98.60
18:01:08 orders_arb INFO 📄 PAPER ENTRY: buy 100 GAZP@RTSX @ 98.60 (LIMIT)
18:01:08 orders_arb INFO 📄 PAPER ENTRY: sell 10 GZU6@RTSX @ 10200.00 (MARKET)
18:01:08 strategy_arb INFO POSITION CLOSE LONG | PnL=+0.00₽ | reason=profit_target | hold=7min
18:01:10 robot_arb INFO ⚠️ CHECK_ENTRY returned signal: {'action': 'entry', 'side': 'short_basis', 'z': 3.4358227615349914, 'basis': 9214.3, 'price_a': 98.57, 'price_b': 10200.0}
18:01:10 robot_arb INFO ENTRY SIGNAL short_basis | Z=3.44 basis=9214.30 | A=98.57 B=10200.00 | limit buy 100 @ 98.60
18:01:10 orders_arb INFO 📄 PAPER ENTRY: buy 100 GAZP@RTSX @ 98.60 (LIMIT)
18:01:10 orders_arb INFO 📄 PAPER ENTRY: sell 10 GZU6@RTSX @ 10200.00 (MARKET)
18:01:10 strategy_arb INFO POSITION OPEN SHORT basis | A=98.60 ×100 | B=10200.00 ×10 | basis=9214.00 Z=3.44
18:01:10 robot_arb INFO POSITION OPEN SHORT_BASIS | A=98.60 ×100 | B=10200.00 ×10 | basis=9214.30 Z=3.44
18:01:10 robot_arb ERROR Main loop error: name '_send_telegram' is not defined
18:03:01 robot_arb INFO EXIT SIGNAL reason=profit_target | pnl=50.00 | limit sell 100 @ 98.51
18:03:01 orders_arb INFO 📄 PAPER ENTRY: sell 100 GAZP@RTSX @ 98.51 (LIMIT)
18:03:01 orders_arb INFO 📄 PAPER ENTRY: buy 10 GZU6@RTSX @ 10187.00 (MARKET)
18:03:01 strategy_arb INFO POSITION CLOSE SHORT | PnL=+40.00₽ | reason=profit_target | hold=2min
18:03:03 robot_arb INFO ⚠️ CHECK_ENTRY returned signal: {'action': 'entry', 'side': 'long_basis', 'z': -4.6164924941348024, 'basis': 9201.8, 'price_a': 98.52, 'price_b': 10187.0}
18:03:03 robot_arb INFO ENTRY SIGNAL long_basis | Z=-4.62 basis=9201.80 | A=98.52 B=10187.00 | limit sell 100 @ 98.51
18:03:03 orders_arb INFO 📄 PAPER ENTRY: sell 100 GAZP@RTSX @ 98.51 (LIMIT)
18:03:03 orders_arb INFO 📄 PAPER ENTRY: buy 10 GZU6@RTSX @ 10187.00 (MARKET)
18:03:03 strategy_arb INFO POSITION OPEN LONG basis | A=98.51 ×100 | B=10187.00 ×10 | basis=9201.90 Z=-4.62
18:03:03 robot_arb INFO POSITION OPEN LONG_BASIS | A=98.51 ×100 | B=10187.00 ×10 | basis=9201.80 Z=-4.62
18:03:03 robot_arb ERROR Main loop error: name '_send_telegram' is not defined
18:03:18 robot_arb INFO EXIT SIGNAL reason=profit_target | pnl=20.00 | limit buy 100 @ 98.49
18:03:18 orders_arb INFO 📄 PAPER ENTRY: buy 100 GAZP@RTSX @ 98.49 (LIMIT)
18:03:18 orders_arb INFO 📄 PAPER ENTRY: sell 10 GZU6@RTSX @ 10187.00 (MARKET)
18:03:18 strategy_arb INFO POSITION CLOSE LONG | PnL=+20.00₽ | reason=profit_target | hold=0min
18:03:51 robot_arb INFO ⚠️ CHECK_ENTRY returned signal: {'action': 'entry', 'side': 'long_basis', 'z': -2.034464656978477, 'basis': 9200.4, 'price_a': 98.46, 'price_b': 10185.0}
18:03:51 robot_arb INFO ENTRY SIGNAL long_basis | Z=-2.03 basis=9200.40 | A=98.46 B=10185.00 | limit sell 100 @ 98.45
18:03:51 orders_arb INFO 📄 PAPER ENTRY: sell 100 GAZP@RTSX @ 98.45 (LIMIT)
18:03:51 orders_arb INFO 📄 PAPER ENTRY: buy 10 GZU6@RTSX @ 10185.00 (MARKET)
18:03:51 strategy_arb INFO POSITION OPEN LONG basis | A=98.45 ×100 | B=10185.00 ×10 | basis=9200.50 Z=-2.03
18:03:51 robot_arb INFO POSITION OPEN LONG_BASIS | A=98.45 ×100 | B=10185.00 ×10 | basis=9200.40 Z=-2.03
18:03:51 robot_arb ERROR Main loop error: name '_send_telegram' is not defined
18:04:36 robot_arb INFO EXIT SIGNAL reason=profit_target | pnl=30.00 | limit buy 100 @ 98.47
18:04:36 orders_arb INFO 📄 PAPER ENTRY: buy 100 GAZP@RTSX @ 98.47 (LIMIT)
18:04:36 orders_arb INFO 📄 PAPER ENTRY: sell 10 GZU6@RTSX @ 10188.00 (MARKET)
18:04:36 strategy_arb INFO POSITION CLOSE LONG | PnL=+10.00₽ | reason=profit_target | hold=1min
18:05:13 robot_arb INFO ⚠️ CHECK_ENTRY returned signal: {'action': 'entry', 'side': 'long_basis', 'z': -5.403375524305929, 'basis': 9199.0, 'price_a': 98.5, 'price_b': 10184.0}
18:05:13 robot_arb INFO ENTRY SIGNAL long_basis | Z=-5.40 basis=9199.00 | A=98.50 B=10184.00 | limit sell 100 @ 98.46
18:05:13 orders_arb INFO 📄 PAPER ENTRY: sell 100 GAZP@RTSX @ 98.46 (LIMIT)
18:05:13 orders_arb INFO 📄 PAPER ENTRY: buy 10 GZU6@RTSX @ 10184.00 (MARKET)
18:05:13 strategy_arb INFO POSITION OPEN LONG basis | A=98.46 ×100 | B=10184.00 ×10 | basis=9199.40 Z=-5.40
18:05:13 robot_arb INFO POSITION OPEN LONG_BASIS | A=98.46 ×100 | B=10184.00 ×10 | basis=9199.00 Z=-5.40
18:05:13 robot_arb ERROR Main loop error: name '_send_telegram' is not defined
18:05:44 robot_arb INFO EXIT SIGNAL reason=profit_target | pnl=30.00 | limit buy 100 @ 98.50
18:05:44 orders_arb INFO 📄 PAPER ENTRY: buy 100 GAZP@RTSX @ 98.50 (LIMIT)
18:05:44 orders_arb INFO 📄 PAPER ENTRY: sell 10 GZU6@RTSX @ 10189.00 (MARKET)
18:05:44 strategy_arb INFO POSITION CLOSE LONG | PnL=+10.00₽ | reason=profit_target | hold=1min
18:05:46 robot_arb INFO ⚠️ CHECK_ENTRY returned signal: {'action': 'entry', 'side': 'short_basis', 'z': 2.297140580702559, 'basis': 9204.2, 'price_a': 98.48, 'price_b': 10189.0}
18:05:46 robot_arb INFO ENTRY SIGNAL short_basis | Z=2.30 basis=9204.20 | A=98.48 B=10189.00 | limit buy 100 @ 98.50
18:05:46 orders_arb INFO 📄 PAPER ENTRY: buy 100 GAZP@RTSX @ 98.50 (LIMIT)
18:05:46 orders_arb INFO 📄 PAPER ENTRY: sell 10 GZU6@RTSX @ 10189.00 (MARKET)
18:05:46 strategy_arb INFO POSITION OPEN SHORT basis | A=98.50 ×100 | B=10189.00 ×10 | basis=9204.00 Z=2.30
18:05:46 robot_arb INFO POSITION OPEN SHORT_BASIS | A=98.50 ×100 | B=10189.00 ×10 | basis=9204.20 Z=2.30
18:05:46 robot_arb ERROR Main loop error: name '_send_telegram' is not defined
18:05:50 robot_arb INFO EXIT SIGNAL reason=profit_target | pnl=30.00 | limit sell 100 @ 98.48
18:05:50 orders_arb INFO 📄 PAPER ENTRY: sell 100 GAZP@RTSX @ 98.48 (LIMIT)
18:05:50 orders_arb INFO 📄 PAPER ENTRY: buy 10 GZU6@RTSX @ 10184.00 (MARKET)
18:05:50 strategy_arb INFO POSITION CLOSE SHORT | PnL=+30.00₽ | reason=profit_target | hold=0min
18:07:41 robot_arb INFO ⚠️ CHECK_ENTRY returned signal: {'action': 'entry', 'side': 'short_basis', 'z': 26.840800498989356, 'basis': 9200.1, 'price_a': 98.49, 'price_b': 10185.0}
18:07:41 robot_arb INFO ENTRY SIGNAL short_basis | Z=26.84 basis=9200.10 | A=98.49 B=10185.00 | limit buy 100 @ 98.49
18:07:41 orders_arb INFO 📄 PAPER ENTRY: buy 100 GAZP@RTSX @ 98.49 (LIMIT)
18:07:41 orders_arb INFO 📄 PAPER ENTRY: sell 10 GZU6@RTSX @ 10185.00 (MARKET)
18:07:41 strategy_arb INFO POSITION OPEN SHORT basis | A=98.49 ×100 | B=10185.00 ×10 | basis=9200.10 Z=26.84
18:07:41 robot_arb INFO POSITION OPEN SHORT_BASIS | A=98.49 ×100 | B=10185.00 ×10 | basis=9200.10 Z=26.84
18:07:41 robot_arb ERROR Main loop error: name '_send_telegram' is not defined
18:27:25 robot_arb INFO EXIT SIGNAL reason=profit_target | pnl=20.00 | limit sell 100 @ 98.45
18:27:25 orders_arb INFO 📄 PAPER ENTRY: sell 100 GAZP@RTSX @ 98.45 (LIMIT)
18:27:25 orders_arb INFO 📄 PAPER ENTRY: buy 10 GZU6@RTSX @ 10179.00 (MARKET)
18:27:25 strategy_arb INFO POSITION CLOSE SHORT | PnL=+20.00₽ | reason=profit_target | hold=20min
18:27:48 robot_arb INFO ⚠️ CHECK_ENTRY returned signal: {'action': 'entry', 'side': 'short_basis', 'z': 4.457750303950163, 'basis': 9199.5, 'price_a': 98.45, 'price_b': 10184.0}
18:27:48 robot_arb INFO ENTRY SIGNAL short_basis | Z=4.46 basis=9199.50 | A=98.45 B=10184.00 | limit buy 100 @ 98.46
18:27:48 orders_arb INFO 📄 PAPER ENTRY: buy 100 GAZP@RTSX @ 98.46 (LIMIT)
18:27:48 orders_arb INFO 📄 PAPER ENTRY: sell 10 GZU6@RTSX @ 10184.00 (MARKET)
18:27:48 strategy_arb INFO POSITION OPEN SHORT basis | A=98.46 ×100 | B=10184.00 ×10 | basis=9199.40 Z=4.46
18:27:48 robot_arb INFO POSITION OPEN SHORT_BASIS | A=98.46 ×100 | B=10184.00 ×10 | basis=9199.50 Z=4.46
18:27:48 robot_arb ERROR Main loop error: name '_send_telegram' is not defined
18:27:54 robot_arb INFO EXIT SIGNAL reason=profit_target | pnl=40.00 | limit sell 100 @ 98.45
18:27:54 orders_arb INFO 📄 PAPER ENTRY: sell 100 GAZP@RTSX @ 98.45 (LIMIT)
18:27:54 orders_arb INFO 📄 PAPER ENTRY: buy 10 GZU6@RTSX @ 10179.00 (MARKET)
18:27:54 strategy_arb INFO POSITION CLOSE SHORT | PnL=+40.00₽ | reason=profit_target | hold=0min
18:28:00 robot_arb INFO ⚠️ CHECK_ENTRY returned signal: {'action': 'entry', 'side': 'short_basis', 'z': 2.8208848653360175, 'basis': 9200.5, 'price_a': 98.45, 'price_b': 10185.0}
18:28:00 robot_arb INFO ENTRY SIGNAL short_basis | Z=2.82 basis=9200.50 | A=98.45 B=10185.00 | limit buy 100 @ 98.46
18:28:00 orders_arb INFO 📄 PAPER ENTRY: buy 100 GAZP@RTSX @ 98.46 (LIMIT)
18:28:00 orders_arb INFO 📄 PAPER ENTRY: sell 10 GZU6@RTSX @ 10185.00 (MARKET)
18:28:00 strategy_arb INFO POSITION OPEN SHORT basis | A=98.46 ×100 | B=10185.00 ×10 | basis=9200.40 Z=2.82
18:28:00 robot_arb INFO POSITION OPEN SHORT_BASIS | A=98.46 ×100 | B=10185.00 ×10 | basis=9200.50 Z=2.82
18:28:00 robot_arb ERROR Main loop error: name '_send_telegram' is not defined
18:29:47 robot_arb INFO EXIT SIGNAL reason=profit_target | pnl=50.00 | limit sell 100 @ 98.45
18:29:47 orders_arb INFO 📄 PAPER ENTRY: sell 100 GAZP@RTSX @ 98.45 (LIMIT)
18:29:47 orders_arb INFO 📄 PAPER ENTRY: buy 10 GZU6@RTSX @ 10179.00 (MARKET)
18:29:47 strategy_arb INFO POSITION CLOSE SHORT | PnL=+50.00₽ | reason=profit_target | hold=2min
18:29:49 robot_arb INFO ⚠️ CHECK_ENTRY returned signal: {'action': 'entry', 'side': 'long_basis', 'z': -4.5348966091635035, 'basis': 9194.5, 'price_a': 98.45, 'price_b': 10179.0}
18:29:49 robot_arb INFO ENTRY SIGNAL long_basis | Z=-4.53 basis=9194.50 | A=98.45 B=10179.00 | limit sell 100 @ 98.45
18:29:49 orders_arb INFO 📄 PAPER ENTRY: sell 100 GAZP@RTSX @ 98.45 (LIMIT)
18:29:49 orders_arb INFO 📄 PAPER ENTRY: buy 10 GZU6@RTSX @ 10179.00 (MARKET)
18:29:49 strategy_arb INFO POSITION OPEN LONG basis | A=98.45 ×100 | B=10179.00 ×10 | basis=9194.50 Z=-4.53
18:29:49 robot_arb INFO POSITION OPEN LONG_BASIS | A=98.45 ×100 | B=10179.00 ×10 | basis=9194.50 Z=-4.53
18:29:49 robot_arb ERROR Main loop error: name '_send_telegram' is not defined
18:29:55 robot_arb INFO EXIT SIGNAL reason=profit_target | pnl=60.00 | limit buy 100 @ 98.46
18:29:55 orders_arb INFO 📄 PAPER ENTRY: buy 100 GAZP@RTSX @ 98.46 (LIMIT)
18:29:55 orders_arb INFO 📄 PAPER ENTRY: sell 10 GZU6@RTSX @ 10186.00 (MARKET)
18:29:55 strategy_arb INFO POSITION CLOSE LONG | PnL=+60.00₽ | reason=profit_target | hold=0min
18:31:46 robot_arb INFO ⚠️ CHECK_ENTRY returned signal: {'action': 'entry', 'side': 'long_basis', 'z': -4.166485330495171, 'basis': 9200.9, 'price_a': 98.51, 'price_b': 10186.0}
18:31:46 robot_arb INFO ENTRY SIGNAL long_basis | Z=-4.17 basis=9200.90 | A=98.51 B=10186.00 | limit sell 100 @ 98.50
18:31:46 orders_arb INFO 📄 PAPER ENTRY: sell 100 GAZP@RTSX @ 98.50 (LIMIT)
18:31:46 orders_arb INFO 📄 PAPER ENTRY: buy 10 GZU6@RTSX @ 10186.00 (MARKET)
18:31:46 strategy_arb INFO POSITION OPEN LONG basis | A=98.50 ×100 | B=10186.00 ×10 | basis=9201.00 Z=-4.17
18:31:46 robot_arb INFO POSITION OPEN LONG_BASIS | A=98.50 ×100 | B=10186.00 ×10 | basis=9200.90 Z=-4.17
18:31:46 robot_arb ERROR Main loop error: name '_send_telegram' is not defined
18:31:57 robot_arb INFO EXIT SIGNAL reason=profit_target | pnl=30.00 | limit buy 100 @ 98.51
18:31:57 orders_arb INFO 📄 PAPER ENTRY: buy 100 GAZP@RTSX @ 98.51 (LIMIT)
18:31:57 orders_arb INFO 📄 PAPER ENTRY: sell 10 GZU6@RTSX @ 10190.00 (MARKET)
18:31:57 strategy_arb INFO POSITION CLOSE LONG | PnL=+30.00₽ | reason=profit_target | hold=0min
18:33:53 robot_arb INFO ⚠️ CHECK_ENTRY returned signal: {'action': 'entry', 'side': 'short_basis', 'z': 5.945293601437631, 'basis': 9206.5, 'price_a': 98.55, 'price_b': 10192.0}
18:33:53 robot_arb INFO ENTRY SIGNAL short_basis | Z=5.95 basis=9206.50 | A=98.55 B=10192.00 | limit buy 100 @ 98.55
18:33:53 orders_arb INFO 📄 PAPER ENTRY: buy 100 GAZP@RTSX @ 98.55 (LIMIT)
18:33:53 orders_arb INFO 📄 PAPER ENTRY: sell 10 GZU6@RTSX @ 10192.00 (MARKET)
18:33:53 strategy_arb INFO POSITION OPEN SHORT basis | A=98.55 ×100 | B=10192.00 ×10 | basis=9206.50 Z=5.95
18:33:53 robot_arb INFO POSITION OPEN SHORT_BASIS | A=98.55 ×100 | B=10192.00 ×10 | basis=9206.50 Z=5.95
18:33:53 robot_arb ERROR Main loop error: name '_send_telegram' is not defined
18:40:40 robot_arb INFO EXIT SIGNAL reason=profit_target | pnl=20.00 | limit sell 100 @ 98.53
18:40:40 orders_arb INFO 📄 PAPER ENTRY: sell 100 GAZP@RTSX @ 98.53 (LIMIT)
18:40:40 orders_arb INFO 📄 PAPER ENTRY: buy 10 GZU6@RTSX @ 10190.00 (MARKET)
18:40:40 strategy_arb INFO POSITION CLOSE SHORT | PnL=+0.00₽ | reason=profit_target | hold=7min
18:40:42 robot_arb INFO ⚠️ CHECK_ENTRY returned signal: {'action': 'entry', 'side': 'long_basis', 'z': -3.9531487400189222, 'basis': 9204.5, 'price_a': 98.55, 'price_b': 10190.0}
18:40:42 robot_arb INFO ENTRY SIGNAL long_basis | Z=-3.95 basis=9204.50 | A=98.55 B=10190.00 | limit sell 100 @ 98.53
18:40:42 orders_arb INFO 📄 PAPER ENTRY: sell 100 GAZP@RTSX @ 98.53 (LIMIT)
18:40:42 orders_arb INFO 📄 PAPER ENTRY: buy 10 GZU6@RTSX @ 10190.00 (MARKET)
18:40:42 strategy_arb INFO POSITION OPEN LONG basis | A=98.53 ×100 | B=10190.00 ×10 | basis=9204.70 Z=-3.95
18:40:42 robot_arb INFO POSITION OPEN LONG_BASIS | A=98.53 ×100 | B=10190.00 ×10 | basis=9204.50 Z=-3.95
18:40:42 robot_arb ERROR Main loop error: name '_send_telegram' is not defined
18:40:55 robot_arb INFO EXIT SIGNAL reason=profit_target | pnl=30.00 | limit buy 100 @ 98.56
18:40:55 orders_arb INFO 📄 PAPER ENTRY: buy 100 GAZP@RTSX @ 98.56 (LIMIT)
18:40:55 orders_arb INFO 📄 PAPER ENTRY: sell 10 GZU6@RTSX @ 10195.00 (MARKET)
18:40:55 strategy_arb INFO POSITION CLOSE LONG | PnL=+20.00₽ | reason=profit_target | hold=0min
18:42:05 robot_arb INFO ⚠️ CHECK_ENTRY returned signal: {'action': 'entry', 'side': 'long_basis', 'z': -7.000000000003379, 'basis': 9205.4, 'price_a': 98.56, 'price_b': 10191.0}
18:42:05 robot_arb INFO ENTRY SIGNAL long_basis | Z=-7.00 basis=9205.40 | A=98.56 B=10191.00 | limit sell 100 @ 98.55
18:42:05 orders_arb INFO 📄 PAPER ENTRY: sell 100 GAZP@RTSX @ 98.55 (LIMIT)
18:42:05 orders_arb INFO 📄 PAPER ENTRY: buy 10 GZU6@RTSX @ 10191.00 (MARKET)
18:42:05 strategy_arb INFO POSITION OPEN LONG basis | A=98.55 ×100 | B=10191.00 ×10 | basis=9205.50 Z=-7.00
18:42:05 robot_arb INFO POSITION OPEN LONG_BASIS | A=98.55 ×100 | B=10191.00 ×10 | basis=9205.40 Z=-7.00
18:42:05 robot_arb ERROR Main loop error: name '_send_telegram' is not defined
18:42:52 robot_arb INFO EXIT SIGNAL reason=profit_target | pnl=30.00 | limit buy 100 @ 98.56
18:42:52 orders_arb INFO 📄 PAPER ENTRY: buy 100 GAZP@RTSX @ 98.56 (LIMIT)
18:42:52 orders_arb INFO 📄 PAPER ENTRY: sell 10 GZU6@RTSX @ 10194.00 (MARKET)
18:42:52 strategy_arb INFO POSITION CLOSE LONG | PnL=+20.00₽ | reason=profit_target | hold=1min
18:42:54 robot_arb INFO ⚠️ CHECK_ENTRY returned signal: {'action': 'entry', 'side': 'short_basis', 'z': 3.544003113706014, 'basis': 9208.5, 'price_a': 98.55, 'price_b': 10194.0}
18:42:54 robot_arb INFO ENTRY SIGNAL short_basis | Z=3.54 basis=9208.50 | A=98.55 B=10194.00 | limit buy 100 @ 98.56
18:42:54 orders_arb INFO 📄 PAPER ENTRY: buy 100 GAZP@RTSX @ 98.56 (LIMIT)
18:42:54 orders_arb INFO 📄 PAPER ENTRY: sell 10 GZU6@RTSX @ 10194.00 (MARKET)
18:42:54 strategy_arb INFO POSITION OPEN SHORT basis | A=98.56 ×100 | B=10194.00 ×10 | basis=9208.40 Z=3.54
18:42:54 robot_arb INFO POSITION OPEN SHORT_BASIS | A=98.56 ×100 | B=10194.00 ×10 | basis=9208.50 Z=3.54
18:42:54 robot_arb ERROR Main loop error: name '_send_telegram' is not defined
18:42:57 robot_arb INFO EXIT SIGNAL reason=profit_target | pnl=30.00 | limit sell 100 @ 98.55
18:42:57 orders_arb INFO 📄 PAPER ENTRY: sell 100 GAZP@RTSX @ 98.55 (LIMIT)
18:42:57 orders_arb INFO 📄 PAPER ENTRY: buy 10 GZU6@RTSX @ 10191.00 (MARKET)
18:42:57 strategy_arb INFO POSITION CLOSE SHORT | PnL=+20.00₽ | reason=profit_target | hold=0min
18:44:06 robot_arb INFO ⚠️ CHECK_ENTRY returned signal: {'action': 'entry', 'side': 'short_basis', 'z': 2.005971945214552, 'basis': 9204.7, 'price_a': 98.53, 'price_b': 10190.0}
18:44:06 robot_arb INFO ENTRY SIGNAL short_basis | Z=2.01 basis=9204.70 | A=98.53 B=10190.00 | limit buy 100 @ 98.53
18:44:06 orders_arb INFO 📄 PAPER ENTRY: buy 100 GAZP@RTSX @ 98.53 (LIMIT)
18:44:06 orders_arb INFO 📄 PAPER ENTRY: sell 10 GZU6@RTSX @ 10190.00 (MARKET)
18:44:06 strategy_arb INFO POSITION OPEN SHORT basis | A=98.53 ×100 | B=10190.00 ×10 | basis=9204.70 Z=2.01
18:44:06 robot_arb INFO POSITION OPEN SHORT_BASIS | A=98.53 ×100 | B=10190.00 ×10 | basis=9204.70 Z=2.01
18:44:06 robot_arb ERROR Main loop error: name '_send_telegram' is not defined
18:46:53 robot_arb INFO EXIT SIGNAL reason=profit_target | pnl=30.00 | limit sell 100 @ 98.46
18:46:53 orders_arb INFO 📄 PAPER ENTRY: sell 100 GAZP@RTSX @ 98.46 (LIMIT)
18:46:53 orders_arb INFO 📄 PAPER ENTRY: buy 10 GZU6@RTSX @ 10182.00 (MARKET)
18:46:53 strategy_arb INFO POSITION CLOSE SHORT | PnL=+10.00₽ | reason=profit_target | hold=3min
18:46:55 robot_arb INFO ⚠️ CHECK_ENTRY returned signal: {'action': 'entry', 'side': 'long_basis', 'z': -4.434135989184331, 'basis': 9197.2, 'price_a': 98.48, 'price_b': 10182.0}
18:46:55 robot_arb INFO ENTRY SIGNAL long_basis | Z=-4.43 basis=9197.20 | A=98.48 B=10182.00 | limit sell 100 @ 98.46
18:46:55 orders_arb INFO 📄 PAPER ENTRY: sell 100 GAZP@RTSX @ 98.46 (LIMIT)
18:46:55 orders_arb INFO 📄 PAPER ENTRY: buy 10 GZU6@RTSX @ 10182.00 (MARKET)
18:46:55 strategy_arb INFO POSITION OPEN LONG basis | A=98.46 ×100 | B=10182.00 ×10 | basis=9197.40 Z=-4.43
18:46:55 robot_arb INFO POSITION OPEN LONG_BASIS | A=98.46 ×100 | B=10182.00 ×10 | basis=9197.20 Z=-4.43
18:46:55 robot_arb ERROR Main loop error: name '_send_telegram' is not defined
18:47:46 robot_arb INFO EXIT SIGNAL reason=profit_target | pnl=30.00 | limit buy 100 @ 98.47
18:47:46 orders_arb INFO 📄 PAPER ENTRY: buy 100 GAZP@RTSX @ 98.47 (LIMIT)
18:47:46 orders_arb INFO 📄 PAPER ENTRY: sell 10 GZU6@RTSX @ 10186.00 (MARKET)
18:47:46 strategy_arb INFO POSITION CLOSE LONG | PnL=+30.00₽ | reason=profit_target | hold=1min
18:47:48 robot_arb INFO ⚠️ CHECK_ENTRY returned signal: {'action': 'entry', 'side': 'short_basis', 'z': 4.3131456027030755, 'basis': 9201.3, 'price_a': 98.47, 'price_b': 10186.0}
18:47:48 robot_arb INFO ENTRY SIGNAL short_basis | Z=4.31 basis=9201.30 | A=98.47 B=10186.00 | limit buy 100 @ 98.47
18:47:48 orders_arb INFO 📄 PAPER ENTRY: buy 100 GAZP@RTSX @ 98.47 (LIMIT)
18:47:48 orders_arb INFO 📄 PAPER ENTRY: sell 10 GZU6@RTSX @ 10186.00 (MARKET)
18:47:48 strategy_arb INFO POSITION OPEN SHORT basis | A=98.47 ×100 | B=10186.00 ×10 | basis=9201.30 Z=4.31
18:47:48 robot_arb INFO POSITION OPEN SHORT_BASIS | A=98.47 ×100 | B=10186.00 ×10 | basis=9201.30 Z=4.31
18:47:48 robot_arb ERROR Main loop error: name '_send_telegram' is not defined
18:47:53 robot_arb INFO EXIT SIGNAL reason=profit_target | pnl=30.00 | limit sell 100 @ 98.47
18:47:53 orders_arb INFO 📄 PAPER ENTRY: sell 100 GAZP@RTSX @ 98.47 (LIMIT)
18:47:53 orders_arb INFO 📄 PAPER ENTRY: buy 10 GZU6@RTSX @ 10186.00 (MARKET)
18:47:53 strategy_arb INFO POSITION CLOSE SHORT | PnL=+0.00₽ | reason=profit_target | hold=0min
18:48:51 robot_arb INFO ⚠️ CHECK_ENTRY returned signal: {'action': 'entry', 'side': 'long_basis', 'z': -6.649552478009383, 'basis': 9200.0, 'price_a': 98.5, 'price_b': 10185.0}
18:48:51 robot_arb INFO ENTRY SIGNAL long_basis | Z=-6.65 basis=9200.00 | A=98.50 B=10185.00 | limit sell 100 @ 98.50
18:48:51 orders_arb INFO 📄 PAPER ENTRY: sell 100 GAZP@RTSX @ 98.50 (LIMIT)
18:48:51 orders_arb INFO 📄 PAPER ENTRY: buy 10 GZU6@RTSX @ 10185.00 (MARKET)
18:48:51 strategy_arb INFO POSITION OPEN LONG basis | A=98.50 ×100 | B=10185.00 ×10 | basis=9200.00 Z=-6.65
18:48:51 robot_arb INFO POSITION OPEN LONG_BASIS | A=98.50 ×100 | B=10185.00 ×10 | basis=9200.00 Z=-6.65
18:48:51 robot_arb ERROR Main loop error: name '_send_telegram' is not defined
18:48:53 robot_arb INFO EXIT SIGNAL reason=profit_target | pnl=30.00 | limit buy 100 @ 98.51
18:48:53 orders_arb INFO 📄 PAPER ENTRY: buy 100 GAZP@RTSX @ 98.51 (LIMIT)
18:48:53 orders_arb INFO 📄 PAPER ENTRY: sell 10 GZU6@RTSX @ 10185.00 (MARKET)
18:48:53 strategy_arb INFO POSITION CLOSE LONG | PnL=-10.00₽ | reason=profit_target | hold=0min
18:48:55 robot_arb INFO ⚠️ CHECK_ENTRY returned signal: {'action': 'entry', 'side': 'long_basis', 'z': -2.3750250797288133, 'basis': 9200.3, 'price_a': 98.47, 'price_b': 10185.0}
18:48:55 robot_arb INFO ENTRY SIGNAL long_basis | Z=-2.38 basis=9200.30 | A=98.47 B=10185.00 | limit sell 100 @ 98.47
18:48:55 orders_arb INFO 📄 PAPER ENTRY: sell 100 GAZP@RTSX @ 98.47 (LIMIT)
18:48:55 orders_arb INFO 📄 PAPER ENTRY: buy 10 GZU6@RTSX @ 10185.00 (MARKET)
18:48:55 strategy_arb INFO POSITION OPEN LONG basis | A=98.47 ×100 | B=10185.00 ×10 | basis=9200.30 Z=-2.38
18:48:55 robot_arb INFO POSITION OPEN LONG_BASIS | A=98.47 ×100 | B=10185.00 ×10 | basis=9200.30 Z=-2.38
18:48:55 robot_arb ERROR Main loop error: name '_send_telegram' is not defined
18:51:33 robot_arb INFO EXIT SIGNAL reason=profit_target | pnl=40.00 | limit buy 100 @ 98.46
18:51:33 orders_arb INFO 📄 PAPER ENTRY: buy 100 GAZP@RTSX @ 98.46 (LIMIT)
18:51:33 orders_arb INFO 📄 PAPER ENTRY: sell 10 GZU6@RTSX @ 10188.00 (MARKET)
18:51:33 strategy_arb INFO POSITION CLOSE LONG | PnL=+40.00₽ | reason=profit_target | hold=3min
18:51:36 robot_arb INFO ⚠️ CHECK_ENTRY returned signal: {'action': 'entry', 'side': 'long_basis', 'z': -2.0117401811182236, 'basis': 9197.4, 'price_a': 98.46, 'price_b': 10182.0}
18:51:36 robot_arb INFO ENTRY SIGNAL long_basis | Z=-2.01 basis=9197.40 | A=98.46 B=10182.00 | limit sell 100 @ 98.45
18:51:36 orders_arb INFO 📄 PAPER ENTRY: sell 100 GAZP@RTSX @ 98.45 (LIMIT)
18:51:36 orders_arb INFO 📄 PAPER ENTRY: buy 10 GZU6@RTSX @ 10182.00 (MARKET)
18:51:36 strategy_arb INFO POSITION OPEN LONG basis | A=98.45 ×100 | B=10182.00 ×10 | basis=9197.50 Z=-2.01
18:51:36 robot_arb INFO POSITION OPEN LONG_BASIS | A=98.45 ×100 | B=10182.00 ×10 | basis=9197.40 Z=-2.01
18:51:36 robot_arb ERROR Main loop error: name '_send_telegram' is not defined
18:53:18 robot_arb INFO EXIT SIGNAL reason=profit_target | pnl=200.00 | limit buy 100 @ 98.28
18:53:18 orders_arb INFO 📄 PAPER ENTRY: buy 100 GAZP@RTSX @ 98.28 (LIMIT)
18:53:18 orders_arb INFO 📄 PAPER ENTRY: sell 10 GZU6@RTSX @ 10182.00 (MARKET)
18:53:18 strategy_arb INFO POSITION CLOSE LONG | PnL=+170.00₽ | reason=profit_target | hold=2min
18:53:20 robot_arb INFO ⚠️ CHECK_ENTRY returned signal: {'action': 'entry', 'side': 'long_basis', 'z': -4.697465801060946, 'basis': 9179.5, 'price_a': 98.25, 'price_b': 10162.0}
18:53:20 robot_arb INFO ENTRY SIGNAL long_basis | Z=-4.70 basis=9179.50 | A=98.25 B=10162.00 | limit sell 100 @ 98.25
18:53:20 orders_arb INFO 📄 PAPER ENTRY: sell 100 GAZP@RTSX @ 98.25 (LIMIT)
18:53:20 orders_arb INFO 📄 PAPER ENTRY: buy 10 GZU6@RTSX @ 10162.00 (MARKET)
18:53:20 strategy_arb INFO POSITION OPEN LONG basis | A=98.25 ×100 | B=10162.00 ×10 | basis=9179.50 Z=-4.70
18:53:20 robot_arb INFO POSITION OPEN LONG_BASIS | A=98.25 ×100 | B=10162.00 ×10 | basis=9179.50 Z=-4.70
18:53:20 robot_arb ERROR Main loop error: name '_send_telegram' is not defined
18:57:12 robot_arb INFO EXIT SIGNAL reason=profit_target | pnl=50.00 | limit buy 100 @ 98.22
18:57:12 orders_arb INFO 📄 PAPER ENTRY: buy 100 GAZP@RTSX @ 98.22 (LIMIT)
18:57:12 orders_arb INFO 📄 PAPER ENTRY: sell 10 GZU6@RTSX @ 10164.00 (MARKET)
18:57:12 strategy_arb INFO POSITION CLOSE LONG | PnL=+50.00₽ | reason=profit_target | hold=4min
18:57:19 robot_arb INFO ⚠️ CHECK_ENTRY returned signal: {'action': 'entry', 'side': 'long_basis', 'z': -2.6456741254185703, 'basis': 9174.0, 'price_a': 98.2, 'price_b': 10156.0}
18:57:19 robot_arb INFO ENTRY SIGNAL long_basis | Z=-2.65 basis=9174.00 | A=98.20 B=10156.00 | limit sell 100 @ 98.20
18:57:19 orders_arb INFO 📄 PAPER ENTRY: sell 100 GAZP@RTSX @ 98.20 (LIMIT)
18:57:19 orders_arb INFO 📄 PAPER ENTRY: buy 10 GZU6@RTSX @ 10156.00 (MARKET)
18:57:19 strategy_arb INFO POSITION OPEN LONG basis | A=98.20 ×100 | B=10156.00 ×10 | basis=9174.00 Z=-2.65
18:57:19 robot_arb INFO POSITION OPEN LONG_BASIS | A=98.20 ×100 | B=10156.00 ×10 | basis=9174.00 Z=-2.65
18:57:19 robot_arb ERROR Main loop error: name '_send_telegram' is not defined
18:57:31 robot_arb INFO EXIT SIGNAL reason=profit_target | pnl=50.00 | limit buy 100 @ 98.14
18:57:31 orders_arb INFO 📄 PAPER ENTRY: buy 100 GAZP@RTSX @ 98.14 (LIMIT)
18:57:31 orders_arb INFO 📄 PAPER ENTRY: sell 10 GZU6@RTSX @ 10155.00 (MARKET)
18:57:31 strategy_arb INFO POSITION CLOSE LONG | PnL=+50.00₽ | reason=profit_target | hold=0min
18:58:01 robot_arb INFO ⚠️ CHECK_ENTRY returned signal: {'action': 'entry', 'side': 'long_basis', 'z': -3.0184740547854747, 'basis': 9167.7, 'price_a': 98.13, 'price_b': 10149.0}
18:58:01 robot_arb INFO ENTRY SIGNAL long_basis | Z=-3.02 basis=9167.70 | A=98.13 B=10149.00 | limit sell 100 @ 98.13
18:58:01 orders_arb INFO 📄 PAPER ENTRY: sell 100 GAZP@RTSX @ 98.13 (LIMIT)
18:58:01 orders_arb INFO 📄 PAPER ENTRY: buy 10 GZU6@RTSX @ 10149.00 (MARKET)
18:58:01 strategy_arb INFO POSITION OPEN LONG basis | A=98.13 ×100 | B=10149.00 ×10 | basis=9167.70 Z=-3.02
18:58:01 robot_arb INFO POSITION OPEN LONG_BASIS | A=98.13 ×100 | B=10149.00 ×10 | basis=9167.70 Z=-3.02
18:58:01 robot_arb ERROR Main loop error: name '_send_telegram' is not defined
18:59:32 robot_arb INFO EXIT SIGNAL reason=profit_target | pnl=40.00 | limit buy 100 @ 98.02
18:59:32 orders_arb INFO 📄 PAPER ENTRY: buy 100 GAZP@RTSX @ 98.02 (LIMIT)
18:59:32 orders_arb INFO 📄 PAPER ENTRY: sell 10 GZU6@RTSX @ 10142.00 (MARKET)
18:59:32 strategy_arb INFO POSITION CLOSE LONG | PnL=+40.00₽ | reason=profit_target | hold=2min
18:59:34 robot_arb INFO ⚠️ CHECK_ENTRY returned signal: {'action': 'entry', 'side': 'long_basis', 'z': -3.1468673048436187, 'basis': 9154.8, 'price_a': 98.02, 'price_b': 10135.0}
18:59:34 robot_arb INFO ENTRY SIGNAL long_basis | Z=-3.15 basis=9154.80 | A=98.02 B=10135.00 | limit sell 100 @ 98.01
18:59:34 orders_arb INFO 📄 PAPER ENTRY: sell 100 GAZP@RTSX @ 98.01 (LIMIT)
18:59:34 orders_arb INFO 📄 PAPER ENTRY: buy 10 GZU6@RTSX @ 10135.00 (MARKET)
18:59:34 strategy_arb INFO POSITION OPEN LONG basis | A=98.01 ×100 | B=10135.00 ×10 | basis=9154.90 Z=-3.15
18:59:34 robot_arb INFO POSITION OPEN LONG_BASIS | A=98.01 ×100 | B=10135.00 ×10 | basis=9154.80 Z=-3.15
18:59:34 robot_arb ERROR Main loop error: name '_send_telegram' is not defined
18:59:45 robot_arb INFO EXIT SIGNAL reason=profit_target | pnl=20.00 | limit buy 100 @ 98.02
18:59:45 orders_arb INFO 📄 PAPER ENTRY: buy 100 GAZP@RTSX @ 98.02 (LIMIT)
18:59:45 orders_arb INFO 📄 PAPER ENTRY: sell 10 GZU6@RTSX @ 10138.00 (MARKET)
18:59:45 strategy_arb INFO POSITION CLOSE LONG | PnL=+20.00₽ | reason=profit_target | hold=0min
18:59:51 robot_arb INFO ⚠️ CHECK_ENTRY returned signal: {'action': 'entry', 'side': 'long_basis', 'z': -2.1208365461183707, 'basis': 9151.9, 'price_a': 98.01, 'price_b': 10132.0}
18:59:51 robot_arb INFO ENTRY SIGNAL long_basis | Z=-2.12 basis=9151.90 | A=98.01 B=10132.00 | limit sell 100 @ 98.01
18:59:51 orders_arb INFO 📄 PAPER ENTRY: sell 100 GAZP@RTSX @ 98.01 (LIMIT)
18:59:51 orders_arb INFO 📄 PAPER ENTRY: buy 10 GZU6@RTSX @ 10132.00 (MARKET)
18:59:51 strategy_arb INFO POSITION OPEN LONG basis | A=98.01 ×100 | B=10132.00 ×10 | basis=9151.90 Z=-2.12
18:59:51 robot_arb INFO POSITION OPEN LONG_BASIS | A=98.01 ×100 | B=10132.00 ×10 | basis=9151.90 Z=-2.12
18:59:51 robot_arb ERROR Main loop error: name '_send_telegram' is not defined
19:00:27 robot_arb INFO EXIT SIGNAL reason=profit_target | pnl=30.00 | limit buy 100 @ 98.02
19:00:27 orders_arb INFO 📄 PAPER ENTRY: buy 100 GAZP@RTSX @ 98.02 (LIMIT)
19:00:27 orders_arb INFO 📄 PAPER ENTRY: sell 10 GZU6@RTSX @ 10136.00 (MARKET)
19:00:27 strategy_arb INFO POSITION CLOSE LONG | PnL=+30.00₽ | reason=profit_target | hold=1min
19:00:39 robot_arb INFO ⚠️ CHECK_ENTRY returned signal: {'action': 'entry', 'side': 'short_basis', 'z': 3.078487119607487, 'basis': 9160.9, 'price_a': 98.01, 'price_b': 10141.0}
19:00:39 robot_arb INFO ENTRY SIGNAL short_basis | Z=3.08 basis=9160.90 | A=98.01 B=10141.00 | limit buy 100 @ 98.02
19:00:39 orders_arb INFO 📄 PAPER ENTRY: buy 100 GAZP@RTSX @ 98.02 (LIMIT)
19:00:39 orders_arb INFO 📄 PAPER ENTRY: sell 10 GZU6@RTSX @ 10141.00 (MARKET)
19:00:39 strategy_arb INFO POSITION OPEN SHORT basis | A=98.02 ×100 | B=10141.00 ×10 | basis=9160.80 Z=3.08
19:00:39 robot_arb INFO POSITION OPEN SHORT_BASIS | A=98.02 ×100 | B=10141.00 ×10 | basis=9160.90 Z=3.08
19:00:39 robot_arb ERROR Main loop error: name '_send_telegram' is not defined
19:00:44 robot_arb INFO EXIT SIGNAL reason=profit_target | pnl=20.00 | limit sell 100 @ 98.04
19:00:44 orders_arb INFO 📄 PAPER ENTRY: sell 100 GAZP@RTSX @ 98.04 (LIMIT)
19:00:44 orders_arb INFO 📄 PAPER ENTRY: buy 10 GZU6@RTSX @ 10141.00 (MARKET)
19:00:44 strategy_arb INFO POSITION CLOSE SHORT | PnL=+20.00₽ | reason=profit_target | hold=0min
19:00:46 robot_arb INFO ⚠️ CHECK_ENTRY returned signal: {'action': 'entry', 'side': 'short_basis', 'z': 2.241809487498603, 'basis': 9162.6, 'price_a': 98.04, 'price_b': 10143.0}
19:00:46 robot_arb INFO ENTRY SIGNAL short_basis | Z=2.24 basis=9162.60 | A=98.04 B=10143.00 | limit buy 100 @ 98.05
19:00:46 orders_arb INFO 📄 PAPER ENTRY: buy 100 GAZP@RTSX @ 98.05 (LIMIT)
19:00:46 orders_arb INFO 📄 PAPER ENTRY: sell 10 GZU6@RTSX @ 10143.00 (MARKET)
19:00:46 strategy_arb INFO POSITION OPEN SHORT basis | A=98.05 ×100 | B=10143.00 ×10 | basis=9162.50 Z=2.24
19:00:46 robot_arb INFO POSITION OPEN SHORT_BASIS | A=98.05 ×100 | B=10143.00 ×10 | basis=9162.60 Z=2.24
19:00:46 robot_arb ERROR Main loop error: name '_send_telegram' is not defined
19:02:10 robot_arb INFO EXIT SIGNAL reason=profit_target | pnl=30.00 | limit sell 100 @ 98.01
19:02:10 orders_arb INFO 📄 PAPER ENTRY: sell 100 GAZP@RTSX @ 98.01 (LIMIT)
19:02:10 orders_arb INFO 📄 PAPER ENTRY: buy 10 GZU6@RTSX @ 10136.00 (MARKET)
19:02:10 strategy_arb INFO POSITION CLOSE SHORT | PnL=+30.00₽ | reason=profit_target | hold=1min
19:02:12 robot_arb INFO ⚠️ CHECK_ENTRY returned signal: {'action': 'entry', 'side': 'long_basis', 'z': -2.4762337471736084, 'basis': 9155.9, 'price_a': 98.01, 'price_b': 10136.0}
19:02:12 robot_arb INFO ENTRY SIGNAL long_basis | Z=-2.48 basis=9155.90 | A=98.01 B=10136.00 | limit sell 100 @ 98.01
19:02:12 orders_arb INFO 📄 PAPER ENTRY: sell 100 GAZP@RTSX @ 98.01 (LIMIT)
19:02:12 orders_arb INFO 📄 PAPER ENTRY: buy 10 GZU6@RTSX @ 10136.00 (MARKET)
19:02:12 strategy_arb INFO POSITION OPEN LONG basis | A=98.01 ×100 | B=10136.00 ×10 | basis=9155.90 Z=-2.48
19:02:12 robot_arb INFO POSITION OPEN LONG_BASIS | A=98.01 ×100 | B=10136.00 ×10 | basis=9155.90 Z=-2.48
19:02:12 robot_arb ERROR Main loop error: name '_send_telegram' is not defined
19:02:47 robot_arb INFO EXIT SIGNAL reason=profit_target | pnl=20.00 | limit buy 100 @ 98.01
19:02:47 orders_arb INFO 📄 PAPER ENTRY: buy 100 GAZP@RTSX @ 98.01 (LIMIT)
19:02:47 orders_arb INFO 📄 PAPER ENTRY: sell 10 GZU6@RTSX @ 10138.00 (MARKET)
19:02:47 strategy_arb INFO POSITION CLOSE LONG | PnL=+20.00₽ | reason=profit_target | hold=1min
19:03:00 robot_arb INFO ⚠️ CHECK_ENTRY returned signal: {'action': 'entry', 'side': 'long_basis', 'z': -2.2070013942495272, 'basis': 9149.9, 'price_a': 98.01, 'price_b': 10130.0}
19:03:00 robot_arb INFO ENTRY SIGNAL long_basis | Z=-2.21 basis=9149.90 | A=98.01 B=10130.00 | limit sell 100 @ 98.00
19:03:00 orders_arb INFO 📄 PAPER ENTRY: sell 100 GAZP@RTSX @ 98.00 (LIMIT)
19:03:00 orders_arb INFO 📄 PAPER ENTRY: buy 10 GZU6@RTSX @ 10130.00 (MARKET)
19:03:00 strategy_arb INFO POSITION OPEN LONG basis | A=98.00 ×100 | B=10130.00 ×10 | basis=9150.00 Z=-2.21
19:03:00 robot_arb INFO POSITION OPEN LONG_BASIS | A=98.00 ×100 | B=10130.00 ×10 | basis=9149.90 Z=-2.21
19:03:00 robot_arb ERROR Main loop error: name '_send_telegram' is not defined
19:03:14 robot_arb INFO EXIT SIGNAL reason=profit_target | pnl=60.00 | limit buy 100 @ 98.02
19:03:14 orders_arb INFO 📄 PAPER ENTRY: buy 100 GAZP@RTSX @ 98.02 (LIMIT)
19:03:14 orders_arb INFO 📄 PAPER ENTRY: sell 10 GZU6@RTSX @ 10137.00 (MARKET)
19:03:14 strategy_arb INFO POSITION CLOSE LONG | PnL=+50.00₽ | reason=profit_target | hold=0min
19:04:32 robot_arb INFO ⚠️ CHECK_ENTRY returned signal: {'action': 'entry', 'side': 'long_basis', 'z': -8.285718830093286, 'basis': 9149.0, 'price_a': 98.0, 'price_b': 10129.0}
19:04:32 robot_arb INFO ENTRY SIGNAL long_basis | Z=-8.29 basis=9149.00 | A=98.00 B=10129.00 | limit sell 100 @ 98.00
19:04:32 orders_arb INFO 📄 PAPER ENTRY: sell 100 GAZP@RTSX @ 98.00 (LIMIT)
19:04:32 orders_arb INFO 📄 PAPER ENTRY: buy 10 GZU6@RTSX @ 10129.00 (MARKET)
19:04:32 strategy_arb INFO POSITION OPEN LONG basis | A=98.00 ×100 | B=10129.00 ×10 | basis=9149.00 Z=-8.29
19:04:32 robot_arb INFO POSITION OPEN LONG_BASIS | A=98.00 ×100 | B=10129.00 ×10 | basis=9149.00 Z=-8.29
19:04:32 robot_arb ERROR Main loop error: name '_send_telegram' is not defined
19:04:44 robot_arb INFO EXIT SIGNAL reason=profit_target | pnl=20.00 | limit buy 100 @ 98.01
19:04:44 orders_arb INFO 📄 PAPER ENTRY: buy 100 GAZP@RTSX @ 98.01 (LIMIT)
19:04:44 orders_arb INFO 📄 PAPER ENTRY: sell 10 GZU6@RTSX @ 10131.00 (MARKET)
19:04:44 strategy_arb INFO POSITION CLOSE LONG | PnL=+10.00₽ | reason=profit_target | hold=0min
19:04:57 robot_arb INFO ⚠️ CHECK_ENTRY returned signal: {'action': 'entry', 'side': 'long_basis', 'z': -2.6137658071326424, 'basis': 9145.9, 'price_a': 97.91, 'price_b': 10125.0}
19:04:57 robot_arb INFO ENTRY SIGNAL long_basis | Z=-2.61 basis=9145.90 | A=97.91 B=10125.00 | limit sell 100 @ 97.90
19:04:57 orders_arb INFO 📄 PAPER ENTRY: sell 100 GAZP@RTSX @ 97.90 (LIMIT)
19:04:57 orders_arb INFO 📄 PAPER ENTRY: buy 10 GZU6@RTSX @ 10125.00 (MARKET)
19:04:57 strategy_arb INFO POSITION OPEN LONG basis | A=97.90 ×100 | B=10125.00 ×10 | basis=9146.00 Z=-2.61
19:04:57 robot_arb INFO POSITION OPEN LONG_BASIS | A=97.90 ×100 | B=10125.00 ×10 | basis=9145.90 Z=-2.61
19:04:57 robot_arb ERROR Main loop error: name '_send_telegram' is not defined
19:05:21 robot_arb INFO EXIT SIGNAL reason=profit_target | pnl=30.00 | limit buy 100 @ 97.93
19:05:21 orders_arb INFO 📄 PAPER ENTRY: buy 100 GAZP@RTSX @ 97.93 (LIMIT)
19:05:21 orders_arb INFO 📄 PAPER ENTRY: sell 10 GZU6@RTSX @ 10130.00 (MARKET)
19:05:21 strategy_arb INFO POSITION CLOSE LONG | PnL=+20.00₽ | reason=profit_target | hold=0min
19:05:42 robot_arb INFO ⚠️ CHECK_ENTRY returned signal: {'action': 'entry', 'side': 'short_basis', 'z': 3.278481996284042, 'basis': 9155.4, 'price_a': 97.96, 'price_b': 10135.0}
19:05:42 robot_arb INFO ENTRY SIGNAL short_basis | Z=3.28 basis=9155.40 | A=97.96 B=10135.00 | limit buy 100 @ 97.96
19:05:42 orders_arb INFO 📄 PAPER ENTRY: buy 100 GAZP@RTSX @ 97.96 (LIMIT)
19:05:42 orders_arb INFO 📄 PAPER ENTRY: sell 10 GZU6@RTSX @ 10135.00 (MARKET)
19:05:42 strategy_arb INFO POSITION OPEN SHORT basis | A=97.96 ×100 | B=10135.00 ×10 | basis=9155.40 Z=3.28
19:05:42 robot_arb INFO POSITION OPEN SHORT_BASIS | A=97.96 ×100 | B=10135.00 ×10 | basis=9155.40 Z=3.28
19:05:42 robot_arb ERROR Main loop error: name '_send_telegram' is not defined
19:05:47 robot_arb INFO EXIT SIGNAL reason=profit_target | pnl=40.00 | limit sell 100 @ 97.97
19:05:47 orders_arb INFO 📄 PAPER ENTRY: sell 100 GAZP@RTSX @ 97.97 (LIMIT)
19:05:47 orders_arb INFO 📄 PAPER ENTRY: buy 10 GZU6@RTSX @ 10135.00 (MARKET)
19:05:47 strategy_arb INFO POSITION CLOSE SHORT | PnL=+10.00₽ | reason=profit_target | hold=0min
19:06:06 robot_arb INFO ⚠️ CHECK_ENTRY returned signal: {'action': 'entry', 'side': 'short_basis', 'z': 4.235297012819381, 'basis': 9168.2, 'price_a': 98.08, 'price_b': 10149.0}
19:06:06 robot_arb INFO ENTRY SIGNAL short_basis | Z=4.24 basis=9168.20 | A=98.08 B=10149.00 | limit buy 100 @ 98.08
19:06:06 orders_arb INFO 📄 PAPER ENTRY: buy 100 GAZP@RTSX @ 98.08 (LIMIT)
19:06:06 orders_arb INFO 📄 PAPER ENTRY: sell 10 GZU6@RTSX @ 10149.00 (MARKET)
19:06:06 strategy_arb INFO POSITION OPEN SHORT basis | A=98.08 ×100 | B=10149.00 ×10 | basis=9168.20 Z=4.24
19:06:06 robot_arb INFO POSITION OPEN SHORT_BASIS | A=98.08 ×100 | B=10149.00 ×10 | basis=9168.20 Z=4.24
19:06:06 robot_arb ERROR Main loop error: name '_send_telegram' is not defined
19:06:11 robot_arb INFO EXIT SIGNAL reason=profit_target | pnl=40.00 | limit sell 100 @ 98.10
19:06:11 orders_arb INFO 📄 PAPER ENTRY: sell 100 GAZP@RTSX @ 98.10 (LIMIT)
19:06:11 orders_arb INFO 📄 PAPER ENTRY: buy 10 GZU6@RTSX @ 10149.00 (MARKET)
19:06:11 strategy_arb INFO POSITION CLOSE SHORT | PnL=+20.00₽ | reason=profit_target | hold=0min
19:07:57 robot_arb INFO ⚠️ CHECK_ENTRY returned signal: {'action': 'entry', 'side': 'long_basis', 'z': -5.359351523494969, 'basis': 9159.1, 'price_a': 97.99, 'price_b': 10139.0}
19:07:57 robot_arb INFO ENTRY SIGNAL long_basis | Z=-5.36 basis=9159.10 | A=97.99 B=10139.00 | limit sell 100 @ 97.99
19:07:57 orders_arb INFO 📄 PAPER ENTRY: sell 100 GAZP@RTSX @ 97.99 (LIMIT)
19:07:57 orders_arb INFO 📄 PAPER ENTRY: buy 10 GZU6@RTSX @ 10139.00 (MARKET)
19:07:57 strategy_arb INFO POSITION OPEN LONG basis | A=97.99 ×100 | B=10139.00 ×10 | basis=9159.10 Z=-5.36
19:07:57 robot_arb INFO POSITION OPEN LONG_BASIS | A=97.99 ×100 | B=10139.00 ×10 | basis=9159.10 Z=-5.36
19:07:57 robot_arb ERROR Main loop error: name '_send_telegram' is not defined
19:12:32 robot_arb INFO EXIT SIGNAL reason=profit_target | pnl=20.00 | limit buy 100 @ 98.09
19:12:32 orders_arb INFO 📄 PAPER ENTRY: buy 100 GAZP@RTSX @ 98.09 (LIMIT)
19:12:32 orders_arb INFO 📄 PAPER ENTRY: sell 10 GZU6@RTSX @ 10149.00 (MARKET)
19:12:32 strategy_arb INFO POSITION CLOSE LONG | PnL=-0.00₽ | reason=profit_target | hold=5min
19:13:04 robot_arb INFO ⚠️ CHECK_ENTRY returned signal: {'action': 'entry', 'side': 'short_basis', 'z': 2.2182538581440325, 'basis': 9169.1, 'price_a': 98.09, 'price_b': 10150.0}
19:13:04 robot_arb INFO ENTRY SIGNAL short_basis | Z=2.22 basis=9169.10 | A=98.09 B=10150.00 | limit buy 100 @ 98.09
19:13:04 orders_arb INFO 📄 PAPER ENTRY: buy 100 GAZP@RTSX @ 98.09 (LIMIT)
19:13:04 orders_arb INFO 📄 PAPER ENTRY: sell 10 GZU6@RTSX @ 10150.00 (MARKET)
19:13:04 strategy_arb INFO POSITION OPEN SHORT basis | A=98.09 ×100 | B=10150.00 ×10 | basis=9169.10 Z=2.22
19:13:04 robot_arb INFO POSITION OPEN SHORT_BASIS | A=98.09 ×100 | B=10150.00 ×10 | basis=9169.10 Z=2.22
19:13:04 robot_arb ERROR Main loop error: name '_send_telegram' is not defined
19:13:40 robot_arb INFO EXIT SIGNAL reason=profit_target | pnl=60.00 | limit sell 100 @ 98.08
19:13:40 orders_arb INFO 📄 PAPER ENTRY: sell 100 GAZP@RTSX @ 98.08 (LIMIT)
19:13:40 orders_arb INFO 📄 PAPER ENTRY: buy 10 GZU6@RTSX @ 10144.00 (MARKET)
19:13:40 strategy_arb INFO POSITION CLOSE SHORT | PnL=+50.00₽ | reason=profit_target | hold=1min
19:13:42 robot_arb INFO ⚠️ CHECK_ENTRY returned signal: {'action': 'entry', 'side': 'long_basis', 'z': -3.8241757554836964, 'basis': 9163.1, 'price_a': 98.09, 'price_b': 10144.0}
19:13:42 robot_arb INFO ENTRY SIGNAL long_basis | Z=-3.82 basis=9163.10 | A=98.09 B=10144.00 | limit sell 100 @ 98.08
19:13:42 orders_arb INFO 📄 PAPER ENTRY: sell 100 GAZP@RTSX @ 98.08 (LIMIT)
19:13:42 orders_arb INFO 📄 PAPER ENTRY: buy 10 GZU6@RTSX @ 10144.00 (MARKET)
19:13:42 strategy_arb INFO POSITION OPEN LONG basis | A=98.08 ×100 | B=10144.00 ×10 | basis=9163.20 Z=-3.82
19:13:42 robot_arb INFO POSITION OPEN LONG_BASIS | A=98.08 ×100 | B=10144.00 ×10 | basis=9163.10 Z=-3.82
19:13:42 robot_arb ERROR Main loop error: name '_send_telegram' is not defined
19:14:40 robot_arb INFO EXIT SIGNAL reason=profit_target | pnl=30.00 | limit buy 100 @ 98.10
19:14:40 orders_arb INFO 📄 PAPER ENTRY: buy 100 GAZP@RTSX @ 98.10 (LIMIT)
19:14:40 orders_arb INFO 📄 PAPER ENTRY: sell 10 GZU6@RTSX @ 10148.00 (MARKET)
19:14:40 strategy_arb INFO POSITION CLOSE LONG | PnL=+20.00₽ | reason=profit_target | hold=1min
19:14:42 robot_arb INFO ⚠️ CHECK_ENTRY returned signal: {'action': 'entry', 'side': 'short_basis', 'z': 3.945374128203516, 'basis': 9167.1, 'price_a': 98.09, 'price_b': 10148.0}
19:14:42 robot_arb INFO ENTRY SIGNAL short_basis | Z=3.95 basis=9167.10 | A=98.09 B=10148.00 | limit buy 100 @ 98.10
19:14:42 orders_arb INFO 📄 PAPER ENTRY: buy 100 GAZP@RTSX @ 98.10 (LIMIT)
19:14:42 orders_arb INFO 📄 PAPER ENTRY: sell 10 GZU6@RTSX @ 10148.00 (MARKET)
19:14:42 strategy_arb INFO POSITION OPEN SHORT basis | A=98.10 ×100 | B=10148.00 ×10 | basis=9167.00 Z=3.95
19:14:42 robot_arb INFO POSITION OPEN SHORT_BASIS | A=98.10 ×100 | B=10148.00 ×10 | basis=9167.10 Z=3.95
19:14:42 robot_arb ERROR Main loop error: name '_send_telegram' is not defined
19:15:27 robot_arb INFO EXIT SIGNAL reason=profit_target | pnl=60.00 | limit sell 100 @ 98.15
19:15:27 orders_arb INFO 📄 PAPER ENTRY: sell 100 GAZP@RTSX @ 98.15 (LIMIT)
19:15:27 orders_arb INFO 📄 PAPER ENTRY: buy 10 GZU6@RTSX @ 10148.00 (MARKET)
19:15:27 strategy_arb INFO POSITION CLOSE SHORT | PnL=+50.00₽ | reason=profit_target | hold=1min
19:15:29 robot_arb INFO ⚠️ CHECK_ENTRY returned signal: {'action': 'entry', 'side': 'short_basis', 'z': 4.529343341774356, 'basis': 9168.4, 'price_a': 98.16, 'price_b': 10150.0}
19:15:29 robot_arb INFO ENTRY SIGNAL short_basis | Z=4.53 basis=9168.40 | A=98.16 B=10150.00 | limit buy 100 @ 98.16
19:15:29 orders_arb INFO 📄 PAPER ENTRY: buy 100 GAZP@RTSX @ 98.16 (LIMIT)
19:15:29 orders_arb INFO 📄 PAPER ENTRY: sell 10 GZU6@RTSX @ 10150.00 (MARKET)
19:15:29 strategy_arb INFO POSITION OPEN SHORT basis | A=98.16 ×100 | B=10150.00 ×10 | basis=9168.40 Z=4.53
19:15:29 robot_arb INFO POSITION OPEN SHORT_BASIS | A=98.16 ×100 | B=10150.00 ×10 | basis=9168.40 Z=4.53
19:15:29 robot_arb ERROR Main loop error: name '_send_telegram' is not defined
19:20:41 robot_arb INFO EXIT SIGNAL reason=profit_target | pnl=20.00 | limit sell 100 @ 98.11
19:20:41 orders_arb INFO 📄 PAPER ENTRY: sell 100 GAZP@RTSX @ 98.11 (LIMIT)
19:20:41 orders_arb INFO 📄 PAPER ENTRY: buy 10 GZU6@RTSX @ 10144.00 (MARKET)
19:20:41 strategy_arb INFO POSITION CLOSE SHORT | PnL=+10.00₽ | reason=profit_target | hold=5min
19:21:23 robot_arb INFO ⚠️ CHECK_ENTRY returned signal: {'action': 'entry', 'side': 'long_basis', 'z': -4.6953913501709295, 'basis': 9161.2, 'price_a': 98.08, 'price_b': 10142.0}
19:21:23 robot_arb INFO ENTRY SIGNAL long_basis | Z=-4.70 basis=9161.20 | A=98.08 B=10142.00 | limit sell 100 @ 98.07
19:21:23 orders_arb INFO 📄 PAPER ENTRY: sell 100 GAZP@RTSX @ 98.07 (LIMIT)
19:21:23 orders_arb INFO 📄 PAPER ENTRY: buy 10 GZU6@RTSX @ 10142.00 (MARKET)
19:21:23 strategy_arb INFO POSITION OPEN LONG basis | A=98.07 ×100 | B=10142.00 ×10 | basis=9161.30 Z=-4.70
19:21:23 robot_arb INFO POSITION OPEN LONG_BASIS | A=98.07 ×100 | B=10142.00 ×10 | basis=9161.20 Z=-4.70
19:21:23 robot_arb ERROR Main loop error: name '_send_telegram' is not defined
19:21:36 robot_arb INFO EXIT SIGNAL reason=profit_target | pnl=30.00 | limit buy 100 @ 98.09
19:21:36 orders_arb INFO 📄 PAPER ENTRY: buy 100 GAZP@RTSX @ 98.09 (LIMIT)
19:21:36 orders_arb INFO 📄 PAPER ENTRY: sell 10 GZU6@RTSX @ 10146.00 (MARKET)
19:21:36 strategy_arb INFO POSITION CLOSE LONG | PnL=+20.00₽ | reason=profit_target | hold=0min
19:21:38 robot_arb INFO ⚠️ CHECK_ENTRY returned signal: {'action': 'entry', 'side': 'short_basis', 'z': 2.7791216016313323, 'basis': 9165.2, 'price_a': 98.08, 'price_b': 10146.0}
19:21:38 robot_arb INFO ENTRY SIGNAL short_basis | Z=2.78 basis=9165.20 | A=98.08 B=10146.00 | limit buy 100 @ 98.09
19:21:38 orders_arb INFO 📄 PAPER ENTRY: buy 100 GAZP@RTSX @ 98.09 (LIMIT)
19:21:38 orders_arb INFO 📄 PAPER ENTRY: sell 10 GZU6@RTSX @ 10146.00 (MARKET)
19:21:38 strategy_arb INFO POSITION OPEN SHORT basis | A=98.09 ×100 | B=10146.00 ×10 | basis=9165.10 Z=2.78
19:21:38 robot_arb INFO POSITION OPEN SHORT_BASIS | A=98.09 ×100 | B=10146.00 ×10 | basis=9165.20 Z=2.78
19:21:38 robot_arb ERROR Main loop error: name '_send_telegram' is not defined
19:22:30 robot_arb INFO EXIT SIGNAL reason=profit_target | pnl=40.00 | limit sell 100 @ 98.03
19:22:30 orders_arb INFO 📄 PAPER ENTRY: sell 100 GAZP@RTSX @ 98.03 (LIMIT)
19:22:30 orders_arb INFO 📄 PAPER ENTRY: buy 10 GZU6@RTSX @ 10137.00 (MARKET)
19:22:30 strategy_arb INFO POSITION CLOSE SHORT | PnL=+30.00₽ | reason=profit_target | hold=1min
19:22:35 robot_arb INFO ⚠️ CHECK_ENTRY returned signal: {'action': 'entry', 'side': 'long_basis', 'z': -3.053695362186468, 'basis': 9153.1, 'price_a': 97.99, 'price_b': 10133.0}
19:22:35 robot_arb INFO ENTRY SIGNAL long_basis | Z=-3.05 basis=9153.10 | A=97.99 B=10133.00 | limit sell 100 @ 97.99
19:22:35 orders_arb INFO 📄 PAPER ENTRY: sell 100 GAZP@RTSX @ 97.99 (LIMIT)
19:22:35 orders_arb INFO 📄 PAPER ENTRY: buy 10 GZU6@RTSX @ 10133.00 (MARKET)
19:22:35 strategy_arb INFO POSITION OPEN LONG basis | A=97.99 ×100 | B=10133.00 ×10 | basis=9153.10 Z=-3.05
19:22:35 robot_arb INFO POSITION OPEN LONG_BASIS | A=97.99 ×100 | B=10133.00 ×10 | basis=9153.10 Z=-3.05
19:22:35 robot_arb ERROR Main loop error: name '_send_telegram' is not defined
19:22:41 robot_arb INFO EXIT SIGNAL reason=profit_target | pnl=80.00 | limit buy 100 @ 97.91
19:22:41 orders_arb INFO 📄 PAPER ENTRY: buy 100 GAZP@RTSX @ 97.91 (LIMIT)
19:22:41 orders_arb INFO 📄 PAPER ENTRY: sell 10 GZU6@RTSX @ 10133.00 (MARKET)
19:22:41 strategy_arb INFO POSITION CLOSE LONG | PnL=+80.00₽ | reason=profit_target | hold=0min
19:22:43 robot_arb INFO ⚠️ CHECK_ENTRY returned signal: {'action': 'entry', 'side': 'long_basis', 'z': -3.645098596207059, 'basis': 9145.9, 'price_a': 97.91, 'price_b': 10125.0}
19:22:43 robot_arb INFO ENTRY SIGNAL long_basis | Z=-3.65 basis=9145.90 | A=97.91 B=10125.00 | limit sell 100 @ 97.90
19:22:43 orders_arb INFO 📄 PAPER ENTRY: sell 100 GAZP@RTSX @ 97.90 (LIMIT)
19:22:43 orders_arb INFO 📄 PAPER ENTRY: buy 10 GZU6@RTSX @ 10125.00 (MARKET)
19:22:43 strategy_arb INFO POSITION OPEN LONG basis | A=97.90 ×100 | B=10125.00 ×10 | basis=9146.00 Z=-3.65
19:22:43 robot_arb INFO POSITION OPEN LONG_BASIS | A=97.90 ×100 | B=10125.00 ×10 | basis=9145.90 Z=-3.65
19:22:43 robot_arb ERROR Main loop error: name '_send_telegram' is not defined
19:23:16 robot_arb INFO EXIT SIGNAL reason=profit_target | pnl=20.00 | limit buy 100 @ 97.89
19:23:16 orders_arb INFO 📄 PAPER ENTRY: buy 100 GAZP@RTSX @ 97.89 (LIMIT)
19:23:16 orders_arb INFO 📄 PAPER ENTRY: sell 10 GZU6@RTSX @ 10126.00 (MARKET)
19:23:16 strategy_arb INFO POSITION CLOSE LONG | PnL=+20.00₽ | reason=profit_target | hold=1min
19:24:04 robot_arb INFO ⚠️ CHECK_ENTRY returned signal: {'action': 'entry', 'side': 'long_basis', 'z': -3.937499999992042, 'basis': 9146.9, 'price_a': 97.91, 'price_b': 10126.0}
19:24:04 robot_arb INFO ENTRY SIGNAL long_basis | Z=-3.94 basis=9146.90 | A=97.91 B=10126.00 | limit sell 100 @ 97.90
19:24:04 orders_arb INFO 📄 PAPER ENTRY: sell 100 GAZP@RTSX @ 97.90 (LIMIT)
19:24:04 orders_arb INFO 📄 PAPER ENTRY: buy 10 GZU6@RTSX @ 10126.00 (MARKET)
19:24:04 strategy_arb INFO POSITION OPEN LONG basis | A=97.90 ×100 | B=10126.00 ×10 | basis=9147.00 Z=-3.94
19:24:04 robot_arb INFO POSITION OPEN LONG_BASIS | A=97.90 ×100 | B=10126.00 ×10 | basis=9146.90 Z=-3.94
19:24:04 robot_arb ERROR Main loop error: name '_send_telegram' is not defined
19:27:29 robot_arb INFO EXIT SIGNAL reason=profit_target | pnl=70.00 | limit buy 100 @ 97.94
19:27:29 orders_arb INFO 📄 PAPER ENTRY: buy 100 GAZP@RTSX @ 97.94 (LIMIT)
19:27:29 orders_arb INFO 📄 PAPER ENTRY: sell 10 GZU6@RTSX @ 10136.00 (MARKET)
19:27:29 strategy_arb INFO POSITION CLOSE LONG | PnL=+60.00₽ | reason=profit_target | hold=3min
19:27:47 robot_arb INFO ⚠️ CHECK_ENTRY returned signal: {'action': 'entry', 'side': 'long_basis', 'z': -3.1539826649230034, 'basis': 9153.0, 'price_a': 97.9, 'price_b': 10132.0}
19:27:47 robot_arb INFO ENTRY SIGNAL long_basis | Z=-3.15 basis=9153.00 | A=97.90 B=10132.00 | limit sell 100 @ 97.90
19:27:47 orders_arb INFO 📄 PAPER ENTRY: sell 100 GAZP@RTSX @ 97.90 (LIMIT)
19:27:47 orders_arb INFO 📄 PAPER ENTRY: buy 10 GZU6@RTSX @ 10132.00 (MARKET)
19:27:47 strategy_arb INFO POSITION OPEN LONG basis | A=97.90 ×100 | B=10132.00 ×10 | basis=9153.00 Z=-3.15
19:27:47 robot_arb INFO POSITION OPEN LONG_BASIS | A=97.90 ×100 | B=10132.00 ×10 | basis=9153.00 Z=-3.15
19:27:47 robot_arb ERROR Main loop error: name '_send_telegram' is not defined
20:36:32 robot_arb INFO EXIT SIGNAL reason=profit_target | pnl=20.00 | limit buy 100 @ 98.12
20:36:32 orders_arb INFO 📄 PAPER ENTRY: buy 100 GAZP@RTSX @ 98.12 (LIMIT)
20:36:32 orders_arb INFO 📄 PAPER ENTRY: sell 10 GZU6@RTSX @ 10155.00 (MARKET)
20:36:32 strategy_arb INFO POSITION CLOSE LONG | PnL=+10.00₽ | reason=profit_target | hold=69min
20:36:34 robot_arb INFO ⚠️ CHECK_ENTRY returned signal: {'action': 'entry', 'side': 'short_basis', 'z': 2.4384621388052787, 'basis': 9173.9, 'price_a': 98.11, 'price_b': 10155.0}
20:36:34 robot_arb INFO ENTRY SIGNAL short_basis | Z=2.44 basis=9173.90 | A=98.11 B=10155.00 | limit buy 100 @ 98.12
20:36:34 orders_arb INFO 📄 PAPER ENTRY: buy 100 GAZP@RTSX @ 98.12 (LIMIT)
20:36:34 orders_arb INFO 📄 PAPER ENTRY: sell 10 GZU6@RTSX @ 10155.00 (MARKET)
20:36:34 strategy_arb INFO POSITION OPEN SHORT basis | A=98.12 ×100 | B=10155.00 ×10 | basis=9173.80 Z=2.44
20:36:34 robot_arb INFO POSITION OPEN SHORT_BASIS | A=98.12 ×100 | B=10155.00 ×10 | basis=9173.90 Z=2.44
20:36:34 robot_arb ERROR Main loop error: name '_send_telegram' is not defined
20:36:53 robot_arb INFO EXIT SIGNAL reason=profit_target | pnl=60.00 | limit sell 100 @ 98.11
20:36:53 orders_arb INFO 📄 PAPER ENTRY: sell 100 GAZP@RTSX @ 98.11 (LIMIT)
20:36:53 orders_arb INFO 📄 PAPER ENTRY: buy 10 GZU6@RTSX @ 10150.00 (MARKET)
20:36:53 strategy_arb INFO POSITION CLOSE SHORT | PnL=+40.00₽ | reason=profit_target | hold=0min
20:36:55 robot_arb INFO ⚠️ CHECK_ENTRY returned signal: {'action': 'entry', 'side': 'long_basis', 'z': -4.832558076426082, 'basis': 9168.7, 'price_a': 98.13, 'price_b': 10150.0}
20:36:55 robot_arb INFO ENTRY SIGNAL long_basis | Z=-4.83 basis=9168.70 | A=98.13 B=10150.00 | limit sell 100 @ 98.11
20:36:55 orders_arb INFO 📄 PAPER ENTRY: sell 100 GAZP@RTSX @ 98.11 (LIMIT)
20:36:55 orders_arb INFO 📄 PAPER ENTRY: buy 10 GZU6@RTSX @ 10150.00 (MARKET)
20:36:55 strategy_arb INFO POSITION OPEN LONG basis | A=98.11 ×100 | B=10150.00 ×10 | basis=9168.90 Z=-4.83
20:36:55 robot_arb INFO POSITION OPEN LONG_BASIS | A=98.11 ×100 | B=10150.00 ×10 | basis=9168.70 Z=-4.83
20:36:55 robot_arb ERROR Main loop error: name '_send_telegram' is not defined
20:39:17 robot_arb INFO EXIT SIGNAL reason=profit_target | pnl=60.00 | limit buy 100 @ 98.10
20:39:17 orders_arb INFO 📄 PAPER ENTRY: buy 100 GAZP@RTSX @ 98.10 (LIMIT)
20:39:17 orders_arb INFO 📄 PAPER ENTRY: sell 10 GZU6@RTSX @ 10148.00 (MARKET)
20:39:17 strategy_arb INFO POSITION CLOSE LONG | PnL=-10.00₽ | reason=profit_target | hold=2min
20:40:19 robot_arb INFO ⚠️ CHECK_ENTRY returned signal: {'action': 'entry', 'side': 'short_basis', 'z': 4.393598984437557, 'basis': 9165.3, 'price_a': 98.07, 'price_b': 10146.0}
20:40:19 robot_arb INFO ENTRY SIGNAL short_basis | Z=4.39 basis=9165.30 | A=98.07 B=10146.00 | limit buy 100 @ 98.10
20:40:19 orders_arb INFO 📄 PAPER ENTRY: buy 100 GAZP@RTSX @ 98.10 (LIMIT)
20:40:19 orders_arb INFO 📄 PAPER ENTRY: sell 10 GZU6@RTSX @ 10146.00 (MARKET)
20:40:19 strategy_arb INFO POSITION OPEN SHORT basis | A=98.10 ×100 | B=10146.00 ×10 | basis=9165.00 Z=4.39
20:40:19 robot_arb INFO POSITION OPEN SHORT_BASIS | A=98.10 ×100 | B=10146.00 ×10 | basis=9165.30 Z=4.39
20:40:19 robot_arb ERROR Main loop error: name '_send_telegram' is not defined
20:50:16 robot_arb INFO EXIT SIGNAL reason=profit_target | pnl=250.00 | limit sell 100 @ 98.29
20:50:16 orders_arb INFO 📄 PAPER ENTRY: sell 100 GAZP@RTSX @ 98.29 (LIMIT)
20:50:16 orders_arb INFO 📄 PAPER ENTRY: buy 10 GZU6@RTSX @ 10141.00 (MARKET)
20:50:16 strategy_arb INFO POSITION CLOSE SHORT | PnL=+240.00₽ | reason=profit_target | hold=10min
20:50:18 robot_arb INFO ⚠️ CHECK_ENTRY returned signal: {'action': 'entry', 'side': 'long_basis', 'z': -4.395290243481976, 'basis': 9157.9, 'price_a': 98.31, 'price_b': 10141.0}
20:50:18 robot_arb INFO ENTRY SIGNAL long_basis | Z=-4.40 basis=9157.90 | A=98.31 B=10141.00 | limit sell 100 @ 98.29
20:50:18 orders_arb INFO 📄 PAPER ENTRY: sell 100 GAZP@RTSX @ 98.29 (LIMIT)
20:50:18 orders_arb INFO 📄 PAPER ENTRY: buy 10 GZU6@RTSX @ 10141.00 (MARKET)
20:50:18 strategy_arb INFO POSITION OPEN LONG basis | A=98.29 ×100 | B=10141.00 ×10 | basis=9158.10 Z=-4.40
20:50:18 robot_arb INFO POSITION OPEN LONG_BASIS | A=98.29 ×100 | B=10141.00 ×10 | basis=9157.90 Z=-4.40
20:50:18 robot_arb ERROR Main loop error: name '_send_telegram' is not defined
20:50:22 robot_arb INFO EXIT SIGNAL reason=profit_target | pnl=130.00 | limit buy 100 @ 98.31
20:50:22 orders_arb INFO 📄 PAPER ENTRY: buy 100 GAZP@RTSX @ 98.31 (LIMIT)
20:50:22 orders_arb INFO 📄 PAPER ENTRY: sell 10 GZU6@RTSX @ 10156.00 (MARKET)
20:50:22 strategy_arb INFO POSITION CLOSE LONG | PnL=+130.00₽ | reason=profit_target | hold=0min
20:51:11 robot_arb INFO ⚠️ CHECK_ENTRY returned signal: {'action': 'entry', 'side': 'short_basis', 'z': 2.1470899143687263, 'basis': 9173.2, 'price_a': 98.28, 'price_b': 10156.0}
20:51:11 robot_arb INFO ENTRY SIGNAL short_basis | Z=2.15 basis=9173.20 | A=98.28 B=10156.00 | limit buy 100 @ 98.28
20:51:11 orders_arb INFO 📄 PAPER ENTRY: buy 100 GAZP@RTSX @ 98.28 (LIMIT)
20:51:11 orders_arb INFO 📄 PAPER ENTRY: sell 10 GZU6@RTSX @ 10156.00 (MARKET)
20:51:11 strategy_arb INFO POSITION OPEN SHORT basis | A=98.28 ×100 | B=10156.00 ×10 | basis=9173.20 Z=2.15
20:51:11 robot_arb INFO POSITION OPEN SHORT_BASIS | A=98.28 ×100 | B=10156.00 ×10 | basis=9173.20 Z=2.15
20:51:11 robot_arb ERROR Main loop error: name '_send_telegram' is not defined
04:15:08 robot_arb INFO EXIT SIGNAL reason=profit_target | pnl=120.00 | limit sell 100 @ 98.32
04:15:08 orders_arb INFO 📄 PAPER ENTRY: sell 100 GAZP@RTSX @ 98.32 (LIMIT)
04:15:08 orders_arb INFO 📄 PAPER ENTRY: buy 10 GZU6@RTSX @ 10156.00 (MARKET)
04:15:08 strategy_arb INFO POSITION CLOSE SHORT | PnL=+40.00₽ | reason=profit_target | hold=444min
04:15:10 robot_arb INFO ⚠️ CHECK_ENTRY returned signal: {'action': 'entry', 'side': 'long_basis', 'z': -4.898979485566919, 'basis': 9172.0, 'price_a': 98.4, 'price_b': 10156.0}
04:15:10 robot_arb INFO ENTRY SIGNAL long_basis | Z=-4.90 basis=9172.00 | A=98.40 B=10156.00 | limit sell 100 @ 98.32
04:15:10 orders_arb INFO 📄 PAPER ENTRY: sell 100 GAZP@RTSX @ 98.32 (LIMIT)
04:15:10 orders_arb INFO 📄 PAPER ENTRY: buy 10 GZU6@RTSX @ 10156.00 (MARKET)
04:15:10 strategy_arb INFO POSITION OPEN LONG basis | A=98.32 ×100 | B=10156.00 ×10 | basis=9172.80 Z=-4.90
04:15:10 robot_arb INFO POSITION OPEN LONG_BASIS | A=98.32 ×100 | B=10156.00 ×10 | basis=9172.00 Z=-4.90
04:15:10 robot_arb ERROR Main loop error: name '_send_telegram' is not defined
04:15:38 robot_arb INFO EXIT SIGNAL reason=profit_target | pnl=210.00 | limit buy 100 @ 98.20
04:15:38 orders_arb INFO 📄 PAPER ENTRY: buy 100 GAZP@RTSX @ 98.20 (LIMIT)
04:15:38 orders_arb INFO 📄 PAPER ENTRY: sell 10 GZU6@RTSX @ 10156.00 (MARKET)
04:15:38 strategy_arb INFO POSITION CLOSE LONG | PnL=+120.00₽ | reason=profit_target | hold=0min
04:16:35 robot_arb INFO ⚠️ CHECK_ENTRY returned signal: {'action': 'entry', 'side': 'short_basis', 'z': 4.639351776441399, 'basis': 9175.8, 'price_a': 98.02, 'price_b': 10156.0}
04:16:35 robot_arb INFO ENTRY SIGNAL short_basis | Z=4.64 basis=9175.80 | A=98.02 B=10156.00 | limit buy 100 @ 98.02
04:16:35 orders_arb INFO 📄 PAPER ENTRY: buy 100 GAZP@RTSX @ 98.02 (LIMIT)
04:16:35 orders_arb INFO 📄 PAPER ENTRY: sell 10 GZU6@RTSX @ 10156.00 (MARKET)
04:16:35 strategy_arb INFO POSITION OPEN SHORT basis | A=98.02 ×100 | B=10156.00 ×10 | basis=9175.80 Z=4.64
04:16:35 robot_arb INFO POSITION OPEN SHORT_BASIS | A=98.02 ×100 | B=10156.00 ×10 | basis=9175.80 Z=4.64
04:16:35 robot_arb ERROR Main loop error: name '_send_telegram' is not defined
04:17:51 robot_arb INFO EXIT SIGNAL reason=profit_target | pnl=20.00 | limit sell 100 @ 98.03
04:17:51 orders_arb INFO 📄 PAPER ENTRY: sell 100 GAZP@RTSX @ 98.03 (LIMIT)
04:17:51 orders_arb INFO 📄 PAPER ENTRY: buy 10 GZU6@RTSX @ 10156.00 (MARKET)
04:17:51 strategy_arb INFO POSITION CLOSE SHORT | PnL=+10.00₽ | reason=profit_target | hold=1min
04:18:03 robot_arb INFO ⚠️ CHECK_ENTRY returned signal: {'action': 'entry', 'side': 'long_basis', 'z': -2.048493628668707, 'basis': 9175.0, 'price_a': 98.1, 'price_b': 10156.0}
04:18:03 robot_arb INFO ENTRY SIGNAL long_basis | Z=-2.05 basis=9175.00 | A=98.10 B=10156.00 | limit sell 100 @ 98.04
04:18:03 orders_arb INFO 📄 PAPER ENTRY: sell 100 GAZP@RTSX @ 98.04 (LIMIT)
04:18:03 orders_arb INFO 📄 PAPER ENTRY: buy 10 GZU6@RTSX @ 10156.00 (MARKET)
04:18:03 strategy_arb INFO POSITION OPEN LONG basis | A=98.04 ×100 | B=10156.00 ×10 | basis=9175.60 Z=-2.05
04:18:03 robot_arb INFO POSITION OPEN LONG_BASIS | A=98.04 ×100 | B=10156.00 ×10 | basis=9175.00 Z=-2.05
04:18:03 robot_arb ERROR Main loop error: name '_send_telegram' is not defined
04:37:28 robot_arb INFO EXIT SIGNAL reason=profit_target | pnl=90.00 | limit buy 100 @ 97.93
04:37:28 orders_arb INFO 📄 PAPER ENTRY: buy 100 GAZP@RTSX @ 97.93 (LIMIT)
04:37:28 orders_arb INFO 📄 PAPER ENTRY: sell 10 GZU6@RTSX @ 10156.00 (MARKET)
04:37:28 strategy_arb INFO POSITION CLOSE LONG | PnL=+110.00₽ | reason=profit_target | hold=19min
04:37:30 robot_arb INFO ⚠️ CHECK_ENTRY returned signal: {'action': 'entry', 'side': 'short_basis', 'z': 3.197815865813569, 'basis': 9176.5, 'price_a': 97.95, 'price_b': 10156.0}
04:37:30 robot_arb INFO ENTRY SIGNAL short_basis | Z=3.20 basis=9176.50 | A=97.95 B=10156.00 | limit buy 100 @ 97.93
04:37:30 orders_arb INFO 📄 PAPER ENTRY: buy 100 GAZP@RTSX @ 97.93 (LIMIT)
04:37:30 orders_arb INFO 📄 PAPER ENTRY: sell 10 GZU6@RTSX @ 10156.00 (MARKET)
04:37:30 strategy_arb INFO POSITION OPEN SHORT basis | A=97.93 ×100 | B=10156.00 ×10 | basis=9176.70 Z=3.20
04:37:30 robot_arb INFO POSITION OPEN SHORT_BASIS | A=97.93 ×100 | B=10156.00 ×10 | basis=9176.50 Z=3.20
04:37:30 robot_arb ERROR Main loop error: name '_send_telegram' is not defined
04:38:57 robot_arb INFO EXIT SIGNAL reason=profit_target | pnl=30.00 | limit sell 100 @ 97.90
04:38:57 orders_arb INFO 📄 PAPER ENTRY: sell 100 GAZP@RTSX @ 97.90 (LIMIT)
04:38:57 orders_arb INFO 📄 PAPER ENTRY: buy 10 GZU6@RTSX @ 10156.00 (MARKET)
04:38:57 strategy_arb INFO POSITION CLOSE SHORT | PnL=-30.00₽ | reason=profit_target | hold=1min
04:38:59 robot_arb INFO ⚠️ CHECK_ENTRY returned signal: {'action': 'entry', 'side': 'long_basis', 'z': -2.0374587915523286, 'basis': 9176.4, 'price_a': 97.96, 'price_b': 10156.0}
04:38:59 robot_arb INFO ENTRY SIGNAL long_basis | Z=-2.04 basis=9176.40 | A=97.96 B=10156.00 | limit sell 100 @ 97.90
04:38:59 orders_arb INFO 📄 PAPER ENTRY: sell 100 GAZP@RTSX @ 97.90 (LIMIT)
04:38:59 orders_arb INFO 📄 PAPER ENTRY: buy 10 GZU6@RTSX @ 10156.00 (MARKET)
04:38:59 strategy_arb INFO POSITION OPEN LONG basis | A=97.90 ×100 | B=10156.00 ×10 | basis=9177.00 Z=-2.04
04:38:59 robot_arb INFO POSITION OPEN LONG_BASIS | A=97.90 ×100 | B=10156.00 ×10 | basis=9176.40 Z=-2.04
04:38:59 robot_arb ERROR Main loop error: name '_send_telegram' is not defined
04:45:13 robot_arb INFO EXIT SIGNAL reason=profit_target | pnl=30.00 | limit buy 100 @ 97.87
04:45:13 orders_arb INFO 📄 PAPER ENTRY: buy 100 GAZP@RTSX @ 97.87 (LIMIT)
04:45:13 orders_arb INFO 📄 PAPER ENTRY: sell 10 GZU6@RTSX @ 10156.00 (MARKET)
04:45:13 strategy_arb INFO POSITION CLOSE LONG | PnL=+30.00₽ | reason=profit_target | hold=6min
04:45:15 robot_arb INFO ⚠️ CHECK_ENTRY returned signal: {'action': 'entry', 'side': 'short_basis', 'z': 3.2382223398085466, 'basis': 9177.3, 'price_a': 97.87, 'price_b': 10156.0}
04:45:15 robot_arb INFO ENTRY SIGNAL short_basis | Z=3.24 basis=9177.30 | A=97.87 B=10156.00 | limit buy 100 @ 97.87
04:45:15 orders_arb INFO 📄 PAPER ENTRY: buy 100 GAZP@RTSX @ 97.87 (LIMIT)
04:45:15 orders_arb INFO 📄 PAPER ENTRY: sell 10 GZU6@RTSX @ 10156.00 (MARKET)
04:45:15 strategy_arb INFO POSITION OPEN SHORT basis | A=97.87 ×100 | B=10156.00 ×10 | basis=9177.30 Z=3.24
04:45:15 robot_arb INFO POSITION OPEN SHORT_BASIS | A=97.87 ×100 | B=10156.00 ×10 | basis=9177.30 Z=3.24
04:45:15 robot_arb ERROR Main loop error: name '_send_telegram' is not defined
04:48:24 robot_arb INFO EXIT SIGNAL reason=profit_target | pnl=40.00 | limit sell 100 @ 97.86
04:48:24 orders_arb INFO 📄 PAPER ENTRY: sell 100 GAZP@RTSX @ 97.86 (LIMIT)
04:48:24 orders_arb INFO 📄 PAPER ENTRY: buy 10 GZU6@RTSX @ 10156.00 (MARKET)
04:48:24 strategy_arb INFO POSITION CLOSE SHORT | PnL=-10.00₽ | reason=profit_target | hold=3min
04:48:26 robot_arb INFO ⚠️ CHECK_ENTRY returned signal: {'action': 'entry', 'side': 'long_basis', 'z': -2.2990240024101753, 'basis': 9176.9, 'price_a': 97.91, 'price_b': 10156.0}
04:48:26 robot_arb INFO ENTRY SIGNAL long_basis | Z=-2.30 basis=9176.90 | A=97.91 B=10156.00 | limit sell 100 @ 97.86
04:48:26 orders_arb INFO 📄 PAPER ENTRY: sell 100 GAZP@RTSX @ 97.86 (LIMIT)
04:48:26 orders_arb INFO 📄 PAPER ENTRY: buy 10 GZU6@RTSX @ 10156.00 (MARKET)
04:48:26 strategy_arb INFO POSITION OPEN LONG basis | A=97.86 ×100 | B=10156.00 ×10 | basis=9177.40 Z=-2.30
04:48:26 robot_arb INFO POSITION OPEN LONG_BASIS | A=97.86 ×100 | B=10156.00 ×10 | basis=9176.90 Z=-2.30
04:48:26 robot_arb ERROR Main loop error: name '_send_telegram' is not defined
04:54:06 robot_arb INFO EXIT SIGNAL reason=profit_target | pnl=60.00 | limit buy 100 @ 97.86
04:54:06 orders_arb INFO 📄 PAPER ENTRY: buy 100 GAZP@RTSX @ 97.86 (LIMIT)
04:54:06 orders_arb INFO 📄 PAPER ENTRY: sell 10 GZU6@RTSX @ 10156.00 (MARKET)
04:54:06 strategy_arb INFO POSITION CLOSE LONG | PnL=+0.00₽ | reason=profit_target | hold=6min
04:54:08 robot_arb INFO ⚠️ CHECK_ENTRY returned signal: {'action': 'entry', 'side': 'short_basis', 'z': 2.8474455266063043, 'basis': 9178.0, 'price_a': 97.8, 'price_b': 10156.0}
04:54:08 robot_arb INFO ENTRY SIGNAL short_basis | Z=2.85 basis=9178.00 | A=97.80 B=10156.00 | limit buy 100 @ 97.86
04:54:08 orders_arb INFO 📄 PAPER ENTRY: buy 100 GAZP@RTSX @ 97.86 (LIMIT)
04:54:08 orders_arb INFO 📄 PAPER ENTRY: sell 10 GZU6@RTSX @ 10156.00 (MARKET)
04:54:08 strategy_arb INFO POSITION OPEN SHORT basis | A=97.86 ×100 | B=10156.00 ×10 | basis=9177.40 Z=2.85
04:54:08 robot_arb INFO POSITION OPEN SHORT_BASIS | A=97.86 ×100 | B=10156.00 ×10 | basis=9178.00 Z=2.85
04:54:08 robot_arb ERROR Main loop error: name '_send_telegram' is not defined
05:12:58 robot_arb INFO EXIT SIGNAL reason=profit_target | pnl=30.00 | limit sell 100 @ 97.86
05:12:58 orders_arb INFO 📄 PAPER ENTRY: sell 100 GAZP@RTSX @ 97.86 (LIMIT)
05:12:58 orders_arb INFO 📄 PAPER ENTRY: buy 10 GZU6@RTSX @ 10156.00 (MARKET)
05:12:58 strategy_arb INFO POSITION CLOSE SHORT | PnL=+0.00₽ | reason=profit_target | hold=19min
05:14:08 robot_arb INFO ⚠️ CHECK_ENTRY returned signal: {'action': 'entry', 'side': 'long_basis', 'z': -2.2248699837130377, 'basis': 9177.0, 'price_a': 97.9, 'price_b': 10156.0}
05:14:08 robot_arb INFO ENTRY SIGNAL long_basis | Z=-2.22 basis=9177.00 | A=97.90 B=10156.00 | limit sell 100 @ 97.85
05:14:08 orders_arb INFO 📄 PAPER ENTRY: sell 100 GAZP@RTSX @ 97.85 (LIMIT)
05:14:08 orders_arb INFO 📄 PAPER ENTRY: buy 10 GZU6@RTSX @ 10156.00 (MARKET)
05:14:08 strategy_arb INFO POSITION OPEN LONG basis | A=97.85 ×100 | B=10156.00 ×10 | basis=9177.50 Z=-2.22
05:14:08 robot_arb INFO POSITION OPEN LONG_BASIS | A=97.85 ×100 | B=10156.00 ×10 | basis=9177.00 Z=-2.22
05:14:08 robot_arb ERROR Main loop error: name '_send_telegram' is not defined
05:22:47 robot_arb INFO EXIT SIGNAL reason=profit_target | pnl=30.00 | limit buy 100 @ 97.83
05:22:47 orders_arb INFO 📄 PAPER ENTRY: buy 100 GAZP@RTSX @ 97.83 (LIMIT)
05:22:47 orders_arb INFO 📄 PAPER ENTRY: sell 10 GZU6@RTSX @ 10156.00 (MARKET)
05:22:47 strategy_arb INFO POSITION CLOSE LONG | PnL=+20.00₽ | reason=profit_target | hold=9min
05:23:20 robot_arb INFO ⚠️ CHECK_ENTRY returned signal: {'action': 'entry', 'side': 'long_basis', 'z': -2.4659848095694485, 'basis': 9177.1, 'price_a': 97.89, 'price_b': 10156.0}
05:23:20 robot_arb INFO ENTRY SIGNAL long_basis | Z=-2.47 basis=9177.10 | A=97.89 B=10156.00 | limit sell 100 @ 97.87
05:23:20 orders_arb INFO 📄 PAPER ENTRY: sell 100 GAZP@RTSX @ 97.87 (LIMIT)
05:23:20 orders_arb INFO 📄 PAPER ENTRY: buy 10 GZU6@RTSX @ 10156.00 (MARKET)
05:23:20 strategy_arb INFO POSITION OPEN LONG basis | A=97.87 ×100 | B=10156.00 ×10 | basis=9177.30 Z=-2.47
05:23:20 robot_arb INFO POSITION OPEN LONG_BASIS | A=97.87 ×100 | B=10156.00 ×10 | basis=9177.10 Z=-2.47
05:23:20 robot_arb ERROR Main loop error: name '_send_telegram' is not defined
05:24:24 robot_arb INFO EXIT SIGNAL reason=profit_target | pnl=30.00 | limit buy 100 @ 97.85
05:24:24 orders_arb INFO 📄 PAPER ENTRY: buy 100 GAZP@RTSX @ 97.85 (LIMIT)
05:24:24 orders_arb INFO 📄 PAPER ENTRY: sell 10 GZU6@RTSX @ 10156.00 (MARKET)
05:24:24 strategy_arb INFO POSITION CLOSE LONG | PnL=+20.00₽ | reason=profit_target | hold=1min
05:24:26 robot_arb INFO ⚠️ CHECK_ENTRY returned signal: {'action': 'entry', 'side': 'short_basis', 'z': 3.958114029022443, 'basis': 9177.6, 'price_a': 97.84, 'price_b': 10156.0}
05:24:26 robot_arb INFO ENTRY SIGNAL short_basis | Z=3.96 basis=9177.60 | A=97.84 B=10156.00 | limit buy 100 @ 97.85
05:24:26 orders_arb INFO 📄 PAPER ENTRY: buy 100 GAZP@RTSX @ 97.85 (LIMIT)
05:24:26 orders_arb INFO 📄 PAPER ENTRY: sell 10 GZU6@RTSX @ 10156.00 (MARKET)
05:24:26 strategy_arb INFO POSITION OPEN SHORT basis | A=97.85 ×100 | B=10156.00 ×10 | basis=9177.50 Z=3.96
05:24:26 robot_arb INFO POSITION OPEN SHORT_BASIS | A=97.85 ×100 | B=10156.00 ×10 | basis=9177.60 Z=3.96
05:24:26 robot_arb ERROR Main loop error: name '_send_telegram' is not defined
05:39:01 robot_arb INFO EXIT SIGNAL reason=profit_target | pnl=60.00 | limit sell 100 @ 97.90
05:39:01 orders_arb INFO 📄 PAPER ENTRY: sell 100 GAZP@RTSX @ 97.90 (LIMIT)
05:39:01 orders_arb INFO 📄 PAPER ENTRY: buy 10 GZU6@RTSX @ 10156.00 (MARKET)
05:39:01 strategy_arb INFO POSITION CLOSE SHORT | PnL=+50.00₽ | reason=profit_target | hold=15min
05:39:03 robot_arb INFO ⚠️ CHECK_ENTRY returned signal: {'action': 'entry', 'side': 'long_basis', 'z': -4.8989794855713065, 'basis': 9176.9, 'price_a': 97.91, 'price_b': 10156.0}
05:39:03 robot_arb INFO ENTRY SIGNAL long_basis | Z=-4.90 basis=9176.90 | A=97.91 B=10156.00 | limit sell 100 @ 97.90
05:39:03 orders_arb INFO 📄 PAPER ENTRY: sell 100 GAZP@RTSX @ 97.90 (LIMIT)
05:39:03 orders_arb INFO 📄 PAPER ENTRY: buy 10 GZU6@RTSX @ 10156.00 (MARKET)
05:39:03 strategy_arb INFO POSITION OPEN LONG basis | A=97.90 ×100 | B=10156.00 ×10 | basis=9177.00 Z=-4.90
05:39:03 robot_arb INFO POSITION OPEN LONG_BASIS | A=97.90 ×100 | B=10156.00 ×10 | basis=9176.90 Z=-4.90
05:39:03 robot_arb ERROR Main loop error: name '_send_telegram' is not defined
05:40:30 robot_arb INFO EXIT SIGNAL reason=profit_target | pnl=30.00 | limit buy 100 @ 97.90
05:40:30 orders_arb INFO 📄 PAPER ENTRY: buy 100 GAZP@RTSX @ 97.90 (LIMIT)
05:40:30 orders_arb INFO 📄 PAPER ENTRY: sell 10 GZU6@RTSX @ 10156.00 (MARKET)
05:40:30 strategy_arb INFO POSITION CLOSE LONG | PnL=+0.00₽ | reason=profit_target | hold=1min
05:40:32 robot_arb INFO ⚠️ CHECK_ENTRY returned signal: {'action': 'entry', 'side': 'short_basis', 'z': 3.410715280306725, 'basis': 9177.3, 'price_a': 97.87, 'price_b': 10156.0}
05:40:32 robot_arb INFO ENTRY SIGNAL short_basis | Z=3.41 basis=9177.30 | A=97.87 B=10156.00 | limit buy 100 @ 97.90
05:40:32 orders_arb INFO 📄 PAPER ENTRY: buy 100 GAZP@RTSX @ 97.90 (LIMIT)
05:40:32 orders_arb INFO 📄 PAPER ENTRY: sell 10 GZU6@RTSX @ 10156.00 (MARKET)
05:40:32 strategy_arb INFO POSITION OPEN SHORT basis | A=97.90 ×100 | B=10156.00 ×10 | basis=9177.00 Z=3.41
05:40:32 robot_arb INFO POSITION OPEN SHORT_BASIS | A=97.90 ×100 | B=10156.00 ×10 | basis=9177.30 Z=3.41
05:40:32 robot_arb ERROR Main loop error: name '_send_telegram' is not defined
06:00:12 robot_arb INFO EXIT SIGNAL reason=profit_target | pnl=880.00 | limit sell 100 @ 97.29
06:00:12 orders_arb INFO 📄 PAPER ENTRY: sell 100 GAZP@RTSX @ 97.29 (LIMIT)
06:00:12 orders_arb INFO 📄 PAPER ENTRY: buy 10 GZU6@RTSX @ 10008.00 (MARKET)
06:00:12 strategy_arb INFO POSITION CLOSE SHORT | PnL=+870.00₽ | reason=profit_target | hold=20min
06:00:14 robot_arb INFO ⚠️ CHECK_ENTRY returned signal: {'action': 'entry', 'side': 'long_basis', 'z': -3.9581113303704427, 'basis': 9035.0, 'price_a': 97.3, 'price_b': 10008.0}
06:00:14 robot_arb INFO ENTRY SIGNAL long_basis | Z=-3.96 basis=9035.00 | A=97.30 B=10008.00 | limit sell 100 @ 97.29
06:00:14 orders_arb INFO 📄 PAPER ENTRY: sell 100 GAZP@RTSX @ 97.29 (LIMIT)
06:00:14 orders_arb INFO 📄 PAPER ENTRY: buy 10 GZU6@RTSX @ 10008.00 (MARKET)
06:00:14 strategy_arb INFO POSITION OPEN LONG basis | A=97.29 ×100 | B=10008.00 ×10 | basis=9035.10 Z=-3.96
06:00:14 robot_arb INFO POSITION OPEN LONG_BASIS | A=97.29 ×100 | B=10008.00 ×10 | basis=9035.00 Z=-3.96
06:00:14 robot_arb ERROR Main loop error: name '_send_telegram' is not defined
06:00:24 robot_arb INFO EXIT SIGNAL reason=profit_target | pnl=60.00 | limit buy 100 @ 97.30
06:00:24 orders_arb INFO 📄 PAPER ENTRY: buy 100 GAZP@RTSX @ 97.30 (LIMIT)
06:00:24 orders_arb INFO 📄 PAPER ENTRY: sell 10 GZU6@RTSX @ 10015.00 (MARKET)
06:00:24 strategy_arb INFO POSITION CLOSE LONG | PnL=+60.00₽ | reason=profit_target | hold=0min
06:01:04 robot_arb INFO ⚠️ CHECK_ENTRY returned signal: {'action': 'entry', 'side': 'short_basis', 'z': 3.859157337887643, 'basis': 9067.0, 'price_a': 97.3, 'price_b': 10040.0}
06:01:04 robot_arb INFO ENTRY SIGNAL short_basis | Z=3.86 basis=9067.00 | A=97.30 B=10040.00 | limit buy 100 @ 97.30
06:01:04 orders_arb INFO 📄 PAPER ENTRY: buy 100 GAZP@RTSX @ 97.30 (LIMIT)
06:01:04 orders_arb INFO 📄 PAPER ENTRY: sell 10 GZU6@RTSX @ 10040.00 (MARKET)
06:01:04 strategy_arb INFO POSITION OPEN SHORT basis | A=97.30 ×100 | B=10040.00 ×10 | basis=9067.00 Z=3.86
06:01:04 robot_arb INFO POSITION OPEN SHORT_BASIS | A=97.30 ×100 | B=10040.00 ×10 | basis=9067.00 Z=3.86
06:01:04 robot_arb ERROR Main loop error: name '_send_telegram' is not defined
06:16:59 robot_arb INFO EXIT SIGNAL reason=profit_target | pnl=50.00 | limit sell 100 @ 97.53
06:16:59 orders_arb INFO 📄 PAPER ENTRY: sell 100 GAZP@RTSX @ 97.53 (LIMIT)
06:16:59 orders_arb INFO 📄 PAPER ENTRY: buy 10 GZU6@RTSX @ 10060.00 (MARKET)
06:16:59 strategy_arb INFO POSITION CLOSE SHORT | PnL=+30.00₽ | reason=profit_target | hold=16min
06:17:01 robot_arb INFO ⚠️ CHECK_ENTRY returned signal: {'action': 'entry', 'side': 'long_basis', 'z': -2.589468873736574, 'basis': 9084.5, 'price_a': 97.55, 'price_b': 10060.0}
06:17:01 robot_arb INFO ENTRY SIGNAL long_basis | Z=-2.59 basis=9084.50 | A=97.55 B=10060.00 | limit sell 100 @ 97.53
06:17:01 orders_arb INFO 📄 PAPER ENTRY: sell 100 GAZP@RTSX @ 97.53 (LIMIT)
06:17:01 orders_arb INFO 📄 PAPER ENTRY: buy 10 GZU6@RTSX @ 10060.00 (MARKET)
06:17:01 strategy_arb INFO POSITION OPEN LONG basis | A=97.53 ×100 | B=10060.00 ×10 | basis=9084.70 Z=-2.59
06:17:01 robot_arb INFO POSITION OPEN LONG_BASIS | A=97.53 ×100 | B=10060.00 ×10 | basis=9084.50 Z=-2.59
06:17:01 robot_arb ERROR Main loop error: name '_send_telegram' is not defined
06:17:27 robot_arb INFO EXIT SIGNAL reason=profit_target | pnl=20.00 | limit buy 100 @ 97.51
06:17:27 orders_arb INFO 📄 PAPER ENTRY: buy 100 GAZP@RTSX @ 97.51 (LIMIT)
06:17:27 orders_arb INFO 📄 PAPER ENTRY: sell 10 GZU6@RTSX @ 10061.00 (MARKET)
06:17:27 strategy_arb INFO POSITION CLOSE LONG | PnL=+30.00₽ | reason=profit_target | hold=0min
06:17:45 robot_arb INFO ⚠️ CHECK_ENTRY returned signal: {'action': 'entry', 'side': 'short_basis', 'z': 2.5769532900507826, 'basis': 9087.3, 'price_a': 97.47, 'price_b': 10062.0}
06:17:45 robot_arb INFO ENTRY SIGNAL short_basis | Z=2.58 basis=9087.30 | A=97.47 B=10062.00 | limit buy 100 @ 97.51
06:17:45 orders_arb INFO 📄 PAPER ENTRY: buy 100 GAZP@RTSX @ 97.51 (LIMIT)
06:17:45 orders_arb INFO 📄 PAPER ENTRY: sell 10 GZU6@RTSX @ 10062.00 (MARKET)
06:17:45 strategy_arb INFO POSITION OPEN SHORT basis | A=97.51 ×100 | B=10062.00 ×10 | basis=9086.90 Z=2.58
06:17:45 robot_arb INFO POSITION OPEN SHORT_BASIS | A=97.51 ×100 | B=10062.00 ×10 | basis=9087.30 Z=2.58
06:17:45 robot_arb ERROR Main loop error: name '_send_telegram' is not defined
06:46:00 robot_arb INFO EXIT SIGNAL reason=profit_target | pnl=50.00 | limit sell 100 @ 97.28
06:46:00 orders_arb INFO 📄 PAPER ENTRY: sell 100 GAZP@RTSX @ 97.28 (LIMIT)
06:46:00 orders_arb INFO 📄 PAPER ENTRY: buy 10 GZU6@RTSX @ 10034.00 (MARKET)
06:46:00 strategy_arb INFO POSITION CLOSE SHORT | PnL=+50.00₽ | reason=profit_target | hold=28min
06:46:02 robot_arb INFO ⚠️ CHECK_ENTRY returned signal: {'action': 'entry', 'side': 'long_basis', 'z': -3.2281694085178243, 'basis': 9061.2, 'price_a': 97.28, 'price_b': 10034.0}
06:46:02 robot_arb INFO ENTRY SIGNAL long_basis | Z=-3.23 basis=9061.20 | A=97.28 B=10034.00 | limit sell 100 @ 97.28
06:46:02 orders_arb INFO 📄 PAPER ENTRY: sell 100 GAZP@RTSX @ 97.28 (LIMIT)
06:46:02 orders_arb INFO 📄 PAPER ENTRY: buy 10 GZU6@RTSX @ 10034.00 (MARKET)
06:46:02 strategy_arb INFO POSITION OPEN LONG basis | A=97.28 ×100 | B=10034.00 ×10 | basis=9061.20 Z=-3.23
06:46:02 robot_arb INFO POSITION OPEN LONG_BASIS | A=97.28 ×100 | B=10034.00 ×10 | basis=9061.20 Z=-3.23
06:46:02 robot_arb ERROR Main loop error: name '_send_telegram' is not defined
06:46:09 robot_arb INFO EXIT SIGNAL reason=profit_target | pnl=190.00 | limit buy 100 @ 97.10
06:46:09 orders_arb INFO 📄 PAPER ENTRY: buy 100 GAZP@RTSX @ 97.10 (LIMIT)
06:46:09 orders_arb INFO 📄 PAPER ENTRY: sell 10 GZU6@RTSX @ 10034.00 (MARKET)
06:46:09 strategy_arb INFO POSITION CLOSE LONG | PnL=+180.00₽ | reason=profit_target | hold=0min
06:46:49 robot_arb INFO ⚠️ CHECK_ENTRY returned signal: {'action': 'entry', 'side': 'short_basis', 'z': 4.451470173653742, 'basis': 9070.8, 'price_a': 97.12, 'price_b': 10042.0}
06:46:49 robot_arb INFO ENTRY SIGNAL short_basis | Z=4.45 basis=9070.80 | A=97.12 B=10042.00 | limit buy 100 @ 97.16
06:46:49 orders_arb INFO 📄 PAPER ENTRY: buy 100 GAZP@RTSX @ 97.16 (LIMIT)
06:46:49 orders_arb INFO 📄 PAPER ENTRY: sell 10 GZU6@RTSX @ 10042.00 (MARKET)
06:46:49 strategy_arb INFO POSITION OPEN SHORT basis | A=97.16 ×100 | B=10042.00 ×10 | basis=9070.40 Z=4.45
06:46:49 robot_arb INFO POSITION OPEN SHORT_BASIS | A=97.16 ×100 | B=10042.00 ×10 | basis=9070.80 Z=4.45
06:46:49 robot_arb ERROR Main loop error: name '_send_telegram' is not defined
06:47:12 robot_arb INFO EXIT SIGNAL reason=profit_target | pnl=40.00 | limit sell 100 @ 97.15
06:47:12 orders_arb INFO 📄 PAPER ENTRY: sell 100 GAZP@RTSX @ 97.15 (LIMIT)
06:47:12 orders_arb INFO 📄 PAPER ENTRY: buy 10 GZU6@RTSX @ 10039.00 (MARKET)
06:47:12 strategy_arb INFO POSITION CLOSE SHORT | PnL=+20.00₽ | reason=profit_target | hold=0min
06:48:04 robot_arb INFO ⚠️ CHECK_ENTRY returned signal: {'action': 'entry', 'side': 'long_basis', 'z': -5.321064319306187, 'basis': 9063.9, 'price_a': 97.11, 'price_b': 10035.0}
06:48:04 robot_arb INFO ENTRY SIGNAL long_basis | Z=-5.32 basis=9063.90 | A=97.11 B=10035.00 | limit sell 100 @ 97.09
06:48:04 orders_arb INFO 📄 PAPER ENTRY: sell 100 GAZP@RTSX @ 97.09 (LIMIT)
06:48:04 orders_arb INFO 📄 PAPER ENTRY: buy 10 GZU6@RTSX @ 10035.00 (MARKET)
06:48:04 strategy_arb INFO POSITION OPEN LONG basis | A=97.09 ×100 | B=10035.00 ×10 | basis=9064.10 Z=-5.32
06:48:04 robot_arb INFO POSITION OPEN LONG_BASIS | A=97.09 ×100 | B=10035.00 ×10 | basis=9063.90 Z=-5.32
06:48:04 robot_arb ERROR Main loop error: name '_send_telegram' is not defined
06:48:10 robot_arb INFO EXIT SIGNAL reason=profit_target | pnl=20.00 | limit buy 100 @ 97.10
06:48:10 orders_arb INFO 📄 PAPER ENTRY: buy 100 GAZP@RTSX @ 97.10 (LIMIT)
06:48:10 orders_arb INFO 📄 PAPER ENTRY: sell 10 GZU6@RTSX @ 10035.00 (MARKET)
06:48:10 strategy_arb INFO POSITION CLOSE LONG | PnL=-10.00₽ | reason=profit_target | hold=0min
06:49:21 robot_arb INFO ⚠️ CHECK_ENTRY returned signal: {'action': 'entry', 'side': 'long_basis', 'z': -3.2595826288130576, 'basis': 9064.0, 'price_a': 97.1, 'price_b': 10035.0}
06:49:21 robot_arb INFO ENTRY SIGNAL long_basis | Z=-3.26 basis=9064.00 | A=97.10 B=10035.00 | limit sell 100 @ 97.10
06:49:21 orders_arb INFO 📄 PAPER ENTRY: sell 100 GAZP@RTSX @ 97.10 (LIMIT)
06:49:21 orders_arb INFO 📄 PAPER ENTRY: buy 10 GZU6@RTSX @ 10035.00 (MARKET)
06:49:21 strategy_arb INFO POSITION OPEN LONG basis | A=97.10 ×100 | B=10035.00 ×10 | basis=9064.00 Z=-3.26
06:49:21 robot_arb INFO POSITION OPEN LONG_BASIS | A=97.10 ×100 | B=10035.00 ×10 | basis=9064.00 Z=-3.26
06:49:21 robot_arb ERROR Main loop error: name '_send_telegram' is not defined
06:49:58 robot_arb INFO EXIT SIGNAL reason=profit_target | pnl=20.00 | limit buy 100 @ 97.11
06:49:58 orders_arb INFO 📄 PAPER ENTRY: buy 100 GAZP@RTSX @ 97.11 (LIMIT)
06:49:58 orders_arb INFO 📄 PAPER ENTRY: sell 10 GZU6@RTSX @ 10037.00 (MARKET)
06:49:58 strategy_arb INFO POSITION CLOSE LONG | PnL=+10.00₽ | reason=profit_target | hold=1min
06:50:07 robot_arb INFO ⚠️ CHECK_ENTRY returned signal: {'action': 'entry', 'side': 'short_basis', 'z': 2.2334494773505758, 'basis': 9066.9, 'price_a': 97.11, 'price_b': 10038.0}
06:50:07 robot_arb INFO ENTRY SIGNAL short_basis | Z=2.23 basis=9066.90 | A=97.11 B=10038.00 | limit buy 100 @ 97.11
06:50:07 orders_arb INFO 📄 PAPER ENTRY: buy 100 GAZP@RTSX @ 97.11 (LIMIT)
06:50:07 orders_arb INFO 📄 PAPER ENTRY: sell 10 GZU6@RTSX @ 10038.00 (MARKET)
06:50:07 strategy_arb INFO POSITION OPEN SHORT basis | A=97.11 ×100 | B=10038.00 ×10 | basis=9066.90 Z=2.23
06:50:07 robot_arb INFO POSITION OPEN SHORT_BASIS | A=97.11 ×100 | B=10038.00 ×10 | basis=9066.90 Z=2.23
06:50:07 robot_arb ERROR Main loop error: name '_send_telegram' is not defined
06:50:24 robot_arb INFO EXIT SIGNAL reason=profit_target | pnl=30.00 | limit sell 100 @ 97.10
06:50:24 orders_arb INFO 📄 PAPER ENTRY: sell 100 GAZP@RTSX @ 97.10 (LIMIT)
06:50:24 orders_arb INFO 📄 PAPER ENTRY: buy 10 GZU6@RTSX @ 10035.00 (MARKET)
06:50:24 strategy_arb INFO POSITION CLOSE SHORT | PnL=+20.00₽ | reason=profit_target | hold=0min
06:51:00 robot_arb INFO ⚠️ CHECK_ENTRY returned signal: {'action': 'entry', 'side': 'long_basis', 'z': -5.334177448037493, 'basis': 9053.5, 'price_a': 97.05, 'price_b': 10024.0}
06:51:00 robot_arb INFO ENTRY SIGNAL long_basis | Z=-5.33 basis=9053.50 | A=97.05 B=10024.00 | limit sell 100 @ 97.05
06:51:00 orders_arb INFO 📄 PAPER ENTRY: sell 100 GAZP@RTSX @ 97.05 (LIMIT)
06:51:00 orders_arb INFO 📄 PAPER ENTRY: buy 10 GZU6@RTSX @ 10024.00 (MARKET)
06:51:00 strategy_arb INFO POSITION OPEN LONG basis | A=97.05 ×100 | B=10024.00 ×10 | basis=9053.50 Z=-5.33
06:51:00 robot_arb INFO POSITION OPEN LONG_BASIS | A=97.05 ×100 | B=10024.00 ×10 | basis=9053.50 Z=-5.33
06:51:00 robot_arb ERROR Main loop error: name '_send_telegram' is not defined
06:51:02 robot_arb INFO EXIT SIGNAL reason=profit_target | pnl=50.00 | limit buy 100 @ 97.00
06:51:02 orders_arb INFO 📄 PAPER ENTRY: buy 100 GAZP@RTSX @ 97.00 (LIMIT)
06:51:02 orders_arb INFO 📄 PAPER ENTRY: sell 10 GZU6@RTSX @ 10024.00 (MARKET)
06:51:02 strategy_arb INFO POSITION CLOSE LONG | PnL=+50.00₽ | reason=profit_target | hold=0min
06:51:04 robot_arb INFO ⚠️ CHECK_ENTRY returned signal: {'action': 'entry', 'side': 'long_basis', 'z': -2.70982324712477, 'basis': 9054.0, 'price_a': 97.0, 'price_b': 10024.0}
06:51:04 robot_arb INFO ENTRY SIGNAL long_basis | Z=-2.71 basis=9054.00 | A=97.00 B=10024.00 | limit sell 100 @ 96.99
06:51:04 orders_arb INFO 📄 PAPER ENTRY: sell 100 GAZP@RTSX @ 96.99 (LIMIT)
06:51:04 orders_arb INFO 📄 PAPER ENTRY: buy 10 GZU6@RTSX @ 10024.00 (MARKET)
06:51:04 strategy_arb INFO POSITION OPEN LONG basis | A=96.99 ×100 | B=10024.00 ×10 | basis=9054.10 Z=-2.71
06:51:04 robot_arb INFO POSITION OPEN LONG_BASIS | A=96.99 ×100 | B=10024.00 ×10 | basis=9054.00 Z=-2.71
06:51:04 robot_arb ERROR Main loop error: name '_send_telegram' is not defined
06:52:17 robot_arb INFO EXIT SIGNAL reason=profit_target | pnl=40.00 | limit buy 100 @ 97.00
06:52:17 orders_arb INFO 📄 PAPER ENTRY: buy 100 GAZP@RTSX @ 97.00 (LIMIT)
06:52:17 orders_arb INFO 📄 PAPER ENTRY: sell 10 GZU6@RTSX @ 10028.00 (MARKET)
06:52:17 strategy_arb INFO POSITION CLOSE LONG | PnL=+30.00₽ | reason=profit_target | hold=1min
06:52:19 robot_arb INFO ⚠️ CHECK_ENTRY returned signal: {'action': 'entry', 'side': 'short_basis', 'z': 2.3442729329714127, 'basis': 9058.1, 'price_a': 96.99, 'price_b': 10028.0}
06:52:19 robot_arb INFO ENTRY SIGNAL short_basis | Z=2.34 basis=9058.10 | A=96.99 B=10028.00 | limit buy 100 @ 97.00
06:52:19 orders_arb INFO 📄 PAPER ENTRY: buy 100 GAZP@RTSX @ 97.00 (LIMIT)
06:52:19 orders_arb INFO 📄 PAPER ENTRY: sell 10 GZU6@RTSX @ 10028.00 (MARKET)
06:52:19 strategy_arb INFO POSITION OPEN SHORT basis | A=97.00 ×100 | B=10028.00 ×10 | basis=9058.00 Z=2.34
06:52:19 robot_arb INFO POSITION OPEN SHORT_BASIS | A=97.00 ×100 | B=10028.00 ×10 | basis=9058.10 Z=2.34
06:52:19 robot_arb ERROR Main loop error: name '_send_telegram' is not defined
06:52:33 robot_arb INFO EXIT SIGNAL reason=profit_target | pnl=20.00 | limit sell 100 @ 96.99
06:52:33 orders_arb INFO 📄 PAPER ENTRY: sell 100 GAZP@RTSX @ 96.99 (LIMIT)
06:52:33 orders_arb INFO 📄 PAPER ENTRY: buy 10 GZU6@RTSX @ 10026.00 (MARKET)
06:52:33 strategy_arb INFO POSITION CLOSE SHORT | PnL=+10.00₽ | reason=profit_target | hold=0min
06:53:37 robot_arb INFO ⚠️ CHECK_ENTRY returned signal: {'action': 'entry', 'side': 'short_basis', 'z': 2.274358618828012, 'basis': 9058.1, 'price_a': 96.99, 'price_b': 10028.0}
06:53:37 robot_arb INFO ENTRY SIGNAL short_basis | Z=2.27 basis=9058.10 | A=96.99 B=10028.00 | limit buy 100 @ 97.00
06:53:37 orders_arb INFO 📄 PAPER ENTRY: buy 100 GAZP@RTSX @ 97.00 (LIMIT)
06:53:37 orders_arb INFO 📄 PAPER ENTRY: sell 10 GZU6@RTSX @ 10028.00 (MARKET)
06:53:37 strategy_arb INFO POSITION OPEN SHORT basis | A=97.00 ×100 | B=10028.00 ×10 | basis=9058.00 Z=2.27
06:53:37 robot_arb INFO POSITION OPEN SHORT_BASIS | A=97.00 ×100 | B=10028.00 ×10 | basis=9058.10 Z=2.27
06:53:37 robot_arb ERROR Main loop error: name '_send_telegram' is not defined
06:53:45 robot_arb INFO EXIT SIGNAL reason=profit_target | pnl=40.00 | limit sell 100 @ 96.98
06:53:45 orders_arb INFO 📄 PAPER ENTRY: sell 100 GAZP@RTSX @ 96.98 (LIMIT)
06:53:45 orders_arb INFO 📄 PAPER ENTRY: buy 10 GZU6@RTSX @ 10024.00 (MARKET)
06:53:45 strategy_arb INFO POSITION CLOSE SHORT | PnL=+20.00₽ | reason=profit_target | hold=0min
06:54:20 robot_arb INFO ⚠️ CHECK_ENTRY returned signal: {'action': 'entry', 'side': 'short_basis', 'z': 2.4733633841816838, 'basis': 9060.0, 'price_a': 97.0, 'price_b': 10030.0}
06:54:20 robot_arb INFO ENTRY SIGNAL short_basis | Z=2.47 basis=9060.00 | A=97.00 B=10030.00 | limit buy 100 @ 97.00
06:54:20 orders_arb INFO 📄 PAPER ENTRY: buy 100 GAZP@RTSX @ 97.00 (LIMIT)
06:54:20 orders_arb INFO 📄 PAPER ENTRY: sell 10 GZU6@RTSX @ 10030.00 (MARKET)
06:54:20 strategy_arb INFO POSITION OPEN SHORT basis | A=97.00 ×100 | B=10030.00 ×10 | basis=9060.00 Z=2.47
06:54:20 robot_arb INFO POSITION OPEN SHORT_BASIS | A=97.00 ×100 | B=10030.00 ×10 | basis=9060.00 Z=2.47
06:54:20 robot_arb ERROR Main loop error: name '_send_telegram' is not defined
06:54:27 robot_arb INFO EXIT SIGNAL reason=profit_target | pnl=20.00 | limit sell 100 @ 96.99
06:54:27 orders_arb INFO 📄 PAPER ENTRY: sell 100 GAZP@RTSX @ 96.99 (LIMIT)
06:54:27 orders_arb INFO 📄 PAPER ENTRY: buy 10 GZU6@RTSX @ 10028.00 (MARKET)
06:54:27 strategy_arb INFO POSITION CLOSE SHORT | PnL=+10.00₽ | reason=profit_target | hold=0min
06:54:36 robot_arb INFO ⚠️ CHECK_ENTRY returned signal: {'action': 'entry', 'side': 'short_basis', 'z': 5.5691101183589105, 'basis': 9068.0, 'price_a': 97.1, 'price_b': 10039.0}
06:54:36 robot_arb INFO ENTRY SIGNAL short_basis | Z=5.57 basis=9068.00 | A=97.10 B=10039.00 | limit buy 100 @ 97.10
06:54:36 orders_arb INFO 📄 PAPER ENTRY: buy 100 GAZP@RTSX @ 97.10 (LIMIT)
06:54:36 orders_arb INFO 📄 PAPER ENTRY: sell 10 GZU6@RTSX @ 10039.00 (MARKET)
06:54:36 strategy_arb INFO POSITION OPEN SHORT basis | A=97.10 ×100 | B=10039.00 ×10 | basis=9068.00 Z=5.57
06:54:36 robot_arb INFO POSITION OPEN SHORT_BASIS | A=97.10 ×100 | B=10039.00 ×10 | basis=9068.00 Z=5.57
06:54:36 robot_arb ERROR Main loop error: name '_send_telegram' is not defined
06:54:40 robot_arb INFO EXIT SIGNAL reason=profit_target | pnl=20.00 | limit sell 100 @ 97.11
06:54:40 orders_arb INFO 📄 PAPER ENTRY: sell 100 GAZP@RTSX @ 97.11 (LIMIT)
06:54:40 orders_arb INFO 📄 PAPER ENTRY: buy 10 GZU6@RTSX @ 10039.00 (MARKET)
06:54:40 strategy_arb INFO POSITION CLOSE SHORT | PnL=+10.00₽ | reason=profit_target | hold=0min
06:54:42 robot_arb INFO ⚠️ CHECK_ENTRY returned signal: {'action': 'entry', 'side': 'short_basis', 'z': 2.576636424552639, 'basis': 9067.8, 'price_a': 97.12, 'price_b': 10039.0}
06:54:42 robot_arb INFO ENTRY SIGNAL short_basis | Z=2.58 basis=9067.80 | A=97.12 B=10039.00 | limit buy 100 @ 97.12
06:54:42 orders_arb INFO 📄 PAPER ENTRY: buy 100 GAZP@RTSX @ 97.12 (LIMIT)
06:54:42 orders_arb INFO 📄 PAPER ENTRY: sell 10 GZU6@RTSX @ 10039.00 (MARKET)
06:54:42 strategy_arb INFO POSITION OPEN SHORT basis | A=97.12 ×100 | B=10039.00 ×10 | basis=9067.80 Z=2.58
06:54:42 robot_arb INFO POSITION OPEN SHORT_BASIS | A=97.12 ×100 | B=10039.00 ×10 | basis=9067.80 Z=2.58
06:54:42 robot_arb ERROR Main loop error: name '_send_telegram' is not defined
06:55:33 robot_arb INFO EXIT SIGNAL reason=profit_target | pnl=70.00 | limit sell 100 @ 97.07
06:55:33 orders_arb INFO 📄 PAPER ENTRY: sell 100 GAZP@RTSX @ 97.07 (LIMIT)
06:55:33 orders_arb INFO 📄 PAPER ENTRY: buy 10 GZU6@RTSX @ 10030.00 (MARKET)
06:55:33 strategy_arb INFO POSITION CLOSE SHORT | PnL=+40.00₽ | reason=profit_target | hold=1min
06:55:35 robot_arb INFO ⚠️ CHECK_ENTRY returned signal: {'action': 'entry', 'side': 'long_basis', 'z': -2.8370868693818596, 'basis': 9059.0, 'price_a': 97.1, 'price_b': 10030.0}
06:55:35 robot_arb INFO ENTRY SIGNAL long_basis | Z=-2.84 basis=9059.00 | A=97.10 B=10030.00 | limit sell 100 @ 97.07
06:55:35 orders_arb INFO 📄 PAPER ENTRY: sell 100 GAZP@RTSX @ 97.07 (LIMIT)
06:55:35 orders_arb INFO 📄 PAPER ENTRY: buy 10 GZU6@RTSX @ 10030.00 (MARKET)
06:55:35 strategy_arb INFO POSITION OPEN LONG basis | A=97.07 ×100 | B=10030.00 ×10 | basis=9059.30 Z=-2.84
06:55:35 robot_arb INFO POSITION OPEN LONG_BASIS | A=97.07 ×100 | B=10030.00 ×10 | basis=9059.00 Z=-2.84
06:55:35 robot_arb ERROR Main loop error: name '_send_telegram' is not defined
06:58:48 robot_arb INFO EXIT SIGNAL reason=profit_target | pnl=20.00 | limit buy 100 @ 96.84
06:58:48 orders_arb INFO 📄 PAPER ENTRY: buy 100 GAZP@RTSX @ 96.84 (LIMIT)
06:58:48 orders_arb INFO 📄 PAPER ENTRY: sell 10 GZU6@RTSX @ 10007.00 (MARKET)
06:58:48 strategy_arb INFO POSITION CLOSE LONG | PnL=-0.00₽ | reason=profit_target | hold=3min
06:59:07 robot_arb INFO ⚠️ CHECK_ENTRY returned signal: {'action': 'entry', 'side': 'short_basis', 'z': 3.637525559547927, 'basis': 9040.7, 'price_a': 96.83, 'price_b': 10009.0}
06:59:07 robot_arb INFO ENTRY SIGNAL short_basis | Z=3.64 basis=9040.70 | A=96.83 B=10009.00 | limit buy 100 @ 96.85
06:59:07 orders_arb INFO 📄 PAPER ENTRY: buy 100 GAZP@RTSX @ 96.85 (LIMIT)
06:59:07 orders_arb INFO 📄 PAPER ENTRY: sell 10 GZU6@RTSX @ 10009.00 (MARKET)
06:59:07 strategy_arb INFO POSITION OPEN SHORT basis | A=96.85 ×100 | B=10009.00 ×10 | basis=9040.50 Z=3.64
06:59:07 robot_arb INFO POSITION OPEN SHORT_BASIS | A=96.85 ×100 | B=10009.00 ×10 | basis=9040.70 Z=3.64
06:59:07 robot_arb ERROR Main loop error: name '_send_telegram' is not defined
06:59:51 robot_arb INFO EXIT SIGNAL reason=profit_target | pnl=50.00 | limit sell 100 @ 97.05
06:59:51 orders_arb INFO 📄 PAPER ENTRY: sell 100 GAZP@RTSX @ 97.05 (LIMIT)
06:59:51 orders_arb INFO 📄 PAPER ENTRY: buy 10 GZU6@RTSX @ 10024.00 (MARKET)
06:59:51 strategy_arb INFO POSITION CLOSE SHORT | PnL=+50.00₽ | reason=profit_target | hold=1min
06:59:54 robot_arb INFO ⚠️ CHECK_ENTRY returned signal: {'action': 'entry', 'side': 'short_basis', 'z': 2.5170154354153755, 'basis': 9060.5, 'price_a': 97.05, 'price_b': 10031.0}
06:59:54 robot_arb INFO ENTRY SIGNAL short_basis | Z=2.52 basis=9060.50 | A=97.05 B=10031.00 | limit buy 100 @ 97.06
06:59:54 orders_arb INFO 📄 PAPER ENTRY: buy 100 GAZP@RTSX @ 97.06 (LIMIT)
06:59:54 orders_arb INFO 📄 PAPER ENTRY: sell 10 GZU6@RTSX @ 10031.00 (MARKET)
06:59:54 strategy_arb INFO POSITION OPEN SHORT basis | A=97.06 ×100 | B=10031.00 ×10 | basis=9060.40 Z=2.52
06:59:54 robot_arb INFO POSITION OPEN SHORT_BASIS | A=97.06 ×100 | B=10031.00 ×10 | basis=9060.50 Z=2.52
06:59:54 robot_arb ERROR Main loop error: name '_send_telegram' is not defined
07:00:04 robot_arb INFO EXIT SIGNAL reason=profit_target | pnl=30.00 | limit sell 100 @ 97.05
07:00:04 orders_arb INFO 📄 PAPER ENTRY: sell 100 GAZP@RTSX @ 97.05 (LIMIT)
07:00:04 orders_arb INFO 📄 PAPER ENTRY: buy 10 GZU6@RTSX @ 10027.00 (MARKET)
07:00:04 strategy_arb INFO POSITION CLOSE SHORT | PnL=+30.00₽ | reason=profit_target | hold=0min
07:00:53 robot_arb INFO ⚠️ CHECK_ENTRY returned signal: {'action': 'entry', 'side': 'short_basis', 'z': 5.790193891125172, 'basis': 9063.0, 'price_a': 97.1, 'price_b': 10034.0}
07:00:53 robot_arb INFO ENTRY SIGNAL short_basis | Z=5.79 basis=9063.00 | A=97.10 B=10034.00 | limit buy 100 @ 97.10
07:00:53 orders_arb INFO 📄 PAPER ENTRY: buy 100 GAZP@RTSX @ 97.10 (LIMIT)
07:00:53 orders_arb INFO 📄 PAPER ENTRY: sell 10 GZU6@RTSX @ 10034.00 (MARKET)
07:00:53 strategy_arb INFO POSITION OPEN SHORT basis | A=97.10 ×100 | B=10034.00 ×10 | basis=9063.00 Z=5.79
07:00:53 robot_arb INFO POSITION OPEN SHORT_BASIS | A=97.10 ×100 | B=10034.00 ×10 | basis=9063.00 Z=5.79
07:00:53 robot_arb ERROR Main loop error: name '_send_telegram' is not defined
07:01:04 robot_arb INFO EXIT SIGNAL reason=profit_target | pnl=40.00 | limit sell 100 @ 97.10
07:01:05 orders_arb INFO 📄 PAPER ENTRY: sell 100 GAZP@RTSX @ 97.10 (LIMIT)
07:01:05 orders_arb INFO 📄 PAPER ENTRY: buy 10 GZU6@RTSX @ 10030.00 (MARKET)
07:01:05 strategy_arb INFO POSITION CLOSE SHORT | PnL=+40.00₽ | reason=profit_target | hold=0min
07:01:14 robot_arb INFO ⚠️ CHECK_ENTRY returned signal: {'action': 'entry', 'side': 'short_basis', 'z': 2.6301941039657297, 'basis': 9067.0, 'price_a': 97.1, 'price_b': 10038.0}
07:01:14 robot_arb INFO ENTRY SIGNAL short_basis | Z=2.63 basis=9067.00 | A=97.10 B=10038.00 | limit buy 100 @ 97.10
07:01:14 orders_arb INFO 📄 PAPER ENTRY: buy 100 GAZP@RTSX @ 97.10 (LIMIT)
07:01:14 orders_arb INFO 📄 PAPER ENTRY: sell 10 GZU6@RTSX @ 10038.00 (MARKET)
07:01:14 strategy_arb INFO POSITION OPEN SHORT basis | A=97.10 ×100 | B=10038.00 ×10 | basis=9067.00 Z=2.63
07:01:14 robot_arb INFO POSITION OPEN SHORT_BASIS | A=97.10 ×100 | B=10038.00 ×10 | basis=9067.00 Z=2.63
07:01:14 robot_arb ERROR Main loop error: name '_send_telegram' is not defined
07:01:27 robot_arb INFO EXIT SIGNAL reason=profit_target | pnl=40.00 | limit sell 100 @ 97.15
07:01:27 orders_arb INFO 📄 PAPER ENTRY: sell 100 GAZP@RTSX @ 97.15 (LIMIT)
07:01:27 orders_arb INFO 📄 PAPER ENTRY: buy 10 GZU6@RTSX @ 10040.00 (MARKET)
07:01:27 strategy_arb INFO POSITION CLOSE SHORT | PnL=+30.00₽ | reason=profit_target | hold=0min
07:01:50 robot_arb INFO ⚠️ CHECK_ENTRY returned signal: {'action': 'entry', 'side': 'short_basis', 'z': 2.376121874278553, 'basis': 9075.3, 'price_a': 97.27, 'price_b': 10048.0}
07:01:50 robot_arb INFO ENTRY SIGNAL short_basis | Z=2.38 basis=9075.30 | A=97.27 B=10048.00 | limit buy 100 @ 97.28
07:01:50 orders_arb INFO 📄 PAPER ENTRY: buy 100 GAZP@RTSX @ 97.28 (LIMIT)
07:01:50 orders_arb INFO 📄 PAPER ENTRY: sell 10 GZU6@RTSX @ 10048.00 (MARKET)
07:01:50 strategy_arb INFO POSITION OPEN SHORT basis | A=97.28 ×100 | B=10048.00 ×10 | basis=9075.20 Z=2.38
07:01:50 robot_arb INFO POSITION OPEN SHORT_BASIS | A=97.28 ×100 | B=10048.00 ×10 | basis=9075.30 Z=2.38
07:01:50 robot_arb ERROR Main loop error: name '_send_telegram' is not defined
07:02:05 robot_arb INFO EXIT SIGNAL reason=profit_target | pnl=90.00 | limit sell 100 @ 97.33
07:02:05 orders_arb INFO 📄 PAPER ENTRY: sell 100 GAZP@RTSX @ 97.33 (LIMIT)
07:02:05 orders_arb INFO 📄 PAPER ENTRY: buy 10 GZU6@RTSX @ 10043.00 (MARKET)
07:02:05 strategy_arb INFO POSITION CLOSE SHORT | PnL=+100.00₽ | reason=profit_target | hold=0min
07:03:38 robot_arb INFO ⚠️ CHECK_ENTRY returned signal: {'action': 'entry', 'side': 'long_basis', 'z': -2.2924242606974503, 'basis': 9070.0, 'price_a': 97.2, 'price_b': 10042.0}
07:03:38 robot_arb INFO ENTRY SIGNAL long_basis | Z=-2.29 basis=9070.00 | A=97.20 B=10042.00 | limit sell 100 @ 97.18
07:03:38 orders_arb INFO 📄 PAPER ENTRY: sell 100 GAZP@RTSX @ 97.18 (LIMIT)
07:03:38 orders_arb INFO 📄 PAPER ENTRY: buy 10 GZU6@RTSX @ 10042.00 (MARKET)
07:03:38 strategy_arb INFO POSITION OPEN LONG basis | A=97.18 ×100 | B=10042.00 ×10 | basis=9070.20 Z=-2.29
07:03:38 robot_arb INFO POSITION OPEN LONG_BASIS | A=97.18 ×100 | B=10042.00 ×10 | basis=9070.00 Z=-2.29
07:03:38 robot_arb ERROR Main loop error: name '_send_telegram' is not defined
07:03:43 robot_arb INFO EXIT SIGNAL reason=profit_target | pnl=50.00 | limit buy 100 @ 97.17
07:03:43 orders_arb INFO 📄 PAPER ENTRY: buy 100 GAZP@RTSX @ 97.17 (LIMIT)
07:03:43 orders_arb INFO 📄 PAPER ENTRY: sell 10 GZU6@RTSX @ 10046.00 (MARKET)
07:03:43 strategy_arb INFO POSITION CLOSE LONG | PnL=+50.00₽ | reason=profit_target | hold=0min
07:03:57 robot_arb INFO ⚠️ CHECK_ENTRY returned signal: {'action': 'entry', 'side': 'long_basis', 'z': -2.4023298274191203, 'basis': 9070.4, 'price_a': 97.16, 'price_b': 10042.0}
07:03:57 robot_arb INFO ENTRY SIGNAL long_basis | Z=-2.40 basis=9070.40 | A=97.16 B=10042.00 | limit sell 100 @ 97.15
07:03:57 orders_arb INFO 📄 PAPER ENTRY: sell 100 GAZP@RTSX @ 97.15 (LIMIT)
07:03:57 orders_arb INFO 📄 PAPER ENTRY: buy 10 GZU6@RTSX @ 10042.00 (MARKET)
07:03:57 strategy_arb INFO POSITION OPEN LONG basis | A=97.15 ×100 | B=10042.00 ×10 | basis=9070.50 Z=-2.40
07:03:57 robot_arb INFO POSITION OPEN LONG_BASIS | A=97.15 ×100 | B=10042.00 ×10 | basis=9070.40 Z=-2.40
07:03:57 robot_arb ERROR Main loop error: name '_send_telegram' is not defined
07:04:33 robot_arb INFO EXIT SIGNAL reason=profit_target | pnl=160.00 | limit buy 100 @ 97.16
07:04:33 orders_arb INFO 📄 PAPER ENTRY: buy 100 GAZP@RTSX @ 97.16 (LIMIT)
07:04:33 orders_arb INFO 📄 PAPER ENTRY: sell 10 GZU6@RTSX @ 10059.00 (MARKET)
07:04:33 strategy_arb INFO POSITION CLOSE LONG | PnL=+160.00₽ | reason=profit_target | hold=1min
07:04:35 robot_arb INFO ⚠️ CHECK_ENTRY returned signal: {'action': 'entry', 'side': 'short_basis', 'z': 2.4893917545936324, 'basis': 9087.4, 'price_a': 97.16, 'price_b': 10059.0}
07:04:35 robot_arb INFO ENTRY SIGNAL short_basis | Z=2.49 basis=9087.40 | A=97.16 B=10059.00 | limit buy 100 @ 97.16
07:04:35 orders_arb INFO 📄 PAPER ENTRY: buy 100 GAZP@RTSX @ 97.16 (LIMIT)
07:04:35 orders_arb INFO 📄 PAPER ENTRY: sell 10 GZU6@RTSX @ 10059.00 (MARKET)
07:04:35 strategy_arb INFO POSITION OPEN SHORT basis | A=97.16 ×100 | B=10059.00 ×10 | basis=9087.40 Z=2.49
07:04:35 robot_arb INFO POSITION OPEN SHORT_BASIS | A=97.16 ×100 | B=10059.00 ×10 | basis=9087.40 Z=2.49
07:04:35 robot_arb ERROR Main loop error: name '_send_telegram' is not defined
07:04:39 robot_arb INFO EXIT SIGNAL reason=profit_target | pnl=20.00 | limit sell 100 @ 97.15
07:04:39 orders_arb INFO 📄 PAPER ENTRY: sell 100 GAZP@RTSX @ 97.15 (LIMIT)
07:04:39 orders_arb INFO 📄 PAPER ENTRY: buy 10 GZU6@RTSX @ 10057.00 (MARKET)
07:04:39 strategy_arb INFO POSITION CLOSE SHORT | PnL=+10.00₽ | reason=profit_target | hold=0min
07:06:03 robot_arb INFO ⚠️ CHECK_ENTRY returned signal: {'action': 'entry', 'side': 'short_basis', 'z': 3.1392177846560516, 'basis': 9088.6, 'price_a': 97.34, 'price_b': 10062.0}
07:06:03 robot_arb INFO ENTRY SIGNAL short_basis | Z=3.14 basis=9088.60 | A=97.34 B=10062.00 | limit buy 100 @ 97.34
07:06:03 orders_arb INFO 📄 PAPER ENTRY: buy 100 GAZP@RTSX @ 97.34 (LIMIT)
07:06:03 orders_arb INFO 📄 PAPER ENTRY: sell 10 GZU6@RTSX @ 10062.00 (MARKET)
07:06:03 strategy_arb INFO POSITION OPEN SHORT basis | A=97.34 ×100 | B=10062.00 ×10 | basis=9088.60 Z=3.14
07:06:03 robot_arb INFO POSITION OPEN SHORT_BASIS | A=97.34 ×100 | B=10062.00 ×10 | basis=9088.60 Z=3.14
07:06:03 robot_arb ERROR Main loop error: name '_send_telegram' is not defined
07:06:18 robot_arb INFO EXIT SIGNAL reason=profit_target | pnl=160.00 | limit sell 100 @ 97.31
07:06:18 orders_arb INFO 📄 PAPER ENTRY: sell 100 GAZP@RTSX @ 97.31 (LIMIT)
07:06:18 orders_arb INFO 📄 PAPER ENTRY: buy 10 GZU6@RTSX @ 10044.00 (MARKET)
07:06:18 strategy_arb INFO POSITION CLOSE SHORT | PnL=+150.00₽ | reason=profit_target | hold=0min
07:07:18 robot_arb INFO ⚠️ CHECK_ENTRY returned signal: {'action': 'entry', 'side': 'short_basis', 'z': 2.1500507024236266, 'basis': 9092.1, 'price_a': 97.39, 'price_b': 10066.0}
07:07:18 robot_arb INFO ENTRY SIGNAL short_basis | Z=2.15 basis=9092.10 | A=97.39 B=10066.00 | limit buy 100 @ 97.40
07:07:18 orders_arb INFO 📄 PAPER ENTRY: buy 100 GAZP@RTSX @ 97.40 (LIMIT)
07:07:18 orders_arb INFO 📄 PAPER ENTRY: sell 10 GZU6@RTSX @ 10066.00 (MARKET)
07:07:18 strategy_arb INFO POSITION OPEN SHORT basis | A=97.40 ×100 | B=10066.00 ×10 | basis=9092.00 Z=2.15
07:07:18 robot_arb INFO POSITION OPEN SHORT_BASIS | A=97.40 ×100 | B=10066.00 ×10 | basis=9092.10 Z=2.15
07:07:18 robot_arb ERROR Main loop error: name '_send_telegram' is not defined
07:07:28 robot_arb INFO EXIT SIGNAL reason=profit_target | pnl=80.00 | limit sell 100 @ 97.39
07:07:28 orders_arb INFO 📄 PAPER ENTRY: sell 100 GAZP@RTSX @ 97.39 (LIMIT)
07:07:28 orders_arb INFO 📄 PAPER ENTRY: buy 10 GZU6@RTSX @ 10058.00 (MARKET)
07:07:28 strategy_arb INFO POSITION CLOSE SHORT | PnL=+70.00₽ | reason=profit_target | hold=0min
07:09:59 robot_arb INFO ⚠️ CHECK_ENTRY returned signal: {'action': 'entry', 'side': 'long_basis', 'z': -2.2746207116056123, 'basis': 9087.4, 'price_a': 97.36, 'price_b': 10061.0}
07:09:59 robot_arb INFO ENTRY SIGNAL long_basis | Z=-2.27 basis=9087.40 | A=97.36 B=10061.00 | limit sell 100 @ 97.34
07:09:59 orders_arb INFO 📄 PAPER ENTRY: sell 100 GAZP@RTSX @ 97.34 (LIMIT)
07:09:59 orders_arb INFO 📄 PAPER ENTRY: buy 10 GZU6@RTSX @ 10061.00 (MARKET)
07:09:59 strategy_arb INFO POSITION OPEN LONG basis | A=97.34 ×100 | B=10061.00 ×10 | basis=9087.60 Z=-2.27
07:09:59 robot_arb INFO POSITION OPEN LONG_BASIS | A=97.34 ×100 | B=10061.00 ×10 | basis=9087.40 Z=-2.27
07:09:59 robot_arb ERROR Main loop error: name '_send_telegram' is not defined
07:10:37 robot_arb INFO EXIT SIGNAL reason=profit_target | pnl=30.00 | limit buy 100 @ 97.33
07:10:37 orders_arb INFO 📄 PAPER ENTRY: buy 100 GAZP@RTSX @ 97.33 (LIMIT)
07:10:37 orders_arb INFO 📄 PAPER ENTRY: sell 10 GZU6@RTSX @ 10063.00 (MARKET)
07:10:37 strategy_arb INFO POSITION CLOSE LONG | PnL=+30.00₽ | reason=profit_target | hold=1min
07:10:43 robot_arb INFO ⚠️ CHECK_ENTRY returned signal: {'action': 'entry', 'side': 'long_basis', 'z': -2.7371762558882935, 'basis': 9081.3, 'price_a': 97.37, 'price_b': 10055.0}
07:10:43 robot_arb INFO ENTRY SIGNAL long_basis | Z=-2.74 basis=9081.30 | A=97.37 B=10055.00 | limit sell 100 @ 97.36
07:10:43 orders_arb INFO 📄 PAPER ENTRY: sell 100 GAZP@RTSX @ 97.36 (LIMIT)
07:10:43 orders_arb INFO 📄 PAPER ENTRY: buy 10 GZU6@RTSX @ 10055.00 (MARKET)
07:10:43 strategy_arb INFO POSITION OPEN LONG basis | A=97.36 ×100 | B=10055.00 ×10 | basis=9081.40 Z=-2.74
07:10:43 robot_arb INFO POSITION OPEN LONG_BASIS | A=97.36 ×100 | B=10055.00 ×10 | basis=9081.30 Z=-2.74
07:10:43 robot_arb ERROR Main loop error: name '_send_telegram' is not defined
07:10:50 robot_arb INFO EXIT SIGNAL reason=profit_target | pnl=90.00 | limit buy 100 @ 97.27
07:10:50 orders_arb INFO 📄 PAPER ENTRY: buy 100 GAZP@RTSX @ 97.27 (LIMIT)
07:10:50 orders_arb INFO 📄 PAPER ENTRY: sell 10 GZU6@RTSX @ 10055.00 (MARKET)
07:10:50 strategy_arb INFO POSITION CLOSE LONG | PnL=+90.00₽ | reason=profit_target | hold=0min
07:10:57 robot_arb INFO ⚠️ CHECK_ENTRY returned signal: {'action': 'entry', 'side': 'long_basis', 'z': -2.615457754788462, 'basis': 9077.3, 'price_a': 97.27, 'price_b': 10050.0}
07:10:57 robot_arb INFO ENTRY SIGNAL long_basis | Z=-2.62 basis=9077.30 | A=97.27 B=10050.00 | limit sell 100 @ 97.26
07:10:57 orders_arb INFO 📄 PAPER ENTRY: sell 100 GAZP@RTSX @ 97.26 (LIMIT)
07:10:57 orders_arb INFO 📄 PAPER ENTRY: buy 10 GZU6@RTSX @ 10050.00 (MARKET)
07:10:57 strategy_arb INFO POSITION OPEN LONG basis | A=97.26 ×100 | B=10050.00 ×10 | basis=9077.40 Z=-2.62
07:10:57 robot_arb INFO POSITION OPEN LONG_BASIS | A=97.26 ×100 | B=10050.00 ×10 | basis=9077.30 Z=-2.62
07:10:57 robot_arb ERROR Main loop error: name '_send_telegram' is not defined
07:11:12 robot_arb INFO EXIT SIGNAL reason=profit_target | pnl=20.00 | limit buy 100 @ 97.37
07:11:12 orders_arb INFO 📄 PAPER ENTRY: buy 100 GAZP@RTSX @ 97.37 (LIMIT)
07:11:12 orders_arb INFO 📄 PAPER ENTRY: sell 10 GZU6@RTSX @ 10063.00 (MARKET)
07:11:12 strategy_arb INFO POSITION CLOSE LONG | PnL=+20.00₽ | reason=profit_target | hold=0min
07:12:13 robot_arb INFO ⚠️ CHECK_ENTRY returned signal: {'action': 'entry', 'side': 'long_basis', 'z': -2.541976872872154, 'basis': 9065.1, 'price_a': 97.09, 'price_b': 10036.0}
07:12:13 robot_arb INFO ENTRY SIGNAL long_basis | Z=-2.54 basis=9065.10 | A=97.09 B=10036.00 | limit sell 100 @ 97.09
07:12:13 orders_arb INFO 📄 PAPER ENTRY: sell 100 GAZP@RTSX @ 97.09 (LIMIT)
07:12:13 orders_arb INFO 📄 PAPER ENTRY: buy 10 GZU6@RTSX @ 10036.00 (MARKET)
07:12:13 strategy_arb INFO POSITION OPEN LONG basis | A=97.09 ×100 | B=10036.00 ×10 | basis=9065.10 Z=-2.54
07:12:13 robot_arb INFO POSITION OPEN LONG_BASIS | A=97.09 ×100 | B=10036.00 ×10 | basis=9065.10 Z=-2.54
07:12:13 robot_arb ERROR Main loop error: name '_send_telegram' is not defined
07:12:19 robot_arb INFO EXIT SIGNAL reason=profit_target | pnl=110.00 | limit buy 100 @ 97.00
07:12:19 orders_arb INFO 📄 PAPER ENTRY: buy 100 GAZP@RTSX @ 97.00 (LIMIT)
07:12:19 orders_arb INFO 📄 PAPER ENTRY: sell 10 GZU6@RTSX @ 10036.00 (MARKET)
07:12:19 strategy_arb INFO POSITION CLOSE LONG | PnL=+90.00₽ | reason=profit_target | hold=0min
07:13:31 robot_arb INFO ⚠️ CHECK_ENTRY returned signal: {'action': 'entry', 'side': 'short_basis', 'z': 2.623226107445222, 'basis': 9077.7, 'price_a': 97.23, 'price_b': 10050.0}
07:13:31 robot_arb INFO ENTRY SIGNAL short_basis | Z=2.62 basis=9077.70 | A=97.23 B=10050.00 | limit buy 100 @ 97.24
07:13:31 orders_arb INFO 📄 PAPER ENTRY: buy 100 GAZP@RTSX @ 97.24 (LIMIT)
07:13:31 orders_arb INFO 📄 PAPER ENTRY: sell 10 GZU6@RTSX @ 10050.00 (MARKET)
07:13:31 strategy_arb INFO POSITION OPEN SHORT basis | A=97.24 ×100 | B=10050.00 ×10 | basis=9077.60 Z=2.62
07:13:31 robot_arb INFO POSITION OPEN SHORT_BASIS | A=97.24 ×100 | B=10050.00 ×10 | basis=9077.70 Z=2.62
07:13:31 robot_arb ERROR Main loop error: name '_send_telegram' is not defined
07:13:43 robot_arb INFO EXIT SIGNAL reason=profit_target | pnl=30.00 | limit sell 100 @ 97.22
07:13:43 orders_arb INFO 📄 PAPER ENTRY: sell 100 GAZP@RTSX @ 97.22 (LIMIT)
07:13:43 orders_arb INFO 📄 PAPER ENTRY: buy 10 GZU6@RTSX @ 10046.00 (MARKET)
07:13:43 strategy_arb INFO POSITION CLOSE SHORT | PnL=+20.00₽ | reason=profit_target | hold=0min
07:13:51 robot_arb INFO ⚠️ CHECK_ENTRY returned signal: {'action': 'entry', 'side': 'long_basis', 'z': -3.7688684256220175, 'basis': 9055.7, 'price_a': 97.23, 'price_b': 10028.0}
07:13:51 robot_arb INFO ENTRY SIGNAL long_basis | Z=-3.77 basis=9055.70 | A=97.23 B=10028.00 | limit sell 100 @ 97.22
07:13:51 orders_arb INFO 📄 PAPER ENTRY: sell 100 GAZP@RTSX @ 97.22 (LIMIT)
07:13:51 orders_arb INFO 📄 PAPER ENTRY: buy 10 GZU6@RTSX @ 10028.00 (MARKET)
07:13:51 strategy_arb INFO POSITION OPEN LONG basis | A=97.22 ×100 | B=10028.00 ×10 | basis=9055.80 Z=-3.77
07:13:51 robot_arb INFO POSITION OPEN LONG_BASIS | A=97.22 ×100 | B=10028.00 ×10 | basis=9055.70 Z=-3.77
07:13:51 robot_arb ERROR Main loop error: name '_send_telegram' is not defined
07:13:56 robot_arb INFO EXIT SIGNAL reason=profit_target | pnl=170.00 | limit buy 100 @ 97.23
07:13:56 orders_arb INFO 📄 PAPER ENTRY: buy 100 GAZP@RTSX @ 97.23 (LIMIT)
07:13:56 orders_arb INFO 📄 PAPER ENTRY: sell 10 GZU6@RTSX @ 10046.00 (MARKET)
07:13:56 strategy_arb INFO POSITION CLOSE LONG | PnL=+170.00₽ | reason=profit_target | hold=0min
07:14:38 robot_arb INFO ⚠️ CHECK_ENTRY returned signal: {'action': 'entry', 'side': 'short_basis', 'z': 2.0491716211162108, 'basis': 9083.8, 'price_a': 97.32, 'price_b': 10057.0}
07:14:38 robot_arb INFO ENTRY SIGNAL short_basis | Z=2.05 basis=9083.80 | A=97.32 B=10057.00 | limit buy 100 @ 97.32
07:14:38 orders_arb INFO 📄 PAPER ENTRY: buy 100 GAZP@RTSX @ 97.32 (LIMIT)
07:14:38 orders_arb INFO 📄 PAPER ENTRY: sell 10 GZU6@RTSX @ 10057.00 (MARKET)
07:14:38 strategy_arb INFO POSITION OPEN SHORT basis | A=97.32 ×100 | B=10057.00 ×10 | basis=9083.80 Z=2.05
07:14:38 robot_arb INFO POSITION OPEN SHORT_BASIS | A=97.32 ×100 | B=10057.00 ×10 | basis=9083.80 Z=2.05
07:14:38 robot_arb ERROR Main loop error: name '_send_telegram' is not defined
07:15:13 robot_arb INFO EXIT SIGNAL reason=profit_target | pnl=130.00 | limit sell 100 @ 97.33
07:15:13 orders_arb INFO 📄 PAPER ENTRY: sell 100 GAZP@RTSX @ 97.33 (LIMIT)
07:15:13 orders_arb INFO 📄 PAPER ENTRY: buy 10 GZU6@RTSX @ 10046.00 (MARKET)
07:15:13 strategy_arb INFO POSITION CLOSE SHORT | PnL=+120.00₽ | reason=profit_target | hold=1min
07:15:35 robot_arb INFO ⚠️ CHECK_ENTRY returned signal: {'action': 'entry', 'side': 'long_basis', 'z': -2.495928232004853, 'basis': 9070.8, 'price_a': 97.22, 'price_b': 10043.0}
07:15:35 robot_arb INFO ENTRY SIGNAL long_basis | Z=-2.50 basis=9070.80 | A=97.22 B=10043.00 | limit sell 100 @ 97.22
07:15:35 orders_arb INFO 📄 PAPER ENTRY: sell 100 GAZP@RTSX @ 97.22 (LIMIT)
07:15:35 orders_arb INFO 📄 PAPER ENTRY: buy 10 GZU6@RTSX @ 10043.00 (MARKET)
07:15:35 strategy_arb INFO POSITION OPEN LONG basis | A=97.22 ×100 | B=10043.00 ×10 | basis=9070.80 Z=-2.50
07:15:35 robot_arb INFO POSITION OPEN LONG_BASIS | A=97.22 ×100 | B=10043.00 ×10 | basis=9070.80 Z=-2.50
07:15:35 robot_arb ERROR Main loop error: name '_send_telegram' is not defined
07:15:53 robot_arb INFO EXIT SIGNAL reason=profit_target | pnl=20.00 | limit buy 100 @ 97.24
07:15:53 orders_arb INFO 📄 PAPER ENTRY: buy 100 GAZP@RTSX @ 97.24 (LIMIT)
07:15:53 orders_arb INFO 📄 PAPER ENTRY: sell 10 GZU6@RTSX @ 10047.00 (MARKET)
07:15:53 strategy_arb INFO POSITION CLOSE LONG | PnL=+20.00₽ | reason=profit_target | hold=0min
07:16:46 robot_arb INFO ⚠️ CHECK_ENTRY returned signal: {'action': 'entry', 'side': 'short_basis', 'z': 2.1231013254893947, 'basis': 9087.6, 'price_a': 97.34, 'price_b': 10061.0}
07:16:46 robot_arb INFO ENTRY SIGNAL short_basis | Z=2.12 basis=9087.60 | A=97.34 B=10061.00 | limit buy 100 @ 97.35
07:16:46 orders_arb INFO 📄 PAPER ENTRY: buy 100 GAZP@RTSX @ 97.35 (LIMIT)
07:16:46 orders_arb INFO 📄 PAPER ENTRY: sell 10 GZU6@RTSX @ 10061.00 (MARKET)
07:16:46 strategy_arb INFO POSITION OPEN SHORT basis | A=97.35 ×100 | B=10061.00 ×10 | basis=9087.50 Z=2.12
07:16:46 robot_arb INFO POSITION OPEN SHORT_BASIS | A=97.35 ×100 | B=10061.00 ×10 | basis=9087.60 Z=2.12
07:16:46 robot_arb ERROR Main loop error: name '_send_telegram' is not defined
07:16:54 robot_arb INFO EXIT SIGNAL reason=profit_target | pnl=150.00 | limit sell 100 @ 97.48
07:16:54 orders_arb INFO 📄 PAPER ENTRY: sell 100 GAZP@RTSX @ 97.48 (LIMIT)
07:16:54 orders_arb INFO 📄 PAPER ENTRY: buy 10 GZU6@RTSX @ 10061.00 (MARKET)
07:16:54 strategy_arb INFO POSITION CLOSE SHORT | PnL=+130.00₽ | reason=profit_target | hold=0min
07:16:56 robot_arb INFO ⚠️ CHECK_ENTRY returned signal: {'action': 'entry', 'side': 'short_basis', 'z': 3.020968423749367, 'basis': 9100.0, 'price_a': 97.5, 'price_b': 10075.0}
07:16:56 robot_arb INFO ENTRY SIGNAL short_basis | Z=3.02 basis=9100.00 | A=97.50 B=10075.00 | limit buy 100 @ 97.50
07:16:56 orders_arb INFO 📄 PAPER ENTRY: buy 100 GAZP@RTSX @ 97.50 (LIMIT)
07:16:56 orders_arb INFO 📄 PAPER ENTRY: sell 10 GZU6@RTSX @ 10075.00 (MARKET)
07:16:56 strategy_arb INFO POSITION OPEN SHORT basis | A=97.50 ×100 | B=10075.00 ×10 | basis=9100.00 Z=3.02
07:16:56 robot_arb INFO POSITION OPEN SHORT_BASIS | A=97.50 ×100 | B=10075.00 ×10 | basis=9100.00 Z=3.02
07:16:56 robot_arb ERROR Main loop error: name '_send_telegram' is not defined
07:17:11 robot_arb INFO EXIT SIGNAL reason=profit_target | pnl=60.00 | limit sell 100 @ 97.42
07:17:11 orders_arb INFO 📄 PAPER ENTRY: sell 100 GAZP@RTSX @ 97.42 (LIMIT)
07:17:11 orders_arb INFO 📄 PAPER ENTRY: buy 10 GZU6@RTSX @ 10063.00 (MARKET)
07:17:11 strategy_arb INFO POSITION CLOSE SHORT | PnL=+40.00₽ | reason=profit_target | hold=0min
07:17:45 robot_arb INFO ⚠️ CHECK_ENTRY returned signal: {'action': 'entry', 'side': 'long_basis', 'z': -2.19252414230689, 'basis': 9079.9, 'price_a': 97.31, 'price_b': 10053.0}
07:17:45 robot_arb INFO ENTRY SIGNAL long_basis | Z=-2.19 basis=9079.90 | A=97.31 B=10053.00 | limit sell 100 @ 97.30
07:17:45 orders_arb INFO 📄 PAPER ENTRY: sell 100 GAZP@RTSX @ 97.30 (LIMIT)
07:17:45 orders_arb INFO 📄 PAPER ENTRY: buy 10 GZU6@RTSX @ 10053.00 (MARKET)
07:17:45 strategy_arb INFO POSITION OPEN LONG basis | A=97.30 ×100 | B=10053.00 ×10 | basis=9080.00 Z=-2.19
07:17:45 robot_arb INFO POSITION OPEN LONG_BASIS | A=97.30 ×100 | B=10053.00 ×10 | basis=9079.90 Z=-2.19
07:17:45 robot_arb ERROR Main loop error: name '_send_telegram' is not defined
07:18:18 robot_arb INFO EXIT SIGNAL reason=profit_target | pnl=30.00 | limit buy 100 @ 97.35
07:18:18 orders_arb INFO 📄 PAPER ENTRY: buy 100 GAZP@RTSX @ 97.35 (LIMIT)
07:18:18 orders_arb INFO 📄 PAPER ENTRY: sell 10 GZU6@RTSX @ 10060.00 (MARKET)
07:18:18 strategy_arb INFO POSITION CLOSE LONG | PnL=+20.00₽ | reason=profit_target | hold=1min
07:19:21 robot_arb INFO ⚠️ CHECK_ENTRY returned signal: {'action': 'entry', 'side': 'short_basis', 'z': 5.949434540491049, 'basis': 9101.3, 'price_a': 97.37, 'price_b': 10075.0}
07:19:21 robot_arb INFO ENTRY SIGNAL short_basis | Z=5.95 basis=9101.30 | A=97.37 B=10075.00 | limit buy 100 @ 97.37
07:19:21 orders_arb INFO 📄 PAPER ENTRY: buy 100 GAZP@RTSX @ 97.37 (LIMIT)
07:19:21 orders_arb INFO 📄 PAPER ENTRY: sell 10 GZU6@RTSX @ 10075.00 (MARKET)
07:19:21 strategy_arb INFO POSITION OPEN SHORT basis | A=97.37 ×100 | B=10075.00 ×10 | basis=9101.30 Z=5.95
07:19:21 robot_arb INFO POSITION OPEN SHORT_BASIS | A=97.37 ×100 | B=10075.00 ×10 | basis=9101.30 Z=5.95
07:19:21 robot_arb ERROR Main loop error: name '_send_telegram' is not defined
07:19:27 robot_arb INFO EXIT SIGNAL reason=profit_target | pnl=180.00 | limit sell 100 @ 97.38
07:19:27 orders_arb INFO 📄 PAPER ENTRY: sell 100 GAZP@RTSX @ 97.38 (LIMIT)
07:19:27 orders_arb INFO 📄 PAPER ENTRY: buy 10 GZU6@RTSX @ 10059.00 (MARKET)
07:19:27 strategy_arb INFO POSITION CLOSE SHORT | PnL=+170.00₽ | reason=profit_target | hold=0min
07:19:35 robot_arb INFO ⚠️ CHECK_ENTRY returned signal: {'action': 'entry', 'side': 'long_basis', 'z': -2.294015038670469, 'basis': 9073.2, 'price_a': 97.28, 'price_b': 10046.0}
07:19:35 robot_arb INFO ENTRY SIGNAL long_basis | Z=-2.29 basis=9073.20 | A=97.28 B=10046.00 | limit sell 100 @ 97.26
07:19:35 orders_arb INFO 📄 PAPER ENTRY: sell 100 GAZP@RTSX @ 97.26 (LIMIT)
07:19:35 orders_arb INFO 📄 PAPER ENTRY: buy 10 GZU6@RTSX @ 10046.00 (MARKET)
07:19:35 strategy_arb INFO POSITION OPEN LONG basis | A=97.26 ×100 | B=10046.00 ×10 | basis=9073.40 Z=-2.29
07:19:35 robot_arb INFO POSITION OPEN LONG_BASIS | A=97.26 ×100 | B=10046.00 ×10 | basis=9073.20 Z=-2.29
07:19:35 robot_arb ERROR Main loop error: name '_send_telegram' is not defined
07:19:41 robot_arb INFO EXIT SIGNAL reason=profit_target | pnl=70.00 | limit buy 100 @ 97.33
07:19:41 orders_arb INFO 📄 PAPER ENTRY: buy 100 GAZP@RTSX @ 97.33 (LIMIT)
07:19:41 orders_arb INFO 📄 PAPER ENTRY: sell 10 GZU6@RTSX @ 10059.00 (MARKET)
07:19:41 strategy_arb INFO POSITION CLOSE LONG | PnL=+60.00₽ | reason=profit_target | hold=0min
07:20:27 robot_arb INFO ⚠️ CHECK_ENTRY returned signal: {'action': 'entry', 'side': 'short_basis', 'z': 2.912550587909345, 'basis': 9092.5, 'price_a': 97.35, 'price_b': 10066.0}
07:20:27 robot_arb INFO ENTRY SIGNAL short_basis | Z=2.91 basis=9092.50 | A=97.35 B=10066.00 | limit buy 100 @ 97.37
07:20:27 orders_arb INFO 📄 PAPER ENTRY: buy 100 GAZP@RTSX @ 97.37 (LIMIT)
07:20:27 orders_arb INFO 📄 PAPER ENTRY: sell 10 GZU6@RTSX @ 10066.00 (MARKET)
07:20:27 strategy_arb INFO POSITION OPEN SHORT basis | A=97.37 ×100 | B=10066.00 ×10 | basis=9092.30 Z=2.91
07:20:27 robot_arb INFO POSITION OPEN SHORT_BASIS | A=97.37 ×100 | B=10066.00 ×10 | basis=9092.50 Z=2.91
07:20:27 robot_arb ERROR Main loop error: name '_send_telegram' is not defined
07:20:33 robot_arb INFO EXIT SIGNAL reason=profit_target | pnl=100.00 | limit sell 100 @ 97.36
07:20:33 orders_arb INFO 📄 PAPER ENTRY: sell 100 GAZP@RTSX @ 97.36 (LIMIT)
07:20:33 orders_arb INFO 📄 PAPER ENTRY: buy 10 GZU6@RTSX @ 10056.00 (MARKET)
07:20:33 strategy_arb INFO POSITION CLOSE SHORT | PnL=+90.00₽ | reason=profit_target | hold=0min
07:20:37 robot_arb INFO Param updated: ticker_a = GAZP (was GAZP)
07:20:37 robot_arb INFO Param updated: symbol_a = GAZP@RTSX (was GAZP@RTSX)
07:20:37 robot_arb INFO Param updated: ticker_b = GZU6 (was GZU6)
07:20:37 robot_arb INFO Param updated: symbol_b = GZU6@RTSX (was GZU6@RTSX)
07:20:37 robot_arb INFO Param updated: lots_a = 100 (was 100)
07:20:37 robot_arb INFO Param updated: lots_b = 10 (was 10)
07:20:37 robot_arb INFO Param updated: hedge_ratio = 10 (was 10)
07:20:37 robot_arb INFO Param updated: capital = 1000000 (was 1000000)
07:20:37 robot_arb INFO Param updated: entry_z = 2 (was 2)
07:20:37 robot_arb INFO Param updated: lookback = 50 (was 50)
07:20:37 robot_arb INFO Param updated: leg_a_timeout = 5 (was 5)
07:20:37 robot_arb INFO Param updated: min_fill_ratio = 0.5 (was 0.5)
07:20:37 robot_arb INFO Param updated: min_profit_type = rub (was rub)
07:20:37 robot_arb INFO Param updated: min_profit_value = 20 (was 20)
07:20:37 robot_arb INFO Param updated: risk_type = stop_loss_rub (was stop_loss_rub)
07:20:37 robot_arb INFO Param updated: risk_value = 5000 (was 5000)
07:20:39 robot_arb INFO ⚠️ CHECK_ENTRY returned signal: {'action': 'entry', 'side': 'long_basis', 'z': -2.3896063698294543, 'basis': 9075.6, 'price_a': 97.24, 'price_b': 10048.0}
07:20:39 robot_arb INFO ENTRY SIGNAL long_basis | Z=-2.39 basis=9075.60 | A=97.24 B=10048.00 | limit sell 100 @ 97.24
07:20:39 orders_arb INFO 📄 PAPER ENTRY: sell 100 GAZP@RTSX @ 97.24 (LIMIT)
07:20:39 orders_arb INFO 📄 PAPER ENTRY: buy 10 GZU6@RTSX @ 10048.00 (MARKET)
07:20:39 strategy_arb INFO POSITION OPEN LONG basis | A=97.24 ×100 | B=10048.00 ×10 | basis=9075.60 Z=-2.39
07:20:39 robot_arb INFO POSITION OPEN LONG_BASIS | A=97.24 ×100 | B=10048.00 ×10 | basis=9075.60 Z=-2.39
07:20:39 robot_arb ERROR Main loop error: name '_send_telegram' is not defined
07:21:20 robot_arb INFO EXIT SIGNAL reason=profit_target | pnl=120.00 | limit buy 100 @ 97.34
07:21:20 orders_arb INFO 📄 PAPER ENTRY: buy 100 GAZP@RTSX @ 97.34 (LIMIT)
07:21:20 orders_arb INFO 📄 PAPER ENTRY: sell 10 GZU6@RTSX @ 10069.00 (MARKET)
07:21:20 strategy_arb INFO POSITION CLOSE LONG | PnL=+110.00₽ | reason=profit_target | hold=1min
07:21:29 robot_arb INFO ⚠️ CHECK_ENTRY returned signal: {'action': 'entry', 'side': 'short_basis', 'z': 2.0716799310194247, 'basis': 9102.0, 'price_a': 97.3, 'price_b': 10075.0}
07:21:29 robot_arb INFO ENTRY SIGNAL short_basis | Z=2.07 basis=9102.00 | A=97.30 B=10075.00 | limit buy 100 @ 97.32
07:21:29 orders_arb INFO 📄 PAPER ENTRY: buy 100 GAZP@RTSX @ 97.32 (LIMIT)
07:21:29 orders_arb INFO 📄 PAPER ENTRY: sell 10 GZU6@RTSX @ 10075.00 (MARKET)
07:21:29 strategy_arb INFO POSITION OPEN SHORT basis | A=97.32 ×100 | B=10075.00 ×10 | basis=9101.80 Z=2.07
07:21:29 robot_arb INFO POSITION OPEN SHORT_BASIS | A=97.32 ×100 | B=10075.00 ×10 | basis=9102.00 Z=2.07
07:21:29 robot_arb ERROR Main loop error: name '_send_telegram' is not defined
07:21:32 robot_arb INFO EXIT SIGNAL reason=profit_target | pnl=190.00 | limit sell 100 @ 97.49
07:21:32 orders_arb INFO 📄 PAPER ENTRY: sell 100 GAZP@RTSX @ 97.49 (LIMIT)
07:21:32 orders_arb INFO 📄 PAPER ENTRY: buy 10 GZU6@RTSX @ 10075.00 (MARKET)
07:21:32 strategy_arb INFO POSITION CLOSE SHORT | PnL=+170.00₽ | reason=profit_target | hold=0min
07:21:39 robot_arb INFO ⚠️ CHECK_ENTRY returned signal: {'action': 'entry', 'side': 'short_basis', 'z': 2.0126634761094637, 'basis': 9106.5, 'price_a': 97.35, 'price_b': 10080.0}
07:21:39 robot_arb INFO ENTRY SIGNAL short_basis | Z=2.01 basis=9106.50 | A=97.35 B=10080.00 | limit buy 100 @ 97.36
07:21:39 orders_arb INFO 📄 PAPER ENTRY: buy 100 GAZP@RTSX @ 97.36 (LIMIT)
07:21:39 orders_arb INFO 📄 PAPER ENTRY: sell 10 GZU6@RTSX @ 10080.00 (MARKET)
07:21:39 strategy_arb INFO POSITION OPEN SHORT basis | A=97.36 ×100 | B=10080.00 ×10 | basis=9106.40 Z=2.01
07:21:39 robot_arb INFO POSITION OPEN SHORT_BASIS | A=97.36 ×100 | B=10080.00 ×10 | basis=9106.50 Z=2.01
07:21:39 robot_arb ERROR Main loop error: name '_send_telegram' is not defined
07:21:43 robot_arb INFO EXIT SIGNAL reason=profit_target | pnl=170.00 | limit sell 100 @ 97.51
07:21:43 orders_arb INFO 📄 PAPER ENTRY: sell 100 GAZP@RTSX @ 97.51 (LIMIT)
07:21:43 orders_arb INFO 📄 PAPER ENTRY: buy 10 GZU6@RTSX @ 10080.00 (MARKET)
07:21:43 strategy_arb INFO POSITION CLOSE SHORT | PnL=+150.00₽ | reason=profit_target | hold=0min
07:22:19 robot_arb INFO ⚠️ CHECK_ENTRY returned signal: {'action': 'entry', 'side': 'long_basis', 'z': -3.803339634427039, 'basis': 9086.3, 'price_a': 97.57, 'price_b': 10062.0}
07:22:19 robot_arb INFO ENTRY SIGNAL long_basis | Z=-3.80 basis=9086.30 | A=97.57 B=10062.00 | limit sell 100 @ 97.57
07:22:19 orders_arb INFO 📄 PAPER ENTRY: sell 100 GAZP@RTSX @ 97.57 (LIMIT)
07:22:19 orders_arb INFO 📄 PAPER ENTRY: buy 10 GZU6@RTSX @ 10062.00 (MARKET)
07:22:19 strategy_arb INFO POSITION OPEN LONG basis | A=97.57 ×100 | B=10062.00 ×10 | basis=9086.30 Z=-3.80
07:22:19 robot_arb INFO POSITION OPEN LONG_BASIS | A=97.57 ×100 | B=10062.00 ×10 | basis=9086.30 Z=-3.80
07:22:19 robot_arb ERROR Main loop error: name '_send_telegram' is not defined
07:22:26 robot_arb INFO EXIT SIGNAL reason=profit_target | pnl=180.00 | limit buy 100 @ 97.40
07:22:26 orders_arb INFO 📄 PAPER ENTRY: buy 100 GAZP@RTSX @ 97.40 (LIMIT)
07:22:26 orders_arb INFO 📄 PAPER ENTRY: sell 10 GZU6@RTSX @ 10062.00 (MARKET)
07:22:26 strategy_arb INFO POSITION CLOSE LONG | PnL=+170.00₽ | reason=profit_target | hold=0min
07:24:22 robot_arb INFO ⚠️ CHECK_ENTRY returned signal: {'action': 'entry', 'side': 'long_basis', 'z': -3.7907258768906886, 'basis': 9088.9, 'price_a': 97.51, 'price_b': 10064.0}
07:24:22 robot_arb INFO ENTRY SIGNAL long_basis | Z=-3.79 basis=9088.90 | A=97.51 B=10064.00 | limit sell 100 @ 97.48
07:24:22 orders_arb INFO 📄 PAPER ENTRY: sell 100 GAZP@RTSX @ 97.48 (LIMIT)
07:24:22 orders_arb INFO 📄 PAPER ENTRY: buy 10 GZU6@RTSX @ 10064.00 (MARKET)
07:24:22 strategy_arb INFO POSITION OPEN LONG basis | A=97.48 ×100 | B=10064.00 ×10 | basis=9089.20 Z=-3.79
07:24:22 robot_arb INFO POSITION OPEN LONG_BASIS | A=97.48 ×100 | B=10064.00 ×10 | basis=9088.90 Z=-3.79
07:24:22 robot_arb ERROR Main loop error: name '_send_telegram' is not defined
07:24:25 robot_arb INFO EXIT SIGNAL reason=profit_target | pnl=20.00 | limit buy 100 @ 97.47
07:24:25 orders_arb INFO 📄 PAPER ENTRY: buy 100 GAZP@RTSX @ 97.47 (LIMIT)
07:24:25 orders_arb INFO 📄 PAPER ENTRY: sell 10 GZU6@RTSX @ 10064.00 (MARKET)
07:24:25 strategy_arb INFO POSITION CLOSE LONG | PnL=+10.00₽ | reason=profit_target | hold=0min
07:24:27 robot_arb INFO ⚠️ CHECK_ENTRY returned signal: {'action': 'entry', 'side': 'long_basis', 'z': -2.1794562954202554, 'basis': 9089.4, 'price_a': 97.46, 'price_b': 10064.0}
07:24:27 robot_arb INFO ENTRY SIGNAL long_basis | Z=-2.18 basis=9089.40 | A=97.46 B=10064.00 | limit sell 100 @ 97.46
07:24:27 orders_arb INFO 📄 PAPER ENTRY: sell 100 GAZP@RTSX @ 97.46 (LIMIT)
07:24:27 orders_arb INFO 📄 PAPER ENTRY: buy 10 GZU6@RTSX @ 10064.00 (MARKET)
07:24:27 strategy_arb INFO POSITION OPEN LONG basis | A=97.46 ×100 | B=10064.00 ×10 | basis=9089.40 Z=-2.18
07:24:27 robot_arb INFO POSITION OPEN LONG_BASIS | A=97.46 ×100 | B=10064.00 ×10 | basis=9089.40 Z=-2.18
07:24:27 robot_arb ERROR Main loop error: name '_send_telegram' is not defined
07:24:30 robot_arb INFO EXIT SIGNAL reason=profit_target | pnl=30.00 | limit buy 100 @ 97.49
07:24:30 orders_arb INFO 📄 PAPER ENTRY: buy 100 GAZP@RTSX @ 97.49 (LIMIT)
07:24:30 orders_arb INFO 📄 PAPER ENTRY: sell 10 GZU6@RTSX @ 10068.00 (MARKET)
07:24:30 strategy_arb INFO POSITION CLOSE LONG | PnL=+10.00₽ | reason=profit_target | hold=0min
07:25:14 robot_arb INFO ⚠️ CHECK_ENTRY returned signal: {'action': 'entry', 'side': 'long_basis', 'z': -3.1947826580307632, 'basis': 9084.9, 'price_a': 97.41, 'price_b': 10059.0}
07:25:14 robot_arb INFO ENTRY SIGNAL long_basis | Z=-3.19 basis=9084.90 | A=97.41 B=10059.00 | limit sell 100 @ 97.40
07:25:14 orders_arb INFO 📄 PAPER ENTRY: sell 100 GAZP@RTSX @ 97.40 (LIMIT)
07:25:14 orders_arb INFO 📄 PAPER ENTRY: buy 10 GZU6@RTSX @ 10059.00 (MARKET)
07:25:14 strategy_arb INFO POSITION OPEN LONG basis | A=97.40 ×100 | B=10059.00 ×10 | basis=9085.00 Z=-3.19
07:25:14 robot_arb INFO POSITION OPEN LONG_BASIS | A=97.40 ×100 | B=10059.00 ×10 | basis=9084.90 Z=-3.19
07:25:14 robot_arb ERROR Main loop error: name '_send_telegram' is not defined
07:25:22 robot_arb INFO EXIT SIGNAL reason=profit_target | pnl=70.00 | limit buy 100 @ 97.33
07:25:22 orders_arb INFO 📄 PAPER ENTRY: buy 100 GAZP@RTSX @ 97.33 (LIMIT)
07:25:22 orders_arb INFO 📄 PAPER ENTRY: sell 10 GZU6@RTSX @ 10059.00 (MARKET)
07:25:22 strategy_arb INFO POSITION CLOSE LONG | PnL=+70.00₽ | reason=profit_target | hold=0min
07:25:24 robot_arb INFO ⚠️ CHECK_ENTRY returned signal: {'action': 'entry', 'side': 'long_basis', 'z': -2.912559379906401, 'basis': 9078.7, 'price_a': 97.33, 'price_b': 10052.0}
07:25:24 robot_arb INFO ENTRY SIGNAL long_basis | Z=-2.91 basis=9078.70 | A=97.33 B=10052.00 | limit sell 100 @ 97.31
07:25:24 orders_arb INFO 📄 PAPER ENTRY: sell 100 GAZP@RTSX @ 97.31 (LIMIT)
07:25:24 orders_arb INFO 📄 PAPER ENTRY: buy 10 GZU6@RTSX @ 10052.00 (MARKET)
07:25:24 strategy_arb INFO POSITION OPEN LONG basis | A=97.31 ×100 | B=10052.00 ×10 | basis=9078.90 Z=-2.91
07:25:24 robot_arb INFO POSITION OPEN LONG_BASIS | A=97.31 ×100 | B=10052.00 ×10 | basis=9078.70 Z=-2.91
07:25:24 robot_arb ERROR Main loop error: name '_send_telegram' is not defined
07:25:46 robot_arb INFO EXIT SIGNAL reason=profit_target | pnl=90.00 | limit buy 100 @ 97.36
07:25:46 orders_arb INFO 📄 PAPER ENTRY: buy 100 GAZP@RTSX @ 97.36 (LIMIT)
07:25:46 orders_arb INFO 📄 PAPER ENTRY: sell 10 GZU6@RTSX @ 10065.00 (MARKET)
07:25:46 strategy_arb INFO POSITION CLOSE LONG | PnL=+80.00₽ | reason=profit_target | hold=0min
07:27:03 robot_arb INFO Param updated: ticker_a = GAZP (was GAZP)
07:27:03 robot_arb INFO Param updated: symbol_a = GAZP@RTSX (was GAZP@RTSX)
07:27:03 robot_arb INFO Param updated: ticker_b = GZU6 (was GZU6)
07:27:03 robot_arb INFO Param updated: symbol_b = GZU6@RTSX (was GZU6@RTSX)
07:27:03 robot_arb INFO Param updated: lots_a = 100 (was 100)
07:27:03 robot_arb INFO Param updated: lots_b = 10 (was 10)
07:27:03 robot_arb INFO Param updated: hedge_ratio = 10 (was 10)
07:27:03 robot_arb INFO Param updated: capital = 1000000 (was 1000000)
07:27:03 robot_arb INFO Param updated: entry_z = 2 (was 2)
07:27:03 robot_arb INFO Param updated: lookback = 50 (was 50)
07:27:03 robot_arb INFO Param updated: leg_a_timeout = 5 (was 5)
07:27:03 robot_arb INFO Param updated: min_fill_ratio = 0.5 (was 0.5)
07:27:03 robot_arb INFO Param updated: min_profit_type = rub (was rub)
07:27:03 robot_arb INFO Param updated: min_profit_value = 20 (was 20)
07:27:03 robot_arb INFO Param updated: risk_type = stop_loss_rub (was stop_loss_rub)
07:27:03 robot_arb INFO Param updated: risk_value = 5000 (was 5000)
07:27:24 robot_arb INFO ⚠️ CHECK_ENTRY returned signal: {'action': 'entry', 'side': 'long_basis', 'z': -4.981310372215391, 'basis': 9056.3, 'price_a': 97.07, 'price_b': 10027.0}
07:27:24 robot_arb INFO ENTRY SIGNAL long_basis | Z=-4.98 basis=9056.30 | A=97.07 B=10027.00 | limit sell 100 @ 97.06
07:27:24 orders_arb INFO 📄 PAPER ENTRY: sell 100 GAZP@RTSX @ 97.06 (LIMIT)
07:27:24 orders_arb INFO 📄 PAPER ENTRY: buy 10 GZU6@RTSX @ 10027.00 (MARKET)
07:27:24 strategy_arb INFO POSITION OPEN LONG basis | A=97.06 ×100 | B=10027.00 ×10 | basis=9056.40 Z=-4.98
07:27:24 robot_arb INFO POSITION OPEN LONG_BASIS | A=97.06 ×100 | B=10027.00 ×10 | basis=9056.30 Z=-4.98
07:27:24 robot_arb ERROR Main loop error: name '_send_telegram' is not defined
07:27:42 robot_arb INFO EXIT SIGNAL reason=profit_target | pnl=70.00 | limit buy 100 @ 97.12
07:27:42 orders_arb INFO 📄 PAPER ENTRY: buy 100 GAZP@RTSX @ 97.12 (LIMIT)
07:27:42 orders_arb INFO 📄 PAPER ENTRY: sell 10 GZU6@RTSX @ 10039.00 (MARKET)
07:27:42 strategy_arb INFO POSITION CLOSE LONG | PnL=+60.00₽ | reason=profit_target | hold=0min
07:27:59 robot_arb INFO Param updated: ticker_a = GAZP (was GAZP)
07:27:59 robot_arb INFO Param updated: symbol_a = GAZP@RTSX (was GAZP@RTSX)
07:27:59 robot_arb INFO Param updated: ticker_b = GZU6 (was GZU6)
07:27:59 robot_arb INFO Param updated: symbol_b = GZU6@RTSX (was GZU6@RTSX)
07:27:59 robot_arb INFO Param updated: lots_a = 100 (was 100)
07:27:59 robot_arb INFO Param updated: lots_b = 10 (was 10)
07:27:59 robot_arb INFO Param updated: hedge_ratio = 10 (was 10)
07:27:59 robot_arb INFO Param updated: capital = 1000000 (was 1000000)
07:27:59 robot_arb INFO Param updated: entry_z = 2 (was 2)
07:27:59 robot_arb INFO Param updated: lookback = 50 (was 50)
07:27:59 robot_arb INFO Param updated: leg_a_timeout = 5 (was 5)
07:27:59 robot_arb INFO Param updated: min_fill_ratio = 0.5 (was 0.5)
07:27:59 robot_arb INFO Param updated: min_profit_type = rub (was rub)
07:27:59 robot_arb INFO Param updated: min_profit_value = 20 (was 20)
07:27:59 robot_arb INFO Param updated: risk_type = stop_loss_rub (was stop_loss_rub)
07:27:59 robot_arb INFO Param updated: risk_value = 5000 (was 5000)
07:28:18 robot_arb INFO ⚠️ CHECK_ENTRY returned signal: {'action': 'entry', 'side': 'short_basis', 'z': 2.069079044503957, 'basis': 9081.5, 'price_a': 97.15, 'price_b': 10053.0}
07:28:18 robot_arb INFO ENTRY SIGNAL short_basis | Z=2.07 basis=9081.50 | A=97.15 B=10053.00 | limit buy 100 @ 97.15
07:28:18 orders_arb INFO 📄 PAPER ENTRY: buy 100 GAZP@RTSX @ 97.15 (LIMIT)
07:28:18 orders_arb INFO 📄 PAPER ENTRY: sell 10 GZU6@RTSX @ 10053.00 (MARKET)
07:28:18 strategy_arb INFO POSITION OPEN SHORT basis | A=97.15 ×100 | B=10053.00 ×10 | basis=9081.50 Z=2.07
07:28:18 robot_arb INFO POSITION OPEN SHORT_BASIS | A=97.15 ×100 | B=10053.00 ×10 | basis=9081.50 Z=2.07
07:28:18 robot_arb ERROR Main loop error: name '_send_telegram' is not defined
07:28:21 robot_arb INFO EXIT SIGNAL reason=profit_target | pnl=190.00 | limit sell 100 @ 97.33
07:28:21 orders_arb INFO 📄 PAPER ENTRY: sell 100 GAZP@RTSX @ 97.33 (LIMIT)
07:28:21 orders_arb INFO 📄 PAPER ENTRY: buy 10 GZU6@RTSX @ 10053.00 (MARKET)
07:28:21 strategy_arb INFO POSITION CLOSE SHORT | PnL=+180.00₽ | reason=profit_target | hold=0min
07:29:19 robot_arb INFO Param updated: ticker_a = GAZP (was GAZP)
07:29:19 robot_arb INFO Param updated: symbol_a = GAZP@RTSX (was GAZP@RTSX)
07:29:19 robot_arb INFO Param updated: ticker_b = GZU6 (was GZU6)
07:29:19 robot_arb INFO Param updated: symbol_b = GZU6@RTSX (was GZU6@RTSX)
07:29:19 robot_arb INFO Param updated: lots_a = 100 (was 100)
07:29:19 robot_arb INFO Param updated: lots_b = 10 (was 10)
07:29:19 robot_arb INFO Param updated: hedge_ratio = 10 (was 10)
07:29:19 robot_arb INFO Param updated: capital = 1000000 (was 1000000)
07:29:19 robot_arb INFO Param updated: entry_z = 2 (was 2)
07:29:19 robot_arb INFO Param updated: lookback = 50 (was 50)
07:29:19 robot_arb INFO Param updated: leg_a_timeout = 5 (was 5)
07:29:19 robot_arb INFO Param updated: min_fill_ratio = 0.5 (was 0.5)
07:29:19 robot_arb INFO Param updated: min_profit_type = rub (was rub)
07:29:19 robot_arb INFO Param updated: min_profit_value = 20 (was 20)
07:29:19 robot_arb INFO Param updated: risk_type = stop_loss_rub (was stop_loss_rub)
07:29:19 robot_arb INFO Param updated: risk_value = 5000 (was 5000)
07:29:48 robot_arb INFO ⚠️ CHECK_ENTRY returned signal: {'action': 'entry', 'side': 'long_basis', 'z': -3.279751979949044, 'basis': 9048.3, 'price_a': 97.07, 'price_b': 10019.0}
07:29:48 robot_arb INFO ENTRY SIGNAL long_basis | Z=-3.28 basis=9048.30 | A=97.07 B=10019.00 | limit sell 100 @ 97.06
07:29:48 orders_arb INFO 📄 PAPER ENTRY: sell 100 GAZP@RTSX @ 97.06 (LIMIT)
07:29:48 orders_arb INFO 📄 PAPER ENTRY: buy 10 GZU6@RTSX @ 10019.00 (MARKET)
07:29:48 strategy_arb INFO POSITION OPEN LONG basis | A=97.06 ×100 | B=10019.00 ×10 | basis=9048.40 Z=-3.28
07:29:48 robot_arb INFO POSITION OPEN LONG_BASIS | A=97.06 ×100 | B=10019.00 ×10 | basis=9048.30 Z=-3.28
07:29:48 robot_arb ERROR Main loop error: name '_send_telegram' is not defined
07:29:54 robot_arb INFO EXIT SIGNAL reason=profit_target | pnl=30.00 | limit buy 100 @ 97.12
07:29:54 orders_arb INFO 📄 PAPER ENTRY: buy 100 GAZP@RTSX @ 97.12 (LIMIT)
07:29:54 orders_arb INFO 📄 PAPER ENTRY: sell 10 GZU6@RTSX @ 10028.00 (MARKET)
07:29:54 strategy_arb INFO POSITION CLOSE LONG | PnL=+30.00₽ | reason=profit_target | hold=0min
07:30:16 robot_arb INFO Param updated: ticker_a = GAZP (was GAZP)
07:30:16 robot_arb INFO Param updated: symbol_a = GAZP@RTSX (was GAZP@RTSX)
07:30:16 robot_arb INFO Param updated: ticker_b = GZU6 (was GZU6)
07:30:16 robot_arb INFO Param updated: symbol_b = GZU6@RTSX (was GZU6@RTSX)
07:30:16 robot_arb INFO Param updated: lots_a = 100 (was 100)
07:30:16 robot_arb INFO Param updated: lots_b = 10 (was 10)
07:30:16 robot_arb INFO Param updated: hedge_ratio = 10 (was 10)
07:30:16 robot_arb INFO Param updated: capital = 1000000 (was 1000000)
07:30:16 robot_arb INFO Param updated: entry_z = 2 (was 2)
07:30:16 robot_arb INFO Param updated: lookback = 50 (was 50)
07:30:16 robot_arb INFO Param updated: leg_a_timeout = 5 (was 5)
07:30:16 robot_arb INFO Param updated: min_fill_ratio = 0.5 (was 0.5)
07:30:16 robot_arb INFO Param updated: min_profit_type = rub (was rub)
07:30:16 robot_arb INFO Param updated: min_profit_value = 30 (was 20)
07:30:16 robot_arb INFO Param updated: risk_type = stop_loss_rub (was stop_loss_rub)
07:30:16 robot_arb INFO Param updated: risk_value = 5000 (was 5000)
07:31:23 robot_arb INFO ⚠️ CHECK_ENTRY returned signal: {'action': 'entry', 'side': 'long_basis', 'z': -2.549827241697379, 'basis': 9046.9, 'price_a': 97.11, 'price_b': 10018.0}
07:31:23 robot_arb INFO ENTRY SIGNAL long_basis | Z=-2.55 basis=9046.90 | A=97.11 B=10018.00 | limit sell 100 @ 97.10
07:31:23 orders_arb INFO 📄 PAPER ENTRY: sell 100 GAZP@RTSX @ 97.10 (LIMIT)
07:31:23 orders_arb INFO 📄 PAPER ENTRY: buy 10 GZU6@RTSX @ 10018.00 (MARKET)
07:31:23 strategy_arb INFO POSITION OPEN LONG basis | A=97.10 ×100 | B=10018.00 ×10 | basis=9047.00 Z=-2.55
07:31:23 robot_arb INFO POSITION OPEN LONG_BASIS | A=97.10 ×100 | B=10018.00 ×10 | basis=9046.90 Z=-2.55
07:31:23 robot_arb ERROR Main loop error: name '_send_telegram' is not defined
07:31:29 robot_arb INFO EXIT SIGNAL reason=profit_target | pnl=90.00 | limit buy 100 @ 97.01
07:31:29 orders_arb INFO 📄 PAPER ENTRY: buy 100 GAZP@RTSX @ 97.01 (LIMIT)
07:31:29 orders_arb INFO 📄 PAPER ENTRY: sell 10 GZU6@RTSX @ 10018.00 (MARKET)
07:31:29 strategy_arb INFO POSITION CLOSE LONG | PnL=+90.00₽ | reason=profit_target | hold=0min
07:31:48 robot_arb INFO Param updated: ticker_a = GAZP (was GAZP)
07:31:48 robot_arb INFO Param updated: symbol_a = GAZP@RTSX (was GAZP@RTSX)
07:31:48 robot_arb INFO Param updated: ticker_b = GZU6 (was GZU6)
07:31:48 robot_arb INFO Param updated: symbol_b = GZU6@RTSX (was GZU6@RTSX)
07:31:48 robot_arb INFO Param updated: lots_a = 100 (was 100)
07:31:48 robot_arb INFO Param updated: lots_b = 10 (was 10)
07:31:48 robot_arb INFO Param updated: hedge_ratio = 10 (was 10)
07:31:48 robot_arb INFO Param updated: capital = 1000000 (was 1000000)
07:31:48 robot_arb INFO Param updated: entry_z = 2 (was 2)
07:31:48 robot_arb INFO Param updated: lookback = 50 (was 50)
07:31:48 robot_arb INFO Param updated: leg_a_timeout = 5 (was 5)
07:31:48 robot_arb INFO Param updated: min_fill_ratio = 0.5 (was 0.5)
07:31:48 robot_arb INFO Param updated: min_profit_type = rub (was rub)
07:31:48 robot_arb INFO Param updated: min_profit_value = 20 (was 30)
07:31:48 robot_arb INFO Param updated: risk_type = stop_loss_rub (was stop_loss_rub)
07:31:48 robot_arb INFO Param updated: risk_value = 5000 (was 5000)
07:33:31 robot_arb INFO ⚠️ CHECK_ENTRY returned signal: {'action': 'entry', 'side': 'short_basis', 'z': 7.718122970926797, 'basis': 9072.0, 'price_a': 97.1, 'price_b': 10043.0}
07:33:31 robot_arb INFO ENTRY SIGNAL short_basis | Z=7.72 basis=9072.00 | A=97.10 B=10043.00 | limit buy 100 @ 97.11
07:33:31 orders_arb INFO 📄 PAPER ENTRY: buy 100 GAZP@RTSX @ 97.11 (LIMIT)
07:33:31 orders_arb INFO 📄 PAPER ENTRY: sell 10 GZU6@RTSX @ 10043.00 (MARKET)
07:33:31 strategy_arb INFO POSITION OPEN SHORT basis | A=97.11 ×100 | B=10043.00 ×10 | basis=9071.90 Z=7.72
07:33:31 robot_arb INFO POSITION OPEN SHORT_BASIS | A=97.11 ×100 | B=10043.00 ×10 | basis=9072.00 Z=7.72
07:33:31 robot_arb ERROR Main loop error: name '_send_telegram' is not defined
07:33:36 robot_arb INFO EXIT SIGNAL reason=profit_target | pnl=20.00 | limit sell 100 @ 97.12
07:33:36 orders_arb INFO 📄 PAPER ENTRY: sell 100 GAZP@RTSX @ 97.12 (LIMIT)
07:33:36 orders_arb INFO 📄 PAPER ENTRY: buy 10 GZU6@RTSX @ 10042.00 (MARKET)
07:33:36 strategy_arb INFO POSITION CLOSE SHORT | PnL=+20.00₽ | reason=profit_target | hold=0min
07:33:38 robot_arb INFO ⚠️ CHECK_ENTRY returned signal: {'action': 'entry', 'side': 'short_basis', 'z': 2.203772691417493, 'basis': 9070.8, 'price_a': 97.12, 'price_b': 10042.0}
07:33:38 robot_arb INFO ENTRY SIGNAL short_basis | Z=2.20 basis=9070.80 | A=97.12 B=10042.00 | limit buy 100 @ 97.14
07:33:38 orders_arb INFO 📄 PAPER ENTRY: buy 100 GAZP@RTSX @ 97.14 (LIMIT)
07:33:38 orders_arb INFO 📄 PAPER ENTRY: sell 10 GZU6@RTSX @ 10042.00 (MARKET)
07:33:38 strategy_arb INFO POSITION OPEN SHORT basis | A=97.14 ×100 | B=10042.00 ×10 | basis=9070.60 Z=2.20
07:33:38 robot_arb INFO POSITION OPEN SHORT_BASIS | A=97.14 ×100 | B=10042.00 ×10 | basis=9070.80 Z=2.20
07:33:38 robot_arb ERROR Main loop error: name '_send_telegram' is not defined
07:33:43 robot_arb INFO EXIT SIGNAL reason=profit_target | pnl=70.00 | limit sell 100 @ 97.09
07:33:43 orders_arb INFO 📄 PAPER ENTRY: sell 100 GAZP@RTSX @ 97.09 (LIMIT)
07:33:43 orders_arb INFO 📄 PAPER ENTRY: buy 10 GZU6@RTSX @ 10031.00 (MARKET)
07:33:43 strategy_arb INFO POSITION CLOSE SHORT | PnL=+60.00₽ | reason=profit_target | hold=0min
07:34:00 robot_arb INFO ⚠️ CHECK_ENTRY returned signal: {'action': 'entry', 'side': 'short_basis', 'z': 2.665135418551979, 'basis': 9078.7, 'price_a': 97.13, 'price_b': 10050.0}
07:34:00 robot_arb INFO ENTRY SIGNAL short_basis | Z=2.67 basis=9078.70 | A=97.13 B=10050.00 | limit buy 100 @ 97.13
07:34:00 orders_arb INFO 📄 PAPER ENTRY: buy 100 GAZP@RTSX @ 97.13 (LIMIT)
07:34:00 orders_arb INFO 📄 PAPER ENTRY: sell 10 GZU6@RTSX @ 10050.00 (MARKET)
07:34:00 strategy_arb INFO POSITION OPEN SHORT basis | A=97.13 ×100 | B=10050.00 ×10 | basis=9078.70 Z=2.67
07:34:00 robot_arb INFO POSITION OPEN SHORT_BASIS | A=97.13 ×100 | B=10050.00 ×10 | basis=9078.70 Z=2.67
07:34:00 robot_arb ERROR Main loop error: name '_send_telegram' is not defined
07:34:03 robot_arb INFO EXIT SIGNAL reason=profit_target | pnl=170.00 | limit sell 100 @ 97.29
07:34:03 orders_arb INFO 📄 PAPER ENTRY: sell 100 GAZP@RTSX @ 97.29 (LIMIT)
07:34:03 orders_arb INFO 📄 PAPER ENTRY: buy 10 GZU6@RTSX @ 10050.00 (MARKET)
07:34:03 strategy_arb INFO POSITION CLOSE SHORT | PnL=+160.00₽ | reason=profit_target | hold=0min
07:34:47 robot_arb INFO ⚠️ CHECK_ENTRY returned signal: {'action': 'entry', 'side': 'long_basis', 'z': -3.733849552237496, 'basis': 9055.7, 'price_a': 97.13, 'price_b': 10027.0}
07:34:47 robot_arb INFO ENTRY SIGNAL long_basis | Z=-3.73 basis=9055.70 | A=97.13 B=10027.00 | limit sell 100 @ 97.13
07:34:47 orders_arb INFO 📄 PAPER ENTRY: sell 100 GAZP@RTSX @ 97.13 (LIMIT)
07:34:47 orders_arb INFO 📄 PAPER ENTRY: buy 10 GZU6@RTSX @ 10027.00 (MARKET)
07:34:47 strategy_arb INFO POSITION OPEN LONG basis | A=97.13 ×100 | B=10027.00 ×10 | basis=9055.70 Z=-3.73
07:34:47 robot_arb INFO POSITION OPEN LONG_BASIS | A=97.13 ×100 | B=10027.00 ×10 | basis=9055.70 Z=-3.73
07:34:47 robot_arb ERROR Main loop error: name '_send_telegram' is not defined
07:34:53 robot_arb INFO EXIT SIGNAL reason=profit_target | pnl=500.00 | limit buy 100 @ 97.15
07:34:53 orders_arb INFO 📄 PAPER ENTRY: buy 100 GAZP@RTSX @ 97.15 (LIMIT)
07:34:53 orders_arb INFO 📄 PAPER ENTRY: sell 10 GZU6@RTSX @ 10077.00 (MARKET)
07:34:53 strategy_arb INFO POSITION CLOSE LONG | PnL=+480.00₽ | reason=profit_target | hold=0min
07:34:55 robot_arb INFO ⚠️ CHECK_ENTRY returned signal: {'action': 'entry', 'side': 'short_basis', 'z': 2.521644683758456, 'basis': 9105.5, 'price_a': 97.15, 'price_b': 10077.0}
07:34:55 robot_arb INFO ENTRY SIGNAL short_basis | Z=2.52 basis=9105.50 | A=97.15 B=10077.00 | limit buy 100 @ 97.15
07:34:55 orders_arb INFO 📄 PAPER ENTRY: buy 100 GAZP@RTSX @ 97.15 (LIMIT)
07:34:55 orders_arb INFO 📄 PAPER ENTRY: sell 10 GZU6@RTSX @ 10077.00 (MARKET)
07:34:55 strategy_arb INFO POSITION OPEN SHORT basis | A=97.15 ×100 | B=10077.00 ×10 | basis=9105.50 Z=2.52
07:34:55 robot_arb INFO POSITION OPEN SHORT_BASIS | A=97.15 ×100 | B=10077.00 ×10 | basis=9105.50 Z=2.52
07:34:55 robot_arb ERROR Main loop error: name '_send_telegram' is not defined
07:34:59 robot_arb INFO EXIT SIGNAL reason=profit_target | pnl=90.00 | limit sell 100 @ 97.13
07:34:59 orders_arb INFO 📄 PAPER ENTRY: sell 100 GAZP@RTSX @ 97.13 (LIMIT)
07:34:59 orders_arb INFO 📄 PAPER ENTRY: buy 10 GZU6@RTSX @ 10068.00 (MARKET)
07:34:59 strategy_arb INFO POSITION CLOSE SHORT | PnL=+70.00₽ | reason=profit_target | hold=0min
07:35:05 robot_arb INFO ⚠️ CHECK_ENTRY returned signal: {'action': 'entry', 'side': 'long_basis', 'z': -2.0541148050247964, 'basis': 9057.0, 'price_a': 97.5, 'price_b': 10032.0}
07:35:05 robot_arb INFO ENTRY SIGNAL long_basis | Z=-2.05 basis=9057.00 | A=97.50 B=10032.00 | limit sell 100 @ 97.49
07:35:05 orders_arb INFO 📄 PAPER ENTRY: sell 100 GAZP@RTSX @ 97.49 (LIMIT)
07:35:05 orders_arb INFO 📄 PAPER ENTRY: buy 10 GZU6@RTSX @ 10032.00 (MARKET)
07:35:05 strategy_arb INFO POSITION OPEN LONG basis | A=97.49 ×100 | B=10032.00 ×10 | basis=9057.10 Z=-2.05
07:35:05 robot_arb INFO POSITION OPEN LONG_BASIS | A=97.49 ×100 | B=10032.00 ×10 | basis=9057.00 Z=-2.05
07:35:05 robot_arb ERROR Main loop error: name '_send_telegram' is not defined
07:35:09 robot_arb INFO EXIT SIGNAL reason=profit_target | pnl=340.00 | limit buy 100 @ 97.15
07:35:09 orders_arb INFO 📄 PAPER ENTRY: buy 100 GAZP@RTSX @ 97.15 (LIMIT)
07:35:09 orders_arb INFO 📄 PAPER ENTRY: sell 10 GZU6@RTSX @ 10032.00 (MARKET)
07:35:09 strategy_arb INFO POSITION CLOSE LONG | PnL=+340.00₽ | reason=profit_target | hold=0min
07:36:32 robot_arb INFO ⚠️ CHECK_ENTRY returned signal: {'action': 'entry', 'side': 'short_basis', 'z': 3.87253323747523, 'basis': 9131.9, 'price_a': 97.41, 'price_b': 10106.0}
07:36:32 robot_arb INFO ENTRY SIGNAL short_basis | Z=3.87 basis=9131.90 | A=97.41 B=10106.00 | limit buy 100 @ 97.41
07:36:32 orders_arb INFO 📄 PAPER ENTRY: buy 100 GAZP@RTSX @ 97.41 (LIMIT)
07:36:32 orders_arb INFO 📄 PAPER ENTRY: sell 10 GZU6@RTSX @ 10106.00 (MARKET)
07:36:32 strategy_arb INFO POSITION OPEN SHORT basis | A=97.41 ×100 | B=10106.00 ×10 | basis=9131.90 Z=3.87
07:36:32 robot_arb INFO POSITION OPEN SHORT_BASIS | A=97.41 ×100 | B=10106.00 ×10 | basis=9131.90 Z=3.87
07:36:32 robot_arb ERROR Main loop error: name '_send_telegram' is not defined
07:36:38 robot_arb INFO EXIT SIGNAL reason=profit_target | pnl=310.00 | limit sell 100 @ 97.40
07:36:38 orders_arb INFO 📄 PAPER ENTRY: sell 100 GAZP@RTSX @ 97.40 (LIMIT)
07:36:38 orders_arb INFO 📄 PAPER ENTRY: buy 10 GZU6@RTSX @ 10075.00 (MARKET)
07:36:38 strategy_arb INFO POSITION CLOSE SHORT | PnL=+300.00₽ | reason=profit_target | hold=0min
07:38:06 robot_arb INFO Param updated: ticker_a = GAZP (was GAZP)
07:38:06 robot_arb INFO Param updated: symbol_a = GAZP@RTSX (was GAZP@RTSX)
07:38:06 robot_arb INFO Param updated: ticker_b = GZU6 (was GZU6)
07:38:06 robot_arb INFO Param updated: symbol_b = GZU6@RTSX (was GZU6@RTSX)
07:38:06 robot_arb INFO Param updated: lots_a = 100 (was 100)
07:38:06 robot_arb INFO Param updated: lots_b = 10 (was 10)
07:38:06 robot_arb INFO Param updated: hedge_ratio = 10 (was 10)
07:38:06 robot_arb INFO Param updated: capital = 1000000 (was 1000000)
07:38:06 robot_arb INFO Param updated: entry_z = 2 (was 2)
07:38:06 robot_arb INFO Param updated: lookback = 50 (was 50)
07:38:06 robot_arb INFO Param updated: leg_a_timeout = 5 (was 5)
07:38:06 robot_arb INFO Param updated: min_fill_ratio = 0.5 (was 0.5)
07:38:06 robot_arb INFO Param updated: min_profit_type = rub (was rub)
07:38:06 robot_arb INFO Param updated: min_profit_value = 20 (was 20)
07:38:06 robot_arb INFO Param updated: risk_type = stop_loss_rub (was stop_loss_rub)
07:38:06 robot_arb INFO Param updated: risk_value = 5000 (was 5000)
07:39:08 robot_arb INFO Param updated: ticker_a = GAZP (was GAZP)
07:39:08 robot_arb INFO Param updated: symbol_a = GAZP@RTSX (was GAZP@RTSX)
07:39:08 robot_arb INFO Param updated: ticker_b = GZU6 (was GZU6)
07:39:08 robot_arb INFO Param updated: symbol_b = GZU6@RTSX (was GZU6@RTSX)
07:39:08 robot_arb INFO Param updated: lots_a = 100 (was 100)
07:39:08 robot_arb INFO Param updated: lots_b = 10 (was 10)
07:39:08 robot_arb INFO Param updated: hedge_ratio = 10 (was 10)
07:39:08 robot_arb INFO Param updated: capital = 1000000 (was 1000000)
07:39:08 robot_arb INFO Param updated: entry_z = 2 (was 2)
07:39:08 robot_arb INFO Param updated: lookback = 50 (was 50)
07:39:08 robot_arb INFO Param updated: leg_a_timeout = 5 (was 5)
07:39:08 robot_arb INFO Param updated: min_fill_ratio = 0.5 (was 0.5)
07:39:08 robot_arb INFO Param updated: min_profit_type = rub (was rub)
07:39:08 robot_arb INFO Param updated: min_profit_value = 20 (was 20)
07:39:08 robot_arb INFO Param updated: risk_type = stop_loss_rub (was stop_loss_rub)
07:39:08 robot_arb INFO Param updated: risk_value = 5000 (was 5000)
07:39:29 robot_arb INFO ⚠️ CHECK_ENTRY returned signal: {'action': 'entry', 'side': 'long_basis', 'z': -2.8527185732366473, 'basis': 9121.5, 'price_a': 97.85, 'price_b': 10100.0}
07:39:29 robot_arb INFO ENTRY SIGNAL long_basis | Z=-2.85 basis=9121.50 | A=97.85 B=10100.00 | limit sell 100 @ 97.85
07:39:29 orders_arb INFO 📄 PAPER ENTRY: sell 100 GAZP@RTSX @ 97.85 (LIMIT)
07:39:29 orders_arb INFO 📄 PAPER ENTRY: buy 10 GZU6@RTSX @ 10100.00 (MARKET)
07:39:29 strategy_arb INFO POSITION OPEN LONG basis | A=97.85 ×100 | B=10100.00 ×10 | basis=9121.50 Z=-2.85
07:39:29 robot_arb INFO POSITION OPEN LONG_BASIS | A=97.85 ×100 | B=10100.00 ×10 | basis=9121.50 Z=-2.85
07:39:29 robot_arb ERROR Main loop error: name '_send_telegram' is not defined
07:39:30 robot_arb INFO EXIT SIGNAL reason=profit_target | pnl=40.00 | limit buy 100 @ 97.78
07:39:30 orders_arb INFO 📄 PAPER ENTRY: buy 100 GAZP@RTSX @ 97.78 (LIMIT)
07:39:30 orders_arb INFO 📄 PAPER ENTRY: sell 10 GZU6@RTSX @ 10100.00 (MARKET)
07:39:30 strategy_arb INFO POSITION CLOSE LONG | PnL=+70.00₽ | reason=profit_target | hold=0min
07:39:32 robot_arb INFO ⚠️ CHECK_ENTRY returned signal: {'action': 'entry', 'side': 'long_basis', 'z': -2.1035314706007475, 'basis': 9121.9, 'price_a': 97.81, 'price_b': 10100.0}
07:39:32 robot_arb INFO ENTRY SIGNAL long_basis | Z=-2.10 basis=9121.90 | A=97.81 B=10100.00 | limit sell 100 @ 97.77
07:39:32 orders_arb INFO 📄 PAPER ENTRY: sell 100 GAZP@RTSX @ 97.77 (LIMIT)
07:39:32 orders_arb INFO 📄 PAPER ENTRY: buy 10 GZU6@RTSX @ 10100.00 (MARKET)
07:39:32 strategy_arb INFO POSITION OPEN LONG basis | A=97.77 ×100 | B=10100.00 ×10 | basis=9122.30 Z=-2.10
07:39:32 robot_arb INFO POSITION OPEN LONG_BASIS | A=97.77 ×100 | B=10100.00 ×10 | basis=9121.90 Z=-2.10
07:39:32 robot_arb ERROR Main loop error: name '_send_telegram' is not defined
07:39:34 robot_arb INFO EXIT SIGNAL reason=profit_target | pnl=30.00 | limit buy 100 @ 97.78
07:39:34 orders_arb INFO 📄 PAPER ENTRY: buy 100 GAZP@RTSX @ 97.78 (LIMIT)
07:39:34 orders_arb INFO 📄 PAPER ENTRY: sell 10 GZU6@RTSX @ 10107.00 (MARKET)
07:39:34 strategy_arb INFO POSITION CLOSE LONG | PnL=+60.00₽ | reason=profit_target | hold=0min
07:39:40 robot_arb INFO ⚠️ CHECK_ENTRY returned signal: {'action': 'entry', 'side': 'long_basis', 'z': -2.3230268141005044, 'basis': 9121.0, 'price_a': 97.8, 'price_b': 10099.0}
07:39:40 robot_arb INFO ENTRY SIGNAL long_basis | Z=-2.32 basis=9121.00 | A=97.80 B=10099.00 | limit sell 100 @ 97.80
07:39:40 orders_arb INFO 📄 PAPER ENTRY: sell 100 GAZP@RTSX @ 97.80 (LIMIT)
07:39:40 orders_arb INFO 📄 PAPER ENTRY: buy 10 GZU6@RTSX @ 10099.00 (MARKET)
07:39:40 strategy_arb INFO POSITION OPEN LONG basis | A=97.80 ×100 | B=10099.00 ×10 | basis=9121.00 Z=-2.32
07:39:40 robot_arb INFO POSITION OPEN LONG_BASIS | A=97.80 ×100 | B=10099.00 ×10 | basis=9121.00 Z=-2.32
07:39:40 robot_arb ERROR Main loop error: name '_send_telegram' is not defined
07:39:57 robot_arb INFO EXIT SIGNAL reason=profit_target | pnl=240.00 | limit buy 100 @ 97.63
07:39:57 orders_arb INFO 📄 PAPER ENTRY: buy 100 GAZP@RTSX @ 97.63 (LIMIT)
07:39:57 orders_arb INFO 📄 PAPER ENTRY: sell 10 GZU6@RTSX @ 10105.00 (MARKET)
07:39:57 strategy_arb INFO POSITION CLOSE LONG | PnL=+230.00₽ | reason=profit_target | hold=0min
07:40:03 robot_arb INFO ⚠️ CHECK_ENTRY returned signal: {'action': 'entry', 'side': 'long_basis', 'z': -2.609698175493214, 'basis': 9107.4, 'price_a': 97.86, 'price_b': 10086.0}
07:40:03 robot_arb INFO ENTRY SIGNAL long_basis | Z=-2.61 basis=9107.40 | A=97.86 B=10086.00 | limit sell 100 @ 97.85
07:40:03 orders_arb INFO 📄 PAPER ENTRY: sell 100 GAZP@RTSX @ 97.85 (LIMIT)
07:40:03 orders_arb INFO 📄 PAPER ENTRY: buy 10 GZU6@RTSX @ 10086.00 (MARKET)
07:40:03 strategy_arb INFO POSITION OPEN LONG basis | A=97.85 ×100 | B=10086.00 ×10 | basis=9107.50 Z=-2.61
07:40:03 robot_arb INFO POSITION OPEN LONG_BASIS | A=97.85 ×100 | B=10086.00 ×10 | basis=9107.40 Z=-2.61
07:40:03 robot_arb ERROR Main loop error: name '_send_telegram' is not defined
07:40:09 robot_arb INFO EXIT SIGNAL reason=profit_target | pnl=220.00 | limit buy 100 @ 97.63
07:40:09 orders_arb INFO 📄 PAPER ENTRY: buy 100 GAZP@RTSX @ 97.63 (LIMIT)
07:40:09 orders_arb INFO 📄 PAPER ENTRY: sell 10 GZU6@RTSX @ 10086.00 (MARKET)
07:40:09 strategy_arb INFO POSITION CLOSE LONG | PnL=+220.00₽ | reason=profit_target | hold=0min
07:42:28 robot_arb INFO ⚠️ CHECK_ENTRY returned signal: {'action': 'entry', 'side': 'long_basis', 'z': -5.198868233411214, 'basis': 9084.7, 'price_a': 97.83, 'price_b': 10063.0}
07:42:28 robot_arb INFO ENTRY SIGNAL long_basis | Z=-5.20 basis=9084.70 | A=97.83 B=10063.00 | limit sell 100 @ 97.83
07:42:28 orders_arb INFO 📄 PAPER ENTRY: sell 100 GAZP@RTSX @ 97.83 (LIMIT)
07:42:28 orders_arb INFO 📄 PAPER ENTRY: buy 10 GZU6@RTSX @ 10063.00 (MARKET)
07:42:28 strategy_arb INFO POSITION OPEN LONG basis | A=97.83 ×100 | B=10063.00 ×10 | basis=9084.70 Z=-5.20
07:42:28 robot_arb INFO POSITION OPEN LONG_BASIS | A=97.83 ×100 | B=10063.00 ×10 | basis=9084.70 Z=-5.20
07:42:28 robot_arb ERROR Main loop error: name '_send_telegram' is not defined
07:42:31 robot_arb INFO EXIT SIGNAL reason=profit_target | pnl=160.00 | limit buy 100 @ 97.67
07:42:31 orders_arb INFO 📄 PAPER ENTRY: buy 100 GAZP@RTSX @ 97.67 (LIMIT)
07:42:31 orders_arb INFO 📄 PAPER ENTRY: sell 10 GZU6@RTSX @ 10063.00 (MARKET)
07:42:31 strategy_arb INFO POSITION CLOSE LONG | PnL=+160.00₽ | reason=profit_target | hold=0min
07:42:33 robot_arb INFO ⚠️ CHECK_ENTRY returned signal: {'action': 'entry', 'side': 'long_basis', 'z': -2.5297344056574347, 'basis': 9086.3, 'price_a': 97.67, 'price_b': 10063.0}
07:42:33 robot_arb INFO ENTRY SIGNAL long_basis | Z=-2.53 basis=9086.30 | A=97.67 B=10063.00 | limit sell 100 @ 97.66
07:42:33 orders_arb INFO 📄 PAPER ENTRY: sell 100 GAZP@RTSX @ 97.66 (LIMIT)
07:42:33 orders_arb INFO 📄 PAPER ENTRY: buy 10 GZU6@RTSX @ 10063.00 (MARKET)
07:42:33 strategy_arb INFO POSITION OPEN LONG basis | A=97.66 ×100 | B=10063.00 ×10 | basis=9086.40 Z=-2.53
07:42:33 robot_arb INFO POSITION OPEN LONG_BASIS | A=97.66 ×100 | B=10063.00 ×10 | basis=9086.30 Z=-2.53
07:42:33 robot_arb ERROR Main loop error: name '_send_telegram' is not defined
07:42:37 robot_arb INFO EXIT SIGNAL reason=profit_target | pnl=260.00 | limit buy 100 @ 97.43
07:42:37 orders_arb INFO 📄 PAPER ENTRY: buy 100 GAZP@RTSX @ 97.43 (LIMIT)
07:42:37 orders_arb INFO 📄 PAPER ENTRY: sell 10 GZU6@RTSX @ 10065.00 (MARKET)
07:42:37 strategy_arb INFO POSITION CLOSE LONG | PnL=+250.00₽ | reason=profit_target | hold=0min
07:43:09 robot_arb INFO Param updated: ticker_a = GAZP (was GAZP)
07:43:09 robot_arb INFO Param updated: symbol_a = GAZP@RTSX (was GAZP@RTSX)
07:43:09 robot_arb INFO Param updated: ticker_b = GZU6 (was GZU6)
07:43:09 robot_arb INFO Param updated: symbol_b = GZU6@RTSX (was GZU6@RTSX)
07:43:09 robot_arb INFO Param updated: lots_a = 100 (was 100)
07:43:09 robot_arb INFO Param updated: lots_b = 10 (was 10)
07:43:09 robot_arb INFO Param updated: hedge_ratio = 10 (was 10)
07:43:09 robot_arb INFO Param updated: capital = 1000000 (was 1000000)
07:43:09 robot_arb INFO Param updated: entry_z = 2 (was 2)
07:43:09 robot_arb INFO Param updated: lookback = 50 (was 50)
07:43:09 robot_arb INFO Param updated: leg_a_timeout = 5 (was 5)
07:43:09 robot_arb INFO Param updated: min_fill_ratio = 0.5 (was 0.5)
07:43:09 robot_arb INFO Param updated: min_profit_type = rub (was rub)
07:43:09 robot_arb INFO Param updated: min_profit_value = 20 (was 20)
07:43:09 robot_arb INFO Param updated: risk_type = stop_loss_rub (was stop_loss_rub)
07:43:09 robot_arb INFO Param updated: risk_value = 5000 (was 5000)
07:43:10 robot_arb INFO ⚠️ CHECK_ENTRY returned signal: {'action': 'entry', 'side': 'long_basis', 'z': -2.3349293192665153, 'basis': 9058.4, 'price_a': 97.66, 'price_b': 10035.0}
07:43:10 robot_arb INFO ENTRY SIGNAL long_basis | Z=-2.33 basis=9058.40 | A=97.66 B=10035.00 | limit sell 100 @ 97.66
07:43:10 orders_arb INFO 📄 PAPER ENTRY: sell 100 GAZP@RTSX @ 97.66 (LIMIT)
07:43:10 orders_arb INFO 📄 PAPER ENTRY: buy 10 GZU6@RTSX @ 10035.00 (MARKET)
07:43:10 strategy_arb INFO POSITION OPEN LONG basis | A=97.66 ×100 | B=10035.00 ×10 | basis=9058.40 Z=-2.33
07:43:10 robot_arb INFO POSITION OPEN LONG_BASIS | A=97.66 ×100 | B=10035.00 ×10 | basis=9058.40 Z=-2.33
07:43:10 robot_arb ERROR Main loop error: name '_send_telegram' is not defined
07:43:16 robot_arb INFO EXIT SIGNAL reason=profit_target | pnl=550.00 | limit buy 100 @ 97.67
07:43:16 orders_arb INFO 📄 PAPER ENTRY: buy 100 GAZP@RTSX @ 97.67 (LIMIT)
07:43:16 orders_arb INFO 📄 PAPER ENTRY: sell 10 GZU6@RTSX @ 10091.00 (MARKET)
07:43:16 strategy_arb INFO POSITION CLOSE LONG | PnL=+550.00₽ | reason=profit_target | hold=0min
07:43:36 robot_arb INFO Signal 15 — shutting down...
