07:45:07 robot_arb INFO === Arbitrage Robot v1 ===
07:45:07 robot_arb INFO Pair: GAZP / GZU6
07:45:07 robot_arb INFO Account: 2049688 | Port: 5090 | Paper: False
07:45:07 robot_arb INFO Params: entry_z=2 lookback=200 lots_a=10 lots_b=1 hedge_ratio=10
07:45:07 robot_arb INFO Min profit: rub=25
07:45:07 robot_arb INFO Risk: stop_loss_rub=50000
07:45:07 robot_arb INFO State loaded: pnl=-15 trades=1 mode=stopped
07:45:08 robot_arb INFO FinamPy connected. Accounts: ['1225950', '1225951', '1225952', '2049688', '1225953']
07:45:08 orders_arb INFO Trade subscription active via FinamPy on_trade (acc=2049688)
07:45:08 orders_arb INFO Trade subscription started (background thread)
07:45:08 robot_arb INFO Orders manager linked to FinamPy gRPC + trade subscription + reconnect
07:45:08 robot_arb INFO OB poller started: GAZP@RTSX, GZU6@RTSX
07:45:08 robot_arb INFO Subscribed Quotes: GAZP@RTSX, GZU6@RTSX
07:45:08 robot_arb INFO Warmup: waiting 10 sec for data streams...
07:45:18 robot_arb INFO Warmup done. OB_A: True OB_B: True
07:45:18 robot_arb INFO MOEX ISS poller started (fallback for stock prices)
07:45:18 robot_arb INFO Main loop started
07:45:18 robot_arb INFO Cleanup: 1 open layers in mode=stopped, attempting close...
07:45:18 robot_arb INFO EXIT ALL 1 layers — reason=cleanup
07:45:18 robot_arb INFO EXIT layer #2 reason=cleanup | MARKET sell 10 + buy 1
07:45:18 orders_arb INFO gRPC sending: market sell 100 GAZP@MISX acc=2049688 @ MKT
07:45:18 robot_arb INFO API listening on :5090
07:45:18 robot_arb INFO Endpoints: GET /status /health /params | POST /start /stop /pause /params
07:45:18 orders_arb INFO gRPC market placed: sell 100 GAZP@MISX acc=2049688 @ MKT id=81635957483
07:45:18 orders_arb INFO gRPC sending: market buy 1 GZU6@RTSX acc=2049688 @ MKT
07:45:18 orders_arb INFO TRADE UNEXPECTED: oid=81635957483 price=85.58 sym=GAZP@MISX (no pending)
07:45:18 orders_arb INFO gRPC market placed: buy 1 GZU6@RTSX acc=2049688 @ MKT id=1896048106349714954
07:45:18 orders_arb INFO TRADE UNEXPECTED: oid=1896048106349714954 price=8778.0 sym=GZU6@RTSX (no pending)
07:45:22 robot_arb WARNING OB poll B: rate limited, backing off...
07:45:22 strategy_arb INFO LAYER #2 CLOSE SHORT | PnL=+7.48₽ (gross=+14.50₽ comm=7.02₽) | reason=cleanup | hold=840min | layers=0
07:45:22 robot_arb INFO Market exit OK layer #2 A@85.59 B@8777.00
07:46:00 orders_arb INFO TRADE UNEXPECTED: oid=1892951881607023562 price=79202.0 sym=SiU6@RTSX (no pending)
07:46:11 orders_arb INFO TRADE UNEXPECTED: oid=1892951881607030533 price=79172.0 sym=SiU6@RTSX (no pending)
07:46:20 robot_arb INFO Mode → RUNNING
07:46:35 orders_arb INFO TRADE UNEXPECTED: oid=1892951881607043326 price=79214.0 sym=SiU6@RTSX (no pending)
07:46:39 robot_arb INFO Z=4.76 (threshold=2) — no signal (dup_check=False)
07:46:39 robot_arb INFO Z=4.76 (threshold=2) — no signal (dup_check=False)
07:46:40 robot_arb INFO Z=4.16 (threshold=2) — no signal (dup_check=False)
07:46:40 robot_arb INFO Z=4.16 (threshold=2) — no signal (dup_check=False)
07:46:41 robot_arb INFO Z=3.75 (threshold=2) — no signal (dup_check=False)
07:46:41 robot_arb INFO Z=3.75 (threshold=2) — no signal (dup_check=False)
07:46:42 robot_arb INFO Z=3.43 (threshold=2) — no signal (dup_check=False)
07:46:42 robot_arb INFO Z=3.43 (threshold=2) — no signal (dup_check=False)
07:46:43 robot_arb INFO Z=3.19 (threshold=2) — no signal (dup_check=False)
07:46:43 robot_arb INFO Z=3.19 (threshold=2) — no signal (dup_check=False)
07:46:44 robot_arb INFO Z=2.71 (threshold=2) — no signal (dup_check=False)
07:46:49 orders_arb INFO TRADE UNEXPECTED: oid=1892951881607048742 price=79170.0 sym=SiU6@RTSX (no pending)
07:47:11 robot_arb INFO ⚠️ CHECK_ENTRY returned signal: {'action': 'entry', 'side': 'short_basis', 'z': 3.4318633962480356, 'spread_rub': 234.0, 'basis': 7978.5, 'price_a': 86.05, 'price_b': 8839.0}
07:47:11 robot_arb INFO ENTRY SIGNAL short_basis | Z=3.43 basis=7978.50 | A=86.05 B=8839.00 | limit buy 10 @ 85.51 | market sell 1 @ 8834.58
07:47:11 orders_arb INFO gRPC sending: limit buy 100 GAZP@MISX acc=2049688 @ 85.51
07:47:11 orders_arb INFO gRPC limit placed: buy 100 GAZP@MISX acc=2049688 @ 85.51 id=81636203859
07:47:14 orders_arb INFO TRADE UNEXPECTED: oid=81636203859 price=85.51 sym=GAZP@MISX (no pending)
07:47:14 orders_arb INFO TRADE UNEXPECTED: oid=81636203859 price=85.51 sym=GAZP@MISX (no pending)
07:47:16 orders_arb INFO Leg A filled 100@85.51 → executing leg B market 1
07:47:16 orders_arb INFO gRPC sending: market sell 1 GZU6@RTSX acc=2049688 @ MKT
07:47:16 orders_arb INFO gRPC market placed: sell 1 GZU6@RTSX acc=2049688 @ MKT id=1896048106349739622
07:47:16 orders_arb INFO FILL 1896048106349739622: price=8770.0 symbol=GZU6@RTSX
07:47:16 orders_arb INFO REAL FILL from trade sub: 1896048106349739622 price=8770.00
07:47:16 orders_arb INFO Leg B fill price: 8770.00 (OB est=8834.58)
07:47:16 orders_arb INFO Leg A filled: 100 shares = 10 lots
07:47:16 strategy_arb INFO LAYER #3 OPEN SHORT | A=85.51 ×10 | B=8770.00 ×1 | basis=7914.90 Z=3.43 | layers=1
07:47:16 robot_arb INFO LAYER OPEN SHORT_BASIS #3 | A=85.51 ×10 | B=8770.00 ×1 | basis=7977.50 Z=3.43 | layers=1 used_capital=10,482
07:47:22 robot_arb WARNING OB poll A: rate limited, backing off...
07:47:52 robot_arb WARNING OB poll B: rate limited, backing off...
07:48:17 orders_arb INFO TRADE UNEXPECTED: oid=1892951881607069489 price=79143.0 sym=SiU6@RTSX (no pending)
07:48:29 orders_arb INFO TRADE UNEXPECTED: oid=1892951881607073637 price=79110.0 sym=SiU6@RTSX (no pending)
07:49:22 robot_arb WARNING OB poll A: rate limited, backing off...
07:49:52 robot_arb WARNING OB poll B: rate limited, backing off...
07:49:58 robot_arb INFO Z=3.30 (threshold=2) — no signal (dup_check=False)
07:49:59 robot_arb INFO Z=3.20 (threshold=2) — no signal (dup_check=False)
07:49:59 robot_arb INFO Z=3.20 (threshold=2) — no signal (dup_check=False)
07:50:00 robot_arb INFO Z=3.11 (threshold=2) — no signal (dup_check=False)
07:50:00 robot_arb INFO Z=3.11 (threshold=2) — no signal (dup_check=False)
07:50:01 robot_arb INFO Z=3.02 (threshold=2) — no signal (dup_check=False)
07:51:23 robot_arb WARNING OB poll A: rate limited, backing off...
07:51:53 robot_arb WARNING OB poll B: rate limited, backing off...
07:53:23 robot_arb WARNING OB poll A: rate limited, backing off...
07:53:25 robot_arb INFO Z=5.89 (threshold=2) — no signal (dup_check=False)
07:53:53 robot_arb WARNING OB poll B: rate limited, backing off...
07:55:24 robot_arb INFO Z=3.46 (threshold=2) — no signal (dup_check=False)
07:55:24 robot_arb WARNING OB poll A: rate limited, backing off...
07:55:25 robot_arb INFO Z=3.46 (threshold=2) — no signal (dup_check=False)
07:55:25 robot_arb INFO Z=3.38 (threshold=2) — no signal (dup_check=False)
07:55:26 robot_arb INFO Z=3.38 (threshold=2) — no signal (dup_check=False)
07:55:29 robot_arb INFO Z=3.25 (threshold=2) — no signal (dup_check=False)
07:55:30 robot_arb INFO Z=3.25 (threshold=2) — no signal (dup_check=False)
07:55:30 robot_arb INFO Z=3.16 (threshold=2) — no signal (dup_check=False)
07:55:31 robot_arb INFO Z=3.16 (threshold=2) — no signal (dup_check=False)
07:55:31 robot_arb INFO Z=3.08 (threshold=2) — no signal (dup_check=False)
07:55:32 robot_arb INFO Z=3.08 (threshold=2) — no signal (dup_check=False)
07:55:32 robot_arb INFO Z=3.00 (threshold=2) — no signal (dup_check=False)
07:55:33 robot_arb INFO Z=3.00 (threshold=2) — no signal (dup_check=False)
07:55:33 robot_arb INFO Z=2.92 (threshold=2) — no signal (dup_check=False)
07:55:34 robot_arb INFO Z=2.92 (threshold=2) — no signal (dup_check=False)
07:55:34 robot_arb INFO Z=2.85 (threshold=2) — no signal (dup_check=False)
07:55:35 robot_arb INFO Z=2.85 (threshold=2) — no signal (dup_check=False)
07:55:54 robot_arb WARNING OB poll B: rate limited, backing off...
07:57:25 robot_arb WARNING OB poll A: rate limited, backing off...
07:57:30 robot_arb INFO Z=1.92 (threshold=2) — no signal (dup_check=False)
07:57:31 robot_arb INFO Z=1.92 (threshold=2) — no signal (dup_check=False)
07:57:31 robot_arb INFO Z=1.89 (threshold=2) — no signal (dup_check=False)
07:57:32 robot_arb INFO Z=1.89 (threshold=2) — no signal (dup_check=False)
07:57:32 robot_arb INFO Z=1.87 (threshold=2) — no signal (dup_check=False)
07:57:33 robot_arb INFO Z=1.87 (threshold=2) — no signal (dup_check=False)
07:57:33 robot_arb INFO Z=1.84 (threshold=2) — no signal (dup_check=False)
07:57:34 robot_arb INFO Z=1.84 (threshold=2) — no signal (dup_check=False)
07:57:34 robot_arb INFO Z=1.81 (threshold=2) — no signal (dup_check=False)
07:57:35 robot_arb INFO Z=1.81 (threshold=2) — no signal (dup_check=False)
07:57:40 robot_arb INFO Z=2.27 (threshold=2) — no signal (dup_check=False)
07:57:41 robot_arb INFO Z=2.27 (threshold=2) — no signal (dup_check=False)
07:57:41 robot_arb INFO Z=2.23 (threshold=2) — no signal (dup_check=False)
07:57:42 robot_arb INFO Z=2.23 (threshold=2) — no signal (dup_check=False)
07:57:42 robot_arb INFO Z=2.19 (threshold=2) — no signal (dup_check=False)
07:57:43 robot_arb INFO Z=2.19 (threshold=2) — no signal (dup_check=False)
07:57:55 robot_arb WARNING OB poll B: rate limited, backing off...
07:58:20 robot_arb INFO Z=2.16 (threshold=2) — no signal (dup_check=False)
07:58:21 robot_arb INFO Z=2.16 (threshold=2) — no signal (dup_check=False)
07:58:21 robot_arb INFO Z=2.13 (threshold=2) — no signal (dup_check=False)
07:58:22 robot_arb INFO Z=2.13 (threshold=2) — no signal (dup_check=False)
07:58:22 robot_arb INFO Z=2.09 (threshold=2) — no signal (dup_check=False)
07:58:23 robot_arb INFO Z=2.09 (threshold=2) — no signal (dup_check=False)
07:59:06 robot_arb INFO Z=2.37 (threshold=2) — no signal (dup_check=False)
07:59:06 robot_arb INFO Z=2.32 (threshold=2) — no signal (dup_check=False)
07:59:07 robot_arb INFO Z=2.32 (threshold=2) — no signal (dup_check=False)
07:59:07 robot_arb INFO Z=2.28 (threshold=2) — no signal (dup_check=False)
07:59:08 robot_arb INFO Z=2.28 (threshold=2) — no signal (dup_check=False)
07:59:08 robot_arb INFO Z=2.24 (threshold=2) — no signal (dup_check=False)
07:59:24 robot_arb WARNING OB poll A: rate limited, backing off...
07:59:54 robot_arb WARNING OB poll B: rate limited, backing off...
08:00:04 robot_arb INFO Z=4.68 (threshold=2) — no signal (dup_check=False)
08:00:25 robot_arb WARNING OB poll A: token expired, reconnecting...
08:00:25 robot_arb INFO FinamPy reconnecting (#1)...
08:00:26 robot_arb INFO Orders manager linked to FinamPy gRPC + trade subscription + reconnect
08:00:26 robot_arb INFO FinamPy reconnected (#1). Accounts: ['1225950', '1225951', '1225952', '2049688', '1225953']
08:00:26 robot_arb WARNING OB poll B: token expired, reconnecting...
08:00:38 robot_arb INFO Z=5.66 (threshold=2) — no signal (dup_check=False)
08:00:39 robot_arb INFO Z=5.66 (threshold=2) — no signal (dup_check=False)
08:01:10 robot_arb INFO Z=3.31 (threshold=2) — no signal (dup_check=False)
08:01:26 robot_arb WARNING OB poll A: rate limited, backing off...
08:01:30 robot_arb INFO Z=1.94 (threshold=2) — no signal (dup_check=False)
08:01:56 robot_arb WARNING OB poll B: rate limited, backing off...
08:02:16 robot_arb INFO Z=1.84 (threshold=2) — no signal (dup_check=False)
08:02:17 robot_arb INFO Z=1.82 (threshold=2) — no signal (dup_check=False)
08:02:17 robot_arb INFO Z=1.82 (threshold=2) — no signal (dup_check=False)
08:03:27 robot_arb WARNING OB poll A: rate limited, backing off...
08:03:57 robot_arb WARNING OB poll B: rate limited, backing off...
08:05:27 robot_arb WARNING OB poll A: rate limited, backing off...
08:05:38 robot_arb INFO Z=2.15 (threshold=2) — no signal (dup_check=False)
08:05:38 robot_arb INFO Z=2.15 (threshold=2) — no signal (dup_check=False)
08:05:39 robot_arb INFO Z=2.15 (threshold=2) — no signal (dup_check=False)
08:05:39 robot_arb INFO Z=2.15 (threshold=2) — no signal (dup_check=False)
08:05:40 robot_arb INFO Z=2.15 (threshold=2) — no signal (dup_check=False)
08:05:57 robot_arb WARNING OB poll B: rate limited, backing off...
08:06:26 robot_arb INFO Z=2.03 (threshold=2) — no signal (dup_check=False)
08:06:27 robot_arb INFO Z=2.00 (threshold=2) — no signal (dup_check=False)
08:06:27 robot_arb INFO Z=2.00 (threshold=2) — no signal (dup_check=False)
08:06:28 robot_arb INFO Z=1.97 (threshold=2) — no signal (dup_check=False)
08:06:28 robot_arb INFO Z=1.97 (threshold=2) — no signal (dup_check=False)
08:07:02 robot_arb INFO Z=2.21 (threshold=2) — no signal (dup_check=False)
08:07:03 robot_arb INFO Z=2.17 (threshold=2) — no signal (dup_check=False)
08:07:03 robot_arb INFO Z=2.17 (threshold=2) — no signal (dup_check=False)
08:07:04 robot_arb INFO Z=2.14 (threshold=2) — no signal (dup_check=False)
08:07:04 robot_arb INFO Z=2.14 (threshold=2) — no signal (dup_check=False)
08:07:27 robot_arb WARNING OB poll A: rate limited, backing off...
08:07:36 robot_arb INFO Z=2.87 (threshold=2) — no signal (dup_check=False)
08:07:36 robot_arb INFO Z=2.87 (threshold=2) — no signal (dup_check=False)
08:07:37 robot_arb INFO Z=2.81 (threshold=2) — no signal (dup_check=False)
08:07:37 robot_arb INFO Z=2.81 (threshold=2) — no signal (dup_check=False)
08:07:38 robot_arb INFO Z=2.74 (threshold=2) — no signal (dup_check=False)
08:07:38 robot_arb INFO Z=3.41 (threshold=2) — no signal (dup_check=False)
08:07:39 robot_arb INFO Z=3.30 (threshold=2) — no signal (dup_check=False)
08:07:39 robot_arb INFO Z=3.30 (threshold=2) — no signal (dup_check=False)
08:07:40 robot_arb INFO Z=3.22 (threshold=2) — no signal (dup_check=False)
08:07:40 robot_arb INFO Z=3.22 (threshold=2) — no signal (dup_check=False)
08:07:57 robot_arb WARNING OB poll B: rate limited, backing off...
08:09:28 robot_arb WARNING OB poll A: rate limited, backing off...
08:09:58 robot_arb WARNING OB poll B: rate limited, backing off...
08:10:44 robot_arb INFO Z=2.39 (threshold=2) — no signal (dup_check=False)
08:10:44 robot_arb INFO Z=2.35 (threshold=2) — no signal (dup_check=False)
08:10:45 robot_arb INFO Z=2.35 (threshold=2) — no signal (dup_check=False)
08:10:45 robot_arb INFO Z=2.30 (threshold=2) — no signal (dup_check=False)
08:10:46 robot_arb INFO Z=2.30 (threshold=2) — no signal (dup_check=False)
08:10:46 robot_arb INFO Z=2.26 (threshold=2) — no signal (dup_check=False)
08:11:29 robot_arb WARNING OB poll A: rate limited, backing off...
08:11:59 robot_arb WARNING OB poll B: rate limited, backing off...
08:13:29 robot_arb WARNING OB poll A: rate limited, backing off...
08:13:59 robot_arb WARNING OB poll B: rate limited, backing off...
08:14:23 robot_arb INFO Z=1.96 (threshold=2) — no signal (dup_check=False)
08:14:24 robot_arb INFO Z=1.96 (threshold=2) — no signal (dup_check=False)
08:14:24 robot_arb INFO Z=1.93 (threshold=2) — no signal (dup_check=False)
08:14:25 robot_arb INFO Z=1.93 (threshold=2) — no signal (dup_check=False)
08:14:25 robot_arb INFO Z=1.91 (threshold=2) — no signal (dup_check=False)
08:14:26 robot_arb INFO Z=1.91 (threshold=2) — no signal (dup_check=False)
08:14:26 robot_arb INFO Z=1.89 (threshold=2) — no signal (dup_check=False)
08:14:27 robot_arb INFO Z=1.89 (threshold=2) — no signal (dup_check=False)
08:14:27 robot_arb INFO Z=1.87 (threshold=2) — no signal (dup_check=False)
08:14:28 robot_arb INFO Z=1.87 (threshold=2) — no signal (dup_check=False)
08:14:28 robot_arb INFO Z=1.85 (threshold=2) — no signal (dup_check=False)
08:14:29 robot_arb INFO Z=1.85 (threshold=2) — no signal (dup_check=False)
08:15:29 robot_arb WARNING OB poll A: token expired, reconnecting...
08:15:29 robot_arb INFO FinamPy reconnecting (#2)...
08:15:29 robot_arb INFO Orders manager linked to FinamPy gRPC + trade subscription + reconnect
08:15:29 robot_arb INFO FinamPy reconnected (#2). Accounts: ['1225950', '1225951', '1225952', '2049688', '1225953']
08:15:29 robot_arb WARNING OB poll B: token expired, reconnecting...
08:15:30 robot_arb WARNING OB poll A: rate limited, backing off...
08:16:00 robot_arb WARNING OB poll B: rate limited, backing off...
08:17:30 robot_arb WARNING OB poll A: rate limited, backing off...
08:17:31 robot_arb INFO Z=1.88 (threshold=2) — no signal (dup_check=False)
08:17:31 robot_arb INFO Z=1.86 (threshold=2) — no signal (dup_check=False)
08:17:32 robot_arb INFO Z=1.86 (threshold=2) — no signal (dup_check=False)
08:17:32 robot_arb INFO Z=1.84 (threshold=2) — no signal (dup_check=False)
08:17:33 robot_arb INFO Z=1.84 (threshold=2) — no signal (dup_check=False)
08:17:39 robot_arb INFO Z=1.83 (threshold=2) — no signal (dup_check=False)
08:17:39 robot_arb INFO Z=1.80 (threshold=2) — no signal (dup_check=False)
08:17:40 robot_arb INFO Z=1.80 (threshold=2) — no signal (dup_check=False)
08:18:00 robot_arb WARNING OB poll B: rate limited, backing off...
08:18:28 robot_arb INFO Z=5.48 (threshold=2) — no signal (dup_check=False)
08:18:29 robot_arb INFO Z=5.48 (threshold=2) — no signal (dup_check=False)
08:18:29 robot_arb INFO Z=5.09 (threshold=2) — no signal (dup_check=False)
08:18:30 robot_arb INFO Z=5.09 (threshold=2) — no signal (dup_check=False)
08:18:30 robot_arb INFO Z=4.77 (threshold=2) — no signal (dup_check=False)
08:18:31 robot_arb INFO Z=4.77 (threshold=2) — no signal (dup_check=False)
08:18:57 robot_arb INFO Z=2.99 (threshold=2) — no signal (dup_check=False)
08:18:57 robot_arb INFO Z=2.91 (threshold=2) — no signal (dup_check=False)
08:18:58 robot_arb INFO Z=2.91 (threshold=2) — no signal (dup_check=False)
08:18:58 robot_arb INFO Z=2.83 (threshold=2) — no signal (dup_check=False)
08:18:59 robot_arb INFO Z=2.83 (threshold=2) — no signal (dup_check=False)
08:19:10 robot_arb INFO Z=4.39 (threshold=2) — no signal (dup_check=False)
08:19:11 robot_arb INFO Z=4.17 (threshold=2) — no signal (dup_check=False)
08:19:11 robot_arb INFO Z=4.17 (threshold=2) — no signal (dup_check=False)
08:19:12 robot_arb INFO Z=3.98 (threshold=2) — no signal (dup_check=False)
08:19:12 robot_arb INFO Z=3.98 (threshold=2) — no signal (dup_check=False)
08:19:13 robot_arb INFO Z=3.81 (threshold=2) — no signal (dup_check=False)
08:19:31 robot_arb WARNING OB poll A: rate limited, backing off...
08:20:01 robot_arb WARNING OB poll B: rate limited, backing off...
08:21:07 robot_arb INFO Z=2.17 (threshold=2) — no signal (dup_check=False)
08:21:08 robot_arb INFO Z=2.14 (threshold=2) — no signal (dup_check=False)
08:21:08 robot_arb INFO Z=2.14 (threshold=2) — no signal (dup_check=False)
08:21:09 robot_arb INFO Z=2.11 (threshold=2) — no signal (dup_check=False)
08:21:09 robot_arb INFO Z=2.11 (threshold=2) — no signal (dup_check=False)
08:21:10 robot_arb INFO Z=2.08 (threshold=2) — no signal (dup_check=False)
08:21:10 robot_arb INFO Z=2.08 (threshold=2) — no signal (dup_check=False)
08:21:11 robot_arb INFO Z=2.05 (threshold=2) — no signal (dup_check=False)
08:21:11 robot_arb INFO Z=2.05 (threshold=2) — no signal (dup_check=False)
08:21:12 robot_arb INFO Z=2.02 (threshold=2) — no signal (dup_check=False)
08:21:32 robot_arb WARNING OB poll A: rate limited, backing off...
08:22:02 robot_arb WARNING OB poll B: rate limited, backing off...
08:22:04 robot_arb INFO Z=2.01 (threshold=2) — no signal (dup_check=False)
08:22:04 robot_arb INFO Z=2.01 (threshold=2) — no signal (dup_check=False)
08:22:05 robot_arb INFO Z=1.99 (threshold=2) — no signal (dup_check=False)
08:22:05 robot_arb INFO Z=1.99 (threshold=2) — no signal (dup_check=False)
08:22:06 robot_arb INFO Z=1.96 (threshold=2) — no signal (dup_check=False)
08:22:06 robot_arb INFO Z=1.96 (threshold=2) — no signal (dup_check=False)
08:22:07 robot_arb INFO Z=1.93 (threshold=2) — no signal (dup_check=False)
08:22:07 robot_arb INFO Z=1.93 (threshold=2) — no signal (dup_check=False)
08:22:08 robot_arb INFO Z=1.91 (threshold=2) — no signal (dup_check=False)
08:22:35 robot_arb INFO Z=2.35 (threshold=2) — no signal (dup_check=False)
08:22:35 robot_arb INFO Z=2.35 (threshold=2) — no signal (dup_check=False)
08:22:36 robot_arb INFO Z=2.31 (threshold=2) — no signal (dup_check=False)
08:22:36 robot_arb INFO Z=2.31 (threshold=2) — no signal (dup_check=False)
08:22:37 robot_arb INFO Z=2.27 (threshold=2) — no signal (dup_check=False)
08:22:37 robot_arb INFO Z=2.27 (threshold=2) — no signal (dup_check=False)
08:22:38 robot_arb INFO Z=2.23 (threshold=2) — no signal (dup_check=False)
08:22:38 robot_arb INFO Z=2.23 (threshold=2) — no signal (dup_check=False)
08:22:39 robot_arb INFO Z=2.19 (threshold=2) — no signal (dup_check=False)
08:22:39 robot_arb INFO Z=2.19 (threshold=2) — no signal (dup_check=False)
08:23:07 robot_arb INFO Z=2.01 (threshold=2) — no signal (dup_check=False)
08:23:08 robot_arb INFO Z=1.99 (threshold=2) — no signal (dup_check=False)
08:23:08 robot_arb INFO Z=1.99 (threshold=2) — no signal (dup_check=False)
08:23:09 robot_arb INFO Z=1.97 (threshold=2) — no signal (dup_check=False)
08:23:32 robot_arb WARNING OB poll A: rate limited, backing off...
08:23:35 robot_arb INFO Z=2.70 (threshold=2) — no signal (dup_check=False)
08:23:35 robot_arb INFO Z=2.70 (threshold=2) — no signal (dup_check=False)
08:23:36 robot_arb INFO Z=2.64 (threshold=2) — no signal (dup_check=False)
08:23:36 robot_arb INFO Z=2.64 (threshold=2) — no signal (dup_check=False)
08:23:37 robot_arb INFO Z=2.59 (threshold=2) — no signal (dup_check=False)
08:23:37 robot_arb INFO Z=2.59 (threshold=2) — no signal (dup_check=False)
08:24:02 robot_arb WARNING OB poll B: rate limited, backing off...
08:25:32 robot_arb WARNING OB poll A: rate limited, backing off...
08:26:02 robot_arb WARNING OB poll B: rate limited, backing off...
08:27:33 robot_arb WARNING OB poll A: rate limited, backing off...
08:27:48 robot_arb INFO Z=1.96 (threshold=2) — no signal (dup_check=False)
08:27:49 robot_arb INFO Z=1.96 (threshold=2) — no signal (dup_check=False)
08:27:49 robot_arb INFO Z=1.93 (threshold=2) — no signal (dup_check=False)
08:27:50 robot_arb INFO Z=1.93 (threshold=2) — no signal (dup_check=False)
08:27:50 robot_arb INFO Z=1.90 (threshold=2) — no signal (dup_check=False)
08:27:51 robot_arb INFO Z=1.90 (threshold=2) — no signal (dup_check=False)
08:27:51 robot_arb INFO Z=1.88 (threshold=2) — no signal (dup_check=False)
08:27:52 robot_arb INFO Z=1.88 (threshold=2) — no signal (dup_check=False)
08:27:52 robot_arb INFO Z=1.85 (threshold=2) — no signal (dup_check=False)
08:27:53 robot_arb INFO Z=1.85 (threshold=2) — no signal (dup_check=False)
08:27:53 robot_arb INFO Z=1.83 (threshold=2) — no signal (dup_check=False)
08:27:54 robot_arb INFO Z=1.83 (threshold=2) — no signal (dup_check=False)
08:27:54 robot_arb INFO Z=1.80 (threshold=2) — no signal (dup_check=False)
08:27:55 robot_arb INFO Z=1.80 (threshold=2) — no signal (dup_check=False)
08:27:56 robot_arb INFO Z=3.76 (threshold=2) — no signal (dup_check=False)
08:28:03 robot_arb WARNING OB poll B: rate limited, backing off...
08:28:08 robot_arb INFO Z=2.09 (threshold=2) — no signal (dup_check=False)
08:28:08 robot_arb INFO Z=2.05 (threshold=2) — no signal (dup_check=False)
08:28:09 robot_arb INFO Z=2.05 (threshold=2) — no signal (dup_check=False)
08:28:09 robot_arb INFO Z=2.02 (threshold=2) — no signal (dup_check=False)
08:28:10 robot_arb INFO Z=2.02 (threshold=2) — no signal (dup_check=False)
08:28:10 robot_arb INFO Z=1.99 (threshold=2) — no signal (dup_check=False)
08:28:11 robot_arb INFO Z=1.99 (threshold=2) — no signal (dup_check=False)
08:28:11 robot_arb INFO Z=1.96 (threshold=2) — no signal (dup_check=False)
08:28:12 robot_arb INFO Z=1.96 (threshold=2) — no signal (dup_check=False)
08:28:18 robot_arb INFO Z=2.33 (threshold=2) — no signal (dup_check=False)
08:29:15 robot_arb INFO Z=1.85 (threshold=2) — no signal (dup_check=False)
08:29:34 robot_arb WARNING OB poll B: rate limited, backing off...
08:30:31 robot_arb WARNING OB poll B: token expired, reconnecting...
08:30:31 robot_arb INFO FinamPy reconnecting (#3)...
08:30:32 robot_arb INFO Orders manager linked to FinamPy gRPC + trade subscription + reconnect
08:30:32 robot_arb INFO FinamPy reconnected (#3). Accounts: ['1225950', '1225951', '1225952', '2049688', '1225953']
08:31:24 robot_arb INFO Z=1.90 (threshold=2) — no signal (dup_check=False)
08:31:24 robot_arb INFO Z=1.88 (threshold=2) — no signal (dup_check=False)
08:31:25 robot_arb INFO Z=1.88 (threshold=2) — no signal (dup_check=False)
08:31:25 robot_arb INFO Z=1.87 (threshold=2) — no signal (dup_check=False)
08:31:26 robot_arb INFO Z=1.87 (threshold=2) — no signal (dup_check=False)
08:31:26 robot_arb INFO Z=1.85 (threshold=2) — no signal (dup_check=False)
08:31:29 robot_arb INFO Z=2.27 (threshold=2) — no signal (dup_check=False)
08:31:29 robot_arb INFO Z=2.27 (threshold=2) — no signal (dup_check=False)
08:31:30 robot_arb INFO Z=2.27 (threshold=2) — no signal (dup_check=False)
08:31:30 robot_arb INFO Z=2.27 (threshold=2) — no signal (dup_check=False)
08:31:31 robot_arb INFO Z=2.27 (threshold=2) — no signal (dup_check=False)
08:31:31 robot_arb INFO Z=2.27 (threshold=2) — no signal (dup_check=False)
08:31:34 robot_arb INFO Z=1.86 (threshold=2) — no signal (dup_check=False)
08:31:34 robot_arb INFO Z=1.84 (threshold=2) — no signal (dup_check=False)
08:31:35 robot_arb INFO Z=1.84 (threshold=2) — no signal (dup_check=False)
08:31:35 robot_arb INFO Z=1.82 (threshold=2) — no signal (dup_check=False)
08:31:36 robot_arb INFO Z=1.82 (threshold=2) — no signal (dup_check=False)
08:31:36 robot_arb WARNING OB poll A: rate limited, backing off...
08:32:06 robot_arb WARNING OB poll B: rate limited, backing off...
08:33:37 robot_arb WARNING OB poll A: rate limited, backing off...
08:34:07 robot_arb WARNING OB poll B: rate limited, backing off...
08:34:38 robot_arb INFO EXIT ALL 1 layers — reason=manual_stop
08:34:38 robot_arb INFO EXIT layer #3 reason=manual_stop | MARKET sell 10 + buy 1
08:34:38 orders_arb INFO gRPC sending: market sell 100 GAZP@MISX acc=2049688 @ MKT
08:34:38 orders_arb INFO gRPC market placed: sell 100 GAZP@MISX acc=2049688 @ MKT id=81640928974
08:34:38 orders_arb INFO gRPC sending: market buy 1 GZU6@RTSX acc=2049688 @ MKT
08:34:38 robot_arb INFO Cleanup: 1 open layers in mode=stopped, attempting close...
08:34:38 orders_arb INFO gRPC market placed: buy 1 GZU6@RTSX acc=2049688 @ MKT id=1896048106349963766
08:34:41 strategy_arb INFO LAYER #3 CLOSE SHORT | PnL=-11.88₽ (gross=-5.00₽ comm=6.88₽) | reason=manual_stop | hold=47min | layers=0
08:34:41 robot_arb INFO Market exit OK layer #3 A@85.30 B@8754.00
08:34:41 robot_arb INFO Mode → STOPPED
08:35:38 robot_arb WARNING OB poll A: rate limited, backing off...
08:36:08 robot_arb WARNING OB poll B: rate limited, backing off...
08:37:39 robot_arb WARNING OB poll A: rate limited, backing off...
08:38:09 robot_arb WARNING OB poll B: rate limited, backing off...
08:39:40 robot_arb WARNING OB poll A: rate limited, backing off...
08:40:10 robot_arb WARNING OB poll B: rate limited, backing off...
08:41:41 robot_arb WARNING OB poll A: rate limited, backing off...
08:42:11 robot_arb WARNING OB poll B: rate limited, backing off...
08:43:41 robot_arb WARNING OB poll B: rate limited, backing off...
08:45:34 robot_arb WARNING OB poll A: token expired, reconnecting...
08:45:34 robot_arb INFO FinamPy reconnecting (#4)...
08:45:35 orders_arb WARNING Cancelling old pending order 81641753701 on acc=2049688
08:45:35 robot_arb INFO Orders manager linked to FinamPy gRPC + trade subscription + reconnect
08:45:35 robot_arb INFO FinamPy reconnected (#4). Accounts: ['1225950', '1225951', '1225952', '2049688', '1225953']
08:45:35 robot_arb WARNING OB poll B: token expired, reconnecting...
08:45:44 robot_arb WARNING OB poll A: rate limited, backing off...
08:46:14 robot_arb WARNING OB poll B: rate limited, backing off...
08:47:44 robot_arb WARNING OB poll A: rate limited, backing off...
08:48:14 robot_arb WARNING OB poll B: rate limited, backing off...
08:49:44 robot_arb WARNING OB poll A: rate limited, backing off...
08:50:14 robot_arb WARNING OB poll B: rate limited, backing off...
08:51:46 robot_arb WARNING OB poll A: rate limited, backing off...
08:52:16 robot_arb WARNING OB poll B: rate limited, backing off...
08:53:46 robot_arb WARNING OB poll A: rate limited, backing off...
08:54:16 robot_arb WARNING OB poll B: rate limited, backing off...
08:55:47 robot_arb WARNING OB poll A: rate limited, backing off...
08:56:17 robot_arb WARNING OB poll B: rate limited, backing off...
08:57:48 robot_arb WARNING OB poll A: rate limited, backing off...
08:58:18 robot_arb WARNING OB poll B: rate limited, backing off...
08:59:49 robot_arb WARNING OB poll A: rate limited, backing off...
09:00:19 robot_arb WARNING OB poll B: rate limited, backing off...
09:00:50 robot_arb WARNING OB poll A: token expired, reconnecting...
09:00:50 robot_arb INFO FinamPy reconnecting (#5)...
09:00:50 robot_arb INFO Orders manager linked to FinamPy gRPC + trade subscription + reconnect
09:00:50 robot_arb INFO FinamPy reconnected (#5). Accounts: ['1225950', '1225951', '1225952', '2049688', '1225953']
09:00:50 robot_arb WARNING OB poll B: token expired, reconnecting...
09:01:50 robot_arb WARNING OB poll A: rate limited, backing off...
09:02:02 robot_arb WARNING POST /account received: {'account': '2049688'}
09:02:02 robot_arb INFO Account changed → 2049688
09:02:03 robot_arb INFO Param updated: ticker_a = GAZP (was GAZP)
09:02:03 robot_arb INFO Param updated: symbol_a = GAZP@RTSX (was GAZP@RTSX)
09:02:03 robot_arb INFO Param updated: ticker_b = GZU6 (was GZU6)
09:02:03 robot_arb INFO Param updated: symbol_b = GZU6@RTSX (was GZU6@RTSX)
09:02:03 robot_arb INFO Param updated: lots_a = 10 (was 10)
09:02:03 robot_arb INFO Param updated: lots_b = 1 (was 1)
09:02:03 robot_arb INFO Param updated: hedge_ratio = 10 (was 10)
09:02:03 robot_arb INFO Param updated: capital = 20000 (was 20000)
09:02:03 robot_arb INFO Param updated: entry_z = 2 (was 2)
09:02:03 robot_arb INFO Param updated: entry_z_long = -6.1 (was -6.1)
09:02:03 robot_arb INFO Param updated: entry_mode = spread_rub (was spread_rub)
09:02:03 robot_arb INFO Param updated: spread_rub_high = 232 (was 232)
09:02:03 robot_arb INFO Param updated: spread_rub_low = 200 (was 200)
09:02:03 robot_arb INFO Param updated: risk_free_rate = 0.1425 (was 0.1425)
09:02:03 robot_arb INFO Param updated: expiration_date = 2026-09-18 (was 2026-09-18)
09:02:03 robot_arb INFO Param updated: contract_size = 100 (was 100)
09:02:03 robot_arb INFO Param updated: lookback = 200 (was 200)
09:02:03 robot_arb INFO Param updated: leg_a_timeout = 5 (was 5)
09:02:03 robot_arb INFO Param updated: min_fill_ratio = 0.5 (was 0.5)
09:02:03 robot_arb INFO Param updated: min_profit_type = rub (was rub)
09:02:03 robot_arb INFO Param updated: min_profit_value = 50 (was 25)
09:02:03 robot_arb INFO Param updated: risk_type = stop_loss_rub (was stop_loss_rub)
09:02:03 robot_arb INFO Param updated: risk_value = 50000 (was 50000)
09:02:03 robot_arb INFO Param updated: allow_long_basis = False (was False)
09:02:03 robot_arb INFO Param updated: use_commission = True (was True)
09:02:03 robot_arb INFO Param updated: commission_stock_pct = 0.035 (was 0.035)
09:02:03 robot_arb INFO Param updated: commission_futures_rt = 0.9 (was 0.9)
09:02:20 robot_arb WARNING OB poll B: rate limited, backing off...
09:03:02 robot_arb WARNING POST /account received: {'account': '2049688'}
09:03:02 robot_arb INFO Account changed → 2049688
09:03:02 robot_arb INFO Param updated: ticker_a = GAZP (was GAZP)
09:03:02 robot_arb INFO Param updated: symbol_a = GAZP@RTSX (was GAZP@RTSX)
09:03:02 robot_arb INFO Param updated: ticker_b = GZU6 (was GZU6)
09:03:02 robot_arb INFO Param updated: symbol_b = GZU6@RTSX (was GZU6@RTSX)
09:03:02 robot_arb INFO Param updated: lots_a = 10 (was 10)
09:03:02 robot_arb INFO Param updated: lots_b = 1 (was 1)
09:03:02 robot_arb INFO Param updated: hedge_ratio = 10 (was 10)
09:03:02 robot_arb INFO Param updated: capital = 20000 (was 20000)
09:03:02 robot_arb INFO Param updated: entry_z = 2 (was 2)
09:03:02 robot_arb INFO Param updated: entry_z_long = -6.1 (was -6.1)
09:03:02 robot_arb INFO Param updated: entry_mode = spread_rub (was spread_rub)
09:03:02 robot_arb INFO Param updated: spread_rub_high = 232 (was 232)
09:03:02 robot_arb INFO Param updated: spread_rub_low = 200 (was 200)
09:03:02 robot_arb INFO Param updated: risk_free_rate = 0.1425 (was 0.1425)
09:03:02 robot_arb INFO Param updated: expiration_date = 2026-09-18 (was 2026-09-18)
09:03:02 robot_arb INFO Param updated: contract_size = 100 (was 100)
09:03:02 robot_arb INFO Param updated: lookback = 200 (was 200)
09:03:02 robot_arb INFO Param updated: leg_a_timeout = 5 (was 5)
09:03:02 robot_arb INFO Param updated: min_fill_ratio = 0.5 (was 0.5)
09:03:02 robot_arb INFO Param updated: min_profit_type = rub (was rub)
09:03:02 robot_arb INFO Param updated: min_profit_value = 50 (was 50)
09:03:02 robot_arb INFO Param updated: risk_type = stop_loss_rub (was stop_loss_rub)
09:03:02 robot_arb INFO Param updated: risk_value = 50000 (was 50000)
09:03:02 robot_arb INFO Param updated: allow_long_basis = False (was False)
09:03:02 robot_arb INFO Param updated: use_commission = True (was True)
09:03:02 robot_arb INFO Param updated: commission_stock_pct = 0.035 (was 0.035)
09:03:02 robot_arb INFO Param updated: commission_futures_rt = 0.9 (was 0.9)
09:03:50 robot_arb WARNING OB poll A: rate limited, backing off...
09:04:20 robot_arb WARNING OB poll B: rate limited, backing off...
09:05:51 robot_arb WARNING OB poll A: rate limited, backing off...
09:06:21 robot_arb WARNING OB poll B: rate limited, backing off...
09:07:52 robot_arb WARNING OB poll A: rate limited, backing off...
09:08:22 robot_arb WARNING OB poll B: rate limited, backing off...
09:09:53 robot_arb WARNING OB poll A: rate limited, backing off...
09:10:23 robot_arb WARNING OB poll B: rate limited, backing off...
09:11:53 robot_arb WARNING OB poll A: rate limited, backing off...
09:12:23 robot_arb WARNING OB poll B: rate limited, backing off...
09:13:54 robot_arb WARNING OB poll A: rate limited, backing off...
09:14:24 robot_arb WARNING OB poll B: rate limited, backing off...
09:15:53 robot_arb WARNING OB poll A: token expired, reconnecting...
09:15:53 robot_arb INFO FinamPy reconnecting (#6)...
09:15:53 robot_arb INFO Orders manager linked to FinamPy gRPC + trade subscription + reconnect
09:15:53 robot_arb INFO FinamPy reconnected (#6). Accounts: ['1225950', '1225951', '1225952', '2049688', '1225953']
09:15:53 robot_arb WARNING OB poll B: token expired, reconnecting...
09:15:55 robot_arb WARNING OB poll A: rate limited, backing off...
09:16:25 robot_arb WARNING OB poll B: rate limited, backing off...
09:17:55 robot_arb WARNING OB poll B: rate limited, backing off...
09:19:56 robot_arb WARNING OB poll A: rate limited, backing off...
09:20:26 robot_arb WARNING OB poll B: rate limited, backing off...
09:21:58 robot_arb WARNING OB poll A: rate limited, backing off...
09:22:28 robot_arb WARNING OB poll B: rate limited, backing off...
09:23:58 robot_arb WARNING OB poll A: rate limited, backing off...
09:24:28 robot_arb WARNING OB poll B: rate limited, backing off...
09:26:00 robot_arb WARNING OB poll A: rate limited, backing off...
09:26:30 robot_arb WARNING OB poll B: rate limited, backing off...
09:28:01 robot_arb WARNING OB poll A: rate limited, backing off...
09:28:31 robot_arb WARNING OB poll B: rate limited, backing off...
09:30:01 robot_arb WARNING OB poll A: rate limited, backing off...
09:30:31 robot_arb WARNING OB poll B: rate limited, backing off...
09:31:02 robot_arb WARNING OB poll A: token expired, reconnecting...
09:31:02 robot_arb INFO FinamPy reconnecting (#7)...
09:31:03 robot_arb INFO Orders manager linked to FinamPy gRPC + trade subscription + reconnect
09:31:03 robot_arb INFO FinamPy reconnected (#7). Accounts: ['1225950', '1225951', '1225952', '2049688', '1225953']
09:31:03 robot_arb WARNING OB poll B: token expired, reconnecting...
09:32:02 robot_arb WARNING OB poll A: rate limited, backing off...
09:32:32 robot_arb WARNING OB poll B: rate limited, backing off...
09:34:03 robot_arb WARNING OB poll A: rate limited, backing off...
09:34:33 robot_arb WARNING OB poll B: rate limited, backing off...
09:36:05 robot_arb WARNING OB poll A: rate limited, backing off...
09:36:35 robot_arb WARNING OB poll B: rate limited, backing off...
09:38:05 robot_arb WARNING OB poll A: rate limited, backing off...
09:38:35 robot_arb WARNING OB poll B: rate limited, backing off...
09:40:06 robot_arb WARNING OB poll A: rate limited, backing off...
09:40:36 robot_arb WARNING OB poll B: rate limited, backing off...
09:42:07 robot_arb WARNING OB poll A: rate limited, backing off...
09:42:37 robot_arb WARNING OB poll B: rate limited, backing off...
09:44:08 robot_arb WARNING OB poll A: rate limited, backing off...
09:44:38 robot_arb WARNING OB poll B: rate limited, backing off...
09:46:05 robot_arb WARNING OB poll B: token expired, reconnecting...
09:46:05 robot_arb INFO FinamPy reconnecting (#8)...
09:46:06 robot_arb INFO Orders manager linked to FinamPy gRPC + trade subscription + reconnect
09:46:06 robot_arb INFO FinamPy reconnected (#8). Accounts: ['1225950', '1225951', '1225952', '2049688', '1225953']
09:46:09 robot_arb WARNING OB poll B: rate limited, backing off...
09:48:10 robot_arb WARNING OB poll B: rate limited, backing off...
09:50:11 robot_arb WARNING OB poll A: rate limited, backing off...
09:50:41 robot_arb WARNING OB poll B: rate limited, backing off...
09:52:13 robot_arb WARNING OB poll B: rate limited, backing off...
09:54:13 robot_arb WARNING OB poll A: rate limited, backing off...
09:54:43 robot_arb WARNING OB poll B: rate limited, backing off...
09:56:14 robot_arb WARNING OB poll A: rate limited, backing off...
09:56:44 robot_arb WARNING OB poll B: rate limited, backing off...
09:58:15 robot_arb WARNING OB poll A: rate limited, backing off...
09:58:45 robot_arb WARNING OB poll B: rate limited, backing off...
10:00:16 robot_arb WARNING OB poll A: rate limited, backing off...
10:00:46 robot_arb WARNING OB poll B: rate limited, backing off...
10:01:17 robot_arb WARNING OB poll A: token expired, reconnecting...
10:01:17 robot_arb INFO FinamPy reconnecting (#9)...
10:01:18 robot_arb INFO Orders manager linked to FinamPy gRPC + trade subscription + reconnect
10:01:18 robot_arb INFO FinamPy reconnected (#9). Accounts: ['1225950', '1225951', '1225952', '2049688', '1225953']
10:01:18 robot_arb WARNING OB poll B: token expired, reconnecting...
10:02:18 robot_arb WARNING OB poll A: rate limited, backing off...
10:02:48 robot_arb WARNING OB poll B: rate limited, backing off...
10:04:18 robot_arb WARNING OB poll A: rate limited, backing off...
10:04:48 robot_arb WARNING OB poll B: rate limited, backing off...
10:06:19 robot_arb WARNING OB poll A: rate limited, backing off...
10:06:49 robot_arb WARNING OB poll B: rate limited, backing off...
10:08:20 robot_arb WARNING OB poll A: rate limited, backing off...
10:08:50 robot_arb WARNING OB poll B: rate limited, backing off...
10:10:21 robot_arb WARNING OB poll A: rate limited, backing off...
10:10:51 robot_arb WARNING OB poll B: rate limited, backing off...
10:12:22 robot_arb WARNING OB poll A: rate limited, backing off...
10:12:52 robot_arb WARNING OB poll B: rate limited, backing off...
10:14:23 robot_arb WARNING OB poll A: rate limited, backing off...
10:14:53 robot_arb WARNING OB poll B: rate limited, backing off...
10:16:19 robot_arb WARNING OB poll A: token expired, reconnecting...
10:16:19 robot_arb INFO FinamPy reconnecting (#10)...
10:16:20 robot_arb INFO Orders manager linked to FinamPy gRPC + trade subscription + reconnect
10:16:20 robot_arb INFO FinamPy reconnected (#10). Accounts: ['1225950', '1225951', '1225952', '2049688', '1225953']
10:16:20 robot_arb WARNING OB poll B: token expired, reconnecting...
10:16:26 robot_arb WARNING OB poll A: rate limited, backing off...
10:16:56 robot_arb WARNING OB poll B: rate limited, backing off...
10:18:24 robot_arb WARNING OB poll A: rate limited, backing off...
10:18:54 robot_arb WARNING OB poll B: rate limited, backing off...
10:20:25 robot_arb WARNING OB poll A: rate limited, backing off...
10:20:55 robot_arb WARNING OB poll B: rate limited, backing off...
10:22:27 robot_arb WARNING OB poll A: rate limited, backing off...
10:22:57 robot_arb WARNING OB poll B: rate limited, backing off...
10:24:26 robot_arb WARNING OB poll B: rate limited, backing off...
10:26:27 robot_arb WARNING OB poll A: rate limited, backing off...
10:26:57 robot_arb WARNING OB poll B: rate limited, backing off...
10:28:28 robot_arb WARNING OB poll B: rate limited, backing off...
10:30:30 robot_arb WARNING OB poll A: rate limited, backing off...
10:31:00 robot_arb WARNING OB poll B: rate limited, backing off...
10:31:31 robot_arb WARNING OB poll A: token expired, reconnecting...
10:31:31 robot_arb INFO FinamPy reconnecting (#11)...
10:31:31 robot_arb INFO Orders manager linked to FinamPy gRPC + trade subscription + reconnect
10:31:31 robot_arb INFO FinamPy reconnected (#11). Accounts: ['1225950', '1225951', '1225952', '2049688', '1225953']
10:31:31 robot_arb WARNING OB poll B: token expired, reconnecting...
10:32:31 robot_arb WARNING OB poll A: rate limited, backing off...
10:33:01 robot_arb WARNING OB poll B: rate limited, backing off...
10:34:32 robot_arb WARNING OB poll A: rate limited, backing off...
10:35:02 robot_arb WARNING OB poll B: rate limited, backing off...
10:36:33 robot_arb WARNING OB poll A: rate limited, backing off...
10:37:03 robot_arb WARNING OB poll B: rate limited, backing off...
10:38:34 robot_arb WARNING OB poll B: rate limited, backing off...
10:40:35 robot_arb WARNING OB poll A: rate limited, backing off...
10:41:05 robot_arb WARNING OB poll B: rate limited, backing off...
10:42:36 robot_arb WARNING OB poll A: rate limited, backing off...
10:43:06 robot_arb WARNING OB poll B: rate limited, backing off...
10:44:37 robot_arb WARNING OB poll A: rate limited, backing off...
10:45:07 robot_arb WARNING OB poll B: rate limited, backing off...
10:46:34 robot_arb WARNING OB poll A: token expired, reconnecting...
10:46:34 robot_arb INFO FinamPy reconnecting (#12)...
10:46:35 robot_arb INFO Orders manager linked to FinamPy gRPC + trade subscription + reconnect
10:46:35 robot_arb INFO FinamPy reconnected (#12). Accounts: ['1225950', '1225951', '1225952', '2049688', '1225953']
10:46:35 robot_arb WARNING OB poll B: token expired, reconnecting...
10:46:39 robot_arb WARNING OB poll A: rate limited, backing off...
10:47:09 robot_arb WARNING OB poll B: rate limited, backing off...
10:48:39 robot_arb WARNING OB poll A: rate limited, backing off...
10:49:09 robot_arb WARNING OB poll B: rate limited, backing off...
10:50:40 robot_arb WARNING OB poll A: rate limited, backing off...
10:51:10 robot_arb WARNING OB poll B: rate limited, backing off...
10:52:41 robot_arb WARNING OB poll A: rate limited, backing off...
10:53:11 robot_arb WARNING OB poll B: rate limited, backing off...
10:54:42 robot_arb WARNING OB poll A: rate limited, backing off...
10:55:12 robot_arb WARNING OB poll B: rate limited, backing off...
10:56:43 robot_arb WARNING OB poll A: rate limited, backing off...
10:57:13 robot_arb WARNING OB poll B: rate limited, backing off...
10:58:44 robot_arb WARNING OB poll A: rate limited, backing off...
10:59:14 robot_arb WARNING OB poll B: rate limited, backing off...
11:00:45 robot_arb WARNING OB poll A: rate limited, backing off...
11:01:15 robot_arb WARNING OB poll B: rate limited, backing off...
11:01:46 robot_arb WARNING OB poll A: token expired, reconnecting...
11:01:46 robot_arb INFO FinamPy reconnecting (#13)...
11:01:47 robot_arb INFO Orders manager linked to FinamPy gRPC + trade subscription + reconnect
11:01:47 robot_arb INFO FinamPy reconnected (#13). Accounts: ['1225950', '1225951', '1225952', '2049688', '1225953']
11:01:47 robot_arb WARNING OB poll B: token expired, reconnecting...
11:02:45 robot_arb WARNING OB poll A: rate limited, backing off...
11:03:15 robot_arb WARNING OB poll B: rate limited, backing off...
11:04:46 robot_arb WARNING OB poll A: rate limited, backing off...
11:05:16 robot_arb WARNING OB poll B: rate limited, backing off...
11:06:48 robot_arb WARNING OB poll A: rate limited, backing off...
11:07:18 robot_arb WARNING OB poll B: rate limited, backing off...
11:08:48 robot_arb WARNING OB poll A: rate limited, backing off...
11:09:18 robot_arb WARNING OB poll B: rate limited, backing off...
11:10:49 robot_arb WARNING OB poll A: rate limited, backing off...
11:11:19 robot_arb WARNING OB poll B: rate limited, backing off...
11:12:50 robot_arb WARNING OB poll A: rate limited, backing off...
11:13:20 robot_arb WARNING OB poll B: rate limited, backing off...
11:14:51 robot_arb WARNING OB poll A: rate limited, backing off...
11:15:21 robot_arb WARNING OB poll B: rate limited, backing off...
11:16:49 robot_arb WARNING OB poll A: token expired, reconnecting...
11:16:49 robot_arb INFO FinamPy reconnecting (#14)...
11:16:50 robot_arb INFO Orders manager linked to FinamPy gRPC + trade subscription + reconnect
11:16:50 robot_arb INFO FinamPy reconnected (#14). Accounts: ['1225950', '1225951', '1225952', '2049688', '1225953']
11:16:50 robot_arb WARNING OB poll B: token expired, reconnecting...
11:16:52 robot_arb WARNING OB poll A: rate limited, backing off...
11:17:22 robot_arb WARNING OB poll B: rate limited, backing off...
11:18:53 robot_arb WARNING OB poll A: rate limited, backing off...
11:19:23 robot_arb WARNING OB poll B: rate limited, backing off...
11:20:55 robot_arb WARNING OB poll A: rate limited, backing off...
11:21:25 robot_arb WARNING OB poll B: rate limited, backing off...
11:22:56 robot_arb WARNING OB poll A: rate limited, backing off...
11:23:26 robot_arb WARNING OB poll B: rate limited, backing off...
11:24:57 robot_arb WARNING OB poll A: rate limited, backing off...
11:25:27 robot_arb WARNING OB poll B: rate limited, backing off...
11:26:58 robot_arb WARNING OB poll A: rate limited, backing off...
11:27:28 robot_arb WARNING OB poll B: rate limited, backing off...
11:28:58 robot_arb WARNING OB poll A: rate limited, backing off...
11:29:28 robot_arb WARNING OB poll B: rate limited, backing off...
11:30:59 robot_arb WARNING OB poll A: rate limited, backing off...
11:31:29 robot_arb WARNING OB poll B: rate limited, backing off...
11:32:00 robot_arb WARNING OB poll A: token expired, reconnecting...
11:32:00 robot_arb INFO FinamPy reconnecting (#15)...
11:32:01 robot_arb INFO Orders manager linked to FinamPy gRPC + trade subscription + reconnect
11:32:01 robot_arb INFO FinamPy reconnected (#15). Accounts: ['1225950', '1225951', '1225952', '2049688', '1225953']
11:32:01 robot_arb WARNING OB poll B: token expired, reconnecting...
11:33:01 robot_arb WARNING OB poll A: rate limited, backing off...
11:33:31 robot_arb WARNING OB poll B: rate limited, backing off...
11:35:02 robot_arb WARNING OB poll A: rate limited, backing off...
11:35:32 robot_arb WARNING OB poll B: rate limited, backing off...
11:37:04 robot_arb WARNING OB poll A: rate limited, backing off...
11:37:34 robot_arb WARNING OB poll B: rate limited, backing off...
11:39:04 robot_arb WARNING OB poll A: rate limited, backing off...
11:39:34 robot_arb WARNING OB poll B: rate limited, backing off...
11:41:05 robot_arb WARNING OB poll A: rate limited, backing off...
11:41:35 robot_arb WARNING OB poll B: rate limited, backing off...
11:43:06 robot_arb WARNING OB poll A: rate limited, backing off...
11:43:36 robot_arb WARNING OB poll B: rate limited, backing off...
11:45:06 robot_arb WARNING OB poll A: rate limited, backing off...
11:45:36 robot_arb WARNING OB poll B: rate limited, backing off...
11:47:03 robot_arb WARNING OB poll A: token expired, reconnecting...
11:47:03 robot_arb INFO FinamPy reconnecting (#16)...
11:47:04 robot_arb INFO Orders manager linked to FinamPy gRPC + trade subscription + reconnect
11:47:04 robot_arb INFO FinamPy reconnected (#16). Accounts: ['1225950', '1225951', '1225952', '2049688', '1225953']
11:47:04 robot_arb WARNING OB poll B: token expired, reconnecting...
11:47:09 robot_arb WARNING OB poll A: rate limited, backing off...
11:47:39 robot_arb WARNING OB poll B: rate limited, backing off...
11:49:09 robot_arb WARNING OB poll A: rate limited, backing off...
11:49:39 robot_arb WARNING OB poll B: rate limited, backing off...
11:51:10 robot_arb WARNING OB poll A: rate limited, backing off...
11:51:40 robot_arb WARNING OB poll B: rate limited, backing off...
11:53:10 robot_arb WARNING OB poll A: rate limited, backing off...
11:53:40 robot_arb WARNING OB poll B: rate limited, backing off...
11:55:11 robot_arb WARNING OB poll A: rate limited, backing off...
11:55:41 robot_arb WARNING OB poll B: rate limited, backing off...
11:57:11 robot_arb WARNING OB poll A: rate limited, backing off...
11:57:41 robot_arb WARNING OB poll B: rate limited, backing off...
11:59:12 robot_arb WARNING OB poll A: rate limited, backing off...
11:59:42 robot_arb WARNING OB poll B: rate limited, backing off...
12:01:12 robot_arb WARNING OB poll A: rate limited, backing off...
12:01:42 robot_arb WARNING OB poll B: rate limited, backing off...
12:02:13 robot_arb WARNING OB poll A: token expired, reconnecting...
12:02:13 robot_arb INFO FinamPy reconnecting (#17)...
12:02:14 robot_arb INFO Orders manager linked to FinamPy gRPC + trade subscription + reconnect
12:02:14 robot_arb INFO FinamPy reconnected (#17). Accounts: ['1225950', '1225951', '1225952', '2049688', '1225953']
12:02:14 robot_arb WARNING OB poll B: token expired, reconnecting...
12:03:13 robot_arb WARNING OB poll A: rate limited, backing off...
12:03:43 robot_arb WARNING OB poll B: rate limited, backing off...
12:05:13 robot_arb WARNING OB poll B: rate limited, backing off...
12:07:16 robot_arb WARNING OB poll A: rate limited, backing off...
12:07:46 robot_arb WARNING OB poll B: rate limited, backing off...
12:09:14 robot_arb WARNING OB poll B: rate limited, backing off...
12:11:16 robot_arb WARNING OB poll A: rate limited, backing off...
12:11:46 robot_arb WARNING OB poll B: rate limited, backing off...
12:13:17 robot_arb WARNING OB poll A: rate limited, backing off...
12:13:47 robot_arb WARNING OB poll B: rate limited, backing off...
12:15:16 robot_arb WARNING OB poll A: rate limited, backing off...
12:15:46 robot_arb WARNING OB poll B: rate limited, backing off...
12:17:16 robot_arb WARNING OB poll A: token expired, reconnecting...
12:17:16 robot_arb INFO FinamPy reconnecting (#18)...
12:17:17 robot_arb INFO Orders manager linked to FinamPy gRPC + trade subscription + reconnect
12:17:17 robot_arb INFO FinamPy reconnected (#18). Accounts: ['1225950', '1225951', '1225952', '2049688', '1225953']
12:17:17 robot_arb WARNING OB poll B: token expired, reconnecting...
12:17:18 robot_arb WARNING OB poll A: rate limited, backing off...
12:17:48 robot_arb WARNING OB poll B: rate limited, backing off...
12:19:18 robot_arb WARNING OB poll A: rate limited, backing off...
12:19:48 robot_arb WARNING OB poll B: rate limited, backing off...
12:21:20 robot_arb WARNING OB poll A: rate limited, backing off...
12:21:50 robot_arb WARNING OB poll B: rate limited, backing off...
12:23:21 robot_arb WARNING OB poll A: rate limited, backing off...
12:23:51 robot_arb WARNING OB poll B: rate limited, backing off...
12:25:22 robot_arb WARNING OB poll A: rate limited, backing off...
12:25:52 robot_arb WARNING OB poll B: rate limited, backing off...
12:27:22 robot_arb WARNING OB poll A: rate limited, backing off...
12:27:52 robot_arb WARNING OB poll B: rate limited, backing off...
12:29:23 robot_arb WARNING OB poll A: rate limited, backing off...
12:29:53 robot_arb WARNING OB poll B: rate limited, backing off...
12:31:24 robot_arb WARNING OB poll A: rate limited, backing off...
12:31:54 robot_arb WARNING OB poll B: rate limited, backing off...
12:32:25 robot_arb WARNING OB poll A: token expired, reconnecting...
12:32:25 robot_arb INFO FinamPy reconnecting (#19)...
12:32:26 robot_arb INFO Orders manager linked to FinamPy gRPC + trade subscription + reconnect
12:32:26 robot_arb INFO FinamPy reconnected (#19). Accounts: ['1225950', '1225951', '1225952', '2049688', '1225953']
12:32:26 robot_arb WARNING OB poll B: token expired, reconnecting...
12:33:24 robot_arb WARNING OB poll A: rate limited, backing off...
12:33:54 robot_arb WARNING OB poll B: rate limited, backing off...
12:35:24 robot_arb WARNING OB poll A: rate limited, backing off...
12:35:54 robot_arb WARNING OB poll B: rate limited, backing off...
12:37:26 robot_arb WARNING OB poll A: rate limited, backing off...
12:37:56 robot_arb WARNING OB poll B: rate limited, backing off...
12:39:26 robot_arb WARNING OB poll A: rate limited, backing off...
12:39:56 robot_arb WARNING OB poll B: rate limited, backing off...
12:41:27 robot_arb WARNING OB poll A: rate limited, backing off...
12:41:57 robot_arb WARNING OB poll B: rate limited, backing off...
12:43:28 robot_arb WARNING OB poll A: rate limited, backing off...
12:43:58 robot_arb WARNING OB poll B: rate limited, backing off...
12:45:32 robot_arb WARNING OB poll A: rate limited, backing off...
12:46:02 robot_arb WARNING OB poll B: rate limited, backing off...
12:47:28 robot_arb WARNING OB poll A: token expired, reconnecting...
12:47:28 robot_arb INFO FinamPy reconnecting (#20)...
12:47:29 robot_arb INFO Orders manager linked to FinamPy gRPC + trade subscription + reconnect
12:47:29 robot_arb INFO FinamPy reconnected (#20). Accounts: ['1225950', '1225951', '1225952', '2049688', '1225953']
12:47:29 robot_arb WARNING OB poll B: token expired, reconnecting...
12:48:32 robot_arb WARNING OB poll A: rate limited, backing off...
12:49:02 robot_arb WARNING OB poll B: rate limited, backing off...
12:51:33 robot_arb WARNING OB poll A: rate limited, backing off...
12:52:03 robot_arb WARNING OB poll B: rate limited, backing off...
12:53:33 robot_arb WARNING OB poll A: rate limited, backing off...
12:54:03 robot_arb WARNING OB poll B: rate limited, backing off...
12:55:34 robot_arb WARNING OB poll A: rate limited, backing off...
12:56:04 robot_arb WARNING OB poll B: rate limited, backing off...
12:57:35 robot_arb WARNING OB poll A: rate limited, backing off...
12:58:05 robot_arb WARNING OB poll B: rate limited, backing off...
12:59:36 robot_arb WARNING OB poll A: rate limited, backing off...
13:00:06 robot_arb WARNING OB poll B: rate limited, backing off...
13:01:37 robot_arb WARNING OB poll A: rate limited, backing off...
13:02:07 robot_arb WARNING OB poll B: rate limited, backing off...
13:02:38 robot_arb WARNING OB poll A: token expired, reconnecting...
13:02:38 robot_arb INFO FinamPy reconnecting (#21)...
13:02:38 robot_arb INFO Orders manager linked to FinamPy gRPC + trade subscription + reconnect
13:02:38 robot_arb INFO FinamPy reconnected (#21). Accounts: ['1225950', '1225951', '1225952', '2049688', '1225953']
13:02:38 robot_arb WARNING OB poll B: token expired, reconnecting...
13:03:38 robot_arb WARNING OB poll A: rate limited, backing off...
13:04:08 robot_arb WARNING OB poll B: rate limited, backing off...
13:05:38 robot_arb WARNING OB poll A: rate limited, backing off...
13:06:08 robot_arb WARNING OB poll B: rate limited, backing off...
13:07:40 robot_arb WARNING OB poll A: rate limited, backing off...
13:08:10 robot_arb WARNING OB poll B: rate limited, backing off...
13:09:39 robot_arb WARNING OB poll B: rate limited, backing off...
13:11:41 robot_arb WARNING OB poll A: rate limited, backing off...
13:12:11 robot_arb WARNING OB poll B: rate limited, backing off...
13:13:42 robot_arb WARNING OB poll A: rate limited, backing off...
13:14:12 robot_arb WARNING OB poll B: rate limited, backing off...
13:15:43 robot_arb WARNING OB poll A: rate limited, backing off...
13:16:13 robot_arb WARNING OB poll B: rate limited, backing off...
13:17:41 robot_arb WARNING OB poll A: token expired, reconnecting...
13:17:41 robot_arb INFO FinamPy reconnecting (#22)...
13:17:41 robot_arb INFO Orders manager linked to FinamPy gRPC + trade subscription + reconnect
13:17:41 robot_arb INFO FinamPy reconnected (#22). Accounts: ['1225950', '1225951', '1225952', '2049688', '1225953']
13:17:41 robot_arb WARNING OB poll B: token expired, reconnecting...
13:17:45 robot_arb WARNING OB poll A: rate limited, backing off...
13:18:15 robot_arb WARNING OB poll B: rate limited, backing off...
13:19:44 robot_arb WARNING OB poll A: rate limited, backing off...
13:20:14 robot_arb WARNING OB poll B: rate limited, backing off...
13:21:45 robot_arb WARNING OB poll B: rate limited, backing off...
13:23:46 robot_arb WARNING OB poll B: rate limited, backing off...
13:25:47 robot_arb WARNING OB poll A: rate limited, backing off...
13:26:17 robot_arb WARNING OB poll B: rate limited, backing off...
13:27:48 robot_arb WARNING OB poll A: rate limited, backing off...
13:28:18 robot_arb WARNING OB poll B: rate limited, backing off...
13:29:49 robot_arb WARNING OB poll A: rate limited, backing off...
13:30:19 robot_arb WARNING OB poll B: rate limited, backing off...
13:31:50 robot_arb WARNING OB poll A: rate limited, backing off...
13:32:20 robot_arb WARNING OB poll B: rate limited, backing off...
13:32:51 robot_arb WARNING OB poll A: token expired, reconnecting...
13:32:51 robot_arb INFO FinamPy reconnecting (#23)...
13:32:52 robot_arb INFO Orders manager linked to FinamPy gRPC + trade subscription + reconnect
13:32:52 robot_arb INFO FinamPy reconnected (#23). Accounts: ['1225950', '1225951', '1225952', '2049688', '1225953']
13:32:52 robot_arb WARNING OB poll B: token expired, reconnecting...
13:33:50 robot_arb WARNING OB poll B: rate limited, backing off...
13:35:51 robot_arb WARNING OB poll A: rate limited, backing off...
13:36:21 robot_arb WARNING OB poll B: rate limited, backing off...
13:37:53 robot_arb WARNING OB poll A: rate limited, backing off...
13:38:23 robot_arb WARNING OB poll B: rate limited, backing off...
13:39:53 robot_arb WARNING OB poll A: rate limited, backing off...
13:40:23 robot_arb WARNING OB poll B: rate limited, backing off...
13:41:54 robot_arb WARNING OB poll A: rate limited, backing off...
13:42:24 robot_arb WARNING OB poll B: rate limited, backing off...
13:43:55 robot_arb WARNING OB poll A: rate limited, backing off...
13:44:25 robot_arb WARNING OB poll B: rate limited, backing off...
13:45:56 robot_arb WARNING OB poll A: rate limited, backing off...
13:46:26 robot_arb WARNING OB poll B: rate limited, backing off...
13:47:53 robot_arb WARNING OB poll A: token expired, reconnecting...
13:47:53 robot_arb INFO FinamPy reconnecting (#24)...
13:47:54 robot_arb INFO Orders manager linked to FinamPy gRPC + trade subscription + reconnect
13:47:54 robot_arb INFO FinamPy reconnected (#24). Accounts: ['1225950', '1225951', '1225952', '2049688', '1225953']
13:47:56 robot_arb WARNING OB poll A: rate limited, backing off...
13:48:26 robot_arb WARNING OB poll B: rate limited, backing off...
13:49:57 robot_arb WARNING OB poll A: rate limited, backing off...
13:50:27 robot_arb WARNING OB poll B: rate limited, backing off...
13:51:58 robot_arb WARNING OB poll A: rate limited, backing off...
13:52:28 robot_arb WARNING OB poll B: rate limited, backing off...
13:53:58 robot_arb WARNING OB poll A: rate limited, backing off...
13:54:28 robot_arb WARNING OB poll B: rate limited, backing off...
13:56:00 robot_arb WARNING OB poll A: rate limited, backing off...
13:56:30 robot_arb WARNING OB poll B: rate limited, backing off...
13:58:00 robot_arb WARNING OB poll A: rate limited, backing off...
13:58:30 robot_arb WARNING OB poll B: rate limited, backing off...
14:00:01 robot_arb WARNING OB poll A: rate limited, backing off...
14:00:31 robot_arb WARNING OB poll B: rate limited, backing off...
14:02:02 robot_arb WARNING OB poll A: rate limited, backing off...
14:02:32 robot_arb WARNING OB poll B: rate limited, backing off...
14:03:03 robot_arb WARNING OB poll A: token expired, reconnecting...
14:03:03 robot_arb INFO FinamPy reconnecting (#25)...
14:03:03 robot_arb INFO Orders manager linked to FinamPy gRPC + trade subscription + reconnect
14:03:03 robot_arb INFO FinamPy reconnected (#25). Accounts: ['1225950', '1225951', '1225952', '2049688', '1225953']
14:03:03 robot_arb WARNING OB poll B: token expired, reconnecting...
14:04:02 robot_arb WARNING OB poll A: rate limited, backing off...
14:04:32 robot_arb WARNING OB poll B: rate limited, backing off...
14:06:03 robot_arb WARNING OB poll A: rate limited, backing off...
14:06:33 robot_arb WARNING OB poll B: rate limited, backing off...
14:08:04 robot_arb WARNING OB poll A: rate limited, backing off...
14:08:34 robot_arb WARNING OB poll B: rate limited, backing off...
14:10:04 robot_arb WARNING OB poll A: rate limited, backing off...
14:10:34 robot_arb WARNING OB poll B: rate limited, backing off...
14:12:05 robot_arb WARNING OB poll A: rate limited, backing off...
14:12:35 robot_arb WARNING OB poll B: rate limited, backing off...
14:14:06 robot_arb WARNING OB poll A: rate limited, backing off...
14:14:36 robot_arb WARNING OB poll B: rate limited, backing off...
14:16:06 robot_arb WARNING OB poll A: rate limited, backing off...
14:16:36 robot_arb WARNING OB poll B: rate limited, backing off...
14:18:05 robot_arb WARNING OB poll A: token expired, reconnecting...
14:18:05 robot_arb INFO FinamPy reconnecting (#26)...
14:18:06 robot_arb INFO Orders manager linked to FinamPy gRPC + trade subscription + reconnect
14:18:06 robot_arb INFO FinamPy reconnected (#26). Accounts: ['1225950', '1225951', '1225952', '2049688', '1225953']
14:18:06 robot_arb WARNING OB poll B: token expired, reconnecting...
14:18:08 robot_arb WARNING OB poll A: rate limited, backing off...
14:18:38 robot_arb WARNING OB poll B: rate limited, backing off...
14:20:09 robot_arb WARNING OB poll A: rate limited, backing off...
14:20:39 robot_arb WARNING OB poll B: rate limited, backing off...
14:22:10 robot_arb WARNING OB poll A: rate limited, backing off...
14:22:40 robot_arb WARNING OB poll B: rate limited, backing off...
14:24:12 robot_arb WARNING OB poll A: rate limited, backing off...
14:24:42 robot_arb WARNING OB poll B: rate limited, backing off...
14:26:13 robot_arb WARNING OB poll A: rate limited, backing off...
14:26:43 robot_arb WARNING OB poll B: rate limited, backing off...
14:28:14 robot_arb WARNING OB poll A: rate limited, backing off...
14:28:44 robot_arb WARNING OB poll B: rate limited, backing off...
14:30:15 robot_arb WARNING OB poll A: rate limited, backing off...
14:30:45 robot_arb WARNING OB poll B: rate limited, backing off...
14:32:15 robot_arb WARNING OB poll A: rate limited, backing off...
14:32:45 robot_arb WARNING OB poll B: rate limited, backing off...
14:33:16 robot_arb WARNING OB poll A: token expired, reconnecting...
14:33:16 robot_arb INFO FinamPy reconnecting (#27)...
14:33:17 robot_arb INFO Orders manager linked to FinamPy gRPC + trade subscription + reconnect
14:33:17 robot_arb INFO FinamPy reconnected (#27). Accounts: ['1225950', '1225951', '1225952', '2049688', '1225953']
14:33:17 robot_arb WARNING OB poll B: token expired, reconnecting...
14:34:15 robot_arb WARNING OB poll A: rate limited, backing off...
14:34:45 robot_arb WARNING OB poll B: rate limited, backing off...
14:36:16 robot_arb WARNING OB poll A: rate limited, backing off...
14:36:46 robot_arb WARNING OB poll B: rate limited, backing off...
14:38:17 robot_arb WARNING OB poll A: rate limited, backing off...
14:38:47 robot_arb WARNING OB poll B: rate limited, backing off...
14:40:19 robot_arb WARNING OB poll A: rate limited, backing off...
14:40:49 robot_arb WARNING OB poll B: rate limited, backing off...
14:42:19 robot_arb WARNING OB poll A: rate limited, backing off...
14:42:49 robot_arb WARNING OB poll B: rate limited, backing off...
14:44:20 robot_arb WARNING OB poll A: rate limited, backing off...
14:44:50 robot_arb WARNING OB poll B: rate limited, backing off...
14:46:21 robot_arb WARNING OB poll A: rate limited, backing off...
14:46:51 robot_arb WARNING OB poll B: rate limited, backing off...
14:48:18 robot_arb WARNING OB poll A: token expired, reconnecting...
14:48:18 robot_arb INFO FinamPy reconnecting (#28)...
14:48:19 robot_arb INFO Orders manager linked to FinamPy gRPC + trade subscription + reconnect
14:48:19 robot_arb INFO FinamPy reconnected (#28). Accounts: ['1225950', '1225951', '1225952', '2049688', '1225953']
14:48:19 robot_arb WARNING OB poll B: token expired, reconnecting...
14:48:23 robot_arb WARNING OB poll A: rate limited, backing off...
14:48:53 robot_arb WARNING OB poll B: rate limited, backing off...
14:50:24 robot_arb WARNING OB poll A: rate limited, backing off...
14:50:54 robot_arb WARNING OB poll B: rate limited, backing off...
14:52:25 robot_arb WARNING OB poll A: rate limited, backing off...
14:52:55 robot_arb WARNING OB poll B: rate limited, backing off...
14:54:24 robot_arb WARNING OB poll B: rate limited, backing off...
14:56:26 robot_arb WARNING OB poll A: rate limited, backing off...
14:56:56 robot_arb WARNING OB poll B: rate limited, backing off...
14:58:27 robot_arb WARNING OB poll A: rate limited, backing off...
14:58:57 robot_arb WARNING OB poll B: rate limited, backing off...
15:00:27 robot_arb WARNING OB poll A: rate limited, backing off...
15:00:57 robot_arb WARNING OB poll B: rate limited, backing off...
15:02:27 robot_arb WARNING OB poll A: rate limited, backing off...
15:02:57 robot_arb WARNING OB poll B: rate limited, backing off...
15:03:29 robot_arb WARNING OB poll A: token expired, reconnecting...
15:03:29 robot_arb INFO FinamPy reconnecting (#29)...
15:03:30 robot_arb INFO Orders manager linked to FinamPy gRPC + trade subscription + reconnect
15:03:30 robot_arb INFO FinamPy reconnected (#29). Accounts: ['1225950', '1225951', '1225952', '2049688', '1225953']
15:03:30 robot_arb WARNING OB poll B: token expired, reconnecting...
15:04:28 robot_arb WARNING OB poll A: rate limited, backing off...
15:04:58 robot_arb WARNING OB poll B: rate limited, backing off...
15:06:29 robot_arb WARNING OB poll A: rate limited, backing off...
15:06:59 robot_arb WARNING OB poll B: rate limited, backing off...
15:08:30 robot_arb WARNING OB poll A: rate limited, backing off...
15:09:00 robot_arb WARNING OB poll B: rate limited, backing off...
15:10:31 robot_arb WARNING OB poll A: rate limited, backing off...
15:11:01 robot_arb WARNING OB poll B: rate limited, backing off...
15:12:32 robot_arb WARNING OB poll A: rate limited, backing off...
15:13:02 robot_arb WARNING OB poll B: rate limited, backing off...
15:14:33 robot_arb WARNING OB poll A: rate limited, backing off...
15:15:03 robot_arb WARNING OB poll B: rate limited, backing off...
15:16:34 robot_arb WARNING OB poll A: rate limited, backing off...
15:17:04 robot_arb WARNING OB poll B: rate limited, backing off...
15:18:31 robot_arb WARNING OB poll A: token expired, reconnecting...
15:18:31 robot_arb INFO FinamPy reconnecting (#30)...
15:18:32 robot_arb INFO Orders manager linked to FinamPy gRPC + trade subscription + reconnect
15:18:32 robot_arb INFO FinamPy reconnected (#30). Accounts: ['1225950', '1225951', '1225952', '2049688', '1225953']
15:18:32 robot_arb WARNING OB poll B: token expired, reconnecting...
15:18:36 robot_arb WARNING OB poll A: rate limited, backing off...
15:19:06 robot_arb WARNING OB poll B: rate limited, backing off...
15:20:35 robot_arb WARNING OB poll A: rate limited, backing off...
15:21:05 robot_arb WARNING OB poll B: rate limited, backing off...
15:22:37 robot_arb WARNING OB poll A: rate limited, backing off...
15:23:07 robot_arb WARNING OB poll B: rate limited, backing off...
15:24:37 robot_arb WARNING OB poll A: rate limited, backing off...
15:25:07 robot_arb WARNING OB poll B: rate limited, backing off...
15:26:37 robot_arb WARNING OB poll A: rate limited, backing off...
15:27:07 robot_arb WARNING OB poll B: rate limited, backing off...
15:28:38 robot_arb WARNING OB poll A: rate limited, backing off...
15:29:08 robot_arb WARNING OB poll B: rate limited, backing off...
15:30:39 robot_arb WARNING OB poll A: rate limited, backing off...
15:31:09 robot_arb WARNING OB poll B: rate limited, backing off...
15:32:40 robot_arb WARNING OB poll A: rate limited, backing off...
15:33:10 robot_arb WARNING OB poll B: rate limited, backing off...
15:33:41 robot_arb WARNING OB poll A: token expired, reconnecting...
15:33:41 robot_arb INFO FinamPy reconnecting (#31)...
15:33:42 robot_arb INFO Orders manager linked to FinamPy gRPC + trade subscription + reconnect
15:33:42 robot_arb INFO FinamPy reconnected (#31). Accounts: ['1225950', '1225951', '1225952', '2049688', '1225953']
15:33:42 robot_arb WARNING OB poll B: token expired, reconnecting...
15:34:41 robot_arb WARNING OB poll A: rate limited, backing off...
15:35:11 robot_arb WARNING OB poll B: rate limited, backing off...
15:36:42 robot_arb WARNING OB poll A: rate limited, backing off...
15:37:12 robot_arb WARNING OB poll B: rate limited, backing off...
15:38:42 robot_arb WARNING OB poll A: rate limited, backing off...
15:39:12 robot_arb WARNING OB poll B: rate limited, backing off...
15:40:44 robot_arb WARNING OB poll A: rate limited, backing off...
15:41:14 robot_arb WARNING OB poll B: rate limited, backing off...
15:42:46 robot_arb WARNING OB poll A: rate limited, backing off...
15:43:16 robot_arb WARNING OB poll B: rate limited, backing off...
15:44:47 robot_arb WARNING OB poll A: rate limited, backing off...
15:45:17 robot_arb WARNING OB poll B: rate limited, backing off...
15:46:49 robot_arb WARNING OB poll A: rate limited, backing off...
15:47:19 robot_arb WARNING OB poll B: rate limited, backing off...
15:48:44 robot_arb WARNING OB poll A: token expired, reconnecting...
15:48:44 robot_arb INFO FinamPy reconnecting (#32)...
15:48:45 robot_arb INFO Orders manager linked to FinamPy gRPC + trade subscription + reconnect
15:48:45 robot_arb INFO FinamPy reconnected (#32). Accounts: ['1225950', '1225951', '1225952', '2049688', '1225953']
15:48:45 robot_arb WARNING OB poll B: token expired, reconnecting...
15:48:52 robot_arb WARNING OB poll A: rate limited, backing off...
15:49:22 robot_arb WARNING OB poll B: rate limited, backing off...
15:50:53 robot_arb WARNING OB poll A: rate limited, backing off...
15:51:23 robot_arb WARNING OB poll B: rate limited, backing off...
15:52:55 robot_arb WARNING OB poll A: rate limited, backing off...
15:53:25 robot_arb WARNING OB poll B: rate limited, backing off...
15:54:55 robot_arb WARNING OB poll A: rate limited, backing off...
15:55:25 robot_arb WARNING OB poll B: rate limited, backing off...
15:56:56 robot_arb WARNING OB poll A: rate limited, backing off...
15:57:26 robot_arb WARNING OB poll B: rate limited, backing off...
15:58:56 robot_arb WARNING OB poll A: rate limited, backing off...
15:59:26 robot_arb WARNING OB poll B: rate limited, backing off...
16:00:58 robot_arb WARNING OB poll A: rate limited, backing off...
16:01:28 robot_arb WARNING OB poll B: rate limited, backing off...
16:02:58 robot_arb WARNING OB poll A: rate limited, backing off...
16:03:28 robot_arb WARNING OB poll B: rate limited, backing off...
16:03:59 robot_arb WARNING OB poll A: token expired, reconnecting...
16:03:59 robot_arb INFO FinamPy reconnecting (#33)...
16:04:00 robot_arb INFO Orders manager linked to FinamPy gRPC + trade subscription + reconnect
16:04:00 robot_arb INFO FinamPy reconnected (#33). Accounts: ['1225950', '1225951', '1225952', '2049688', '1225953']
16:04:00 robot_arb WARNING OB poll B: token expired, reconnecting...
16:04:59 robot_arb WARNING OB poll A: rate limited, backing off...
16:05:29 robot_arb WARNING OB poll B: rate limited, backing off...
16:06:59 robot_arb WARNING OB poll B: rate limited, backing off...
16:09:00 robot_arb WARNING OB poll A: rate limited, backing off...
16:09:30 robot_arb WARNING OB poll B: rate limited, backing off...
16:11:00 robot_arb WARNING OB poll A: rate limited, backing off...
16:11:30 robot_arb WARNING OB poll B: rate limited, backing off...
16:13:01 robot_arb WARNING OB poll A: rate limited, backing off...
16:13:31 robot_arb WARNING OB poll B: rate limited, backing off...
16:15:01 robot_arb WARNING OB poll B: rate limited, backing off...
16:17:02 robot_arb WARNING OB poll B: rate limited, backing off...
16:19:02 robot_arb WARNING OB poll A: token expired, reconnecting...
16:19:02 robot_arb INFO FinamPy reconnecting (#34)...
16:19:04 robot_arb INFO Orders manager linked to FinamPy gRPC + trade subscription + reconnect
16:19:04 robot_arb INFO FinamPy reconnected (#34). Accounts: ['1225950', '1225951', '1225952', '2049688', '1225953']
16:19:05 robot_arb WARNING OB poll B: rate limited, backing off...
16:21:05 robot_arb WARNING OB poll A: rate limited, backing off...
16:21:35 robot_arb WARNING OB poll B: rate limited, backing off...
16:23:06 robot_arb WARNING OB poll A: rate limited, backing off...
16:23:36 robot_arb WARNING OB poll B: rate limited, backing off...
16:25:06 robot_arb WARNING OB poll A: rate limited, backing off...
16:25:36 robot_arb WARNING OB poll B: rate limited, backing off...
16:27:07 robot_arb WARNING OB poll A: rate limited, backing off...
16:27:37 robot_arb WARNING OB poll B: rate limited, backing off...
16:29:08 robot_arb WARNING OB poll A: rate limited, backing off...
16:29:38 robot_arb WARNING OB poll B: rate limited, backing off...
16:31:09 robot_arb WARNING OB poll A: rate limited, backing off...
16:31:39 robot_arb WARNING OB poll B: rate limited, backing off...
16:33:10 robot_arb WARNING OB poll A: rate limited, backing off...
16:33:40 robot_arb WARNING OB poll B: rate limited, backing off...
16:34:11 robot_arb WARNING OB poll A: token expired, reconnecting...
16:34:11 robot_arb INFO FinamPy reconnecting (#35)...
16:34:12 robot_arb INFO Orders manager linked to FinamPy gRPC + trade subscription + reconnect
16:34:12 robot_arb INFO FinamPy reconnected (#35). Accounts: ['1225950', '1225951', '1225952', '2049688', '1225953']
16:34:12 robot_arb WARNING OB poll B: token expired, reconnecting...
16:35:11 robot_arb WARNING OB poll A: rate limited, backing off...
16:35:41 robot_arb WARNING OB poll B: rate limited, backing off...
16:37:11 robot_arb WARNING OB poll A: rate limited, backing off...
16:37:41 robot_arb WARNING OB poll B: rate limited, backing off...
16:39:12 robot_arb WARNING OB poll A: rate limited, backing off...
16:39:42 robot_arb WARNING OB poll B: rate limited, backing off...
16:41:14 robot_arb WARNING OB poll A: rate limited, backing off...
16:41:44 robot_arb WARNING OB poll B: rate limited, backing off...
16:43:14 robot_arb WARNING OB poll A: rate limited, backing off...
16:43:44 robot_arb WARNING OB poll B: rate limited, backing off...
16:45:15 robot_arb WARNING OB poll A: rate limited, backing off...
16:45:45 robot_arb WARNING OB poll B: rate limited, backing off...
16:47:15 robot_arb WARNING OB poll A: rate limited, backing off...
16:47:45 robot_arb WARNING OB poll B: rate limited, backing off...
16:49:14 robot_arb WARNING OB poll A: token expired, reconnecting...
16:49:14 robot_arb INFO FinamPy reconnecting (#36)...
16:49:15 robot_arb INFO Orders manager linked to FinamPy gRPC + trade subscription + reconnect
16:49:15 robot_arb INFO FinamPy reconnected (#36). Accounts: ['1225950', '1225951', '1225952', '2049688', '1225953']
16:49:15 robot_arb WARNING OB poll B: token expired, reconnecting...
16:49:18 robot_arb WARNING OB poll A: rate limited, backing off...
16:49:48 robot_arb WARNING OB poll B: rate limited, backing off...
16:51:18 robot_arb WARNING OB poll A: rate limited, backing off...
16:51:48 robot_arb WARNING OB poll B: rate limited, backing off...
16:53:19 robot_arb WARNING OB poll A: rate limited, backing off...
16:53:49 robot_arb WARNING OB poll B: rate limited, backing off...
16:55:19 robot_arb WARNING OB poll A: rate limited, backing off...
16:55:49 robot_arb WARNING OB poll B: rate limited, backing off...
16:57:20 robot_arb WARNING OB poll B: rate limited, backing off...
16:59:21 robot_arb WARNING OB poll A: rate limited, backing off...
16:59:51 robot_arb WARNING OB poll B: rate limited, backing off...
17:01:22 robot_arb WARNING OB poll A: rate limited, backing off...
17:01:52 robot_arb WARNING OB poll B: rate limited, backing off...
17:03:22 robot_arb WARNING OB poll B: rate limited, backing off...
17:04:16 robot_arb WARNING OB poll A: token expired, reconnecting...
17:04:16 robot_arb INFO FinamPy reconnecting (#37)...
17:04:17 robot_arb INFO Orders manager linked to FinamPy gRPC + trade subscription + reconnect
17:04:17 robot_arb INFO FinamPy reconnected (#37). Accounts: ['1225950', '1225951', '1225952', '2049688', '1225953']
17:04:17 robot_arb WARNING OB poll B: token expired, reconnecting...
17:05:24 robot_arb WARNING OB poll A: rate limited, backing off...
17:05:54 robot_arb WARNING OB poll B: rate limited, backing off...
17:07:24 robot_arb WARNING OB poll A: rate limited, backing off...
17:07:54 robot_arb WARNING OB poll B: rate limited, backing off...
17:09:25 robot_arb WARNING OB poll A: rate limited, backing off...
17:09:55 robot_arb WARNING OB poll B: rate limited, backing off...
17:11:26 robot_arb WARNING OB poll B: rate limited, backing off...
17:13:27 robot_arb WARNING OB poll B: rate limited, backing off...
17:15:29 robot_arb WARNING OB poll A: rate limited, backing off...
17:15:59 robot_arb WARNING OB poll B: rate limited, backing off...
17:17:30 robot_arb WARNING OB poll A: rate limited, backing off...
17:18:00 robot_arb WARNING OB poll B: rate limited, backing off...
17:19:19 robot_arb WARNING OB poll B: token expired, reconnecting...
17:19:19 robot_arb INFO FinamPy reconnecting (#38)...
17:19:19 robot_arb INFO Orders manager linked to FinamPy gRPC + trade subscription + reconnect
17:19:19 robot_arb INFO FinamPy reconnected (#38). Accounts: ['1225950', '1225951', '1225952', '2049688', '1225953']
17:19:30 robot_arb WARNING OB poll B: rate limited, backing off...
17:21:31 robot_arb WARNING OB poll A: rate limited, backing off...
17:22:01 robot_arb WARNING OB poll B: rate limited, backing off...
17:23:33 robot_arb WARNING OB poll A: rate limited, backing off...
17:24:03 robot_arb WARNING OB poll B: rate limited, backing off...
17:25:34 robot_arb WARNING OB poll A: rate limited, backing off...
17:26:04 robot_arb WARNING OB poll B: rate limited, backing off...
17:27:35 robot_arb WARNING OB poll A: rate limited, backing off...
17:28:05 robot_arb WARNING OB poll B: rate limited, backing off...
17:29:36 robot_arb WARNING OB poll A: rate limited, backing off...
17:30:06 robot_arb WARNING OB poll B: rate limited, backing off...
17:31:37 robot_arb WARNING OB poll A: rate limited, backing off...
17:32:07 robot_arb WARNING OB poll B: rate limited, backing off...
17:33:37 robot_arb WARNING OB poll A: rate limited, backing off...
17:34:07 robot_arb WARNING OB poll B: rate limited, backing off...
17:34:39 robot_arb WARNING OB poll A: token expired, reconnecting...
17:34:39 robot_arb INFO FinamPy reconnecting (#39)...
17:34:39 robot_arb INFO Orders manager linked to FinamPy gRPC + trade subscription + reconnect
17:34:39 robot_arb INFO FinamPy reconnected (#39). Accounts: ['1225950', '1225951', '1225952', '2049688', '1225953']
17:34:39 robot_arb WARNING OB poll B: token expired, reconnecting...
17:35:39 robot_arb WARNING OB poll A: rate limited, backing off...
17:36:09 robot_arb WARNING OB poll B: rate limited, backing off...
17:37:40 robot_arb WARNING OB poll A: rate limited, backing off...
17:38:10 robot_arb WARNING OB poll B: rate limited, backing off...
17:39:40 robot_arb WARNING OB poll A: rate limited, backing off...
17:40:10 robot_arb WARNING OB poll B: rate limited, backing off...
17:41:40 robot_arb WARNING OB poll A: rate limited, backing off...
17:42:10 robot_arb WARNING OB poll B: rate limited, backing off...
17:43:41 robot_arb WARNING OB poll A: rate limited, backing off...
17:44:11 robot_arb WARNING OB poll B: rate limited, backing off...
17:45:42 robot_arb WARNING OB poll A: rate limited, backing off...
17:46:12 robot_arb WARNING OB poll B: rate limited, backing off...
17:47:44 robot_arb WARNING OB poll A: rate limited, backing off...
17:48:14 robot_arb WARNING OB poll B: rate limited, backing off...
17:49:41 robot_arb WARNING OB poll B: token expired, reconnecting...
17:49:41 robot_arb INFO FinamPy reconnecting (#40)...
17:49:42 robot_arb INFO Orders manager linked to FinamPy gRPC + trade subscription + reconnect
17:49:42 robot_arb INFO FinamPy reconnected (#40). Accounts: ['1225950', '1225951', '1225952', '2049688', '1225953']
17:49:44 robot_arb WARNING OB poll B: rate limited, backing off...
17:51:45 robot_arb WARNING OB poll A: rate limited, backing off...
17:52:15 robot_arb WARNING OB poll B: rate limited, backing off...
17:53:47 robot_arb WARNING OB poll A: rate limited, backing off...
17:54:17 robot_arb WARNING OB poll B: rate limited, backing off...
17:55:46 robot_arb WARNING OB poll A: rate limited, backing off...
17:56:16 robot_arb WARNING OB poll B: rate limited, backing off...
17:57:47 robot_arb WARNING OB poll A: rate limited, backing off...
17:58:17 robot_arb WARNING OB poll B: rate limited, backing off...
17:59:48 robot_arb WARNING OB poll A: rate limited, backing off...
18:00:18 robot_arb WARNING OB poll B: rate limited, backing off...
18:01:50 robot_arb WARNING OB poll A: rate limited, backing off...
18:02:20 robot_arb WARNING OB poll B: rate limited, backing off...
18:03:51 robot_arb WARNING OB poll A: rate limited, backing off...
18:04:21 robot_arb WARNING OB poll B: rate limited, backing off...
18:04:52 robot_arb WARNING OB poll A: token expired, reconnecting...
18:04:52 robot_arb INFO FinamPy reconnecting (#41)...
18:04:53 robot_arb INFO Orders manager linked to FinamPy gRPC + trade subscription + reconnect
18:04:53 robot_arb INFO FinamPy reconnected (#41). Accounts: ['1225950', '1225951', '1225952', '2049688', '1225953']
18:04:53 robot_arb WARNING OB poll B: token expired, reconnecting...
18:05:52 robot_arb WARNING OB poll A: rate limited, backing off...
18:06:22 robot_arb WARNING OB poll B: rate limited, backing off...
18:07:53 robot_arb WARNING OB poll A: rate limited, backing off...
18:08:23 robot_arb WARNING OB poll B: rate limited, backing off...
18:09:53 robot_arb WARNING OB poll A: rate limited, backing off...
18:10:23 robot_arb WARNING OB poll B: rate limited, backing off...
18:11:54 robot_arb WARNING OB poll A: rate limited, backing off...
18:12:24 robot_arb WARNING OB poll B: rate limited, backing off...
18:13:55 robot_arb WARNING OB poll A: rate limited, backing off...
18:14:25 robot_arb WARNING OB poll B: rate limited, backing off...
18:15:56 robot_arb WARNING OB poll A: rate limited, backing off...
18:16:26 robot_arb WARNING OB poll B: rate limited, backing off...
18:17:57 robot_arb WARNING OB poll B: rate limited, backing off...
18:19:55 robot_arb WARNING OB poll A: token expired, reconnecting...
18:19:55 robot_arb INFO FinamPy reconnecting (#42)...
18:19:56 robot_arb INFO Orders manager linked to FinamPy gRPC + trade subscription + reconnect
18:19:56 robot_arb INFO FinamPy reconnected (#42). Accounts: ['1225950', '1225951', '1225952', '2049688', '1225953']
18:19:56 robot_arb WARNING OB poll B: token expired, reconnecting...
18:19:59 robot_arb WARNING OB poll A: rate limited, backing off...
18:20:29 robot_arb WARNING OB poll B: rate limited, backing off...
18:22:00 robot_arb WARNING OB poll A: rate limited, backing off...
18:22:30 robot_arb WARNING OB poll B: rate limited, backing off...
18:24:01 robot_arb WARNING OB poll A: rate limited, backing off...
18:24:31 robot_arb WARNING OB poll B: rate limited, backing off...
18:26:01 robot_arb WARNING OB poll A: rate limited, backing off...
18:26:31 robot_arb WARNING OB poll B: rate limited, backing off...
18:28:01 robot_arb WARNING OB poll A: rate limited, backing off...
18:28:31 robot_arb WARNING OB poll B: rate limited, backing off...
18:30:02 robot_arb WARNING OB poll B: rate limited, backing off...
18:32:04 robot_arb WARNING OB poll A: rate limited, backing off...
18:32:34 robot_arb WARNING OB poll B: rate limited, backing off...
18:34:06 robot_arb WARNING OB poll A: rate limited, backing off...
18:34:36 robot_arb WARNING OB poll B: rate limited, backing off...
18:35:07 robot_arb WARNING OB poll A: token expired, reconnecting...
18:35:07 robot_arb INFO FinamPy reconnecting (#43)...
18:35:08 robot_arb INFO Orders manager linked to FinamPy gRPC + trade subscription + reconnect
18:35:08 robot_arb INFO FinamPy reconnected (#43). Accounts: ['1225950', '1225951', '1225952', '2049688', '1225953']
18:35:08 robot_arb WARNING OB poll B: token expired, reconnecting...
18:36:07 robot_arb WARNING OB poll A: rate limited, backing off...
18:36:37 robot_arb WARNING OB poll B: rate limited, backing off...
18:38:09 robot_arb WARNING OB poll A: rate limited, backing off...
18:38:39 robot_arb WARNING OB poll B: rate limited, backing off...
18:40:08 robot_arb WARNING OB poll A: rate limited, backing off...
18:40:38 robot_arb WARNING OB poll B: rate limited, backing off...
18:42:09 robot_arb WARNING OB poll A: rate limited, backing off...
18:42:39 robot_arb WARNING OB poll B: rate limited, backing off...
18:44:10 robot_arb WARNING OB poll A: rate limited, backing off...
18:44:40 robot_arb WARNING OB poll B: rate limited, backing off...
18:46:12 robot_arb WARNING OB poll A: rate limited, backing off...
18:46:42 robot_arb WARNING OB poll B: rate limited, backing off...
18:48:13 robot_arb WARNING OB poll A: rate limited, backing off...
18:48:43 robot_arb WARNING OB poll B: rate limited, backing off...
18:50:10 robot_arb WARNING OB poll A: token expired, reconnecting...
18:50:10 robot_arb INFO FinamPy reconnecting (#44)...
18:50:11 robot_arb INFO Orders manager linked to FinamPy gRPC + trade subscription + reconnect
18:50:11 robot_arb INFO FinamPy reconnected (#44). Accounts: ['1225950', '1225951', '1225952', '2049688', '1225953']
18:50:11 robot_arb WARNING OB poll B: token expired, reconnecting...
18:50:15 robot_arb WARNING OB poll A: rate limited, backing off...
18:50:45 robot_arb WARNING OB poll B: rate limited, backing off...
18:52:17 robot_arb WARNING OB poll A: rate limited, backing off...
18:52:47 robot_arb WARNING OB poll B: rate limited, backing off...
18:54:17 robot_arb WARNING OB poll A: rate limited, backing off...
18:54:47 robot_arb WARNING OB poll B: rate limited, backing off...
18:56:17 robot_arb WARNING OB poll A: rate limited, backing off...
18:56:47 robot_arb WARNING OB poll B: rate limited, backing off...
18:58:18 robot_arb WARNING OB poll A: rate limited, backing off...
18:58:48 robot_arb WARNING OB poll B: rate limited, backing off...
19:00:19 robot_arb WARNING OB poll A: rate limited, backing off...
19:00:49 robot_arb WARNING OB poll B: rate limited, backing off...
19:02:19 robot_arb WARNING OB poll A: rate limited, backing off...
19:02:49 robot_arb WARNING OB poll B: rate limited, backing off...
19:04:20 robot_arb WARNING OB poll A: rate limited, backing off...
19:04:50 robot_arb WARNING OB poll B: rate limited, backing off...
19:05:21 robot_arb WARNING OB poll A: token expired, reconnecting...
19:05:21 robot_arb INFO FinamPy reconnecting (#45)...
19:05:22 robot_arb INFO Orders manager linked to FinamPy gRPC + trade subscription + reconnect
19:05:22 robot_arb INFO FinamPy reconnected (#45). Accounts: ['1225950', '1225951', '1225952', '2049688', '1225953']
19:05:22 robot_arb WARNING OB poll B: token expired, reconnecting...
19:06:22 robot_arb WARNING OB poll A: rate limited, backing off...
19:06:52 robot_arb WARNING OB poll B: rate limited, backing off...
19:08:24 robot_arb WARNING OB poll A: rate limited, backing off...
19:08:54 robot_arb WARNING OB poll B: rate limited, backing off...
19:10:23 robot_arb WARNING OB poll A: rate limited, backing off...
19:10:53 robot_arb WARNING OB poll B: rate limited, backing off...
19:12:24 robot_arb WARNING OB poll A: rate limited, backing off...
19:12:54 robot_arb WARNING OB poll B: rate limited, backing off...
19:14:25 robot_arb WARNING OB poll A: rate limited, backing off...
19:14:55 robot_arb WARNING OB poll B: rate limited, backing off...
19:16:26 robot_arb WARNING OB poll A: rate limited, backing off...
19:16:56 robot_arb WARNING OB poll B: rate limited, backing off...
19:18:27 robot_arb WARNING OB poll A: rate limited, backing off...
19:18:57 robot_arb WARNING OB poll B: rate limited, backing off...
19:20:24 robot_arb WARNING OB poll A: token expired, reconnecting...
19:20:24 robot_arb INFO FinamPy reconnecting (#46)...
19:20:25 robot_arb INFO Orders manager linked to FinamPy gRPC + trade subscription + reconnect
19:20:25 robot_arb INFO FinamPy reconnected (#46). Accounts: ['1225950', '1225951', '1225952', '2049688', '1225953']
19:20:25 robot_arb WARNING OB poll B: token expired, reconnecting...
19:20:28 robot_arb WARNING OB poll A: rate limited, backing off...
19:20:58 robot_arb WARNING OB poll B: rate limited, backing off...
19:22:28 robot_arb WARNING OB poll A: rate limited, backing off...
19:22:58 robot_arb WARNING OB poll B: rate limited, backing off...
19:24:29 robot_arb WARNING OB poll A: rate limited, backing off...
19:24:59 robot_arb WARNING OB poll B: rate limited, backing off...
19:26:30 robot_arb WARNING OB poll B: rate limited, backing off...
19:28:31 robot_arb WARNING OB poll A: rate limited, backing off...
19:29:01 robot_arb WARNING OB poll B: rate limited, backing off...
19:30:33 robot_arb WARNING OB poll A: rate limited, backing off...
19:31:03 robot_arb WARNING OB poll B: rate limited, backing off...
19:32:33 robot_arb WARNING OB poll A: rate limited, backing off...
19:33:03 robot_arb WARNING OB poll B: rate limited, backing off...
19:34:34 robot_arb WARNING OB poll A: rate limited, backing off...
19:35:04 robot_arb WARNING OB poll B: rate limited, backing off...
19:35:35 robot_arb WARNING OB poll A: token expired, reconnecting...
19:35:35 robot_arb INFO FinamPy reconnecting (#47)...
19:35:36 robot_arb INFO Orders manager linked to FinamPy gRPC + trade subscription + reconnect
19:35:36 robot_arb INFO FinamPy reconnected (#47). Accounts: ['1225950', '1225951', '1225952', '2049688', '1225953']
19:35:36 robot_arb WARNING OB poll B: token expired, reconnecting...
19:36:34 robot_arb WARNING OB poll A: rate limited, backing off...
19:37:04 robot_arb WARNING OB poll B: rate limited, backing off...
19:38:36 robot_arb WARNING OB poll A: rate limited, backing off...
19:39:06 robot_arb WARNING OB poll B: rate limited, backing off...
19:40:36 robot_arb WARNING OB poll A: rate limited, backing off...
19:41:06 robot_arb WARNING OB poll B: rate limited, backing off...
19:42:37 robot_arb WARNING OB poll A: rate limited, backing off...
19:43:07 robot_arb WARNING OB poll B: rate limited, backing off...
19:44:37 robot_arb WARNING OB poll A: rate limited, backing off...
19:45:07 robot_arb WARNING OB poll B: rate limited, backing off...
19:46:39 robot_arb WARNING OB poll A: rate limited, backing off...
19:47:09 robot_arb WARNING OB poll B: rate limited, backing off...
19:48:40 robot_arb WARNING OB poll A: rate limited, backing off...
19:49:10 robot_arb WARNING OB poll B: rate limited, backing off...
19:50:38 robot_arb WARNING OB poll A: token expired, reconnecting...
19:50:38 robot_arb INFO FinamPy reconnecting (#48)...
19:50:39 robot_arb INFO Orders manager linked to FinamPy gRPC + trade subscription + reconnect
19:50:39 robot_arb INFO FinamPy reconnected (#48). Accounts: ['1225950', '1225951', '1225952', '2049688', '1225953']
19:50:39 robot_arb WARNING OB poll B: token expired, reconnecting...
19:50:43 robot_arb WARNING OB poll A: rate limited, backing off...
19:51:13 robot_arb WARNING OB poll B: rate limited, backing off...
19:52:44 robot_arb WARNING OB poll A: rate limited, backing off...
19:53:14 robot_arb WARNING OB poll B: rate limited, backing off...
19:54:45 robot_arb WARNING OB poll A: rate limited, backing off...
19:55:15 robot_arb WARNING OB poll B: rate limited, backing off...
19:56:45 robot_arb WARNING OB poll A: rate limited, backing off...
19:57:15 robot_arb WARNING OB poll B: rate limited, backing off...
19:58:46 robot_arb WARNING OB poll A: rate limited, backing off...
19:59:16 robot_arb WARNING OB poll B: rate limited, backing off...
20:00:47 robot_arb WARNING OB poll A: rate limited, backing off...
20:01:17 robot_arb WARNING OB poll B: rate limited, backing off...
20:02:48 robot_arb WARNING OB poll A: rate limited, backing off...
20:03:18 robot_arb WARNING OB poll B: rate limited, backing off...
20:04:50 robot_arb WARNING OB poll A: rate limited, backing off...
20:05:20 robot_arb WARNING OB poll B: rate limited, backing off...
20:05:51 robot_arb WARNING OB poll A: token expired, reconnecting...
20:05:51 robot_arb INFO FinamPy reconnecting (#49)...
20:05:52 robot_arb INFO Orders manager linked to FinamPy gRPC + trade subscription + reconnect
20:05:52 robot_arb INFO FinamPy reconnected (#49). Accounts: ['1225950', '1225951', '1225952', '2049688', '1225953']
20:05:52 robot_arb WARNING OB poll B: token expired, reconnecting...
20:06:51 robot_arb WARNING OB poll A: rate limited, backing off...
20:07:21 robot_arb WARNING OB poll B: rate limited, backing off...
20:08:53 robot_arb WARNING OB poll A: rate limited, backing off...
20:09:23 robot_arb WARNING OB poll B: rate limited, backing off...
20:10:53 robot_arb WARNING OB poll A: rate limited, backing off...
20:11:23 robot_arb WARNING OB poll B: rate limited, backing off...
20:12:54 robot_arb WARNING OB poll A: rate limited, backing off...
20:13:24 robot_arb WARNING OB poll B: rate limited, backing off...
20:14:55 robot_arb WARNING OB poll A: rate limited, backing off...
20:15:25 robot_arb WARNING OB poll B: rate limited, backing off...
20:16:56 robot_arb WARNING OB poll A: rate limited, backing off...
20:17:26 robot_arb WARNING OB poll B: rate limited, backing off...
20:18:56 robot_arb WARNING OB poll A: rate limited, backing off...
20:19:26 robot_arb WARNING OB poll B: rate limited, backing off...
20:20:54 robot_arb WARNING OB poll A: token expired, reconnecting...
20:20:54 robot_arb INFO FinamPy reconnecting (#50)...
20:20:55 robot_arb INFO Orders manager linked to FinamPy gRPC + trade subscription + reconnect
20:20:55 robot_arb INFO FinamPy reconnected (#50). Accounts: ['1225950', '1225951', '1225952', '2049688', '1225953']
20:20:55 robot_arb WARNING OB poll B: token expired, reconnecting...
20:20:58 robot_arb WARNING OB poll A: rate limited, backing off...
20:21:28 robot_arb WARNING OB poll B: rate limited, backing off...
20:22:58 robot_arb WARNING OB poll B: rate limited, backing off...
20:24:59 robot_arb WARNING OB poll A: rate limited, backing off...
20:25:29 robot_arb WARNING OB poll B: rate limited, backing off...
20:27:00 robot_arb WARNING OB poll A: rate limited, backing off...
20:27:30 robot_arb WARNING OB poll B: rate limited, backing off...
20:29:02 robot_arb WARNING OB poll A: rate limited, backing off...
20:29:32 robot_arb WARNING OB poll B: rate limited, backing off...
20:31:04 robot_arb WARNING OB poll A: rate limited, backing off...
20:31:34 robot_arb WARNING OB poll B: rate limited, backing off...
20:33:05 robot_arb WARNING OB poll A: rate limited, backing off...
20:33:35 robot_arb WARNING OB poll B: rate limited, backing off...
20:35:06 robot_arb WARNING OB poll A: rate limited, backing off...
20:35:36 robot_arb WARNING OB poll B: rate limited, backing off...
20:36:07 robot_arb WARNING OB poll A: token expired, reconnecting...
20:36:07 robot_arb INFO FinamPy reconnecting (#51)...
20:36:08 robot_arb INFO Orders manager linked to FinamPy gRPC + trade subscription + reconnect
20:36:08 robot_arb INFO FinamPy reconnected (#51). Accounts: ['1225950', '1225951', '1225952', '2049688', '1225953']
20:36:08 robot_arb WARNING OB poll B: token expired, reconnecting...
20:37:07 robot_arb WARNING OB poll A: rate limited, backing off...
20:37:37 robot_arb WARNING OB poll B: rate limited, backing off...
20:39:09 robot_arb WARNING OB poll A: rate limited, backing off...
20:39:39 robot_arb WARNING OB poll B: rate limited, backing off...
20:41:09 robot_arb WARNING OB poll A: rate limited, backing off...
20:41:39 robot_arb WARNING OB poll B: rate limited, backing off...
20:43:09 robot_arb WARNING OB poll A: rate limited, backing off...
20:43:39 robot_arb WARNING OB poll B: rate limited, backing off...
20:45:10 robot_arb WARNING OB poll A: rate limited, backing off...
20:45:40 robot_arb WARNING OB poll B: rate limited, backing off...
20:47:11 robot_arb WARNING OB poll A: rate limited, backing off...
20:47:41 robot_arb WARNING OB poll B: rate limited, backing off...
20:49:12 robot_arb WARNING OB poll A: rate limited, backing off...
20:49:42 robot_arb WARNING OB poll B: rate limited, backing off...
20:51:10 robot_arb WARNING OB poll A: token expired, reconnecting...
20:51:10 robot_arb INFO FinamPy reconnecting (#52)...
20:51:10 robot_arb INFO Orders manager linked to FinamPy gRPC + trade subscription + reconnect
20:51:10 robot_arb INFO FinamPy reconnected (#52). Accounts: ['1225950', '1225951', '1225952', '2049688', '1225953']
20:51:10 robot_arb WARNING OB poll B: token expired, reconnecting...
20:51:14 robot_arb WARNING OB poll B: rate limited, backing off...
20:53:14 robot_arb WARNING OB poll A: rate limited, backing off...
20:53:44 robot_arb WARNING OB poll B: rate limited, backing off...
20:55:14 robot_arb WARNING OB poll A: rate limited, backing off...
20:55:44 robot_arb WARNING OB poll B: rate limited, backing off...
20:57:16 robot_arb WARNING OB poll A: rate limited, backing off...
20:57:46 robot_arb WARNING OB poll B: rate limited, backing off...
20:59:17 robot_arb WARNING OB poll A: rate limited, backing off...
20:59:47 robot_arb WARNING OB poll B: rate limited, backing off...
21:01:18 robot_arb WARNING OB poll A: rate limited, backing off...
21:01:48 robot_arb WARNING OB poll B: rate limited, backing off...
21:03:19 robot_arb WARNING OB poll A: rate limited, backing off...
21:03:49 robot_arb WARNING OB poll B: rate limited, backing off...
21:05:20 robot_arb WARNING OB poll A: rate limited, backing off...
21:05:50 robot_arb WARNING OB poll B: rate limited, backing off...
21:06:21 robot_arb WARNING OB poll A: token expired, reconnecting...
21:06:21 robot_arb INFO FinamPy reconnecting (#53)...
21:06:22 robot_arb INFO Orders manager linked to FinamPy gRPC + trade subscription + reconnect
21:06:22 robot_arb INFO FinamPy reconnected (#53). Accounts: ['1225950', '1225951', '1225952', '2049688', '1225953']
21:06:22 robot_arb WARNING OB poll B: token expired, reconnecting...
21:07:20 robot_arb WARNING OB poll A: rate limited, backing off...
21:07:50 robot_arb WARNING OB poll B: rate limited, backing off...
21:09:21 robot_arb WARNING OB poll A: rate limited, backing off...
21:09:51 robot_arb WARNING OB poll B: rate limited, backing off...
21:11:21 robot_arb WARNING OB poll B: rate limited, backing off...
21:13:22 robot_arb WARNING OB poll A: rate limited, backing off...
21:13:52 robot_arb WARNING OB poll B: rate limited, backing off...
21:15:22 robot_arb WARNING OB poll A: rate limited, backing off...
21:15:52 robot_arb WARNING OB poll B: rate limited, backing off...
21:17:23 robot_arb WARNING OB poll A: rate limited, backing off...
21:17:53 robot_arb WARNING OB poll B: rate limited, backing off...
21:19:24 robot_arb WARNING OB poll A: rate limited, backing off...
21:19:54 robot_arb WARNING OB poll B: rate limited, backing off...
21:21:23 robot_arb WARNING OB poll A: token expired, reconnecting...
21:21:23 robot_arb INFO FinamPy reconnecting (#54)...
21:21:24 robot_arb INFO Orders manager linked to FinamPy gRPC + trade subscription + reconnect
21:21:24 robot_arb INFO FinamPy reconnected (#54). Accounts: ['1225950', '1225951', '1225952', '2049688', '1225953']
21:21:25 robot_arb WARNING OB poll A: rate limited, backing off...
21:21:55 robot_arb WARNING OB poll B: rate limited, backing off...
21:23:25 robot_arb WARNING OB poll B: rate limited, backing off...
21:25:26 robot_arb WARNING OB poll A: rate limited, backing off...
21:25:56 robot_arb WARNING OB poll B: rate limited, backing off...
21:27:27 robot_arb WARNING OB poll A: rate limited, backing off...
21:27:57 robot_arb WARNING OB poll B: rate limited, backing off...
21:29:29 robot_arb WARNING OB poll A: rate limited, backing off...
21:29:59 robot_arb WARNING OB poll B: rate limited, backing off...
21:31:31 robot_arb WARNING OB poll A: rate limited, backing off...
21:32:01 robot_arb WARNING OB poll B: rate limited, backing off...
21:33:32 robot_arb WARNING OB poll A: rate limited, backing off...
21:34:02 robot_arb WARNING OB poll B: rate limited, backing off...
21:35:33 robot_arb WARNING OB poll A: rate limited, backing off...
21:36:03 robot_arb WARNING OB poll B: rate limited, backing off...
21:36:34 robot_arb WARNING OB poll A: token expired, reconnecting...
21:36:34 robot_arb INFO FinamPy reconnecting (#55)...
21:36:35 robot_arb INFO Orders manager linked to FinamPy gRPC + trade subscription + reconnect
21:36:35 robot_arb INFO FinamPy reconnected (#55). Accounts: ['1225950', '1225951', '1225952', '2049688', '1225953']
21:36:35 robot_arb WARNING OB poll B: token expired, reconnecting...
21:38:36 robot_arb WARNING OB poll B: rate limited, backing off...
21:40:35 robot_arb WARNING OB poll A: rate limited, backing off...
21:41:05 robot_arb WARNING OB poll B: rate limited, backing off...
21:42:36 robot_arb WARNING OB poll A: rate limited, backing off...
21:43:06 robot_arb WARNING OB poll B: rate limited, backing off...
21:44:38 robot_arb WARNING OB poll A: rate limited, backing off...
21:45:08 robot_arb WARNING OB poll B: rate limited, backing off...
21:46:39 robot_arb WARNING OB poll A: rate limited, backing off...
21:47:09 robot_arb WARNING OB poll B: rate limited, backing off...
21:48:40 robot_arb WARNING OB poll A: rate limited, backing off...
21:49:10 robot_arb WARNING OB poll B: rate limited, backing off...
21:50:41 robot_arb WARNING OB poll B: rate limited, backing off...
21:51:37 robot_arb WARNING OB poll A: token expired, reconnecting...
21:51:37 robot_arb INFO FinamPy reconnecting (#56)...
21:51:38 robot_arb INFO Orders manager linked to FinamPy gRPC + trade subscription + reconnect
21:51:38 robot_arb INFO FinamPy reconnected (#56). Accounts: ['1225950', '1225951', '1225952', '2049688', '1225953']
21:51:38 robot_arb WARNING OB poll B: token expired, reconnecting...
21:52:42 robot_arb WARNING OB poll A: rate limited, backing off...
21:53:12 robot_arb WARNING OB poll B: rate limited, backing off...
21:54:43 robot_arb WARNING OB poll A: rate limited, backing off...
21:55:13 robot_arb WARNING OB poll B: rate limited, backing off...
21:56:44 robot_arb WARNING OB poll A: rate limited, backing off...
21:57:14 robot_arb WARNING OB poll B: rate limited, backing off...
21:58:46 robot_arb WARNING OB poll A: rate limited, backing off...
21:59:16 robot_arb WARNING OB poll B: rate limited, backing off...
22:00:45 robot_arb WARNING OB poll A: rate limited, backing off...
22:01:15 robot_arb WARNING OB poll B: rate limited, backing off...
22:02:46 robot_arb WARNING OB poll A: rate limited, backing off...
22:03:16 robot_arb WARNING OB poll B: rate limited, backing off...
22:04:47 robot_arb WARNING OB poll A: rate limited, backing off...
22:05:17 robot_arb WARNING OB poll B: rate limited, backing off...
22:06:40 robot_arb WARNING OB poll A: token expired, reconnecting...
22:06:40 robot_arb INFO FinamPy reconnecting (#57)...
22:06:41 robot_arb INFO Orders manager linked to FinamPy gRPC + trade subscription + reconnect
22:06:41 robot_arb INFO FinamPy reconnected (#57). Accounts: ['1225950', '1225951', '1225952', '2049688', '1225953']
22:06:41 robot_arb WARNING OB poll B: token expired, reconnecting...
22:06:48 robot_arb WARNING OB poll A: rate limited, backing off...
22:07:18 robot_arb WARNING OB poll B: rate limited, backing off...
22:08:49 robot_arb WARNING OB poll A: rate limited, backing off...
22:09:19 robot_arb WARNING OB poll B: rate limited, backing off...
22:10:49 robot_arb WARNING OB poll A: rate limited, backing off...
22:11:19 robot_arb WARNING OB poll B: rate limited, backing off...
22:12:50 robot_arb WARNING OB poll A: rate limited, backing off...
22:13:20 robot_arb WARNING OB poll B: rate limited, backing off...
22:14:51 robot_arb WARNING OB poll A: rate limited, backing off...
22:15:21 robot_arb WARNING OB poll B: rate limited, backing off...
22:16:53 robot_arb WARNING OB poll A: rate limited, backing off...
22:17:23 robot_arb WARNING OB poll B: rate limited, backing off...
22:18:54 robot_arb WARNING OB poll A: rate limited, backing off...
22:19:24 robot_arb WARNING OB poll B: rate limited, backing off...
22:20:55 robot_arb WARNING OB poll A: rate limited, backing off...
22:21:25 robot_arb WARNING OB poll B: rate limited, backing off...
22:21:56 robot_arb WARNING OB poll A: token expired, reconnecting...
22:21:56 robot_arb INFO FinamPy reconnecting (#58)...
22:21:57 robot_arb INFO Orders manager linked to FinamPy gRPC + trade subscription + reconnect
22:21:57 robot_arb INFO FinamPy reconnected (#58). Accounts: ['1225950', '1225951', '1225952', '2049688', '1225953']
22:21:57 robot_arb WARNING OB poll B: token expired, reconnecting...
22:22:57 robot_arb WARNING OB poll A: rate limited, backing off...
22:23:27 robot_arb WARNING OB poll B: rate limited, backing off...
22:24:58 robot_arb WARNING OB poll A: rate limited, backing off...
22:25:28 robot_arb WARNING OB poll B: rate limited, backing off...
22:26:58 robot_arb WARNING OB poll B: rate limited, backing off...
22:29:00 robot_arb WARNING OB poll A: rate limited, backing off...
22:29:30 robot_arb WARNING OB poll B: rate limited, backing off...
22:31:02 robot_arb WARNING OB poll A: rate limited, backing off...
22:31:32 robot_arb WARNING OB poll B: rate limited, backing off...
22:33:03 robot_arb WARNING OB poll A: rate limited, backing off...
22:33:33 robot_arb WARNING OB poll B: rate limited, backing off...
22:35:03 robot_arb WARNING OB poll A: rate limited, backing off...
22:35:33 robot_arb WARNING OB poll B: rate limited, backing off...
22:36:59 robot_arb WARNING OB poll A: token expired, reconnecting...
22:36:59 robot_arb INFO FinamPy reconnecting (#59)...
22:37:00 robot_arb INFO Orders manager linked to FinamPy gRPC + trade subscription + reconnect
22:37:00 robot_arb INFO FinamPy reconnected (#59). Accounts: ['1225950', '1225951', '1225952', '2049688', '1225953']
22:37:00 robot_arb WARNING OB poll B: token expired, reconnecting...
22:37:06 robot_arb WARNING OB poll A: rate limited, backing off...
22:37:36 robot_arb WARNING OB poll B: rate limited, backing off...
22:39:05 robot_arb WARNING OB poll A: rate limited, backing off...
22:39:35 robot_arb WARNING OB poll B: rate limited, backing off...
22:41:05 robot_arb WARNING OB poll A: rate limited, backing off...
22:41:35 robot_arb WARNING OB poll B: rate limited, backing off...
22:43:06 robot_arb WARNING OB poll A: rate limited, backing off...
22:43:36 robot_arb WARNING OB poll B: rate limited, backing off...
22:45:07 robot_arb WARNING OB poll A: rate limited, backing off...
22:45:37 robot_arb WARNING OB poll B: rate limited, backing off...
22:47:07 robot_arb WARNING OB poll A: rate limited, backing off...
22:47:37 robot_arb WARNING OB poll B: rate limited, backing off...
22:49:08 robot_arb WARNING OB poll A: rate limited, backing off...
22:49:38 robot_arb WARNING OB poll B: rate limited, backing off...
22:51:09 robot_arb WARNING OB poll A: rate limited, backing off...
22:51:39 robot_arb WARNING OB poll B: rate limited, backing off...
22:52:10 robot_arb WARNING OB poll A: token expired, reconnecting...
22:52:10 robot_arb INFO FinamPy reconnecting (#60)...
22:52:11 robot_arb INFO Orders manager linked to FinamPy gRPC + trade subscription + reconnect
22:52:11 robot_arb INFO FinamPy reconnected (#60). Accounts: ['1225950', '1225951', '1225952', '2049688', '1225953']
22:52:11 robot_arb WARNING OB poll B: token expired, reconnecting...
22:53:09 robot_arb WARNING OB poll A: rate limited, backing off...
22:53:39 robot_arb WARNING OB poll B: rate limited, backing off...
22:55:11 robot_arb WARNING OB poll A: rate limited, backing off...
22:55:41 robot_arb WARNING OB poll B: rate limited, backing off...
22:57:12 robot_arb WARNING OB poll A: rate limited, backing off...
22:57:42 robot_arb WARNING OB poll B: rate limited, backing off...
22:59:12 robot_arb WARNING OB poll A: rate limited, backing off...
22:59:42 robot_arb WARNING OB poll B: rate limited, backing off...
23:01:13 robot_arb WARNING OB poll B: rate limited, backing off...
23:03:15 robot_arb WARNING OB poll A: rate limited, backing off...
23:03:45 robot_arb WARNING OB poll B: rate limited, backing off...
23:05:16 robot_arb WARNING OB poll A: rate limited, backing off...
23:05:46 robot_arb WARNING OB poll B: rate limited, backing off...
23:07:13 robot_arb WARNING OB poll A: token expired, reconnecting...
23:07:13 robot_arb INFO FinamPy reconnecting (#61)...
23:07:14 robot_arb INFO Orders manager linked to FinamPy gRPC + trade subscription + reconnect
23:07:14 robot_arb INFO FinamPy reconnected (#61). Accounts: ['1225950', '1225951', '1225952', '2049688', '1225953']
23:07:14 robot_arb WARNING OB poll B: token expired, reconnecting...
23:07:16 robot_arb WARNING OB poll B: rate limited, backing off...
23:09:17 robot_arb WARNING OB poll B: rate limited, backing off...
23:11:16 robot_arb WARNING OB poll A: rate limited, backing off...
23:11:46 robot_arb WARNING OB poll B: rate limited, backing off...
23:13:17 robot_arb WARNING OB poll A: rate limited, backing off...
23:13:47 robot_arb WARNING OB poll B: rate limited, backing off...
23:15:18 robot_arb WARNING OB poll B: rate limited, backing off...
23:17:19 robot_arb WARNING OB poll A: rate limited, backing off...
23:17:49 robot_arb WARNING OB poll B: rate limited, backing off...
23:19:21 robot_arb WARNING OB poll A: rate limited, backing off...
23:19:51 robot_arb WARNING OB poll B: rate limited, backing off...
23:21:22 robot_arb WARNING OB poll A: rate limited, backing off...
23:21:52 robot_arb WARNING OB poll B: rate limited, backing off...
23:22:23 robot_arb WARNING OB poll A: token expired, reconnecting...
23:22:23 robot_arb INFO FinamPy reconnecting (#62)...
23:22:24 robot_arb INFO Orders manager linked to FinamPy gRPC + trade subscription + reconnect
23:22:24 robot_arb INFO FinamPy reconnected (#62). Accounts: ['1225950', '1225951', '1225952', '2049688', '1225953']
23:22:24 robot_arb WARNING OB poll B: token expired, reconnecting...
23:23:22 robot_arb WARNING OB poll A: rate limited, backing off...
23:23:52 robot_arb WARNING OB poll B: rate limited, backing off...
23:25:23 robot_arb WARNING OB poll A: rate limited, backing off...
23:25:53 robot_arb WARNING OB poll B: rate limited, backing off...
23:27:25 robot_arb WARNING OB poll A: rate limited, backing off...
23:27:55 robot_arb WARNING OB poll B: rate limited, backing off...
23:29:27 robot_arb WARNING OB poll A: rate limited, backing off...
23:29:57 robot_arb WARNING OB poll B: rate limited, backing off...
23:31:29 robot_arb WARNING OB poll A: rate limited, backing off...
23:31:59 robot_arb WARNING OB poll B: rate limited, backing off...
23:33:30 robot_arb WARNING OB poll A: rate limited, backing off...
23:34:00 robot_arb WARNING OB poll B: rate limited, backing off...
23:35:32 robot_arb WARNING OB poll A: rate limited, backing off...
23:36:02 robot_arb WARNING OB poll B: rate limited, backing off...
23:37:06 robot_arb WARNING OB poll A error: <_InactiveRpcError of RPC that terminated with:
	status = StatusCode.DEADLINE_EXCEEDED
	details = "Deadline Exceeded"
	debug_error_string = "UNKNOWN:Error received from peer  {grpc_status:4, grpc_message:"Deadline Exceeded"}"
>
23:37:06 robot_arb WARNING OB poll B error: <_InactiveRpcError of RPC that terminated with:
	status = StatusCode.DEADLINE_EXCEEDED
	details = "Deadline Exceeded"
	debug_error_string = "UNKNOWN:Error received from peer  {grpc_status:4, grpc_message:"Deadline Exceeded"}"
>
23:37:17 robot_arb WARNING OB poll A error: <_InactiveRpcError of RPC that terminated with:
	status = StatusCode.DEADLINE_EXCEEDED
	details = "Deadline Exceeded"
	debug_error_string = "UNKNOWN:Error received from peer  {grpc_status:4, grpc_message:"Deadline Exceeded"}"
>
23:37:17 robot_arb WARNING OB poll B error: <_InactiveRpcError of RPC that terminated with:
	status = StatusCode.DEADLINE_EXCEEDED
	details = "Deadline Exceeded"
	debug_error_string = "UNKNOWN:Error received from peer  {grpc_status:4, grpc_message:"Deadline Exceeded"}"
>
23:37:28 robot_arb WARNING OB poll A error: <_InactiveRpcError of RPC that terminated with:
	status = StatusCode.DEADLINE_EXCEEDED
	details = "Deadline Exceeded"
	debug_error_string = "UNKNOWN:Error received from peer  {grpc_message:"Deadline Exceeded", grpc_status:4}"
>
23:37:28 robot_arb WARNING OB poll B error: <_InactiveRpcError of RPC that terminated with:
	status = StatusCode.DEADLINE_EXCEEDED
	details = "Deadline Exceeded"
	debug_error_string = "UNKNOWN:Error received from peer  {grpc_status:4, grpc_message:"Deadline Exceeded"}"
>
23:37:39 robot_arb WARNING OB poll A error: <_InactiveRpcError of RPC that terminated with:
	status = StatusCode.DEADLINE_EXCEEDED
	details = "Deadline Exceeded"
	debug_error_string = "UNKNOWN:Error received from peer  {grpc_message:"Deadline Exceeded", grpc_status:4}"
>
23:37:39 robot_arb WARNING OB poll B error: <_InactiveRpcError of RPC that terminated with:
	status = StatusCode.DEADLINE_EXCEEDED
	details = "Deadline Exceeded"
	debug_error_string = "UNKNOWN:Error received from peer  {grpc_status:4, grpc_message:"Deadline Exceeded"}"
>
23:37:50 robot_arb WARNING OB poll A error: <_InactiveRpcError of RPC that terminated with:
	status = StatusCode.DEADLINE_EXCEEDED
	details = "Deadline Exceeded"
	debug_error_string = "UNKNOWN:Error received from peer  {grpc_status:4, grpc_message:"Deadline Exceeded"}"
>
23:37:50 robot_arb WARNING OB poll B error: <_InactiveRpcError of RPC that terminated with:
	status = StatusCode.DEADLINE_EXCEEDED
	details = "Deadline Exceeded"
	debug_error_string = "UNKNOWN:Error received from peer  {grpc_message:"Deadline Exceeded", grpc_status:4}"
>
23:38:01 robot_arb WARNING OB poll A error: <_InactiveRpcError of RPC that terminated with:
	status = StatusCode.DEADLINE_EXCEEDED
	details = "Deadline Exceeded"
	debug_error_string = "UNKNOWN:Error received from peer  {grpc_status:4, grpc_message:"Deadline Exceeded"}"
>
23:38:01 robot_arb WARNING OB poll B error: <_InactiveRpcError of RPC that terminated with:
	status = StatusCode.DEADLINE_EXCEEDED
	details = "Deadline Exceeded"
	debug_error_string = "UNKNOWN:Error received from peer  {grpc_status:4, grpc_message:"Deadline Exceeded"}"
>
23:38:06 robot_arb WARNING OB poll A: token expired, reconnecting...
23:38:06 robot_arb INFO FinamPy reconnecting (#63)...
23:38:07 robot_arb INFO Orders manager linked to FinamPy gRPC + trade subscription + reconnect
23:38:07 robot_arb INFO FinamPy reconnected (#63). Accounts: ['1225950', '1225951', '1225952', '2049688', '1225953']
23:38:07 robot_arb WARNING OB poll B: token expired, reconnecting...
23:39:11 robot_arb WARNING OB poll A error: <_InactiveRpcError of RPC that terminated with:
	status = StatusCode.DEADLINE_EXCEEDED
	details = "Deadline Exceeded"
	debug_error_string = "UNKNOWN:Error received from peer  {grpc_message:"Deadline Exceeded", grpc_status:4}"
>
23:40:34 robot_arb WARNING OB poll A: rate limited, backing off...
23:41:04 robot_arb WARNING OB poll B: rate limited, backing off...
23:42:35 robot_arb WARNING OB poll A: rate limited, backing off...
23:43:05 robot_arb WARNING OB poll B: rate limited, backing off...
23:44:35 robot_arb WARNING OB poll A: rate limited, backing off...
23:45:05 robot_arb WARNING OB poll B: rate limited, backing off...
23:46:36 robot_arb WARNING OB poll B: rate limited, backing off...
23:48:38 robot_arb WARNING OB poll A: rate limited, backing off...
23:49:08 robot_arb WARNING OB poll B: rate limited, backing off...
23:50:40 robot_arb WARNING OB poll A: rate limited, backing off...
23:51:10 robot_arb WARNING OB poll B: rate limited, backing off...
23:52:40 robot_arb WARNING OB poll A: rate limited, backing off...
23:53:10 robot_arb WARNING OB poll B: rate limited, backing off...
23:53:41 robot_arb WARNING OB poll A: token expired, reconnecting...
23:53:41 robot_arb INFO FinamPy reconnecting (#64)...
23:53:42 robot_arb INFO Orders manager linked to FinamPy gRPC + trade subscription + reconnect
23:53:42 robot_arb INFO FinamPy reconnected (#64). Accounts: ['1225950', '1225951', '1225952', '2049688', '1225953']
23:53:42 robot_arb WARNING OB poll B: token expired, reconnecting...
23:54:42 robot_arb WARNING OB poll A: rate limited, backing off...
23:55:12 robot_arb WARNING OB poll B: rate limited, backing off...
23:56:42 robot_arb WARNING OB poll A: rate limited, backing off...
23:57:12 robot_arb WARNING OB poll B: rate limited, backing off...
23:58:43 robot_arb WARNING OB poll A: rate limited, backing off...
23:59:13 robot_arb WARNING OB poll B: rate limited, backing off...
00:00:44 robot_arb WARNING OB poll A: rate limited, backing off...
00:01:14 robot_arb WARNING OB poll B: rate limited, backing off...
00:02:45 robot_arb WARNING OB poll A: rate limited, backing off...
00:03:15 robot_arb WARNING OB poll B: rate limited, backing off...
00:04:45 robot_arb WARNING OB poll A: rate limited, backing off...
00:05:15 robot_arb WARNING OB poll B: rate limited, backing off...
00:06:46 robot_arb WARNING OB poll A: rate limited, backing off...
00:07:16 robot_arb WARNING OB poll B: rate limited, backing off...
00:08:44 robot_arb WARNING OB poll A: token expired, reconnecting...
00:08:44 robot_arb INFO FinamPy reconnecting (#65)...
00:08:44 robot_arb INFO Orders manager linked to FinamPy gRPC + trade subscription + reconnect
00:08:44 robot_arb INFO FinamPy reconnected (#65). Accounts: ['1225950', '1225951', '1225952', '2049688', '1225953']
00:08:44 robot_arb WARNING OB poll B: token expired, reconnecting...
00:08:48 robot_arb WARNING OB poll B: rate limited, backing off...
00:10:48 robot_arb WARNING OB poll A: rate limited, backing off...
00:11:18 robot_arb WARNING OB poll B: rate limited, backing off...
00:12:49 robot_arb WARNING OB poll A: rate limited, backing off...
00:13:19 robot_arb WARNING OB poll B: rate limited, backing off...
00:14:50 robot_arb WARNING OB poll A: rate limited, backing off...
00:15:20 robot_arb WARNING OB poll B: rate limited, backing off...
00:16:52 robot_arb WARNING OB poll A: rate limited, backing off...
00:17:22 robot_arb WARNING OB poll B: rate limited, backing off...
00:18:52 robot_arb WARNING OB poll A: rate limited, backing off...
00:19:22 robot_arb WARNING OB poll B: rate limited, backing off...
00:20:53 robot_arb WARNING OB poll A: rate limited, backing off...
00:21:23 robot_arb WARNING OB poll B: rate limited, backing off...
00:22:54 robot_arb WARNING OB poll A: rate limited, backing off...
00:23:24 robot_arb WARNING OB poll B: rate limited, backing off...
00:23:55 robot_arb WARNING OB poll A: token expired, reconnecting...
00:23:55 robot_arb INFO FinamPy reconnecting (#66)...
00:23:56 robot_arb INFO Orders manager linked to FinamPy gRPC + trade subscription + reconnect
00:23:56 robot_arb INFO FinamPy reconnected (#66). Accounts: ['1225950', '1225951', '1225952', '2049688', '1225953']
00:23:56 robot_arb WARNING OB poll B: token expired, reconnecting...
00:24:56 robot_arb WARNING OB poll A: rate limited, backing off...
00:25:26 robot_arb WARNING OB poll B: rate limited, backing off...
00:26:55 robot_arb WARNING OB poll A: rate limited, backing off...
00:27:25 robot_arb WARNING OB poll B: rate limited, backing off...
00:28:56 robot_arb WARNING OB poll A: rate limited, backing off...
00:29:26 robot_arb WARNING OB poll B: rate limited, backing off...
00:30:57 robot_arb WARNING OB poll A: rate limited, backing off...
00:31:27 robot_arb WARNING OB poll B: rate limited, backing off...
00:32:57 robot_arb WARNING OB poll A: rate limited, backing off...
00:33:27 robot_arb WARNING OB poll B: rate limited, backing off...
00:34:58 robot_arb WARNING OB poll A: rate limited, backing off...
00:35:28 robot_arb WARNING OB poll B: rate limited, backing off...
00:36:59 robot_arb WARNING OB poll A: rate limited, backing off...
00:37:29 robot_arb WARNING OB poll B: rate limited, backing off...
00:38:57 robot_arb WARNING OB poll A: token expired, reconnecting...
00:38:57 robot_arb INFO FinamPy reconnecting (#67)...
00:38:58 robot_arb INFO Orders manager linked to FinamPy gRPC + trade subscription + reconnect
00:38:58 robot_arb INFO FinamPy reconnected (#67). Accounts: ['1225950', '1225951', '1225952', '2049688', '1225953']
00:38:58 robot_arb WARNING OB poll B: token expired, reconnecting...
00:39:02 robot_arb WARNING OB poll A: rate limited, backing off...
00:39:32 robot_arb WARNING OB poll B: rate limited, backing off...
00:41:00 robot_arb WARNING OB poll B: rate limited, backing off...
00:43:02 robot_arb WARNING OB poll A: rate limited, backing off...
00:43:32 robot_arb WARNING OB poll B: rate limited, backing off...
00:45:03 robot_arb WARNING OB poll A: rate limited, backing off...
00:45:33 robot_arb WARNING OB poll B: rate limited, backing off...
00:47:03 robot_arb WARNING OB poll A: rate limited, backing off...
00:47:33 robot_arb WARNING OB poll B: rate limited, backing off...
00:49:04 robot_arb WARNING OB poll A: rate limited, backing off...
00:49:34 robot_arb WARNING OB poll B: rate limited, backing off...
00:51:05 robot_arb WARNING OB poll A: rate limited, backing off...
00:51:35 robot_arb WARNING OB poll B: rate limited, backing off...
00:53:06 robot_arb WARNING OB poll A: rate limited, backing off...
00:53:36 robot_arb WARNING OB poll B: rate limited, backing off...
00:54:07 robot_arb WARNING OB poll A: token expired, reconnecting...
00:54:07 robot_arb INFO FinamPy reconnecting (#68)...
00:54:08 robot_arb INFO Orders manager linked to FinamPy gRPC + trade subscription + reconnect
00:54:08 robot_arb INFO FinamPy reconnected (#68). Accounts: ['1225950', '1225951', '1225952', '2049688', '1225953']
00:54:08 robot_arb WARNING OB poll B: token expired, reconnecting...
00:55:08 robot_arb WARNING OB poll A: rate limited, backing off...
00:55:38 robot_arb WARNING OB poll B: rate limited, backing off...
00:57:07 robot_arb WARNING OB poll B: rate limited, backing off...
00:59:09 robot_arb WARNING OB poll A: rate limited, backing off...
00:59:39 robot_arb WARNING OB poll B: rate limited, backing off...
01:01:11 robot_arb WARNING OB poll A: rate limited, backing off...
01:01:41 robot_arb WARNING OB poll B: rate limited, backing off...
01:03:13 robot_arb WARNING OB poll A: rate limited, backing off...
01:03:43 robot_arb WARNING OB poll B: rate limited, backing off...
01:05:15 robot_arb WARNING OB poll A: rate limited, backing off...
01:05:45 robot_arb WARNING OB poll B: rate limited, backing off...
01:07:17 robot_arb WARNING OB poll A: rate limited, backing off...
01:07:47 robot_arb WARNING OB poll B: rate limited, backing off...
01:09:10 robot_arb WARNING OB poll A: token expired, reconnecting...
01:09:10 robot_arb INFO FinamPy reconnecting (#69)...
01:09:10 robot_arb INFO Orders manager linked to FinamPy gRPC + trade subscription + reconnect
01:09:10 robot_arb INFO FinamPy reconnected (#69). Accounts: ['1225950', '1225951', '1225952', '2049688', '1225953']
01:09:10 robot_arb WARNING OB poll B: token expired, reconnecting...
01:09:18 robot_arb WARNING OB poll A: rate limited, backing off...
01:09:48 robot_arb WARNING OB poll B: rate limited, backing off...
01:11:18 robot_arb WARNING OB poll A: rate limited, backing off...
01:11:48 robot_arb WARNING OB poll B: rate limited, backing off...
01:13:19 robot_arb WARNING OB poll A: rate limited, backing off...
01:13:49 robot_arb WARNING OB poll B: rate limited, backing off...
01:15:20 robot_arb WARNING OB poll A: rate limited, backing off...
01:15:50 robot_arb WARNING OB poll B: rate limited, backing off...
01:17:20 robot_arb WARNING OB poll B: rate limited, backing off...
01:19:22 robot_arb WARNING OB poll A: rate limited, backing off...
01:19:52 robot_arb WARNING OB poll B: rate limited, backing off...
01:21:24 robot_arb WARNING OB poll A: rate limited, backing off...
01:21:54 robot_arb WARNING OB poll B: rate limited, backing off...
01:23:24 robot_arb WARNING OB poll A: rate limited, backing off...
01:23:54 robot_arb WARNING OB poll B: rate limited, backing off...
01:24:25 robot_arb WARNING OB poll A: token expired, reconnecting...
01:24:25 robot_arb INFO FinamPy reconnecting (#70)...
01:24:26 robot_arb INFO Orders manager linked to FinamPy gRPC + trade subscription + reconnect
01:24:26 robot_arb INFO FinamPy reconnected (#70). Accounts: ['1225950', '1225951', '1225952', '2049688', '1225953']
01:24:26 robot_arb WARNING OB poll B: token expired, reconnecting...
01:25:25 robot_arb WARNING OB poll A: rate limited, backing off...
01:25:55 robot_arb WARNING OB poll B: rate limited, backing off...
01:27:27 robot_arb WARNING OB poll A: rate limited, backing off...
01:27:57 robot_arb WARNING OB poll B: rate limited, backing off...
01:29:27 robot_arb WARNING OB poll A: rate limited, backing off...
01:29:57 robot_arb WARNING OB poll B: rate limited, backing off...
01:31:28 robot_arb WARNING OB poll A: rate limited, backing off...
01:31:58 robot_arb WARNING OB poll B: rate limited, backing off...
01:33:29 robot_arb WARNING OB poll A: rate limited, backing off...
01:33:59 robot_arb WARNING OB poll B: rate limited, backing off...
01:35:30 robot_arb WARNING OB poll A: rate limited, backing off...
01:36:00 robot_arb WARNING OB poll B: rate limited, backing off...
01:37:30 robot_arb WARNING OB poll A: rate limited, backing off...
01:38:00 robot_arb WARNING OB poll B: rate limited, backing off...
01:39:28 robot_arb WARNING OB poll A: token expired, reconnecting...
01:39:28 robot_arb INFO FinamPy reconnecting (#71)...
01:39:28 robot_arb INFO Orders manager linked to FinamPy gRPC + trade subscription + reconnect
01:39:28 robot_arb INFO FinamPy reconnected (#71). Accounts: ['1225950', '1225951', '1225952', '2049688', '1225953']
01:39:28 robot_arb WARNING OB poll B: token expired, reconnecting...
01:39:32 robot_arb WARNING OB poll B: rate limited, backing off...
01:41:32 robot_arb WARNING OB poll A: rate limited, backing off...
01:42:02 robot_arb WARNING OB poll B: rate limited, backing off...
01:43:34 robot_arb WARNING OB poll A: rate limited, backing off...
01:44:04 robot_arb WARNING OB poll B: rate limited, backing off...
01:45:36 robot_arb WARNING OB poll A: rate limited, backing off...
01:46:06 robot_arb WARNING OB poll B: rate limited, backing off...
01:47:37 robot_arb WARNING OB poll A: rate limited, backing off...
01:48:07 robot_arb WARNING OB poll B: rate limited, backing off...
01:49:38 robot_arb WARNING OB poll A: rate limited, backing off...
01:50:08 robot_arb WARNING OB poll B: rate limited, backing off...
01:51:38 robot_arb WARNING OB poll A: rate limited, backing off...
01:52:08 robot_arb WARNING OB poll B: rate limited, backing off...
01:53:39 robot_arb WARNING OB poll A: rate limited, backing off...
01:54:09 robot_arb WARNING OB poll B: rate limited, backing off...
01:54:40 robot_arb WARNING OB poll A: token expired, reconnecting...
01:54:40 robot_arb INFO FinamPy reconnecting (#72)...
01:54:41 robot_arb INFO Orders manager linked to FinamPy gRPC + trade subscription + reconnect
01:54:41 robot_arb INFO FinamPy reconnected (#72). Accounts: ['1225950', '1225951', '1225952', '2049688', '1225953']
01:54:41 robot_arb WARNING OB poll B: token expired, reconnecting...
01:55:41 robot_arb WARNING OB poll A: rate limited, backing off...
01:56:11 robot_arb WARNING OB poll B: rate limited, backing off...
01:57:42 robot_arb WARNING OB poll A: rate limited, backing off...
01:58:12 robot_arb WARNING OB poll B: rate limited, backing off...
01:59:42 robot_arb WARNING OB poll A: rate limited, backing off...
02:00:12 robot_arb WARNING OB poll B: rate limited, backing off...
02:01:43 robot_arb WARNING OB poll A: rate limited, backing off...
02:02:13 robot_arb WARNING OB poll B: rate limited, backing off...
02:03:44 robot_arb WARNING OB poll A: rate limited, backing off...
02:04:14 robot_arb WARNING OB poll B: rate limited, backing off...
02:05:45 robot_arb WARNING OB poll A: rate limited, backing off...
02:06:15 robot_arb WARNING OB poll B: rate limited, backing off...
02:07:45 robot_arb WARNING OB poll A: rate limited, backing off...
02:08:15 robot_arb WARNING OB poll B: rate limited, backing off...
02:09:43 robot_arb WARNING OB poll A: token expired, reconnecting...
02:09:43 robot_arb INFO FinamPy reconnecting (#73)...
02:09:43 robot_arb INFO Orders manager linked to FinamPy gRPC + trade subscription + reconnect
02:09:43 robot_arb INFO FinamPy reconnected (#73). Accounts: ['1225950', '1225951', '1225952', '2049688', '1225953']
02:09:43 robot_arb WARNING OB poll B: token expired, reconnecting...
02:09:46 robot_arb WARNING OB poll A: rate limited, backing off...
02:10:16 robot_arb WARNING OB poll B: rate limited, backing off...
02:11:46 robot_arb WARNING OB poll A: rate limited, backing off...
02:12:16 robot_arb WARNING OB poll B: rate limited, backing off...
02:13:47 robot_arb WARNING OB poll A: rate limited, backing off...
02:14:17 robot_arb WARNING OB poll B: rate limited, backing off...
02:15:48 robot_arb WARNING OB poll A: rate limited, backing off...
02:16:18 robot_arb WARNING OB poll B: rate limited, backing off...
02:17:49 robot_arb WARNING OB poll A: rate limited, backing off...
02:18:19 robot_arb WARNING OB poll B: rate limited, backing off...
02:19:49 robot_arb WARNING OB poll A: rate limited, backing off...
02:20:19 robot_arb WARNING OB poll B: rate limited, backing off...
02:21:51 robot_arb WARNING OB poll A: rate limited, backing off...
02:22:21 robot_arb WARNING OB poll B: rate limited, backing off...
02:23:52 robot_arb WARNING OB poll A: rate limited, backing off...
02:24:22 robot_arb WARNING OB poll B: rate limited, backing off...
02:24:53 robot_arb WARNING OB poll A: token expired, reconnecting...
02:24:53 robot_arb INFO FinamPy reconnecting (#74)...
02:24:54 robot_arb INFO Orders manager linked to FinamPy gRPC + trade subscription + reconnect
02:24:54 robot_arb INFO FinamPy reconnected (#74). Accounts: ['1225950', '1225951', '1225952', '2049688', '1225953']
02:24:54 robot_arb WARNING OB poll B: token expired, reconnecting...
02:25:53 robot_arb WARNING OB poll A: rate limited, backing off...
02:26:23 robot_arb WARNING OB poll B: rate limited, backing off...
02:27:54 robot_arb WARNING OB poll A: rate limited, backing off...
02:28:24 robot_arb WARNING OB poll B: rate limited, backing off...
02:29:55 robot_arb WARNING OB poll A: rate limited, backing off...
02:30:25 robot_arb WARNING OB poll B: rate limited, backing off...
02:31:56 robot_arb WARNING OB poll A: rate limited, backing off...
02:32:26 robot_arb WARNING OB poll B: rate limited, backing off...
02:33:56 robot_arb WARNING OB poll B: rate limited, backing off...
02:35:58 robot_arb WARNING OB poll A: rate limited, backing off...
02:36:28 robot_arb WARNING OB poll B: rate limited, backing off...
02:37:59 robot_arb WARNING OB poll A: rate limited, backing off...
02:38:29 robot_arb WARNING OB poll B: rate limited, backing off...
02:39:56 robot_arb WARNING OB poll A: token expired, reconnecting...
02:39:56 robot_arb INFO FinamPy reconnecting (#75)...
02:39:56 robot_arb INFO Orders manager linked to FinamPy gRPC + trade subscription + reconnect
02:39:56 robot_arb INFO FinamPy reconnected (#75). Accounts: ['1225950', '1225951', '1225952', '2049688', '1225953']
02:39:56 robot_arb WARNING OB poll B: token expired, reconnecting...
02:40:01 robot_arb WARNING OB poll A: rate limited, backing off...
02:40:31 robot_arb WARNING OB poll B: rate limited, backing off...
02:42:01 robot_arb WARNING OB poll A: rate limited, backing off...
02:42:31 robot_arb WARNING OB poll B: rate limited, backing off...
02:44:01 robot_arb WARNING OB poll A: rate limited, backing off...
02:44:31 robot_arb WARNING OB poll B: rate limited, backing off...
02:46:02 robot_arb WARNING OB poll A: rate limited, backing off...
02:46:32 robot_arb WARNING OB poll B: rate limited, backing off...
02:48:03 robot_arb WARNING OB poll A: rate limited, backing off...
02:48:33 robot_arb WARNING OB poll B: rate limited, backing off...
02:50:03 robot_arb WARNING OB poll A: rate limited, backing off...
02:50:33 robot_arb WARNING OB poll B: rate limited, backing off...
02:52:05 robot_arb WARNING OB poll A: rate limited, backing off...
02:52:35 robot_arb WARNING OB poll B: rate limited, backing off...
02:53:39 robot_arb WARNING Account 2049688: <_InactiveRpcError of RPC that terminated with:
	status = StatusCode.INTERNAL
	details = "{-2007} No connection to Transaq server."
	debug_error_string = "UNKNOWN:Error received from peer  {grpc_message:"{-2007} No connection to Transaq server.", grpc_status:13}"
>
02:54:05 robot_arb WARNING OB poll B: rate limited, backing off...
02:54:39 robot_arb WARNING Account 2049688: <_InactiveRpcError of RPC that terminated with:
	status = StatusCode.INTERNAL
	details = "{-2007} No connection to Transaq server."
	debug_error_string = "UNKNOWN:Error received from peer  {grpc_status:13, grpc_message:"{-2007} No connection to Transaq server."}"
>
02:54:59 robot_arb WARNING OB poll A: token expired, reconnecting...
02:54:59 robot_arb INFO FinamPy reconnecting (#76)...
02:54:59 robot_arb INFO Orders manager linked to FinamPy gRPC + trade subscription + reconnect
02:54:59 robot_arb INFO FinamPy reconnected (#76). Accounts: ['1225950', '1225951', '1225952', '2049688', '1225953']
02:54:59 robot_arb WARNING OB poll B: token expired, reconnecting...
02:56:07 robot_arb WARNING OB poll A: rate limited, backing off...
02:56:37 robot_arb WARNING OB poll B: rate limited, backing off...
02:56:39 robot_arb WARNING Account 2049688: <_InactiveRpcError of RPC that terminated with:
	status = StatusCode.INTERNAL
	details = "Transaq service unavailable"
	debug_error_string = "UNKNOWN:Error received from peer  {grpc_message:"Transaq service unavailable", grpc_status:13}"
>
02:58:08 robot_arb WARNING OB poll A: rate limited, backing off...
02:58:38 robot_arb WARNING OB poll B: rate limited, backing off...
03:00:08 robot_arb WARNING OB poll A: rate limited, backing off...
03:00:38 robot_arb WARNING OB poll B: rate limited, backing off...
03:02:09 robot_arb WARNING OB poll A: rate limited, backing off...
03:02:39 robot_arb WARNING OB poll B: rate limited, backing off...
03:04:10 robot_arb WARNING OB poll B: rate limited, backing off...
03:06:11 robot_arb WARNING OB poll A: rate limited, backing off...
03:06:41 robot_arb WARNING OB poll B: rate limited, backing off...
03:08:13 robot_arb WARNING OB poll A: rate limited, backing off...
03:08:43 robot_arb WARNING OB poll B: rate limited, backing off...
03:10:02 robot_arb WARNING OB poll A: token expired, reconnecting...
03:10:02 robot_arb INFO FinamPy reconnecting (#77)...
03:10:02 robot_arb INFO Orders manager linked to FinamPy gRPC + trade subscription + reconnect
03:10:02 robot_arb INFO FinamPy reconnected (#77). Accounts: ['1225950', '1225951', '1225952', '2049688', '1225953']
03:10:02 robot_arb WARNING OB poll B: token expired, reconnecting...
03:10:16 robot_arb WARNING OB poll A: rate limited, backing off...
03:10:46 robot_arb WARNING OB poll B: rate limited, backing off...
03:12:15 robot_arb WARNING OB poll A: rate limited, backing off...
03:12:45 robot_arb WARNING OB poll B: rate limited, backing off...
03:14:17 robot_arb WARNING OB poll A: rate limited, backing off...
03:14:47 robot_arb WARNING OB poll B: rate limited, backing off...
03:16:18 robot_arb WARNING OB poll A: rate limited, backing off...
03:16:48 robot_arb WARNING OB poll B: rate limited, backing off...
03:18:20 robot_arb WARNING OB poll A: rate limited, backing off...
03:18:50 robot_arb WARNING OB poll B: rate limited, backing off...
03:20:22 robot_arb WARNING OB poll A: rate limited, backing off...
03:20:52 robot_arb WARNING OB poll B: rate limited, backing off...
03:22:23 robot_arb WARNING OB poll A: rate limited, backing off...
03:22:53 robot_arb WARNING OB poll B: rate limited, backing off...
03:24:25 robot_arb WARNING OB poll A: rate limited, backing off...
03:24:55 robot_arb WARNING OB poll B: rate limited, backing off...
03:25:26 robot_arb WARNING OB poll A: token expired, reconnecting...
03:25:26 robot_arb INFO FinamPy reconnecting (#78)...
03:25:26 robot_arb INFO Orders manager linked to FinamPy gRPC + trade subscription + reconnect
03:25:26 robot_arb INFO FinamPy reconnected (#78). Accounts: ['1225950', '1225951', '1225952', '2049688', '1225953']
03:25:26 robot_arb WARNING OB poll B: token expired, reconnecting...
03:26:26 robot_arb WARNING OB poll A: rate limited, backing off...
03:26:56 robot_arb WARNING OB poll B: rate limited, backing off...
03:28:28 robot_arb WARNING OB poll A: rate limited, backing off...
03:28:58 robot_arb WARNING OB poll B: rate limited, backing off...
03:30:30 robot_arb WARNING OB poll A: rate limited, backing off...
03:31:00 robot_arb WARNING OB poll B: rate limited, backing off...
03:32:30 robot_arb WARNING OB poll A: rate limited, backing off...
03:33:00 robot_arb WARNING OB poll B: rate limited, backing off...
03:34:31 robot_arb WARNING OB poll A: rate limited, backing off...
03:35:01 robot_arb WARNING OB poll B: rate limited, backing off...
03:36:32 robot_arb WARNING OB poll A: rate limited, backing off...
03:37:02 robot_arb WARNING OB poll B: rate limited, backing off...
03:38:33 robot_arb WARNING OB poll A: rate limited, backing off...
03:39:03 robot_arb WARNING OB poll B: rate limited, backing off...
03:40:29 robot_arb WARNING OB poll A: token expired, reconnecting...
03:40:29 robot_arb INFO FinamPy reconnecting (#79)...
03:40:29 robot_arb INFO Orders manager linked to FinamPy gRPC + trade subscription + reconnect
03:40:29 robot_arb INFO FinamPy reconnected (#79). Accounts: ['1225950', '1225951', '1225952', '2049688', '1225953']
03:40:29 robot_arb WARNING OB poll B: token expired, reconnecting...
03:40:35 robot_arb WARNING OB poll A: rate limited, backing off...
03:41:05 robot_arb WARNING OB poll B: rate limited, backing off...
03:42:34 robot_arb WARNING OB poll A: rate limited, backing off...
03:43:04 robot_arb WARNING OB poll B: rate limited, backing off...
03:44:35 robot_arb WARNING OB poll A: rate limited, backing off...
03:45:05 robot_arb WARNING OB poll B: rate limited, backing off...
03:46:37 robot_arb WARNING OB poll A: rate limited, backing off...
03:47:07 robot_arb WARNING OB poll B: rate limited, backing off...
03:48:37 robot_arb WARNING OB poll A: rate limited, backing off...
03:49:07 robot_arb WARNING OB poll B: rate limited, backing off...
03:50:38 robot_arb WARNING OB poll A: rate limited, backing off...
03:51:08 robot_arb WARNING OB poll B: rate limited, backing off...
03:52:40 robot_arb WARNING OB poll A: rate limited, backing off...
03:53:10 robot_arb WARNING OB poll B: rate limited, backing off...
03:54:41 robot_arb WARNING OB poll A: rate limited, backing off...
03:55:11 robot_arb WARNING OB poll B: rate limited, backing off...
03:55:42 robot_arb WARNING OB poll A: token expired, reconnecting...
03:55:42 robot_arb INFO FinamPy reconnecting (#80)...
03:55:42 robot_arb INFO Orders manager linked to FinamPy gRPC + trade subscription + reconnect
03:55:42 robot_arb INFO FinamPy reconnected (#80). Accounts: ['1225950', '1225951', '1225952', '2049688', '1225953']
03:55:42 robot_arb WARNING OB poll B: token expired, reconnecting...
03:56:40 robot_arb WARNING OB poll A: rate limited, backing off...
03:57:10 robot_arb WARNING OB poll B: rate limited, backing off...
03:58:42 robot_arb WARNING OB poll A: rate limited, backing off...
03:59:12 robot_arb WARNING OB poll B: rate limited, backing off...
04:00:43 robot_arb WARNING OB poll A: rate limited, backing off...
04:01:13 robot_arb WARNING OB poll B: rate limited, backing off...
04:02:43 robot_arb WARNING OB poll B: rate limited, backing off...
04:04:44 robot_arb WARNING OB poll A: rate limited, backing off...
04:05:14 robot_arb WARNING OB poll B: rate limited, backing off...
04:06:45 robot_arb WARNING OB poll A: rate limited, backing off...
04:07:15 robot_arb WARNING OB poll B: rate limited, backing off...
04:08:46 robot_arb WARNING OB poll A: rate limited, backing off...
04:09:16 robot_arb WARNING OB poll B: rate limited, backing off...
04:10:44 robot_arb WARNING OB poll A: token expired, reconnecting...
04:10:44 robot_arb INFO FinamPy reconnecting (#81)...
04:10:45 robot_arb INFO Orders manager linked to FinamPy gRPC + trade subscription + reconnect
04:10:45 robot_arb INFO FinamPy reconnected (#81). Accounts: ['1225950', '1225951', '1225952', '2049688', '1225953']
04:10:45 robot_arb WARNING OB poll B: token expired, reconnecting...
04:10:49 robot_arb WARNING OB poll A: rate limited, backing off...
04:11:19 robot_arb WARNING OB poll B: rate limited, backing off...
04:12:49 robot_arb WARNING OB poll A: rate limited, backing off...
04:13:19 robot_arb WARNING OB poll B: rate limited, backing off...
04:14:50 robot_arb WARNING OB poll A: rate limited, backing off...
04:15:20 robot_arb WARNING OB poll B: rate limited, backing off...
04:16:50 robot_arb WARNING OB poll A: rate limited, backing off...
04:17:20 robot_arb WARNING OB poll B: rate limited, backing off...
04:18:51 robot_arb WARNING OB poll A: rate limited, backing off...
04:19:21 robot_arb WARNING OB poll B: rate limited, backing off...
04:20:52 robot_arb WARNING OB poll A: rate limited, backing off...
04:21:22 robot_arb WARNING OB poll B: rate limited, backing off...
04:22:53 robot_arb WARNING OB poll A: rate limited, backing off...
04:23:23 robot_arb WARNING OB poll B: rate limited, backing off...
04:24:53 robot_arb WARNING OB poll A: rate limited, backing off...
04:25:23 robot_arb WARNING OB poll B: rate limited, backing off...
04:25:55 robot_arb WARNING OB poll A: token expired, reconnecting...
04:25:55 robot_arb INFO FinamPy reconnecting (#82)...
04:25:55 robot_arb INFO Orders manager linked to FinamPy gRPC + trade subscription + reconnect
04:25:55 robot_arb INFO FinamPy reconnected (#82). Accounts: ['1225950', '1225951', '1225952', '2049688', '1225953']
04:25:55 robot_arb WARNING OB poll B: token expired, reconnecting...
04:26:56 robot_arb WARNING OB poll A: rate limited, backing off...
04:27:26 robot_arb WARNING OB poll B: rate limited, backing off...
04:28:57 robot_arb WARNING OB poll A: rate limited, backing off...
04:29:27 robot_arb WARNING OB poll B: rate limited, backing off...
04:30:57 robot_arb WARNING OB poll A: rate limited, backing off...
04:31:27 robot_arb WARNING OB poll B: rate limited, backing off...
04:32:58 robot_arb WARNING OB poll A: rate limited, backing off...
04:33:28 robot_arb WARNING OB poll B: rate limited, backing off...
04:34:58 robot_arb WARNING OB poll B: rate limited, backing off...
04:37:00 robot_arb WARNING OB poll A: rate limited, backing off...
04:37:30 robot_arb WARNING OB poll B: rate limited, backing off...
04:39:02 robot_arb WARNING OB poll A: rate limited, backing off...
04:39:32 robot_arb WARNING OB poll B: rate limited, backing off...
04:40:58 robot_arb WARNING OB poll A: token expired, reconnecting...
04:40:58 robot_arb INFO FinamPy reconnecting (#83)...
04:40:58 robot_arb INFO Orders manager linked to FinamPy gRPC + trade subscription + reconnect
04:40:58 robot_arb INFO FinamPy reconnected (#83). Accounts: ['1225950', '1225951', '1225952', '2049688', '1225953']
04:40:58 robot_arb WARNING OB poll B: token expired, reconnecting...
04:41:02 robot_arb WARNING OB poll B: rate limited, backing off...
04:43:03 robot_arb WARNING OB poll A: rate limited, backing off...
04:43:33 robot_arb WARNING OB poll B: rate limited, backing off...
04:45:05 robot_arb WARNING OB poll A: rate limited, backing off...
04:45:35 robot_arb WARNING OB poll B: rate limited, backing off...
04:47:07 robot_arb WARNING OB poll A: rate limited, backing off...
04:47:37 robot_arb WARNING OB poll B: rate limited, backing off...
04:49:09 robot_arb WARNING OB poll A: rate limited, backing off...
04:49:39 robot_arb WARNING OB poll B: rate limited, backing off...
04:51:11 robot_arb WARNING OB poll A: rate limited, backing off...
04:51:41 robot_arb WARNING OB poll B: rate limited, backing off...
04:53:12 robot_arb WARNING OB poll A: rate limited, backing off...
04:53:42 robot_arb WARNING OB poll B: rate limited, backing off...
04:55:12 robot_arb WARNING OB poll B: rate limited, backing off...
04:56:01 robot_arb WARNING OB poll A: token expired, reconnecting...
04:56:01 robot_arb INFO FinamPy reconnecting (#84)...
04:56:01 robot_arb INFO Orders manager linked to FinamPy gRPC + trade subscription + reconnect
04:56:01 robot_arb INFO FinamPy reconnected (#84). Accounts: ['1225950', '1225951', '1225952', '2049688', '1225953']
04:56:01 robot_arb WARNING OB poll B: token expired, reconnecting...
04:57:13 robot_arb WARNING OB poll A: rate limited, backing off...
04:57:43 robot_arb WARNING OB poll B: rate limited, backing off...
04:59:14 robot_arb WARNING OB poll A: rate limited, backing off...
04:59:44 robot_arb WARNING OB poll B: rate limited, backing off...
05:01:15 robot_arb WARNING OB poll A: rate limited, backing off...
05:01:45 robot_arb WARNING OB poll B: rate limited, backing off...
05:03:16 robot_arb WARNING OB poll A: rate limited, backing off...
05:03:46 robot_arb WARNING OB poll B: rate limited, backing off...
05:05:16 robot_arb WARNING OB poll A: rate limited, backing off...
05:05:46 robot_arb WARNING OB poll B: rate limited, backing off...
05:07:21 robot_arb WARNING OB poll A: rate limited, backing off...
05:07:51 robot_arb WARNING OB poll B: rate limited, backing off...
05:09:18 robot_arb WARNING OB poll A: rate limited, backing off...
05:09:48 robot_arb WARNING OB poll B: rate limited, backing off...
05:11:04 robot_arb WARNING OB poll A: token expired, reconnecting...
05:11:04 robot_arb INFO FinamPy reconnecting (#85)...
05:11:04 robot_arb INFO Orders manager linked to FinamPy gRPC + trade subscription + reconnect
05:11:04 robot_arb INFO FinamPy reconnected (#85). Accounts: ['1225950', '1225951', '1225952', '2049688', '1225953']
05:11:04 robot_arb WARNING OB poll B: token expired, reconnecting...
05:11:20 robot_arb WARNING OB poll A: rate limited, backing off...
05:11:50 robot_arb WARNING OB poll B: rate limited, backing off...
05:13:20 robot_arb WARNING OB poll A: rate limited, backing off...
05:13:50 robot_arb WARNING OB poll B: rate limited, backing off...
05:15:20 robot_arb WARNING OB poll A: rate limited, backing off...
05:15:50 robot_arb WARNING OB poll B: rate limited, backing off...
05:17:21 robot_arb WARNING OB poll A: rate limited, backing off...
05:17:51 robot_arb WARNING OB poll B: rate limited, backing off...
05:19:22 robot_arb WARNING OB poll A: rate limited, backing off...
05:19:52 robot_arb WARNING OB poll B: rate limited, backing off...
05:21:22 robot_arb WARNING OB poll A: rate limited, backing off...
05:21:52 robot_arb WARNING OB poll B: rate limited, backing off...
05:23:23 robot_arb WARNING OB poll A: rate limited, backing off...
05:23:53 robot_arb WARNING OB poll B: rate limited, backing off...
05:25:24 robot_arb WARNING OB poll B: rate limited, backing off...
05:26:06 robot_arb WARNING OB poll B: token expired, reconnecting...
05:26:06 robot_arb INFO FinamPy reconnecting (#86)...
05:26:07 robot_arb INFO Orders manager linked to FinamPy gRPC + trade subscription + reconnect
05:26:07 robot_arb INFO FinamPy reconnected (#86). Accounts: ['1225950', '1225951', '1225952', '2049688', '1225953']
05:27:24 robot_arb WARNING OB poll A: rate limited, backing off...
05:27:54 robot_arb WARNING OB poll B: rate limited, backing off...
05:29:25 robot_arb WARNING OB poll A: rate limited, backing off...
05:29:55 robot_arb WARNING OB poll B: rate limited, backing off...
05:31:26 robot_arb WARNING OB poll A: rate limited, backing off...
05:31:56 robot_arb WARNING OB poll B: rate limited, backing off...
05:33:26 robot_arb WARNING OB poll A: rate limited, backing off...
05:33:56 robot_arb WARNING OB poll B: rate limited, backing off...
05:35:27 robot_arb WARNING OB poll A: rate limited, backing off...
05:35:57 robot_arb WARNING OB poll B: rate limited, backing off...
05:37:28 robot_arb WARNING OB poll A: rate limited, backing off...
05:37:58 robot_arb WARNING OB poll B: rate limited, backing off...
05:39:29 robot_arb WARNING OB poll A: rate limited, backing off...
05:39:59 robot_arb WARNING OB poll B: rate limited, backing off...
05:41:09 robot_arb WARNING OB poll A: token expired, reconnecting...
05:41:09 robot_arb INFO FinamPy reconnecting (#87)...
05:41:09 robot_arb INFO Orders manager linked to FinamPy gRPC + trade subscription + reconnect
05:41:09 robot_arb INFO FinamPy reconnected (#87). Accounts: ['1225950', '1225951', '1225952', '2049688', '1225953']
05:41:09 robot_arb WARNING OB poll B: token expired, reconnecting...
05:41:30 robot_arb WARNING OB poll B: rate limited, backing off...
05:43:31 robot_arb WARNING OB poll A: rate limited, backing off...
05:44:01 robot_arb WARNING OB poll B: rate limited, backing off...
05:45:33 robot_arb WARNING OB poll A: rate limited, backing off...
05:46:03 robot_arb WARNING OB poll B: rate limited, backing off...
05:47:33 robot_arb WARNING OB poll B: rate limited, backing off...
05:49:34 robot_arb WARNING OB poll A: rate limited, backing off...
05:50:04 robot_arb WARNING OB poll B: rate limited, backing off...
05:51:35 robot_arb WARNING OB poll A: rate limited, backing off...
05:52:05 robot_arb WARNING OB poll B: rate limited, backing off...
05:53:36 robot_arb WARNING OB poll A: rate limited, backing off...
05:54:06 robot_arb WARNING OB poll B: rate limited, backing off...
05:55:38 robot_arb WARNING OB poll A: rate limited, backing off...
05:56:08 robot_arb WARNING OB poll B: rate limited, backing off...
05:56:39 robot_arb WARNING OB poll A: token expired, reconnecting...
05:56:39 robot_arb INFO FinamPy reconnecting (#88)...
05:56:39 robot_arb INFO Orders manager linked to FinamPy gRPC + trade subscription + reconnect
05:56:39 robot_arb INFO FinamPy reconnected (#88). Accounts: ['1225950', '1225951', '1225952', '2049688', '1225953']
05:56:39 robot_arb WARNING OB poll B: token expired, reconnecting...
05:57:38 robot_arb WARNING OB poll A: rate limited, backing off...
05:58:08 robot_arb WARNING OB poll B: rate limited, backing off...
05:59:39 robot_arb WARNING OB poll A: rate limited, backing off...
06:00:09 robot_arb WARNING OB poll B: rate limited, backing off...
06:01:39 robot_arb WARNING OB poll A: rate limited, backing off...
06:02:09 robot_arb WARNING OB poll B: rate limited, backing off...
06:03:40 robot_arb WARNING OB poll A: rate limited, backing off...
06:04:10 robot_arb WARNING OB poll B: rate limited, backing off...
06:05:41 robot_arb WARNING OB poll A: rate limited, backing off...
06:06:11 robot_arb WARNING OB poll B: rate limited, backing off...
06:07:42 robot_arb WARNING OB poll A: rate limited, backing off...
06:08:12 robot_arb WARNING OB poll B: rate limited, backing off...
06:09:43 robot_arb WARNING OB poll A: rate limited, backing off...
06:10:13 robot_arb WARNING OB poll B: rate limited, backing off...
06:11:41 robot_arb WARNING OB poll A: token expired, reconnecting...
06:11:41 robot_arb INFO FinamPy reconnecting (#89)...
06:11:42 robot_arb INFO Orders manager linked to FinamPy gRPC + trade subscription + reconnect
06:11:42 robot_arb INFO FinamPy reconnected (#89). Accounts: ['1225950', '1225951', '1225952', '2049688', '1225953']
06:11:42 robot_arb WARNING OB poll B: token expired, reconnecting...
06:24:54 robot_arb WARNING OB poll A: rate limited, backing off...
06:25:24 robot_arb WARNING OB poll B: rate limited, backing off...
06:26:44 robot_arb WARNING OB poll A: token expired, reconnecting...
06:26:44 robot_arb INFO FinamPy reconnecting (#90)...
06:26:45 robot_arb INFO Orders manager linked to FinamPy gRPC + trade subscription + reconnect
06:26:45 robot_arb INFO FinamPy reconnected (#90). Accounts: ['1225950', '1225951', '1225952', '2049688', '1225953']
06:26:45 robot_arb WARNING OB poll B: token expired, reconnecting...
06:26:54 robot_arb WARNING OB poll A: rate limited, backing off...
06:27:24 robot_arb WARNING OB poll B: rate limited, backing off...
06:28:54 robot_arb WARNING OB poll A: rate limited, backing off...
06:29:24 robot_arb WARNING OB poll B: rate limited, backing off...
06:30:55 robot_arb WARNING OB poll A: rate limited, backing off...
06:31:25 robot_arb WARNING OB poll B: rate limited, backing off...
06:32:56 robot_arb WARNING OB poll A: rate limited, backing off...
06:33:26 robot_arb WARNING OB poll B: rate limited, backing off...
06:34:58 robot_arb WARNING OB poll A: rate limited, backing off...
06:35:28 robot_arb WARNING OB poll B: rate limited, backing off...
06:36:58 robot_arb WARNING OB poll A: rate limited, backing off...
06:37:28 robot_arb WARNING OB poll B: rate limited, backing off...
06:38:59 robot_arb WARNING OB poll A: rate limited, backing off...
06:39:29 robot_arb WARNING OB poll B: rate limited, backing off...
06:41:00 robot_arb WARNING OB poll B: rate limited, backing off...
06:41:47 robot_arb WARNING OB poll A: token expired, reconnecting...
06:41:47 robot_arb INFO FinamPy reconnecting (#91)...
06:41:47 robot_arb INFO Orders manager linked to FinamPy gRPC + trade subscription + reconnect
06:41:47 robot_arb INFO FinamPy reconnected (#91). Accounts: ['1225950', '1225951', '1225952', '2049688', '1225953']
06:41:47 robot_arb WARNING OB poll B: token expired, reconnecting...
06:43:00 robot_arb WARNING OB poll A: rate limited, backing off...
06:43:30 robot_arb WARNING OB poll B: rate limited, backing off...
06:45:01 robot_arb WARNING OB poll A: rate limited, backing off...
06:45:31 robot_arb WARNING OB poll B: rate limited, backing off...
06:47:04 robot_arb WARNING OB poll A: rate limited, backing off...
06:47:34 robot_arb WARNING OB poll B: rate limited, backing off...
06:49:03 robot_arb WARNING OB poll A: rate limited, backing off...
06:49:33 robot_arb WARNING OB poll B: rate limited, backing off...
06:51:05 robot_arb WARNING OB poll A: rate limited, backing off...
06:51:35 robot_arb WARNING OB poll B: rate limited, backing off...
06:53:07 robot_arb WARNING OB poll A: rate limited, backing off...
06:53:37 robot_arb WARNING OB poll B: rate limited, backing off...
06:55:08 robot_arb WARNING OB poll A: rate limited, backing off...
06:55:38 robot_arb WARNING OB poll B: rate limited, backing off...
06:56:49 robot_arb WARNING OB poll A: token expired, reconnecting...
06:56:49 robot_arb INFO FinamPy reconnecting (#92)...
06:56:50 robot_arb INFO Orders manager linked to FinamPy gRPC + trade subscription + reconnect
06:56:50 robot_arb INFO FinamPy reconnected (#92). Accounts: ['1225950', '1225951', '1225952', '2049688', '1225953']
06:56:50 robot_arb WARNING OB poll B: token expired, reconnecting...
06:57:09 robot_arb WARNING OB poll A: rate limited, backing off...
06:57:39 robot_arb WARNING OB poll B: rate limited, backing off...
06:59:10 robot_arb WARNING OB poll A: rate limited, backing off...
06:59:40 robot_arb WARNING OB poll B: rate limited, backing off...
07:01:10 robot_arb WARNING OB poll A: rate limited, backing off...
07:01:40 robot_arb WARNING OB poll B: rate limited, backing off...
07:03:10 robot_arb WARNING OB poll B: rate limited, backing off...
07:05:11 robot_arb WARNING OB poll A: rate limited, backing off...
07:05:41 robot_arb WARNING OB poll B: rate limited, backing off...
07:07:11 robot_arb WARNING OB poll A: rate limited, backing off...
07:07:41 robot_arb WARNING OB poll B: rate limited, backing off...
07:09:12 robot_arb WARNING OB poll A: rate limited, backing off...
07:09:42 robot_arb WARNING OB poll B: rate limited, backing off...
07:11:12 robot_arb WARNING OB poll A: rate limited, backing off...
07:11:42 robot_arb WARNING OB poll B: rate limited, backing off...
07:12:14 robot_arb WARNING OB poll A: token expired, reconnecting...
07:12:14 robot_arb INFO FinamPy reconnecting (#93)...
07:12:14 robot_arb INFO Orders manager linked to FinamPy gRPC + trade subscription + reconnect
07:12:14 robot_arb INFO FinamPy reconnected (#93). Accounts: ['1225950', '1225951', '1225952', '2049688', '1225953']
07:12:14 robot_arb WARNING OB poll B: token expired, reconnecting...
07:13:13 robot_arb WARNING OB poll A: rate limited, backing off...
07:13:43 robot_arb WARNING OB poll B: rate limited, backing off...
07:15:14 robot_arb WARNING OB poll A: rate limited, backing off...
07:15:44 robot_arb WARNING OB poll B: rate limited, backing off...
07:17:14 robot_arb WARNING OB poll A: rate limited, backing off...
07:17:44 robot_arb WARNING OB poll B: rate limited, backing off...
07:19:15 robot_arb WARNING OB poll B: rate limited, backing off...
07:21:17 robot_arb WARNING OB poll A: rate limited, backing off...
07:21:47 robot_arb WARNING OB poll B: rate limited, backing off...
07:23:17 robot_arb WARNING OB poll A: rate limited, backing off...
07:23:47 robot_arb WARNING OB poll B: rate limited, backing off...
07:25:17 robot_arb WARNING OB poll A: rate limited, backing off...
07:25:47 robot_arb WARNING OB poll B: rate limited, backing off...
07:27:16 robot_arb WARNING OB poll A: token expired, reconnecting...
07:27:16 robot_arb INFO FinamPy reconnecting (#94)...
07:27:17 robot_arb INFO Orders manager linked to FinamPy gRPC + trade subscription + reconnect
07:27:17 robot_arb INFO FinamPy reconnected (#94). Accounts: ['1225950', '1225951', '1225952', '2049688', '1225953']
07:27:17 robot_arb WARNING OB poll B: token expired, reconnecting...
07:27:18 robot_arb WARNING OB poll A: rate limited, backing off...
07:27:48 robot_arb WARNING OB poll B: rate limited, backing off...
07:29:18 robot_arb WARNING OB poll A: rate limited, backing off...
07:29:48 robot_arb WARNING OB poll B: rate limited, backing off...
07:31:19 robot_arb WARNING OB poll A: rate limited, backing off...
07:31:49 robot_arb WARNING OB poll B: rate limited, backing off...
07:33:18 robot_arb WARNING OB poll B: rate limited, backing off...
07:35:20 robot_arb WARNING OB poll A: rate limited, backing off...
07:35:50 robot_arb WARNING OB poll B: rate limited, backing off...
07:37:20 robot_arb WARNING OB poll A: rate limited, backing off...
07:37:50 robot_arb WARNING OB poll B: rate limited, backing off...
07:39:22 robot_arb WARNING OB poll A: rate limited, backing off...
07:39:52 robot_arb WARNING OB poll B: rate limited, backing off...
07:41:24 robot_arb WARNING OB poll A: rate limited, backing off...
07:41:54 robot_arb WARNING OB poll B: rate limited, backing off...
07:42:25 robot_arb WARNING OB poll A: token expired, reconnecting...
07:42:25 robot_arb INFO FinamPy reconnecting (#95)...
07:42:26 robot_arb INFO Orders manager linked to FinamPy gRPC + trade subscription + reconnect
07:42:26 robot_arb INFO FinamPy reconnected (#95). Accounts: ['1225950', '1225951', '1225952', '2049688', '1225953']
07:42:26 robot_arb WARNING OB poll B: token expired, reconnecting...
07:43:24 robot_arb WARNING OB poll A: rate limited, backing off...
07:43:54 robot_arb WARNING OB poll B: rate limited, backing off...
07:45:24 robot_arb WARNING OB poll B: rate limited, backing off...
07:47:26 robot_arb WARNING OB poll A: rate limited, backing off...
07:47:56 robot_arb WARNING OB poll B: rate limited, backing off...
07:49:27 robot_arb WARNING OB poll A: rate limited, backing off...
07:49:57 robot_arb WARNING OB poll B: rate limited, backing off...
07:51:29 robot_arb WARNING OB poll A: rate limited, backing off...
07:51:59 robot_arb WARNING OB poll B: rate limited, backing off...
07:53:31 robot_arb WARNING OB poll A: rate limited, backing off...
07:54:01 robot_arb WARNING OB poll B: rate limited, backing off...
07:55:31 robot_arb WARNING OB poll B: rate limited, backing off...
07:57:28 robot_arb WARNING OB poll B: token expired, reconnecting...
07:57:28 robot_arb INFO FinamPy reconnecting (#96)...
07:57:29 robot_arb INFO Orders manager linked to FinamPy gRPC + trade subscription + reconnect
07:57:29 robot_arb INFO FinamPy reconnected (#96). Accounts: ['1225950', '1225951', '1225952', '2049688', '1225953']
07:57:33 robot_arb WARNING OB poll A: rate limited, backing off...
07:58:03 robot_arb WARNING OB poll B: rate limited, backing off...
07:59:33 robot_arb WARNING OB poll B: rate limited, backing off...
08:01:34 robot_arb WARNING OB poll A: rate limited, backing off...
08:02:04 robot_arb WARNING OB poll B: rate limited, backing off...
08:03:34 robot_arb WARNING OB poll A: rate limited, backing off...
08:04:04 robot_arb WARNING OB poll B: rate limited, backing off...
08:05:35 robot_arb WARNING OB poll A: rate limited, backing off...
08:06:05 robot_arb WARNING OB poll B: rate limited, backing off...
08:07:35 robot_arb WARNING OB poll A: rate limited, backing off...
08:08:05 robot_arb WARNING OB poll B: rate limited, backing off...
08:09:36 robot_arb WARNING OB poll A: rate limited, backing off...
08:10:06 robot_arb WARNING OB poll B: rate limited, backing off...
08:11:37 robot_arb WARNING OB poll B: rate limited, backing off...
08:12:31 robot_arb WARNING OB poll A: token expired, reconnecting...
08:12:31 robot_arb INFO FinamPy reconnecting (#97)...
08:12:32 robot_arb INFO Orders manager linked to FinamPy gRPC + trade subscription + reconnect
08:12:32 robot_arb INFO FinamPy reconnected (#97). Accounts: ['1225950', '1225951', '1225952', '2049688', '1225953']
08:12:32 robot_arb WARNING OB poll B: token expired, reconnecting...
08:13:36 robot_arb WARNING OB poll B: rate limited, backing off...
08:15:37 robot_arb WARNING OB poll A: rate limited, backing off...
08:16:07 robot_arb WARNING OB poll B: rate limited, backing off...
08:17:38 robot_arb WARNING OB poll A: rate limited, backing off...
08:18:08 robot_arb WARNING OB poll B: rate limited, backing off...
08:19:39 robot_arb WARNING OB poll A: rate limited, backing off...
08:20:09 robot_arb WARNING OB poll B: rate limited, backing off...
08:21:39 robot_arb WARNING OB poll A: rate limited, backing off...
08:22:09 robot_arb WARNING OB poll B: rate limited, backing off...
08:23:39 robot_arb WARNING OB poll A: rate limited, backing off...
08:24:09 robot_arb WARNING OB poll B: rate limited, backing off...
08:27:34 robot_arb WARNING OB poll A: token expired, reconnecting...
08:27:34 robot_arb INFO FinamPy reconnecting (#98)...
08:27:35 robot_arb INFO Orders manager linked to FinamPy gRPC + trade subscription + reconnect
08:27:35 robot_arb INFO FinamPy reconnected (#98). Accounts: ['1225950', '1225951', '1225952', '2049688', '1225953']
08:27:35 robot_arb WARNING OB poll B: token expired, reconnecting...
08:42:36 robot_arb WARNING OB poll A: token expired, reconnecting...
08:42:36 robot_arb INFO FinamPy reconnecting (#99)...
08:42:37 robot_arb INFO Orders manager linked to FinamPy gRPC + trade subscription + reconnect
08:42:37 robot_arb INFO FinamPy reconnected (#99). Accounts: ['1225950', '1225951', '1225952', '2049688', '1225953']
08:42:37 robot_arb WARNING OB poll B: token expired, reconnecting...
08:57:40 robot_arb WARNING OB poll A: token expired, reconnecting...
08:57:40 robot_arb INFO FinamPy reconnecting (#100)...
08:57:40 robot_arb INFO Orders manager linked to FinamPy gRPC + trade subscription + reconnect
08:57:40 robot_arb INFO FinamPy reconnected (#100). Accounts: ['1225950', '1225951', '1225952', '2049688', '1225953']
08:57:40 robot_arb WARNING OB poll B: token expired, reconnecting...
08:59:12 robot_arb INFO Signal 15 — shutting down...
