08:51:57 robot_arb INFO === Arbitrage Robot v1 ===
08:51:57 robot_arb INFO Pair: GAZP / GZU6
08:51:57 robot_arb INFO Account: 1225953 | Port: 5090 | Paper: True
08:51:57 robot_arb INFO Params: entry_z=2.7 lookback=200 lots_a=100 lots_b=10 hedge_ratio=10
08:51:57 robot_arb INFO Min profit: rub=77.77
08:51:57 robot_arb INFO Risk: stop_loss_rub=500000
08:51:57 robot_arb INFO State loaded: pnl=30267 trades=166 mode=stopped
08:51:57 FinamPy CRITICAL Ошибка доступа к системному хранилищу: No recommended backend was available. Install a recommended 3rd party backend package; or, install the keyrings.alt package if you want to use the non-recommended backends. See https://pypi.org/project/keyring for details.
08:51:57 FinamPy CRITICAL Ошибка сохранения в системное хранилище: No recommended backend was available. Install a recommended 3rd party backend package; or, install the keyrings.alt package if you want to use the non-recommended backends. See https://pypi.org/project/keyring for details.
08:51:57 robot_arb INFO FinamPy connected. Accounts: ['1225950', '1225951', '1225952', '1225953']
08:51:57 robot_arb INFO Subscribed OrderBook: GAZP@RTSX, GZU6@RTSX
08:51:57 robot_arb INFO Subscribed Quotes: GAZP@RTSX, GZU6@RTSX
08:51:57 robot_arb INFO Warmup: waiting 10 sec for data streams...
08:52:07 robot_arb INFO Warmup done. OB_A: False OB_B: False
08:52:07 robot_arb INFO MOEX ISS poller started (fallback for stock prices)
08:52:07 robot_arb INFO Main loop started
08:52:07 robot_arb INFO API listening on :5090
08:52:07 robot_arb INFO Endpoints: GET /status /health /params | POST /start /stop /pause /params
08:52:32 robot_arb INFO Account changed → 1225953-EDP
08:52:32 robot_arb INFO Param updated: ticker_a = GAZP (was GAZP)
08:52:32 robot_arb INFO Param updated: symbol_a = GAZP@RTSX (was GAZP@RTSX)
08:52:32 robot_arb INFO Param updated: ticker_b = GZU6 (was GZU6)
08:52:32 robot_arb INFO Param updated: symbol_b = GZU6@RTSX (was GZU6@RTSX)
08:52:32 robot_arb INFO Param updated: lots_a = 100 (was 100)
08:52:32 robot_arb INFO Param updated: lots_b = 10 (was 10)
08:52:32 robot_arb INFO Param updated: hedge_ratio = 10 (was 10)
08:52:32 robot_arb INFO Param updated: capital = 1000000 (was 1000000)
08:52:32 robot_arb INFO Param updated: entry_z = 2.7 (was 2.7)
08:52:32 robot_arb INFO Param updated: entry_z_long = -5.7 (was -5.7)
08:52:32 robot_arb INFO Param updated: entry_mode = zscore (was zscore)
08:52:32 robot_arb INFO Param updated: spread_rub_high = 312 (was 312)
08:52:32 robot_arb INFO Param updated: spread_rub_low = 270 (was 270)
08:52:32 robot_arb INFO Param updated: risk_free_rate = 0.1425 (was 0.1425)
08:52:32 robot_arb INFO Param updated: expiration_date = 2026-09-18 (was 2026-09-18)
08:52:32 robot_arb INFO Param updated: contract_size = 100 (was 100)
08:52:32 robot_arb INFO Param updated: lookback = 200 (was 200)
08:52:32 robot_arb INFO Param updated: leg_a_timeout = 5 (was 5)
08:52:32 robot_arb INFO Param updated: min_fill_ratio = 0.5 (was 0.5)
08:52:32 robot_arb INFO Param updated: min_profit_type = rub (was rub)
08:52:32 robot_arb INFO Param updated: min_profit_value = 77.77 (was 77.77)
08:52:32 robot_arb INFO Param updated: risk_type = stop_loss_rub (was stop_loss_rub)
08:52:32 robot_arb INFO Param updated: risk_value = 500000 (was 500000)
08:52:32 robot_arb INFO Param updated: allow_long_basis = True (was True)
08:52:32 robot_arb INFO Param updated: use_commission = True (was True)
08:52:32 robot_arb INFO Param updated: commission_stock_pct = 0.035 (was 0.035)
08:52:32 robot_arb INFO Param updated: commission_futures_rt = 0.9 (was 0.9)
08:53:04 robot_arb INFO Mode → RUNNING
09:04:11 robot_arb INFO Account changed → 1225953-EDP
09:04:11 robot_arb INFO Param updated: ticker_a = GAZP (was GAZP)
09:04:11 robot_arb INFO Param updated: symbol_a = GAZP@RTSX (was GAZP@RTSX)
09:04:11 robot_arb INFO Param updated: ticker_b = GZU6 (was GZU6)
09:04:11 robot_arb INFO Param updated: symbol_b = GZU6@RTSX (was GZU6@RTSX)
09:04:11 robot_arb INFO Param updated: lots_a = 100 (was 100)
09:04:11 robot_arb INFO Param updated: lots_b = 10 (was 10)
09:04:11 robot_arb INFO Param updated: hedge_ratio = 10 (was 10)
09:04:11 robot_arb INFO Param updated: capital = 1000000 (was 1000000)
09:04:11 robot_arb INFO Param updated: entry_z = 2.7 (was 2.7)
09:04:11 robot_arb INFO Param updated: entry_z_long = -5.7 (was -5.7)
09:04:11 robot_arb INFO Param updated: entry_mode = zscore (was zscore)
09:04:11 robot_arb INFO Param updated: spread_rub_high = 312 (was 312)
09:04:11 robot_arb INFO Param updated: spread_rub_low = 270 (was 270)
09:04:11 robot_arb INFO Param updated: risk_free_rate = 0.1425 (was 0.1425)
09:04:11 robot_arb INFO Param updated: expiration_date = 2026-09-18 (was 2026-09-18)
09:04:11 robot_arb INFO Param updated: contract_size = 100 (was 100)
09:04:11 robot_arb INFO Param updated: lookback = 200 (was 200)
09:04:11 robot_arb INFO Param updated: leg_a_timeout = 5 (was 5)
09:04:11 robot_arb INFO Param updated: min_fill_ratio = 0.5 (was 0.5)
09:04:11 robot_arb INFO Param updated: min_profit_type = rub (was rub)
09:04:11 robot_arb INFO Param updated: min_profit_value = 77.77 (was 77.77)
09:04:11 robot_arb INFO Param updated: risk_type = stop_loss_rub (was stop_loss_rub)
09:04:11 robot_arb INFO Param updated: risk_value = 500000 (was 500000)
09:04:11 robot_arb INFO Param updated: allow_long_basis = True (was True)
09:04:11 robot_arb INFO Param updated: use_commission = True (was True)
09:04:11 robot_arb INFO Param updated: commission_stock_pct = 0.035 (was 0.035)
09:04:11 robot_arb INFO Param updated: commission_futures_rt = 0.9 (was 0.9)
09:05:27 robot_arb INFO ⚠️ CHECK_ENTRY returned signal: {'action': 'entry', 'side': 'short_basis', 'z': 4.982190856197819, 'basis': 9076.6, 'price_a': 97.54, 'price_b': 10052.0}
09:05:27 robot_arb INFO ENTRY SIGNAL short_basis | Z=4.98 basis=9076.60 | A=97.54 B=10052.00 | limit buy 100 @ 97.55 | market sell 10 @ 10046.97
09:05:27 orders_arb INFO 📄 PAPER ENTRY: buy 100 GAZP@RTSX @ 97.55 (LIMIT)
09:05:27 orders_arb INFO 📄 PAPER ENTRY: sell 10 GZU6@RTSX @ 10046.97 (MARKET)
09:05:27 strategy_arb INFO LAYER #1 OPEN SHORT | A=97.55 ×100 | B=10046.97 ×10 | basis=9071.47 Z=4.98 | layers=1
09:05:27 robot_arb INFO LAYER OPEN SHORT_BASIS #1 | A=97.55 ×100 | B=10046.97 ×10 | basis=9076.60 Z=4.98 | layers=1 used_capital=116,860
09:05:29 robot_arb INFO ⚠️ CHECK_ENTRY returned signal: {'action': 'entry', 'side': 'short_basis', 'z': 4.418840229052091, 'basis': 9076.6, 'price_a': 97.54, 'price_b': 10052.0}
09:05:29 robot_arb INFO ENTRY SIGNAL short_basis | Z=4.42 basis=9076.60 | A=97.54 B=10052.00 | limit buy 100 @ 97.55 | market sell 10 @ 10046.97
09:05:29 orders_arb INFO 📄 PAPER ENTRY: buy 100 GAZP@RTSX @ 97.55 (LIMIT)
09:05:29 orders_arb INFO 📄 PAPER ENTRY: sell 10 GZU6@RTSX @ 10046.97 (MARKET)
09:05:29 strategy_arb INFO LAYER #2 OPEN SHORT | A=97.55 ×100 | B=10046.97 ×10 | basis=9071.47 Z=4.42 | layers=2
09:05:29 robot_arb INFO LAYER OPEN SHORT_BASIS #2 | A=97.55 ×100 | B=10046.97 ×10 | basis=9076.60 Z=4.42 | layers=2 used_capital=233,720
09:05:31 robot_arb INFO ⚠️ CHECK_ENTRY returned signal: {'action': 'entry', 'side': 'short_basis', 'z': 4.004100510068209, 'basis': 9076.6, 'price_a': 97.54, 'price_b': 10052.0}
09:05:31 robot_arb INFO ENTRY SIGNAL short_basis | Z=4.00 basis=9076.60 | A=97.54 B=10052.00 | limit buy 100 @ 97.55 | market sell 10 @ 10046.97
09:05:31 orders_arb INFO 📄 PAPER ENTRY: buy 100 GAZP@RTSX @ 97.55 (LIMIT)
09:05:31 orders_arb INFO 📄 PAPER ENTRY: sell 10 GZU6@RTSX @ 10046.97 (MARKET)
09:05:31 strategy_arb INFO LAYER #3 OPEN SHORT | A=97.55 ×100 | B=10046.97 ×10 | basis=9071.47 Z=4.00 | layers=3
09:05:31 robot_arb INFO LAYER OPEN SHORT_BASIS #3 | A=97.55 ×100 | B=10046.97 ×10 | basis=9076.60 Z=4.00 | layers=3 used_capital=350,580
09:10:58 robot_arb INFO EXIT layer #1 reason=profit_target | limit sell 100 @ 97.50 | market buy 10 @ 10030.01
09:10:58 orders_arb INFO 📄 PAPER ENTRY: sell 100 GAZP@RTSX @ 97.50 (LIMIT)
09:10:58 orders_arb INFO 📄 PAPER ENTRY: buy 10 GZU6@RTSX @ 10030.01 (MARKET)
09:10:58 strategy_arb INFO LAYER #1 CLOSE SHORT | PnL=+42.35₽ (gross=+119.61₽ comm=77.27₽) | reason=profit_target | hold=6min | layers=2
09:10:58 robot_arb INFO EXIT layer #2 reason=profit_target | limit sell 100 @ 97.50 | market buy 10 @ 10030.01
09:10:58 orders_arb INFO 📄 PAPER ENTRY: sell 100 GAZP@RTSX @ 97.50 (LIMIT)
09:10:58 orders_arb INFO 📄 PAPER ENTRY: buy 10 GZU6@RTSX @ 10030.01 (MARKET)
09:10:58 strategy_arb INFO LAYER #2 CLOSE SHORT | PnL=+42.35₽ (gross=+119.61₽ comm=77.27₽) | reason=profit_target | hold=5min | layers=1
09:10:59 robot_arb INFO EXIT layer #3 reason=profit_target | limit sell 100 @ 97.50 | market buy 10 @ 10030.01
09:10:59 orders_arb INFO 📄 PAPER ENTRY: sell 100 GAZP@RTSX @ 97.50 (LIMIT)
09:10:59 orders_arb INFO 📄 PAPER ENTRY: buy 10 GZU6@RTSX @ 10030.01 (MARKET)
09:10:59 strategy_arb INFO LAYER #3 CLOSE SHORT | PnL=+42.35₽ (gross=+119.61₽ comm=77.27₽) | reason=profit_target | hold=5min | layers=0
09:15:41 robot_arb INFO ⚠️ CHECK_ENTRY returned signal: {'action': 'entry', 'side': 'short_basis', 'z': 2.753132974384342, 'basis': 9064.2, 'price_a': 97.48, 'price_b': 10039.0}
09:15:41 robot_arb INFO ENTRY SIGNAL short_basis | Z=2.75 basis=9064.20 | A=97.48 B=10039.00 | limit buy 100 @ 97.50 | market sell 10 @ 10033.98
09:15:41 orders_arb INFO 📄 PAPER ENTRY: buy 100 GAZP@RTSX @ 97.50 (LIMIT)
09:15:41 orders_arb INFO 📄 PAPER ENTRY: sell 10 GZU6@RTSX @ 10033.98 (MARKET)
09:15:41 strategy_arb INFO LAYER #4 OPEN SHORT | A=97.50 ×100 | B=10033.98 ×10 | basis=9058.98 Z=2.75 | layers=1
09:15:41 robot_arb INFO LAYER OPEN SHORT_BASIS #4 | A=97.50 ×100 | B=10033.98 ×10 | basis=9064.20 Z=2.75 | layers=1 used_capital=116,810
09:21:30 robot_arb INFO ⚠️ CHECK_ENTRY returned signal: {'action': 'entry', 'side': 'short_basis', 'z': 2.754577352537523, 'basis': 9071.8, 'price_a': 97.52, 'price_b': 10047.0}
09:21:30 robot_arb INFO ENTRY SIGNAL short_basis | Z=2.75 basis=9071.80 | A=97.52 B=10047.00 | limit buy 100 @ 97.55 | market sell 10 @ 10041.98
09:21:30 orders_arb INFO 📄 PAPER ENTRY: buy 100 GAZP@RTSX @ 97.55 (LIMIT)
09:21:30 orders_arb INFO 📄 PAPER ENTRY: sell 10 GZU6@RTSX @ 10041.98 (MARKET)
09:21:30 strategy_arb INFO LAYER #5 OPEN SHORT | A=97.55 ×100 | B=10041.98 ×10 | basis=9066.48 Z=2.75 | layers=2
09:21:30 robot_arb INFO LAYER OPEN SHORT_BASIS #5 | A=97.55 ×100 | B=10041.98 ×10 | basis=9071.80 Z=2.75 | layers=2 used_capital=233,670
09:28:21 robot_arb INFO ⚠️ CHECK_ENTRY returned signal: {'action': 'entry', 'side': 'short_basis', 'z': 4.696778876670137, 'basis': 9065.9, 'price_a': 97.41, 'price_b': 10040.0}
09:28:21 robot_arb INFO ENTRY SIGNAL short_basis | Z=4.70 basis=9065.90 | A=97.41 B=10040.00 | limit buy 100 @ 97.47 | market sell 10 @ 10034.98
09:28:21 orders_arb INFO 📄 PAPER ENTRY: buy 100 GAZP@RTSX @ 97.47 (LIMIT)
09:28:21 orders_arb INFO 📄 PAPER ENTRY: sell 10 GZU6@RTSX @ 10034.98 (MARKET)
09:28:21 strategy_arb INFO LAYER #6 OPEN SHORT | A=97.47 ×100 | B=10034.98 ×10 | basis=9060.28 Z=4.70 | layers=3
09:28:21 robot_arb INFO LAYER OPEN SHORT_BASIS #6 | A=97.47 ×100 | B=10034.98 ×10 | basis=9065.90 Z=4.70 | layers=3 used_capital=350,450
09:28:23 robot_arb INFO ⚠️ CHECK_ENTRY returned signal: {'action': 'entry', 'side': 'short_basis', 'z': 3.430091663388916, 'basis': 9063.9, 'price_a': 97.41, 'price_b': 10038.0}
09:28:23 robot_arb INFO ENTRY SIGNAL short_basis | Z=3.43 basis=9063.90 | A=97.41 B=10038.00 | limit buy 100 @ 97.47 | market sell 10 @ 10032.98
09:28:23 orders_arb INFO 📄 PAPER ENTRY: buy 100 GAZP@RTSX @ 97.47 (LIMIT)
09:28:23 orders_arb INFO 📄 PAPER ENTRY: sell 10 GZU6@RTSX @ 10032.98 (MARKET)
09:28:23 strategy_arb INFO LAYER #7 OPEN SHORT | A=97.47 ×100 | B=10032.98 ×10 | basis=9058.28 Z=3.43 | layers=4
09:28:23 robot_arb INFO LAYER OPEN SHORT_BASIS #7 | A=97.47 ×100 | B=10032.98 ×10 | basis=9063.90 Z=3.43 | layers=4 used_capital=467,230
09:28:25 robot_arb INFO ⚠️ CHECK_ENTRY returned signal: {'action': 'entry', 'side': 'short_basis', 'z': 3.2149826689475125, 'basis': 9063.9, 'price_a': 97.41, 'price_b': 10038.0}
09:28:25 robot_arb INFO ENTRY SIGNAL short_basis | Z=3.21 basis=9063.90 | A=97.41 B=10038.00 | limit buy 100 @ 97.47 | market sell 10 @ 10032.98
09:28:25 orders_arb INFO 📄 PAPER ENTRY: buy 100 GAZP@RTSX @ 97.47 (LIMIT)
09:28:25 orders_arb INFO 📄 PAPER ENTRY: sell 10 GZU6@RTSX @ 10032.98 (MARKET)
09:28:25 strategy_arb INFO LAYER #8 OPEN SHORT | A=97.47 ×100 | B=10032.98 ×10 | basis=9058.28 Z=3.21 | layers=5
09:28:25 robot_arb INFO LAYER OPEN SHORT_BASIS #8 | A=97.47 ×100 | B=10032.98 ×10 | basis=9063.90 Z=3.21 | layers=5 used_capital=584,010
09:28:27 robot_arb INFO ⚠️ CHECK_ENTRY returned signal: {'action': 'entry', 'side': 'short_basis', 'z': 3.0322931341708563, 'basis': 9063.9, 'price_a': 97.41, 'price_b': 10038.0}
09:28:27 robot_arb INFO ENTRY SIGNAL short_basis | Z=3.03 basis=9063.90 | A=97.41 B=10038.00 | limit buy 100 @ 97.45 | market sell 10 @ 10032.98
09:28:27 orders_arb INFO 📄 PAPER ENTRY: buy 100 GAZP@RTSX @ 97.45 (LIMIT)
09:28:27 orders_arb INFO 📄 PAPER ENTRY: sell 10 GZU6@RTSX @ 10032.98 (MARKET)
09:28:27 strategy_arb INFO LAYER #9 OPEN SHORT | A=97.45 ×100 | B=10032.98 ×10 | basis=9058.48 Z=3.03 | layers=6
09:28:27 robot_arb INFO LAYER OPEN SHORT_BASIS #9 | A=97.45 ×100 | B=10032.98 ×10 | basis=9063.90 Z=3.03 | layers=6 used_capital=700,770
09:50:31 robot_arb INFO ⚠️ CHECK_ENTRY returned signal: {'action': 'entry', 'side': 'short_basis', 'z': 5.712839109168672, 'basis': 9026.2, 'price_a': 97.08, 'price_b': 9997.0}
09:50:31 robot_arb INFO ENTRY SIGNAL short_basis | Z=5.71 basis=9026.20 | A=97.08 B=9997.00 | limit buy 100 @ 97.10 | market sell 10 @ 9992.00
09:50:31 orders_arb INFO 📄 PAPER ENTRY: buy 100 GAZP@RTSX @ 97.10 (LIMIT)
09:50:31 orders_arb INFO 📄 PAPER ENTRY: sell 10 GZU6@RTSX @ 9992.00 (MARKET)
09:50:31 strategy_arb INFO LAYER #10 OPEN SHORT | A=97.10 ×100 | B=9992.00 ×10 | basis=9021.00 Z=5.71 | layers=7
09:50:31 robot_arb INFO LAYER OPEN SHORT_BASIS #10 | A=97.10 ×100 | B=9992.00 ×10 | basis=9026.20 Z=5.71 | layers=7 used_capital=817,180
09:50:33 robot_arb INFO ⚠️ CHECK_ENTRY returned signal: {'action': 'entry', 'side': 'short_basis', 'z': 4.996892736400682, 'basis': 9026.2, 'price_a': 97.08, 'price_b': 9997.0}
09:50:33 robot_arb INFO ENTRY SIGNAL short_basis | Z=5.00 basis=9026.20 | A=97.08 B=9997.00 | limit buy 100 @ 97.10 | market sell 10 @ 9992.00
09:50:33 orders_arb INFO 📄 PAPER ENTRY: buy 100 GAZP@RTSX @ 97.10 (LIMIT)
09:50:33 orders_arb INFO 📄 PAPER ENTRY: sell 10 GZU6@RTSX @ 9992.00 (MARKET)
09:50:33 strategy_arb INFO LAYER #11 OPEN SHORT | A=97.10 ×100 | B=9992.00 ×10 | basis=9021.00 Z=5.00 | layers=8
09:50:33 robot_arb INFO LAYER OPEN SHORT_BASIS #11 | A=97.10 ×100 | B=9992.00 ×10 | basis=9026.20 Z=5.00 | layers=8 used_capital=933,590
10:53:54 strategy_arb INFO LAYER #4 CLOSE SHORT | PnL=-97.26₽ (gross=-20.20₽ comm=77.06₽) | reason=manual_stop | hold=98min | layers=7
10:53:54 strategy_arb INFO LAYER #5 CLOSE SHORT | PnL=-67.32₽ (gross=+9.77₽ comm=77.08₽) | reason=manual_stop | hold=92min | layers=6
10:53:54 strategy_arb INFO LAYER #6 CLOSE SHORT | PnL=-57.25₽ (gross=+19.80₽ comm=77.05₽) | reason=manual_stop | hold=86min | layers=5
10:53:54 strategy_arb INFO LAYER #7 CLOSE SHORT | PnL=-77.24₽ (gross=-0.19₽ comm=77.05₽) | reason=manual_stop | hold=86min | layers=4
10:53:54 strategy_arb INFO LAYER #8 CLOSE SHORT | PnL=-77.24₽ (gross=-0.19₽ comm=77.05₽) | reason=manual_stop | hold=85min | layers=3
10:53:54 strategy_arb INFO LAYER #9 CLOSE SHORT | PnL=-57.24₽ (gross=+19.81₽ comm=77.05₽) | reason=manual_stop | hold=85min | layers=2
10:53:54 strategy_arb INFO LAYER #10 CLOSE SHORT | PnL=-116.91₽ (gross=-39.98₽ comm=76.92₽) | reason=manual_stop | hold=63min | layers=1
10:53:54 strategy_arb INFO LAYER #11 CLOSE SHORT | PnL=-116.91₽ (gross=-39.98₽ comm=76.92₽) | reason=manual_stop | hold=63min | layers=0
10:53:54 robot_arb INFO Mode → STOPPED
10:56:16 robot_arb INFO Signal 15 — shutting down...
10:56:16 robot_arb INFO === Arbitrage Robot v1 ===
10:56:16 robot_arb INFO Pair: GAZP / GZU6
10:56:16 robot_arb INFO Account: 1225953 | Port: 5090 | Paper: True
10:56:16 robot_arb INFO Params: entry_z=2.7 lookback=200 lots_a=100 lots_b=10 hedge_ratio=10
10:56:16 robot_arb INFO Min profit: rub=77.77
10:56:16 robot_arb INFO Risk: stop_loss_rub=500000
10:56:16 robot_arb INFO State loaded: pnl=29727 trades=177 mode=stopped
10:56:17 FinamPy CRITICAL Ошибка доступа к системному хранилищу: No recommended backend was available. Install a recommended 3rd party backend package; or, install the keyrings.alt package if you want to use the non-recommended backends. See https://pypi.org/project/keyring for details.
10:56:17 FinamPy CRITICAL Ошибка сохранения в системное хранилище: No recommended backend was available. Install a recommended 3rd party backend package; or, install the keyrings.alt package if you want to use the non-recommended backends. See https://pypi.org/project/keyring for details.
10:56:17 robot_arb INFO FinamPy connected. Accounts: ['1225950', '1225951', '1225952', '1225953']
10:56:17 robot_arb INFO Subscribed OrderBook: GAZP@RTSX, GZU6@RTSX
10:56:17 robot_arb INFO Subscribed Quotes: GAZP@RTSX, GZU6@RTSX
10:56:17 robot_arb INFO Warmup: waiting 10 sec for data streams...
10:56:27 robot_arb INFO Warmup done. OB_A: False OB_B: False
10:56:27 robot_arb INFO MOEX ISS poller started (fallback for stock prices)
10:56:27 robot_arb INFO Main loop started
10:56:27 robot_arb INFO API listening on :5090
10:56:27 robot_arb INFO Endpoints: GET /status /health /params | POST /start /stop /pause /params
10:56:31 robot_arb INFO Mode → RUNNING
10:58:36 robot_arb INFO Mode → STOPPED
11:02:36 robot_arb INFO Signal 15 — shutting down...
11:02:37 robot_arb INFO === Arbitrage Robot v1 ===
11:02:37 robot_arb INFO Pair: GAZP / GZU6
11:02:37 robot_arb INFO Account: 1225953 | Port: 5090 | Paper: True
11:02:37 robot_arb INFO Params: entry_z=2.7 lookback=200 lots_a=100 lots_b=10 hedge_ratio=10
11:02:37 robot_arb INFO Min profit: rub=77.77
11:02:37 robot_arb INFO Risk: stop_loss_rub=500000
11:02:37 robot_arb INFO State loaded: pnl=29727 trades=177 mode=stopped
11:02:37 FinamPy CRITICAL Ошибка доступа к системному хранилищу: No recommended backend was available. Install a recommended 3rd party backend package; or, install the keyrings.alt package if you want to use the non-recommended backends. See https://pypi.org/project/keyring for details.
11:02:37 FinamPy CRITICAL Ошибка сохранения в системное хранилище: No recommended backend was available. Install a recommended 3rd party backend package; or, install the keyrings.alt package if you want to use the non-recommended backends. See https://pypi.org/project/keyring for details.
11:03:01 robot_arb INFO Signal 15 — shutting down...
11:03:04 robot_arb INFO === Arbitrage Robot v1 ===
11:03:04 robot_arb INFO Pair: GAZP / GZU6
11:03:04 robot_arb INFO Account: 1225953 | Port: 5090 | Paper: True
11:03:04 robot_arb INFO Params: entry_z=2.7 lookback=200 lots_a=100 lots_b=10 hedge_ratio=10
11:03:04 robot_arb INFO Min profit: rub=77.77
11:03:04 robot_arb INFO Risk: stop_loss_rub=500000
11:03:04 robot_arb INFO State loaded: pnl=29727 trades=177 mode=stopped
11:03:04 FinamPy CRITICAL Ошибка доступа к системному хранилищу: No recommended backend was available. Install a recommended 3rd party backend package; or, install the keyrings.alt package if you want to use the non-recommended backends. See https://pypi.org/project/keyring for details.
11:03:04 FinamPy CRITICAL Ошибка сохранения в системное хранилище: No recommended backend was available. Install a recommended 3rd party backend package; or, install the keyrings.alt package if you want to use the non-recommended backends. See https://pypi.org/project/keyring for details.
11:03:04 robot_arb INFO FinamPy connected. Accounts: ['1225950', '1225951', '1225952', '1225953']
11:03:04 robot_arb INFO Subscribed OrderBook: GAZP@RTSX, GZU6@RTSX
11:03:04 robot_arb INFO Subscribed Quotes: GAZP@RTSX, GZU6@RTSX
11:03:04 robot_arb INFO Warmup: waiting 10 sec for data streams...
11:03:14 robot_arb INFO Warmup done. OB_A: False OB_B: False
11:03:14 robot_arb INFO MOEX ISS poller started (fallback for stock prices)
11:03:14 robot_arb INFO Main loop started
11:03:14 robot_arb INFO API listening on :5090
11:03:14 robot_arb INFO Endpoints: GET /status /health /params | POST /start /stop /pause /params
11:03:19 robot_arb INFO Mode → RUNNING
11:06:28 robot_arb INFO Account changed → 1225953-EDP
11:06:28 robot_arb INFO Param updated: ticker_a = GAZP (was GAZP)
11:06:28 robot_arb INFO Param updated: symbol_a = GAZP@RTSX (was GAZP@RTSX)
11:06:28 robot_arb INFO Param updated: ticker_b = GZU6 (was GZU6)
11:06:28 robot_arb INFO Param updated: symbol_b = GZU6@RTSX (was GZU6@RTSX)
11:06:28 robot_arb INFO Param updated: lots_a = 100 (was 100)
11:06:28 robot_arb INFO Param updated: lots_b = 10 (was 10)
11:06:28 robot_arb INFO Param updated: hedge_ratio = 10 (was 10)
11:06:28 robot_arb INFO Param updated: capital = 1000000 (was 1000000)
11:06:28 robot_arb INFO Param updated: entry_z = 2.7 (was 2.7)
11:06:28 robot_arb INFO Param updated: entry_z_long = -5.7 (was -5.7)
11:06:28 robot_arb INFO Param updated: entry_mode = zscore (was zscore)
11:06:28 robot_arb INFO Param updated: spread_rub_high = 312 (was 312)
11:06:28 robot_arb INFO Param updated: spread_rub_low = 270 (was 270)
11:06:28 robot_arb INFO Param updated: risk_free_rate = 0.1425 (was 0.1425)
11:06:28 robot_arb INFO Param updated: expiration_date = 2026-09-18 (was 2026-09-18)
11:06:28 robot_arb INFO Param updated: contract_size = 100 (was 100)
11:06:28 robot_arb INFO Param updated: lookback = 200 (was 200)
11:06:28 robot_arb INFO Param updated: leg_a_timeout = 5 (was 5)
11:06:28 robot_arb INFO Param updated: min_fill_ratio = 0.5 (was 0.5)
11:06:28 robot_arb INFO Param updated: min_profit_type = rub (was rub)
11:06:28 robot_arb INFO Param updated: min_profit_value = 77.77 (was 77.77)
11:06:28 robot_arb INFO Param updated: risk_type = stop_loss_rub (was stop_loss_rub)
11:06:28 robot_arb INFO Param updated: risk_value = 500000 (was 500000)
11:06:28 robot_arb INFO Param updated: allow_long_basis = True (was True)
11:06:28 robot_arb INFO Param updated: use_commission = True (was True)
11:06:28 robot_arb INFO Param updated: commission_stock_pct = 0.035 (was 0.035)
11:06:28 robot_arb INFO Param updated: commission_futures_rt = 0.9 (was 0.9)
11:07:12 robot_arb INFO ⚠️ CHECK_ENTRY returned signal: {'action': 'entry', 'side': 'short_basis', 'z': 3.3432392491786582, 'basis': 9003.1, 'price_a': 96.79, 'price_b': 9971.0}
11:07:12 robot_arb INFO ENTRY SIGNAL short_basis | Z=3.34 basis=9003.10 | A=96.79 B=9971.00 | limit buy 100 @ 96.79 | market sell 10 @ 9966.01
11:07:12 orders_arb INFO 📄 PAPER ENTRY: buy 100 GAZP@RTSX @ 96.79 (LIMIT)
11:07:12 orders_arb INFO 📄 PAPER ENTRY: sell 10 GZU6@RTSX @ 9966.01 (MARKET)
11:07:12 strategy_arb INFO LAYER #1 OPEN SHORT | A=96.79 ×100 | B=9966.01 ×10 | basis=8998.11 Z=3.34 | layers=1
11:07:12 robot_arb INFO LAYER OPEN SHORT_BASIS #1 | A=96.79 ×100 | B=9966.01 ×10 | basis=9003.10 Z=3.34 | layers=1 used_capital=116,100
11:07:14 robot_arb INFO ⚠️ CHECK_ENTRY returned signal: {'action': 'entry', 'side': 'short_basis', 'z': 3.1437458433765904, 'basis': 9003.1, 'price_a': 96.79, 'price_b': 9971.0}
11:07:14 robot_arb INFO ENTRY SIGNAL short_basis | Z=3.14 basis=9003.10 | A=96.79 B=9971.00 | limit buy 100 @ 96.79 | market sell 10 @ 9966.01
11:07:14 orders_arb INFO 📄 PAPER ENTRY: buy 100 GAZP@RTSX @ 96.79 (LIMIT)
11:07:14 orders_arb INFO 📄 PAPER ENTRY: sell 10 GZU6@RTSX @ 9966.01 (MARKET)
11:07:14 strategy_arb INFO LAYER #2 OPEN SHORT | A=96.79 ×100 | B=9966.01 ×10 | basis=8998.11 Z=3.14 | layers=2
11:07:14 robot_arb INFO LAYER OPEN SHORT_BASIS #2 | A=96.79 ×100 | B=9966.01 ×10 | basis=9003.10 Z=3.14 | layers=2 used_capital=232,200
11:07:46 robot_arb INFO ⚠️ CHECK_ENTRY returned signal: {'action': 'entry', 'side': 'short_basis', 'z': 3.491637343625394, 'basis': 9006.0, 'price_a': 96.8, 'price_b': 9974.0}
11:07:46 robot_arb INFO ENTRY SIGNAL short_basis | Z=3.49 basis=9006.00 | A=96.80 B=9974.00 | limit buy 100 @ 96.81 | market sell 10 @ 9969.01
11:07:46 orders_arb INFO 📄 PAPER ENTRY: buy 100 GAZP@RTSX @ 96.81 (LIMIT)
11:07:46 orders_arb INFO 📄 PAPER ENTRY: sell 10 GZU6@RTSX @ 9969.01 (MARKET)
11:07:46 strategy_arb INFO LAYER #3 OPEN SHORT | A=96.81 ×100 | B=9969.01 ×10 | basis=9000.91 Z=3.49 | layers=3
11:07:46 robot_arb INFO LAYER OPEN SHORT_BASIS #3 | A=96.81 ×100 | B=9969.01 ×10 | basis=9006.00 Z=3.49 | layers=3 used_capital=348,320
11:07:48 robot_arb INFO ⚠️ CHECK_ENTRY returned signal: {'action': 'entry', 'side': 'short_basis', 'z': 3.26548896986382, 'basis': 9006.0, 'price_a': 96.8, 'price_b': 9974.0}
11:07:48 robot_arb INFO ENTRY SIGNAL short_basis | Z=3.27 basis=9006.00 | A=96.80 B=9974.00 | limit buy 100 @ 96.81 | market sell 10 @ 9969.01
11:07:48 orders_arb INFO 📄 PAPER ENTRY: buy 100 GAZP@RTSX @ 96.81 (LIMIT)
11:07:48 orders_arb INFO 📄 PAPER ENTRY: sell 10 GZU6@RTSX @ 9969.01 (MARKET)
11:07:48 strategy_arb INFO LAYER #4 OPEN SHORT | A=96.81 ×100 | B=9969.01 ×10 | basis=9000.91 Z=3.27 | layers=4
11:07:48 robot_arb INFO LAYER OPEN SHORT_BASIS #4 | A=96.81 ×100 | B=9969.01 ×10 | basis=9006.00 Z=3.27 | layers=4 used_capital=464,440
11:07:50 robot_arb INFO ⚠️ CHECK_ENTRY returned signal: {'action': 'entry', 'side': 'short_basis', 'z': 3.074528238298482, 'basis': 9006.0, 'price_a': 96.8, 'price_b': 9974.0}
11:07:50 robot_arb INFO ENTRY SIGNAL short_basis | Z=3.07 basis=9006.00 | A=96.80 B=9974.00 | limit buy 100 @ 96.81 | market sell 10 @ 9969.01
11:07:50 orders_arb INFO 📄 PAPER ENTRY: buy 100 GAZP@RTSX @ 96.81 (LIMIT)
11:07:50 orders_arb INFO 📄 PAPER ENTRY: sell 10 GZU6@RTSX @ 9969.01 (MARKET)
11:07:50 strategy_arb INFO LAYER #5 OPEN SHORT | A=96.81 ×100 | B=9969.01 ×10 | basis=9000.91 Z=3.07 | layers=5
11:07:50 robot_arb INFO LAYER OPEN SHORT_BASIS #5 | A=96.81 ×100 | B=9969.01 ×10 | basis=9006.00 Z=3.07 | layers=5 used_capital=580,560
11:08:12 robot_arb INFO ⚠️ CHECK_ENTRY returned signal: {'action': 'entry', 'side': 'short_basis', 'z': 3.3688444509066215, 'basis': 9010.8, 'price_a': 96.82, 'price_b': 9979.0}
11:08:12 robot_arb INFO ENTRY SIGNAL short_basis | Z=3.37 basis=9010.80 | A=96.82 B=9979.00 | limit buy 100 @ 96.84 | market sell 10 @ 9974.01
11:08:12 orders_arb INFO 📄 PAPER ENTRY: buy 100 GAZP@RTSX @ 96.84 (LIMIT)
11:08:12 orders_arb INFO 📄 PAPER ENTRY: sell 10 GZU6@RTSX @ 9974.01 (MARKET)
11:08:12 strategy_arb INFO LAYER #6 OPEN SHORT | A=96.84 ×100 | B=9974.01 ×10 | basis=9005.61 Z=3.37 | layers=6
11:08:12 robot_arb INFO LAYER OPEN SHORT_BASIS #6 | A=96.84 ×100 | B=9974.01 ×10 | basis=9010.80 Z=3.37 | layers=6 used_capital=696,710
11:08:14 robot_arb INFO ⚠️ CHECK_ENTRY returned signal: {'action': 'entry', 'side': 'short_basis', 'z': 3.1619958592810193, 'basis': 9010.8, 'price_a': 96.82, 'price_b': 9979.0}
11:08:14 robot_arb INFO ENTRY SIGNAL short_basis | Z=3.16 basis=9010.80 | A=96.82 B=9979.00 | limit buy 100 @ 96.84 | market sell 10 @ 9974.01
11:08:14 orders_arb INFO 📄 PAPER ENTRY: buy 100 GAZP@RTSX @ 96.84 (LIMIT)
11:08:14 orders_arb INFO 📄 PAPER ENTRY: sell 10 GZU6@RTSX @ 9974.01 (MARKET)
11:08:14 strategy_arb INFO LAYER #7 OPEN SHORT | A=96.84 ×100 | B=9974.01 ×10 | basis=9005.61 Z=3.16 | layers=7
11:08:14 robot_arb INFO LAYER OPEN SHORT_BASIS #7 | A=96.84 ×100 | B=9974.01 ×10 | basis=9010.80 Z=3.16 | layers=7 used_capital=812,860
11:08:16 robot_arb INFO ⚠️ CHECK_ENTRY returned signal: {'action': 'entry', 'side': 'short_basis', 'z': 2.9856103791467494, 'basis': 9010.8, 'price_a': 96.82, 'price_b': 9979.0}
11:08:16 robot_arb INFO ENTRY SIGNAL short_basis | Z=2.99 basis=9010.80 | A=96.82 B=9979.00 | limit buy 100 @ 96.84 | market sell 10 @ 9974.01
11:08:16 orders_arb INFO 📄 PAPER ENTRY: buy 100 GAZP@RTSX @ 96.84 (LIMIT)
11:08:16 orders_arb INFO 📄 PAPER ENTRY: sell 10 GZU6@RTSX @ 9974.01 (MARKET)
11:08:16 strategy_arb INFO LAYER #8 OPEN SHORT | A=96.84 ×100 | B=9974.01 ×10 | basis=9005.61 Z=2.99 | layers=8
11:08:16 robot_arb INFO LAYER OPEN SHORT_BASIS #8 | A=96.84 ×100 | B=9974.01 ×10 | basis=9010.80 Z=2.99 | layers=8 used_capital=929,010
11:08:39 robot_arb INFO EXIT layer #1 reason=profit_target | limit sell 100 @ 96.94 | market buy 10 @ 9970.98
11:08:39 orders_arb INFO 📄 PAPER ENTRY: sell 100 GAZP@RTSX @ 96.94 (LIMIT)
11:08:39 orders_arb INFO 📄 PAPER ENTRY: buy 10 GZU6@RTSX @ 9970.98 (MARKET)
11:08:39 strategy_arb INFO LAYER #1 CLOSE SHORT | PnL=+23.51₽ (gross=+100.31₽ comm=76.81₽) | reason=profit_target | hold=1min | layers=7
11:08:40 robot_arb INFO EXIT layer #2 reason=profit_target | limit sell 100 @ 96.94 | market buy 10 @ 9970.98
11:08:40 orders_arb INFO 📄 PAPER ENTRY: sell 100 GAZP@RTSX @ 96.94 (LIMIT)
11:08:40 orders_arb INFO 📄 PAPER ENTRY: buy 10 GZU6@RTSX @ 9970.98 (MARKET)
11:08:40 strategy_arb INFO LAYER #2 CLOSE SHORT | PnL=+23.51₽ (gross=+100.31₽ comm=76.81₽) | reason=profit_target | hold=1min | layers=6
11:08:40 robot_arb INFO EXIT layer #3 reason=profit_target | limit sell 100 @ 96.94 | market buy 10 @ 9970.98
11:08:40 orders_arb INFO 📄 PAPER ENTRY: sell 100 GAZP@RTSX @ 96.94 (LIMIT)
11:08:40 orders_arb INFO 📄 PAPER ENTRY: buy 10 GZU6@RTSX @ 9970.98 (MARKET)
11:08:40 strategy_arb INFO LAYER #3 CLOSE SHORT | PnL=+33.49₽ (gross=+110.30₽ comm=76.81₽) | reason=profit_target | hold=1min | layers=5
11:08:41 robot_arb INFO EXIT layer #4 reason=profit_target | limit sell 100 @ 96.94 | market buy 10 @ 9970.98
11:08:41 orders_arb INFO 📄 PAPER ENTRY: sell 100 GAZP@RTSX @ 96.94 (LIMIT)
11:08:41 orders_arb INFO 📄 PAPER ENTRY: buy 10 GZU6@RTSX @ 9970.98 (MARKET)
11:08:41 strategy_arb INFO LAYER #4 CLOSE SHORT | PnL=+33.49₽ (gross=+110.30₽ comm=76.81₽) | reason=profit_target | hold=1min | layers=4
11:11:52 robot_arb INFO ⚠️ CHECK_ENTRY returned signal: {'action': 'entry', 'side': 'short_basis', 'z': 2.8836548116657044, 'basis': 9022.0, 'price_a': 96.9, 'price_b': 9991.0}
11:11:52 robot_arb INFO ENTRY SIGNAL short_basis | Z=2.88 basis=9022.00 | A=96.90 B=9991.00 | limit buy 100 @ 96.90 | market sell 10 @ 9986.00
11:11:52 orders_arb INFO 📄 PAPER ENTRY: buy 100 GAZP@RTSX @ 96.90 (LIMIT)
11:11:52 orders_arb INFO 📄 PAPER ENTRY: sell 10 GZU6@RTSX @ 9986.00 (MARKET)
11:11:52 strategy_arb INFO LAYER #9 OPEN SHORT | A=96.90 ×100 | B=9986.00 ×10 | basis=9017.00 Z=2.88 | layers=5
11:11:52 robot_arb INFO LAYER OPEN SHORT_BASIS #9 | A=96.90 ×100 | B=9986.00 ×10 | basis=9022.00 Z=2.88 | layers=5 used_capital=580,780
11:12:50 robot_arb INFO EXIT layer #9 reason=profit_target | limit sell 100 @ 97.09 | market buy 10 @ 9995.00
11:12:50 orders_arb INFO 📄 PAPER ENTRY: sell 100 GAZP@RTSX @ 97.09 (LIMIT)
11:12:50 orders_arb INFO 📄 PAPER ENTRY: buy 10 GZU6@RTSX @ 9995.00 (MARKET)
11:12:50 strategy_arb INFO LAYER #9 CLOSE SHORT | PnL=+23.20₽ (gross=+100.09₽ comm=76.90₽) | reason=profit_target | hold=1min | layers=4
11:14:06 robot_arb INFO Signal 15 — shutting down...
11:14:06 robot_arb INFO === Arbitrage Robot v1 ===
11:14:06 robot_arb INFO Pair: GAZP / GZU6
11:14:06 robot_arb INFO Account: 1225953 | Port: 5090 | Paper: True
11:14:06 robot_arb INFO Params: entry_z=2.7 lookback=200 lots_a=100 lots_b=10 hedge_ratio=10
11:14:06 robot_arb INFO Min profit: rub=77.77
11:14:06 robot_arb INFO Risk: stop_loss_rub=500000
11:14:06 robot_arb INFO State loaded: pnl=29864 trades=182 mode=stopped
11:14:06 FinamPy CRITICAL Ошибка доступа к системному хранилищу: No recommended backend was available. Install a recommended 3rd party backend package; or, install the keyrings.alt package if you want to use the non-recommended backends. See https://pypi.org/project/keyring for details.
11:14:06 FinamPy CRITICAL Ошибка сохранения в системное хранилище: No recommended backend was available. Install a recommended 3rd party backend package; or, install the keyrings.alt package if you want to use the non-recommended backends. See https://pypi.org/project/keyring for details.
11:14:07 robot_arb INFO FinamPy connected. Accounts: ['1225950', '1225951', '1225952', '1225953']
11:14:07 robot_arb INFO Subscribed OrderBook: GAZP@RTSX, GZU6@RTSX
11:14:07 robot_arb INFO Subscribed Quotes: GAZP@RTSX, GZU6@RTSX
11:14:07 robot_arb INFO Warmup: waiting 10 sec for data streams...
11:14:17 robot_arb INFO Warmup done. OB_A: False OB_B: False
11:14:17 robot_arb INFO MOEX ISS poller started (fallback for stock prices)
11:14:17 robot_arb INFO Main loop started
11:14:17 robot_arb INFO API listening on :5090
11:14:17 robot_arb INFO Endpoints: GET /status /health /params | POST /start /stop /pause /params
11:14:24 robot_arb WARNING Failed to get account info: <_InactiveRpcError of RPC that terminated with:
	status = StatusCode.NOT_FOUND
	details = "Account with id 1225953-EDP is not found"
	debug_error_string = "UNKNOWN:Error received from peer  {grpc_message:"Account with id 1225953-EDP is not found", grpc_status:5}"
>
11:14:45 robot_arb WARNING Failed to get account info: <_InactiveRpcError of RPC that terminated with:
	status = StatusCode.NOT_FOUND
	details = "Account with id 1225953-EDP is not found"
	debug_error_string = "UNKNOWN:Error received from peer  {grpc_message:"Account with id 1225953-EDP is not found", grpc_status:5}"
>
11:16:55 robot_arb INFO Signal 15 — shutting down...
11:16:56 robot_arb INFO === Arbitrage Robot v1 ===
11:16:56 robot_arb INFO Pair: GAZP / GZU6
11:16:56 robot_arb INFO Account: 1225953 | Port: 5090 | Paper: True
11:16:56 robot_arb INFO Params: entry_z=2.7 lookback=200 lots_a=100 lots_b=10 hedge_ratio=10
11:16:56 robot_arb INFO Min profit: rub=77.77
11:16:56 robot_arb INFO Risk: stop_loss_rub=500000
11:16:56 robot_arb INFO State loaded: pnl=29864 trades=182 mode=stopped
11:16:56 FinamPy CRITICAL Ошибка доступа к системному хранилищу: No recommended backend was available. Install a recommended 3rd party backend package; or, install the keyrings.alt package if you want to use the non-recommended backends. See https://pypi.org/project/keyring for details.
11:16:56 FinamPy CRITICAL Ошибка сохранения в системное хранилище: No recommended backend was available. Install a recommended 3rd party backend package; or, install the keyrings.alt package if you want to use the non-recommended backends. See https://pypi.org/project/keyring for details.
11:16:56 robot_arb INFO FinamPy connected. Accounts: ['1225950', '1225951', '1225952', '1225953']
11:16:56 robot_arb INFO Subscribed OrderBook: GAZP@RTSX, GZU6@RTSX
11:16:56 robot_arb INFO Subscribed Quotes: GAZP@RTSX, GZU6@RTSX
11:16:56 robot_arb INFO Warmup: waiting 10 sec for data streams...
11:17:06 robot_arb INFO Warmup done. OB_A: False OB_B: False
11:17:06 robot_arb INFO MOEX ISS poller started (fallback for stock prices)
11:17:06 robot_arb INFO Main loop started
11:17:06 robot_arb INFO API listening on :5090
11:17:06 robot_arb INFO Endpoints: GET /status /health /params | POST /start /stop /pause /params
11:23:39 robot_arb INFO Signal 15 — shutting down...
11:23:40 robot_arb INFO === Arbitrage Robot v1 ===
11:23:40 robot_arb INFO Pair: GAZP / GZU6
11:23:40 robot_arb INFO Account: 1225953 | Port: 5090 | Paper: True
11:23:40 robot_arb INFO Params: entry_z=2.7 lookback=200 lots_a=100 lots_b=10 hedge_ratio=10
11:23:40 robot_arb INFO Min profit: rub=77.77
11:23:40 robot_arb INFO Risk: stop_loss_rub=500000
11:23:40 robot_arb INFO State loaded: pnl=29864 trades=182 mode=stopped
11:23:40 FinamPy CRITICAL Ошибка доступа к системному хранилищу: No recommended backend was available. Install a recommended 3rd party backend package; or, install the keyrings.alt package if you want to use the non-recommended backends. See https://pypi.org/project/keyring for details.
11:23:40 FinamPy CRITICAL Ошибка сохранения в системное хранилище: No recommended backend was available. Install a recommended 3rd party backend package; or, install the keyrings.alt package if you want to use the non-recommended backends. See https://pypi.org/project/keyring for details.
11:23:40 robot_arb INFO FinamPy connected. Accounts: ['1225950', '1225951', '1225952', '1225953']
11:23:40 robot_arb INFO Subscribed OrderBook: GAZP@RTSX, GZU6@RTSX
11:23:40 robot_arb INFO Subscribed Quotes: GAZP@RTSX, GZU6@RTSX
11:23:40 robot_arb INFO Warmup: waiting 10 sec for data streams...
11:23:49 robot_arb INFO Signal 15 — shutting down...
11:23:49 robot_arb INFO === Arbitrage Robot v1 ===
11:23:49 robot_arb INFO Pair: GAZP / GZU6
11:23:49 robot_arb INFO Account: 1225953 | Port: 5090 | Paper: True
11:23:49 robot_arb INFO Params: entry_z=2.7 lookback=200 lots_a=100 lots_b=10 hedge_ratio=10
11:23:49 robot_arb INFO Min profit: rub=77.77
11:23:49 robot_arb INFO Risk: stop_loss_rub=500000
11:23:49 robot_arb INFO State loaded: pnl=29864 trades=182 mode=stopped
11:23:49 FinamPy CRITICAL Ошибка доступа к системному хранилищу: No recommended backend was available. Install a recommended 3rd party backend package; or, install the keyrings.alt package if you want to use the non-recommended backends. See https://pypi.org/project/keyring for details.
11:23:49 FinamPy CRITICAL Ошибка сохранения в системное хранилище: No recommended backend was available. Install a recommended 3rd party backend package; or, install the keyrings.alt package if you want to use the non-recommended backends. See https://pypi.org/project/keyring for details.
11:23:50 robot_arb INFO FinamPy connected. Accounts: ['1225950', '1225951', '1225952', '1225953']
11:23:50 robot_arb INFO Subscribed OrderBook: GAZP@RTSX, GZU6@RTSX
11:23:50 robot_arb INFO Subscribed Quotes: GAZP@RTSX, GZU6@RTSX
11:23:50 robot_arb INFO Warmup: waiting 10 sec for data streams...
11:24:00 robot_arb INFO Warmup done. OB_A: False OB_B: False
11:24:00 robot_arb INFO MOEX ISS poller started (fallback for stock prices)
11:24:00 robot_arb INFO Main loop started
11:24:00 robot_arb INFO API listening on :5090
11:24:00 robot_arb INFO Endpoints: GET /status /health /params | POST /start /stop /pause /params
11:24:04 robot_arb INFO Mode → RUNNING
11:32:08 robot_arb INFO ⚠️ CHECK_ENTRY returned signal: {'action': 'entry', 'side': 'short_basis', 'z': 7.951263914026848, 'basis': 9017.8, 'price_a': 96.82, 'price_b': 9986.0}
11:32:08 robot_arb INFO ENTRY SIGNAL short_basis | Z=7.95 basis=9017.80 | A=96.82 B=9986.00 | limit buy 100 @ 96.82 | market sell 10 @ 9981.01
11:32:08 orders_arb INFO 📄 PAPER ENTRY: buy 100 GAZP@RTSX @ 96.82 (LIMIT)
11:32:08 orders_arb INFO 📄 PAPER ENTRY: sell 10 GZU6@RTSX @ 9981.01 (MARKET)
11:32:08 strategy_arb INFO LAYER #9 OPEN SHORT | A=96.82 ×100 | B=9981.01 ×10 | basis=9012.81 Z=7.95 | layers=5
11:32:08 robot_arb INFO LAYER OPEN SHORT_BASIS #9 | A=96.82 ×100 | B=9981.01 ×10 | basis=9017.80 Z=7.95 | layers=5 used_capital=580,700
11:32:10 robot_arb INFO ⚠️ CHECK_ENTRY returned signal: {'action': 'entry', 'side': 'short_basis', 'z': 6.173965363346769, 'basis': 9017.8, 'price_a': 96.82, 'price_b': 9986.0}
11:32:10 robot_arb INFO ENTRY SIGNAL short_basis | Z=6.17 basis=9017.80 | A=96.82 B=9986.00 | limit buy 100 @ 96.82 | market sell 10 @ 9981.01
11:32:10 orders_arb INFO 📄 PAPER ENTRY: buy 100 GAZP@RTSX @ 96.82 (LIMIT)
11:32:10 orders_arb INFO 📄 PAPER ENTRY: sell 10 GZU6@RTSX @ 9981.01 (MARKET)
11:32:10 strategy_arb INFO LAYER #10 OPEN SHORT | A=96.82 ×100 | B=9981.01 ×10 | basis=9012.81 Z=6.17 | layers=6
11:32:10 robot_arb INFO LAYER OPEN SHORT_BASIS #10 | A=96.82 ×100 | B=9981.01 ×10 | basis=9017.80 Z=6.17 | layers=6 used_capital=696,830
11:32:13 robot_arb INFO EXIT layer #9 reason=profit_target | limit sell 100 @ 96.86 | market buy 10 @ 9971.98
11:32:13 orders_arb INFO 📄 PAPER ENTRY: sell 100 GAZP@RTSX @ 96.86 (LIMIT)
11:32:13 orders_arb INFO 📄 PAPER ENTRY: buy 10 GZU6@RTSX @ 9971.98 (MARKET)
11:32:13 strategy_arb INFO LAYER #9 CLOSE SHORT | PnL=+53.45₽ (gross=+130.23₽ comm=76.79₽) | reason=profit_target | hold=0min | layers=5
11:32:14 robot_arb INFO EXIT layer #10 reason=profit_target | limit sell 100 @ 96.86 | market buy 10 @ 9971.98
11:32:14 orders_arb INFO 📄 PAPER ENTRY: sell 100 GAZP@RTSX @ 96.86 (LIMIT)
11:32:14 orders_arb INFO 📄 PAPER ENTRY: buy 10 GZU6@RTSX @ 9971.98 (MARKET)
11:32:14 strategy_arb INFO LAYER #10 CLOSE SHORT | PnL=+53.45₽ (gross=+130.23₽ comm=76.79₽) | reason=profit_target | hold=0min | layers=4
11:36:55 robot_arb INFO ⚠️ CHECK_ENTRY returned signal: {'action': 'entry', 'side': 'short_basis', 'z': 2.8824150343106774, 'basis': 9004.8, 'price_a': 96.82, 'price_b': 9973.0}
11:36:55 robot_arb INFO ENTRY SIGNAL short_basis | Z=2.88 basis=9004.80 | A=96.82 B=9973.00 | limit buy 100 @ 96.83 | market sell 10 @ 9968.01
11:36:55 orders_arb INFO 📄 PAPER ENTRY: buy 100 GAZP@RTSX @ 96.83 (LIMIT)
11:36:55 orders_arb INFO 📄 PAPER ENTRY: sell 10 GZU6@RTSX @ 9968.01 (MARKET)
11:36:55 strategy_arb INFO LAYER #11 OPEN SHORT | A=96.83 ×100 | B=9968.01 ×10 | basis=8999.71 Z=2.88 | layers=5
11:36:55 robot_arb INFO LAYER OPEN SHORT_BASIS #11 | A=96.83 ×100 | B=9968.01 ×10 | basis=9004.80 Z=2.88 | layers=5 used_capital=580,710
11:46:23 robot_arb INFO ⚠️ CHECK_ENTRY returned signal: {'action': 'entry', 'side': 'short_basis', 'z': 3.128888735702032, 'basis': 9001.8, 'price_a': 96.82, 'price_b': 9970.0}
11:46:23 robot_arb INFO ENTRY SIGNAL short_basis | Z=3.13 basis=9001.80 | A=96.82 B=9970.00 | limit buy 100 @ 96.83 | market sell 10 @ 9965.01
11:46:23 orders_arb INFO 📄 PAPER ENTRY: buy 100 GAZP@RTSX @ 96.83 (LIMIT)
11:46:23 orders_arb INFO 📄 PAPER ENTRY: sell 10 GZU6@RTSX @ 9965.01 (MARKET)
11:46:23 strategy_arb INFO LAYER #12 OPEN SHORT | A=96.83 ×100 | B=9965.01 ×10 | basis=8996.72 Z=3.13 | layers=6
11:46:23 robot_arb INFO LAYER OPEN SHORT_BASIS #12 | A=96.83 ×100 | B=9965.01 ×10 | basis=9001.80 Z=3.13 | layers=6 used_capital=696,850
11:46:25 robot_arb INFO ⚠️ CHECK_ENTRY returned signal: {'action': 'entry', 'side': 'short_basis', 'z': 2.965953101671267, 'basis': 9001.8, 'price_a': 96.82, 'price_b': 9970.0}
11:46:25 robot_arb INFO ENTRY SIGNAL short_basis | Z=2.97 basis=9001.80 | A=96.82 B=9970.00 | limit buy 100 @ 96.83 | market sell 10 @ 9965.01
11:46:25 orders_arb INFO 📄 PAPER ENTRY: buy 100 GAZP@RTSX @ 96.83 (LIMIT)
11:46:25 orders_arb INFO 📄 PAPER ENTRY: sell 10 GZU6@RTSX @ 9965.01 (MARKET)
11:46:25 strategy_arb INFO LAYER #13 OPEN SHORT | A=96.83 ×100 | B=9965.01 ×10 | basis=8996.72 Z=2.97 | layers=7
11:46:25 robot_arb INFO LAYER OPEN SHORT_BASIS #13 | A=96.83 ×100 | B=9965.01 ×10 | basis=9001.80 Z=2.97 | layers=7 used_capital=812,990
11:46:27 robot_arb INFO ⚠️ CHECK_ENTRY returned signal: {'action': 'entry', 'side': 'short_basis', 'z': 2.823636448141551, 'basis': 9001.8, 'price_a': 96.82, 'price_b': 9970.0}
11:46:27 robot_arb INFO ENTRY SIGNAL short_basis | Z=2.82 basis=9001.80 | A=96.82 B=9970.00 | limit buy 100 @ 96.83 | market sell 10 @ 9965.01
11:46:27 orders_arb INFO 📄 PAPER ENTRY: buy 100 GAZP@RTSX @ 96.83 (LIMIT)
11:46:27 orders_arb INFO 📄 PAPER ENTRY: sell 10 GZU6@RTSX @ 9965.01 (MARKET)
11:46:27 strategy_arb INFO LAYER #14 OPEN SHORT | A=96.83 ×100 | B=9965.01 ×10 | basis=8996.72 Z=2.82 | layers=8
11:46:27 robot_arb INFO LAYER OPEN SHORT_BASIS #14 | A=96.83 ×100 | B=9965.01 ×10 | basis=9001.80 Z=2.82 | layers=8 used_capital=929,130
11:49:09 robot_arb INFO EXIT layer #5 reason=profit_target | limit sell 100 @ 96.94 | market buy 10 @ 9973.98
11:49:09 orders_arb INFO 📄 PAPER ENTRY: sell 100 GAZP@RTSX @ 96.94 (LIMIT)
11:49:09 orders_arb INFO 📄 PAPER ENTRY: buy 10 GZU6@RTSX @ 9973.98 (MARKET)
11:49:09 strategy_arb INFO LAYER #5 CLOSE SHORT | PnL=+3.47₽ (gross=+80.28₽ comm=76.81₽) | reason=profit_target | hold=41min | layers=7
11:49:10 robot_arb INFO EXIT layer #6 reason=profit_target | limit sell 100 @ 96.94 | market buy 10 @ 9973.98
11:49:10 orders_arb INFO 📄 PAPER ENTRY: sell 100 GAZP@RTSX @ 96.94 (LIMIT)
11:49:10 orders_arb INFO 📄 PAPER ENTRY: buy 10 GZU6@RTSX @ 9973.98 (MARKET)
11:49:10 strategy_arb INFO LAYER #6 CLOSE SHORT | PnL=+23.44₽ (gross=+100.26₽ comm=76.82₽) | reason=profit_target | hold=41min | layers=6
11:49:10 robot_arb INFO EXIT layer #7 reason=profit_target | limit sell 100 @ 96.94 | market buy 10 @ 9973.98
11:49:10 orders_arb INFO 📄 PAPER ENTRY: sell 100 GAZP@RTSX @ 96.94 (LIMIT)
11:49:10 orders_arb INFO 📄 PAPER ENTRY: buy 10 GZU6@RTSX @ 9973.98 (MARKET)
11:49:10 strategy_arb INFO LAYER #7 CLOSE SHORT | PnL=+23.44₽ (gross=+100.26₽ comm=76.82₽) | reason=profit_target | hold=41min | layers=5
11:49:11 robot_arb INFO EXIT layer #8 reason=profit_target | limit sell 100 @ 96.94 | market buy 10 @ 9973.98
11:49:11 orders_arb INFO 📄 PAPER ENTRY: sell 100 GAZP@RTSX @ 96.94 (LIMIT)
11:49:11 orders_arb INFO 📄 PAPER ENTRY: buy 10 GZU6@RTSX @ 9973.98 (MARKET)
11:49:11 strategy_arb INFO LAYER #8 CLOSE SHORT | PnL=+23.44₽ (gross=+100.26₽ comm=76.82₽) | reason=profit_target | hold=41min | layers=4
11:54:39 robot_arb INFO Signal 15 — shutting down...
11:54:40 robot_arb INFO === Arbitrage Robot v1 ===
11:54:40 robot_arb INFO Pair: GAZP / GZU6
11:54:40 robot_arb INFO Account: 1225953 | Port: 5090 | Paper: True
11:54:40 robot_arb INFO Params: entry_z=2.7 lookback=200 lots_a=100 lots_b=10 hedge_ratio=10
11:54:40 robot_arb INFO Min profit: rub=77.77
11:54:40 robot_arb INFO Risk: stop_loss_rub=500000
11:54:40 robot_arb INFO State loaded: pnl=30045 trades=188 mode=stopped
11:54:40 FinamPy CRITICAL Ошибка доступа к системному хранилищу: No recommended backend was available. Install a recommended 3rd party backend package; or, install the keyrings.alt package if you want to use the non-recommended backends. See https://pypi.org/project/keyring for details.
11:54:40 FinamPy CRITICAL Ошибка сохранения в системное хранилище: No recommended backend was available. Install a recommended 3rd party backend package; or, install the keyrings.alt package if you want to use the non-recommended backends. See https://pypi.org/project/keyring for details.
11:54:40 robot_arb INFO FinamPy connected. Accounts: ['1225950', '1225951', '1225952', '1225953']
11:54:40 robot_arb INFO Subscribed OrderBook: GAZP@RTSX, GZU6@RTSX
11:54:40 robot_arb INFO Subscribed Quotes: GAZP@RTSX, GZU6@RTSX
11:54:40 robot_arb INFO Warmup: waiting 10 sec for data streams...
11:54:50 robot_arb INFO Warmup done. OB_A: False OB_B: False
11:54:50 robot_arb INFO MOEX ISS poller started (fallback for stock prices)
11:54:50 robot_arb INFO Main loop started
11:54:50 robot_arb INFO API listening on :5090
11:54:50 robot_arb INFO Endpoints: GET /status /health /params | POST /start /stop /pause /params
11:54:54 robot_arb INFO Mode → RUNNING
11:55:59 robot_arb INFO Signal 15 — shutting down...
11:56:00 robot_arb INFO === Arbitrage Robot v1 ===
11:56:00 robot_arb INFO Pair: GAZP / GZU6
11:56:00 robot_arb INFO Account: 1225953 | Port: 5090 | Paper: True
11:56:00 robot_arb INFO Params: entry_z=2.7 lookback=200 lots_a=100 lots_b=10 hedge_ratio=10
11:56:00 robot_arb INFO Min profit: rub=77.77
11:56:00 robot_arb INFO Risk: stop_loss_rub=500000
11:56:00 robot_arb INFO State loaded: pnl=30045 trades=188 mode=stopped
11:56:00 FinamPy CRITICAL Ошибка доступа к системному хранилищу: No recommended backend was available. Install a recommended 3rd party backend package; or, install the keyrings.alt package if you want to use the non-recommended backends. See https://pypi.org/project/keyring for details.
11:56:00 FinamPy CRITICAL Ошибка сохранения в системное хранилище: No recommended backend was available. Install a recommended 3rd party backend package; or, install the keyrings.alt package if you want to use the non-recommended backends. See https://pypi.org/project/keyring for details.
11:56:00 robot_arb INFO FinamPy connected. Accounts: ['1225950', '1225951', '1225952', '1225953']
11:56:00 robot_arb INFO Subscribed OrderBook: GAZP@RTSX, GZU6@RTSX
11:56:00 robot_arb INFO Subscribed Quotes: GAZP@RTSX, GZU6@RTSX
11:56:00 robot_arb INFO Warmup: waiting 10 sec for data streams...
11:56:10 robot_arb INFO Warmup done. OB_A: False OB_B: False
11:56:10 robot_arb INFO MOEX ISS poller started (fallback for stock prices)
11:56:10 robot_arb INFO Main loop started
11:56:10 robot_arb INFO API listening on :5090
11:56:10 robot_arb INFO Endpoints: GET /status /health /params | POST /start /stop /pause /params
11:56:15 robot_arb INFO Mode → RUNNING
12:01:30 robot_arb INFO ⚠️ CHECK_ENTRY returned signal: {'action': 'entry', 'side': 'short_basis', 'z': 4.073242559456901, 'basis': 9015.1, 'price_a': 96.89, 'price_b': 9984.0}
12:01:30 robot_arb INFO ENTRY SIGNAL short_basis | Z=4.07 basis=9015.10 | A=96.89 B=9984.00 | limit buy 100 @ 96.89 | market sell 10 @ 9979.01
12:01:30 orders_arb INFO 📄 PAPER ENTRY: buy 100 GAZP@RTSX @ 96.89 (LIMIT)
12:01:30 orders_arb INFO 📄 PAPER ENTRY: sell 10 GZU6@RTSX @ 9979.01 (MARKET)
12:01:30 strategy_arb INFO LAYER #15 OPEN SHORT | A=96.89 ×100 | B=9979.01 ×10 | basis=9010.11 Z=4.07 | layers=5
12:01:30 robot_arb INFO LAYER OPEN SHORT_BASIS #15 | A=96.89 ×100 | B=9979.01 ×10 | basis=9015.10 Z=4.07 | layers=5 used_capital=580,760
12:01:32 robot_arb INFO ⚠️ CHECK_ENTRY returned signal: {'action': 'entry', 'side': 'short_basis', 'z': 3.753359057330066, 'basis': 9015.1, 'price_a': 96.89, 'price_b': 9984.0}
12:01:32 robot_arb INFO ENTRY SIGNAL short_basis | Z=3.75 basis=9015.10 | A=96.89 B=9984.00 | limit buy 100 @ 96.89 | market sell 10 @ 9979.01
12:01:32 orders_arb INFO 📄 PAPER ENTRY: buy 100 GAZP@RTSX @ 96.89 (LIMIT)
12:01:32 orders_arb INFO 📄 PAPER ENTRY: sell 10 GZU6@RTSX @ 9979.01 (MARKET)
12:01:32 strategy_arb INFO LAYER #16 OPEN SHORT | A=96.89 ×100 | B=9979.01 ×10 | basis=9010.11 Z=3.75 | layers=6
12:01:32 robot_arb INFO LAYER OPEN SHORT_BASIS #16 | A=96.89 ×100 | B=9979.01 ×10 | basis=9015.10 Z=3.75 | layers=6 used_capital=696,960
12:01:34 robot_arb INFO ⚠️ CHECK_ENTRY returned signal: {'action': 'entry', 'side': 'short_basis', 'z': 3.4944612168043663, 'basis': 9015.1, 'price_a': 96.89, 'price_b': 9984.0}
12:01:34 robot_arb INFO ENTRY SIGNAL short_basis | Z=3.49 basis=9015.10 | A=96.89 B=9984.00 | limit buy 100 @ 96.89 | market sell 10 @ 9979.01
12:01:34 orders_arb INFO 📄 PAPER ENTRY: buy 100 GAZP@RTSX @ 96.89 (LIMIT)
12:01:34 orders_arb INFO 📄 PAPER ENTRY: sell 10 GZU6@RTSX @ 9979.01 (MARKET)
12:01:34 strategy_arb INFO LAYER #17 OPEN SHORT | A=96.89 ×100 | B=9979.01 ×10 | basis=9010.11 Z=3.49 | layers=7
12:01:34 robot_arb INFO LAYER OPEN SHORT_BASIS #17 | A=96.89 ×100 | B=9979.01 ×10 | basis=9015.10 Z=3.49 | layers=7 used_capital=813,160
12:01:51 robot_arb INFO ⚠️ CHECK_ENTRY returned signal: {'action': 'entry', 'side': 'short_basis', 'z': 3.1046255872820785, 'basis': 9015.0, 'price_a': 96.9, 'price_b': 9984.0}
12:01:51 robot_arb INFO ENTRY SIGNAL short_basis | Z=3.10 basis=9015.00 | A=96.90 B=9984.00 | limit buy 100 @ 96.90 | market sell 10 @ 9979.01
12:01:51 orders_arb INFO 📄 PAPER ENTRY: buy 100 GAZP@RTSX @ 96.90 (LIMIT)
12:01:51 orders_arb INFO 📄 PAPER ENTRY: sell 10 GZU6@RTSX @ 9979.01 (MARKET)
12:01:51 strategy_arb INFO LAYER #18 OPEN SHORT | A=96.90 ×100 | B=9979.01 ×10 | basis=9010.01 Z=3.10 | layers=8
12:01:51 robot_arb INFO LAYER OPEN SHORT_BASIS #18 | A=96.90 ×100 | B=9979.01 ×10 | basis=9015.00 Z=3.10 | layers=8 used_capital=929,370
12:08:25 robot_arb INFO EXIT layer #15 reason=profit_target | limit sell 100 @ 97.10 | market buy 10 @ 9987.99
12:08:25 orders_arb INFO 📄 PAPER ENTRY: sell 100 GAZP@RTSX @ 97.10 (LIMIT)
12:08:25 orders_arb INFO 📄 PAPER ENTRY: buy 10 GZU6@RTSX @ 9987.99 (MARKET)
12:08:25 strategy_arb INFO LAYER #15 CLOSE SHORT | PnL=+43.27₽ (gross=+120.16₽ comm=76.90₽) | reason=profit_target | hold=7min | layers=7
12:08:25 robot_arb INFO EXIT layer #16 reason=profit_target | limit sell 100 @ 97.10 | market buy 10 @ 9987.99
12:08:25 orders_arb INFO 📄 PAPER ENTRY: sell 100 GAZP@RTSX @ 97.10 (LIMIT)
12:08:25 orders_arb INFO 📄 PAPER ENTRY: buy 10 GZU6@RTSX @ 9987.99 (MARKET)
12:08:25 strategy_arb INFO LAYER #16 CLOSE SHORT | PnL=+43.27₽ (gross=+120.16₽ comm=76.90₽) | reason=profit_target | hold=7min | layers=6
12:08:26 robot_arb INFO EXIT layer #17 reason=profit_target | limit sell 100 @ 97.10 | market buy 10 @ 9987.99
12:08:26 orders_arb INFO 📄 PAPER ENTRY: sell 100 GAZP@RTSX @ 97.10 (LIMIT)
12:08:26 orders_arb INFO 📄 PAPER ENTRY: buy 10 GZU6@RTSX @ 9987.99 (MARKET)
12:08:26 strategy_arb INFO LAYER #17 CLOSE SHORT | PnL=+43.27₽ (gross=+120.16₽ comm=76.90₽) | reason=profit_target | hold=7min | layers=5
12:08:26 robot_arb INFO EXIT layer #18 reason=profit_target | limit sell 100 @ 97.10 | market buy 10 @ 9987.99
12:08:26 orders_arb INFO 📄 PAPER ENTRY: sell 100 GAZP@RTSX @ 97.10 (LIMIT)
12:08:26 orders_arb INFO 📄 PAPER ENTRY: buy 10 GZU6@RTSX @ 9987.99 (MARKET)
12:08:26 strategy_arb INFO LAYER #18 CLOSE SHORT | PnL=+33.26₽ (gross=+110.16₽ comm=76.90₽) | reason=profit_target | hold=7min | layers=4
12:08:33 robot_arb INFO EXIT layer #11 reason=profit_target | limit sell 100 @ 97.11 | market buy 10 @ 9987.99
12:08:33 orders_arb INFO 📄 PAPER ENTRY: sell 100 GAZP@RTSX @ 97.11 (LIMIT)
12:08:33 orders_arb INFO 📄 PAPER ENTRY: buy 10 GZU6@RTSX @ 9987.99 (MARKET)
12:08:33 strategy_arb INFO LAYER #11 CLOSE SHORT | PnL=+3.34₽ (gross=+80.22₽ comm=76.88₽) | reason=profit_target | hold=32min | layers=3
12:15:18 robot_arb INFO ⚠️ CHECK_ENTRY returned signal: {'action': 'entry', 'side': 'short_basis', 'z': 2.8675174433412556, 'basis': 9014.4, 'price_a': 96.96, 'price_b': 9984.0}
12:15:18 robot_arb INFO ENTRY SIGNAL short_basis | Z=2.87 basis=9014.40 | A=96.96 B=9984.00 | limit buy 100 @ 96.98 | market sell 10 @ 9979.01
12:15:18 orders_arb INFO 📄 PAPER ENTRY: buy 100 GAZP@RTSX @ 96.98 (LIMIT)
12:15:18 orders_arb INFO 📄 PAPER ENTRY: sell 10 GZU6@RTSX @ 9979.01 (MARKET)
12:15:18 strategy_arb INFO LAYER #19 OPEN SHORT | A=96.98 ×100 | B=9979.01 ×10 | basis=9009.21 Z=2.87 | layers=4
12:15:18 robot_arb INFO LAYER OPEN SHORT_BASIS #19 | A=96.98 ×100 | B=9979.01 ×10 | basis=9014.40 Z=2.87 | layers=4 used_capital=464,710
12:15:20 robot_arb INFO ⚠️ CHECK_ENTRY returned signal: {'action': 'entry', 'side': 'short_basis', 'z': 2.8675174433412556, 'basis': 9014.4, 'price_a': 96.96, 'price_b': 9984.0}
12:15:20 robot_arb INFO ENTRY SIGNAL short_basis | Z=2.87 basis=9014.40 | A=96.96 B=9984.00 | limit buy 100 @ 96.98 | market sell 10 @ 9979.01
12:15:20 orders_arb INFO 📄 PAPER ENTRY: buy 100 GAZP@RTSX @ 96.98 (LIMIT)
12:15:20 orders_arb INFO 📄 PAPER ENTRY: sell 10 GZU6@RTSX @ 9979.01 (MARKET)
12:15:20 strategy_arb INFO LAYER #20 OPEN SHORT | A=96.98 ×100 | B=9979.01 ×10 | basis=9009.21 Z=2.87 | layers=5
12:15:20 robot_arb INFO LAYER OPEN SHORT_BASIS #20 | A=96.98 ×100 | B=9979.01 ×10 | basis=9014.40 Z=2.87 | layers=5 used_capital=581,000
12:15:22 robot_arb INFO ⚠️ CHECK_ENTRY returned signal: {'action': 'entry', 'side': 'short_basis', 'z': 2.778647546596842, 'basis': 9014.4, 'price_a': 96.96, 'price_b': 9984.0}
12:15:22 robot_arb INFO ENTRY SIGNAL short_basis | Z=2.78 basis=9014.40 | A=96.96 B=9984.00 | limit buy 100 @ 96.96 | market sell 10 @ 9979.01
12:15:22 orders_arb INFO 📄 PAPER ENTRY: buy 100 GAZP@RTSX @ 96.96 (LIMIT)
12:15:22 orders_arb INFO 📄 PAPER ENTRY: sell 10 GZU6@RTSX @ 9979.01 (MARKET)
12:15:22 strategy_arb INFO LAYER #21 OPEN SHORT | A=96.96 ×100 | B=9979.01 ×10 | basis=9009.41 Z=2.78 | layers=6
12:15:22 robot_arb INFO LAYER OPEN SHORT_BASIS #21 | A=96.96 ×100 | B=9979.01 ×10 | basis=9014.40 Z=2.78 | layers=6 used_capital=697,270
12:15:24 robot_arb INFO ⚠️ CHECK_ENTRY returned signal: {'action': 'entry', 'side': 'short_basis', 'z': 3.255751481111814, 'basis': 9015.4, 'price_a': 96.96, 'price_b': 9985.0}
12:15:24 robot_arb INFO ENTRY SIGNAL short_basis | Z=3.26 basis=9015.40 | A=96.96 B=9985.00 | limit buy 100 @ 96.96 | market sell 10 @ 9980.01
12:15:24 orders_arb INFO 📄 PAPER ENTRY: buy 100 GAZP@RTSX @ 96.96 (LIMIT)
12:15:24 orders_arb INFO 📄 PAPER ENTRY: sell 10 GZU6@RTSX @ 9980.01 (MARKET)
12:15:24 strategy_arb INFO LAYER #22 OPEN SHORT | A=96.96 ×100 | B=9980.01 ×10 | basis=9010.41 Z=3.26 | layers=7
12:15:24 robot_arb INFO LAYER OPEN SHORT_BASIS #22 | A=96.96 ×100 | B=9980.01 ×10 | basis=9015.40 Z=3.26 | layers=7 used_capital=813,540
12:15:26 robot_arb INFO ⚠️ CHECK_ENTRY returned signal: {'action': 'entry', 'side': 'short_basis', 'z': 3.1813353603332772, 'basis': 9015.4, 'price_a': 96.96, 'price_b': 9985.0}
12:15:26 robot_arb INFO ENTRY SIGNAL short_basis | Z=3.18 basis=9015.40 | A=96.96 B=9985.00 | limit buy 100 @ 96.97 | market sell 10 @ 9980.01
12:15:26 orders_arb INFO 📄 PAPER ENTRY: buy 100 GAZP@RTSX @ 96.97 (LIMIT)
12:15:26 orders_arb INFO 📄 PAPER ENTRY: sell 10 GZU6@RTSX @ 9980.01 (MARKET)
12:15:26 strategy_arb INFO LAYER #23 OPEN SHORT | A=96.97 ×100 | B=9980.01 ×10 | basis=9010.31 Z=3.18 | layers=8
12:15:26 robot_arb INFO LAYER OPEN SHORT_BASIS #23 | A=96.97 ×100 | B=9980.01 ×10 | basis=9015.40 Z=3.18 | layers=8 used_capital=929,820
12:21:50 robot_arb INFO Signal 15 — shutting down...
12:21:50 robot_arb INFO === Arbitrage Robot v1 ===
12:21:50 robot_arb INFO Pair: GAZP / GZU6
12:21:50 robot_arb INFO Account: 1225953 | Port: 5090 | Paper: True
12:21:50 robot_arb INFO Params: entry_z=2.7 lookback=200 lots_a=100 lots_b=10 hedge_ratio=10
12:21:50 robot_arb INFO Min profit: rub=77.77
12:21:50 robot_arb INFO Risk: stop_loss_rub=500000
12:21:50 robot_arb INFO State loaded: pnl=30211 trades=193 mode=stopped
12:21:50 FinamPy CRITICAL Ошибка доступа к системному хранилищу: No recommended backend was available. Install a recommended 3rd party backend package; or, install the keyrings.alt package if you want to use the non-recommended backends. See https://pypi.org/project/keyring for details.
12:21:50 FinamPy CRITICAL Ошибка сохранения в системное хранилище: No recommended backend was available. Install a recommended 3rd party backend package; or, install the keyrings.alt package if you want to use the non-recommended backends. See https://pypi.org/project/keyring for details.
12:21:51 robot_arb INFO FinamPy connected. Accounts: ['1225950', '1225951', '1225952', '1225953']
12:21:51 robot_arb INFO Subscribed OrderBook: GAZP@RTSX, GZU6@RTSX
12:21:51 robot_arb INFO Subscribed Quotes: GAZP@RTSX, GZU6@RTSX
12:21:51 robot_arb INFO Warmup: waiting 10 sec for data streams...
12:22:01 robot_arb INFO Warmup done. OB_A: False OB_B: False
12:22:01 robot_arb INFO MOEX ISS poller started (fallback for stock prices)
12:22:01 robot_arb INFO Main loop started
12:22:02 robot_arb INFO API listening on :5090
12:22:02 robot_arb INFO Endpoints: GET /status /health /params | POST /start /stop /pause /params
12:22:05 robot_arb INFO Mode → RUNNING
12:31:18 robot_arb INFO EXIT layer #12 reason=profit_target | limit sell 100 @ 96.70 | market buy 10 @ 9940.97
12:31:18 orders_arb INFO 📄 PAPER ENTRY: sell 100 GAZP@RTSX @ 96.70 (LIMIT)
12:31:18 orders_arb INFO 📄 PAPER ENTRY: buy 10 GZU6@RTSX @ 9940.97 (MARKET)
12:31:18 strategy_arb INFO LAYER #12 CLOSE SHORT | PnL=+33.73₽ (gross=+110.47₽ comm=76.74₽) | reason=profit_target | hold=45min | layers=7
12:31:18 robot_arb INFO EXIT layer #13 reason=profit_target | limit sell 100 @ 96.70 | market buy 10 @ 9940.97
12:31:18 orders_arb INFO 📄 PAPER ENTRY: sell 100 GAZP@RTSX @ 96.70 (LIMIT)
12:31:18 orders_arb INFO 📄 PAPER ENTRY: buy 10 GZU6@RTSX @ 9940.97 (MARKET)
12:31:18 strategy_arb INFO LAYER #13 CLOSE SHORT | PnL=+33.73₽ (gross=+110.47₽ comm=76.74₽) | reason=profit_target | hold=45min | layers=6
12:31:19 robot_arb INFO EXIT layer #14 reason=profit_target | limit sell 100 @ 96.70 | market buy 10 @ 9940.97
12:31:19 orders_arb INFO 📄 PAPER ENTRY: sell 100 GAZP@RTSX @ 96.70 (LIMIT)
12:31:19 orders_arb INFO 📄 PAPER ENTRY: buy 10 GZU6@RTSX @ 9940.97 (MARKET)
12:31:19 strategy_arb INFO LAYER #14 CLOSE SHORT | PnL=+33.73₽ (gross=+110.47₽ comm=76.74₽) | reason=profit_target | hold=45min | layers=5
12:31:19 robot_arb INFO EXIT layer #19 reason=profit_target | limit sell 100 @ 96.70 | market buy 10 @ 9940.97
12:31:19 orders_arb INFO 📄 PAPER ENTRY: sell 100 GAZP@RTSX @ 96.70 (LIMIT)
12:31:19 orders_arb INFO 📄 PAPER ENTRY: buy 10 GZU6@RTSX @ 9940.97 (MARKET)
12:31:19 strategy_arb INFO LAYER #19 CLOSE SHORT | PnL=+23.61₽ (gross=+100.40₽ comm=76.79₽) | reason=profit_target | hold=16min | layers=4
12:31:20 robot_arb INFO EXIT layer #20 reason=profit_target | limit sell 100 @ 96.70 | market buy 10 @ 9940.97
12:31:20 orders_arb INFO 📄 PAPER ENTRY: sell 100 GAZP@RTSX @ 96.70 (LIMIT)
12:31:20 orders_arb INFO 📄 PAPER ENTRY: buy 10 GZU6@RTSX @ 9940.97 (MARKET)
12:31:20 strategy_arb INFO LAYER #20 CLOSE SHORT | PnL=+23.61₽ (gross=+100.40₽ comm=76.79₽) | reason=profit_target | hold=16min | layers=3
12:31:20 robot_arb INFO EXIT layer #21 reason=profit_target | limit sell 100 @ 96.70 | market buy 10 @ 9940.97
12:31:20 orders_arb INFO 📄 PAPER ENTRY: sell 100 GAZP@RTSX @ 96.70 (LIMIT)
12:31:20 orders_arb INFO 📄 PAPER ENTRY: buy 10 GZU6@RTSX @ 9940.97 (MARKET)
12:31:20 strategy_arb INFO LAYER #21 CLOSE SHORT | PnL=+43.62₽ (gross=+120.40₽ comm=76.78₽) | reason=profit_target | hold=16min | layers=2
12:31:21 robot_arb INFO EXIT layer #22 reason=profit_target | limit sell 100 @ 96.70 | market buy 10 @ 9940.97
12:31:21 orders_arb INFO 📄 PAPER ENTRY: sell 100 GAZP@RTSX @ 96.70 (LIMIT)
12:31:21 orders_arb INFO 📄 PAPER ENTRY: buy 10 GZU6@RTSX @ 9940.97 (MARKET)
12:31:21 strategy_arb INFO LAYER #22 CLOSE SHORT | PnL=+53.61₽ (gross=+130.39₽ comm=76.78₽) | reason=profit_target | hold=16min | layers=1
12:31:24 robot_arb INFO ⚠️ CHECK_ENTRY returned signal: {'action': 'entry', 'side': 'short_basis', 'z': 3.3335787496189293, 'basis': 8991.7, 'price_a': 96.53, 'price_b': 9957.0}
12:31:24 robot_arb INFO ENTRY SIGNAL short_basis | Z=3.33 basis=8991.70 | A=96.53 B=9957.00 | limit buy 100 @ 96.53 | market sell 10 @ 9952.02
12:31:24 orders_arb INFO 📄 PAPER ENTRY: buy 100 GAZP@RTSX @ 96.53 (LIMIT)
12:31:24 orders_arb INFO 📄 PAPER ENTRY: sell 10 GZU6@RTSX @ 9952.02 (MARKET)
12:31:24 strategy_arb INFO LAYER #24 OPEN SHORT | A=96.53 ×100 | B=9952.02 ×10 | basis=8986.72 Z=3.33 | layers=2
12:31:24 robot_arb INFO LAYER OPEN SHORT_BASIS #24 | A=96.53 ×100 | B=9952.02 ×10 | basis=8991.70 Z=3.33 | layers=2 used_capital=232,120
12:31:26 robot_arb INFO ⚠️ CHECK_ENTRY returned signal: {'action': 'entry', 'side': 'short_basis', 'z': 3.141821350674283, 'basis': 8991.7, 'price_a': 96.53, 'price_b': 9957.0}
12:31:26 robot_arb INFO ENTRY SIGNAL short_basis | Z=3.14 basis=8991.70 | A=96.53 B=9957.00 | limit buy 100 @ 96.53 | market sell 10 @ 9952.02
12:31:26 orders_arb INFO 📄 PAPER ENTRY: buy 100 GAZP@RTSX @ 96.53 (LIMIT)
12:31:26 orders_arb INFO 📄 PAPER ENTRY: sell 10 GZU6@RTSX @ 9952.02 (MARKET)
12:31:26 strategy_arb INFO LAYER #25 OPEN SHORT | A=96.53 ×100 | B=9952.02 ×10 | basis=8986.72 Z=3.14 | layers=3
12:31:26 robot_arb INFO LAYER OPEN SHORT_BASIS #25 | A=96.53 ×100 | B=9952.02 ×10 | basis=8991.70 Z=3.14 | layers=3 used_capital=347,960
12:31:29 robot_arb INFO EXIT layer #24 reason=profit_target | limit sell 100 @ 96.57 | market buy 10 @ 9943.97
12:31:29 orders_arb INFO 📄 PAPER ENTRY: sell 100 GAZP@RTSX @ 96.57 (LIMIT)
12:31:29 orders_arb INFO 📄 PAPER ENTRY: buy 10 GZU6@RTSX @ 9943.97 (MARKET)
12:31:29 strategy_arb INFO LAYER #24 CLOSE SHORT | PnL=+43.94₽ (gross=+120.52₽ comm=76.59₽) | reason=profit_target | hold=0min | layers=2
12:31:29 robot_arb INFO EXIT layer #25 reason=profit_target | limit sell 100 @ 96.57 | market buy 10 @ 9943.97
12:31:29 orders_arb INFO 📄 PAPER ENTRY: sell 100 GAZP@RTSX @ 96.57 (LIMIT)
12:31:29 orders_arb INFO 📄 PAPER ENTRY: buy 10 GZU6@RTSX @ 9943.97 (MARKET)
12:31:29 strategy_arb INFO LAYER #25 CLOSE SHORT | PnL=+43.94₽ (gross=+120.52₽ comm=76.59₽) | reason=profit_target | hold=0min | layers=1
12:32:32 robot_arb INFO EXIT layer #23 reason=profit_target | limit sell 100 @ 96.60 | market buy 10 @ 9931.96
12:32:32 orders_arb INFO 📄 PAPER ENTRY: sell 100 GAZP@RTSX @ 96.60 (LIMIT)
12:32:32 orders_arb INFO 📄 PAPER ENTRY: buy 10 GZU6@RTSX @ 9931.96 (MARKET)
12:32:32 strategy_arb INFO LAYER #23 CLOSE SHORT | PnL=+33.69₽ (gross=+110.44₽ comm=76.75₽) | reason=profit_target | hold=17min | layers=0
12:40:45 robot_arb INFO ⚠️ CHECK_ENTRY returned signal: {'action': 'entry', 'side': 'short_basis', 'z': 2.8509761160801737, 'basis': 8978.7, 'price_a': 96.53, 'price_b': 9944.0}
12:40:45 robot_arb INFO ENTRY SIGNAL short_basis | Z=2.85 basis=8978.70 | A=96.53 B=9944.00 | limit buy 100 @ 96.54 | market sell 10 @ 9939.03
12:40:45 orders_arb INFO 📄 PAPER ENTRY: buy 100 GAZP@RTSX @ 96.54 (LIMIT)
12:40:45 orders_arb INFO 📄 PAPER ENTRY: sell 10 GZU6@RTSX @ 9939.03 (MARKET)
12:40:45 strategy_arb INFO LAYER #26 OPEN SHORT | A=96.54 ×100 | B=9939.03 ×10 | basis=8973.63 Z=2.85 | layers=1
12:40:45 robot_arb INFO LAYER OPEN SHORT_BASIS #26 | A=96.54 ×100 | B=9939.03 ×10 | basis=8978.70 Z=2.85 | layers=1 used_capital=115,850
12:40:47 robot_arb INFO ⚠️ CHECK_ENTRY returned signal: {'action': 'entry', 'side': 'short_basis', 'z': 2.7150017282327377, 'basis': 8978.7, 'price_a': 96.53, 'price_b': 9944.0}
12:40:47 robot_arb INFO ENTRY SIGNAL short_basis | Z=2.72 basis=8978.70 | A=96.53 B=9944.00 | limit buy 100 @ 96.54 | market sell 10 @ 9939.03
12:40:47 orders_arb INFO 📄 PAPER ENTRY: buy 100 GAZP@RTSX @ 96.54 (LIMIT)
12:40:47 orders_arb INFO 📄 PAPER ENTRY: sell 10 GZU6@RTSX @ 9939.03 (MARKET)
12:40:47 strategy_arb INFO LAYER #27 OPEN SHORT | A=96.54 ×100 | B=9939.03 ×10 | basis=8973.63 Z=2.72 | layers=2
12:40:47 robot_arb INFO LAYER OPEN SHORT_BASIS #27 | A=96.54 ×100 | B=9939.03 ×10 | basis=8978.70 Z=2.72 | layers=2 used_capital=231,700
12:43:53 robot_arb INFO Signal 15 — shutting down...
12:43:53 robot_arb INFO === Arbitrage Robot v1 ===
12:43:53 robot_arb INFO Pair: GAZP / GZU6
12:43:53 robot_arb INFO Account: 1225953 | Port: 5090 | Paper: True
12:43:53 robot_arb INFO Params: entry_z=2.7 lookback=200 lots_a=100 lots_b=10 hedge_ratio=10
12:43:53 robot_arb INFO Min profit: rub=77.77
12:43:53 robot_arb INFO Risk: stop_loss_rub=500000
12:43:53 robot_arb INFO State loaded: pnl=30579 trades=203 mode=stopped
12:43:53 FinamPy CRITICAL Ошибка доступа к системному хранилищу: No recommended backend was available. Install a recommended 3rd party backend package; or, install the keyrings.alt package if you want to use the non-recommended backends. See https://pypi.org/project/keyring for details.
12:43:53 FinamPy CRITICAL Ошибка сохранения в системное хранилище: No recommended backend was available. Install a recommended 3rd party backend package; or, install the keyrings.alt package if you want to use the non-recommended backends. See https://pypi.org/project/keyring for details.
12:43:54 robot_arb INFO FinamPy connected. Accounts: ['1225950', '1225951', '1225952', '1225953']
12:43:54 robot_arb INFO Subscribed OrderBook: GAZP@RTSX, GZU6@RTSX
12:43:54 robot_arb INFO Subscribed Quotes: GAZP@RTSX, GZU6@RTSX
12:43:54 robot_arb INFO Warmup: waiting 10 sec for data streams...
12:44:04 robot_arb INFO Warmup done. OB_A: False OB_B: False
12:44:04 robot_arb INFO MOEX ISS poller started (fallback for stock prices)
12:44:04 robot_arb INFO Main loop started
12:44:04 robot_arb INFO API listening on :5090
12:44:04 robot_arb INFO Endpoints: GET /status /health /params | POST /start /stop /pause /params
12:45:23 robot_arb INFO Signal 15 — shutting down...
12:45:23 robot_arb INFO === Arbitrage Robot v1 ===
12:45:23 robot_arb INFO Pair: GAZP / GZU6
12:45:23 robot_arb INFO Account: 1225953 | Port: 5090 | Paper: True
12:45:23 robot_arb INFO Params: entry_z=2.7 lookback=200 lots_a=100 lots_b=10 hedge_ratio=10
12:45:23 robot_arb INFO Min profit: rub=77.77
12:45:23 robot_arb INFO Risk: stop_loss_rub=500000
12:45:23 robot_arb INFO State loaded: pnl=30579 trades=203 mode=stopped
12:45:23 FinamPy CRITICAL Ошибка доступа к системному хранилищу: No recommended backend was available. Install a recommended 3rd party backend package; or, install the keyrings.alt package if you want to use the non-recommended backends. See https://pypi.org/project/keyring for details.
12:45:23 FinamPy CRITICAL Ошибка сохранения в системное хранилище: No recommended backend was available. Install a recommended 3rd party backend package; or, install the keyrings.alt package if you want to use the non-recommended backends. See https://pypi.org/project/keyring for details.
12:45:24 robot_arb INFO FinamPy connected. Accounts: ['1225950', '1225951', '1225952', '1225953']
12:45:24 robot_arb INFO Subscribed OrderBook: GAZP@RTSX, GZU6@RTSX
12:45:24 robot_arb INFO Subscribed Quotes: GAZP@RTSX, GZU6@RTSX
12:45:24 robot_arb INFO Warmup: waiting 10 sec for data streams...
12:45:34 robot_arb INFO Warmup done. OB_A: False OB_B: False
12:45:34 robot_arb INFO MOEX ISS poller started (fallback for stock prices)
12:45:34 robot_arb INFO Main loop started
12:45:34 robot_arb INFO API listening on :5090
12:45:34 robot_arb INFO Endpoints: GET /status /health /params | POST /start /stop /pause /params
12:45:43 robot_arb WARNING Failed to get account info: cannot access local variable '_accounts_cache_ts' where it is not associated with a value
12:45:43 robot_arb ERROR GET error: cannot access local variable '_accounts_cache' where it is not associated with a value
Traceback (most recent call last):
  File "/root/.openclaw/workspace/HedgeFund/robot/main_arb.py", line 688, in do_GET
    if now - _accounts_cache_ts < 60 and _accounts_cache:
             ^^^^^^^^^^^^^^^^^^
UnboundLocalError: cannot access local variable '_accounts_cache_ts' where it is not associated with a value

During handling of the above exception, another exception occurred:

Traceback (most recent call last):
  File "/root/.openclaw/workspace/HedgeFund/robot/main_arb.py", line 733, in do_GET
    if _accounts_cache:
       ^^^^^^^^^^^^^^^
UnboundLocalError: cannot access local variable '_accounts_cache' where it is not associated with a value
12:46:25 robot_arb INFO Signal 15 — shutting down...
12:46:26 robot_arb INFO === Arbitrage Robot v1 ===
12:46:26 robot_arb INFO Pair: GAZP / GZU6
12:46:26 robot_arb INFO Account: 1225953 | Port: 5090 | Paper: True
12:46:26 robot_arb INFO Params: entry_z=2.7 lookback=200 lots_a=100 lots_b=10 hedge_ratio=10
12:46:26 robot_arb INFO Min profit: rub=77.77
12:46:26 robot_arb INFO Risk: stop_loss_rub=500000
12:46:26 robot_arb INFO State loaded: pnl=30579 trades=203 mode=stopped
12:46:26 FinamPy CRITICAL Ошибка доступа к системному хранилищу: No recommended backend was available. Install a recommended 3rd party backend package; or, install the keyrings.alt package if you want to use the non-recommended backends. See https://pypi.org/project/keyring for details.
12:46:26 FinamPy CRITICAL Ошибка сохранения в системное хранилище: No recommended backend was available. Install a recommended 3rd party backend package; or, install the keyrings.alt package if you want to use the non-recommended backends. See https://pypi.org/project/keyring for details.
12:46:26 robot_arb INFO FinamPy connected. Accounts: ['1225950', '1225951', '1225952', '1225953']
12:46:26 robot_arb INFO Subscribed OrderBook: GAZP@RTSX, GZU6@RTSX
12:46:26 robot_arb INFO Subscribed Quotes: GAZP@RTSX, GZU6@RTSX
12:46:26 robot_arb INFO Warmup: waiting 10 sec for data streams...
12:46:35 robot_arb INFO Signal 15 — shutting down...
12:46:36 robot_arb INFO === Arbitrage Robot v1 ===
12:46:36 robot_arb INFO Pair: GAZP / GZU6
12:46:36 robot_arb INFO Account: 1225953 | Port: 5090 | Paper: True
12:46:36 robot_arb INFO Params: entry_z=2.7 lookback=200 lots_a=100 lots_b=10 hedge_ratio=10
12:46:36 robot_arb INFO Min profit: rub=77.77
12:46:36 robot_arb INFO Risk: stop_loss_rub=500000
12:46:36 robot_arb INFO State loaded: pnl=30579 trades=203 mode=stopped
12:46:36 FinamPy CRITICAL Ошибка доступа к системному хранилищу: No recommended backend was available. Install a recommended 3rd party backend package; or, install the keyrings.alt package if you want to use the non-recommended backends. See https://pypi.org/project/keyring for details.
12:46:36 FinamPy CRITICAL Ошибка сохранения в системное хранилище: No recommended backend was available. Install a recommended 3rd party backend package; or, install the keyrings.alt package if you want to use the non-recommended backends. See https://pypi.org/project/keyring for details.
12:46:36 robot_arb INFO FinamPy connected. Accounts: ['1225950', '1225951', '1225952', '1225953']
12:46:36 robot_arb INFO Subscribed OrderBook: GAZP@RTSX, GZU6@RTSX
12:46:36 robot_arb INFO Subscribed Quotes: GAZP@RTSX, GZU6@RTSX
12:46:36 robot_arb INFO Warmup: waiting 10 sec for data streams...
12:46:46 robot_arb INFO Warmup done. OB_A: False OB_B: False
12:46:46 robot_arb INFO MOEX ISS poller started (fallback for stock prices)
12:46:46 robot_arb INFO Main loop started
12:46:46 robot_arb INFO API listening on :5090
12:46:46 robot_arb INFO Endpoints: GET /status /health /params | POST /start /stop /pause /params
12:46:51 robot_arb INFO Mode → RUNNING
12:52:07 robot_arb INFO Signal 15 — shutting down...
12:52:08 robot_arb INFO === Arbitrage Robot v1 ===
12:52:08 robot_arb INFO Pair: GAZP / GZU6
12:52:08 robot_arb INFO Account: 1225953 | Port: 5090 | Paper: True
12:52:08 robot_arb INFO Params: entry_z=2.7 lookback=200 lots_a=100 lots_b=10 hedge_ratio=10
12:52:08 robot_arb INFO Min profit: rub=77.77
12:52:08 robot_arb INFO Risk: stop_loss_rub=500000
12:52:08 robot_arb INFO State loaded: pnl=30579 trades=203 mode=stopped
12:52:08 FinamPy CRITICAL Ошибка доступа к системному хранилищу: No recommended backend was available. Install a recommended 3rd party backend package; or, install the keyrings.alt package if you want to use the non-recommended backends. See https://pypi.org/project/keyring for details.
12:52:08 FinamPy CRITICAL Ошибка сохранения в системное хранилище: No recommended backend was available. Install a recommended 3rd party backend package; or, install the keyrings.alt package if you want to use the non-recommended backends. See https://pypi.org/project/keyring for details.
12:52:08 robot_arb INFO FinamPy connected. Accounts: ['1225950', '1225951', '1225952', '1225953']
12:52:08 robot_arb INFO Subscribed OrderBook: GAZP@RTSX, GZU6@RTSX
12:52:08 robot_arb INFO Subscribed Quotes: GAZP@RTSX, GZU6@RTSX
12:52:08 robot_arb INFO Warmup: waiting 10 sec for data streams...
12:52:18 robot_arb INFO Warmup done. OB_A: False OB_B: False
12:52:18 robot_arb INFO MOEX ISS poller started (fallback for stock prices)
12:52:18 robot_arb INFO Main loop started
12:52:18 robot_arb INFO API listening on :5090
12:52:18 robot_arb INFO Endpoints: GET /status /health /params | POST /start /stop /pause /params
12:54:35 robot_arb INFO Mode → RUNNING
12:54:45 robot_arb INFO Account changed → 1225953-EDP
12:54:46 robot_arb INFO Param updated: ticker_a = GAZP (was GAZP)
12:54:46 robot_arb INFO Param updated: symbol_a = GAZP@RTSX (was GAZP@RTSX)
12:54:46 robot_arb INFO Param updated: ticker_b = GZU6 (was GZU6)
12:54:46 robot_arb INFO Param updated: symbol_b = GZU6@RTSX (was GZU6@RTSX)
12:54:46 robot_arb INFO Param updated: lots_a = 100 (was 100)
12:54:46 robot_arb INFO Param updated: lots_b = 10 (was 10)
12:54:46 robot_arb INFO Param updated: hedge_ratio = 10 (was 10)
12:54:46 robot_arb INFO Param updated: capital = 1000000 (was 1000000)
12:54:46 robot_arb INFO Param updated: entry_z = 2.7 (was 2.7)
12:54:46 robot_arb INFO Param updated: entry_z_long = -5.7 (was -5.7)
12:54:46 robot_arb INFO Param updated: entry_mode = zscore (was zscore)
12:54:46 robot_arb INFO Param updated: spread_rub_high = 312 (was 312)
12:54:46 robot_arb INFO Param updated: spread_rub_low = 270 (was 270)
12:54:46 robot_arb INFO Param updated: risk_free_rate = 0.1425 (was 0.1425)
12:54:46 robot_arb INFO Param updated: expiration_date = 2026-09-18 (was 2026-09-18)
12:54:46 robot_arb INFO Param updated: contract_size = 100 (was 100)
12:54:46 robot_arb INFO Param updated: lookback = 200 (was 200)
12:54:46 robot_arb INFO Param updated: leg_a_timeout = 5 (was 5)
12:54:46 robot_arb INFO Param updated: min_fill_ratio = 0.5 (was 0.5)
12:54:46 robot_arb INFO Param updated: min_profit_type = rub (was rub)
12:54:46 robot_arb INFO Param updated: min_profit_value = 77.77 (was 77.77)
12:54:46 robot_arb INFO Param updated: risk_type = stop_loss_rub (was stop_loss_rub)
12:54:46 robot_arb INFO Param updated: risk_value = 500000 (was 500000)
12:54:46 robot_arb INFO Param updated: allow_long_basis = True (was True)
12:54:46 robot_arb INFO Param updated: use_commission = True (was True)
12:54:46 robot_arb INFO Param updated: commission_stock_pct = 0.035 (was 0.035)
12:54:46 robot_arb INFO Param updated: commission_futures_rt = 0.9 (was 0.9)
12:59:06 robot_arb INFO ⚠️ CHECK_ENTRY returned signal: {'action': 'entry', 'side': 'short_basis', 'z': 4.067035575513683, 'basis': 8960.1, 'price_a': 96.29, 'price_b': 9923.0}
12:59:06 robot_arb INFO ENTRY SIGNAL short_basis | Z=4.07 basis=8960.10 | A=96.29 B=9923.00 | limit buy 100 @ 96.29 | market sell 10 @ 9918.04
12:59:06 orders_arb INFO 📄 PAPER ENTRY: buy 100 GAZP@RTSX @ 96.29 (LIMIT)
12:59:06 orders_arb INFO 📄 PAPER ENTRY: sell 10 GZU6@RTSX @ 9918.04 (MARKET)
12:59:06 strategy_arb INFO LAYER #28 OPEN SHORT | A=96.29 ×100 | B=9918.04 ×10 | basis=8955.14 Z=4.07 | layers=3
12:59:06 robot_arb INFO LAYER OPEN SHORT_BASIS #28 | A=96.29 ×100 | B=9918.04 ×10 | basis=8960.10 Z=4.07 | layers=3 used_capital=347,300
12:59:08 robot_arb INFO ⚠️ CHECK_ENTRY returned signal: {'action': 'entry', 'side': 'short_basis', 'z': 3.7380516581857934, 'basis': 8960.1, 'price_a': 96.29, 'price_b': 9923.0}
12:59:08 robot_arb INFO ENTRY SIGNAL short_basis | Z=3.74 basis=8960.10 | A=96.29 B=9923.00 | limit buy 100 @ 96.29 | market sell 10 @ 9918.04
12:59:08 orders_arb INFO 📄 PAPER ENTRY: buy 100 GAZP@RTSX @ 96.29 (LIMIT)
12:59:08 orders_arb INFO 📄 PAPER ENTRY: sell 10 GZU6@RTSX @ 9918.04 (MARKET)
12:59:08 strategy_arb INFO LAYER #29 OPEN SHORT | A=96.29 ×100 | B=9918.04 ×10 | basis=8955.14 Z=3.74 | layers=4
12:59:08 robot_arb INFO LAYER OPEN SHORT_BASIS #29 | A=96.29 ×100 | B=9918.04 ×10 | basis=8960.10 Z=3.74 | layers=4 used_capital=462,900
12:59:15 robot_arb INFO ⚠️ CHECK_ENTRY returned signal: {'action': 'entry', 'side': 'short_basis', 'z': 4.040150347646817, 'basis': 8961.1, 'price_a': 96.29, 'price_b': 9924.0}
12:59:15 robot_arb INFO ENTRY SIGNAL short_basis | Z=4.04 basis=8961.10 | A=96.29 B=9924.00 | limit buy 100 @ 96.29 | market sell 10 @ 9919.04
12:59:15 orders_arb INFO 📄 PAPER ENTRY: buy 100 GAZP@RTSX @ 96.29 (LIMIT)
12:59:15 orders_arb INFO 📄 PAPER ENTRY: sell 10 GZU6@RTSX @ 9919.04 (MARKET)
12:59:15 strategy_arb INFO LAYER #30 OPEN SHORT | A=96.29 ×100 | B=9919.04 ×10 | basis=8956.14 Z=4.04 | layers=5
12:59:15 robot_arb INFO LAYER OPEN SHORT_BASIS #30 | A=96.29 ×100 | B=9919.04 ×10 | basis=8961.10 Z=4.04 | layers=5 used_capital=578,500
12:59:27 robot_arb INFO EXIT layer #26 reason=profit_target | limit sell 100 @ 96.39 | market buy 10 @ 9913.95
12:59:27 orders_arb INFO 📄 PAPER ENTRY: sell 100 GAZP@RTSX @ 96.39 (LIMIT)
12:59:27 orders_arb INFO 📄 PAPER ENTRY: buy 10 GZU6@RTSX @ 9913.95 (MARKET)
12:59:27 strategy_arb INFO LAYER #26 CLOSE SHORT | PnL=+24.21₽ (gross=+100.73₽ comm=76.53₽) | reason=profit_target | hold=19min | layers=4
12:59:28 robot_arb INFO EXIT layer #27 reason=profit_target | limit sell 100 @ 96.39 | market buy 10 @ 9914.95
12:59:28 orders_arb INFO 📄 PAPER ENTRY: sell 100 GAZP@RTSX @ 96.39 (LIMIT)
12:59:28 orders_arb INFO 📄 PAPER ENTRY: buy 10 GZU6@RTSX @ 9914.95 (MARKET)
12:59:28 strategy_arb INFO LAYER #27 CLOSE SHORT | PnL=+14.20₽ (gross=+90.73₽ comm=76.53₽) | reason=profit_target | hold=19min | layers=3
12:59:28 robot_arb INFO EXIT layer #28 reason=profit_target | limit sell 100 @ 96.39 | market buy 10 @ 9914.95
12:59:28 orders_arb INFO 📄 PAPER ENTRY: sell 100 GAZP@RTSX @ 96.39 (LIMIT)
12:59:28 orders_arb INFO 📄 PAPER ENTRY: buy 10 GZU6@RTSX @ 9914.95 (MARKET)
12:59:28 strategy_arb INFO LAYER #28 CLOSE SHORT | PnL=+54.40₽ (gross=+130.84₽ comm=76.44₽) | reason=profit_target | hold=0min | layers=2
12:59:29 robot_arb INFO EXIT layer #29 reason=profit_target | limit sell 100 @ 96.39 | market buy 10 @ 9914.95
12:59:29 orders_arb INFO 📄 PAPER ENTRY: sell 100 GAZP@RTSX @ 96.39 (LIMIT)
12:59:29 orders_arb INFO 📄 PAPER ENTRY: buy 10 GZU6@RTSX @ 9914.95 (MARKET)
12:59:29 strategy_arb INFO LAYER #29 CLOSE SHORT | PnL=+54.40₽ (gross=+130.84₽ comm=76.44₽) | reason=profit_target | hold=0min | layers=1
12:59:29 robot_arb INFO EXIT layer #30 reason=profit_target | limit sell 100 @ 96.39 | market buy 10 @ 9914.95
12:59:29 orders_arb INFO 📄 PAPER ENTRY: sell 100 GAZP@RTSX @ 96.39 (LIMIT)
12:59:29 orders_arb INFO 📄 PAPER ENTRY: buy 10 GZU6@RTSX @ 9914.95 (MARKET)
12:59:29 strategy_arb INFO LAYER #30 CLOSE SHORT | PnL=+64.39₽ (gross=+140.83₽ comm=76.44₽) | reason=profit_target | hold=0min | layers=0
12:59:33 robot_arb INFO ⚠️ CHECK_ENTRY returned signal: {'action': 'entry', 'side': 'short_basis', 'z': 3.215107802239385, 'basis': 8961.2, 'price_a': 96.28, 'price_b': 9924.0}
12:59:33 robot_arb INFO ENTRY SIGNAL short_basis | Z=3.22 basis=8961.20 | A=96.28 B=9924.00 | limit buy 100 @ 96.28 | market sell 10 @ 9919.04
12:59:33 orders_arb INFO 📄 PAPER ENTRY: buy 100 GAZP@RTSX @ 96.28 (LIMIT)
12:59:33 orders_arb INFO 📄 PAPER ENTRY: sell 10 GZU6@RTSX @ 9919.04 (MARKET)
12:59:33 strategy_arb INFO LAYER #31 OPEN SHORT | A=96.28 ×100 | B=9919.04 ×10 | basis=8956.24 Z=3.22 | layers=1
12:59:33 robot_arb INFO LAYER OPEN SHORT_BASIS #31 | A=96.28 ×100 | B=9919.04 ×10 | basis=8961.20 Z=3.22 | layers=1 used_capital=115,590
12:59:35 robot_arb INFO ⚠️ CHECK_ENTRY returned signal: {'action': 'entry', 'side': 'short_basis', 'z': 3.041573202425738, 'basis': 8961.2, 'price_a': 96.28, 'price_b': 9924.0}
12:59:35 robot_arb INFO ENTRY SIGNAL short_basis | Z=3.04 basis=8961.20 | A=96.28 B=9924.00 | limit buy 100 @ 96.28 | market sell 10 @ 9919.04
12:59:35 orders_arb INFO 📄 PAPER ENTRY: buy 100 GAZP@RTSX @ 96.28 (LIMIT)
12:59:35 orders_arb INFO 📄 PAPER ENTRY: sell 10 GZU6@RTSX @ 9919.04 (MARKET)
12:59:35 strategy_arb INFO LAYER #32 OPEN SHORT | A=96.28 ×100 | B=9919.04 ×10 | basis=8956.24 Z=3.04 | layers=2
12:59:35 robot_arb INFO LAYER OPEN SHORT_BASIS #32 | A=96.28 ×100 | B=9919.04 ×10 | basis=8961.20 Z=3.04 | layers=2 used_capital=231,180
12:59:37 robot_arb INFO ⚠️ CHECK_ENTRY returned signal: {'action': 'entry', 'side': 'short_basis', 'z': 2.899942454590529, 'basis': 8961.2, 'price_a': 96.28, 'price_b': 9924.0}
12:59:37 robot_arb INFO ENTRY SIGNAL short_basis | Z=2.90 basis=8961.20 | A=96.28 B=9924.00 | limit buy 100 @ 96.28 | market sell 10 @ 9919.04
12:59:37 orders_arb INFO 📄 PAPER ENTRY: buy 100 GAZP@RTSX @ 96.28 (LIMIT)
12:59:37 orders_arb INFO 📄 PAPER ENTRY: sell 10 GZU6@RTSX @ 9919.04 (MARKET)
12:59:37 strategy_arb INFO LAYER #33 OPEN SHORT | A=96.28 ×100 | B=9919.04 ×10 | basis=8956.24 Z=2.90 | layers=3
12:59:37 robot_arb INFO LAYER OPEN SHORT_BASIS #33 | A=96.28 ×100 | B=9919.04 ×10 | basis=8961.20 Z=2.90 | layers=3 used_capital=346,770
12:59:39 robot_arb INFO EXIT layer #31 reason=profit_target | limit sell 100 @ 96.39 | market buy 10 @ 9914.95
12:59:39 orders_arb INFO 📄 PAPER ENTRY: sell 100 GAZP@RTSX @ 96.39 (LIMIT)
12:59:39 orders_arb INFO 📄 PAPER ENTRY: buy 10 GZU6@RTSX @ 9914.95 (MARKET)
12:59:39 strategy_arb INFO LAYER #31 CLOSE SHORT | PnL=+74.40₽ (gross=+150.83₽ comm=76.43₽) | reason=profit_target | hold=0min | layers=2
12:59:39 robot_arb INFO EXIT layer #32 reason=profit_target | limit sell 100 @ 96.39 | market buy 10 @ 9914.95
12:59:39 orders_arb INFO 📄 PAPER ENTRY: sell 100 GAZP@RTSX @ 96.39 (LIMIT)
12:59:39 orders_arb INFO 📄 PAPER ENTRY: buy 10 GZU6@RTSX @ 9914.95 (MARKET)
12:59:39 strategy_arb INFO LAYER #32 CLOSE SHORT | PnL=+74.40₽ (gross=+150.83₽ comm=76.43₽) | reason=profit_target | hold=0min | layers=1
12:59:40 robot_arb INFO EXIT layer #33 reason=profit_target | limit sell 100 @ 96.39 | market buy 10 @ 9914.95
12:59:40 orders_arb INFO 📄 PAPER ENTRY: sell 100 GAZP@RTSX @ 96.39 (LIMIT)
12:59:40 orders_arb INFO 📄 PAPER ENTRY: buy 10 GZU6@RTSX @ 9914.95 (MARKET)
12:59:40 strategy_arb INFO LAYER #33 CLOSE SHORT | PnL=+74.40₽ (gross=+150.83₽ comm=76.43₽) | reason=profit_target | hold=0min | layers=0
13:00:07 robot_arb INFO Mode → STOPPED
13:03:49 robot_arb INFO Signal 15 — shutting down...
13:03:49 robot_arb INFO === Arbitrage Robot v1 ===
13:03:49 robot_arb INFO Pair: GAZP / GZU6
13:03:49 robot_arb INFO Account: 1225953 | Port: 5090 | Paper: False
13:03:49 robot_arb INFO Params: entry_z=2.7 lookback=200 lots_a=100 lots_b=10 hedge_ratio=10
13:03:49 robot_arb INFO Min profit: rub=77.77
13:03:49 robot_arb INFO Risk: stop_loss_rub=500000
13:03:49 robot_arb INFO State loaded: pnl=31013 trades=211 mode=stopped
13:03:49 FinamPy CRITICAL Ошибка доступа к системному хранилищу: No recommended backend was available. Install a recommended 3rd party backend package; or, install the keyrings.alt package if you want to use the non-recommended backends. See https://pypi.org/project/keyring for details.
13:03:49 FinamPy CRITICAL Ошибка сохранения в системное хранилище: No recommended backend was available. Install a recommended 3rd party backend package; or, install the keyrings.alt package if you want to use the non-recommended backends. See https://pypi.org/project/keyring for details.
13:03:50 robot_arb INFO FinamPy connected. Accounts: ['1225950', '1225951', '1225952', '1225953']
13:03:50 robot_arb INFO Subscribed OrderBook: GAZP@RTSX, GZU6@RTSX
13:03:50 robot_arb INFO Subscribed Quotes: GAZP@RTSX, GZU6@RTSX
13:03:50 robot_arb INFO Warmup: waiting 10 sec for data streams...
13:03:51 robot_arb INFO Signal 15 — shutting down...
13:03:51 robot_arb INFO === Arbitrage Robot v1 ===
13:03:51 robot_arb INFO Pair: GAZP / GZU6
13:03:51 robot_arb INFO Account: 1225953 | Port: 5090 | Paper: False
13:03:51 robot_arb INFO Params: entry_z=2.7 lookback=200 lots_a=100 lots_b=10 hedge_ratio=10
13:03:51 robot_arb INFO Min profit: rub=77.77
13:03:51 robot_arb INFO Risk: stop_loss_rub=500000
13:03:51 robot_arb INFO State loaded: pnl=31013 trades=211 mode=stopped
13:03:51 FinamPy CRITICAL Ошибка доступа к системному хранилищу: No recommended backend was available. Install a recommended 3rd party backend package; or, install the keyrings.alt package if you want to use the non-recommended backends. See https://pypi.org/project/keyring for details.
13:03:51 FinamPy CRITICAL Ошибка сохранения в системное хранилище: No recommended backend was available. Install a recommended 3rd party backend package; or, install the keyrings.alt package if you want to use the non-recommended backends. See https://pypi.org/project/keyring for details.
13:03:52 robot_arb INFO FinamPy connected. Accounts: ['1225950', '1225951', '1225952', '1225953']
13:03:52 robot_arb INFO Subscribed OrderBook: GAZP@RTSX, GZU6@RTSX
13:03:52 robot_arb INFO Subscribed Quotes: GAZP@RTSX, GZU6@RTSX
13:03:52 robot_arb INFO Warmup: waiting 10 sec for data streams...
13:04:02 robot_arb INFO Warmup done. OB_A: False OB_B: False
13:04:02 robot_arb INFO MOEX ISS poller started (fallback for stock prices)
13:04:02 robot_arb INFO Main loop started
13:04:02 robot_arb INFO API listening on :5090
13:04:02 robot_arb INFO Endpoints: GET /status /health /params | POST /start /stop /pause /params
13:04:06 robot_arb INFO Mode → RUNNING
13:04:11 robot_arb INFO Mode → STOPPED
13:04:24 robot_arb INFO Account changed → 1225953
13:04:24 robot_arb INFO Param updated: ticker_a = GAZP (was GAZP)
13:04:24 robot_arb INFO Param updated: symbol_a = GAZP@RTSX (was GAZP@RTSX)
13:04:24 robot_arb INFO Param updated: ticker_b = GZU6 (was GZU6)
13:04:24 robot_arb INFO Param updated: symbol_b = GZU6@RTSX (was GZU6@RTSX)
13:04:24 robot_arb INFO Param updated: lots_a = 10 (was 100)
13:04:24 robot_arb INFO Param updated: lots_b = 1 (was 10)
13:04:24 robot_arb INFO Param updated: hedge_ratio = 10 (was 10)
13:04:24 robot_arb INFO Param updated: capital = 1000000 (was 1000000)
13:04:24 robot_arb INFO Param updated: entry_z = 2.7 (was 2.7)
13:04:24 robot_arb INFO Param updated: entry_z_long = -5.7 (was -5.7)
13:04:24 robot_arb INFO Param updated: entry_mode = zscore (was zscore)
13:04:24 robot_arb INFO Param updated: spread_rub_high = 312 (was 312)
13:04:24 robot_arb INFO Param updated: spread_rub_low = 270 (was 270)
13:04:24 robot_arb INFO Param updated: risk_free_rate = 0.1425 (was 0.1425)
13:04:24 robot_arb INFO Param updated: expiration_date = 2026-09-18 (was 2026-09-18)
13:04:24 robot_arb INFO Param updated: contract_size = 100 (was 100)
13:04:24 robot_arb INFO Param updated: lookback = 200 (was 200)
13:04:24 robot_arb INFO Param updated: leg_a_timeout = 5 (was 5)
13:04:24 robot_arb INFO Param updated: min_fill_ratio = 0.5 (was 0.5)
13:04:24 robot_arb INFO Param updated: min_profit_type = rub (was rub)
13:04:24 robot_arb INFO Param updated: min_profit_value = 77.77 (was 77.77)
13:04:24 robot_arb INFO Param updated: risk_type = stop_loss_rub (was stop_loss_rub)
13:04:24 robot_arb INFO Param updated: risk_value = 500000 (was 500000)
13:04:24 robot_arb INFO Param updated: allow_long_basis = True (was True)
13:04:24 robot_arb INFO Param updated: use_commission = True (was True)
13:04:24 robot_arb INFO Param updated: commission_stock_pct = 0.035 (was 0.035)
13:04:24 robot_arb INFO Param updated: commission_futures_rt = 0.9 (was 0.9)
13:04:32 robot_arb INFO Account changed → 1225953
13:04:33 robot_arb INFO Param updated: ticker_a = GAZP (was GAZP)
13:04:33 robot_arb INFO Param updated: symbol_a = GAZP@RTSX (was GAZP@RTSX)
13:04:33 robot_arb INFO Param updated: ticker_b = GZU6 (was GZU6)
13:04:33 robot_arb INFO Param updated: symbol_b = GZU6@RTSX (was GZU6@RTSX)
13:04:33 robot_arb INFO Param updated: lots_a = 10 (was 10)
13:04:33 robot_arb INFO Param updated: lots_b = 1 (was 1)
13:04:33 robot_arb INFO Param updated: hedge_ratio = 10 (was 10)
13:04:33 robot_arb INFO Param updated: capital = 20000 (was 1000000)
13:04:33 robot_arb INFO Param updated: entry_z = 2.7 (was 2.7)
13:04:33 robot_arb INFO Param updated: entry_z_long = -5.7 (was -5.7)
13:04:33 robot_arb INFO Param updated: entry_mode = zscore (was zscore)
13:04:33 robot_arb INFO Param updated: spread_rub_high = 312 (was 312)
13:04:33 robot_arb INFO Param updated: spread_rub_low = 270 (was 270)
13:04:33 robot_arb INFO Param updated: risk_free_rate = 0.1425 (was 0.1425)
13:04:33 robot_arb INFO Param updated: expiration_date = 2026-09-18 (was 2026-09-18)
13:04:33 robot_arb INFO Param updated: contract_size = 100 (was 100)
13:04:33 robot_arb INFO Param updated: lookback = 200 (was 200)
13:04:33 robot_arb INFO Param updated: leg_a_timeout = 5 (was 5)
13:04:33 robot_arb INFO Param updated: min_fill_ratio = 0.5 (was 0.5)
13:04:33 robot_arb INFO Param updated: min_profit_type = rub (was rub)
13:04:33 robot_arb INFO Param updated: min_profit_value = 77.77 (was 77.77)
13:04:33 robot_arb INFO Param updated: risk_type = stop_loss_rub (was stop_loss_rub)
13:04:33 robot_arb INFO Param updated: risk_value = 500000 (was 500000)
13:04:33 robot_arb INFO Param updated: allow_long_basis = True (was True)
13:04:33 robot_arb INFO Param updated: use_commission = True (was True)
13:04:33 robot_arb INFO Param updated: commission_stock_pct = 0.035 (was 0.035)
13:04:33 robot_arb INFO Param updated: commission_futures_rt = 0.9 (was 0.9)
13:04:35 robot_arb INFO Account changed → 1225953-EDP
13:04:35 robot_arb INFO Param updated: ticker_a = GAZP (was GAZP)
13:04:35 robot_arb INFO Param updated: symbol_a = GAZP@RTSX (was GAZP@RTSX)
13:04:35 robot_arb INFO Param updated: ticker_b = GZU6 (was GZU6)
13:04:35 robot_arb INFO Param updated: symbol_b = GZU6@RTSX (was GZU6@RTSX)
13:04:35 robot_arb INFO Param updated: lots_a = 10 (was 10)
13:04:35 robot_arb INFO Param updated: lots_b = 1 (was 1)
13:04:35 robot_arb INFO Param updated: hedge_ratio = 10 (was 10)
13:04:35 robot_arb INFO Param updated: capital = 20000 (was 20000)
13:04:35 robot_arb INFO Param updated: entry_z = 2.7 (was 2.7)
13:04:35 robot_arb INFO Param updated: entry_z_long = -5.7 (was -5.7)
13:04:35 robot_arb INFO Param updated: entry_mode = zscore (was zscore)
13:04:35 robot_arb INFO Param updated: spread_rub_high = 312 (was 312)
13:04:35 robot_arb INFO Param updated: spread_rub_low = 270 (was 270)
13:04:35 robot_arb INFO Param updated: risk_free_rate = 0.1425 (was 0.1425)
13:04:35 robot_arb INFO Param updated: expiration_date = 2026-09-18 (was 2026-09-18)
13:04:35 robot_arb INFO Param updated: contract_size = 100 (was 100)
13:04:35 robot_arb INFO Param updated: lookback = 200 (was 200)
13:04:35 robot_arb INFO Param updated: leg_a_timeout = 5 (was 5)
13:04:35 robot_arb INFO Param updated: min_fill_ratio = 0.5 (was 0.5)
13:04:35 robot_arb INFO Param updated: min_profit_type = rub (was rub)
13:04:35 robot_arb INFO Param updated: min_profit_value = 77.77 (was 77.77)
13:04:35 robot_arb INFO Param updated: risk_type = stop_loss_rub (was stop_loss_rub)
13:04:35 robot_arb INFO Param updated: risk_value = 500000 (was 500000)
13:04:35 robot_arb INFO Param updated: allow_long_basis = True (was True)
13:04:35 robot_arb INFO Param updated: use_commission = True (was True)
13:04:35 robot_arb INFO Param updated: commission_stock_pct = 0.035 (was 0.035)
13:04:35 robot_arb INFO Param updated: commission_futures_rt = 0.9 (was 0.9)
13:04:44 robot_arb INFO Account changed → 1225953-EDP
13:04:44 robot_arb INFO Param updated: ticker_a = GAZP (was GAZP)
13:04:44 robot_arb INFO Param updated: symbol_a = GAZP@RTSX (was GAZP@RTSX)
13:04:44 robot_arb INFO Param updated: ticker_b = GZU6 (was GZU6)
13:04:44 robot_arb INFO Param updated: symbol_b = GZU6@RTSX (was GZU6@RTSX)
13:04:44 robot_arb INFO Param updated: lots_a = 10 (was 10)
13:04:44 robot_arb INFO Param updated: lots_b = 1 (was 1)
13:04:44 robot_arb INFO Param updated: hedge_ratio = 10 (was 10)
13:04:44 robot_arb INFO Param updated: capital = 20000 (was 20000)
13:04:44 robot_arb INFO Param updated: entry_z = 2.7 (was 2.7)
13:04:44 robot_arb INFO Param updated: entry_z_long = -5.7 (was -5.7)
13:04:44 robot_arb INFO Param updated: entry_mode = zscore (was zscore)
13:04:44 robot_arb INFO Param updated: spread_rub_high = 312 (was 312)
13:04:44 robot_arb INFO Param updated: spread_rub_low = 270 (was 270)
13:04:44 robot_arb INFO Param updated: risk_free_rate = 0.1425 (was 0.1425)
13:04:44 robot_arb INFO Param updated: expiration_date = 2026-09-18 (was 2026-09-18)
13:04:44 robot_arb INFO Param updated: contract_size = 100 (was 100)
13:04:44 robot_arb INFO Param updated: lookback = 200 (was 200)
13:04:44 robot_arb INFO Param updated: leg_a_timeout = 5 (was 5)
13:04:44 robot_arb INFO Param updated: min_fill_ratio = 0.5 (was 0.5)
13:04:44 robot_arb INFO Param updated: min_profit_type = rub (was rub)
13:04:44 robot_arb INFO Param updated: min_profit_value = 77.77 (was 77.77)
13:04:44 robot_arb INFO Param updated: risk_type = stop_loss_rub (was stop_loss_rub)
13:04:44 robot_arb INFO Param updated: risk_value = 500000 (was 500000)
13:04:44 robot_arb INFO Param updated: allow_long_basis = False (was True)
13:04:44 robot_arb INFO Param updated: use_commission = True (was True)
13:04:44 robot_arb INFO Param updated: commission_stock_pct = 0.035 (was 0.035)
13:04:44 robot_arb INFO Param updated: commission_futures_rt = 0.9 (was 0.9)
13:04:50 robot_arb INFO Account changed → 1225953-EDP
13:04:50 robot_arb INFO Param updated: ticker_a = GAZP (was GAZP)
13:04:50 robot_arb INFO Param updated: symbol_a = GAZP@RTSX (was GAZP@RTSX)
13:04:50 robot_arb INFO Param updated: ticker_b = GZU6 (was GZU6)
13:04:50 robot_arb INFO Param updated: symbol_b = GZU6@RTSX (was GZU6@RTSX)
13:04:50 robot_arb INFO Param updated: lots_a = 10 (was 10)
13:04:50 robot_arb INFO Param updated: lots_b = 1 (was 1)
13:04:50 robot_arb INFO Param updated: hedge_ratio = 10 (was 10)
13:04:50 robot_arb INFO Param updated: capital = 20000 (was 20000)
13:04:50 robot_arb INFO Param updated: entry_z = 2.7 (was 2.7)
13:04:50 robot_arb INFO Param updated: entry_z_long = -5.7 (was -5.7)
13:04:50 robot_arb INFO Param updated: entry_mode = zscore (was zscore)
13:04:50 robot_arb INFO Param updated: spread_rub_high = 312 (was 312)
13:04:50 robot_arb INFO Param updated: spread_rub_low = 270 (was 270)
13:04:50 robot_arb INFO Param updated: risk_free_rate = 0.1425 (was 0.1425)
13:04:50 robot_arb INFO Param updated: expiration_date = 2026-09-18 (was 2026-09-18)
13:04:50 robot_arb INFO Param updated: contract_size = 100 (was 100)
13:04:50 robot_arb INFO Param updated: lookback = 200 (was 200)
13:04:50 robot_arb INFO Param updated: leg_a_timeout = 5 (was 5)
13:04:50 robot_arb INFO Param updated: min_fill_ratio = 0.5 (was 0.5)
13:04:50 robot_arb INFO Param updated: min_profit_type = rub (was rub)
13:04:50 robot_arb INFO Param updated: min_profit_value = 77.77 (was 77.77)
13:04:50 robot_arb INFO Param updated: risk_type = stop_loss_rub (was stop_loss_rub)
13:04:50 robot_arb INFO Param updated: risk_value = 500000 (was 500000)
13:04:50 robot_arb INFO Param updated: allow_long_basis = False (was False)
13:04:50 robot_arb INFO Param updated: use_commission = True (was True)
13:04:50 robot_arb INFO Param updated: commission_stock_pct = 0.035 (was 0.035)
13:04:50 robot_arb INFO Param updated: commission_futures_rt = 0.9 (was 0.9)
13:06:22 robot_arb INFO Account changed → 1225953-EDP
13:06:23 robot_arb INFO Param updated: ticker_a = GAZP (was GAZP)
13:06:23 robot_arb INFO Param updated: symbol_a = GAZP@RTSX (was GAZP@RTSX)
13:06:23 robot_arb INFO Param updated: ticker_b = GZU6 (was GZU6)
13:06:23 robot_arb INFO Param updated: symbol_b = GZU6@RTSX (was GZU6@RTSX)
13:06:23 robot_arb INFO Param updated: lots_a = 10 (was 10)
13:06:23 robot_arb INFO Param updated: lots_b = 1 (was 1)
13:06:23 robot_arb INFO Param updated: hedge_ratio = 10 (was 10)
13:06:23 robot_arb INFO Param updated: capital = 20000 (was 20000)
13:06:23 robot_arb INFO Param updated: entry_z = 2.7 (was 2.7)
13:06:23 robot_arb INFO Param updated: entry_z_long = -5.7 (was -5.7)
13:06:23 robot_arb INFO Param updated: entry_mode = zscore (was zscore)
13:06:23 robot_arb INFO Param updated: spread_rub_high = 312 (was 312)
13:06:23 robot_arb INFO Param updated: spread_rub_low = 270 (was 270)
13:06:23 robot_arb INFO Param updated: risk_free_rate = 0.1425 (was 0.1425)
13:06:23 robot_arb INFO Param updated: expiration_date = 2026-09-18 (was 2026-09-18)
13:06:23 robot_arb INFO Param updated: contract_size = 100 (was 100)
13:06:23 robot_arb INFO Param updated: lookback = 200 (was 200)
13:06:23 robot_arb INFO Param updated: leg_a_timeout = 5 (was 5)
13:06:23 robot_arb INFO Param updated: min_fill_ratio = 0.5 (was 0.5)
13:06:23 robot_arb INFO Param updated: min_profit_type = rub (was rub)
13:06:23 robot_arb INFO Param updated: min_profit_value = 77.77 (was 77.77)
13:06:23 robot_arb INFO Param updated: risk_type = stop_loss_rub (was stop_loss_rub)
13:06:23 robot_arb INFO Param updated: risk_value = 500000 (was 500000)
13:06:23 robot_arb INFO Param updated: allow_long_basis = False (was False)
13:06:23 robot_arb INFO Param updated: use_commission = True (was True)
13:06:23 robot_arb INFO Param updated: commission_stock_pct = 0.035 (was 0.035)
13:06:23 robot_arb INFO Param updated: commission_futures_rt = 0.9 (was 0.9)
13:06:43 robot_arb INFO Account changed → 1225953
13:07:25 robot_arb INFO Account changed → 1225953
13:07:25 robot_arb INFO Param updated: ticker_a = GAZP (was GAZP)
13:07:25 robot_arb INFO Param updated: symbol_a = GAZP@RTSX (was GAZP@RTSX)
13:07:25 robot_arb INFO Param updated: ticker_b = GZU6 (was GZU6)
13:07:25 robot_arb INFO Param updated: symbol_b = GZU6@RTSX (was GZU6@RTSX)
13:07:25 robot_arb INFO Param updated: lots_a = 10 (was 10)
13:07:25 robot_arb INFO Param updated: lots_b = 1 (was 1)
13:07:25 robot_arb INFO Param updated: hedge_ratio = 10 (was 10)
13:07:25 robot_arb INFO Param updated: capital = 20000 (was 20000)
13:07:25 robot_arb INFO Param updated: entry_z = 2.7 (was 2.7)
13:07:25 robot_arb INFO Param updated: entry_z_long = -5.7 (was -5.7)
13:07:25 robot_arb INFO Param updated: entry_mode = zscore (was zscore)
13:07:25 robot_arb INFO Param updated: spread_rub_high = 312 (was 312)
13:07:25 robot_arb INFO Param updated: spread_rub_low = 270 (was 270)
13:07:25 robot_arb INFO Param updated: risk_free_rate = 0.1425 (was 0.1425)
13:07:25 robot_arb INFO Param updated: expiration_date = 2026-09-18 (was 2026-09-18)
13:07:25 robot_arb INFO Param updated: contract_size = 100 (was 100)
13:07:25 robot_arb INFO Param updated: lookback = 200 (was 200)
13:07:25 robot_arb INFO Param updated: leg_a_timeout = 5 (was 5)
13:07:25 robot_arb INFO Param updated: min_fill_ratio = 0.5 (was 0.5)
13:07:25 robot_arb INFO Param updated: min_profit_type = rub (was rub)
13:07:25 robot_arb INFO Param updated: min_profit_value = 7.77 (was 77.77)
13:07:25 robot_arb INFO Param updated: risk_type = stop_loss_rub (was stop_loss_rub)
13:07:25 robot_arb INFO Param updated: risk_value = 500000 (was 500000)
13:07:25 robot_arb INFO Param updated: allow_long_basis = False (was False)
13:07:25 robot_arb INFO Param updated: use_commission = True (was True)
13:07:25 robot_arb INFO Param updated: commission_stock_pct = 0.035 (was 0.035)
13:07:25 robot_arb INFO Param updated: commission_futures_rt = 0.9 (was 0.9)
13:08:21 robot_arb INFO Account changed → 1225953
13:08:21 robot_arb INFO Param updated: ticker_a = GAZP (was GAZP)
13:08:21 robot_arb INFO Param updated: symbol_a = GAZP@RTSX (was GAZP@RTSX)
13:08:21 robot_arb INFO Param updated: ticker_b = GZU6 (was GZU6)
13:08:21 robot_arb INFO Param updated: symbol_b = GZU6@RTSX (was GZU6@RTSX)
13:08:21 robot_arb INFO Param updated: lots_a = 10 (was 10)
13:08:21 robot_arb INFO Param updated: lots_b = 1 (was 1)
13:08:21 robot_arb INFO Param updated: hedge_ratio = 10 (was 10)
13:08:21 robot_arb INFO Param updated: capital = 20000 (was 20000)
13:08:21 robot_arb INFO Param updated: entry_z = 2.7 (was 2.7)
13:08:21 robot_arb INFO Param updated: entry_z_long = -5.7 (was -5.7)
13:08:21 robot_arb INFO Param updated: entry_mode = zscore (was zscore)
13:08:21 robot_arb INFO Param updated: spread_rub_high = 312 (was 312)
13:08:21 robot_arb INFO Param updated: spread_rub_low = 270 (was 270)
13:08:21 robot_arb INFO Param updated: risk_free_rate = 0.1425 (was 0.1425)
13:08:21 robot_arb INFO Param updated: expiration_date = 2026-09-18 (was 2026-09-18)
13:08:21 robot_arb INFO Param updated: contract_size = 100 (was 100)
13:08:21 robot_arb INFO Param updated: lookback = 200 (was 200)
13:08:21 robot_arb INFO Param updated: leg_a_timeout = 5 (was 5)
13:08:21 robot_arb INFO Param updated: min_fill_ratio = 0.5 (was 0.5)
13:08:21 robot_arb INFO Param updated: min_profit_type = rub (was rub)
13:08:21 robot_arb INFO Param updated: min_profit_value = 7.77 (was 7.77)
13:08:21 robot_arb INFO Param updated: risk_type = stop_loss_rub (was stop_loss_rub)
13:08:21 robot_arb INFO Param updated: risk_value = 500000 (was 500000)
13:08:21 robot_arb INFO Param updated: allow_long_basis = False (was False)
13:08:21 robot_arb INFO Param updated: use_commission = True (was True)
13:08:21 robot_arb INFO Param updated: commission_stock_pct = 0.035 (was 0.035)
13:08:21 robot_arb INFO Param updated: commission_futures_rt = 0.9 (was 0.9)
13:08:23 robot_arb INFO Mode → RUNNING
13:10:00 robot_arb INFO ⚠️ CHECK_ENTRY returned signal: {'action': 'entry', 'side': 'short_basis', 'z': 3.6612691865398017, 'basis': 8979.6, 'price_a': 96.44, 'price_b': 9944.0}
13:10:00 robot_arb WARNING Low liquidity: total_vol=4 — skipping entry
13:11:23 robot_arb INFO Account changed → 1225953
13:11:23 robot_arb INFO Param updated: ticker_a = GAZP (was GAZP)
13:11:23 robot_arb INFO Param updated: symbol_a = GAZP@RTSX (was GAZP@RTSX)
13:11:23 robot_arb INFO Param updated: ticker_b = GZU6 (was GZU6)
13:11:23 robot_arb INFO Param updated: symbol_b = GZU6@RTSX (was GZU6@RTSX)
13:11:23 robot_arb INFO Param updated: lots_a = 10 (was 10)
13:11:23 robot_arb INFO Param updated: lots_b = 1 (was 1)
13:11:23 robot_arb INFO Param updated: hedge_ratio = 10 (was 10)
13:11:23 robot_arb INFO Param updated: capital = 20000 (was 20000)
13:11:23 robot_arb INFO Param updated: entry_z = 2.7 (was 2.7)
13:11:23 robot_arb INFO Param updated: entry_z_long = -5.7 (was -5.7)
13:11:23 robot_arb INFO Param updated: entry_mode = zscore (was zscore)
13:11:23 robot_arb INFO Param updated: spread_rub_high = 312 (was 312)
13:11:23 robot_arb INFO Param updated: spread_rub_low = 270 (was 270)
13:11:23 robot_arb INFO Param updated: risk_free_rate = 0.1425 (was 0.1425)
13:11:23 robot_arb INFO Param updated: expiration_date = 2026-09-18 (was 2026-09-18)
13:11:23 robot_arb INFO Param updated: contract_size = 100 (was 100)
13:11:23 robot_arb INFO Param updated: lookback = 200 (was 200)
13:11:23 robot_arb INFO Param updated: leg_a_timeout = 5 (was 5)
13:11:23 robot_arb INFO Param updated: min_fill_ratio = 0.5 (was 0.5)
13:11:23 robot_arb INFO Param updated: min_profit_type = rub (was rub)
13:11:23 robot_arb INFO Param updated: min_profit_value = 7.77 (was 7.77)
13:11:23 robot_arb INFO Param updated: risk_type = stop_loss_rub (was stop_loss_rub)
13:11:23 robot_arb INFO Param updated: risk_value = 500000 (was 500000)
13:11:23 robot_arb INFO Param updated: allow_long_basis = False (was False)
13:11:23 robot_arb INFO Param updated: use_commission = True (was True)
13:11:23 robot_arb INFO Param updated: commission_stock_pct = 0.035 (was 0.035)
13:11:23 robot_arb INFO Param updated: commission_futures_rt = 0.9 (was 0.9)
13:11:58 robot_arb INFO Signal 15 — shutting down...
13:11:58 robot_arb INFO === Arbitrage Robot v1 ===
13:11:58 robot_arb INFO Pair: GAZP / GZU6
13:11:58 robot_arb INFO Account: 1225953 | Port: 5090 | Paper: False
13:11:58 robot_arb INFO Params: entry_z=2.7 lookback=200 lots_a=10 lots_b=1 hedge_ratio=10
13:11:58 robot_arb INFO Min profit: rub=7.77
13:11:58 robot_arb INFO Risk: stop_loss_rub=500000
13:11:58 robot_arb INFO State loaded: pnl=31013 trades=211 mode=stopped
13:11:59 FinamPy CRITICAL Ошибка доступа к системному хранилищу: No recommended backend was available. Install a recommended 3rd party backend package; or, install the keyrings.alt package if you want to use the non-recommended backends. See https://pypi.org/project/keyring for details.
13:11:59 FinamPy CRITICAL Ошибка сохранения в системное хранилище: No recommended backend was available. Install a recommended 3rd party backend package; or, install the keyrings.alt package if you want to use the non-recommended backends. See https://pypi.org/project/keyring for details.
13:11:59 robot_arb INFO FinamPy connected. Accounts: ['1225950', '1225951', '1225952', '1225953']
13:11:59 robot_arb INFO Subscribed OrderBook: GAZP@RTSX, GZU6@RTSX
13:11:59 robot_arb INFO Subscribed Quotes: GAZP@RTSX, GZU6@RTSX
13:11:59 robot_arb INFO Warmup: waiting 10 sec for data streams...
13:12:06 robot_arb INFO Signal 15 — shutting down...
13:12:07 robot_arb INFO === Arbitrage Robot v1 ===
13:12:07 robot_arb INFO Pair: GAZP / GZU6
13:12:07 robot_arb INFO Account: 1225953 | Port: 5090 | Paper: False
13:12:07 robot_arb INFO Params: entry_z=2.7 lookback=200 lots_a=10 lots_b=1 hedge_ratio=10
13:12:07 robot_arb INFO Min profit: rub=7.77
13:12:07 robot_arb INFO Risk: stop_loss_rub=500000
13:12:07 robot_arb INFO State loaded: pnl=31013 trades=211 mode=stopped
13:12:07 FinamPy CRITICAL Ошибка доступа к системному хранилищу: No recommended backend was available. Install a recommended 3rd party backend package; or, install the keyrings.alt package if you want to use the non-recommended backends. See https://pypi.org/project/keyring for details.
13:12:07 FinamPy CRITICAL Ошибка сохранения в системное хранилище: No recommended backend was available. Install a recommended 3rd party backend package; or, install the keyrings.alt package if you want to use the non-recommended backends. See https://pypi.org/project/keyring for details.
13:12:07 robot_arb INFO FinamPy connected. Accounts: ['1225950', '1225951', '1225952', '1225953']
13:12:07 robot_arb INFO Subscribed OrderBook: GAZP@RTSX, GZU6@RTSX
13:12:07 robot_arb INFO Subscribed Quotes: GAZP@RTSX, GZU6@RTSX
13:12:07 robot_arb INFO Warmup: waiting 10 sec for data streams...
13:12:17 robot_arb INFO Warmup done. OB_A: False OB_B: False
13:12:17 robot_arb INFO MOEX ISS poller started (fallback for stock prices)
13:12:17 robot_arb INFO Main loop started
13:12:17 robot_arb INFO API listening on :5090
13:12:17 robot_arb INFO Endpoints: GET /status /health /params | POST /start /stop /pause /params
13:12:21 robot_arb INFO Mode → RUNNING
13:13:05 robot_arb INFO Account changed → 1225953
13:13:05 robot_arb INFO Param updated: ticker_a = GAZP (was GAZP)
13:13:05 robot_arb INFO Param updated: symbol_a = GAZP@RTSX (was GAZP@RTSX)
13:13:05 robot_arb INFO Param updated: ticker_b = GZU6 (was GZU6)
13:13:05 robot_arb INFO Param updated: symbol_b = GZU6@RTSX (was GZU6@RTSX)
13:13:05 robot_arb INFO Param updated: lots_a = 10 (was 10)
13:13:05 robot_arb INFO Param updated: lots_b = 1 (was 1)
13:13:05 robot_arb INFO Param updated: hedge_ratio = 10 (was 10)
13:13:05 robot_arb INFO Param updated: capital = 20000 (was 20000)
13:13:05 robot_arb INFO Param updated: entry_z = 2.7 (was 2.7)
13:13:05 robot_arb INFO Param updated: entry_z_long = -5.7 (was -5.7)
13:13:05 robot_arb INFO Param updated: entry_mode = zscore (was zscore)
13:13:05 robot_arb INFO Param updated: spread_rub_high = 312 (was 312)
13:13:05 robot_arb INFO Param updated: spread_rub_low = 270 (was 270)
13:13:05 robot_arb INFO Param updated: risk_free_rate = 0.1425 (was 0.1425)
13:13:05 robot_arb INFO Param updated: expiration_date = 2026-09-18 (was 2026-09-18)
13:13:05 robot_arb INFO Param updated: contract_size = 100 (was 100)
13:13:05 robot_arb INFO Param updated: lookback = 200 (was 200)
13:13:05 robot_arb INFO Param updated: leg_a_timeout = 5 (was 5)
13:13:05 robot_arb INFO Param updated: min_fill_ratio = 0.5 (was 0.5)
13:13:05 robot_arb INFO Param updated: min_profit_type = rub (was rub)
13:13:05 robot_arb INFO Param updated: min_profit_value = 7.77 (was 7.77)
13:13:05 robot_arb INFO Param updated: risk_type = stop_loss_rub (was stop_loss_rub)
13:13:05 robot_arb INFO Param updated: risk_value = 500000 (was 500000)
13:13:05 robot_arb INFO Param updated: allow_long_basis = False (was False)
13:13:05 robot_arb INFO Param updated: use_commission = True (was True)
13:13:05 robot_arb INFO Param updated: commission_stock_pct = 0.035 (was 0.035)
13:13:05 robot_arb INFO Param updated: commission_futures_rt = 0.9 (was 0.9)
13:18:38 robot_arb INFO ⚠️ CHECK_ENTRY returned signal: {'action': 'entry', 'side': 'short_basis', 'z': 2.790445148766192, 'basis': 8937.9, 'price_a': 95.91, 'price_b': 9897.0}
13:18:38 robot_arb WARNING Low liquidity: total_vol=4 — skipping entry
13:24:45 robot_arb INFO ⚠️ CHECK_ENTRY returned signal: {'action': 'entry', 'side': 'short_basis', 'z': 2.82500678317681, 'basis': 8940.2, 'price_a': 95.98, 'price_b': 9900.0}
13:24:45 robot_arb WARNING Low liquidity: total_vol=4 — skipping entry
13:33:31 robot_arb INFO ⚠️ CHECK_ENTRY returned signal: {'action': 'entry', 'side': 'short_basis', 'z': 2.728450978734457, 'basis': 8919.4, 'price_a': 95.76, 'price_b': 9877.0}
13:33:31 robot_arb WARNING Low liquidity: total_vol=4 — skipping entry
13:40:24 robot_arb INFO Account changed → 1225953-EDP
13:40:25 robot_arb INFO Param updated: ticker_a = GAZP (was GAZP)
13:40:25 robot_arb INFO Param updated: symbol_a = GAZP@RTSX (was GAZP@RTSX)
13:40:25 robot_arb INFO Param updated: ticker_b = GZU6 (was GZU6)
13:40:25 robot_arb INFO Param updated: symbol_b = GZU6@RTSX (was GZU6@RTSX)
13:40:25 robot_arb INFO Param updated: lots_a = 10 (was 10)
13:40:25 robot_arb INFO Param updated: lots_b = 1 (was 1)
13:40:25 robot_arb INFO Param updated: hedge_ratio = 10 (was 10)
13:40:25 robot_arb INFO Param updated: capital = 20000 (was 20000)
13:40:25 robot_arb INFO Param updated: entry_z = 2.7 (was 2.7)
13:40:25 robot_arb INFO Param updated: entry_z_long = -5.7 (was -5.7)
13:40:25 robot_arb INFO Param updated: entry_mode = zscore (was zscore)
13:40:25 robot_arb INFO Param updated: spread_rub_high = 312 (was 312)
13:40:25 robot_arb INFO Param updated: spread_rub_low = 270 (was 270)
13:40:25 robot_arb INFO Param updated: risk_free_rate = 0.1425 (was 0.1425)
13:40:25 robot_arb INFO Param updated: expiration_date = 2026-09-18 (was 2026-09-18)
13:40:25 robot_arb INFO Param updated: contract_size = 100 (was 100)
13:40:25 robot_arb INFO Param updated: lookback = 200 (was 200)
13:40:25 robot_arb INFO Param updated: leg_a_timeout = 5 (was 5)
13:40:25 robot_arb INFO Param updated: min_fill_ratio = 0.5 (was 0.5)
13:40:25 robot_arb INFO Param updated: min_profit_type = rub (was rub)
13:40:25 robot_arb INFO Param updated: min_profit_value = 7.77 (was 7.77)
13:40:25 robot_arb INFO Param updated: risk_type = stop_loss_rub (was stop_loss_rub)
13:40:25 robot_arb INFO Param updated: risk_value = 500000 (was 500000)
13:40:25 robot_arb INFO Param updated: allow_long_basis = True (was False)
13:40:25 robot_arb INFO Param updated: use_commission = True (was True)
13:40:25 robot_arb INFO Param updated: commission_stock_pct = 0.035 (was 0.035)
13:40:25 robot_arb INFO Param updated: commission_futures_rt = 0.9 (was 0.9)
13:41:57 robot_arb INFO ⚠️ CHECK_ENTRY returned signal: {'action': 'entry', 'side': 'long_basis', 'z': -5.881176487079754, 'basis': 8872.6, 'price_a': 95.74, 'price_b': 9830.0}
13:41:57 robot_arb WARNING Low liquidity: total_vol=4 — skipping entry
13:42:13 robot_arb INFO ⚠️ CHECK_ENTRY returned signal: {'action': 'entry', 'side': 'short_basis', 'z': 4.5740877215868965, 'basis': 8906.8, 'price_a': 95.52, 'price_b': 9862.0}
13:42:13 robot_arb WARNING Low liquidity: total_vol=4 — skipping entry
13:49:41 robot_arb INFO ⚠️ CHECK_ENTRY returned signal: {'action': 'entry', 'side': 'short_basis', 'z': 2.7774298082383773, 'basis': 8898.4, 'price_a': 95.46, 'price_b': 9853.0}
13:49:41 robot_arb WARNING Low liquidity: total_vol=4 — skipping entry
13:50:25 robot_arb INFO ⚠️ CHECK_ENTRY returned signal: {'action': 'entry', 'side': 'short_basis', 'z': 3.0428695959864953, 'basis': 8898.6, 'price_a': 95.44, 'price_b': 9853.0}
13:50:25 robot_arb WARNING Low liquidity: total_vol=4 — skipping entry
13:59:55 robot_arb INFO ⚠️ CHECK_ENTRY returned signal: {'action': 'entry', 'side': 'short_basis', 'z': 2.758682220568468, 'basis': 8871.2, 'price_a': 95.18, 'price_b': 9823.0}
13:59:55 robot_arb WARNING Low liquidity: total_vol=4 — skipping entry
14:01:05 robot_arb INFO ⚠️ CHECK_ENTRY returned signal: {'action': 'entry', 'side': 'short_basis', 'z': 3.4787301237767565, 'basis': 8892.8, 'price_a': 95.22, 'price_b': 9845.0}
14:01:05 robot_arb WARNING Low liquidity: total_vol=4 — skipping entry
14:01:15 robot_arb INFO ⚠️ CHECK_ENTRY returned signal: {'action': 'entry', 'side': 'short_basis', 'z': 2.946036987546708, 'basis': 8889.9, 'price_a': 95.21, 'price_b': 9842.0}
14:01:15 robot_arb WARNING Low liquidity: total_vol=4 — skipping entry
14:01:37 robot_arb INFO Account changed → 1225953-EDP
14:01:37 robot_arb INFO Param updated: ticker_a = GAZP (was GAZP)
14:01:37 robot_arb INFO Param updated: symbol_a = GAZP@RTSX (was GAZP@RTSX)
14:01:37 robot_arb INFO Param updated: ticker_b = GZU6 (was GZU6)
14:01:37 robot_arb INFO Param updated: symbol_b = GZU6@RTSX (was GZU6@RTSX)
14:01:37 robot_arb INFO Param updated: lots_a = 10 (was 10)
14:01:37 robot_arb INFO Param updated: lots_b = 1 (was 1)
14:01:37 robot_arb INFO Param updated: hedge_ratio = 10 (was 10)
14:01:37 robot_arb INFO Param updated: capital = 20000 (was 20000)
14:01:37 robot_arb INFO Param updated: entry_z = 2.7 (was 2.7)
14:01:37 robot_arb INFO Param updated: entry_z_long = -5.7 (was -5.7)
14:01:37 robot_arb INFO Param updated: entry_mode = zscore (was zscore)
14:01:37 robot_arb INFO Param updated: spread_rub_high = 312 (was 312)
14:01:37 robot_arb INFO Param updated: spread_rub_low = 270 (was 270)
14:01:37 robot_arb INFO Param updated: risk_free_rate = 0.1425 (was 0.1425)
14:01:37 robot_arb INFO Param updated: expiration_date = 2026-09-18 (was 2026-09-18)
14:01:37 robot_arb INFO Param updated: contract_size = 100 (was 100)
14:01:37 robot_arb INFO Param updated: lookback = 200 (was 200)
14:01:37 robot_arb INFO Param updated: leg_a_timeout = 5 (was 5)
14:01:37 robot_arb INFO Param updated: min_fill_ratio = 0.5 (was 0.5)
14:01:37 robot_arb INFO Param updated: min_profit_type = rub (was rub)
14:01:37 robot_arb INFO Param updated: min_profit_value = 7.77 (was 7.77)
14:01:37 robot_arb INFO Param updated: risk_type = stop_loss_rub (was stop_loss_rub)
14:01:37 robot_arb INFO Param updated: risk_value = 500000 (was 500000)
14:01:37 robot_arb INFO Param updated: allow_long_basis = True (was True)
14:01:37 robot_arb INFO Param updated: use_commission = True (was True)
14:01:37 robot_arb INFO Param updated: commission_stock_pct = 0.035 (was 0.035)
14:01:37 robot_arb INFO Param updated: commission_futures_rt = 0.9 (was 0.9)
14:03:46 robot_arb INFO Account changed → 1225953-EDP
14:03:46 robot_arb INFO Param updated: ticker_a = GAZP (was GAZP)
14:03:46 robot_arb INFO Param updated: symbol_a = GAZP@RTSX (was GAZP@RTSX)
14:03:46 robot_arb INFO Param updated: ticker_b = GZU6 (was GZU6)
14:03:46 robot_arb INFO Param updated: symbol_b = GZU6@RTSX (was GZU6@RTSX)
14:03:46 robot_arb INFO Param updated: lots_a = 10 (was 10)
14:03:46 robot_arb INFO Param updated: lots_b = 1 (was 1)
14:03:46 robot_arb INFO Param updated: hedge_ratio = 10 (was 10)
14:03:46 robot_arb INFO Param updated: capital = 20000 (was 20000)
14:03:46 robot_arb INFO Param updated: entry_z = 2.7 (was 2.7)
14:03:46 robot_arb INFO Param updated: entry_z_long = -5.7 (was -5.7)
14:03:46 robot_arb INFO Param updated: entry_mode = zscore (was zscore)
14:03:46 robot_arb INFO Param updated: spread_rub_high = 312 (was 312)
14:03:46 robot_arb INFO Param updated: spread_rub_low = 270 (was 270)
14:03:46 robot_arb INFO Param updated: risk_free_rate = 0.1425 (was 0.1425)
14:03:46 robot_arb INFO Param updated: expiration_date = 2026-09-18 (was 2026-09-18)
14:03:46 robot_arb INFO Param updated: contract_size = 100 (was 100)
14:03:46 robot_arb INFO Param updated: lookback = 200 (was 200)
14:03:46 robot_arb INFO Param updated: leg_a_timeout = 5 (was 5)
14:03:46 robot_arb INFO Param updated: min_fill_ratio = 0.5 (was 0.5)
14:03:46 robot_arb INFO Param updated: min_profit_type = rub (was rub)
14:03:46 robot_arb INFO Param updated: min_profit_value = 7.77 (was 7.77)
14:03:46 robot_arb INFO Param updated: risk_type = stop_loss_rub (was stop_loss_rub)
14:03:46 robot_arb INFO Param updated: risk_value = 500000 (was 500000)
14:03:46 robot_arb INFO Param updated: allow_long_basis = True (was True)
14:03:46 robot_arb INFO Param updated: use_commission = True (was True)
14:03:46 robot_arb INFO Param updated: commission_stock_pct = 0.035 (was 0.035)
14:03:46 robot_arb INFO Param updated: commission_futures_rt = 0.9 (was 0.9)
14:03:48 robot_arb INFO Signal 15 — shutting down...
14:03:49 robot_arb INFO === Arbitrage Robot v1 ===
14:03:49 robot_arb INFO Pair: GAZP / GZU6
14:03:49 robot_arb INFO Account: 1225953 | Port: 5090 | Paper: False
14:03:49 robot_arb INFO Params: entry_z=2.7 lookback=200 lots_a=10 lots_b=1 hedge_ratio=10
14:03:49 robot_arb INFO Min profit: rub=7.77
14:03:49 robot_arb INFO Risk: stop_loss_rub=500000
14:03:49 robot_arb INFO State loaded: pnl=31013 trades=211 mode=stopped
14:03:49 FinamPy CRITICAL Ошибка доступа к системному хранилищу: No recommended backend was available. Install a recommended 3rd party backend package; or, install the keyrings.alt package if you want to use the non-recommended backends. See https://pypi.org/project/keyring for details.
14:03:49 FinamPy CRITICAL Ошибка сохранения в системное хранилище: No recommended backend was available. Install a recommended 3rd party backend package; or, install the keyrings.alt package if you want to use the non-recommended backends. See https://pypi.org/project/keyring for details.
14:03:49 robot_arb INFO FinamPy connected. Accounts: ['1225950', '1225951', '1225952', '1225953']
14:03:49 robot_arb INFO Subscribed OrderBook: GAZP@RTSX, GZU6@RTSX
14:03:49 robot_arb INFO Subscribed Quotes: GAZP@RTSX, GZU6@RTSX
14:03:49 robot_arb INFO Warmup: waiting 10 sec for data streams...
14:03:52 robot_arb INFO Signal 15 — shutting down...
14:03:52 robot_arb INFO === Arbitrage Robot v1 ===
14:03:52 robot_arb INFO Pair: GAZP / GZU6
14:03:52 robot_arb INFO Account: 1225953 | Port: 5090 | Paper: False
14:03:52 robot_arb INFO Params: entry_z=2.7 lookback=200 lots_a=10 lots_b=1 hedge_ratio=10
14:03:52 robot_arb INFO Min profit: rub=7.77
14:03:52 robot_arb INFO Risk: stop_loss_rub=500000
14:03:52 robot_arb INFO State loaded: pnl=31013 trades=211 mode=stopped
14:03:52 FinamPy CRITICAL Ошибка доступа к системному хранилищу: No recommended backend was available. Install a recommended 3rd party backend package; or, install the keyrings.alt package if you want to use the non-recommended backends. See https://pypi.org/project/keyring for details.
14:03:52 FinamPy CRITICAL Ошибка сохранения в системное хранилище: No recommended backend was available. Install a recommended 3rd party backend package; or, install the keyrings.alt package if you want to use the non-recommended backends. See https://pypi.org/project/keyring for details.
14:03:53 robot_arb INFO FinamPy connected. Accounts: ['1225950', '1225951', '1225952', '1225953']
14:03:53 robot_arb INFO Subscribed OrderBook: GAZP@RTSX, GZU6@RTSX
14:03:53 robot_arb INFO Subscribed Quotes: GAZP@RTSX, GZU6@RTSX
14:03:53 robot_arb INFO Warmup: waiting 10 sec for data streams...
14:04:03 robot_arb INFO Warmup done. OB_A: False OB_B: False
14:04:03 robot_arb INFO MOEX ISS poller started (fallback for stock prices)
14:04:03 robot_arb INFO Main loop started
14:04:06 robot_arb INFO API listening on :5090
14:04:06 robot_arb INFO Endpoints: GET /status /health /params | POST /start /stop /pause /params
14:04:08 robot_arb INFO Mode → RUNNING
14:05:26 robot_arb INFO Mode → RUNNING
14:07:47 robot_arb INFO Account changed → 1225953
14:07:47 robot_arb INFO Param updated: ticker_a = GAZP (was GAZP)
14:07:47 robot_arb INFO Param updated: symbol_a = GAZP@RTSX (was GAZP@RTSX)
14:07:47 robot_arb INFO Param updated: ticker_b = GZU6 (was GZU6)
14:07:47 robot_arb INFO Param updated: symbol_b = GZU6@RTSX (was GZU6@RTSX)
14:07:47 robot_arb INFO Param updated: lots_a = 10 (was 10)
14:07:47 robot_arb INFO Param updated: lots_b = 1 (was 1)
14:07:47 robot_arb INFO Param updated: hedge_ratio = 10 (was 10)
14:07:47 robot_arb INFO Param updated: capital = 20000 (was 20000)
14:07:47 robot_arb INFO Param updated: entry_z = 2.7 (was 2.7)
14:07:47 robot_arb INFO Param updated: entry_z_long = -5.7 (was -5.7)
14:07:47 robot_arb INFO Param updated: entry_mode = zscore (was zscore)
14:07:47 robot_arb INFO Param updated: spread_rub_high = 312 (was 312)
14:07:47 robot_arb INFO Param updated: spread_rub_low = 270 (was 270)
14:07:47 robot_arb INFO Param updated: risk_free_rate = 0.1425 (was 0.1425)
14:07:47 robot_arb INFO Param updated: expiration_date = 2026-09-18 (was 2026-09-18)
14:07:47 robot_arb INFO Param updated: contract_size = 100 (was 100)
14:07:47 robot_arb INFO Param updated: lookback = 200 (was 200)
14:07:47 robot_arb INFO Param updated: leg_a_timeout = 5 (was 5)
14:07:47 robot_arb INFO Param updated: min_fill_ratio = 0.5 (was 0.5)
14:07:47 robot_arb INFO Param updated: min_profit_type = rub (was rub)
14:07:47 robot_arb INFO Param updated: min_profit_value = 7.77 (was 7.77)
14:07:47 robot_arb INFO Param updated: risk_type = stop_loss_rub (was stop_loss_rub)
14:07:47 robot_arb INFO Param updated: risk_value = 500000 (was 500000)
14:07:47 robot_arb INFO Param updated: allow_long_basis = True (was True)
14:07:47 robot_arb INFO Param updated: use_commission = True (was True)
14:07:47 robot_arb INFO Param updated: commission_stock_pct = 0.035 (was 0.035)
14:07:47 robot_arb INFO Param updated: commission_futures_rt = 0.9 (was 0.9)
14:08:37 robot_arb INFO Signal 15 — shutting down...
14:08:37 robot_arb INFO === Arbitrage Robot v1 ===
14:08:37 robot_arb INFO Pair: GAZP / GZU6
14:08:37 robot_arb INFO Account: 1225953 | Port: 5090 | Paper: False
14:08:37 robot_arb INFO Params: entry_z=2.7 lookback=200 lots_a=10 lots_b=1 hedge_ratio=10
14:08:37 robot_arb INFO Min profit: rub=7.77
14:08:37 robot_arb INFO Risk: stop_loss_rub=500000
14:08:37 robot_arb INFO State loaded: pnl=31013 trades=211 mode=stopped
14:08:37 FinamPy CRITICAL Ошибка доступа к системному хранилищу: No recommended backend was available. Install a recommended 3rd party backend package; or, install the keyrings.alt package if you want to use the non-recommended backends. See https://pypi.org/project/keyring for details.
14:08:37 FinamPy CRITICAL Ошибка сохранения в системное хранилище: No recommended backend was available. Install a recommended 3rd party backend package; or, install the keyrings.alt package if you want to use the non-recommended backends. See https://pypi.org/project/keyring for details.
14:08:37 robot_arb INFO FinamPy connected. Accounts: ['1225950', '1225951', '1225952', '1225953']
14:08:37 robot_arb INFO Subscribed OrderBook: GAZP@RTSX, GZU6@RTSX
14:08:37 robot_arb INFO Subscribed Quotes: GAZP@RTSX, GZU6@RTSX
14:08:37 robot_arb INFO Warmup: waiting 10 sec for data streams...
14:08:39 robot_arb INFO Signal 15 — shutting down...
14:08:39 robot_arb INFO === Arbitrage Robot v1 ===
14:08:39 robot_arb INFO Pair: GAZP / GZU6
14:08:39 robot_arb INFO Account: 1225953 | Port: 5090 | Paper: False
14:08:39 robot_arb INFO Params: entry_z=2.7 lookback=200 lots_a=10 lots_b=1 hedge_ratio=10
14:08:39 robot_arb INFO Min profit: rub=7.77
14:08:39 robot_arb INFO Risk: stop_loss_rub=500000
14:08:39 robot_arb INFO State loaded: pnl=31013 trades=211 mode=stopped
14:08:39 FinamPy CRITICAL Ошибка доступа к системному хранилищу: No recommended backend was available. Install a recommended 3rd party backend package; or, install the keyrings.alt package if you want to use the non-recommended backends. See https://pypi.org/project/keyring for details.
14:08:39 FinamPy CRITICAL Ошибка сохранения в системное хранилище: No recommended backend was available. Install a recommended 3rd party backend package; or, install the keyrings.alt package if you want to use the non-recommended backends. See https://pypi.org/project/keyring for details.
14:08:40 robot_arb INFO FinamPy connected. Accounts: ['1225950', '1225951', '1225952', '1225953']
14:08:40 robot_arb INFO Subscribed OrderBook: GAZP@RTSX, GZU6@RTSX
14:08:40 robot_arb INFO Subscribed Quotes: GAZP@RTSX, GZU6@RTSX
14:08:40 robot_arb INFO Warmup: waiting 10 sec for data streams...
14:08:50 robot_arb INFO Warmup done. OB_A: False OB_B: False
14:08:50 robot_arb INFO MOEX ISS poller started (fallback for stock prices)
14:08:50 robot_arb INFO Main loop started
14:08:51 robot_arb INFO API listening on :5090
14:08:51 robot_arb INFO Endpoints: GET /status /health /params | POST /start /stop /pause /params
14:08:52 robot_arb INFO Mode → RUNNING
14:08:54 robot_arb INFO Mode → RUNNING
14:09:47 robot_arb INFO Account changed → 1225953
14:09:47 robot_arb INFO Param updated: ticker_a = GAZP (was GAZP)
14:09:47 robot_arb INFO Param updated: symbol_a = GAZP@RTSX (was GAZP@RTSX)
14:09:47 robot_arb INFO Param updated: ticker_b = GZU6 (was GZU6)
14:09:47 robot_arb INFO Param updated: symbol_b = GZU6@RTSX (was GZU6@RTSX)
14:09:47 robot_arb INFO Param updated: lots_a = 10 (was 10)
14:09:47 robot_arb INFO Param updated: lots_b = 1 (was 1)
14:09:47 robot_arb INFO Param updated: hedge_ratio = 10 (was 10)
14:09:47 robot_arb INFO Param updated: capital = 20000 (was 20000)
14:09:47 robot_arb INFO Param updated: entry_z = 2 (was 2.7)
14:09:47 robot_arb INFO Param updated: entry_z_long = -5.7 (was -5.7)
14:09:47 robot_arb INFO Param updated: entry_mode = zscore (was zscore)
14:09:47 robot_arb INFO Param updated: spread_rub_high = 312 (was 312)
14:09:47 robot_arb INFO Param updated: spread_rub_low = 270 (was 270)
14:09:47 robot_arb INFO Param updated: risk_free_rate = 0.1425 (was 0.1425)
14:09:47 robot_arb INFO Param updated: expiration_date = 2026-09-18 (was 2026-09-18)
14:09:47 robot_arb INFO Param updated: contract_size = 100 (was 100)
14:09:47 robot_arb INFO Param updated: lookback = 200 (was 200)
14:09:47 robot_arb INFO Param updated: leg_a_timeout = 5 (was 5)
14:09:47 robot_arb INFO Param updated: min_fill_ratio = 0.5 (was 0.5)
14:09:47 robot_arb INFO Param updated: min_profit_type = rub (was rub)
14:09:47 robot_arb INFO Param updated: min_profit_value = 7.77 (was 7.77)
14:09:47 robot_arb INFO Param updated: risk_type = stop_loss_rub (was stop_loss_rub)
14:09:47 robot_arb INFO Param updated: risk_value = 500000 (was 500000)
14:09:47 robot_arb INFO Param updated: allow_long_basis = True (was True)
14:09:47 robot_arb INFO Param updated: use_commission = True (was True)
14:09:47 robot_arb INFO Param updated: commission_stock_pct = 0.035 (was 0.035)
14:09:47 robot_arb INFO Param updated: commission_futures_rt = 0.9 (was 0.9)
14:12:58 robot_arb INFO ⚠️ CHECK_ENTRY returned signal: {'action': 'entry', 'side': 'short_basis', 'z': 3.6788790700890033, 'basis': 8871.4, 'price_a': 95.26, 'price_b': 9824.0}
14:12:58 robot_arb INFO ENTRY SIGNAL short_basis | Z=3.68 basis=8871.40 | A=95.26 B=9824.00 | limit buy 10 @ 95.26 | market sell 1 @ 9819.09
14:12:58 orders_arb ERROR Limit order error (GAZP@RTSX buy 10@95.26): no response
14:12:58 robot_arb WARNING Entry failed: leg_a_place_failed
14:13:14 robot_arb INFO ⚠️ CHECK_ENTRY returned signal: {'action': 'entry', 'side': 'short_basis', 'z': 2.0068356405997734, 'basis': 8870.7, 'price_a': 95.33, 'price_b': 9824.0}
14:13:14 robot_arb INFO ENTRY SIGNAL short_basis | Z=2.01 basis=8870.70 | A=95.33 B=9824.00 | limit buy 10 @ 95.34 | market sell 1 @ 9819.09
14:13:14 orders_arb ERROR Limit order error (GAZP@RTSX buy 10@95.34): no response
14:13:14 robot_arb WARNING Entry failed: leg_a_place_failed
14:13:26 robot_arb INFO ⚠️ CHECK_ENTRY returned signal: {'action': 'entry', 'side': 'short_basis', 'z': 2.1623961742382254, 'basis': 8875.5, 'price_a': 95.35, 'price_b': 9829.0}
14:13:26 robot_arb INFO ENTRY SIGNAL short_basis | Z=2.16 basis=8875.50 | A=95.35 B=9829.00 | limit buy 10 @ 95.35 | market sell 1 @ 9824.09
14:13:26 orders_arb ERROR Limit order error (GAZP@RTSX buy 10@95.35): no response
14:13:26 robot_arb WARNING Entry failed: leg_a_place_failed
14:19:04 robot_arb INFO Signal 15 — shutting down...
14:19:04 robot_arb INFO === Arbitrage Robot v1 ===
14:19:04 robot_arb INFO Pair: GAZP / GZU6
14:19:04 robot_arb INFO Account: 1225953 | Port: 5090 | Paper: False
14:19:04 robot_arb INFO Params: entry_z=2 lookback=200 lots_a=10 lots_b=1 hedge_ratio=10
14:19:04 robot_arb INFO Min profit: rub=7.77
14:19:04 robot_arb INFO Risk: stop_loss_rub=500000
14:19:04 robot_arb INFO State loaded: pnl=31013 trades=211 mode=stopped
14:19:04 FinamPy CRITICAL Ошибка доступа к системному хранилищу: No recommended backend was available. Install a recommended 3rd party backend package; or, install the keyrings.alt package if you want to use the non-recommended backends. See https://pypi.org/project/keyring for details.
14:19:04 FinamPy CRITICAL Ошибка сохранения в системное хранилище: No recommended backend was available. Install a recommended 3rd party backend package; or, install the keyrings.alt package if you want to use the non-recommended backends. See https://pypi.org/project/keyring for details.
14:19:06 robot_arb INFO FinamPy connected. Accounts: ['1225950', '1225951', '1225952', '1225953']
14:19:06 robot_arb INFO Orders manager linked to FinamPy gRPC
14:19:06 robot_arb INFO Subscribed OrderBook: GAZP@RTSX, GZU6@RTSX
14:19:06 robot_arb INFO Subscribed Quotes: GAZP@RTSX, GZU6@RTSX
14:19:06 robot_arb INFO Warmup: waiting 10 sec for data streams...
14:19:16 robot_arb INFO Warmup done. OB_A: False OB_B: False
14:19:16 robot_arb INFO MOEX ISS poller started (fallback for stock prices)
14:19:16 robot_arb INFO Main loop started
14:19:16 robot_arb INFO API listening on :5090
14:19:16 robot_arb INFO Endpoints: GET /status /health /params | POST /start /stop /pause /params
14:19:31 robot_arb INFO Mode → RUNNING
14:23:54 robot_arb INFO ⚠️ CHECK_ENTRY returned signal: {'action': 'entry', 'side': 'short_basis', 'z': 3.455320577877299, 'basis': 8909.4, 'price_a': 95.76, 'price_b': 9867.0}
14:23:54 robot_arb INFO ENTRY SIGNAL short_basis | Z=3.46 basis=8909.40 | A=95.76 B=9867.00 | limit buy 10 @ 95.80 | market sell 1 @ 9862.07
14:23:55 orders_arb ERROR gRPC order error (GAZP@RTSX buy 10@95.8): <_InactiveRpcError of RPC that terminated with:
	status = StatusCode.NOT_FOUND
	details = "Security 
14:23:55 orders_arb WARNING gRPC limit failed, falling back to DP server
14:23:55 orders_arb ERROR Limit order error (GAZP@RTSX buy 10@95.8): no response
14:23:55 robot_arb WARNING Entry failed: leg_a_place_failed
14:24:05 robot_arb INFO ⚠️ CHECK_ENTRY returned signal: {'action': 'entry', 'side': 'short_basis', 'z': 3.6237388787025595, 'basis': 8930.3, 'price_a': 95.97, 'price_b': 9890.0}
14:24:05 robot_arb INFO ENTRY SIGNAL short_basis | Z=3.62 basis=8930.30 | A=95.97 B=9890.00 | limit buy 10 @ 95.97 | market sell 1 @ 9885.06
14:24:05 orders_arb ERROR gRPC order error (GAZP@RTSX buy 10@95.97): <_InactiveRpcError of RPC that terminated with:
	status = StatusCode.NOT_FOUND
	details = "Security 
14:24:05 orders_arb WARNING gRPC limit failed, falling back to DP server
14:24:05 orders_arb ERROR Limit order error (GAZP@RTSX buy 10@95.97): no response
14:24:05 robot_arb WARNING Entry failed: leg_a_place_failed
14:24:54 robot_arb INFO ⚠️ CHECK_ENTRY returned signal: {'action': 'entry', 'side': 'short_basis', 'z': 2.5055752271059606, 'basis': 8941.6, 'price_a': 96.14, 'price_b': 9903.0}
14:24:54 robot_arb INFO ENTRY SIGNAL short_basis | Z=2.51 basis=8941.60 | A=96.14 B=9903.00 | limit buy 10 @ 96.15 | market sell 1 @ 9898.05
14:24:54 orders_arb ERROR gRPC order error (GAZP@RTSX buy 10@96.15): <_InactiveRpcError of RPC that terminated with:
	status = StatusCode.NOT_FOUND
	details = "Security 
14:24:54 orders_arb WARNING gRPC limit failed, falling back to DP server
14:24:54 orders_arb ERROR Limit order error (GAZP@RTSX buy 10@96.15): no response
14:24:54 robot_arb WARNING Entry failed: leg_a_place_failed
14:29:25 robot_arb INFO Signal 15 — shutting down...
14:29:26 robot_arb INFO === Arbitrage Robot v1 ===
14:29:26 robot_arb INFO Pair: GAZP / GZU6
14:29:26 robot_arb INFO Account: 1225953 | Port: 5090 | Paper: False
14:29:26 robot_arb INFO Params: entry_z=2 lookback=200 lots_a=10 lots_b=1 hedge_ratio=10
14:29:26 robot_arb INFO Min profit: rub=7.77
14:29:26 robot_arb INFO Risk: stop_loss_rub=500000
14:29:26 robot_arb INFO State loaded: pnl=31013 trades=211 mode=stopped
14:29:26 FinamPy CRITICAL Ошибка доступа к системному хранилищу: No recommended backend was available. Install a recommended 3rd party backend package; or, install the keyrings.alt package if you want to use the non-recommended backends. See https://pypi.org/project/keyring for details.
14:29:26 FinamPy CRITICAL Ошибка сохранения в системное хранилище: No recommended backend was available. Install a recommended 3rd party backend package; or, install the keyrings.alt package if you want to use the non-recommended backends. See https://pypi.org/project/keyring for details.
14:29:26 robot_arb INFO FinamPy connected. Accounts: ['1225950', '1225951', '1225952', '1225953']
14:29:26 robot_arb INFO Orders manager linked to FinamPy gRPC
14:29:26 robot_arb INFO Subscribed OrderBook: GAZP@RTSX, GZU6@RTSX
14:29:26 robot_arb INFO Subscribed Quotes: GAZP@RTSX, GZU6@RTSX
14:29:26 robot_arb INFO Warmup: waiting 10 sec for data streams...
14:29:36 robot_arb INFO Warmup done. OB_A: False OB_B: False
14:29:36 robot_arb INFO MOEX ISS poller started (fallback for stock prices)
14:29:36 robot_arb INFO Main loop started
14:29:36 robot_arb INFO API listening on :5090
14:29:36 robot_arb INFO Endpoints: GET /status /health /params | POST /start /stop /pause /params
14:29:40 robot_arb INFO Mode → RUNNING
14:34:31 robot_arb INFO ⚠️ CHECK_ENTRY returned signal: {'action': 'entry', 'side': 'short_basis', 'z': 2.949018564261147, 'basis': 8898.7, 'price_a': 95.63, 'price_b': 9855.0}
14:34:31 robot_arb INFO ENTRY SIGNAL short_basis | Z=2.95 basis=8898.70 | A=95.63 B=9855.00 | limit buy 10 @ 95.64 | market sell 1 @ 9850.07
14:34:31 orders_arb ERROR gRPC order error (GAZP@RTSX buy 10@95.64): _InactiveRpcError: code=StatusCode.NOT_FOUND details=Security id doesn't exist for mic: RTSX and ticker: GAZP
14:34:31 orders_arb WARNING gRPC limit failed, falling back to DP server
14:34:31 orders_arb ERROR Limit order error (GAZP@RTSX buy 10@95.64): no response
14:34:31 robot_arb WARNING Entry failed: leg_a_place_failed
14:35:10 robot_arb INFO ⚠️ CHECK_ENTRY returned signal: {'action': 'entry', 'side': 'short_basis', 'z': 3.3806032615126074, 'basis': 8908.8, 'price_a': 95.72, 'price_b': 9866.0}
14:35:10 robot_arb INFO ENTRY SIGNAL short_basis | Z=3.38 basis=8908.80 | A=95.72 B=9866.00 | limit buy 10 @ 95.73 | market sell 1 @ 9861.07
14:35:10 orders_arb ERROR gRPC order error (GAZP@RTSX buy 10@95.73): _InactiveRpcError: code=StatusCode.NOT_FOUND details=Security id doesn't exist for mic: RTSX and ticker: GAZP
14:35:10 orders_arb WARNING gRPC limit failed, falling back to DP server
14:35:10 orders_arb ERROR Limit order error (GAZP@RTSX buy 10@95.73): no response
14:35:10 robot_arb WARNING Entry failed: leg_a_place_failed
14:35:25 robot_arb INFO ⚠️ CHECK_ENTRY returned signal: {'action': 'entry', 'side': 'short_basis', 'z': 2.951988410951794, 'basis': 8906.0, 'price_a': 95.7, 'price_b': 9863.0}
14:35:25 robot_arb INFO ENTRY SIGNAL short_basis | Z=2.95 basis=8906.00 | A=95.70 B=9863.00 | limit buy 10 @ 95.72 | market sell 1 @ 9858.07
14:35:25 orders_arb ERROR gRPC order error (GAZP@RTSX buy 10@95.72): _InactiveRpcError: code=StatusCode.NOT_FOUND details=Security id doesn't exist for mic: RTSX and ticker: GAZP
14:35:25 orders_arb WARNING gRPC limit failed, falling back to DP server
14:35:25 orders_arb ERROR Limit order error (GAZP@RTSX buy 10@95.72): no response
14:35:25 robot_arb WARNING Entry failed: leg_a_place_failed
14:37:31 robot_arb INFO Signal 15 — shutting down...
14:37:32 robot_arb INFO === Arbitrage Robot v1 ===
14:37:32 robot_arb INFO Pair: GAZP / GZU6
14:37:32 robot_arb INFO Account: 1225953 | Port: 5090 | Paper: False
14:37:32 robot_arb INFO Params: entry_z=2 lookback=200 lots_a=10 lots_b=1 hedge_ratio=10
14:37:32 robot_arb INFO Min profit: rub=7.77
14:37:32 robot_arb INFO Risk: stop_loss_rub=500000
14:37:32 robot_arb INFO State loaded: pnl=31013 trades=211 mode=stopped
14:37:32 FinamPy CRITICAL Ошибка доступа к системному хранилищу: No recommended backend was available. Install a recommended 3rd party backend package; or, install the keyrings.alt package if you want to use the non-recommended backends. See https://pypi.org/project/keyring for details.
14:37:32 FinamPy CRITICAL Ошибка сохранения в системное хранилище: No recommended backend was available. Install a recommended 3rd party backend package; or, install the keyrings.alt package if you want to use the non-recommended backends. See https://pypi.org/project/keyring for details.
14:37:33 robot_arb INFO FinamPy connected. Accounts: ['1225950', '1225951', '1225952', '1225953']
14:37:33 robot_arb INFO Orders manager linked to FinamPy gRPC
14:37:33 robot_arb INFO Subscribed OrderBook: GAZP@RTSX, GZU6@RTSX
14:37:33 robot_arb INFO Subscribed Quotes: GAZP@RTSX, GZU6@RTSX
14:37:33 robot_arb INFO Warmup: waiting 10 sec for data streams...
14:37:43 robot_arb INFO Warmup done. OB_A: False OB_B: False
14:37:43 robot_arb INFO MOEX ISS poller started (fallback for stock prices)
14:37:43 robot_arb INFO Main loop started
14:37:43 robot_arb INFO API listening on :5090
14:37:43 robot_arb INFO Endpoints: GET /status /health /params | POST /start /stop /pause /params
14:37:46 robot_arb INFO Mode → RUNNING
14:39:27 robot_arb INFO Account changed → 1225953-EDP
14:39:27 robot_arb INFO Param updated: ticker_a = GAZP (was GAZP)
14:39:27 robot_arb INFO Param updated: symbol_a = GAZP@RTSX (was GAZP@RTSX)
14:39:27 robot_arb INFO Param updated: ticker_b = GZU6 (was GZU6)
14:39:27 robot_arb INFO Param updated: symbol_b = GZU6@RTSX (was GZU6@RTSX)
14:39:27 robot_arb INFO Param updated: lots_a = 10 (was 10)
14:39:27 robot_arb INFO Param updated: lots_b = 1 (was 1)
14:39:27 robot_arb INFO Param updated: hedge_ratio = 10 (was 10)
14:39:27 robot_arb INFO Param updated: capital = 20000 (was 20000)
14:39:27 robot_arb INFO Param updated: entry_z = 2 (was 2)
14:39:27 robot_arb INFO Param updated: entry_z_long = -5.7 (was -5.7)
14:39:27 robot_arb INFO Param updated: entry_mode = zscore (was zscore)
14:39:27 robot_arb INFO Param updated: spread_rub_high = 312 (was 312)
14:39:27 robot_arb INFO Param updated: spread_rub_low = 270 (was 270)
14:39:27 robot_arb INFO Param updated: risk_free_rate = 0.1425 (was 0.1425)
14:39:27 robot_arb INFO Param updated: expiration_date = 2026-09-18 (was 2026-09-18)
14:39:27 robot_arb INFO Param updated: contract_size = 100 (was 100)
14:39:27 robot_arb INFO Param updated: lookback = 200 (was 200)
14:39:27 robot_arb INFO Param updated: leg_a_timeout = 5 (was 5)
14:39:27 robot_arb INFO Param updated: min_fill_ratio = 0.5 (was 0.5)
14:39:27 robot_arb INFO Param updated: min_profit_type = rub (was rub)
14:39:27 robot_arb INFO Param updated: min_profit_value = 7.77 (was 7.77)
14:39:27 robot_arb INFO Param updated: risk_type = stop_loss_rub (was stop_loss_rub)
14:39:27 robot_arb INFO Param updated: risk_value = 500000 (was 500000)
14:39:27 robot_arb INFO Param updated: allow_long_basis = True (was True)
14:39:27 robot_arb INFO Param updated: use_commission = True (was True)
14:39:27 robot_arb INFO Param updated: commission_stock_pct = 0.035 (was 0.035)
14:39:27 robot_arb INFO Param updated: commission_futures_rt = 0.9 (was 0.9)
14:39:44 robot_arb INFO Account changed → 1225953-EDP
14:39:44 robot_arb INFO Param updated: ticker_a = GAZP (was GAZP)
14:39:44 robot_arb INFO Param updated: symbol_a = GAZP@RTSX (was GAZP@RTSX)
14:39:44 robot_arb INFO Param updated: ticker_b = GZU6 (was GZU6)
14:39:44 robot_arb INFO Param updated: symbol_b = GZU6@RTSX (was GZU6@RTSX)
14:39:44 robot_arb INFO Param updated: lots_a = 10 (was 10)
14:39:44 robot_arb INFO Param updated: lots_b = 1 (was 1)
14:39:44 robot_arb INFO Param updated: hedge_ratio = 10 (was 10)
14:39:44 robot_arb INFO Param updated: capital = 20000 (was 20000)
14:39:44 robot_arb INFO Param updated: entry_z = 2 (was 2)
14:39:44 robot_arb INFO Param updated: entry_z_long = -5.7 (was -5.7)
14:39:44 robot_arb INFO Param updated: entry_mode = zscore (was zscore)
14:39:44 robot_arb INFO Param updated: spread_rub_high = 312 (was 312)
14:39:44 robot_arb INFO Param updated: spread_rub_low = 270 (was 270)
14:39:44 robot_arb INFO Param updated: risk_free_rate = 0.1425 (was 0.1425)
14:39:44 robot_arb INFO Param updated: expiration_date = 2026-09-18 (was 2026-09-18)
14:39:44 robot_arb INFO Param updated: contract_size = 100 (was 100)
14:39:44 robot_arb INFO Param updated: lookback = 200 (was 200)
14:39:44 robot_arb INFO Param updated: leg_a_timeout = 5 (was 5)
14:39:44 robot_arb INFO Param updated: min_fill_ratio = 0.5 (was 0.5)
14:39:44 robot_arb INFO Param updated: min_profit_type = rub (was rub)
14:39:44 robot_arb INFO Param updated: min_profit_value = 7.77 (was 7.77)
14:39:44 robot_arb INFO Param updated: risk_type = stop_loss_rub (was stop_loss_rub)
14:39:44 robot_arb INFO Param updated: risk_value = 500000 (was 500000)
14:39:44 robot_arb INFO Param updated: allow_long_basis = True (was True)
14:39:44 robot_arb INFO Param updated: use_commission = True (was True)
14:39:44 robot_arb INFO Param updated: commission_stock_pct = 0.035 (was 0.035)
14:39:44 robot_arb INFO Param updated: commission_futures_rt = 0.9 (was 0.9)
14:40:36 robot_arb INFO Signal 15 — shutting down...
14:40:37 robot_arb INFO === Arbitrage Robot v1 ===
14:40:37 robot_arb INFO Pair: GAZP / GZU6
14:40:37 robot_arb INFO Account: 1225953 | Port: 5090 | Paper: False
14:40:37 robot_arb INFO Params: entry_z=2 lookback=200 lots_a=10 lots_b=1 hedge_ratio=10
14:40:37 robot_arb INFO Min profit: rub=7.77
14:40:37 robot_arb INFO Risk: stop_loss_rub=500000
14:40:37 robot_arb INFO State loaded: pnl=31013 trades=211 mode=stopped
14:40:37 FinamPy CRITICAL Ошибка доступа к системному хранилищу: No recommended backend was available. Install a recommended 3rd party backend package; or, install the keyrings.alt package if you want to use the non-recommended backends. See https://pypi.org/project/keyring for details.
14:40:37 FinamPy CRITICAL Ошибка сохранения в системное хранилище: No recommended backend was available. Install a recommended 3rd party backend package; or, install the keyrings.alt package if you want to use the non-recommended backends. See https://pypi.org/project/keyring for details.
14:40:37 robot_arb INFO FinamPy connected. Accounts: ['1225950', '1225951', '1225952', '1225953']
14:40:37 robot_arb INFO Orders manager linked to FinamPy gRPC
14:40:37 robot_arb INFO Subscribed OrderBook: GAZP@RTSX, GZU6@RTSX
14:40:37 robot_arb INFO Subscribed Quotes: GAZP@RTSX, GZU6@RTSX
14:40:37 robot_arb INFO Warmup: waiting 10 sec for data streams...
14:40:47 robot_arb INFO Warmup done. OB_A: False OB_B: False
14:40:47 robot_arb INFO MOEX ISS poller started (fallback for stock prices)
14:40:47 robot_arb INFO Main loop started
14:40:47 robot_arb INFO API listening on :5090
14:40:47 robot_arb INFO Endpoints: GET /status /health /params | POST /start /stop /pause /params
14:40:52 robot_arb INFO Mode → RUNNING
14:41:08 robot_arb INFO Account changed → 1225953-EDP
14:41:08 robot_arb INFO Param updated: ticker_a = GAZP (was GAZP)
14:41:08 robot_arb INFO Param updated: symbol_a = GAZP@RTSX (was GAZP@RTSX)
14:41:08 robot_arb INFO Param updated: ticker_b = GZU6 (was GZU6)
14:41:08 robot_arb INFO Param updated: symbol_b = GZU6@RTSX (was GZU6@RTSX)
14:41:08 robot_arb INFO Param updated: lots_a = 10 (was 10)
14:41:08 robot_arb INFO Param updated: lots_b = 1 (was 1)
14:41:08 robot_arb INFO Param updated: hedge_ratio = 10 (was 10)
14:41:08 robot_arb INFO Param updated: capital = 20000 (was 20000)
14:41:08 robot_arb INFO Param updated: entry_z = 2 (was 2)
14:41:08 robot_arb INFO Param updated: entry_z_long = -5.7 (was -5.7)
14:41:08 robot_arb INFO Param updated: entry_mode = zscore (was zscore)
14:41:08 robot_arb INFO Param updated: spread_rub_high = 312 (was 312)
14:41:08 robot_arb INFO Param updated: spread_rub_low = 270 (was 270)
14:41:08 robot_arb INFO Param updated: risk_free_rate = 0.1425 (was 0.1425)
14:41:08 robot_arb INFO Param updated: expiration_date = 2026-09-18 (was 2026-09-18)
14:41:08 robot_arb INFO Param updated: contract_size = 100 (was 100)
14:41:08 robot_arb INFO Param updated: lookback = 200 (was 200)
14:41:08 robot_arb INFO Param updated: leg_a_timeout = 5 (was 5)
14:41:08 robot_arb INFO Param updated: min_fill_ratio = 0.5 (was 0.5)
14:41:08 robot_arb INFO Param updated: min_profit_type = rub (was rub)
14:41:08 robot_arb INFO Param updated: min_profit_value = 7.77 (was 7.77)
14:41:08 robot_arb INFO Param updated: risk_type = stop_loss_rub (was stop_loss_rub)
14:41:08 robot_arb INFO Param updated: risk_value = 500000 (was 500000)
14:41:08 robot_arb INFO Param updated: allow_long_basis = True (was True)
14:41:08 robot_arb INFO Param updated: use_commission = True (was True)
14:41:08 robot_arb INFO Param updated: commission_stock_pct = 0.035 (was 0.035)
14:41:08 robot_arb INFO Param updated: commission_futures_rt = 0.9 (was 0.9)
14:43:13 robot_arb INFO Account changed → 1225953-EDP
14:43:13 robot_arb INFO Param updated: ticker_a = GAZP (was GAZP)
14:43:13 robot_arb INFO Param updated: symbol_a = GAZP@RTSX (was GAZP@RTSX)
14:43:13 robot_arb INFO Param updated: ticker_b = GZU6 (was GZU6)
14:43:13 robot_arb INFO Param updated: symbol_b = GZU6@RTSX (was GZU6@RTSX)
14:43:13 robot_arb INFO Param updated: lots_a = 10 (was 10)
14:43:13 robot_arb INFO Param updated: lots_b = 1 (was 1)
14:43:13 robot_arb INFO Param updated: hedge_ratio = 10 (was 10)
14:43:13 robot_arb INFO Param updated: capital = 20000 (was 20000)
14:43:13 robot_arb INFO Param updated: entry_z = 1.5 (was 2)
14:43:13 robot_arb INFO Param updated: entry_z_long = -5.7 (was -5.7)
14:43:13 robot_arb INFO Param updated: entry_mode = zscore (was zscore)
14:43:13 robot_arb INFO Param updated: spread_rub_high = 312 (was 312)
14:43:13 robot_arb INFO Param updated: spread_rub_low = 270 (was 270)
14:43:13 robot_arb INFO Param updated: risk_free_rate = 0.1425 (was 0.1425)
14:43:13 robot_arb INFO Param updated: expiration_date = 2026-09-18 (was 2026-09-18)
14:43:13 robot_arb INFO Param updated: contract_size = 100 (was 100)
14:43:13 robot_arb INFO Param updated: lookback = 200 (was 200)
14:43:13 robot_arb INFO Param updated: leg_a_timeout = 5 (was 5)
14:43:13 robot_arb INFO Param updated: min_fill_ratio = 0.5 (was 0.5)
14:43:13 robot_arb INFO Param updated: min_profit_type = rub (was rub)
14:43:13 robot_arb INFO Param updated: min_profit_value = 7.77 (was 7.77)
14:43:13 robot_arb INFO Param updated: risk_type = stop_loss_rub (was stop_loss_rub)
14:43:13 robot_arb INFO Param updated: risk_value = 500000 (was 500000)
14:43:13 robot_arb INFO Param updated: allow_long_basis = True (was True)
14:43:13 robot_arb INFO Param updated: use_commission = True (was True)
14:43:13 robot_arb INFO Param updated: commission_stock_pct = 0.035 (was 0.035)
14:43:13 robot_arb INFO Param updated: commission_futures_rt = 0.9 (was 0.9)
14:44:08 robot_arb INFO ⚠️ CHECK_ENTRY returned signal: {'action': 'entry', 'side': 'short_basis', 'z': 1.6202633141845726, 'basis': 8955.7, 'price_a': 96.23, 'price_b': 9918.0}
14:44:08 robot_arb INFO ENTRY SIGNAL short_basis | Z=1.62 basis=8955.70 | A=96.23 B=9918.00 | limit buy 10 @ 96.24 | market sell 1 @ 9913.04
14:44:08 orders_arb ERROR gRPC order error (GAZP@RTSX buy 10@96.24): code=StatusCode.INVALID_ARGUMENT details=INVALID_ARGUMENT: [90]NOTE: Wrong parametersВНИМАНИЕ! Неверно указаны параметры запроса
14:44:08 orders_arb WARNING gRPC limit failed, falling back to DP server
14:44:08 orders_arb ERROR Limit order error (GAZP@RTSX buy 10@96.24): no response
14:44:08 robot_arb WARNING Entry failed: leg_a_place_failed
14:44:18 robot_arb INFO ⚠️ CHECK_ENTRY returned signal: {'action': 'entry', 'side': 'short_basis', 'z': 1.7702612509084918, 'basis': 8940.7, 'price_a': 96.03, 'price_b': 9901.0}
14:44:18 robot_arb INFO ENTRY SIGNAL short_basis | Z=1.77 basis=8940.70 | A=96.03 B=9901.00 | limit buy 10 @ 96.03 | market sell 1 @ 9896.05
14:44:18 orders_arb ERROR gRPC order error (GAZP@RTSX buy 10@96.03): code=StatusCode.INVALID_ARGUMENT details=INVALID_ARGUMENT: [90]NOTE: Wrong parametersВНИМАНИЕ! Неверно указаны параметры запроса
14:44:18 orders_arb WARNING gRPC limit failed, falling back to DP server
14:44:18 orders_arb ERROR Limit order error (GAZP@RTSX buy 10@96.03): no response
14:44:18 robot_arb WARNING Entry failed: leg_a_place_failed
14:45:46 robot_arb INFO Signal 15 — shutting down...
14:45:46 robot_arb INFO === Arbitrage Robot v1 ===
14:45:46 robot_arb INFO Pair: GAZP / GZU6
14:45:46 robot_arb INFO Account: 1225953 | Port: 5090 | Paper: False
14:45:46 robot_arb INFO Params: entry_z=1.5 lookback=200 lots_a=10 lots_b=1 hedge_ratio=10
14:45:46 robot_arb INFO Min profit: rub=7.77
14:45:46 robot_arb INFO Risk: stop_loss_rub=500000
14:45:46 robot_arb INFO State loaded: pnl=31013 trades=211 mode=stopped
14:45:46 FinamPy CRITICAL Ошибка доступа к системному хранилищу: No recommended backend was available. Install a recommended 3rd party backend package; or, install the keyrings.alt package if you want to use the non-recommended backends. See https://pypi.org/project/keyring for details.
14:45:46 FinamPy CRITICAL Ошибка сохранения в системное хранилище: No recommended backend was available. Install a recommended 3rd party backend package; or, install the keyrings.alt package if you want to use the non-recommended backends. See https://pypi.org/project/keyring for details.
14:45:47 robot_arb INFO FinamPy connected. Accounts: ['1225950', '1225951', '1225952', '1225953']
14:45:47 robot_arb INFO Orders manager linked to FinamPy gRPC
14:45:47 robot_arb INFO Subscribed OrderBook: GAZP@RTSX, GZU6@RTSX
14:45:47 robot_arb INFO Subscribed Quotes: GAZP@RTSX, GZU6@RTSX
14:45:47 robot_arb INFO Warmup: waiting 10 sec for data streams...
14:45:56 robot_arb INFO Signal 15 — shutting down...
14:45:57 robot_arb INFO === Arbitrage Robot v1 ===
14:45:57 robot_arb INFO Pair: GAZP / GZU6
14:45:57 robot_arb INFO Account: 1225953 | Port: 5090 | Paper: False
14:45:57 robot_arb INFO Params: entry_z=1.5 lookback=200 lots_a=10 lots_b=1 hedge_ratio=10
14:45:57 robot_arb INFO Min profit: rub=7.77
14:45:57 robot_arb INFO Risk: stop_loss_rub=500000
14:45:57 robot_arb INFO State loaded: pnl=31013 trades=211 mode=stopped
14:45:57 FinamPy CRITICAL Ошибка доступа к системному хранилищу: No recommended backend was available. Install a recommended 3rd party backend package; or, install the keyrings.alt package if you want to use the non-recommended backends. See https://pypi.org/project/keyring for details.
14:45:57 FinamPy CRITICAL Ошибка сохранения в системное хранилище: No recommended backend was available. Install a recommended 3rd party backend package; or, install the keyrings.alt package if you want to use the non-recommended backends. See https://pypi.org/project/keyring for details.
14:45:57 robot_arb INFO FinamPy connected. Accounts: ['1225950', '1225951', '1225952', '1225953']
14:45:57 robot_arb INFO Orders manager linked to FinamPy gRPC
14:45:57 robot_arb INFO Subscribed OrderBook: GAZP@RTSX, GZU6@RTSX
14:45:57 robot_arb INFO Subscribed Quotes: GAZP@RTSX, GZU6@RTSX
14:45:57 robot_arb INFO Warmup: waiting 10 sec for data streams...
14:46:07 robot_arb INFO Warmup done. OB_A: False OB_B: False
14:46:07 robot_arb INFO MOEX ISS poller started (fallback for stock prices)
14:46:07 robot_arb INFO Main loop started
14:46:07 robot_arb INFO API listening on :5090
14:46:07 robot_arb INFO Endpoints: GET /status /health /params | POST /start /stop /pause /params
14:46:11 robot_arb INFO Mode → RUNNING
14:49:50 robot_arb INFO ⚠️ CHECK_ENTRY returned signal: {'action': 'entry', 'side': 'short_basis', 'z': 1.7600156509692997, 'basis': 8922.4, 'price_a': 95.86, 'price_b': 9881.0}
14:49:50 robot_arb INFO ENTRY SIGNAL short_basis | Z=1.76 basis=8922.40 | A=95.86 B=9881.00 | limit buy 10 @ 95.87 | market sell 1 @ 9876.06
14:49:50 orders_arb ERROR gRPC order error (GAZP@RTSX buy 10@95.87): code=StatusCode.INVALID_ARGUMENT details=INVALID_ARGUMENT: [90]NOTE: Wrong parametersВНИМАНИЕ! Неверно указаны параметры запроса
14:49:50 orders_arb WARNING gRPC limit failed, falling back to DP server
14:49:50 orders_arb ERROR Limit order error (GAZP@RTSX buy 10@95.87): no response
14:49:50 robot_arb WARNING Entry failed: leg_a_place_failed
14:51:25 robot_arb INFO ⚠️ CHECK_ENTRY returned signal: {'action': 'entry', 'side': 'short_basis', 'z': 2.3207960093392175, 'basis': 8925.8, 'price_a': 95.92, 'price_b': 9885.0}
14:51:25 robot_arb INFO ENTRY SIGNAL short_basis | Z=2.32 basis=8925.80 | A=95.92 B=9885.00 | limit buy 10 @ 95.93 | market sell 1 @ 9880.06
14:51:25 orders_arb ERROR gRPC order error (GAZP@RTSX buy 10@95.93): code=StatusCode.INVALID_ARGUMENT details=INVALID_ARGUMENT: [90]NOTE: Wrong parametersВНИМАНИЕ! Неверно указаны параметры запроса
14:51:25 orders_arb WARNING gRPC limit failed, falling back to DP server
14:51:25 orders_arb ERROR Limit order error (GAZP@RTSX buy 10@95.93): no response
14:51:25 robot_arb WARNING Entry failed: leg_a_place_failed
14:52:18 robot_arb INFO ⚠️ CHECK_ENTRY returned signal: {'action': 'entry', 'side': 'short_basis', 'z': 1.9906945224074675, 'basis': 8916.7, 'price_a': 95.83, 'price_b': 9875.0}
14:52:18 robot_arb INFO ENTRY SIGNAL short_basis | Z=1.99 basis=8916.70 | A=95.83 B=9875.00 | limit buy 10 @ 95.84 | market sell 1 @ 9870.06
14:52:18 orders_arb ERROR gRPC order error (GAZP@RTSX buy 10@95.84): code=StatusCode.INVALID_ARGUMENT details=INVALID_ARGUMENT: [90]NOTE: Wrong parametersВНИМАНИЕ! Неверно указаны параметры запроса
14:52:18 orders_arb WARNING gRPC limit failed, falling back to DP server
14:52:18 orders_arb ERROR Limit order error (GAZP@RTSX buy 10@95.84): no response
14:52:18 robot_arb WARNING Entry failed: leg_a_place_failed
14:52:40 robot_arb INFO ⚠️ CHECK_ENTRY returned signal: {'action': 'entry', 'side': 'short_basis', 'z': 2.0796077338025207, 'basis': 8917.6, 'price_a': 95.84, 'price_b': 9876.0}
14:52:40 robot_arb INFO ENTRY SIGNAL short_basis | Z=2.08 basis=8917.60 | A=95.84 B=9876.00 | limit buy 10 @ 95.84 | market sell 1 @ 9871.06
14:52:40 orders_arb ERROR gRPC order error (GAZP@RTSX buy 10@95.84): code=StatusCode.INVALID_ARGUMENT details=INVALID_ARGUMENT: [90]NOTE: Wrong parametersВНИМАНИЕ! Неверно указаны параметры запроса
14:52:40 orders_arb WARNING gRPC limit failed, falling back to DP server
14:52:40 orders_arb ERROR Limit order error (GAZP@RTSX buy 10@95.84): no response
14:52:40 robot_arb WARNING Entry failed: leg_a_place_failed
14:52:56 robot_arb INFO ⚠️ CHECK_ENTRY returned signal: {'action': 'entry', 'side': 'short_basis', 'z': 1.9274843088374265, 'basis': 8914.9, 'price_a': 95.81, 'price_b': 9873.0}
14:52:56 robot_arb INFO ENTRY SIGNAL short_basis | Z=1.93 basis=8914.90 | A=95.81 B=9873.00 | limit buy 10 @ 95.81 | market sell 1 @ 9868.06
14:52:57 orders_arb ERROR gRPC order error (GAZP@RTSX buy 10@95.81): code=StatusCode.INVALID_ARGUMENT details=INVALID_ARGUMENT: [90]NOTE: Wrong parametersВНИМАНИЕ! Неверно указаны параметры запроса
14:52:57 orders_arb WARNING gRPC limit failed, falling back to DP server
14:52:57 orders_arb ERROR Limit order error (GAZP@RTSX buy 10@95.81): no response
14:52:57 robot_arb WARNING Entry failed: leg_a_place_failed
14:53:12 robot_arb INFO ⚠️ CHECK_ENTRY returned signal: {'action': 'entry', 'side': 'short_basis', 'z': 1.8730912877650339, 'basis': 8916.7, 'price_a': 95.83, 'price_b': 9875.0}
14:53:12 robot_arb INFO ENTRY SIGNAL short_basis | Z=1.87 basis=8916.70 | A=95.83 B=9875.00 | limit buy 10 @ 95.83 | market sell 1 @ 9870.06
14:53:12 orders_arb ERROR gRPC order error (GAZP@RTSX buy 10@95.83): code=StatusCode.INVALID_ARGUMENT details=INVALID_ARGUMENT: [90]NOTE: Wrong parametersВНИМАНИЕ! Неверно указаны параметры запроса
14:53:12 orders_arb WARNING gRPC limit failed, falling back to DP server
14:53:12 orders_arb ERROR Limit order error (GAZP@RTSX buy 10@95.83): no response
14:53:12 robot_arb WARNING Entry failed: leg_a_place_failed
14:53:53 robot_arb INFO ⚠️ CHECK_ENTRY returned signal: {'action': 'entry', 'side': 'short_basis', 'z': 1.791214747142645, 'basis': 8904.1, 'price_a': 95.69, 'price_b': 9861.0}
14:53:53 robot_arb INFO ENTRY SIGNAL short_basis | Z=1.79 basis=8904.10 | A=95.69 B=9861.00 | limit buy 10 @ 95.69 | market sell 1 @ 9856.07
14:53:53 orders_arb ERROR gRPC order error (GAZP@RTSX buy 10@95.69): code=StatusCode.INVALID_ARGUMENT details=INVALID_ARGUMENT: [90]NOTE: Wrong parametersВНИМАНИЕ! Неверно указаны параметры запроса
14:53:53 orders_arb WARNING gRPC limit failed, falling back to DP server
14:53:53 orders_arb ERROR Limit order error (GAZP@RTSX buy 10@95.69): no response
14:53:53 robot_arb WARNING Entry failed: leg_a_place_failed
14:54:03 robot_arb INFO ⚠️ CHECK_ENTRY returned signal: {'action': 'entry', 'side': 'short_basis', 'z': 2.7056071609756884, 'basis': 8901.1, 'price_a': 95.59, 'price_b': 9857.0}
14:54:03 robot_arb INFO ENTRY SIGNAL short_basis | Z=2.71 basis=8901.10 | A=95.59 B=9857.00 | limit buy 10 @ 95.60 | market sell 1 @ 9852.07
14:54:03 orders_arb ERROR gRPC order error (GAZP@RTSX buy 10@95.6): code=StatusCode.INVALID_ARGUMENT details=INVALID_ARGUMENT: [90]NOTE: Wrong parametersВНИМАНИЕ! Неверно указаны параметры запроса
14:54:03 orders_arb WARNING gRPC limit failed, falling back to DP server
14:54:03 orders_arb ERROR Limit order error (GAZP@RTSX buy 10@95.6): no response
14:54:03 robot_arb WARNING Entry failed: leg_a_place_failed
14:55:39 robot_arb INFO ⚠️ CHECK_ENTRY returned signal: {'action': 'entry', 'side': 'short_basis', 'z': 2.5824706246357705, 'basis': 8897.5, 'price_a': 95.55, 'price_b': 9853.0}
14:55:39 robot_arb INFO ENTRY SIGNAL short_basis | Z=2.58 basis=8897.50 | A=95.55 B=9853.00 | limit buy 10 @ 95.54 | market sell 1 @ 9848.07
14:55:39 orders_arb ERROR gRPC order error (GAZP@RTSX buy 10@95.54): code=StatusCode.INVALID_ARGUMENT details=INVALID_ARGUMENT: [90]NOTE: Wrong parametersВНИМАНИЕ! Неверно указаны параметры запроса
14:55:39 orders_arb WARNING gRPC limit failed, falling back to DP server
14:55:39 orders_arb ERROR Limit order error (GAZP@RTSX buy 10@95.54): no response
14:55:39 robot_arb WARNING Entry failed: leg_a_place_failed
14:55:44 robot_arb INFO Account changed → 1225953-EDP
14:55:44 robot_arb INFO Param updated: ticker_a = GAZP (was GAZP)
14:55:44 robot_arb INFO Param updated: symbol_a = GAZP@RTSX (was GAZP@RTSX)
14:55:44 robot_arb INFO Param updated: ticker_b = GZU6 (was GZU6)
14:55:44 robot_arb INFO Param updated: symbol_b = GZU6@RTSX (was GZU6@RTSX)
14:55:44 robot_arb INFO Param updated: lots_a = 10 (was 10)
14:55:44 robot_arb INFO Param updated: lots_b = 1 (was 1)
14:55:44 robot_arb INFO Param updated: hedge_ratio = 10 (was 10)
14:55:44 robot_arb INFO Param updated: capital = 20000 (was 20000)
14:55:44 robot_arb INFO Param updated: entry_z = 1.5 (was 1.5)
14:55:44 robot_arb INFO Param updated: entry_z_long = -5.7 (was -5.7)
14:55:44 robot_arb INFO Param updated: entry_mode = zscore (was zscore)
14:55:44 robot_arb INFO Param updated: spread_rub_high = 312 (was 312)
14:55:44 robot_arb INFO Param updated: spread_rub_low = 270 (was 270)
14:55:44 robot_arb INFO Param updated: risk_free_rate = 0.1425 (was 0.1425)
14:55:44 robot_arb INFO Param updated: expiration_date = 2026-09-18 (was 2026-09-18)
14:55:44 robot_arb INFO Param updated: contract_size = 100 (was 100)
14:55:44 robot_arb INFO Param updated: lookback = 200 (was 200)
14:55:44 robot_arb INFO Param updated: leg_a_timeout = 5 (was 5)
14:55:44 robot_arb INFO Param updated: min_fill_ratio = 0.5 (was 0.5)
14:55:44 robot_arb INFO Param updated: min_profit_type = rub (was rub)
14:55:44 robot_arb INFO Param updated: min_profit_value = 7.77 (was 7.77)
14:55:44 robot_arb INFO Param updated: risk_type = stop_loss_rub (was stop_loss_rub)
14:55:44 robot_arb INFO Param updated: risk_value = 500000 (was 500000)
14:55:44 robot_arb INFO Param updated: allow_long_basis = True (was True)
14:55:44 robot_arb INFO Param updated: use_commission = True (was True)
14:55:44 robot_arb INFO Param updated: commission_stock_pct = 0.035 (was 0.035)
14:55:44 robot_arb INFO Param updated: commission_futures_rt = 0.9 (was 0.9)
14:55:50 robot_arb INFO Account changed → 1225953-EDP
14:55:50 robot_arb INFO Param updated: ticker_a = GAZP (was GAZP)
14:55:50 robot_arb INFO Param updated: symbol_a = GAZP@RTSX (was GAZP@RTSX)
14:55:50 robot_arb INFO Param updated: ticker_b = GZU6 (was GZU6)
14:55:50 robot_arb INFO Param updated: symbol_b = GZU6@RTSX (was GZU6@RTSX)
14:55:50 robot_arb INFO Param updated: lots_a = 10 (was 10)
14:55:50 robot_arb INFO Param updated: lots_b = 1 (was 1)
14:55:50 robot_arb INFO Param updated: hedge_ratio = 10 (was 10)
14:55:50 robot_arb INFO Param updated: capital = 20000 (was 20000)
14:55:50 robot_arb INFO Param updated: entry_z = 1.5 (was 1.5)
14:55:50 robot_arb INFO Param updated: entry_z_long = -5.7 (was -5.7)
14:55:50 robot_arb INFO Param updated: entry_mode = zscore (was zscore)
14:55:50 robot_arb INFO Param updated: spread_rub_high = 312 (was 312)
14:55:50 robot_arb INFO Param updated: spread_rub_low = 270 (was 270)
14:55:50 robot_arb INFO Param updated: risk_free_rate = 0.1425 (was 0.1425)
14:55:50 robot_arb INFO Param updated: expiration_date = 2026-09-18 (was 2026-09-18)
14:55:50 robot_arb INFO Param updated: contract_size = 100 (was 100)
14:55:50 robot_arb INFO Param updated: lookback = 200 (was 200)
14:55:50 robot_arb INFO Param updated: leg_a_timeout = 5 (was 5)
14:55:50 robot_arb INFO Param updated: min_fill_ratio = 0.5 (was 0.5)
14:55:50 robot_arb INFO Param updated: min_profit_type = rub (was rub)
14:55:50 robot_arb INFO Param updated: min_profit_value = 7.77 (was 7.77)
14:55:50 robot_arb INFO Param updated: risk_type = stop_loss_rub (was stop_loss_rub)
14:55:50 robot_arb INFO Param updated: risk_value = 500000 (was 500000)
14:55:50 robot_arb INFO Param updated: allow_long_basis = True (was True)
14:55:50 robot_arb INFO Param updated: use_commission = True (was True)
14:55:50 robot_arb INFO Param updated: commission_stock_pct = 0.035 (was 0.035)
14:55:50 robot_arb INFO Param updated: commission_futures_rt = 0.9 (was 0.9)
14:58:20 robot_arb INFO ⚠️ CHECK_ENTRY returned signal: {'action': 'entry', 'side': 'short_basis', 'z': 1.8599572565555007, 'basis': 8892.0, 'price_a': 95.6, 'price_b': 9848.0}
14:58:20 robot_arb INFO ENTRY SIGNAL short_basis | Z=1.86 basis=8892.00 | A=95.60 B=9848.00 | limit buy 10 @ 95.60 | market sell 1 @ 9843.08
14:58:20 orders_arb ERROR gRPC order error (GAZP@RTSX buy 10@95.6): code=StatusCode.INVALID_ARGUMENT details=INVALID_ARGUMENT: [90]NOTE: Wrong parametersВНИМАНИЕ! Неверно указаны параметры запроса
14:58:20 orders_arb WARNING gRPC limit failed, falling back to DP server
14:58:20 orders_arb ERROR Limit order error (GAZP@RTSX buy 10@95.6): no response
14:58:20 robot_arb WARNING Entry failed: leg_a_place_failed
14:59:17 robot_arb INFO ⚠️ CHECK_ENTRY returned signal: {'action': 'entry', 'side': 'short_basis', 'z': 2.139523801433667, 'basis': 8894.7, 'price_a': 95.63, 'price_b': 9851.0}
14:59:17 robot_arb INFO ENTRY SIGNAL short_basis | Z=2.14 basis=8894.70 | A=95.63 B=9851.00 | limit buy 10 @ 95.65 | market sell 1 @ 9846.07
14:59:18 orders_arb ERROR gRPC order error (GAZP@RTSX buy 10@95.65): code=StatusCode.INVALID_ARGUMENT details=INVALID_ARGUMENT: [90]NOTE: Wrong parametersВНИМАНИЕ! Неверно указаны параметры запроса
14:59:18 orders_arb WARNING gRPC limit failed, falling back to DP server
14:59:18 orders_arb ERROR Limit order error (GAZP@RTSX buy 10@95.65): no response
14:59:18 robot_arb WARNING Entry failed: leg_a_place_failed
15:01:40 robot_arb INFO ⚠️ CHECK_ENTRY returned signal: {'action': 'entry', 'side': 'short_basis', 'z': 1.5860788941611301, 'basis': 8890.0, 'price_a': 95.6, 'price_b': 9846.0}
15:01:40 robot_arb INFO ENTRY SIGNAL short_basis | Z=1.59 basis=8890.00 | A=95.60 B=9846.00 | limit buy 10 @ 95.61 | market sell 1 @ 9841.08
15:01:40 orders_arb ERROR gRPC order error (GAZP@RTSX buy 10@95.61): code=StatusCode.INTERNAL details=Trading is not available at the moment
15:01:40 orders_arb WARNING gRPC limit failed, falling back to DP server
15:01:40 orders_arb ERROR Limit order error (GAZP@RTSX buy 10@95.61): no response
15:01:40 robot_arb WARNING Entry failed: leg_a_place_failed
15:01:59 robot_arb INFO ⚠️ CHECK_ENTRY returned signal: {'action': 'entry', 'side': 'short_basis', 'z': 2.505375740615945, 'basis': 8892.2, 'price_a': 95.58, 'price_b': 9848.0}
15:01:59 robot_arb INFO ENTRY SIGNAL short_basis | Z=2.51 basis=8892.20 | A=95.58 B=9848.00 | limit buy 10 @ 95.59 | market sell 1 @ 9843.08
15:01:59 orders_arb ERROR gRPC order error (GAZP@RTSX buy 10@95.59): code=StatusCode.INTERNAL details=Trading is not available at the moment
15:01:59 orders_arb WARNING gRPC limit failed, falling back to DP server
15:01:59 orders_arb ERROR Limit order error (GAZP@RTSX buy 10@95.59): no response
15:01:59 robot_arb WARNING Entry failed: leg_a_place_failed
15:02:11 robot_arb INFO ⚠️ CHECK_ENTRY returned signal: {'action': 'entry', 'side': 'short_basis', 'z': 1.7699328549195252, 'basis': 8889.2, 'price_a': 95.58, 'price_b': 9845.0}
15:02:11 robot_arb INFO ENTRY SIGNAL short_basis | Z=1.77 basis=8889.20 | A=95.58 B=9845.00 | limit buy 10 @ 95.59 | market sell 1 @ 9840.08
15:02:11 orders_arb ERROR gRPC order error (GAZP@RTSX buy 10@95.59): code=StatusCode.INTERNAL details=Trading is not available at the moment
15:02:11 orders_arb WARNING gRPC limit failed, falling back to DP server
15:02:11 orders_arb ERROR Limit order error (GAZP@RTSX buy 10@95.59): no response
15:02:11 robot_arb WARNING Entry failed: leg_a_place_failed
15:02:29 robot_arb INFO ⚠️ CHECK_ENTRY returned signal: {'action': 'entry', 'side': 'short_basis', 'z': 1.553127753601648, 'basis': 8884.7, 'price_a': 95.53, 'price_b': 9840.0}
15:02:29 robot_arb INFO ENTRY SIGNAL short_basis | Z=1.55 basis=8884.70 | A=95.53 B=9840.00 | limit buy 10 @ 95.53 | market sell 1 @ 9835.08
15:02:29 orders_arb ERROR gRPC order error (GAZP@RTSX buy 10@95.53): code=StatusCode.INTERNAL details=Trading is not available at the moment
15:02:29 orders_arb WARNING gRPC limit failed, falling back to DP server
15:02:29 orders_arb ERROR Limit order error (GAZP@RTSX buy 10@95.53): no response
15:02:29 robot_arb WARNING Entry failed: leg_a_place_failed
15:03:21 robot_arb INFO ⚠️ CHECK_ENTRY returned signal: {'action': 'entry', 'side': 'short_basis', 'z': 1.7059576931472944, 'basis': 8888.4, 'price_a': 95.56, 'price_b': 9844.0}
15:03:21 robot_arb INFO ENTRY SIGNAL short_basis | Z=1.71 basis=8888.40 | A=95.56 B=9844.00 | limit buy 10 @ 95.57 | market sell 1 @ 9839.08
15:03:21 orders_arb ERROR gRPC order error (GAZP@RTSX buy 10@95.57): code=StatusCode.INTERNAL details=Trading is not available at the moment
15:03:21 orders_arb WARNING gRPC limit failed, falling back to DP server
15:03:21 orders_arb ERROR Limit order error (GAZP@RTSX buy 10@95.57): no response
15:03:21 robot_arb WARNING Entry failed: leg_a_place_failed
15:03:39 robot_arb INFO ⚠️ CHECK_ENTRY returned signal: {'action': 'entry', 'side': 'short_basis', 'z': 1.6489700602241835, 'basis': 8885.7, 'price_a': 95.53, 'price_b': 9841.0}
15:03:39 robot_arb INFO ENTRY SIGNAL short_basis | Z=1.65 basis=8885.70 | A=95.53 B=9841.00 | limit buy 10 @ 95.55 | market sell 1 @ 9836.08
15:03:39 orders_arb ERROR gRPC order error (GAZP@RTSX buy 10@95.55): code=StatusCode.INTERNAL details=Trading is not available at the moment
15:03:39 orders_arb WARNING gRPC limit failed, falling back to DP server
15:03:39 orders_arb ERROR Limit order error (GAZP@RTSX buy 10@95.55): no response
15:03:39 robot_arb WARNING Entry failed: leg_a_place_failed
15:03:53 robot_arb INFO ⚠️ CHECK_ENTRY returned signal: {'action': 'entry', 'side': 'short_basis', 'z': 2.5940238148664254, 'basis': 8892.5, 'price_a': 95.55, 'price_b': 9848.0}
15:03:53 robot_arb INFO ENTRY SIGNAL short_basis | Z=2.59 basis=8892.50 | A=95.55 B=9848.00 | limit buy 10 @ 95.55 | market sell 1 @ 9843.08
15:03:54 orders_arb ERROR gRPC order error (GAZP@RTSX buy 10@95.55): code=StatusCode.INTERNAL details=Trading is not available at the moment
15:03:54 orders_arb WARNING gRPC limit failed, falling back to DP server
15:03:54 orders_arb ERROR Limit order error (GAZP@RTSX buy 10@95.55): no response
15:03:54 robot_arb WARNING Entry failed: leg_a_place_failed
15:06:07 robot_arb INFO ⚠️ CHECK_ENTRY returned signal: {'action': 'entry', 'side': 'short_basis', 'z': 2.1111744324925903, 'basis': 8890.5, 'price_a': 95.55, 'price_b': 9846.0}
15:06:07 robot_arb INFO ENTRY SIGNAL short_basis | Z=2.11 basis=8890.50 | A=95.55 B=9846.00 | limit buy 10 @ 95.56 | market sell 1 @ 9841.08
15:06:07 orders_arb ERROR gRPC order error (GAZP@RTSX buy 10@95.56): code=StatusCode.INTERNAL details=Jwt token check failed: UNAUTHENTICATED: Token is expired
15:06:07 orders_arb WARNING gRPC limit failed, falling back to DP server
15:06:07 orders_arb ERROR Limit order error (GAZP@RTSX buy 10@95.56): no response
15:06:07 robot_arb WARNING Entry failed: leg_a_place_failed
15:07:21 robot_arb INFO ⚠️ CHECK_ENTRY returned signal: {'action': 'entry', 'side': 'short_basis', 'z': 1.5746345085967954, 'basis': 8887.5, 'price_a': 95.55, 'price_b': 9843.0}
15:07:21 robot_arb INFO ENTRY SIGNAL short_basis | Z=1.57 basis=8887.50 | A=95.55 B=9843.00 | limit buy 10 @ 95.55 | market sell 1 @ 9838.08
15:07:21 orders_arb ERROR gRPC order error (GAZP@RTSX buy 10@95.55): code=StatusCode.INTERNAL details=Trading is not available at the moment
15:07:21 orders_arb WARNING gRPC limit failed, falling back to DP server
15:07:21 orders_arb ERROR Limit order error (GAZP@RTSX buy 10@95.55): no response
15:07:21 robot_arb WARNING Entry failed: leg_a_place_failed
15:07:33 robot_arb INFO ⚠️ CHECK_ENTRY returned signal: {'action': 'entry', 'side': 'short_basis', 'z': 2.734514771777451, 'basis': 8889.6, 'price_a': 95.54, 'price_b': 9845.0}
15:07:33 robot_arb INFO ENTRY SIGNAL short_basis | Z=2.73 basis=8889.60 | A=95.54 B=9845.00 | limit buy 10 @ 95.55 | market sell 1 @ 9840.08
15:07:33 orders_arb ERROR gRPC order error (GAZP@RTSX buy 10@95.55): code=StatusCode.INTERNAL details=Jwt token check failed: UNAUTHENTICATED: Token is expired
15:07:33 orders_arb WARNING gRPC limit failed, falling back to DP server
15:07:33 orders_arb ERROR Limit order error (GAZP@RTSX buy 10@95.55): no response
15:07:33 robot_arb WARNING Entry failed: leg_a_place_failed
15:08:12 robot_arb INFO ⚠️ CHECK_ENTRY returned signal: {'action': 'entry', 'side': 'short_basis', 'z': 1.5740165468913048, 'basis': 8892.1, 'price_a': 95.59, 'price_b': 9848.0}
15:08:12 robot_arb INFO ENTRY SIGNAL short_basis | Z=1.57 basis=8892.10 | A=95.59 B=9848.00 | limit buy 10 @ 95.60 | market sell 1 @ 9843.08
15:08:12 orders_arb ERROR gRPC order error (GAZP@RTSX buy 10@95.6): code=StatusCode.INTERNAL details=Trading is not available at the moment
15:08:12 orders_arb WARNING gRPC limit failed, falling back to DP server
15:08:12 orders_arb ERROR Limit order error (GAZP@RTSX buy 10@95.6): no response
15:08:12 robot_arb WARNING Entry failed: leg_a_place_failed
15:09:36 robot_arb INFO ⚠️ CHECK_ENTRY returned signal: {'action': 'entry', 'side': 'short_basis', 'z': 1.5813379281599702, 'basis': 8887.6, 'price_a': 95.54, 'price_b': 9843.0}
15:09:36 robot_arb INFO ENTRY SIGNAL short_basis | Z=1.58 basis=8887.60 | A=95.54 B=9843.00 | limit buy 10 @ 95.54 | market sell 1 @ 9838.08
15:09:36 orders_arb ERROR gRPC order error (GAZP@RTSX buy 10@95.54): code=StatusCode.INTERNAL details=Jwt token check failed: UNAUTHENTICATED: Token is expired
15:09:36 orders_arb WARNING gRPC limit failed, falling back to DP server
15:09:36 orders_arb ERROR Limit order error (GAZP@RTSX buy 10@95.54): no response
15:09:36 robot_arb WARNING Entry failed: leg_a_place_failed
15:10:01 robot_arb INFO ⚠️ CHECK_ENTRY returned signal: {'action': 'entry', 'side': 'short_basis', 'z': 1.6474805213338286, 'basis': 8884.0, 'price_a': 95.5, 'price_b': 9839.0}
15:10:01 robot_arb INFO ENTRY SIGNAL short_basis | Z=1.65 basis=8884.00 | A=95.50 B=9839.00 | limit buy 10 @ 95.51 | market sell 1 @ 9834.08
15:10:01 orders_arb ERROR gRPC order error (GAZP@RTSX buy 10@95.51): code=StatusCode.INTERNAL details=Jwt token check failed: UNAUTHENTICATED: Token is expired
15:10:01 orders_arb WARNING gRPC limit failed, falling back to DP server
15:10:01 orders_arb ERROR Limit order error (GAZP@RTSX buy 10@95.51): no response
15:10:01 robot_arb WARNING Entry failed: leg_a_place_failed
15:11:37 robot_arb INFO Account changed → 1225953-EDP
15:11:38 robot_arb INFO Param updated: ticker_a = GAZP (was GAZP)
15:11:38 robot_arb INFO Param updated: symbol_a = GAZP@RTSX (was GAZP@RTSX)
15:11:38 robot_arb INFO Param updated: ticker_b = GZU6 (was GZU6)
15:11:38 robot_arb INFO Param updated: symbol_b = GZU6@RTSX (was GZU6@RTSX)
15:11:38 robot_arb INFO Param updated: lots_a = 10 (was 10)
15:11:38 robot_arb INFO Param updated: lots_b = 1 (was 1)
15:11:38 robot_arb INFO Param updated: hedge_ratio = 10 (was 10)
15:11:38 robot_arb INFO Param updated: capital = 20000 (was 20000)
15:11:38 robot_arb INFO Param updated: entry_z = 1.5 (was 1.5)
15:11:38 robot_arb INFO Param updated: entry_z_long = -5.7 (was -5.7)
15:11:38 robot_arb INFO Param updated: entry_mode = zscore (was zscore)
15:11:38 robot_arb INFO Param updated: spread_rub_high = 312 (was 312)
15:11:38 robot_arb INFO Param updated: spread_rub_low = 270 (was 270)
15:11:38 robot_arb INFO Param updated: risk_free_rate = 0.1425 (was 0.1425)
15:11:38 robot_arb INFO Param updated: expiration_date = 2026-09-18 (was 2026-09-18)
15:11:38 robot_arb INFO Param updated: contract_size = 100 (was 100)
15:11:38 robot_arb INFO Param updated: lookback = 200 (was 200)
15:11:38 robot_arb INFO Param updated: leg_a_timeout = 5 (was 5)
15:11:38 robot_arb INFO Param updated: min_fill_ratio = 0.5 (was 0.5)
15:11:38 robot_arb INFO Param updated: min_profit_type = rub (was rub)
15:11:38 robot_arb INFO Param updated: min_profit_value = 7.77 (was 7.77)
15:11:38 robot_arb INFO Param updated: risk_type = stop_loss_rub (was stop_loss_rub)
15:11:38 robot_arb INFO Param updated: risk_value = 500000 (was 500000)
15:11:38 robot_arb INFO Param updated: allow_long_basis = True (was True)
15:11:38 robot_arb INFO Param updated: use_commission = True (was True)
15:11:38 robot_arb INFO Param updated: commission_stock_pct = 0.035 (was 0.035)
15:11:38 robot_arb INFO Param updated: commission_futures_rt = 0.9 (was 0.9)
15:12:24 robot_arb INFO ⚠️ CHECK_ENTRY returned signal: {'action': 'entry', 'side': 'short_basis', 'z': 1.7591241093707295, 'basis': 8879.5, 'price_a': 95.45, 'price_b': 9834.0}
15:12:24 robot_arb INFO ENTRY SIGNAL short_basis | Z=1.76 basis=8879.50 | A=95.45 B=9834.00 | limit buy 10 @ 95.45 | market sell 1 @ 9829.08
15:12:24 orders_arb ERROR gRPC order error (GAZP@RTSX buy 10@95.45): code=StatusCode.INTERNAL details=Jwt token check failed: UNAUTHENTICATED: Token is expired
15:12:24 orders_arb WARNING gRPC limit failed, falling back to DP server
15:12:24 orders_arb ERROR Limit order error (GAZP@RTSX buy 10@95.45): no response
15:12:24 robot_arb WARNING Entry failed: leg_a_place_failed
15:13:07 robot_arb INFO ⚠️ CHECK_ENTRY returned signal: {'action': 'entry', 'side': 'short_basis', 'z': 1.8459362336286396, 'basis': 8879.4, 'price_a': 95.46, 'price_b': 9834.0}
15:13:07 robot_arb INFO ENTRY SIGNAL short_basis | Z=1.85 basis=8879.40 | A=95.46 B=9834.00 | limit buy 10 @ 95.47 | market sell 1 @ 9829.08
15:13:07 orders_arb ERROR gRPC order error (GAZP@RTSX buy 10@95.47): code=StatusCode.INTERNAL details=Jwt token check failed: UNAUTHENTICATED: Token is expired
15:13:07 orders_arb WARNING gRPC limit failed, falling back to DP server
15:13:07 orders_arb ERROR Limit order error (GAZP@RTSX buy 10@95.47): no response
15:13:07 robot_arb WARNING Entry failed: leg_a_place_failed
15:14:19 robot_arb INFO ⚠️ CHECK_ENTRY returned signal: {'action': 'entry', 'side': 'short_basis', 'z': 1.51061419569902, 'basis': 8878.3, 'price_a': 95.47, 'price_b': 9833.0}
15:14:19 robot_arb INFO ENTRY SIGNAL short_basis | Z=1.51 basis=8878.30 | A=95.47 B=9833.00 | limit buy 10 @ 95.47 | market sell 1 @ 9828.08
15:14:19 orders_arb ERROR gRPC order error (GAZP@RTSX buy 10@95.47): code=StatusCode.INTERNAL details=Jwt token check failed: UNAUTHENTICATED: Token is expired
15:14:19 orders_arb WARNING gRPC limit failed, falling back to DP server
15:14:19 orders_arb ERROR Limit order error (GAZP@RTSX buy 10@95.47): no response
15:14:19 robot_arb WARNING Entry failed: leg_a_place_failed
15:15:05 robot_arb INFO ⚠️ CHECK_ENTRY returned signal: {'action': 'entry', 'side': 'short_basis', 'z': 2.8759648515662133, 'basis': 8879.6, 'price_a': 95.44, 'price_b': 9834.0}
15:15:05 robot_arb INFO ENTRY SIGNAL short_basis | Z=2.88 basis=8879.60 | A=95.44 B=9834.00 | limit buy 10 @ 95.43 | market sell 1 @ 9829.08
15:15:05 orders_arb ERROR gRPC order error (GAZP@RTSX buy 10@95.43): code=StatusCode.INTERNAL details=Jwt token check failed: UNAUTHENTICATED: Token is expired
15:15:05 orders_arb WARNING gRPC limit failed, falling back to DP server
15:15:05 orders_arb ERROR Limit order error (GAZP@RTSX buy 10@95.43): no response
15:15:05 robot_arb WARNING Entry failed: leg_a_place_failed
15:15:46 robot_arb INFO Account changed → 1225953-EDP
15:15:46 robot_arb INFO Param updated: ticker_a = GAZP (was GAZP)
15:15:46 robot_arb INFO Param updated: symbol_a = GAZP@RTSX (was GAZP@RTSX)
15:15:46 robot_arb INFO Param updated: ticker_b = GZU6 (was GZU6)
15:15:46 robot_arb INFO Param updated: symbol_b = GZU6@RTSX (was GZU6@RTSX)
15:15:46 robot_arb INFO Param updated: lots_a = 1 (was 10)
15:15:46 robot_arb INFO Param updated: lots_b = 1 (was 1)
15:15:46 robot_arb INFO Param updated: hedge_ratio = 10 (was 10)
15:15:46 robot_arb INFO Param updated: capital = 20000 (was 20000)
15:15:46 robot_arb INFO Param updated: entry_z = 1.5 (was 1.5)
15:15:46 robot_arb INFO Param updated: entry_z_long = -5.7 (was -5.7)
15:15:46 robot_arb INFO Param updated: entry_mode = zscore (was zscore)
15:15:46 robot_arb INFO Param updated: spread_rub_high = 312 (was 312)
15:15:46 robot_arb INFO Param updated: spread_rub_low = 270 (was 270)
15:15:46 robot_arb INFO Param updated: risk_free_rate = 0.1425 (was 0.1425)
15:15:46 robot_arb INFO Param updated: expiration_date = 2026-09-18 (was 2026-09-18)
15:15:46 robot_arb INFO Param updated: contract_size = 100 (was 100)
15:15:46 robot_arb INFO Param updated: lookback = 200 (was 200)
15:15:46 robot_arb INFO Param updated: leg_a_timeout = 5 (was 5)
15:15:46 robot_arb INFO Param updated: min_fill_ratio = 0.5 (was 0.5)
15:15:46 robot_arb INFO Param updated: min_profit_type = rub (was rub)
15:15:46 robot_arb INFO Param updated: min_profit_value = 7.77 (was 7.77)
15:15:46 robot_arb INFO Param updated: risk_type = stop_loss_rub (was stop_loss_rub)
15:15:46 robot_arb INFO Param updated: risk_value = 500000 (was 500000)
15:15:46 robot_arb INFO Param updated: allow_long_basis = True (was True)
15:15:46 robot_arb INFO Param updated: use_commission = True (was True)
15:15:46 robot_arb INFO Param updated: commission_stock_pct = 0.035 (was 0.035)
15:15:46 robot_arb INFO Param updated: commission_futures_rt = 0.9 (was 0.9)
15:15:48 robot_arb INFO Account changed → 1225953-EDP
15:15:49 robot_arb INFO Param updated: ticker_a = GAZP (was GAZP)
15:15:49 robot_arb INFO Param updated: symbol_a = GAZP@RTSX (was GAZP@RTSX)
15:15:49 robot_arb INFO Param updated: ticker_b = GZU6 (was GZU6)
15:15:49 robot_arb INFO Param updated: symbol_b = GZU6@RTSX (was GZU6@RTSX)
15:15:49 robot_arb INFO Param updated: lots_a = 1 (was 1)
15:15:49 robot_arb INFO Param updated: lots_b = 1 (was 1)
15:15:49 robot_arb INFO Param updated: hedge_ratio = 10 (was 10)
15:15:49 robot_arb INFO Param updated: capital = 20000 (was 20000)
15:15:49 robot_arb INFO Param updated: entry_z = 1.5 (was 1.5)
15:15:49 robot_arb INFO Param updated: entry_z_long = -5.7 (was -5.7)
15:15:49 robot_arb INFO Param updated: entry_mode = zscore (was zscore)
15:15:49 robot_arb INFO Param updated: spread_rub_high = 312 (was 312)
15:15:49 robot_arb INFO Param updated: spread_rub_low = 270 (was 270)
15:15:49 robot_arb INFO Param updated: risk_free_rate = 0.1425 (was 0.1425)
15:15:49 robot_arb INFO Param updated: expiration_date = 2026-09-18 (was 2026-09-18)
15:15:49 robot_arb INFO Param updated: contract_size = 100 (was 100)
15:15:49 robot_arb INFO Param updated: lookback = 200 (was 200)
15:15:49 robot_arb INFO Param updated: leg_a_timeout = 5 (was 5)
15:15:49 robot_arb INFO Param updated: min_fill_ratio = 0.5 (was 0.5)
15:15:49 robot_arb INFO Param updated: min_profit_type = rub (was rub)
15:15:49 robot_arb INFO Param updated: min_profit_value = 7.77 (was 7.77)
15:15:49 robot_arb INFO Param updated: risk_type = stop_loss_rub (was stop_loss_rub)
15:15:49 robot_arb INFO Param updated: risk_value = 500000 (was 500000)
15:15:49 robot_arb INFO Param updated: allow_long_basis = True (was True)
15:15:49 robot_arb INFO Param updated: use_commission = True (was True)
15:15:49 robot_arb INFO Param updated: commission_stock_pct = 0.035 (was 0.035)
15:15:49 robot_arb INFO Param updated: commission_futures_rt = 0.9 (was 0.9)
15:15:53 robot_arb INFO ⚠️ CHECK_ENTRY returned signal: {'action': 'entry', 'side': 'short_basis', 'z': 2.078356202664459, 'basis': 8875.1, 'price_a': 95.39, 'price_b': 9829.0}
15:15:53 robot_arb INFO ENTRY SIGNAL short_basis | Z=2.08 basis=8875.10 | A=95.39 B=9829.00 | limit buy 1 @ 95.40 | market sell 1 @ 9824.09
15:15:53 orders_arb ERROR gRPC order error (GAZP@RTSX buy 1@95.4): code=StatusCode.INTERNAL details=Jwt token check failed: UNAUTHENTICATED: Token is expired
15:15:53 orders_arb WARNING gRPC limit failed, falling back to DP server
15:15:53 orders_arb ERROR Limit order error (GAZP@RTSX buy 1@95.4): no response
15:15:53 robot_arb WARNING Entry failed: leg_a_place_failed
15:15:59 robot_arb INFO Account changed → 1225953-EDP
15:15:59 robot_arb INFO Param updated: ticker_a = GAZP (was GAZP)
15:15:59 robot_arb INFO Param updated: symbol_a = GAZP@RTSX (was GAZP@RTSX)
15:15:59 robot_arb INFO Param updated: ticker_b = GZU6 (was GZU6)
15:15:59 robot_arb INFO Param updated: symbol_b = GZU6@RTSX (was GZU6@RTSX)
15:15:59 robot_arb INFO Param updated: lots_a = 1 (was 1)
15:15:59 robot_arb INFO Param updated: lots_b = 1 (was 1)
15:15:59 robot_arb INFO Param updated: hedge_ratio = 10 (was 10)
15:15:59 robot_arb INFO Param updated: capital = 20000 (was 20000)
15:15:59 robot_arb INFO Param updated: entry_z = 1.5 (was 1.5)
15:15:59 robot_arb INFO Param updated: entry_z_long = -5.7 (was -5.7)
15:15:59 robot_arb INFO Param updated: entry_mode = zscore (was zscore)
15:15:59 robot_arb INFO Param updated: spread_rub_high = 312 (was 312)
15:15:59 robot_arb INFO Param updated: spread_rub_low = 270 (was 270)
15:15:59 robot_arb INFO Param updated: risk_free_rate = 0.1425 (was 0.1425)
15:15:59 robot_arb INFO Param updated: expiration_date = 2026-09-18 (was 2026-09-18)
15:15:59 robot_arb INFO Param updated: contract_size = 100 (was 100)
15:15:59 robot_arb INFO Param updated: lookback = 200 (was 200)
15:15:59 robot_arb INFO Param updated: leg_a_timeout = 5 (was 5)
15:15:59 robot_arb INFO Param updated: min_fill_ratio = 0.5 (was 0.5)
15:15:59 robot_arb INFO Param updated: min_profit_type = rub (was rub)
15:15:59 robot_arb INFO Param updated: min_profit_value = 7.77 (was 7.77)
15:15:59 robot_arb INFO Param updated: risk_type = stop_loss_rub (was stop_loss_rub)
15:15:59 robot_arb INFO Param updated: risk_value = 500000 (was 500000)
15:15:59 robot_arb INFO Param updated: allow_long_basis = True (was True)
15:15:59 robot_arb INFO Param updated: use_commission = True (was True)
15:15:59 robot_arb INFO Param updated: commission_stock_pct = 0.035 (was 0.035)
15:15:59 robot_arb INFO Param updated: commission_futures_rt = 0.9 (was 0.9)
15:16:12 robot_arb INFO Account changed → 1225953-EDP
15:16:12 robot_arb INFO Param updated: ticker_a = GAZP (was GAZP)
15:16:12 robot_arb INFO Param updated: symbol_a = GAZP@RTSX (was GAZP@RTSX)
15:16:12 robot_arb INFO Param updated: ticker_b = GZU6 (was GZU6)
15:16:12 robot_arb INFO Param updated: symbol_b = GZU6@RTSX (was GZU6@RTSX)
15:16:12 robot_arb INFO Param updated: lots_a = 10 (was 1)
15:16:12 robot_arb INFO Param updated: lots_b = 1 (was 1)
15:16:12 robot_arb INFO Param updated: hedge_ratio = 10 (was 10)
15:16:12 robot_arb INFO Param updated: capital = 20000 (was 20000)
15:16:12 robot_arb INFO Param updated: entry_z = 1.5 (was 1.5)
15:16:12 robot_arb INFO Param updated: entry_z_long = -5.7 (was -5.7)
15:16:12 robot_arb INFO Param updated: entry_mode = zscore (was zscore)
15:16:12 robot_arb INFO Param updated: spread_rub_high = 312 (was 312)
15:16:12 robot_arb INFO Param updated: spread_rub_low = 270 (was 270)
15:16:12 robot_arb INFO Param updated: risk_free_rate = 0.1425 (was 0.1425)
15:16:12 robot_arb INFO Param updated: expiration_date = 2026-09-18 (was 2026-09-18)
15:16:12 robot_arb INFO Param updated: contract_size = 100 (was 100)
15:16:12 robot_arb INFO Param updated: lookback = 200 (was 200)
15:16:12 robot_arb INFO Param updated: leg_a_timeout = 5 (was 5)
15:16:12 robot_arb INFO Param updated: min_fill_ratio = 0.5 (was 0.5)
15:16:12 robot_arb INFO Param updated: min_profit_type = rub (was rub)
15:16:12 robot_arb INFO Param updated: min_profit_value = 7.77 (was 7.77)
15:16:12 robot_arb INFO Param updated: risk_type = stop_loss_rub (was stop_loss_rub)
15:16:12 robot_arb INFO Param updated: risk_value = 500000 (was 500000)
15:16:12 robot_arb INFO Param updated: allow_long_basis = True (was True)
15:16:12 robot_arb INFO Param updated: use_commission = True (was True)
15:16:12 robot_arb INFO Param updated: commission_stock_pct = 0.035 (was 0.035)
15:16:12 robot_arb INFO Param updated: commission_futures_rt = 0.9 (was 0.9)
15:16:22 robot_arb INFO ⚠️ CHECK_ENTRY returned signal: {'action': 'entry', 'side': 'short_basis', 'z': 1.6486148884207905, 'basis': 8875.9, 'price_a': 95.41, 'price_b': 9830.0}
15:16:22 robot_arb INFO ENTRY SIGNAL short_basis | Z=1.65 basis=8875.90 | A=95.41 B=9830.00 | limit buy 10 @ 95.42 | market sell 1 @ 9825.08
15:16:22 orders_arb ERROR gRPC order error (GAZP@RTSX buy 10@95.42): code=StatusCode.INTERNAL details=Jwt token check failed: UNAUTHENTICATED: Token is expired
15:16:22 orders_arb WARNING gRPC limit failed, falling back to DP server
15:16:22 orders_arb ERROR Limit order error (GAZP@RTSX buy 10@95.42): no response
15:16:22 robot_arb WARNING Entry failed: leg_a_place_failed
15:18:30 robot_arb INFO ⚠️ CHECK_ENTRY returned signal: {'action': 'entry', 'side': 'short_basis', 'z': 1.5124274168834735, 'basis': 8873.9, 'price_a': 95.41, 'price_b': 9828.0}
15:18:30 robot_arb INFO ENTRY SIGNAL short_basis | Z=1.51 basis=8873.90 | A=95.41 B=9828.00 | limit buy 10 @ 95.42 | market sell 1 @ 9823.09
15:18:30 orders_arb ERROR gRPC order error (GAZP@RTSX buy 10@95.42): code=StatusCode.INTERNAL details=Jwt token check failed: UNAUTHENTICATED: Token is expired
15:18:30 orders_arb WARNING gRPC limit failed, falling back to DP server
15:18:30 orders_arb ERROR Limit order error (GAZP@RTSX buy 10@95.42): no response
15:18:30 robot_arb WARNING Entry failed: leg_a_place_failed
15:19:11 robot_arb INFO ⚠️ CHECK_ENTRY returned signal: {'action': 'entry', 'side': 'short_basis', 'z': 2.509296900302025, 'basis': 8877.0, 'price_a': 95.4, 'price_b': 9831.0}
15:19:11 robot_arb INFO ENTRY SIGNAL short_basis | Z=2.51 basis=8877.00 | A=95.40 B=9831.00 | limit buy 10 @ 95.40 | market sell 1 @ 9826.08
15:19:11 orders_arb ERROR gRPC order error (GAZP@RTSX buy 10@95.4): code=StatusCode.INTERNAL details=Jwt token check failed: UNAUTHENTICATED: Token is expired
15:19:11 orders_arb WARNING gRPC limit failed, falling back to DP server
15:19:11 orders_arb ERROR Limit order error (GAZP@RTSX buy 10@95.4): no response
15:19:11 robot_arb WARNING Entry failed: leg_a_place_failed
15:19:23 robot_arb INFO ⚠️ CHECK_ENTRY returned signal: {'action': 'entry', 'side': 'short_basis', 'z': 1.8610252299943857, 'basis': 8874.0, 'price_a': 95.4, 'price_b': 9828.0}
15:19:23 robot_arb INFO ENTRY SIGNAL short_basis | Z=1.86 basis=8874.00 | A=95.40 B=9828.00 | limit buy 10 @ 95.40 | market sell 1 @ 9823.09
15:19:24 orders_arb ERROR gRPC order error (GAZP@RTSX buy 10@95.4): code=StatusCode.INTERNAL details=Jwt token check failed: UNAUTHENTICATED: Token is expired
15:19:24 orders_arb WARNING gRPC limit failed, falling back to DP server
15:19:24 orders_arb ERROR Limit order error (GAZP@RTSX buy 10@95.4): no response
15:19:24 robot_arb WARNING Entry failed: leg_a_place_failed
15:19:34 robot_arb INFO ⚠️ CHECK_ENTRY returned signal: {'action': 'entry', 'side': 'short_basis', 'z': 2.7130277138878776, 'basis': 8878.0, 'price_a': 95.4, 'price_b': 9832.0}
15:19:34 robot_arb INFO ENTRY SIGNAL short_basis | Z=2.71 basis=8878.00 | A=95.40 B=9832.00 | limit buy 10 @ 95.39 | market sell 1 @ 9827.08
15:19:34 orders_arb ERROR gRPC order error (GAZP@RTSX buy 10@95.39): code=StatusCode.INTERNAL details=Jwt token check failed: UNAUTHENTICATED: Token is expired
15:19:34 orders_arb WARNING gRPC limit failed, falling back to DP server
15:19:34 orders_arb ERROR Limit order error (GAZP@RTSX buy 10@95.39): no response
15:19:34 robot_arb WARNING Entry failed: leg_a_place_failed
15:19:47 robot_arb INFO ⚠️ CHECK_ENTRY returned signal: {'action': 'entry', 'side': 'short_basis', 'z': 1.9833429043023652, 'basis': 8889.4, 'price_a': 95.56, 'price_b': 9845.0}
15:19:47 robot_arb INFO ENTRY SIGNAL short_basis | Z=1.98 basis=8889.40 | A=95.56 B=9845.00 | limit buy 10 @ 95.55 | market sell 1 @ 9840.08
15:19:47 orders_arb ERROR gRPC order error (GAZP@RTSX buy 10@95.55): code=StatusCode.INTERNAL details=Jwt token check failed: UNAUTHENTICATED: Token is expired
15:19:47 orders_arb WARNING gRPC limit failed, falling back to DP server
15:19:47 orders_arb ERROR Limit order error (GAZP@RTSX buy 10@95.55): no response
15:19:47 robot_arb WARNING Entry failed: leg_a_place_failed
15:20:42 robot_arb INFO Account changed → 1225953-EDP
15:20:42 robot_arb INFO Param updated: ticker_a = GAZP (was GAZP)
15:20:42 robot_arb INFO Param updated: symbol_a = GAZP@RTSX (was GAZP@RTSX)
15:20:42 robot_arb INFO Param updated: ticker_b = GZU6 (was GZU6)
15:20:42 robot_arb INFO Param updated: symbol_b = GZU6@RTSX (was GZU6@RTSX)
15:20:42 robot_arb INFO Param updated: lots_a = 10 (was 10)
15:20:42 robot_arb INFO Param updated: lots_b = 1 (was 1)
15:20:42 robot_arb INFO Param updated: hedge_ratio = 10 (was 10)
15:20:42 robot_arb INFO Param updated: capital = 20000 (was 20000)
15:20:42 robot_arb INFO Param updated: entry_z = 1.5 (was 1.5)
15:20:42 robot_arb INFO Param updated: entry_z_long = -5.7 (was -5.7)
15:20:42 robot_arb INFO Param updated: entry_mode = zscore (was zscore)
15:20:42 robot_arb INFO Param updated: spread_rub_high = 312 (was 312)
15:20:42 robot_arb INFO Param updated: spread_rub_low = 270 (was 270)
15:20:42 robot_arb INFO Param updated: risk_free_rate = 0.1425 (was 0.1425)
15:20:42 robot_arb INFO Param updated: expiration_date = 2026-09-18 (was 2026-09-18)
15:20:42 robot_arb INFO Param updated: contract_size = 100 (was 100)
15:20:42 robot_arb INFO Param updated: lookback = 200 (was 200)
15:20:42 robot_arb INFO Param updated: leg_a_timeout = 5 (was 5)
15:20:42 robot_arb INFO Param updated: min_fill_ratio = 0.5 (was 0.5)
15:20:42 robot_arb INFO Param updated: min_profit_type = rub (was rub)
15:20:42 robot_arb INFO Param updated: min_profit_value = 7.77 (was 7.77)
15:20:42 robot_arb INFO Param updated: risk_type = stop_loss_rub (was stop_loss_rub)
15:20:42 robot_arb INFO Param updated: risk_value = 500000 (was 500000)
15:20:42 robot_arb INFO Param updated: allow_long_basis = True (was True)
15:20:42 robot_arb INFO Param updated: use_commission = True (was True)
15:20:42 robot_arb INFO Param updated: commission_stock_pct = 0.035 (was 0.035)
15:20:42 robot_arb INFO Param updated: commission_futures_rt = 0.9 (was 0.9)
15:22:38 robot_arb INFO Account changed → 1225953-EDP
15:22:39 robot_arb INFO Param updated: ticker_a = GAZP (was GAZP)
15:22:39 robot_arb INFO Param updated: symbol_a = GAZP@RTSX (was GAZP@RTSX)
15:22:39 robot_arb INFO Param updated: ticker_b = GZU6 (was GZU6)
15:22:39 robot_arb INFO Param updated: symbol_b = GZU6@RTSX (was GZU6@RTSX)
15:22:39 robot_arb INFO Param updated: lots_a = 10 (was 10)
15:22:39 robot_arb INFO Param updated: lots_b = 1 (was 1)
15:22:39 robot_arb INFO Param updated: hedge_ratio = 10 (was 10)
15:22:39 robot_arb INFO Param updated: capital = 20000 (was 20000)
15:22:39 robot_arb INFO Param updated: entry_z = 1.5 (was 1.5)
15:22:39 robot_arb INFO Param updated: entry_z_long = -5.7 (was -5.7)
15:22:39 robot_arb INFO Param updated: entry_mode = zscore (was zscore)
15:22:39 robot_arb INFO Param updated: spread_rub_high = 312 (was 312)
15:22:39 robot_arb INFO Param updated: spread_rub_low = 270 (was 270)
15:22:39 robot_arb INFO Param updated: risk_free_rate = 0.1425 (was 0.1425)
15:22:39 robot_arb INFO Param updated: expiration_date = 2026-09-18 (was 2026-09-18)
15:22:39 robot_arb INFO Param updated: contract_size = 100 (was 100)
15:22:39 robot_arb INFO Param updated: lookback = 200 (was 200)
15:22:39 robot_arb INFO Param updated: leg_a_timeout = 5 (was 5)
15:22:39 robot_arb INFO Param updated: min_fill_ratio = 0.5 (was 0.5)
15:22:39 robot_arb INFO Param updated: min_profit_type = rub (was rub)
15:22:39 robot_arb INFO Param updated: min_profit_value = 7.77 (was 7.77)
15:22:39 robot_arb INFO Param updated: risk_type = stop_loss_rub (was stop_loss_rub)
15:22:39 robot_arb INFO Param updated: risk_value = 500000 (was 500000)
15:22:39 robot_arb INFO Param updated: allow_long_basis = True (was True)
15:22:39 robot_arb INFO Param updated: use_commission = True (was True)
15:22:39 robot_arb INFO Param updated: commission_stock_pct = 0.035 (was 0.035)
15:22:39 robot_arb INFO Param updated: commission_futures_rt = 0.9 (was 0.9)
15:23:00 robot_arb INFO ⚠️ CHECK_ENTRY returned signal: {'action': 'entry', 'side': 'short_basis', 'z': 1.6506693330149416, 'basis': 8910.8, 'price_a': 95.82, 'price_b': 9869.0}
15:23:00 robot_arb INFO ENTRY SIGNAL short_basis | Z=1.65 basis=8910.80 | A=95.82 B=9869.00 | limit buy 10 @ 95.83 | market sell 1 @ 9864.07
15:23:00 orders_arb ERROR gRPC order error (GAZP@RTSX buy 10@95.83): code=StatusCode.INTERNAL details=Jwt token check failed: UNAUTHENTICATED: Token is expired
15:23:00 orders_arb WARNING gRPC limit failed, falling back to DP server
15:23:00 orders_arb ERROR Limit order error (GAZP@RTSX buy 10@95.83): no response
15:23:00 robot_arb WARNING Entry failed: leg_a_place_failed
15:26:06 robot_arb INFO ⚠️ CHECK_ENTRY returned signal: {'action': 'entry', 'side': 'short_basis', 'z': 1.610085688944022, 'basis': 8904.2, 'price_a': 95.78, 'price_b': 9862.0}
15:26:06 robot_arb INFO ENTRY SIGNAL short_basis | Z=1.61 basis=8904.20 | A=95.78 B=9862.00 | limit buy 10 @ 95.78 | market sell 1 @ 9857.07
15:26:06 orders_arb ERROR gRPC order error (GAZP@RTSX buy 10@95.78): code=StatusCode.INTERNAL details=Jwt token check failed: UNAUTHENTICATED: Token is expired
15:26:06 orders_arb WARNING gRPC limit failed, falling back to DP server
15:26:06 orders_arb ERROR Limit order error (GAZP@RTSX buy 10@95.78): no response
15:26:06 robot_arb WARNING Entry failed: leg_a_place_failed
15:26:16 robot_arb INFO ⚠️ CHECK_ENTRY returned signal: {'action': 'entry', 'side': 'short_basis', 'z': 2.403814590895157, 'basis': 8905.3, 'price_a': 95.77, 'price_b': 9863.0}
15:26:16 robot_arb INFO ENTRY SIGNAL short_basis | Z=2.40 basis=8905.30 | A=95.77 B=9863.00 | limit buy 10 @ 95.77 | market sell 1 @ 9858.07
15:26:16 orders_arb ERROR gRPC order error (GAZP@RTSX buy 10@95.77): code=StatusCode.INTERNAL details=Jwt token check failed: UNAUTHENTICATED: Token is expired
15:26:16 orders_arb WARNING gRPC limit failed, falling back to DP server
15:26:16 orders_arb ERROR Limit order error (GAZP@RTSX buy 10@95.77): no response
15:26:16 robot_arb WARNING Entry failed: leg_a_place_failed
15:26:43 robot_arb INFO ⚠️ CHECK_ENTRY returned signal: {'action': 'entry', 'side': 'short_basis', 'z': 2.7924734098609725, 'basis': 8909.9, 'price_a': 95.81, 'price_b': 9868.0}
15:26:43 robot_arb INFO ENTRY SIGNAL short_basis | Z=2.79 basis=8909.90 | A=95.81 B=9868.00 | limit buy 10 @ 95.81 | market sell 1 @ 9863.07
15:26:43 orders_arb ERROR gRPC order error (GAZP@RTSX buy 10@95.81): code=StatusCode.INTERNAL details=Jwt token check failed: UNAUTHENTICATED: Token is expired
15:26:43 orders_arb WARNING gRPC limit failed, falling back to DP server
15:26:43 orders_arb ERROR Limit order error (GAZP@RTSX buy 10@95.81): no response
15:26:43 robot_arb WARNING Entry failed: leg_a_place_failed
15:27:10 robot_arb INFO ⚠️ CHECK_ENTRY returned signal: {'action': 'entry', 'side': 'short_basis', 'z': 2.4818879573008723, 'basis': 8911.7, 'price_a': 95.83, 'price_b': 9870.0}
15:27:10 robot_arb INFO ENTRY SIGNAL short_basis | Z=2.48 basis=8911.70 | A=95.83 B=9870.00 | limit buy 10 @ 95.87 | market sell 1 @ 9865.07
15:27:10 orders_arb ERROR gRPC order error (GAZP@RTSX buy 10@95.87): code=StatusCode.INTERNAL details=Jwt token check failed: UNAUTHENTICATED: Token is expired
15:27:10 orders_arb WARNING gRPC limit failed, falling back to DP server
15:27:10 orders_arb ERROR Limit order error (GAZP@RTSX buy 10@95.87): no response
15:27:10 robot_arb WARNING Entry failed: leg_a_place_failed
15:29:51 robot_arb INFO ⚠️ CHECK_ENTRY returned signal: {'action': 'entry', 'side': 'short_basis', 'z': 1.624121148816478, 'basis': 8898.0, 'price_a': 95.7, 'price_b': 9855.0}
15:29:51 robot_arb INFO ENTRY SIGNAL short_basis | Z=1.62 basis=8898.00 | A=95.70 B=9855.00 | limit buy 10 @ 95.71 | market sell 1 @ 9850.07
15:29:51 orders_arb ERROR gRPC order error (GAZP@RTSX buy 10@95.71): code=StatusCode.INTERNAL details=Jwt token check failed: UNAUTHENTICATED: Token is expired
15:29:51 orders_arb WARNING gRPC limit failed, falling back to DP server
15:29:51 orders_arb ERROR Limit order error (GAZP@RTSX buy 10@95.71): no response
15:29:51 robot_arb WARNING Entry failed: leg_a_place_failed
15:30:01 robot_arb INFO ⚠️ CHECK_ENTRY returned signal: {'action': 'entry', 'side': 'short_basis', 'z': 1.537269890498827, 'basis': 8898.0, 'price_a': 95.7, 'price_b': 9855.0}
15:30:01 robot_arb INFO ENTRY SIGNAL short_basis | Z=1.54 basis=8898.00 | A=95.70 B=9855.00 | limit buy 10 @ 95.71 | market sell 1 @ 9850.07
15:30:01 orders_arb ERROR gRPC order error (GAZP@RTSX buy 10@95.71): code=StatusCode.INTERNAL details=Jwt token check failed: UNAUTHENTICATED: Token is expired
15:30:01 orders_arb WARNING gRPC limit failed, falling back to DP server
15:30:01 orders_arb ERROR Limit order error (GAZP@RTSX buy 10@95.71): no response
15:30:01 robot_arb WARNING Entry failed: leg_a_place_failed
15:30:31 robot_arb INFO ⚠️ CHECK_ENTRY returned signal: {'action': 'entry', 'side': 'short_basis', 'z': 1.6538918045109579, 'basis': 8886.3, 'price_a': 95.57, 'price_b': 9842.0}
15:30:31 robot_arb INFO ENTRY SIGNAL short_basis | Z=1.65 basis=8886.30 | A=95.57 B=9842.00 | limit buy 10 @ 95.60 | market sell 1 @ 9837.08
15:30:31 orders_arb ERROR gRPC order error (GAZP@RTSX buy 10@95.6): code=StatusCode.INTERNAL details=Jwt token check failed: UNAUTHENTICATED: Token is expired
15:30:31 orders_arb WARNING gRPC limit failed, falling back to DP server
15:30:31 orders_arb ERROR Limit order error (GAZP@RTSX buy 10@95.6): no response
15:30:31 robot_arb WARNING Entry failed: leg_a_place_failed
15:30:50 robot_arb INFO ⚠️ CHECK_ENTRY returned signal: {'action': 'entry', 'side': 'short_basis', 'z': 2.1664567066735327, 'basis': 8890.0, 'price_a': 95.6, 'price_b': 9846.0}
15:30:50 robot_arb INFO ENTRY SIGNAL short_basis | Z=2.17 basis=8890.00 | A=95.60 B=9846.00 | limit buy 10 @ 95.60 | market sell 1 @ 9841.08
15:30:50 orders_arb ERROR gRPC order error (GAZP@RTSX buy 10@95.6): code=StatusCode.INTERNAL details=Jwt token check failed: UNAUTHENTICATED: Token is expired
15:30:50 orders_arb WARNING gRPC limit failed, falling back to DP server
15:30:50 orders_arb ERROR Limit order error (GAZP@RTSX buy 10@95.6): no response
15:30:50 robot_arb WARNING Entry failed: leg_a_place_failed
15:31:00 robot_arb INFO ⚠️ CHECK_ENTRY returned signal: {'action': 'entry', 'side': 'short_basis', 'z': 1.587489517283251, 'basis': 8889.9, 'price_a': 95.61, 'price_b': 9846.0}
15:31:00 robot_arb INFO ENTRY SIGNAL short_basis | Z=1.59 basis=8889.90 | A=95.61 B=9846.00 | limit buy 10 @ 95.61 | market sell 1 @ 9841.08
15:31:00 orders_arb ERROR gRPC order error (GAZP@RTSX buy 10@95.61): code=StatusCode.INTERNAL details=Jwt token check failed: UNAUTHENTICATED: Token is expired
15:31:00 orders_arb WARNING gRPC limit failed, falling back to DP server
15:31:00 orders_arb ERROR Limit order error (GAZP@RTSX buy 10@95.61): no response
15:31:00 robot_arb WARNING Entry failed: leg_a_place_failed
15:31:10 robot_arb INFO ⚠️ CHECK_ENTRY returned signal: {'action': 'entry', 'side': 'short_basis', 'z': 2.2180593150102768, 'basis': 8890.1, 'price_a': 95.59, 'price_b': 9846.0}
15:31:10 robot_arb INFO ENTRY SIGNAL short_basis | Z=2.22 basis=8890.10 | A=95.59 B=9846.00 | limit buy 10 @ 95.60 | market sell 1 @ 9841.08
15:31:10 orders_arb ERROR gRPC order error (GAZP@RTSX buy 10@95.6): code=StatusCode.INTERNAL details=Jwt token check failed: UNAUTHENTICATED: Token is expired
15:31:10 orders_arb WARNING gRPC limit failed, falling back to DP server
15:31:10 orders_arb ERROR Limit order error (GAZP@RTSX buy 10@95.6): no response
15:31:10 robot_arb WARNING Entry failed: leg_a_place_failed
15:31:20 robot_arb INFO ⚠️ CHECK_ENTRY returned signal: {'action': 'entry', 'side': 'short_basis', 'z': 1.938974975816821, 'basis': 8890.1, 'price_a': 95.59, 'price_b': 9846.0}
15:31:20 robot_arb INFO ENTRY SIGNAL short_basis | Z=1.94 basis=8890.10 | A=95.59 B=9846.00 | limit buy 10 @ 95.59 | market sell 1 @ 9841.08
15:31:20 orders_arb ERROR gRPC order error (GAZP@RTSX buy 10@95.59): code=StatusCode.INTERNAL details=Jwt token check failed: UNAUTHENTICATED: Token is expired
15:31:20 orders_arb WARNING gRPC limit failed, falling back to DP server
15:31:21 orders_arb ERROR Limit order error (GAZP@RTSX buy 10@95.59): no response
15:31:21 robot_arb WARNING Entry failed: leg_a_place_failed
15:35:36 robot_arb INFO ⚠️ CHECK_ENTRY returned signal: {'action': 'entry', 'side': 'short_basis', 'z': 1.6051191565433547, 'basis': 8879.9, 'price_a': 95.51, 'price_b': 9835.0}
15:35:36 robot_arb INFO ENTRY SIGNAL short_basis | Z=1.61 basis=8879.90 | A=95.51 B=9835.00 | limit buy 10 @ 95.52 | market sell 1 @ 9830.08
15:35:36 orders_arb ERROR gRPC order error (GAZP@RTSX buy 10@95.52): code=StatusCode.INTERNAL details=Jwt token check failed: UNAUTHENTICATED: Token is expired
15:35:36 orders_arb WARNING gRPC limit failed, falling back to DP server
15:35:36 orders_arb ERROR Limit order error (GAZP@RTSX buy 10@95.52): no response
15:35:36 robot_arb WARNING Entry failed: leg_a_place_failed
15:35:49 robot_arb INFO ⚠️ CHECK_ENTRY returned signal: {'action': 'entry', 'side': 'short_basis', 'z': 1.5167140687856024, 'basis': 8879.9, 'price_a': 95.51, 'price_b': 9835.0}
15:35:49 robot_arb INFO ENTRY SIGNAL short_basis | Z=1.52 basis=8879.90 | A=95.51 B=9835.00 | limit buy 10 @ 95.51 | market sell 1 @ 9830.08
15:35:50 orders_arb ERROR gRPC order error (GAZP@RTSX buy 10@95.51): code=StatusCode.INTERNAL details=Jwt token check failed: UNAUTHENTICATED: Token is expired
15:35:50 orders_arb WARNING gRPC limit failed, falling back to DP server
15:35:50 orders_arb ERROR Limit order error (GAZP@RTSX buy 10@95.51): no response
15:35:50 robot_arb WARNING Entry failed: leg_a_place_failed
15:36:21 robot_arb INFO ⚠️ CHECK_ENTRY returned signal: {'action': 'entry', 'side': 'short_basis', 'z': 2.5619823004225535, 'basis': 8886.4, 'price_a': 95.56, 'price_b': 9842.0}
15:36:21 robot_arb INFO ENTRY SIGNAL short_basis | Z=2.56 basis=8886.40 | A=95.56 B=9842.00 | limit buy 10 @ 95.56 | market sell 1 @ 9837.08
15:36:21 orders_arb ERROR gRPC order error (GAZP@RTSX buy 10@95.56): code=StatusCode.INTERNAL details=Jwt token check failed: UNAUTHENTICATED: Token is expired
15:36:21 orders_arb WARNING gRPC limit failed, falling back to DP server
15:36:21 orders_arb ERROR Limit order error (GAZP@RTSX buy 10@95.56): no response
15:36:21 robot_arb WARNING Entry failed: leg_a_place_failed
15:36:31 robot_arb INFO ⚠️ CHECK_ENTRY returned signal: {'action': 'entry', 'side': 'short_basis', 'z': 2.127817003821021, 'basis': 8886.4, 'price_a': 95.56, 'price_b': 9842.0}
15:36:31 robot_arb INFO ENTRY SIGNAL short_basis | Z=2.13 basis=8886.40 | A=95.56 B=9842.00 | limit buy 10 @ 95.58 | market sell 1 @ 9837.08
15:36:31 orders_arb ERROR gRPC order error (GAZP@RTSX buy 10@95.58): code=StatusCode.INTERNAL details=Jwt token check failed: UNAUTHENTICATED: Token is expired
15:36:31 orders_arb WARNING gRPC limit failed, falling back to DP server
15:36:31 orders_arb ERROR Limit order error (GAZP@RTSX buy 10@95.58): no response
15:36:31 robot_arb WARNING Entry failed: leg_a_place_failed
15:36:41 robot_arb INFO ⚠️ CHECK_ENTRY returned signal: {'action': 'entry', 'side': 'short_basis', 'z': 2.2525234832080905, 'basis': 8885.6, 'price_a': 95.54, 'price_b': 9841.0}
15:36:41 robot_arb INFO ENTRY SIGNAL short_basis | Z=2.25 basis=8885.60 | A=95.54 B=9841.00 | limit buy 10 @ 95.54 | market sell 1 @ 9836.08
15:36:41 orders_arb ERROR gRPC order error (GAZP@RTSX buy 10@95.54): code=StatusCode.INTERNAL details=Jwt token check failed: UNAUTHENTICATED: Token is expired
15:36:41 orders_arb WARNING gRPC limit failed, falling back to DP server
15:36:41 orders_arb ERROR Limit order error (GAZP@RTSX buy 10@95.54): no response
15:36:41 robot_arb WARNING Entry failed: leg_a_place_failed
15:36:51 robot_arb INFO ⚠️ CHECK_ENTRY returned signal: {'action': 'entry', 'side': 'short_basis', 'z': 2.264212191537333, 'basis': 8885.7, 'price_a': 95.53, 'price_b': 9841.0}
15:36:51 robot_arb INFO ENTRY SIGNAL short_basis | Z=2.26 basis=8885.70 | A=95.53 B=9841.00 | limit buy 10 @ 95.53 | market sell 1 @ 9836.08
15:36:52 orders_arb ERROR gRPC order error (GAZP@RTSX buy 10@95.53): code=StatusCode.INTERNAL details=Jwt token check failed: UNAUTHENTICATED: Token is expired
15:36:52 orders_arb WARNING gRPC limit failed, falling back to DP server
15:36:52 orders_arb ERROR Limit order error (GAZP@RTSX buy 10@95.53): no response
15:36:52 robot_arb WARNING Entry failed: leg_a_place_failed
15:37:02 robot_arb INFO ⚠️ CHECK_ENTRY returned signal: {'action': 'entry', 'side': 'short_basis', 'z': 1.6093362856450428, 'basis': 8885.6, 'price_a': 95.54, 'price_b': 9841.0}
15:37:02 robot_arb INFO ENTRY SIGNAL short_basis | Z=1.61 basis=8885.60 | A=95.54 B=9841.00 | limit buy 10 @ 95.54 | market sell 1 @ 9836.08
15:37:02 orders_arb ERROR gRPC order error (GAZP@RTSX buy 10@95.54): code=StatusCode.INTERNAL details=Jwt token check failed: UNAUTHENTICATED: Token is expired
15:37:02 orders_arb WARNING gRPC limit failed, falling back to DP server
15:37:02 orders_arb ERROR Limit order error (GAZP@RTSX buy 10@95.54): no response
15:37:02 robot_arb WARNING Entry failed: leg_a_place_failed
15:37:24 robot_arb INFO ⚠️ CHECK_ENTRY returned signal: {'action': 'entry', 'side': 'short_basis', 'z': 1.5922860509356351, 'basis': 8885.7, 'price_a': 95.53, 'price_b': 9841.0}
15:37:24 robot_arb INFO ENTRY SIGNAL short_basis | Z=1.59 basis=8885.70 | A=95.53 B=9841.00 | limit buy 10 @ 95.55 | market sell 1 @ 9836.08
15:37:24 orders_arb ERROR gRPC order error (GAZP@RTSX buy 10@95.55): code=StatusCode.INTERNAL details=Jwt token check failed: UNAUTHENTICATED: Token is expired
15:37:24 orders_arb WARNING gRPC limit failed, falling back to DP server
15:37:24 orders_arb ERROR Limit order error (GAZP@RTSX buy 10@95.55): no response
15:37:24 robot_arb WARNING Entry failed: leg_a_place_failed
15:38:01 robot_arb INFO ⚠️ CHECK_ENTRY returned signal: {'action': 'entry', 'side': 'short_basis', 'z': 1.6097863696878134, 'basis': 8885.8, 'price_a': 95.52, 'price_b': 9841.0}
15:38:01 robot_arb INFO ENTRY SIGNAL short_basis | Z=1.61 basis=8885.80 | A=95.52 B=9841.00 | limit buy 10 @ 95.53 | market sell 1 @ 9836.08
15:38:01 orders_arb ERROR gRPC order error (GAZP@RTSX buy 10@95.53): code=StatusCode.INTERNAL details=Jwt token check failed: UNAUTHENTICATED: Token is expired
15:38:01 orders_arb WARNING gRPC limit failed, falling back to DP server
15:38:01 orders_arb ERROR Limit order error (GAZP@RTSX buy 10@95.53): no response
15:38:01 robot_arb WARNING Entry failed: leg_a_place_failed
15:38:55 robot_arb INFO Signal 15 — shutting down...
15:38:56 robot_arb INFO === Arbitrage Robot v1 ===
15:38:56 robot_arb INFO Pair: GAZP / GZU6
15:38:56 robot_arb INFO Account: 1225953 | Port: 5090 | Paper: False
15:38:56 robot_arb INFO Params: entry_z=1.5 lookback=200 lots_a=10 lots_b=1 hedge_ratio=10
15:38:56 robot_arb INFO Min profit: rub=7.77
15:38:56 robot_arb INFO Risk: stop_loss_rub=500000
15:38:56 robot_arb INFO State loaded: pnl=31013 trades=211 mode=stopped
15:38:56 FinamPy CRITICAL Ошибка доступа к системному хранилищу: No recommended backend was available. Install a recommended 3rd party backend package; or, install the keyrings.alt package if you want to use the non-recommended backends. See https://pypi.org/project/keyring for details.
15:38:56 FinamPy CRITICAL Ошибка сохранения в системное хранилище: No recommended backend was available. Install a recommended 3rd party backend package; or, install the keyrings.alt package if you want to use the non-recommended backends. See https://pypi.org/project/keyring for details.
15:38:56 robot_arb INFO FinamPy connected. Accounts: ['1225950', '1225951', '1225952', '1225953']
15:38:56 robot_arb INFO Orders manager linked to FinamPy gRPC
15:38:56 robot_arb INFO Subscribed OrderBook: GAZP@RTSX, GZU6@RTSX
15:38:56 robot_arb INFO Subscribed Quotes: GAZP@RTSX, GZU6@RTSX
15:38:56 robot_arb INFO Warmup: waiting 10 sec for data streams...
15:39:06 robot_arb INFO Warmup done. OB_A: False OB_B: False
15:39:06 robot_arb INFO MOEX ISS poller started (fallback for stock prices)
15:39:06 robot_arb INFO Main loop started
15:39:06 robot_arb INFO API listening on :5090
15:39:06 robot_arb INFO Endpoints: GET /status /health /params | POST /start /stop /pause /params
15:39:10 robot_arb INFO Mode → RUNNING
15:39:58 robot_arb INFO Account changed → 1225953-EDP
15:39:58 robot_arb INFO Param updated: ticker_a = GAZP (was GAZP)
15:39:58 robot_arb INFO Param updated: symbol_a = GAZP@RTSX (was GAZP@RTSX)
15:39:58 robot_arb INFO Param updated: ticker_b = GZU6 (was GZU6)
15:39:58 robot_arb INFO Param updated: symbol_b = GZU6@RTSX (was GZU6@RTSX)
15:39:58 robot_arb INFO Param updated: lots_a = 10 (was 10)
15:39:58 robot_arb INFO Param updated: lots_b = 1 (was 1)
15:39:58 robot_arb INFO Param updated: hedge_ratio = 10 (was 10)
15:39:58 robot_arb INFO Param updated: capital = 20000 (was 20000)
15:39:58 robot_arb INFO Param updated: entry_z = 2.2 (was 1.5)
15:39:58 robot_arb INFO Param updated: entry_z_long = -5.7 (was -5.7)
15:39:58 robot_arb INFO Param updated: entry_mode = zscore (was zscore)
15:39:58 robot_arb INFO Param updated: spread_rub_high = 312 (was 312)
15:39:58 robot_arb INFO Param updated: spread_rub_low = 270 (was 270)
15:39:58 robot_arb INFO Param updated: risk_free_rate = 0.1425 (was 0.1425)
15:39:58 robot_arb INFO Param updated: expiration_date = 2026-09-18 (was 2026-09-18)
15:39:58 robot_arb INFO Param updated: contract_size = 100 (was 100)
15:39:58 robot_arb INFO Param updated: lookback = 200 (was 200)
15:39:58 robot_arb INFO Param updated: leg_a_timeout = 5 (was 5)
15:39:58 robot_arb INFO Param updated: min_fill_ratio = 0.5 (was 0.5)
15:39:58 robot_arb INFO Param updated: min_profit_type = rub (was rub)
15:39:58 robot_arb INFO Param updated: min_profit_value = 7.77 (was 7.77)
15:39:58 robot_arb INFO Param updated: risk_type = stop_loss_rub (was stop_loss_rub)
15:39:58 robot_arb INFO Param updated: risk_value = 500000 (was 500000)
15:39:58 robot_arb INFO Param updated: allow_long_basis = True (was True)
15:39:58 robot_arb INFO Param updated: use_commission = True (was True)
15:39:58 robot_arb INFO Param updated: commission_stock_pct = 0.035 (was 0.035)
15:39:58 robot_arb INFO Param updated: commission_futures_rt = 0.9 (was 0.9)
15:40:05 robot_arb INFO Account changed → 1225953-EDP
15:40:05 robot_arb INFO Param updated: ticker_a = GAZP (was GAZP)
15:40:05 robot_arb INFO Param updated: symbol_a = GAZP@RTSX (was GAZP@RTSX)
15:40:05 robot_arb INFO Param updated: ticker_b = GZU6 (was GZU6)
15:40:05 robot_arb INFO Param updated: symbol_b = GZU6@RTSX (was GZU6@RTSX)
15:40:05 robot_arb INFO Param updated: lots_a = 10 (was 10)
15:40:05 robot_arb INFO Param updated: lots_b = 1 (was 1)
15:40:05 robot_arb INFO Param updated: hedge_ratio = 10 (was 10)
15:40:05 robot_arb INFO Param updated: capital = 20000 (was 20000)
15:40:05 robot_arb INFO Param updated: entry_z = 2.2 (was 2.2)
15:40:05 robot_arb INFO Param updated: entry_z_long = -5.7 (was -5.7)
15:40:05 robot_arb INFO Param updated: entry_mode = zscore (was zscore)
15:40:05 robot_arb INFO Param updated: spread_rub_high = 312 (was 312)
15:40:05 robot_arb INFO Param updated: spread_rub_low = 270 (was 270)
15:40:05 robot_arb INFO Param updated: risk_free_rate = 0.1425 (was 0.1425)
15:40:05 robot_arb INFO Param updated: expiration_date = 2026-09-18 (was 2026-09-18)
15:40:05 robot_arb INFO Param updated: contract_size = 100 (was 100)
15:40:05 robot_arb INFO Param updated: lookback = 200 (was 200)
15:40:05 robot_arb INFO Param updated: leg_a_timeout = 5 (was 5)
15:40:05 robot_arb INFO Param updated: min_fill_ratio = 0.5 (was 0.5)
15:40:05 robot_arb INFO Param updated: min_profit_type = rub (was rub)
15:40:05 robot_arb INFO Param updated: min_profit_value = 7.77 (was 7.77)
15:40:05 robot_arb INFO Param updated: risk_type = stop_loss_rub (was stop_loss_rub)
15:40:05 robot_arb INFO Param updated: risk_value = 500000 (was 500000)
15:40:05 robot_arb INFO Param updated: allow_long_basis = True (was True)
15:40:05 robot_arb INFO Param updated: use_commission = True (was True)
15:40:05 robot_arb INFO Param updated: commission_stock_pct = 0.035 (was 0.035)
15:40:05 robot_arb INFO Param updated: commission_futures_rt = 0.9 (was 0.9)
15:45:21 robot_arb INFO ⚠️ CHECK_ENTRY returned signal: {'action': 'entry', 'side': 'short_basis', 'z': 2.3553473109779777, 'basis': 8875.4, 'price_a': 95.46, 'price_b': 9830.0}
15:45:21 robot_arb INFO ENTRY SIGNAL short_basis | Z=2.36 basis=8875.40 | A=95.46 B=9830.00 | limit buy 10 @ 95.46 | market sell 1 @ 9825.08
15:45:21 orders_arb ERROR gRPC order error (GAZP@RTSX buy 10@95.46): code=StatusCode.INVALID_ARGUMENT details=INVALID_ARGUMENT: [90]NOTE: Wrong parametersВНИМАНИЕ! Неверно указаны параметры запроса
15:45:21 orders_arb WARNING gRPC limit failed, falling back to DP server
15:45:21 orders_arb ERROR Limit order error (GAZP@RTSX buy 10@95.46): no response
15:45:21 robot_arb WARNING Entry failed: leg_a_place_failed
15:45:57 robot_arb INFO ⚠️ CHECK_ENTRY returned signal: {'action': 'entry', 'side': 'short_basis', 'z': 2.5368930451959404, 'basis': 8881.8, 'price_a': 95.52, 'price_b': 9837.0}
15:45:57 robot_arb INFO ENTRY SIGNAL short_basis | Z=2.54 basis=8881.80 | A=95.52 B=9837.00 | limit buy 10 @ 95.52 | market sell 1 @ 9832.08
15:45:57 orders_arb ERROR gRPC order error (GAZP@RTSX buy 10@95.52): code=StatusCode.INVALID_ARGUMENT details=INVALID_ARGUMENT: [90]NOTE: Wrong parametersВНИМАНИЕ! Неверно указаны параметры запроса
15:45:57 orders_arb WARNING gRPC limit failed, falling back to DP server
15:45:57 orders_arb ERROR Limit order error (GAZP@RTSX buy 10@95.52): no response
15:45:57 robot_arb WARNING Entry failed: leg_a_place_failed
16:42:41 robot_arb INFO Signal 15 — shutting down...
16:43:28 robot_arb INFO === Arbitrage Robot v1 ===
16:43:28 robot_arb INFO Pair: GAZP / GZU6
16:43:28 robot_arb INFO Account: 1225953 | Port: 5090 | Paper: False
16:43:28 robot_arb INFO Params: entry_z=2.2 lookback=200 lots_a=10 lots_b=1 hedge_ratio=10
16:43:28 robot_arb INFO Min profit: rub=7.77
16:43:28 robot_arb INFO Risk: stop_loss_rub=500000
16:43:28 robot_arb INFO State loaded: pnl=31013 trades=211 mode=stopped
16:43:28 FinamPy CRITICAL Ошибка доступа к системному хранилищу: No recommended backend was available. Install a recommended 3rd party backend package; or, install the keyrings.alt package if you want to use the non-recommended backends. See https://pypi.org/project/keyring for details.
16:43:28 FinamPy CRITICAL Ошибка сохранения в системное хранилище: No recommended backend was available. Install a recommended 3rd party backend package; or, install the keyrings.alt package if you want to use the non-recommended backends. See https://pypi.org/project/keyring for details.
16:43:28 robot_arb INFO FinamPy connected. Accounts: ['1225950', '1225951', '1225952', '1225953']
16:43:28 robot_arb INFO Orders manager linked to FinamPy gRPC
16:43:29 robot_arb INFO Subscribed OrderBook: GAZP@RTSX, GZU6@RTSX
16:43:29 robot_arb INFO Subscribed Quotes: GAZP@RTSX, GZU6@RTSX
16:43:29 robot_arb INFO Warmup: waiting 10 sec for data streams...
16:43:39 robot_arb INFO Warmup done. OB_A: False OB_B: False
16:43:39 robot_arb INFO MOEX ISS poller started (fallback for stock prices)
16:43:39 robot_arb INFO Main loop started
16:43:39 robot_arb INFO API listening on :5090
16:43:39 robot_arb INFO Endpoints: GET /status /health /params | POST /start /stop /pause /params
16:46:47 robot_arb INFO === Arbitrage Robot v1 ===
16:46:47 robot_arb INFO Pair: GAZP / GZU6
16:46:47 robot_arb INFO Account: 1225953 | Port: 5090 | Paper: False
16:46:47 robot_arb INFO Params: entry_z=2.2 lookback=200 lots_a=10 lots_b=1 hedge_ratio=10
16:46:47 robot_arb INFO Min profit: rub=7.77
16:46:47 robot_arb INFO Risk: stop_loss_rub=500000
16:46:47 robot_arb INFO State loaded: pnl=31013 trades=211 mode=stopped
16:46:47 FinamPy CRITICAL Ошибка доступа к системному хранилищу: No recommended backend was available. Install a recommended 3rd party backend package; or, install the keyrings.alt package if you want to use the non-recommended backends. See https://pypi.org/project/keyring for details.
16:46:47 FinamPy CRITICAL Ошибка сохранения в системное хранилище: No recommended backend was available. Install a recommended 3rd party backend package; or, install the keyrings.alt package if you want to use the non-recommended backends. See https://pypi.org/project/keyring for details.
16:46:57 robot_arb INFO Mode → RUNNING
16:55:30 robot_arb INFO Signal 15 — shutting down...
16:55:32 robot_arb INFO === Arbitrage Robot v1 ===
16:55:32 robot_arb INFO Pair: GAZP / GZU6
16:55:32 robot_arb INFO Account: 1225953 | Port: 5090 | Paper: False
16:55:32 robot_arb INFO Params: entry_z=2.2 lookback=200 lots_a=10 lots_b=1 hedge_ratio=10
16:55:32 robot_arb INFO Min profit: rub=7.77
16:55:32 robot_arb INFO Risk: stop_loss_rub=500000
16:55:32 robot_arb INFO State loaded: pnl=31013 trades=211 mode=stopped
16:55:32 FinamPy CRITICAL Ошибка доступа к системному хранилищу: No recommended backend was available. Install a recommended 3rd party backend package; or, install the keyrings.alt package if you want to use the non-recommended backends. See https://pypi.org/project/keyring for details.
16:55:32 FinamPy CRITICAL Ошибка сохранения в системное хранилище: No recommended backend was available. Install a recommended 3rd party backend package; or, install the keyrings.alt package if you want to use the non-recommended backends. See https://pypi.org/project/keyring for details.
16:55:33 robot_arb INFO FinamPy connected. Accounts: ['1225950', '1225951', '1225952', '1225953']
16:55:33 robot_arb INFO Orders manager linked to FinamPy gRPC
16:55:33 robot_arb INFO Subscribed OrderBook: GAZP@RTSX, GZU6@RTSX
16:55:33 robot_arb INFO Subscribed Quotes: GAZP@RTSX, GZU6@RTSX
16:55:33 robot_arb INFO Warmup: waiting 10 sec for data streams...
16:55:43 robot_arb INFO Warmup done. OB_A: False OB_B: False
16:55:43 robot_arb INFO MOEX ISS poller started (fallback for stock prices)
16:55:43 robot_arb INFO Main loop started
16:55:50 robot_arb INFO === Arbitrage Robot v1 ===
16:55:50 robot_arb INFO Pair: GAZP / GZU6
16:55:50 robot_arb INFO Account: 1225953 | Port: 5090 | Paper: False
16:55:50 robot_arb INFO Params: entry_z=2.2 lookback=200 lots_a=10 lots_b=1 hedge_ratio=10
16:55:50 robot_arb INFO Min profit: rub=7.77
16:55:50 robot_arb INFO Risk: stop_loss_rub=500000
16:55:50 robot_arb INFO State loaded: pnl=31013 trades=211 mode=stopped
16:55:50 FinamPy CRITICAL Ошибка доступа к системному хранилищу: No recommended backend was available. Install a recommended 3rd party backend package; or, install the keyrings.alt package if you want to use the non-recommended backends. See https://pypi.org/project/keyring for details.
16:55:50 FinamPy CRITICAL Ошибка сохранения в системное хранилище: No recommended backend was available. Install a recommended 3rd party backend package; or, install the keyrings.alt package if you want to use the non-recommended backends. See https://pypi.org/project/keyring for details.
16:55:52 robot_arb INFO Mode → RUNNING
16:56:30 robot_arb INFO FinamPy connected. Accounts: ['1225950', '1225951', '1225952', '1225953']
16:56:30 robot_arb INFO Orders manager linked to FinamPy gRPC
16:56:30 robot_arb INFO Subscribed OrderBook: GAZP@RTSX, GZU6@RTSX
16:56:30 robot_arb INFO Subscribed Quotes: GAZP@RTSX, GZU6@RTSX
16:56:30 robot_arb INFO Warmup: waiting 10 sec for data streams...
16:56:38 robot_arb INFO Signal 15 — shutting down...
16:56:38 robot_arb INFO === Arbitrage Robot v1 ===
16:56:38 robot_arb INFO Pair: GAZP / GZU6
16:56:38 robot_arb INFO Account: 1225953 | Port: 5090 | Paper: False
16:56:38 robot_arb INFO Params: entry_z=2.2 lookback=200 lots_a=10 lots_b=1 hedge_ratio=10
16:56:38 robot_arb INFO Min profit: rub=7.77
16:56:38 robot_arb INFO Risk: stop_loss_rub=500000
16:56:38 robot_arb INFO State loaded: pnl=31013 trades=211 mode=stopped
16:56:38 robot_arb INFO FinamPy connected. Accounts: ['1225950', '1225951', '1225952', '1225953']
16:56:38 robot_arb INFO Orders manager linked to FinamPy gRPC
16:56:38 robot_arb INFO Subscribed OrderBook: GAZP@RTSX, GZU6@RTSX
16:56:38 robot_arb INFO Subscribed Quotes: GAZP@RTSX, GZU6@RTSX
16:56:38 robot_arb INFO Warmup: waiting 10 sec for data streams...
16:56:48 robot_arb INFO Warmup done. OB_A: False OB_B: False
16:56:48 robot_arb INFO MOEX ISS poller started (fallback for stock prices)
16:56:48 robot_arb INFO Main loop started
16:56:56 robot_arb INFO === Arbitrage Robot v1 ===
16:56:56 robot_arb INFO Pair: GAZP / GZU6
16:56:56 robot_arb INFO Account: 1225953 | Port: 5090 | Paper: False
16:56:56 robot_arb INFO Params: entry_z=2.2 lookback=200 lots_a=10 lots_b=1 hedge_ratio=10
16:56:56 robot_arb INFO Min profit: rub=7.77
16:56:56 robot_arb INFO Risk: stop_loss_rub=500000
16:56:56 robot_arb INFO State loaded: pnl=31013 trades=211 mode=stopped
16:56:56 robot_arb INFO FinamPy connected. Accounts: ['1225950', '1225951', '1225952', '1225953']
16:56:56 robot_arb INFO Orders manager linked to FinamPy gRPC
16:56:56 robot_arb INFO Subscribed OrderBook: GAZP@RTSX, GZU6@RTSX
16:56:56 robot_arb INFO Subscribed Quotes: GAZP@RTSX, GZU6@RTSX
16:56:56 robot_arb INFO Warmup: waiting 10 sec for data streams...
16:57:06 robot_arb INFO Warmup done. OB_A: False OB_B: False
16:57:06 robot_arb INFO MOEX ISS poller started (fallback for stock prices)
16:57:06 robot_arb INFO Main loop started
16:57:14 robot_arb INFO === Arbitrage Robot v1 ===
16:57:14 robot_arb INFO Pair: GAZP / GZU6
16:57:14 robot_arb INFO Account: 1225953 | Port: 5090 | Paper: False
16:57:14 robot_arb INFO Params: entry_z=2.2 lookback=200 lots_a=10 lots_b=1 hedge_ratio=10
16:57:14 robot_arb INFO Min profit: rub=7.77
16:57:14 robot_arb INFO Risk: stop_loss_rub=500000
16:57:14 robot_arb INFO State loaded: pnl=31013 trades=211 mode=stopped
16:57:15 robot_arb INFO FinamPy connected. Accounts: ['1225950', '1225951', '1225952', '1225953']
16:57:15 robot_arb INFO Orders manager linked to FinamPy gRPC
16:57:15 robot_arb INFO Subscribed OrderBook: GAZP@RTSX, GZU6@RTSX
16:57:15 robot_arb INFO Subscribed Quotes: GAZP@RTSX, GZU6@RTSX
16:57:15 robot_arb INFO Warmup: waiting 10 sec for data streams...
16:57:23 robot_arb INFO Mode → RUNNING
16:57:25 robot_arb INFO Warmup done. OB_A: False OB_B: False
16:57:25 robot_arb INFO MOEX ISS poller started (fallback for stock prices)
16:57:25 robot_arb INFO Main loop started
16:57:32 robot_arb INFO === Arbitrage Robot v1 ===
16:57:32 robot_arb INFO Pair: GAZP / GZU6
16:57:32 robot_arb INFO Account: 1225953 | Port: 5090 | Paper: False
16:57:32 robot_arb INFO Params: entry_z=2.2 lookback=200 lots_a=10 lots_b=1 hedge_ratio=10
16:57:32 robot_arb INFO Min profit: rub=7.77
16:57:32 robot_arb INFO Risk: stop_loss_rub=500000
16:57:32 robot_arb INFO State loaded: pnl=31013 trades=211 mode=running
16:57:33 robot_arb INFO FinamPy connected. Accounts: ['1225950', '1225951', '1225952', '1225953']
16:57:33 robot_arb INFO Orders manager linked to FinamPy gRPC
16:57:33 robot_arb INFO Subscribed OrderBook: GAZP@RTSX, GZU6@RTSX
16:57:33 robot_arb INFO Subscribed Quotes: GAZP@RTSX, GZU6@RTSX
16:57:33 robot_arb INFO Warmup: waiting 10 sec for data streams...
16:57:43 robot_arb INFO Warmup done. OB_A: False OB_B: False
16:57:43 robot_arb INFO MOEX ISS poller started (fallback for stock prices)
16:57:43 robot_arb INFO Main loop started
16:57:50 robot_arb INFO === Arbitrage Robot v1 ===
16:57:50 robot_arb INFO Pair: GAZP / GZU6
16:57:50 robot_arb INFO Account: 1225953 | Port: 5090 | Paper: False
16:57:50 robot_arb INFO Params: entry_z=2.2 lookback=200 lots_a=10 lots_b=1 hedge_ratio=10
16:57:50 robot_arb INFO Min profit: rub=7.77
16:57:50 robot_arb INFO Risk: stop_loss_rub=500000
16:57:51 robot_arb INFO State loaded: pnl=31013 trades=211 mode=running
16:57:51 robot_arb INFO FinamPy connected. Accounts: ['1225950', '1225951', '1225952', '1225953']
16:57:51 robot_arb INFO Orders manager linked to FinamPy gRPC
16:57:51 robot_arb INFO Subscribed OrderBook: GAZP@RTSX, GZU6@RTSX
16:57:51 robot_arb INFO Subscribed Quotes: GAZP@RTSX, GZU6@RTSX
16:57:51 robot_arb INFO Warmup: waiting 10 sec for data streams...
16:58:01 robot_arb INFO Warmup done. OB_A: False OB_B: False
16:58:01 robot_arb INFO MOEX ISS poller started (fallback for stock prices)
16:58:01 robot_arb INFO Main loop started
16:58:08 robot_arb INFO === Arbitrage Robot v1 ===
16:58:08 robot_arb INFO Pair: GAZP / GZU6
16:58:08 robot_arb INFO Account: 1225953 | Port: 5090 | Paper: False
16:58:08 robot_arb INFO Params: entry_z=2.2 lookback=200 lots_a=10 lots_b=1 hedge_ratio=10
16:58:08 robot_arb INFO Min profit: rub=7.77
16:58:08 robot_arb INFO Risk: stop_loss_rub=500000
16:58:08 robot_arb INFO State loaded: pnl=31013 trades=211 mode=running
16:58:09 robot_arb INFO FinamPy connected. Accounts: ['1225950', '1225951', '1225952', '1225953']
16:58:09 robot_arb INFO Orders manager linked to FinamPy gRPC
16:58:09 robot_arb INFO Subscribed OrderBook: GAZP@RTSX, GZU6@RTSX
16:58:09 robot_arb INFO Subscribed Quotes: GAZP@RTSX, GZU6@RTSX
16:58:09 robot_arb INFO Warmup: waiting 10 sec for data streams...
16:58:19 robot_arb INFO Warmup done. OB_A: False OB_B: False
16:58:19 robot_arb INFO MOEX ISS poller started (fallback for stock prices)
16:58:19 robot_arb INFO Main loop started
16:58:25 robot_arb INFO Account changed → 1225953
16:58:25 robot_arb INFO Param updated: ticker_a = GAZP (was GAZP)
16:58:25 robot_arb INFO Param updated: symbol_a = GAZP@RTSX (was GAZP@RTSX)
16:58:25 robot_arb INFO Param updated: ticker_b = GZU6 (was GZU6)
16:58:25 robot_arb INFO Param updated: symbol_b = GZU6@RTSX (was GZU6@RTSX)
16:58:25 robot_arb INFO Param updated: lots_a = 10 (was 10)
16:58:25 robot_arb INFO Param updated: lots_b = 1 (was 1)
16:58:25 robot_arb INFO Param updated: hedge_ratio = 10 (was 10)
16:58:25 robot_arb INFO Param updated: capital = 20000 (was 20000)
16:58:25 robot_arb INFO Param updated: entry_z = 1.7 (was 2.2)
16:58:25 robot_arb INFO Param updated: entry_z_long = -5.7 (was -5.7)
16:58:25 robot_arb INFO Param updated: entry_mode = zscore (was zscore)
16:58:25 robot_arb INFO Param updated: spread_rub_high = 312 (was 312)
16:58:25 robot_arb INFO Param updated: spread_rub_low = 270 (was 270)
16:58:25 robot_arb INFO Param updated: risk_free_rate = 0.1425 (was 0.1425)
16:58:25 robot_arb INFO Param updated: expiration_date = 2026-09-18 (was 2026-09-18)
16:58:25 robot_arb INFO Param updated: contract_size = 100 (was 100)
16:58:25 robot_arb INFO Param updated: lookback = 200 (was 200)
16:58:25 robot_arb INFO Param updated: leg_a_timeout = 5 (was 5)
16:58:25 robot_arb INFO Param updated: min_fill_ratio = 0.5 (was 0.5)
16:58:25 robot_arb INFO Param updated: min_profit_type = rub (was rub)
16:58:25 robot_arb INFO Param updated: min_profit_value = 7.77 (was 7.77)
16:58:25 robot_arb INFO Param updated: risk_type = stop_loss_rub (was stop_loss_rub)
16:58:25 robot_arb INFO Param updated: risk_value = 500000 (was 500000)
16:58:25 robot_arb INFO Param updated: allow_long_basis = True (was True)
16:58:25 robot_arb INFO Param updated: use_commission = True (was True)
16:58:25 robot_arb INFO Param updated: commission_stock_pct = 0.035 (was 0.035)
16:58:25 robot_arb INFO Param updated: commission_futures_rt = 0.9 (was 0.9)
16:58:25 robot_arb INFO Account changed → 1225953
16:58:25 robot_arb INFO Param updated: ticker_a = GAZP (was GAZP)
16:58:25 robot_arb INFO Param updated: symbol_a = GAZP@RTSX (was GAZP@RTSX)
16:58:25 robot_arb INFO Param updated: ticker_b = GZU6 (was GZU6)
16:58:25 robot_arb INFO Param updated: symbol_b = GZU6@RTSX (was GZU6@RTSX)
16:58:25 robot_arb INFO Param updated: lots_a = 10 (was 10)
16:58:25 robot_arb INFO Param updated: lots_b = 1 (was 1)
16:58:25 robot_arb INFO Param updated: hedge_ratio = 10 (was 10)
16:58:25 robot_arb INFO Param updated: capital = 20000 (was 20000)
16:58:25 robot_arb INFO Param updated: entry_z = 1.7 (was 1.7)
16:58:25 robot_arb INFO Param updated: entry_z_long = -5.7 (was -5.7)
16:58:25 robot_arb INFO Param updated: entry_mode = zscore (was zscore)
16:58:25 robot_arb INFO Param updated: spread_rub_high = 312 (was 312)
16:58:25 robot_arb INFO Param updated: spread_rub_low = 270 (was 270)
16:58:25 robot_arb INFO Param updated: risk_free_rate = 0.1425 (was 0.1425)
16:58:25 robot_arb INFO Param updated: expiration_date = 2026-09-18 (was 2026-09-18)
16:58:25 robot_arb INFO Param updated: contract_size = 100 (was 100)
16:58:25 robot_arb INFO Param updated: lookback = 200 (was 200)
16:58:25 robot_arb INFO Param updated: leg_a_timeout = 5 (was 5)
16:58:25 robot_arb INFO Param updated: min_fill_ratio = 0.5 (was 0.5)
16:58:25 robot_arb INFO Param updated: min_profit_type = rub (was rub)
16:58:25 robot_arb INFO Param updated: min_profit_value = 7.77 (was 7.77)
16:58:25 robot_arb INFO Param updated: risk_type = stop_loss_rub (was stop_loss_rub)
16:58:25 robot_arb INFO Param updated: risk_value = 500000 (was 500000)
16:58:25 robot_arb INFO Param updated: allow_long_basis = True (was True)
16:58:25 robot_arb INFO Param updated: use_commission = True (was True)
16:58:25 robot_arb INFO Param updated: commission_stock_pct = 0.035 (was 0.035)
16:58:25 robot_arb INFO Param updated: commission_futures_rt = 0.9 (was 0.9)
16:58:26 robot_arb INFO Account changed → 1225953
16:58:26 robot_arb INFO Param updated: ticker_a = GAZP (was GAZP)
16:58:26 robot_arb INFO Param updated: symbol_a = GAZP@RTSX (was GAZP@RTSX)
16:58:26 robot_arb INFO Param updated: ticker_b = GZU6 (was GZU6)
16:58:26 robot_arb INFO Param updated: symbol_b = GZU6@RTSX (was GZU6@RTSX)
16:58:26 robot_arb INFO Param updated: lots_a = 10 (was 10)
16:58:26 robot_arb INFO Param updated: lots_b = 1 (was 1)
16:58:26 robot_arb INFO Param updated: hedge_ratio = 10 (was 10)
16:58:26 robot_arb INFO Param updated: capital = 20000 (was 20000)
16:58:26 robot_arb INFO Param updated: entry_z = 1.7 (was 1.7)
16:58:26 robot_arb INFO Param updated: entry_z_long = -5.7 (was -5.7)
16:58:26 robot_arb INFO Param updated: entry_mode = zscore (was zscore)
16:58:26 robot_arb INFO Param updated: spread_rub_high = 312 (was 312)
16:58:26 robot_arb INFO Param updated: spread_rub_low = 270 (was 270)
16:58:26 robot_arb INFO Param updated: risk_free_rate = 0.1425 (was 0.1425)
16:58:26 robot_arb INFO Param updated: expiration_date = 2026-09-18 (was 2026-09-18)
16:58:26 robot_arb INFO Param updated: contract_size = 100 (was 100)
16:58:26 robot_arb INFO Param updated: lookback = 200 (was 200)
16:58:26 robot_arb INFO Param updated: leg_a_timeout = 5 (was 5)
16:58:26 robot_arb INFO Param updated: min_fill_ratio = 0.5 (was 0.5)
16:58:26 robot_arb INFO Param updated: min_profit_type = rub (was rub)
16:58:26 robot_arb INFO Param updated: min_profit_value = 7.77 (was 7.77)
16:58:26 robot_arb INFO Param updated: risk_type = stop_loss_rub (was stop_loss_rub)
16:58:26 robot_arb INFO Param updated: risk_value = 500000 (was 500000)
16:58:26 robot_arb INFO Param updated: allow_long_basis = True (was True)
16:58:26 robot_arb INFO Param updated: use_commission = True (was True)
16:58:26 robot_arb INFO Param updated: commission_stock_pct = 0.035 (was 0.035)
16:58:26 robot_arb INFO Param updated: commission_futures_rt = 0.9 (was 0.9)
16:58:27 robot_arb INFO === Arbitrage Robot v1 ===
16:58:27 robot_arb INFO Pair: GAZP / GZU6
16:58:27 robot_arb INFO Account: 1225953 | Port: 5090 | Paper: False
16:58:27 robot_arb INFO Params: entry_z=1.7 lookback=200 lots_a=10 lots_b=1 hedge_ratio=10
16:58:27 robot_arb INFO Min profit: rub=7.77
16:58:27 robot_arb INFO Risk: stop_loss_rub=500000
16:58:27 robot_arb INFO State loaded: pnl=31013 trades=211 mode=running
16:58:27 robot_arb INFO FinamPy connected. Accounts: ['1225950', '1225951', '1225952', '1225953']
16:58:27 robot_arb INFO Orders manager linked to FinamPy gRPC
16:58:27 robot_arb INFO Subscribed OrderBook: GAZP@RTSX, GZU6@RTSX
16:58:27 robot_arb INFO Subscribed Quotes: GAZP@RTSX, GZU6@RTSX
16:58:27 robot_arb INFO Warmup: waiting 10 sec for data streams...
16:58:29 robot_arb INFO Account changed → 1225953
16:58:30 robot_arb INFO Param updated: ticker_a = GAZP (was GAZP)
16:58:30 robot_arb INFO Param updated: symbol_a = GAZP@RTSX (was GAZP@RTSX)
16:58:30 robot_arb INFO Param updated: ticker_b = GZU6 (was GZU6)
16:58:30 robot_arb INFO Param updated: symbol_b = GZU6@RTSX (was GZU6@RTSX)
16:58:30 robot_arb INFO Param updated: lots_a = 10 (was 10)
16:58:30 robot_arb INFO Param updated: lots_b = 1 (was 1)
16:58:30 robot_arb INFO Param updated: hedge_ratio = 10 (was 10)
16:58:30 robot_arb INFO Param updated: capital = 20000 (was 20000)
16:58:30 robot_arb INFO Param updated: entry_z = 1.7 (was 1.7)
16:58:30 robot_arb INFO Param updated: entry_z_long = -5.7 (was -5.7)
16:58:30 robot_arb INFO Param updated: entry_mode = zscore (was zscore)
16:58:30 robot_arb INFO Param updated: spread_rub_high = 312 (was 312)
16:58:30 robot_arb INFO Param updated: spread_rub_low = 270 (was 270)
16:58:30 robot_arb INFO Param updated: risk_free_rate = 0.1425 (was 0.1425)
16:58:30 robot_arb INFO Param updated: expiration_date = 2026-09-18 (was 2026-09-18)
16:58:30 robot_arb INFO Param updated: contract_size = 100 (was 100)
16:58:30 robot_arb INFO Param updated: lookback = 200 (was 200)
16:58:30 robot_arb INFO Param updated: leg_a_timeout = 5 (was 5)
16:58:30 robot_arb INFO Param updated: min_fill_ratio = 0.5 (was 0.5)
16:58:30 robot_arb INFO Param updated: min_profit_type = rub (was rub)
16:58:30 robot_arb INFO Param updated: min_profit_value = 7.77 (was 7.77)
16:58:30 robot_arb INFO Param updated: risk_type = stop_loss_rub (was stop_loss_rub)
16:58:30 robot_arb INFO Param updated: risk_value = 500000 (was 500000)
16:58:30 robot_arb INFO Param updated: allow_long_basis = True (was True)
16:58:30 robot_arb INFO Param updated: use_commission = True (was True)
16:58:30 robot_arb INFO Param updated: commission_stock_pct = 0.035 (was 0.035)
16:58:30 robot_arb INFO Param updated: commission_futures_rt = 0.9 (was 0.9)
16:58:37 robot_arb INFO Warmup done. OB_A: False OB_B: False
16:58:37 robot_arb INFO MOEX ISS poller started (fallback for stock prices)
16:58:37 robot_arb INFO Main loop started
16:58:45 robot_arb INFO === Arbitrage Robot v1 ===
16:58:45 robot_arb INFO Pair: GAZP / GZU6
16:58:45 robot_arb INFO Account: 1225953 | Port: 5090 | Paper: False
16:58:45 robot_arb INFO Params: entry_z=1.7 lookback=200 lots_a=10 lots_b=1 hedge_ratio=10
16:58:45 robot_arb INFO Min profit: rub=7.77
16:58:45 robot_arb INFO Risk: stop_loss_rub=500000
16:58:45 robot_arb INFO State loaded: pnl=31013 trades=211 mode=running
16:58:46 robot_arb INFO FinamPy connected. Accounts: ['1225950', '1225951', '1225952', '1225953']
16:58:46 robot_arb INFO Orders manager linked to FinamPy gRPC
16:58:46 robot_arb INFO Subscribed OrderBook: GAZP@RTSX, GZU6@RTSX
16:58:46 robot_arb INFO Subscribed Quotes: GAZP@RTSX, GZU6@RTSX
16:58:46 robot_arb INFO Warmup: waiting 10 sec for data streams...
16:58:56 robot_arb INFO Warmup done. OB_A: False OB_B: False
16:58:56 robot_arb INFO MOEX ISS poller started (fallback for stock prices)
16:58:56 robot_arb INFO Main loop started
16:59:03 robot_arb INFO === Arbitrage Robot v1 ===
16:59:03 robot_arb INFO Pair: GAZP / GZU6
16:59:03 robot_arb INFO Account: 1225953 | Port: 5090 | Paper: False
16:59:03 robot_arb INFO Params: entry_z=1.7 lookback=200 lots_a=10 lots_b=1 hedge_ratio=10
16:59:03 robot_arb INFO Min profit: rub=7.77
16:59:03 robot_arb INFO Risk: stop_loss_rub=500000
16:59:03 robot_arb INFO State loaded: pnl=31013 trades=211 mode=running
16:59:04 robot_arb INFO FinamPy connected. Accounts: ['1225950', '1225951', '1225952', '1225953']
16:59:04 robot_arb INFO Orders manager linked to FinamPy gRPC
16:59:04 robot_arb INFO Subscribed OrderBook: GAZP@RTSX, GZU6@RTSX
16:59:04 robot_arb INFO Subscribed Quotes: GAZP@RTSX, GZU6@RTSX
16:59:04 robot_arb INFO Warmup: waiting 10 sec for data streams...
16:59:14 robot_arb INFO Warmup done. OB_A: False OB_B: False
16:59:14 robot_arb INFO MOEX ISS poller started (fallback for stock prices)
16:59:14 robot_arb INFO Main loop started
16:59:21 robot_arb INFO === Arbitrage Robot v1 ===
16:59:21 robot_arb INFO Pair: GAZP / GZU6
16:59:21 robot_arb INFO Account: 1225953 | Port: 5090 | Paper: False
16:59:21 robot_arb INFO Params: entry_z=1.7 lookback=200 lots_a=10 lots_b=1 hedge_ratio=10
16:59:21 robot_arb INFO Min profit: rub=7.77
16:59:21 robot_arb INFO Risk: stop_loss_rub=500000
16:59:21 robot_arb INFO State loaded: pnl=31013 trades=211 mode=running
16:59:22 robot_arb INFO FinamPy connected. Accounts: ['1225950', '1225951', '1225952', '1225953']
16:59:22 robot_arb INFO Orders manager linked to FinamPy gRPC
16:59:22 robot_arb INFO Subscribed OrderBook: GAZP@RTSX, GZU6@RTSX
16:59:22 robot_arb INFO Subscribed Quotes: GAZP@RTSX, GZU6@RTSX
16:59:22 robot_arb INFO Warmup: waiting 10 sec for data streams...
16:59:32 robot_arb INFO Warmup done. OB_A: False OB_B: False
16:59:32 robot_arb INFO MOEX ISS poller started (fallback for stock prices)
16:59:32 robot_arb INFO Main loop started
16:59:39 robot_arb INFO === Arbitrage Robot v1 ===
16:59:39 robot_arb INFO Pair: GAZP / GZU6
16:59:39 robot_arb INFO Account: 1225953 | Port: 5090 | Paper: False
16:59:39 robot_arb INFO Params: entry_z=1.7 lookback=200 lots_a=10 lots_b=1 hedge_ratio=10
16:59:39 robot_arb INFO Min profit: rub=7.77
16:59:39 robot_arb INFO Risk: stop_loss_rub=500000
16:59:39 robot_arb INFO State loaded: pnl=31013 trades=211 mode=running
16:59:40 robot_arb INFO FinamPy connected. Accounts: ['1225950', '1225951', '1225952', '1225953']
16:59:40 robot_arb INFO Orders manager linked to FinamPy gRPC
16:59:40 robot_arb INFO Subscribed OrderBook: GAZP@RTSX, GZU6@RTSX
16:59:40 robot_arb INFO Subscribed Quotes: GAZP@RTSX, GZU6@RTSX
16:59:40 robot_arb INFO Warmup: waiting 10 sec for data streams...
16:59:50 robot_arb INFO Warmup done. OB_A: False OB_B: False
16:59:50 robot_arb INFO MOEX ISS poller started (fallback for stock prices)
16:59:50 robot_arb INFO Main loop started
16:59:57 robot_arb INFO === Arbitrage Robot v1 ===
16:59:57 robot_arb INFO Pair: GAZP / GZU6
16:59:57 robot_arb INFO Account: 1225953 | Port: 5090 | Paper: False
16:59:57 robot_arb INFO Params: entry_z=1.7 lookback=200 lots_a=10 lots_b=1 hedge_ratio=10
16:59:57 robot_arb INFO Min profit: rub=7.77
16:59:57 robot_arb INFO Risk: stop_loss_rub=500000
16:59:57 robot_arb INFO State loaded: pnl=31013 trades=211 mode=running
16:59:58 robot_arb INFO FinamPy connected. Accounts: ['1225950', '1225951', '1225952', '1225953']
16:59:58 robot_arb INFO Orders manager linked to FinamPy gRPC
16:59:58 robot_arb INFO Subscribed OrderBook: GAZP@RTSX, GZU6@RTSX
16:59:58 robot_arb INFO Subscribed Quotes: GAZP@RTSX, GZU6@RTSX
16:59:58 robot_arb INFO Warmup: waiting 10 sec for data streams...
17:00:08 robot_arb INFO Warmup done. OB_A: False OB_B: False
17:00:08 robot_arb INFO MOEX ISS poller started (fallback for stock prices)
17:00:08 robot_arb INFO Main loop started
17:00:16 robot_arb INFO === Arbitrage Robot v1 ===
17:00:16 robot_arb INFO Pair: GAZP / GZU6
17:00:16 robot_arb INFO Account: 1225953 | Port: 5090 | Paper: False
17:00:16 robot_arb INFO Params: entry_z=1.7 lookback=200 lots_a=10 lots_b=1 hedge_ratio=10
17:00:16 robot_arb INFO Min profit: rub=7.77
17:00:16 robot_arb INFO Risk: stop_loss_rub=500000
17:00:16 robot_arb INFO State loaded: pnl=31013 trades=211 mode=running
17:00:16 robot_arb INFO FinamPy connected. Accounts: ['1225950', '1225951', '1225952', '1225953']
17:00:16 robot_arb INFO Orders manager linked to FinamPy gRPC
17:00:16 robot_arb INFO Subscribed OrderBook: GAZP@RTSX, GZU6@RTSX
17:00:16 robot_arb INFO Subscribed Quotes: GAZP@RTSX, GZU6@RTSX
17:00:16 robot_arb INFO Warmup: waiting 10 sec for data streams...
17:00:17 robot_arb INFO Account changed → 1225953-EDP
17:00:17 robot_arb INFO Param updated: ticker_a = GAZP (was GAZP)
17:00:17 robot_arb INFO Param updated: symbol_a = GAZP@RTSX (was GAZP@RTSX)
17:00:17 robot_arb INFO Param updated: ticker_b = GZU6 (was GZU6)
17:00:17 robot_arb INFO Param updated: symbol_b = GZU6@RTSX (was GZU6@RTSX)
17:00:17 robot_arb INFO Param updated: lots_a = 10 (was 10)
17:00:17 robot_arb INFO Param updated: lots_b = 1 (was 1)
17:00:17 robot_arb INFO Param updated: hedge_ratio = 10 (was 10)
17:00:17 robot_arb INFO Param updated: capital = 20000 (was 20000)
17:00:17 robot_arb INFO Param updated: entry_z = 1.5 (was 1.7)
17:00:17 robot_arb INFO Param updated: entry_z_long = -5.7 (was -5.7)
17:00:17 robot_arb INFO Param updated: entry_mode = zscore (was zscore)
17:00:17 robot_arb INFO Param updated: spread_rub_high = 312 (was 312)
17:00:17 robot_arb INFO Param updated: spread_rub_low = 270 (was 270)
17:00:17 robot_arb INFO Param updated: risk_free_rate = 0.1425 (was 0.1425)
17:00:17 robot_arb INFO Param updated: expiration_date = 2026-09-18 (was 2026-09-18)
17:00:17 robot_arb INFO Param updated: contract_size = 100 (was 100)
17:00:17 robot_arb INFO Param updated: lookback = 200 (was 200)
17:00:17 robot_arb INFO Param updated: leg_a_timeout = 5 (was 5)
17:00:17 robot_arb INFO Param updated: min_fill_ratio = 0.5 (was 0.5)
17:00:17 robot_arb INFO Param updated: min_profit_type = rub (was rub)
17:00:17 robot_arb INFO Param updated: min_profit_value = 7.77 (was 7.77)
17:00:17 robot_arb INFO Param updated: risk_type = stop_loss_rub (was stop_loss_rub)
17:00:17 robot_arb INFO Param updated: risk_value = 500000 (was 500000)
17:00:17 robot_arb INFO Param updated: allow_long_basis = True (was True)
17:00:17 robot_arb INFO Param updated: use_commission = True (was True)
17:00:17 robot_arb INFO Param updated: commission_stock_pct = 0.035 (was 0.035)
17:00:17 robot_arb INFO Param updated: commission_futures_rt = 0.9 (was 0.9)
17:00:18 robot_arb INFO Account changed → 1225953-EDP
17:00:18 robot_arb INFO Param updated: ticker_a = GAZP (was GAZP)
17:00:18 robot_arb INFO Param updated: symbol_a = GAZP@RTSX (was GAZP@RTSX)
17:00:18 robot_arb INFO Param updated: ticker_b = GZU6 (was GZU6)
17:00:18 robot_arb INFO Param updated: symbol_b = GZU6@RTSX (was GZU6@RTSX)
17:00:18 robot_arb INFO Param updated: lots_a = 10 (was 10)
17:00:18 robot_arb INFO Param updated: lots_b = 1 (was 1)
17:00:18 robot_arb INFO Param updated: hedge_ratio = 10 (was 10)
17:00:18 robot_arb INFO Param updated: capital = 20000 (was 20000)
17:00:18 robot_arb INFO Param updated: entry_z = 1.5 (was 1.5)
17:00:18 robot_arb INFO Param updated: entry_z_long = -5.7 (was -5.7)
17:00:18 robot_arb INFO Param updated: entry_mode = zscore (was zscore)
17:00:18 robot_arb INFO Param updated: spread_rub_high = 312 (was 312)
17:00:18 robot_arb INFO Param updated: spread_rub_low = 270 (was 270)
17:00:18 robot_arb INFO Param updated: risk_free_rate = 0.1425 (was 0.1425)
17:00:18 robot_arb INFO Param updated: expiration_date = 2026-09-18 (was 2026-09-18)
17:00:18 robot_arb INFO Param updated: contract_size = 100 (was 100)
17:00:18 robot_arb INFO Param updated: lookback = 200 (was 200)
17:00:18 robot_arb INFO Param updated: leg_a_timeout = 5 (was 5)
17:00:18 robot_arb INFO Param updated: min_fill_ratio = 0.5 (was 0.5)
17:00:18 robot_arb INFO Param updated: min_profit_type = rub (was rub)
17:00:18 robot_arb INFO Param updated: min_profit_value = 7.77 (was 7.77)
17:00:18 robot_arb INFO Param updated: risk_type = stop_loss_rub (was stop_loss_rub)
17:00:18 robot_arb INFO Param updated: risk_value = 500000 (was 500000)
17:00:18 robot_arb INFO Param updated: allow_long_basis = True (was True)
17:00:18 robot_arb INFO Param updated: use_commission = True (was True)
17:00:18 robot_arb INFO Param updated: commission_stock_pct = 0.035 (was 0.035)
17:00:18 robot_arb INFO Param updated: commission_futures_rt = 0.9 (was 0.9)
17:00:19 robot_arb INFO Account changed → 1225953-EDP
17:00:19 robot_arb INFO Param updated: ticker_a = GAZP (was GAZP)
17:00:19 robot_arb INFO Param updated: symbol_a = GAZP@RTSX (was GAZP@RTSX)
17:00:19 robot_arb INFO Param updated: ticker_b = GZU6 (was GZU6)
17:00:19 robot_arb INFO Param updated: symbol_b = GZU6@RTSX (was GZU6@RTSX)
17:00:19 robot_arb INFO Param updated: lots_a = 10 (was 10)
17:00:19 robot_arb INFO Param updated: lots_b = 1 (was 1)
17:00:19 robot_arb INFO Param updated: hedge_ratio = 10 (was 10)
17:00:19 robot_arb INFO Param updated: capital = 20000 (was 20000)
17:00:19 robot_arb INFO Param updated: entry_z = 1.5 (was 1.5)
17:00:19 robot_arb INFO Param updated: entry_z_long = -5.7 (was -5.7)
17:00:19 robot_arb INFO Param updated: entry_mode = zscore (was zscore)
17:00:19 robot_arb INFO Param updated: spread_rub_high = 312 (was 312)
17:00:19 robot_arb INFO Param updated: spread_rub_low = 270 (was 270)
17:00:19 robot_arb INFO Param updated: risk_free_rate = 0.1425 (was 0.1425)
17:00:19 robot_arb INFO Param updated: expiration_date = 2026-09-18 (was 2026-09-18)
17:00:19 robot_arb INFO Param updated: contract_size = 100 (was 100)
17:00:19 robot_arb INFO Param updated: lookback = 200 (was 200)
17:00:19 robot_arb INFO Param updated: leg_a_timeout = 5 (was 5)
17:00:19 robot_arb INFO Param updated: min_fill_ratio = 0.5 (was 0.5)
17:00:19 robot_arb INFO Param updated: min_profit_type = rub (was rub)
17:00:19 robot_arb INFO Param updated: min_profit_value = 7.77 (was 7.77)
17:00:19 robot_arb INFO Param updated: risk_type = stop_loss_rub (was stop_loss_rub)
17:00:19 robot_arb INFO Param updated: risk_value = 500000 (was 500000)
17:00:19 robot_arb INFO Param updated: allow_long_basis = True (was True)
17:00:19 robot_arb INFO Param updated: use_commission = True (was True)
17:00:19 robot_arb INFO Param updated: commission_stock_pct = 0.035 (was 0.035)
17:00:19 robot_arb INFO Param updated: commission_futures_rt = 0.9 (was 0.9)
17:00:20 robot_arb INFO Account changed → 1225953-EDP
17:00:20 robot_arb INFO Param updated: ticker_a = GAZP (was GAZP)
17:00:20 robot_arb INFO Param updated: symbol_a = GAZP@RTSX (was GAZP@RTSX)
17:00:20 robot_arb INFO Param updated: ticker_b = GZU6 (was GZU6)
17:00:20 robot_arb INFO Param updated: symbol_b = GZU6@RTSX (was GZU6@RTSX)
17:00:20 robot_arb INFO Param updated: lots_a = 10 (was 10)
17:00:20 robot_arb INFO Param updated: lots_b = 1 (was 1)
17:00:20 robot_arb INFO Param updated: hedge_ratio = 10 (was 10)
17:00:20 robot_arb INFO Param updated: capital = 20000 (was 20000)
17:00:20 robot_arb INFO Param updated: entry_z = 1.5 (was 1.5)
17:00:20 robot_arb INFO Param updated: entry_z_long = -5.7 (was -5.7)
17:00:20 robot_arb INFO Param updated: entry_mode = zscore (was zscore)
17:00:20 robot_arb INFO Param updated: spread_rub_high = 312 (was 312)
17:00:20 robot_arb INFO Param updated: spread_rub_low = 270 (was 270)
17:00:20 robot_arb INFO Param updated: risk_free_rate = 0.1425 (was 0.1425)
17:00:20 robot_arb INFO Param updated: expiration_date = 2026-09-18 (was 2026-09-18)
17:00:20 robot_arb INFO Param updated: contract_size = 100 (was 100)
17:00:20 robot_arb INFO Param updated: lookback = 200 (was 200)
17:00:20 robot_arb INFO Param updated: leg_a_timeout = 5 (was 5)
17:00:20 robot_arb INFO Param updated: min_fill_ratio = 0.5 (was 0.5)
17:00:20 robot_arb INFO Param updated: min_profit_type = rub (was rub)
17:00:20 robot_arb INFO Param updated: min_profit_value = 7.77 (was 7.77)
17:00:20 robot_arb INFO Param updated: risk_type = stop_loss_rub (was stop_loss_rub)
17:00:20 robot_arb INFO Param updated: risk_value = 500000 (was 500000)
17:00:20 robot_arb INFO Param updated: allow_long_basis = True (was True)
17:00:20 robot_arb INFO Param updated: use_commission = True (was True)
17:00:20 robot_arb INFO Param updated: commission_stock_pct = 0.035 (was 0.035)
17:00:20 robot_arb INFO Param updated: commission_futures_rt = 0.9 (was 0.9)
17:00:20 robot_arb INFO Account changed → 1225953-EDP
17:00:20 robot_arb INFO Param updated: ticker_a = GAZP (was GAZP)
17:00:20 robot_arb INFO Param updated: symbol_a = GAZP@RTSX (was GAZP@RTSX)
17:00:20 robot_arb INFO Param updated: ticker_b = GZU6 (was GZU6)
17:00:20 robot_arb INFO Param updated: symbol_b = GZU6@RTSX (was GZU6@RTSX)
17:00:20 robot_arb INFO Param updated: lots_a = 10 (was 10)
17:00:20 robot_arb INFO Param updated: lots_b = 1 (was 1)
17:00:20 robot_arb INFO Param updated: hedge_ratio = 10 (was 10)
17:00:20 robot_arb INFO Param updated: capital = 20000 (was 20000)
17:00:20 robot_arb INFO Param updated: entry_z = 1.5 (was 1.5)
17:00:20 robot_arb INFO Param updated: entry_z_long = -5.7 (was -5.7)
17:00:20 robot_arb INFO Param updated: entry_mode = zscore (was zscore)
17:00:20 robot_arb INFO Param updated: spread_rub_high = 312 (was 312)
17:00:20 robot_arb INFO Param updated: spread_rub_low = 270 (was 270)
17:00:20 robot_arb INFO Param updated: risk_free_rate = 0.1425 (was 0.1425)
17:00:20 robot_arb INFO Param updated: expiration_date = 2026-09-18 (was 2026-09-18)
17:00:20 robot_arb INFO Param updated: contract_size = 100 (was 100)
17:00:20 robot_arb INFO Param updated: lookback = 200 (was 200)
17:00:20 robot_arb INFO Param updated: leg_a_timeout = 5 (was 5)
17:00:20 robot_arb INFO Param updated: min_fill_ratio = 0.5 (was 0.5)
17:00:20 robot_arb INFO Param updated: min_profit_type = rub (was rub)
17:00:20 robot_arb INFO Param updated: min_profit_value = 7.77 (was 7.77)
17:00:20 robot_arb INFO Param updated: risk_type = stop_loss_rub (was stop_loss_rub)
17:00:20 robot_arb INFO Param updated: risk_value = 500000 (was 500000)
17:00:20 robot_arb INFO Param updated: allow_long_basis = True (was True)
17:00:20 robot_arb INFO Param updated: use_commission = True (was True)
17:00:20 robot_arb INFO Param updated: commission_stock_pct = 0.035 (was 0.035)
17:00:20 robot_arb INFO Param updated: commission_futures_rt = 0.9 (was 0.9)
17:00:26 robot_arb INFO Warmup done. OB_A: False OB_B: False
17:00:26 robot_arb INFO MOEX ISS poller started (fallback for stock prices)
17:00:26 robot_arb INFO Main loop started
17:00:34 robot_arb INFO === Arbitrage Robot v1 ===
17:00:34 robot_arb INFO Pair: GAZP / GZU6
17:00:34 robot_arb INFO Account: 1225953 | Port: 5090 | Paper: False
17:00:34 robot_arb INFO Params: entry_z=1.5 lookback=200 lots_a=10 lots_b=1 hedge_ratio=10
17:00:34 robot_arb INFO Min profit: rub=7.77
17:00:34 robot_arb INFO Risk: stop_loss_rub=500000
17:00:34 robot_arb INFO State loaded: pnl=31013 trades=211 mode=running
17:00:34 robot_arb INFO FinamPy connected. Accounts: ['1225950', '1225951', '1225952', '1225953']
17:00:34 robot_arb INFO Orders manager linked to FinamPy gRPC
17:00:34 robot_arb INFO Subscribed OrderBook: GAZP@RTSX, GZU6@RTSX
17:00:34 robot_arb INFO Subscribed Quotes: GAZP@RTSX, GZU6@RTSX
17:00:34 robot_arb INFO Warmup: waiting 10 sec for data streams...
17:00:44 robot_arb INFO Warmup done. OB_A: False OB_B: False
17:00:44 robot_arb INFO MOEX ISS poller started (fallback for stock prices)
17:00:44 robot_arb INFO Main loop started
17:00:52 robot_arb INFO === Arbitrage Robot v1 ===
17:00:52 robot_arb INFO Pair: GAZP / GZU6
17:00:52 robot_arb INFO Account: 1225953 | Port: 5090 | Paper: False
17:00:52 robot_arb INFO Params: entry_z=1.5 lookback=200 lots_a=10 lots_b=1 hedge_ratio=10
17:00:52 robot_arb INFO Min profit: rub=7.77
17:00:52 robot_arb INFO Risk: stop_loss_rub=500000
17:00:52 robot_arb INFO State loaded: pnl=31013 trades=211 mode=running
17:00:52 robot_arb INFO FinamPy connected. Accounts: ['1225950', '1225951', '1225952', '1225953']
17:00:52 robot_arb INFO Orders manager linked to FinamPy gRPC
17:00:52 robot_arb INFO Subscribed OrderBook: GAZP@RTSX, GZU6@RTSX
17:00:52 robot_arb INFO Subscribed Quotes: GAZP@RTSX, GZU6@RTSX
17:00:52 robot_arb INFO Warmup: waiting 10 sec for data streams...
17:01:02 robot_arb INFO Warmup done. OB_A: False OB_B: False
17:01:02 robot_arb INFO MOEX ISS poller started (fallback for stock prices)
17:01:02 robot_arb INFO Main loop started
17:01:10 robot_arb INFO === Arbitrage Robot v1 ===
17:01:10 robot_arb INFO Pair: GAZP / GZU6
17:01:10 robot_arb INFO Account: 1225953 | Port: 5090 | Paper: False
17:01:10 robot_arb INFO Params: entry_z=1.5 lookback=200 lots_a=10 lots_b=1 hedge_ratio=10
17:01:10 robot_arb INFO Min profit: rub=7.77
17:01:10 robot_arb INFO Risk: stop_loss_rub=500000
17:01:10 robot_arb INFO State loaded: pnl=31013 trades=211 mode=running
17:01:11 robot_arb INFO FinamPy connected. Accounts: ['1225950', '1225951', '1225952', '1225953']
17:01:11 robot_arb INFO Orders manager linked to FinamPy gRPC
17:01:11 robot_arb INFO Subscribed OrderBook: GAZP@RTSX, GZU6@RTSX
17:01:11 robot_arb INFO Subscribed Quotes: GAZP@RTSX, GZU6@RTSX
17:01:11 robot_arb INFO Warmup: waiting 10 sec for data streams...
17:01:16 robot_arb INFO Signal 15 — shutting down...
17:01:16 robot_arb INFO === Arbitrage Robot v1 ===
17:01:16 robot_arb INFO Pair: GAZP / GZU6
17:01:16 robot_arb INFO Account: 1225953 | Port: 5090 | Paper: False
17:01:16 robot_arb INFO Params: entry_z=1.5 lookback=200 lots_a=10 lots_b=1 hedge_ratio=10
17:01:16 robot_arb INFO Min profit: rub=7.77
17:01:16 robot_arb INFO Risk: stop_loss_rub=500000
17:01:16 robot_arb INFO State loaded: pnl=31013 trades=211 mode=stopped
17:01:17 robot_arb INFO FinamPy connected. Accounts: ['1225950', '1225951', '1225952', '1225953']
17:01:17 robot_arb INFO Orders manager linked to FinamPy gRPC
17:01:17 robot_arb INFO Subscribed OrderBook: GAZP@RTSX, GZU6@RTSX
17:01:17 robot_arb INFO Subscribed Quotes: GAZP@RTSX, GZU6@RTSX
17:01:17 robot_arb INFO Warmup: waiting 10 sec for data streams...
17:01:27 robot_arb INFO Warmup done. OB_A: False OB_B: False
17:01:27 robot_arb INFO MOEX ISS poller started (fallback for stock prices)
17:01:27 robot_arb INFO Main loop started
17:01:27 robot_arb INFO API listening on :5090
17:01:27 robot_arb INFO Endpoints: GET /status /health /params | POST /start /stop /pause /params
17:01:31 robot_arb INFO Mode → RUNNING
17:42:52 robot_arb INFO Signal 15 — shutting down...
17:42:53 robot_arb INFO === Arbitrage Robot v1 ===
17:42:53 robot_arb INFO Pair: GAZP / GZU6
17:42:53 robot_arb INFO Account: 1225953 | Port: 5090 | Paper: False
17:42:53 robot_arb INFO Params: entry_z=1.5 lookback=200 lots_a=10 lots_b=1 hedge_ratio=10
17:42:53 robot_arb INFO Min profit: rub=7.77
17:42:53 robot_arb INFO Risk: stop_loss_rub=500000
17:42:53 robot_arb INFO State loaded: pnl=31013 trades=211 mode=stopped
17:42:53 robot_arb INFO FinamPy connected. Accounts: ['1225950', '1225951', '1225952', '1225953']
17:42:53 robot_arb INFO Orders manager linked to FinamPy gRPC
17:42:53 robot_arb INFO Subscribed OrderBook: GAZP@RTSX, GZU6@RTSX
17:42:53 robot_arb INFO Subscribed Quotes: GAZP@RTSX, GZU6@RTSX
17:42:53 robot_arb INFO Warmup: waiting 10 sec for data streams...
17:43:03 robot_arb INFO Warmup done. OB_A: False OB_B: False
17:43:03 robot_arb INFO MOEX ISS poller started (fallback for stock prices)
17:43:03 robot_arb INFO Main loop started
17:43:06 robot_arb INFO API listening on :5090
17:43:06 robot_arb INFO Endpoints: GET /status /health /params | POST /start /stop /pause /params
17:43:08 robot_arb INFO Mode → RUNNING
17:47:45 robot_arb INFO Account changed → 1225953
17:47:45 robot_arb INFO Param updated: ticker_a = GAZP (was GAZP)
17:47:45 robot_arb INFO Param updated: symbol_a = GAZP@RTSX (was GAZP@RTSX)
17:47:45 robot_arb INFO Param updated: ticker_b = GZU6 (was GZU6)
17:47:45 robot_arb INFO Param updated: symbol_b = GZU6@RTSX (was GZU6@RTSX)
17:47:45 robot_arb INFO Param updated: lots_a = 10 (was 10)
17:47:45 robot_arb INFO Param updated: lots_b = 1 (was 1)
17:47:45 robot_arb INFO Param updated: hedge_ratio = 10 (was 10)
17:47:45 robot_arb INFO Param updated: capital = 200000 (was 20000)
17:47:45 robot_arb INFO Param updated: entry_z = 1.5 (was 1.5)
17:47:45 robot_arb INFO Param updated: entry_z_long = -5.7 (was -5.7)
17:47:45 robot_arb INFO Param updated: entry_mode = zscore (was zscore)
17:47:45 robot_arb INFO Param updated: spread_rub_high = 312 (was 312)
17:47:45 robot_arb INFO Param updated: spread_rub_low = 270 (was 270)
17:47:45 robot_arb INFO Param updated: risk_free_rate = 0.1425 (was 0.1425)
17:47:45 robot_arb INFO Param updated: expiration_date = 2026-09-18 (was 2026-09-18)
17:47:45 robot_arb INFO Param updated: contract_size = 100 (was 100)
17:47:45 robot_arb INFO Param updated: lookback = 200 (was 200)
17:47:45 robot_arb INFO Param updated: leg_a_timeout = 5 (was 5)
17:47:45 robot_arb INFO Param updated: min_fill_ratio = 0.5 (was 0.5)
17:47:45 robot_arb INFO Param updated: min_profit_type = rub (was rub)
17:47:45 robot_arb INFO Param updated: min_profit_value = 7.77 (was 7.77)
17:47:45 robot_arb INFO Param updated: risk_type = stop_loss_rub (was stop_loss_rub)
17:47:45 robot_arb INFO Param updated: risk_value = 500000 (was 500000)
17:47:45 robot_arb INFO Param updated: allow_long_basis = True (was True)
17:47:45 robot_arb INFO Param updated: use_commission = True (was True)
17:47:45 robot_arb INFO Param updated: commission_stock_pct = 0.035 (was 0.035)
17:47:45 robot_arb INFO Param updated: commission_futures_rt = 0.9 (was 0.9)
17:51:27 robot_arb INFO Signal 15 — shutting down...
17:51:27 robot_arb INFO === Arbitrage Robot v1 ===
17:51:27 robot_arb INFO Pair: GAZP / GZU6
17:51:27 robot_arb INFO Account: 1225953 | Port: 5090 | Paper: False
17:51:27 robot_arb INFO Params: entry_z=1.5 lookback=200 lots_a=10 lots_b=1 hedge_ratio=10
17:51:27 robot_arb INFO Min profit: rub=7.77
17:51:27 robot_arb INFO Risk: stop_loss_rub=500000
17:51:27 robot_arb INFO State loaded: pnl=31013 trades=211 mode=stopped
17:51:28 robot_arb INFO FinamPy connected. Accounts: ['1225950', '1225951', '1225952', '1225953']
17:51:28 robot_arb INFO Orders manager linked to FinamPy gRPC
17:51:28 robot_arb INFO Subscribed OrderBook: GAZP@RTSX, GZU6@RTSX
17:51:28 robot_arb INFO Subscribed Quotes: GAZP@RTSX, GZU6@RTSX
17:51:28 robot_arb INFO Warmup: waiting 10 sec for data streams...
17:51:38 robot_arb INFO Warmup done. OB_A: False OB_B: False
17:51:38 robot_arb INFO MOEX ISS poller started (fallback for stock prices)
17:51:38 robot_arb INFO Main loop started
17:51:38 robot_arb INFO API listening on :5090
17:51:38 robot_arb INFO Endpoints: GET /status /health /params | POST /start /stop /pause /params
17:51:42 robot_arb INFO Mode → RUNNING
17:54:07 robot_arb INFO Param updated: entry_z = 1.0 (was 1.5)
17:57:10 robot_arb INFO Signal 15 — shutting down...
17:57:10 robot_arb INFO === Arbitrage Robot v1 ===
17:57:10 robot_arb INFO Pair: GAZP / GZU6
17:57:10 robot_arb INFO Account: 1225953 | Port: 5090 | Paper: False
17:57:10 robot_arb INFO Params: entry_z=1.0 lookback=200 lots_a=10 lots_b=1 hedge_ratio=10
17:57:10 robot_arb INFO Min profit: rub=7.77
17:57:10 robot_arb INFO Risk: stop_loss_rub=500000
17:57:10 robot_arb INFO State loaded: pnl=31013 trades=211 mode=stopped
17:57:11 robot_arb INFO FinamPy connected. Accounts: ['1225950', '1225951', '1225952', '1225953']
17:57:11 robot_arb INFO Orders manager linked to FinamPy gRPC
17:57:11 robot_arb INFO Subscribed OrderBook: GAZP@RTSX, GZU6@RTSX
17:57:11 robot_arb INFO Subscribed Quotes: GAZP@RTSX, GZU6@RTSX
17:57:11 robot_arb INFO Warmup: waiting 10 sec for data streams...
17:57:14 robot_arb INFO Signal 15 — shutting down...
17:57:14 robot_arb INFO === Arbitrage Robot v1 ===
17:57:14 robot_arb INFO Pair: GAZP / GZU6
17:57:14 robot_arb INFO Account: 1225953 | Port: 5090 | Paper: False
17:57:14 robot_arb INFO Params: entry_z=1.0 lookback=200 lots_a=10 lots_b=1 hedge_ratio=10
17:57:14 robot_arb INFO Min profit: rub=7.77
17:57:14 robot_arb INFO Risk: stop_loss_rub=500000
17:57:14 robot_arb INFO State loaded: pnl=31013 trades=211 mode=stopped
17:58:22 robot_arb INFO Signal 15 — shutting down...
17:58:25 robot_arb INFO === Arbitrage Robot v1 ===
17:58:25 robot_arb INFO Pair: GAZP / GZU6
17:58:25 robot_arb INFO Account: 1225953 | Port: 5090 | Paper: False
17:58:25 robot_arb INFO Params: entry_z=1.0 lookback=200 lots_a=10 lots_b=1 hedge_ratio=10
17:58:25 robot_arb INFO Min profit: rub=7.77
17:58:25 robot_arb INFO Risk: stop_loss_rub=500000
17:58:25 robot_arb INFO State loaded: pnl=31013 trades=211 mode=stopped
17:58:25 robot_arb INFO FinamPy connected. Accounts: ['1225950', '1225951', '1225952', '1225953']
17:58:25 robot_arb INFO Orders manager linked to FinamPy gRPC
17:58:25 robot_arb INFO Subscribed OrderBook: GAZP@RTSX, GZU6@RTSX
17:58:25 robot_arb INFO Subscribed Quotes: GAZP@RTSX, GZU6@RTSX
17:58:25 robot_arb INFO Warmup: waiting 10 sec for data streams...
17:58:35 robot_arb INFO Warmup done. OB_A: False OB_B: False
17:58:35 robot_arb INFO MOEX ISS poller started (fallback for stock prices)
17:58:35 robot_arb INFO Main loop started
17:58:35 robot_arb INFO API listening on :5090
17:58:35 robot_arb INFO Endpoints: GET /status /health /params | POST /start /stop /pause /params
17:58:44 robot_arb INFO Mode → RUNNING
18:00:01 robot_arb INFO Signal 15 — shutting down...
18:00:09 robot_arb INFO === Arbitrage Robot v1 ===
18:00:09 robot_arb INFO Pair: GAZP / GZU6
18:00:09 robot_arb INFO Account: 1225953 | Port: 5090 | Paper: False
18:00:09 robot_arb INFO Params: entry_z=1.0 lookback=200 lots_a=10 lots_b=1 hedge_ratio=10
18:00:09 robot_arb INFO Min profit: rub=7.77
18:00:09 robot_arb INFO Risk: stop_loss_rub=500000
18:00:09 robot_arb INFO State loaded: pnl=31013 trades=211 mode=stopped
18:00:09 robot_arb INFO FinamPy connected. Accounts: ['1225950', '1225951', '1225952', '1225953']
18:00:09 robot_arb INFO Orders manager linked to FinamPy gRPC
18:00:09 robot_arb INFO Subscribed OrderBook: GAZP@RTSX, GZU6@RTSX
18:00:09 robot_arb INFO Subscribed Quotes: GAZP@RTSX, GZU6@RTSX
18:00:09 robot_arb INFO Warmup: waiting 10 sec for data streams...
18:00:19 robot_arb INFO Warmup done. OB_A: False OB_B: False
18:00:19 robot_arb INFO MOEX ISS poller started (fallback for stock prices)
18:00:19 robot_arb INFO Main loop started
18:00:19 robot_arb INFO API listening on :5090
18:00:19 robot_arb INFO Endpoints: GET /status /health /params | POST /start /stop /pause /params
18:00:28 robot_arb INFO Mode → RUNNING
18:26:23 robot_arb INFO Account changed → 1225953
18:26:23 robot_arb INFO Param updated: ticker_a = GAZP (was GAZP)
18:26:23 robot_arb INFO Param updated: symbol_a = GAZP@RTSX (was GAZP@RTSX)
18:26:23 robot_arb INFO Param updated: ticker_b = GZU6 (was GZU6)
18:26:23 robot_arb INFO Param updated: symbol_b = GZU6@RTSX (was GZU6@RTSX)
18:26:23 robot_arb INFO Param updated: lots_a = 10 (was 10)
18:26:23 robot_arb INFO Param updated: lots_b = 1 (was 1)
18:26:23 robot_arb INFO Param updated: hedge_ratio = 10 (was 10)
18:26:23 robot_arb INFO Param updated: capital = 200000 (was 200000)
18:26:23 robot_arb INFO Param updated: entry_z = 2.5 (was 1.0)
18:26:23 robot_arb INFO Param updated: entry_z_long = -5.7 (was -5.7)
18:26:23 robot_arb INFO Param updated: entry_mode = zscore (was zscore)
18:26:23 robot_arb INFO Param updated: spread_rub_high = 312 (was 312)
18:26:23 robot_arb INFO Param updated: spread_rub_low = 270 (was 270)
18:26:23 robot_arb INFO Param updated: risk_free_rate = 0.1425 (was 0.1425)
18:26:23 robot_arb INFO Param updated: expiration_date = 2026-09-18 (was 2026-09-18)
18:26:23 robot_arb INFO Param updated: contract_size = 100 (was 100)
18:26:23 robot_arb INFO Param updated: lookback = 200 (was 200)
18:26:23 robot_arb INFO Param updated: leg_a_timeout = 5 (was 5)
18:26:23 robot_arb INFO Param updated: min_fill_ratio = 0.5 (was 0.5)
18:26:23 robot_arb INFO Param updated: min_profit_type = rub (was rub)
18:26:23 robot_arb INFO Param updated: min_profit_value = 7.77 (was 7.77)
18:26:23 robot_arb INFO Param updated: risk_type = stop_loss_rub (was stop_loss_rub)
18:26:23 robot_arb INFO Param updated: risk_value = 500000 (was 500000)
18:26:23 robot_arb INFO Param updated: allow_long_basis = True (was True)
18:26:23 robot_arb INFO Param updated: use_commission = True (was True)
18:26:23 robot_arb INFO Param updated: commission_stock_pct = 0.035 (was 0.035)
18:26:23 robot_arb INFO Param updated: commission_futures_rt = 0.9 (was 0.9)
18:26:31 robot_arb INFO Account changed → 1225953
18:26:31 robot_arb INFO Param updated: ticker_a = GAZP (was GAZP)
18:26:31 robot_arb INFO Param updated: symbol_a = GAZP@RTSX (was GAZP@RTSX)
18:26:31 robot_arb INFO Param updated: ticker_b = GZU6 (was GZU6)
18:26:31 robot_arb INFO Param updated: symbol_b = GZU6@RTSX (was GZU6@RTSX)
18:26:31 robot_arb INFO Param updated: lots_a = 10 (was 10)
18:26:31 robot_arb INFO Param updated: lots_b = 1 (was 1)
18:26:31 robot_arb INFO Param updated: hedge_ratio = 10 (was 10)
18:26:31 robot_arb INFO Param updated: capital = 20000 (was 200000)
18:26:31 robot_arb INFO Param updated: entry_z = 2.5 (was 2.5)
18:26:31 robot_arb INFO Param updated: entry_z_long = -5.7 (was -5.7)
18:26:31 robot_arb INFO Param updated: entry_mode = zscore (was zscore)
18:26:31 robot_arb INFO Param updated: spread_rub_high = 312 (was 312)
18:26:31 robot_arb INFO Param updated: spread_rub_low = 270 (was 270)
18:26:31 robot_arb INFO Param updated: risk_free_rate = 0.1425 (was 0.1425)
18:26:31 robot_arb INFO Param updated: expiration_date = 2026-09-18 (was 2026-09-18)
18:26:31 robot_arb INFO Param updated: contract_size = 100 (was 100)
18:26:31 robot_arb INFO Param updated: lookback = 200 (was 200)
18:26:31 robot_arb INFO Param updated: leg_a_timeout = 5 (was 5)
18:26:31 robot_arb INFO Param updated: min_fill_ratio = 0.5 (was 0.5)
18:26:31 robot_arb INFO Param updated: min_profit_type = rub (was rub)
18:26:31 robot_arb INFO Param updated: min_profit_value = 7.77 (was 7.77)
18:26:31 robot_arb INFO Param updated: risk_type = stop_loss_rub (was stop_loss_rub)
18:26:31 robot_arb INFO Param updated: risk_value = 500000 (was 500000)
18:26:31 robot_arb INFO Param updated: allow_long_basis = True (was True)
18:26:31 robot_arb INFO Param updated: use_commission = True (was True)
18:26:31 robot_arb INFO Param updated: commission_stock_pct = 0.035 (was 0.035)
18:26:31 robot_arb INFO Param updated: commission_futures_rt = 0.9 (was 0.9)
18:34:25 robot_arb INFO Param updated: use_evening = True (was False)
18:39:37 robot_arb INFO ⚠️ CHECK_ENTRY returned signal: {'action': 'entry', 'side': 'short_basis', 'z': 3.567576291642285, 'basis': 8830.6, 'price_a': 94.94, 'price_b': 9780.0}
18:39:37 robot_arb INFO ENTRY SIGNAL short_basis | Z=3.57 basis=8830.60 | A=94.94 B=9780.00 | limit buy 10 @ 94.94 | market sell 1 @ 9775.11
18:39:37 orders_arb INFO gRPC sending: limit buy 10 GAZP@MISX acc=1225950 @ 94.94
18:39:37 orders_arb ERROR gRPC order error (GAZP@RTSX buy 10@94.94): code=StatusCode.INTERNAL details=Jwt token check failed: UNAUTHENTICATED: Token is expired
18:39:37 orders_arb WARNING gRPC limit failed, falling back to DP server
18:39:37 orders_arb ERROR Limit order error (GAZP@RTSX buy 10@94.94): no response
18:39:37 robot_arb WARNING Entry failed: leg_a_place_failed
18:39:38 robot_arb INFO Z=3.57 (threshold=2.5) — no signal (dup_check=LOCKED)
18:39:38 robot_arb INFO Z=3.46 (threshold=2.5) — no signal (dup_check=LOCKED)
18:39:39 robot_arb INFO Z=3.46 (threshold=2.5) — no signal (dup_check=LOCKED)
18:39:39 robot_arb INFO Z=3.36 (threshold=2.5) — no signal (dup_check=LOCKED)
18:39:40 robot_arb INFO Z=3.36 (threshold=2.5) — no signal (dup_check=LOCKED)
18:39:40 robot_arb INFO Z=3.26 (threshold=2.5) — no signal (dup_check=LOCKED)
18:39:41 robot_arb INFO Z=3.26 (threshold=2.5) — no signal (dup_check=LOCKED)
18:39:41 robot_arb INFO Z=3.18 (threshold=2.5) — no signal (dup_check=LOCKED)
18:39:42 robot_arb INFO Z=3.18 (threshold=2.5) — no signal (dup_check=LOCKED)
18:39:42 robot_arb INFO Z=3.09 (threshold=2.5) — no signal (dup_check=LOCKED)
18:39:43 robot_arb INFO Z=3.09 (threshold=2.5) — no signal (dup_check=LOCKED)
18:39:43 robot_arb INFO Z=3.02 (threshold=2.5) — no signal (dup_check=LOCKED)
18:39:44 robot_arb INFO Z=3.02 (threshold=2.5) — no signal (dup_check=LOCKED)
18:39:44 robot_arb INFO Z=2.95 (threshold=2.5) — no signal (dup_check=LOCKED)
18:39:45 robot_arb INFO Z=2.95 (threshold=2.5) — no signal (dup_check=LOCKED)
18:39:45 robot_arb INFO Z=2.88 (threshold=2.5) — no signal (dup_check=LOCKED)
18:39:46 robot_arb INFO Z=2.88 (threshold=2.5) — no signal (dup_check=LOCKED)
18:49:59 robot_arb INFO Z=2.31 (threshold=2.5) — no signal (dup_check=False)
18:50:00 robot_arb INFO Z=2.37 (threshold=2.5) — no signal (dup_check=False)
18:50:00 robot_arb INFO Z=2.37 (threshold=2.5) — no signal (dup_check=False)
18:50:01 robot_arb INFO Z=2.33 (threshold=2.5) — no signal (dup_check=False)
18:50:01 robot_arb INFO Z=2.33 (threshold=2.5) — no signal (dup_check=False)
18:50:22 robot_arb INFO ⚠️ CHECK_ENTRY returned signal: {'action': 'entry', 'side': 'short_basis', 'z': 2.9436284503327017, 'basis': 8836.2, 'price_a': 95.08, 'price_b': 9787.0}
18:50:22 robot_arb INFO ENTRY SIGNAL short_basis | Z=2.94 basis=8836.20 | A=95.08 B=9787.00 | limit buy 10 @ 95.09 | market sell 1 @ 9782.11
18:50:22 orders_arb INFO gRPC sending: limit buy 10 GAZP@MISX acc=1225950 @ 95.09
18:50:22 orders_arb ERROR gRPC order error (GAZP@RTSX buy 10@95.09): code=StatusCode.INTERNAL details=Jwt token check failed: UNAUTHENTICATED: Token is expired
18:50:22 orders_arb WARNING gRPC limit failed, falling back to DP server
18:50:22 orders_arb ERROR Limit order error (GAZP@RTSX buy 10@95.09): no response
18:50:22 robot_arb WARNING Entry failed: leg_a_place_failed
18:50:23 robot_arb INFO Z=2.94 (threshold=2.5) — no signal (dup_check=LOCKED)
18:50:23 robot_arb INFO Z=2.88 (threshold=2.5) — no signal (dup_check=LOCKED)
18:50:24 robot_arb INFO Z=2.88 (threshold=2.5) — no signal (dup_check=LOCKED)
18:50:24 robot_arb INFO Z=2.83 (threshold=2.5) — no signal (dup_check=LOCKED)
18:50:25 robot_arb INFO Z=2.83 (threshold=2.5) — no signal (dup_check=LOCKED)
18:50:25 robot_arb INFO Z=2.77 (threshold=2.5) — no signal (dup_check=LOCKED)
18:50:26 robot_arb INFO Z=2.77 (threshold=2.5) — no signal (dup_check=LOCKED)
18:50:26 robot_arb INFO Z=2.72 (threshold=2.5) — no signal (dup_check=LOCKED)
18:50:27 robot_arb INFO Z=2.72 (threshold=2.5) — no signal (dup_check=LOCKED)
18:50:27 robot_arb INFO Z=2.66 (threshold=2.5) — no signal (dup_check=LOCKED)
18:50:28 robot_arb INFO Z=2.66 (threshold=2.5) — no signal (dup_check=LOCKED)
18:50:28 robot_arb INFO Z=2.60 (threshold=2.5) — no signal (dup_check=LOCKED)
18:50:29 robot_arb INFO Z=2.60 (threshold=2.5) — no signal (dup_check=LOCKED)
18:50:29 robot_arb INFO Z=2.54 (threshold=2.5) — no signal (dup_check=LOCKED)
18:50:30 robot_arb INFO Z=2.54 (threshold=2.5) — no signal (dup_check=LOCKED)
18:50:30 robot_arb INFO Z=2.49 (threshold=2.5) — no signal (dup_check=LOCKED)
18:50:31 robot_arb INFO Z=2.49 (threshold=2.5) — no signal (dup_check=LOCKED)
18:50:31 robot_arb INFO Z=2.44 (threshold=2.5) — no signal (dup_check=LOCKED)
18:50:32 robot_arb INFO Z=2.44 (threshold=2.5) — no signal (dup_check=LOCKED)
18:50:32 robot_arb INFO Z=2.39 (threshold=2.5) — no signal (dup_check=False)
18:57:33 robot_arb INFO ⚠️ CHECK_ENTRY returned signal: {'action': 'entry', 'side': 'short_basis', 'z': 2.576386207710331, 'basis': 8838.9, 'price_a': 95.11, 'price_b': 9790.0}
18:57:33 robot_arb INFO ENTRY SIGNAL short_basis | Z=2.58 basis=8838.90 | A=95.11 B=9790.00 | limit buy 10 @ 95.12 | market sell 1 @ 9785.10
18:57:33 orders_arb INFO gRPC sending: limit buy 10 GAZP@MISX acc=1225950 @ 95.12
18:57:33 orders_arb ERROR gRPC order error (GAZP@RTSX buy 10@95.12): code=StatusCode.INTERNAL details=Jwt token check failed: UNAUTHENTICATED: Token is expired
18:57:33 orders_arb WARNING gRPC limit failed, falling back to DP server
18:57:33 orders_arb ERROR Limit order error (GAZP@RTSX buy 10@95.12): no response
18:57:33 robot_arb WARNING Entry failed: leg_a_place_failed
18:57:34 robot_arb INFO Z=2.54 (threshold=2.5) — no signal (dup_check=LOCKED)
18:57:34 robot_arb INFO Z=2.54 (threshold=2.5) — no signal (dup_check=LOCKED)
18:57:35 robot_arb INFO Z=2.50 (threshold=2.5) — no signal (dup_check=LOCKED)
18:57:35 robot_arb INFO Z=2.50 (threshold=2.5) — no signal (dup_check=LOCKED)
18:57:36 robot_arb INFO Z=2.46 (threshold=2.5) — no signal (dup_check=LOCKED)
18:57:36 robot_arb INFO Z=2.46 (threshold=2.5) — no signal (dup_check=LOCKED)
18:57:37 robot_arb INFO Z=2.42 (threshold=2.5) — no signal (dup_check=LOCKED)
18:57:37 robot_arb INFO Z=2.42 (threshold=2.5) — no signal (dup_check=LOCKED)
18:57:38 robot_arb INFO Z=2.39 (threshold=2.5) — no signal (dup_check=LOCKED)
18:57:44 robot_arb INFO Z=2.35 (threshold=2.5) — no signal (dup_check=False)
18:57:44 robot_arb INFO Z=2.35 (threshold=2.5) — no signal (dup_check=False)
18:57:45 robot_arb INFO Z=2.32 (threshold=2.5) — no signal (dup_check=False)
18:57:45 robot_arb INFO Z=2.32 (threshold=2.5) — no signal (dup_check=False)
18:59:00 robot_arb INFO ⚠️ CHECK_ENTRY returned signal: {'action': 'entry', 'side': 'short_basis', 'z': 2.5479316235436595, 'basis': 8838.0, 'price_a': 95.1, 'price_b': 9789.0}
18:59:00 robot_arb INFO ENTRY SIGNAL short_basis | Z=2.55 basis=8838.00 | A=95.10 B=9789.00 | limit buy 10 @ 95.11 | market sell 1 @ 9784.11
18:59:00 orders_arb INFO gRPC sending: limit buy 10 GAZP@MISX acc=1225950 @ 95.11
18:59:00 orders_arb ERROR gRPC order error (GAZP@RTSX buy 10@95.11): code=StatusCode.INTERNAL details=Jwt token check failed: UNAUTHENTICATED: Token is expired
18:59:00 orders_arb WARNING gRPC limit failed, falling back to DP server
18:59:00 orders_arb ERROR Limit order error (GAZP@RTSX buy 10@95.11): no response
18:59:00 robot_arb WARNING Entry failed: leg_a_place_failed
18:59:01 robot_arb INFO Z=2.55 (threshold=2.5) — no signal (dup_check=LOCKED)
18:59:01 robot_arb INFO Z=2.51 (threshold=2.5) — no signal (dup_check=LOCKED)
18:59:02 robot_arb INFO Z=2.51 (threshold=2.5) — no signal (dup_check=LOCKED)
18:59:02 robot_arb INFO Z=2.47 (threshold=2.5) — no signal (dup_check=LOCKED)
18:59:03 robot_arb INFO Z=2.47 (threshold=2.5) — no signal (dup_check=LOCKED)
18:59:03 robot_arb INFO Z=2.42 (threshold=2.5) — no signal (dup_check=LOCKED)
18:59:04 robot_arb INFO Z=2.42 (threshold=2.5) — no signal (dup_check=LOCKED)
18:59:04 robot_arb INFO Z=2.37 (threshold=2.5) — no signal (dup_check=LOCKED)
18:59:05 robot_arb INFO Z=2.37 (threshold=2.5) — no signal (dup_check=LOCKED)
18:59:05 robot_arb INFO Z=2.32 (threshold=2.5) — no signal (dup_check=LOCKED)
19:02:34 robot_arb INFO ⚠️ CHECK_ENTRY returned signal: {'action': 'entry', 'side': 'short_basis', 'z': 3.47550023735107, 'basis': 8829.3, 'price_a': 94.97, 'price_b': 9779.0}
19:02:34 robot_arb INFO ENTRY SIGNAL short_basis | Z=3.48 basis=8829.30 | A=94.97 B=9779.00 | limit buy 10 @ 95.00 | market sell 1 @ 9774.11
19:02:34 orders_arb INFO gRPC sending: limit buy 10 GAZP@MISX acc=1225950 @ 95.0
19:02:34 orders_arb ERROR gRPC order error (GAZP@RTSX buy 10@95.0): code=StatusCode.INTERNAL details=Jwt token check failed: UNAUTHENTICATED: Token is expired
19:02:34 orders_arb WARNING gRPC limit failed, falling back to DP server
19:02:34 orders_arb ERROR Limit order error (GAZP@RTSX buy 10@95.0): no response
19:02:34 robot_arb WARNING Entry failed: leg_a_place_failed
19:02:35 robot_arb INFO Z=3.48 (threshold=2.5) — no signal (dup_check=LOCKED)
19:02:35 robot_arb INFO Z=3.36 (threshold=2.5) — no signal (dup_check=LOCKED)
19:02:36 robot_arb INFO Z=3.36 (threshold=2.5) — no signal (dup_check=LOCKED)
19:02:36 robot_arb INFO Z=3.27 (threshold=2.5) — no signal (dup_check=LOCKED)
19:02:37 robot_arb INFO Z=3.27 (threshold=2.5) — no signal (dup_check=LOCKED)
19:02:37 robot_arb INFO Z=3.18 (threshold=2.5) — no signal (dup_check=LOCKED)
19:02:38 robot_arb INFO Z=3.18 (threshold=2.5) — no signal (dup_check=LOCKED)
19:02:38 robot_arb INFO Z=3.10 (threshold=2.5) — no signal (dup_check=LOCKED)
19:02:39 robot_arb INFO Z=3.10 (threshold=2.5) — no signal (dup_check=LOCKED)
19:02:39 robot_arb INFO Z=3.03 (threshold=2.5) — no signal (dup_check=LOCKED)
19:02:40 robot_arb INFO Z=3.03 (threshold=2.5) — no signal (dup_check=LOCKED)
19:02:40 robot_arb INFO Z=3.58 (threshold=2.5) — no signal (dup_check=LOCKED)
19:02:41 robot_arb INFO Z=3.58 (threshold=2.5) — no signal (dup_check=LOCKED)
19:02:41 robot_arb INFO Z=3.47 (threshold=2.5) — no signal (dup_check=LOCKED)
19:02:42 robot_arb INFO Z=3.47 (threshold=2.5) — no signal (dup_check=LOCKED)
19:02:42 robot_arb INFO Z=3.36 (threshold=2.5) — no signal (dup_check=LOCKED)
19:02:43 robot_arb INFO Z=3.36 (threshold=2.5) — no signal (dup_check=LOCKED)
19:02:43 robot_arb INFO Z=3.25 (threshold=2.5) — no signal (dup_check=LOCKED)
19:02:44 robot_arb INFO Z=3.25 (threshold=2.5) — no signal (dup_check=LOCKED)
19:02:44 robot_arb INFO ⚠️ CHECK_ENTRY returned signal: {'action': 'entry', 'side': 'short_basis', 'z': 3.153886904508352, 'basis': 8829.4, 'price_a': 94.96, 'price_b': 9779.0}
19:02:44 robot_arb INFO ENTRY SIGNAL short_basis | Z=3.15 basis=8829.40 | A=94.96 B=9779.00 | limit buy 10 @ 94.99 | market sell 1 @ 9774.11
19:02:44 orders_arb INFO gRPC sending: limit buy 10 GAZP@MISX acc=1225950 @ 94.99
19:02:45 orders_arb ERROR gRPC order error (GAZP@RTSX buy 10@94.99): code=StatusCode.INTERNAL details=Jwt token check failed: UNAUTHENTICATED: Token is expired
19:02:45 orders_arb WARNING gRPC limit failed, falling back to DP server
19:02:45 orders_arb ERROR Limit order error (GAZP@RTSX buy 10@94.99): no response
19:02:45 robot_arb WARNING Entry failed: leg_a_place_failed
19:02:45 robot_arb INFO Z=3.15 (threshold=2.5) — no signal (dup_check=LOCKED)
19:02:46 robot_arb INFO Z=3.06 (threshold=2.5) — no signal (dup_check=LOCKED)
19:02:46 robot_arb INFO Z=2.49 (threshold=2.5) — no signal (dup_check=LOCKED)
19:02:47 robot_arb INFO Z=2.44 (threshold=2.5) — no signal (dup_check=LOCKED)
19:02:47 robot_arb INFO Z=2.44 (threshold=2.5) — no signal (dup_check=LOCKED)
19:02:48 robot_arb INFO Z=2.39 (threshold=2.5) — no signal (dup_check=LOCKED)
19:02:48 robot_arb INFO Z=2.39 (threshold=2.5) — no signal (dup_check=LOCKED)
19:02:49 robot_arb INFO Z=2.35 (threshold=2.5) — no signal (dup_check=LOCKED)
19:02:49 robot_arb INFO Z=2.35 (threshold=2.5) — no signal (dup_check=LOCKED)
19:02:50 robot_arb INFO Z=2.31 (threshold=2.5) — no signal (dup_check=LOCKED)
19:02:50 robot_arb INFO Z=2.31 (threshold=2.5) — no signal (dup_check=LOCKED)
19:08:42 robot_arb INFO ⚠️ CHECK_ENTRY returned signal: {'action': 'entry', 'side': 'short_basis', 'z': 2.772000334042748, 'basis': 8831.0, 'price_a': 95.0, 'price_b': 9781.0}
19:08:42 robot_arb INFO ENTRY SIGNAL short_basis | Z=2.77 basis=8831.00 | A=95.00 B=9781.00 | limit buy 10 @ 95.00 | market sell 1 @ 9776.11
19:08:42 orders_arb INFO gRPC sending: limit buy 10 GAZP@MISX acc=1225950 @ 95.0
19:08:42 orders_arb ERROR gRPC order error (GAZP@RTSX buy 10@95.0): code=StatusCode.INTERNAL details=Jwt token check failed: UNAUTHENTICATED: Token is expired
19:08:42 orders_arb WARNING gRPC limit failed, falling back to DP server
19:08:42 orders_arb ERROR Limit order error (GAZP@RTSX buy 10@95.0): no response
19:08:42 robot_arb WARNING Entry failed: leg_a_place_failed
19:08:43 robot_arb INFO Z=2.77 (threshold=2.5) — no signal (dup_check=LOCKED)
19:08:43 robot_arb INFO Z=2.71 (threshold=2.5) — no signal (dup_check=LOCKED)
19:08:44 robot_arb INFO Z=2.71 (threshold=2.5) — no signal (dup_check=LOCKED)
19:08:44 robot_arb INFO Z=2.65 (threshold=2.5) — no signal (dup_check=LOCKED)
19:08:45 robot_arb INFO Z=2.65 (threshold=2.5) — no signal (dup_check=LOCKED)
19:08:45 robot_arb INFO Z=2.60 (threshold=2.5) — no signal (dup_check=LOCKED)
19:08:46 robot_arb INFO Z=2.60 (threshold=2.5) — no signal (dup_check=LOCKED)
19:08:46 robot_arb INFO Z=2.55 (threshold=2.5) — no signal (dup_check=LOCKED)
19:08:47 robot_arb INFO Z=2.55 (threshold=2.5) — no signal (dup_check=LOCKED)
19:08:47 robot_arb INFO Z=2.50 (threshold=2.5) — no signal (dup_check=LOCKED)
19:08:48 robot_arb INFO Z=2.50 (threshold=2.5) — no signal (dup_check=LOCKED)
19:08:48 robot_arb INFO Z=2.45 (threshold=2.5) — no signal (dup_check=LOCKED)
19:08:49 robot_arb INFO Z=2.45 (threshold=2.5) — no signal (dup_check=LOCKED)
19:08:49 robot_arb INFO Z=2.41 (threshold=2.5) — no signal (dup_check=LOCKED)
19:08:50 robot_arb INFO Z=2.41 (threshold=2.5) — no signal (dup_check=LOCKED)
19:08:50 robot_arb INFO Z=2.37 (threshold=2.5) — no signal (dup_check=LOCKED)
19:08:51 robot_arb INFO Z=2.37 (threshold=2.5) — no signal (dup_check=LOCKED)
19:08:51 robot_arb INFO Z=2.32 (threshold=2.5) — no signal (dup_check=LOCKED)
19:08:52 robot_arb INFO Z=2.32 (threshold=2.5) — no signal (dup_check=LOCKED)
19:09:14 robot_arb INFO Z=2.48 (threshold=2.5) — no signal (dup_check=False)
19:09:15 robot_arb INFO Z=2.48 (threshold=2.5) — no signal (dup_check=False)
19:09:15 robot_arb INFO Z=2.43 (threshold=2.5) — no signal (dup_check=False)
19:09:16 robot_arb INFO Z=2.43 (threshold=2.5) — no signal (dup_check=False)
19:09:16 robot_arb INFO Z=2.39 (threshold=2.5) — no signal (dup_check=False)
19:09:17 robot_arb INFO Z=2.39 (threshold=2.5) — no signal (dup_check=False)
19:09:17 robot_arb INFO Z=2.34 (threshold=2.5) — no signal (dup_check=False)
19:09:18 robot_arb INFO Z=2.34 (threshold=2.5) — no signal (dup_check=False)
19:14:53 robot_arb INFO Z=2.33 (threshold=2.5) — no signal (dup_check=False)
19:14:54 robot_arb INFO Z=2.30 (threshold=2.5) — no signal (dup_check=False)
19:14:54 robot_arb INFO Z=2.30 (threshold=2.5) — no signal (dup_check=False)
19:15:04 robot_arb INFO ⚠️ CHECK_ENTRY returned signal: {'action': 'entry', 'side': 'short_basis', 'z': 3.9146502691933094, 'basis': 8830.9, 'price_a': 95.01, 'price_b': 9781.0}
19:15:04 robot_arb INFO ENTRY SIGNAL short_basis | Z=3.91 basis=8830.90 | A=95.01 B=9781.00 | limit buy 10 @ 95.04 | market sell 1 @ 9776.11
19:15:04 orders_arb INFO gRPC sending: limit buy 10 GAZP@MISX acc=1225950 @ 95.04
19:15:04 orders_arb ERROR gRPC order error (GAZP@RTSX buy 10@95.04): code=StatusCode.INTERNAL details=Jwt token check failed: UNAUTHENTICATED: Token is expired
19:15:04 orders_arb WARNING gRPC limit failed, falling back to DP server
19:15:04 orders_arb ERROR Limit order error (GAZP@RTSX buy 10@95.04): no response
19:15:04 robot_arb WARNING Entry failed: leg_a_place_failed
19:15:05 robot_arb INFO Z=3.02 (threshold=2.5) — no signal (dup_check=LOCKED)
19:15:05 robot_arb INFO Z=3.02 (threshold=2.5) — no signal (dup_check=LOCKED)
19:15:06 robot_arb INFO Z=2.93 (threshold=2.5) — no signal (dup_check=LOCKED)
19:15:06 robot_arb INFO Z=2.93 (threshold=2.5) — no signal (dup_check=LOCKED)
19:15:07 robot_arb INFO Z=2.86 (threshold=2.5) — no signal (dup_check=LOCKED)
19:15:07 robot_arb INFO Z=2.86 (threshold=2.5) — no signal (dup_check=LOCKED)
19:15:08 robot_arb INFO Z=2.79 (threshold=2.5) — no signal (dup_check=LOCKED)
19:15:08 robot_arb INFO Z=2.79 (threshold=2.5) — no signal (dup_check=LOCKED)
19:15:09 robot_arb INFO Z=2.72 (threshold=2.5) — no signal (dup_check=LOCKED)
19:15:09 robot_arb INFO Z=2.72 (threshold=2.5) — no signal (dup_check=LOCKED)
19:15:10 robot_arb INFO Z=2.66 (threshold=2.5) — no signal (dup_check=LOCKED)
19:15:10 robot_arb INFO Z=2.66 (threshold=2.5) — no signal (dup_check=LOCKED)
19:15:11 robot_arb INFO Z=2.60 (threshold=2.5) — no signal (dup_check=LOCKED)
19:15:11 robot_arb INFO Z=2.60 (threshold=2.5) — no signal (dup_check=LOCKED)
19:15:12 robot_arb INFO Z=2.54 (threshold=2.5) — no signal (dup_check=LOCKED)
19:15:12 robot_arb INFO Z=2.54 (threshold=2.5) — no signal (dup_check=LOCKED)
19:15:13 robot_arb INFO Z=2.49 (threshold=2.5) — no signal (dup_check=LOCKED)
19:15:13 robot_arb INFO Z=2.49 (threshold=2.5) — no signal (dup_check=LOCKED)
19:15:14 robot_arb INFO Z=2.44 (threshold=2.5) — no signal (dup_check=LOCKED)
19:15:14 robot_arb INFO Z=2.44 (threshold=2.5) — no signal (dup_check=False)
19:15:15 robot_arb INFO Z=2.39 (threshold=2.5) — no signal (dup_check=False)
19:16:51 robot_arb INFO ⚠️ CHECK_ENTRY returned signal: {'action': 'entry', 'side': 'short_basis', 'z': 2.925228542407688, 'basis': 8833.5, 'price_a': 95.05, 'price_b': 9784.0}
19:16:51 robot_arb INFO ENTRY SIGNAL short_basis | Z=2.93 basis=8833.50 | A=95.05 B=9784.00 | limit buy 10 @ 95.04 | market sell 1 @ 9779.11
19:16:51 orders_arb INFO gRPC sending: limit buy 10 GAZP@MISX acc=1225950 @ 95.04
19:16:51 orders_arb ERROR gRPC order error (GAZP@RTSX buy 10@95.04): code=StatusCode.INTERNAL details=Jwt token check failed: UNAUTHENTICATED: Token is expired
19:16:51 orders_arb WARNING gRPC limit failed, falling back to DP server
19:16:51 orders_arb ERROR Limit order error (GAZP@RTSX buy 10@95.04): no response
19:16:51 robot_arb WARNING Entry failed: leg_a_place_failed
19:16:52 robot_arb INFO Z=2.93 (threshold=2.5) — no signal (dup_check=LOCKED)
19:16:52 robot_arb INFO Z=2.86 (threshold=2.5) — no signal (dup_check=LOCKED)
19:16:53 robot_arb INFO Z=2.86 (threshold=2.5) — no signal (dup_check=LOCKED)
19:16:53 robot_arb INFO Z=2.80 (threshold=2.5) — no signal (dup_check=LOCKED)
19:16:54 robot_arb INFO Z=2.80 (threshold=2.5) — no signal (dup_check=LOCKED)
19:16:54 robot_arb INFO Z=2.74 (threshold=2.5) — no signal (dup_check=LOCKED)
19:16:55 robot_arb INFO Z=2.74 (threshold=2.5) — no signal (dup_check=LOCKED)
19:16:55 robot_arb INFO Z=2.69 (threshold=2.5) — no signal (dup_check=LOCKED)
19:16:56 robot_arb INFO Z=2.69 (threshold=2.5) — no signal (dup_check=LOCKED)
19:16:56 robot_arb INFO Z=2.64 (threshold=2.5) — no signal (dup_check=LOCKED)
19:16:57 robot_arb INFO Z=2.64 (threshold=2.5) — no signal (dup_check=LOCKED)
19:16:57 robot_arb INFO Z=2.59 (threshold=2.5) — no signal (dup_check=LOCKED)
19:16:58 robot_arb INFO Z=2.59 (threshold=2.5) — no signal (dup_check=LOCKED)
19:16:58 robot_arb INFO Z=3.51 (threshold=2.5) — no signal (dup_check=LOCKED)
19:16:59 robot_arb INFO Z=3.51 (threshold=2.5) — no signal (dup_check=LOCKED)
19:16:59 robot_arb INFO Z=3.39 (threshold=2.5) — no signal (dup_check=LOCKED)
19:17:00 robot_arb INFO Z=3.39 (threshold=2.5) — no signal (dup_check=LOCKED)
19:17:00 robot_arb INFO Z=3.28 (threshold=2.5) — no signal (dup_check=LOCKED)
19:17:01 robot_arb INFO Z=3.28 (threshold=2.5) — no signal (dup_check=LOCKED)
19:17:01 robot_arb INFO ⚠️ CHECK_ENTRY returned signal: {'action': 'entry', 'side': 'short_basis', 'z': 3.1811392693619243, 'basis': 8834.5, 'price_a': 95.05, 'price_b': 9785.0}
19:17:01 robot_arb INFO ENTRY SIGNAL short_basis | Z=3.18 basis=8834.50 | A=95.05 B=9785.00 | limit buy 10 @ 95.05 | market sell 1 @ 9780.11
19:17:01 orders_arb INFO gRPC sending: limit buy 10 GAZP@MISX acc=1225950 @ 95.05
19:17:01 orders_arb ERROR gRPC order error (GAZP@RTSX buy 10@95.05): code=StatusCode.INTERNAL details=Jwt token check failed: UNAUTHENTICATED: Token is expired
19:17:01 orders_arb WARNING gRPC limit failed, falling back to DP server
19:17:01 orders_arb ERROR Limit order error (GAZP@RTSX buy 10@95.05): no response
19:17:01 robot_arb WARNING Entry failed: leg_a_place_failed
19:17:02 robot_arb INFO Z=3.18 (threshold=2.5) — no signal (dup_check=LOCKED)
19:17:02 robot_arb INFO Z=3.09 (threshold=2.5) — no signal (dup_check=LOCKED)
19:17:03 robot_arb INFO Z=3.09 (threshold=2.5) — no signal (dup_check=LOCKED)
19:17:03 robot_arb INFO Z=3.00 (threshold=2.5) — no signal (dup_check=LOCKED)
19:17:04 robot_arb INFO Z=3.00 (threshold=2.5) — no signal (dup_check=LOCKED)
19:17:04 robot_arb INFO Z=3.75 (threshold=2.5) — no signal (dup_check=LOCKED)
19:17:05 robot_arb INFO Z=3.75 (threshold=2.5) — no signal (dup_check=LOCKED)
19:17:05 robot_arb INFO Z=3.61 (threshold=2.5) — no signal (dup_check=LOCKED)
19:17:06 robot_arb INFO Z=3.61 (threshold=2.5) — no signal (dup_check=LOCKED)
19:17:06 robot_arb INFO Z=3.48 (threshold=2.5) — no signal (dup_check=LOCKED)
19:17:07 robot_arb INFO Z=3.48 (threshold=2.5) — no signal (dup_check=LOCKED)
19:17:07 robot_arb INFO Z=3.36 (threshold=2.5) — no signal (dup_check=LOCKED)
19:17:08 robot_arb INFO Z=3.36 (threshold=2.5) — no signal (dup_check=LOCKED)
19:17:08 robot_arb INFO Z=3.26 (threshold=2.5) — no signal (dup_check=LOCKED)
19:17:09 robot_arb INFO Z=3.26 (threshold=2.5) — no signal (dup_check=LOCKED)
19:17:09 robot_arb INFO Z=3.16 (threshold=2.5) — no signal (dup_check=LOCKED)
19:17:10 robot_arb INFO Z=2.41 (threshold=2.5) — no signal (dup_check=LOCKED)
19:17:10 robot_arb INFO Z=2.36 (threshold=2.5) — no signal (dup_check=LOCKED)
19:17:11 robot_arb INFO Z=2.36 (threshold=2.5) — no signal (dup_check=LOCKED)
19:17:11 robot_arb INFO Z=2.31 (threshold=2.5) — no signal (dup_check=False)
19:17:12 robot_arb INFO Z=2.31 (threshold=2.5) — no signal (dup_check=False)
19:17:39 robot_arb INFO ⚠️ CHECK_ENTRY returned signal: {'action': 'entry', 'side': 'short_basis', 'z': 2.748442367476282, 'basis': 8834.7, 'price_a': 95.03, 'price_b': 9785.0}
19:17:39 robot_arb INFO ENTRY SIGNAL short_basis | Z=2.75 basis=8834.70 | A=95.03 B=9785.00 | limit buy 10 @ 95.04 | market sell 1 @ 9780.11
19:17:39 orders_arb INFO gRPC sending: limit buy 10 GAZP@MISX acc=1225950 @ 95.04
19:17:39 orders_arb ERROR gRPC order error (GAZP@RTSX buy 10@95.04): code=StatusCode.INTERNAL details=Jwt token check failed: UNAUTHENTICATED: Token is expired
19:17:39 orders_arb WARNING gRPC limit failed, falling back to DP server
19:17:39 orders_arb ERROR Limit order error (GAZP@RTSX buy 10@95.04): no response
19:17:39 robot_arb WARNING Entry failed: leg_a_place_failed
19:17:39 robot_arb INFO Z=2.69 (threshold=2.5) — no signal (dup_check=LOCKED)
19:17:40 robot_arb INFO Z=2.69 (threshold=2.5) — no signal (dup_check=LOCKED)
19:17:40 robot_arb INFO Z=2.63 (threshold=2.5) — no signal (dup_check=LOCKED)
19:17:41 robot_arb INFO Z=2.63 (threshold=2.5) — no signal (dup_check=LOCKED)
19:17:41 robot_arb INFO Z=2.57 (threshold=2.5) — no signal (dup_check=LOCKED)
19:17:42 robot_arb INFO Z=2.57 (threshold=2.5) — no signal (dup_check=LOCKED)
19:17:42 robot_arb INFO Z=2.52 (threshold=2.5) — no signal (dup_check=LOCKED)
19:17:43 robot_arb INFO Z=2.52 (threshold=2.5) — no signal (dup_check=LOCKED)
19:17:43 robot_arb INFO Z=2.46 (threshold=2.5) — no signal (dup_check=LOCKED)
19:17:44 robot_arb INFO Z=2.46 (threshold=2.5) — no signal (dup_check=LOCKED)
19:17:44 robot_arb INFO Z=2.42 (threshold=2.5) — no signal (dup_check=LOCKED)
19:18:02 robot_arb INFO ⚠️ CHECK_ENTRY returned signal: {'action': 'entry', 'side': 'short_basis', 'z': 2.988812888320307, 'basis': 8834.0, 'price_a': 95.0, 'price_b': 9784.0}
19:18:02 robot_arb INFO ENTRY SIGNAL short_basis | Z=2.99 basis=8834.00 | A=95.00 B=9784.00 | limit buy 10 @ 95.03 | market sell 1 @ 9779.11
19:18:02 orders_arb INFO gRPC sending: limit buy 10 GAZP@MISX acc=1225950 @ 95.03
19:18:02 orders_arb ERROR gRPC order error (GAZP@RTSX buy 10@95.03): code=StatusCode.INTERNAL details=Jwt token check failed: UNAUTHENTICATED: Token is expired
19:18:02 orders_arb WARNING gRPC limit failed, falling back to DP server
19:18:03 orders_arb ERROR Limit order error (GAZP@RTSX buy 10@95.03): no response
19:18:03 robot_arb WARNING Entry failed: leg_a_place_failed
19:18:03 robot_arb INFO Z=2.99 (threshold=2.5) — no signal (dup_check=LOCKED)
19:18:04 robot_arb INFO Z=2.91 (threshold=2.5) — no signal (dup_check=LOCKED)
19:18:04 robot_arb INFO Z=2.91 (threshold=2.5) — no signal (dup_check=LOCKED)
19:18:05 robot_arb INFO Z=2.84 (threshold=2.5) — no signal (dup_check=LOCKED)
19:18:05 robot_arb INFO Z=2.84 (threshold=2.5) — no signal (dup_check=LOCKED)
19:18:06 robot_arb INFO Z=2.77 (threshold=2.5) — no signal (dup_check=LOCKED)
19:18:06 robot_arb INFO Z=2.77 (threshold=2.5) — no signal (dup_check=LOCKED)
19:18:07 robot_arb INFO Z=2.71 (threshold=2.5) — no signal (dup_check=LOCKED)
19:18:07 robot_arb INFO Z=2.71 (threshold=2.5) — no signal (dup_check=LOCKED)
19:18:08 robot_arb INFO Z=2.65 (threshold=2.5) — no signal (dup_check=LOCKED)
19:22:16 robot_arb INFO ⚠️ CHECK_ENTRY returned signal: {'action': 'entry', 'side': 'long_basis', 'z': -7.025388983770261, 'basis': 8829.6, 'price_a': 95.04, 'price_b': 9780.0}
19:22:16 robot_arb INFO ENTRY SIGNAL long_basis | Z=-7.03 basis=8829.60 | A=95.04 B=9780.00 | limit sell 10 @ 95.03 | market buy 1 @ 9784.89
19:22:16 orders_arb INFO gRPC sending: limit sell 10 GAZP@MISX acc=1225950 @ 95.03
19:22:16 orders_arb ERROR gRPC order error (GAZP@RTSX sell 10@95.03): code=StatusCode.INTERNAL details=Jwt token check failed: UNAUTHENTICATED: Token is expired
19:22:16 orders_arb WARNING gRPC limit failed, falling back to DP server
19:22:16 orders_arb ERROR Limit order error (GAZP@RTSX sell 10@95.03): no response
19:22:16 robot_arb WARNING Entry failed: leg_a_place_failed
19:31:17 robot_arb INFO ⚠️ CHECK_ENTRY returned signal: {'action': 'entry', 'side': 'short_basis', 'z': 3.2584087300403723, 'basis': 8833.0, 'price_a': 95.0, 'price_b': 9783.0}
19:31:17 robot_arb INFO ENTRY SIGNAL short_basis | Z=3.26 basis=8833.00 | A=95.00 B=9783.00 | limit buy 10 @ 95.01 | market sell 1 @ 9778.11
19:31:17 orders_arb INFO gRPC sending: limit buy 10 GAZP@MISX acc=1225950 @ 95.01
19:31:17 orders_arb ERROR gRPC order error (GAZP@RTSX buy 10@95.01): code=StatusCode.INTERNAL details=Jwt token check failed: UNAUTHENTICATED: Token is expired
19:31:17 orders_arb WARNING gRPC limit failed, falling back to DP server
19:31:17 orders_arb ERROR Limit order error (GAZP@RTSX buy 10@95.01): no response
19:31:17 robot_arb WARNING Entry failed: leg_a_place_failed
19:31:18 robot_arb INFO Z=3.19 (threshold=2.5) — no signal (dup_check=LOCKED)
19:31:18 robot_arb INFO Z=3.19 (threshold=2.5) — no signal (dup_check=LOCKED)
19:31:19 robot_arb INFO Z=3.12 (threshold=2.5) — no signal (dup_check=LOCKED)
19:31:19 robot_arb INFO Z=2.58 (threshold=2.5) — no signal (dup_check=LOCKED)
19:31:20 robot_arb INFO Z=2.54 (threshold=2.5) — no signal (dup_check=LOCKED)
19:31:20 robot_arb INFO Z=2.54 (threshold=2.5) — no signal (dup_check=LOCKED)
19:31:21 robot_arb INFO Z=2.51 (threshold=2.5) — no signal (dup_check=LOCKED)
19:31:21 robot_arb INFO Z=2.51 (threshold=2.5) — no signal (dup_check=LOCKED)
19:31:22 robot_arb INFO Z=2.48 (threshold=2.5) — no signal (dup_check=LOCKED)
19:31:22 robot_arb INFO Z=2.48 (threshold=2.5) — no signal (dup_check=LOCKED)
19:31:23 robot_arb INFO Z=2.45 (threshold=2.5) — no signal (dup_check=LOCKED)
19:31:23 robot_arb INFO Z=2.45 (threshold=2.5) — no signal (dup_check=LOCKED)
19:31:24 robot_arb INFO Z=2.42 (threshold=2.5) — no signal (dup_check=LOCKED)
19:31:24 robot_arb INFO Z=2.42 (threshold=2.5) — no signal (dup_check=LOCKED)
19:31:25 robot_arb INFO Z=2.39 (threshold=2.5) — no signal (dup_check=LOCKED)
19:31:25 robot_arb INFO Z=2.39 (threshold=2.5) — no signal (dup_check=LOCKED)
19:31:26 robot_arb INFO Z=2.36 (threshold=2.5) — no signal (dup_check=LOCKED)
19:31:26 robot_arb INFO Z=2.36 (threshold=2.5) — no signal (dup_check=LOCKED)
19:31:27 robot_arb INFO Z=2.34 (threshold=2.5) — no signal (dup_check=LOCKED)
19:31:27 robot_arb INFO Z=2.34 (threshold=2.5) — no signal (dup_check=False)
19:31:28 robot_arb INFO Z=2.31 (threshold=2.5) — no signal (dup_check=False)
19:31:28 robot_arb INFO Z=2.31 (threshold=2.5) — no signal (dup_check=False)
19:45:01 robot_arb INFO ⚠️ CHECK_ENTRY returned signal: {'action': 'entry', 'side': 'short_basis', 'z': 2.5312857221988088, 'basis': 8835.7, 'price_a': 95.03, 'price_b': 9786.0}
19:45:01 robot_arb INFO ENTRY SIGNAL short_basis | Z=2.53 basis=8835.70 | A=95.03 B=9786.00 | limit buy 10 @ 95.04 | market sell 1 @ 9781.11
19:45:01 orders_arb INFO gRPC sending: limit buy 10 GAZP@MISX acc=1225950 @ 95.04
19:45:01 orders_arb ERROR gRPC order error (GAZP@RTSX buy 10@95.04): code=StatusCode.INTERNAL details=Jwt token check failed: UNAUTHENTICATED: Token is expired
19:45:01 orders_arb WARNING gRPC limit failed, falling back to DP server
19:45:01 orders_arb ERROR Limit order error (GAZP@RTSX buy 10@95.04): no response
19:45:01 robot_arb WARNING Entry failed: leg_a_place_failed
19:45:01 robot_arb INFO Z=2.53 (threshold=2.5) — no signal (dup_check=LOCKED)
19:45:02 robot_arb INFO Z=2.53 (threshold=2.5) — no signal (dup_check=LOCKED)
19:45:02 robot_arb INFO Z=2.53 (threshold=2.5) — no signal (dup_check=LOCKED)
19:45:03 robot_arb INFO Z=2.53 (threshold=2.5) — no signal (dup_check=LOCKED)
19:45:03 robot_arb INFO Z=2.53 (threshold=2.5) — no signal (dup_check=LOCKED)
19:45:04 robot_arb INFO Z=2.48 (threshold=2.5) — no signal (dup_check=LOCKED)
19:45:04 robot_arb INFO Z=2.48 (threshold=2.5) — no signal (dup_check=LOCKED)
19:45:05 robot_arb INFO Z=2.43 (threshold=2.5) — no signal (dup_check=LOCKED)
19:45:05 robot_arb INFO Z=2.43 (threshold=2.5) — no signal (dup_check=LOCKED)
19:45:06 robot_arb INFO Z=2.38 (threshold=2.5) — no signal (dup_check=LOCKED)
19:45:06 robot_arb INFO Z=2.38 (threshold=2.5) — no signal (dup_check=LOCKED)
19:45:07 robot_arb INFO Z=2.33 (threshold=2.5) — no signal (dup_check=LOCKED)
19:45:07 robot_arb INFO Z=2.33 (threshold=2.5) — no signal (dup_check=LOCKED)
19:46:27 robot_arb INFO Z=2.33 (threshold=2.5) — no signal (dup_check=False)
19:46:28 robot_arb INFO Z=2.33 (threshold=2.5) — no signal (dup_check=False)
19:46:51 robot_arb INFO ⚠️ CHECK_ENTRY returned signal: {'action': 'entry', 'side': 'short_basis', 'z': 3.9135706880829204, 'basis': 8837.6, 'price_a': 95.04, 'price_b': 9788.0}
19:46:51 robot_arb INFO ENTRY SIGNAL short_basis | Z=3.91 basis=8837.60 | A=95.04 B=9788.00 | limit buy 10 @ 95.04 | market sell 1 @ 9783.11
19:46:51 orders_arb INFO gRPC sending: limit buy 10 GAZP@MISX acc=1225950 @ 95.04
19:46:51 orders_arb ERROR gRPC order error (GAZP@RTSX buy 10@95.04): code=StatusCode.INTERNAL details=Jwt token check failed: UNAUTHENTICATED: Token is expired
19:46:51 orders_arb WARNING gRPC limit failed, falling back to DP server
19:46:51 orders_arb ERROR Limit order error (GAZP@RTSX buy 10@95.04): no response
19:46:51 robot_arb WARNING Entry failed: leg_a_place_failed
19:46:52 robot_arb INFO Z=3.91 (threshold=2.5) — no signal (dup_check=LOCKED)
19:46:52 robot_arb INFO Z=3.75 (threshold=2.5) — no signal (dup_check=LOCKED)
19:46:53 robot_arb INFO Z=3.75 (threshold=2.5) — no signal (dup_check=LOCKED)
19:46:53 robot_arb INFO Z=3.61 (threshold=2.5) — no signal (dup_check=LOCKED)
19:46:54 robot_arb INFO Z=3.61 (threshold=2.5) — no signal (dup_check=LOCKED)
19:46:54 robot_arb INFO Z=3.48 (threshold=2.5) — no signal (dup_check=LOCKED)
19:46:55 robot_arb INFO Z=3.48 (threshold=2.5) — no signal (dup_check=LOCKED)
19:46:55 robot_arb INFO Z=3.36 (threshold=2.5) — no signal (dup_check=LOCKED)
19:46:56 robot_arb INFO Z=3.36 (threshold=2.5) — no signal (dup_check=LOCKED)
19:46:56 robot_arb INFO Z=3.25 (threshold=2.5) — no signal (dup_check=LOCKED)
19:46:57 robot_arb INFO Z=3.25 (threshold=2.5) — no signal (dup_check=LOCKED)
19:46:57 robot_arb INFO Z=3.16 (threshold=2.5) — no signal (dup_check=LOCKED)
19:46:58 robot_arb INFO Z=3.16 (threshold=2.5) — no signal (dup_check=LOCKED)
19:46:58 robot_arb INFO Z=3.06 (threshold=2.5) — no signal (dup_check=LOCKED)
19:46:59 robot_arb INFO Z=3.06 (threshold=2.5) — no signal (dup_check=LOCKED)
19:46:59 robot_arb INFO Z=2.98 (threshold=2.5) — no signal (dup_check=LOCKED)
19:47:00 robot_arb INFO Z=2.98 (threshold=2.5) — no signal (dup_check=LOCKED)
19:47:00 robot_arb INFO Z=2.90 (threshold=2.5) — no signal (dup_check=LOCKED)
19:47:01 robot_arb INFO Z=2.90 (threshold=2.5) — no signal (dup_check=LOCKED)
19:47:01 robot_arb INFO ⚠️ CHECK_ENTRY returned signal: {'action': 'entry', 'side': 'short_basis', 'z': 2.8269290298519048, 'basis': 8837.6, 'price_a': 95.04, 'price_b': 9788.0}
19:47:01 robot_arb INFO ENTRY SIGNAL short_basis | Z=2.83 basis=8837.60 | A=95.04 B=9788.00 | limit buy 10 @ 95.04 | market sell 1 @ 9783.11
19:47:01 orders_arb INFO gRPC sending: limit buy 10 GAZP@MISX acc=1225950 @ 95.04
19:47:01 orders_arb ERROR gRPC order error (GAZP@RTSX buy 10@95.04): code=StatusCode.INTERNAL details=Jwt token check failed: UNAUTHENTICATED: Token is expired
19:47:01 orders_arb WARNING gRPC limit failed, falling back to DP server
19:47:01 orders_arb ERROR Limit order error (GAZP@RTSX buy 10@95.04): no response
19:47:01 robot_arb WARNING Entry failed: leg_a_place_failed
19:47:02 robot_arb INFO Z=2.83 (threshold=2.5) — no signal (dup_check=LOCKED)
19:47:02 robot_arb INFO Z=2.76 (threshold=2.5) — no signal (dup_check=LOCKED)
19:47:03 robot_arb INFO Z=2.76 (threshold=2.5) — no signal (dup_check=LOCKED)
19:47:03 robot_arb INFO Z=2.69 (threshold=2.5) — no signal (dup_check=LOCKED)
19:47:04 robot_arb INFO Z=2.69 (threshold=2.5) — no signal (dup_check=LOCKED)
19:47:04 robot_arb INFO Z=2.63 (threshold=2.5) — no signal (dup_check=LOCKED)
19:47:05 robot_arb INFO Z=2.63 (threshold=2.5) — no signal (dup_check=LOCKED)
19:47:05 robot_arb INFO Z=2.57 (threshold=2.5) — no signal (dup_check=LOCKED)
19:47:06 robot_arb INFO Z=2.57 (threshold=2.5) — no signal (dup_check=LOCKED)
19:47:06 robot_arb INFO Z=2.52 (threshold=2.5) — no signal (dup_check=LOCKED)
19:48:35 robot_arb INFO Z=2.38 (threshold=2.5) — no signal (dup_check=False)
19:48:36 robot_arb INFO Z=2.33 (threshold=2.5) — no signal (dup_check=False)
19:48:36 robot_arb INFO Z=2.33 (threshold=2.5) — no signal (dup_check=False)
19:48:57 robot_arb INFO Account changed → 1225953-EDP
19:48:57 robot_arb INFO Param updated: ticker_a = GAZP (was GAZP)
19:48:57 robot_arb INFO Param updated: symbol_a = GAZP@RTSX (was GAZP@RTSX)
19:48:57 robot_arb INFO Param updated: ticker_b = GZU6 (was GZU6)
19:48:57 robot_arb INFO Param updated: symbol_b = GZU6@RTSX (was GZU6@RTSX)
19:48:57 robot_arb INFO Param updated: lots_a = 10 (was 10)
19:48:57 robot_arb INFO Param updated: lots_b = 1 (was 1)
19:48:57 robot_arb INFO Param updated: hedge_ratio = 10 (was 10)
19:48:57 robot_arb INFO Param updated: capital = 20000 (was 20000)
19:48:57 robot_arb INFO Param updated: entry_z = 2.5 (was 2.5)
19:48:57 robot_arb INFO Param updated: entry_z_long = -5.7 (was -5.7)
19:48:57 robot_arb INFO Param updated: entry_mode = zscore (was zscore)
19:48:57 robot_arb INFO Param updated: spread_rub_high = 312 (was 312)
19:48:57 robot_arb INFO Param updated: spread_rub_low = 270 (was 270)
19:48:57 robot_arb INFO Param updated: risk_free_rate = 0.1425 (was 0.1425)
19:48:57 robot_arb INFO Param updated: expiration_date = 2026-09-18 (was 2026-09-18)
19:48:57 robot_arb INFO Param updated: contract_size = 100 (was 100)
19:48:57 robot_arb INFO Param updated: lookback = 200 (was 200)
19:48:57 robot_arb INFO Param updated: leg_a_timeout = 5 (was 5)
19:48:57 robot_arb INFO Param updated: min_fill_ratio = 0.5 (was 0.5)
19:48:57 robot_arb INFO Param updated: min_profit_type = rub (was rub)
19:48:57 robot_arb INFO Param updated: min_profit_value = 7.77 (was 7.77)
19:48:57 robot_arb INFO Param updated: risk_type = stop_loss_rub (was stop_loss_rub)
19:48:57 robot_arb INFO Param updated: risk_value = 500000 (was 500000)
19:48:57 robot_arb INFO Param updated: allow_long_basis = True (was True)
19:48:57 robot_arb INFO Param updated: use_commission = True (was True)
19:48:57 robot_arb INFO Param updated: commission_stock_pct = 0.035 (was 0.035)
19:48:57 robot_arb INFO Param updated: commission_futures_rt = 0.9 (was 0.9)
19:52:13 robot_arb INFO ⚠️ CHECK_ENTRY returned signal: {'action': 'entry', 'side': 'long_basis', 'z': -7.652388097634666, 'basis': 8827.8, 'price_a': 95.02, 'price_b': 9778.0}
19:52:13 robot_arb INFO ENTRY SIGNAL long_basis | Z=-7.65 basis=8827.80 | A=95.02 B=9778.00 | limit sell 10 @ 95.01 | market buy 1 @ 9782.89
19:52:13 orders_arb INFO gRPC sending: limit sell 10 GAZP@MISX acc=1225950 @ 95.01
19:52:13 orders_arb ERROR gRPC order error (GAZP@RTSX sell 10@95.01): code=StatusCode.INTERNAL details=Jwt token check failed: UNAUTHENTICATED: Token is expired
19:52:13 orders_arb WARNING gRPC limit failed, falling back to DP server
19:52:13 orders_arb ERROR Limit order error (GAZP@RTSX sell 10@95.01): no response
19:52:13 robot_arb WARNING Entry failed: leg_a_place_failed
19:53:16 robot_arb INFO Z=2.33 (threshold=2.5) — no signal (dup_check=False)
19:59:15 robot_arb INFO Z=2.33 (threshold=2.5) — no signal (dup_check=False)
19:59:16 robot_arb INFO Z=2.33 (threshold=2.5) — no signal (dup_check=False)
20:06:00 robot_arb INFO ⚠️ CHECK_ENTRY returned signal: {'action': 'entry', 'side': 'short_basis', 'z': 4.39689056227933, 'basis': 8835.9, 'price_a': 95.01, 'price_b': 9786.0}
20:06:00 robot_arb INFO ENTRY SIGNAL short_basis | Z=4.40 basis=8835.90 | A=95.01 B=9786.00 | limit buy 10 @ 95.05 | market sell 1 @ 9781.11
20:06:00 orders_arb INFO gRPC sending: limit buy 10 GAZP@MISX acc=1225950 @ 95.05
20:06:01 orders_arb ERROR gRPC order error (GAZP@RTSX buy 10@95.05): code=StatusCode.INTERNAL details=Jwt token check failed: UNAUTHENTICATED: Token is expired
20:06:01 orders_arb WARNING gRPC limit failed, falling back to DP server
20:06:01 orders_arb ERROR Limit order error (GAZP@RTSX buy 10@95.05): no response
20:06:01 robot_arb WARNING Entry failed: leg_a_place_failed
20:06:01 robot_arb INFO Z=4.18 (threshold=2.5) — no signal (dup_check=LOCKED)
20:06:02 robot_arb INFO Z=4.18 (threshold=2.5) — no signal (dup_check=LOCKED)
20:06:02 robot_arb INFO Z=3.99 (threshold=2.5) — no signal (dup_check=LOCKED)
20:06:03 robot_arb INFO Z=3.99 (threshold=2.5) — no signal (dup_check=LOCKED)
20:06:03 robot_arb INFO Z=3.83 (threshold=2.5) — no signal (dup_check=LOCKED)
20:06:04 robot_arb INFO Z=3.83 (threshold=2.5) — no signal (dup_check=LOCKED)
20:06:04 robot_arb INFO Z=3.68 (threshold=2.5) — no signal (dup_check=LOCKED)
20:06:05 robot_arb INFO Z=3.68 (threshold=2.5) — no signal (dup_check=LOCKED)
20:09:29 robot_arb INFO ⚠️ CHECK_ENTRY returned signal: {'action': 'entry', 'side': 'short_basis', 'z': 2.866388001447223, 'basis': 8835.7, 'price_a': 95.03, 'price_b': 9786.0}
20:09:29 robot_arb INFO ENTRY SIGNAL short_basis | Z=2.87 basis=8835.70 | A=95.03 B=9786.00 | limit buy 10 @ 95.03 | market sell 1 @ 9781.11
20:09:29 orders_arb INFO gRPC sending: limit buy 10 GAZP@MISX acc=1225950 @ 95.03
20:09:29 orders_arb ERROR gRPC order error (GAZP@RTSX buy 10@95.03): code=StatusCode.INTERNAL details=Jwt token check failed: UNAUTHENTICATED: Token is expired
20:09:29 orders_arb WARNING gRPC limit failed, falling back to DP server
20:09:29 orders_arb ERROR Limit order error (GAZP@RTSX buy 10@95.03): no response
20:09:29 robot_arb WARNING Entry failed: leg_a_place_failed
20:09:30 robot_arb INFO Z=2.80 (threshold=2.5) — no signal (dup_check=LOCKED)
20:09:30 robot_arb INFO Z=2.80 (threshold=2.5) — no signal (dup_check=LOCKED)
20:09:31 robot_arb INFO Z=2.74 (threshold=2.5) — no signal (dup_check=LOCKED)
20:09:31 robot_arb INFO Z=2.74 (threshold=2.5) — no signal (dup_check=LOCKED)
20:09:32 robot_arb INFO Z=2.68 (threshold=2.5) — no signal (dup_check=LOCKED)
20:09:32 robot_arb INFO Z=2.68 (threshold=2.5) — no signal (dup_check=LOCKED)
20:09:33 robot_arb INFO Z=2.63 (threshold=2.5) — no signal (dup_check=LOCKED)
20:09:33 robot_arb INFO Z=2.63 (threshold=2.5) — no signal (dup_check=LOCKED)
20:09:34 robot_arb INFO Z=2.58 (threshold=2.5) — no signal (dup_check=LOCKED)
20:09:34 robot_arb INFO Z=2.58 (threshold=2.5) — no signal (dup_check=LOCKED)
20:09:35 robot_arb INFO Z=2.53 (threshold=2.5) — no signal (dup_check=LOCKED)
20:09:35 robot_arb INFO Z=2.53 (threshold=2.5) — no signal (dup_check=LOCKED)
20:09:36 robot_arb INFO Z=2.48 (threshold=2.5) — no signal (dup_check=LOCKED)
20:09:36 robot_arb INFO Z=2.48 (threshold=2.5) — no signal (dup_check=LOCKED)
20:09:37 robot_arb INFO Z=2.43 (threshold=2.5) — no signal (dup_check=LOCKED)
20:09:37 robot_arb INFO Z=2.43 (threshold=2.5) — no signal (dup_check=LOCKED)
20:09:38 robot_arb INFO Z=2.38 (threshold=2.5) — no signal (dup_check=LOCKED)
20:09:38 robot_arb INFO Z=2.38 (threshold=2.5) — no signal (dup_check=LOCKED)
20:09:39 robot_arb INFO Z=2.34 (threshold=2.5) — no signal (dup_check=LOCKED)
20:09:39 robot_arb INFO Z=2.34 (threshold=2.5) — no signal (dup_check=False)
20:09:53 robot_arb INFO Z=2.40 (threshold=2.5) — no signal (dup_check=False)
20:09:53 robot_arb INFO Z=2.40 (threshold=2.5) — no signal (dup_check=False)
20:09:54 robot_arb INFO Z=2.36 (threshold=2.5) — no signal (dup_check=False)
20:09:54 robot_arb INFO Z=2.36 (threshold=2.5) — no signal (dup_check=False)
20:09:55 robot_arb INFO Z=2.31 (threshold=2.5) — no signal (dup_check=False)
20:09:55 robot_arb INFO Z=2.31 (threshold=2.5) — no signal (dup_check=False)
20:21:50 robot_arb INFO ⚠️ CHECK_ENTRY returned signal: {'action': 'entry', 'side': 'short_basis', 'z': 2.5362135580472804, 'basis': 8827.3, 'price_a': 94.97, 'price_b': 9777.0}
20:21:50 robot_arb INFO ENTRY SIGNAL short_basis | Z=2.54 basis=8827.30 | A=94.97 B=9777.00 | limit buy 10 @ 94.96 | market sell 1 @ 9772.11
20:21:50 orders_arb INFO gRPC sending: limit buy 10 GAZP@MISX acc=1225950 @ 94.96
20:21:50 orders_arb ERROR gRPC order error (GAZP@RTSX buy 10@94.96): code=StatusCode.INTERNAL details=Jwt token check failed: UNAUTHENTICATED: Token is expired
20:21:50 orders_arb WARNING gRPC limit failed, falling back to DP server
20:21:50 orders_arb ERROR Limit order error (GAZP@RTSX buy 10@94.96): no response
20:21:50 robot_arb WARNING Entry failed: leg_a_place_failed
20:21:51 robot_arb INFO Z=2.54 (threshold=2.5) — no signal (dup_check=LOCKED)
20:21:51 robot_arb INFO Z=2.54 (threshold=2.5) — no signal (dup_check=LOCKED)
20:21:52 robot_arb INFO Z=2.54 (threshold=2.5) — no signal (dup_check=LOCKED)
20:21:52 robot_arb INFO Z=2.54 (threshold=2.5) — no signal (dup_check=LOCKED)
20:21:53 robot_arb INFO Z=2.51 (threshold=2.5) — no signal (dup_check=LOCKED)
20:21:53 robot_arb INFO Z=2.51 (threshold=2.5) — no signal (dup_check=LOCKED)
20:21:54 robot_arb INFO Z=2.49 (threshold=2.5) — no signal (dup_check=LOCKED)
20:21:54 robot_arb INFO Z=2.49 (threshold=2.5) — no signal (dup_check=LOCKED)
20:21:55 robot_arb INFO Z=2.46 (threshold=2.5) — no signal (dup_check=LOCKED)
20:21:55 robot_arb INFO Z=3.24 (threshold=2.5) — no signal (dup_check=LOCKED)
20:21:56 robot_arb INFO Z=3.17 (threshold=2.5) — no signal (dup_check=LOCKED)
20:21:56 robot_arb INFO Z=3.17 (threshold=2.5) — no signal (dup_check=LOCKED)
20:21:57 robot_arb INFO Z=3.11 (threshold=2.5) — no signal (dup_check=LOCKED)
20:21:57 robot_arb INFO Z=3.11 (threshold=2.5) — no signal (dup_check=LOCKED)
20:21:58 robot_arb INFO Z=2.34 (threshold=2.5) — no signal (dup_check=LOCKED)
20:21:58 robot_arb INFO Z=2.34 (threshold=2.5) — no signal (dup_check=LOCKED)
20:21:59 robot_arb INFO Z=2.32 (threshold=2.5) — no signal (dup_check=LOCKED)
20:21:59 robot_arb INFO Z=2.32 (threshold=2.5) — no signal (dup_check=LOCKED)
20:27:44 robot_arb INFO Z=2.35 (threshold=2.5) — no signal (dup_check=False)
20:27:44 robot_arb INFO Z=2.35 (threshold=2.5) — no signal (dup_check=False)
20:27:45 robot_arb INFO Z=2.35 (threshold=2.5) — no signal (dup_check=False)
20:27:45 robot_arb INFO Z=2.35 (threshold=2.5) — no signal (dup_check=False)
20:27:46 robot_arb INFO Z=2.35 (threshold=2.5) — no signal (dup_check=False)
20:27:46 robot_arb INFO Z=2.35 (threshold=2.5) — no signal (dup_check=False)
20:27:47 robot_arb INFO Z=2.35 (threshold=2.5) — no signal (dup_check=False)
20:27:47 robot_arb INFO Z=2.33 (threshold=2.5) — no signal (dup_check=False)
20:27:48 robot_arb INFO Z=2.33 (threshold=2.5) — no signal (dup_check=False)
20:27:48 robot_arb INFO Z=2.31 (threshold=2.5) — no signal (dup_check=False)
20:27:49 robot_arb INFO Z=2.31 (threshold=2.5) — no signal (dup_check=False)
20:28:38 robot_arb INFO ⚠️ CHECK_ENTRY returned signal: {'action': 'entry', 'side': 'short_basis', 'z': 2.556521254241762, 'basis': 8823.5, 'price_a': 94.95, 'price_b': 9773.0}
20:28:38 robot_arb INFO ENTRY SIGNAL short_basis | Z=2.56 basis=8823.50 | A=94.95 B=9773.00 | limit buy 10 @ 94.95 | market sell 1 @ 9768.11
20:28:38 orders_arb INFO gRPC sending: limit buy 10 GAZP@MISX acc=1225950 @ 94.95
20:28:38 orders_arb ERROR gRPC order error (GAZP@RTSX buy 10@94.95): code=StatusCode.INTERNAL details=Jwt token check failed: UNAUTHENTICATED: Token is expired
20:28:38 orders_arb WARNING gRPC limit failed, falling back to DP server
20:28:38 orders_arb ERROR Limit order error (GAZP@RTSX buy 10@94.95): no response
20:28:38 robot_arb WARNING Entry failed: leg_a_place_failed
20:28:39 robot_arb INFO Z=2.56 (threshold=2.5) — no signal (dup_check=LOCKED)
20:28:39 robot_arb INFO Z=2.50 (threshold=2.5) — no signal (dup_check=LOCKED)
20:28:40 robot_arb INFO Z=2.50 (threshold=2.5) — no signal (dup_check=LOCKED)
20:28:40 robot_arb INFO Z=2.45 (threshold=2.5) — no signal (dup_check=LOCKED)
20:28:41 robot_arb INFO Z=2.45 (threshold=2.5) — no signal (dup_check=LOCKED)
20:28:41 robot_arb INFO Z=2.40 (threshold=2.5) — no signal (dup_check=LOCKED)
20:28:42 robot_arb INFO Z=2.40 (threshold=2.5) — no signal (dup_check=LOCKED)
20:28:42 robot_arb INFO Z=2.36 (threshold=2.5) — no signal (dup_check=LOCKED)
20:28:43 robot_arb INFO Z=2.36 (threshold=2.5) — no signal (dup_check=LOCKED)
20:28:43 robot_arb INFO Z=2.31 (threshold=2.5) — no signal (dup_check=LOCKED)
20:28:44 robot_arb INFO Z=2.31 (threshold=2.5) — no signal (dup_check=LOCKED)
20:29:04 robot_arb INFO ⚠️ CHECK_ENTRY returned signal: {'action': 'entry', 'side': 'short_basis', 'z': 2.725181279227756, 'basis': 8823.6, 'price_a': 94.94, 'price_b': 9773.0}
20:29:04 robot_arb INFO ENTRY SIGNAL short_basis | Z=2.73 basis=8823.60 | A=94.94 B=9773.00 | limit buy 10 @ 94.97 | market sell 1 @ 9768.11
20:29:04 orders_arb INFO gRPC sending: limit buy 10 GAZP@MISX acc=1225950 @ 94.97
20:29:04 orders_arb ERROR gRPC order error (GAZP@RTSX buy 10@94.97): code=StatusCode.INTERNAL details=Jwt token check failed: UNAUTHENTICATED: Token is expired
20:29:04 orders_arb WARNING gRPC limit failed, falling back to DP server
20:29:04 orders_arb ERROR Limit order error (GAZP@RTSX buy 10@94.97): no response
20:29:04 robot_arb WARNING Entry failed: leg_a_place_failed
20:29:04 robot_arb INFO Z=2.66 (threshold=2.5) — no signal (dup_check=LOCKED)
20:29:05 robot_arb INFO Z=2.66 (threshold=2.5) — no signal (dup_check=LOCKED)
20:29:05 robot_arb INFO Z=2.60 (threshold=2.5) — no signal (dup_check=LOCKED)
20:29:06 robot_arb INFO Z=2.60 (threshold=2.5) — no signal (dup_check=LOCKED)
20:29:06 robot_arb INFO Z=2.56 (threshold=2.5) — no signal (dup_check=LOCKED)
20:29:07 robot_arb INFO Z=2.56 (threshold=2.5) — no signal (dup_check=LOCKED)
20:29:07 robot_arb INFO Z=2.52 (threshold=2.5) — no signal (dup_check=LOCKED)
20:29:08 robot_arb INFO Z=2.52 (threshold=2.5) — no signal (dup_check=LOCKED)
20:29:08 robot_arb INFO Z=2.48 (threshold=2.5) — no signal (dup_check=LOCKED)
20:29:09 robot_arb INFO Z=2.48 (threshold=2.5) — no signal (dup_check=LOCKED)
20:29:09 robot_arb INFO Z=2.45 (threshold=2.5) — no signal (dup_check=LOCKED)
20:29:10 robot_arb INFO Z=2.45 (threshold=2.5) — no signal (dup_check=LOCKED)
20:29:10 robot_arb INFO Z=2.41 (threshold=2.5) — no signal (dup_check=LOCKED)
20:29:11 robot_arb INFO Z=2.41 (threshold=2.5) — no signal (dup_check=LOCKED)
20:29:11 robot_arb INFO Z=2.37 (threshold=2.5) — no signal (dup_check=LOCKED)
20:29:12 robot_arb INFO Z=2.37 (threshold=2.5) — no signal (dup_check=LOCKED)
20:29:12 robot_arb INFO Z=2.33 (threshold=2.5) — no signal (dup_check=LOCKED)
20:29:13 robot_arb INFO Z=2.33 (threshold=2.5) — no signal (dup_check=LOCKED)
20:30:15 robot_arb INFO ⚠️ CHECK_ENTRY returned signal: {'action': 'entry', 'side': 'short_basis', 'z': 2.717777800105677, 'basis': 8823.8, 'price_a': 94.92, 'price_b': 9773.0}
20:30:15 robot_arb INFO ENTRY SIGNAL short_basis | Z=2.72 basis=8823.80 | A=94.92 B=9773.00 | limit buy 10 @ 94.94 | market sell 1 @ 9768.11
20:30:15 orders_arb INFO gRPC sending: limit buy 10 GAZP@MISX acc=1225950 @ 94.94
20:30:16 orders_arb ERROR gRPC order error (GAZP@RTSX buy 10@94.94): code=StatusCode.INTERNAL details=Jwt token check failed: UNAUTHENTICATED: Token is expired
20:30:16 orders_arb WARNING gRPC limit failed, falling back to DP server
20:30:16 orders_arb ERROR Limit order error (GAZP@RTSX buy 10@94.94): no response
20:30:16 robot_arb WARNING Entry failed: leg_a_place_failed
20:30:16 robot_arb INFO Z=2.72 (threshold=2.5) — no signal (dup_check=LOCKED)
20:30:17 robot_arb INFO Z=2.66 (threshold=2.5) — no signal (dup_check=LOCKED)
20:30:17 robot_arb INFO Z=2.66 (threshold=2.5) — no signal (dup_check=LOCKED)
20:30:18 robot_arb INFO Z=2.60 (threshold=2.5) — no signal (dup_check=LOCKED)
20:30:18 robot_arb INFO Z=2.60 (threshold=2.5) — no signal (dup_check=LOCKED)
20:30:19 robot_arb INFO Z=2.54 (threshold=2.5) — no signal (dup_check=LOCKED)
20:30:19 robot_arb INFO Z=2.54 (threshold=2.5) — no signal (dup_check=LOCKED)
20:30:20 robot_arb INFO Z=2.49 (threshold=2.5) — no signal (dup_check=LOCKED)
20:30:20 robot_arb INFO Z=2.49 (threshold=2.5) — no signal (dup_check=LOCKED)
20:30:21 robot_arb INFO Z=2.44 (threshold=2.5) — no signal (dup_check=LOCKED)
20:33:51 robot_arb INFO ⚠️ CHECK_ENTRY returned signal: {'action': 'entry', 'side': 'short_basis', 'z': 2.8234825062217945, 'basis': 8821.2, 'price_a': 94.88, 'price_b': 9770.0}
20:33:51 robot_arb INFO ENTRY SIGNAL short_basis | Z=2.82 basis=8821.20 | A=94.88 B=9770.00 | limit buy 10 @ 94.89 | market sell 1 @ 9765.11
20:33:51 orders_arb INFO gRPC sending: limit buy 10 GAZP@MISX acc=1225950 @ 94.89
20:33:51 orders_arb ERROR gRPC order error (GAZP@RTSX buy 10@94.89): code=StatusCode.INTERNAL details=Jwt token check failed: UNAUTHENTICATED: Token is expired
20:33:51 orders_arb WARNING gRPC limit failed, falling back to DP server
20:33:51 orders_arb ERROR Limit order error (GAZP@RTSX buy 10@94.89): no response
20:33:51 robot_arb WARNING Entry failed: leg_a_place_failed
20:33:52 robot_arb INFO Z=2.76 (threshold=2.5) — no signal (dup_check=LOCKED)
20:33:52 robot_arb INFO Z=2.76 (threshold=2.5) — no signal (dup_check=LOCKED)
20:33:53 robot_arb INFO Z=2.70 (threshold=2.5) — no signal (dup_check=LOCKED)
20:33:53 robot_arb INFO Z=2.70 (threshold=2.5) — no signal (dup_check=LOCKED)
20:33:54 robot_arb INFO Z=2.65 (threshold=2.5) — no signal (dup_check=LOCKED)
20:33:54 robot_arb INFO Z=2.65 (threshold=2.5) — no signal (dup_check=LOCKED)
20:33:55 robot_arb INFO Z=2.60 (threshold=2.5) — no signal (dup_check=LOCKED)
20:33:55 robot_arb INFO Z=2.60 (threshold=2.5) — no signal (dup_check=LOCKED)
20:33:56 robot_arb INFO Z=2.55 (threshold=2.5) — no signal (dup_check=LOCKED)
20:33:56 robot_arb INFO Z=2.55 (threshold=2.5) — no signal (dup_check=LOCKED)
20:34:17 robot_arb INFO ⚠️ CHECK_ENTRY returned signal: {'action': 'entry', 'side': 'short_basis', 'z': 4.332695859182769, 'basis': 8822.5, 'price_a': 94.85, 'price_b': 9771.0}
20:34:17 robot_arb INFO ENTRY SIGNAL short_basis | Z=4.33 basis=8822.50 | A=94.85 B=9771.00 | limit buy 10 @ 94.88 | market sell 1 @ 9766.11
20:34:17 orders_arb INFO gRPC sending: limit buy 10 GAZP@MISX acc=1225950 @ 94.88
20:34:18 orders_arb ERROR gRPC order error (GAZP@RTSX buy 10@94.88): code=StatusCode.INTERNAL details=Jwt token check failed: UNAUTHENTICATED: Token is expired
20:34:18 orders_arb WARNING gRPC limit failed, falling back to DP server
20:34:18 orders_arb ERROR Limit order error (GAZP@RTSX buy 10@94.88): no response
20:34:18 robot_arb WARNING Entry failed: leg_a_place_failed
20:34:18 robot_arb INFO Z=3.62 (threshold=2.5) — no signal (dup_check=LOCKED)
20:34:19 robot_arb INFO Z=3.62 (threshold=2.5) — no signal (dup_check=LOCKED)
20:34:19 robot_arb INFO Z=3.49 (threshold=2.5) — no signal (dup_check=LOCKED)
20:34:20 robot_arb INFO Z=3.49 (threshold=2.5) — no signal (dup_check=LOCKED)
20:34:20 robot_arb INFO Z=3.37 (threshold=2.5) — no signal (dup_check=LOCKED)
20:34:21 robot_arb INFO Z=3.37 (threshold=2.5) — no signal (dup_check=LOCKED)
20:34:21 robot_arb INFO Z=3.27 (threshold=2.5) — no signal (dup_check=LOCKED)
20:34:22 robot_arb INFO Z=3.27 (threshold=2.5) — no signal (dup_check=LOCKED)
20:34:22 robot_arb INFO Z=3.17 (threshold=2.5) — no signal (dup_check=LOCKED)
20:34:23 robot_arb INFO Z=3.17 (threshold=2.5) — no signal (dup_check=LOCKED)
20:34:23 robot_arb INFO Z=3.08 (threshold=2.5) — no signal (dup_check=LOCKED)
20:34:24 robot_arb INFO Z=3.08 (threshold=2.5) — no signal (dup_check=LOCKED)
20:34:24 robot_arb INFO Z=2.99 (threshold=2.5) — no signal (dup_check=LOCKED)
20:34:25 robot_arb INFO Z=2.99 (threshold=2.5) — no signal (dup_check=LOCKED)
20:34:25 robot_arb INFO Z=2.92 (threshold=2.5) — no signal (dup_check=LOCKED)
20:34:26 robot_arb INFO Z=2.92 (threshold=2.5) — no signal (dup_check=LOCKED)
20:34:26 robot_arb INFO Z=2.84 (threshold=2.5) — no signal (dup_check=LOCKED)
20:34:27 robot_arb INFO Z=2.84 (threshold=2.5) — no signal (dup_check=LOCKED)
20:34:27 robot_arb INFO Z=2.77 (threshold=2.5) — no signal (dup_check=LOCKED)
20:34:28 robot_arb INFO ⚠️ CHECK_ENTRY returned signal: {'action': 'entry', 'side': 'short_basis', 'z': 2.774675052127938, 'basis': 8821.5, 'price_a': 94.85, 'price_b': 9770.0}
20:34:28 robot_arb INFO ENTRY SIGNAL short_basis | Z=2.77 basis=8821.50 | A=94.85 B=9770.00 | limit buy 10 @ 94.88 | market sell 1 @ 9765.11
20:34:28 orders_arb INFO gRPC sending: limit buy 10 GAZP@MISX acc=1225950 @ 94.88
20:34:28 orders_arb ERROR gRPC order error (GAZP@RTSX buy 10@94.88): code=StatusCode.INTERNAL details=Jwt token check failed: UNAUTHENTICATED: Token is expired
20:34:28 orders_arb WARNING gRPC limit failed, falling back to DP server
20:34:28 orders_arb ERROR Limit order error (GAZP@RTSX buy 10@94.88): no response
20:34:28 robot_arb WARNING Entry failed: leg_a_place_failed
20:34:28 robot_arb INFO Z=2.71 (threshold=2.5) — no signal (dup_check=LOCKED)
20:34:29 robot_arb INFO Z=2.71 (threshold=2.5) — no signal (dup_check=LOCKED)
20:34:29 robot_arb INFO Z=2.65 (threshold=2.5) — no signal (dup_check=LOCKED)
20:34:30 robot_arb INFO Z=2.65 (threshold=2.5) — no signal (dup_check=LOCKED)
20:34:30 robot_arb INFO Z=2.59 (threshold=2.5) — no signal (dup_check=LOCKED)
20:34:31 robot_arb INFO Z=2.59 (threshold=2.5) — no signal (dup_check=LOCKED)
20:34:31 robot_arb INFO Z=2.54 (threshold=2.5) — no signal (dup_check=LOCKED)
20:34:32 robot_arb INFO Z=2.54 (threshold=2.5) — no signal (dup_check=LOCKED)
20:34:32 robot_arb INFO Z=2.48 (threshold=2.5) — no signal (dup_check=LOCKED)
20:34:33 robot_arb INFO Z=2.48 (threshold=2.5) — no signal (dup_check=LOCKED)
20:34:33 robot_arb INFO Z=2.43 (threshold=2.5) — no signal (dup_check=LOCKED)
20:39:17 robot_arb INFO ⚠️ CHECK_ENTRY returned signal: {'action': 'entry', 'side': 'short_basis', 'z': 3.275692099413296, 'basis': 8811.2, 'price_a': 94.78, 'price_b': 9759.0}
20:39:17 robot_arb INFO ENTRY SIGNAL short_basis | Z=3.28 basis=8811.20 | A=94.78 B=9759.00 | limit buy 10 @ 94.78 | market sell 1 @ 9754.12
20:39:17 orders_arb INFO gRPC sending: limit buy 10 GAZP@MISX acc=1225950 @ 94.78
20:39:17 orders_arb ERROR gRPC order error (GAZP@RTSX buy 10@94.78): code=StatusCode.INTERNAL details=Jwt token check failed: UNAUTHENTICATED: Token is expired
20:39:17 orders_arb WARNING gRPC limit failed, falling back to DP server
20:39:17 orders_arb ERROR Limit order error (GAZP@RTSX buy 10@94.78): no response
20:39:17 robot_arb WARNING Entry failed: leg_a_place_failed
20:39:18 robot_arb INFO Z=3.20 (threshold=2.5) — no signal (dup_check=LOCKED)
20:39:18 robot_arb INFO Z=3.20 (threshold=2.5) — no signal (dup_check=LOCKED)
20:39:19 robot_arb INFO Z=3.12 (threshold=2.5) — no signal (dup_check=LOCKED)
20:39:19 robot_arb INFO Z=3.12 (threshold=2.5) — no signal (dup_check=LOCKED)
20:39:20 robot_arb INFO Z=3.05 (threshold=2.5) — no signal (dup_check=LOCKED)
20:39:20 robot_arb INFO Z=3.05 (threshold=2.5) — no signal (dup_check=LOCKED)
20:39:21 robot_arb INFO Z=2.97 (threshold=2.5) — no signal (dup_check=LOCKED)
20:39:21 robot_arb INFO Z=2.97 (threshold=2.5) — no signal (dup_check=LOCKED)
20:39:22 robot_arb INFO Z=2.89 (threshold=2.5) — no signal (dup_check=LOCKED)
20:39:22 robot_arb INFO Z=2.89 (threshold=2.5) — no signal (dup_check=LOCKED)
20:39:23 robot_arb INFO Z=3.85 (threshold=2.5) — no signal (dup_check=LOCKED)
20:39:23 robot_arb INFO Z=2.76 (threshold=2.5) — no signal (dup_check=LOCKED)
20:39:24 robot_arb INFO Z=2.70 (threshold=2.5) — no signal (dup_check=LOCKED)
20:39:24 robot_arb INFO Z=2.70 (threshold=2.5) — no signal (dup_check=LOCKED)
20:39:25 robot_arb INFO Z=2.64 (threshold=2.5) — no signal (dup_check=LOCKED)
20:39:25 robot_arb INFO Z=2.64 (threshold=2.5) — no signal (dup_check=LOCKED)
20:39:26 robot_arb INFO Z=2.58 (threshold=2.5) — no signal (dup_check=LOCKED)
20:39:26 robot_arb INFO Z=2.58 (threshold=2.5) — no signal (dup_check=LOCKED)
20:39:27 robot_arb INFO Z=2.53 (threshold=2.5) — no signal (dup_check=LOCKED)
20:39:27 robot_arb INFO ⚠️ CHECK_ENTRY returned signal: {'action': 'entry', 'side': 'short_basis', 'z': 2.52668679971759, 'basis': 8809.4, 'price_a': 94.76, 'price_b': 9757.0}
20:39:27 robot_arb INFO ENTRY SIGNAL short_basis | Z=2.53 basis=8809.40 | A=94.76 B=9757.00 | limit buy 10 @ 94.77 | market sell 1 @ 9752.12
20:39:27 orders_arb INFO gRPC sending: limit buy 10 GAZP@MISX acc=1225950 @ 94.77
20:39:27 orders_arb ERROR gRPC order error (GAZP@RTSX buy 10@94.77): code=StatusCode.INTERNAL details=Jwt token check failed: UNAUTHENTICATED: Token is expired
20:39:27 orders_arb WARNING gRPC limit failed, falling back to DP server
20:39:27 orders_arb ERROR Limit order error (GAZP@RTSX buy 10@94.77): no response
20:39:27 robot_arb WARNING Entry failed: leg_a_place_failed
20:44:27 robot_arb INFO ⚠️ CHECK_ENTRY returned signal: {'action': 'entry', 'side': 'short_basis', 'z': 2.694179898358456, 'basis': 8816.1, 'price_a': 94.79, 'price_b': 9764.0}
20:44:27 robot_arb INFO ENTRY SIGNAL short_basis | Z=2.69 basis=8816.10 | A=94.79 B=9764.00 | limit buy 10 @ 94.84 | market sell 1 @ 9759.12
20:44:27 orders_arb INFO gRPC sending: limit buy 10 GAZP@MISX acc=1225950 @ 94.84
20:44:27 orders_arb ERROR gRPC order error (GAZP@RTSX buy 10@94.84): code=StatusCode.INTERNAL details=Jwt token check failed: UNAUTHENTICATED: Token is expired
20:44:27 orders_arb WARNING gRPC limit failed, falling back to DP server
20:44:27 orders_arb ERROR Limit order error (GAZP@RTSX buy 10@94.84): no response
20:44:27 robot_arb WARNING Entry failed: leg_a_place_failed
20:44:27 robot_arb INFO Z=2.64 (threshold=2.5) — no signal (dup_check=LOCKED)
20:44:28 robot_arb INFO Z=2.64 (threshold=2.5) — no signal (dup_check=LOCKED)
20:44:28 robot_arb INFO Z=2.58 (threshold=2.5) — no signal (dup_check=LOCKED)
20:44:29 robot_arb INFO Z=2.58 (threshold=2.5) — no signal (dup_check=LOCKED)
20:44:29 robot_arb INFO Z=2.53 (threshold=2.5) — no signal (dup_check=LOCKED)
20:44:30 robot_arb INFO Z=2.53 (threshold=2.5) — no signal (dup_check=LOCKED)
20:44:30 robot_arb INFO Z=2.48 (threshold=2.5) — no signal (dup_check=LOCKED)
20:44:31 robot_arb INFO Z=2.48 (threshold=2.5) — no signal (dup_check=LOCKED)
20:44:31 robot_arb INFO Z=2.43 (threshold=2.5) — no signal (dup_check=LOCKED)
20:44:32 robot_arb INFO Z=2.43 (threshold=2.5) — no signal (dup_check=LOCKED)
20:44:44 robot_arb INFO ⚠️ CHECK_ENTRY returned signal: {'action': 'entry', 'side': 'short_basis', 'z': 2.9073352433354844, 'basis': 8819.8, 'price_a': 94.82, 'price_b': 9768.0}
20:44:44 robot_arb INFO ENTRY SIGNAL short_basis | Z=2.91 basis=8819.80 | A=94.82 B=9768.00 | limit buy 10 @ 94.85 | market sell 1 @ 9763.12
20:44:44 orders_arb INFO gRPC sending: limit buy 10 GAZP@MISX acc=1225950 @ 94.85
20:44:44 orders_arb ERROR gRPC order error (GAZP@RTSX buy 10@94.85): code=StatusCode.INTERNAL details=Jwt token check failed: UNAUTHENTICATED: Token is expired
20:44:44 orders_arb WARNING gRPC limit failed, falling back to DP server
20:44:44 orders_arb ERROR Limit order error (GAZP@RTSX buy 10@94.85): no response
20:44:44 robot_arb WARNING Entry failed: leg_a_place_failed
20:44:44 robot_arb INFO Z=2.85 (threshold=2.5) — no signal (dup_check=LOCKED)
20:44:45 robot_arb INFO Z=2.85 (threshold=2.5) — no signal (dup_check=LOCKED)
20:44:45 robot_arb INFO Z=2.80 (threshold=2.5) — no signal (dup_check=LOCKED)
20:44:46 robot_arb INFO Z=2.80 (threshold=2.5) — no signal (dup_check=LOCKED)
20:44:46 robot_arb INFO Z=2.75 (threshold=2.5) — no signal (dup_check=LOCKED)
20:44:47 robot_arb INFO Z=2.75 (threshold=2.5) — no signal (dup_check=LOCKED)
20:44:47 robot_arb INFO Z=2.70 (threshold=2.5) — no signal (dup_check=LOCKED)
20:44:48 robot_arb INFO Z=2.70 (threshold=2.5) — no signal (dup_check=LOCKED)
20:44:48 robot_arb INFO Z=2.66 (threshold=2.5) — no signal (dup_check=LOCKED)
20:45:01 robot_arb INFO ⚠️ CHECK_ENTRY returned signal: {'action': 'entry', 'side': 'short_basis', 'z': 2.78502612925293, 'basis': 8828.0, 'price_a': 94.9, 'price_b': 9777.0}
20:45:01 robot_arb INFO ENTRY SIGNAL short_basis | Z=2.79 basis=8828.00 | A=94.90 B=9777.00 | limit buy 10 @ 94.91 | market sell 1 @ 9772.11
20:45:01 orders_arb INFO gRPC sending: limit buy 10 GAZP@MISX acc=1225950 @ 94.91
20:45:01 orders_arb ERROR gRPC order error (GAZP@RTSX buy 10@94.91): code=StatusCode.INTERNAL details=Jwt token check failed: UNAUTHENTICATED: Token is expired
20:45:01 orders_arb WARNING gRPC limit failed, falling back to DP server
20:45:01 orders_arb ERROR Limit order error (GAZP@RTSX buy 10@94.91): no response
20:45:01 robot_arb WARNING Entry failed: leg_a_place_failed
20:45:01 robot_arb INFO Z=2.79 (threshold=2.5) — no signal (dup_check=LOCKED)
20:45:02 robot_arb INFO Z=2.74 (threshold=2.5) — no signal (dup_check=LOCKED)
20:45:02 robot_arb INFO Z=2.74 (threshold=2.5) — no signal (dup_check=LOCKED)
20:45:03 robot_arb INFO Z=2.70 (threshold=2.5) — no signal (dup_check=LOCKED)
20:45:03 robot_arb INFO Z=2.70 (threshold=2.5) — no signal (dup_check=LOCKED)
20:45:04 robot_arb INFO Z=2.66 (threshold=2.5) — no signal (dup_check=LOCKED)
20:45:04 robot_arb INFO Z=2.66 (threshold=2.5) — no signal (dup_check=LOCKED)
20:45:05 robot_arb INFO Z=2.62 (threshold=2.5) — no signal (dup_check=LOCKED)
20:45:05 robot_arb INFO Z=2.62 (threshold=2.5) — no signal (dup_check=LOCKED)
20:45:06 robot_arb INFO Z=3.54 (threshold=2.5) — no signal (dup_check=LOCKED)
00:14:05 robot_arb INFO Signal 15 — shutting down...
