13:33:18 strategy_of INFO VWEMA filter enabled: fast=20 slow=40 flat_th=1
13:33:18 robot_of INFO === Order Flow Robot v2 ===
13:33:18 robot_of INFO Symbol: SiU6@RTSX | Account: 1225953 | Port: 5080
13:33:18 robot_of INFO Params: lots=2 stepAvg=25 stepPyr=33
13:33:18 robot_of INFO   maxAvg=1000 maxPyr=5 spread=44
13:33:18 robot_of INFO   partialTP=True SL=pts/5000000
13:33:18 robot_of INFO   timeframe=M1
13:33:18 strategy_of INFO Restored position: dir=-1 lots=2 avg=78936 lotEntries=1
13:33:18 robot_of INFO State loaded: dir=-1 lots=2 mode=stopped
13:33:18 FinamPy CRITICAL Ошибка доступа к системному хранилищу: No recommended backend was available. Install a recommended 3rd party backend package; or, install the keyrings.alt package if you want to use the non-recommended backends. See https://pypi.org/project/keyring for details.
13:33:18 FinamPy CRITICAL Ошибка сохранения в системное хранилище: No recommended backend was available. Install a recommended 3rd party backend package; or, install the keyrings.alt package if you want to use the non-recommended backends. See https://pypi.org/project/keyring for details.
13:33:19 robot_of INFO FinamPy connected. Accounts: ['1225950', '1225951', '1225952', '1225953']
13:33:19 robot_of INFO Subscribed to LatestTrades: SiU6@RTSX
13:33:19 robot_of INFO Subscribed to OrderBook: SiU6@RTSX
13:33:19 robot_of INFO Subscribed to Bars: SiU6@RTSX M1
13:33:19 robot_of INFO Subscribed to Quotes: SiU6@RTSX
13:33:19 robot_of INFO Warmup: waiting 10 sec for data streams...
13:33:30 robot_of INFO Warmup done. OB has data: True
13:33:30 robot_of INFO Main loop started
13:33:30 robot_of INFO API listening on :5080
13:33:30 robot_of INFO Endpoints: GET /status | GET /health | POST /start /stop /pause /params
13:33:33 robot_of INFO API GET /status with query:  | filters: startDate=None, endDate=None, all=False
13:33:33 robot_of INFO No filters applied, returning all 200 trades
13:33:34 orderflow INFO CVD reset (daily 07:00 MSK)
13:34:00 strategy_of INFO REVERSE exit signals: absorption, ob_imbalance
13:34:00 strategy_of INFO CLOSE_ALL buy 2 @ 78932 | reason=reverse_signal | gross=10₽ comm=4₽ net=6₽ | daily=6₽
13:34:00 robot_of INFO 📄 PAPER close_all: buy 2 reason=reverse_signal realized=6₽
13:34:04 robot_of INFO API GET /status with query:  | filters: startDate=None, endDate=None, all=False
13:34:04 robot_of INFO No filters applied, returning all 200 trades
13:34:33 robot_of INFO API GET /status with query:  | filters: startDate=None, endDate=None, all=False
13:34:33 robot_of INFO No filters applied, returning all 200 trades
13:34:34 robot_of INFO API GET /status with query:  | filters: startDate=None, endDate=None, all=False
13:34:34 robot_of INFO No filters applied, returning all 200 trades
13:35:00 strategy_of INFO ENTRY buy 2 @ 78914 | signals: ob_imbalance
13:35:00 robot_of INFO 📄 PAPER entry: buy 2 @ 78914
13:35:04 robot_of INFO API GET /status with query:  | filters: startDate=None, endDate=None, all=False
13:35:04 robot_of INFO No filters applied, returning all 200 trades
13:35:33 robot_of INFO API GET /status with query:  | filters: startDate=None, endDate=None, all=False
13:35:33 robot_of INFO No filters applied, returning all 200 trades
13:35:34 robot_of INFO API GET /status with query:  | filters: startDate=None, endDate=None, all=False
13:35:34 robot_of INFO No filters applied, returning all 200 trades
13:35:49 strategy_of INFO PYRAMID buy 2 @ 78948 | lvl 1/5 | avg=78930 lots=4
13:35:49 robot_of INFO 📄 PAPER pyramid: buy 2 @ 78948
13:36:04 robot_of INFO API GET /status with query:  | filters: startDate=None, endDate=None, all=False
13:36:04 robot_of INFO No filters applied, returning all 200 trades
13:36:33 robot_of INFO API GET /status with query:  | filters: startDate=None, endDate=None, all=False
13:36:33 robot_of INFO No filters applied, returning all 200 trades
13:36:34 robot_of INFO API GET /status with query:  | filters: startDate=None, endDate=None, all=False
13:36:34 robot_of INFO No filters applied, returning all 200 trades
13:37:04 robot_of INFO API GET /status with query:  | filters: startDate=None, endDate=None, all=False
13:37:04 robot_of INFO No filters applied, returning all 200 trades
13:37:33 robot_of INFO API GET /status with query:  | filters: startDate=None, endDate=None, all=False
13:37:33 robot_of INFO No filters applied, returning all 200 trades
13:37:34 robot_of INFO API GET /status with query:  | filters: startDate=None, endDate=None, all=False
13:37:34 robot_of INFO No filters applied, returning all 200 trades
13:38:04 robot_of INFO API GET /status with query:  | filters: startDate=None, endDate=None, all=False
13:38:04 robot_of INFO No filters applied, returning all 200 trades
13:38:13 strategy_of INFO AVERAGE buy 2 @ 78881 | lvl 1/1000 | avg=78914 lots=6
13:38:13 robot_of INFO 📄 PAPER average: buy 2 @ 78881
13:38:15 strategy_of INFO AVERAGE buy 2 @ 78856 | lvl 2/1000 | avg=78900 lots=8
13:38:15 robot_of INFO 📄 PAPER average: buy 2 @ 78856
13:38:33 robot_of INFO API GET /status with query:  | filters: startDate=None, endDate=None, all=False
13:38:33 robot_of INFO No filters applied, returning all 200 trades
13:38:34 robot_of INFO API GET /status with query:  | filters: startDate=None, endDate=None, all=False
13:38:34 robot_of INFO No filters applied, returning all 200 trades
13:38:37 strategy_of INFO AVERAGE buy 2 @ 78830 | lvl 3/1000 | avg=78886 lots=10
13:38:37 robot_of INFO 📄 PAPER average: buy 2 @ 78830
13:39:04 robot_of INFO API GET /status with query:  | filters: startDate=None, endDate=None, all=False
13:39:04 robot_of INFO No filters applied, returning all 200 trades
13:39:27 strategy_of INFO PARTIAL_TP sell 2 @ 78876 | pnl=+87₽ | remaining=8
13:39:27 robot_of INFO 📄 PAPER partial_tp: sell 2 realized=87₽
13:39:33 robot_of INFO API GET /status with query:  | filters: startDate=None, endDate=None, all=False
13:39:33 robot_of INFO No filters applied, returning all 200 trades
13:39:34 robot_of INFO API GET /status with query:  | filters: startDate=None, endDate=None, all=False
13:39:34 robot_of INFO No filters applied, returning all 200 trades
13:40:04 robot_of INFO API GET /status with query:  | filters: startDate=None, endDate=None, all=False
13:40:04 robot_of INFO No filters applied, returning all 200 trades
13:40:17 strategy_of INFO PARTIAL_TP sell 2 @ 78910 | pnl=+105₽ | remaining=6
13:40:17 robot_of INFO 📄 PAPER partial_tp: sell 2 realized=105₽
13:40:33 robot_of INFO API GET /status with query:  | filters: startDate=None, endDate=None, all=False
13:40:33 robot_of INFO No filters applied, returning all 200 trades
13:40:34 robot_of INFO API GET /status with query:  | filters: startDate=None, endDate=None, all=False
13:40:34 robot_of INFO No filters applied, returning all 200 trades
13:41:04 robot_of INFO API GET /status with query:  | filters: startDate=None, endDate=None, all=False
13:41:04 robot_of INFO No filters applied, returning all 200 trades
13:41:16 strategy_of INFO AVERAGE buy 2 @ 78856 | lvl 4/1000 | avg=78899 lots=8
13:41:16 robot_of INFO 📄 PAPER average: buy 2 @ 78856
13:41:33 robot_of INFO API GET /status with query:  | filters: startDate=None, endDate=None, all=False
13:41:33 robot_of INFO No filters applied, returning all 200 trades
13:41:34 robot_of INFO API GET /status with query:  | filters: startDate=None, endDate=None, all=False
13:41:34 robot_of INFO No filters applied, returning all 200 trades
13:42:04 robot_of INFO API GET /status with query:  | filters: startDate=None, endDate=None, all=False
13:42:04 robot_of INFO No filters applied, returning all 200 trades
13:42:19 strategy_of INFO PARTIAL_TP sell 2 @ 78904 | pnl=+94₽ | remaining=6
13:42:19 robot_of INFO 📄 PAPER partial_tp: sell 2 realized=94₽
13:42:25 strategy_of INFO PARTIAL_TP sell 2 @ 78928 | pnl=+91₽ | remaining=4
13:42:25 robot_of INFO 📄 PAPER partial_tp: sell 2 realized=91₽
13:42:29 strategy_of INFO AVERAGE buy 2 @ 78916 | lvl 5/1000 | avg=78926 lots=6
13:42:29 robot_of INFO 📄 PAPER average: buy 2 @ 78916
13:42:33 robot_of INFO API GET /status with query:  | filters: startDate=None, endDate=None, all=False
13:42:33 robot_of INFO No filters applied, returning all 200 trades
13:42:34 robot_of INFO API GET /status with query:  | filters: startDate=None, endDate=None, all=False
13:42:34 robot_of INFO No filters applied, returning all 200 trades
13:42:51 strategy_of INFO AVERAGE buy 2 @ 78892 | lvl 6/1000 | avg=78917 lots=8
13:42:51 robot_of INFO 📄 PAPER average: buy 2 @ 78892
13:43:04 robot_of INFO API GET /status with query:  | filters: startDate=None, endDate=None, all=False
13:43:04 robot_of INFO No filters applied, returning all 200 trades
13:43:04 strategy_of INFO AVERAGE buy 2 @ 78866 | lvl 7/1000 | avg=78907 lots=10
13:43:04 robot_of INFO 📄 PAPER average: buy 2 @ 78866
13:43:33 robot_of INFO API GET /status with query:  | filters: startDate=None, endDate=None, all=False
13:43:33 robot_of INFO No filters applied, returning all 200 trades
13:43:34 robot_of INFO API GET /status with query:  | filters: startDate=None, endDate=None, all=False
13:43:34 robot_of INFO No filters applied, returning all 200 trades
13:44:04 robot_of INFO API GET /status with query:  | filters: startDate=None, endDate=None, all=False
13:44:04 robot_of INFO No filters applied, returning all 200 trades
13:44:33 robot_of INFO API GET /status with query:  | filters: startDate=None, endDate=None, all=False
13:44:33 robot_of INFO No filters applied, returning all 200 trades
13:44:34 robot_of INFO API GET /status with query:  | filters: startDate=None, endDate=None, all=False
13:44:34 robot_of INFO No filters applied, returning all 200 trades
13:45:04 robot_of INFO API GET /status with query:  | filters: startDate=None, endDate=None, all=False
13:45:04 robot_of INFO No filters applied, returning all 200 trades
13:45:33 robot_of INFO API GET /status with query:  | filters: startDate=None, endDate=None, all=False
13:45:33 robot_of INFO No filters applied, returning all 200 trades
13:45:34 robot_of INFO API GET /status with query:  | filters: startDate=None, endDate=None, all=False
13:45:34 robot_of INFO No filters applied, returning all 200 trades
13:45:41 strategy_of INFO AVERAGE buy 2 @ 78841 | lvl 8/1000 | avg=78896 lots=12
13:45:41 robot_of INFO 📄 PAPER average: buy 2 @ 78841
13:46:04 robot_of INFO API GET /status with query:  | filters: startDate=None, endDate=None, all=False
13:46:04 robot_of INFO No filters applied, returning all 200 trades
13:46:33 robot_of INFO API GET /status with query:  | filters: startDate=None, endDate=None, all=False
13:46:33 robot_of INFO No filters applied, returning all 200 trades
13:46:34 robot_of INFO API GET /status with query:  | filters: startDate=None, endDate=None, all=False
13:46:34 robot_of INFO No filters applied, returning all 200 trades
13:46:47 strategy_of INFO AVERAGE buy 2 @ 78812 | lvl 9/1000 | avg=78884 lots=14
13:46:47 robot_of INFO 📄 PAPER average: buy 2 @ 78812
13:47:04 robot_of INFO API GET /status with query:  | filters: startDate=None, endDate=None, all=False
13:47:04 robot_of INFO No filters applied, returning all 200 trades
13:47:07 strategy_of INFO AVERAGE buy 2 @ 78785 | lvl 10/1000 | avg=78872 lots=16
13:47:07 robot_of INFO 📄 PAPER average: buy 2 @ 78785
13:47:29 strategy_of INFO AVERAGE buy 2 @ 78757 | lvl 11/1000 | avg=78859 lots=18
13:47:29 robot_of INFO 📄 PAPER average: buy 2 @ 78757
13:47:33 robot_of INFO API GET /status with query:  | filters: startDate=None, endDate=None, all=False
13:47:33 robot_of INFO No filters applied, returning all 200 trades
13:47:34 strategy_of INFO AVERAGE buy 2 @ 78728 | lvl 12/1000 | avg=78846 lots=20
13:47:34 robot_of INFO 📄 PAPER average: buy 2 @ 78728
13:47:34 robot_of INFO API GET /status with query:  | filters: startDate=None, endDate=None, all=False
13:47:34 robot_of INFO No filters applied, returning all 200 trades
13:47:42 strategy_of INFO PARTIAL_TP sell 2 @ 78774 | pnl=+90₽ | remaining=18
13:47:42 robot_of INFO 📄 PAPER partial_tp: sell 2 realized=90₽
13:48:04 robot_of INFO API GET /status with query:  | filters: startDate=None, endDate=None, all=False
13:48:04 robot_of INFO No filters applied, returning all 200 trades
13:48:33 robot_of INFO API GET /status with query:  | filters: startDate=None, endDate=None, all=False
13:48:33 robot_of INFO No filters applied, returning all 200 trades
13:48:34 robot_of INFO API GET /status with query:  | filters: startDate=None, endDate=None, all=False
13:48:34 robot_of INFO No filters applied, returning all 200 trades
13:48:55 strategy_of INFO PARTIAL_TP sell 2 @ 78801 | pnl=+84₽ | remaining=16
13:48:55 robot_of INFO 📄 PAPER partial_tp: sell 2 realized=84₽
13:49:04 robot_of INFO API GET /status with query:  | filters: startDate=None, endDate=None, all=False
13:49:04 robot_of INFO No filters applied, returning all 200 trades
13:49:33 robot_of INFO API GET /status with query:  | filters: startDate=None, endDate=None, all=False
13:49:33 robot_of INFO No filters applied, returning all 200 trades
13:49:34 robot_of INFO API GET /status with query:  | filters: startDate=None, endDate=None, all=False
13:49:34 robot_of INFO No filters applied, returning all 200 trades
13:50:01 strategy_of INFO PARTIAL_TP sell 2 @ 78831 | pnl=+88₽ | remaining=14
13:50:01 robot_of INFO 📄 PAPER partial_tp: sell 2 realized=88₽
13:50:04 robot_of INFO API GET /status with query:  | filters: startDate=None, endDate=None, all=False
13:50:04 robot_of INFO No filters applied, returning all 200 trades
13:50:23 robot_of INFO API GET /status with query:  | filters: startDate=None, endDate=None, all=False
13:50:23 robot_of INFO No filters applied, returning all 200 trades
13:50:24 robot_of INFO API GET /status with query:  | filters: startDate=None, endDate=None, all=False
13:50:24 robot_of INFO No filters applied, returning all 200 trades
13:50:26 robot_of INFO API GET /status with query:  | filters: startDate=None, endDate=None, all=False
13:50:26 robot_of INFO No filters applied, returning all 200 trades
13:50:28 robot_of INFO API GET /status with query:  | filters: startDate=None, endDate=None, all=False
13:50:28 robot_of INFO No filters applied, returning all 200 trades
13:50:30 robot_of INFO API GET /status with query:  | filters: startDate=None, endDate=None, all=False
13:50:30 robot_of INFO No filters applied, returning all 200 trades
13:50:32 robot_of INFO API GET /status with query:  | filters: startDate=None, endDate=None, all=False
13:50:32 robot_of INFO No filters applied, returning all 200 trades
13:50:34 robot_of INFO API GET /status with query:  | filters: startDate=None, endDate=None, all=False
13:50:34 robot_of INFO No filters applied, returning all 200 trades
13:50:34 robot_of INFO API GET /status with query:  | filters: startDate=None, endDate=None, all=False
13:50:34 robot_of INFO No filters applied, returning all 200 trades
13:50:34 robot_of INFO API GET /status with query:  | filters: startDate=None, endDate=None, all=False
13:50:34 robot_of INFO No filters applied, returning all 200 trades
13:50:36 robot_of INFO API GET /status with query:  | filters: startDate=None, endDate=None, all=False
13:50:36 robot_of INFO No filters applied, returning all 200 trades
13:50:38 robot_of INFO API GET /status with query:  | filters: startDate=None, endDate=None, all=False
13:50:38 robot_of INFO No filters applied, returning all 200 trades
13:50:40 robot_of INFO API GET /status with query:  | filters: startDate=None, endDate=None, all=False
13:50:40 robot_of INFO No filters applied, returning all 200 trades
13:50:42 robot_of INFO API GET /status with query:  | filters: startDate=None, endDate=None, all=False
13:50:42 robot_of INFO No filters applied, returning all 200 trades
13:50:44 robot_of INFO API GET /status with query:  | filters: startDate=None, endDate=None, all=False
13:50:44 robot_of INFO No filters applied, returning all 200 trades
13:50:46 robot_of INFO API GET /status with query:  | filters: startDate=None, endDate=None, all=False
13:50:46 robot_of INFO No filters applied, returning all 200 trades
13:50:48 robot_of INFO API GET /status with query:  | filters: startDate=None, endDate=None, all=False
13:50:48 robot_of INFO No filters applied, returning all 200 trades
13:50:50 robot_of INFO API GET /status with query:  | filters: startDate=None, endDate=None, all=False
13:50:50 robot_of INFO No filters applied, returning all 200 trades
13:50:52 robot_of INFO API GET /status with query:  | filters: startDate=None, endDate=None, all=False
13:50:52 robot_of INFO No filters applied, returning all 200 trades
13:50:54 robot_of INFO API GET /status with query:  | filters: startDate=None, endDate=None, all=False
13:50:54 robot_of INFO No filters applied, returning all 200 trades
13:50:57 robot_of INFO API GET /status with query:  | filters: startDate=None, endDate=None, all=False
13:50:57 robot_of INFO No filters applied, returning all 200 trades
13:50:58 robot_of INFO API GET /status with query:  | filters: startDate=None, endDate=None, all=False
13:50:58 robot_of INFO No filters applied, returning all 200 trades
13:51:01 robot_of INFO API GET /status with query:  | filters: startDate=None, endDate=None, all=False
13:51:01 robot_of INFO No filters applied, returning all 200 trades
13:51:03 robot_of INFO API GET /status with query:  | filters: startDate=None, endDate=None, all=False
13:51:03 robot_of INFO No filters applied, returning all 200 trades
13:51:04 robot_of INFO API GET /status with query:  | filters: startDate=None, endDate=None, all=False
13:51:04 robot_of INFO No filters applied, returning all 200 trades
13:51:05 robot_of INFO API GET /status with query:  | filters: startDate=None, endDate=None, all=False
13:51:05 robot_of INFO No filters applied, returning all 200 trades
13:51:07 robot_of INFO API GET /status with query:  | filters: startDate=None, endDate=None, all=False
13:51:07 robot_of INFO No filters applied, returning all 200 trades
13:51:09 robot_of INFO API GET /status with query:  | filters: startDate=None, endDate=None, all=False
13:51:09 robot_of INFO No filters applied, returning all 200 trades
13:51:11 robot_of INFO API GET /status with query:  | filters: startDate=None, endDate=None, all=False
13:51:11 robot_of INFO No filters applied, returning all 200 trades
13:51:13 robot_of INFO API GET /status with query:  | filters: startDate=None, endDate=None, all=False
13:51:13 robot_of INFO No filters applied, returning all 200 trades
13:51:15 robot_of INFO API GET /status with query:  | filters: startDate=None, endDate=None, all=False
13:51:15 robot_of INFO No filters applied, returning all 200 trades
13:51:17 robot_of INFO API GET /status with query:  | filters: startDate=None, endDate=None, all=False
13:51:17 robot_of INFO No filters applied, returning all 200 trades
13:51:19 robot_of INFO API GET /status with query:  | filters: startDate=None, endDate=None, all=False
13:51:19 robot_of INFO No filters applied, returning all 200 trades
13:51:21 robot_of INFO API GET /status with query:  | filters: startDate=None, endDate=None, all=False
13:51:21 robot_of INFO No filters applied, returning all 200 trades
13:51:23 robot_of INFO API GET /status with query:  | filters: startDate=None, endDate=None, all=False
13:51:23 robot_of INFO No filters applied, returning all 200 trades
13:51:25 robot_of INFO API GET /status with query:  | filters: startDate=None, endDate=None, all=False
13:51:25 robot_of INFO No filters applied, returning all 200 trades
13:51:27 robot_of INFO API GET /status with query:  | filters: startDate=None, endDate=None, all=False
13:51:27 robot_of INFO No filters applied, returning all 200 trades
13:51:29 robot_of INFO API GET /status with query:  | filters: startDate=None, endDate=None, all=False
13:51:29 robot_of INFO No filters applied, returning all 200 trades
13:51:31 robot_of INFO API GET /status with query:  | filters: startDate=None, endDate=None, all=False
13:51:31 robot_of INFO No filters applied, returning all 200 trades
13:51:33 robot_of INFO API GET /status with query:  | filters: startDate=None, endDate=None, all=False
13:51:33 robot_of INFO No filters applied, returning all 200 trades
13:51:34 robot_of INFO API GET /status with query:  | filters: startDate=None, endDate=None, all=False
13:51:34 robot_of INFO No filters applied, returning all 200 trades
13:51:35 robot_of INFO API GET /status with query:  | filters: startDate=None, endDate=None, all=False
13:51:35 robot_of INFO No filters applied, returning all 200 trades
13:51:37 robot_of INFO API GET /status with query:  | filters: startDate=None, endDate=None, all=False
13:51:37 robot_of INFO No filters applied, returning all 200 trades
13:51:39 robot_of INFO API GET /status with query:  | filters: startDate=None, endDate=None, all=False
13:51:39 robot_of INFO No filters applied, returning all 200 trades
13:51:41 robot_of INFO API GET /status with query:  | filters: startDate=None, endDate=None, all=False
13:51:41 robot_of INFO No filters applied, returning all 200 trades
13:51:43 robot_of INFO API GET /status with query:  | filters: startDate=None, endDate=None, all=False
13:51:43 robot_of INFO No filters applied, returning all 200 trades
13:51:45 robot_of INFO API GET /status with query:  | filters: startDate=None, endDate=None, all=False
13:51:45 robot_of INFO No filters applied, returning all 200 trades
13:51:47 robot_of INFO API GET /status with query:  | filters: startDate=None, endDate=None, all=False
13:51:47 robot_of INFO No filters applied, returning all 200 trades
13:51:49 robot_of INFO API GET /status with query:  | filters: startDate=None, endDate=None, all=False
13:51:49 robot_of INFO No filters applied, returning all 200 trades
13:51:51 robot_of INFO API GET /status with query:  | filters: startDate=None, endDate=None, all=False
13:51:51 robot_of INFO No filters applied, returning all 200 trades
13:51:53 robot_of INFO API GET /status with query:  | filters: startDate=None, endDate=None, all=False
13:51:53 robot_of INFO No filters applied, returning all 200 trades
13:51:55 robot_of INFO API GET /status with query:  | filters: startDate=None, endDate=None, all=False
13:51:55 robot_of INFO No filters applied, returning all 200 trades
13:51:57 robot_of INFO API GET /status with query:  | filters: startDate=None, endDate=None, all=False
13:51:57 robot_of INFO No filters applied, returning all 200 trades
13:52:04 robot_of INFO API GET /status with query:  | filters: startDate=None, endDate=None, all=False
13:52:04 robot_of INFO No filters applied, returning all 200 trades
13:52:33 robot_of INFO API GET /status with query:  | filters: startDate=None, endDate=None, all=False
13:52:33 robot_of INFO No filters applied, returning all 200 trades
13:52:34 robot_of INFO API GET /status with query:  | filters: startDate=None, endDate=None, all=False
13:52:34 robot_of INFO No filters applied, returning all 200 trades
13:52:54 robot_of INFO API GET /status with query:  | filters: startDate=None, endDate=None, all=False
13:52:54 robot_of INFO No filters applied, returning all 200 trades
13:52:56 robot_of INFO API GET /status with query:  | filters: startDate=None, endDate=None, all=False
13:52:56 robot_of INFO No filters applied, returning all 200 trades
13:52:57 robot_of INFO API GET /status with query:  | filters: startDate=None, endDate=None, all=False
13:52:57 robot_of INFO No filters applied, returning all 200 trades
13:52:58 robot_of INFO API GET /status with query:  | filters: startDate=None, endDate=None, all=False
13:52:58 robot_of INFO No filters applied, returning all 200 trades
13:53:00 robot_of INFO API GET /status with query:  | filters: startDate=None, endDate=None, all=False
13:53:00 robot_of INFO No filters applied, returning all 200 trades
13:53:02 robot_of INFO API GET /status with query:  | filters: startDate=None, endDate=None, all=False
13:53:02 robot_of INFO No filters applied, returning all 200 trades
13:53:04 robot_of INFO API GET /status with query:  | filters: startDate=None, endDate=None, all=False
13:53:04 robot_of INFO No filters applied, returning all 200 trades
13:53:04 robot_of INFO API GET /status with query:  | filters: startDate=None, endDate=None, all=False
13:53:04 robot_of INFO No filters applied, returning all 200 trades
13:53:06 robot_of INFO API GET /status with query:  | filters: startDate=None, endDate=None, all=False
13:53:06 robot_of INFO No filters applied, returning all 200 trades
13:53:08 robot_of INFO API GET /status with query:  | filters: startDate=None, endDate=None, all=False
13:53:08 robot_of INFO No filters applied, returning all 200 trades
13:53:10 robot_of INFO API GET /status with query:  | filters: startDate=None, endDate=None, all=False
13:53:10 robot_of INFO No filters applied, returning all 200 trades
13:53:12 robot_of INFO API GET /status with query:  | filters: startDate=None, endDate=None, all=False
13:53:12 robot_of INFO No filters applied, returning all 200 trades
13:53:14 robot_of INFO API GET /status with query:  | filters: startDate=None, endDate=None, all=False
13:53:14 robot_of INFO No filters applied, returning all 200 trades
13:53:16 robot_of INFO API GET /status with query:  | filters: startDate=None, endDate=None, all=False
13:53:16 robot_of INFO No filters applied, returning all 200 trades
13:53:18 robot_of INFO API GET /status with query:  | filters: startDate=None, endDate=None, all=False
13:53:18 robot_of INFO No filters applied, returning all 200 trades
13:53:20 robot_of INFO API GET /status with query:  | filters: startDate=None, endDate=None, all=False
13:53:20 robot_of INFO No filters applied, returning all 200 trades
13:53:22 robot_of INFO API GET /status with query:  | filters: startDate=None, endDate=None, all=False
13:53:22 robot_of INFO No filters applied, returning all 200 trades
13:53:24 robot_of INFO API GET /status with query:  | filters: startDate=None, endDate=None, all=False
13:53:24 robot_of INFO No filters applied, returning all 200 trades
13:53:26 robot_of INFO API GET /status with query:  | filters: startDate=None, endDate=None, all=False
13:53:26 robot_of INFO No filters applied, returning all 200 trades
13:53:28 robot_of INFO API GET /status with query:  | filters: startDate=None, endDate=None, all=False
13:53:28 robot_of INFO No filters applied, returning all 200 trades
13:53:30 robot_of INFO API GET /status with query:  | filters: startDate=None, endDate=None, all=False
13:53:30 robot_of INFO No filters applied, returning all 200 trades
13:53:32 robot_of INFO API GET /status with query:  | filters: startDate=None, endDate=None, all=False
13:53:32 robot_of INFO No filters applied, returning all 200 trades
13:53:34 robot_of INFO API GET /status with query:  | filters: startDate=None, endDate=None, all=False
13:53:34 robot_of INFO No filters applied, returning all 200 trades
13:53:35 robot_of INFO API GET /status with query:  | filters: startDate=None, endDate=None, all=False
13:53:35 robot_of INFO No filters applied, returning all 200 trades
13:53:37 robot_of INFO API GET /status with query:  | filters: startDate=None, endDate=None, all=False
13:53:37 robot_of INFO No filters applied, returning all 200 trades
13:53:39 robot_of INFO API GET /status with query:  | filters: startDate=None, endDate=None, all=False
13:53:39 robot_of INFO No filters applied, returning all 200 trades
13:53:41 robot_of INFO API GET /status with query:  | filters: startDate=None, endDate=None, all=False
13:53:41 robot_of INFO No filters applied, returning all 200 trades
13:53:43 robot_of INFO API GET /status with query:  | filters: startDate=None, endDate=None, all=False
13:53:43 robot_of INFO No filters applied, returning all 200 trades
13:53:45 robot_of INFO API GET /status with query:  | filters: startDate=None, endDate=None, all=False
13:53:45 robot_of INFO No filters applied, returning all 200 trades
13:53:47 robot_of INFO API GET /status with query:  | filters: startDate=None, endDate=None, all=False
13:53:47 robot_of INFO No filters applied, returning all 200 trades
13:53:49 robot_of INFO API GET /status with query:  | filters: startDate=None, endDate=None, all=False
13:53:49 robot_of INFO No filters applied, returning all 200 trades
13:53:51 robot_of INFO API GET /status with query:  | filters: startDate=None, endDate=None, all=False
13:53:51 robot_of INFO No filters applied, returning all 200 trades
13:53:53 robot_of INFO API GET /status with query:  | filters: startDate=None, endDate=None, all=False
13:53:53 robot_of INFO No filters applied, returning all 200 trades
13:53:55 robot_of INFO API GET /status with query:  | filters: startDate=None, endDate=None, all=False
13:53:55 robot_of INFO No filters applied, returning all 200 trades
13:53:57 robot_of INFO API GET /status with query:  | filters: startDate=None, endDate=None, all=False
13:53:57 robot_of INFO No filters applied, returning all 200 trades
13:53:58 robot_of INFO API GET /status with query:  | filters: startDate=None, endDate=None, all=False
13:53:58 robot_of INFO No filters applied, returning all 200 trades
13:54:00 robot_of INFO API GET /status with query:  | filters: startDate=None, endDate=None, all=False
13:54:00 robot_of INFO No filters applied, returning all 200 trades
13:54:02 robot_of INFO API GET /status with query:  | filters: startDate=None, endDate=None, all=False
13:54:02 robot_of INFO No filters applied, returning all 200 trades
13:54:04 robot_of INFO API GET /status with query:  | filters: startDate=None, endDate=None, all=False
13:54:04 robot_of INFO No filters applied, returning all 200 trades
13:54:04 robot_of INFO API GET /status with query:  | filters: startDate=None, endDate=None, all=False
13:54:04 robot_of INFO No filters applied, returning all 200 trades
13:54:06 robot_of INFO API GET /status with query:  | filters: startDate=None, endDate=None, all=False
13:54:06 robot_of INFO No filters applied, returning all 200 trades
13:54:08 robot_of INFO API GET /status with query:  | filters: startDate=None, endDate=None, all=False
13:54:08 robot_of INFO No filters applied, returning all 200 trades
13:54:10 robot_of INFO API GET /status with query:  | filters: startDate=None, endDate=None, all=False
13:54:10 robot_of INFO No filters applied, returning all 200 trades
13:54:10 robot_of INFO API GET /status with query:  | filters: startDate=None, endDate=None, all=False
13:54:10 robot_of INFO No filters applied, returning all 200 trades
13:54:12 robot_of INFO API GET /status with query:  | filters: startDate=None, endDate=None, all=False
13:54:12 robot_of INFO No filters applied, returning all 200 trades
13:54:14 robot_of INFO API GET /status with query:  | filters: startDate=None, endDate=None, all=False
13:54:14 robot_of INFO No filters applied, returning all 200 trades
13:54:16 robot_of INFO API GET /status with query:  | filters: startDate=None, endDate=None, all=False
13:54:16 robot_of INFO No filters applied, returning all 200 trades
13:54:19 robot_of INFO API GET /status with query:  | filters: startDate=None, endDate=None, all=False
13:54:19 robot_of INFO No filters applied, returning all 200 trades
13:54:21 robot_of INFO API GET /status with query:  | filters: startDate=None, endDate=None, all=False
13:54:21 robot_of INFO No filters applied, returning all 200 trades
13:54:23 robot_of INFO API GET /status with query:  | filters: startDate=None, endDate=None, all=False
13:54:23 robot_of INFO No filters applied, returning all 200 trades
13:54:25 robot_of INFO API GET /status with query:  | filters: startDate=None, endDate=None, all=False
13:54:25 robot_of INFO No filters applied, returning all 200 trades
13:54:26 robot_of INFO API GET /status with query:  | filters: startDate=None, endDate=None, all=False
13:54:26 robot_of INFO No filters applied, returning all 200 trades
13:54:28 robot_of INFO API GET /status with query:  | filters: startDate=None, endDate=None, all=False
13:54:28 robot_of INFO No filters applied, returning all 200 trades
13:54:30 robot_of INFO API GET /status with query:  | filters: startDate=None, endDate=None, all=False
13:54:30 robot_of INFO No filters applied, returning all 200 trades
13:54:32 robot_of INFO API GET /status with query:  | filters: startDate=None, endDate=None, all=False
13:54:32 robot_of INFO No filters applied, returning all 200 trades
13:54:34 robot_of INFO API GET /status with query:  | filters: startDate=None, endDate=None, all=False
13:54:34 robot_of INFO No filters applied, returning all 200 trades
13:54:34 robot_of INFO API GET /status with query:  | filters: startDate=None, endDate=None, all=False
13:54:34 robot_of INFO No filters applied, returning all 200 trades
13:54:36 robot_of INFO API GET /status with query:  | filters: startDate=None, endDate=None, all=False
13:54:36 robot_of INFO No filters applied, returning all 200 trades
13:54:38 robot_of INFO API GET /status with query:  | filters: startDate=None, endDate=None, all=False
13:54:38 robot_of INFO No filters applied, returning all 200 trades
13:54:40 robot_of INFO API GET /status with query:  | filters: startDate=None, endDate=None, all=False
13:54:40 robot_of INFO No filters applied, returning all 200 trades
13:54:42 robot_of INFO API GET /status with query:  | filters: startDate=None, endDate=None, all=False
13:54:42 robot_of INFO No filters applied, returning all 200 trades
13:54:44 robot_of INFO API GET /status with query:  | filters: startDate=None, endDate=None, all=False
13:54:44 robot_of INFO No filters applied, returning all 200 trades
13:54:47 robot_of INFO API GET /status with query:  | filters: startDate=None, endDate=None, all=False
13:54:47 robot_of INFO No filters applied, returning all 200 trades
13:54:49 robot_of INFO API GET /status with query:  | filters: startDate=None, endDate=None, all=False
13:54:49 robot_of INFO No filters applied, returning all 200 trades
13:54:51 robot_of INFO API GET /status with query:  | filters: startDate=None, endDate=None, all=False
13:54:51 robot_of INFO No filters applied, returning all 200 trades
13:54:53 robot_of INFO API GET /status with query:  | filters: startDate=None, endDate=None, all=False
13:54:53 robot_of INFO No filters applied, returning all 200 trades
13:54:55 robot_of INFO API GET /status with query:  | filters: startDate=None, endDate=None, all=False
13:54:55 robot_of INFO No filters applied, returning all 200 trades
13:54:57 robot_of INFO API GET /status with query:  | filters: startDate=None, endDate=None, all=False
13:54:57 robot_of INFO No filters applied, returning all 200 trades
13:54:59 robot_of INFO API GET /status with query:  | filters: startDate=None, endDate=None, all=False
13:54:59 robot_of INFO No filters applied, returning all 200 trades
13:55:01 robot_of INFO API GET /status with query:  | filters: startDate=None, endDate=None, all=False
13:55:01 robot_of INFO No filters applied, returning all 200 trades
13:55:03 robot_of INFO API GET /status with query:  | filters: startDate=None, endDate=None, all=False
13:55:03 robot_of INFO No filters applied, returning all 200 trades
13:55:04 robot_of INFO API GET /status with query:  | filters: startDate=None, endDate=None, all=False
13:55:04 robot_of INFO No filters applied, returning all 200 trades
13:55:05 robot_of INFO API GET /status with query:  | filters: startDate=None, endDate=None, all=False
13:55:05 robot_of INFO No filters applied, returning all 200 trades
13:55:07 robot_of INFO API GET /status with query:  | filters: startDate=None, endDate=None, all=False
13:55:07 robot_of INFO No filters applied, returning all 200 trades
13:55:09 robot_of INFO API GET /status with query:  | filters: startDate=None, endDate=None, all=False
13:55:09 robot_of INFO No filters applied, returning all 200 trades
13:55:11 robot_of INFO API GET /status with query:  | filters: startDate=None, endDate=None, all=False
13:55:11 robot_of INFO No filters applied, returning all 200 trades
13:55:13 robot_of INFO API GET /status with query:  | filters: startDate=None, endDate=None, all=False
13:55:13 robot_of INFO No filters applied, returning all 200 trades
13:55:15 robot_of INFO API GET /status with query:  | filters: startDate=None, endDate=None, all=False
13:55:15 robot_of INFO No filters applied, returning all 200 trades
13:55:17 robot_of INFO API GET /status with query:  | filters: startDate=None, endDate=None, all=False
13:55:17 robot_of INFO No filters applied, returning all 200 trades
13:55:19 robot_of INFO API GET /status with query:  | filters: startDate=None, endDate=None, all=False
13:55:19 robot_of INFO No filters applied, returning all 200 trades
13:55:21 robot_of INFO API GET /status with query:  | filters: startDate=None, endDate=None, all=False
13:55:21 robot_of INFO No filters applied, returning all 200 trades
13:55:23 robot_of INFO API GET /status with query:  | filters: startDate=None, endDate=None, all=False
13:55:23 robot_of INFO No filters applied, returning all 200 trades
13:55:25 robot_of INFO API GET /status with query:  | filters: startDate=None, endDate=None, all=False
13:55:25 robot_of INFO No filters applied, returning all 200 trades
13:55:27 robot_of INFO API GET /status with query:  | filters: startDate=None, endDate=None, all=False
13:55:27 robot_of INFO No filters applied, returning all 200 trades
13:55:29 robot_of INFO API GET /status with query:  | filters: startDate=None, endDate=None, all=False
13:55:29 robot_of INFO No filters applied, returning all 200 trades
13:55:31 robot_of INFO API GET /status with query:  | filters: startDate=None, endDate=None, all=False
13:55:31 robot_of INFO No filters applied, returning all 200 trades
13:55:33 robot_of INFO API GET /status with query:  | filters: startDate=None, endDate=None, all=False
13:55:33 robot_of INFO No filters applied, returning all 200 trades
13:55:34 robot_of INFO API GET /status with query:  | filters: startDate=None, endDate=None, all=False
13:55:34 robot_of INFO No filters applied, returning all 200 trades
13:55:35 robot_of INFO API GET /status with query:  | filters: startDate=None, endDate=None, all=False
13:55:35 robot_of INFO No filters applied, returning all 200 trades
13:55:37 robot_of INFO API GET /status with query:  | filters: startDate=None, endDate=None, all=False
13:55:37 robot_of INFO No filters applied, returning all 200 trades
13:55:39 robot_of INFO API GET /status with query:  | filters: startDate=None, endDate=None, all=False
13:55:39 robot_of INFO No filters applied, returning all 200 trades
13:55:41 robot_of INFO API GET /status with query:  | filters: startDate=None, endDate=None, all=False
13:55:41 robot_of INFO No filters applied, returning all 200 trades
13:55:43 robot_of INFO API GET /status with query:  | filters: startDate=None, endDate=None, all=False
13:55:43 robot_of INFO No filters applied, returning all 200 trades
13:55:55 robot_of INFO API GET /status with query:  | filters: startDate=None, endDate=None, all=False
13:55:55 robot_of INFO No filters applied, returning all 200 trades
13:56:04 robot_of INFO API GET /status with query:  | filters: startDate=None, endDate=None, all=False
13:56:04 robot_of INFO No filters applied, returning all 200 trades
13:56:12 robot_of INFO API GET /status with query:  | filters: startDate=None, endDate=None, all=False
13:56:12 robot_of INFO No filters applied, returning all 200 trades
13:56:12 robot_of INFO API GET /status with query:  | filters: startDate=None, endDate=None, all=False
13:56:12 robot_of INFO No filters applied, returning all 200 trades
13:56:14 robot_of INFO API GET /status with query:  | filters: startDate=None, endDate=None, all=False
13:56:14 robot_of INFO No filters applied, returning all 200 trades
13:56:16 robot_of INFO API GET /status with query:  | filters: startDate=None, endDate=None, all=False
13:56:16 robot_of INFO No filters applied, returning all 200 trades
13:56:18 robot_of INFO API GET /status with query:  | filters: startDate=None, endDate=None, all=False
13:56:18 robot_of INFO No filters applied, returning all 200 trades
13:56:20 robot_of INFO API GET /status with query:  | filters: startDate=None, endDate=None, all=False
13:56:20 robot_of INFO No filters applied, returning all 200 trades
13:56:22 robot_of INFO API GET /status with query:  | filters: startDate=None, endDate=None, all=False
13:56:22 robot_of INFO No filters applied, returning all 200 trades
13:56:24 robot_of INFO API GET /status with query:  | filters: startDate=None, endDate=None, all=False
13:56:24 robot_of INFO No filters applied, returning all 200 trades
13:56:26 robot_of INFO API GET /status with query:  | filters: startDate=None, endDate=None, all=False
13:56:26 robot_of INFO No filters applied, returning all 200 trades
13:56:28 robot_of INFO API GET /status with query:  | filters: startDate=None, endDate=None, all=False
13:56:28 robot_of INFO No filters applied, returning all 200 trades
13:56:30 robot_of INFO API GET /status with query:  | filters: startDate=None, endDate=None, all=False
13:56:30 robot_of INFO No filters applied, returning all 200 trades
13:56:32 robot_of INFO API GET /status with query:  | filters: startDate=None, endDate=None, all=False
13:56:32 robot_of INFO No filters applied, returning all 200 trades
13:56:34 robot_of INFO API GET /status with query:  | filters: startDate=None, endDate=None, all=False
13:56:34 robot_of INFO No filters applied, returning all 200 trades
13:56:34 robot_of INFO API GET /status with query:  | filters: startDate=None, endDate=None, all=False
13:56:34 robot_of INFO No filters applied, returning all 200 trades
13:56:36 robot_of INFO API GET /status with query:  | filters: startDate=None, endDate=None, all=False
13:56:36 robot_of INFO No filters applied, returning all 200 trades
13:56:38 robot_of INFO API GET /status with query:  | filters: startDate=None, endDate=None, all=False
13:56:38 robot_of INFO No filters applied, returning all 200 trades
13:56:40 robot_of INFO API GET /status with query:  | filters: startDate=None, endDate=None, all=False
13:56:40 robot_of INFO No filters applied, returning all 200 trades
13:56:42 robot_of INFO API GET /status with query:  | filters: startDate=None, endDate=None, all=False
13:56:42 robot_of INFO No filters applied, returning all 200 trades
13:56:44 robot_of INFO API GET /status with query:  | filters: startDate=None, endDate=None, all=False
13:56:44 robot_of INFO No filters applied, returning all 200 trades
13:56:46 robot_of INFO API GET /status with query:  | filters: startDate=None, endDate=None, all=False
13:56:46 robot_of INFO No filters applied, returning all 200 trades
13:56:48 robot_of INFO API GET /status with query:  | filters: startDate=None, endDate=None, all=False
13:56:48 robot_of INFO No filters applied, returning all 200 trades
13:56:50 robot_of INFO API GET /status with query:  | filters: startDate=None, endDate=None, all=False
13:56:50 robot_of INFO No filters applied, returning all 200 trades
13:56:52 robot_of INFO API GET /status with query:  | filters: startDate=None, endDate=None, all=False
13:56:52 robot_of INFO No filters applied, returning all 200 trades
13:56:54 robot_of INFO API GET /status with query:  | filters: startDate=None, endDate=None, all=False
13:56:54 robot_of INFO No filters applied, returning all 200 trades
13:56:56 robot_of INFO API GET /status with query:  | filters: startDate=None, endDate=None, all=False
13:56:56 robot_of INFO No filters applied, returning all 200 trades
13:56:58 robot_of INFO API GET /status with query:  | filters: startDate=None, endDate=None, all=False
13:56:58 robot_of INFO No filters applied, returning all 200 trades
13:57:00 robot_of INFO API GET /status with query:  | filters: startDate=None, endDate=None, all=False
13:57:00 robot_of INFO No filters applied, returning all 200 trades
13:57:02 robot_of INFO API GET /status with query:  | filters: startDate=None, endDate=None, all=False
13:57:02 robot_of INFO No filters applied, returning all 200 trades
13:57:04 robot_of INFO API GET /status with query:  | filters: startDate=None, endDate=None, all=False
13:57:04 robot_of INFO No filters applied, returning all 200 trades
13:57:04 robot_of INFO API GET /status with query:  | filters: startDate=None, endDate=None, all=False
13:57:04 robot_of INFO No filters applied, returning all 200 trades
13:57:06 robot_of INFO API GET /status with query:  | filters: startDate=None, endDate=None, all=False
13:57:06 robot_of INFO No filters applied, returning all 200 trades
13:57:08 robot_of INFO API GET /status with query:  | filters: startDate=None, endDate=None, all=False
13:57:08 robot_of INFO No filters applied, returning all 200 trades
13:57:10 robot_of INFO API GET /status with query:  | filters: startDate=None, endDate=None, all=False
13:57:10 robot_of INFO No filters applied, returning all 200 trades
13:57:12 robot_of INFO API GET /status with query:  | filters: startDate=None, endDate=None, all=False
13:57:12 robot_of INFO No filters applied, returning all 200 trades
13:57:14 robot_of INFO API GET /status with query:  | filters: startDate=None, endDate=None, all=False
13:57:14 robot_of INFO No filters applied, returning all 200 trades
13:57:16 robot_of INFO API GET /status with query:  | filters: startDate=None, endDate=None, all=False
13:57:16 robot_of INFO No filters applied, returning all 200 trades
13:57:18 robot_of INFO API GET /status with query:  | filters: startDate=None, endDate=None, all=False
13:57:18 robot_of INFO No filters applied, returning all 200 trades
13:57:20 robot_of INFO API GET /status with query:  | filters: startDate=None, endDate=None, all=False
13:57:20 robot_of INFO No filters applied, returning all 200 trades
13:57:22 robot_of INFO API GET /status with query:  | filters: startDate=None, endDate=None, all=False
13:57:22 robot_of INFO No filters applied, returning all 200 trades
13:57:24 robot_of INFO API GET /status with query:  | filters: startDate=None, endDate=None, all=False
13:57:24 robot_of INFO No filters applied, returning all 200 trades
13:57:26 robot_of INFO API GET /status with query:  | filters: startDate=None, endDate=None, all=False
13:57:26 robot_of INFO No filters applied, returning all 200 trades
13:57:28 robot_of INFO API GET /status with query:  | filters: startDate=None, endDate=None, all=False
13:57:28 robot_of INFO No filters applied, returning all 200 trades
13:57:30 robot_of INFO API GET /status with query:  | filters: startDate=None, endDate=None, all=False
13:57:30 robot_of INFO No filters applied, returning all 200 trades
13:57:32 robot_of INFO API GET /status with query:  | filters: startDate=None, endDate=None, all=False
13:57:32 robot_of INFO No filters applied, returning all 200 trades
13:57:34 robot_of INFO API GET /status with query:  | filters: startDate=None, endDate=None, all=False
13:57:34 robot_of INFO No filters applied, returning all 200 trades
13:57:34 robot_of INFO API GET /status with query:  | filters: startDate=None, endDate=None, all=False
13:57:34 robot_of INFO No filters applied, returning all 200 trades
13:57:36 robot_of INFO API GET /status with query:  | filters: startDate=None, endDate=None, all=False
13:57:36 robot_of INFO No filters applied, returning all 200 trades
13:57:38 robot_of INFO API GET /status with query:  | filters: startDate=None, endDate=None, all=False
13:57:38 robot_of INFO No filters applied, returning all 200 trades
13:57:40 robot_of INFO API GET /status with query:  | filters: startDate=None, endDate=None, all=False
13:57:40 robot_of INFO No filters applied, returning all 200 trades
13:57:42 robot_of INFO API GET /status with query:  | filters: startDate=None, endDate=None, all=False
13:57:42 robot_of INFO No filters applied, returning all 200 trades
13:57:44 robot_of INFO API GET /status with query:  | filters: startDate=None, endDate=None, all=False
13:57:44 robot_of INFO No filters applied, returning all 200 trades
13:57:46 robot_of INFO API GET /status with query:  | filters: startDate=None, endDate=None, all=False
13:57:46 robot_of INFO No filters applied, returning all 200 trades
13:57:48 robot_of INFO API GET /status with query:  | filters: startDate=None, endDate=None, all=False
13:57:48 robot_of INFO No filters applied, returning all 200 trades
13:57:50 robot_of INFO API GET /status with query:  | filters: startDate=None, endDate=None, all=False
13:57:50 robot_of INFO No filters applied, returning all 200 trades
13:57:52 robot_of INFO API GET /status with query:  | filters: startDate=None, endDate=None, all=False
13:57:52 robot_of INFO No filters applied, returning all 200 trades
13:57:54 robot_of INFO API GET /status with query:  | filters: startDate=None, endDate=None, all=False
13:57:54 robot_of INFO No filters applied, returning all 200 trades
13:57:56 robot_of INFO API GET /status with query:  | filters: startDate=None, endDate=None, all=False
13:57:56 robot_of INFO No filters applied, returning all 200 trades
13:57:58 robot_of INFO API GET /status with query:  | filters: startDate=None, endDate=None, all=False
13:57:58 robot_of INFO No filters applied, returning all 200 trades
13:58:00 robot_of INFO API GET /status with query:  | filters: startDate=None, endDate=None, all=False
13:58:00 robot_of INFO No filters applied, returning all 200 trades
13:58:02 robot_of INFO API GET /status with query:  | filters: startDate=None, endDate=None, all=False
13:58:02 robot_of INFO No filters applied, returning all 200 trades
13:58:04 robot_of INFO API GET /status with query:  | filters: startDate=None, endDate=None, all=False
13:58:04 robot_of INFO No filters applied, returning all 200 trades
13:58:04 robot_of INFO API GET /status with query:  | filters: startDate=None, endDate=None, all=False
13:58:04 robot_of INFO No filters applied, returning all 200 trades
13:58:06 robot_of INFO API GET /status with query:  | filters: startDate=None, endDate=None, all=False
13:58:06 robot_of INFO No filters applied, returning all 200 trades
13:58:08 robot_of INFO API GET /status with query:  | filters: startDate=None, endDate=None, all=False
13:58:08 robot_of INFO No filters applied, returning all 200 trades
13:58:10 robot_of INFO API GET /status with query:  | filters: startDate=None, endDate=None, all=False
13:58:10 robot_of INFO No filters applied, returning all 200 trades
13:58:12 robot_of INFO API GET /status with query:  | filters: startDate=None, endDate=None, all=False
13:58:12 robot_of INFO No filters applied, returning all 200 trades
13:58:14 robot_of INFO API GET /status with query:  | filters: startDate=None, endDate=None, all=False
13:58:14 robot_of INFO No filters applied, returning all 200 trades
13:58:16 robot_of INFO API GET /status with query:  | filters: startDate=None, endDate=None, all=False
13:58:16 robot_of INFO No filters applied, returning all 200 trades
13:58:18 robot_of INFO API GET /status with query:  | filters: startDate=None, endDate=None, all=False
13:58:18 robot_of INFO No filters applied, returning all 200 trades
13:58:20 robot_of INFO API GET /status with query:  | filters: startDate=None, endDate=None, all=False
13:58:20 robot_of INFO No filters applied, returning all 200 trades
13:58:22 robot_of INFO API GET /status with query:  | filters: startDate=None, endDate=None, all=False
13:58:22 robot_of INFO No filters applied, returning all 200 trades
13:58:24 robot_of INFO API GET /status with query:  | filters: startDate=None, endDate=None, all=False
13:58:24 robot_of INFO No filters applied, returning all 200 trades
13:58:26 robot_of INFO API GET /status with query:  | filters: startDate=None, endDate=None, all=False
13:58:26 robot_of INFO No filters applied, returning all 200 trades
13:58:28 robot_of INFO API GET /status with query:  | filters: startDate=None, endDate=None, all=False
13:58:28 robot_of INFO No filters applied, returning all 200 trades
13:58:30 robot_of INFO API GET /status with query:  | filters: startDate=None, endDate=None, all=False
13:58:30 robot_of INFO No filters applied, returning all 200 trades
13:58:32 robot_of INFO API GET /status with query:  | filters: startDate=None, endDate=None, all=False
13:58:32 robot_of INFO No filters applied, returning all 200 trades
13:58:34 robot_of INFO API GET /status with query:  | filters: startDate=None, endDate=None, all=False
13:58:34 robot_of INFO No filters applied, returning all 200 trades
13:58:34 robot_of INFO API GET /status with query:  | filters: startDate=None, endDate=None, all=False
13:58:34 robot_of INFO No filters applied, returning all 200 trades
13:58:36 robot_of INFO API GET /status with query:  | filters: startDate=None, endDate=None, all=False
13:58:36 robot_of INFO No filters applied, returning all 200 trades
13:58:38 robot_of INFO API GET /status with query:  | filters: startDate=None, endDate=None, all=False
13:58:38 robot_of INFO No filters applied, returning all 200 trades
13:58:40 robot_of INFO API GET /status with query:  | filters: startDate=None, endDate=None, all=False
13:58:40 robot_of INFO No filters applied, returning all 200 trades
13:58:42 robot_of INFO API GET /status with query:  | filters: startDate=None, endDate=None, all=False
13:58:42 robot_of INFO No filters applied, returning all 200 trades
13:58:44 robot_of INFO API GET /status with query:  | filters: startDate=None, endDate=None, all=False
13:58:44 robot_of INFO No filters applied, returning all 200 trades
13:58:46 robot_of INFO API GET /status with query:  | filters: startDate=None, endDate=None, all=False
13:58:46 robot_of INFO No filters applied, returning all 200 trades
13:58:48 robot_of INFO API GET /status with query:  | filters: startDate=None, endDate=None, all=False
13:58:48 robot_of INFO No filters applied, returning all 200 trades
13:58:50 robot_of INFO API GET /status with query:  | filters: startDate=None, endDate=None, all=False
13:58:50 robot_of INFO No filters applied, returning all 200 trades
13:58:52 robot_of INFO API GET /status with query:  | filters: startDate=None, endDate=None, all=False
13:58:52 robot_of INFO No filters applied, returning all 200 trades
13:58:54 robot_of INFO API GET /status with query:  | filters: startDate=None, endDate=None, all=False
13:58:54 robot_of INFO No filters applied, returning all 200 trades
13:58:56 robot_of INFO API GET /status with query:  | filters: startDate=None, endDate=None, all=False
13:58:56 robot_of INFO No filters applied, returning all 200 trades
13:58:58 robot_of INFO API GET /status with query:  | filters: startDate=None, endDate=None, all=False
13:58:58 robot_of INFO No filters applied, returning all 200 trades
13:59:00 robot_of INFO API GET /status with query:  | filters: startDate=None, endDate=None, all=False
13:59:00 robot_of INFO No filters applied, returning all 200 trades
13:59:02 robot_of INFO API GET /status with query:  | filters: startDate=None, endDate=None, all=False
13:59:02 robot_of INFO No filters applied, returning all 200 trades
13:59:04 robot_of INFO API GET /status with query:  | filters: startDate=None, endDate=None, all=False
13:59:04 robot_of INFO No filters applied, returning all 200 trades
13:59:04 robot_of INFO API GET /status with query:  | filters: startDate=None, endDate=None, all=False
13:59:04 robot_of INFO No filters applied, returning all 200 trades
13:59:06 robot_of INFO API GET /status with query:  | filters: startDate=None, endDate=None, all=False
13:59:06 robot_of INFO No filters applied, returning all 200 trades
13:59:08 robot_of INFO API GET /status with query:  | filters: startDate=None, endDate=None, all=False
13:59:08 robot_of INFO No filters applied, returning all 200 trades
13:59:10 robot_of INFO API GET /status with query:  | filters: startDate=None, endDate=None, all=False
13:59:10 robot_of INFO No filters applied, returning all 200 trades
13:59:12 robot_of INFO API GET /status with query:  | filters: startDate=None, endDate=None, all=False
13:59:12 robot_of INFO No filters applied, returning all 200 trades
13:59:14 robot_of INFO API GET /status with query:  | filters: startDate=None, endDate=None, all=False
13:59:14 robot_of INFO No filters applied, returning all 200 trades
13:59:16 robot_of INFO API GET /status with query:  | filters: startDate=None, endDate=None, all=False
13:59:16 robot_of INFO No filters applied, returning all 200 trades
13:59:18 robot_of INFO API GET /status with query:  | filters: startDate=None, endDate=None, all=False
13:59:18 robot_of INFO No filters applied, returning all 200 trades
13:59:20 robot_of INFO API GET /status with query:  | filters: startDate=None, endDate=None, all=False
13:59:20 robot_of INFO No filters applied, returning all 200 trades
13:59:22 robot_of INFO API GET /status with query:  | filters: startDate=None, endDate=None, all=False
13:59:22 robot_of INFO No filters applied, returning all 200 trades
13:59:24 robot_of INFO API GET /status with query:  | filters: startDate=None, endDate=None, all=False
13:59:24 robot_of INFO No filters applied, returning all 200 trades
13:59:26 robot_of INFO API GET /status with query:  | filters: startDate=None, endDate=None, all=False
13:59:26 robot_of INFO No filters applied, returning all 200 trades
13:59:28 robot_of INFO API GET /status with query:  | filters: startDate=None, endDate=None, all=False
13:59:28 robot_of INFO No filters applied, returning all 200 trades
13:59:30 robot_of INFO API GET /status with query:  | filters: startDate=None, endDate=None, all=False
13:59:30 robot_of INFO No filters applied, returning all 200 trades
13:59:32 robot_of INFO API GET /status with query:  | filters: startDate=None, endDate=None, all=False
13:59:32 robot_of INFO No filters applied, returning all 200 trades
13:59:34 robot_of INFO API GET /status with query:  | filters: startDate=None, endDate=None, all=False
13:59:34 robot_of INFO No filters applied, returning all 200 trades
13:59:34 robot_of INFO API GET /status with query:  | filters: startDate=None, endDate=None, all=False
13:59:34 robot_of INFO No filters applied, returning all 200 trades
13:59:36 robot_of INFO API GET /status with query:  | filters: startDate=None, endDate=None, all=False
13:59:36 robot_of INFO No filters applied, returning all 200 trades
13:59:38 robot_of INFO API GET /status with query:  | filters: startDate=None, endDate=None, all=False
13:59:38 robot_of INFO No filters applied, returning all 200 trades
13:59:40 robot_of INFO API GET /status with query:  | filters: startDate=None, endDate=None, all=False
13:59:40 robot_of INFO No filters applied, returning all 200 trades
13:59:42 robot_of INFO API GET /status with query:  | filters: startDate=None, endDate=None, all=False
13:59:42 robot_of INFO No filters applied, returning all 200 trades
13:59:44 robot_of INFO API GET /status with query:  | filters: startDate=None, endDate=None, all=False
13:59:44 robot_of INFO No filters applied, returning all 200 trades
13:59:46 robot_of INFO API GET /status with query:  | filters: startDate=None, endDate=None, all=False
13:59:46 robot_of INFO No filters applied, returning all 200 trades
13:59:48 robot_of INFO API GET /status with query:  | filters: startDate=None, endDate=None, all=False
13:59:48 robot_of INFO No filters applied, returning all 200 trades
13:59:50 robot_of INFO API GET /status with query:  | filters: startDate=None, endDate=None, all=False
13:59:50 robot_of INFO No filters applied, returning all 200 trades
13:59:52 robot_of INFO API GET /status with query:  | filters: startDate=None, endDate=None, all=False
13:59:52 robot_of INFO No filters applied, returning all 200 trades
13:59:54 robot_of INFO API GET /status with query:  | filters: startDate=None, endDate=None, all=False
13:59:54 robot_of INFO No filters applied, returning all 200 trades
13:59:56 robot_of INFO API GET /status with query:  | filters: startDate=None, endDate=None, all=False
13:59:56 robot_of INFO No filters applied, returning all 200 trades
13:59:58 robot_of INFO API GET /status with query:  | filters: startDate=None, endDate=None, all=False
13:59:58 robot_of INFO No filters applied, returning all 200 trades
14:00:00 robot_of INFO API GET /status with query:  | filters: startDate=None, endDate=None, all=False
14:00:00 robot_of INFO No filters applied, returning all 200 trades
14:00:02 robot_of INFO API GET /status with query:  | filters: startDate=None, endDate=None, all=False
14:00:02 robot_of INFO No filters applied, returning all 200 trades
14:00:04 robot_of INFO API GET /status with query:  | filters: startDate=None, endDate=None, all=False
14:00:04 robot_of INFO No filters applied, returning all 200 trades
14:00:04 robot_of INFO API GET /status with query:  | filters: startDate=None, endDate=None, all=False
14:00:04 robot_of INFO No filters applied, returning all 200 trades
14:00:06 robot_of INFO API GET /status with query:  | filters: startDate=None, endDate=None, all=False
14:00:06 robot_of INFO No filters applied, returning all 200 trades
14:00:08 robot_of INFO API GET /status with query:  | filters: startDate=None, endDate=None, all=False
14:00:08 robot_of INFO No filters applied, returning all 200 trades
14:00:10 robot_of INFO API GET /status with query:  | filters: startDate=None, endDate=None, all=False
14:00:10 robot_of INFO No filters applied, returning all 200 trades
14:00:12 robot_of INFO API GET /status with query:  | filters: startDate=None, endDate=None, all=False
14:00:12 robot_of INFO No filters applied, returning all 200 trades
14:00:14 robot_of INFO API GET /status with query:  | filters: startDate=None, endDate=None, all=False
14:00:14 robot_of INFO No filters applied, returning all 200 trades
14:00:16 robot_of INFO API GET /status with query:  | filters: startDate=None, endDate=None, all=False
14:00:16 robot_of INFO No filters applied, returning all 200 trades
14:00:18 robot_of INFO API GET /status with query:  | filters: startDate=None, endDate=None, all=False
14:00:18 robot_of INFO No filters applied, returning all 200 trades
14:00:20 robot_of INFO API GET /status with query:  | filters: startDate=None, endDate=None, all=False
14:00:20 robot_of INFO No filters applied, returning all 200 trades
14:00:21 strategy_of INFO AVERAGE buy 2 @ 78786 | lvl 13/1000 | avg=78872 lots=16
14:00:21 robot_of INFO 📄 PAPER average: buy 2 @ 78786
14:00:22 robot_of INFO API GET /status with query:  | filters: startDate=None, endDate=None, all=False
14:00:22 robot_of INFO No filters applied, returning all 200 trades
14:00:24 robot_of INFO API GET /status with query:  | filters: startDate=None, endDate=None, all=False
14:00:24 robot_of INFO No filters applied, returning all 200 trades
14:00:26 robot_of INFO API GET /status with query:  | filters: startDate=None, endDate=None, all=False
14:00:26 robot_of INFO No filters applied, returning all 200 trades
14:00:28 robot_of INFO API GET /status with query:  | filters: startDate=None, endDate=None, all=False
14:00:28 robot_of INFO No filters applied, returning all 200 trades
14:00:30 strategy_of INFO AVERAGE buy 2 @ 78760 | lvl 14/1000 | avg=78859 lots=18
14:00:30 robot_of INFO 📄 PAPER average: buy 2 @ 78760
14:00:30 robot_of INFO API GET /status with query:  | filters: startDate=None, endDate=None, all=False
14:00:30 robot_of INFO No filters applied, returning all 200 trades
14:00:32 robot_of INFO API GET /status with query:  | filters: startDate=None, endDate=None, all=False
14:00:32 robot_of INFO No filters applied, returning all 200 trades
14:00:34 robot_of INFO API GET /status with query:  | filters: startDate=None, endDate=None, all=False
14:00:34 robot_of INFO No filters applied, returning all 200 trades
14:00:34 robot_of INFO API GET /status with query:  | filters: startDate=None, endDate=None, all=False
14:00:34 robot_of INFO No filters applied, returning all 200 trades
14:00:36 robot_of INFO API GET /status with query:  | filters: startDate=None, endDate=None, all=False
14:00:36 robot_of INFO No filters applied, returning all 200 trades
14:00:36 robot_of INFO API GET /status with query:  | filters: startDate=None, endDate=None, all=False
14:00:36 robot_of INFO No filters applied, returning all 200 trades
14:00:38 robot_of INFO API GET /status with query:  | filters: startDate=None, endDate=None, all=False
14:00:38 robot_of INFO No filters applied, returning all 200 trades
14:00:40 robot_of INFO API GET /status with query:  | filters: startDate=None, endDate=None, all=False
14:00:40 robot_of INFO No filters applied, returning all 200 trades
14:00:42 robot_of INFO API GET /status with query:  | filters: startDate=None, endDate=None, all=False
14:00:42 robot_of INFO No filters applied, returning all 200 trades
14:00:44 robot_of INFO API GET /status with query:  | filters: startDate=None, endDate=None, all=False
14:00:44 robot_of INFO No filters applied, returning all 200 trades
14:00:46 robot_of INFO API GET /status with query:  | filters: startDate=None, endDate=None, all=False
14:00:46 robot_of INFO No filters applied, returning all 200 trades
14:00:48 robot_of INFO API GET /status with query:  | filters: startDate=None, endDate=None, all=False
14:00:48 robot_of INFO No filters applied, returning all 200 trades
14:00:50 robot_of INFO API GET /status with query:  | filters: startDate=None, endDate=None, all=False
14:00:50 robot_of INFO No filters applied, returning all 200 trades
14:00:52 robot_of INFO API GET /status with query:  | filters: startDate=None, endDate=None, all=False
14:00:52 robot_of INFO No filters applied, returning all 200 trades
14:00:54 robot_of INFO API GET /status with query:  | filters: startDate=None, endDate=None, all=False
14:00:54 robot_of INFO No filters applied, returning all 200 trades
14:00:56 robot_of INFO API GET /status with query:  | filters: startDate=None, endDate=None, all=False
14:00:56 robot_of INFO No filters applied, returning all 200 trades
14:00:58 robot_of INFO API GET /status with query:  | filters: startDate=None, endDate=None, all=False
14:00:58 robot_of INFO No filters applied, returning all 200 trades
14:01:00 robot_of INFO API GET /status with query:  | filters: startDate=None, endDate=None, all=False
14:01:00 robot_of INFO No filters applied, returning all 200 trades
14:01:02 robot_of INFO API GET /status with query:  | filters: startDate=None, endDate=None, all=False
14:01:02 robot_of INFO No filters applied, returning all 200 trades
14:01:04 robot_of INFO API GET /status with query:  | filters: startDate=None, endDate=None, all=False
14:01:04 robot_of INFO No filters applied, returning all 200 trades
14:01:04 robot_of INFO API GET /status with query:  | filters: startDate=None, endDate=None, all=False
14:01:04 robot_of INFO No filters applied, returning all 200 trades
14:01:06 robot_of INFO API GET /status with query:  | filters: startDate=None, endDate=None, all=False
14:01:06 robot_of INFO No filters applied, returning all 200 trades
14:01:08 robot_of INFO API GET /status with query:  | filters: startDate=None, endDate=None, all=False
14:01:08 robot_of INFO No filters applied, returning all 200 trades
14:01:10 robot_of INFO API GET /status with query:  | filters: startDate=None, endDate=None, all=False
14:01:10 robot_of INFO No filters applied, returning all 200 trades
14:01:12 robot_of INFO API GET /status with query:  | filters: startDate=None, endDate=None, all=False
14:01:12 robot_of INFO No filters applied, returning all 200 trades
14:01:14 robot_of INFO API GET /status with query:  | filters: startDate=None, endDate=None, all=False
14:01:14 robot_of INFO No filters applied, returning all 200 trades
14:01:16 strategy_of INFO PARTIAL_TP sell 2 @ 78809 | pnl=+95₽ | remaining=16
14:01:16 robot_of INFO 📄 PAPER partial_tp: sell 2 realized=95₽
14:01:16 robot_of INFO API GET /status with query:  | filters: startDate=None, endDate=None, all=False
14:01:16 robot_of INFO No filters applied, returning all 200 trades
14:01:18 robot_of INFO API GET /status with query:  | filters: startDate=None, endDate=None, all=False
14:01:18 robot_of INFO No filters applied, returning all 200 trades
14:01:20 robot_of INFO API GET /status with query:  | filters: startDate=None, endDate=None, all=False
14:01:20 robot_of INFO No filters applied, returning all 200 trades
14:01:22 robot_of INFO API GET /status with query:  | filters: startDate=None, endDate=None, all=False
14:01:22 robot_of INFO No filters applied, returning all 200 trades
14:01:24 robot_of INFO API GET /status with query:  | filters: startDate=None, endDate=None, all=False
14:01:24 robot_of INFO No filters applied, returning all 200 trades
14:01:26 robot_of INFO API GET /status with query:  | filters: startDate=None, endDate=None, all=False
14:01:26 robot_of INFO No filters applied, returning all 200 trades
14:01:28 robot_of INFO API GET /status with query:  | filters: startDate=None, endDate=None, all=False
14:01:28 robot_of INFO No filters applied, returning all 200 trades
14:01:30 robot_of INFO API GET /status with query:  | filters: startDate=None, endDate=None, all=False
14:01:30 robot_of INFO No filters applied, returning all 200 trades
14:01:32 robot_of INFO API GET /status with query:  | filters: startDate=None, endDate=None, all=False
14:01:32 robot_of INFO No filters applied, returning all 200 trades
14:01:34 robot_of INFO API GET /status with query:  | filters: startDate=None, endDate=None, all=False
14:01:34 robot_of INFO No filters applied, returning all 200 trades
14:01:34 robot_of INFO API GET /status with query:  | filters: startDate=None, endDate=None, all=False
14:01:34 robot_of INFO No filters applied, returning all 200 trades
14:01:36 robot_of INFO API GET /status with query:  | filters: startDate=None, endDate=None, all=False
14:01:36 robot_of INFO No filters applied, returning all 200 trades
14:01:38 robot_of INFO API GET /status with query:  | filters: startDate=None, endDate=None, all=False
14:01:38 robot_of INFO No filters applied, returning all 200 trades
14:01:40 robot_of INFO API GET /status with query:  | filters: startDate=None, endDate=None, all=False
14:01:40 robot_of INFO No filters applied, returning all 200 trades
14:01:42 robot_of INFO API GET /status with query:  | filters: startDate=None, endDate=None, all=False
14:01:42 robot_of INFO No filters applied, returning all 200 trades
14:01:44 robot_of INFO API GET /status with query:  | filters: startDate=None, endDate=None, all=False
14:01:44 robot_of INFO No filters applied, returning all 200 trades
14:01:46 robot_of INFO API GET /status with query:  | filters: startDate=None, endDate=None, all=False
14:01:46 robot_of INFO No filters applied, returning all 200 trades
14:01:48 robot_of INFO API GET /status with query:  | filters: startDate=None, endDate=None, all=False
14:01:48 robot_of INFO No filters applied, returning all 200 trades
14:01:50 robot_of INFO API GET /status with query:  | filters: startDate=None, endDate=None, all=False
14:01:50 robot_of INFO No filters applied, returning all 200 trades
14:01:52 robot_of INFO API GET /status with query:  | filters: startDate=None, endDate=None, all=False
14:01:52 robot_of INFO No filters applied, returning all 200 trades
14:01:54 robot_of INFO API GET /status with query:  | filters: startDate=None, endDate=None, all=False
14:01:54 robot_of INFO No filters applied, returning all 200 trades
14:01:56 robot_of INFO API GET /status with query:  | filters: startDate=None, endDate=None, all=False
14:01:56 robot_of INFO No filters applied, returning all 200 trades
14:01:58 robot_of INFO API GET /status with query:  | filters: startDate=None, endDate=None, all=False
14:01:58 robot_of INFO No filters applied, returning all 200 trades
14:02:00 robot_of INFO API GET /status with query:  | filters: startDate=None, endDate=None, all=False
14:02:00 robot_of INFO No filters applied, returning all 200 trades
14:02:02 robot_of INFO API GET /status with query:  | filters: startDate=None, endDate=None, all=False
14:02:02 robot_of INFO No filters applied, returning all 200 trades
14:02:04 robot_of INFO API GET /status with query:  | filters: startDate=None, endDate=None, all=False
14:02:04 robot_of INFO No filters applied, returning all 200 trades
14:02:04 robot_of INFO API GET /status with query:  | filters: startDate=None, endDate=None, all=False
14:02:04 robot_of INFO No filters applied, returning all 200 trades
14:02:06 robot_of INFO API GET /status with query:  | filters: startDate=None, endDate=None, all=False
14:02:06 robot_of INFO No filters applied, returning all 200 trades
14:02:08 robot_of INFO API GET /status with query:  | filters: startDate=None, endDate=None, all=False
14:02:08 robot_of INFO No filters applied, returning all 200 trades
14:02:09 strategy_of INFO PARTIAL_TP sell 2 @ 78836 | pnl=+97₽ | remaining=14
14:02:09 robot_of INFO 📄 PAPER partial_tp: sell 2 realized=97₽
14:02:10 robot_of INFO API GET /status with query:  | filters: startDate=None, endDate=None, all=False
14:02:10 robot_of INFO No filters applied, returning all 200 trades
14:02:12 robot_of INFO API GET /status with query:  | filters: startDate=None, endDate=None, all=False
14:02:12 robot_of INFO No filters applied, returning all 200 trades
14:02:14 robot_of INFO API GET /status with query:  | filters: startDate=None, endDate=None, all=False
14:02:14 robot_of INFO No filters applied, returning all 200 trades
14:02:14 robot_of INFO API GET /status with query:  | filters: startDate=None, endDate=None, all=False
14:02:14 robot_of INFO No filters applied, returning all 200 trades
14:02:16 robot_of INFO API GET /status with query:  | filters: startDate=None, endDate=None, all=False
14:02:16 robot_of INFO No filters applied, returning all 200 trades
14:02:18 robot_of INFO API GET /status with query:  | filters: startDate=None, endDate=None, all=False
14:02:18 robot_of INFO No filters applied, returning all 200 trades
14:02:20 robot_of INFO API GET /status with query:  | filters: startDate=None, endDate=None, all=False
14:02:20 robot_of INFO No filters applied, returning all 200 trades
14:02:22 robot_of INFO API GET /status with query:  | filters: startDate=None, endDate=None, all=False
14:02:22 robot_of INFO No filters applied, returning all 200 trades
14:02:24 robot_of INFO API GET /status with query:  | filters: startDate=None, endDate=None, all=False
14:02:24 robot_of INFO No filters applied, returning all 200 trades
14:02:26 robot_of INFO API GET /status with query:  | filters: startDate=None, endDate=None, all=False
14:02:26 robot_of INFO No filters applied, returning all 200 trades
14:02:27 robot_of INFO API GET /status with query:  | filters: startDate=None, endDate=None, all=False
14:02:27 robot_of INFO No filters applied, returning all 200 trades
14:02:28 robot_of INFO API GET /status with query:  | filters: startDate=None, endDate=None, all=False
14:02:28 robot_of INFO No filters applied, returning all 200 trades
14:02:30 robot_of INFO API GET /status with query:  | filters: startDate=None, endDate=None, all=False
14:02:30 robot_of INFO No filters applied, returning all 200 trades
14:02:32 robot_of INFO API GET /status with query:  | filters: startDate=None, endDate=None, all=False
14:02:32 robot_of INFO No filters applied, returning all 200 trades
14:02:34 robot_of INFO API GET /status with query:  | filters: startDate=None, endDate=None, all=False
14:02:34 robot_of INFO No filters applied, returning all 200 trades
14:02:34 robot_of INFO API GET /status with query:  | filters: startDate=None, endDate=None, all=False
14:02:34 robot_of INFO No filters applied, returning all 200 trades
14:02:36 robot_of INFO API GET /status with query:  | filters: startDate=None, endDate=None, all=False
14:02:36 robot_of INFO No filters applied, returning all 200 trades
14:02:38 robot_of INFO API GET /status with query:  | filters: startDate=None, endDate=None, all=False
14:02:38 robot_of INFO No filters applied, returning all 200 trades
14:02:40 robot_of INFO API GET /status with query:  | filters: startDate=None, endDate=None, all=False
14:02:40 robot_of INFO No filters applied, returning all 200 trades
14:02:42 robot_of INFO API GET /status with query:  | filters: startDate=None, endDate=None, all=False
14:02:42 robot_of INFO No filters applied, returning all 200 trades
14:02:44 robot_of INFO API GET /status with query:  | filters: startDate=None, endDate=None, all=False
14:02:44 robot_of INFO No filters applied, returning all 200 trades
14:02:46 robot_of INFO API GET /status with query:  | filters: startDate=None, endDate=None, all=False
14:02:46 robot_of INFO No filters applied, returning all 200 trades
14:02:48 robot_of INFO API GET /status with query:  | filters: startDate=None, endDate=None, all=False
14:02:48 robot_of INFO No filters applied, returning all 200 trades
14:02:50 robot_of INFO API GET /status with query:  | filters: startDate=None, endDate=None, all=False
14:02:50 robot_of INFO No filters applied, returning all 200 trades
14:02:52 robot_of INFO API GET /status with query:  | filters: startDate=None, endDate=None, all=False
14:02:52 robot_of INFO No filters applied, returning all 200 trades
14:02:54 robot_of INFO API GET /status with query:  | filters: startDate=None, endDate=None, all=False
14:02:54 robot_of INFO No filters applied, returning all 200 trades
14:02:56 robot_of INFO API GET /status with query:  | filters: startDate=None, endDate=None, all=False
14:02:56 robot_of INFO No filters applied, returning all 200 trades
14:02:58 robot_of INFO API GET /status with query:  | filters: startDate=None, endDate=None, all=False
14:02:58 robot_of INFO No filters applied, returning all 200 trades
14:03:00 robot_of INFO API GET /status with query:  | filters: startDate=None, endDate=None, all=False
14:03:00 robot_of INFO No filters applied, returning all 200 trades
14:03:02 robot_of INFO API GET /status with query:  | filters: startDate=None, endDate=None, all=False
14:03:02 robot_of INFO No filters applied, returning all 200 trades
14:03:04 robot_of INFO API GET /status with query:  | filters: startDate=None, endDate=None, all=False
14:03:04 robot_of INFO No filters applied, returning all 200 trades
14:03:04 robot_of INFO API GET /status with query:  | filters: startDate=None, endDate=None, all=False
14:03:04 robot_of INFO No filters applied, returning all 200 trades
14:03:06 robot_of INFO API GET /status with query:  | filters: startDate=None, endDate=None, all=False
14:03:06 robot_of INFO No filters applied, returning all 200 trades
14:03:08 robot_of INFO API GET /status with query:  | filters: startDate=None, endDate=None, all=False
14:03:08 robot_of INFO No filters applied, returning all 200 trades
14:03:10 robot_of INFO API GET /status with query:  | filters: startDate=None, endDate=None, all=False
14:03:10 robot_of INFO No filters applied, returning all 200 trades
14:03:12 robot_of INFO API GET /status with query:  | filters: startDate=None, endDate=None, all=False
14:03:12 robot_of INFO No filters applied, returning all 200 trades
14:03:14 robot_of INFO API GET /status with query:  | filters: startDate=None, endDate=None, all=False
14:03:14 robot_of INFO No filters applied, returning all 200 trades
14:03:16 robot_of INFO API GET /status with query:  | filters: startDate=None, endDate=None, all=False
14:03:16 robot_of INFO No filters applied, returning all 200 trades
14:03:18 robot_of INFO API GET /status with query:  | filters: startDate=None, endDate=None, all=False
14:03:18 robot_of INFO No filters applied, returning all 200 trades
14:03:20 robot_of INFO API GET /status with query:  | filters: startDate=None, endDate=None, all=False
14:03:20 robot_of INFO No filters applied, returning all 200 trades
14:03:22 robot_of INFO API GET /status with query:  | filters: startDate=None, endDate=None, all=False
14:03:22 robot_of INFO No filters applied, returning all 200 trades
14:03:24 robot_of INFO API GET /status with query:  | filters: startDate=None, endDate=None, all=False
14:03:24 robot_of INFO No filters applied, returning all 200 trades
14:03:26 robot_of INFO API GET /status with query:  | filters: startDate=None, endDate=None, all=False
14:03:26 robot_of INFO No filters applied, returning all 200 trades
14:03:28 robot_of INFO API GET /status with query:  | filters: startDate=None, endDate=None, all=False
14:03:28 robot_of INFO No filters applied, returning all 200 trades
14:03:30 robot_of INFO API GET /status with query:  | filters: startDate=None, endDate=None, all=False
14:03:30 robot_of INFO No filters applied, returning all 200 trades
14:03:32 robot_of INFO API GET /status with query:  | filters: startDate=None, endDate=None, all=False
14:03:32 robot_of INFO No filters applied, returning all 200 trades
14:03:34 robot_of INFO API GET /status with query:  | filters: startDate=None, endDate=None, all=False
14:03:34 robot_of INFO No filters applied, returning all 200 trades
14:03:34 robot_of INFO API GET /status with query:  | filters: startDate=None, endDate=None, all=False
14:03:34 robot_of INFO No filters applied, returning all 200 trades
14:03:36 robot_of INFO API GET /status with query:  | filters: startDate=None, endDate=None, all=False
14:03:36 robot_of INFO No filters applied, returning all 200 trades
14:03:38 robot_of INFO API GET /status with query:  | filters: startDate=None, endDate=None, all=False
14:03:38 robot_of INFO No filters applied, returning all 200 trades
14:03:40 robot_of INFO API GET /status with query:  | filters: startDate=None, endDate=None, all=False
14:03:40 robot_of INFO No filters applied, returning all 200 trades
14:03:42 robot_of INFO API GET /status with query:  | filters: startDate=None, endDate=None, all=False
14:03:42 robot_of INFO No filters applied, returning all 200 trades
14:03:44 robot_of INFO API GET /status with query:  | filters: startDate=None, endDate=None, all=False
14:03:44 robot_of INFO No filters applied, returning all 200 trades
14:03:46 robot_of INFO API GET /status with query:  | filters: startDate=None, endDate=None, all=False
14:03:46 robot_of INFO No filters applied, returning all 200 trades
14:03:48 robot_of INFO API GET /status with query:  | filters: startDate=None, endDate=None, all=False
14:03:48 robot_of INFO No filters applied, returning all 200 trades
14:03:50 strategy_of INFO PARTIAL_TP sell 2 @ 78856 | pnl=+84₽ | remaining=12
14:03:50 robot_of INFO 📄 PAPER partial_tp: sell 2 realized=84₽
14:03:50 robot_of INFO API GET /status with query:  | filters: startDate=None, endDate=None, all=False
14:03:50 robot_of INFO No filters applied, returning all 200 trades
14:03:52 robot_of INFO API GET /status with query:  | filters: startDate=None, endDate=None, all=False
14:03:52 robot_of INFO No filters applied, returning all 200 trades
14:03:54 robot_of INFO API GET /status with query:  | filters: startDate=None, endDate=None, all=False
14:03:54 robot_of INFO No filters applied, returning all 200 trades
14:03:56 robot_of INFO API GET /status with query:  | filters: startDate=None, endDate=None, all=False
14:03:56 robot_of INFO No filters applied, returning all 200 trades
14:03:58 robot_of INFO API GET /status with query:  | filters: startDate=None, endDate=None, all=False
14:03:58 robot_of INFO No filters applied, returning all 200 trades
14:04:00 robot_of INFO API GET /status with query:  | filters: startDate=None, endDate=None, all=False
14:04:00 robot_of INFO No filters applied, returning all 200 trades
14:04:02 robot_of INFO API GET /status with query:  | filters: startDate=None, endDate=None, all=False
14:04:02 robot_of INFO No filters applied, returning all 200 trades
14:04:04 robot_of INFO API GET /status with query:  | filters: startDate=None, endDate=None, all=False
14:04:04 robot_of INFO No filters applied, returning all 200 trades
14:04:04 robot_of INFO API GET /status with query:  | filters: startDate=None, endDate=None, all=False
14:04:04 robot_of INFO No filters applied, returning all 200 trades
14:04:04 robot_of INFO API GET /status with query:  | filters: startDate=None, endDate=None, all=False
14:04:04 robot_of INFO No filters applied, returning all 200 trades
14:04:06 robot_of INFO API GET /status with query:  | filters: startDate=None, endDate=None, all=False
14:04:06 robot_of INFO No filters applied, returning all 200 trades
14:04:08 robot_of INFO API GET /status with query:  | filters: startDate=None, endDate=None, all=False
14:04:08 robot_of INFO No filters applied, returning all 200 trades
14:04:09 robot_of INFO Param updated: lots = 2
14:04:09 robot_of INFO Param updated: max_pyramid_levels = 5
14:04:09 robot_of INFO Param updated: max_average_levels = 1000
14:04:09 robot_of INFO Param updated: step_average = 25
14:04:09 robot_of INFO Param updated: step_pyramid = 33
14:04:09 robot_of INFO Param updated: spread = 44
14:04:09 robot_of INFO Param updated: stop_loss_mode = pts
14:04:09 robot_of INFO Param updated: stop_loss_value = 5000000
14:04:09 robot_of INFO Param updated: min_profit_per_lot = 60
14:04:09 robot_of INFO Param updated: max_hold_minutes = 9999999999
14:04:09 robot_of INFO Param updated: absorption_threshold = 0.35
14:04:09 robot_of INFO Param updated: cvd_lookback = 10
14:04:09 robot_of INFO Param updated: ob_imbalance_threshold = 0.3
14:04:09 robot_of INFO Param updated: signal_confirm_count = 1
14:04:09 robot_of INFO Param updated: signal_confirm_exit = 1
14:04:09 robot_of INFO Param updated: timeframe = M1
14:04:09 robot_of INFO Param updated: use_vwema = True
14:04:09 robot_of INFO Param updated: vwema_fast = 20
14:04:09 robot_of INFO Param updated: vwema_slow = 40
14:04:09 robot_of INFO Param updated: vwema_flat_th = 1
14:04:09 robot_of INFO Param updated: vwema_block_counter = True
14:04:09 strategy_of INFO VWEMA filter enabled: fast=20 slow=40 flat_th=1
14:04:10 robot_of INFO API GET /status with query:  | filters: startDate=None, endDate=None, all=False
14:04:10 robot_of INFO No filters applied, returning all 200 trades
14:04:12 robot_of INFO API GET /status with query:  | filters: startDate=None, endDate=None, all=False
14:04:12 robot_of INFO No filters applied, returning all 200 trades
14:04:14 robot_of INFO API GET /status with query:  | filters: startDate=None, endDate=None, all=False
14:04:14 robot_of INFO No filters applied, returning all 200 trades
14:04:16 robot_of INFO API GET /status with query:  | filters: startDate=None, endDate=None, all=False
14:04:16 robot_of INFO No filters applied, returning all 200 trades
14:04:17 strategy_of INFO PARTIAL_TP sell 2 @ 78896 | pnl=+107₽ | remaining=10
14:04:17 robot_of INFO 📄 PAPER partial_tp: sell 2 realized=107₽
14:04:18 robot_of INFO API GET /status with query:  | filters: startDate=None, endDate=None, all=False
14:04:18 robot_of INFO No filters applied, returning all 200 trades
14:04:20 strategy_of INFO REVERSE exit signals: ob_imbalance
14:04:20 strategy_of INFO CLOSE_ALL sell 10 @ 78907 | reason=reverse_signal | gross=-1₽ comm=18₽ net=-19₽ | daily=1014₽
14:04:20 robot_of INFO 📄 PAPER close_all: sell 10 reason=reverse_signal realized=-19₽
14:04:20 robot_of INFO API GET /status with query:  | filters: startDate=None, endDate=None, all=False
14:04:20 robot_of INFO No filters applied, returning all 200 trades
14:04:22 robot_of INFO API GET /status with query:  | filters: startDate=None, endDate=None, all=False
14:04:22 robot_of INFO No filters applied, returning all 200 trades
14:04:24 robot_of INFO API GET /status with query:  | filters: startDate=None, endDate=None, all=False
14:04:24 robot_of INFO No filters applied, returning all 200 trades
14:04:25 robot_of INFO API GET /status with query:  | filters: startDate=None, endDate=None, all=False
14:04:25 robot_of INFO No filters applied, returning all 200 trades
14:04:26 robot_of INFO API GET /status with query:  | filters: startDate=None, endDate=None, all=False
14:04:26 robot_of INFO No filters applied, returning all 200 trades
14:04:28 robot_of INFO API GET /status with query:  | filters: startDate=None, endDate=None, all=False
14:04:28 robot_of INFO No filters applied, returning all 200 trades
14:04:30 robot_of INFO API GET /status with query:  | filters: startDate=None, endDate=None, all=False
14:04:30 robot_of INFO No filters applied, returning all 200 trades
14:04:32 robot_of INFO API GET /status with query:  | filters: startDate=None, endDate=None, all=False
14:04:32 robot_of INFO No filters applied, returning all 200 trades
14:04:34 robot_of INFO API GET /status with query:  | filters: startDate=None, endDate=None, all=False
14:04:34 robot_of INFO No filters applied, returning all 200 trades
14:04:34 robot_of INFO API GET /status with query:  | filters: startDate=None, endDate=None, all=False
14:04:34 robot_of INFO No filters applied, returning all 200 trades
14:04:36 robot_of INFO API GET /status with query:  | filters: startDate=None, endDate=None, all=False
14:04:36 robot_of INFO No filters applied, returning all 200 trades
14:04:38 robot_of INFO API GET /status with query:  | filters: startDate=None, endDate=None, all=False
14:04:38 robot_of INFO No filters applied, returning all 200 trades
14:04:40 robot_of INFO API GET /status with query:  | filters: startDate=None, endDate=None, all=False
14:04:40 robot_of INFO No filters applied, returning all 200 trades
14:04:42 robot_of INFO Param updated: lots = 2
14:04:42 robot_of INFO Param updated: max_pyramid_levels = 5
14:04:42 robot_of INFO Param updated: max_average_levels = 1000
14:04:42 robot_of INFO Param updated: step_average = 25
14:04:42 robot_of INFO Param updated: step_pyramid = 33
14:04:42 robot_of INFO Param updated: spread = 44
14:04:42 robot_of INFO Param updated: stop_loss_mode = pts
14:04:42 robot_of INFO Param updated: stop_loss_value = 5000000
14:04:42 robot_of INFO Param updated: min_profit_per_lot = 60
14:04:42 robot_of INFO Param updated: max_hold_minutes = 9999999999
14:04:42 robot_of INFO Param updated: absorption_threshold = 0.35
14:04:42 robot_of INFO Param updated: cvd_lookback = 10
14:04:42 robot_of INFO Param updated: ob_imbalance_threshold = 0.3
14:04:42 robot_of INFO Param updated: signal_confirm_count = 1
14:04:42 robot_of INFO Param updated: signal_confirm_exit = 2
14:04:42 robot_of INFO Param updated: timeframe = M1
14:04:42 robot_of INFO Param updated: use_vwema = True
14:04:42 robot_of INFO Param updated: vwema_fast = 20
14:04:42 robot_of INFO Param updated: vwema_slow = 40
14:04:42 robot_of INFO Param updated: vwema_flat_th = 1
14:04:42 robot_of INFO Param updated: vwema_block_counter = True
14:04:42 strategy_of INFO VWEMA filter enabled: fast=20 slow=40 flat_th=1
14:04:42 robot_of INFO API GET /status with query:  | filters: startDate=None, endDate=None, all=False
14:04:42 robot_of INFO No filters applied, returning all 200 trades
14:04:44 robot_of INFO API GET /status with query:  | filters: startDate=None, endDate=None, all=False
14:04:44 robot_of INFO No filters applied, returning all 200 trades
14:04:46 robot_of INFO API GET /status with query:  | filters: startDate=None, endDate=None, all=False
14:04:46 robot_of INFO No filters applied, returning all 200 trades
14:04:48 robot_of INFO API GET /status with query:  | filters: startDate=None, endDate=None, all=False
14:04:48 robot_of INFO No filters applied, returning all 200 trades
14:04:50 robot_of INFO API GET /status with query:  | filters: startDate=None, endDate=None, all=False
14:04:50 robot_of INFO No filters applied, returning all 200 trades
14:04:52 robot_of INFO API GET /status with query:  | filters: startDate=None, endDate=None, all=False
14:04:52 robot_of INFO No filters applied, returning all 200 trades
14:04:54 robot_of INFO API GET /status with query:  | filters: startDate=None, endDate=None, all=False
14:04:54 robot_of INFO No filters applied, returning all 200 trades
14:04:56 robot_of INFO API GET /status with query:  | filters: startDate=None, endDate=None, all=False
14:04:56 robot_of INFO No filters applied, returning all 200 trades
14:04:58 robot_of INFO API GET /status with query:  | filters: startDate=None, endDate=None, all=False
14:04:58 robot_of INFO No filters applied, returning all 200 trades
14:05:00 robot_of INFO API GET /status with query:  | filters: startDate=None, endDate=None, all=False
14:05:00 robot_of INFO No filters applied, returning all 200 trades
14:05:02 robot_of INFO API GET /status with query:  | filters: startDate=None, endDate=None, all=False
14:05:02 robot_of INFO No filters applied, returning all 200 trades
14:05:04 robot_of INFO API GET /status with query:  | filters: startDate=None, endDate=None, all=False
14:05:04 robot_of INFO No filters applied, returning all 200 trades
14:05:04 robot_of INFO API GET /status with query:  | filters: startDate=None, endDate=None, all=False
14:05:04 robot_of INFO No filters applied, returning all 200 trades
14:05:06 robot_of INFO API GET /status with query:  | filters: startDate=None, endDate=None, all=False
14:05:06 robot_of INFO No filters applied, returning all 200 trades
14:05:08 robot_of INFO API GET /status with query:  | filters: startDate=None, endDate=None, all=False
14:05:08 robot_of INFO No filters applied, returning all 200 trades
14:05:10 robot_of INFO API GET /status with query:  | filters: startDate=None, endDate=None, all=False
14:05:10 robot_of INFO No filters applied, returning all 200 trades
14:05:12 robot_of INFO API GET /status with query:  | filters: startDate=None, endDate=None, all=False
14:05:12 robot_of INFO No filters applied, returning all 200 trades
14:05:14 robot_of INFO API GET /status with query:  | filters: startDate=None, endDate=None, all=False
14:05:14 robot_of INFO No filters applied, returning all 200 trades
14:05:16 robot_of INFO API GET /status with query:  | filters: startDate=None, endDate=None, all=False
14:05:16 robot_of INFO No filters applied, returning all 200 trades
14:05:18 robot_of INFO API GET /status with query:  | filters: startDate=None, endDate=None, all=False
14:05:18 robot_of INFO No filters applied, returning all 200 trades
14:05:20 strategy_of INFO ENTRY sell 2 @ 78936 | signals: ob_imbalance
14:05:20 robot_of INFO 📄 PAPER entry: sell 2 @ 78936
14:05:20 robot_of INFO API GET /status with query:  | filters: startDate=None, endDate=None, all=False
14:05:20 robot_of INFO No filters applied, returning all 200 trades
14:05:22 robot_of INFO API GET /status with query:  | filters: startDate=None, endDate=None, all=False
14:05:22 robot_of INFO No filters applied, returning all 200 trades
14:05:24 robot_of INFO API GET /status with query:  | filters: startDate=None, endDate=None, all=False
14:05:24 robot_of INFO No filters applied, returning all 200 trades
14:05:26 robot_of INFO API GET /status with query:  | filters: startDate=None, endDate=None, all=False
14:05:26 robot_of INFO No filters applied, returning all 200 trades
14:05:28 robot_of INFO API GET /status with query:  | filters: startDate=None, endDate=None, all=False
14:05:28 robot_of INFO No filters applied, returning all 200 trades
14:05:30 robot_of INFO API GET /status with query:  | filters: startDate=None, endDate=None, all=False
14:05:30 robot_of INFO No filters applied, returning all 200 trades
14:05:32 robot_of INFO API GET /status with query:  | filters: startDate=None, endDate=None, all=False
14:05:32 robot_of INFO No filters applied, returning all 200 trades
14:05:34 robot_of INFO API GET /status with query:  | filters: startDate=None, endDate=None, all=False
14:05:34 robot_of INFO No filters applied, returning all 200 trades
14:05:34 robot_of INFO API GET /status with query:  | filters: startDate=None, endDate=None, all=False
14:05:34 robot_of INFO No filters applied, returning all 200 trades
14:05:36 robot_of INFO API GET /status with query:  | filters: startDate=None, endDate=None, all=False
14:05:36 robot_of INFO No filters applied, returning all 200 trades
14:05:38 robot_of INFO API GET /status with query:  | filters: startDate=None, endDate=None, all=False
14:05:38 robot_of INFO No filters applied, returning all 200 trades
14:05:40 robot_of INFO API GET /status with query:  | filters: startDate=None, endDate=None, all=False
14:05:40 robot_of INFO No filters applied, returning all 200 trades
14:05:42 robot_of INFO API GET /status with query:  | filters: startDate=None, endDate=None, all=False
14:05:42 robot_of INFO No filters applied, returning all 200 trades
14:05:44 robot_of INFO API GET /status with query:  | filters: startDate=None, endDate=None, all=False
14:05:44 robot_of INFO No filters applied, returning all 200 trades
14:05:46 strategy_of INFO PYRAMID sell 2 @ 78904 | lvl 1/5 | avg=78920 lots=4
14:05:46 robot_of INFO 📄 PAPER pyramid: sell 2 @ 78904
14:05:46 robot_of INFO API GET /status with query:  | filters: startDate=None, endDate=None, all=False
14:05:46 robot_of INFO No filters applied, returning all 200 trades
14:05:48 robot_of INFO API GET /status with query:  | filters: startDate=None, endDate=None, all=False
14:05:48 robot_of INFO No filters applied, returning all 200 trades
14:05:50 robot_of INFO API GET /status with query:  | filters: startDate=None, endDate=None, all=False
14:05:50 robot_of INFO No filters applied, returning all 200 trades
14:05:52 robot_of INFO API GET /status with query:  | filters: startDate=None, endDate=None, all=False
14:05:52 robot_of INFO No filters applied, returning all 200 trades
14:05:54 robot_of INFO API GET /status with query:  | filters: startDate=None, endDate=None, all=False
14:05:54 robot_of INFO No filters applied, returning all 200 trades
14:05:56 robot_of INFO API GET /status with query:  | filters: startDate=None, endDate=None, all=False
14:05:56 robot_of INFO No filters applied, returning all 200 trades
14:05:58 robot_of INFO API GET /status with query:  | filters: startDate=None, endDate=None, all=False
14:05:58 robot_of INFO No filters applied, returning all 200 trades
14:06:00 robot_of INFO API GET /status with query:  | filters: startDate=None, endDate=None, all=False
14:06:00 robot_of INFO No filters applied, returning all 200 trades
14:06:02 robot_of INFO API GET /status with query:  | filters: startDate=None, endDate=None, all=False
14:06:02 robot_of INFO No filters applied, returning all 200 trades
14:06:04 robot_of INFO API GET /status with query:  | filters: startDate=None, endDate=None, all=False
14:06:04 robot_of INFO No filters applied, returning all 200 trades
14:06:04 robot_of INFO API GET /status with query:  | filters: startDate=None, endDate=None, all=False
14:06:04 robot_of INFO No filters applied, returning all 200 trades
14:06:06 robot_of INFO API GET /status with query:  | filters: startDate=None, endDate=None, all=False
14:06:06 robot_of INFO No filters applied, returning all 200 trades
14:06:08 robot_of INFO API GET /status with query:  | filters: startDate=None, endDate=None, all=False
14:06:08 robot_of INFO No filters applied, returning all 200 trades
14:06:10 robot_of INFO API GET /status with query:  | filters: startDate=None, endDate=None, all=False
14:06:10 robot_of INFO No filters applied, returning all 200 trades
14:06:12 robot_of INFO API GET /status with query:  | filters: startDate=None, endDate=None, all=False
14:06:12 robot_of INFO No filters applied, returning all 200 trades
14:06:14 robot_of INFO API GET /status with query:  | filters: startDate=None, endDate=None, all=False
14:06:14 robot_of INFO No filters applied, returning all 200 trades
14:06:16 robot_of INFO API GET /status with query:  | filters: startDate=None, endDate=None, all=False
14:06:16 robot_of INFO No filters applied, returning all 200 trades
14:06:18 robot_of INFO API GET /status with query:  | filters: startDate=None, endDate=None, all=False
14:06:18 robot_of INFO No filters applied, returning all 200 trades
14:06:20 robot_of INFO API GET /status with query:  | filters: startDate=None, endDate=None, all=False
14:06:20 robot_of INFO No filters applied, returning all 200 trades
14:06:22 robot_of INFO API GET /status with query:  | filters: startDate=None, endDate=None, all=False
14:06:22 robot_of INFO No filters applied, returning all 200 trades
14:06:24 robot_of INFO API GET /status with query:  | filters: startDate=None, endDate=None, all=False
14:06:24 robot_of INFO No filters applied, returning all 200 trades
14:06:26 robot_of INFO API GET /status with query:  | filters: startDate=None, endDate=None, all=False
14:06:26 robot_of INFO No filters applied, returning all 200 trades
14:06:28 robot_of INFO API GET /status with query:  | filters: startDate=None, endDate=None, all=False
14:06:28 robot_of INFO No filters applied, returning all 200 trades
14:06:30 robot_of INFO API GET /status with query:  | filters: startDate=None, endDate=None, all=False
14:06:30 robot_of INFO No filters applied, returning all 200 trades
14:06:32 robot_of INFO API GET /status with query:  | filters: startDate=None, endDate=None, all=False
14:06:32 robot_of INFO No filters applied, returning all 200 trades
14:06:34 robot_of INFO API GET /status with query:  | filters: startDate=None, endDate=None, all=False
14:06:34 robot_of INFO No filters applied, returning all 200 trades
14:06:34 robot_of INFO API GET /status with query:  | filters: startDate=None, endDate=None, all=False
14:06:34 robot_of INFO No filters applied, returning all 200 trades
14:06:36 strategy_of INFO PYRAMID sell 2 @ 78868 | lvl 2/5 | avg=78903 lots=6
14:06:36 robot_of INFO 📄 PAPER pyramid: sell 2 @ 78868
14:06:36 robot_of INFO API GET /status with query:  | filters: startDate=None, endDate=None, all=False
14:06:36 robot_of INFO No filters applied, returning all 200 trades
14:06:38 robot_of INFO API GET /status with query:  | filters: startDate=None, endDate=None, all=False
14:06:38 robot_of INFO No filters applied, returning all 200 trades
14:06:40 robot_of INFO API GET /status with query:  | filters: startDate=None, endDate=None, all=False
14:06:40 robot_of INFO No filters applied, returning all 200 trades
14:06:42 robot_of INFO API GET /status with query:  | filters: startDate=None, endDate=None, all=False
14:06:42 robot_of INFO No filters applied, returning all 200 trades
14:06:44 robot_of INFO API GET /status with query:  | filters: startDate=None, endDate=None, all=False
14:06:44 robot_of INFO No filters applied, returning all 200 trades
14:06:46 robot_of INFO API GET /status with query:  | filters: startDate=None, endDate=None, all=False
14:06:46 robot_of INFO No filters applied, returning all 200 trades
14:06:48 robot_of INFO API GET /status with query:  | filters: startDate=None, endDate=None, all=False
14:06:48 robot_of INFO No filters applied, returning all 200 trades
14:06:50 robot_of INFO API GET /status with query:  | filters: startDate=None, endDate=None, all=False
14:06:50 robot_of INFO No filters applied, returning all 200 trades
14:06:52 robot_of INFO API GET /status with query:  | filters: startDate=None, endDate=None, all=False
14:06:52 robot_of INFO No filters applied, returning all 200 trades
14:06:54 robot_of INFO API GET /status with query:  | filters: startDate=None, endDate=None, all=False
14:06:54 robot_of INFO No filters applied, returning all 200 trades
14:06:56 robot_of INFO API GET /status with query:  | filters: startDate=None, endDate=None, all=False
14:06:56 robot_of INFO No filters applied, returning all 200 trades
14:06:58 robot_of INFO API GET /status with query:  | filters: startDate=None, endDate=None, all=False
14:06:58 robot_of INFO No filters applied, returning all 200 trades
14:07:00 robot_of INFO API GET /status with query:  | filters: startDate=None, endDate=None, all=False
14:07:00 robot_of INFO No filters applied, returning all 200 trades
14:07:02 robot_of INFO API GET /status with query:  | filters: startDate=None, endDate=None, all=False
14:07:02 robot_of INFO No filters applied, returning all 200 trades
14:07:04 robot_of INFO API GET /status with query:  | filters: startDate=None, endDate=None, all=False
14:07:04 robot_of INFO No filters applied, returning all 200 trades
14:07:04 robot_of INFO API GET /status with query:  | filters: startDate=None, endDate=None, all=False
14:07:04 robot_of INFO No filters applied, returning all 200 trades
14:07:06 robot_of INFO API GET /status with query:  | filters: startDate=None, endDate=None, all=False
14:07:06 robot_of INFO No filters applied, returning all 200 trades
14:07:08 robot_of INFO API GET /status with query:  | filters: startDate=None, endDate=None, all=False
14:07:08 robot_of INFO No filters applied, returning all 200 trades
14:07:10 robot_of INFO API GET /status with query:  | filters: startDate=None, endDate=None, all=False
14:07:10 robot_of INFO No filters applied, returning all 200 trades
14:07:12 robot_of INFO API GET /status with query:  | filters: startDate=None, endDate=None, all=False
14:07:12 robot_of INFO No filters applied, returning all 200 trades
14:07:14 robot_of INFO API GET /status with query:  | filters: startDate=None, endDate=None, all=False
14:07:14 robot_of INFO No filters applied, returning all 200 trades
14:07:16 robot_of INFO API GET /status with query:  | filters: startDate=None, endDate=None, all=False
14:07:16 robot_of INFO No filters applied, returning all 200 trades
14:07:18 robot_of INFO API GET /status with query:  | filters: startDate=None, endDate=None, all=False
14:07:18 robot_of INFO No filters applied, returning all 200 trades
14:07:20 robot_of INFO API GET /status with query:  | filters: startDate=None, endDate=None, all=False
14:07:20 robot_of INFO No filters applied, returning all 200 trades
14:07:22 robot_of INFO API GET /status with query:  | filters: startDate=None, endDate=None, all=False
14:07:22 robot_of INFO No filters applied, returning all 200 trades
14:07:24 robot_of INFO API GET /status with query:  | filters: startDate=None, endDate=None, all=False
14:07:24 robot_of INFO No filters applied, returning all 200 trades
14:07:26 robot_of INFO API GET /status with query:  | filters: startDate=None, endDate=None, all=False
14:07:26 robot_of INFO No filters applied, returning all 200 trades
14:07:28 robot_of INFO API GET /status with query:  | filters: startDate=None, endDate=None, all=False
14:07:28 robot_of INFO No filters applied, returning all 200 trades
14:07:30 robot_of INFO API GET /status with query:  | filters: startDate=None, endDate=None, all=False
14:07:30 robot_of INFO No filters applied, returning all 200 trades
14:07:32 robot_of INFO API GET /status with query:  | filters: startDate=None, endDate=None, all=False
14:07:32 robot_of INFO No filters applied, returning all 200 trades
14:07:34 robot_of INFO API GET /status with query:  | filters: startDate=None, endDate=None, all=False
14:07:34 robot_of INFO No filters applied, returning all 200 trades
14:07:34 robot_of INFO API GET /status with query:  | filters: startDate=None, endDate=None, all=False
14:07:34 robot_of INFO No filters applied, returning all 200 trades
14:07:36 robot_of INFO API GET /status with query:  | filters: startDate=None, endDate=None, all=False
14:07:36 robot_of INFO No filters applied, returning all 200 trades
14:07:38 robot_of INFO API GET /status with query:  | filters: startDate=None, endDate=None, all=False
14:07:38 robot_of INFO No filters applied, returning all 200 trades
14:07:40 robot_of INFO API GET /status with query:  | filters: startDate=None, endDate=None, all=False
14:07:40 robot_of INFO No filters applied, returning all 200 trades
14:07:42 robot_of INFO API GET /status with query:  | filters: startDate=None, endDate=None, all=False
14:07:42 robot_of INFO No filters applied, returning all 200 trades
14:07:44 robot_of INFO API GET /status with query:  | filters: startDate=None, endDate=None, all=False
14:07:44 robot_of INFO No filters applied, returning all 200 trades
14:07:44 robot_of INFO API GET /status with query:  | filters: startDate=None, endDate=None, all=False
14:07:44 robot_of INFO No filters applied, returning all 200 trades
14:07:46 robot_of INFO API GET /status with query:  | filters: startDate=None, endDate=None, all=False
14:07:46 robot_of INFO No filters applied, returning all 200 trades
14:07:48 robot_of INFO API GET /status with query:  | filters: startDate=None, endDate=None, all=False
14:07:48 robot_of INFO No filters applied, returning all 200 trades
14:07:50 robot_of INFO API GET /status with query:  | filters: startDate=None, endDate=None, all=False
14:07:50 robot_of INFO No filters applied, returning all 200 trades
14:07:52 robot_of INFO API GET /status with query:  | filters: startDate=None, endDate=None, all=False
14:07:52 robot_of INFO No filters applied, returning all 200 trades
14:07:54 robot_of INFO API GET /status with query:  | filters: startDate=None, endDate=None, all=False
14:07:54 robot_of INFO No filters applied, returning all 200 trades
14:07:56 robot_of INFO API GET /status with query:  | filters: startDate=None, endDate=None, all=False
14:07:56 robot_of INFO No filters applied, returning all 200 trades
14:07:58 robot_of INFO API GET /status with query:  | filters: startDate=None, endDate=None, all=False
14:07:58 robot_of INFO No filters applied, returning all 200 trades
14:08:00 robot_of INFO API GET /status with query:  | filters: startDate=None, endDate=None, all=False
14:08:00 robot_of INFO No filters applied, returning all 200 trades
14:08:02 robot_of INFO API GET /status with query:  | filters: startDate=None, endDate=None, all=False
14:08:02 robot_of INFO No filters applied, returning all 200 trades
14:08:04 robot_of INFO API GET /status with query:  | filters: startDate=None, endDate=None, all=False
14:08:04 robot_of INFO No filters applied, returning all 200 trades
14:08:04 robot_of INFO API GET /status with query:  | filters: startDate=None, endDate=None, all=False
14:08:04 robot_of INFO No filters applied, returning all 200 trades
14:08:06 robot_of INFO API GET /status with query:  | filters: startDate=None, endDate=None, all=False
14:08:06 robot_of INFO No filters applied, returning all 200 trades
14:08:08 robot_of INFO API GET /status with query:  | filters: startDate=None, endDate=None, all=False
14:08:08 robot_of INFO No filters applied, returning all 200 trades
14:08:10 robot_of INFO API GET /status with query:  | filters: startDate=None, endDate=None, all=False
14:08:10 robot_of INFO No filters applied, returning all 200 trades
14:08:12 robot_of INFO API GET /status with query:  | filters: startDate=None, endDate=None, all=False
14:08:12 robot_of INFO No filters applied, returning all 200 trades
14:08:14 robot_of INFO API GET /status with query:  | filters: startDate=None, endDate=None, all=False
14:08:14 robot_of INFO No filters applied, returning all 200 trades
14:08:16 robot_of INFO API GET /status with query:  | filters: startDate=None, endDate=None, all=False
14:08:16 robot_of INFO No filters applied, returning all 200 trades
14:08:18 robot_of INFO API GET /status with query:  | filters: startDate=None, endDate=None, all=False
14:08:18 robot_of INFO No filters applied, returning all 200 trades
14:08:20 robot_of INFO API GET /status with query:  | filters: startDate=None, endDate=None, all=False
14:08:20 robot_of INFO No filters applied, returning all 200 trades
14:08:22 robot_of INFO API GET /status with query:  | filters: startDate=None, endDate=None, all=False
14:08:22 robot_of INFO No filters applied, returning all 200 trades
14:08:24 robot_of INFO API GET /status with query:  | filters: startDate=None, endDate=None, all=False
14:08:24 robot_of INFO No filters applied, returning all 200 trades
14:08:26 robot_of INFO API GET /status with query:  | filters: startDate=None, endDate=None, all=False
14:08:26 robot_of INFO No filters applied, returning all 200 trades
14:08:28 robot_of INFO API GET /status with query:  | filters: startDate=None, endDate=None, all=False
14:08:28 robot_of INFO No filters applied, returning all 200 trades
14:08:30 robot_of INFO API GET /status with query:  | filters: startDate=None, endDate=None, all=False
14:08:30 robot_of INFO No filters applied, returning all 200 trades
14:08:32 robot_of INFO API GET /status with query:  | filters: startDate=None, endDate=None, all=False
14:08:32 robot_of INFO No filters applied, returning all 200 trades
14:08:34 robot_of INFO API GET /status with query:  | filters: startDate=None, endDate=None, all=False
14:08:34 robot_of INFO No filters applied, returning all 200 trades
14:08:34 robot_of INFO API GET /status with query:  | filters: startDate=None, endDate=None, all=False
14:08:34 robot_of INFO No filters applied, returning all 200 trades
14:08:36 robot_of INFO API GET /status with query:  | filters: startDate=None, endDate=None, all=False
14:08:36 robot_of INFO No filters applied, returning all 200 trades
14:08:38 robot_of INFO API GET /status with query:  | filters: startDate=None, endDate=None, all=False
14:08:38 robot_of INFO No filters applied, returning all 200 trades
14:08:40 robot_of INFO API GET /status with query:  | filters: startDate=None, endDate=None, all=False
14:08:40 robot_of INFO No filters applied, returning all 200 trades
14:08:42 robot_of INFO API GET /status with query:  | filters: startDate=None, endDate=None, all=False
14:08:42 robot_of INFO No filters applied, returning all 200 trades
14:08:44 robot_of INFO API GET /status with query:  | filters: startDate=None, endDate=None, all=False
14:08:44 robot_of INFO No filters applied, returning all 200 trades
14:08:46 robot_of INFO API GET /status with query:  | filters: startDate=None, endDate=None, all=False
14:08:46 robot_of INFO No filters applied, returning all 200 trades
14:08:46 robot_of INFO API GET /status with query:  | filters: startDate=None, endDate=None, all=False
14:08:46 robot_of INFO No filters applied, returning all 200 trades
14:08:48 robot_of INFO API GET /status with query:  | filters: startDate=None, endDate=None, all=False
14:08:48 robot_of INFO No filters applied, returning all 200 trades
14:08:50 robot_of INFO API GET /status with query:  | filters: startDate=None, endDate=None, all=False
14:08:50 robot_of INFO No filters applied, returning all 200 trades
14:08:52 robot_of INFO API GET /status with query:  | filters: startDate=None, endDate=None, all=False
14:08:52 robot_of INFO No filters applied, returning all 200 trades
14:08:54 robot_of INFO API GET /status with query:  | filters: startDate=None, endDate=None, all=False
14:08:54 robot_of INFO No filters applied, returning all 200 trades
14:08:56 robot_of INFO API GET /status with query:  | filters: startDate=None, endDate=None, all=False
14:08:56 robot_of INFO No filters applied, returning all 200 trades
14:08:58 robot_of INFO API GET /status with query:  | filters: startDate=None, endDate=None, all=False
14:08:58 robot_of INFO No filters applied, returning all 200 trades
14:09:00 robot_of INFO API GET /status with query:  | filters: startDate=None, endDate=None, all=False
14:09:00 robot_of INFO No filters applied, returning all 200 trades
14:09:02 robot_of INFO API GET /status with query:  | filters: startDate=None, endDate=None, all=False
14:09:02 robot_of INFO No filters applied, returning all 200 trades
14:09:04 robot_of INFO API GET /status with query:  | filters: startDate=None, endDate=None, all=False
14:09:04 robot_of INFO No filters applied, returning all 200 trades
14:09:04 robot_of INFO API GET /status with query:  | filters: startDate=None, endDate=None, all=False
14:09:04 robot_of INFO No filters applied, returning all 200 trades
14:09:06 robot_of INFO API GET /status with query:  | filters: startDate=None, endDate=None, all=False
14:09:06 robot_of INFO No filters applied, returning all 200 trades
14:09:08 robot_of INFO API GET /status with query:  | filters: startDate=None, endDate=None, all=False
14:09:08 robot_of INFO No filters applied, returning all 200 trades
14:09:10 robot_of INFO API GET /status with query:  | filters: startDate=None, endDate=None, all=False
14:09:10 robot_of INFO No filters applied, returning all 200 trades
14:09:12 robot_of INFO API GET /status with query:  | filters: startDate=None, endDate=None, all=False
14:09:12 robot_of INFO No filters applied, returning all 200 trades
14:09:14 robot_of INFO API GET /status with query:  | filters: startDate=None, endDate=None, all=False
14:09:14 robot_of INFO No filters applied, returning all 200 trades
14:09:15 robot_of INFO Param updated: lots = 2
14:09:15 robot_of INFO Param updated: max_pyramid_levels = 5
14:09:15 robot_of INFO Param updated: max_average_levels = 1000
14:09:15 robot_of INFO Param updated: step_average = 25
14:09:15 robot_of INFO Param updated: step_pyramid = 33
14:09:15 robot_of INFO Param updated: spread = 44
14:09:15 robot_of INFO Param updated: stop_loss_mode = pts
14:09:15 robot_of INFO Param updated: stop_loss_value = 5000000
14:09:15 robot_of INFO Param updated: min_profit_per_lot = 60
14:09:15 robot_of INFO Param updated: max_hold_minutes = 9999999999
14:09:15 robot_of INFO Param updated: absorption_threshold = 0.35
14:09:15 robot_of INFO Param updated: cvd_lookback = 10
14:09:15 robot_of INFO Param updated: ob_imbalance_threshold = 0.3
14:09:15 robot_of INFO Param updated: signal_confirm_count = 1
14:09:15 robot_of INFO Param updated: signal_confirm_exit = 2
14:09:15 robot_of INFO Param updated: timeframe = M1
14:09:15 robot_of INFO Param updated: use_vwema = True
14:09:15 robot_of INFO Param updated: vwema_fast = 20
14:09:15 robot_of INFO Param updated: vwema_slow = 40
14:09:15 robot_of INFO Param updated: vwema_flat_th = 1
14:09:15 robot_of INFO Param updated: vwema_block_counter = True
14:09:15 strategy_of INFO VWEMA filter enabled: fast=20 slow=40 flat_th=1
14:09:16 robot_of INFO API GET /status with query:  | filters: startDate=None, endDate=None, all=False
14:09:16 robot_of INFO No filters applied, returning all 200 trades
14:09:18 robot_of INFO API GET /status with query:  | filters: startDate=None, endDate=None, all=False
14:09:18 robot_of INFO No filters applied, returning all 200 trades
14:09:19 robot_of INFO API GET /status with query:  | filters: startDate=None, endDate=None, all=False
14:09:19 robot_of INFO No filters applied, returning all 200 trades
14:09:21 robot_of INFO API GET /status with query:  | filters: startDate=None, endDate=None, all=False
14:09:21 robot_of INFO No filters applied, returning all 200 trades
14:09:23 robot_of INFO API GET /status with query:  | filters: startDate=None, endDate=None, all=False
14:09:23 robot_of INFO No filters applied, returning all 200 trades
14:09:25 robot_of INFO API GET /status with query:  | filters: startDate=None, endDate=None, all=False
14:09:25 robot_of INFO No filters applied, returning all 200 trades
14:09:27 robot_of INFO API GET /status with query:  | filters: startDate=None, endDate=None, all=False
14:09:27 robot_of INFO No filters applied, returning all 200 trades
14:09:29 robot_of INFO API GET /status with query:  | filters: startDate=None, endDate=None, all=False
14:09:29 robot_of INFO No filters applied, returning all 200 trades
14:09:31 robot_of INFO API GET /status with query:  | filters: startDate=None, endDate=None, all=False
14:09:31 robot_of INFO No filters applied, returning all 200 trades
14:09:33 robot_of INFO API GET /status with query:  | filters: startDate=None, endDate=None, all=False
14:09:33 robot_of INFO No filters applied, returning all 200 trades
14:09:34 robot_of INFO API GET /status with query:  | filters: startDate=None, endDate=None, all=False
14:09:34 robot_of INFO No filters applied, returning all 200 trades
14:09:35 robot_of INFO API GET /status with query:  | filters: startDate=None, endDate=None, all=False
14:09:35 robot_of INFO No filters applied, returning all 200 trades
14:09:37 robot_of INFO API GET /status with query:  | filters: startDate=None, endDate=None, all=False
14:09:37 robot_of INFO No filters applied, returning all 200 trades
14:09:39 robot_of INFO API GET /status with query:  | filters: startDate=None, endDate=None, all=False
14:09:39 robot_of INFO No filters applied, returning all 200 trades
14:09:41 robot_of INFO API GET /status with query:  | filters: startDate=None, endDate=None, all=False
14:09:41 robot_of INFO No filters applied, returning all 200 trades
14:09:43 robot_of INFO API GET /status with query:  | filters: startDate=None, endDate=None, all=False
14:09:43 robot_of INFO No filters applied, returning all 200 trades
14:09:45 robot_of INFO API GET /status with query:  | filters: startDate=None, endDate=None, all=False
14:09:45 robot_of INFO No filters applied, returning all 200 trades
14:09:47 robot_of INFO API GET /status with query:  | filters: startDate=None, endDate=None, all=False
14:09:47 robot_of INFO No filters applied, returning all 200 trades
14:09:49 robot_of INFO API GET /status with query:  | filters: startDate=None, endDate=None, all=False
14:09:49 robot_of INFO No filters applied, returning all 200 trades
14:09:51 robot_of INFO API GET /status with query:  | filters: startDate=None, endDate=None, all=False
14:09:51 robot_of INFO No filters applied, returning all 200 trades
14:09:53 robot_of INFO API GET /status with query:  | filters: startDate=None, endDate=None, all=False
14:09:53 robot_of INFO No filters applied, returning all 200 trades
14:09:55 robot_of INFO API GET /status with query:  | filters: startDate=None, endDate=None, all=False
14:09:55 robot_of INFO No filters applied, returning all 200 trades
14:09:57 robot_of INFO API GET /status with query:  | filters: startDate=None, endDate=None, all=False
14:09:57 robot_of INFO No filters applied, returning all 200 trades
14:09:59 robot_of INFO API GET /status with query:  | filters: startDate=None, endDate=None, all=False
14:09:59 robot_of INFO No filters applied, returning all 200 trades
14:10:01 robot_of INFO API GET /status with query:  | filters: startDate=None, endDate=None, all=False
14:10:01 robot_of INFO No filters applied, returning all 200 trades
14:10:03 robot_of INFO API GET /status with query:  | filters: startDate=None, endDate=None, all=False
14:10:03 robot_of INFO No filters applied, returning all 200 trades
14:10:04 robot_of INFO API GET /status with query:  | filters: startDate=None, endDate=None, all=False
14:10:04 robot_of INFO No filters applied, returning all 200 trades
14:10:05 robot_of INFO API GET /status with query:  | filters: startDate=None, endDate=None, all=False
14:10:05 robot_of INFO No filters applied, returning all 200 trades
14:10:07 robot_of INFO API GET /status with query:  | filters: startDate=None, endDate=None, all=False
14:10:07 robot_of INFO No filters applied, returning all 200 trades
14:10:09 robot_of INFO API GET /status with query:  | filters: startDate=None, endDate=None, all=False
14:10:09 robot_of INFO No filters applied, returning all 200 trades
14:10:11 robot_of INFO API GET /status with query:  | filters: startDate=None, endDate=None, all=False
14:10:11 robot_of INFO No filters applied, returning all 200 trades
14:10:13 robot_of INFO API GET /status with query:  | filters: startDate=None, endDate=None, all=False
14:10:13 robot_of INFO No filters applied, returning all 200 trades
14:10:15 robot_of INFO API GET /status with query:  | filters: startDate=None, endDate=None, all=False
14:10:15 robot_of INFO No filters applied, returning all 200 trades
14:10:17 robot_of INFO API GET /status with query:  | filters: startDate=None, endDate=None, all=False
14:10:17 robot_of INFO No filters applied, returning all 200 trades
14:10:19 robot_of INFO API GET /status with query:  | filters: startDate=None, endDate=None, all=False
14:10:19 robot_of INFO No filters applied, returning all 200 trades
14:10:21 robot_of INFO API GET /status with query:  | filters: startDate=None, endDate=None, all=False
14:10:21 robot_of INFO No filters applied, returning all 200 trades
14:10:23 robot_of INFO API GET /status with query:  | filters: startDate=None, endDate=None, all=False
14:10:23 robot_of INFO No filters applied, returning all 200 trades
14:10:25 robot_of INFO API GET /status with query:  | filters: startDate=None, endDate=None, all=False
14:10:25 robot_of INFO No filters applied, returning all 200 trades
14:10:27 robot_of INFO API GET /status with query:  | filters: startDate=None, endDate=None, all=False
14:10:27 robot_of INFO No filters applied, returning all 200 trades
14:10:29 robot_of INFO API GET /status with query:  | filters: startDate=None, endDate=None, all=False
14:10:29 robot_of INFO No filters applied, returning all 200 trades
14:10:31 robot_of INFO API GET /status with query:  | filters: startDate=None, endDate=None, all=False
14:10:31 robot_of INFO No filters applied, returning all 200 trades
14:10:33 robot_of INFO API GET /status with query:  | filters: startDate=None, endDate=None, all=False
14:10:33 robot_of INFO No filters applied, returning all 200 trades
14:10:34 robot_of INFO API GET /status with query:  | filters: startDate=None, endDate=None, all=False
14:10:34 robot_of INFO No filters applied, returning all 200 trades
14:10:35 robot_of INFO API GET /status with query:  | filters: startDate=None, endDate=None, all=False
14:10:35 robot_of INFO No filters applied, returning all 200 trades
14:10:37 robot_of INFO API GET /status with query:  | filters: startDate=None, endDate=None, all=False
14:10:37 robot_of INFO No filters applied, returning all 200 trades
14:10:39 robot_of INFO API GET /status with query:  | filters: startDate=None, endDate=None, all=False
14:10:39 robot_of INFO No filters applied, returning all 200 trades
14:10:41 robot_of INFO API GET /status with query:  | filters: startDate=None, endDate=None, all=False
14:10:41 robot_of INFO No filters applied, returning all 200 trades
14:10:43 robot_of INFO API GET /status with query:  | filters: startDate=None, endDate=None, all=False
14:10:43 robot_of INFO No filters applied, returning all 200 trades
14:10:45 robot_of INFO API GET /status with query:  | filters: startDate=None, endDate=None, all=False
14:10:45 robot_of INFO No filters applied, returning all 200 trades
14:10:47 robot_of INFO API GET /status with query:  | filters: startDate=None, endDate=None, all=False
14:10:47 robot_of INFO No filters applied, returning all 200 trades
14:10:49 robot_of INFO API GET /status with query:  | filters: startDate=None, endDate=None, all=False
14:10:49 robot_of INFO No filters applied, returning all 200 trades
14:10:51 robot_of INFO API GET /status with query:  | filters: startDate=None, endDate=None, all=False
14:10:51 robot_of INFO No filters applied, returning all 200 trades
14:10:53 robot_of INFO API GET /status with query:  | filters: startDate=None, endDate=None, all=False
14:10:53 robot_of INFO No filters applied, returning all 200 trades
14:10:55 robot_of INFO API GET /status with query:  | filters: startDate=None, endDate=None, all=False
14:10:55 robot_of INFO No filters applied, returning all 200 trades
14:10:57 robot_of INFO API GET /status with query:  | filters: startDate=None, endDate=None, all=False
14:10:57 robot_of INFO No filters applied, returning all 200 trades
14:10:59 robot_of INFO API GET /status with query:  | filters: startDate=None, endDate=None, all=False
14:10:59 robot_of INFO No filters applied, returning all 200 trades
14:11:01 robot_of INFO API GET /status with query:  | filters: startDate=None, endDate=None, all=False
14:11:01 robot_of INFO No filters applied, returning all 200 trades
14:11:03 robot_of INFO API GET /status with query:  | filters: startDate=None, endDate=None, all=False
14:11:03 robot_of INFO No filters applied, returning all 200 trades
14:11:04 robot_of INFO API GET /status with query:  | filters: startDate=None, endDate=None, all=False
14:11:04 robot_of INFO No filters applied, returning all 200 trades
14:11:05 robot_of INFO API GET /status with query:  | filters: startDate=None, endDate=None, all=False
14:11:05 robot_of INFO No filters applied, returning all 200 trades
14:11:07 robot_of INFO API GET /status with query:  | filters: startDate=None, endDate=None, all=False
14:11:07 robot_of INFO No filters applied, returning all 200 trades
14:11:09 robot_of INFO API GET /status with query:  | filters: startDate=None, endDate=None, all=False
14:11:09 robot_of INFO No filters applied, returning all 200 trades
14:11:11 robot_of INFO Signal 15 received — shutting down...
14:11:13 strategy_of INFO VWEMA filter enabled: fast=20 slow=40 flat_th=1
14:11:13 robot_of INFO === Order Flow Robot v2 ===
14:11:13 robot_of INFO Symbol: SiU6@RTSX | Account: 1225953 | Port: 5080
14:11:13 robot_of INFO Params: lots=2 stepAvg=25 stepPyr=33
14:11:13 robot_of INFO   maxAvg=1000 maxPyr=5 spread=44
14:11:13 robot_of INFO   partialTP=True SL=pts/5000000
14:11:13 robot_of INFO   timeframe=M1
14:11:13 strategy_of INFO Restored position: dir=-1 lots=6 avg=78903 lotEntries=3
14:11:13 robot_of INFO State loaded: dir=-1 lots=6 mode=stopped
14:11:13 FinamPy CRITICAL Ошибка доступа к системному хранилищу: No recommended backend was available. Install a recommended 3rd party backend package; or, install the keyrings.alt package if you want to use the non-recommended backends. See https://pypi.org/project/keyring for details.
14:11:13 FinamPy CRITICAL Ошибка сохранения в системное хранилище: No recommended backend was available. Install a recommended 3rd party backend package; or, install the keyrings.alt package if you want to use the non-recommended backends. See https://pypi.org/project/keyring for details.
14:11:13 robot_of INFO FinamPy connected. Accounts: ['1225950', '1225951', '1225952', '1225953']
14:11:13 robot_of INFO Subscribed to LatestTrades: SiU6@RTSX
14:11:13 robot_of INFO Subscribed to OrderBook: SiU6@RTSX
14:11:13 robot_of INFO Subscribed to Bars: SiU6@RTSX M1
14:11:13 robot_of INFO Subscribed to Quotes: SiU6@RTSX
14:11:14 robot_of INFO VWEMA warmup: 59 bars fed | ready=True | dir=0 | ema_f=78866.6 ema_s=78887.9 atr=42.1
14:11:14 robot_of INFO Warmup: waiting 10 sec for data streams...
14:11:24 robot_of INFO Warmup done. OB has data: True
14:11:24 robot_of INFO Main loop started
14:11:25 robot_of INFO API listening on :5080
14:11:25 robot_of INFO Endpoints: GET /status | GET /health | POST /start /stop /pause /params
14:11:27 robot_of INFO API GET /status with query:  | filters: startDate=None, endDate=None, all=False
14:11:27 robot_of INFO No filters applied, returning all 200 trades
14:11:29 robot_of INFO API GET /status with query:  | filters: startDate=None, endDate=None, all=False
14:11:29 robot_of INFO No filters applied, returning all 200 trades
14:11:31 robot_of INFO API GET /status with query:  | filters: startDate=None, endDate=None, all=False
14:11:31 robot_of INFO No filters applied, returning all 200 trades
14:11:33 robot_of INFO API GET /status with query:  | filters: startDate=None, endDate=None, all=False
14:11:33 robot_of INFO No filters applied, returning all 200 trades
14:11:34 robot_of INFO API GET /status with query:  | filters: startDate=None, endDate=None, all=False
14:11:34 robot_of INFO No filters applied, returning all 200 trades
14:11:35 robot_of INFO API GET /status with query:  | filters: startDate=None, endDate=None, all=False
14:11:35 robot_of INFO No filters applied, returning all 200 trades
14:11:37 robot_of INFO API GET /status with query:  | filters: startDate=None, endDate=None, all=False
14:11:37 robot_of INFO No filters applied, returning all 200 trades
14:11:39 robot_of INFO API GET /status with query:  | filters: startDate=None, endDate=None, all=False
14:11:39 robot_of INFO No filters applied, returning all 200 trades
14:11:41 robot_of INFO API GET /status with query:  | filters: startDate=None, endDate=None, all=False
14:11:41 robot_of INFO No filters applied, returning all 200 trades
14:11:43 robot_of INFO API GET /status with query:  | filters: startDate=None, endDate=None, all=False
14:11:43 robot_of INFO No filters applied, returning all 200 trades
14:11:45 robot_of INFO API GET /status with query:  | filters: startDate=None, endDate=None, all=False
14:11:45 robot_of INFO No filters applied, returning all 200 trades
14:11:47 robot_of INFO API GET /status with query:  | filters: startDate=None, endDate=None, all=False
14:11:47 robot_of INFO No filters applied, returning all 200 trades
14:11:49 robot_of INFO API GET /status with query:  | filters: startDate=None, endDate=None, all=False
14:11:49 robot_of INFO No filters applied, returning all 200 trades
14:11:51 robot_of INFO API GET /status with query:  | filters: startDate=None, endDate=None, all=False
14:11:51 robot_of INFO No filters applied, returning all 200 trades
14:11:53 robot_of INFO API GET /status with query:  | filters: startDate=None, endDate=None, all=False
14:11:53 robot_of INFO No filters applied, returning all 200 trades
14:11:55 robot_of INFO API GET /status with query:  | filters: startDate=None, endDate=None, all=False
14:11:55 robot_of INFO No filters applied, returning all 200 trades
14:11:57 robot_of INFO API GET /status with query:  | filters: startDate=None, endDate=None, all=False
14:11:57 robot_of INFO No filters applied, returning all 200 trades
14:11:59 robot_of INFO API GET /status with query:  | filters: startDate=None, endDate=None, all=False
14:11:59 robot_of INFO No filters applied, returning all 200 trades
14:12:01 robot_of INFO API GET /status with query:  | filters: startDate=None, endDate=None, all=False
14:12:01 robot_of INFO No filters applied, returning all 200 trades
14:12:03 robot_of INFO API GET /status with query:  | filters: startDate=None, endDate=None, all=False
14:12:03 robot_of INFO No filters applied, returning all 200 trades
14:12:04 robot_of INFO API GET /status with query:  | filters: startDate=None, endDate=None, all=False
14:12:04 robot_of INFO No filters applied, returning all 200 trades
14:12:05 robot_of INFO API GET /status with query:  | filters: startDate=None, endDate=None, all=False
14:12:05 robot_of INFO No filters applied, returning all 200 trades
14:12:07 robot_of INFO API GET /status with query:  | filters: startDate=None, endDate=None, all=False
14:12:07 robot_of INFO No filters applied, returning all 200 trades
14:12:09 robot_of INFO API GET /status with query:  | filters: startDate=None, endDate=None, all=False
14:12:09 robot_of INFO No filters applied, returning all 200 trades
14:12:11 robot_of INFO API GET /status with query:  | filters: startDate=None, endDate=None, all=False
14:12:11 robot_of INFO No filters applied, returning all 200 trades
14:12:13 robot_of INFO API GET /status with query:  | filters: startDate=None, endDate=None, all=False
14:12:13 robot_of INFO No filters applied, returning all 200 trades
14:12:15 robot_of INFO API GET /status with query:  | filters: startDate=None, endDate=None, all=False
14:12:15 robot_of INFO No filters applied, returning all 200 trades
14:12:17 robot_of INFO API GET /status with query:  | filters: startDate=None, endDate=None, all=False
14:12:17 robot_of INFO No filters applied, returning all 200 trades
14:12:19 robot_of INFO API GET /status with query:  | filters: startDate=None, endDate=None, all=False
14:12:19 robot_of INFO No filters applied, returning all 200 trades
14:12:21 robot_of INFO API GET /status with query:  | filters: startDate=None, endDate=None, all=False
14:12:21 robot_of INFO No filters applied, returning all 200 trades
14:12:23 robot_of INFO API GET /status with query:  | filters: startDate=None, endDate=None, all=False
14:12:23 robot_of INFO No filters applied, returning all 200 trades
14:12:25 robot_of INFO API GET /status with query:  | filters: startDate=None, endDate=None, all=False
14:12:25 robot_of INFO No filters applied, returning all 200 trades
14:12:27 robot_of INFO API GET /status with query:  | filters: startDate=None, endDate=None, all=False
14:12:27 robot_of INFO No filters applied, returning all 200 trades
14:12:29 robot_of INFO API GET /status with query:  | filters: startDate=None, endDate=None, all=False
14:12:29 robot_of INFO No filters applied, returning all 200 trades
14:12:31 robot_of INFO API GET /status with query:  | filters: startDate=None, endDate=None, all=False
14:12:31 robot_of INFO No filters applied, returning all 200 trades
14:12:33 robot_of INFO API GET /status with query:  | filters: startDate=None, endDate=None, all=False
14:12:33 robot_of INFO No filters applied, returning all 200 trades
14:12:34 robot_of INFO API GET /status with query:  | filters: startDate=None, endDate=None, all=False
14:12:34 robot_of INFO No filters applied, returning all 200 trades
14:12:35 robot_of INFO API GET /status with query:  | filters: startDate=None, endDate=None, all=False
14:12:35 robot_of INFO No filters applied, returning all 200 trades
14:12:37 robot_of INFO API GET /status with query:  | filters: startDate=None, endDate=None, all=False
14:12:37 robot_of INFO No filters applied, returning all 200 trades
14:12:39 robot_of INFO API GET /status with query:  | filters: startDate=None, endDate=None, all=False
14:12:39 robot_of INFO No filters applied, returning all 200 trades
14:12:41 robot_of INFO API GET /status with query:  | filters: startDate=None, endDate=None, all=False
14:12:41 robot_of INFO No filters applied, returning all 200 trades
14:12:43 robot_of INFO API GET /status with query:  | filters: startDate=None, endDate=None, all=False
14:12:43 robot_of INFO No filters applied, returning all 200 trades
14:12:45 robot_of INFO API GET /status with query:  | filters: startDate=None, endDate=None, all=False
14:12:45 robot_of INFO No filters applied, returning all 200 trades
14:12:47 robot_of INFO API GET /status with query:  | filters: startDate=None, endDate=None, all=False
14:12:47 robot_of INFO No filters applied, returning all 200 trades
14:12:49 robot_of INFO API GET /status with query:  | filters: startDate=None, endDate=None, all=False
14:12:49 robot_of INFO No filters applied, returning all 200 trades
14:12:51 robot_of INFO API GET /status with query:  | filters: startDate=None, endDate=None, all=False
14:12:51 robot_of INFO No filters applied, returning all 200 trades
14:12:53 robot_of INFO API GET /status with query:  | filters: startDate=None, endDate=None, all=False
14:12:53 robot_of INFO No filters applied, returning all 200 trades
14:12:55 robot_of INFO API GET /status with query:  | filters: startDate=None, endDate=None, all=False
14:12:55 robot_of INFO No filters applied, returning all 200 trades
14:12:57 robot_of INFO API GET /status with query:  | filters: startDate=None, endDate=None, all=False
14:12:57 robot_of INFO No filters applied, returning all 200 trades
14:12:59 robot_of INFO API GET /status with query:  | filters: startDate=None, endDate=None, all=False
14:12:59 robot_of INFO No filters applied, returning all 200 trades
14:13:01 robot_of INFO API GET /status with query:  | filters: startDate=None, endDate=None, all=False
14:13:01 robot_of INFO No filters applied, returning all 200 trades
14:13:03 robot_of INFO API GET /status with query:  | filters: startDate=None, endDate=None, all=False
14:13:03 robot_of INFO No filters applied, returning all 200 trades
14:13:04 robot_of INFO API GET /status with query:  | filters: startDate=None, endDate=None, all=False
14:13:04 robot_of INFO No filters applied, returning all 200 trades
14:13:05 robot_of INFO API GET /status with query:  | filters: startDate=None, endDate=None, all=False
14:13:05 robot_of INFO No filters applied, returning all 200 trades
14:13:07 robot_of INFO API GET /status with query:  | filters: startDate=None, endDate=None, all=False
14:13:07 robot_of INFO No filters applied, returning all 200 trades
14:13:09 robot_of INFO API GET /status with query:  | filters: startDate=None, endDate=None, all=False
14:13:09 robot_of INFO No filters applied, returning all 200 trades
14:13:11 robot_of INFO API GET /status with query:  | filters: startDate=None, endDate=None, all=False
14:13:11 robot_of INFO No filters applied, returning all 200 trades
14:13:13 robot_of INFO API GET /status with query:  | filters: startDate=None, endDate=None, all=False
14:13:13 robot_of INFO No filters applied, returning all 200 trades
14:13:15 robot_of INFO API GET /status with query:  | filters: startDate=None, endDate=None, all=False
14:13:15 robot_of INFO No filters applied, returning all 200 trades
14:13:17 robot_of INFO API GET /status with query:  | filters: startDate=None, endDate=None, all=False
14:13:17 robot_of INFO No filters applied, returning all 200 trades
14:13:19 robot_of INFO API GET /status with query:  | filters: startDate=None, endDate=None, all=False
14:13:19 robot_of INFO No filters applied, returning all 200 trades
14:13:21 robot_of INFO API GET /status with query:  | filters: startDate=None, endDate=None, all=False
14:13:21 robot_of INFO No filters applied, returning all 200 trades
14:13:23 robot_of INFO API GET /status with query:  | filters: startDate=None, endDate=None, all=False
14:13:23 robot_of INFO No filters applied, returning all 200 trades
14:13:25 robot_of INFO API GET /status with query:  | filters: startDate=None, endDate=None, all=False
14:13:25 robot_of INFO No filters applied, returning all 200 trades
14:13:27 robot_of INFO API GET /status with query:  | filters: startDate=None, endDate=None, all=False
14:13:27 robot_of INFO No filters applied, returning all 200 trades
14:13:29 robot_of INFO API GET /status with query:  | filters: startDate=None, endDate=None, all=False
14:13:29 robot_of INFO No filters applied, returning all 200 trades
14:13:31 robot_of INFO API GET /status with query:  | filters: startDate=None, endDate=None, all=False
14:13:31 robot_of INFO No filters applied, returning all 200 trades
14:13:33 robot_of INFO API GET /status with query:  | filters: startDate=None, endDate=None, all=False
14:13:33 robot_of INFO No filters applied, returning all 200 trades
14:13:34 robot_of INFO API GET /status with query:  | filters: startDate=None, endDate=None, all=False
14:13:34 robot_of INFO No filters applied, returning all 200 trades
14:13:35 robot_of INFO API GET /status with query:  | filters: startDate=None, endDate=None, all=False
14:13:35 robot_of INFO No filters applied, returning all 200 trades
14:13:37 robot_of INFO API GET /status with query:  | filters: startDate=None, endDate=None, all=False
14:13:37 robot_of INFO No filters applied, returning all 200 trades
14:13:39 robot_of INFO API GET /status with query:  | filters: startDate=None, endDate=None, all=False
14:13:39 robot_of INFO No filters applied, returning all 200 trades
14:13:41 robot_of INFO API GET /status with query:  | filters: startDate=None, endDate=None, all=False
14:13:41 robot_of INFO No filters applied, returning all 200 trades
14:13:43 robot_of INFO API GET /status with query:  | filters: startDate=None, endDate=None, all=False
14:13:43 robot_of INFO No filters applied, returning all 200 trades
14:13:45 robot_of INFO API GET /status with query:  | filters: startDate=None, endDate=None, all=False
14:13:45 robot_of INFO No filters applied, returning all 200 trades
14:13:47 robot_of INFO API GET /status with query:  | filters: startDate=None, endDate=None, all=False
14:13:47 robot_of INFO No filters applied, returning all 200 trades
14:13:49 robot_of INFO API GET /status with query:  | filters: startDate=None, endDate=None, all=False
14:13:49 robot_of INFO No filters applied, returning all 200 trades
14:13:51 robot_of INFO API GET /status with query:  | filters: startDate=None, endDate=None, all=False
14:13:51 robot_of INFO No filters applied, returning all 200 trades
14:13:53 robot_of INFO API GET /status with query:  | filters: startDate=None, endDate=None, all=False
14:13:53 robot_of INFO No filters applied, returning all 200 trades
14:13:55 robot_of INFO API GET /status with query:  | filters: startDate=None, endDate=None, all=False
14:13:55 robot_of INFO No filters applied, returning all 200 trades
14:13:57 robot_of INFO API GET /status with query:  | filters: startDate=None, endDate=None, all=False
14:13:57 robot_of INFO No filters applied, returning all 200 trades
14:13:59 robot_of INFO API GET /status with query:  | filters: startDate=None, endDate=None, all=False
14:13:59 robot_of INFO No filters applied, returning all 200 trades
14:14:01 robot_of INFO API GET /status with query:  | filters: startDate=None, endDate=None, all=False
14:14:01 robot_of INFO No filters applied, returning all 200 trades
14:14:03 robot_of INFO API GET /status with query:  | filters: startDate=None, endDate=None, all=False
14:14:03 robot_of INFO No filters applied, returning all 200 trades
14:14:04 robot_of INFO API GET /status with query:  | filters: startDate=None, endDate=None, all=False
14:14:04 robot_of INFO No filters applied, returning all 200 trades
14:14:05 robot_of INFO API GET /status with query:  | filters: startDate=None, endDate=None, all=False
14:14:05 robot_of INFO No filters applied, returning all 200 trades
14:14:07 robot_of INFO API GET /status with query:  | filters: startDate=None, endDate=None, all=False
14:14:07 robot_of INFO No filters applied, returning all 200 trades
14:14:09 robot_of INFO API GET /status with query:  | filters: startDate=None, endDate=None, all=False
14:14:09 robot_of INFO No filters applied, returning all 200 trades
14:14:11 robot_of INFO API GET /status with query:  | filters: startDate=None, endDate=None, all=False
14:14:11 robot_of INFO No filters applied, returning all 200 trades
14:14:13 robot_of INFO API GET /status with query:  | filters: startDate=None, endDate=None, all=False
14:14:13 robot_of INFO No filters applied, returning all 200 trades
14:14:15 robot_of INFO API GET /status with query:  | filters: startDate=None, endDate=None, all=False
14:14:15 robot_of INFO No filters applied, returning all 200 trades
14:14:17 robot_of INFO API GET /status with query:  | filters: startDate=None, endDate=None, all=False
14:14:17 robot_of INFO No filters applied, returning all 200 trades
14:14:19 robot_of INFO API GET /status with query:  | filters: startDate=None, endDate=None, all=False
14:14:19 robot_of INFO No filters applied, returning all 200 trades
14:14:21 robot_of INFO API GET /status with query:  | filters: startDate=None, endDate=None, all=False
14:14:21 robot_of INFO No filters applied, returning all 200 trades
14:14:23 robot_of INFO API GET /status with query:  | filters: startDate=None, endDate=None, all=False
14:14:23 robot_of INFO No filters applied, returning all 200 trades
14:14:25 robot_of INFO API GET /status with query:  | filters: startDate=None, endDate=None, all=False
14:14:25 robot_of INFO No filters applied, returning all 200 trades
14:14:27 robot_of INFO API GET /status with query:  | filters: startDate=None, endDate=None, all=False
14:14:27 robot_of INFO No filters applied, returning all 200 trades
14:14:29 robot_of INFO API GET /status with query:  | filters: startDate=None, endDate=None, all=False
14:14:29 robot_of INFO No filters applied, returning all 200 trades
14:14:31 robot_of INFO API GET /status with query:  | filters: startDate=None, endDate=None, all=False
14:14:31 robot_of INFO No filters applied, returning all 200 trades
14:14:33 robot_of INFO API GET /status with query:  | filters: startDate=None, endDate=None, all=False
14:14:33 robot_of INFO No filters applied, returning all 200 trades
14:14:34 robot_of INFO API GET /status with query:  | filters: startDate=None, endDate=None, all=False
14:14:34 robot_of INFO No filters applied, returning all 200 trades
14:14:35 robot_of INFO API GET /status with query:  | filters: startDate=None, endDate=None, all=False
14:14:35 robot_of INFO No filters applied, returning all 200 trades
14:14:37 robot_of INFO API GET /status with query:  | filters: startDate=None, endDate=None, all=False
14:14:37 robot_of INFO No filters applied, returning all 200 trades
14:14:39 robot_of INFO API GET /status with query:  | filters: startDate=None, endDate=None, all=False
14:14:39 robot_of INFO No filters applied, returning all 200 trades
14:14:41 robot_of INFO API GET /status with query:  | filters: startDate=None, endDate=None, all=False
14:14:41 robot_of INFO No filters applied, returning all 200 trades
14:14:43 robot_of INFO API GET /status with query:  | filters: startDate=None, endDate=None, all=False
14:14:43 robot_of INFO No filters applied, returning all 200 trades
14:14:45 robot_of INFO API GET /status with query:  | filters: startDate=None, endDate=None, all=False
14:14:45 robot_of INFO No filters applied, returning all 200 trades
14:14:47 robot_of INFO API GET /status with query:  | filters: startDate=None, endDate=None, all=False
14:14:47 robot_of INFO No filters applied, returning all 200 trades
14:14:49 robot_of INFO API GET /status with query:  | filters: startDate=None, endDate=None, all=False
14:14:49 robot_of INFO No filters applied, returning all 200 trades
14:14:51 robot_of INFO API GET /status with query:  | filters: startDate=None, endDate=None, all=False
14:14:51 robot_of INFO No filters applied, returning all 200 trades
14:14:53 robot_of INFO API GET /status with query:  | filters: startDate=None, endDate=None, all=False
14:14:53 robot_of INFO No filters applied, returning all 200 trades
14:14:55 robot_of INFO API GET /status with query:  | filters: startDate=None, endDate=None, all=False
14:14:55 robot_of INFO No filters applied, returning all 200 trades
14:14:57 robot_of INFO API GET /status with query:  | filters: startDate=None, endDate=None, all=False
14:14:57 robot_of INFO No filters applied, returning all 200 trades
14:14:59 robot_of INFO API GET /status with query:  | filters: startDate=None, endDate=None, all=False
14:14:59 robot_of INFO No filters applied, returning all 200 trades
14:15:01 robot_of INFO API GET /status with query:  | filters: startDate=None, endDate=None, all=False
14:15:01 robot_of INFO No filters applied, returning all 200 trades
14:15:03 robot_of INFO API GET /status with query:  | filters: startDate=None, endDate=None, all=False
14:15:03 robot_of INFO No filters applied, returning all 200 trades
14:15:04 robot_of INFO API GET /status with query:  | filters: startDate=None, endDate=None, all=False
14:15:04 robot_of INFO No filters applied, returning all 200 trades
14:15:05 robot_of INFO API GET /status with query:  | filters: startDate=None, endDate=None, all=False
14:15:05 robot_of INFO No filters applied, returning all 200 trades
14:15:07 robot_of INFO API GET /status with query:  | filters: startDate=None, endDate=None, all=False
14:15:07 robot_of INFO No filters applied, returning all 200 trades
14:15:09 robot_of INFO API GET /status with query:  | filters: startDate=None, endDate=None, all=False
14:15:09 robot_of INFO No filters applied, returning all 200 trades
14:15:11 robot_of INFO API GET /status with query:  | filters: startDate=None, endDate=None, all=False
14:15:11 robot_of INFO No filters applied, returning all 200 trades
14:15:13 robot_of INFO API GET /status with query:  | filters: startDate=None, endDate=None, all=False
14:15:13 robot_of INFO No filters applied, returning all 200 trades
14:15:15 robot_of INFO API GET /status with query:  | filters: startDate=None, endDate=None, all=False
14:15:15 robot_of INFO No filters applied, returning all 200 trades
14:15:17 robot_of INFO API GET /status with query:  | filters: startDate=None, endDate=None, all=False
14:15:17 robot_of INFO No filters applied, returning all 200 trades
14:15:19 robot_of INFO API GET /status with query:  | filters: startDate=None, endDate=None, all=False
14:15:19 robot_of INFO No filters applied, returning all 200 trades
14:15:21 robot_of INFO API GET /status with query:  | filters: startDate=None, endDate=None, all=False
14:15:21 robot_of INFO No filters applied, returning all 200 trades
14:15:23 robot_of INFO API GET /status with query:  | filters: startDate=None, endDate=None, all=False
14:15:23 robot_of INFO No filters applied, returning all 200 trades
14:15:25 robot_of INFO API GET /status with query:  | filters: startDate=None, endDate=None, all=False
14:15:25 robot_of INFO No filters applied, returning all 200 trades
14:15:27 robot_of INFO API GET /status with query:  | filters: startDate=None, endDate=None, all=False
14:15:27 robot_of INFO No filters applied, returning all 200 trades
14:15:29 robot_of INFO API GET /status with query:  | filters: startDate=None, endDate=None, all=False
14:15:29 robot_of INFO No filters applied, returning all 200 trades
14:15:31 robot_of INFO API GET /status with query:  | filters: startDate=None, endDate=None, all=False
14:15:31 robot_of INFO No filters applied, returning all 200 trades
14:15:33 robot_of INFO API GET /status with query:  | filters: startDate=None, endDate=None, all=False
14:15:33 robot_of INFO No filters applied, returning all 200 trades
14:15:34 robot_of INFO API GET /status with query:  | filters: startDate=None, endDate=None, all=False
14:15:34 robot_of INFO No filters applied, returning all 200 trades
14:15:35 robot_of INFO API GET /status with query:  | filters: startDate=None, endDate=None, all=False
14:15:35 robot_of INFO No filters applied, returning all 200 trades
14:15:37 robot_of INFO API GET /status with query:  | filters: startDate=None, endDate=None, all=False
14:15:37 robot_of INFO No filters applied, returning all 200 trades
14:15:39 robot_of INFO API GET /status with query:  | filters: startDate=None, endDate=None, all=False
14:15:39 robot_of INFO No filters applied, returning all 200 trades
14:15:41 robot_of INFO API GET /status with query:  | filters: startDate=None, endDate=None, all=False
14:15:41 robot_of INFO No filters applied, returning all 200 trades
14:15:43 robot_of INFO API GET /status with query:  | filters: startDate=None, endDate=None, all=False
14:15:43 robot_of INFO No filters applied, returning all 200 trades
14:15:45 robot_of INFO API GET /status with query:  | filters: startDate=None, endDate=None, all=False
14:15:45 robot_of INFO No filters applied, returning all 200 trades
14:15:47 robot_of INFO API GET /status with query:  | filters: startDate=None, endDate=None, all=False
14:15:47 robot_of INFO No filters applied, returning all 200 trades
14:15:49 robot_of INFO API GET /status with query:  | filters: startDate=None, endDate=None, all=False
14:15:49 robot_of INFO No filters applied, returning all 200 trades
14:15:51 robot_of INFO API GET /status with query:  | filters: startDate=None, endDate=None, all=False
14:15:51 robot_of INFO No filters applied, returning all 200 trades
14:15:53 robot_of INFO API GET /status with query:  | filters: startDate=None, endDate=None, all=False
14:15:53 robot_of INFO No filters applied, returning all 200 trades
14:15:55 robot_of INFO API GET /status with query:  | filters: startDate=None, endDate=None, all=False
14:15:55 robot_of INFO No filters applied, returning all 200 trades
14:15:57 robot_of INFO API GET /status with query:  | filters: startDate=None, endDate=None, all=False
14:15:57 robot_of INFO No filters applied, returning all 200 trades
14:15:59 robot_of INFO API GET /status with query:  | filters: startDate=None, endDate=None, all=False
14:15:59 robot_of INFO No filters applied, returning all 200 trades
14:16:01 robot_of INFO API GET /status with query:  | filters: startDate=None, endDate=None, all=False
14:16:01 robot_of INFO No filters applied, returning all 200 trades
14:16:03 robot_of INFO API GET /status with query:  | filters: startDate=None, endDate=None, all=False
14:16:03 robot_of INFO No filters applied, returning all 200 trades
14:16:04 robot_of INFO API GET /status with query:  | filters: startDate=None, endDate=None, all=False
14:16:04 robot_of INFO No filters applied, returning all 200 trades
14:16:05 robot_of INFO API GET /status with query:  | filters: startDate=None, endDate=None, all=False
14:16:05 robot_of INFO No filters applied, returning all 200 trades
14:16:07 robot_of INFO API GET /status with query:  | filters: startDate=None, endDate=None, all=False
14:16:07 robot_of INFO No filters applied, returning all 200 trades
14:16:09 robot_of INFO API GET /status with query:  | filters: startDate=None, endDate=None, all=False
14:16:09 robot_of INFO No filters applied, returning all 200 trades
14:16:11 robot_of INFO API GET /status with query:  | filters: startDate=None, endDate=None, all=False
14:16:11 robot_of INFO No filters applied, returning all 200 trades
14:16:13 robot_of INFO API GET /status with query:  | filters: startDate=None, endDate=None, all=False
14:16:13 robot_of INFO No filters applied, returning all 200 trades
14:16:15 robot_of INFO API GET /status with query:  | filters: startDate=None, endDate=None, all=False
14:16:15 robot_of INFO No filters applied, returning all 200 trades
14:16:17 robot_of INFO API GET /status with query:  | filters: startDate=None, endDate=None, all=False
14:16:17 robot_of INFO No filters applied, returning all 200 trades
14:16:19 robot_of INFO API GET /status with query:  | filters: startDate=None, endDate=None, all=False
14:16:19 robot_of INFO No filters applied, returning all 200 trades
14:16:21 robot_of INFO API GET /status with query:  | filters: startDate=None, endDate=None, all=False
14:16:21 robot_of INFO No filters applied, returning all 200 trades
14:16:23 robot_of INFO API GET /status with query:  | filters: startDate=None, endDate=None, all=False
14:16:23 robot_of INFO No filters applied, returning all 200 trades
14:16:25 robot_of INFO API GET /status with query:  | filters: startDate=None, endDate=None, all=False
14:16:25 robot_of INFO No filters applied, returning all 200 trades
14:16:27 robot_of INFO API GET /status with query:  | filters: startDate=None, endDate=None, all=False
14:16:27 robot_of INFO No filters applied, returning all 200 trades
14:16:29 robot_of INFO API GET /status with query:  | filters: startDate=None, endDate=None, all=False
14:16:29 robot_of INFO No filters applied, returning all 200 trades
14:16:31 robot_of INFO API GET /status with query:  | filters: startDate=None, endDate=None, all=False
14:16:31 robot_of INFO No filters applied, returning all 200 trades
14:16:33 robot_of INFO API GET /status with query:  | filters: startDate=None, endDate=None, all=False
14:16:33 robot_of INFO No filters applied, returning all 200 trades
14:16:34 robot_of INFO API GET /status with query:  | filters: startDate=None, endDate=None, all=False
14:16:34 robot_of INFO No filters applied, returning all 200 trades
14:16:35 robot_of INFO API GET /status with query:  | filters: startDate=None, endDate=None, all=False
14:16:35 robot_of INFO No filters applied, returning all 200 trades
14:16:37 robot_of INFO API GET /status with query:  | filters: startDate=None, endDate=None, all=False
14:16:37 robot_of INFO No filters applied, returning all 200 trades
14:16:39 robot_of INFO API GET /status with query:  | filters: startDate=None, endDate=None, all=False
14:16:39 robot_of INFO No filters applied, returning all 200 trades
14:16:41 robot_of INFO API GET /status with query:  | filters: startDate=None, endDate=None, all=False
14:16:41 robot_of INFO No filters applied, returning all 200 trades
14:16:43 robot_of INFO API GET /status with query:  | filters: startDate=None, endDate=None, all=False
14:16:43 robot_of INFO No filters applied, returning all 200 trades
14:16:45 robot_of INFO API GET /status with query:  | filters: startDate=None, endDate=None, all=False
14:16:45 robot_of INFO No filters applied, returning all 200 trades
14:16:47 robot_of INFO API GET /status with query:  | filters: startDate=None, endDate=None, all=False
14:16:47 robot_of INFO No filters applied, returning all 200 trades
14:16:49 robot_of INFO API GET /status with query:  | filters: startDate=None, endDate=None, all=False
14:16:49 robot_of INFO No filters applied, returning all 200 trades
14:16:51 robot_of INFO API GET /status with query:  | filters: startDate=None, endDate=None, all=False
14:16:51 robot_of INFO No filters applied, returning all 200 trades
14:16:53 robot_of INFO API GET /status with query:  | filters: startDate=None, endDate=None, all=False
14:16:53 robot_of INFO No filters applied, returning all 200 trades
14:16:55 robot_of INFO API GET /status with query:  | filters: startDate=None, endDate=None, all=False
14:16:55 robot_of INFO No filters applied, returning all 200 trades
14:16:57 robot_of INFO API GET /status with query:  | filters: startDate=None, endDate=None, all=False
14:16:57 robot_of INFO No filters applied, returning all 200 trades
14:16:59 robot_of INFO API GET /status with query:  | filters: startDate=None, endDate=None, all=False
14:16:59 robot_of INFO No filters applied, returning all 200 trades
14:17:01 robot_of INFO API GET /status with query:  | filters: startDate=None, endDate=None, all=False
14:17:01 robot_of INFO No filters applied, returning all 200 trades
14:17:03 robot_of INFO API GET /status with query:  | filters: startDate=None, endDate=None, all=False
14:17:03 robot_of INFO No filters applied, returning all 200 trades
14:17:04 robot_of INFO API GET /status with query:  | filters: startDate=None, endDate=None, all=False
14:17:04 robot_of INFO No filters applied, returning all 200 trades
14:17:05 robot_of INFO API GET /status with query:  | filters: startDate=None, endDate=None, all=False
14:17:05 robot_of INFO No filters applied, returning all 200 trades
14:17:07 robot_of INFO API GET /status with query:  | filters: startDate=None, endDate=None, all=False
14:17:07 robot_of INFO No filters applied, returning all 200 trades
14:17:09 robot_of INFO API GET /status with query:  | filters: startDate=None, endDate=None, all=False
14:17:09 robot_of INFO No filters applied, returning all 200 trades
14:17:11 robot_of INFO API GET /status with query:  | filters: startDate=None, endDate=None, all=False
14:17:11 robot_of INFO No filters applied, returning all 200 trades
14:17:13 robot_of INFO API GET /status with query:  | filters: startDate=None, endDate=None, all=False
14:17:13 robot_of INFO No filters applied, returning all 200 trades
14:17:15 robot_of INFO API GET /status with query:  | filters: startDate=None, endDate=None, all=False
14:17:15 robot_of INFO No filters applied, returning all 200 trades
14:17:17 robot_of INFO API GET /status with query:  | filters: startDate=None, endDate=None, all=False
14:17:17 robot_of INFO No filters applied, returning all 200 trades
14:17:19 robot_of INFO API GET /status with query:  | filters: startDate=None, endDate=None, all=False
14:17:19 robot_of INFO No filters applied, returning all 200 trades
14:17:21 robot_of INFO API GET /status with query:  | filters: startDate=None, endDate=None, all=False
14:17:21 robot_of INFO No filters applied, returning all 200 trades
14:17:23 robot_of INFO API GET /status with query:  | filters: startDate=None, endDate=None, all=False
14:17:23 robot_of INFO No filters applied, returning all 200 trades
14:17:25 robot_of INFO API GET /status with query:  | filters: startDate=None, endDate=None, all=False
14:17:25 robot_of INFO No filters applied, returning all 200 trades
14:17:27 robot_of INFO API GET /status with query:  | filters: startDate=None, endDate=None, all=False
14:17:27 robot_of INFO No filters applied, returning all 200 trades
14:17:29 robot_of INFO API GET /status with query:  | filters: startDate=None, endDate=None, all=False
14:17:29 robot_of INFO No filters applied, returning all 200 trades
14:17:31 robot_of INFO API GET /status with query:  | filters: startDate=None, endDate=None, all=False
14:17:31 robot_of INFO No filters applied, returning all 200 trades
14:17:33 robot_of INFO API GET /status with query:  | filters: startDate=None, endDate=None, all=False
14:17:33 robot_of INFO No filters applied, returning all 200 trades
14:17:34 robot_of INFO API GET /status with query:  | filters: startDate=None, endDate=None, all=False
14:17:34 robot_of INFO No filters applied, returning all 200 trades
14:17:35 robot_of INFO API GET /status with query:  | filters: startDate=None, endDate=None, all=False
14:17:35 robot_of INFO No filters applied, returning all 200 trades
14:17:37 robot_of INFO API GET /status with query:  | filters: startDate=None, endDate=None, all=False
14:17:37 robot_of INFO No filters applied, returning all 200 trades
14:17:39 robot_of INFO API GET /status with query:  | filters: startDate=None, endDate=None, all=False
14:17:39 robot_of INFO No filters applied, returning all 200 trades
14:17:41 robot_of INFO API GET /status with query:  | filters: startDate=None, endDate=None, all=False
14:17:41 robot_of INFO No filters applied, returning all 200 trades
14:17:43 robot_of INFO API GET /status with query:  | filters: startDate=None, endDate=None, all=False
14:17:43 robot_of INFO No filters applied, returning all 200 trades
14:17:45 robot_of INFO API GET /status with query:  | filters: startDate=None, endDate=None, all=False
14:17:45 robot_of INFO No filters applied, returning all 200 trades
14:17:47 robot_of INFO API GET /status with query:  | filters: startDate=None, endDate=None, all=False
14:17:47 robot_of INFO No filters applied, returning all 200 trades
14:17:49 robot_of INFO API GET /status with query:  | filters: startDate=None, endDate=None, all=False
14:17:49 robot_of INFO No filters applied, returning all 200 trades
14:17:51 robot_of INFO API GET /status with query:  | filters: startDate=None, endDate=None, all=False
14:17:51 robot_of INFO No filters applied, returning all 200 trades
14:17:53 robot_of INFO API GET /status with query:  | filters: startDate=None, endDate=None, all=False
14:17:53 robot_of INFO No filters applied, returning all 200 trades
14:17:55 robot_of INFO API GET /status with query:  | filters: startDate=None, endDate=None, all=False
14:17:55 robot_of INFO No filters applied, returning all 200 trades
14:17:57 robot_of INFO API GET /status with query:  | filters: startDate=None, endDate=None, all=False
14:17:57 robot_of INFO No filters applied, returning all 200 trades
14:17:59 robot_of INFO API GET /status with query:  | filters: startDate=None, endDate=None, all=False
14:17:59 robot_of INFO No filters applied, returning all 200 trades
14:18:01 robot_of INFO API GET /status with query:  | filters: startDate=None, endDate=None, all=False
14:18:01 robot_of INFO No filters applied, returning all 200 trades
14:18:03 robot_of INFO API GET /status with query:  | filters: startDate=None, endDate=None, all=False
14:18:03 robot_of INFO No filters applied, returning all 200 trades
14:18:04 robot_of INFO API GET /status with query:  | filters: startDate=None, endDate=None, all=False
14:18:04 robot_of INFO No filters applied, returning all 200 trades
14:18:05 robot_of INFO API GET /status with query:  | filters: startDate=None, endDate=None, all=False
14:18:05 robot_of INFO No filters applied, returning all 200 trades
14:18:07 robot_of INFO API GET /status with query:  | filters: startDate=None, endDate=None, all=False
14:18:07 robot_of INFO No filters applied, returning all 200 trades
14:18:09 robot_of INFO API GET /status with query:  | filters: startDate=None, endDate=None, all=False
14:18:09 robot_of INFO No filters applied, returning all 200 trades
14:18:11 robot_of INFO API GET /status with query:  | filters: startDate=None, endDate=None, all=False
14:18:11 robot_of INFO No filters applied, returning all 200 trades
14:18:13 robot_of INFO API GET /status with query:  | filters: startDate=None, endDate=None, all=False
14:18:13 robot_of INFO No filters applied, returning all 200 trades
14:18:15 robot_of INFO API GET /status with query:  | filters: startDate=None, endDate=None, all=False
14:18:15 robot_of INFO No filters applied, returning all 200 trades
14:18:17 robot_of INFO API GET /status with query:  | filters: startDate=None, endDate=None, all=False
14:18:17 robot_of INFO No filters applied, returning all 200 trades
14:18:19 robot_of INFO API GET /status with query:  | filters: startDate=None, endDate=None, all=False
14:18:19 robot_of INFO No filters applied, returning all 200 trades
14:18:21 robot_of INFO API GET /status with query:  | filters: startDate=None, endDate=None, all=False
14:18:21 robot_of INFO No filters applied, returning all 200 trades
14:18:23 robot_of INFO API GET /status with query:  | filters: startDate=None, endDate=None, all=False
14:18:23 robot_of INFO No filters applied, returning all 200 trades
14:18:25 robot_of INFO API GET /status with query:  | filters: startDate=None, endDate=None, all=False
14:18:25 robot_of INFO No filters applied, returning all 200 trades
14:18:27 robot_of INFO API GET /status with query:  | filters: startDate=None, endDate=None, all=False
14:18:27 robot_of INFO No filters applied, returning all 200 trades
14:18:29 robot_of INFO API GET /status with query:  | filters: startDate=None, endDate=None, all=False
14:18:29 robot_of INFO No filters applied, returning all 200 trades
14:18:31 robot_of INFO API GET /status with query:  | filters: startDate=None, endDate=None, all=False
14:18:31 robot_of INFO No filters applied, returning all 200 trades
14:18:33 robot_of INFO API GET /status with query:  | filters: startDate=None, endDate=None, all=False
14:18:33 robot_of INFO No filters applied, returning all 200 trades
14:18:34 robot_of INFO API GET /status with query:  | filters: startDate=None, endDate=None, all=False
14:18:34 robot_of INFO No filters applied, returning all 200 trades
14:18:35 robot_of INFO API GET /status with query:  | filters: startDate=None, endDate=None, all=False
14:18:35 robot_of INFO No filters applied, returning all 200 trades
14:18:37 robot_of INFO API GET /status with query:  | filters: startDate=None, endDate=None, all=False
14:18:37 robot_of INFO No filters applied, returning all 200 trades
14:18:39 robot_of INFO API GET /status with query:  | filters: startDate=None, endDate=None, all=False
14:18:39 robot_of INFO No filters applied, returning all 200 trades
14:18:41 robot_of INFO API GET /status with query:  | filters: startDate=None, endDate=None, all=False
14:18:41 robot_of INFO No filters applied, returning all 200 trades
14:18:43 robot_of INFO API GET /status with query:  | filters: startDate=None, endDate=None, all=False
14:18:43 robot_of INFO No filters applied, returning all 200 trades
14:18:45 robot_of INFO API GET /status with query:  | filters: startDate=None, endDate=None, all=False
14:18:45 robot_of INFO No filters applied, returning all 200 trades
14:18:47 robot_of INFO API GET /status with query:  | filters: startDate=None, endDate=None, all=False
14:18:47 robot_of INFO No filters applied, returning all 200 trades
14:18:49 robot_of INFO API GET /status with query:  | filters: startDate=None, endDate=None, all=False
14:18:49 robot_of INFO No filters applied, returning all 200 trades
14:18:51 robot_of INFO API GET /status with query:  | filters: startDate=None, endDate=None, all=False
14:18:51 robot_of INFO No filters applied, returning all 200 trades
14:18:53 robot_of INFO API GET /status with query:  | filters: startDate=None, endDate=None, all=False
14:18:53 robot_of INFO No filters applied, returning all 200 trades
14:18:55 robot_of INFO API GET /status with query:  | filters: startDate=None, endDate=None, all=False
14:18:55 robot_of INFO No filters applied, returning all 200 trades
14:18:57 robot_of INFO API GET /status with query:  | filters: startDate=None, endDate=None, all=False
14:18:57 robot_of INFO No filters applied, returning all 200 trades
14:18:59 robot_of INFO API GET /status with query:  | filters: startDate=None, endDate=None, all=False
14:18:59 robot_of INFO No filters applied, returning all 200 trades
14:19:01 robot_of INFO API GET /status with query:  | filters: startDate=None, endDate=None, all=False
14:19:01 robot_of INFO No filters applied, returning all 200 trades
14:19:03 robot_of INFO API GET /status with query:  | filters: startDate=None, endDate=None, all=False
14:19:03 robot_of INFO No filters applied, returning all 200 trades
14:19:04 robot_of INFO API GET /status with query:  | filters: startDate=None, endDate=None, all=False
14:19:04 robot_of INFO No filters applied, returning all 200 trades
14:19:05 robot_of INFO API GET /status with query:  | filters: startDate=None, endDate=None, all=False
14:19:05 robot_of INFO No filters applied, returning all 200 trades
14:19:07 robot_of INFO API GET /status with query:  | filters: startDate=None, endDate=None, all=False
14:19:07 robot_of INFO No filters applied, returning all 200 trades
14:19:09 robot_of INFO API GET /status with query:  | filters: startDate=None, endDate=None, all=False
14:19:09 robot_of INFO No filters applied, returning all 200 trades
14:19:11 robot_of INFO API GET /status with query:  | filters: startDate=None, endDate=None, all=False
14:19:11 robot_of INFO No filters applied, returning all 200 trades
14:19:13 robot_of INFO API GET /status with query:  | filters: startDate=None, endDate=None, all=False
14:19:13 robot_of INFO No filters applied, returning all 200 trades
14:19:15 robot_of INFO API GET /status with query:  | filters: startDate=None, endDate=None, all=False
14:19:15 robot_of INFO No filters applied, returning all 200 trades
14:19:17 robot_of INFO API GET /status with query:  | filters: startDate=None, endDate=None, all=False
14:19:17 robot_of INFO No filters applied, returning all 200 trades
14:19:19 robot_of INFO API GET /status with query:  | filters: startDate=None, endDate=None, all=False
14:19:19 robot_of INFO No filters applied, returning all 200 trades
14:19:21 robot_of INFO API GET /status with query:  | filters: startDate=None, endDate=None, all=False
14:19:21 robot_of INFO No filters applied, returning all 200 trades
14:19:23 robot_of INFO API GET /status with query:  | filters: startDate=None, endDate=None, all=False
14:19:23 robot_of INFO No filters applied, returning all 200 trades
14:19:25 robot_of INFO API GET /status with query:  | filters: startDate=None, endDate=None, all=False
14:19:25 robot_of INFO No filters applied, returning all 200 trades
14:19:27 robot_of INFO API GET /status with query:  | filters: startDate=None, endDate=None, all=False
14:19:27 robot_of INFO No filters applied, returning all 200 trades
14:19:29 robot_of INFO API GET /status with query:  | filters: startDate=None, endDate=None, all=False
14:19:29 robot_of INFO No filters applied, returning all 200 trades
14:19:31 robot_of INFO API GET /status with query:  | filters: startDate=None, endDate=None, all=False
14:19:31 robot_of INFO No filters applied, returning all 200 trades
14:19:33 robot_of INFO API GET /status with query:  | filters: startDate=None, endDate=None, all=False
14:19:33 robot_of INFO No filters applied, returning all 200 trades
14:19:34 robot_of INFO API GET /status with query:  | filters: startDate=None, endDate=None, all=False
14:19:34 robot_of INFO No filters applied, returning all 200 trades
14:19:35 robot_of INFO API GET /status with query:  | filters: startDate=None, endDate=None, all=False
14:19:35 robot_of INFO No filters applied, returning all 200 trades
14:19:37 robot_of INFO API GET /status with query:  | filters: startDate=None, endDate=None, all=False
14:19:37 robot_of INFO No filters applied, returning all 200 trades
14:19:39 robot_of INFO API GET /status with query:  | filters: startDate=None, endDate=None, all=False
14:19:39 robot_of INFO No filters applied, returning all 200 trades
14:19:41 robot_of INFO API GET /status with query:  | filters: startDate=None, endDate=None, all=False
14:19:41 robot_of INFO No filters applied, returning all 200 trades
14:19:43 robot_of INFO API GET /status with query:  | filters: startDate=None, endDate=None, all=False
14:19:43 robot_of INFO No filters applied, returning all 200 trades
14:19:45 robot_of INFO API GET /status with query:  | filters: startDate=None, endDate=None, all=False
14:19:45 robot_of INFO No filters applied, returning all 200 trades
14:19:47 robot_of INFO API GET /status with query:  | filters: startDate=None, endDate=None, all=False
14:19:47 robot_of INFO No filters applied, returning all 200 trades
14:19:49 robot_of INFO API GET /status with query:  | filters: startDate=None, endDate=None, all=False
14:19:49 robot_of INFO No filters applied, returning all 200 trades
14:19:51 robot_of INFO API GET /status with query:  | filters: startDate=None, endDate=None, all=False
14:19:51 robot_of INFO No filters applied, returning all 200 trades
14:19:53 robot_of INFO API GET /status with query:  | filters: startDate=None, endDate=None, all=False
14:19:53 robot_of INFO No filters applied, returning all 200 trades
14:19:55 robot_of INFO API GET /status with query:  | filters: startDate=None, endDate=None, all=False
14:19:55 robot_of INFO No filters applied, returning all 200 trades
14:19:57 robot_of INFO API GET /status with query:  | filters: startDate=None, endDate=None, all=False
14:19:57 robot_of INFO No filters applied, returning all 200 trades
14:19:59 robot_of INFO API GET /status with query:  | filters: startDate=None, endDate=None, all=False
14:19:59 robot_of INFO No filters applied, returning all 200 trades
14:20:01 robot_of INFO API GET /status with query:  | filters: startDate=None, endDate=None, all=False
14:20:01 robot_of INFO No filters applied, returning all 200 trades
14:20:03 robot_of INFO API GET /status with query:  | filters: startDate=None, endDate=None, all=False
14:20:03 robot_of INFO No filters applied, returning all 200 trades
14:20:04 robot_of INFO API GET /status with query:  | filters: startDate=None, endDate=None, all=False
14:20:04 robot_of INFO No filters applied, returning all 200 trades
14:20:05 robot_of INFO API GET /status with query:  | filters: startDate=None, endDate=None, all=False
14:20:05 robot_of INFO No filters applied, returning all 200 trades
14:20:07 robot_of INFO API GET /status with query:  | filters: startDate=None, endDate=None, all=False
14:20:07 robot_of INFO No filters applied, returning all 200 trades
14:20:09 robot_of INFO API GET /status with query:  | filters: startDate=None, endDate=None, all=False
14:20:09 robot_of INFO No filters applied, returning all 200 trades
14:20:11 robot_of INFO API GET /status with query:  | filters: startDate=None, endDate=None, all=False
14:20:11 robot_of INFO No filters applied, returning all 200 trades
14:20:13 robot_of INFO API GET /status with query:  | filters: startDate=None, endDate=None, all=False
14:20:13 robot_of INFO No filters applied, returning all 200 trades
14:20:15 robot_of INFO API GET /status with query:  | filters: startDate=None, endDate=None, all=False
14:20:15 robot_of INFO No filters applied, returning all 200 trades
14:20:17 robot_of INFO API GET /status with query:  | filters: startDate=None, endDate=None, all=False
14:20:17 robot_of INFO No filters applied, returning all 200 trades
14:20:19 robot_of INFO API GET /status with query:  | filters: startDate=None, endDate=None, all=False
14:20:19 robot_of INFO No filters applied, returning all 200 trades
14:20:21 robot_of INFO API GET /status with query:  | filters: startDate=None, endDate=None, all=False
14:20:21 robot_of INFO No filters applied, returning all 200 trades
14:20:23 robot_of INFO API GET /status with query:  | filters: startDate=None, endDate=None, all=False
14:20:23 robot_of INFO No filters applied, returning all 200 trades
14:20:25 robot_of INFO API GET /status with query:  | filters: startDate=None, endDate=None, all=False
14:20:25 robot_of INFO No filters applied, returning all 200 trades
14:20:27 robot_of INFO API GET /status with query:  | filters: startDate=None, endDate=None, all=False
14:20:27 robot_of INFO No filters applied, returning all 200 trades
14:20:29 robot_of INFO API GET /status with query:  | filters: startDate=None, endDate=None, all=False
14:20:29 robot_of INFO No filters applied, returning all 200 trades
14:20:31 robot_of INFO API GET /status with query:  | filters: startDate=None, endDate=None, all=False
14:20:31 robot_of INFO No filters applied, returning all 200 trades
14:20:33 robot_of INFO API GET /status with query:  | filters: startDate=None, endDate=None, all=False
14:20:33 robot_of INFO No filters applied, returning all 200 trades
14:20:34 robot_of INFO API GET /status with query:  | filters: startDate=None, endDate=None, all=False
14:20:34 robot_of INFO No filters applied, returning all 200 trades
14:20:35 robot_of INFO API GET /status with query:  | filters: startDate=None, endDate=None, all=False
14:20:35 robot_of INFO No filters applied, returning all 200 trades
14:20:37 robot_of INFO API GET /status with query:  | filters: startDate=None, endDate=None, all=False
14:20:37 robot_of INFO No filters applied, returning all 200 trades
14:20:39 robot_of INFO API GET /status with query:  | filters: startDate=None, endDate=None, all=False
14:20:39 robot_of INFO No filters applied, returning all 200 trades
14:20:41 robot_of INFO API GET /status with query:  | filters: startDate=None, endDate=None, all=False
14:20:41 robot_of INFO No filters applied, returning all 200 trades
14:20:43 robot_of INFO API GET /status with query:  | filters: startDate=None, endDate=None, all=False
14:20:43 robot_of INFO No filters applied, returning all 200 trades
14:20:43 robot_of INFO API GET /status with query:  | filters: startDate=None, endDate=None, all=False
14:20:43 robot_of INFO No filters applied, returning all 200 trades
14:20:45 robot_of INFO API GET /status with query:  | filters: startDate=None, endDate=None, all=False
14:20:45 robot_of INFO No filters applied, returning all 200 trades
14:20:47 robot_of INFO API GET /status with query:  | filters: startDate=None, endDate=None, all=False
14:20:47 robot_of INFO No filters applied, returning all 200 trades
14:20:49 orderflow INFO CVD reset (daily 07:00 MSK)
14:20:49 strategy_of INFO AVERAGE sell 2 @ 79142 | lvl 1/1000 | avg=78962 lots=8
14:20:49 robot_of INFO 📄 PAPER average: sell 2 @ 79142
14:20:49 robot_of INFO API GET /status with query:  | filters: startDate=None, endDate=None, all=False
14:20:49 robot_of INFO No filters applied, returning all 200 trades
14:20:49 robot_of INFO API GET /status with query:  | filters: startDate=None, endDate=None, all=False
14:20:49 robot_of INFO No filters applied, returning all 200 trades
14:20:51 robot_of INFO API GET /status with query:  | filters: startDate=None, endDate=None, all=False
14:20:51 robot_of INFO No filters applied, returning all 200 trades
14:20:51 robot_of INFO API GET /status with query:  | filters: startDate=None, endDate=None, all=False
14:20:51 robot_of INFO No filters applied, returning all 200 trades
14:20:53 robot_of INFO API GET /status with query:  | filters: startDate=None, endDate=None, all=False
14:20:53 robot_of INFO No filters applied, returning all 200 trades
14:20:55 robot_of INFO API GET /status with query:  | filters: startDate=None, endDate=None, all=False
14:20:55 robot_of INFO No filters applied, returning all 200 trades
14:20:57 robot_of INFO API GET /status with query:  | filters: startDate=None, endDate=None, all=False
14:20:57 robot_of INFO No filters applied, returning all 200 trades
14:20:59 robot_of INFO API GET /status with query:  | filters: startDate=None, endDate=None, all=False
14:20:59 robot_of INFO No filters applied, returning all 200 trades
14:21:01 robot_of INFO API GET /status with query:  | filters: startDate=None, endDate=None, all=False
14:21:01 robot_of INFO No filters applied, returning all 200 trades
14:21:03 robot_of INFO API GET /status with query:  | filters: startDate=None, endDate=None, all=False
14:21:03 robot_of INFO No filters applied, returning all 200 trades
14:21:04 robot_of INFO API GET /status with query:  | filters: startDate=None, endDate=None, all=False
14:21:04 robot_of INFO No filters applied, returning all 200 trades
14:21:05 robot_of INFO API GET /status with query:  | filters: startDate=None, endDate=None, all=False
14:21:05 robot_of INFO No filters applied, returning all 200 trades
14:21:07 robot_of INFO API GET /status with query:  | filters: startDate=None, endDate=None, all=False
14:21:07 robot_of INFO No filters applied, returning all 200 trades
14:21:09 robot_of INFO API GET /status with query:  | filters: startDate=None, endDate=None, all=False
14:21:09 robot_of INFO No filters applied, returning all 200 trades
14:21:11 robot_of INFO API GET /status with query:  | filters: startDate=None, endDate=None, all=False
14:21:11 robot_of INFO No filters applied, returning all 200 trades
14:21:13 robot_of INFO API GET /status with query:  | filters: startDate=None, endDate=None, all=False
14:21:13 robot_of INFO No filters applied, returning all 200 trades
14:21:15 robot_of INFO API GET /status with query:  | filters: startDate=None, endDate=None, all=False
14:21:15 robot_of INFO No filters applied, returning all 200 trades
14:21:17 robot_of INFO API GET /status with query:  | filters: startDate=None, endDate=None, all=False
14:21:17 robot_of INFO No filters applied, returning all 200 trades
14:21:19 robot_of INFO API GET /status with query:  | filters: startDate=None, endDate=None, all=False
14:21:19 robot_of INFO No filters applied, returning all 200 trades
14:21:21 robot_of INFO API GET /status with query:  | filters: startDate=None, endDate=None, all=False
14:21:21 robot_of INFO No filters applied, returning all 200 trades
14:21:23 strategy_of INFO AVERAGE sell 2 @ 79170 | lvl 2/1000 | avg=79004 lots=10
14:21:23 robot_of INFO 📄 PAPER average: sell 2 @ 79170
14:21:23 robot_of INFO API GET /status with query:  | filters: startDate=None, endDate=None, all=False
14:21:23 robot_of INFO No filters applied, returning all 200 trades
14:21:25 robot_of INFO API GET /status with query:  | filters: startDate=None, endDate=None, all=False
14:21:25 robot_of INFO No filters applied, returning all 200 trades
14:21:27 robot_of INFO API GET /status with query:  | filters: startDate=None, endDate=None, all=False
14:21:27 robot_of INFO No filters applied, returning all 200 trades
14:21:29 robot_of INFO API GET /status with query:  | filters: startDate=None, endDate=None, all=False
14:21:29 robot_of INFO No filters applied, returning all 200 trades
14:21:31 robot_of INFO API GET /status with query:  | filters: startDate=None, endDate=None, all=False
14:21:31 robot_of INFO No filters applied, returning all 200 trades
14:21:33 robot_of INFO API GET /status with query:  | filters: startDate=None, endDate=None, all=False
14:21:33 robot_of INFO No filters applied, returning all 200 trades
14:21:34 robot_of INFO API GET /status with query:  | filters: startDate=None, endDate=None, all=False
14:21:34 robot_of INFO No filters applied, returning all 200 trades
14:21:35 strategy_of INFO AVERAGE sell 2 @ 79202 | lvl 3/1000 | avg=79037 lots=12
14:21:35 robot_of INFO 📄 PAPER average: sell 2 @ 79202
14:21:35 robot_of INFO API GET /status with query:  | filters: startDate=None, endDate=None, all=False
14:21:35 robot_of INFO No filters applied, returning all 200 trades
14:21:37 robot_of INFO API GET /status with query:  | filters: startDate=None, endDate=None, all=False
14:21:37 robot_of INFO No filters applied, returning all 200 trades
14:21:39 robot_of INFO API GET /status with query:  | filters: startDate=None, endDate=None, all=False
14:21:39 robot_of INFO No filters applied, returning all 200 trades
14:21:41 robot_of INFO API GET /status with query:  | filters: startDate=None, endDate=None, all=False
14:21:41 robot_of INFO No filters applied, returning all 200 trades
14:21:43 robot_of INFO API GET /status with query:  | filters: startDate=None, endDate=None, all=False
14:21:43 robot_of INFO No filters applied, returning all 200 trades
14:21:45 robot_of INFO API GET /status with query:  | filters: startDate=None, endDate=None, all=False
14:21:45 robot_of INFO No filters applied, returning all 200 trades
14:21:47 strategy_of INFO PARTIAL_TP buy 2 @ 79156 | pnl=+89₽ | remaining=10
14:21:47 robot_of INFO 📄 PAPER partial_tp: buy 2 realized=89₽
14:21:47 robot_of INFO API GET /status with query:  | filters: startDate=None, endDate=None, all=False
14:21:47 robot_of INFO No filters applied, returning all 200 trades
14:21:49 robot_of INFO API GET /status with query:  | filters: startDate=None, endDate=None, all=False
14:21:49 robot_of INFO No filters applied, returning all 200 trades
14:21:51 robot_of INFO API GET /status with query:  | filters: startDate=None, endDate=None, all=False
14:21:51 robot_of INFO No filters applied, returning all 200 trades
14:21:53 robot_of INFO API GET /status with query:  | filters: startDate=None, endDate=None, all=False
14:21:53 robot_of INFO No filters applied, returning all 200 trades
14:21:55 robot_of INFO API GET /status with query:  | filters: startDate=None, endDate=None, all=False
14:21:55 robot_of INFO No filters applied, returning all 200 trades
14:21:57 robot_of INFO API GET /status with query:  | filters: startDate=None, endDate=None, all=False
14:21:57 robot_of INFO No filters applied, returning all 200 trades
14:21:59 robot_of INFO API GET /status with query:  | filters: startDate=None, endDate=None, all=False
14:21:59 robot_of INFO No filters applied, returning all 200 trades
14:22:01 robot_of INFO API GET /status with query:  | filters: startDate=None, endDate=None, all=False
14:22:01 robot_of INFO No filters applied, returning all 200 trades
14:22:03 robot_of INFO API GET /status with query:  | filters: startDate=None, endDate=None, all=False
14:22:03 robot_of INFO No filters applied, returning all 200 trades
14:22:04 robot_of INFO API GET /status with query:  | filters: startDate=None, endDate=None, all=False
14:22:04 robot_of INFO No filters applied, returning all 200 trades
14:22:05 robot_of INFO API GET /status with query:  | filters: startDate=None, endDate=None, all=False
14:22:05 robot_of INFO No filters applied, returning all 200 trades
14:22:07 robot_of INFO API GET /status with query:  | filters: startDate=None, endDate=None, all=False
14:22:07 robot_of INFO No filters applied, returning all 200 trades
14:22:09 robot_of INFO API GET /status with query:  | filters: startDate=None, endDate=None, all=False
14:22:09 robot_of INFO No filters applied, returning all 200 trades
14:22:11 robot_of INFO API GET /status with query:  | filters: startDate=None, endDate=None, all=False
14:22:11 robot_of INFO No filters applied, returning all 200 trades
14:22:13 robot_of INFO API GET /status with query:  | filters: startDate=None, endDate=None, all=False
14:22:13 robot_of INFO No filters applied, returning all 200 trades
14:22:15 robot_of INFO API GET /status with query:  | filters: startDate=None, endDate=None, all=False
14:22:15 robot_of INFO No filters applied, returning all 200 trades
14:22:17 robot_of INFO API GET /status with query:  | filters: startDate=None, endDate=None, all=False
14:22:17 robot_of INFO No filters applied, returning all 200 trades
14:22:17 robot_of INFO API GET /status with query:  | filters: startDate=None, endDate=None, all=False
14:22:17 robot_of INFO No filters applied, returning all 200 trades
14:22:19 robot_of INFO API GET /status with query:  | filters: startDate=None, endDate=None, all=False
14:22:19 robot_of INFO No filters applied, returning all 200 trades
14:22:21 robot_of INFO API GET /status with query:  | filters: startDate=None, endDate=None, all=False
14:22:21 robot_of INFO No filters applied, returning all 200 trades
14:22:23 robot_of INFO API GET /status with query:  | filters: startDate=None, endDate=None, all=False
14:22:23 robot_of INFO No filters applied, returning all 200 trades
14:22:25 robot_of INFO API GET /status with query:  | filters: startDate=None, endDate=None, all=False
14:22:25 robot_of INFO No filters applied, returning all 200 trades
14:22:27 robot_of INFO API GET /status with query:  | filters: startDate=None, endDate=None, all=False
14:22:27 robot_of INFO No filters applied, returning all 200 trades
14:22:29 robot_of INFO API GET /status with query:  | filters: startDate=None, endDate=None, all=False
14:22:29 robot_of INFO No filters applied, returning all 200 trades
14:22:31 robot_of INFO API GET /status with query:  | filters: startDate=None, endDate=None, all=False
14:22:31 robot_of INFO No filters applied, returning all 200 trades
14:22:33 robot_of INFO API GET /status with query:  | filters: startDate=None, endDate=None, all=False
14:22:33 robot_of INFO No filters applied, returning all 200 trades
14:22:34 robot_of INFO API GET /status with query:  | filters: startDate=None, endDate=None, all=False
14:22:34 robot_of INFO No filters applied, returning all 200 trades
14:22:35 robot_of INFO API GET /status with query:  | filters: startDate=None, endDate=None, all=False
14:22:35 robot_of INFO No filters applied, returning all 200 trades
14:22:37 robot_of INFO API GET /status with query:  | filters: startDate=None, endDate=None, all=False
14:22:37 robot_of INFO No filters applied, returning all 200 trades
14:22:39 robot_of INFO API GET /status with query:  | filters: startDate=None, endDate=None, all=False
14:22:39 robot_of INFO No filters applied, returning all 200 trades
14:22:41 robot_of INFO API GET /status with query:  | filters: startDate=None, endDate=None, all=False
14:22:41 robot_of INFO No filters applied, returning all 200 trades
14:22:43 robot_of INFO API GET /status with query:  | filters: startDate=None, endDate=None, all=False
14:22:43 robot_of INFO No filters applied, returning all 200 trades
14:22:45 robot_of INFO API GET /status with query:  | filters: startDate=None, endDate=None, all=False
14:22:45 robot_of INFO No filters applied, returning all 200 trades
14:22:47 robot_of INFO API GET /status with query:  | filters: startDate=None, endDate=None, all=False
14:22:47 robot_of INFO No filters applied, returning all 200 trades
14:22:49 robot_of INFO API GET /status with query:  | filters: startDate=None, endDate=None, all=False
14:22:49 robot_of INFO No filters applied, returning all 200 trades
14:22:51 robot_of INFO API GET /status with query:  | filters: startDate=None, endDate=None, all=False
14:22:51 robot_of INFO No filters applied, returning all 200 trades
14:22:53 robot_of INFO API GET /status with query:  | filters: startDate=None, endDate=None, all=False
14:22:53 robot_of INFO No filters applied, returning all 200 trades
14:22:55 robot_of INFO API GET /status with query:  | filters: startDate=None, endDate=None, all=False
14:22:55 robot_of INFO No filters applied, returning all 200 trades
14:22:57 robot_of INFO API GET /status with query:  | filters: startDate=None, endDate=None, all=False
14:22:57 robot_of INFO No filters applied, returning all 200 trades
14:22:57 strategy_of INFO AVERAGE sell 2 @ 79196 | lvl 4/1000 | avg=79036 lots=12
14:22:57 robot_of INFO 📄 PAPER average: sell 2 @ 79196
14:22:59 robot_of INFO API GET /status with query:  | filters: startDate=None, endDate=None, all=False
14:22:59 robot_of INFO No filters applied, returning all 200 trades
14:23:01 robot_of INFO API GET /status with query:  | filters: startDate=None, endDate=None, all=False
14:23:01 robot_of INFO No filters applied, returning all 200 trades
14:23:03 robot_of INFO API GET /status with query:  | filters: startDate=None, endDate=None, all=False
14:23:03 robot_of INFO No filters applied, returning all 200 trades
14:23:04 robot_of INFO API GET /status with query:  | filters: startDate=None, endDate=None, all=False
14:23:04 robot_of INFO No filters applied, returning all 200 trades
14:23:05 robot_of INFO API GET /status with query:  | filters: startDate=None, endDate=None, all=False
14:23:05 robot_of INFO No filters applied, returning all 200 trades
14:23:07 robot_of INFO API GET /status with query:  | filters: startDate=None, endDate=None, all=False
14:23:07 robot_of INFO No filters applied, returning all 200 trades
14:23:09 robot_of INFO API GET /status with query:  | filters: startDate=None, endDate=None, all=False
14:23:09 robot_of INFO No filters applied, returning all 200 trades
14:23:11 robot_of INFO API GET /status with query:  | filters: startDate=None, endDate=None, all=False
14:23:11 robot_of INFO No filters applied, returning all 200 trades
14:23:13 robot_of INFO API GET /status with query:  | filters: startDate=None, endDate=None, all=False
14:23:13 robot_of INFO No filters applied, returning all 200 trades
14:23:15 robot_of INFO API GET /status with query:  | filters: startDate=None, endDate=None, all=False
14:23:15 robot_of INFO No filters applied, returning all 200 trades
14:23:17 robot_of INFO API GET /status with query:  | filters: startDate=None, endDate=None, all=False
14:23:17 robot_of INFO No filters applied, returning all 200 trades
14:23:19 robot_of INFO API GET /status with query:  | filters: startDate=None, endDate=None, all=False
14:23:19 robot_of INFO No filters applied, returning all 200 trades
14:23:21 robot_of INFO API GET /status with query:  | filters: startDate=None, endDate=None, all=False
14:23:21 robot_of INFO No filters applied, returning all 200 trades
14:23:23 robot_of INFO API GET /status with query:  | filters: startDate=None, endDate=None, all=False
14:23:23 robot_of INFO No filters applied, returning all 200 trades
14:23:25 robot_of INFO API GET /status with query:  | filters: startDate=None, endDate=None, all=False
14:23:25 robot_of INFO No filters applied, returning all 200 trades
14:23:27 robot_of INFO API GET /status with query:  | filters: startDate=None, endDate=None, all=False
14:23:27 robot_of INFO No filters applied, returning all 200 trades
14:23:29 robot_of INFO API GET /status with query:  | filters: startDate=None, endDate=None, all=False
14:23:29 robot_of INFO No filters applied, returning all 200 trades
14:23:31 robot_of INFO API GET /status with query:  | filters: startDate=None, endDate=None, all=False
14:23:31 robot_of INFO No filters applied, returning all 200 trades
14:23:33 robot_of INFO API GET /status with query:  | filters: startDate=None, endDate=None, all=False
14:23:33 robot_of INFO No filters applied, returning all 200 trades
14:23:34 robot_of INFO API GET /status with query:  | filters: startDate=None, endDate=None, all=False
14:23:34 robot_of INFO No filters applied, returning all 200 trades
14:23:35 robot_of INFO API GET /status with query:  | filters: startDate=None, endDate=None, all=False
14:23:35 robot_of INFO No filters applied, returning all 200 trades
14:23:37 robot_of INFO API GET /status with query:  | filters: startDate=None, endDate=None, all=False
14:23:37 robot_of INFO No filters applied, returning all 200 trades
14:23:39 robot_of INFO API GET /status with query:  | filters: startDate=None, endDate=None, all=False
14:23:39 robot_of INFO No filters applied, returning all 200 trades
14:23:41 robot_of INFO API GET /status with query:  | filters: startDate=None, endDate=None, all=False
14:23:41 robot_of INFO No filters applied, returning all 200 trades
14:23:43 robot_of INFO API GET /status with query:  | filters: startDate=None, endDate=None, all=False
14:23:43 robot_of INFO No filters applied, returning all 200 trades
14:23:45 robot_of INFO API GET /status with query:  | filters: startDate=None, endDate=None, all=False
14:23:45 robot_of INFO No filters applied, returning all 200 trades
14:23:47 robot_of INFO API GET /status with query:  | filters: startDate=None, endDate=None, all=False
14:23:47 robot_of INFO No filters applied, returning all 200 trades
14:23:49 robot_of INFO API GET /status with query:  | filters: startDate=None, endDate=None, all=False
14:23:49 robot_of INFO No filters applied, returning all 200 trades
14:23:51 robot_of INFO API GET /status with query:  | filters: startDate=None, endDate=None, all=False
14:23:51 robot_of INFO No filters applied, returning all 200 trades
14:23:53 robot_of INFO API GET /status with query:  | filters: startDate=None, endDate=None, all=False
14:23:53 robot_of INFO No filters applied, returning all 200 trades
14:23:55 robot_of INFO API GET /status with query:  | filters: startDate=None, endDate=None, all=False
14:23:55 robot_of INFO No filters applied, returning all 200 trades
14:23:57 robot_of INFO API GET /status with query:  | filters: startDate=None, endDate=None, all=False
14:23:57 robot_of INFO No filters applied, returning all 200 trades
14:23:59 robot_of INFO API GET /status with query:  | filters: startDate=None, endDate=None, all=False
14:23:59 robot_of INFO No filters applied, returning all 200 trades
14:24:01 robot_of INFO API GET /status with query:  | filters: startDate=None, endDate=None, all=False
14:24:01 robot_of INFO No filters applied, returning all 200 trades
14:24:03 robot_of INFO API GET /status with query:  | filters: startDate=None, endDate=None, all=False
14:24:03 robot_of INFO No filters applied, returning all 200 trades
14:24:04 robot_of INFO API GET /status with query:  | filters: startDate=None, endDate=None, all=False
14:24:04 robot_of INFO No filters applied, returning all 200 trades
14:24:05 robot_of INFO API GET /status with query:  | filters: startDate=None, endDate=None, all=False
14:24:05 robot_of INFO No filters applied, returning all 200 trades
14:24:05 strategy_of INFO PARTIAL_TP buy 2 @ 79152 | pnl=+84₽ | remaining=10
14:24:05 robot_of INFO 📄 PAPER partial_tp: buy 2 realized=84₽
14:24:07 robot_of INFO API GET /status with query:  | filters: startDate=None, endDate=None, all=False
14:24:07 robot_of INFO No filters applied, returning all 200 trades
14:24:09 robot_of INFO API GET /status with query:  | filters: startDate=None, endDate=None, all=False
14:24:09 robot_of INFO No filters applied, returning all 200 trades
14:24:11 robot_of INFO API GET /status with query:  | filters: startDate=None, endDate=None, all=False
14:24:11 robot_of INFO No filters applied, returning all 200 trades
14:24:13 robot_of INFO API GET /status with query:  | filters: startDate=None, endDate=None, all=False
14:24:13 robot_of INFO No filters applied, returning all 200 trades
14:24:15 robot_of INFO API GET /status with query:  | filters: startDate=None, endDate=None, all=False
14:24:15 robot_of INFO No filters applied, returning all 200 trades
14:24:17 robot_of INFO API GET /status with query:  | filters: startDate=None, endDate=None, all=False
14:24:17 robot_of INFO No filters applied, returning all 200 trades
14:24:19 robot_of INFO API GET /status with query:  | filters: startDate=None, endDate=None, all=False
14:24:19 robot_of INFO No filters applied, returning all 200 trades
14:24:21 robot_of INFO API GET /status with query:  | filters: startDate=None, endDate=None, all=False
14:24:21 robot_of INFO No filters applied, returning all 200 trades
14:24:23 robot_of INFO API GET /status with query:  | filters: startDate=None, endDate=None, all=False
14:24:23 robot_of INFO No filters applied, returning all 200 trades
14:24:25 robot_of INFO API GET /status with query:  | filters: startDate=None, endDate=None, all=False
14:24:25 robot_of INFO No filters applied, returning all 200 trades
14:24:27 robot_of INFO API GET /status with query:  | filters: startDate=None, endDate=None, all=False
14:24:27 robot_of INFO No filters applied, returning all 200 trades
14:24:29 robot_of INFO API GET /status with query:  | filters: startDate=None, endDate=None, all=False
14:24:29 robot_of INFO No filters applied, returning all 200 trades
14:24:31 robot_of INFO API GET /status with query:  | filters: startDate=None, endDate=None, all=False
14:24:31 robot_of INFO No filters applied, returning all 200 trades
14:24:33 robot_of INFO API GET /status with query:  | filters: startDate=None, endDate=None, all=False
14:24:33 robot_of INFO No filters applied, returning all 200 trades
14:24:34 robot_of INFO API GET /status with query:  | filters: startDate=None, endDate=None, all=False
14:24:34 robot_of INFO No filters applied, returning all 200 trades
14:24:35 robot_of INFO API GET /status with query:  | filters: startDate=None, endDate=None, all=False
14:24:35 robot_of INFO No filters applied, returning all 200 trades
14:24:37 robot_of INFO API GET /status with query:  | filters: startDate=None, endDate=None, all=False
14:24:37 robot_of INFO No filters applied, returning all 200 trades
14:24:39 robot_of INFO API GET /status with query:  | filters: startDate=None, endDate=None, all=False
14:24:39 robot_of INFO No filters applied, returning all 200 trades
14:24:41 robot_of INFO API GET /status with query:  | filters: startDate=None, endDate=None, all=False
14:24:41 robot_of INFO No filters applied, returning all 200 trades
14:24:43 robot_of INFO API GET /status with query:  | filters: startDate=None, endDate=None, all=False
14:24:43 robot_of INFO No filters applied, returning all 200 trades
14:24:45 robot_of INFO API GET /status with query:  | filters: startDate=None, endDate=None, all=False
14:24:45 robot_of INFO No filters applied, returning all 200 trades
14:24:47 robot_of INFO API GET /status with query:  | filters: startDate=None, endDate=None, all=False
14:24:47 robot_of INFO No filters applied, returning all 200 trades
14:24:49 robot_of INFO API GET /status with query:  | filters: startDate=None, endDate=None, all=False
14:24:49 robot_of INFO No filters applied, returning all 200 trades
14:24:51 robot_of INFO API GET /status with query:  | filters: startDate=None, endDate=None, all=False
14:24:51 robot_of INFO No filters applied, returning all 200 trades
14:24:53 robot_of INFO API GET /status with query:  | filters: startDate=None, endDate=None, all=False
14:24:53 robot_of INFO No filters applied, returning all 200 trades
14:24:55 robot_of INFO API GET /status with query:  | filters: startDate=None, endDate=None, all=False
14:24:55 robot_of INFO No filters applied, returning all 200 trades
14:24:56 robot_of INFO Param updated: lots = 2
14:24:56 robot_of INFO Param updated: max_pyramid_levels = 5
14:24:56 robot_of INFO Param updated: max_average_levels = 1000
14:24:56 robot_of INFO Param updated: step_average = 25
14:24:56 robot_of INFO Param updated: step_pyramid = 33
14:24:56 robot_of INFO Param updated: spread = 44
14:24:56 robot_of INFO Param updated: stop_loss_mode = pts
14:24:56 robot_of INFO Param updated: stop_loss_value = 5000000
14:24:56 robot_of INFO Param updated: min_profit_per_lot = 60
14:24:56 robot_of INFO Param updated: max_hold_minutes = 9999999999
14:24:56 robot_of INFO Param updated: absorption_threshold = 0.35
14:24:56 robot_of INFO Param updated: cvd_lookback = 10
14:24:56 robot_of INFO Param updated: ob_imbalance_threshold = 0.3
14:24:56 robot_of INFO Param updated: signal_confirm_count = 1
14:24:56 robot_of INFO Param updated: signal_confirm_exit = 2
14:24:56 robot_of INFO Param updated: timeframe = M1
14:24:56 robot_of INFO Param updated: use_vwema = True
14:24:56 robot_of INFO Param updated: vwema_fast = 20
14:24:56 robot_of INFO Param updated: vwema_slow = 40
14:24:56 robot_of INFO Param updated: vwema_flat_th = 1
14:24:56 robot_of INFO Param updated: vwema_block_counter = True
14:24:56 strategy_of INFO VWEMA filter enabled: fast=20 slow=40 flat_th=1
14:24:57 robot_of INFO API GET /status with query:  | filters: startDate=None, endDate=None, all=False
14:24:57 robot_of INFO No filters applied, returning all 200 trades
14:24:59 robot_of INFO API GET /status with query:  | filters: startDate=None, endDate=None, all=False
14:24:59 robot_of INFO No filters applied, returning all 200 trades
14:25:01 robot_of INFO API GET /status with query:  | filters: startDate=None, endDate=None, all=False
14:25:01 robot_of INFO No filters applied, returning all 200 trades
14:25:03 robot_of INFO API GET /status with query:  | filters: startDate=None, endDate=None, all=False
14:25:03 robot_of INFO No filters applied, returning all 200 trades
14:25:04 robot_of INFO API GET /status with query:  | filters: startDate=None, endDate=None, all=False
14:25:04 robot_of INFO No filters applied, returning all 200 trades
14:25:05 robot_of INFO API GET /status with query:  | filters: startDate=None, endDate=None, all=False
14:25:05 robot_of INFO No filters applied, returning all 200 trades
14:25:07 robot_of INFO API GET /status with query:  | filters: startDate=None, endDate=None, all=False
14:25:07 robot_of INFO No filters applied, returning all 200 trades
14:25:09 robot_of INFO API GET /status with query:  | filters: startDate=None, endDate=None, all=False
14:25:09 robot_of INFO No filters applied, returning all 200 trades
14:25:11 robot_of INFO API GET /status with query:  | filters: startDate=None, endDate=None, all=False
14:25:11 robot_of INFO No filters applied, returning all 200 trades
14:25:13 robot_of INFO API GET /status with query:  | filters: startDate=None, endDate=None, all=False
14:25:13 robot_of INFO No filters applied, returning all 200 trades
14:25:15 robot_of INFO API GET /status with query:  | filters: startDate=None, endDate=None, all=False
14:25:15 robot_of INFO No filters applied, returning all 200 trades
14:25:17 robot_of INFO API GET /status with query:  | filters: startDate=None, endDate=None, all=False
14:25:17 robot_of INFO No filters applied, returning all 200 trades
14:25:19 robot_of INFO API GET /status with query:  | filters: startDate=None, endDate=None, all=False
14:25:19 robot_of INFO No filters applied, returning all 200 trades
14:25:21 robot_of INFO API GET /status with query:  | filters: startDate=None, endDate=None, all=False
14:25:21 robot_of INFO No filters applied, returning all 200 trades
14:25:23 robot_of INFO API GET /status with query:  | filters: startDate=None, endDate=None, all=False
14:25:23 robot_of INFO No filters applied, returning all 200 trades
14:25:25 robot_of INFO API GET /status with query:  | filters: startDate=None, endDate=None, all=False
14:25:25 robot_of INFO No filters applied, returning all 200 trades
14:25:27 robot_of INFO API GET /status with query:  | filters: startDate=None, endDate=None, all=False
14:25:27 robot_of INFO No filters applied, returning all 200 trades
14:25:29 robot_of INFO API GET /status with query:  | filters: startDate=None, endDate=None, all=False
14:25:29 robot_of INFO No filters applied, returning all 200 trades
14:25:31 robot_of INFO API GET /status with query:  | filters: startDate=None, endDate=None, all=False
14:25:31 robot_of INFO No filters applied, returning all 200 trades
14:25:33 robot_of INFO API GET /status with query:  | filters: startDate=None, endDate=None, all=False
14:25:33 robot_of INFO No filters applied, returning all 200 trades
14:25:34 robot_of INFO API GET /status with query:  | filters: startDate=None, endDate=None, all=False
14:25:34 robot_of INFO No filters applied, returning all 200 trades
14:25:35 robot_of INFO API GET /status with query:  | filters: startDate=None, endDate=None, all=False
14:25:35 robot_of INFO No filters applied, returning all 200 trades
14:25:37 robot_of INFO API GET /status with query:  | filters: startDate=None, endDate=None, all=False
14:25:37 robot_of INFO No filters applied, returning all 200 trades
14:25:39 robot_of INFO API GET /status with query:  | filters: startDate=None, endDate=None, all=False
14:25:39 robot_of INFO No filters applied, returning all 200 trades
14:25:41 robot_of INFO API GET /status with query:  | filters: startDate=None, endDate=None, all=False
14:25:41 robot_of INFO No filters applied, returning all 200 trades
14:25:43 robot_of INFO API GET /status with query:  | filters: startDate=None, endDate=None, all=False
14:25:43 robot_of INFO No filters applied, returning all 200 trades
14:25:45 robot_of INFO API GET /status with query:  | filters: startDate=None, endDate=None, all=False
14:25:45 robot_of INFO No filters applied, returning all 200 trades
14:25:47 robot_of INFO API GET /status with query:  | filters: startDate=None, endDate=None, all=False
14:25:47 robot_of INFO No filters applied, returning all 200 trades
14:25:49 robot_of INFO API GET /status with query:  | filters: startDate=None, endDate=None, all=False
14:25:49 robot_of INFO No filters applied, returning all 200 trades
14:25:51 robot_of INFO API GET /status with query:  | filters: startDate=None, endDate=None, all=False
14:25:51 robot_of INFO No filters applied, returning all 200 trades
14:25:53 robot_of INFO API GET /status with query:  | filters: startDate=None, endDate=None, all=False
14:25:53 robot_of INFO No filters applied, returning all 200 trades
14:25:55 robot_of INFO API GET /status with query:  | filters: startDate=None, endDate=None, all=False
14:25:55 robot_of INFO No filters applied, returning all 200 trades
14:25:57 robot_of INFO API GET /status with query:  | filters: startDate=None, endDate=None, all=False
14:25:57 robot_of INFO No filters applied, returning all 200 trades
14:25:59 robot_of INFO API GET /status with query:  | filters: startDate=None, endDate=None, all=False
14:25:59 robot_of INFO No filters applied, returning all 200 trades
14:26:01 robot_of INFO API GET /status with query:  | filters: startDate=None, endDate=None, all=False
14:26:01 robot_of INFO No filters applied, returning all 200 trades
14:26:03 robot_of INFO API GET /status with query:  | filters: startDate=None, endDate=None, all=False
14:26:03 robot_of INFO No filters applied, returning all 200 trades
14:26:04 robot_of INFO API GET /status with query:  | filters: startDate=None, endDate=None, all=False
14:26:04 robot_of INFO No filters applied, returning all 200 trades
14:26:05 robot_of INFO API GET /status with query:  | filters: startDate=None, endDate=None, all=False
14:26:05 robot_of INFO No filters applied, returning all 200 trades
14:26:07 robot_of INFO API GET /status with query:  | filters: startDate=None, endDate=None, all=False
14:26:07 robot_of INFO No filters applied, returning all 200 trades
14:26:09 robot_of INFO API GET /status with query:  | filters: startDate=None, endDate=None, all=False
14:26:09 robot_of INFO No filters applied, returning all 200 trades
14:26:11 robot_of INFO API GET /status with query:  | filters: startDate=None, endDate=None, all=False
14:26:11 robot_of INFO No filters applied, returning all 200 trades
14:26:13 robot_of INFO API GET /status with query:  | filters: startDate=None, endDate=None, all=False
14:26:13 robot_of INFO No filters applied, returning all 200 trades
14:26:15 robot_of INFO API GET /status with query:  | filters: startDate=None, endDate=None, all=False
14:26:15 robot_of INFO No filters applied, returning all 200 trades
14:26:17 robot_of INFO API GET /status with query:  | filters: startDate=None, endDate=None, all=False
14:26:17 robot_of INFO No filters applied, returning all 200 trades
14:26:19 robot_of INFO API GET /status with query:  | filters: startDate=None, endDate=None, all=False
14:26:19 robot_of INFO No filters applied, returning all 200 trades
14:26:21 robot_of INFO API GET /status with query:  | filters: startDate=None, endDate=None, all=False
14:26:21 robot_of INFO No filters applied, returning all 200 trades
14:26:23 robot_of INFO API GET /status with query:  | filters: startDate=None, endDate=None, all=False
14:26:23 robot_of INFO No filters applied, returning all 200 trades
14:26:25 robot_of INFO API GET /status with query:  | filters: startDate=None, endDate=None, all=False
14:26:25 robot_of INFO No filters applied, returning all 200 trades
14:26:27 robot_of INFO API GET /status with query:  | filters: startDate=None, endDate=None, all=False
14:26:27 robot_of INFO No filters applied, returning all 200 trades
14:26:29 robot_of INFO API GET /status with query:  | filters: startDate=None, endDate=None, all=False
14:26:29 robot_of INFO No filters applied, returning all 200 trades
14:26:31 robot_of INFO API GET /status with query:  | filters: startDate=None, endDate=None, all=False
14:26:31 robot_of INFO No filters applied, returning all 200 trades
14:26:33 robot_of INFO API GET /status with query:  | filters: startDate=None, endDate=None, all=False
14:26:33 robot_of INFO No filters applied, returning all 200 trades
14:26:34 robot_of INFO API GET /status with query:  | filters: startDate=None, endDate=None, all=False
14:26:34 robot_of INFO No filters applied, returning all 200 trades
14:26:35 robot_of INFO API GET /status with query:  | filters: startDate=None, endDate=None, all=False
14:26:35 robot_of INFO No filters applied, returning all 200 trades
14:26:37 robot_of INFO API GET /status with query:  | filters: startDate=None, endDate=None, all=False
14:26:37 robot_of INFO No filters applied, returning all 200 trades
14:26:38 strategy_of INFO AVERAGE sell 2 @ 79202 | lvl 5/1000 | avg=79037 lots=12
14:26:38 robot_of INFO 📄 PAPER average: sell 2 @ 79202
14:26:39 robot_of INFO API GET /status with query:  | filters: startDate=None, endDate=None, all=False
14:26:39 robot_of INFO No filters applied, returning all 200 trades
14:26:41 robot_of INFO API GET /status with query:  | filters: startDate=None, endDate=None, all=False
14:26:41 robot_of INFO No filters applied, returning all 200 trades
14:26:43 robot_of INFO API GET /status with query:  | filters: startDate=None, endDate=None, all=False
14:26:43 robot_of INFO No filters applied, returning all 200 trades
14:26:45 robot_of INFO API GET /status with query:  | filters: startDate=None, endDate=None, all=False
14:26:45 robot_of INFO No filters applied, returning all 200 trades
14:26:47 robot_of INFO API GET /status with query:  | filters: startDate=None, endDate=None, all=False
14:26:47 robot_of INFO No filters applied, returning all 200 trades
14:26:49 robot_of INFO API GET /status with query:  | filters: startDate=None, endDate=None, all=False
14:26:49 robot_of INFO No filters applied, returning all 200 trades
14:26:51 robot_of INFO API GET /status with query:  | filters: startDate=None, endDate=None, all=False
14:26:51 robot_of INFO No filters applied, returning all 200 trades
14:26:53 robot_of INFO API GET /status with query:  | filters: startDate=None, endDate=None, all=False
14:26:53 robot_of INFO No filters applied, returning all 200 trades
14:26:55 robot_of INFO API GET /status with query:  | filters: startDate=None, endDate=None, all=False
14:26:55 robot_of INFO No filters applied, returning all 200 trades
14:26:57 robot_of INFO API GET /status with query:  | filters: startDate=None, endDate=None, all=False
14:26:57 robot_of INFO No filters applied, returning all 200 trades
14:26:59 robot_of INFO API GET /status with query:  | filters: startDate=None, endDate=None, all=False
14:26:59 robot_of INFO No filters applied, returning all 200 trades
14:27:01 robot_of INFO API GET /status with query:  | filters: startDate=None, endDate=None, all=False
14:27:01 robot_of INFO No filters applied, returning all 200 trades
14:27:03 robot_of INFO API GET /status with query:  | filters: startDate=None, endDate=None, all=False
14:27:03 robot_of INFO No filters applied, returning all 200 trades
14:27:04 robot_of INFO API GET /status with query:  | filters: startDate=None, endDate=None, all=False
14:27:04 robot_of INFO No filters applied, returning all 200 trades
14:27:05 robot_of INFO API GET /status with query:  | filters: startDate=None, endDate=None, all=False
14:27:05 robot_of INFO No filters applied, returning all 200 trades
14:27:07 robot_of INFO API GET /status with query:  | filters: startDate=None, endDate=None, all=False
14:27:07 robot_of INFO No filters applied, returning all 200 trades
14:27:09 robot_of INFO API GET /status with query:  | filters: startDate=None, endDate=None, all=False
14:27:09 robot_of INFO No filters applied, returning all 200 trades
14:27:11 robot_of INFO API GET /status with query:  | filters: startDate=None, endDate=None, all=False
14:27:11 robot_of INFO No filters applied, returning all 200 trades
14:27:13 robot_of INFO API GET /status with query:  | filters: startDate=None, endDate=None, all=False
14:27:13 robot_of INFO No filters applied, returning all 200 trades
14:27:15 robot_of INFO API GET /status with query:  | filters: startDate=None, endDate=None, all=False
14:27:15 robot_of INFO No filters applied, returning all 200 trades
14:27:17 robot_of INFO API GET /status with query:  | filters: startDate=None, endDate=None, all=False
14:27:17 robot_of INFO No filters applied, returning all 200 trades
14:27:19 robot_of INFO API GET /status with query:  | filters: startDate=None, endDate=None, all=False
14:27:19 robot_of INFO No filters applied, returning all 200 trades
14:27:21 robot_of INFO API GET /status with query:  | filters: startDate=None, endDate=None, all=False
14:27:21 robot_of INFO No filters applied, returning all 200 trades
14:27:23 robot_of INFO API GET /status with query:  | filters: startDate=None, endDate=None, all=False
14:27:23 robot_of INFO No filters applied, returning all 200 trades
14:27:25 robot_of INFO API GET /status with query:  | filters: startDate=None, endDate=None, all=False
14:27:25 robot_of INFO No filters applied, returning all 200 trades
14:27:27 robot_of INFO API GET /status with query:  | filters: startDate=None, endDate=None, all=False
14:27:27 robot_of INFO No filters applied, returning all 200 trades
14:27:29 robot_of INFO API GET /status with query:  | filters: startDate=None, endDate=None, all=False
14:27:29 robot_of INFO No filters applied, returning all 200 trades
14:27:31 robot_of INFO API GET /status with query:  | filters: startDate=None, endDate=None, all=False
14:27:31 robot_of INFO No filters applied, returning all 200 trades
14:27:33 robot_of INFO API GET /status with query:  | filters: startDate=None, endDate=None, all=False
14:27:33 robot_of INFO No filters applied, returning all 200 trades
14:27:34 robot_of INFO API GET /status with query:  | filters: startDate=None, endDate=None, all=False
14:27:34 robot_of INFO No filters applied, returning all 200 trades
14:27:35 robot_of INFO API GET /status with query:  | filters: startDate=None, endDate=None, all=False
14:27:35 robot_of INFO No filters applied, returning all 200 trades
14:27:37 robot_of INFO API GET /status with query:  | filters: startDate=None, endDate=None, all=False
14:27:37 robot_of INFO No filters applied, returning all 200 trades
14:27:39 robot_of INFO API GET /status with query:  | filters: startDate=None, endDate=None, all=False
14:27:39 robot_of INFO No filters applied, returning all 200 trades
14:27:41 robot_of INFO API GET /status with query:  | filters: startDate=None, endDate=None, all=False
14:27:41 robot_of INFO No filters applied, returning all 200 trades
14:27:43 robot_of INFO API GET /status with query:  | filters: startDate=None, endDate=None, all=False
14:27:43 robot_of INFO No filters applied, returning all 200 trades
14:27:45 robot_of INFO API GET /status with query:  | filters: startDate=None, endDate=None, all=False
14:27:45 robot_of INFO No filters applied, returning all 200 trades
14:27:47 robot_of INFO API GET /status with query:  | filters: startDate=None, endDate=None, all=False
14:27:47 robot_of INFO No filters applied, returning all 200 trades
14:27:49 robot_of INFO API GET /status with query:  | filters: startDate=None, endDate=None, all=False
14:27:49 robot_of INFO No filters applied, returning all 200 trades
14:27:51 robot_of INFO API GET /status with query:  | filters: startDate=None, endDate=None, all=False
14:27:51 robot_of INFO No filters applied, returning all 200 trades
14:27:53 robot_of INFO API GET /status with query:  | filters: startDate=None, endDate=None, all=False
14:27:53 robot_of INFO No filters applied, returning all 200 trades
14:27:55 robot_of INFO API GET /status with query:  | filters: startDate=None, endDate=None, all=False
14:27:55 robot_of INFO No filters applied, returning all 200 trades
14:27:57 robot_of INFO API GET /status with query:  | filters: startDate=None, endDate=None, all=False
14:27:57 robot_of INFO No filters applied, returning all 200 trades
14:27:59 robot_of INFO API GET /status with query:  | filters: startDate=None, endDate=None, all=False
14:27:59 robot_of INFO No filters applied, returning all 200 trades
14:28:01 robot_of INFO API GET /status with query:  | filters: startDate=None, endDate=None, all=False
14:28:01 robot_of INFO No filters applied, returning all 200 trades
14:28:03 robot_of INFO API GET /status with query:  | filters: startDate=None, endDate=None, all=False
14:28:03 robot_of INFO No filters applied, returning all 200 trades
14:28:04 robot_of INFO API GET /status with query:  | filters: startDate=None, endDate=None, all=False
14:28:04 robot_of INFO No filters applied, returning all 200 trades
14:28:05 robot_of INFO API GET /status with query:  | filters: startDate=None, endDate=None, all=False
14:28:05 robot_of INFO No filters applied, returning all 200 trades
14:28:07 robot_of INFO API GET /status with query:  | filters: startDate=None, endDate=None, all=False
14:28:07 robot_of INFO No filters applied, returning all 200 trades
14:28:09 robot_of INFO API GET /status with query:  | filters: startDate=None, endDate=None, all=False
14:28:09 robot_of INFO No filters applied, returning all 200 trades
14:28:11 robot_of INFO API GET /status with query:  | filters: startDate=None, endDate=None, all=False
14:28:11 robot_of INFO No filters applied, returning all 200 trades
14:28:13 robot_of INFO API GET /status with query:  | filters: startDate=None, endDate=None, all=False
14:28:13 robot_of INFO No filters applied, returning all 200 trades
14:28:15 robot_of INFO API GET /status with query:  | filters: startDate=None, endDate=None, all=False
14:28:15 robot_of INFO No filters applied, returning all 200 trades
14:28:17 robot_of INFO API GET /status with query:  | filters: startDate=None, endDate=None, all=False
14:28:17 robot_of INFO No filters applied, returning all 200 trades
14:28:19 robot_of INFO API GET /status with query:  | filters: startDate=None, endDate=None, all=False
14:28:19 robot_of INFO No filters applied, returning all 200 trades
14:28:21 robot_of INFO API GET /status with query:  | filters: startDate=None, endDate=None, all=False
14:28:21 robot_of INFO No filters applied, returning all 200 trades
14:28:23 robot_of INFO API GET /status with query:  | filters: startDate=None, endDate=None, all=False
14:28:23 robot_of INFO No filters applied, returning all 200 trades
14:28:25 robot_of INFO API GET /status with query:  | filters: startDate=None, endDate=None, all=False
14:28:25 robot_of INFO No filters applied, returning all 200 trades
14:28:27 robot_of INFO API GET /status with query:  | filters: startDate=None, endDate=None, all=False
14:28:27 robot_of INFO No filters applied, returning all 200 trades
14:28:29 robot_of INFO API GET /status with query:  | filters: startDate=None, endDate=None, all=False
14:28:29 robot_of INFO No filters applied, returning all 200 trades
14:28:31 robot_of INFO API GET /status with query:  | filters: startDate=None, endDate=None, all=False
14:28:31 robot_of INFO No filters applied, returning all 200 trades
14:28:33 robot_of INFO API GET /status with query:  | filters: startDate=None, endDate=None, all=False
14:28:33 robot_of INFO No filters applied, returning all 200 trades
14:28:34 robot_of INFO API GET /status with query:  | filters: startDate=None, endDate=None, all=False
14:28:34 robot_of INFO No filters applied, returning all 200 trades
14:28:35 robot_of INFO API GET /status with query:  | filters: startDate=None, endDate=None, all=False
14:28:35 robot_of INFO No filters applied, returning all 200 trades
14:28:37 robot_of INFO API GET /status with query:  | filters: startDate=None, endDate=None, all=False
14:28:37 robot_of INFO No filters applied, returning all 200 trades
14:28:39 robot_of INFO API GET /status with query:  | filters: startDate=None, endDate=None, all=False
14:28:39 robot_of INFO No filters applied, returning all 200 trades
14:28:41 robot_of INFO API GET /status with query:  | filters: startDate=None, endDate=None, all=False
14:28:41 robot_of INFO No filters applied, returning all 200 trades
14:28:43 robot_of INFO API GET /status with query:  | filters: startDate=None, endDate=None, all=False
14:28:43 robot_of INFO No filters applied, returning all 200 trades
14:28:45 robot_of INFO API GET /status with query:  | filters: startDate=None, endDate=None, all=False
14:28:45 robot_of INFO No filters applied, returning all 200 trades
14:28:47 robot_of INFO API GET /status with query:  | filters: startDate=None, endDate=None, all=False
14:28:47 robot_of INFO No filters applied, returning all 200 trades
14:28:49 robot_of INFO API GET /status with query:  | filters: startDate=None, endDate=None, all=False
14:28:49 robot_of INFO No filters applied, returning all 200 trades
14:28:51 robot_of INFO API GET /status with query:  | filters: startDate=None, endDate=None, all=False
14:28:51 robot_of INFO No filters applied, returning all 200 trades
14:28:53 robot_of INFO API GET /status with query:  | filters: startDate=None, endDate=None, all=False
14:28:53 robot_of INFO No filters applied, returning all 200 trades
14:28:55 robot_of INFO API GET /status with query:  | filters: startDate=None, endDate=None, all=False
14:28:55 robot_of INFO No filters applied, returning all 200 trades
14:28:57 robot_of INFO API GET /status with query:  | filters: startDate=None, endDate=None, all=False
14:28:57 robot_of INFO No filters applied, returning all 200 trades
14:28:59 robot_of INFO API GET /status with query:  | filters: startDate=None, endDate=None, all=False
14:28:59 robot_of INFO No filters applied, returning all 200 trades
14:29:01 robot_of INFO API GET /status with query:  | filters: startDate=None, endDate=None, all=False
14:29:01 robot_of INFO No filters applied, returning all 200 trades
14:29:03 robot_of INFO API GET /status with query:  | filters: startDate=None, endDate=None, all=False
14:29:03 robot_of INFO No filters applied, returning all 200 trades
14:29:04 robot_of INFO API GET /status with query:  | filters: startDate=None, endDate=None, all=False
14:29:04 robot_of INFO No filters applied, returning all 200 trades
14:29:05 robot_of INFO API GET /status with query:  | filters: startDate=None, endDate=None, all=False
14:29:05 robot_of INFO No filters applied, returning all 200 trades
14:29:07 robot_of INFO API GET /status with query:  | filters: startDate=None, endDate=None, all=False
14:29:07 robot_of INFO No filters applied, returning all 200 trades
14:29:09 robot_of INFO API GET /status with query:  | filters: startDate=None, endDate=None, all=False
14:29:09 robot_of INFO No filters applied, returning all 200 trades
14:29:11 robot_of INFO API GET /status with query:  | filters: startDate=None, endDate=None, all=False
14:29:11 robot_of INFO No filters applied, returning all 200 trades
14:29:13 robot_of INFO API GET /status with query:  | filters: startDate=None, endDate=None, all=False
14:29:13 robot_of INFO No filters applied, returning all 200 trades
14:29:15 robot_of INFO API GET /status with query:  | filters: startDate=None, endDate=None, all=False
14:29:15 robot_of INFO No filters applied, returning all 200 trades
14:29:17 robot_of INFO API GET /status with query:  | filters: startDate=None, endDate=None, all=False
14:29:17 robot_of INFO No filters applied, returning all 200 trades
14:29:19 robot_of INFO API GET /status with query:  | filters: startDate=None, endDate=None, all=False
14:29:19 robot_of INFO No filters applied, returning all 200 trades
14:29:21 robot_of INFO API GET /status with query:  | filters: startDate=None, endDate=None, all=False
14:29:21 robot_of INFO No filters applied, returning all 200 trades
14:29:23 robot_of INFO API GET /status with query:  | filters: startDate=None, endDate=None, all=False
14:29:23 robot_of INFO No filters applied, returning all 200 trades
14:29:25 robot_of INFO API GET /status with query:  | filters: startDate=None, endDate=None, all=False
14:29:25 robot_of INFO No filters applied, returning all 200 trades
14:29:27 robot_of INFO API GET /status with query:  | filters: startDate=None, endDate=None, all=False
14:29:27 robot_of INFO No filters applied, returning all 200 trades
14:29:29 robot_of INFO API GET /status with query:  | filters: startDate=None, endDate=None, all=False
14:29:29 robot_of INFO No filters applied, returning all 200 trades
14:29:31 robot_of INFO API GET /status with query:  | filters: startDate=None, endDate=None, all=False
14:29:31 robot_of INFO No filters applied, returning all 200 trades
14:29:33 robot_of INFO API GET /status with query:  | filters: startDate=None, endDate=None, all=False
14:29:33 robot_of INFO No filters applied, returning all 200 trades
14:29:34 robot_of INFO API GET /status with query:  | filters: startDate=None, endDate=None, all=False
14:29:34 robot_of INFO No filters applied, returning all 200 trades
14:29:35 robot_of INFO API GET /status with query:  | filters: startDate=None, endDate=None, all=False
14:29:35 robot_of INFO No filters applied, returning all 200 trades
14:29:37 robot_of INFO API GET /status with query:  | filters: startDate=None, endDate=None, all=False
14:29:37 robot_of INFO No filters applied, returning all 200 trades
14:29:39 robot_of INFO API GET /status with query:  | filters: startDate=None, endDate=None, all=False
14:29:39 robot_of INFO No filters applied, returning all 200 trades
14:29:41 robot_of INFO API GET /status with query:  | filters: startDate=None, endDate=None, all=False
14:29:41 robot_of INFO No filters applied, returning all 200 trades
14:29:43 robot_of INFO API GET /status with query:  | filters: startDate=None, endDate=None, all=False
14:29:43 robot_of INFO No filters applied, returning all 200 trades
14:29:45 robot_of INFO API GET /status with query:  | filters: startDate=None, endDate=None, all=False
14:29:45 robot_of INFO No filters applied, returning all 200 trades
14:29:46 strategy_of INFO AVERAGE sell 2 @ 79228 | lvl 6/1000 | avg=79064 lots=14
14:29:46 robot_of INFO 📄 PAPER average: sell 2 @ 79228
14:29:47 robot_of INFO API GET /status with query:  | filters: startDate=None, endDate=None, all=False
14:29:47 robot_of INFO No filters applied, returning all 200 trades
14:29:49 robot_of INFO API GET /status with query:  | filters: startDate=None, endDate=None, all=False
14:29:49 robot_of INFO No filters applied, returning all 200 trades
14:29:51 robot_of INFO API GET /status with query:  | filters: startDate=None, endDate=None, all=False
14:29:51 robot_of INFO No filters applied, returning all 200 trades
14:29:53 robot_of INFO API GET /status with query:  | filters: startDate=None, endDate=None, all=False
14:29:53 robot_of INFO No filters applied, returning all 200 trades
14:29:55 robot_of INFO API GET /status with query:  | filters: startDate=None, endDate=None, all=False
14:29:55 robot_of INFO No filters applied, returning all 200 trades
14:29:57 robot_of INFO API GET /status with query:  | filters: startDate=None, endDate=None, all=False
14:29:57 robot_of INFO No filters applied, returning all 200 trades
14:29:59 robot_of INFO API GET /status with query:  | filters: startDate=None, endDate=None, all=False
14:29:59 robot_of INFO No filters applied, returning all 200 trades
14:30:01 robot_of INFO API GET /status with query:  | filters: startDate=None, endDate=None, all=False
14:30:01 robot_of INFO No filters applied, returning all 200 trades
14:30:03 robot_of INFO API GET /status with query:  | filters: startDate=None, endDate=None, all=False
14:30:03 robot_of INFO No filters applied, returning all 200 trades
14:30:04 robot_of INFO API GET /status with query:  | filters: startDate=None, endDate=None, all=False
14:30:04 robot_of INFO No filters applied, returning all 200 trades
14:30:05 robot_of INFO API GET /status with query:  | filters: startDate=None, endDate=None, all=False
14:30:05 robot_of INFO No filters applied, returning all 200 trades
14:30:07 robot_of INFO API GET /status with query:  | filters: startDate=None, endDate=None, all=False
14:30:07 robot_of INFO No filters applied, returning all 200 trades
14:30:09 robot_of INFO API GET /status with query:  | filters: startDate=None, endDate=None, all=False
14:30:09 robot_of INFO No filters applied, returning all 200 trades
14:30:11 robot_of INFO API GET /status with query:  | filters: startDate=None, endDate=None, all=False
14:30:11 robot_of INFO No filters applied, returning all 200 trades
14:30:13 robot_of INFO API GET /status with query:  | filters: startDate=None, endDate=None, all=False
14:30:13 robot_of INFO No filters applied, returning all 200 trades
14:30:15 robot_of INFO API GET /status with query:  | filters: startDate=None, endDate=None, all=False
14:30:15 robot_of INFO No filters applied, returning all 200 trades
14:30:17 robot_of INFO API GET /status with query:  | filters: startDate=None, endDate=None, all=False
14:30:17 robot_of INFO No filters applied, returning all 200 trades
14:30:19 robot_of INFO API GET /status with query:  | filters: startDate=None, endDate=None, all=False
14:30:19 robot_of INFO No filters applied, returning all 200 trades
14:30:21 robot_of INFO API GET /status with query:  | filters: startDate=None, endDate=None, all=False
14:30:21 robot_of INFO No filters applied, returning all 200 trades
14:30:23 robot_of INFO API GET /status with query:  | filters: startDate=None, endDate=None, all=False
14:30:23 robot_of INFO No filters applied, returning all 200 trades
14:30:25 robot_of INFO API GET /status with query:  | filters: startDate=None, endDate=None, all=False
14:30:25 robot_of INFO No filters applied, returning all 200 trades
14:30:27 robot_of INFO API GET /status with query:  | filters: startDate=None, endDate=None, all=False
14:30:27 robot_of INFO No filters applied, returning all 200 trades
14:30:29 robot_of INFO API GET /status with query:  | filters: startDate=None, endDate=None, all=False
14:30:29 robot_of INFO No filters applied, returning all 200 trades
14:30:31 robot_of INFO API GET /status with query:  | filters: startDate=None, endDate=None, all=False
14:30:31 robot_of INFO No filters applied, returning all 200 trades
14:30:32 strategy_of INFO PARTIAL_TP buy 2 @ 79182 | pnl=+87₽ | remaining=12
14:30:32 robot_of INFO 📄 PAPER partial_tp: buy 2 realized=87₽
14:30:33 robot_of INFO API GET /status with query:  | filters: startDate=None, endDate=None, all=False
14:30:33 robot_of INFO No filters applied, returning all 200 trades
14:30:34 robot_of INFO API GET /status with query:  | filters: startDate=None, endDate=None, all=False
14:30:34 robot_of INFO No filters applied, returning all 200 trades
14:30:35 robot_of INFO API GET /status with query:  | filters: startDate=None, endDate=None, all=False
14:30:35 robot_of INFO No filters applied, returning all 200 trades
14:30:37 robot_of INFO API GET /status with query:  | filters: startDate=None, endDate=None, all=False
14:30:37 robot_of INFO No filters applied, returning all 200 trades
14:30:39 robot_of INFO API GET /status with query:  | filters: startDate=None, endDate=None, all=False
14:30:39 robot_of INFO No filters applied, returning all 200 trades
14:30:41 robot_of INFO API GET /status with query:  | filters: startDate=None, endDate=None, all=False
14:30:41 robot_of INFO No filters applied, returning all 200 trades
14:30:43 robot_of INFO API GET /status with query:  | filters: startDate=None, endDate=None, all=False
14:30:43 robot_of INFO No filters applied, returning all 200 trades
14:30:45 robot_of INFO API GET /status with query:  | filters: startDate=None, endDate=None, all=False
14:30:45 robot_of INFO No filters applied, returning all 200 trades
14:30:47 robot_of INFO API GET /status with query:  | filters: startDate=None, endDate=None, all=False
14:30:47 robot_of INFO No filters applied, returning all 200 trades
14:30:49 robot_of INFO API GET /status with query:  | filters: startDate=None, endDate=None, all=False
14:30:49 robot_of INFO No filters applied, returning all 200 trades
14:30:51 robot_of INFO API GET /status with query:  | filters: startDate=None, endDate=None, all=False
14:30:51 robot_of INFO No filters applied, returning all 200 trades
14:30:53 robot_of INFO API GET /status with query:  | filters: startDate=None, endDate=None, all=False
14:30:53 robot_of INFO No filters applied, returning all 200 trades
14:30:55 robot_of INFO API GET /status with query:  | filters: startDate=None, endDate=None, all=False
14:30:55 robot_of INFO No filters applied, returning all 200 trades
14:30:57 robot_of INFO API GET /status with query:  | filters: startDate=None, endDate=None, all=False
14:30:57 robot_of INFO No filters applied, returning all 200 trades
14:30:59 robot_of INFO API GET /status with query:  | filters: startDate=None, endDate=None, all=False
14:30:59 robot_of INFO No filters applied, returning all 200 trades
14:31:01 robot_of INFO API GET /status with query:  | filters: startDate=None, endDate=None, all=False
14:31:01 robot_of INFO No filters applied, returning all 200 trades
14:31:03 robot_of INFO API GET /status with query:  | filters: startDate=None, endDate=None, all=False
14:31:03 robot_of INFO No filters applied, returning all 200 trades
14:31:04 robot_of INFO API GET /status with query:  | filters: startDate=None, endDate=None, all=False
14:31:04 robot_of INFO No filters applied, returning all 200 trades
14:31:05 robot_of INFO API GET /status with query:  | filters: startDate=None, endDate=None, all=False
14:31:05 robot_of INFO No filters applied, returning all 200 trades
14:31:07 robot_of INFO API GET /status with query:  | filters: startDate=None, endDate=None, all=False
14:31:07 robot_of INFO No filters applied, returning all 200 trades
14:31:09 robot_of INFO API GET /status with query:  | filters: startDate=None, endDate=None, all=False
14:31:09 robot_of INFO No filters applied, returning all 200 trades
14:31:11 robot_of INFO API GET /status with query:  | filters: startDate=None, endDate=None, all=False
14:31:11 robot_of INFO No filters applied, returning all 200 trades
14:31:13 robot_of INFO API GET /status with query:  | filters: startDate=None, endDate=None, all=False
14:31:13 robot_of INFO No filters applied, returning all 200 trades
14:31:15 robot_of INFO API GET /status with query:  | filters: startDate=None, endDate=None, all=False
14:31:15 robot_of INFO No filters applied, returning all 200 trades
14:31:17 robot_of INFO API GET /status with query:  | filters: startDate=None, endDate=None, all=False
14:31:17 robot_of INFO No filters applied, returning all 200 trades
14:31:19 robot_of INFO API GET /status with query:  | filters: startDate=None, endDate=None, all=False
14:31:19 robot_of INFO No filters applied, returning all 200 trades
14:31:21 robot_of INFO API GET /status with query:  | filters: startDate=None, endDate=None, all=False
14:31:21 robot_of INFO No filters applied, returning all 200 trades
14:31:23 robot_of INFO API GET /status with query:  | filters: startDate=None, endDate=None, all=False
14:31:23 robot_of INFO No filters applied, returning all 200 trades
14:31:24 robot_of INFO API GET /status with query:  | filters: startDate=None, endDate=None, all=False
14:31:24 robot_of INFO No filters applied, returning all 200 trades
14:31:25 robot_of INFO API GET /status with query:  | filters: startDate=None, endDate=None, all=False
14:31:25 robot_of INFO No filters applied, returning all 200 trades
14:31:27 robot_of INFO API GET /status with query:  | filters: startDate=None, endDate=None, all=False
14:31:27 robot_of INFO No filters applied, returning all 200 trades
14:31:29 robot_of INFO API GET /status with query:  | filters: startDate=None, endDate=None, all=False
14:31:29 robot_of INFO No filters applied, returning all 200 trades
14:31:31 robot_of INFO API GET /status with query:  | filters: startDate=None, endDate=None, all=False
14:31:31 robot_of INFO No filters applied, returning all 200 trades
14:31:33 robot_of INFO API GET /status with query:  | filters: startDate=None, endDate=None, all=False
14:31:33 robot_of INFO No filters applied, returning all 200 trades
14:31:34 robot_of INFO API GET /status with query:  | filters: startDate=None, endDate=None, all=False
14:31:34 robot_of INFO No filters applied, returning all 200 trades
14:31:35 robot_of INFO API GET /status with query:  | filters: startDate=None, endDate=None, all=False
14:31:35 robot_of INFO No filters applied, returning all 200 trades
14:31:37 robot_of INFO API GET /status with query:  | filters: startDate=None, endDate=None, all=False
14:31:37 robot_of INFO No filters applied, returning all 200 trades
14:31:39 robot_of INFO API GET /status with query:  | filters: startDate=None, endDate=None, all=False
14:31:39 robot_of INFO No filters applied, returning all 200 trades
14:31:41 robot_of INFO API GET /status with query:  | filters: startDate=None, endDate=None, all=False
14:31:41 robot_of INFO No filters applied, returning all 200 trades
14:31:43 robot_of INFO API GET /status with query:  | filters: startDate=None, endDate=None, all=False
14:31:43 robot_of INFO No filters applied, returning all 200 trades
14:31:45 robot_of INFO API GET /status with query:  | filters: startDate=None, endDate=None, all=False
14:31:45 robot_of INFO No filters applied, returning all 200 trades
14:31:45 robot_of INFO API GET /status with query:  | filters: startDate=None, endDate=None, all=False
14:31:45 robot_of INFO No filters applied, returning all 200 trades
14:31:47 robot_of INFO API GET /status with query:  | filters: startDate=None, endDate=None, all=False
14:31:47 robot_of INFO No filters applied, returning all 200 trades
14:31:49 robot_of INFO API GET /status with query:  | filters: startDate=None, endDate=None, all=False
14:31:49 robot_of INFO No filters applied, returning all 200 trades
14:31:51 robot_of INFO API GET /status with query:  | filters: startDate=None, endDate=None, all=False
14:31:51 robot_of INFO No filters applied, returning all 200 trades
14:31:53 robot_of INFO API GET /status with query:  | filters: startDate=None, endDate=None, all=False
14:31:53 robot_of INFO No filters applied, returning all 200 trades
14:31:55 robot_of INFO API GET /status with query:  | filters: startDate=None, endDate=None, all=False
14:31:55 robot_of INFO No filters applied, returning all 200 trades
14:31:57 robot_of INFO API GET /status with query:  | filters: startDate=None, endDate=None, all=False
14:31:57 robot_of INFO No filters applied, returning all 200 trades
14:31:59 robot_of INFO API GET /status with query:  | filters: startDate=None, endDate=None, all=False
14:31:59 robot_of INFO No filters applied, returning all 200 trades
14:32:01 robot_of INFO API GET /status with query:  | filters: startDate=None, endDate=None, all=False
14:32:01 robot_of INFO No filters applied, returning all 200 trades
14:32:03 robot_of INFO API GET /status with query:  | filters: startDate=None, endDate=None, all=False
14:32:03 robot_of INFO No filters applied, returning all 200 trades
14:32:04 robot_of INFO API GET /status with query:  | filters: startDate=None, endDate=None, all=False
14:32:04 robot_of INFO No filters applied, returning all 200 trades
14:32:05 robot_of INFO API GET /status with query:  | filters: startDate=None, endDate=None, all=False
14:32:05 robot_of INFO No filters applied, returning all 200 trades
14:32:07 robot_of INFO API GET /status with query:  | filters: startDate=None, endDate=None, all=False
14:32:07 robot_of INFO No filters applied, returning all 200 trades
14:32:09 robot_of INFO API GET /status with query:  | filters: startDate=None, endDate=None, all=False
14:32:09 robot_of INFO No filters applied, returning all 200 trades
14:32:11 robot_of INFO API GET /status with query:  | filters: startDate=None, endDate=None, all=False
14:32:11 robot_of INFO No filters applied, returning all 200 trades
14:32:13 robot_of INFO API GET /status with query:  | filters: startDate=None, endDate=None, all=False
14:32:13 robot_of INFO No filters applied, returning all 200 trades
14:32:15 robot_of INFO API GET /status with query:  | filters: startDate=None, endDate=None, all=False
14:32:15 robot_of INFO No filters applied, returning all 200 trades
14:32:17 robot_of INFO API GET /status with query:  | filters: startDate=None, endDate=None, all=False
14:32:17 robot_of INFO No filters applied, returning all 200 trades
14:32:19 robot_of INFO API GET /status with query:  | filters: startDate=None, endDate=None, all=False
14:32:19 robot_of INFO No filters applied, returning all 200 trades
14:32:21 robot_of INFO API GET /status with query:  | filters: startDate=None, endDate=None, all=False
14:32:21 robot_of INFO No filters applied, returning all 200 trades
14:32:23 robot_of INFO API GET /status with query:  | filters: startDate=None, endDate=None, all=False
14:32:23 robot_of INFO No filters applied, returning all 200 trades
14:32:25 robot_of INFO API GET /status with query:  | filters: startDate=None, endDate=None, all=False
14:32:25 robot_of INFO No filters applied, returning all 200 trades
14:32:27 robot_of INFO API GET /status with query:  | filters: startDate=None, endDate=None, all=False
14:32:27 robot_of INFO No filters applied, returning all 200 trades
14:32:29 robot_of INFO API GET /status with query:  | filters: startDate=None, endDate=None, all=False
14:32:29 robot_of INFO No filters applied, returning all 200 trades
14:32:31 robot_of INFO API GET /status with query:  | filters: startDate=None, endDate=None, all=False
14:32:31 robot_of INFO No filters applied, returning all 200 trades
14:32:33 robot_of INFO API GET /status with query:  | filters: startDate=None, endDate=None, all=False
14:32:33 robot_of INFO No filters applied, returning all 200 trades
14:32:34 robot_of INFO API GET /status with query:  | filters: startDate=None, endDate=None, all=False
14:32:34 robot_of INFO No filters applied, returning all 200 trades
14:32:35 robot_of INFO API GET /status with query:  | filters: startDate=None, endDate=None, all=False
14:32:35 robot_of INFO No filters applied, returning all 200 trades
14:32:37 robot_of INFO API GET /status with query:  | filters: startDate=None, endDate=None, all=False
14:32:37 robot_of INFO No filters applied, returning all 200 trades
14:32:39 robot_of INFO API GET /status with query:  | filters: startDate=None, endDate=None, all=False
14:32:39 robot_of INFO No filters applied, returning all 200 trades
14:32:41 robot_of INFO API GET /status with query:  | filters: startDate=None, endDate=None, all=False
14:32:41 robot_of INFO No filters applied, returning all 200 trades
14:32:43 robot_of INFO API GET /status with query:  | filters: startDate=None, endDate=None, all=False
14:32:43 robot_of INFO No filters applied, returning all 200 trades
14:32:45 robot_of INFO API GET /status with query:  | filters: startDate=None, endDate=None, all=False
14:32:45 robot_of INFO No filters applied, returning all 200 trades
14:32:47 robot_of INFO API GET /status with query:  | filters: startDate=None, endDate=None, all=False
14:32:47 robot_of INFO No filters applied, returning all 200 trades
14:32:49 robot_of INFO API GET /status with query:  | filters: startDate=None, endDate=None, all=False
14:32:49 robot_of INFO No filters applied, returning all 200 trades
14:32:51 robot_of INFO API GET /status with query:  | filters: startDate=None, endDate=None, all=False
14:32:51 robot_of INFO No filters applied, returning all 200 trades
14:32:53 robot_of INFO API GET /status with query:  | filters: startDate=None, endDate=None, all=False
14:32:53 robot_of INFO No filters applied, returning all 200 trades
14:32:55 robot_of INFO API GET /status with query:  | filters: startDate=None, endDate=None, all=False
14:32:55 robot_of INFO No filters applied, returning all 200 trades
14:32:57 robot_of INFO API GET /status with query:  | filters: startDate=None, endDate=None, all=False
14:32:57 robot_of INFO No filters applied, returning all 200 trades
14:32:59 robot_of INFO API GET /status with query:  | filters: startDate=None, endDate=None, all=False
14:32:59 robot_of INFO No filters applied, returning all 200 trades
14:33:01 robot_of INFO API GET /status with query:  | filters: startDate=None, endDate=None, all=False
14:33:01 robot_of INFO No filters applied, returning all 200 trades
14:33:03 robot_of INFO API GET /status with query:  | filters: startDate=None, endDate=None, all=False
14:33:03 robot_of INFO No filters applied, returning all 200 trades
14:33:04 robot_of INFO API GET /status with query:  | filters: startDate=None, endDate=None, all=False
14:33:04 robot_of INFO No filters applied, returning all 200 trades
14:33:05 robot_of INFO API GET /status with query:  | filters: startDate=None, endDate=None, all=False
14:33:05 robot_of INFO No filters applied, returning all 200 trades
14:33:07 robot_of INFO API GET /status with query:  | filters: startDate=None, endDate=None, all=False
14:33:07 robot_of INFO No filters applied, returning all 200 trades
14:33:09 robot_of INFO API GET /status with query:  | filters: startDate=None, endDate=None, all=False
14:33:09 robot_of INFO No filters applied, returning all 200 trades
14:33:11 robot_of INFO API GET /status with query:  | filters: startDate=None, endDate=None, all=False
14:33:11 robot_of INFO No filters applied, returning all 200 trades
14:33:13 robot_of INFO API GET /status with query:  | filters: startDate=None, endDate=None, all=False
14:33:13 robot_of INFO No filters applied, returning all 200 trades
14:33:15 robot_of INFO API GET /status with query:  | filters: startDate=None, endDate=None, all=False
14:33:15 robot_of INFO No filters applied, returning all 200 trades
14:33:17 robot_of INFO API GET /status with query:  | filters: startDate=None, endDate=None, all=False
14:33:17 robot_of INFO No filters applied, returning all 200 trades
14:33:19 robot_of INFO API GET /status with query:  | filters: startDate=None, endDate=None, all=False
14:33:19 robot_of INFO No filters applied, returning all 200 trades
14:33:21 robot_of INFO API GET /status with query:  | filters: startDate=None, endDate=None, all=False
14:33:21 robot_of INFO No filters applied, returning all 200 trades
14:33:23 robot_of INFO API GET /status with query:  | filters: startDate=None, endDate=None, all=False
14:33:23 robot_of INFO No filters applied, returning all 200 trades
14:33:25 robot_of INFO API GET /status with query:  | filters: startDate=None, endDate=None, all=False
14:33:25 robot_of INFO No filters applied, returning all 200 trades
14:33:27 robot_of INFO API GET /status with query:  | filters: startDate=None, endDate=None, all=False
14:33:27 robot_of INFO No filters applied, returning all 200 trades
14:33:29 robot_of INFO API GET /status with query:  | filters: startDate=None, endDate=None, all=False
14:33:29 robot_of INFO No filters applied, returning all 200 trades
14:33:31 robot_of INFO API GET /status with query:  | filters: startDate=None, endDate=None, all=False
14:33:31 robot_of INFO No filters applied, returning all 200 trades
14:33:33 robot_of INFO API GET /status with query:  | filters: startDate=None, endDate=None, all=False
14:33:33 robot_of INFO No filters applied, returning all 200 trades
14:33:34 robot_of INFO API GET /status with query:  | filters: startDate=None, endDate=None, all=False
14:33:34 robot_of INFO No filters applied, returning all 200 trades
14:33:35 robot_of INFO API GET /status with query:  | filters: startDate=None, endDate=None, all=False
14:33:35 robot_of INFO No filters applied, returning all 200 trades
14:33:37 robot_of INFO API GET /status with query:  | filters: startDate=None, endDate=None, all=False
14:33:37 robot_of INFO No filters applied, returning all 200 trades
14:33:39 robot_of INFO API GET /status with query:  | filters: startDate=None, endDate=None, all=False
14:33:39 robot_of INFO No filters applied, returning all 200 trades
14:33:41 robot_of INFO API GET /status with query:  | filters: startDate=None, endDate=None, all=False
14:33:41 robot_of INFO No filters applied, returning all 200 trades
14:33:43 robot_of INFO API GET /status with query:  | filters: startDate=None, endDate=None, all=False
14:33:43 robot_of INFO No filters applied, returning all 200 trades
14:33:45 robot_of INFO API GET /status with query:  | filters: startDate=None, endDate=None, all=False
14:33:45 robot_of INFO No filters applied, returning all 200 trades
14:33:47 robot_of INFO API GET /status with query:  | filters: startDate=None, endDate=None, all=False
14:33:47 robot_of INFO No filters applied, returning all 200 trades
14:33:49 robot_of INFO API GET /status with query:  | filters: startDate=None, endDate=None, all=False
14:33:49 robot_of INFO No filters applied, returning all 200 trades
14:33:51 robot_of INFO API GET /status with query:  | filters: startDate=None, endDate=None, all=False
14:33:51 robot_of INFO No filters applied, returning all 200 trades
14:33:53 robot_of INFO API GET /status with query:  | filters: startDate=None, endDate=None, all=False
14:33:53 robot_of INFO No filters applied, returning all 200 trades
14:33:55 robot_of INFO API GET /status with query:  | filters: startDate=None, endDate=None, all=False
14:33:55 robot_of INFO No filters applied, returning all 200 trades
14:33:57 robot_of INFO API GET /status with query:  | filters: startDate=None, endDate=None, all=False
14:33:57 robot_of INFO No filters applied, returning all 200 trades
14:33:59 robot_of INFO API GET /status with query:  | filters: startDate=None, endDate=None, all=False
14:33:59 robot_of INFO No filters applied, returning all 200 trades
14:34:01 robot_of INFO API GET /status with query:  | filters: startDate=None, endDate=None, all=False
14:34:01 robot_of INFO No filters applied, returning all 200 trades
14:34:03 robot_of INFO API GET /status with query:  | filters: startDate=None, endDate=None, all=False
14:34:03 robot_of INFO No filters applied, returning all 200 trades
14:34:04 robot_of INFO API GET /status with query:  | filters: startDate=None, endDate=None, all=False
14:34:04 robot_of INFO No filters applied, returning all 200 trades
14:34:05 robot_of INFO API GET /status with query:  | filters: startDate=None, endDate=None, all=False
14:34:05 robot_of INFO No filters applied, returning all 200 trades
14:34:07 robot_of INFO API GET /status with query:  | filters: startDate=None, endDate=None, all=False
14:34:07 robot_of INFO No filters applied, returning all 200 trades
14:34:09 robot_of INFO API GET /status with query:  | filters: startDate=None, endDate=None, all=False
14:34:09 robot_of INFO No filters applied, returning all 200 trades
14:34:11 robot_of INFO API GET /status with query:  | filters: startDate=None, endDate=None, all=False
14:34:11 robot_of INFO No filters applied, returning all 200 trades
14:34:13 robot_of INFO API GET /status with query:  | filters: startDate=None, endDate=None, all=False
14:34:13 robot_of INFO No filters applied, returning all 200 trades
14:34:15 robot_of INFO API GET /status with query:  | filters: startDate=None, endDate=None, all=False
14:34:15 robot_of INFO No filters applied, returning all 200 trades
14:34:17 robot_of INFO API GET /status with query:  | filters: startDate=None, endDate=None, all=False
14:34:17 robot_of INFO No filters applied, returning all 200 trades
14:34:19 robot_of INFO API GET /status with query:  | filters: startDate=None, endDate=None, all=False
14:34:19 robot_of INFO No filters applied, returning all 200 trades
14:34:21 robot_of INFO API GET /status with query:  | filters: startDate=None, endDate=None, all=False
14:34:21 robot_of INFO No filters applied, returning all 200 trades
14:34:23 robot_of INFO API GET /status with query:  | filters: startDate=None, endDate=None, all=False
14:34:23 robot_of INFO No filters applied, returning all 200 trades
14:34:25 robot_of INFO API GET /status with query:  | filters: startDate=None, endDate=None, all=False
14:34:25 robot_of INFO No filters applied, returning all 200 trades
14:34:27 robot_of INFO API GET /status with query:  | filters: startDate=None, endDate=None, all=False
14:34:27 robot_of INFO No filters applied, returning all 200 trades
14:34:29 robot_of INFO API GET /status with query:  | filters: startDate=None, endDate=None, all=False
14:34:29 robot_of INFO No filters applied, returning all 200 trades
14:34:31 robot_of INFO API GET /status with query:  | filters: startDate=None, endDate=None, all=False
14:34:31 robot_of INFO No filters applied, returning all 200 trades
14:34:33 robot_of INFO API GET /status with query:  | filters: startDate=None, endDate=None, all=False
14:34:33 robot_of INFO No filters applied, returning all 200 trades
14:34:34 robot_of INFO API GET /status with query:  | filters: startDate=None, endDate=None, all=False
14:34:34 robot_of INFO No filters applied, returning all 200 trades
14:34:35 robot_of INFO API GET /status with query:  | filters: startDate=None, endDate=None, all=False
14:34:35 robot_of INFO No filters applied, returning all 200 trades
14:34:37 robot_of INFO API GET /status with query:  | filters: startDate=None, endDate=None, all=False
14:34:37 robot_of INFO No filters applied, returning all 200 trades
14:34:39 robot_of INFO API GET /status with query:  | filters: startDate=None, endDate=None, all=False
14:34:39 robot_of INFO No filters applied, returning all 200 trades
14:34:41 robot_of INFO API GET /status with query:  | filters: startDate=None, endDate=None, all=False
14:34:41 robot_of INFO No filters applied, returning all 200 trades
14:34:43 robot_of INFO API GET /status with query:  | filters: startDate=None, endDate=None, all=False
14:34:43 robot_of INFO No filters applied, returning all 200 trades
14:34:45 robot_of INFO API GET /status with query:  | filters: startDate=None, endDate=None, all=False
14:34:45 robot_of INFO No filters applied, returning all 200 trades
14:34:47 robot_of INFO API GET /status with query:  | filters: startDate=None, endDate=None, all=False
14:34:47 robot_of INFO No filters applied, returning all 200 trades
14:34:49 robot_of INFO API GET /status with query:  | filters: startDate=None, endDate=None, all=False
14:34:49 robot_of INFO No filters applied, returning all 200 trades
14:34:51 robot_of INFO API GET /status with query:  | filters: startDate=None, endDate=None, all=False
14:34:51 robot_of INFO No filters applied, returning all 200 trades
14:34:53 robot_of INFO API GET /status with query:  | filters: startDate=None, endDate=None, all=False
14:34:53 robot_of INFO No filters applied, returning all 200 trades
14:34:55 robot_of INFO API GET /status with query:  | filters: startDate=None, endDate=None, all=False
14:34:55 robot_of INFO No filters applied, returning all 200 trades
14:34:57 robot_of INFO API GET /status with query:  | filters: startDate=None, endDate=None, all=False
14:34:57 robot_of INFO No filters applied, returning all 200 trades
14:34:59 robot_of INFO API GET /status with query:  | filters: startDate=None, endDate=None, all=False
14:34:59 robot_of INFO No filters applied, returning all 200 trades
14:35:01 robot_of INFO API GET /status with query:  | filters: startDate=None, endDate=None, all=False
14:35:01 robot_of INFO No filters applied, returning all 200 trades
14:35:03 robot_of INFO API GET /status with query:  | filters: startDate=None, endDate=None, all=False
14:35:03 robot_of INFO No filters applied, returning all 200 trades
14:35:04 robot_of INFO API GET /status with query:  | filters: startDate=None, endDate=None, all=False
14:35:04 robot_of INFO No filters applied, returning all 200 trades
14:35:05 robot_of INFO API GET /status with query:  | filters: startDate=None, endDate=None, all=False
14:35:05 robot_of INFO No filters applied, returning all 200 trades
14:35:07 robot_of INFO API GET /status with query:  | filters: startDate=None, endDate=None, all=False
14:35:07 robot_of INFO No filters applied, returning all 200 trades
14:35:09 robot_of INFO API GET /status with query:  | filters: startDate=None, endDate=None, all=False
14:35:09 robot_of INFO No filters applied, returning all 200 trades
14:35:11 robot_of INFO API GET /status with query:  | filters: startDate=None, endDate=None, all=False
14:35:11 robot_of INFO No filters applied, returning all 200 trades
14:35:13 robot_of INFO API GET /status with query:  | filters: startDate=None, endDate=None, all=False
14:35:13 robot_of INFO No filters applied, returning all 200 trades
14:35:15 robot_of INFO API GET /status with query:  | filters: startDate=None, endDate=None, all=False
14:35:15 robot_of INFO No filters applied, returning all 200 trades
14:35:17 robot_of INFO API GET /status with query:  | filters: startDate=None, endDate=None, all=False
14:35:17 robot_of INFO No filters applied, returning all 200 trades
14:35:19 robot_of INFO API GET /status with query:  | filters: startDate=None, endDate=None, all=False
14:35:19 robot_of INFO No filters applied, returning all 200 trades
14:35:21 robot_of INFO API GET /status with query:  | filters: startDate=None, endDate=None, all=False
14:35:21 robot_of INFO No filters applied, returning all 200 trades
14:35:23 robot_of INFO API GET /status with query:  | filters: startDate=None, endDate=None, all=False
14:35:23 robot_of INFO No filters applied, returning all 200 trades
14:35:25 robot_of INFO API GET /status with query:  | filters: startDate=None, endDate=None, all=False
14:35:25 robot_of INFO No filters applied, returning all 200 trades
14:35:27 robot_of INFO API GET /status with query:  | filters: startDate=None, endDate=None, all=False
14:35:27 robot_of INFO No filters applied, returning all 200 trades
14:35:29 robot_of INFO API GET /status with query:  | filters: startDate=None, endDate=None, all=False
14:35:29 robot_of INFO No filters applied, returning all 200 trades
14:35:31 robot_of INFO API GET /status with query:  | filters: startDate=None, endDate=None, all=False
14:35:31 robot_of INFO No filters applied, returning all 200 trades
14:35:33 robot_of INFO API GET /status with query:  | filters: startDate=None, endDate=None, all=False
14:35:33 robot_of INFO No filters applied, returning all 200 trades
14:35:34 robot_of INFO API GET /status with query:  | filters: startDate=None, endDate=None, all=False
14:35:34 robot_of INFO No filters applied, returning all 200 trades
14:35:35 robot_of INFO API GET /status with query:  | filters: startDate=None, endDate=None, all=False
14:35:35 robot_of INFO No filters applied, returning all 200 trades
14:35:37 robot_of INFO API GET /status with query:  | filters: startDate=None, endDate=None, all=False
14:35:37 robot_of INFO No filters applied, returning all 200 trades
14:35:39 robot_of INFO API GET /status with query:  | filters: startDate=None, endDate=None, all=False
14:35:39 robot_of INFO No filters applied, returning all 200 trades
14:35:41 robot_of INFO API GET /status with query:  | filters: startDate=None, endDate=None, all=False
14:35:41 robot_of INFO No filters applied, returning all 200 trades
14:35:43 robot_of INFO API GET /status with query:  | filters: startDate=None, endDate=None, all=False
14:35:43 robot_of INFO No filters applied, returning all 200 trades
14:35:45 robot_of INFO API GET /status with query:  | filters: startDate=None, endDate=None, all=False
14:35:45 robot_of INFO No filters applied, returning all 200 trades
14:35:47 robot_of INFO API GET /status with query:  | filters: startDate=None, endDate=None, all=False
14:35:47 robot_of INFO No filters applied, returning all 200 trades
14:35:49 robot_of INFO API GET /status with query:  | filters: startDate=None, endDate=None, all=False
14:35:49 robot_of INFO No filters applied, returning all 200 trades
14:35:51 robot_of INFO API GET /status with query:  | filters: startDate=None, endDate=None, all=False
14:35:51 robot_of INFO No filters applied, returning all 200 trades
14:35:53 robot_of INFO API GET /status with query:  | filters: startDate=None, endDate=None, all=False
14:35:53 robot_of INFO No filters applied, returning all 200 trades
14:35:55 robot_of INFO API GET /status with query:  | filters: startDate=None, endDate=None, all=False
14:35:55 robot_of INFO No filters applied, returning all 200 trades
14:35:57 robot_of INFO API GET /status with query:  | filters: startDate=None, endDate=None, all=False
14:35:57 robot_of INFO No filters applied, returning all 200 trades
14:35:59 robot_of INFO API GET /status with query:  | filters: startDate=None, endDate=None, all=False
14:35:59 robot_of INFO No filters applied, returning all 200 trades
14:36:01 robot_of INFO API GET /status with query:  | filters: startDate=None, endDate=None, all=False
14:36:01 robot_of INFO No filters applied, returning all 200 trades
14:36:03 robot_of INFO API GET /status with query:  | filters: startDate=None, endDate=None, all=False
14:36:03 robot_of INFO No filters applied, returning all 200 trades
14:36:04 robot_of INFO API GET /status with query:  | filters: startDate=None, endDate=None, all=False
14:36:04 robot_of INFO No filters applied, returning all 200 trades
14:36:05 robot_of INFO API GET /status with query:  | filters: startDate=None, endDate=None, all=False
14:36:05 robot_of INFO No filters applied, returning all 200 trades
14:36:07 robot_of INFO API GET /status with query:  | filters: startDate=None, endDate=None, all=False
14:36:07 robot_of INFO No filters applied, returning all 200 trades
14:36:09 robot_of INFO API GET /status with query:  | filters: startDate=None, endDate=None, all=False
14:36:09 robot_of INFO No filters applied, returning all 200 trades
14:36:11 robot_of INFO API GET /status with query:  | filters: startDate=None, endDate=None, all=False
14:36:11 robot_of INFO No filters applied, returning all 200 trades
14:36:13 robot_of INFO API GET /status with query:  | filters: startDate=None, endDate=None, all=False
14:36:13 robot_of INFO No filters applied, returning all 200 trades
14:36:15 robot_of INFO API GET /status with query:  | filters: startDate=None, endDate=None, all=False
14:36:15 robot_of INFO No filters applied, returning all 200 trades
14:36:17 robot_of INFO API GET /status with query:  | filters: startDate=None, endDate=None, all=False
14:36:17 robot_of INFO No filters applied, returning all 200 trades
14:36:19 robot_of INFO API GET /status with query:  | filters: startDate=None, endDate=None, all=False
14:36:19 robot_of INFO No filters applied, returning all 200 trades
14:36:21 robot_of INFO API GET /status with query:  | filters: startDate=None, endDate=None, all=False
14:36:21 robot_of INFO No filters applied, returning all 200 trades
14:36:23 robot_of INFO API GET /status with query:  | filters: startDate=None, endDate=None, all=False
14:36:23 robot_of INFO No filters applied, returning all 200 trades
14:36:25 robot_of INFO API GET /status with query:  | filters: startDate=None, endDate=None, all=False
14:36:25 robot_of INFO No filters applied, returning all 200 trades
14:36:27 robot_of INFO API GET /status with query:  | filters: startDate=None, endDate=None, all=False
14:36:27 robot_of INFO No filters applied, returning all 200 trades
14:36:29 robot_of INFO API GET /status with query:  | filters: startDate=None, endDate=None, all=False
14:36:29 robot_of INFO No filters applied, returning all 200 trades
14:36:31 robot_of INFO API GET /status with query:  | filters: startDate=None, endDate=None, all=False
14:36:31 robot_of INFO No filters applied, returning all 200 trades
14:36:33 robot_of INFO API GET /status with query:  | filters: startDate=None, endDate=None, all=False
14:36:33 robot_of INFO No filters applied, returning all 200 trades
14:36:34 robot_of INFO API GET /status with query:  | filters: startDate=None, endDate=None, all=False
14:36:34 robot_of INFO No filters applied, returning all 200 trades
14:36:35 robot_of INFO API GET /status with query:  | filters: startDate=None, endDate=None, all=False
14:36:35 robot_of INFO No filters applied, returning all 200 trades
14:36:37 robot_of INFO API GET /status with query:  | filters: startDate=None, endDate=None, all=False
14:36:37 robot_of INFO No filters applied, returning all 200 trades
14:36:39 robot_of INFO API GET /status with query:  | filters: startDate=None, endDate=None, all=False
14:36:39 robot_of INFO No filters applied, returning all 200 trades
14:36:41 robot_of INFO API GET /status with query:  | filters: startDate=None, endDate=None, all=False
14:36:41 robot_of INFO No filters applied, returning all 200 trades
14:36:43 robot_of INFO API GET /status with query:  | filters: startDate=None, endDate=None, all=False
14:36:43 robot_of INFO No filters applied, returning all 200 trades
14:36:45 robot_of INFO API GET /status with query:  | filters: startDate=None, endDate=None, all=False
14:36:45 robot_of INFO No filters applied, returning all 200 trades
14:36:47 robot_of INFO API GET /status with query:  | filters: startDate=None, endDate=None, all=False
14:36:47 robot_of INFO No filters applied, returning all 200 trades
14:36:49 robot_of INFO API GET /status with query:  | filters: startDate=None, endDate=None, all=False
14:36:49 robot_of INFO No filters applied, returning all 200 trades
14:36:51 robot_of INFO API GET /status with query:  | filters: startDate=None, endDate=None, all=False
14:36:51 robot_of INFO No filters applied, returning all 200 trades
14:36:53 robot_of INFO API GET /status with query:  | filters: startDate=None, endDate=None, all=False
14:36:53 robot_of INFO No filters applied, returning all 200 trades
14:36:55 robot_of INFO API GET /status with query:  | filters: startDate=None, endDate=None, all=False
14:36:55 robot_of INFO No filters applied, returning all 200 trades
14:36:57 robot_of INFO API GET /status with query:  | filters: startDate=None, endDate=None, all=False
14:36:57 robot_of INFO No filters applied, returning all 200 trades
14:36:59 robot_of INFO API GET /status with query:  | filters: startDate=None, endDate=None, all=False
14:36:59 robot_of INFO No filters applied, returning all 200 trades
14:37:00 strategy_of INFO AVERAGE sell 2 @ 79226 | lvl 7/1000 | avg=79064 lots=14
14:37:00 robot_of INFO 📄 PAPER average: sell 2 @ 79226
14:37:01 robot_of INFO API GET /status with query:  | filters: startDate=None, endDate=None, all=False
14:37:01 robot_of INFO No filters applied, returning all 200 trades
14:37:03 robot_of INFO API GET /status with query:  | filters: startDate=None, endDate=None, all=False
14:37:03 robot_of INFO No filters applied, returning all 200 trades
14:37:04 robot_of INFO API GET /status with query:  | filters: startDate=None, endDate=None, all=False
14:37:04 robot_of INFO No filters applied, returning all 200 trades
14:37:05 robot_of INFO API GET /status with query:  | filters: startDate=None, endDate=None, all=False
14:37:05 robot_of INFO No filters applied, returning all 200 trades
14:37:07 robot_of INFO API GET /status with query:  | filters: startDate=None, endDate=None, all=False
14:37:07 robot_of INFO No filters applied, returning all 200 trades
14:37:09 robot_of INFO API GET /status with query:  | filters: startDate=None, endDate=None, all=False
14:37:09 robot_of INFO No filters applied, returning all 200 trades
14:37:11 robot_of INFO API GET /status with query:  | filters: startDate=None, endDate=None, all=False
14:37:11 robot_of INFO No filters applied, returning all 200 trades
14:37:13 robot_of INFO API GET /status with query:  | filters: startDate=None, endDate=None, all=False
14:37:13 robot_of INFO No filters applied, returning all 200 trades
14:37:15 robot_of INFO API GET /status with query:  | filters: startDate=None, endDate=None, all=False
14:37:15 robot_of INFO No filters applied, returning all 200 trades
14:37:17 robot_of INFO API GET /status with query:  | filters: startDate=None, endDate=None, all=False
14:37:17 robot_of INFO No filters applied, returning all 200 trades
14:37:19 robot_of INFO API GET /status with query:  | filters: startDate=None, endDate=None, all=False
14:37:19 robot_of INFO No filters applied, returning all 200 trades
14:37:21 robot_of INFO API GET /status with query:  | filters: startDate=None, endDate=None, all=False
14:37:21 robot_of INFO No filters applied, returning all 200 trades
14:37:23 robot_of INFO API GET /status with query:  | filters: startDate=None, endDate=None, all=False
14:37:23 robot_of INFO No filters applied, returning all 200 trades
14:37:25 robot_of INFO API GET /status with query:  | filters: startDate=None, endDate=None, all=False
14:37:25 robot_of INFO No filters applied, returning all 200 trades
14:37:27 robot_of INFO API GET /status with query:  | filters: startDate=None, endDate=None, all=False
14:37:27 robot_of INFO No filters applied, returning all 200 trades
14:37:29 robot_of INFO API GET /status with query:  | filters: startDate=None, endDate=None, all=False
14:37:29 robot_of INFO No filters applied, returning all 200 trades
14:37:31 robot_of INFO API GET /status with query:  | filters: startDate=None, endDate=None, all=False
14:37:31 robot_of INFO No filters applied, returning all 200 trades
14:37:33 robot_of INFO API GET /status with query:  | filters: startDate=None, endDate=None, all=False
14:37:33 robot_of INFO No filters applied, returning all 200 trades
14:37:34 robot_of INFO API GET /status with query:  | filters: startDate=None, endDate=None, all=False
14:37:34 robot_of INFO No filters applied, returning all 200 trades
14:37:35 robot_of INFO API GET /status with query:  | filters: startDate=None, endDate=None, all=False
14:37:35 robot_of INFO No filters applied, returning all 200 trades
14:37:36 strategy_of INFO AVERAGE sell 2 @ 79255 | lvl 8/1000 | avg=79088 lots=16
14:37:36 robot_of INFO 📄 PAPER average: sell 2 @ 79255
14:37:37 robot_of INFO API GET /status with query:  | filters: startDate=None, endDate=None, all=False
14:37:37 robot_of INFO No filters applied, returning all 200 trades
14:37:39 robot_of INFO API GET /status with query:  | filters: startDate=None, endDate=None, all=False
14:37:39 robot_of INFO No filters applied, returning all 200 trades
14:37:41 robot_of INFO API GET /status with query:  | filters: startDate=None, endDate=None, all=False
14:37:41 robot_of INFO No filters applied, returning all 200 trades
14:37:43 robot_of INFO API GET /status with query:  | filters: startDate=None, endDate=None, all=False
14:37:43 robot_of INFO No filters applied, returning all 200 trades
14:37:45 robot_of INFO API GET /status with query:  | filters: startDate=None, endDate=None, all=False
14:37:45 robot_of INFO No filters applied, returning all 200 trades
14:37:47 robot_of INFO API GET /status with query:  | filters: startDate=None, endDate=None, all=False
14:37:47 robot_of INFO No filters applied, returning all 200 trades
14:37:49 robot_of INFO API GET /status with query:  | filters: startDate=None, endDate=None, all=False
14:37:49 robot_of INFO No filters applied, returning all 200 trades
14:37:49 strategy_of INFO AVERAGE sell 2 @ 79280 | lvl 9/1000 | avg=79109 lots=18
14:37:49 robot_of INFO 📄 PAPER average: sell 2 @ 79280
14:37:51 robot_of INFO API GET /status with query:  | filters: startDate=None, endDate=None, all=False
14:37:51 robot_of INFO No filters applied, returning all 200 trades
14:37:53 robot_of INFO API GET /status with query:  | filters: startDate=None, endDate=None, all=False
14:37:53 robot_of INFO No filters applied, returning all 200 trades
14:37:55 robot_of INFO API GET /status with query:  | filters: startDate=None, endDate=None, all=False
14:37:55 robot_of INFO No filters applied, returning all 200 trades
14:37:57 robot_of INFO API GET /status with query:  | filters: startDate=None, endDate=None, all=False
14:37:57 robot_of INFO No filters applied, returning all 200 trades
14:37:57 strategy_of INFO AVERAGE sell 2 @ 79308 | lvl 10/1000 | avg=79129 lots=20
14:37:57 robot_of INFO 📄 PAPER average: sell 2 @ 79308
14:37:59 robot_of INFO API GET /status with query:  | filters: startDate=None, endDate=None, all=False
14:37:59 robot_of INFO No filters applied, returning all 200 trades
14:38:01 robot_of INFO API GET /status with query:  | filters: startDate=None, endDate=None, all=False
14:38:01 robot_of INFO No filters applied, returning all 200 trades
14:38:03 robot_of INFO API GET /status with query:  | filters: startDate=None, endDate=None, all=False
14:38:03 robot_of INFO No filters applied, returning all 200 trades
14:38:04 robot_of INFO API GET /status with query:  | filters: startDate=None, endDate=None, all=False
14:38:04 robot_of INFO No filters applied, returning all 200 trades
14:38:05 robot_of INFO API GET /status with query:  | filters: startDate=None, endDate=None, all=False
14:38:05 robot_of INFO No filters applied, returning all 200 trades
14:38:07 robot_of INFO API GET /status with query:  | filters: startDate=None, endDate=None, all=False
14:38:07 robot_of INFO No filters applied, returning all 200 trades
14:38:09 robot_of INFO API GET /status with query:  | filters: startDate=None, endDate=None, all=False
14:38:09 robot_of INFO No filters applied, returning all 200 trades
14:38:11 robot_of INFO API GET /status with query:  | filters: startDate=None, endDate=None, all=False
14:38:11 robot_of INFO No filters applied, returning all 200 trades
14:38:12 strategy_of INFO AVERAGE sell 2 @ 79334 | lvl 11/1000 | avg=79148 lots=22
14:38:12 robot_of INFO 📄 PAPER average: sell 2 @ 79334
14:38:13 robot_of INFO API GET /status with query:  | filters: startDate=None, endDate=None, all=False
14:38:13 robot_of INFO No filters applied, returning all 200 trades
14:38:15 robot_of INFO API GET /status with query:  | filters: startDate=None, endDate=None, all=False
14:38:15 robot_of INFO No filters applied, returning all 200 trades
14:38:17 robot_of INFO API GET /status with query:  | filters: startDate=None, endDate=None, all=False
14:38:17 robot_of INFO No filters applied, returning all 200 trades
14:38:19 robot_of INFO API GET /status with query:  | filters: startDate=None, endDate=None, all=False
14:38:19 robot_of INFO No filters applied, returning all 200 trades
14:38:21 robot_of INFO API GET /status with query:  | filters: startDate=None, endDate=None, all=False
14:38:21 robot_of INFO No filters applied, returning all 200 trades
14:38:23 robot_of INFO API GET /status with query:  | filters: startDate=None, endDate=None, all=False
14:38:23 robot_of INFO No filters applied, returning all 200 trades
14:38:25 robot_of INFO API GET /status with query:  | filters: startDate=None, endDate=None, all=False
14:38:25 robot_of INFO No filters applied, returning all 200 trades
14:38:27 robot_of INFO API GET /status with query:  | filters: startDate=None, endDate=None, all=False
14:38:27 robot_of INFO No filters applied, returning all 200 trades
14:38:29 robot_of INFO API GET /status with query:  | filters: startDate=None, endDate=None, all=False
14:38:29 robot_of INFO No filters applied, returning all 200 trades
14:38:29 robot_of INFO API GET /status with query:  | filters: startDate=None, endDate=None, all=False
14:38:29 robot_of INFO No filters applied, returning all 200 trades
14:38:31 robot_of INFO API GET /status with query:  | filters: startDate=None, endDate=None, all=False
14:38:31 robot_of INFO No filters applied, returning all 200 trades
14:38:33 robot_of INFO API GET /status with query:  | filters: startDate=None, endDate=None, all=False
14:38:33 robot_of INFO No filters applied, returning all 200 trades
14:38:34 robot_of INFO API GET /status with query:  | filters: startDate=None, endDate=None, all=False
14:38:34 robot_of INFO No filters applied, returning all 200 trades
14:38:35 robot_of INFO API GET /status with query:  | filters: startDate=None, endDate=None, all=False
14:38:35 robot_of INFO No filters applied, returning all 200 trades
14:38:37 robot_of INFO API GET /status with query:  | filters: startDate=None, endDate=None, all=False
14:38:37 robot_of INFO No filters applied, returning all 200 trades
14:38:39 robot_of INFO API GET /status with query:  | filters: startDate=None, endDate=None, all=False
14:38:39 robot_of INFO No filters applied, returning all 200 trades
14:38:41 robot_of INFO API GET /status with query:  | filters: startDate=None, endDate=None, all=False
14:38:41 robot_of INFO No filters applied, returning all 200 trades
14:38:43 robot_of INFO API GET /status with query:  | filters: startDate=None, endDate=None, all=False
14:38:43 robot_of INFO No filters applied, returning all 200 trades
14:38:45 robot_of INFO API GET /status with query:  | filters: startDate=None, endDate=None, all=False
14:38:45 robot_of INFO No filters applied, returning all 200 trades
14:38:46 robot_of INFO API GET /status with query:  | filters: startDate=None, endDate=None, all=False
14:38:46 robot_of INFO No filters applied, returning all 200 trades
14:38:47 robot_of INFO API GET /status with query:  | filters: startDate=None, endDate=None, all=False
14:38:47 robot_of INFO No filters applied, returning all 200 trades
14:38:49 robot_of INFO API GET /status with query:  | filters: startDate=None, endDate=None, all=False
14:38:49 robot_of INFO No filters applied, returning all 200 trades
14:38:51 robot_of INFO API GET /status with query:  | filters: startDate=None, endDate=None, all=False
14:38:51 robot_of INFO No filters applied, returning all 200 trades
14:38:51 strategy_of INFO AVERAGE sell 2 @ 79362 | lvl 12/1000 | avg=79166 lots=24
14:38:51 robot_of INFO 📄 PAPER average: sell 2 @ 79362
14:38:53 robot_of INFO API GET /status with query:  | filters: startDate=None, endDate=None, all=False
14:38:53 robot_of INFO No filters applied, returning all 200 trades
14:38:55 robot_of INFO API GET /status with query:  | filters: startDate=None, endDate=None, all=False
14:38:55 robot_of INFO No filters applied, returning all 200 trades
14:38:57 robot_of INFO API GET /status with query:  | filters: startDate=None, endDate=None, all=False
14:38:57 robot_of INFO No filters applied, returning all 200 trades
14:38:58 robot_of INFO API GET /status with query:  | filters: startDate=None, endDate=None, all=False
14:38:58 robot_of INFO No filters applied, returning all 200 trades
14:38:59 robot_of INFO API GET /status with query:  | filters: startDate=None, endDate=None, all=False
14:38:59 robot_of INFO No filters applied, returning all 200 trades
14:39:01 robot_of INFO API GET /status with query:  | filters: startDate=None, endDate=None, all=False
14:39:01 robot_of INFO No filters applied, returning all 200 trades
14:39:03 robot_of INFO API GET /status with query:  | filters: startDate=None, endDate=None, all=False
14:39:03 robot_of INFO No filters applied, returning all 200 trades
14:39:04 robot_of INFO API GET /status with query:  | filters: startDate=None, endDate=None, all=False
14:39:04 robot_of INFO No filters applied, returning all 200 trades
14:39:05 robot_of INFO API GET /status with query:  | filters: startDate=None, endDate=None, all=False
14:39:05 robot_of INFO No filters applied, returning all 200 trades
14:39:07 robot_of INFO API GET /status with query:  | filters: startDate=None, endDate=None, all=False
14:39:07 robot_of INFO No filters applied, returning all 200 trades
14:39:09 robot_of INFO API GET /status with query:  | filters: startDate=None, endDate=None, all=False
14:39:09 robot_of INFO No filters applied, returning all 200 trades
14:39:11 robot_of INFO API GET /status with query:  | filters: startDate=None, endDate=None, all=False
14:39:11 robot_of INFO No filters applied, returning all 200 trades
14:39:13 robot_of INFO API GET /status with query:  | filters: startDate=None, endDate=None, all=False
14:39:13 robot_of INFO No filters applied, returning all 200 trades
14:39:15 robot_of INFO API GET /status with query:  | filters: startDate=None, endDate=None, all=False
14:39:15 robot_of INFO No filters applied, returning all 200 trades
14:39:17 robot_of INFO API GET /status with query:  | filters: startDate=None, endDate=None, all=False
14:39:17 robot_of INFO No filters applied, returning all 200 trades
14:39:19 robot_of INFO API GET /status with query:  | filters: startDate=None, endDate=None, all=False
14:39:19 robot_of INFO No filters applied, returning all 200 trades
14:39:21 robot_of INFO API GET /status with query:  | filters: startDate=None, endDate=None, all=False
14:39:21 robot_of INFO No filters applied, returning all 200 trades
14:39:23 robot_of INFO API GET /status with query:  | filters: startDate=None, endDate=None, all=False
14:39:23 robot_of INFO No filters applied, returning all 200 trades
14:39:25 robot_of INFO API GET /status with query:  | filters: startDate=None, endDate=None, all=False
14:39:25 robot_of INFO No filters applied, returning all 200 trades
14:39:27 robot_of INFO API GET /status with query:  | filters: startDate=None, endDate=None, all=False
14:39:27 robot_of INFO No filters applied, returning all 200 trades
14:39:29 robot_of INFO API GET /status with query:  | filters: startDate=None, endDate=None, all=False
14:39:29 robot_of INFO No filters applied, returning all 200 trades
14:39:31 robot_of INFO API GET /status with query:  | filters: startDate=None, endDate=None, all=False
14:39:31 robot_of INFO No filters applied, returning all 200 trades
14:39:33 robot_of INFO API GET /status with query:  | filters: startDate=None, endDate=None, all=False
14:39:33 robot_of INFO No filters applied, returning all 200 trades
14:39:34 robot_of INFO API GET /status with query:  | filters: startDate=None, endDate=None, all=False
14:39:34 robot_of INFO No filters applied, returning all 200 trades
14:39:35 robot_of INFO API GET /status with query:  | filters: startDate=None, endDate=None, all=False
14:39:35 robot_of INFO No filters applied, returning all 200 trades
14:39:37 robot_of INFO API GET /status with query:  | filters: startDate=None, endDate=None, all=False
14:39:37 robot_of INFO No filters applied, returning all 200 trades
14:39:39 robot_of INFO API GET /status with query:  | filters: startDate=None, endDate=None, all=False
14:39:39 robot_of INFO No filters applied, returning all 200 trades
14:39:41 robot_of INFO API GET /status with query:  | filters: startDate=None, endDate=None, all=False
14:39:41 robot_of INFO No filters applied, returning all 200 trades
14:39:42 robot_of INFO API GET /status with query:  | filters: startDate=None, endDate=None, all=False
14:39:42 robot_of INFO No filters applied, returning all 200 trades
14:39:44 robot_of INFO API GET /status with query:  | filters: startDate=None, endDate=None, all=False
14:39:44 robot_of INFO No filters applied, returning all 200 trades
14:39:46 robot_of INFO API GET /status with query:  | filters: startDate=None, endDate=None, all=False
14:39:46 robot_of INFO No filters applied, returning all 200 trades
14:39:46 robot_of INFO API GET /status with query:  | filters: startDate=None, endDate=None, all=False
14:39:46 robot_of INFO No filters applied, returning all 200 trades
14:39:48 robot_of INFO API GET /status with query:  | filters: startDate=None, endDate=None, all=False
14:39:48 robot_of INFO No filters applied, returning all 200 trades
14:39:50 robot_of INFO API GET /status with query:  | filters: startDate=None, endDate=None, all=False
14:39:50 robot_of INFO No filters applied, returning all 200 trades
14:39:52 robot_of INFO API GET /status with query:  | filters: startDate=None, endDate=None, all=False
14:39:52 robot_of INFO No filters applied, returning all 200 trades
14:39:54 robot_of INFO API GET /status with query:  | filters: startDate=None, endDate=None, all=False
14:39:54 robot_of INFO No filters applied, returning all 200 trades
14:39:56 robot_of INFO API GET /status with query:  | filters: startDate=None, endDate=None, all=False
14:39:56 robot_of INFO No filters applied, returning all 200 trades
14:39:58 robot_of INFO API GET /status with query:  | filters: startDate=None, endDate=None, all=False
14:39:58 robot_of INFO No filters applied, returning all 200 trades
14:40:00 robot_of INFO API GET /status with query:  | filters: startDate=None, endDate=None, all=False
14:40:00 robot_of INFO No filters applied, returning all 200 trades
14:40:02 robot_of INFO API GET /status with query:  | filters: startDate=None, endDate=None, all=False
14:40:02 robot_of INFO No filters applied, returning all 200 trades
14:40:04 robot_of INFO API GET /status with query:  | filters: startDate=None, endDate=None, all=False
14:40:04 robot_of INFO No filters applied, returning all 200 trades
14:40:04 robot_of INFO API GET /status with query:  | filters: startDate=None, endDate=None, all=False
14:40:04 robot_of INFO No filters applied, returning all 200 trades
14:40:06 robot_of INFO API GET /status with query:  | filters: startDate=None, endDate=None, all=False
14:40:06 robot_of INFO No filters applied, returning all 200 trades
14:40:08 robot_of INFO API GET /status with query:  | filters: startDate=None, endDate=None, all=False
14:40:08 robot_of INFO No filters applied, returning all 200 trades
14:40:10 robot_of INFO API GET /status with query:  | filters: startDate=None, endDate=None, all=False
14:40:10 robot_of INFO No filters applied, returning all 200 trades
14:40:12 robot_of INFO API GET /status with query:  | filters: startDate=None, endDate=None, all=False
14:40:12 robot_of INFO No filters applied, returning all 200 trades
14:40:14 robot_of INFO API GET /status with query:  | filters: startDate=None, endDate=None, all=False
14:40:14 robot_of INFO No filters applied, returning all 200 trades
14:40:16 robot_of INFO API GET /status with query:  | filters: startDate=None, endDate=None, all=False
14:40:16 robot_of INFO No filters applied, returning all 200 trades
14:40:18 robot_of INFO API GET /status with query:  | filters: startDate=None, endDate=None, all=False
14:40:18 robot_of INFO No filters applied, returning all 200 trades
14:40:20 robot_of INFO API GET /status with query:  | filters: startDate=None, endDate=None, all=False
14:40:20 robot_of INFO No filters applied, returning all 200 trades
14:40:22 robot_of INFO API GET /status with query:  | filters: startDate=None, endDate=None, all=False
14:40:22 robot_of INFO No filters applied, returning all 200 trades
14:40:24 robot_of INFO API GET /status with query:  | filters: startDate=None, endDate=None, all=False
14:40:24 robot_of INFO No filters applied, returning all 200 trades
14:40:26 robot_of INFO API GET /status with query:  | filters: startDate=None, endDate=None, all=False
14:40:26 robot_of INFO No filters applied, returning all 200 trades
14:40:28 robot_of INFO API GET /status with query:  | filters: startDate=None, endDate=None, all=False
14:40:28 robot_of INFO No filters applied, returning all 200 trades
14:40:30 robot_of INFO API GET /status with query:  | filters: startDate=None, endDate=None, all=False
14:40:30 robot_of INFO No filters applied, returning all 200 trades
14:40:32 robot_of INFO API GET /status with query:  | filters: startDate=None, endDate=None, all=False
14:40:32 robot_of INFO No filters applied, returning all 200 trades
14:40:34 robot_of INFO API GET /status with query:  | filters: startDate=None, endDate=None, all=False
14:40:34 robot_of INFO No filters applied, returning all 200 trades
14:40:34 robot_of INFO API GET /status with query:  | filters: startDate=None, endDate=None, all=False
14:40:34 robot_of INFO No filters applied, returning all 200 trades
14:40:36 robot_of INFO API GET /status with query:  | filters: startDate=None, endDate=None, all=False
14:40:36 robot_of INFO No filters applied, returning all 200 trades
14:40:38 robot_of INFO API GET /status with query:  | filters: startDate=None, endDate=None, all=False
14:40:38 robot_of INFO No filters applied, returning all 200 trades
14:40:40 robot_of INFO API GET /status with query:  | filters: startDate=None, endDate=None, all=False
14:40:40 robot_of INFO No filters applied, returning all 200 trades
14:40:42 robot_of INFO API GET /status with query:  | filters: startDate=None, endDate=None, all=False
14:40:42 robot_of INFO No filters applied, returning all 200 trades
14:40:44 robot_of INFO API GET /status with query:  | filters: startDate=None, endDate=None, all=False
14:40:44 robot_of INFO No filters applied, returning all 200 trades
14:40:46 robot_of INFO API GET /status with query:  | filters: startDate=None, endDate=None, all=False
14:40:46 robot_of INFO No filters applied, returning all 200 trades
14:40:46 strategy_of INFO PARTIAL_TP buy 2 @ 79316 | pnl=+86₽ | remaining=22
14:40:46 robot_of INFO 📄 PAPER partial_tp: buy 2 realized=86₽
14:40:48 robot_of INFO API GET /status with query:  | filters: startDate=None, endDate=None, all=False
14:40:48 robot_of INFO No filters applied, returning all 200 trades
14:40:50 robot_of INFO API GET /status with query:  | filters: startDate=None, endDate=None, all=False
14:40:50 robot_of INFO No filters applied, returning all 200 trades
14:40:52 robot_of INFO API GET /status with query:  | filters: startDate=None, endDate=None, all=False
14:40:52 robot_of INFO No filters applied, returning all 200 trades
14:40:54 robot_of INFO API GET /status with query:  | filters: startDate=None, endDate=None, all=False
14:40:54 robot_of INFO No filters applied, returning all 200 trades
14:40:56 robot_of INFO API GET /status with query:  | filters: startDate=None, endDate=None, all=False
14:40:56 robot_of INFO No filters applied, returning all 200 trades
14:40:58 robot_of INFO API GET /status with query:  | filters: startDate=None, endDate=None, all=False
14:40:58 robot_of INFO No filters applied, returning all 200 trades
14:41:00 robot_of INFO API GET /status with query:  | filters: startDate=None, endDate=None, all=False
14:41:00 robot_of INFO No filters applied, returning all 200 trades
14:41:02 robot_of INFO API GET /status with query:  | filters: startDate=None, endDate=None, all=False
14:41:02 robot_of INFO No filters applied, returning all 200 trades
14:41:04 robot_of INFO API GET /status with query:  | filters: startDate=None, endDate=None, all=False
14:41:04 robot_of INFO No filters applied, returning all 200 trades
14:41:04 robot_of INFO API GET /status with query:  | filters: startDate=None, endDate=None, all=False
14:41:04 robot_of INFO No filters applied, returning all 200 trades
14:41:06 robot_of INFO API GET /status with query:  | filters: startDate=None, endDate=None, all=False
14:41:06 robot_of INFO No filters applied, returning all 200 trades
14:41:08 robot_of INFO API GET /status with query:  | filters: startDate=None, endDate=None, all=False
14:41:08 robot_of INFO No filters applied, returning all 200 trades
14:41:10 robot_of INFO API GET /status with query:  | filters: startDate=None, endDate=None, all=False
14:41:10 robot_of INFO No filters applied, returning all 200 trades
14:41:12 robot_of INFO API GET /status with query:  | filters: startDate=None, endDate=None, all=False
14:41:12 robot_of INFO No filters applied, returning all 200 trades
14:41:14 robot_of INFO API GET /status with query:  | filters: startDate=None, endDate=None, all=False
14:41:14 robot_of INFO No filters applied, returning all 200 trades
14:41:16 robot_of INFO API GET /status with query:  | filters: startDate=None, endDate=None, all=False
14:41:16 robot_of INFO No filters applied, returning all 200 trades
14:41:18 robot_of INFO API GET /status with query:  | filters: startDate=None, endDate=None, all=False
14:41:18 robot_of INFO No filters applied, returning all 200 trades
14:41:20 robot_of INFO API GET /status with query:  | filters: startDate=None, endDate=None, all=False
14:41:20 robot_of INFO No filters applied, returning all 200 trades
14:41:22 robot_of INFO API GET /status with query:  | filters: startDate=None, endDate=None, all=False
14:41:22 robot_of INFO No filters applied, returning all 200 trades
14:41:24 robot_of INFO API GET /status with query:  | filters: startDate=None, endDate=None, all=False
14:41:24 robot_of INFO No filters applied, returning all 200 trades
14:41:26 robot_of INFO API GET /status with query:  | filters: startDate=None, endDate=None, all=False
14:41:26 robot_of INFO No filters applied, returning all 200 trades
14:41:28 robot_of INFO API GET /status with query:  | filters: startDate=None, endDate=None, all=False
14:41:28 robot_of INFO No filters applied, returning all 200 trades
14:41:30 robot_of INFO API GET /status with query:  | filters: startDate=None, endDate=None, all=False
14:41:30 robot_of INFO No filters applied, returning all 200 trades
14:41:32 robot_of INFO API GET /status with query:  | filters: startDate=None, endDate=None, all=False
14:41:32 robot_of INFO No filters applied, returning all 200 trades
14:41:34 robot_of INFO API GET /status with query:  | filters: startDate=None, endDate=None, all=False
14:41:34 robot_of INFO No filters applied, returning all 200 trades
14:41:34 robot_of INFO API GET /status with query:  | filters: startDate=None, endDate=None, all=False
14:41:34 robot_of INFO No filters applied, returning all 200 trades
14:41:36 robot_of INFO API GET /status with query:  | filters: startDate=None, endDate=None, all=False
14:41:36 robot_of INFO No filters applied, returning all 200 trades
14:41:38 robot_of INFO API GET /status with query:  | filters: startDate=None, endDate=None, all=False
14:41:38 robot_of INFO No filters applied, returning all 200 trades
14:41:40 robot_of INFO API GET /status with query:  | filters: startDate=None, endDate=None, all=False
14:41:40 robot_of INFO No filters applied, returning all 200 trades
14:41:42 robot_of INFO API GET /status with query:  | filters: startDate=None, endDate=None, all=False
14:41:42 robot_of INFO No filters applied, returning all 200 trades
14:41:44 robot_of INFO API GET /status with query:  | filters: startDate=None, endDate=None, all=False
14:41:44 robot_of INFO No filters applied, returning all 200 trades
14:41:46 robot_of INFO API GET /status with query:  | filters: startDate=None, endDate=None, all=False
14:41:46 robot_of INFO No filters applied, returning all 200 trades
14:41:48 robot_of INFO API GET /status with query:  | filters: startDate=None, endDate=None, all=False
14:41:48 robot_of INFO No filters applied, returning all 200 trades
14:41:50 robot_of INFO API GET /status with query:  | filters: startDate=None, endDate=None, all=False
14:41:50 robot_of INFO No filters applied, returning all 200 trades
14:41:52 robot_of INFO API GET /status with query:  | filters: startDate=None, endDate=None, all=False
14:41:52 robot_of INFO No filters applied, returning all 200 trades
14:41:54 robot_of INFO API GET /status with query:  | filters: startDate=None, endDate=None, all=False
14:41:54 robot_of INFO No filters applied, returning all 200 trades
14:41:56 robot_of INFO API GET /status with query:  | filters: startDate=None, endDate=None, all=False
14:41:56 robot_of INFO No filters applied, returning all 200 trades
14:41:58 robot_of INFO API GET /status with query:  | filters: startDate=None, endDate=None, all=False
14:41:58 robot_of INFO No filters applied, returning all 200 trades
14:42:00 robot_of INFO API GET /status with query:  | filters: startDate=None, endDate=None, all=False
14:42:00 robot_of INFO No filters applied, returning all 200 trades
14:42:02 robot_of INFO API GET /status with query:  | filters: startDate=None, endDate=None, all=False
14:42:02 robot_of INFO No filters applied, returning all 200 trades
14:42:04 robot_of INFO API GET /status with query:  | filters: startDate=None, endDate=None, all=False
14:42:04 robot_of INFO No filters applied, returning all 200 trades
14:42:04 robot_of INFO API GET /status with query:  | filters: startDate=None, endDate=None, all=False
14:42:04 robot_of INFO No filters applied, returning all 200 trades
14:42:06 robot_of INFO API GET /status with query:  | filters: startDate=None, endDate=None, all=False
14:42:06 robot_of INFO No filters applied, returning all 200 trades
14:42:08 robot_of INFO API GET /status with query:  | filters: startDate=None, endDate=None, all=False
14:42:08 robot_of INFO No filters applied, returning all 200 trades
14:42:10 robot_of INFO API GET /status with query:  | filters: startDate=None, endDate=None, all=False
14:42:10 robot_of INFO No filters applied, returning all 200 trades
14:42:12 robot_of INFO API GET /status with query:  | filters: startDate=None, endDate=None, all=False
14:42:12 robot_of INFO No filters applied, returning all 200 trades
14:42:14 robot_of INFO API GET /status with query:  | filters: startDate=None, endDate=None, all=False
14:42:14 robot_of INFO No filters applied, returning all 200 trades
14:42:16 robot_of INFO API GET /status with query:  | filters: startDate=None, endDate=None, all=False
14:42:16 robot_of INFO No filters applied, returning all 200 trades
14:42:18 robot_of INFO API GET /status with query:  | filters: startDate=None, endDate=None, all=False
14:42:18 robot_of INFO No filters applied, returning all 200 trades
14:42:20 robot_of INFO API GET /status with query:  | filters: startDate=None, endDate=None, all=False
14:42:20 robot_of INFO No filters applied, returning all 200 trades
14:42:20 robot_of INFO API GET /status with query:  | filters: startDate=None, endDate=None, all=False
14:42:20 robot_of INFO No filters applied, returning all 200 trades
14:42:22 robot_of INFO API GET /status with query:  | filters: startDate=None, endDate=None, all=False
14:42:22 robot_of INFO No filters applied, returning all 200 trades
14:42:24 robot_of INFO API GET /status with query:  | filters: startDate=None, endDate=None, all=False
14:42:24 robot_of INFO No filters applied, returning all 200 trades
14:42:26 robot_of INFO API GET /status with query:  | filters: startDate=None, endDate=None, all=False
14:42:26 robot_of INFO No filters applied, returning all 200 trades
14:42:27 strategy_of INFO AVERAGE sell 2 @ 79362 | lvl 13/1000 | avg=79166 lots=24
14:42:27 robot_of INFO 📄 PAPER average: sell 2 @ 79362
14:42:28 robot_of INFO API GET /status with query:  | filters: startDate=None, endDate=None, all=False
14:42:28 robot_of INFO No filters applied, returning all 200 trades
14:42:30 robot_of INFO API GET /status with query:  | filters: startDate=None, endDate=None, all=False
14:42:30 robot_of INFO No filters applied, returning all 200 trades
14:42:32 robot_of INFO API GET /status with query:  | filters: startDate=None, endDate=None, all=False
14:42:32 robot_of INFO No filters applied, returning all 200 trades
14:42:34 robot_of INFO API GET /status with query:  | filters: startDate=None, endDate=None, all=False
14:42:34 robot_of INFO No filters applied, returning all 200 trades
14:42:34 robot_of INFO API GET /status with query:  | filters: startDate=None, endDate=None, all=False
14:42:34 robot_of INFO No filters applied, returning all 200 trades
14:42:36 robot_of INFO API GET /status with query:  | filters: startDate=None, endDate=None, all=False
14:42:36 robot_of INFO No filters applied, returning all 200 trades
14:42:38 robot_of INFO API GET /status with query:  | filters: startDate=None, endDate=None, all=False
14:42:38 robot_of INFO No filters applied, returning all 200 trades
14:42:40 robot_of INFO API GET /status with query:  | filters: startDate=None, endDate=None, all=False
14:42:40 robot_of INFO No filters applied, returning all 200 trades
14:42:42 robot_of INFO API GET /status with query:  | filters: startDate=None, endDate=None, all=False
14:42:42 robot_of INFO No filters applied, returning all 200 trades
14:42:44 robot_of INFO API GET /status with query:  | filters: startDate=None, endDate=None, all=False
14:42:44 robot_of INFO No filters applied, returning all 200 trades
14:42:46 robot_of INFO API GET /status with query:  | filters: startDate=None, endDate=None, all=False
14:42:46 robot_of INFO No filters applied, returning all 200 trades
14:42:48 robot_of INFO API GET /status with query:  | filters: startDate=None, endDate=None, all=False
14:42:48 robot_of INFO No filters applied, returning all 200 trades
14:42:50 robot_of INFO API GET /status with query:  | filters: startDate=None, endDate=None, all=False
14:42:50 robot_of INFO No filters applied, returning all 200 trades
14:42:52 robot_of INFO API GET /status with query:  | filters: startDate=None, endDate=None, all=False
14:42:52 robot_of INFO No filters applied, returning all 200 trades
14:42:54 robot_of INFO API GET /status with query:  | filters: startDate=None, endDate=None, all=False
14:42:54 robot_of INFO No filters applied, returning all 200 trades
14:42:56 robot_of INFO API GET /status with query:  | filters: startDate=None, endDate=None, all=False
14:42:56 robot_of INFO No filters applied, returning all 200 trades
14:42:58 robot_of INFO API GET /status with query:  | filters: startDate=None, endDate=None, all=False
14:42:58 robot_of INFO No filters applied, returning all 200 trades
14:43:00 robot_of INFO API GET /status with query:  | filters: startDate=None, endDate=None, all=False
14:43:00 robot_of INFO No filters applied, returning all 200 trades
14:43:01 strategy_of INFO AVERAGE sell 2 @ 79390 | lvl 14/1000 | avg=79183 lots=26
14:43:01 robot_of INFO 📄 PAPER average: sell 2 @ 79390
14:43:02 robot_of INFO API GET /status with query:  | filters: startDate=None, endDate=None, all=False
14:43:02 robot_of INFO No filters applied, returning all 200 trades
14:43:04 robot_of INFO API GET /status with query:  | filters: startDate=None, endDate=None, all=False
14:43:04 robot_of INFO No filters applied, returning all 200 trades
14:43:04 robot_of INFO API GET /status with query:  | filters: startDate=None, endDate=None, all=False
14:43:04 robot_of INFO No filters applied, returning all 200 trades
14:43:06 robot_of INFO API GET /status with query:  | filters: startDate=None, endDate=None, all=False
14:43:06 robot_of INFO No filters applied, returning all 200 trades
14:43:07 strategy_of INFO AVERAGE sell 2 @ 79436 | lvl 15/1000 | avg=79201 lots=28
14:43:07 robot_of INFO 📄 PAPER average: sell 2 @ 79436
14:43:08 robot_of INFO API GET /status with query:  | filters: startDate=None, endDate=None, all=False
14:43:08 robot_of INFO No filters applied, returning all 200 trades
14:43:10 robot_of INFO API GET /status with query:  | filters: startDate=None, endDate=None, all=False
14:43:10 robot_of INFO No filters applied, returning all 200 trades
14:43:12 robot_of INFO API GET /status with query:  | filters: startDate=None, endDate=None, all=False
14:43:12 robot_of INFO No filters applied, returning all 200 trades
14:43:14 robot_of INFO API GET /status with query:  | filters: startDate=None, endDate=None, all=False
14:43:14 robot_of INFO No filters applied, returning all 200 trades
14:43:16 robot_of INFO API GET /status with query:  | filters: startDate=None, endDate=None, all=False
14:43:16 robot_of INFO No filters applied, returning all 200 trades
14:43:18 strategy_of INFO AVERAGE sell 2 @ 79464 | lvl 16/1000 | avg=79218 lots=30
14:43:18 robot_of INFO 📄 PAPER average: sell 2 @ 79464
14:43:18 robot_of INFO API GET /status with query:  | filters: startDate=None, endDate=None, all=False
14:43:18 robot_of INFO No filters applied, returning all 200 trades
14:43:20 robot_of INFO API GET /status with query:  | filters: startDate=None, endDate=None, all=False
14:43:20 robot_of INFO No filters applied, returning all 200 trades
14:43:22 robot_of INFO API GET /status with query:  | filters: startDate=None, endDate=None, all=False
14:43:22 robot_of INFO No filters applied, returning all 200 trades
14:43:24 strategy_of INFO PARTIAL_TP buy 2 @ 79406 | pnl=+111₽ | remaining=28
14:43:24 robot_of INFO 📄 PAPER partial_tp: buy 2 realized=111₽
14:43:24 robot_of INFO API GET /status with query:  | filters: startDate=None, endDate=None, all=False
14:43:24 robot_of INFO No filters applied, returning all 200 trades
14:43:26 robot_of INFO API GET /status with query:  | filters: startDate=None, endDate=None, all=False
14:43:26 robot_of INFO No filters applied, returning all 200 trades
14:43:28 robot_of INFO API GET /status with query:  | filters: startDate=None, endDate=None, all=False
14:43:28 robot_of INFO No filters applied, returning all 200 trades
14:43:30 robot_of INFO API GET /status with query:  | filters: startDate=None, endDate=None, all=False
14:43:30 robot_of INFO No filters applied, returning all 200 trades
14:43:32 robot_of INFO API GET /status with query:  | filters: startDate=None, endDate=None, all=False
14:43:32 robot_of INFO No filters applied, returning all 200 trades
14:43:34 robot_of INFO API GET /status with query:  | filters: startDate=None, endDate=None, all=False
14:43:34 robot_of INFO No filters applied, returning all 200 trades
14:43:34 robot_of INFO API GET /status with query:  | filters: startDate=None, endDate=None, all=False
14:43:34 robot_of INFO No filters applied, returning all 200 trades
14:43:36 robot_of INFO API GET /status with query:  | filters: startDate=None, endDate=None, all=False
14:43:36 robot_of INFO No filters applied, returning all 200 trades
14:43:38 robot_of INFO API GET /status with query:  | filters: startDate=None, endDate=None, all=False
14:43:38 robot_of INFO No filters applied, returning all 200 trades
14:43:40 robot_of INFO API GET /status with query:  | filters: startDate=None, endDate=None, all=False
14:43:40 robot_of INFO No filters applied, returning all 200 trades
14:43:42 robot_of INFO API GET /status with query:  | filters: startDate=None, endDate=None, all=False
14:43:42 robot_of INFO No filters applied, returning all 200 trades
14:43:44 robot_of INFO API GET /status with query:  | filters: startDate=None, endDate=None, all=False
14:43:44 robot_of INFO No filters applied, returning all 200 trades
14:43:46 strategy_of INFO AVERAGE sell 2 @ 79462 | lvl 17/1000 | avg=79218 lots=30
14:43:46 robot_of INFO 📄 PAPER average: sell 2 @ 79462
14:43:46 robot_of INFO API GET /status with query:  | filters: startDate=None, endDate=None, all=False
14:43:46 robot_of INFO No filters applied, returning all 200 trades
14:43:48 robot_of INFO API GET /status with query:  | filters: startDate=None, endDate=None, all=False
14:43:48 robot_of INFO No filters applied, returning all 200 trades
14:43:50 robot_of INFO API GET /status with query:  | filters: startDate=None, endDate=None, all=False
14:43:50 robot_of INFO No filters applied, returning all 200 trades
14:43:52 robot_of INFO API GET /status with query:  | filters: startDate=None, endDate=None, all=False
14:43:52 robot_of INFO No filters applied, returning all 200 trades
14:43:54 robot_of INFO API GET /status with query:  | filters: startDate=None, endDate=None, all=False
14:43:54 robot_of INFO No filters applied, returning all 200 trades
14:43:56 robot_of INFO API GET /status with query:  | filters: startDate=None, endDate=None, all=False
14:43:56 robot_of INFO No filters applied, returning all 200 trades
14:43:58 robot_of INFO API GET /status with query:  | filters: startDate=None, endDate=None, all=False
14:43:58 robot_of INFO No filters applied, returning all 200 trades
14:44:00 robot_of INFO API GET /status with query:  | filters: startDate=None, endDate=None, all=False
14:44:00 robot_of INFO No filters applied, returning all 200 trades
14:44:02 robot_of INFO API GET /status with query:  | filters: startDate=None, endDate=None, all=False
14:44:02 robot_of INFO No filters applied, returning all 200 trades
14:44:04 robot_of INFO API GET /status with query:  | filters: startDate=None, endDate=None, all=False
14:44:04 robot_of INFO No filters applied, returning all 200 trades
14:44:04 robot_of INFO API GET /status with query:  | filters: startDate=None, endDate=None, all=False
14:44:04 robot_of INFO No filters applied, returning all 200 trades
14:44:06 robot_of INFO API GET /status with query:  | filters: startDate=None, endDate=None, all=False
14:44:06 robot_of INFO No filters applied, returning all 200 trades
14:44:08 robot_of INFO API GET /status with query:  | filters: startDate=None, endDate=None, all=False
14:44:08 robot_of INFO No filters applied, returning all 200 trades
14:44:10 robot_of INFO API GET /status with query:  | filters: startDate=None, endDate=None, all=False
14:44:10 robot_of INFO No filters applied, returning all 200 trades
14:44:10 strategy_of INFO PARTIAL_TP buy 2 @ 79400 | pnl=+119₽ | remaining=28
14:44:10 robot_of INFO 📄 PAPER partial_tp: buy 2 realized=119₽
14:44:12 robot_of INFO API GET /status with query:  | filters: startDate=None, endDate=None, all=False
14:44:12 robot_of INFO No filters applied, returning all 200 trades
14:44:14 robot_of INFO API GET /status with query:  | filters: startDate=None, endDate=None, all=False
14:44:14 robot_of INFO No filters applied, returning all 200 trades
14:44:16 robot_of INFO API GET /status with query:  | filters: startDate=None, endDate=None, all=False
14:44:16 robot_of INFO No filters applied, returning all 200 trades
14:44:18 robot_of INFO API GET /status with query:  | filters: startDate=None, endDate=None, all=False
14:44:18 robot_of INFO No filters applied, returning all 200 trades
14:44:20 robot_of INFO API GET /status with query:  | filters: startDate=None, endDate=None, all=False
14:44:20 robot_of INFO No filters applied, returning all 200 trades
14:44:22 robot_of INFO API GET /status with query:  | filters: startDate=None, endDate=None, all=False
14:44:22 robot_of INFO No filters applied, returning all 200 trades
14:44:24 robot_of INFO API GET /status with query:  | filters: startDate=None, endDate=None, all=False
14:44:24 robot_of INFO No filters applied, returning all 200 trades
14:44:26 robot_of INFO API GET /status with query:  | filters: startDate=None, endDate=None, all=False
14:44:26 robot_of INFO No filters applied, returning all 200 trades
14:44:28 robot_of INFO API GET /status with query:  | filters: startDate=None, endDate=None, all=False
14:44:28 robot_of INFO No filters applied, returning all 200 trades
14:44:30 robot_of INFO API GET /status with query:  | filters: startDate=None, endDate=None, all=False
14:44:30 robot_of INFO No filters applied, returning all 200 trades
14:44:32 robot_of INFO API GET /status with query:  | filters: startDate=None, endDate=None, all=False
14:44:32 robot_of INFO No filters applied, returning all 200 trades
14:44:33 strategy_of INFO PARTIAL_TP buy 2 @ 79382 | pnl=+104₽ | remaining=26
14:44:33 robot_of INFO 📄 PAPER partial_tp: buy 2 realized=104₽
14:44:34 robot_of INFO API GET /status with query:  | filters: startDate=None, endDate=None, all=False
14:44:34 robot_of INFO No filters applied, returning all 200 trades
14:44:34 robot_of INFO API GET /status with query:  | filters: startDate=None, endDate=None, all=False
14:44:34 robot_of INFO No filters applied, returning all 200 trades
14:44:36 robot_of INFO API GET /status with query:  | filters: startDate=None, endDate=None, all=False
14:44:36 robot_of INFO No filters applied, returning all 200 trades
14:44:38 robot_of INFO API GET /status with query:  | filters: startDate=None, endDate=None, all=False
14:44:38 robot_of INFO No filters applied, returning all 200 trades
14:44:40 robot_of INFO API GET /status with query:  | filters: startDate=None, endDate=None, all=False
14:44:40 robot_of INFO No filters applied, returning all 200 trades
14:44:42 robot_of INFO API GET /status with query:  | filters: startDate=None, endDate=None, all=False
14:44:42 robot_of INFO No filters applied, returning all 200 trades
14:44:44 robot_of INFO API GET /status with query:  | filters: startDate=None, endDate=None, all=False
14:44:44 robot_of INFO No filters applied, returning all 200 trades
14:44:46 robot_of INFO API GET /status with query:  | filters: startDate=None, endDate=None, all=False
14:44:46 robot_of INFO No filters applied, returning all 200 trades
14:44:48 robot_of INFO API GET /status with query:  | filters: startDate=None, endDate=None, all=False
14:44:48 robot_of INFO No filters applied, returning all 200 trades
14:44:50 robot_of INFO API GET /status with query:  | filters: startDate=None, endDate=None, all=False
14:44:50 robot_of INFO No filters applied, returning all 200 trades
14:44:52 robot_of INFO API GET /status with query:  | filters: startDate=None, endDate=None, all=False
14:44:52 robot_of INFO No filters applied, returning all 200 trades
14:44:54 robot_of INFO API GET /status with query:  | filters: startDate=None, endDate=None, all=False
14:44:54 robot_of INFO No filters applied, returning all 200 trades
14:44:56 robot_of INFO API GET /status with query:  | filters: startDate=None, endDate=None, all=False
14:44:56 robot_of INFO No filters applied, returning all 200 trades
14:44:58 robot_of INFO API GET /status with query:  | filters: startDate=None, endDate=None, all=False
14:44:58 robot_of INFO No filters applied, returning all 200 trades
14:45:00 robot_of INFO API GET /status with query:  | filters: startDate=None, endDate=None, all=False
14:45:00 robot_of INFO No filters applied, returning all 200 trades
14:45:02 robot_of INFO API GET /status with query:  | filters: startDate=None, endDate=None, all=False
14:45:02 robot_of INFO No filters applied, returning all 200 trades
14:45:04 robot_of INFO API GET /status with query:  | filters: startDate=None, endDate=None, all=False
14:45:04 robot_of INFO No filters applied, returning all 200 trades
14:45:04 robot_of INFO API GET /status with query:  | filters: startDate=None, endDate=None, all=False
14:45:04 robot_of INFO No filters applied, returning all 200 trades
14:45:06 robot_of INFO API GET /status with query:  | filters: startDate=None, endDate=None, all=False
14:45:06 robot_of INFO No filters applied, returning all 200 trades
14:45:07 strategy_of INFO AVERAGE sell 2 @ 79416 | lvl 18/1000 | avg=79200 lots=28
14:45:07 robot_of INFO 📄 PAPER average: sell 2 @ 79416
14:45:08 robot_of INFO API GET /status with query:  | filters: startDate=None, endDate=None, all=False
14:45:08 robot_of INFO No filters applied, returning all 200 trades
14:45:10 robot_of INFO API GET /status with query:  | filters: startDate=None, endDate=None, all=False
14:45:10 robot_of INFO No filters applied, returning all 200 trades
14:45:12 robot_of INFO API GET /status with query:  | filters: startDate=None, endDate=None, all=False
14:45:12 robot_of INFO No filters applied, returning all 200 trades
14:45:14 strategy_of INFO PARTIAL_TP buy 2 @ 79369 | pnl=+90₽ | remaining=26
14:45:14 robot_of INFO 📄 PAPER partial_tp: buy 2 realized=90₽
14:45:14 robot_of INFO API GET /status with query:  | filters: startDate=None, endDate=None, all=False
14:45:14 robot_of INFO No filters applied, returning all 200 trades
14:45:16 robot_of INFO API GET /status with query:  | filters: startDate=None, endDate=None, all=False
14:45:16 robot_of INFO No filters applied, returning all 200 trades
14:45:18 robot_of INFO API GET /status with query:  | filters: startDate=None, endDate=None, all=False
14:45:18 robot_of INFO No filters applied, returning all 200 trades
14:45:20 robot_of INFO API GET /status with query:  | filters: startDate=None, endDate=None, all=False
14:45:20 robot_of INFO No filters applied, returning all 200 trades
14:45:22 robot_of INFO API GET /status with query:  | filters: startDate=None, endDate=None, all=False
14:45:22 robot_of INFO No filters applied, returning all 200 trades
14:45:24 robot_of INFO API GET /status with query:  | filters: startDate=None, endDate=None, all=False
14:45:24 robot_of INFO No filters applied, returning all 200 trades
14:45:26 robot_of INFO API GET /status with query:  | filters: startDate=None, endDate=None, all=False
14:45:26 robot_of INFO No filters applied, returning all 200 trades
14:45:28 robot_of INFO API GET /status with query:  | filters: startDate=None, endDate=None, all=False
14:45:28 robot_of INFO No filters applied, returning all 200 trades
14:45:30 robot_of INFO API GET /status with query:  | filters: startDate=None, endDate=None, all=False
14:45:30 robot_of INFO No filters applied, returning all 200 trades
14:45:32 robot_of INFO API GET /status with query:  | filters: startDate=None, endDate=None, all=False
14:45:32 robot_of INFO No filters applied, returning all 200 trades
14:45:34 robot_of INFO API GET /status with query:  | filters: startDate=None, endDate=None, all=False
14:45:34 robot_of INFO No filters applied, returning all 200 trades
14:45:34 robot_of INFO API GET /status with query:  | filters: startDate=None, endDate=None, all=False
14:45:34 robot_of INFO No filters applied, returning all 200 trades
14:45:36 robot_of INFO API GET /status with query:  | filters: startDate=None, endDate=None, all=False
14:45:36 robot_of INFO No filters applied, returning all 200 trades
14:45:38 robot_of INFO API GET /status with query:  | filters: startDate=None, endDate=None, all=False
14:45:38 robot_of INFO No filters applied, returning all 200 trades
14:45:40 robot_of INFO API GET /status with query:  | filters: startDate=None, endDate=None, all=False
14:45:40 robot_of INFO No filters applied, returning all 200 trades
14:45:42 robot_of INFO API GET /status with query:  | filters: startDate=None, endDate=None, all=False
14:45:42 robot_of INFO No filters applied, returning all 200 trades
14:45:44 robot_of INFO API GET /status with query:  | filters: startDate=None, endDate=None, all=False
14:45:44 robot_of INFO No filters applied, returning all 200 trades
14:45:46 robot_of INFO API GET /status with query:  | filters: startDate=None, endDate=None, all=False
14:45:46 robot_of INFO No filters applied, returning all 200 trades
14:45:48 robot_of INFO API GET /status with query:  | filters: startDate=None, endDate=None, all=False
14:45:48 robot_of INFO No filters applied, returning all 200 trades
14:45:50 robot_of INFO API GET /status with query:  | filters: startDate=None, endDate=None, all=False
14:45:50 robot_of INFO No filters applied, returning all 200 trades
14:45:52 robot_of INFO API GET /status with query:  | filters: startDate=None, endDate=None, all=False
14:45:52 robot_of INFO No filters applied, returning all 200 trades
14:45:54 robot_of INFO API GET /status with query:  | filters: startDate=None, endDate=None, all=False
14:45:54 robot_of INFO No filters applied, returning all 200 trades
14:45:56 robot_of INFO API GET /status with query:  | filters: startDate=None, endDate=None, all=False
14:45:56 robot_of INFO No filters applied, returning all 200 trades
14:45:58 robot_of INFO API GET /status with query:  | filters: startDate=None, endDate=None, all=False
14:45:58 robot_of INFO No filters applied, returning all 200 trades
14:45:58 robot_of INFO API GET /status with query:  | filters: startDate=None, endDate=None, all=False
14:45:58 robot_of INFO No filters applied, returning all 200 trades
14:46:00 robot_of INFO API GET /status with query:  | filters: startDate=None, endDate=None, all=False
14:46:00 robot_of INFO No filters applied, returning all 200 trades
14:46:02 robot_of INFO API GET /status with query:  | filters: startDate=None, endDate=None, all=False
14:46:02 robot_of INFO No filters applied, returning all 200 trades
14:46:04 robot_of INFO API GET /status with query:  | filters: startDate=None, endDate=None, all=False
14:46:04 robot_of INFO No filters applied, returning all 200 trades
14:46:04 robot_of INFO API GET /status with query:  | filters: startDate=None, endDate=None, all=False
14:46:04 robot_of INFO No filters applied, returning all 200 trades
14:46:06 robot_of INFO API GET /status with query:  | filters: startDate=None, endDate=None, all=False
14:46:06 robot_of INFO No filters applied, returning all 200 trades
14:46:08 robot_of INFO API GET /status with query:  | filters: startDate=None, endDate=None, all=False
14:46:08 robot_of INFO No filters applied, returning all 200 trades
14:46:10 robot_of INFO API GET /status with query:  | filters: startDate=None, endDate=None, all=False
14:46:10 robot_of INFO No filters applied, returning all 200 trades
14:46:12 robot_of INFO API GET /status with query:  | filters: startDate=None, endDate=None, all=False
14:46:12 robot_of INFO No filters applied, returning all 200 trades
14:46:14 robot_of INFO API GET /status with query:  | filters: startDate=None, endDate=None, all=False
14:46:14 robot_of INFO No filters applied, returning all 200 trades
14:46:16 robot_of INFO API GET /status with query:  | filters: startDate=None, endDate=None, all=False
14:46:16 robot_of INFO No filters applied, returning all 200 trades
14:46:18 robot_of INFO API GET /status with query:  | filters: startDate=None, endDate=None, all=False
14:46:18 robot_of INFO No filters applied, returning all 200 trades
14:46:20 robot_of INFO API GET /status with query:  | filters: startDate=None, endDate=None, all=False
14:46:20 robot_of INFO No filters applied, returning all 200 trades
14:46:22 robot_of INFO API GET /status with query:  | filters: startDate=None, endDate=None, all=False
14:46:22 robot_of INFO No filters applied, returning all 200 trades
14:46:23 strategy_of INFO AVERAGE sell 2 @ 79418 | lvl 19/1000 | avg=79200 lots=28
14:46:23 robot_of INFO 📄 PAPER average: sell 2 @ 79418
14:46:24 robot_of INFO API GET /status with query:  | filters: startDate=None, endDate=None, all=False
14:46:24 robot_of INFO No filters applied, returning all 200 trades
14:46:26 robot_of INFO API GET /status with query:  | filters: startDate=None, endDate=None, all=False
14:46:26 robot_of INFO No filters applied, returning all 200 trades
14:46:28 robot_of INFO API GET /status with query:  | filters: startDate=None, endDate=None, all=False
14:46:28 robot_of INFO No filters applied, returning all 200 trades
14:46:30 robot_of INFO API GET /status with query:  | filters: startDate=None, endDate=None, all=False
14:46:30 robot_of INFO No filters applied, returning all 200 trades
14:46:32 robot_of INFO API GET /status with query:  | filters: startDate=None, endDate=None, all=False
14:46:32 robot_of INFO No filters applied, returning all 200 trades
14:46:34 robot_of INFO API GET /status with query:  | filters: startDate=None, endDate=None, all=False
14:46:34 robot_of INFO No filters applied, returning all 200 trades
14:46:34 robot_of INFO API GET /status with query:  | filters: startDate=None, endDate=None, all=False
14:46:34 robot_of INFO No filters applied, returning all 200 trades
14:46:36 robot_of INFO API GET /status with query:  | filters: startDate=None, endDate=None, all=False
14:46:36 robot_of INFO No filters applied, returning all 200 trades
14:46:38 robot_of INFO API GET /status with query:  | filters: startDate=None, endDate=None, all=False
14:46:38 robot_of INFO No filters applied, returning all 200 trades
14:46:40 robot_of INFO API GET /status with query:  | filters: startDate=None, endDate=None, all=False
14:46:40 robot_of INFO No filters applied, returning all 200 trades
14:46:40 robot_of INFO API GET /status with query:  | filters: startDate=None, endDate=None, all=False
14:46:40 robot_of INFO No filters applied, returning all 200 trades
14:46:42 robot_of INFO API GET /status with query:  | filters: startDate=None, endDate=None, all=False
14:46:42 robot_of INFO No filters applied, returning all 200 trades
14:46:44 robot_of INFO API GET /status with query:  | filters: startDate=None, endDate=None, all=False
14:46:44 robot_of INFO No filters applied, returning all 200 trades
14:46:46 robot_of INFO API GET /status with query:  | filters: startDate=None, endDate=None, all=False
14:46:46 robot_of INFO No filters applied, returning all 200 trades
14:46:48 robot_of INFO API GET /status with query:  | filters: startDate=None, endDate=None, all=False
14:46:48 robot_of INFO No filters applied, returning all 200 trades
14:46:50 strategy_of INFO PARTIAL_TP buy 2 @ 79374 | pnl=+84₽ | remaining=26
14:46:50 robot_of INFO 📄 PAPER partial_tp: buy 2 realized=84₽
14:46:50 robot_of INFO API GET /status with query:  | filters: startDate=None, endDate=None, all=False
14:46:50 robot_of INFO No filters applied, returning all 200 trades
14:46:52 robot_of INFO API GET /status with query:  | filters: startDate=None, endDate=None, all=False
14:46:52 robot_of INFO No filters applied, returning all 200 trades
14:46:54 robot_of INFO API GET /status with query:  | filters: startDate=None, endDate=None, all=False
14:46:54 robot_of INFO No filters applied, returning all 200 trades
14:46:56 robot_of INFO API GET /status with query:  | filters: startDate=None, endDate=None, all=False
14:46:56 robot_of INFO No filters applied, returning all 200 trades
14:46:58 strategy_of INFO PARTIAL_TP buy 2 @ 79334 | pnl=+109₽ | remaining=24
14:46:58 robot_of INFO 📄 PAPER partial_tp: buy 2 realized=109₽
14:46:58 robot_of INFO API GET /status with query:  | filters: startDate=None, endDate=None, all=False
14:46:58 robot_of INFO No filters applied, returning all 200 trades
14:47:00 robot_of INFO API GET /status with query:  | filters: startDate=None, endDate=None, all=False
14:47:00 robot_of INFO No filters applied, returning all 200 trades
14:47:02 robot_of INFO API GET /status with query:  | filters: startDate=None, endDate=None, all=False
14:47:02 robot_of INFO No filters applied, returning all 200 trades
14:47:04 robot_of INFO API GET /status with query:  | filters: startDate=None, endDate=None, all=False
14:47:04 robot_of INFO No filters applied, returning all 200 trades
14:47:04 robot_of INFO API GET /status with query:  | filters: startDate=None, endDate=None, all=False
14:47:04 robot_of INFO No filters applied, returning all 200 trades
14:47:06 robot_of INFO API GET /status with query:  | filters: startDate=None, endDate=None, all=False
14:47:06 robot_of INFO No filters applied, returning all 200 trades
14:47:08 robot_of INFO API GET /status with query:  | filters: startDate=None, endDate=None, all=False
14:47:08 robot_of INFO No filters applied, returning all 200 trades
14:47:10 robot_of INFO API GET /status with query:  | filters: startDate=None, endDate=None, all=False
14:47:10 robot_of INFO No filters applied, returning all 200 trades
14:47:12 robot_of INFO API GET /status with query:  | filters: startDate=None, endDate=None, all=False
14:47:12 robot_of INFO No filters applied, returning all 200 trades
14:47:14 robot_of INFO API GET /status with query:  | filters: startDate=None, endDate=None, all=False
14:47:14 robot_of INFO No filters applied, returning all 200 trades
14:47:14 strategy_of INFO AVERAGE sell 2 @ 79389 | lvl 20/1000 | avg=79183 lots=26
14:47:14 robot_of INFO 📄 PAPER average: sell 2 @ 79389
14:47:16 robot_of INFO API GET /status with query:  | filters: startDate=None, endDate=None, all=False
14:47:16 robot_of INFO No filters applied, returning all 200 trades
14:47:18 robot_of INFO API GET /status with query:  | filters: startDate=None, endDate=None, all=False
14:47:18 robot_of INFO No filters applied, returning all 200 trades
14:47:20 robot_of INFO API GET /status with query:  | filters: startDate=None, endDate=None, all=False
14:47:20 robot_of INFO No filters applied, returning all 200 trades
14:47:22 robot_of INFO API GET /status with query:  | filters: startDate=None, endDate=None, all=False
14:47:22 robot_of INFO No filters applied, returning all 200 trades
14:47:24 robot_of INFO API GET /status with query:  | filters: startDate=None, endDate=None, all=False
14:47:24 robot_of INFO No filters applied, returning all 200 trades
14:47:26 robot_of INFO API GET /status with query:  | filters: startDate=None, endDate=None, all=False
14:47:26 robot_of INFO No filters applied, returning all 200 trades
14:47:28 robot_of INFO API GET /status with query:  | filters: startDate=None, endDate=None, all=False
14:47:28 robot_of INFO No filters applied, returning all 200 trades
14:47:30 robot_of INFO API GET /status with query:  | filters: startDate=None, endDate=None, all=False
14:47:30 robot_of INFO No filters applied, returning all 200 trades
14:47:32 robot_of INFO API GET /status with query:  | filters: startDate=None, endDate=None, all=False
14:47:32 robot_of INFO No filters applied, returning all 200 trades
14:47:34 robot_of INFO API GET /status with query:  | filters: startDate=None, endDate=None, all=False
14:47:34 robot_of INFO No filters applied, returning all 200 trades
14:47:34 robot_of INFO API GET /status with query:  | filters: startDate=None, endDate=None, all=False
14:47:34 robot_of INFO No filters applied, returning all 200 trades
14:47:36 robot_of INFO API GET /status with query:  | filters: startDate=None, endDate=None, all=False
14:47:36 robot_of INFO No filters applied, returning all 200 trades
14:47:38 robot_of INFO API GET /status with query:  | filters: startDate=None, endDate=None, all=False
14:47:38 robot_of INFO No filters applied, returning all 200 trades
14:47:40 robot_of INFO API GET /status with query:  | filters: startDate=None, endDate=None, all=False
14:47:40 robot_of INFO No filters applied, returning all 200 trades
14:47:42 robot_of INFO API GET /status with query:  | filters: startDate=None, endDate=None, all=False
14:47:42 robot_of INFO No filters applied, returning all 200 trades
14:47:44 robot_of INFO API GET /status with query:  | filters: startDate=None, endDate=None, all=False
14:47:44 robot_of INFO No filters applied, returning all 200 trades
14:47:46 robot_of INFO API GET /status with query:  | filters: startDate=None, endDate=None, all=False
14:47:46 robot_of INFO No filters applied, returning all 200 trades
14:47:48 robot_of INFO API GET /status with query:  | filters: startDate=None, endDate=None, all=False
14:47:48 robot_of INFO No filters applied, returning all 200 trades
14:47:50 robot_of INFO API GET /status with query:  | filters: startDate=None, endDate=None, all=False
14:47:50 robot_of INFO No filters applied, returning all 200 trades
14:47:52 robot_of INFO API GET /status with query:  | filters: startDate=None, endDate=None, all=False
14:47:52 robot_of INFO No filters applied, returning all 200 trades
14:47:54 robot_of INFO API GET /status with query:  | filters: startDate=None, endDate=None, all=False
14:47:54 robot_of INFO No filters applied, returning all 200 trades
14:47:56 robot_of INFO API GET /status with query:  | filters: startDate=None, endDate=None, all=False
14:47:56 robot_of INFO No filters applied, returning all 200 trades
14:47:58 robot_of INFO API GET /status with query:  | filters: startDate=None, endDate=None, all=False
14:47:58 robot_of INFO No filters applied, returning all 200 trades
14:48:00 robot_of INFO API GET /status with query:  | filters: startDate=None, endDate=None, all=False
14:48:00 robot_of INFO No filters applied, returning all 200 trades
14:48:01 robot_of INFO API GET /status with query:  | filters: startDate=None, endDate=None, all=False
14:48:01 robot_of INFO No filters applied, returning all 200 trades
14:48:03 robot_of INFO API GET /status with query:  | filters: startDate=None, endDate=None, all=False
14:48:03 robot_of INFO No filters applied, returning all 200 trades
14:48:04 robot_of INFO API GET /status with query:  | filters: startDate=None, endDate=None, all=False
14:48:04 robot_of INFO No filters applied, returning all 200 trades
14:48:05 robot_of INFO API GET /status with query:  | filters: startDate=None, endDate=None, all=False
14:48:05 robot_of INFO No filters applied, returning all 200 trades
14:48:07 robot_of INFO API GET /status with query:  | filters: startDate=None, endDate=None, all=False
14:48:07 robot_of INFO No filters applied, returning all 200 trades
14:48:09 robot_of INFO API GET /status with query:  | filters: startDate=None, endDate=None, all=False
14:48:09 robot_of INFO No filters applied, returning all 200 trades
14:48:11 robot_of INFO API GET /status with query:  | filters: startDate=None, endDate=None, all=False
14:48:11 robot_of INFO No filters applied, returning all 200 trades
14:48:13 robot_of INFO API GET /status with query:  | filters: startDate=None, endDate=None, all=False
14:48:13 robot_of INFO No filters applied, returning all 200 trades
14:48:15 robot_of INFO API GET /status with query:  | filters: startDate=None, endDate=None, all=False
14:48:15 robot_of INFO No filters applied, returning all 200 trades
14:48:17 robot_of INFO API GET /status with query:  | filters: startDate=None, endDate=None, all=False
14:48:17 robot_of INFO No filters applied, returning all 200 trades
14:48:19 robot_of INFO API GET /status with query:  | filters: startDate=None, endDate=None, all=False
14:48:19 robot_of INFO No filters applied, returning all 200 trades
14:48:21 robot_of INFO API GET /status with query:  | filters: startDate=None, endDate=None, all=False
14:48:21 robot_of INFO No filters applied, returning all 200 trades
14:48:23 robot_of INFO API GET /status with query:  | filters: startDate=None, endDate=None, all=False
14:48:23 robot_of INFO No filters applied, returning all 200 trades
14:48:25 strategy_of INFO PARTIAL_TP buy 2 @ 79344 | pnl=+85₽ | remaining=24
14:48:25 robot_of INFO 📄 PAPER partial_tp: buy 2 realized=85₽
14:48:25 robot_of INFO API GET /status with query:  | filters: startDate=None, endDate=None, all=False
14:48:25 robot_of INFO No filters applied, returning all 200 trades
14:48:27 robot_of INFO API GET /status with query:  | filters: startDate=None, endDate=None, all=False
14:48:27 robot_of INFO No filters applied, returning all 200 trades
14:48:29 robot_of INFO API GET /status with query:  | filters: startDate=None, endDate=None, all=False
14:48:29 robot_of INFO No filters applied, returning all 200 trades
14:48:31 robot_of INFO API GET /status with query:  | filters: startDate=None, endDate=None, all=False
14:48:31 robot_of INFO No filters applied, returning all 200 trades
14:48:33 robot_of INFO API GET /status with query:  | filters: startDate=None, endDate=None, all=False
14:48:33 robot_of INFO No filters applied, returning all 200 trades
14:48:34 robot_of INFO API GET /status with query:  | filters: startDate=None, endDate=None, all=False
14:48:34 robot_of INFO No filters applied, returning all 200 trades
14:48:35 robot_of INFO API GET /status with query:  | filters: startDate=None, endDate=None, all=False
14:48:35 robot_of INFO No filters applied, returning all 200 trades
14:48:37 robot_of INFO API GET /status with query:  | filters: startDate=None, endDate=None, all=False
14:48:37 robot_of INFO No filters applied, returning all 200 trades
14:48:39 robot_of INFO API GET /status with query:  | filters: startDate=None, endDate=None, all=False
14:48:39 robot_of INFO No filters applied, returning all 200 trades
14:48:41 robot_of INFO API GET /status with query:  | filters: startDate=None, endDate=None, all=False
14:48:41 robot_of INFO No filters applied, returning all 200 trades
14:48:43 robot_of INFO API GET /status with query:  | filters: startDate=None, endDate=None, all=False
14:48:43 robot_of INFO No filters applied, returning all 200 trades
14:48:45 robot_of INFO API GET /status with query:  | filters: startDate=None, endDate=None, all=False
14:48:45 robot_of INFO No filters applied, returning all 200 trades
14:48:47 robot_of INFO API GET /status with query:  | filters: startDate=None, endDate=None, all=False
14:48:47 robot_of INFO No filters applied, returning all 200 trades
14:48:49 robot_of INFO API GET /status with query:  | filters: startDate=None, endDate=None, all=False
14:48:49 robot_of INFO No filters applied, returning all 200 trades
14:48:51 robot_of INFO API GET /status with query:  | filters: startDate=None, endDate=None, all=False
14:48:51 robot_of INFO No filters applied, returning all 200 trades
14:48:53 robot_of INFO API GET /status with query:  | filters: startDate=None, endDate=None, all=False
14:48:53 robot_of INFO No filters applied, returning all 200 trades
14:48:55 robot_of INFO API GET /status with query:  | filters: startDate=None, endDate=None, all=False
14:48:55 robot_of INFO No filters applied, returning all 200 trades
14:48:57 robot_of INFO API GET /status with query:  | filters: startDate=None, endDate=None, all=False
14:48:57 robot_of INFO No filters applied, returning all 200 trades
14:48:59 robot_of INFO API GET /status with query:  | filters: startDate=None, endDate=None, all=False
14:48:59 robot_of INFO No filters applied, returning all 200 trades
14:49:01 robot_of INFO API GET /status with query:  | filters: startDate=None, endDate=None, all=False
14:49:01 robot_of INFO No filters applied, returning all 200 trades
14:49:03 robot_of INFO API GET /status with query:  | filters: startDate=None, endDate=None, all=False
14:49:03 robot_of INFO No filters applied, returning all 200 trades
14:49:04 robot_of INFO API GET /status with query:  | filters: startDate=None, endDate=None, all=False
14:49:04 robot_of INFO No filters applied, returning all 200 trades
14:49:05 robot_of INFO API GET /status with query:  | filters: startDate=None, endDate=None, all=False
14:49:05 robot_of INFO No filters applied, returning all 200 trades
14:49:07 robot_of INFO API GET /status with query:  | filters: startDate=None, endDate=None, all=False
14:49:07 robot_of INFO No filters applied, returning all 200 trades
14:49:09 robot_of INFO API GET /status with query:  | filters: startDate=None, endDate=None, all=False
14:49:09 robot_of INFO No filters applied, returning all 200 trades
14:49:11 robot_of INFO API GET /status with query:  | filters: startDate=None, endDate=None, all=False
14:49:11 robot_of INFO No filters applied, returning all 200 trades
14:49:13 robot_of INFO API GET /status with query:  | filters: startDate=None, endDate=None, all=False
14:49:13 robot_of INFO No filters applied, returning all 200 trades
14:49:15 robot_of INFO API GET /status with query:  | filters: startDate=None, endDate=None, all=False
14:49:15 robot_of INFO No filters applied, returning all 200 trades
14:49:17 robot_of INFO API GET /status with query:  | filters: startDate=None, endDate=None, all=False
14:49:17 robot_of INFO No filters applied, returning all 200 trades
14:49:19 robot_of INFO API GET /status with query:  | filters: startDate=None, endDate=None, all=False
14:49:19 robot_of INFO No filters applied, returning all 200 trades
14:49:21 robot_of INFO API GET /status with query:  | filters: startDate=None, endDate=None, all=False
14:49:21 robot_of INFO No filters applied, returning all 200 trades
14:49:23 robot_of INFO API GET /status with query:  | filters: startDate=None, endDate=None, all=False
14:49:23 robot_of INFO No filters applied, returning all 200 trades
14:49:25 robot_of INFO API GET /status with query:  | filters: startDate=None, endDate=None, all=False
14:49:25 robot_of INFO No filters applied, returning all 200 trades
14:49:27 robot_of INFO API GET /status with query:  | filters: startDate=None, endDate=None, all=False
14:49:27 robot_of INFO No filters applied, returning all 200 trades
14:49:29 robot_of INFO API GET /status with query:  | filters: startDate=None, endDate=None, all=False
14:49:29 robot_of INFO No filters applied, returning all 200 trades
14:49:31 robot_of INFO API GET /status with query:  | filters: startDate=None, endDate=None, all=False
14:49:31 robot_of INFO No filters applied, returning all 200 trades
14:49:33 robot_of INFO API GET /status with query:  | filters: startDate=None, endDate=None, all=False
14:49:33 robot_of INFO No filters applied, returning all 200 trades
14:49:34 robot_of INFO API GET /status with query:  | filters: startDate=None, endDate=None, all=False
14:49:34 robot_of INFO No filters applied, returning all 200 trades
14:49:35 robot_of INFO API GET /status with query:  | filters: startDate=None, endDate=None, all=False
14:49:35 robot_of INFO No filters applied, returning all 200 trades
14:49:36 strategy_of INFO AVERAGE sell 2 @ 79388 | lvl 21/1000 | avg=79183 lots=26
14:49:36 robot_of INFO 📄 PAPER average: sell 2 @ 79388
14:49:37 robot_of INFO API GET /status with query:  | filters: startDate=None, endDate=None, all=False
14:49:37 robot_of INFO No filters applied, returning all 200 trades
14:49:39 robot_of INFO API GET /status with query:  | filters: startDate=None, endDate=None, all=False
14:49:39 robot_of INFO No filters applied, returning all 200 trades
14:49:41 robot_of INFO API GET /status with query:  | filters: startDate=None, endDate=None, all=False
14:49:41 robot_of INFO No filters applied, returning all 200 trades
14:49:43 robot_of INFO API GET /status with query:  | filters: startDate=None, endDate=None, all=False
14:49:43 robot_of INFO No filters applied, returning all 200 trades
14:49:45 robot_of INFO API GET /status with query:  | filters: startDate=None, endDate=None, all=False
14:49:45 robot_of INFO No filters applied, returning all 200 trades
14:49:47 robot_of INFO API GET /status with query:  | filters: startDate=None, endDate=None, all=False
14:49:47 robot_of INFO No filters applied, returning all 200 trades
14:49:49 robot_of INFO API GET /status with query:  | filters: startDate=None, endDate=None, all=False
14:49:49 robot_of INFO No filters applied, returning all 200 trades
14:49:51 robot_of INFO API GET /status with query:  | filters: startDate=None, endDate=None, all=False
14:49:51 robot_of INFO No filters applied, returning all 200 trades
14:49:53 robot_of INFO API GET /status with query:  | filters: startDate=None, endDate=None, all=False
14:49:53 robot_of INFO No filters applied, returning all 200 trades
14:49:55 robot_of INFO API GET /status with query:  | filters: startDate=None, endDate=None, all=False
14:49:55 robot_of INFO No filters applied, returning all 200 trades
14:49:57 robot_of INFO API GET /status with query:  | filters: startDate=None, endDate=None, all=False
14:49:57 robot_of INFO No filters applied, returning all 200 trades
14:49:59 robot_of INFO API GET /status with query:  | filters: startDate=None, endDate=None, all=False
14:49:59 robot_of INFO No filters applied, returning all 200 trades
14:50:01 robot_of INFO API GET /status with query:  | filters: startDate=None, endDate=None, all=False
14:50:01 robot_of INFO No filters applied, returning all 200 trades
14:50:03 robot_of INFO API GET /status with query:  | filters: startDate=None, endDate=None, all=False
14:50:03 robot_of INFO No filters applied, returning all 200 trades
14:50:04 robot_of INFO API GET /status with query:  | filters: startDate=None, endDate=None, all=False
14:50:04 robot_of INFO No filters applied, returning all 200 trades
14:50:05 robot_of INFO API GET /status with query:  | filters: startDate=None, endDate=None, all=False
14:50:05 robot_of INFO No filters applied, returning all 200 trades
14:50:07 robot_of INFO API GET /status with query:  | filters: startDate=None, endDate=None, all=False
14:50:07 robot_of INFO No filters applied, returning all 200 trades
14:50:09 robot_of INFO API GET /status with query:  | filters: startDate=None, endDate=None, all=False
14:50:09 robot_of INFO No filters applied, returning all 200 trades
14:50:11 robot_of INFO API GET /status with query:  | filters: startDate=None, endDate=None, all=False
14:50:11 robot_of INFO No filters applied, returning all 200 trades
14:50:13 robot_of INFO API GET /status with query:  | filters: startDate=None, endDate=None, all=False
14:50:13 robot_of INFO No filters applied, returning all 200 trades
14:50:15 robot_of INFO API GET /status with query:  | filters: startDate=None, endDate=None, all=False
14:50:15 robot_of INFO No filters applied, returning all 200 trades
14:50:16 strategy_of INFO AVERAGE sell 2 @ 79424 | lvl 22/1000 | avg=79200 lots=28
14:50:16 robot_of INFO 📄 PAPER average: sell 2 @ 79424
14:50:17 robot_of INFO API GET /status with query:  | filters: startDate=None, endDate=None, all=False
14:50:17 robot_of INFO No filters applied, returning all 200 trades
14:50:19 robot_of INFO API GET /status with query:  | filters: startDate=None, endDate=None, all=False
14:50:19 robot_of INFO No filters applied, returning all 200 trades
14:50:21 robot_of INFO API GET /status with query:  | filters: startDate=None, endDate=None, all=False
14:50:21 robot_of INFO No filters applied, returning all 200 trades
14:50:23 strategy_of INFO AVERAGE sell 2 @ 79450 | lvl 23/1000 | avg=79217 lots=30
14:50:23 robot_of INFO 📄 PAPER average: sell 2 @ 79450
14:50:23 robot_of INFO API GET /status with query:  | filters: startDate=None, endDate=None, all=False
14:50:23 robot_of INFO No filters applied, returning all 200 trades
14:50:25 robot_of INFO API GET /status with query:  | filters: startDate=None, endDate=None, all=False
14:50:25 robot_of INFO No filters applied, returning all 200 trades
14:50:27 robot_of INFO API GET /status with query:  | filters: startDate=None, endDate=None, all=False
14:50:27 robot_of INFO No filters applied, returning all 200 trades
14:50:29 robot_of INFO API GET /status with query:  | filters: startDate=None, endDate=None, all=False
14:50:29 robot_of INFO No filters applied, returning all 200 trades
14:50:31 robot_of INFO API GET /status with query:  | filters: startDate=None, endDate=None, all=False
14:50:31 robot_of INFO No filters applied, returning all 200 trades
14:50:33 robot_of INFO API GET /status with query:  | filters: startDate=None, endDate=None, all=False
14:50:33 robot_of INFO No filters applied, returning all 200 trades
14:50:34 robot_of INFO API GET /status with query:  | filters: startDate=None, endDate=None, all=False
14:50:34 robot_of INFO No filters applied, returning all 200 trades
14:50:35 robot_of INFO API GET /status with query:  | filters: startDate=None, endDate=None, all=False
14:50:35 robot_of INFO No filters applied, returning all 200 trades
14:50:37 robot_of INFO API GET /status with query:  | filters: startDate=None, endDate=None, all=False
14:50:37 robot_of INFO No filters applied, returning all 200 trades
14:50:39 robot_of INFO API GET /status with query:  | filters: startDate=None, endDate=None, all=False
14:50:39 robot_of INFO No filters applied, returning all 200 trades
14:50:41 robot_of INFO API GET /status with query:  | filters: startDate=None, endDate=None, all=False
14:50:41 robot_of INFO No filters applied, returning all 200 trades
14:50:43 robot_of INFO API GET /status with query:  | filters: startDate=None, endDate=None, all=False
14:50:43 robot_of INFO No filters applied, returning all 200 trades
14:50:45 robot_of INFO API GET /status with query:  | filters: startDate=None, endDate=None, all=False
14:50:45 robot_of INFO No filters applied, returning all 200 trades
14:50:47 robot_of INFO API GET /status with query:  | filters: startDate=None, endDate=None, all=False
14:50:47 robot_of INFO No filters applied, returning all 200 trades
14:50:49 robot_of INFO API GET /status with query:  | filters: startDate=None, endDate=None, all=False
14:50:49 robot_of INFO No filters applied, returning all 200 trades
14:50:51 robot_of INFO API GET /status with query:  | filters: startDate=None, endDate=None, all=False
14:50:51 robot_of INFO No filters applied, returning all 200 trades
14:50:52 strategy_of INFO AVERAGE sell 2 @ 79476 | lvl 24/1000 | avg=79233 lots=32
14:50:52 robot_of INFO 📄 PAPER average: sell 2 @ 79476
14:50:53 robot_of INFO API GET /status with query:  | filters: startDate=None, endDate=None, all=False
14:50:53 robot_of INFO No filters applied, returning all 200 trades
14:50:55 robot_of INFO API GET /status with query:  | filters: startDate=None, endDate=None, all=False
14:50:55 robot_of INFO No filters applied, returning all 200 trades
14:50:57 robot_of INFO API GET /status with query:  | filters: startDate=None, endDate=None, all=False
14:50:57 robot_of INFO No filters applied, returning all 200 trades
14:50:59 robot_of INFO API GET /status with query:  | filters: startDate=None, endDate=None, all=False
14:50:59 robot_of INFO No filters applied, returning all 200 trades
14:51:00 strategy_of INFO PARTIAL_TP buy 2 @ 79421 | pnl=+107₽ | remaining=30
14:51:00 robot_of INFO 📄 PAPER partial_tp: buy 2 realized=107₽
14:51:01 robot_of INFO API GET /status with query:  | filters: startDate=None, endDate=None, all=False
14:51:01 robot_of INFO No filters applied, returning all 200 trades
14:51:03 robot_of INFO API GET /status with query:  | filters: startDate=None, endDate=None, all=False
14:51:03 robot_of INFO No filters applied, returning all 200 trades
14:51:04 robot_of INFO API GET /status with query:  | filters: startDate=None, endDate=None, all=False
14:51:04 robot_of INFO No filters applied, returning all 200 trades
14:51:05 strategy_of INFO PARTIAL_TP buy 2 @ 79398 | pnl=+99₽ | remaining=28
14:51:05 robot_of INFO 📄 PAPER partial_tp: buy 2 realized=99₽
14:51:05 robot_of INFO API GET /status with query:  | filters: startDate=None, endDate=None, all=False
14:51:05 robot_of INFO No filters applied, returning all 200 trades
14:51:07 robot_of INFO API GET /status with query:  | filters: startDate=None, endDate=None, all=False
14:51:07 robot_of INFO No filters applied, returning all 200 trades
14:51:09 robot_of INFO API GET /status with query:  | filters: startDate=None, endDate=None, all=False
14:51:09 robot_of INFO No filters applied, returning all 200 trades
14:51:11 robot_of INFO API GET /status with query:  | filters: startDate=None, endDate=None, all=False
14:51:11 robot_of INFO No filters applied, returning all 200 trades
14:51:13 robot_of INFO API GET /status with query:  | filters: startDate=None, endDate=None, all=False
14:51:13 robot_of INFO No filters applied, returning all 200 trades
14:51:15 robot_of INFO API GET /status with query:  | filters: startDate=None, endDate=None, all=False
14:51:15 robot_of INFO No filters applied, returning all 200 trades
14:51:17 robot_of INFO API GET /status with query:  | filters: startDate=None, endDate=None, all=False
14:51:17 robot_of INFO No filters applied, returning all 200 trades
14:51:19 robot_of INFO API GET /status with query:  | filters: startDate=None, endDate=None, all=False
14:51:19 robot_of INFO No filters applied, returning all 200 trades
14:51:21 robot_of INFO API GET /status with query:  | filters: startDate=None, endDate=None, all=False
14:51:21 robot_of INFO No filters applied, returning all 200 trades
14:51:23 robot_of INFO API GET /status with query:  | filters: startDate=None, endDate=None, all=False
14:51:23 robot_of INFO No filters applied, returning all 200 trades
14:51:25 robot_of INFO API GET /status with query:  | filters: startDate=None, endDate=None, all=False
14:51:25 robot_of INFO No filters applied, returning all 200 trades
14:51:27 robot_of INFO API GET /status with query:  | filters: startDate=None, endDate=None, all=False
14:51:27 robot_of INFO No filters applied, returning all 200 trades
14:51:29 robot_of INFO API GET /status with query:  | filters: startDate=None, endDate=None, all=False
14:51:29 robot_of INFO No filters applied, returning all 200 trades
14:51:30 strategy_of INFO PARTIAL_TP buy 2 @ 79379 | pnl=+85₽ | remaining=26
14:51:30 robot_of INFO 📄 PAPER partial_tp: buy 2 realized=85₽
14:51:31 robot_of INFO API GET /status with query:  | filters: startDate=None, endDate=None, all=False
14:51:31 robot_of INFO No filters applied, returning all 200 trades
14:51:33 robot_of INFO API GET /status with query:  | filters: startDate=None, endDate=None, all=False
14:51:33 robot_of INFO No filters applied, returning all 200 trades
14:51:34 robot_of INFO API GET /status with query:  | filters: startDate=None, endDate=None, all=False
14:51:34 robot_of INFO No filters applied, returning all 200 trades
14:51:35 robot_of INFO API GET /status with query:  | filters: startDate=None, endDate=None, all=False
14:51:35 robot_of INFO No filters applied, returning all 200 trades
14:51:37 robot_of INFO API GET /status with query:  | filters: startDate=None, endDate=None, all=False
14:51:37 robot_of INFO No filters applied, returning all 200 trades
14:51:39 robot_of INFO API GET /status with query:  | filters: startDate=None, endDate=None, all=False
14:51:39 robot_of INFO No filters applied, returning all 200 trades
14:51:41 robot_of INFO API GET /status with query:  | filters: startDate=None, endDate=None, all=False
14:51:41 robot_of INFO No filters applied, returning all 200 trades
14:51:43 robot_of INFO API GET /status with query:  | filters: startDate=None, endDate=None, all=False
14:51:43 robot_of INFO No filters applied, returning all 200 trades
14:51:45 robot_of INFO API GET /status with query:  | filters: startDate=None, endDate=None, all=False
14:51:45 robot_of INFO No filters applied, returning all 200 trades
14:51:47 robot_of INFO API GET /status with query:  | filters: startDate=None, endDate=None, all=False
14:51:47 robot_of INFO No filters applied, returning all 200 trades
14:51:49 robot_of INFO API GET /status with query:  | filters: startDate=None, endDate=None, all=False
14:51:49 robot_of INFO No filters applied, returning all 200 trades
14:51:51 robot_of INFO API GET /status with query:  | filters: startDate=None, endDate=None, all=False
14:51:51 robot_of INFO No filters applied, returning all 200 trades
14:51:53 robot_of INFO API GET /status with query:  | filters: startDate=None, endDate=None, all=False
14:51:53 robot_of INFO No filters applied, returning all 200 trades
14:51:55 robot_of INFO API GET /status with query:  | filters: startDate=None, endDate=None, all=False
14:51:55 robot_of INFO No filters applied, returning all 200 trades
14:51:57 robot_of INFO API GET /status with query:  | filters: startDate=None, endDate=None, all=False
14:51:57 robot_of INFO No filters applied, returning all 200 trades
14:51:59 robot_of INFO API GET /status with query:  | filters: startDate=None, endDate=None, all=False
14:51:59 robot_of INFO No filters applied, returning all 200 trades
14:52:01 robot_of INFO API GET /status with query:  | filters: startDate=None, endDate=None, all=False
14:52:01 robot_of INFO No filters applied, returning all 200 trades
14:52:03 robot_of INFO API GET /status with query:  | filters: startDate=None, endDate=None, all=False
14:52:03 robot_of INFO No filters applied, returning all 200 trades
14:52:04 robot_of INFO API GET /status with query:  | filters: startDate=None, endDate=None, all=False
14:52:04 robot_of INFO No filters applied, returning all 200 trades
14:52:05 robot_of INFO API GET /status with query:  | filters: startDate=None, endDate=None, all=False
14:52:05 robot_of INFO No filters applied, returning all 200 trades
14:52:07 robot_of INFO API GET /status with query:  | filters: startDate=None, endDate=None, all=False
14:52:07 robot_of INFO No filters applied, returning all 200 trades
14:52:08 robot_of INFO API GET /status with query:  | filters: startDate=None, endDate=None, all=False
14:52:08 robot_of INFO No filters applied, returning all 200 trades
14:52:08 strategy_of INFO AVERAGE sell 2 @ 79430 | lvl 25/1000 | avg=79200 lots=28
14:52:08 robot_of INFO 📄 PAPER average: sell 2 @ 79430
14:52:10 robot_of INFO API GET /status with query:  | filters: startDate=None, endDate=None, all=False
14:52:10 robot_of INFO No filters applied, returning all 200 trades
14:52:12 robot_of INFO API GET /status with query:  | filters: startDate=None, endDate=None, all=False
14:52:12 robot_of INFO No filters applied, returning all 200 trades
14:52:14 robot_of INFO API GET /status with query:  | filters: startDate=None, endDate=None, all=False
14:52:14 robot_of INFO No filters applied, returning all 200 trades
14:52:15 strategy_of INFO PARTIAL_TP buy 2 @ 79386 | pnl=+84₽ | remaining=26
14:52:15 robot_of INFO 📄 PAPER partial_tp: buy 2 realized=84₽
14:52:16 robot_of INFO API GET /status with query:  | filters: startDate=None, endDate=None, all=False
14:52:16 robot_of INFO No filters applied, returning all 200 trades
14:52:18 robot_of INFO API GET /status with query:  | filters: startDate=None, endDate=None, all=False
14:52:18 robot_of INFO No filters applied, returning all 200 trades
14:52:18 robot_of INFO API GET /status with query:  | filters: startDate=None, endDate=None, all=False
14:52:18 robot_of INFO No filters applied, returning all 200 trades
14:52:20 robot_of INFO API GET /status with query:  | filters: startDate=None, endDate=None, all=False
14:52:20 robot_of INFO No filters applied, returning all 200 trades
14:52:22 robot_of INFO API GET /status with query:  | filters: startDate=None, endDate=None, all=False
14:52:22 robot_of INFO No filters applied, returning all 200 trades
14:52:24 robot_of INFO API GET /status with query:  | filters: startDate=None, endDate=None, all=False
14:52:24 robot_of INFO No filters applied, returning all 200 trades
14:52:26 robot_of INFO API GET /status with query:  | filters: startDate=None, endDate=None, all=False
14:52:26 robot_of INFO No filters applied, returning all 200 trades
14:52:28 robot_of INFO API GET /status with query:  | filters: startDate=None, endDate=None, all=False
14:52:28 robot_of INFO No filters applied, returning all 200 trades
14:52:30 robot_of INFO API GET /status with query:  | filters: startDate=None, endDate=None, all=False
14:52:30 robot_of INFO No filters applied, returning all 200 trades
14:52:32 robot_of INFO API GET /status with query:  | filters: startDate=None, endDate=None, all=False
14:52:32 robot_of INFO No filters applied, returning all 200 trades
14:52:33 robot_of INFO Param updated: lots = 2
14:52:33 robot_of INFO Param updated: max_pyramid_levels = 5
14:52:33 robot_of INFO Param updated: max_average_levels = 1000
14:52:33 robot_of INFO Param updated: step_average = 25
14:52:33 robot_of INFO Param updated: step_pyramid = 33
14:52:33 robot_of INFO Param updated: spread = 44
14:52:33 robot_of INFO Param updated: stop_loss_mode = pts
14:52:33 robot_of INFO Param updated: stop_loss_value = 5000000
14:52:33 robot_of INFO Param updated: min_profit_per_lot = 60
14:52:33 robot_of INFO Param updated: max_hold_minutes = 9999999999
14:52:33 robot_of INFO Param updated: absorption_threshold = 0.35
14:52:33 robot_of INFO Param updated: cvd_lookback = 10
14:52:33 robot_of INFO Param updated: ob_imbalance_threshold = 0.3
14:52:33 robot_of INFO Param updated: signal_confirm_count = 1
14:52:33 robot_of INFO Param updated: signal_confirm_exit = 2
14:52:33 robot_of INFO Param updated: timeframe = M1
14:52:33 robot_of INFO Param updated: use_vwema = True
14:52:33 robot_of INFO Param updated: vwema_fast = 20
14:52:33 robot_of INFO Param updated: vwema_slow = 40
14:52:33 robot_of INFO Param updated: vwema_flat_th = 1
14:52:33 robot_of INFO Param updated: vwema_block_counter = True
14:52:33 strategy_of INFO VWEMA filter enabled: fast=20 slow=40 flat_th=1
14:52:34 robot_of INFO API GET /status with query:  | filters: startDate=None, endDate=None, all=False
14:52:34 robot_of INFO No filters applied, returning all 200 trades
14:52:34 robot_of INFO API GET /status with query:  | filters: startDate=None, endDate=None, all=False
14:52:34 robot_of INFO No filters applied, returning all 200 trades
14:52:36 robot_of INFO API GET /status with query:  | filters: startDate=None, endDate=None, all=False
14:52:36 robot_of INFO No filters applied, returning all 200 trades
14:52:38 robot_of INFO API GET /status with query:  | filters: startDate=None, endDate=None, all=False
14:52:38 robot_of INFO No filters applied, returning all 200 trades
14:52:40 robot_of INFO API GET /status with query:  | filters: startDate=None, endDate=None, all=False
14:52:40 robot_of INFO No filters applied, returning all 200 trades
14:52:42 robot_of INFO API GET /status with query:  | filters: startDate=None, endDate=None, all=False
14:52:42 robot_of INFO No filters applied, returning all 200 trades
14:52:44 robot_of INFO API GET /status with query:  | filters: startDate=None, endDate=None, all=False
14:52:44 robot_of INFO No filters applied, returning all 200 trades
14:52:46 robot_of INFO API GET /status with query:  | filters: startDate=None, endDate=None, all=False
14:52:46 robot_of INFO No filters applied, returning all 200 trades
14:52:48 robot_of INFO API GET /status with query:  | filters: startDate=None, endDate=None, all=False
14:52:48 robot_of INFO No filters applied, returning all 200 trades
14:52:50 robot_of INFO API GET /status with query:  | filters: startDate=None, endDate=None, all=False
14:52:50 robot_of INFO No filters applied, returning all 200 trades
14:52:52 robot_of INFO API GET /status with query:  | filters: startDate=None, endDate=None, all=False
14:52:52 robot_of INFO No filters applied, returning all 200 trades
14:52:54 robot_of INFO API GET /status with query:  | filters: startDate=None, endDate=None, all=False
14:52:54 robot_of INFO No filters applied, returning all 200 trades
14:52:56 robot_of INFO API GET /status with query:  | filters: startDate=None, endDate=None, all=False
14:52:56 robot_of INFO No filters applied, returning all 200 trades
14:52:58 robot_of INFO API GET /status with query:  | filters: startDate=None, endDate=None, all=False
14:52:58 robot_of INFO No filters applied, returning all 200 trades
14:53:00 robot_of INFO API GET /status with query:  | filters: startDate=None, endDate=None, all=False
14:53:00 robot_of INFO No filters applied, returning all 200 trades
14:53:02 robot_of INFO API GET /status with query:  | filters: startDate=None, endDate=None, all=False
14:53:02 robot_of INFO No filters applied, returning all 200 trades
14:53:04 robot_of INFO API GET /status with query:  | filters: startDate=None, endDate=None, all=False
14:53:04 robot_of INFO No filters applied, returning all 200 trades
14:53:04 robot_of INFO API GET /status with query:  | filters: startDate=None, endDate=None, all=False
14:53:04 robot_of INFO No filters applied, returning all 200 trades
14:53:06 robot_of INFO API GET /status with query:  | filters: startDate=None, endDate=None, all=False
14:53:06 robot_of INFO No filters applied, returning all 200 trades
14:53:08 robot_of INFO API GET /status with query:  | filters: startDate=None, endDate=None, all=False
14:53:08 robot_of INFO No filters applied, returning all 200 trades
14:53:10 robot_of INFO API GET /status with query:  | filters: startDate=None, endDate=None, all=False
14:53:10 robot_of INFO No filters applied, returning all 200 trades
14:53:12 robot_of INFO API GET /status with query:  | filters: startDate=None, endDate=None, all=False
14:53:12 robot_of INFO No filters applied, returning all 200 trades
14:53:14 robot_of INFO API GET /status with query:  | filters: startDate=None, endDate=None, all=False
14:53:14 robot_of INFO No filters applied, returning all 200 trades
14:53:16 robot_of INFO API GET /status with query:  | filters: startDate=None, endDate=None, all=False
14:53:16 robot_of INFO No filters applied, returning all 200 trades
14:53:18 robot_of INFO API GET /status with query:  | filters: startDate=None, endDate=None, all=False
14:53:18 robot_of INFO No filters applied, returning all 200 trades
14:53:20 robot_of INFO API GET /status with query:  | filters: startDate=None, endDate=None, all=False
14:53:20 robot_of INFO No filters applied, returning all 200 trades
14:53:22 robot_of INFO API GET /status with query:  | filters: startDate=None, endDate=None, all=False
14:53:22 robot_of INFO No filters applied, returning all 200 trades
14:53:24 robot_of INFO API GET /status with query:  | filters: startDate=None, endDate=None, all=False
14:53:24 robot_of INFO No filters applied, returning all 200 trades
14:53:26 robot_of INFO API GET /status with query:  | filters: startDate=None, endDate=None, all=False
14:53:26 robot_of INFO No filters applied, returning all 200 trades
14:53:28 robot_of INFO API GET /status with query:  | filters: startDate=None, endDate=None, all=False
14:53:28 robot_of INFO No filters applied, returning all 200 trades
14:53:30 robot_of INFO API GET /status with query:  | filters: startDate=None, endDate=None, all=False
14:53:30 robot_of INFO No filters applied, returning all 200 trades
14:53:32 robot_of INFO API GET /status with query:  | filters: startDate=None, endDate=None, all=False
14:53:32 robot_of INFO No filters applied, returning all 200 trades
14:53:34 robot_of INFO API GET /status with query:  | filters: startDate=None, endDate=None, all=False
14:53:34 robot_of INFO No filters applied, returning all 200 trades
14:53:34 robot_of INFO API GET /status with query:  | filters: startDate=None, endDate=None, all=False
14:53:34 robot_of INFO No filters applied, returning all 200 trades
14:53:36 robot_of INFO API GET /status with query:  | filters: startDate=None, endDate=None, all=False
14:53:36 robot_of INFO No filters applied, returning all 200 trades
14:53:38 robot_of INFO API GET /status with query:  | filters: startDate=None, endDate=None, all=False
14:53:38 robot_of INFO No filters applied, returning all 200 trades
14:53:40 robot_of INFO API GET /status with query:  | filters: startDate=None, endDate=None, all=False
14:53:40 robot_of INFO No filters applied, returning all 200 trades
14:53:42 robot_of INFO API GET /status with query:  | filters: startDate=None, endDate=None, all=False
14:53:42 robot_of INFO No filters applied, returning all 200 trades
14:53:44 robot_of INFO API GET /status with query:  | filters: startDate=None, endDate=None, all=False
14:53:44 robot_of INFO No filters applied, returning all 200 trades
14:53:46 robot_of INFO API GET /status with query:  | filters: startDate=None, endDate=None, all=False
14:53:46 robot_of INFO No filters applied, returning all 200 trades
14:53:48 robot_of INFO API GET /status with query:  | filters: startDate=None, endDate=None, all=False
14:53:48 robot_of INFO No filters applied, returning all 200 trades
14:53:50 robot_of INFO API GET /status with query:  | filters: startDate=None, endDate=None, all=False
14:53:50 robot_of INFO No filters applied, returning all 200 trades
14:53:52 robot_of INFO API GET /status with query:  | filters: startDate=None, endDate=None, all=False
14:53:52 robot_of INFO No filters applied, returning all 200 trades
14:53:54 robot_of INFO API GET /status with query:  | filters: startDate=None, endDate=None, all=False
14:53:54 robot_of INFO No filters applied, returning all 200 trades
14:53:56 robot_of INFO API GET /status with query:  | filters: startDate=None, endDate=None, all=False
14:53:56 robot_of INFO No filters applied, returning all 200 trades
14:53:58 robot_of INFO API GET /status with query:  | filters: startDate=None, endDate=None, all=False
14:53:58 robot_of INFO No filters applied, returning all 200 trades
14:54:00 robot_of INFO API GET /status with query:  | filters: startDate=None, endDate=None, all=False
14:54:00 robot_of INFO No filters applied, returning all 200 trades
14:54:02 robot_of INFO API GET /status with query:  | filters: startDate=None, endDate=None, all=False
14:54:02 robot_of INFO No filters applied, returning all 200 trades
14:54:04 robot_of INFO API GET /status with query:  | filters: startDate=None, endDate=None, all=False
14:54:04 robot_of INFO No filters applied, returning all 200 trades
14:54:04 robot_of INFO API GET /status with query:  | filters: startDate=None, endDate=None, all=False
14:54:04 robot_of INFO No filters applied, returning all 200 trades
14:54:06 robot_of INFO API GET /status with query:  | filters: startDate=None, endDate=None, all=False
14:54:06 robot_of INFO No filters applied, returning all 200 trades
14:54:08 robot_of INFO API GET /status with query:  | filters: startDate=None, endDate=None, all=False
14:54:08 robot_of INFO No filters applied, returning all 200 trades
14:54:10 robot_of INFO API GET /status with query:  | filters: startDate=None, endDate=None, all=False
14:54:10 robot_of INFO No filters applied, returning all 200 trades
14:54:12 robot_of INFO API GET /status with query:  | filters: startDate=None, endDate=None, all=False
14:54:12 robot_of INFO No filters applied, returning all 200 trades
14:54:14 robot_of INFO API GET /status with query:  | filters: startDate=None, endDate=None, all=False
14:54:14 robot_of INFO No filters applied, returning all 200 trades
14:54:16 robot_of INFO API GET /status with query:  | filters: startDate=None, endDate=None, all=False
14:54:16 robot_of INFO No filters applied, returning all 200 trades
14:54:18 robot_of INFO API GET /status with query:  | filters: startDate=None, endDate=None, all=False
14:54:18 robot_of INFO No filters applied, returning all 200 trades
14:54:20 robot_of INFO API GET /status with query:  | filters: startDate=None, endDate=None, all=False
14:54:20 robot_of INFO No filters applied, returning all 200 trades
14:54:22 robot_of INFO API GET /status with query:  | filters: startDate=None, endDate=None, all=False
14:54:22 robot_of INFO No filters applied, returning all 200 trades
14:54:24 robot_of INFO API GET /status with query:  | filters: startDate=None, endDate=None, all=False
14:54:24 robot_of INFO No filters applied, returning all 200 trades
14:54:25 strategy_of INFO PARTIAL_TP buy 2 @ 79334 | pnl=+104₽ | remaining=24
14:54:25 robot_of INFO 📄 PAPER partial_tp: buy 2 realized=104₽
14:54:26 robot_of INFO API GET /status with query:  | filters: startDate=None, endDate=None, all=False
14:54:26 robot_of INFO No filters applied, returning all 200 trades
14:54:28 robot_of INFO API GET /status with query:  | filters: startDate=None, endDate=None, all=False
14:54:28 robot_of INFO No filters applied, returning all 200 trades
14:54:30 robot_of INFO API GET /status with query:  | filters: startDate=None, endDate=None, all=False
14:54:30 robot_of INFO No filters applied, returning all 200 trades
14:54:32 robot_of INFO API GET /status with query:  | filters: startDate=None, endDate=None, all=False
14:54:32 robot_of INFO No filters applied, returning all 200 trades
14:54:34 robot_of INFO API GET /status with query:  | filters: startDate=None, endDate=None, all=False
14:54:34 robot_of INFO No filters applied, returning all 200 trades
14:54:34 robot_of INFO API GET /status with query:  | filters: startDate=None, endDate=None, all=False
14:54:34 robot_of INFO No filters applied, returning all 200 trades
14:54:36 robot_of INFO API GET /status with query:  | filters: startDate=None, endDate=None, all=False
14:54:36 robot_of INFO No filters applied, returning all 200 trades
14:54:38 robot_of INFO API GET /status with query:  | filters: startDate=None, endDate=None, all=False
14:54:38 robot_of INFO No filters applied, returning all 200 trades
14:54:40 robot_of INFO API GET /status with query:  | filters: startDate=None, endDate=None, all=False
14:54:40 robot_of INFO No filters applied, returning all 200 trades
14:54:42 robot_of INFO API GET /status with query:  | filters: startDate=None, endDate=None, all=False
14:54:42 robot_of INFO No filters applied, returning all 200 trades
14:54:44 robot_of INFO API GET /status with query:  | filters: startDate=None, endDate=None, all=False
14:54:44 robot_of INFO No filters applied, returning all 200 trades
14:54:46 robot_of INFO API GET /status with query:  | filters: startDate=None, endDate=None, all=False
14:54:46 robot_of INFO No filters applied, returning all 200 trades
14:54:48 robot_of INFO API GET /status with query:  | filters: startDate=None, endDate=None, all=False
14:54:48 robot_of INFO No filters applied, returning all 200 trades
14:54:50 robot_of INFO API GET /status with query:  | filters: startDate=None, endDate=None, all=False
14:54:50 robot_of INFO No filters applied, returning all 200 trades
14:54:52 robot_of INFO API GET /status with query:  | filters: startDate=None, endDate=None, all=False
14:54:52 robot_of INFO No filters applied, returning all 200 trades
14:54:53 strategy_of INFO PARTIAL_TP buy 2 @ 79314 | pnl=+90₽ | remaining=22
14:54:53 robot_of INFO 📄 PAPER partial_tp: buy 2 realized=90₽
14:54:54 robot_of INFO API GET /status with query:  | filters: startDate=None, endDate=None, all=False
14:54:54 robot_of INFO No filters applied, returning all 200 trades
14:54:56 robot_of INFO API GET /status with query:  | filters: startDate=None, endDate=None, all=False
14:54:56 robot_of INFO No filters applied, returning all 200 trades
14:54:58 robot_of INFO API GET /status with query:  | filters: startDate=None, endDate=None, all=False
14:54:58 robot_of INFO No filters applied, returning all 200 trades
14:55:00 robot_of INFO API GET /status with query:  | filters: startDate=None, endDate=None, all=False
14:55:00 robot_of INFO No filters applied, returning all 200 trades
14:55:02 robot_of INFO API GET /status with query:  | filters: startDate=None, endDate=None, all=False
14:55:02 robot_of INFO No filters applied, returning all 200 trades
14:55:04 robot_of INFO API GET /status with query:  | filters: startDate=None, endDate=None, all=False
14:55:04 robot_of INFO No filters applied, returning all 200 trades
14:55:04 robot_of INFO API GET /status with query:  | filters: startDate=None, endDate=None, all=False
14:55:04 robot_of INFO No filters applied, returning all 200 trades
14:55:04 robot_of INFO API GET /status with query:  | filters: startDate=None, endDate=None, all=False
14:55:04 robot_of INFO No filters applied, returning all 200 trades
14:55:06 robot_of INFO API GET /status with query:  | filters: startDate=None, endDate=None, all=False
14:55:06 robot_of INFO No filters applied, returning all 200 trades
14:55:08 robot_of INFO API GET /status with query:  | filters: startDate=None, endDate=None, all=False
14:55:08 robot_of INFO No filters applied, returning all 200 trades
14:55:10 robot_of INFO API GET /status with query:  | filters: startDate=None, endDate=None, all=False
14:55:10 robot_of INFO No filters applied, returning all 200 trades
14:55:12 robot_of INFO API GET /status with query:  | filters: startDate=None, endDate=None, all=False
14:55:12 robot_of INFO No filters applied, returning all 200 trades
14:55:14 robot_of INFO API GET /status with query:  | filters: startDate=None, endDate=None, all=False
14:55:14 robot_of INFO No filters applied, returning all 200 trades
14:55:16 robot_of INFO API GET /status with query:  | filters: startDate=None, endDate=None, all=False
14:55:16 robot_of INFO No filters applied, returning all 200 trades
14:55:18 robot_of INFO API GET /status with query:  | filters: startDate=None, endDate=None, all=False
14:55:18 robot_of INFO No filters applied, returning all 200 trades
14:55:20 robot_of INFO API GET /status with query:  | filters: startDate=None, endDate=None, all=False
14:55:20 robot_of INFO No filters applied, returning all 200 trades
14:55:22 robot_of INFO API GET /status with query:  | filters: startDate=None, endDate=None, all=False
14:55:22 robot_of INFO No filters applied, returning all 200 trades
14:55:24 robot_of INFO API GET /status with query:  | filters: startDate=None, endDate=None, all=False
14:55:24 robot_of INFO No filters applied, returning all 200 trades
14:55:26 robot_of INFO API GET /status with query:  | filters: startDate=None, endDate=None, all=False
14:55:26 robot_of INFO No filters applied, returning all 200 trades
14:55:28 robot_of INFO API GET /status with query:  | filters: startDate=None, endDate=None, all=False
14:55:28 robot_of INFO No filters applied, returning all 200 trades
14:55:30 robot_of INFO API GET /status with query:  | filters: startDate=None, endDate=None, all=False
14:55:30 robot_of INFO No filters applied, returning all 200 trades
14:55:32 robot_of INFO API GET /status with query:  | filters: startDate=None, endDate=None, all=False
14:55:32 robot_of INFO No filters applied, returning all 200 trades
14:55:34 robot_of INFO API GET /status with query:  | filters: startDate=None, endDate=None, all=False
14:55:34 robot_of INFO No filters applied, returning all 200 trades
14:55:34 robot_of INFO API GET /status with query:  | filters: startDate=None, endDate=None, all=False
14:55:34 robot_of INFO No filters applied, returning all 200 trades
14:55:36 robot_of INFO API GET /status with query:  | filters: startDate=None, endDate=None, all=False
14:55:36 robot_of INFO No filters applied, returning all 200 trades
14:55:38 robot_of INFO API GET /status with query:  | filters: startDate=None, endDate=None, all=False
14:55:38 robot_of INFO No filters applied, returning all 200 trades
14:55:40 robot_of INFO API GET /status with query:  | filters: startDate=None, endDate=None, all=False
14:55:40 robot_of INFO No filters applied, returning all 200 trades
14:55:41 strategy_of INFO PARTIAL_TP buy 2 @ 79284 | pnl=+96₽ | remaining=20
14:55:41 robot_of INFO 📄 PAPER partial_tp: buy 2 realized=96₽
14:55:42 robot_of INFO API GET /status with query:  | filters: startDate=None, endDate=None, all=False
14:55:42 robot_of INFO No filters applied, returning all 200 trades
14:55:44 robot_of INFO API GET /status with query:  | filters: startDate=None, endDate=None, all=False
14:55:44 robot_of INFO No filters applied, returning all 200 trades
14:55:46 robot_of INFO API GET /status with query:  | filters: startDate=None, endDate=None, all=False
14:55:46 robot_of INFO No filters applied, returning all 200 trades
14:55:48 robot_of INFO API GET /status with query:  | filters: startDate=None, endDate=None, all=False
14:55:48 robot_of INFO No filters applied, returning all 200 trades
14:55:50 robot_of INFO API GET /status with query:  | filters: startDate=None, endDate=None, all=False
14:55:50 robot_of INFO No filters applied, returning all 200 trades
14:55:52 robot_of INFO API GET /status with query:  | filters: startDate=None, endDate=None, all=False
14:55:52 robot_of INFO No filters applied, returning all 200 trades
14:55:54 robot_of INFO API GET /status with query:  | filters: startDate=None, endDate=None, all=False
14:55:54 robot_of INFO No filters applied, returning all 200 trades
14:55:56 robot_of INFO API GET /status with query:  | filters: startDate=None, endDate=None, all=False
14:55:56 robot_of INFO No filters applied, returning all 200 trades
14:55:58 strategy_of INFO PARTIAL_TP buy 2 @ 79264 | pnl=+84₽ | remaining=18
14:55:58 robot_of INFO 📄 PAPER partial_tp: buy 2 realized=84₽
14:55:58 robot_of INFO API GET /status with query:  | filters: startDate=None, endDate=None, all=False
14:55:58 robot_of INFO No filters applied, returning all 200 trades
14:56:00 robot_of INFO API GET /status with query:  | filters: startDate=None, endDate=None, all=False
14:56:00 robot_of INFO No filters applied, returning all 200 trades
14:56:02 robot_of INFO API GET /status with query:  | filters: startDate=None, endDate=None, all=False
14:56:02 robot_of INFO No filters applied, returning all 200 trades
14:56:04 robot_of INFO API GET /status with query:  | filters: startDate=None, endDate=None, all=False
14:56:04 robot_of INFO No filters applied, returning all 200 trades
14:56:04 robot_of INFO API GET /status with query:  | filters: startDate=None, endDate=None, all=False
14:56:04 robot_of INFO No filters applied, returning all 200 trades
14:56:06 robot_of INFO API GET /status with query:  | filters: startDate=None, endDate=None, all=False
14:56:06 robot_of INFO No filters applied, returning all 200 trades
14:56:08 robot_of INFO API GET /status with query:  | filters: startDate=None, endDate=None, all=False
14:56:08 robot_of INFO No filters applied, returning all 200 trades
14:56:08 robot_of INFO API GET /status with query:  | filters: startDate=None, endDate=None, all=False
14:56:08 robot_of INFO No filters applied, returning all 200 trades
14:56:10 robot_of INFO API GET /status with query:  | filters: startDate=None, endDate=None, all=False
14:56:10 robot_of INFO No filters applied, returning all 200 trades
14:56:12 robot_of INFO API GET /status with query:  | filters: startDate=None, endDate=None, all=False
14:56:12 robot_of INFO No filters applied, returning all 200 trades
14:56:14 robot_of INFO API GET /status with query:  | filters: startDate=None, endDate=None, all=False
14:56:14 robot_of INFO No filters applied, returning all 200 trades
14:56:16 robot_of INFO API GET /status with query:  | filters: startDate=None, endDate=None, all=False
14:56:16 robot_of INFO No filters applied, returning all 200 trades
14:56:18 robot_of INFO API GET /status with query:  | filters: startDate=None, endDate=None, all=False
14:56:18 robot_of INFO No filters applied, returning all 200 trades
14:56:20 robot_of INFO API GET /status with query:  | filters: startDate=None, endDate=None, all=False
14:56:20 robot_of INFO No filters applied, returning all 200 trades
14:56:22 robot_of INFO API GET /status with query:  | filters: startDate=None, endDate=None, all=False
14:56:22 robot_of INFO No filters applied, returning all 200 trades
14:56:24 robot_of INFO API GET /status with query:  | filters: startDate=None, endDate=None, all=False
14:56:24 robot_of INFO No filters applied, returning all 200 trades
14:56:26 robot_of INFO API GET /status with query:  | filters: startDate=None, endDate=None, all=False
14:56:26 robot_of INFO No filters applied, returning all 200 trades
14:56:28 robot_of INFO API GET /status with query:  | filters: startDate=None, endDate=None, all=False
14:56:28 robot_of INFO No filters applied, returning all 200 trades
14:56:30 robot_of INFO API GET /status with query:  | filters: startDate=None, endDate=None, all=False
14:56:30 robot_of INFO No filters applied, returning all 200 trades
14:56:32 robot_of INFO API GET /status with query:  | filters: startDate=None, endDate=None, all=False
14:56:32 robot_of INFO No filters applied, returning all 200 trades
14:56:34 robot_of INFO API GET /status with query:  | filters: startDate=None, endDate=None, all=False
14:56:34 robot_of INFO No filters applied, returning all 200 trades
14:56:34 robot_of INFO API GET /status with query:  | filters: startDate=None, endDate=None, all=False
14:56:34 robot_of INFO No filters applied, returning all 200 trades
14:56:36 robot_of INFO API GET /status with query:  | filters: startDate=None, endDate=None, all=False
14:56:36 robot_of INFO No filters applied, returning all 200 trades
14:56:38 robot_of INFO API GET /status with query:  | filters: startDate=None, endDate=None, all=False
14:56:38 robot_of INFO No filters applied, returning all 200 trades
14:56:40 robot_of INFO API GET /status with query:  | filters: startDate=None, endDate=None, all=False
14:56:40 robot_of INFO No filters applied, returning all 200 trades
14:56:42 robot_of INFO API GET /status with query:  | filters: startDate=None, endDate=None, all=False
14:56:42 robot_of INFO No filters applied, returning all 200 trades
14:56:44 robot_of INFO API GET /status with query:  | filters: startDate=None, endDate=None, all=False
14:56:44 robot_of INFO No filters applied, returning all 200 trades
14:56:44 robot_of INFO Param updated: lots = 2
14:56:44 robot_of INFO Param updated: max_pyramid_levels = 5
14:56:44 robot_of INFO Param updated: max_average_levels = 1000
14:56:44 robot_of INFO Param updated: step_average = 25
14:56:44 robot_of INFO Param updated: step_pyramid = 33
14:56:44 robot_of INFO Param updated: spread = 44
14:56:44 robot_of INFO Param updated: stop_loss_mode = pts
14:56:44 robot_of INFO Param updated: stop_loss_value = 5000000
14:56:44 robot_of INFO Param updated: min_profit_per_lot = 60
14:56:44 robot_of INFO Param updated: max_hold_minutes = 9999999999
14:56:44 robot_of INFO Param updated: absorption_threshold = 0.35
14:56:44 robot_of INFO Param updated: cvd_lookback = 10
14:56:44 robot_of INFO Param updated: ob_imbalance_threshold = 0.3
14:56:44 robot_of INFO Param updated: signal_confirm_count = 1
14:56:44 robot_of INFO Param updated: signal_confirm_exit = 2
14:56:44 robot_of INFO Param updated: timeframe = M1
14:56:44 robot_of INFO Param updated: use_vwema = True
14:56:44 robot_of INFO Param updated: vwema_fast = 20
14:56:44 robot_of INFO Param updated: vwema_slow = 40
14:56:44 robot_of INFO Param updated: vwema_flat_th = 1
14:56:44 robot_of INFO Param updated: vwema_block_counter = True
14:56:44 strategy_of INFO VWEMA filter enabled: fast=20 slow=40 flat_th=1
14:56:46 robot_of INFO API GET /status with query:  | filters: startDate=None, endDate=None, all=False
14:56:46 robot_of INFO No filters applied, returning all 200 trades
14:56:48 robot_of INFO API GET /status with query:  | filters: startDate=None, endDate=None, all=False
14:56:48 robot_of INFO No filters applied, returning all 200 trades
14:56:50 robot_of INFO API GET /status with query:  | filters: startDate=None, endDate=None, all=False
14:56:50 robot_of INFO No filters applied, returning all 200 trades
14:56:52 robot_of INFO API GET /status with query:  | filters: startDate=None, endDate=None, all=False
14:56:52 robot_of INFO No filters applied, returning all 200 trades
14:56:54 robot_of INFO API GET /status with query:  | filters: startDate=None, endDate=None, all=False
14:56:54 robot_of INFO No filters applied, returning all 200 trades
14:56:56 robot_of INFO API GET /status with query:  | filters: startDate=None, endDate=None, all=False
14:56:56 robot_of INFO No filters applied, returning all 200 trades
14:56:58 robot_of INFO API GET /status with query:  | filters: startDate=None, endDate=None, all=False
14:56:58 robot_of INFO No filters applied, returning all 200 trades
14:57:00 robot_of INFO API GET /status with query:  | filters: startDate=None, endDate=None, all=False
14:57:00 robot_of INFO No filters applied, returning all 200 trades
14:57:02 robot_of INFO API GET /status with query:  | filters: startDate=None, endDate=None, all=False
14:57:02 robot_of INFO No filters applied, returning all 200 trades
14:57:04 robot_of INFO API GET /status with query:  | filters: startDate=None, endDate=None, all=False
14:57:04 robot_of INFO No filters applied, returning all 200 trades
14:57:04 robot_of INFO API GET /status with query:  | filters: startDate=None, endDate=None, all=False
14:57:04 robot_of INFO No filters applied, returning all 200 trades
14:57:06 robot_of INFO API GET /status with query:  | filters: startDate=None, endDate=None, all=False
14:57:06 robot_of INFO No filters applied, returning all 200 trades
14:57:08 robot_of INFO API GET /status with query:  | filters: startDate=None, endDate=None, all=False
14:57:08 robot_of INFO No filters applied, returning all 200 trades
14:57:10 robot_of INFO API GET /status with query:  | filters: startDate=None, endDate=None, all=False
14:57:10 robot_of INFO No filters applied, returning all 200 trades
14:57:12 robot_of INFO API GET /status with query:  | filters: startDate=None, endDate=None, all=False
14:57:12 robot_of INFO No filters applied, returning all 200 trades
14:57:14 robot_of INFO API GET /status with query:  | filters: startDate=None, endDate=None, all=False
14:57:14 robot_of INFO No filters applied, returning all 200 trades
14:57:16 robot_of INFO API GET /status with query:  | filters: startDate=None, endDate=None, all=False
14:57:16 robot_of INFO No filters applied, returning all 200 trades
14:57:18 robot_of INFO API GET /status with query:  | filters: startDate=None, endDate=None, all=False
14:57:18 robot_of INFO No filters applied, returning all 200 trades
14:57:20 robot_of INFO API GET /status with query:  | filters: startDate=None, endDate=None, all=False
14:57:20 robot_of INFO No filters applied, returning all 200 trades
14:57:22 robot_of INFO API GET /status with query:  | filters: startDate=None, endDate=None, all=False
14:57:22 robot_of INFO No filters applied, returning all 200 trades
14:57:24 robot_of INFO API GET /status with query:  | filters: startDate=None, endDate=None, all=False
14:57:24 robot_of INFO No filters applied, returning all 200 trades
14:57:26 robot_of INFO API GET /status with query:  | filters: startDate=None, endDate=None, all=False
14:57:26 robot_of INFO No filters applied, returning all 200 trades
14:57:28 robot_of INFO API GET /status with query:  | filters: startDate=None, endDate=None, all=False
14:57:28 robot_of INFO No filters applied, returning all 200 trades
14:57:30 robot_of INFO API GET /status with query:  | filters: startDate=None, endDate=None, all=False
14:57:30 robot_of INFO No filters applied, returning all 200 trades
14:57:32 robot_of INFO API GET /status with query:  | filters: startDate=None, endDate=None, all=False
14:57:32 robot_of INFO No filters applied, returning all 200 trades
14:57:34 robot_of INFO API GET /status with query:  | filters: startDate=None, endDate=None, all=False
14:57:34 robot_of INFO No filters applied, returning all 200 trades
14:57:34 robot_of INFO API GET /status with query:  | filters: startDate=None, endDate=None, all=False
14:57:34 robot_of INFO No filters applied, returning all 200 trades
14:57:36 robot_of INFO API GET /status with query:  | filters: startDate=None, endDate=None, all=False
14:57:36 robot_of INFO No filters applied, returning all 200 trades
14:57:38 robot_of INFO API GET /status with query:  | filters: startDate=None, endDate=None, all=False
14:57:38 robot_of INFO No filters applied, returning all 200 trades
14:57:40 robot_of INFO API GET /status with query:  | filters: startDate=None, endDate=None, all=False
14:57:40 robot_of INFO No filters applied, returning all 200 trades
14:57:42 robot_of INFO API GET /status with query:  | filters: startDate=None, endDate=None, all=False
14:57:42 robot_of INFO No filters applied, returning all 200 trades
14:57:44 robot_of INFO API GET /status with query:  | filters: startDate=None, endDate=None, all=False
14:57:44 robot_of INFO No filters applied, returning all 200 trades
14:57:46 robot_of INFO API GET /status with query:  | filters: startDate=None, endDate=None, all=False
14:57:46 robot_of INFO No filters applied, returning all 200 trades
14:57:48 robot_of INFO API GET /status with query:  | filters: startDate=None, endDate=None, all=False
14:57:48 robot_of INFO No filters applied, returning all 200 trades
14:57:50 robot_of INFO API GET /status with query:  | filters: startDate=None, endDate=None, all=False
14:57:50 robot_of INFO No filters applied, returning all 200 trades
14:57:52 robot_of INFO API GET /status with query:  | filters: startDate=None, endDate=None, all=False
14:57:52 robot_of INFO No filters applied, returning all 200 trades
14:57:54 robot_of INFO API GET /status with query:  | filters: startDate=None, endDate=None, all=False
14:57:54 robot_of INFO No filters applied, returning all 200 trades
14:57:56 robot_of INFO API GET /status with query:  | filters: startDate=None, endDate=None, all=False
14:57:56 robot_of INFO No filters applied, returning all 200 trades
14:57:58 robot_of INFO API GET /status with query:  | filters: startDate=None, endDate=None, all=False
14:57:58 robot_of INFO No filters applied, returning all 200 trades
14:58:00 robot_of INFO API GET /status with query:  | filters: startDate=None, endDate=None, all=False
14:58:00 robot_of INFO No filters applied, returning all 200 trades
14:58:02 robot_of INFO API GET /status with query:  | filters: startDate=None, endDate=None, all=False
14:58:02 robot_of INFO No filters applied, returning all 200 trades
14:58:04 robot_of INFO API GET /status with query:  | filters: startDate=None, endDate=None, all=False
14:58:04 robot_of INFO No filters applied, returning all 200 trades
14:58:04 robot_of INFO API GET /status with query:  | filters: startDate=None, endDate=None, all=False
14:58:04 robot_of INFO No filters applied, returning all 200 trades
14:58:06 robot_of INFO API GET /status with query:  | filters: startDate=None, endDate=None, all=False
14:58:06 robot_of INFO No filters applied, returning all 200 trades
14:58:08 robot_of INFO API GET /status with query:  | filters: startDate=None, endDate=None, all=False
14:58:08 robot_of INFO No filters applied, returning all 200 trades
14:58:10 robot_of INFO API GET /status with query:  | filters: startDate=None, endDate=None, all=False
14:58:10 robot_of INFO No filters applied, returning all 200 trades
14:58:12 robot_of INFO API GET /status with query:  | filters: startDate=None, endDate=None, all=False
14:58:12 robot_of INFO No filters applied, returning all 200 trades
14:58:14 robot_of INFO API GET /status with query:  | filters: startDate=None, endDate=None, all=False
14:58:14 robot_of INFO No filters applied, returning all 200 trades
14:58:16 robot_of INFO API GET /status with query:  | filters: startDate=None, endDate=None, all=False
14:58:16 robot_of INFO No filters applied, returning all 200 trades
14:58:18 robot_of INFO API GET /status with query:  | filters: startDate=None, endDate=None, all=False
14:58:18 robot_of INFO No filters applied, returning all 200 trades
14:58:20 robot_of INFO API GET /status with query:  | filters: startDate=None, endDate=None, all=False
14:58:20 robot_of INFO No filters applied, returning all 200 trades
14:58:22 robot_of INFO API GET /status with query:  | filters: startDate=None, endDate=None, all=False
14:58:22 robot_of INFO No filters applied, returning all 200 trades
14:58:24 robot_of INFO API GET /status with query:  | filters: startDate=None, endDate=None, all=False
14:58:24 robot_of INFO No filters applied, returning all 200 trades
14:58:26 robot_of INFO API GET /status with query:  | filters: startDate=None, endDate=None, all=False
14:58:26 robot_of INFO No filters applied, returning all 200 trades
14:58:28 robot_of INFO API GET /status with query:  | filters: startDate=None, endDate=None, all=False
14:58:28 robot_of INFO No filters applied, returning all 200 trades
14:58:30 robot_of INFO API GET /status with query:  | filters: startDate=None, endDate=None, all=False
14:58:30 robot_of INFO No filters applied, returning all 200 trades
14:58:32 robot_of INFO API GET /status with query:  | filters: startDate=None, endDate=None, all=False
14:58:32 robot_of INFO No filters applied, returning all 200 trades
14:58:34 robot_of INFO API GET /status with query:  | filters: startDate=None, endDate=None, all=False
14:58:34 robot_of INFO No filters applied, returning all 200 trades
14:58:34 robot_of INFO API GET /status with query:  | filters: startDate=None, endDate=None, all=False
14:58:34 robot_of INFO No filters applied, returning all 200 trades
14:58:36 robot_of INFO API GET /status with query:  | filters: startDate=None, endDate=None, all=False
14:58:36 robot_of INFO No filters applied, returning all 200 trades
14:58:38 robot_of INFO API GET /status with query:  | filters: startDate=None, endDate=None, all=False
14:58:38 robot_of INFO No filters applied, returning all 200 trades
14:58:40 robot_of INFO API GET /status with query:  | filters: startDate=None, endDate=None, all=False
14:58:40 robot_of INFO No filters applied, returning all 200 trades
14:58:42 robot_of INFO API GET /status with query:  | filters: startDate=None, endDate=None, all=False
14:58:42 robot_of INFO No filters applied, returning all 200 trades
14:58:44 robot_of INFO API GET /status with query:  | filters: startDate=None, endDate=None, all=False
14:58:44 robot_of INFO No filters applied, returning all 200 trades
14:58:46 robot_of INFO API GET /status with query:  | filters: startDate=None, endDate=None, all=False
14:58:46 robot_of INFO No filters applied, returning all 200 trades
14:58:48 robot_of INFO API GET /status with query:  | filters: startDate=None, endDate=None, all=False
14:58:48 robot_of INFO No filters applied, returning all 200 trades
14:58:50 robot_of INFO API GET /status with query:  | filters: startDate=None, endDate=None, all=False
14:58:50 robot_of INFO No filters applied, returning all 200 trades
14:58:52 robot_of INFO API GET /status with query:  | filters: startDate=None, endDate=None, all=False
14:58:52 robot_of INFO No filters applied, returning all 200 trades
14:58:54 robot_of INFO API GET /status with query:  | filters: startDate=None, endDate=None, all=False
14:58:54 robot_of INFO No filters applied, returning all 200 trades
14:58:56 robot_of INFO API GET /status with query:  | filters: startDate=None, endDate=None, all=False
14:58:56 robot_of INFO No filters applied, returning all 200 trades
14:58:58 robot_of INFO API GET /status with query:  | filters: startDate=None, endDate=None, all=False
14:58:58 robot_of INFO No filters applied, returning all 200 trades
14:59:00 robot_of INFO API GET /status with query:  | filters: startDate=None, endDate=None, all=False
14:59:00 robot_of INFO No filters applied, returning all 200 trades
14:59:02 robot_of INFO API GET /status with query:  | filters: startDate=None, endDate=None, all=False
14:59:02 robot_of INFO No filters applied, returning all 200 trades
14:59:04 robot_of INFO API GET /status with query:  | filters: startDate=None, endDate=None, all=False
14:59:04 robot_of INFO No filters applied, returning all 200 trades
14:59:04 robot_of INFO API GET /status with query:  | filters: startDate=None, endDate=None, all=False
14:59:04 robot_of INFO No filters applied, returning all 200 trades
14:59:06 robot_of INFO API GET /status with query:  | filters: startDate=None, endDate=None, all=False
14:59:06 robot_of INFO No filters applied, returning all 200 trades
14:59:08 robot_of INFO API GET /status with query:  | filters: startDate=None, endDate=None, all=False
14:59:08 robot_of INFO No filters applied, returning all 200 trades
14:59:10 robot_of INFO API GET /status with query:  | filters: startDate=None, endDate=None, all=False
14:59:10 robot_of INFO No filters applied, returning all 200 trades
14:59:12 robot_of INFO API GET /status with query:  | filters: startDate=None, endDate=None, all=False
14:59:12 robot_of INFO No filters applied, returning all 200 trades
14:59:14 robot_of INFO API GET /status with query:  | filters: startDate=None, endDate=None, all=False
14:59:14 robot_of INFO No filters applied, returning all 200 trades
14:59:16 robot_of INFO API GET /status with query:  | filters: startDate=None, endDate=None, all=False
14:59:16 robot_of INFO No filters applied, returning all 200 trades
14:59:18 robot_of INFO API GET /status with query:  | filters: startDate=None, endDate=None, all=False
14:59:18 robot_of INFO No filters applied, returning all 200 trades
14:59:20 robot_of INFO API GET /status with query:  | filters: startDate=None, endDate=None, all=False
14:59:20 robot_of INFO No filters applied, returning all 200 trades
14:59:22 robot_of INFO API GET /status with query:  | filters: startDate=None, endDate=None, all=False
14:59:22 robot_of INFO No filters applied, returning all 200 trades
14:59:24 robot_of INFO API GET /status with query:  | filters: startDate=None, endDate=None, all=False
14:59:24 robot_of INFO No filters applied, returning all 200 trades
14:59:26 robot_of INFO API GET /status with query:  | filters: startDate=None, endDate=None, all=False
14:59:26 robot_of INFO No filters applied, returning all 200 trades
14:59:28 robot_of INFO API GET /status with query:  | filters: startDate=None, endDate=None, all=False
14:59:28 robot_of INFO No filters applied, returning all 200 trades
14:59:30 robot_of INFO API GET /status with query:  | filters: startDate=None, endDate=None, all=False
14:59:30 robot_of INFO No filters applied, returning all 200 trades
14:59:32 robot_of INFO API GET /status with query:  | filters: startDate=None, endDate=None, all=False
14:59:32 robot_of INFO No filters applied, returning all 200 trades
14:59:34 robot_of INFO API GET /status with query:  | filters: startDate=None, endDate=None, all=False
14:59:34 robot_of INFO No filters applied, returning all 200 trades
14:59:34 robot_of INFO API GET /status with query:  | filters: startDate=None, endDate=None, all=False
14:59:34 robot_of INFO No filters applied, returning all 200 trades
14:59:36 robot_of INFO API GET /status with query:  | filters: startDate=None, endDate=None, all=False
14:59:36 robot_of INFO No filters applied, returning all 200 trades
14:59:38 robot_of INFO API GET /status with query:  | filters: startDate=None, endDate=None, all=False
14:59:38 robot_of INFO No filters applied, returning all 200 trades
14:59:40 robot_of INFO API GET /status with query:  | filters: startDate=None, endDate=None, all=False
14:59:40 robot_of INFO No filters applied, returning all 200 trades
14:59:42 robot_of INFO API GET /status with query:  | filters: startDate=None, endDate=None, all=False
14:59:42 robot_of INFO No filters applied, returning all 200 trades
14:59:44 robot_of INFO API GET /status with query:  | filters: startDate=None, endDate=None, all=False
14:59:44 robot_of INFO No filters applied, returning all 200 trades
14:59:46 robot_of INFO API GET /status with query:  | filters: startDate=None, endDate=None, all=False
14:59:46 robot_of INFO No filters applied, returning all 200 trades
14:59:48 robot_of INFO API GET /status with query:  | filters: startDate=None, endDate=None, all=False
14:59:48 robot_of INFO No filters applied, returning all 200 trades
14:59:51 robot_of INFO API GET /status with query:  | filters: startDate=None, endDate=None, all=False
14:59:51 robot_of INFO No filters applied, returning all 200 trades
14:59:53 robot_of INFO API GET /status with query:  | filters: startDate=None, endDate=None, all=False
14:59:53 robot_of INFO No filters applied, returning all 200 trades
14:59:55 robot_of INFO API GET /status with query:  | filters: startDate=None, endDate=None, all=False
14:59:55 robot_of INFO No filters applied, returning all 200 trades
14:59:57 robot_of INFO API GET /status with query:  | filters: startDate=None, endDate=None, all=False
14:59:57 robot_of INFO No filters applied, returning all 200 trades
14:59:59 robot_of INFO API GET /status with query:  | filters: startDate=None, endDate=None, all=False
14:59:59 robot_of INFO No filters applied, returning all 200 trades
15:00:01 robot_of INFO API GET /status with query:  | filters: startDate=None, endDate=None, all=False
15:00:01 robot_of INFO No filters applied, returning all 200 trades
15:00:03 robot_of INFO API GET /status with query:  | filters: startDate=None, endDate=None, all=False
15:00:03 robot_of INFO No filters applied, returning all 200 trades
15:00:04 robot_of INFO API GET /status with query:  | filters: startDate=None, endDate=None, all=False
15:00:04 robot_of INFO No filters applied, returning all 200 trades
15:00:05 robot_of INFO API GET /status with query:  | filters: startDate=None, endDate=None, all=False
15:00:05 robot_of INFO No filters applied, returning all 200 trades
15:00:07 robot_of INFO API GET /status with query:  | filters: startDate=None, endDate=None, all=False
15:00:07 robot_of INFO No filters applied, returning all 200 trades
15:00:09 robot_of INFO API GET /status with query:  | filters: startDate=None, endDate=None, all=False
15:00:09 robot_of INFO No filters applied, returning all 200 trades
15:00:11 robot_of INFO API GET /status with query:  | filters: startDate=None, endDate=None, all=False
15:00:11 robot_of INFO No filters applied, returning all 200 trades
15:00:13 robot_of INFO API GET /status with query:  | filters: startDate=None, endDate=None, all=False
15:00:13 robot_of INFO No filters applied, returning all 200 trades
15:00:15 robot_of INFO API GET /status with query:  | filters: startDate=None, endDate=None, all=False
15:00:15 robot_of INFO No filters applied, returning all 200 trades
15:00:17 robot_of INFO API GET /status with query:  | filters: startDate=None, endDate=None, all=False
15:00:17 robot_of INFO No filters applied, returning all 200 trades
15:00:19 robot_of INFO API GET /status with query:  | filters: startDate=None, endDate=None, all=False
15:00:19 robot_of INFO No filters applied, returning all 200 trades
15:00:21 robot_of INFO API GET /status with query:  | filters: startDate=None, endDate=None, all=False
15:00:21 robot_of INFO No filters applied, returning all 200 trades
15:00:23 robot_of INFO API GET /status with query:  | filters: startDate=None, endDate=None, all=False
15:00:23 robot_of INFO No filters applied, returning all 200 trades
15:00:25 robot_of INFO API GET /status with query:  | filters: startDate=None, endDate=None, all=False
15:00:25 robot_of INFO No filters applied, returning all 200 trades
15:00:27 robot_of INFO API GET /status with query:  | filters: startDate=None, endDate=None, all=False
15:00:27 robot_of INFO No filters applied, returning all 200 trades
15:00:29 robot_of INFO API GET /status with query:  | filters: startDate=None, endDate=None, all=False
15:00:29 robot_of INFO No filters applied, returning all 200 trades
15:00:31 robot_of INFO API GET /status with query:  | filters: startDate=None, endDate=None, all=False
15:00:31 robot_of INFO No filters applied, returning all 200 trades
15:00:33 robot_of INFO API GET /status with query:  | filters: startDate=None, endDate=None, all=False
15:00:33 robot_of INFO No filters applied, returning all 200 trades
15:00:34 robot_of INFO API GET /status with query:  | filters: startDate=None, endDate=None, all=False
15:00:34 robot_of INFO No filters applied, returning all 200 trades
15:00:35 robot_of INFO API GET /status with query:  | filters: startDate=None, endDate=None, all=False
15:00:35 robot_of INFO No filters applied, returning all 200 trades
15:00:37 robot_of INFO API GET /status with query:  | filters: startDate=None, endDate=None, all=False
15:00:37 robot_of INFO No filters applied, returning all 200 trades
15:00:39 robot_of INFO API GET /status with query:  | filters: startDate=None, endDate=None, all=False
15:00:39 robot_of INFO No filters applied, returning all 200 trades
15:00:41 robot_of INFO API GET /status with query:  | filters: startDate=None, endDate=None, all=False
15:00:41 robot_of INFO No filters applied, returning all 200 trades
15:00:43 robot_of INFO API GET /status with query:  | filters: startDate=None, endDate=None, all=False
15:00:43 robot_of INFO No filters applied, returning all 200 trades
15:00:45 robot_of INFO API GET /status with query:  | filters: startDate=None, endDate=None, all=False
15:00:45 robot_of INFO No filters applied, returning all 200 trades
15:00:47 robot_of INFO API GET /status with query:  | filters: startDate=None, endDate=None, all=False
15:00:47 robot_of INFO No filters applied, returning all 200 trades
15:00:49 robot_of INFO API GET /status with query:  | filters: startDate=None, endDate=None, all=False
15:00:49 robot_of INFO No filters applied, returning all 200 trades
15:01:04 robot_of INFO API GET /status with query:  | filters: startDate=None, endDate=None, all=False
15:01:04 robot_of INFO No filters applied, returning all 200 trades
15:01:33 robot_of INFO API GET /status with query:  | filters: startDate=None, endDate=None, all=False
15:01:33 robot_of INFO No filters applied, returning all 200 trades
15:01:34 robot_of INFO API GET /status with query:  | filters: startDate=None, endDate=None, all=False
15:01:34 robot_of INFO No filters applied, returning all 200 trades
15:02:04 robot_of INFO API GET /status with query:  | filters: startDate=None, endDate=None, all=False
15:02:04 robot_of INFO No filters applied, returning all 200 trades
15:02:09 strategy_of INFO AVERAGE sell 2 @ 79306 | lvl 26/1000 | avg=79129 lots=20
15:02:09 robot_of INFO 📄 PAPER average: sell 2 @ 79306
15:02:33 robot_of INFO API GET /status with query:  | filters: startDate=None, endDate=None, all=False
15:02:33 robot_of INFO No filters applied, returning all 200 trades
15:02:34 robot_of INFO API GET /status with query:  | filters: startDate=None, endDate=None, all=False
15:02:34 robot_of INFO No filters applied, returning all 200 trades
15:03:04 robot_of INFO API GET /status with query:  | filters: startDate=None, endDate=None, all=False
15:03:04 robot_of INFO No filters applied, returning all 200 trades
15:03:33 robot_of INFO API GET /status with query:  | filters: startDate=None, endDate=None, all=False
15:03:33 robot_of INFO No filters applied, returning all 200 trades
15:03:34 robot_of INFO API GET /status with query:  | filters: startDate=None, endDate=None, all=False
15:03:34 robot_of INFO No filters applied, returning all 200 trades
15:04:04 robot_of INFO API GET /status with query:  | filters: startDate=None, endDate=None, all=False
15:04:04 robot_of INFO No filters applied, returning all 200 trades
15:04:33 robot_of INFO API GET /status with query:  | filters: startDate=None, endDate=None, all=False
15:04:33 robot_of INFO No filters applied, returning all 200 trades
15:04:34 robot_of INFO API GET /status with query:  | filters: startDate=None, endDate=None, all=False
15:04:34 robot_of INFO No filters applied, returning all 200 trades
15:05:04 robot_of INFO API GET /status with query:  | filters: startDate=None, endDate=None, all=False
15:05:04 robot_of INFO No filters applied, returning all 200 trades
15:05:33 robot_of INFO API GET /status with query:  | filters: startDate=None, endDate=None, all=False
15:05:33 robot_of INFO No filters applied, returning all 200 trades
15:05:34 robot_of INFO API GET /status with query:  | filters: startDate=None, endDate=None, all=False
15:05:34 robot_of INFO No filters applied, returning all 200 trades
15:06:04 robot_of INFO API GET /status with query:  | filters: startDate=None, endDate=None, all=False
15:06:04 robot_of INFO No filters applied, returning all 200 trades
15:06:33 robot_of INFO API GET /status with query:  | filters: startDate=None, endDate=None, all=False
15:06:33 robot_of INFO No filters applied, returning all 200 trades
15:06:34 robot_of INFO API GET /status with query:  | filters: startDate=None, endDate=None, all=False
15:06:34 robot_of INFO No filters applied, returning all 200 trades
15:07:04 robot_of INFO API GET /status with query:  | filters: startDate=None, endDate=None, all=False
15:07:04 robot_of INFO No filters applied, returning all 200 trades
15:07:33 robot_of INFO API GET /status with query:  | filters: startDate=None, endDate=None, all=False
15:07:33 robot_of INFO No filters applied, returning all 200 trades
15:07:34 robot_of INFO API GET /status with query:  | filters: startDate=None, endDate=None, all=False
15:07:34 robot_of INFO No filters applied, returning all 200 trades
15:08:04 robot_of INFO API GET /status with query:  | filters: startDate=None, endDate=None, all=False
15:08:04 robot_of INFO No filters applied, returning all 200 trades
15:08:33 robot_of INFO API GET /status with query:  | filters: startDate=None, endDate=None, all=False
15:08:33 robot_of INFO No filters applied, returning all 200 trades
15:08:34 robot_of INFO API GET /status with query:  | filters: startDate=None, endDate=None, all=False
15:08:34 robot_of INFO No filters applied, returning all 200 trades
15:09:04 robot_of INFO API GET /status with query:  | filters: startDate=None, endDate=None, all=False
15:09:04 robot_of INFO No filters applied, returning all 200 trades
15:09:33 robot_of INFO API GET /status with query:  | filters: startDate=None, endDate=None, all=False
15:09:33 robot_of INFO No filters applied, returning all 200 trades
15:09:34 robot_of INFO API GET /status with query:  | filters: startDate=None, endDate=None, all=False
15:09:34 robot_of INFO No filters applied, returning all 200 trades
15:10:04 robot_of INFO API GET /status with query:  | filters: startDate=None, endDate=None, all=False
15:10:04 robot_of INFO No filters applied, returning all 200 trades
15:10:33 robot_of INFO API GET /status with query:  | filters: startDate=None, endDate=None, all=False
15:10:33 robot_of INFO No filters applied, returning all 200 trades
15:10:34 robot_of INFO API GET /status with query:  | filters: startDate=None, endDate=None, all=False
15:10:34 robot_of INFO No filters applied, returning all 200 trades
15:11:04 robot_of INFO API GET /status with query:  | filters: startDate=None, endDate=None, all=False
15:11:04 robot_of INFO No filters applied, returning all 200 trades
15:11:33 robot_of INFO API GET /status with query:  | filters: startDate=None, endDate=None, all=False
15:11:33 robot_of INFO No filters applied, returning all 200 trades
15:11:34 robot_of INFO API GET /status with query:  | filters: startDate=None, endDate=None, all=False
15:11:34 robot_of INFO No filters applied, returning all 200 trades
15:12:04 robot_of INFO API GET /status with query:  | filters: startDate=None, endDate=None, all=False
15:12:04 robot_of INFO No filters applied, returning all 200 trades
15:12:33 robot_of INFO API GET /status with query:  | filters: startDate=None, endDate=None, all=False
15:12:33 robot_of INFO No filters applied, returning all 200 trades
15:12:34 robot_of INFO API GET /status with query:  | filters: startDate=None, endDate=None, all=False
15:12:34 robot_of INFO No filters applied, returning all 200 trades
15:12:50 strategy_of INFO PARTIAL_TP buy 2 @ 79250 | pnl=+106₽ | remaining=18
15:12:50 robot_of INFO 📄 PAPER partial_tp: buy 2 realized=106₽
15:13:01 strategy_of INFO PARTIAL_TP buy 2 @ 79236 | pnl=+85₽ | remaining=16
15:13:01 robot_of INFO 📄 PAPER partial_tp: buy 2 realized=85₽
15:13:04 robot_of INFO API GET /status with query:  | filters: startDate=None, endDate=None, all=False
15:13:04 robot_of INFO No filters applied, returning all 200 trades
15:13:14 strategy_of INFO PARTIAL_TP buy 2 @ 79210 | pnl=+87₽ | remaining=14
15:13:14 robot_of INFO 📄 PAPER partial_tp: buy 2 realized=87₽
15:13:33 robot_of INFO API GET /status with query:  | filters: startDate=None, endDate=None, all=False
15:13:33 robot_of INFO No filters applied, returning all 200 trades
15:13:34 robot_of INFO API GET /status with query:  | filters: startDate=None, endDate=None, all=False
15:13:34 robot_of INFO No filters applied, returning all 200 trades
15:13:41 strategy_of INFO PARTIAL_TP buy 2 @ 79180 | pnl=+88₽ | remaining=12
15:13:41 robot_of INFO 📄 PAPER partial_tp: buy 2 realized=88₽
15:14:04 robot_of INFO API GET /status with query:  | filters: startDate=None, endDate=None, all=False
15:14:04 robot_of INFO No filters applied, returning all 200 trades
15:14:05 strategy_of INFO PARTIAL_TP buy 2 @ 79158 | pnl=+84₽ | remaining=10
15:14:05 robot_of INFO 📄 PAPER partial_tp: buy 2 realized=84₽
15:14:16 strategy_of INFO PARTIAL_TP buy 2 @ 79079 | pnl=+179₽ | remaining=8
15:14:16 robot_of INFO 📄 PAPER partial_tp: buy 2 realized=179₽
15:14:16 strategy_of INFO PARTIAL_TP buy 2 @ 79088 | pnl=+103₽ | remaining=6
15:14:16 robot_of INFO 📄 PAPER partial_tp: buy 2 realized=103₽
15:14:17 strategy_of INFO AVERAGE sell 2 @ 79090 | lvl 27/1000 | avg=78950 lots=8
15:14:17 robot_of INFO 📄 PAPER average: sell 2 @ 79090
15:14:33 robot_of INFO API GET /status with query:  | filters: startDate=None, endDate=None, all=False
15:14:33 robot_of INFO No filters applied, returning all 200 trades
15:14:34 robot_of INFO API GET /status with query:  | filters: startDate=None, endDate=None, all=False
15:14:34 robot_of INFO No filters applied, returning all 200 trades
15:14:45 strategy_of INFO AVERAGE sell 2 @ 79129 | lvl 28/1000 | avg=78986 lots=10
15:14:45 robot_of INFO 📄 PAPER average: sell 2 @ 79129
15:15:04 robot_of INFO API GET /status with query:  | filters: startDate=None, endDate=None, all=False
15:15:04 robot_of INFO No filters applied, returning all 200 trades
15:15:23 strategy_of INFO PARTIAL_TP buy 2 @ 79084 | pnl=+85₽ | remaining=8
15:15:23 robot_of INFO 📄 PAPER partial_tp: buy 2 realized=85₽
15:15:33 robot_of INFO API GET /status with query:  | filters: startDate=None, endDate=None, all=False
15:15:33 robot_of INFO No filters applied, returning all 200 trades
15:15:34 robot_of INFO API GET /status with query:  | filters: startDate=None, endDate=None, all=False
15:15:34 robot_of INFO No filters applied, returning all 200 trades
15:16:04 robot_of INFO API GET /status with query:  | filters: startDate=None, endDate=None, all=False
15:16:04 robot_of INFO No filters applied, returning all 200 trades
15:16:28 strategy_of INFO PARTIAL_TP buy 2 @ 79042 | pnl=+92₽ | remaining=6
15:16:28 robot_of INFO 📄 PAPER partial_tp: buy 2 realized=92₽
15:16:29 strategy_of INFO AVERAGE sell 2 @ 79042 | lvl 29/1000 | avg=78938 lots=8
15:16:29 robot_of INFO 📄 PAPER average: sell 2 @ 79042
15:16:33 robot_of INFO API GET /status with query:  | filters: startDate=None, endDate=None, all=False
15:16:33 robot_of INFO No filters applied, returning all 200 trades
15:16:34 robot_of INFO API GET /status with query:  | filters: startDate=None, endDate=None, all=False
15:16:34 robot_of INFO No filters applied, returning all 200 trades
15:17:00 strategy_of INFO AVERAGE sell 2 @ 79079 | lvl 30/1000 | avg=78966 lots=10
15:17:00 robot_of INFO 📄 PAPER average: sell 2 @ 79079
15:17:05 robot_of INFO API GET /status with query:  | filters: startDate=None, endDate=None, all=False
15:17:05 robot_of INFO No filters applied, returning all 200 trades
15:17:33 robot_of INFO API GET /status with query:  | filters: startDate=None, endDate=None, all=False
15:17:33 robot_of INFO No filters applied, returning all 200 trades
15:17:35 robot_of INFO API GET /status with query:  | filters: startDate=None, endDate=None, all=False
15:17:35 robot_of INFO No filters applied, returning all 200 trades
15:17:37 strategy_of INFO PARTIAL_TP buy 2 @ 79034 | pnl=+87₽ | remaining=8
15:17:37 robot_of INFO 📄 PAPER partial_tp: buy 2 realized=87₽
15:18:05 robot_of INFO API GET /status with query:  | filters: startDate=None, endDate=None, all=False
15:18:05 robot_of INFO No filters applied, returning all 200 trades
15:18:33 robot_of INFO API GET /status with query:  | filters: startDate=None, endDate=None, all=False
15:18:33 robot_of INFO No filters applied, returning all 200 trades
15:18:35 robot_of INFO API GET /status with query:  | filters: startDate=None, endDate=None, all=False
15:18:35 robot_of INFO No filters applied, returning all 200 trades
15:18:37 strategy_of INFO AVERAGE sell 2 @ 79077 | lvl 31/1000 | avg=78966 lots=10
15:18:37 robot_of INFO 📄 PAPER average: sell 2 @ 79077
15:19:05 robot_of INFO API GET /status with query:  | filters: startDate=None, endDate=None, all=False
15:19:05 robot_of INFO No filters applied, returning all 200 trades
15:19:30 strategy_of INFO AVERAGE sell 2 @ 79108 | lvl 32/1000 | avg=78989 lots=12
15:19:30 robot_of INFO 📄 PAPER average: sell 2 @ 79108
15:19:33 robot_of INFO API GET /status with query:  | filters: startDate=None, endDate=None, all=False
15:19:33 robot_of INFO No filters applied, returning all 200 trades
15:19:35 robot_of INFO API GET /status with query:  | filters: startDate=None, endDate=None, all=False
15:19:35 robot_of INFO No filters applied, returning all 200 trades
15:19:39 strategy_of INFO AVERAGE sell 2 @ 79136 | lvl 33/1000 | avg=79010 lots=14
15:19:39 robot_of INFO 📄 PAPER average: sell 2 @ 79136
15:19:54 strategy_of INFO AVERAGE sell 2 @ 79170 | lvl 34/1000 | avg=79030 lots=16
15:19:54 robot_of INFO 📄 PAPER average: sell 2 @ 79170
15:20:05 robot_of INFO API GET /status with query:  | filters: startDate=None, endDate=None, all=False
15:20:05 robot_of INFO No filters applied, returning all 200 trades
15:20:08 strategy_of INFO PARTIAL_TP buy 2 @ 79118 | pnl=+101₽ | remaining=14
15:20:08 robot_of INFO 📄 PAPER partial_tp: buy 2 realized=101₽
15:20:33 robot_of INFO API GET /status with query:  | filters: startDate=None, endDate=None, all=False
15:20:33 robot_of INFO No filters applied, returning all 200 trades
15:20:35 robot_of INFO API GET /status with query:  | filters: startDate=None, endDate=None, all=False
15:20:35 robot_of INFO No filters applied, returning all 200 trades
15:20:58 strategy_of INFO AVERAGE sell 2 @ 79162 | lvl 35/1000 | avg=79029 lots=16
15:20:58 robot_of INFO 📄 PAPER average: sell 2 @ 79162
15:21:05 robot_of INFO API GET /status with query:  | filters: startDate=None, endDate=None, all=False
15:21:05 robot_of INFO No filters applied, returning all 200 trades
15:21:30 strategy_of INFO AVERAGE sell 2 @ 79196 | lvl 36/1000 | avg=79048 lots=18
15:21:30 robot_of INFO 📄 PAPER average: sell 2 @ 79196
15:21:33 robot_of INFO API GET /status with query:  | filters: startDate=None, endDate=None, all=False
15:21:33 robot_of INFO No filters applied, returning all 200 trades
15:21:35 robot_of INFO API GET /status with query:  | filters: startDate=None, endDate=None, all=False
15:21:35 robot_of INFO No filters applied, returning all 200 trades
15:22:05 robot_of INFO API GET /status with query:  | filters: startDate=None, endDate=None, all=False
15:22:05 robot_of INFO No filters applied, returning all 200 trades
15:22:33 robot_of INFO API GET /status with query:  | filters: startDate=None, endDate=None, all=False
15:22:33 robot_of INFO No filters applied, returning all 200 trades
15:22:35 robot_of INFO API GET /status with query:  | filters: startDate=None, endDate=None, all=False
15:22:35 robot_of INFO No filters applied, returning all 200 trades
15:23:00 strategy_of INFO PARTIAL_TP buy 2 @ 79140 | pnl=+106₽ | remaining=16
15:23:00 robot_of INFO 📄 PAPER partial_tp: buy 2 realized=106₽
15:23:05 robot_of INFO API GET /status with query:  | filters: startDate=None, endDate=None, all=False
15:23:05 robot_of INFO No filters applied, returning all 200 trades
15:23:27 strategy_of INFO PARTIAL_TP buy 2 @ 79114 | pnl=+90₽ | remaining=14
15:23:27 robot_of INFO 📄 PAPER partial_tp: buy 2 realized=90₽
15:23:33 robot_of INFO API GET /status with query:  | filters: startDate=None, endDate=None, all=False
15:23:33 robot_of INFO No filters applied, returning all 200 trades
15:23:35 robot_of INFO API GET /status with query:  | filters: startDate=None, endDate=None, all=False
15:23:35 robot_of INFO No filters applied, returning all 200 trades
15:24:01 strategy_of INFO PARTIAL_TP buy 2 @ 79091 | pnl=+87₽ | remaining=12
15:24:01 robot_of INFO 📄 PAPER partial_tp: buy 2 realized=87₽
15:24:05 robot_of INFO API GET /status with query:  | filters: startDate=None, endDate=None, all=False
15:24:05 robot_of INFO No filters applied, returning all 200 trades
15:24:33 robot_of INFO API GET /status with query:  | filters: startDate=None, endDate=None, all=False
15:24:33 robot_of INFO No filters applied, returning all 200 trades
15:24:35 robot_of INFO API GET /status with query:  | filters: startDate=None, endDate=None, all=False
15:24:35 robot_of INFO No filters applied, returning all 200 trades
15:24:48 strategy_of INFO AVERAGE sell 2 @ 79142 | lvl 37/1000 | avg=79011 lots=14
15:24:48 robot_of INFO 📄 PAPER average: sell 2 @ 79142
15:25:05 robot_of INFO API GET /status with query:  | filters: startDate=None, endDate=None, all=False
15:25:05 robot_of INFO No filters applied, returning all 200 trades
15:25:27 strategy_of INFO AVERAGE sell 2 @ 79174 | lvl 38/1000 | avg=79032 lots=16
15:25:27 robot_of INFO 📄 PAPER average: sell 2 @ 79174
15:25:33 robot_of INFO API GET /status with query:  | filters: startDate=None, endDate=None, all=False
15:25:33 robot_of INFO No filters applied, returning all 200 trades
15:25:35 robot_of INFO API GET /status with query:  | filters: startDate=None, endDate=None, all=False
15:25:35 robot_of INFO No filters applied, returning all 200 trades
15:25:57 strategy_of INFO AVERAGE sell 2 @ 79202 | lvl 39/1000 | avg=79051 lots=18
15:25:57 robot_of INFO 📄 PAPER average: sell 2 @ 79202
15:26:05 robot_of INFO API GET /status with query:  | filters: startDate=None, endDate=None, all=False
15:26:05 robot_of INFO No filters applied, returning all 200 trades
15:26:33 robot_of INFO API GET /status with query:  | filters: startDate=None, endDate=None, all=False
15:26:33 robot_of INFO No filters applied, returning all 200 trades
15:26:35 robot_of INFO API GET /status with query:  | filters: startDate=None, endDate=None, all=False
15:26:35 robot_of INFO No filters applied, returning all 200 trades
15:27:05 robot_of INFO API GET /status with query:  | filters: startDate=None, endDate=None, all=False
15:27:05 robot_of INFO No filters applied, returning all 200 trades
15:27:33 robot_of INFO API GET /status with query:  | filters: startDate=None, endDate=None, all=False
15:27:33 robot_of INFO No filters applied, returning all 200 trades
15:27:35 robot_of INFO API GET /status with query:  | filters: startDate=None, endDate=None, all=False
15:27:35 robot_of INFO No filters applied, returning all 200 trades
15:28:05 robot_of INFO API GET /status with query:  | filters: startDate=None, endDate=None, all=False
15:28:05 robot_of INFO No filters applied, returning all 200 trades
15:28:33 robot_of INFO API GET /status with query:  | filters: startDate=None, endDate=None, all=False
15:28:33 robot_of INFO No filters applied, returning all 200 trades
15:28:35 robot_of INFO API GET /status with query:  | filters: startDate=None, endDate=None, all=False
15:28:35 robot_of INFO No filters applied, returning all 200 trades
15:29:04 strategy_of INFO REVERSE exit signals: cvd_divergence, ob_imbalance
15:29:04 strategy_of INFO CLOSE_ALL buy 18 @ 79202 | reason=reverse_signal | gross=-2735₽ comm=32₽ net=-2767₽ | daily=1437₽
15:29:04 robot_of INFO 📄 PAPER close_all: buy 18 reason=reverse_signal realized=-2767₽
15:29:05 robot_of INFO API GET /status with query:  | filters: startDate=None, endDate=None, all=False
15:29:05 robot_of INFO No filters applied, returning all 200 trades
15:29:33 robot_of INFO API GET /status with query:  | filters: startDate=None, endDate=None, all=False
15:29:33 robot_of INFO No filters applied, returning all 200 trades
15:29:35 robot_of INFO API GET /status with query:  | filters: startDate=None, endDate=None, all=False
15:29:35 robot_of INFO No filters applied, returning all 200 trades
15:30:05 robot_of INFO API GET /status with query:  | filters: startDate=None, endDate=None, all=False
15:30:05 robot_of INFO No filters applied, returning all 200 trades
15:30:26 strategy_of INFO ENTRY buy 2 @ 79216 | signals: ob_imbalance
15:30:26 robot_of INFO 📄 PAPER entry: buy 2 @ 79216
15:30:33 robot_of INFO API GET /status with query:  | filters: startDate=None, endDate=None, all=False
15:30:33 robot_of INFO No filters applied, returning all 200 trades
15:30:35 robot_of INFO API GET /status with query:  | filters: startDate=None, endDate=None, all=False
15:30:35 robot_of INFO No filters applied, returning all 200 trades
15:31:05 robot_of INFO API GET /status with query:  | filters: startDate=None, endDate=None, all=False
15:31:05 robot_of INFO No filters applied, returning all 200 trades
15:31:14 strategy_of INFO AVERAGE buy 2 @ 79139 | lvl 1/1000 | avg=79178 lots=4
15:31:14 robot_of INFO 📄 PAPER average: buy 2 @ 79139
15:31:33 robot_of INFO API GET /status with query:  | filters: startDate=None, endDate=None, all=False
15:31:33 robot_of INFO No filters applied, returning all 200 trades
15:31:35 robot_of INFO API GET /status with query:  | filters: startDate=None, endDate=None, all=False
15:31:35 robot_of INFO No filters applied, returning all 200 trades
15:32:05 robot_of INFO API GET /status with query:  | filters: startDate=None, endDate=None, all=False
15:32:05 robot_of INFO No filters applied, returning all 200 trades
15:32:33 robot_of INFO API GET /status with query:  | filters: startDate=None, endDate=None, all=False
15:32:33 robot_of INFO No filters applied, returning all 200 trades
15:32:35 robot_of INFO API GET /status with query:  | filters: startDate=None, endDate=None, all=False
15:32:35 robot_of INFO No filters applied, returning all 200 trades
15:33:05 robot_of INFO API GET /status with query:  | filters: startDate=None, endDate=None, all=False
15:33:05 robot_of INFO No filters applied, returning all 200 trades
15:33:33 robot_of INFO API GET /status with query:  | filters: startDate=None, endDate=None, all=False
15:33:33 robot_of INFO No filters applied, returning all 200 trades
15:33:35 robot_of INFO API GET /status with query:  | filters: startDate=None, endDate=None, all=False
15:33:35 robot_of INFO No filters applied, returning all 200 trades
15:34:05 robot_of INFO API GET /status with query:  | filters: startDate=None, endDate=None, all=False
15:34:05 robot_of INFO No filters applied, returning all 200 trades
15:34:33 robot_of INFO API GET /status with query:  | filters: startDate=None, endDate=None, all=False
15:34:33 robot_of INFO No filters applied, returning all 200 trades
15:34:35 robot_of INFO API GET /status with query:  | filters: startDate=None, endDate=None, all=False
15:34:35 robot_of INFO No filters applied, returning all 200 trades
15:35:05 robot_of INFO API GET /status with query:  | filters: startDate=None, endDate=None, all=False
15:35:05 robot_of INFO No filters applied, returning all 200 trades
15:35:12 strategy_of INFO PARTIAL_TP sell 2 @ 79186 | pnl=+89₽ | remaining=2
15:35:12 robot_of INFO 📄 PAPER partial_tp: sell 2 realized=89₽
15:35:13 strategy_of INFO AVERAGE buy 2 @ 79190 | lvl 2/1000 | avg=79203 lots=4
15:35:13 robot_of INFO 📄 PAPER average: buy 2 @ 79190
15:35:33 robot_of INFO API GET /status with query:  | filters: startDate=None, endDate=None, all=False
15:35:33 robot_of INFO No filters applied, returning all 200 trades
15:35:35 robot_of INFO API GET /status with query:  | filters: startDate=None, endDate=None, all=False
15:35:35 robot_of INFO No filters applied, returning all 200 trades
15:36:05 robot_of INFO API GET /status with query:  | filters: startDate=None, endDate=None, all=False
15:36:05 robot_of INFO No filters applied, returning all 200 trades
15:36:33 robot_of INFO API GET /status with query:  | filters: startDate=None, endDate=None, all=False
15:36:33 robot_of INFO No filters applied, returning all 200 trades
15:36:35 robot_of INFO API GET /status with query:  | filters: startDate=None, endDate=None, all=False
15:36:35 robot_of INFO No filters applied, returning all 200 trades
15:37:05 robot_of INFO API GET /status with query:  | filters: startDate=None, endDate=None, all=False
15:37:05 robot_of INFO No filters applied, returning all 200 trades
15:37:33 robot_of INFO API GET /status with query:  | filters: startDate=None, endDate=None, all=False
15:37:33 robot_of INFO No filters applied, returning all 200 trades
15:37:35 robot_of INFO API GET /status with query:  | filters: startDate=None, endDate=None, all=False
15:37:35 robot_of INFO No filters applied, returning all 200 trades
15:38:05 robot_of INFO API GET /status with query:  | filters: startDate=None, endDate=None, all=False
15:38:05 robot_of INFO No filters applied, returning all 200 trades
15:38:33 robot_of INFO API GET /status with query:  | filters: startDate=None, endDate=None, all=False
15:38:33 robot_of INFO No filters applied, returning all 200 trades
15:38:35 robot_of INFO API GET /status with query:  | filters: startDate=None, endDate=None, all=False
15:38:35 robot_of INFO No filters applied, returning all 200 trades
15:39:05 robot_of INFO API GET /status with query:  | filters: startDate=None, endDate=None, all=False
15:39:05 robot_of INFO No filters applied, returning all 200 trades
15:39:21 strategy_of INFO PARTIAL_TP sell 2 @ 79235 | pnl=+87₽ | remaining=2
15:39:21 robot_of INFO 📄 PAPER partial_tp: sell 2 realized=87₽
15:39:33 robot_of INFO API GET /status with query:  | filters: startDate=None, endDate=None, all=False
15:39:33 robot_of INFO No filters applied, returning all 200 trades
15:39:35 robot_of INFO API GET /status with query:  | filters: startDate=None, endDate=None, all=False
15:39:35 robot_of INFO No filters applied, returning all 200 trades
15:40:05 robot_of INFO API GET /status with query:  | filters: startDate=None, endDate=None, all=False
15:40:05 robot_of INFO No filters applied, returning all 200 trades
15:40:33 robot_of INFO API GET /status with query:  | filters: startDate=None, endDate=None, all=False
15:40:33 robot_of INFO No filters applied, returning all 200 trades
15:40:35 robot_of INFO API GET /status with query:  | filters: startDate=None, endDate=None, all=False
15:40:35 robot_of INFO No filters applied, returning all 200 trades
15:41:05 robot_of INFO API GET /status with query:  | filters: startDate=None, endDate=None, all=False
15:41:05 robot_of INFO No filters applied, returning all 200 trades
15:41:33 robot_of INFO API GET /status with query:  | filters: startDate=None, endDate=None, all=False
15:41:33 robot_of INFO No filters applied, returning all 200 trades
15:41:35 robot_of INFO API GET /status with query:  | filters: startDate=None, endDate=None, all=False
15:41:35 robot_of INFO No filters applied, returning all 200 trades
15:42:05 robot_of INFO API GET /status with query:  | filters: startDate=None, endDate=None, all=False
15:42:05 robot_of INFO No filters applied, returning all 200 trades
15:42:33 robot_of INFO API GET /status with query:  | filters: startDate=None, endDate=None, all=False
15:42:33 robot_of INFO No filters applied, returning all 200 trades
15:42:35 robot_of INFO API GET /status with query:  | filters: startDate=None, endDate=None, all=False
15:42:35 robot_of INFO No filters applied, returning all 200 trades
15:43:05 robot_of INFO API GET /status with query:  | filters: startDate=None, endDate=None, all=False
15:43:05 robot_of INFO No filters applied, returning all 200 trades
15:43:33 robot_of INFO API GET /status with query:  | filters: startDate=None, endDate=None, all=False
15:43:33 robot_of INFO No filters applied, returning all 200 trades
15:43:35 robot_of INFO API GET /status with query:  | filters: startDate=None, endDate=None, all=False
15:43:35 robot_of INFO No filters applied, returning all 200 trades
15:44:05 robot_of INFO API GET /status with query:  | filters: startDate=None, endDate=None, all=False
15:44:05 robot_of INFO No filters applied, returning all 200 trades
15:44:33 robot_of INFO API GET /status with query:  | filters: startDate=None, endDate=None, all=False
15:44:33 robot_of INFO No filters applied, returning all 200 trades
15:44:35 robot_of INFO API GET /status with query:  | filters: startDate=None, endDate=None, all=False
15:44:35 robot_of INFO No filters applied, returning all 200 trades
15:45:05 robot_of INFO API GET /status with query:  | filters: startDate=None, endDate=None, all=False
15:45:05 robot_of INFO No filters applied, returning all 200 trades
15:45:33 robot_of INFO API GET /status with query:  | filters: startDate=None, endDate=None, all=False
15:45:33 robot_of INFO No filters applied, returning all 200 trades
15:45:35 robot_of INFO API GET /status with query:  | filters: startDate=None, endDate=None, all=False
15:45:35 robot_of INFO No filters applied, returning all 200 trades
15:46:05 robot_of INFO API GET /status with query:  | filters: startDate=None, endDate=None, all=False
15:46:05 robot_of INFO No filters applied, returning all 200 trades
15:46:33 robot_of INFO API GET /status with query:  | filters: startDate=None, endDate=None, all=False
15:46:33 robot_of INFO No filters applied, returning all 200 trades
15:46:35 robot_of INFO API GET /status with query:  | filters: startDate=None, endDate=None, all=False
15:46:35 robot_of INFO No filters applied, returning all 200 trades
15:47:05 robot_of INFO API GET /status with query:  | filters: startDate=None, endDate=None, all=False
15:47:05 robot_of INFO No filters applied, returning all 200 trades
15:47:33 robot_of INFO API GET /status with query:  | filters: startDate=None, endDate=None, all=False
15:47:33 robot_of INFO No filters applied, returning all 200 trades
15:47:35 robot_of INFO API GET /status with query:  | filters: startDate=None, endDate=None, all=False
15:47:35 robot_of INFO No filters applied, returning all 200 trades
15:48:05 robot_of INFO API GET /status with query:  | filters: startDate=None, endDate=None, all=False
15:48:05 robot_of INFO No filters applied, returning all 200 trades
15:48:33 robot_of INFO API GET /status with query:  | filters: startDate=None, endDate=None, all=False
15:48:33 robot_of INFO No filters applied, returning all 200 trades
15:48:35 robot_of INFO API GET /status with query:  | filters: startDate=None, endDate=None, all=False
15:48:35 robot_of INFO No filters applied, returning all 200 trades
15:49:05 robot_of INFO API GET /status with query:  | filters: startDate=None, endDate=None, all=False
15:49:05 robot_of INFO No filters applied, returning all 200 trades
15:49:33 robot_of INFO API GET /status with query:  | filters: startDate=None, endDate=None, all=False
15:49:33 robot_of INFO No filters applied, returning all 200 trades
15:49:35 robot_of INFO API GET /status with query:  | filters: startDate=None, endDate=None, all=False
15:49:35 robot_of INFO No filters applied, returning all 200 trades
15:50:05 robot_of INFO API GET /status with query:  | filters: startDate=None, endDate=None, all=False
15:50:05 robot_of INFO No filters applied, returning all 200 trades
15:50:33 robot_of INFO API GET /status with query:  | filters: startDate=None, endDate=None, all=False
15:50:33 robot_of INFO No filters applied, returning all 200 trades
15:50:35 robot_of INFO API GET /status with query:  | filters: startDate=None, endDate=None, all=False
15:50:35 robot_of INFO No filters applied, returning all 200 trades
15:51:05 robot_of INFO API GET /status with query:  | filters: startDate=None, endDate=None, all=False
15:51:05 robot_of INFO No filters applied, returning all 200 trades
15:51:33 robot_of INFO API GET /status with query:  | filters: startDate=None, endDate=None, all=False
15:51:33 robot_of INFO No filters applied, returning all 200 trades
15:51:35 robot_of INFO API GET /status with query:  | filters: startDate=None, endDate=None, all=False
15:51:35 robot_of INFO No filters applied, returning all 200 trades
15:52:05 robot_of INFO API GET /status with query:  | filters: startDate=None, endDate=None, all=False
15:52:05 robot_of INFO No filters applied, returning all 200 trades
15:52:33 robot_of INFO API GET /status with query:  | filters: startDate=None, endDate=None, all=False
15:52:33 robot_of INFO No filters applied, returning all 200 trades
15:52:35 robot_of INFO API GET /status with query:  | filters: startDate=None, endDate=None, all=False
15:52:35 robot_of INFO No filters applied, returning all 200 trades
15:53:05 robot_of INFO API GET /status with query:  | filters: startDate=None, endDate=None, all=False
15:53:05 robot_of INFO No filters applied, returning all 200 trades
15:53:33 robot_of INFO API GET /status with query:  | filters: startDate=None, endDate=None, all=False
15:53:33 robot_of INFO No filters applied, returning all 200 trades
15:53:35 robot_of INFO API GET /status with query:  | filters: startDate=None, endDate=None, all=False
15:53:35 robot_of INFO No filters applied, returning all 200 trades
15:54:05 robot_of INFO API GET /status with query:  | filters: startDate=None, endDate=None, all=False
15:54:05 robot_of INFO No filters applied, returning all 200 trades
15:54:12 strategy_of INFO AVERAGE buy 2 @ 79191 | lvl 3/1000 | avg=79204 lots=4
15:54:12 robot_of INFO 📄 PAPER average: buy 2 @ 79191
15:54:33 robot_of INFO API GET /status with query:  | filters: startDate=None, endDate=None, all=False
15:54:33 robot_of INFO No filters applied, returning all 200 trades
15:54:35 robot_of INFO API GET /status with query:  | filters: startDate=None, endDate=None, all=False
15:54:35 robot_of INFO No filters applied, returning all 200 trades
15:55:05 robot_of INFO API GET /status with query:  | filters: startDate=None, endDate=None, all=False
15:55:05 robot_of INFO No filters applied, returning all 200 trades
15:55:33 robot_of INFO API GET /status with query:  | filters: startDate=None, endDate=None, all=False
15:55:33 robot_of INFO No filters applied, returning all 200 trades
15:55:35 robot_of INFO API GET /status with query:  | filters: startDate=None, endDate=None, all=False
15:55:35 robot_of INFO No filters applied, returning all 200 trades
15:56:05 robot_of INFO API GET /status with query:  | filters: startDate=None, endDate=None, all=False
15:56:05 robot_of INFO No filters applied, returning all 200 trades
15:56:33 robot_of INFO API GET /status with query:  | filters: startDate=None, endDate=None, all=False
15:56:33 robot_of INFO No filters applied, returning all 200 trades
15:56:35 robot_of INFO API GET /status with query:  | filters: startDate=None, endDate=None, all=False
15:56:35 robot_of INFO No filters applied, returning all 200 trades
15:57:05 robot_of INFO API GET /status with query:  | filters: startDate=None, endDate=None, all=False
15:57:05 robot_of INFO No filters applied, returning all 200 trades
15:57:12 strategy_of INFO AVERAGE buy 2 @ 79146 | lvl 4/1000 | avg=79184 lots=6
15:57:12 robot_of INFO 📄 PAPER average: buy 2 @ 79146
15:57:33 robot_of INFO API GET /status with query:  | filters: startDate=None, endDate=None, all=False
15:57:33 robot_of INFO No filters applied, returning all 200 trades
15:57:35 robot_of INFO API GET /status with query:  | filters: startDate=None, endDate=None, all=False
15:57:35 robot_of INFO No filters applied, returning all 200 trades
15:58:05 robot_of INFO API GET /status with query:  | filters: startDate=None, endDate=None, all=False
15:58:05 robot_of INFO No filters applied, returning all 200 trades
15:58:33 robot_of INFO API GET /status with query:  | filters: startDate=None, endDate=None, all=False
15:58:33 robot_of INFO No filters applied, returning all 200 trades
15:58:35 robot_of INFO API GET /status with query:  | filters: startDate=None, endDate=None, all=False
15:58:35 robot_of INFO No filters applied, returning all 200 trades
15:58:38 strategy_of INFO PARTIAL_TP sell 2 @ 79192 | pnl=+88₽ | remaining=4
15:58:38 robot_of INFO 📄 PAPER partial_tp: sell 2 realized=88₽
15:59:05 robot_of INFO API GET /status with query:  | filters: startDate=None, endDate=None, all=False
15:59:05 robot_of INFO No filters applied, returning all 200 trades
15:59:33 robot_of INFO API GET /status with query:  | filters: startDate=None, endDate=None, all=False
15:59:33 robot_of INFO No filters applied, returning all 200 trades
15:59:35 robot_of INFO API GET /status with query:  | filters: startDate=None, endDate=None, all=False
15:59:35 robot_of INFO No filters applied, returning all 200 trades
16:00:00 strategy_of INFO AVERAGE buy 2 @ 79158 | lvl 5/1000 | avg=79188 lots=6
16:00:00 robot_of INFO 📄 PAPER average: buy 2 @ 79158
16:00:05 robot_of INFO API GET /status with query:  | filters: startDate=None, endDate=None, all=False
16:00:05 robot_of INFO No filters applied, returning all 200 trades
16:00:33 robot_of INFO API GET /status with query:  | filters: startDate=None, endDate=None, all=False
16:00:33 robot_of INFO No filters applied, returning all 200 trades
16:00:35 robot_of INFO API GET /status with query:  | filters: startDate=None, endDate=None, all=False
16:00:35 robot_of INFO No filters applied, returning all 200 trades
16:01:05 robot_of INFO API GET /status with query:  | filters: startDate=None, endDate=None, all=False
16:01:05 robot_of INFO No filters applied, returning all 200 trades
16:01:21 strategy_of INFO PARTIAL_TP sell 2 @ 79206 | pnl=+90₽ | remaining=4
16:01:21 robot_of INFO 📄 PAPER partial_tp: sell 2 realized=90₽
16:01:33 robot_of INFO API GET /status with query:  | filters: startDate=None, endDate=None, all=False
16:01:33 robot_of INFO No filters applied, returning all 200 trades
16:01:35 robot_of INFO API GET /status with query:  | filters: startDate=None, endDate=None, all=False
16:01:35 robot_of INFO No filters applied, returning all 200 trades
16:02:05 robot_of INFO API GET /status with query:  | filters: startDate=None, endDate=None, all=False
16:02:05 robot_of INFO No filters applied, returning all 200 trades
16:02:33 robot_of INFO API GET /status with query:  | filters: startDate=None, endDate=None, all=False
16:02:33 robot_of INFO No filters applied, returning all 200 trades
16:02:35 robot_of INFO API GET /status with query:  | filters: startDate=None, endDate=None, all=False
16:02:35 robot_of INFO No filters applied, returning all 200 trades
16:03:05 robot_of INFO API GET /status with query:  | filters: startDate=None, endDate=None, all=False
16:03:05 robot_of INFO No filters applied, returning all 200 trades
16:03:33 robot_of INFO API GET /status with query:  | filters: startDate=None, endDate=None, all=False
16:03:33 robot_of INFO No filters applied, returning all 200 trades
16:03:35 robot_of INFO API GET /status with query:  | filters: startDate=None, endDate=None, all=False
16:03:35 robot_of INFO No filters applied, returning all 200 trades
16:04:05 robot_of INFO API GET /status with query:  | filters: startDate=None, endDate=None, all=False
16:04:05 robot_of INFO No filters applied, returning all 200 trades
16:04:33 robot_of INFO API GET /status with query:  | filters: startDate=None, endDate=None, all=False
16:04:33 robot_of INFO No filters applied, returning all 200 trades
16:04:35 robot_of INFO API GET /status with query:  | filters: startDate=None, endDate=None, all=False
16:04:35 robot_of INFO No filters applied, returning all 200 trades
16:05:05 robot_of INFO API GET /status with query:  | filters: startDate=None, endDate=None, all=False
16:05:05 robot_of INFO No filters applied, returning all 200 trades
16:05:33 robot_of INFO API GET /status with query:  | filters: startDate=None, endDate=None, all=False
16:05:33 robot_of INFO No filters applied, returning all 200 trades
16:05:35 robot_of INFO API GET /status with query:  | filters: startDate=None, endDate=None, all=False
16:05:35 robot_of INFO No filters applied, returning all 200 trades
16:05:38 strategy_of INFO PARTIAL_TP sell 2 @ 79238 | pnl=+89₽ | remaining=2
16:05:38 robot_of INFO 📄 PAPER partial_tp: sell 2 realized=89₽
16:05:39 strategy_of INFO PYRAMID buy 2 @ 79254 | lvl 1/5 | avg=79235 lots=4
16:05:39 robot_of INFO 📄 PAPER pyramid: buy 2 @ 79254
16:06:05 robot_of INFO API GET /status with query:  | filters: startDate=None, endDate=None, all=False
16:06:05 robot_of INFO No filters applied, returning all 200 trades
16:06:33 robot_of INFO API GET /status with query:  | filters: startDate=None, endDate=None, all=False
16:06:33 robot_of INFO No filters applied, returning all 200 trades
16:06:35 robot_of INFO API GET /status with query:  | filters: startDate=None, endDate=None, all=False
16:06:35 robot_of INFO No filters applied, returning all 200 trades
16:07:05 robot_of INFO API GET /status with query:  | filters: startDate=None, endDate=None, all=False
16:07:05 robot_of INFO No filters applied, returning all 200 trades
16:07:27 strategy_of INFO PYRAMID buy 2 @ 79289 | lvl 2/5 | avg=79253 lots=6
16:07:27 robot_of INFO 📄 PAPER pyramid: buy 2 @ 79289
16:07:33 robot_of INFO API GET /status with query:  | filters: startDate=None, endDate=None, all=False
16:07:33 robot_of INFO No filters applied, returning all 200 trades
16:07:35 robot_of INFO API GET /status with query:  | filters: startDate=None, endDate=None, all=False
16:07:35 robot_of INFO No filters applied, returning all 200 trades
16:08:05 robot_of INFO API GET /status with query:  | filters: startDate=None, endDate=None, all=False
16:08:05 robot_of INFO No filters applied, returning all 200 trades
16:08:28 strategy_of INFO CLOSE_ALL sell 6 @ 79320 | reason=tp_full | gross=400₽ comm=11₽ net=389₽ | daily=2271₽
16:08:28 robot_of INFO 📄 PAPER close_all: sell 6 reason=tp_full realized=389₽
16:08:33 robot_of INFO API GET /status with query:  | filters: startDate=None, endDate=None, all=False
16:08:33 robot_of INFO No filters applied, returning all 200 trades
16:08:40 robot_of INFO Signal 15 received — shutting down...
16:08:43 strategy_of INFO VWEMA filter enabled: fast=20 slow=40 flat_th=1
16:08:43 robot_of INFO === Order Flow Robot v2 ===
16:08:43 robot_of INFO Symbol: SiU6@RTSX | Account: 1225953 | Port: 5080
16:08:43 robot_of INFO Params: lots=2 stepAvg=25 stepPyr=33
16:08:43 robot_of INFO   maxAvg=1000 maxPyr=5 spread=44
16:08:43 robot_of INFO   partialTP=True SL=pts/5000000
16:08:43 robot_of INFO   timeframe=M1
16:08:43 robot_of INFO State loaded: dir=0 lots=0 mode=stopped
16:08:43 FinamPy CRITICAL Ошибка доступа к системному хранилищу: No recommended backend was available. Install a recommended 3rd party backend package; or, install the keyrings.alt package if you want to use the non-recommended backends. See https://pypi.org/project/keyring for details.
16:08:43 FinamPy CRITICAL Ошибка сохранения в системное хранилище: No recommended backend was available. Install a recommended 3rd party backend package; or, install the keyrings.alt package if you want to use the non-recommended backends. See https://pypi.org/project/keyring for details.
16:08:43 robot_of INFO FinamPy connected. Accounts: ['1225950', '1225951', '1225952', '1225953']
16:08:43 robot_of INFO Subscribed to LatestTrades: SiU6@RTSX
16:08:43 robot_of INFO Subscribed to OrderBook: SiU6@RTSX
16:08:43 robot_of INFO Subscribed to Bars: SiU6@RTSX M1
16:08:43 robot_of INFO Subscribed to Quotes: SiU6@RTSX
16:08:44 robot_of INFO VWEMA warmup: 59 bars fed | ready=True | dir=0 | ema_f=79219.6 ema_s=79212.9 atr=21.8
16:08:44 robot_of INFO Warmup: waiting 10 sec for data streams...
16:08:54 robot_of INFO Warmup done. OB has data: True
16:08:54 robot_of INFO Main loop started
16:08:54 robot_of INFO API listening on :5080
16:08:54 robot_of INFO Endpoints: GET /status | GET /health | POST /start /stop /pause /params
16:08:58 orderflow INFO CVD reset (daily 07:00 MSK)
16:09:27 robot_of INFO API GET /status with query:  | filters: startDate=None, endDate=None, all=False
16:09:27 robot_of INFO No filters applied, returning all 200 trades
16:09:33 robot_of INFO API GET /status with query:  | filters: startDate=None, endDate=None, all=False
16:09:33 robot_of INFO No filters applied, returning all 200 trades
16:09:57 robot_of INFO API GET /status with query:  | filters: startDate=None, endDate=None, all=False
16:09:57 robot_of INFO No filters applied, returning all 200 trades
16:10:27 robot_of INFO API GET /status with query:  | filters: startDate=None, endDate=None, all=False
16:10:27 robot_of INFO No filters applied, returning all 200 trades
16:10:33 robot_of INFO API GET /status with query:  | filters: startDate=None, endDate=None, all=False
16:10:33 robot_of INFO No filters applied, returning all 200 trades
16:10:57 robot_of INFO API GET /status with query:  | filters: startDate=None, endDate=None, all=False
16:10:57 robot_of INFO No filters applied, returning all 200 trades
16:11:27 robot_of INFO API GET /status with query:  | filters: startDate=None, endDate=None, all=False
16:11:27 robot_of INFO No filters applied, returning all 200 trades
16:11:33 robot_of INFO API GET /status with query:  | filters: startDate=None, endDate=None, all=False
16:11:33 robot_of INFO No filters applied, returning all 200 trades
16:11:57 robot_of INFO API GET /status with query:  | filters: startDate=None, endDate=None, all=False
16:11:57 robot_of INFO No filters applied, returning all 200 trades
16:12:08 strategy_of INFO ENTRY buy 2 @ 79254 | signals: ob_imbalance
16:12:08 robot_of INFO 📄 PAPER entry: buy 2 @ 79254
16:12:27 robot_of INFO API GET /status with query:  | filters: startDate=None, endDate=None, all=False
16:12:27 robot_of INFO No filters applied, returning all 200 trades
16:12:33 robot_of INFO API GET /status with query:  | filters: startDate=None, endDate=None, all=False
16:12:33 robot_of INFO No filters applied, returning all 200 trades
16:12:57 robot_of INFO API GET /status with query:  | filters: startDate=None, endDate=None, all=False
16:12:57 robot_of INFO No filters applied, returning all 200 trades
16:13:27 robot_of INFO API GET /status with query:  | filters: startDate=None, endDate=None, all=False
16:13:27 robot_of INFO No filters applied, returning all 200 trades
16:13:33 robot_of INFO API GET /status with query:  | filters: startDate=None, endDate=None, all=False
16:13:33 robot_of INFO No filters applied, returning all 200 trades
16:13:57 robot_of INFO API GET /status with query:  | filters: startDate=None, endDate=None, all=False
16:13:57 robot_of INFO No filters applied, returning all 200 trades
16:13:58 strategy_of INFO AVERAGE buy 2 @ 79216 | lvl 1/1000 | avg=79234 lots=4
16:13:58 robot_of INFO 📄 PAPER average: buy 2 @ 79216
16:14:27 robot_of INFO API GET /status with query:  | filters: startDate=None, endDate=None, all=False
16:14:27 robot_of INFO No filters applied, returning all 200 trades
16:14:33 robot_of INFO API GET /status with query:  | filters: startDate=None, endDate=None, all=False
16:14:33 robot_of INFO No filters applied, returning all 200 trades
16:14:57 robot_of INFO API GET /status with query:  | filters: startDate=None, endDate=None, all=False
16:14:57 robot_of INFO No filters applied, returning all 200 trades
16:15:27 robot_of INFO API GET /status with query:  | filters: startDate=None, endDate=None, all=False
16:15:27 robot_of INFO No filters applied, returning all 200 trades
16:15:33 robot_of INFO API GET /status with query:  | filters: startDate=None, endDate=None, all=False
16:15:33 robot_of INFO No filters applied, returning all 200 trades
16:15:57 robot_of INFO API GET /status with query:  | filters: startDate=None, endDate=None, all=False
16:15:57 robot_of INFO No filters applied, returning all 200 trades
16:16:27 robot_of INFO API GET /status with query:  | filters: startDate=None, endDate=None, all=False
16:16:27 robot_of INFO No filters applied, returning all 200 trades
16:16:33 robot_of INFO API GET /status with query:  | filters: startDate=None, endDate=None, all=False
16:16:33 robot_of INFO No filters applied, returning all 200 trades
16:16:57 robot_of INFO API GET /status with query:  | filters: startDate=None, endDate=None, all=False
16:16:57 robot_of INFO No filters applied, returning all 200 trades
16:17:27 robot_of INFO API GET /status with query:  | filters: startDate=None, endDate=None, all=False
16:17:27 robot_of INFO No filters applied, returning all 200 trades
16:17:33 robot_of INFO API GET /status with query:  | filters: startDate=None, endDate=None, all=False
16:17:33 robot_of INFO No filters applied, returning all 200 trades
16:17:57 robot_of INFO API GET /status with query:  | filters: startDate=None, endDate=None, all=False
16:17:57 robot_of INFO No filters applied, returning all 200 trades
16:18:27 robot_of INFO API GET /status with query:  | filters: startDate=None, endDate=None, all=False
16:18:27 robot_of INFO No filters applied, returning all 200 trades
16:18:33 robot_of INFO API GET /status with query:  | filters: startDate=None, endDate=None, all=False
16:18:33 robot_of INFO No filters applied, returning all 200 trades
16:18:57 robot_of INFO API GET /status with query:  | filters: startDate=None, endDate=None, all=False
16:18:57 robot_of INFO No filters applied, returning all 200 trades
16:19:27 robot_of INFO API GET /status with query:  | filters: startDate=None, endDate=None, all=False
16:19:27 robot_of INFO No filters applied, returning all 200 trades
16:19:33 robot_of INFO API GET /status with query:  | filters: startDate=None, endDate=None, all=False
16:19:33 robot_of INFO No filters applied, returning all 200 trades
16:19:57 robot_of INFO API GET /status with query:  | filters: startDate=None, endDate=None, all=False
16:19:57 robot_of INFO No filters applied, returning all 200 trades
16:20:27 robot_of INFO API GET /status with query:  | filters: startDate=None, endDate=None, all=False
16:20:27 robot_of INFO No filters applied, returning all 200 trades
16:20:33 robot_of INFO API GET /status with query:  | filters: startDate=None, endDate=None, all=False
16:20:33 robot_of INFO No filters applied, returning all 200 trades
16:20:57 robot_of INFO API GET /status with query:  | filters: startDate=None, endDate=None, all=False
16:20:57 robot_of INFO No filters applied, returning all 200 trades
16:21:27 robot_of INFO API GET /status with query:  | filters: startDate=None, endDate=None, all=False
16:21:27 robot_of INFO No filters applied, returning all 200 trades
16:21:33 robot_of INFO API GET /status with query:  | filters: startDate=None, endDate=None, all=False
16:21:33 robot_of INFO No filters applied, returning all 200 trades
16:21:47 strategy_of INFO PARTIAL_TP sell 2 @ 79260 | pnl=+84₽ | remaining=2
16:21:47 robot_of INFO 📄 PAPER partial_tp: sell 2 realized=84₽
16:21:57 robot_of INFO API GET /status with query:  | filters: startDate=None, endDate=None, all=False
16:21:57 robot_of INFO No filters applied, returning all 200 trades
16:22:27 robot_of INFO API GET /status with query:  | filters: startDate=None, endDate=None, all=False
16:22:27 robot_of INFO No filters applied, returning all 200 trades
16:22:33 robot_of INFO API GET /status with query:  | filters: startDate=None, endDate=None, all=False
16:22:33 robot_of INFO No filters applied, returning all 200 trades
16:22:57 robot_of INFO API GET /status with query:  | filters: startDate=None, endDate=None, all=False
16:22:57 robot_of INFO No filters applied, returning all 200 trades
16:23:27 robot_of INFO API GET /status with query:  | filters: startDate=None, endDate=None, all=False
16:23:27 robot_of INFO No filters applied, returning all 200 trades
16:23:33 robot_of INFO API GET /status with query:  | filters: startDate=None, endDate=None, all=False
16:23:33 robot_of INFO No filters applied, returning all 200 trades
16:23:57 robot_of INFO API GET /status with query:  | filters: startDate=None, endDate=None, all=False
16:23:57 robot_of INFO No filters applied, returning all 200 trades
16:24:01 strategy_of INFO REVERSE exit signals: absorption, ob_imbalance
16:24:01 strategy_of INFO CLOSE_ALL sell 2 @ 79260 | reason=reverse_signal | gross=13₽ comm=4₽ net=9₽ | daily=2365₽
16:24:01 robot_of INFO 📄 PAPER close_all: sell 2 reason=reverse_signal realized=9₽
16:24:27 robot_of INFO API GET /status with query:  | filters: startDate=None, endDate=None, all=False
16:24:27 robot_of INFO No filters applied, returning all 200 trades
16:24:33 robot_of INFO API GET /status with query:  | filters: startDate=None, endDate=None, all=False
16:24:33 robot_of INFO No filters applied, returning all 200 trades
16:24:57 robot_of INFO API GET /status with query:  | filters: startDate=None, endDate=None, all=False
16:24:57 robot_of INFO No filters applied, returning all 200 trades
16:25:01 strategy_of INFO ENTRY sell 2 @ 79259 | signals: ob_imbalance
16:25:01 robot_of INFO 📄 PAPER entry: sell 2 @ 79259
16:25:27 robot_of INFO API GET /status with query:  | filters: startDate=None, endDate=None, all=False
16:25:27 robot_of INFO No filters applied, returning all 200 trades
16:25:33 robot_of INFO API GET /status with query:  | filters: startDate=None, endDate=None, all=False
16:25:33 robot_of INFO No filters applied, returning all 200 trades
16:25:57 robot_of INFO API GET /status with query:  | filters: startDate=None, endDate=None, all=False
16:25:57 robot_of INFO No filters applied, returning all 200 trades
16:26:27 robot_of INFO API GET /status with query:  | filters: startDate=None, endDate=None, all=False
16:26:27 robot_of INFO No filters applied, returning all 200 trades
16:26:33 robot_of INFO API GET /status with query:  | filters: startDate=None, endDate=None, all=False
16:26:33 robot_of INFO No filters applied, returning all 200 trades
16:26:58 robot_of INFO API GET /status with query:  | filters: startDate=None, endDate=None, all=False
16:26:58 robot_of INFO No filters applied, returning all 200 trades
16:27:28 robot_of INFO API GET /status with query:  | filters: startDate=None, endDate=None, all=False
16:27:28 robot_of INFO No filters applied, returning all 200 trades
16:27:33 robot_of INFO API GET /status with query:  | filters: startDate=None, endDate=None, all=False
16:27:33 robot_of INFO No filters applied, returning all 200 trades
16:27:58 robot_of INFO API GET /status with query:  | filters: startDate=None, endDate=None, all=False
16:27:58 robot_of INFO No filters applied, returning all 200 trades
16:28:28 robot_of INFO API GET /status with query:  | filters: startDate=None, endDate=None, all=False
16:28:28 robot_of INFO No filters applied, returning all 200 trades
16:28:33 robot_of INFO API GET /status with query:  | filters: startDate=None, endDate=None, all=False
16:28:33 robot_of INFO No filters applied, returning all 200 trades
16:28:58 robot_of INFO API GET /status with query:  | filters: startDate=None, endDate=None, all=False
16:28:58 robot_of INFO No filters applied, returning all 200 trades
16:29:28 robot_of INFO API GET /status with query:  | filters: startDate=None, endDate=None, all=False
16:29:28 robot_of INFO No filters applied, returning all 200 trades
16:29:33 robot_of INFO API GET /status with query:  | filters: startDate=None, endDate=None, all=False
16:29:33 robot_of INFO No filters applied, returning all 200 trades
16:29:58 robot_of INFO API GET /status with query:  | filters: startDate=None, endDate=None, all=False
16:29:58 robot_of INFO No filters applied, returning all 200 trades
16:30:28 robot_of INFO API GET /status with query:  | filters: startDate=None, endDate=None, all=False
16:30:28 robot_of INFO No filters applied, returning all 200 trades
16:30:33 robot_of INFO API GET /status with query:  | filters: startDate=None, endDate=None, all=False
16:30:33 robot_of INFO No filters applied, returning all 200 trades
16:30:58 robot_of INFO API GET /status with query:  | filters: startDate=None, endDate=None, all=False
16:30:58 robot_of INFO No filters applied, returning all 200 trades
16:31:28 robot_of INFO API GET /status with query:  | filters: startDate=None, endDate=None, all=False
16:31:28 robot_of INFO No filters applied, returning all 200 trades
16:31:33 robot_of INFO API GET /status with query:  | filters: startDate=None, endDate=None, all=False
16:31:33 robot_of INFO No filters applied, returning all 200 trades
16:31:58 robot_of INFO API GET /status with query:  | filters: startDate=None, endDate=None, all=False
16:31:58 robot_of INFO No filters applied, returning all 200 trades
16:32:28 robot_of INFO API GET /status with query:  | filters: startDate=None, endDate=None, all=False
16:32:28 robot_of INFO No filters applied, returning all 200 trades
16:32:33 robot_of INFO API GET /status with query:  | filters: startDate=None, endDate=None, all=False
16:32:33 robot_of INFO No filters applied, returning all 200 trades
16:32:58 robot_of INFO API GET /status with query:  | filters: startDate=None, endDate=None, all=False
16:32:58 robot_of INFO No filters applied, returning all 200 trades
16:33:09 strategy_of INFO PYRAMID sell 2 @ 79226 | lvl 1/5 | avg=79242 lots=4
16:33:09 robot_of INFO 📄 PAPER pyramid: sell 2 @ 79226
16:33:28 robot_of INFO API GET /status with query:  | filters: startDate=None, endDate=None, all=False
16:33:28 robot_of INFO No filters applied, returning all 200 trades
16:33:33 robot_of INFO API GET /status with query:  | filters: startDate=None, endDate=None, all=False
16:33:33 robot_of INFO No filters applied, returning all 200 trades
16:33:58 robot_of INFO API GET /status with query:  | filters: startDate=None, endDate=None, all=False
16:33:58 robot_of INFO No filters applied, returning all 200 trades
16:34:28 robot_of INFO API GET /status with query:  | filters: startDate=None, endDate=None, all=False
16:34:28 robot_of INFO No filters applied, returning all 200 trades
16:34:33 robot_of INFO API GET /status with query:  | filters: startDate=None, endDate=None, all=False
16:34:33 robot_of INFO No filters applied, returning all 200 trades
16:34:58 robot_of INFO API GET /status with query:  | filters: startDate=None, endDate=None, all=False
16:34:58 robot_of INFO No filters applied, returning all 200 trades
16:35:28 robot_of INFO API GET /status with query:  | filters: startDate=None, endDate=None, all=False
16:35:28 robot_of INFO No filters applied, returning all 200 trades
16:35:33 robot_of INFO API GET /status with query:  | filters: startDate=None, endDate=None, all=False
16:35:33 robot_of INFO No filters applied, returning all 200 trades
16:35:58 robot_of INFO API GET /status with query:  | filters: startDate=None, endDate=None, all=False
16:35:58 robot_of INFO No filters applied, returning all 200 trades
16:36:28 robot_of INFO API GET /status with query:  | filters: startDate=None, endDate=None, all=False
16:36:28 robot_of INFO No filters applied, returning all 200 trades
16:36:33 robot_of INFO API GET /status with query:  | filters: startDate=None, endDate=None, all=False
16:36:33 robot_of INFO No filters applied, returning all 200 trades
16:36:58 robot_of INFO API GET /status with query:  | filters: startDate=None, endDate=None, all=False
16:36:58 robot_of INFO No filters applied, returning all 200 trades
16:37:28 robot_of INFO API GET /status with query:  | filters: startDate=None, endDate=None, all=False
16:37:28 robot_of INFO No filters applied, returning all 200 trades
16:37:33 robot_of INFO API GET /status with query:  | filters: startDate=None, endDate=None, all=False
16:37:33 robot_of INFO No filters applied, returning all 200 trades
16:37:58 robot_of INFO API GET /status with query:  | filters: startDate=None, endDate=None, all=False
16:37:58 robot_of INFO No filters applied, returning all 200 trades
16:38:28 robot_of INFO API GET /status with query:  | filters: startDate=None, endDate=None, all=False
16:38:28 robot_of INFO No filters applied, returning all 200 trades
16:38:33 robot_of INFO API GET /status with query:  | filters: startDate=None, endDate=None, all=False
16:38:33 robot_of INFO No filters applied, returning all 200 trades
16:38:58 robot_of INFO API GET /status with query:  | filters: startDate=None, endDate=None, all=False
16:38:58 robot_of INFO No filters applied, returning all 200 trades
16:39:28 robot_of INFO API GET /status with query:  | filters: startDate=None, endDate=None, all=False
16:39:28 robot_of INFO No filters applied, returning all 200 trades
16:39:33 robot_of INFO API GET /status with query:  | filters: startDate=None, endDate=None, all=False
16:39:33 robot_of INFO No filters applied, returning all 200 trades
16:39:58 robot_of INFO API GET /status with query:  | filters: startDate=None, endDate=None, all=False
16:39:58 robot_of INFO No filters applied, returning all 200 trades
16:40:28 robot_of INFO API GET /status with query:  | filters: startDate=None, endDate=None, all=False
16:40:28 robot_of INFO No filters applied, returning all 200 trades
16:40:33 robot_of INFO API GET /status with query:  | filters: startDate=None, endDate=None, all=False
16:40:33 robot_of INFO No filters applied, returning all 200 trades
16:40:58 robot_of INFO API GET /status with query:  | filters: startDate=None, endDate=None, all=False
16:40:58 robot_of INFO No filters applied, returning all 200 trades
16:41:28 robot_of INFO API GET /status with query:  | filters: startDate=None, endDate=None, all=False
16:41:28 robot_of INFO No filters applied, returning all 200 trades
16:41:33 robot_of INFO API GET /status with query:  | filters: startDate=None, endDate=None, all=False
16:41:33 robot_of INFO No filters applied, returning all 200 trades
16:41:58 robot_of INFO API GET /status with query:  | filters: startDate=None, endDate=None, all=False
16:41:58 robot_of INFO No filters applied, returning all 200 trades
16:42:28 robot_of INFO API GET /status with query:  | filters: startDate=None, endDate=None, all=False
16:42:28 robot_of INFO No filters applied, returning all 200 trades
16:42:33 robot_of INFO API GET /status with query:  | filters: startDate=None, endDate=None, all=False
16:42:33 robot_of INFO No filters applied, returning all 200 trades
16:42:58 robot_of INFO API GET /status with query:  | filters: startDate=None, endDate=None, all=False
16:42:58 robot_of INFO No filters applied, returning all 200 trades
16:43:28 robot_of INFO API GET /status with query:  | filters: startDate=None, endDate=None, all=False
16:43:28 robot_of INFO No filters applied, returning all 200 trades
16:43:33 robot_of INFO API GET /status with query:  | filters: startDate=None, endDate=None, all=False
16:43:33 robot_of INFO No filters applied, returning all 200 trades
16:43:58 robot_of INFO API GET /status with query:  | filters: startDate=None, endDate=None, all=False
16:43:58 robot_of INFO No filters applied, returning all 200 trades
16:44:28 robot_of INFO API GET /status with query:  | filters: startDate=None, endDate=None, all=False
16:44:28 robot_of INFO No filters applied, returning all 200 trades
16:44:33 robot_of INFO API GET /status with query:  | filters: startDate=None, endDate=None, all=False
16:44:33 robot_of INFO No filters applied, returning all 200 trades
16:44:58 robot_of INFO API GET /status with query:  | filters: startDate=None, endDate=None, all=False
16:44:58 robot_of INFO No filters applied, returning all 200 trades
16:45:28 robot_of INFO API GET /status with query:  | filters: startDate=None, endDate=None, all=False
16:45:28 robot_of INFO No filters applied, returning all 200 trades
16:45:33 robot_of INFO API GET /status with query:  | filters: startDate=None, endDate=None, all=False
16:45:33 robot_of INFO No filters applied, returning all 200 trades
16:45:58 robot_of INFO API GET /status with query:  | filters: startDate=None, endDate=None, all=False
16:45:58 robot_of INFO No filters applied, returning all 200 trades
16:46:28 robot_of INFO API GET /status with query:  | filters: startDate=None, endDate=None, all=False
16:46:28 robot_of INFO No filters applied, returning all 200 trades
16:46:33 robot_of INFO API GET /status with query:  | filters: startDate=None, endDate=None, all=False
16:46:33 robot_of INFO No filters applied, returning all 200 trades
16:46:58 robot_of INFO API GET /status with query:  | filters: startDate=None, endDate=None, all=False
16:46:58 robot_of INFO No filters applied, returning all 200 trades
16:47:28 robot_of INFO API GET /status with query:  | filters: startDate=None, endDate=None, all=False
16:47:28 robot_of INFO No filters applied, returning all 200 trades
16:47:33 robot_of INFO API GET /status with query:  | filters: startDate=None, endDate=None, all=False
16:47:33 robot_of INFO No filters applied, returning all 200 trades
16:47:55 strategy_of INFO PYRAMID sell 2 @ 79192 | lvl 2/5 | avg=79226 lots=6
16:47:55 robot_of INFO 📄 PAPER pyramid: sell 2 @ 79192
16:47:58 robot_of INFO API GET /status with query:  | filters: startDate=None, endDate=None, all=False
16:47:58 robot_of INFO No filters applied, returning all 200 trades
16:48:28 robot_of INFO API GET /status with query:  | filters: startDate=None, endDate=None, all=False
16:48:28 robot_of INFO No filters applied, returning all 200 trades
16:48:33 robot_of INFO API GET /status with query:  | filters: startDate=None, endDate=None, all=False
16:48:33 robot_of INFO No filters applied, returning all 200 trades
16:48:34 strategy_of INFO CLOSE_ALL buy 6 @ 79164 | reason=tp_full | gross=372₽ comm=11₽ net=361₽ | daily=2726₽
16:48:34 robot_of INFO 📄 PAPER close_all: buy 6 reason=tp_full realized=361₽
16:48:58 robot_of INFO API GET /status with query:  | filters: startDate=None, endDate=None, all=False
16:48:58 robot_of INFO No filters applied, returning all 200 trades
16:49:28 robot_of INFO API GET /status with query:  | filters: startDate=None, endDate=None, all=False
16:49:28 robot_of INFO No filters applied, returning all 200 trades
16:49:33 robot_of INFO API GET /status with query:  | filters: startDate=None, endDate=None, all=False
16:49:33 robot_of INFO No filters applied, returning all 200 trades
16:49:58 robot_of INFO API GET /status with query:  | filters: startDate=None, endDate=None, all=False
16:49:58 robot_of INFO No filters applied, returning all 200 trades
16:50:28 robot_of INFO API GET /status with query:  | filters: startDate=None, endDate=None, all=False
16:50:28 robot_of INFO No filters applied, returning all 200 trades
16:50:33 robot_of INFO API GET /status with query:  | filters: startDate=None, endDate=None, all=False
16:50:33 robot_of INFO No filters applied, returning all 200 trades
16:50:58 robot_of INFO API GET /status with query:  | filters: startDate=None, endDate=None, all=False
16:50:58 robot_of INFO No filters applied, returning all 200 trades
16:51:01 strategy_of INFO ENTRY sell 2 @ 79162 | signals: absorption
16:51:01 robot_of INFO 📄 PAPER entry: sell 2 @ 79162
16:51:28 robot_of INFO API GET /status with query:  | filters: startDate=None, endDate=None, all=False
16:51:28 robot_of INFO No filters applied, returning all 200 trades
16:51:33 robot_of INFO API GET /status with query:  | filters: startDate=None, endDate=None, all=False
16:51:33 robot_of INFO No filters applied, returning all 200 trades
16:51:58 robot_of INFO API GET /status with query:  | filters: startDate=None, endDate=None, all=False
16:51:58 robot_of INFO No filters applied, returning all 200 trades
16:52:28 robot_of INFO API GET /status with query:  | filters: startDate=None, endDate=None, all=False
16:52:28 robot_of INFO No filters applied, returning all 200 trades
16:52:33 robot_of INFO API GET /status with query:  | filters: startDate=None, endDate=None, all=False
16:52:33 robot_of INFO No filters applied, returning all 200 trades
16:52:58 robot_of INFO API GET /status with query:  | filters: startDate=None, endDate=None, all=False
16:52:58 robot_of INFO No filters applied, returning all 200 trades
16:53:28 robot_of INFO API GET /status with query:  | filters: startDate=None, endDate=None, all=False
16:53:28 robot_of INFO No filters applied, returning all 200 trades
16:53:33 robot_of INFO API GET /status with query:  | filters: startDate=None, endDate=None, all=False
16:53:33 robot_of INFO No filters applied, returning all 200 trades
16:53:58 robot_of INFO API GET /status with query:  | filters: startDate=None, endDate=None, all=False
16:53:58 robot_of INFO No filters applied, returning all 200 trades
16:54:28 robot_of INFO API GET /status with query:  | filters: startDate=None, endDate=None, all=False
16:54:28 robot_of INFO No filters applied, returning all 200 trades
16:54:28 strategy_of INFO PARTIAL_TP buy 2 @ 79117 | pnl=+85₽ | remaining=0
16:54:28 robot_of INFO 📄 PAPER partial_tp: buy 2 realized=85₽
16:54:33 robot_of INFO API GET /status with query:  | filters: startDate=None, endDate=None, all=False
16:54:33 robot_of INFO No filters applied, returning all 200 trades
16:54:58 robot_of INFO API GET /status with query:  | filters: startDate=None, endDate=None, all=False
16:54:58 robot_of INFO No filters applied, returning all 200 trades
16:55:28 robot_of INFO API GET /status with query:  | filters: startDate=None, endDate=None, all=False
16:55:28 robot_of INFO No filters applied, returning all 200 trades
16:55:33 robot_of INFO API GET /status with query:  | filters: startDate=None, endDate=None, all=False
16:55:33 robot_of INFO No filters applied, returning all 200 trades
16:55:58 robot_of INFO API GET /status with query:  | filters: startDate=None, endDate=None, all=False
16:55:58 robot_of INFO No filters applied, returning all 200 trades
16:56:28 robot_of INFO API GET /status with query:  | filters: startDate=None, endDate=None, all=False
16:56:28 robot_of INFO No filters applied, returning all 200 trades
16:56:33 robot_of INFO API GET /status with query:  | filters: startDate=None, endDate=None, all=False
16:56:33 robot_of INFO No filters applied, returning all 200 trades
16:56:58 robot_of INFO API GET /status with query:  | filters: startDate=None, endDate=None, all=False
16:56:58 robot_of INFO No filters applied, returning all 200 trades
16:57:28 robot_of INFO API GET /status with query:  | filters: startDate=None, endDate=None, all=False
16:57:28 robot_of INFO No filters applied, returning all 200 trades
16:57:33 robot_of INFO API GET /status with query:  | filters: startDate=None, endDate=None, all=False
16:57:33 robot_of INFO No filters applied, returning all 200 trades
16:57:58 robot_of INFO API GET /status with query:  | filters: startDate=None, endDate=None, all=False
16:57:58 robot_of INFO No filters applied, returning all 200 trades
16:58:28 robot_of INFO API GET /status with query:  | filters: startDate=None, endDate=None, all=False
16:58:28 robot_of INFO No filters applied, returning all 200 trades
16:58:33 robot_of INFO API GET /status with query:  | filters: startDate=None, endDate=None, all=False
16:58:33 robot_of INFO No filters applied, returning all 200 trades
16:58:58 robot_of INFO API GET /status with query:  | filters: startDate=None, endDate=None, all=False
16:58:58 robot_of INFO No filters applied, returning all 200 trades
16:59:03 strategy_of INFO ENTRY sell 2 @ 79094 | signals: absorption
16:59:03 robot_of INFO 📄 PAPER entry: sell 2 @ 79094
16:59:28 robot_of INFO API GET /status with query:  | filters: startDate=None, endDate=None, all=False
16:59:28 robot_of INFO No filters applied, returning all 200 trades
16:59:33 robot_of INFO API GET /status with query:  | filters: startDate=None, endDate=None, all=False
16:59:33 robot_of INFO No filters applied, returning all 200 trades
16:59:58 robot_of INFO API GET /status with query:  | filters: startDate=None, endDate=None, all=False
16:59:58 robot_of INFO No filters applied, returning all 200 trades
17:00:28 robot_of INFO API GET /status with query:  | filters: startDate=None, endDate=None, all=False
17:00:28 robot_of INFO No filters applied, returning all 200 trades
17:00:33 robot_of INFO API GET /status with query:  | filters: startDate=None, endDate=None, all=False
17:00:33 robot_of INFO No filters applied, returning all 200 trades
17:00:58 robot_of INFO API GET /status with query:  | filters: startDate=None, endDate=None, all=False
17:00:58 robot_of INFO No filters applied, returning all 200 trades
17:01:28 robot_of INFO API GET /status with query:  | filters: startDate=None, endDate=None, all=False
17:01:28 robot_of INFO No filters applied, returning all 200 trades
17:01:33 robot_of INFO API GET /status with query:  | filters: startDate=None, endDate=None, all=False
17:01:33 robot_of INFO No filters applied, returning all 200 trades
17:01:58 robot_of INFO API GET /status with query:  | filters: startDate=None, endDate=None, all=False
17:01:58 robot_of INFO No filters applied, returning all 200 trades
17:02:28 robot_of INFO API GET /status with query:  | filters: startDate=None, endDate=None, all=False
17:02:28 robot_of INFO No filters applied, returning all 200 trades
17:02:33 robot_of INFO API GET /status with query:  | filters: startDate=None, endDate=None, all=False
17:02:33 robot_of INFO No filters applied, returning all 200 trades
17:02:58 robot_of INFO API GET /status with query:  | filters: startDate=None, endDate=None, all=False
17:02:58 robot_of INFO No filters applied, returning all 200 trades
17:03:04 strategy_of INFO REVERSE exit signals: absorption, ob_imbalance
17:03:04 strategy_of INFO CLOSE_ALL buy 2 @ 79112 | reason=reverse_signal | gross=-36₽ comm=4₽ net=-40₽ | daily=2772₽
17:03:04 robot_of INFO 📄 PAPER close_all: buy 2 reason=reverse_signal realized=-40₽
17:03:28 robot_of INFO API GET /status with query:  | filters: startDate=None, endDate=None, all=False
17:03:28 robot_of INFO No filters applied, returning all 200 trades
17:03:33 robot_of INFO API GET /status with query:  | filters: startDate=None, endDate=None, all=False
17:03:33 robot_of INFO No filters applied, returning all 200 trades
17:03:58 robot_of INFO API GET /status with query:  | filters: startDate=None, endDate=None, all=False
17:03:58 robot_of INFO No filters applied, returning all 200 trades
17:04:08 strategy_of INFO ENTRY sell 2 @ 79118 | signals: absorption
17:04:08 robot_of INFO 📄 PAPER entry: sell 2 @ 79118
17:04:28 robot_of INFO API GET /status with query:  | filters: startDate=None, endDate=None, all=False
17:04:28 robot_of INFO No filters applied, returning all 200 trades
17:04:33 robot_of INFO API GET /status with query:  | filters: startDate=None, endDate=None, all=False
17:04:33 robot_of INFO No filters applied, returning all 200 trades
17:04:58 robot_of INFO API GET /status with query:  | filters: startDate=None, endDate=None, all=False
17:04:58 robot_of INFO No filters applied, returning all 200 trades
17:05:28 robot_of INFO API GET /status with query:  | filters: startDate=None, endDate=None, all=False
17:05:28 robot_of INFO No filters applied, returning all 200 trades
17:05:33 robot_of INFO API GET /status with query:  | filters: startDate=None, endDate=None, all=False
17:05:33 robot_of INFO No filters applied, returning all 200 trades
17:05:56 strategy_of INFO AVERAGE sell 2 @ 79142 | lvl 1/1000 | avg=79130 lots=4
17:05:56 robot_of INFO 📄 PAPER average: sell 2 @ 79142
17:05:58 robot_of INFO API GET /status with query:  | filters: startDate=None, endDate=None, all=False
17:05:58 robot_of INFO No filters applied, returning all 200 trades
17:06:21 strategy_of INFO AVERAGE sell 2 @ 79169 | lvl 2/1000 | avg=79143 lots=6
17:06:21 robot_of INFO 📄 PAPER average: sell 2 @ 79169
17:06:28 robot_of INFO API GET /status with query:  | filters: startDate=None, endDate=None, all=False
17:06:28 robot_of INFO No filters applied, returning all 200 trades
17:06:33 robot_of INFO API GET /status with query:  | filters: startDate=None, endDate=None, all=False
17:06:33 robot_of INFO No filters applied, returning all 200 trades
17:06:58 robot_of INFO API GET /status with query:  | filters: startDate=None, endDate=None, all=False
17:06:58 robot_of INFO No filters applied, returning all 200 trades
17:07:28 robot_of INFO API GET /status with query:  | filters: startDate=None, endDate=None, all=False
17:07:28 robot_of INFO No filters applied, returning all 200 trades
17:07:33 robot_of INFO API GET /status with query:  | filters: startDate=None, endDate=None, all=False
17:07:33 robot_of INFO No filters applied, returning all 200 trades
17:07:58 robot_of INFO API GET /status with query:  | filters: startDate=None, endDate=None, all=False
17:07:58 robot_of INFO No filters applied, returning all 200 trades
17:08:28 robot_of INFO API GET /status with query:  | filters: startDate=None, endDate=None, all=False
17:08:28 robot_of INFO No filters applied, returning all 200 trades
17:08:33 robot_of INFO API GET /status with query:  | filters: startDate=None, endDate=None, all=False
17:08:33 robot_of INFO No filters applied, returning all 200 trades
17:08:58 robot_of INFO API GET /status with query:  | filters: startDate=None, endDate=None, all=False
17:08:58 robot_of INFO No filters applied, returning all 200 trades
17:09:28 robot_of INFO API GET /status with query:  | filters: startDate=None, endDate=None, all=False
17:09:28 robot_of INFO No filters applied, returning all 200 trades
17:09:33 robot_of INFO API GET /status with query:  | filters: startDate=None, endDate=None, all=False
17:09:33 robot_of INFO No filters applied, returning all 200 trades
17:09:58 robot_of INFO API GET /status with query:  | filters: startDate=None, endDate=None, all=False
17:09:58 robot_of INFO No filters applied, returning all 200 trades
17:10:28 robot_of INFO API GET /status with query:  | filters: startDate=None, endDate=None, all=False
17:10:28 robot_of INFO No filters applied, returning all 200 trades
17:10:33 robot_of INFO API GET /status with query:  | filters: startDate=None, endDate=None, all=False
17:10:33 robot_of INFO No filters applied, returning all 200 trades
17:10:58 robot_of INFO API GET /status with query:  | filters: startDate=None, endDate=None, all=False
17:10:58 robot_of INFO No filters applied, returning all 200 trades
17:11:28 robot_of INFO API GET /status with query:  | filters: startDate=None, endDate=None, all=False
17:11:28 robot_of INFO No filters applied, returning all 200 trades
17:11:33 robot_of INFO API GET /status with query:  | filters: startDate=None, endDate=None, all=False
17:11:33 robot_of INFO No filters applied, returning all 200 trades
17:11:58 robot_of INFO API GET /status with query:  | filters: startDate=None, endDate=None, all=False
17:11:58 robot_of INFO No filters applied, returning all 200 trades
17:12:28 robot_of INFO API GET /status with query:  | filters: startDate=None, endDate=None, all=False
17:12:28 robot_of INFO No filters applied, returning all 200 trades
17:12:33 robot_of INFO API GET /status with query:  | filters: startDate=None, endDate=None, all=False
17:12:33 robot_of INFO No filters applied, returning all 200 trades
17:12:58 robot_of INFO API GET /status with query:  | filters: startDate=None, endDate=None, all=False
17:12:58 robot_of INFO No filters applied, returning all 200 trades
17:13:28 robot_of INFO API GET /status with query:  | filters: startDate=None, endDate=None, all=False
17:13:28 robot_of INFO No filters applied, returning all 200 trades
17:13:33 robot_of INFO API GET /status with query:  | filters: startDate=None, endDate=None, all=False
17:13:33 robot_of INFO No filters applied, returning all 200 trades
17:13:58 robot_of INFO API GET /status with query:  | filters: startDate=None, endDate=None, all=False
17:13:58 robot_of INFO No filters applied, returning all 200 trades
17:14:28 robot_of INFO API GET /status with query:  | filters: startDate=None, endDate=None, all=False
17:14:28 robot_of INFO No filters applied, returning all 200 trades
17:14:33 robot_of INFO API GET /status with query:  | filters: startDate=None, endDate=None, all=False
17:14:33 robot_of INFO No filters applied, returning all 200 trades
17:14:58 robot_of INFO API GET /status with query:  | filters: startDate=None, endDate=None, all=False
17:14:58 robot_of INFO No filters applied, returning all 200 trades
17:15:28 robot_of INFO API GET /status with query:  | filters: startDate=None, endDate=None, all=False
17:15:28 robot_of INFO No filters applied, returning all 200 trades
17:15:33 robot_of INFO API GET /status with query:  | filters: startDate=None, endDate=None, all=False
17:15:33 robot_of INFO No filters applied, returning all 200 trades
17:15:58 robot_of INFO API GET /status with query:  | filters: startDate=None, endDate=None, all=False
17:15:58 robot_of INFO No filters applied, returning all 200 trades
17:16:28 robot_of INFO API GET /status with query:  | filters: startDate=None, endDate=None, all=False
17:16:28 robot_of INFO No filters applied, returning all 200 trades
17:16:33 robot_of INFO API GET /status with query:  | filters: startDate=None, endDate=None, all=False
17:16:33 robot_of INFO No filters applied, returning all 200 trades
17:16:58 robot_of INFO API GET /status with query:  | filters: startDate=None, endDate=None, all=False
17:16:58 robot_of INFO No filters applied, returning all 200 trades
17:17:28 robot_of INFO API GET /status with query:  | filters: startDate=None, endDate=None, all=False
17:17:28 robot_of INFO No filters applied, returning all 200 trades
17:17:33 robot_of INFO API GET /status with query:  | filters: startDate=None, endDate=None, all=False
17:17:33 robot_of INFO No filters applied, returning all 200 trades
17:17:58 robot_of INFO API GET /status with query:  | filters: startDate=None, endDate=None, all=False
17:17:58 robot_of INFO No filters applied, returning all 200 trades
17:18:28 robot_of INFO API GET /status with query:  | filters: startDate=None, endDate=None, all=False
17:18:28 robot_of INFO No filters applied, returning all 200 trades
17:18:33 robot_of INFO API GET /status with query:  | filters: startDate=None, endDate=None, all=False
17:18:33 robot_of INFO No filters applied, returning all 200 trades
17:18:58 robot_of INFO API GET /status with query:  | filters: startDate=None, endDate=None, all=False
17:18:58 robot_of INFO No filters applied, returning all 200 trades
17:19:28 robot_of INFO API GET /status with query:  | filters: startDate=None, endDate=None, all=False
17:19:28 robot_of INFO No filters applied, returning all 200 trades
17:19:33 robot_of INFO API GET /status with query:  | filters: startDate=None, endDate=None, all=False
17:19:33 robot_of INFO No filters applied, returning all 200 trades
17:19:58 robot_of INFO API GET /status with query:  | filters: startDate=None, endDate=None, all=False
17:19:58 robot_of INFO No filters applied, returning all 200 trades
17:20:28 robot_of INFO API GET /status with query:  | filters: startDate=None, endDate=None, all=False
17:20:28 robot_of INFO No filters applied, returning all 200 trades
17:20:33 robot_of INFO API GET /status with query:  | filters: startDate=None, endDate=None, all=False
17:20:33 robot_of INFO No filters applied, returning all 200 trades
17:20:58 robot_of INFO API GET /status with query:  | filters: startDate=None, endDate=None, all=False
17:20:58 robot_of INFO No filters applied, returning all 200 trades
17:21:28 robot_of INFO API GET /status with query:  | filters: startDate=None, endDate=None, all=False
17:21:28 robot_of INFO No filters applied, returning all 200 trades
17:21:33 robot_of INFO API GET /status with query:  | filters: startDate=None, endDate=None, all=False
17:21:33 robot_of INFO No filters applied, returning all 200 trades
17:21:58 robot_of INFO API GET /status with query:  | filters: startDate=None, endDate=None, all=False
17:21:58 robot_of INFO No filters applied, returning all 200 trades
17:22:28 robot_of INFO API GET /status with query:  | filters: startDate=None, endDate=None, all=False
17:22:28 robot_of INFO No filters applied, returning all 200 trades
17:22:33 robot_of INFO API GET /status with query:  | filters: startDate=None, endDate=None, all=False
17:22:33 robot_of INFO No filters applied, returning all 200 trades
17:22:58 robot_of INFO API GET /status with query:  | filters: startDate=None, endDate=None, all=False
17:22:58 robot_of INFO No filters applied, returning all 200 trades
17:23:28 robot_of INFO API GET /status with query:  | filters: startDate=None, endDate=None, all=False
17:23:28 robot_of INFO No filters applied, returning all 200 trades
17:23:33 robot_of INFO API GET /status with query:  | filters: startDate=None, endDate=None, all=False
17:23:33 robot_of INFO No filters applied, returning all 200 trades
17:23:58 robot_of INFO API GET /status with query:  | filters: startDate=None, endDate=None, all=False
17:23:58 robot_of INFO No filters applied, returning all 200 trades
17:24:28 robot_of INFO API GET /status with query:  | filters: startDate=None, endDate=None, all=False
17:24:28 robot_of INFO No filters applied, returning all 200 trades
17:24:33 robot_of INFO API GET /status with query:  | filters: startDate=None, endDate=None, all=False
17:24:33 robot_of INFO No filters applied, returning all 200 trades
17:24:58 robot_of INFO API GET /status with query:  | filters: startDate=None, endDate=None, all=False
17:24:58 robot_of INFO No filters applied, returning all 200 trades
17:24:58 robot_of INFO Signal 15 received — shutting down...
17:25:01 strategy_of INFO VWEMA filter enabled: fast=20 slow=40 flat_th=1
17:25:01 robot_of INFO === Order Flow Robot v2 ===
17:25:01 robot_of INFO Symbol: SiU6@RTSX | Account: 1225953 | Port: 5080
17:25:01 robot_of INFO Params: lots=2 stepAvg=25 stepPyr=33
17:25:01 robot_of INFO   maxAvg=1000 maxPyr=5 spread=44
17:25:01 robot_of INFO   partialTP=True SL=pts/5000000
17:25:01 robot_of INFO   timeframe=M1
17:25:01 strategy_of INFO Restored position: dir=-1 lots=6 avg=79143 lotEntries=3
17:25:01 robot_of INFO State loaded: dir=-1 lots=6 mode=stopped
17:25:01 FinamPy CRITICAL Ошибка доступа к системному хранилищу: No recommended backend was available. Install a recommended 3rd party backend package; or, install the keyrings.alt package if you want to use the non-recommended backends. See https://pypi.org/project/keyring for details.
17:25:01 FinamPy CRITICAL Ошибка сохранения в системное хранилище: No recommended backend was available. Install a recommended 3rd party backend package; or, install the keyrings.alt package if you want to use the non-recommended backends. See https://pypi.org/project/keyring for details.
17:25:01 robot_of INFO FinamPy connected. Accounts: ['1225950', '1225951', '1225952', '1225953']
17:25:01 robot_of INFO Subscribed to LatestTrades: SiU6@RTSX
17:25:01 robot_of INFO Subscribed to OrderBook: SiU6@RTSX
17:25:01 robot_of INFO Subscribed to Bars: SiU6@RTSX M1
17:25:01 robot_of INFO Subscribed to Quotes: SiU6@RTSX
17:25:01 robot_of INFO VWEMA warmup: 59 bars fed | ready=True | dir=-1 | ema_f=79154.2 ema_s=79166.5 atr=7.3
17:25:01 robot_of INFO Warmup: waiting 10 sec for data streams...
17:25:11 robot_of INFO Warmup done. OB has data: True
17:25:11 robot_of INFO Main loop started
17:25:11 robot_of INFO API listening on :5080
17:25:11 robot_of INFO Endpoints: GET /status | GET /health | POST /start /stop /pause /params
17:25:16 orderflow INFO CVD reset (daily 07:00 MSK)
17:25:33 robot_of INFO API GET /status with query:  | filters: startDate=None, endDate=None, all=False
17:25:33 robot_of INFO No filters applied, returning all 200 trades
17:25:45 robot_of INFO API GET /status with query:  | filters: startDate=None, endDate=None, all=False
17:25:45 robot_of INFO No filters applied, returning all 200 trades
17:26:15 robot_of INFO API GET /status with query:  | filters: startDate=None, endDate=None, all=False
17:26:15 robot_of INFO No filters applied, returning all 200 trades
17:26:33 robot_of INFO API GET /status with query:  | filters: startDate=None, endDate=None, all=False
17:26:33 robot_of INFO No filters applied, returning all 200 trades
17:26:45 robot_of INFO API GET /status with query:  | filters: startDate=None, endDate=None, all=False
17:26:45 robot_of INFO No filters applied, returning all 200 trades
17:27:15 robot_of INFO API GET /status with query:  | filters: startDate=None, endDate=None, all=False
17:27:15 robot_of INFO No filters applied, returning all 200 trades
17:27:33 robot_of INFO API GET /status with query:  | filters: startDate=None, endDate=None, all=False
17:27:33 robot_of INFO No filters applied, returning all 200 trades
17:27:45 robot_of INFO API GET /status with query:  | filters: startDate=None, endDate=None, all=False
17:27:45 robot_of INFO No filters applied, returning all 200 trades
17:28:15 robot_of INFO API GET /status with query:  | filters: startDate=None, endDate=None, all=False
17:28:15 robot_of INFO No filters applied, returning all 200 trades
17:28:33 robot_of INFO API GET /status with query:  | filters: startDate=None, endDate=None, all=False
17:28:33 robot_of INFO No filters applied, returning all 200 trades
17:28:45 robot_of INFO API GET /status with query:  | filters: startDate=None, endDate=None, all=False
17:28:45 robot_of INFO No filters applied, returning all 200 trades
17:29:15 robot_of INFO API GET /status with query:  | filters: startDate=None, endDate=None, all=False
17:29:15 robot_of INFO No filters applied, returning all 200 trades
17:29:33 robot_of INFO API GET /status with query:  | filters: startDate=None, endDate=None, all=False
17:29:33 robot_of INFO No filters applied, returning all 200 trades
17:29:45 robot_of INFO API GET /status with query:  | filters: startDate=None, endDate=None, all=False
17:29:45 robot_of INFO No filters applied, returning all 200 trades
17:30:15 robot_of INFO API GET /status with query:  | filters: startDate=None, endDate=None, all=False
17:30:15 robot_of INFO No filters applied, returning all 200 trades
17:30:33 robot_of INFO API GET /status with query:  | filters: startDate=None, endDate=None, all=False
17:30:33 robot_of INFO No filters applied, returning all 200 trades
17:30:45 robot_of INFO API GET /status with query:  | filters: startDate=None, endDate=None, all=False
17:30:45 robot_of INFO No filters applied, returning all 200 trades
17:31:15 robot_of INFO API GET /status with query:  | filters: startDate=None, endDate=None, all=False
17:31:15 robot_of INFO No filters applied, returning all 200 trades
17:31:33 robot_of INFO API GET /status with query:  | filters: startDate=None, endDate=None, all=False
17:31:33 robot_of INFO No filters applied, returning all 200 trades
17:31:45 robot_of INFO API GET /status with query:  | filters: startDate=None, endDate=None, all=False
17:31:45 robot_of INFO No filters applied, returning all 200 trades
17:32:15 robot_of INFO API GET /status with query:  | filters: startDate=None, endDate=None, all=False
17:32:15 robot_of INFO No filters applied, returning all 200 trades
17:32:33 robot_of INFO API GET /status with query:  | filters: startDate=None, endDate=None, all=False
17:32:33 robot_of INFO No filters applied, returning all 200 trades
17:32:45 robot_of INFO API GET /status with query:  | filters: startDate=None, endDate=None, all=False
17:32:45 robot_of INFO No filters applied, returning all 200 trades
17:33:15 robot_of INFO API GET /status with query:  | filters: startDate=None, endDate=None, all=False
17:33:15 robot_of INFO No filters applied, returning all 200 trades
17:33:33 robot_of INFO API GET /status with query:  | filters: startDate=None, endDate=None, all=False
17:33:33 robot_of INFO No filters applied, returning all 200 trades
17:33:45 robot_of INFO API GET /status with query:  | filters: startDate=None, endDate=None, all=False
17:33:45 robot_of INFO No filters applied, returning all 200 trades
17:34:15 robot_of INFO API GET /status with query:  | filters: startDate=None, endDate=None, all=False
17:34:15 robot_of INFO No filters applied, returning all 200 trades
17:34:33 robot_of INFO API GET /status with query:  | filters: startDate=None, endDate=None, all=False
17:34:33 robot_of INFO No filters applied, returning all 200 trades
17:34:45 robot_of INFO API GET /status with query:  | filters: startDate=None, endDate=None, all=False
17:34:45 robot_of INFO No filters applied, returning all 200 trades
17:35:15 robot_of INFO API GET /status with query:  | filters: startDate=None, endDate=None, all=False
17:35:15 robot_of INFO No filters applied, returning all 200 trades
17:35:33 robot_of INFO API GET /status with query:  | filters: startDate=None, endDate=None, all=False
17:35:33 robot_of INFO No filters applied, returning all 200 trades
17:35:45 robot_of INFO API GET /status with query:  | filters: startDate=None, endDate=None, all=False
17:35:45 robot_of INFO No filters applied, returning all 200 trades
17:36:15 robot_of INFO API GET /status with query:  | filters: startDate=None, endDate=None, all=False
17:36:15 robot_of INFO No filters applied, returning all 200 trades
17:36:33 robot_of INFO API GET /status with query:  | filters: startDate=None, endDate=None, all=False
17:36:33 robot_of INFO No filters applied, returning all 200 trades
17:36:45 robot_of INFO API GET /status with query:  | filters: startDate=None, endDate=None, all=False
17:36:45 robot_of INFO No filters applied, returning all 200 trades
17:37:15 robot_of INFO API GET /status with query:  | filters: startDate=None, endDate=None, all=False
17:37:15 robot_of INFO No filters applied, returning all 200 trades
17:37:33 robot_of INFO API GET /status with query:  | filters: startDate=None, endDate=None, all=False
17:37:33 robot_of INFO No filters applied, returning all 200 trades
17:37:45 robot_of INFO API GET /status with query:  | filters: startDate=None, endDate=None, all=False
17:37:45 robot_of INFO No filters applied, returning all 200 trades
17:38:15 robot_of INFO API GET /status with query:  | filters: startDate=None, endDate=None, all=False
17:38:15 robot_of INFO No filters applied, returning all 200 trades
17:38:33 robot_of INFO API GET /status with query:  | filters: startDate=None, endDate=None, all=False
17:38:33 robot_of INFO No filters applied, returning all 200 trades
17:38:45 robot_of INFO API GET /status with query:  | filters: startDate=None, endDate=None, all=False
17:38:45 robot_of INFO No filters applied, returning all 200 trades
17:39:15 robot_of INFO API GET /status with query:  | filters: startDate=None, endDate=None, all=False
17:39:15 robot_of INFO No filters applied, returning all 200 trades
17:39:33 robot_of INFO API GET /status with query:  | filters: startDate=None, endDate=None, all=False
17:39:33 robot_of INFO No filters applied, returning all 200 trades
17:39:45 robot_of INFO API GET /status with query:  | filters: startDate=None, endDate=None, all=False
17:39:45 robot_of INFO No filters applied, returning all 200 trades
17:40:08 strategy_of INFO PARTIAL_TP buy 2 @ 79124 | pnl=+87₽ | remaining=4
17:40:08 robot_of INFO 📄 PAPER partial_tp: buy 2 realized=87₽
17:40:15 robot_of INFO API GET /status with query:  | filters: startDate=None, endDate=None, all=False
17:40:15 robot_of INFO No filters applied, returning all 200 trades
17:40:33 robot_of INFO API GET /status with query:  | filters: startDate=None, endDate=None, all=False
17:40:33 robot_of INFO No filters applied, returning all 200 trades
17:40:45 robot_of INFO API GET /status with query:  | filters: startDate=None, endDate=None, all=False
17:40:45 robot_of INFO No filters applied, returning all 200 trades
17:41:16 robot_of INFO API GET /status with query:  | filters: startDate=None, endDate=None, all=False
17:41:16 robot_of INFO No filters applied, returning all 200 trades
17:41:33 robot_of INFO API GET /status with query:  | filters: startDate=None, endDate=None, all=False
17:41:33 robot_of INFO No filters applied, returning all 200 trades
17:41:46 robot_of INFO API GET /status with query:  | filters: startDate=None, endDate=None, all=False
17:41:46 robot_of INFO No filters applied, returning all 200 trades
17:41:50 strategy_of INFO PARTIAL_TP buy 2 @ 79092 | pnl=+98₽ | remaining=2
17:41:50 robot_of INFO 📄 PAPER partial_tp: buy 2 realized=98₽
17:42:16 robot_of INFO API GET /status with query:  | filters: startDate=None, endDate=None, all=False
17:42:16 robot_of INFO No filters applied, returning all 200 trades
17:42:33 robot_of INFO API GET /status with query:  | filters: startDate=None, endDate=None, all=False
17:42:33 robot_of INFO No filters applied, returning all 200 trades
17:42:34 strategy_of INFO PYRAMID sell 2 @ 79080 | lvl 1/5 | avg=79099 lots=4
17:42:34 robot_of INFO 📄 PAPER pyramid: sell 2 @ 79080
17:42:46 robot_of INFO API GET /status with query:  | filters: startDate=None, endDate=None, all=False
17:42:46 robot_of INFO No filters applied, returning all 200 trades
17:43:16 robot_of INFO API GET /status with query:  | filters: startDate=None, endDate=None, all=False
17:43:16 robot_of INFO No filters applied, returning all 200 trades
17:43:33 robot_of INFO API GET /status with query:  | filters: startDate=None, endDate=None, all=False
17:43:33 robot_of INFO No filters applied, returning all 200 trades
17:43:46 robot_of INFO API GET /status with query:  | filters: startDate=None, endDate=None, all=False
17:43:46 robot_of INFO No filters applied, returning all 200 trades
17:44:16 robot_of INFO API GET /status with query:  | filters: startDate=None, endDate=None, all=False
17:44:16 robot_of INFO No filters applied, returning all 200 trades
17:44:33 robot_of INFO API GET /status with query:  | filters: startDate=None, endDate=None, all=False
17:44:33 robot_of INFO No filters applied, returning all 200 trades
17:44:46 robot_of INFO API GET /status with query:  | filters: startDate=None, endDate=None, all=False
17:44:46 robot_of INFO No filters applied, returning all 200 trades
17:45:16 robot_of INFO API GET /status with query:  | filters: startDate=None, endDate=None, all=False
17:45:16 robot_of INFO No filters applied, returning all 200 trades
17:45:33 robot_of INFO API GET /status with query:  | filters: startDate=None, endDate=None, all=False
17:45:33 robot_of INFO No filters applied, returning all 200 trades
17:45:46 robot_of INFO API GET /status with query:  | filters: startDate=None, endDate=None, all=False
17:45:46 robot_of INFO No filters applied, returning all 200 trades
17:46:16 robot_of INFO API GET /status with query:  | filters: startDate=None, endDate=None, all=False
17:46:16 robot_of INFO No filters applied, returning all 200 trades
17:46:33 robot_of INFO API GET /status with query:  | filters: startDate=None, endDate=None, all=False
17:46:33 robot_of INFO No filters applied, returning all 200 trades
17:46:46 robot_of INFO API GET /status with query:  | filters: startDate=None, endDate=None, all=False
17:46:46 robot_of INFO No filters applied, returning all 200 trades
17:47:16 robot_of INFO API GET /status with query:  | filters: startDate=None, endDate=None, all=False
17:47:16 robot_of INFO No filters applied, returning all 200 trades
17:47:33 robot_of INFO API GET /status with query:  | filters: startDate=None, endDate=None, all=False
17:47:33 robot_of INFO No filters applied, returning all 200 trades
17:47:46 robot_of INFO API GET /status with query:  | filters: startDate=None, endDate=None, all=False
17:47:46 robot_of INFO No filters applied, returning all 200 trades
17:48:16 robot_of INFO API GET /status with query:  | filters: startDate=None, endDate=None, all=False
17:48:16 robot_of INFO No filters applied, returning all 200 trades
17:48:33 robot_of INFO API GET /status with query:  | filters: startDate=None, endDate=None, all=False
17:48:33 robot_of INFO No filters applied, returning all 200 trades
17:48:46 robot_of INFO API GET /status with query:  | filters: startDate=None, endDate=None, all=False
17:48:46 robot_of INFO No filters applied, returning all 200 trades
17:49:16 robot_of INFO API GET /status with query:  | filters: startDate=None, endDate=None, all=False
17:49:16 robot_of INFO No filters applied, returning all 200 trades
17:49:33 robot_of INFO API GET /status with query:  | filters: startDate=None, endDate=None, all=False
17:49:33 robot_of INFO No filters applied, returning all 200 trades
17:49:46 robot_of INFO API GET /status with query:  | filters: startDate=None, endDate=None, all=False
17:49:46 robot_of INFO No filters applied, returning all 200 trades
17:50:16 robot_of INFO API GET /status with query:  | filters: startDate=None, endDate=None, all=False
17:50:16 robot_of INFO No filters applied, returning all 200 trades
17:50:33 robot_of INFO API GET /status with query:  | filters: startDate=None, endDate=None, all=False
17:50:33 robot_of INFO No filters applied, returning all 200 trades
17:50:46 robot_of INFO API GET /status with query:  | filters: startDate=None, endDate=None, all=False
17:50:46 robot_of INFO No filters applied, returning all 200 trades
17:51:16 robot_of INFO API GET /status with query:  | filters: startDate=None, endDate=None, all=False
17:51:16 robot_of INFO No filters applied, returning all 200 trades
17:51:33 robot_of INFO API GET /status with query:  | filters: startDate=None, endDate=None, all=False
17:51:33 robot_of INFO No filters applied, returning all 200 trades
17:51:46 robot_of INFO API GET /status with query:  | filters: startDate=None, endDate=None, all=False
17:51:46 robot_of INFO No filters applied, returning all 200 trades
17:52:16 robot_of INFO API GET /status with query:  | filters: startDate=None, endDate=None, all=False
17:52:16 robot_of INFO No filters applied, returning all 200 trades
17:52:33 robot_of INFO API GET /status with query:  | filters: startDate=None, endDate=None, all=False
17:52:33 robot_of INFO No filters applied, returning all 200 trades
17:52:46 robot_of INFO API GET /status with query:  | filters: startDate=None, endDate=None, all=False
17:52:46 robot_of INFO No filters applied, returning all 200 trades
17:53:16 robot_of INFO API GET /status with query:  | filters: startDate=None, endDate=None, all=False
17:53:16 robot_of INFO No filters applied, returning all 200 trades
17:53:33 robot_of INFO API GET /status with query:  | filters: startDate=None, endDate=None, all=False
17:53:33 robot_of INFO No filters applied, returning all 200 trades
17:53:46 robot_of INFO API GET /status with query:  | filters: startDate=None, endDate=None, all=False
17:53:46 robot_of INFO No filters applied, returning all 200 trades
17:54:16 robot_of INFO API GET /status with query:  | filters: startDate=None, endDate=None, all=False
17:54:16 robot_of INFO No filters applied, returning all 200 trades
17:54:33 robot_of INFO API GET /status with query:  | filters: startDate=None, endDate=None, all=False
17:54:33 robot_of INFO No filters applied, returning all 200 trades
17:54:46 robot_of INFO API GET /status with query:  | filters: startDate=None, endDate=None, all=False
17:54:46 robot_of INFO No filters applied, returning all 200 trades
17:55:16 robot_of INFO API GET /status with query:  | filters: startDate=None, endDate=None, all=False
17:55:16 robot_of INFO No filters applied, returning all 200 trades
17:55:33 robot_of INFO API GET /status with query:  | filters: startDate=None, endDate=None, all=False
17:55:33 robot_of INFO No filters applied, returning all 200 trades
17:55:46 robot_of INFO API GET /status with query:  | filters: startDate=None, endDate=None, all=False
17:55:46 robot_of INFO No filters applied, returning all 200 trades
17:56:16 robot_of INFO API GET /status with query:  | filters: startDate=None, endDate=None, all=False
17:56:16 robot_of INFO No filters applied, returning all 200 trades
17:56:33 robot_of INFO API GET /status with query:  | filters: startDate=None, endDate=None, all=False
17:56:33 robot_of INFO No filters applied, returning all 200 trades
17:56:46 robot_of INFO API GET /status with query:  | filters: startDate=None, endDate=None, all=False
17:56:46 robot_of INFO No filters applied, returning all 200 trades
17:57:16 robot_of INFO API GET /status with query:  | filters: startDate=None, endDate=None, all=False
17:57:16 robot_of INFO No filters applied, returning all 200 trades
17:57:33 robot_of INFO API GET /status with query:  | filters: startDate=None, endDate=None, all=False
17:57:33 robot_of INFO No filters applied, returning all 200 trades
17:57:46 robot_of INFO API GET /status with query:  | filters: startDate=None, endDate=None, all=False
17:57:46 robot_of INFO No filters applied, returning all 200 trades
17:58:16 robot_of INFO API GET /status with query:  | filters: startDate=None, endDate=None, all=False
17:58:16 robot_of INFO No filters applied, returning all 200 trades
17:58:33 robot_of INFO API GET /status with query:  | filters: startDate=None, endDate=None, all=False
17:58:33 robot_of INFO No filters applied, returning all 200 trades
17:58:46 robot_of INFO API GET /status with query:  | filters: startDate=None, endDate=None, all=False
17:58:46 robot_of INFO No filters applied, returning all 200 trades
17:59:16 robot_of INFO API GET /status with query:  | filters: startDate=None, endDate=None, all=False
17:59:16 robot_of INFO No filters applied, returning all 200 trades
17:59:33 robot_of INFO API GET /status with query:  | filters: startDate=None, endDate=None, all=False
17:59:33 robot_of INFO No filters applied, returning all 200 trades
17:59:46 robot_of INFO API GET /status with query:  | filters: startDate=None, endDate=None, all=False
17:59:46 robot_of INFO No filters applied, returning all 200 trades
18:00:16 robot_of INFO API GET /status with query:  | filters: startDate=None, endDate=None, all=False
18:00:16 robot_of INFO No filters applied, returning all 200 trades
18:00:33 robot_of INFO API GET /status with query:  | filters: startDate=None, endDate=None, all=False
18:00:33 robot_of INFO No filters applied, returning all 200 trades
18:00:46 robot_of INFO API GET /status with query:  | filters: startDate=None, endDate=None, all=False
18:00:46 robot_of INFO No filters applied, returning all 200 trades
18:01:16 robot_of INFO API GET /status with query:  | filters: startDate=None, endDate=None, all=False
18:01:16 robot_of INFO No filters applied, returning all 200 trades
18:01:33 robot_of INFO API GET /status with query:  | filters: startDate=None, endDate=None, all=False
18:01:33 robot_of INFO No filters applied, returning all 200 trades
18:01:46 robot_of INFO API GET /status with query:  | filters: startDate=None, endDate=None, all=False
18:01:46 robot_of INFO No filters applied, returning all 200 trades
18:02:16 robot_of INFO API GET /status with query:  | filters: startDate=None, endDate=None, all=False
18:02:16 robot_of INFO No filters applied, returning all 200 trades
18:02:33 robot_of INFO API GET /status with query:  | filters: startDate=None, endDate=None, all=False
18:02:33 robot_of INFO No filters applied, returning all 200 trades
18:02:46 robot_of INFO API GET /status with query:  | filters: startDate=None, endDate=None, all=False
18:02:46 robot_of INFO No filters applied, returning all 200 trades
18:03:16 robot_of INFO API GET /status with query:  | filters: startDate=None, endDate=None, all=False
18:03:16 robot_of INFO No filters applied, returning all 200 trades
18:03:33 robot_of INFO API GET /status with query:  | filters: startDate=None, endDate=None, all=False
18:03:33 robot_of INFO No filters applied, returning all 200 trades
18:03:46 robot_of INFO API GET /status with query:  | filters: startDate=None, endDate=None, all=False
18:03:46 robot_of INFO No filters applied, returning all 200 trades
18:04:16 robot_of INFO API GET /status with query:  | filters: startDate=None, endDate=None, all=False
18:04:16 robot_of INFO No filters applied, returning all 200 trades
18:04:33 robot_of INFO API GET /status with query:  | filters: startDate=None, endDate=None, all=False
18:04:33 robot_of INFO No filters applied, returning all 200 trades
18:04:46 robot_of INFO API GET /status with query:  | filters: startDate=None, endDate=None, all=False
18:04:46 robot_of INFO No filters applied, returning all 200 trades
18:05:16 robot_of INFO API GET /status with query:  | filters: startDate=None, endDate=None, all=False
18:05:16 robot_of INFO No filters applied, returning all 200 trades
18:05:33 robot_of INFO API GET /status with query:  | filters: startDate=None, endDate=None, all=False
18:05:33 robot_of INFO No filters applied, returning all 200 trades
18:05:46 robot_of INFO API GET /status with query:  | filters: startDate=None, endDate=None, all=False
18:05:46 robot_of INFO No filters applied, returning all 200 trades
18:06:16 robot_of INFO API GET /status with query:  | filters: startDate=None, endDate=None, all=False
18:06:16 robot_of INFO No filters applied, returning all 200 trades
18:06:33 robot_of INFO API GET /status with query:  | filters: startDate=None, endDate=None, all=False
18:06:33 robot_of INFO No filters applied, returning all 200 trades
18:06:46 robot_of INFO API GET /status with query:  | filters: startDate=None, endDate=None, all=False
18:06:46 robot_of INFO No filters applied, returning all 200 trades
18:07:16 robot_of INFO API GET /status with query:  | filters: startDate=None, endDate=None, all=False
18:07:16 robot_of INFO No filters applied, returning all 200 trades
18:07:33 robot_of INFO API GET /status with query:  | filters: startDate=None, endDate=None, all=False
18:07:33 robot_of INFO No filters applied, returning all 200 trades
18:07:46 robot_of INFO API GET /status with query:  | filters: startDate=None, endDate=None, all=False
18:07:46 robot_of INFO No filters applied, returning all 200 trades
18:08:16 robot_of INFO API GET /status with query:  | filters: startDate=None, endDate=None, all=False
18:08:16 robot_of INFO No filters applied, returning all 200 trades
18:08:33 robot_of INFO API GET /status with query:  | filters: startDate=None, endDate=None, all=False
18:08:33 robot_of INFO No filters applied, returning all 200 trades
18:08:46 robot_of INFO API GET /status with query:  | filters: startDate=None, endDate=None, all=False
18:08:46 robot_of INFO No filters applied, returning all 200 trades
18:09:16 robot_of INFO API GET /status with query:  | filters: startDate=None, endDate=None, all=False
18:09:16 robot_of INFO No filters applied, returning all 200 trades
18:09:33 robot_of INFO API GET /status with query:  | filters: startDate=None, endDate=None, all=False
18:09:33 robot_of INFO No filters applied, returning all 200 trades
18:09:46 robot_of INFO API GET /status with query:  | filters: startDate=None, endDate=None, all=False
18:09:46 robot_of INFO No filters applied, returning all 200 trades
18:10:16 robot_of INFO API GET /status with query:  | filters: startDate=None, endDate=None, all=False
18:10:16 robot_of INFO No filters applied, returning all 200 trades
18:10:33 robot_of INFO API GET /status with query:  | filters: startDate=None, endDate=None, all=False
18:10:33 robot_of INFO No filters applied, returning all 200 trades
18:10:46 robot_of INFO API GET /status with query:  | filters: startDate=None, endDate=None, all=False
18:10:46 robot_of INFO No filters applied, returning all 200 trades
18:11:16 robot_of INFO API GET /status with query:  | filters: startDate=None, endDate=None, all=False
18:11:16 robot_of INFO No filters applied, returning all 200 trades
18:11:33 robot_of INFO API GET /status with query:  | filters: startDate=None, endDate=None, all=False
18:11:33 robot_of INFO No filters applied, returning all 200 trades
18:11:46 robot_of INFO API GET /status with query:  | filters: startDate=None, endDate=None, all=False
18:11:46 robot_of INFO No filters applied, returning all 200 trades
18:12:16 robot_of INFO API GET /status with query:  | filters: startDate=None, endDate=None, all=False
18:12:16 robot_of INFO No filters applied, returning all 200 trades
18:12:33 robot_of INFO API GET /status with query:  | filters: startDate=None, endDate=None, all=False
18:12:33 robot_of INFO No filters applied, returning all 200 trades
18:12:46 robot_of INFO API GET /status with query:  | filters: startDate=None, endDate=None, all=False
18:12:46 robot_of INFO No filters applied, returning all 200 trades
18:13:16 robot_of INFO API GET /status with query:  | filters: startDate=None, endDate=None, all=False
18:13:16 robot_of INFO No filters applied, returning all 200 trades
18:13:33 robot_of INFO API GET /status with query:  | filters: startDate=None, endDate=None, all=False
18:13:33 robot_of INFO No filters applied, returning all 200 trades
18:13:46 robot_of INFO API GET /status with query:  | filters: startDate=None, endDate=None, all=False
18:13:46 robot_of INFO No filters applied, returning all 200 trades
18:14:16 robot_of INFO API GET /status with query:  | filters: startDate=None, endDate=None, all=False
18:14:16 robot_of INFO No filters applied, returning all 200 trades
18:14:33 robot_of INFO API GET /status with query:  | filters: startDate=None, endDate=None, all=False
18:14:33 robot_of INFO No filters applied, returning all 200 trades
18:14:46 robot_of INFO API GET /status with query:  | filters: startDate=None, endDate=None, all=False
18:14:46 robot_of INFO No filters applied, returning all 200 trades
18:15:16 robot_of INFO API GET /status with query:  | filters: startDate=None, endDate=None, all=False
18:15:16 robot_of INFO No filters applied, returning all 200 trades
18:15:33 robot_of INFO API GET /status with query:  | filters: startDate=None, endDate=None, all=False
18:15:33 robot_of INFO No filters applied, returning all 200 trades
18:15:46 robot_of INFO API GET /status with query:  | filters: startDate=None, endDate=None, all=False
18:15:46 robot_of INFO No filters applied, returning all 200 trades
18:16:16 robot_of INFO API GET /status with query:  | filters: startDate=None, endDate=None, all=False
18:16:16 robot_of INFO No filters applied, returning all 200 trades
18:16:33 robot_of INFO API GET /status with query:  | filters: startDate=None, endDate=None, all=False
18:16:33 robot_of INFO No filters applied, returning all 200 trades
18:16:46 robot_of INFO API GET /status with query:  | filters: startDate=None, endDate=None, all=False
18:16:46 robot_of INFO No filters applied, returning all 200 trades
18:17:16 robot_of INFO API GET /status with query:  | filters: startDate=None, endDate=None, all=False
18:17:16 robot_of INFO No filters applied, returning all 200 trades
18:17:33 robot_of INFO API GET /status with query:  | filters: startDate=None, endDate=None, all=False
18:17:33 robot_of INFO No filters applied, returning all 200 trades
18:17:46 robot_of INFO API GET /status with query:  | filters: startDate=None, endDate=None, all=False
18:17:46 robot_of INFO No filters applied, returning all 200 trades
18:18:16 robot_of INFO API GET /status with query:  | filters: startDate=None, endDate=None, all=False
18:18:16 robot_of INFO No filters applied, returning all 200 trades
18:18:33 robot_of INFO API GET /status with query:  | filters: startDate=None, endDate=None, all=False
18:18:33 robot_of INFO No filters applied, returning all 200 trades
18:18:46 robot_of INFO API GET /status with query:  | filters: startDate=None, endDate=None, all=False
18:18:46 robot_of INFO No filters applied, returning all 200 trades
18:19:16 robot_of INFO API GET /status with query:  | filters: startDate=None, endDate=None, all=False
18:19:16 robot_of INFO No filters applied, returning all 200 trades
18:19:33 robot_of INFO API GET /status with query:  | filters: startDate=None, endDate=None, all=False
18:19:33 robot_of INFO No filters applied, returning all 200 trades
18:19:46 robot_of INFO API GET /status with query:  | filters: startDate=None, endDate=None, all=False
18:19:46 robot_of INFO No filters applied, returning all 200 trades
18:20:16 robot_of INFO API GET /status with query:  | filters: startDate=None, endDate=None, all=False
18:20:16 robot_of INFO No filters applied, returning all 200 trades
18:20:33 robot_of INFO API GET /status with query:  | filters: startDate=None, endDate=None, all=False
18:20:33 robot_of INFO No filters applied, returning all 200 trades
18:20:46 robot_of INFO API GET /status with query:  | filters: startDate=None, endDate=None, all=False
18:20:46 robot_of INFO No filters applied, returning all 200 trades
18:20:54 robot_of INFO API GET /status with query:  | filters: startDate=None, endDate=None, all=False
18:20:54 robot_of INFO No filters applied, returning all 200 trades
18:21:16 robot_of INFO API GET /status with query:  | filters: startDate=None, endDate=None, all=False
18:21:16 robot_of INFO No filters applied, returning all 200 trades
18:21:33 robot_of INFO API GET /status with query:  | filters: startDate=None, endDate=None, all=False
18:21:33 robot_of INFO No filters applied, returning all 200 trades
18:21:46 robot_of INFO API GET /status with query:  | filters: startDate=None, endDate=None, all=False
18:21:46 robot_of INFO No filters applied, returning all 200 trades
18:22:16 robot_of INFO API GET /status with query:  | filters: startDate=None, endDate=None, all=False
18:22:16 robot_of INFO No filters applied, returning all 200 trades
18:22:33 robot_of INFO API GET /status with query:  | filters: startDate=None, endDate=None, all=False
18:22:33 robot_of INFO No filters applied, returning all 200 trades
18:22:46 robot_of INFO API GET /status with query:  | filters: startDate=None, endDate=None, all=False
18:22:46 robot_of INFO No filters applied, returning all 200 trades
18:23:16 robot_of INFO API GET /status with query:  | filters: startDate=None, endDate=None, all=False
18:23:16 robot_of INFO No filters applied, returning all 200 trades
18:23:33 robot_of INFO API GET /status with query:  | filters: startDate=None, endDate=None, all=False
18:23:33 robot_of INFO No filters applied, returning all 200 trades
18:23:46 robot_of INFO API GET /status with query:  | filters: startDate=None, endDate=None, all=False
18:23:46 robot_of INFO No filters applied, returning all 200 trades
18:24:16 robot_of INFO API GET /status with query:  | filters: startDate=None, endDate=None, all=False
18:24:16 robot_of INFO No filters applied, returning all 200 trades
18:24:33 robot_of INFO API GET /status with query:  | filters: startDate=None, endDate=None, all=False
18:24:33 robot_of INFO No filters applied, returning all 200 trades
18:24:46 robot_of INFO API GET /status with query:  | filters: startDate=None, endDate=None, all=False
18:24:46 robot_of INFO No filters applied, returning all 200 trades
18:25:16 robot_of INFO API GET /status with query:  | filters: startDate=None, endDate=None, all=False
18:25:16 robot_of INFO No filters applied, returning all 200 trades
18:25:33 robot_of INFO API GET /status with query:  | filters: startDate=None, endDate=None, all=False
18:25:33 robot_of INFO No filters applied, returning all 200 trades
18:25:46 robot_of INFO API GET /status with query:  | filters: startDate=None, endDate=None, all=False
18:25:46 robot_of INFO No filters applied, returning all 200 trades
18:26:16 robot_of INFO API GET /status with query:  | filters: startDate=None, endDate=None, all=False
18:26:16 robot_of INFO No filters applied, returning all 200 trades
18:26:32 robot_of INFO API GET /status with query:  | filters: startDate=None, endDate=None, all=False
18:26:32 robot_of INFO No filters applied, returning all 200 trades
18:26:46 robot_of INFO API GET /status with query:  | filters: startDate=None, endDate=None, all=False
18:26:46 robot_of INFO No filters applied, returning all 200 trades
18:27:16 robot_of INFO API GET /status with query:  | filters: startDate=None, endDate=None, all=False
18:27:16 robot_of INFO No filters applied, returning all 200 trades
18:27:32 robot_of INFO API GET /status with query:  | filters: startDate=None, endDate=None, all=False
18:27:32 robot_of INFO No filters applied, returning all 200 trades
18:27:46 robot_of INFO API GET /status with query:  | filters: startDate=None, endDate=None, all=False
18:27:46 robot_of INFO No filters applied, returning all 200 trades
18:28:16 robot_of INFO API GET /status with query:  | filters: startDate=None, endDate=None, all=False
18:28:16 robot_of INFO No filters applied, returning all 200 trades
18:28:33 robot_of INFO API GET /status with query:  | filters: startDate=None, endDate=None, all=False
18:28:33 robot_of INFO No filters applied, returning all 200 trades
18:28:46 robot_of INFO API GET /status with query:  | filters: startDate=None, endDate=None, all=False
18:28:46 robot_of INFO No filters applied, returning all 200 trades
18:29:16 robot_of INFO API GET /status with query:  | filters: startDate=None, endDate=None, all=False
18:29:16 robot_of INFO No filters applied, returning all 200 trades
18:29:32 robot_of INFO API GET /status with query:  | filters: startDate=None, endDate=None, all=False
18:29:32 robot_of INFO No filters applied, returning all 200 trades
18:29:46 robot_of INFO API GET /status with query:  | filters: startDate=None, endDate=None, all=False
18:29:46 robot_of INFO No filters applied, returning all 200 trades
18:30:16 robot_of INFO API GET /status with query:  | filters: startDate=None, endDate=None, all=False
18:30:16 robot_of INFO No filters applied, returning all 200 trades
18:30:32 robot_of INFO API GET /status with query:  | filters: startDate=None, endDate=None, all=False
18:30:32 robot_of INFO No filters applied, returning all 200 trades
18:30:46 robot_of INFO API GET /status with query:  | filters: startDate=None, endDate=None, all=False
18:30:46 robot_of INFO No filters applied, returning all 200 trades
18:31:16 robot_of INFO API GET /status with query:  | filters: startDate=None, endDate=None, all=False
18:31:16 robot_of INFO No filters applied, returning all 200 trades
18:31:32 robot_of INFO API GET /status with query:  | filters: startDate=None, endDate=None, all=False
18:31:32 robot_of INFO No filters applied, returning all 200 trades
18:31:46 robot_of INFO API GET /status with query:  | filters: startDate=None, endDate=None, all=False
18:31:46 robot_of INFO No filters applied, returning all 200 trades
18:32:16 robot_of INFO API GET /status with query:  | filters: startDate=None, endDate=None, all=False
18:32:16 robot_of INFO No filters applied, returning all 200 trades
18:32:32 robot_of INFO API GET /status with query:  | filters: startDate=None, endDate=None, all=False
18:32:32 robot_of INFO No filters applied, returning all 200 trades
18:32:46 robot_of INFO API GET /status with query:  | filters: startDate=None, endDate=None, all=False
18:32:46 robot_of INFO No filters applied, returning all 200 trades
18:33:16 robot_of INFO API GET /status with query:  | filters: startDate=None, endDate=None, all=False
18:33:16 robot_of INFO No filters applied, returning all 200 trades
18:33:32 robot_of INFO API GET /status with query:  | filters: startDate=None, endDate=None, all=False
18:33:32 robot_of INFO No filters applied, returning all 200 trades
18:33:46 robot_of INFO API GET /status with query:  | filters: startDate=None, endDate=None, all=False
18:33:46 robot_of INFO No filters applied, returning all 200 trades
18:34:16 robot_of INFO API GET /status with query:  | filters: startDate=None, endDate=None, all=False
18:34:16 robot_of INFO No filters applied, returning all 200 trades
18:34:33 robot_of INFO API GET /status with query:  | filters: startDate=None, endDate=None, all=False
18:34:33 robot_of INFO No filters applied, returning all 200 trades
18:34:46 robot_of INFO API GET /status with query:  | filters: startDate=None, endDate=None, all=False
18:34:46 robot_of INFO No filters applied, returning all 200 trades
18:35:16 robot_of INFO API GET /status with query:  | filters: startDate=None, endDate=None, all=False
18:35:16 robot_of INFO No filters applied, returning all 200 trades
18:35:32 robot_of INFO API GET /status with query:  | filters: startDate=None, endDate=None, all=False
18:35:32 robot_of INFO No filters applied, returning all 200 trades
18:35:46 robot_of INFO API GET /status with query:  | filters: startDate=None, endDate=None, all=False
18:35:46 robot_of INFO No filters applied, returning all 200 trades
18:36:16 robot_of INFO API GET /status with query:  | filters: startDate=None, endDate=None, all=False
18:36:16 robot_of INFO No filters applied, returning all 200 trades
18:36:32 robot_of INFO API GET /status with query:  | filters: startDate=None, endDate=None, all=False
18:36:32 robot_of INFO No filters applied, returning all 200 trades
18:36:46 robot_of INFO API GET /status with query:  | filters: startDate=None, endDate=None, all=False
18:36:46 robot_of INFO No filters applied, returning all 200 trades
18:37:16 robot_of INFO API GET /status with query:  | filters: startDate=None, endDate=None, all=False
18:37:16 robot_of INFO No filters applied, returning all 200 trades
18:37:32 robot_of INFO API GET /status with query:  | filters: startDate=None, endDate=None, all=False
18:37:32 robot_of INFO No filters applied, returning all 200 trades
18:37:46 robot_of INFO API GET /status with query:  | filters: startDate=None, endDate=None, all=False
18:37:46 robot_of INFO No filters applied, returning all 200 trades
18:38:16 robot_of INFO API GET /status with query:  | filters: startDate=None, endDate=None, all=False
18:38:16 robot_of INFO No filters applied, returning all 200 trades
18:38:32 robot_of INFO API GET /status with query:  | filters: startDate=None, endDate=None, all=False
18:38:32 robot_of INFO No filters applied, returning all 200 trades
18:38:46 robot_of INFO API GET /status with query:  | filters: startDate=None, endDate=None, all=False
18:38:46 robot_of INFO No filters applied, returning all 200 trades
18:39:16 robot_of INFO API GET /status with query:  | filters: startDate=None, endDate=None, all=False
18:39:16 robot_of INFO No filters applied, returning all 200 trades
18:39:32 robot_of INFO API GET /status with query:  | filters: startDate=None, endDate=None, all=False
18:39:32 robot_of INFO No filters applied, returning all 200 trades
18:39:46 robot_of INFO API GET /status with query:  | filters: startDate=None, endDate=None, all=False
18:39:46 robot_of INFO No filters applied, returning all 200 trades
18:40:16 robot_of INFO API GET /status with query:  | filters: startDate=None, endDate=None, all=False
18:40:16 robot_of INFO No filters applied, returning all 200 trades
18:40:32 robot_of INFO API GET /status with query:  | filters: startDate=None, endDate=None, all=False
18:40:32 robot_of INFO No filters applied, returning all 200 trades
18:40:46 robot_of INFO API GET /status with query:  | filters: startDate=None, endDate=None, all=False
18:40:46 robot_of INFO No filters applied, returning all 200 trades
18:41:16 robot_of INFO API GET /status with query:  | filters: startDate=None, endDate=None, all=False
18:41:16 robot_of INFO No filters applied, returning all 200 trades
18:41:32 robot_of INFO API GET /status with query:  | filters: startDate=None, endDate=None, all=False
18:41:32 robot_of INFO No filters applied, returning all 200 trades
18:41:46 robot_of INFO API GET /status with query:  | filters: startDate=None, endDate=None, all=False
18:41:46 robot_of INFO No filters applied, returning all 200 trades
18:42:16 robot_of INFO API GET /status with query:  | filters: startDate=None, endDate=None, all=False
18:42:16 robot_of INFO No filters applied, returning all 200 trades
18:42:32 robot_of INFO API GET /status with query:  | filters: startDate=None, endDate=None, all=False
18:42:32 robot_of INFO No filters applied, returning all 200 trades
18:42:46 robot_of INFO API GET /status with query:  | filters: startDate=None, endDate=None, all=False
18:42:46 robot_of INFO No filters applied, returning all 200 trades
18:43:16 robot_of INFO API GET /status with query:  | filters: startDate=None, endDate=None, all=False
18:43:16 robot_of INFO No filters applied, returning all 200 trades
18:43:32 robot_of INFO API GET /status with query:  | filters: startDate=None, endDate=None, all=False
18:43:32 robot_of INFO No filters applied, returning all 200 trades
18:43:46 robot_of INFO API GET /status with query:  | filters: startDate=None, endDate=None, all=False
18:43:46 robot_of INFO No filters applied, returning all 200 trades
18:44:16 robot_of INFO API GET /status with query:  | filters: startDate=None, endDate=None, all=False
18:44:16 robot_of INFO No filters applied, returning all 200 trades
18:44:32 robot_of INFO API GET /status with query:  | filters: startDate=None, endDate=None, all=False
18:44:32 robot_of INFO No filters applied, returning all 200 trades
18:44:46 robot_of INFO API GET /status with query:  | filters: startDate=None, endDate=None, all=False
18:44:46 robot_of INFO No filters applied, returning all 200 trades
18:45:16 robot_of INFO API GET /status with query:  | filters: startDate=None, endDate=None, all=False
18:45:16 robot_of INFO No filters applied, returning all 200 trades
18:45:32 robot_of INFO API GET /status with query:  | filters: startDate=None, endDate=None, all=False
18:45:32 robot_of INFO No filters applied, returning all 200 trades
18:45:46 robot_of INFO API GET /status with query:  | filters: startDate=None, endDate=None, all=False
18:45:46 robot_of INFO No filters applied, returning all 200 trades
18:46:16 robot_of INFO API GET /status with query:  | filters: startDate=None, endDate=None, all=False
18:46:16 robot_of INFO No filters applied, returning all 200 trades
18:46:32 robot_of INFO API GET /status with query:  | filters: startDate=None, endDate=None, all=False
18:46:32 robot_of INFO No filters applied, returning all 200 trades
18:46:46 robot_of INFO API GET /status with query:  | filters: startDate=None, endDate=None, all=False
18:46:46 robot_of INFO No filters applied, returning all 200 trades
18:47:16 robot_of INFO API GET /status with query:  | filters: startDate=None, endDate=None, all=False
18:47:16 robot_of INFO No filters applied, returning all 200 trades
18:47:32 robot_of INFO API GET /status with query:  | filters: startDate=None, endDate=None, all=False
18:47:32 robot_of INFO No filters applied, returning all 200 trades
18:47:46 robot_of INFO API GET /status with query:  | filters: startDate=None, endDate=None, all=False
18:47:46 robot_of INFO No filters applied, returning all 200 trades
18:48:16 robot_of INFO API GET /status with query:  | filters: startDate=None, endDate=None, all=False
18:48:16 robot_of INFO No filters applied, returning all 200 trades
18:48:32 robot_of INFO API GET /status with query:  | filters: startDate=None, endDate=None, all=False
18:48:32 robot_of INFO No filters applied, returning all 200 trades
18:48:46 robot_of INFO API GET /status with query:  | filters: startDate=None, endDate=None, all=False
18:48:46 robot_of INFO No filters applied, returning all 200 trades
18:49:16 robot_of INFO API GET /status with query:  | filters: startDate=None, endDate=None, all=False
18:49:16 robot_of INFO No filters applied, returning all 200 trades
18:49:32 robot_of INFO API GET /status with query:  | filters: startDate=None, endDate=None, all=False
18:49:32 robot_of INFO No filters applied, returning all 200 trades
18:49:46 robot_of INFO API GET /status with query:  | filters: startDate=None, endDate=None, all=False
18:49:46 robot_of INFO No filters applied, returning all 200 trades
18:49:54 robot_of INFO API GET /status with query:  | filters: startDate=None, endDate=None, all=False
18:49:54 robot_of INFO No filters applied, returning all 200 trades
18:50:16 robot_of INFO API GET /status with query:  | filters: startDate=None, endDate=None, all=False
18:50:16 robot_of INFO No filters applied, returning all 200 trades
18:50:32 robot_of INFO API GET /status with query:  | filters: startDate=None, endDate=None, all=False
18:50:32 robot_of INFO No filters applied, returning all 200 trades
18:50:46 robot_of INFO API GET /status with query:  | filters: startDate=None, endDate=None, all=False
18:50:46 robot_of INFO No filters applied, returning all 200 trades
18:51:16 robot_of INFO API GET /status with query:  | filters: startDate=None, endDate=None, all=False
18:51:16 robot_of INFO No filters applied, returning all 200 trades
18:51:32 robot_of INFO API GET /status with query:  | filters: startDate=None, endDate=None, all=False
18:51:32 robot_of INFO No filters applied, returning all 200 trades
18:51:46 robot_of INFO API GET /status with query:  | filters: startDate=None, endDate=None, all=False
18:51:46 robot_of INFO No filters applied, returning all 200 trades
18:52:16 robot_of INFO API GET /status with query:  | filters: startDate=None, endDate=None, all=False
18:52:16 robot_of INFO No filters applied, returning all 200 trades
18:52:32 robot_of INFO API GET /status with query:  | filters: startDate=None, endDate=None, all=False
18:52:32 robot_of INFO No filters applied, returning all 200 trades
18:52:46 robot_of INFO API GET /status with query:  | filters: startDate=None, endDate=None, all=False
18:52:46 robot_of INFO No filters applied, returning all 200 trades
18:53:16 robot_of INFO API GET /status with query:  | filters: startDate=None, endDate=None, all=False
18:53:16 robot_of INFO No filters applied, returning all 200 trades
18:53:32 robot_of INFO API GET /status with query:  | filters: startDate=None, endDate=None, all=False
18:53:32 robot_of INFO No filters applied, returning all 200 trades
18:53:46 robot_of INFO API GET /status with query:  | filters: startDate=None, endDate=None, all=False
18:53:46 robot_of INFO No filters applied, returning all 200 trades
18:54:16 robot_of INFO API GET /status with query:  | filters: startDate=None, endDate=None, all=False
18:54:16 robot_of INFO No filters applied, returning all 200 trades
18:54:32 robot_of INFO API GET /status with query:  | filters: startDate=None, endDate=None, all=False
18:54:32 robot_of INFO No filters applied, returning all 200 trades
18:54:46 robot_of INFO API GET /status with query:  | filters: startDate=None, endDate=None, all=False
18:54:46 robot_of INFO No filters applied, returning all 200 trades
18:55:16 robot_of INFO API GET /status with query:  | filters: startDate=None, endDate=None, all=False
18:55:16 robot_of INFO No filters applied, returning all 200 trades
18:55:32 robot_of INFO API GET /status with query:  | filters: startDate=None, endDate=None, all=False
18:55:32 robot_of INFO No filters applied, returning all 200 trades
18:55:46 robot_of INFO API GET /status with query:  | filters: startDate=None, endDate=None, all=False
18:55:46 robot_of INFO No filters applied, returning all 200 trades
18:56:16 robot_of INFO API GET /status with query:  | filters: startDate=None, endDate=None, all=False
18:56:16 robot_of INFO No filters applied, returning all 200 trades
18:56:32 robot_of INFO API GET /status with query:  | filters: startDate=None, endDate=None, all=False
18:56:32 robot_of INFO No filters applied, returning all 200 trades
18:56:46 robot_of INFO API GET /status with query:  | filters: startDate=None, endDate=None, all=False
18:56:46 robot_of INFO No filters applied, returning all 200 trades
18:57:16 robot_of INFO API GET /status with query:  | filters: startDate=None, endDate=None, all=False
18:57:16 robot_of INFO No filters applied, returning all 200 trades
18:57:32 robot_of INFO API GET /status with query:  | filters: startDate=None, endDate=None, all=False
18:57:32 robot_of INFO No filters applied, returning all 200 trades
18:57:46 robot_of INFO API GET /status with query:  | filters: startDate=None, endDate=None, all=False
18:57:46 robot_of INFO No filters applied, returning all 200 trades
18:58:16 robot_of INFO API GET /status with query:  | filters: startDate=None, endDate=None, all=False
18:58:16 robot_of INFO No filters applied, returning all 200 trades
18:58:32 robot_of INFO API GET /status with query:  | filters: startDate=None, endDate=None, all=False
18:58:32 robot_of INFO No filters applied, returning all 200 trades
18:58:46 robot_of INFO API GET /status with query:  | filters: startDate=None, endDate=None, all=False
18:58:46 robot_of INFO No filters applied, returning all 200 trades
18:59:16 robot_of INFO API GET /status with query:  | filters: startDate=None, endDate=None, all=False
18:59:16 robot_of INFO No filters applied, returning all 200 trades
18:59:32 robot_of INFO API GET /status with query:  | filters: startDate=None, endDate=None, all=False
18:59:32 robot_of INFO No filters applied, returning all 200 trades
18:59:46 robot_of INFO API GET /status with query:  | filters: startDate=None, endDate=None, all=False
18:59:46 robot_of INFO No filters applied, returning all 200 trades
19:00:16 robot_of INFO API GET /status with query:  | filters: startDate=None, endDate=None, all=False
19:00:16 robot_of INFO No filters applied, returning all 200 trades
19:00:32 robot_of INFO API GET /status with query:  | filters: startDate=None, endDate=None, all=False
19:00:32 robot_of INFO No filters applied, returning all 200 trades
19:00:46 robot_of INFO API GET /status with query:  | filters: startDate=None, endDate=None, all=False
19:00:46 robot_of INFO No filters applied, returning all 200 trades
19:01:16 robot_of INFO API GET /status with query:  | filters: startDate=None, endDate=None, all=False
19:01:16 robot_of INFO No filters applied, returning all 200 trades
19:01:32 robot_of INFO API GET /status with query:  | filters: startDate=None, endDate=None, all=False
19:01:32 robot_of INFO No filters applied, returning all 200 trades
19:01:46 robot_of INFO API GET /status with query:  | filters: startDate=None, endDate=None, all=False
19:01:46 robot_of INFO No filters applied, returning all 200 trades
19:02:16 robot_of INFO API GET /status with query:  | filters: startDate=None, endDate=None, all=False
19:02:16 robot_of INFO No filters applied, returning all 200 trades
19:02:32 robot_of INFO API GET /status with query:  | filters: startDate=None, endDate=None, all=False
19:02:32 robot_of INFO No filters applied, returning all 200 trades
19:02:46 robot_of INFO API GET /status with query:  | filters: startDate=None, endDate=None, all=False
19:02:46 robot_of INFO No filters applied, returning all 200 trades
19:03:16 robot_of INFO API GET /status with query:  | filters: startDate=None, endDate=None, all=False
19:03:16 robot_of INFO No filters applied, returning all 200 trades
19:03:32 robot_of INFO API GET /status with query:  | filters: startDate=None, endDate=None, all=False
19:03:32 robot_of INFO No filters applied, returning all 200 trades
19:03:46 robot_of INFO API GET /status with query:  | filters: startDate=None, endDate=None, all=False
19:03:46 robot_of INFO No filters applied, returning all 200 trades
19:04:16 robot_of INFO API GET /status with query:  | filters: startDate=None, endDate=None, all=False
19:04:16 robot_of INFO No filters applied, returning all 200 trades
19:04:32 robot_of INFO API GET /status with query:  | filters: startDate=None, endDate=None, all=False
19:04:32 robot_of INFO No filters applied, returning all 200 trades
19:04:46 robot_of INFO API GET /status with query:  | filters: startDate=None, endDate=None, all=False
19:04:46 robot_of INFO No filters applied, returning all 200 trades
19:05:16 robot_of INFO API GET /status with query:  | filters: startDate=None, endDate=None, all=False
19:05:16 robot_of INFO No filters applied, returning all 200 trades
19:05:32 robot_of INFO API GET /status with query:  | filters: startDate=None, endDate=None, all=False
19:05:32 robot_of INFO No filters applied, returning all 200 trades
19:05:46 robot_of INFO API GET /status with query:  | filters: startDate=None, endDate=None, all=False
19:05:46 robot_of INFO No filters applied, returning all 200 trades
19:06:16 robot_of INFO API GET /status with query:  | filters: startDate=None, endDate=None, all=False
19:06:16 robot_of INFO No filters applied, returning all 200 trades
19:06:32 robot_of INFO API GET /status with query:  | filters: startDate=None, endDate=None, all=False
19:06:32 robot_of INFO No filters applied, returning all 200 trades
19:06:46 robot_of INFO API GET /status with query:  | filters: startDate=None, endDate=None, all=False
19:06:46 robot_of INFO No filters applied, returning all 200 trades
19:07:16 robot_of INFO API GET /status with query:  | filters: startDate=None, endDate=None, all=False
19:07:16 robot_of INFO No filters applied, returning all 200 trades
19:07:32 robot_of INFO API GET /status with query:  | filters: startDate=None, endDate=None, all=False
19:07:32 robot_of INFO No filters applied, returning all 200 trades
19:07:46 robot_of INFO API GET /status with query:  | filters: startDate=None, endDate=None, all=False
19:07:46 robot_of INFO No filters applied, returning all 200 trades
19:08:16 robot_of INFO API GET /status with query:  | filters: startDate=None, endDate=None, all=False
19:08:16 robot_of INFO No filters applied, returning all 200 trades
19:08:32 robot_of INFO API GET /status with query:  | filters: startDate=None, endDate=None, all=False
19:08:32 robot_of INFO No filters applied, returning all 200 trades
19:08:46 robot_of INFO API GET /status with query:  | filters: startDate=None, endDate=None, all=False
19:08:46 robot_of INFO No filters applied, returning all 200 trades
19:09:16 robot_of INFO API GET /status with query:  | filters: startDate=None, endDate=None, all=False
19:09:16 robot_of INFO No filters applied, returning all 200 trades
19:09:32 robot_of INFO API GET /status with query:  | filters: startDate=None, endDate=None, all=False
19:09:32 robot_of INFO No filters applied, returning all 200 trades
19:09:46 robot_of INFO API GET /status with query:  | filters: startDate=None, endDate=None, all=False
19:09:46 robot_of INFO No filters applied, returning all 200 trades
19:10:16 robot_of INFO API GET /status with query:  | filters: startDate=None, endDate=None, all=False
19:10:16 robot_of INFO No filters applied, returning all 200 trades
19:10:32 robot_of INFO API GET /status with query:  | filters: startDate=None, endDate=None, all=False
19:10:32 robot_of INFO No filters applied, returning all 200 trades
19:10:46 robot_of INFO API GET /status with query:  | filters: startDate=None, endDate=None, all=False
19:10:46 robot_of INFO No filters applied, returning all 200 trades
19:11:16 robot_of INFO API GET /status with query:  | filters: startDate=None, endDate=None, all=False
19:11:16 robot_of INFO No filters applied, returning all 200 trades
19:11:33 robot_of INFO API GET /status with query:  | filters: startDate=None, endDate=None, all=False
19:11:33 robot_of INFO No filters applied, returning all 200 trades
19:11:46 robot_of INFO API GET /status with query:  | filters: startDate=None, endDate=None, all=False
19:11:46 robot_of INFO No filters applied, returning all 200 trades
19:12:16 robot_of INFO API GET /status with query:  | filters: startDate=None, endDate=None, all=False
19:12:16 robot_of INFO No filters applied, returning all 200 trades
19:12:32 robot_of INFO API GET /status with query:  | filters: startDate=None, endDate=None, all=False
19:12:32 robot_of INFO No filters applied, returning all 200 trades
19:12:46 robot_of INFO API GET /status with query:  | filters: startDate=None, endDate=None, all=False
19:12:46 robot_of INFO No filters applied, returning all 200 trades
19:12:48 strategy_of INFO AVERAGE sell 2 @ 79144 | lvl 3/1000 | avg=79114 lots=6
19:12:48 robot_of INFO 📄 PAPER average: sell 2 @ 79144
19:13:16 robot_of INFO API GET /status with query:  | filters: startDate=None, endDate=None, all=False
19:13:16 robot_of INFO No filters applied, returning all 200 trades
19:13:32 robot_of INFO API GET /status with query:  | filters: startDate=None, endDate=None, all=False
19:13:32 robot_of INFO No filters applied, returning all 200 trades
19:13:46 robot_of INFO API GET /status with query:  | filters: startDate=None, endDate=None, all=False
19:13:46 robot_of INFO No filters applied, returning all 200 trades
19:14:16 robot_of INFO API GET /status with query:  | filters: startDate=None, endDate=None, all=False
19:14:16 robot_of INFO No filters applied, returning all 200 trades
19:14:32 robot_of INFO API GET /status with query:  | filters: startDate=None, endDate=None, all=False
19:14:32 robot_of INFO No filters applied, returning all 200 trades
19:14:46 robot_of INFO API GET /status with query:  | filters: startDate=None, endDate=None, all=False
19:14:46 robot_of INFO No filters applied, returning all 200 trades
19:15:16 robot_of INFO API GET /status with query:  | filters: startDate=None, endDate=None, all=False
19:15:16 robot_of INFO No filters applied, returning all 200 trades
19:16:03 robot_of INFO API GET /status with query:  | filters: startDate=None, endDate=None, all=False
19:16:03 robot_of INFO No filters applied, returning all 200 trades
19:16:03 robot_of INFO API GET /status with query:  | filters: startDate=None, endDate=None, all=False
19:16:03 robot_of INFO No filters applied, returning all 200 trades
19:16:32 robot_of INFO API GET /status with query:  | filters: startDate=None, endDate=None, all=False
19:16:32 robot_of INFO No filters applied, returning all 200 trades
19:16:33 robot_of INFO API GET /status with query:  | filters: startDate=None, endDate=None, all=False
19:16:33 robot_of INFO No filters applied, returning all 200 trades
19:17:03 robot_of INFO API GET /status with query:  | filters: startDate=None, endDate=None, all=False
19:17:03 robot_of INFO No filters applied, returning all 200 trades
19:17:32 robot_of INFO API GET /status with query:  | filters: startDate=None, endDate=None, all=False
19:17:32 robot_of INFO No filters applied, returning all 200 trades
19:17:33 robot_of INFO API GET /status with query:  | filters: startDate=None, endDate=None, all=False
19:17:33 robot_of INFO No filters applied, returning all 200 trades
19:18:03 robot_of INFO API GET /status with query:  | filters: startDate=None, endDate=None, all=False
19:18:03 robot_of INFO No filters applied, returning all 200 trades
19:18:32 robot_of INFO API GET /status with query:  | filters: startDate=None, endDate=None, all=False
19:18:32 robot_of INFO No filters applied, returning all 200 trades
19:18:33 robot_of INFO API GET /status with query:  | filters: startDate=None, endDate=None, all=False
19:18:33 robot_of INFO No filters applied, returning all 200 trades
19:19:20 robot_of INFO API GET /status with query:  | filters: startDate=None, endDate=None, all=False
19:19:20 robot_of INFO No filters applied, returning all 200 trades
19:19:32 robot_of INFO API GET /status with query:  | filters: startDate=None, endDate=None, all=False
19:19:32 robot_of INFO No filters applied, returning all 200 trades
19:19:50 robot_of INFO API GET /status with query:  | filters: startDate=None, endDate=None, all=False
19:19:50 robot_of INFO No filters applied, returning all 200 trades
19:20:20 robot_of INFO API GET /status with query:  | filters: startDate=None, endDate=None, all=False
19:20:20 robot_of INFO No filters applied, returning all 200 trades
19:20:32 robot_of INFO API GET /status with query:  | filters: startDate=None, endDate=None, all=False
19:20:32 robot_of INFO No filters applied, returning all 200 trades
19:20:50 robot_of INFO API GET /status with query:  | filters: startDate=None, endDate=None, all=False
19:20:50 robot_of INFO No filters applied, returning all 200 trades
19:21:20 robot_of INFO API GET /status with query:  | filters: startDate=None, endDate=None, all=False
19:21:20 robot_of INFO No filters applied, returning all 200 trades
19:21:32 robot_of INFO API GET /status with query:  | filters: startDate=None, endDate=None, all=False
19:21:32 robot_of INFO No filters applied, returning all 200 trades
19:21:50 robot_of INFO API GET /status with query:  | filters: startDate=None, endDate=None, all=False
19:21:50 robot_of INFO No filters applied, returning all 200 trades
19:22:20 robot_of INFO API GET /status with query:  | filters: startDate=None, endDate=None, all=False
19:22:20 robot_of INFO No filters applied, returning all 200 trades
19:22:32 robot_of INFO API GET /status with query:  | filters: startDate=None, endDate=None, all=False
19:22:32 robot_of INFO No filters applied, returning all 200 trades
19:22:50 robot_of INFO API GET /status with query:  | filters: startDate=None, endDate=None, all=False
19:22:50 robot_of INFO No filters applied, returning all 200 trades
19:23:20 robot_of INFO API GET /status with query:  | filters: startDate=None, endDate=None, all=False
19:23:20 robot_of INFO No filters applied, returning all 200 trades
19:23:32 robot_of INFO API GET /status with query:  | filters: startDate=None, endDate=None, all=False
19:23:32 robot_of INFO No filters applied, returning all 200 trades
19:23:50 robot_of INFO API GET /status with query:  | filters: startDate=None, endDate=None, all=False
19:23:50 robot_of INFO No filters applied, returning all 200 trades
19:24:20 robot_of INFO API GET /status with query:  | filters: startDate=None, endDate=None, all=False
19:24:20 robot_of INFO No filters applied, returning all 200 trades
19:24:32 robot_of INFO API GET /status with query:  | filters: startDate=None, endDate=None, all=False
19:24:32 robot_of INFO No filters applied, returning all 200 trades
19:24:50 robot_of INFO API GET /status with query:  | filters: startDate=None, endDate=None, all=False
19:24:50 robot_of INFO No filters applied, returning all 200 trades
19:25:20 robot_of INFO API GET /status with query:  | filters: startDate=None, endDate=None, all=False
19:25:20 robot_of INFO No filters applied, returning all 200 trades
19:25:32 robot_of INFO API GET /status with query:  | filters: startDate=None, endDate=None, all=False
19:25:32 robot_of INFO No filters applied, returning all 200 trades
19:25:50 robot_of INFO API GET /status with query:  | filters: startDate=None, endDate=None, all=False
19:25:50 robot_of INFO No filters applied, returning all 200 trades
19:26:20 robot_of INFO API GET /status with query:  | filters: startDate=None, endDate=None, all=False
19:26:20 robot_of INFO No filters applied, returning all 200 trades
19:26:32 robot_of INFO API GET /status with query:  | filters: startDate=None, endDate=None, all=False
19:26:32 robot_of INFO No filters applied, returning all 200 trades
19:26:50 robot_of INFO API GET /status with query:  | filters: startDate=None, endDate=None, all=False
19:26:50 robot_of INFO No filters applied, returning all 200 trades
19:27:20 robot_of INFO API GET /status with query:  | filters: startDate=None, endDate=None, all=False
19:27:20 robot_of INFO No filters applied, returning all 200 trades
19:27:32 robot_of INFO API GET /status with query:  | filters: startDate=None, endDate=None, all=False
19:27:32 robot_of INFO No filters applied, returning all 200 trades
19:27:50 robot_of INFO API GET /status with query:  | filters: startDate=None, endDate=None, all=False
19:27:50 robot_of INFO No filters applied, returning all 200 trades
19:28:21 robot_of INFO API GET /status with query:  | filters: startDate=None, endDate=None, all=False
19:28:21 robot_of INFO No filters applied, returning all 200 trades
19:28:32 robot_of INFO API GET /status with query:  | filters: startDate=None, endDate=None, all=False
19:28:32 robot_of INFO No filters applied, returning all 200 trades
19:28:51 robot_of INFO API GET /status with query:  | filters: startDate=None, endDate=None, all=False
19:28:51 robot_of INFO No filters applied, returning all 200 trades
19:28:51 robot_of INFO Signal 15 received — shutting down...
19:28:53 strategy_of INFO VWEMA filter enabled: fast=20 slow=40 flat_th=1
19:28:53 robot_of INFO === Order Flow Robot v2 ===
19:28:53 robot_of INFO Symbol: SiU6@RTSX | Account: 1225953 | Port: 5080
19:28:53 robot_of INFO Params: lots=2 stepAvg=25 stepPyr=33
19:28:53 robot_of INFO   maxAvg=1000 maxPyr=5 spread=44
19:28:53 robot_of INFO   partialTP=True SL=pts/5000000
19:28:53 robot_of INFO   timeframe=M1
19:28:53 strategy_of INFO Restored position: dir=-1 lots=6 avg=79114 lotEntries=3
19:28:53 robot_of INFO State loaded: dir=-1 lots=6 mode=stopped
19:28:53 FinamPy CRITICAL Ошибка доступа к системному хранилищу: No recommended backend was available. Install a recommended 3rd party backend package; or, install the keyrings.alt package if you want to use the non-recommended backends. See https://pypi.org/project/keyring for details.
19:28:53 FinamPy CRITICAL Ошибка сохранения в системное хранилище: No recommended backend was available. Install a recommended 3rd party backend package; or, install the keyrings.alt package if you want to use the non-recommended backends. See https://pypi.org/project/keyring for details.
19:28:54 robot_of INFO FinamPy connected. Accounts: ['1225950', '1225951', '1225952', '1225953']
19:28:54 robot_of INFO Subscribed to LatestTrades: SiU6@RTSX
19:28:54 robot_of INFO Subscribed to OrderBook: SiU6@RTSX
19:28:54 robot_of INFO Subscribed to Bars: SiU6@RTSX M1
19:28:54 robot_of INFO Subscribed to Quotes: SiU6@RTSX
19:28:54 robot_of INFO VWEMA warmup: 58 bars fed | ready=True | dir=1 | ema_f=79150.5 ema_s=79135.2 atr=7.5
19:28:54 robot_of INFO Warmup: waiting 10 sec for data streams...
19:29:04 robot_of INFO Warmup done. OB has data: True
19:29:04 robot_of INFO Main loop started
19:29:04 robot_of INFO API listening on :5080
19:29:04 robot_of INFO Endpoints: GET /status | GET /health | POST /start /stop /pause /params
19:29:08 orderflow INFO CVD reset (daily 07:00 MSK)
19:29:32 robot_of INFO API GET /status with query:  | filters: startDate=None, endDate=None, all=False
19:29:32 robot_of INFO No filters applied, returning all 200 trades
19:29:38 robot_of INFO API GET /status with query:  | filters: startDate=None, endDate=None, all=False
19:29:38 robot_of INFO No filters applied, returning all 200 trades
19:30:08 robot_of INFO API GET /status with query:  | filters: startDate=None, endDate=None, all=False
19:30:08 robot_of INFO No filters applied, returning all 200 trades
19:30:32 robot_of INFO API GET /status with query:  | filters: startDate=None, endDate=None, all=False
19:30:32 robot_of INFO No filters applied, returning all 200 trades
19:30:38 robot_of INFO API GET /status with query:  | filters: startDate=None, endDate=None, all=False
19:30:38 robot_of INFO No filters applied, returning all 200 trades
19:31:08 robot_of INFO API GET /status with query:  | filters: startDate=None, endDate=None, all=False
19:31:08 robot_of INFO No filters applied, returning all 200 trades
19:31:32 robot_of INFO API GET /status with query:  | filters: startDate=None, endDate=None, all=False
19:31:32 robot_of INFO No filters applied, returning all 200 trades
19:31:38 robot_of INFO API GET /status with query:  | filters: startDate=None, endDate=None, all=False
19:31:38 robot_of INFO No filters applied, returning all 200 trades
19:32:08 robot_of INFO API GET /status with query:  | filters: startDate=None, endDate=None, all=False
19:32:08 robot_of INFO No filters applied, returning all 200 trades
19:32:32 robot_of INFO API GET /status with query:  | filters: startDate=None, endDate=None, all=False
19:32:32 robot_of INFO No filters applied, returning all 200 trades
19:32:38 robot_of INFO API GET /status with query:  | filters: startDate=None, endDate=None, all=False
19:32:38 robot_of INFO No filters applied, returning all 200 trades
19:33:08 robot_of INFO API GET /status with query:  | filters: startDate=None, endDate=None, all=False
19:33:08 robot_of INFO No filters applied, returning all 200 trades
19:33:32 robot_of INFO API GET /status with query:  | filters: startDate=None, endDate=None, all=False
19:33:32 robot_of INFO No filters applied, returning all 200 trades
19:33:38 robot_of INFO API GET /status with query:  | filters: startDate=None, endDate=None, all=False
19:33:38 robot_of INFO No filters applied, returning all 200 trades
19:34:08 robot_of INFO API GET /status with query:  | filters: startDate=None, endDate=None, all=False
19:34:08 robot_of INFO No filters applied, returning all 200 trades
19:34:32 robot_of INFO API GET /status with query:  | filters: startDate=None, endDate=None, all=False
19:34:32 robot_of INFO No filters applied, returning all 200 trades
19:34:38 robot_of INFO API GET /status with query:  | filters: startDate=None, endDate=None, all=False
19:34:38 robot_of INFO No filters applied, returning all 200 trades
19:35:08 robot_of INFO API GET /status with query:  | filters: startDate=None, endDate=None, all=False
19:35:08 robot_of INFO No filters applied, returning all 200 trades
19:35:32 robot_of INFO API GET /status with query:  | filters: startDate=None, endDate=None, all=False
19:35:32 robot_of INFO No filters applied, returning all 200 trades
19:35:38 robot_of INFO API GET /status with query:  | filters: startDate=None, endDate=None, all=False
19:35:38 robot_of INFO No filters applied, returning all 200 trades
19:36:08 robot_of INFO API GET /status with query:  | filters: startDate=None, endDate=None, all=False
19:36:08 robot_of INFO No filters applied, returning all 200 trades
19:36:32 robot_of INFO API GET /status with query:  | filters: startDate=None, endDate=None, all=False
19:36:32 robot_of INFO No filters applied, returning all 200 trades
19:36:38 robot_of INFO API GET /status with query:  | filters: startDate=None, endDate=None, all=False
19:36:38 robot_of INFO No filters applied, returning all 200 trades
19:37:08 robot_of INFO API GET /status with query:  | filters: startDate=None, endDate=None, all=False
19:37:08 robot_of INFO No filters applied, returning all 200 trades
19:37:32 robot_of INFO API GET /status with query:  | filters: startDate=None, endDate=None, all=False
19:37:32 robot_of INFO No filters applied, returning all 200 trades
19:37:38 robot_of INFO API GET /status with query:  | filters: startDate=None, endDate=None, all=False
19:37:38 robot_of INFO No filters applied, returning all 200 trades
19:38:08 robot_of INFO API GET /status with query:  | filters: startDate=None, endDate=None, all=False
19:38:08 robot_of INFO No filters applied, returning all 200 trades
19:38:32 robot_of INFO API GET /status with query:  | filters: startDate=None, endDate=None, all=False
19:38:32 robot_of INFO No filters applied, returning all 200 trades
19:38:38 robot_of INFO API GET /status with query:  | filters: startDate=None, endDate=None, all=False
19:38:38 robot_of INFO No filters applied, returning all 200 trades
19:39:08 robot_of INFO API GET /status with query:  | filters: startDate=None, endDate=None, all=False
19:39:08 robot_of INFO No filters applied, returning all 200 trades
19:39:32 robot_of INFO API GET /status with query:  | filters: startDate=None, endDate=None, all=False
19:39:32 robot_of INFO No filters applied, returning all 200 trades
19:39:38 robot_of INFO API GET /status with query:  | filters: startDate=None, endDate=None, all=False
19:39:38 robot_of INFO No filters applied, returning all 200 trades
19:40:08 robot_of INFO API GET /status with query:  | filters: startDate=None, endDate=None, all=False
19:40:08 robot_of INFO No filters applied, returning all 200 trades
19:40:32 robot_of INFO API GET /status with query:  | filters: startDate=None, endDate=None, all=False
19:40:32 robot_of INFO No filters applied, returning all 200 trades
19:40:38 robot_of INFO API GET /status with query:  | filters: startDate=None, endDate=None, all=False
19:40:38 robot_of INFO No filters applied, returning all 200 trades
19:41:08 robot_of INFO API GET /status with query:  | filters: startDate=None, endDate=None, all=False
19:41:08 robot_of INFO No filters applied, returning all 200 trades
19:41:32 robot_of INFO API GET /status with query:  | filters: startDate=None, endDate=None, all=False
19:41:32 robot_of INFO No filters applied, returning all 200 trades
19:41:38 robot_of INFO API GET /status with query:  | filters: startDate=None, endDate=None, all=False
19:41:38 robot_of INFO No filters applied, returning all 200 trades
19:42:08 robot_of INFO API GET /status with query:  | filters: startDate=None, endDate=None, all=False
19:42:08 robot_of INFO No filters applied, returning all 200 trades
19:42:32 robot_of INFO API GET /status with query:  | filters: startDate=None, endDate=None, all=False
19:42:32 robot_of INFO No filters applied, returning all 200 trades
19:42:38 robot_of INFO API GET /status with query:  | filters: startDate=None, endDate=None, all=False
19:42:38 robot_of INFO No filters applied, returning all 200 trades
19:43:08 robot_of INFO API GET /status with query:  | filters: startDate=None, endDate=None, all=False
19:43:08 robot_of INFO No filters applied, returning all 200 trades
19:43:32 robot_of INFO API GET /status with query:  | filters: startDate=None, endDate=None, all=False
19:43:32 robot_of INFO No filters applied, returning all 200 trades
19:43:38 robot_of INFO API GET /status with query:  | filters: startDate=None, endDate=None, all=False
19:43:38 robot_of INFO No filters applied, returning all 200 trades
19:44:08 robot_of INFO API GET /status with query:  | filters: startDate=None, endDate=None, all=False
19:44:08 robot_of INFO No filters applied, returning all 200 trades
19:44:32 robot_of INFO API GET /status with query:  | filters: startDate=None, endDate=None, all=False
19:44:32 robot_of INFO No filters applied, returning all 200 trades
19:44:38 robot_of INFO API GET /status with query:  | filters: startDate=None, endDate=None, all=False
19:44:38 robot_of INFO No filters applied, returning all 200 trades
19:45:08 robot_of INFO API GET /status with query:  | filters: startDate=None, endDate=None, all=False
19:45:08 robot_of INFO No filters applied, returning all 200 trades
19:45:32 robot_of INFO API GET /status with query:  | filters: startDate=None, endDate=None, all=False
19:45:32 robot_of INFO No filters applied, returning all 200 trades
19:45:38 robot_of INFO API GET /status with query:  | filters: startDate=None, endDate=None, all=False
19:45:38 robot_of INFO No filters applied, returning all 200 trades
19:46:08 robot_of INFO API GET /status with query:  | filters: startDate=None, endDate=None, all=False
19:46:08 robot_of INFO No filters applied, returning all 200 trades
19:46:32 robot_of INFO API GET /status with query:  | filters: startDate=None, endDate=None, all=False
19:46:32 robot_of INFO No filters applied, returning all 200 trades
19:46:38 robot_of INFO API GET /status with query:  | filters: startDate=None, endDate=None, all=False
19:46:38 robot_of INFO No filters applied, returning all 200 trades
19:47:08 robot_of INFO API GET /status with query:  | filters: startDate=None, endDate=None, all=False
19:47:08 robot_of INFO No filters applied, returning all 200 trades
19:47:32 robot_of INFO API GET /status with query:  | filters: startDate=None, endDate=None, all=False
19:47:32 robot_of INFO No filters applied, returning all 200 trades
19:47:38 robot_of INFO API GET /status with query:  | filters: startDate=None, endDate=None, all=False
19:47:38 robot_of INFO No filters applied, returning all 200 trades
19:48:08 robot_of INFO API GET /status with query:  | filters: startDate=None, endDate=None, all=False
19:48:08 robot_of INFO No filters applied, returning all 200 trades
19:48:32 robot_of INFO API GET /status with query:  | filters: startDate=None, endDate=None, all=False
19:48:32 robot_of INFO No filters applied, returning all 200 trades
19:48:38 robot_of INFO API GET /status with query:  | filters: startDate=None, endDate=None, all=False
19:48:38 robot_of INFO No filters applied, returning all 200 trades
19:49:08 robot_of INFO API GET /status with query:  | filters: startDate=None, endDate=None, all=False
19:49:08 robot_of INFO No filters applied, returning all 200 trades
19:49:32 robot_of INFO API GET /status with query:  | filters: startDate=None, endDate=None, all=False
19:49:32 robot_of INFO No filters applied, returning all 200 trades
19:49:38 robot_of INFO API GET /status with query:  | filters: startDate=None, endDate=None, all=False
19:49:38 robot_of INFO No filters applied, returning all 200 trades
19:50:08 robot_of INFO API GET /status with query:  | filters: startDate=None, endDate=None, all=False
19:50:08 robot_of INFO No filters applied, returning all 200 trades
19:50:32 robot_of INFO API GET /status with query:  | filters: startDate=None, endDate=None, all=False
19:50:32 robot_of INFO No filters applied, returning all 200 trades
19:50:38 robot_of INFO API GET /status with query:  | filters: startDate=None, endDate=None, all=False
19:50:38 robot_of INFO No filters applied, returning all 200 trades
19:51:08 robot_of INFO API GET /status with query:  | filters: startDate=None, endDate=None, all=False
19:51:08 robot_of INFO No filters applied, returning all 200 trades
19:51:32 robot_of INFO API GET /status with query:  | filters: startDate=None, endDate=None, all=False
19:51:32 robot_of INFO No filters applied, returning all 200 trades
19:51:38 robot_of INFO API GET /status with query:  | filters: startDate=None, endDate=None, all=False
19:51:38 robot_of INFO No filters applied, returning all 200 trades
19:52:08 robot_of INFO API GET /status with query:  | filters: startDate=None, endDate=None, all=False
19:52:08 robot_of INFO No filters applied, returning all 200 trades
19:52:32 robot_of INFO API GET /status with query:  | filters: startDate=None, endDate=None, all=False
19:52:32 robot_of INFO No filters applied, returning all 200 trades
19:52:38 robot_of INFO API GET /status with query:  | filters: startDate=None, endDate=None, all=False
19:52:38 robot_of INFO No filters applied, returning all 200 trades
19:53:08 robot_of INFO API GET /status with query:  | filters: startDate=None, endDate=None, all=False
19:53:08 robot_of INFO No filters applied, returning all 200 trades
19:53:32 robot_of INFO API GET /status with query:  | filters: startDate=None, endDate=None, all=False
19:53:32 robot_of INFO No filters applied, returning all 200 trades
19:53:38 robot_of INFO API GET /status with query:  | filters: startDate=None, endDate=None, all=False
19:53:38 robot_of INFO No filters applied, returning all 200 trades
19:54:08 robot_of INFO API GET /status with query:  | filters: startDate=None, endDate=None, all=False
19:54:08 robot_of INFO No filters applied, returning all 200 trades
19:54:32 robot_of INFO API GET /status with query:  | filters: startDate=None, endDate=None, all=False
19:54:32 robot_of INFO No filters applied, returning all 200 trades
19:54:38 robot_of INFO API GET /status with query:  | filters: startDate=None, endDate=None, all=False
19:54:38 robot_of INFO No filters applied, returning all 200 trades
19:55:08 robot_of INFO API GET /status with query:  | filters: startDate=None, endDate=None, all=False
19:55:08 robot_of INFO No filters applied, returning all 200 trades
19:55:32 robot_of INFO API GET /status with query:  | filters: startDate=None, endDate=None, all=False
19:55:32 robot_of INFO No filters applied, returning all 200 trades
19:55:38 robot_of INFO API GET /status with query:  | filters: startDate=None, endDate=None, all=False
19:55:38 robot_of INFO No filters applied, returning all 200 trades
19:56:08 robot_of INFO API GET /status with query:  | filters: startDate=None, endDate=None, all=False
19:56:08 robot_of INFO No filters applied, returning all 200 trades
19:56:32 robot_of INFO API GET /status with query:  | filters: startDate=None, endDate=None, all=False
19:56:32 robot_of INFO No filters applied, returning all 200 trades
19:56:38 robot_of INFO API GET /status with query:  | filters: startDate=None, endDate=None, all=False
19:56:38 robot_of INFO No filters applied, returning all 200 trades
19:57:08 robot_of INFO API GET /status with query:  | filters: startDate=None, endDate=None, all=False
19:57:08 robot_of INFO No filters applied, returning all 200 trades
19:57:32 robot_of INFO API GET /status with query:  | filters: startDate=None, endDate=None, all=False
19:57:32 robot_of INFO No filters applied, returning all 200 trades
19:57:38 robot_of INFO API GET /status with query:  | filters: startDate=None, endDate=None, all=False
19:57:38 robot_of INFO No filters applied, returning all 200 trades
19:58:08 robot_of INFO API GET /status with query:  | filters: startDate=None, endDate=None, all=False
19:58:08 robot_of INFO No filters applied, returning all 200 trades
19:58:32 robot_of INFO API GET /status with query:  | filters: startDate=None, endDate=None, all=False
19:58:32 robot_of INFO No filters applied, returning all 200 trades
19:58:38 robot_of INFO API GET /status with query:  | filters: startDate=None, endDate=None, all=False
19:58:38 robot_of INFO No filters applied, returning all 200 trades
19:59:08 robot_of INFO API GET /status with query:  | filters: startDate=None, endDate=None, all=False
19:59:08 robot_of INFO No filters applied, returning all 200 trades
19:59:32 robot_of INFO API GET /status with query:  | filters: startDate=None, endDate=None, all=False
19:59:32 robot_of INFO No filters applied, returning all 200 trades
19:59:38 robot_of INFO API GET /status with query:  | filters: startDate=None, endDate=None, all=False
19:59:38 robot_of INFO No filters applied, returning all 200 trades
20:00:08 robot_of INFO API GET /status with query:  | filters: startDate=None, endDate=None, all=False
20:00:08 robot_of INFO No filters applied, returning all 200 trades
20:00:32 robot_of INFO API GET /status with query:  | filters: startDate=None, endDate=None, all=False
20:00:32 robot_of INFO No filters applied, returning all 200 trades
20:00:38 robot_of INFO API GET /status with query:  | filters: startDate=None, endDate=None, all=False
20:00:38 robot_of INFO No filters applied, returning all 200 trades
20:01:08 robot_of INFO API GET /status with query:  | filters: startDate=None, endDate=None, all=False
20:01:08 robot_of INFO No filters applied, returning all 200 trades
20:01:32 robot_of INFO API GET /status with query:  | filters: startDate=None, endDate=None, all=False
20:01:32 robot_of INFO No filters applied, returning all 200 trades
20:01:38 robot_of INFO API GET /status with query:  | filters: startDate=None, endDate=None, all=False
20:01:38 robot_of INFO No filters applied, returning all 200 trades
20:02:08 robot_of INFO API GET /status with query:  | filters: startDate=None, endDate=None, all=False
20:02:08 robot_of INFO No filters applied, returning all 200 trades
20:02:32 robot_of INFO API GET /status with query:  | filters: startDate=None, endDate=None, all=False
20:02:32 robot_of INFO No filters applied, returning all 200 trades
20:02:38 robot_of INFO API GET /status with query:  | filters: startDate=None, endDate=None, all=False
20:02:38 robot_of INFO No filters applied, returning all 200 trades
20:03:08 robot_of INFO API GET /status with query:  | filters: startDate=None, endDate=None, all=False
20:03:08 robot_of INFO No filters applied, returning all 200 trades
20:03:32 robot_of INFO API GET /status with query:  | filters: startDate=None, endDate=None, all=False
20:03:32 robot_of INFO No filters applied, returning all 200 trades
20:03:38 robot_of INFO API GET /status with query:  | filters: startDate=None, endDate=None, all=False
20:03:38 robot_of INFO No filters applied, returning all 200 trades
20:04:08 robot_of INFO API GET /status with query:  | filters: startDate=None, endDate=None, all=False
20:04:08 robot_of INFO No filters applied, returning all 200 trades
20:04:32 robot_of INFO API GET /status with query:  | filters: startDate=None, endDate=None, all=False
20:04:32 robot_of INFO No filters applied, returning all 200 trades
20:04:38 robot_of INFO API GET /status with query:  | filters: startDate=None, endDate=None, all=False
20:04:38 robot_of INFO No filters applied, returning all 200 trades
20:05:08 robot_of INFO API GET /status with query:  | filters: startDate=None, endDate=None, all=False
20:05:08 robot_of INFO No filters applied, returning all 200 trades
20:05:32 robot_of INFO API GET /status with query:  | filters: startDate=None, endDate=None, all=False
20:05:32 robot_of INFO No filters applied, returning all 200 trades
20:05:38 robot_of INFO API GET /status with query:  | filters: startDate=None, endDate=None, all=False
20:05:38 robot_of INFO No filters applied, returning all 200 trades
20:06:08 robot_of INFO API GET /status with query:  | filters: startDate=None, endDate=None, all=False
20:06:08 robot_of INFO No filters applied, returning all 200 trades
20:06:32 robot_of INFO API GET /status with query:  | filters: startDate=None, endDate=None, all=False
20:06:32 robot_of INFO No filters applied, returning all 200 trades
20:06:38 robot_of INFO API GET /status with query:  | filters: startDate=None, endDate=None, all=False
20:06:38 robot_of INFO No filters applied, returning all 200 trades
20:07:08 robot_of INFO API GET /status with query:  | filters: startDate=None, endDate=None, all=False
20:07:08 robot_of INFO No filters applied, returning all 200 trades
20:07:32 robot_of INFO API GET /status with query:  | filters: startDate=None, endDate=None, all=False
20:07:32 robot_of INFO No filters applied, returning all 200 trades
20:07:38 robot_of INFO API GET /status with query:  | filters: startDate=None, endDate=None, all=False
20:07:38 robot_of INFO No filters applied, returning all 200 trades
20:08:08 robot_of INFO API GET /status with query:  | filters: startDate=None, endDate=None, all=False
20:08:08 robot_of INFO No filters applied, returning all 200 trades
20:08:32 robot_of INFO API GET /status with query:  | filters: startDate=None, endDate=None, all=False
20:08:32 robot_of INFO No filters applied, returning all 200 trades
20:08:38 robot_of INFO API GET /status with query:  | filters: startDate=None, endDate=None, all=False
20:08:38 robot_of INFO No filters applied, returning all 200 trades
20:09:08 robot_of INFO API GET /status with query:  | filters: startDate=None, endDate=None, all=False
20:09:08 robot_of INFO No filters applied, returning all 200 trades
20:09:32 robot_of INFO API GET /status with query:  | filters: startDate=None, endDate=None, all=False
20:09:32 robot_of INFO No filters applied, returning all 200 trades
20:09:38 robot_of INFO API GET /status with query:  | filters: startDate=None, endDate=None, all=False
20:09:38 robot_of INFO No filters applied, returning all 200 trades
20:10:08 robot_of INFO API GET /status with query:  | filters: startDate=None, endDate=None, all=False
20:10:08 robot_of INFO No filters applied, returning all 200 trades
20:10:32 robot_of INFO API GET /status with query:  | filters: startDate=None, endDate=None, all=False
20:10:32 robot_of INFO No filters applied, returning all 200 trades
20:10:38 robot_of INFO API GET /status with query:  | filters: startDate=None, endDate=None, all=False
20:10:38 robot_of INFO No filters applied, returning all 200 trades
20:10:38 robot_of INFO Signal 15 received — shutting down...
20:10:41 strategy_of INFO VWEMA filter enabled: fast=20 slow=40 flat_th=1
20:10:41 robot_of INFO === Order Flow Robot v2 ===
20:10:41 robot_of INFO Symbol: SiU6@RTSX | Account: 1225953 | Port: 5080
20:10:41 robot_of INFO Params: lots=2 stepAvg=25 stepPyr=33
20:10:41 robot_of INFO   maxAvg=1000 maxPyr=5 spread=44
20:10:41 robot_of INFO   partialTP=True SL=pts/5000000
20:10:41 robot_of INFO   timeframe=M1
20:10:41 strategy_of INFO Restored position: dir=-1 lots=6 avg=79114 lotEntries=3
20:10:41 robot_of INFO State loaded: dir=-1 lots=6 mode=stopped
20:10:41 FinamPy CRITICAL Ошибка доступа к системному хранилищу: No recommended backend was available. Install a recommended 3rd party backend package; or, install the keyrings.alt package if you want to use the non-recommended backends. See https://pypi.org/project/keyring for details.
20:10:41 FinamPy CRITICAL Ошибка сохранения в системное хранилище: No recommended backend was available. Install a recommended 3rd party backend package; or, install the keyrings.alt package if you want to use the non-recommended backends. See https://pypi.org/project/keyring for details.
20:10:41 robot_of INFO FinamPy connected. Accounts: ['1225950', '1225951', '1225952', '1225953']
20:10:41 robot_of INFO Subscribed to LatestTrades: SiU6@RTSX
20:10:41 robot_of INFO Subscribed to OrderBook: SiU6@RTSX
20:10:41 robot_of INFO Subscribed to Bars: SiU6@RTSX M1
20:10:41 robot_of INFO Subscribed to Quotes: SiU6@RTSX
20:10:41 robot_of INFO VWEMA warmup: 59 bars fed | ready=True | dir=0 | ema_f=79156.8 ema_s=79156.1 atr=4.9
20:10:41 robot_of INFO Warmup: waiting 10 sec for data streams...
20:10:51 robot_of INFO Warmup done. OB has data: True
20:10:51 robot_of INFO Main loop started
20:10:53 robot_of INFO API listening on :5080
20:10:53 robot_of INFO Endpoints: GET /status | GET /health | POST /start /stop /pause /params
20:10:56 orderflow INFO CVD reset (daily 07:00 MSK)
20:11:26 robot_of INFO API GET /status with query:  | filters: startDate=None, endDate=None, all=False
20:11:26 robot_of INFO No filters applied, returning all 200 trades
20:11:32 robot_of INFO API GET /status with query:  | filters: startDate=None, endDate=None, all=False
20:11:32 robot_of INFO No filters applied, returning all 200 trades
20:11:56 robot_of INFO API GET /status with query:  | filters: startDate=None, endDate=None, all=False
20:11:56 robot_of INFO No filters applied, returning all 200 trades
20:12:26 robot_of INFO API GET /status with query:  | filters: startDate=None, endDate=None, all=False
20:12:26 robot_of INFO No filters applied, returning all 200 trades
20:12:32 robot_of INFO API GET /status with query:  | filters: startDate=None, endDate=None, all=False
20:12:32 robot_of INFO No filters applied, returning all 200 trades
20:12:56 robot_of INFO API GET /status with query:  | filters: startDate=None, endDate=None, all=False
20:12:56 robot_of INFO No filters applied, returning all 200 trades
20:13:26 robot_of INFO API GET /status with query:  | filters: startDate=None, endDate=None, all=False
20:13:26 robot_of INFO No filters applied, returning all 200 trades
20:13:26 robot_of INFO Signal 15 received — shutting down...
20:13:28 strategy_of INFO VWEMA filter enabled: fast=20 slow=40 flat_th=1
20:13:28 robot_of INFO === Order Flow Robot v2 ===
20:13:28 robot_of INFO Symbol: SiU6@RTSX | Account: 1225953 | Port: 5080
20:13:28 robot_of INFO Params: lots=2 stepAvg=25 stepPyr=33
20:13:28 robot_of INFO   maxAvg=1000 maxPyr=5 spread=44
20:13:28 robot_of INFO   partialTP=True SL=pts/5000000
20:13:28 robot_of INFO   timeframe=M1
20:13:28 strategy_of INFO Restored position: dir=-1 lots=6 avg=79114 lotEntries=3
20:13:28 robot_of INFO State loaded: dir=-1 lots=6 mode=stopped
20:13:28 FinamPy CRITICAL Ошибка доступа к системному хранилищу: No recommended backend was available. Install a recommended 3rd party backend package; or, install the keyrings.alt package if you want to use the non-recommended backends. See https://pypi.org/project/keyring for details.
20:13:28 FinamPy CRITICAL Ошибка сохранения в системное хранилище: No recommended backend was available. Install a recommended 3rd party backend package; or, install the keyrings.alt package if you want to use the non-recommended backends. See https://pypi.org/project/keyring for details.
20:13:29 robot_of INFO FinamPy connected. Accounts: ['1225950', '1225951', '1225952', '1225953']
20:13:29 robot_of INFO Subscribed to LatestTrades: SiU6@RTSX
20:13:29 robot_of INFO Subscribed to OrderBook: SiU6@RTSX
20:13:29 robot_of INFO Subscribed to Bars: SiU6@RTSX M1
20:13:29 robot_of INFO Subscribed to Quotes: SiU6@RTSX
20:13:29 robot_of INFO VWEMA warmup: 59 bars fed | ready=True | dir=0 | ema_f=79157.6 ema_s=79156.8 atr=3.9
20:13:29 robot_of INFO Warmup: waiting 10 sec for data streams...
20:13:39 robot_of INFO Warmup done. OB has data: True
20:13:39 robot_of INFO Main loop started
20:13:39 robot_of INFO API listening on :5080
20:13:39 robot_of INFO Endpoints: GET /status | GET /health | POST /start /stop /pause /params
20:13:44 orderflow INFO CVD reset (daily 07:00 MSK)
20:14:13 robot_of INFO API GET /status with query:  | filters: startDate=None, endDate=None, all=False
20:14:13 robot_of INFO No filters applied, returning all 200 trades
20:14:32 robot_of INFO API GET /status with query:  | filters: startDate=None, endDate=None, all=False
20:14:32 robot_of INFO No filters applied, returning all 200 trades
20:14:43 robot_of INFO API GET /status with query:  | filters: startDate=None, endDate=None, all=False
20:14:43 robot_of INFO No filters applied, returning all 200 trades
20:15:13 robot_of INFO API GET /status with query:  | filters: startDate=None, endDate=None, all=False
20:15:13 robot_of INFO No filters applied, returning all 200 trades
20:15:32 robot_of INFO API GET /status with query:  | filters: startDate=None, endDate=None, all=False
20:15:32 robot_of INFO No filters applied, returning all 200 trades
20:15:43 robot_of INFO API GET /status with query:  | filters: startDate=None, endDate=None, all=False
20:15:43 robot_of INFO No filters applied, returning all 200 trades
20:16:13 robot_of INFO API GET /status with query:  | filters: startDate=None, endDate=None, all=False
20:16:13 robot_of INFO No filters applied, returning all 200 trades
20:16:13 robot_of INFO Signal 15 received — shutting down...
20:16:15 strategy_of INFO VWEMA filter enabled: fast=20 slow=40 flat_th=1
20:16:15 robot_of INFO === Order Flow Robot v2 ===
20:16:15 robot_of INFO Symbol: SiU6@RTSX | Account: 1225953 | Port: 5080
20:16:15 robot_of INFO Params: lots=2 stepAvg=25 stepPyr=33
20:16:15 robot_of INFO   maxAvg=1000 maxPyr=5 spread=44
20:16:15 robot_of INFO   partialTP=True SL=pts/5000000
20:16:15 robot_of INFO   timeframe=M1
20:16:15 strategy_of INFO Restored position: dir=-1 lots=6 avg=79114 lotEntries=3
20:16:15 robot_of INFO State loaded: dir=-1 lots=6 mode=stopped
20:16:16 FinamPy CRITICAL Ошибка доступа к системному хранилищу: No recommended backend was available. Install a recommended 3rd party backend package; or, install the keyrings.alt package if you want to use the non-recommended backends. See https://pypi.org/project/keyring for details.
20:16:16 FinamPy CRITICAL Ошибка сохранения в системное хранилище: No recommended backend was available. Install a recommended 3rd party backend package; or, install the keyrings.alt package if you want to use the non-recommended backends. See https://pypi.org/project/keyring for details.
20:16:16 robot_of INFO FinamPy connected. Accounts: ['1225950', '1225951', '1225952', '1225953']
20:16:16 robot_of INFO Subscribed to LatestTrades: SiU6@RTSX
20:16:16 robot_of INFO Subscribed to OrderBook: SiU6@RTSX
20:16:16 robot_of INFO Subscribed to Bars: SiU6@RTSX M1
20:16:16 robot_of INFO Subscribed to Quotes: SiU6@RTSX
20:16:16 robot_of INFO VWEMA warmup: 59 bars fed | ready=True | dir=0 | ema_f=79159.3 ema_s=79157.3 atr=3.6
20:16:16 robot_of INFO Warmup: waiting 10 sec for data streams...
20:16:26 robot_of INFO Warmup done. OB has data: True
20:16:26 robot_of INFO Main loop started
20:16:26 robot_of INFO API listening on :5080
20:16:26 robot_of INFO Endpoints: GET /status | GET /health | POST /start /stop /pause /params
20:16:31 orderflow INFO CVD reset (daily 07:00 MSK)
20:16:32 robot_of INFO API GET /status with query:  | filters: startDate=None, endDate=None, all=False
20:16:32 robot_of INFO No filters applied, returning all 200 trades
20:17:00 robot_of INFO API GET /status with query:  | filters: startDate=None, endDate=None, all=False
20:17:00 robot_of INFO No filters applied, returning all 200 trades
20:17:30 robot_of INFO API GET /status with query:  | filters: startDate=None, endDate=None, all=False
20:17:30 robot_of INFO No filters applied, returning all 200 trades
20:17:32 robot_of INFO API GET /status with query:  | filters: startDate=None, endDate=None, all=False
20:17:32 robot_of INFO No filters applied, returning all 200 trades
20:18:00 robot_of INFO API GET /status with query:  | filters: startDate=None, endDate=None, all=False
20:18:00 robot_of INFO No filters applied, returning all 200 trades
20:18:30 robot_of INFO API GET /status with query:  | filters: startDate=None, endDate=None, all=False
20:18:30 robot_of INFO No filters applied, returning all 200 trades
20:18:32 robot_of INFO API GET /status with query:  | filters: startDate=None, endDate=None, all=False
20:18:32 robot_of INFO No filters applied, returning all 200 trades
20:19:00 robot_of INFO API GET /status with query:  | filters: startDate=None, endDate=None, all=False
20:19:00 robot_of INFO No filters applied, returning all 200 trades
20:19:00 robot_of INFO Signal 15 received — shutting down...
20:19:03 strategy_of INFO VWEMA filter enabled: fast=20 slow=40 flat_th=1
20:19:03 robot_of INFO === Order Flow Robot v2 ===
20:19:03 robot_of INFO Symbol: SiU6@RTSX | Account: 1225953 | Port: 5080
20:19:03 robot_of INFO Params: lots=2 stepAvg=25 stepPyr=33
20:19:03 robot_of INFO   maxAvg=1000 maxPyr=5 spread=44
20:19:03 robot_of INFO   partialTP=True SL=pts/5000000
20:19:03 robot_of INFO   timeframe=M1
20:19:03 strategy_of INFO Restored position: dir=-1 lots=6 avg=79114 lotEntries=3
20:19:03 robot_of INFO State loaded: dir=-1 lots=6 mode=stopped
20:19:03 FinamPy CRITICAL Ошибка доступа к системному хранилищу: No recommended backend was available. Install a recommended 3rd party backend package; or, install the keyrings.alt package if you want to use the non-recommended backends. See https://pypi.org/project/keyring for details.
20:19:03 FinamPy CRITICAL Ошибка сохранения в системное хранилище: No recommended backend was available. Install a recommended 3rd party backend package; or, install the keyrings.alt package if you want to use the non-recommended backends. See https://pypi.org/project/keyring for details.
20:19:03 robot_of INFO FinamPy connected. Accounts: ['1225950', '1225951', '1225952', '1225953']
20:19:03 robot_of INFO Subscribed to LatestTrades: SiU6@RTSX
20:19:03 robot_of INFO Subscribed to OrderBook: SiU6@RTSX
20:19:03 robot_of INFO Subscribed to Bars: SiU6@RTSX M1
20:19:03 robot_of INFO Subscribed to Quotes: SiU6@RTSX
20:19:03 robot_of INFO VWEMA warmup: 59 bars fed | ready=True | dir=0 | ema_f=79159.6 ema_s=79157.7 atr=3.1
20:19:03 robot_of INFO Warmup: waiting 10 sec for data streams...
20:19:13 robot_of INFO Warmup done. OB has data: True
20:19:13 robot_of INFO Main loop started
20:19:13 robot_of INFO API listening on :5080
20:19:13 robot_of INFO Endpoints: GET /status | GET /health | POST /start /stop /pause /params
20:19:17 orderflow INFO CVD reset (daily 07:00 MSK)
20:19:32 robot_of INFO API GET /status with query:  | filters: startDate=None, endDate=None, all=False
20:19:32 robot_of INFO No filters applied, returning all 200 trades
20:19:47 robot_of INFO API GET /status with query:  | filters: startDate=None, endDate=None, all=False
20:19:47 robot_of INFO No filters applied, returning all 200 trades
20:20:17 robot_of INFO API GET /status with query:  | filters: startDate=None, endDate=None, all=False
20:20:17 robot_of INFO No filters applied, returning all 200 trades
20:20:32 robot_of INFO API GET /status with query:  | filters: startDate=None, endDate=None, all=False
20:20:32 robot_of INFO No filters applied, returning all 200 trades
20:20:47 robot_of INFO API GET /status with query:  | filters: startDate=None, endDate=None, all=False
20:20:47 robot_of INFO No filters applied, returning all 200 trades
20:21:17 robot_of INFO API GET /status with query:  | filters: startDate=None, endDate=None, all=False
20:21:17 robot_of INFO No filters applied, returning all 200 trades
20:21:32 robot_of INFO API GET /status with query:  | filters: startDate=None, endDate=None, all=False
20:21:32 robot_of INFO No filters applied, returning all 200 trades
20:21:47 robot_of INFO API GET /status with query:  | filters: startDate=None, endDate=None, all=False
20:21:47 robot_of INFO No filters applied, returning all 200 trades
20:22:17 robot_of INFO API GET /status with query:  | filters: startDate=None, endDate=None, all=False
20:22:17 robot_of INFO No filters applied, returning all 200 trades
20:22:32 robot_of INFO API GET /status with query:  | filters: startDate=None, endDate=None, all=False
20:22:32 robot_of INFO No filters applied, returning all 200 trades
20:22:47 robot_of INFO API GET /status with query:  | filters: startDate=None, endDate=None, all=False
20:22:47 robot_of INFO No filters applied, returning all 200 trades
20:23:17 robot_of INFO API GET /status with query:  | filters: startDate=None, endDate=None, all=False
20:23:17 robot_of INFO No filters applied, returning all 200 trades
20:23:32 robot_of INFO API GET /status with query:  | filters: startDate=None, endDate=None, all=False
20:23:32 robot_of INFO No filters applied, returning all 200 trades
20:23:47 robot_of INFO API GET /status with query:  | filters: startDate=None, endDate=None, all=False
20:23:47 robot_of INFO No filters applied, returning all 200 trades
20:24:17 robot_of INFO API GET /status with query:  | filters: startDate=None, endDate=None, all=False
20:24:17 robot_of INFO No filters applied, returning all 200 trades
20:24:32 robot_of INFO API GET /status with query:  | filters: startDate=None, endDate=None, all=False
20:24:32 robot_of INFO No filters applied, returning all 200 trades
20:24:47 robot_of INFO API GET /status with query:  | filters: startDate=None, endDate=None, all=False
20:24:47 robot_of INFO No filters applied, returning all 200 trades
20:25:17 robot_of INFO API GET /status with query:  | filters: startDate=None, endDate=None, all=False
20:25:17 robot_of INFO No filters applied, returning all 200 trades
20:25:32 robot_of INFO API GET /status with query:  | filters: startDate=None, endDate=None, all=False
20:25:32 robot_of INFO No filters applied, returning all 200 trades
20:25:47 robot_of INFO API GET /status with query:  | filters: startDate=None, endDate=None, all=False
20:25:47 robot_of INFO No filters applied, returning all 200 trades
20:26:17 robot_of INFO API GET /status with query:  | filters: startDate=None, endDate=None, all=False
20:26:17 robot_of INFO No filters applied, returning all 200 trades
20:26:17 robot_of INFO Signal 15 received — shutting down...
20:26:20 strategy_of INFO VWEMA filter enabled: fast=20 slow=40 flat_th=1
20:26:20 robot_of INFO === Order Flow Robot v2 ===
20:26:20 robot_of INFO Symbol: SiU6@RTSX | Account: 1225953 | Port: 5080
20:26:20 robot_of INFO Params: lots=2 stepAvg=25 stepPyr=33
20:26:20 robot_of INFO   maxAvg=1000 maxPyr=5 spread=44
20:26:20 robot_of INFO   partialTP=True SL=pts/5000000
20:26:20 robot_of INFO   timeframe=M1
20:26:20 strategy_of INFO Restored position: dir=-1 lots=6 avg=79114 lotEntries=3
20:26:20 robot_of INFO State loaded: dir=-1 lots=6 mode=stopped
20:26:20 FinamPy CRITICAL Ошибка доступа к системному хранилищу: No recommended backend was available. Install a recommended 3rd party backend package; or, install the keyrings.alt package if you want to use the non-recommended backends. See https://pypi.org/project/keyring for details.
20:26:20 FinamPy CRITICAL Ошибка сохранения в системное хранилище: No recommended backend was available. Install a recommended 3rd party backend package; or, install the keyrings.alt package if you want to use the non-recommended backends. See https://pypi.org/project/keyring for details.
20:26:21 robot_of INFO FinamPy connected. Accounts: ['1225950', '1225951', '1225952', '1225953']
20:26:21 robot_of INFO Subscribed to LatestTrades: SiU6@RTSX
20:26:21 robot_of INFO Subscribed to OrderBook: SiU6@RTSX
20:26:21 robot_of INFO Subscribed to Bars: SiU6@RTSX M1
20:26:21 robot_of INFO Subscribed to Quotes: SiU6@RTSX
20:26:21 robot_of INFO VWEMA warmup: 59 bars fed | ready=True | dir=1 | ema_f=79161.3 ema_s=79158.2 atr=2.1
20:26:21 robot_of INFO Warmup: waiting 10 sec for data streams...
20:26:31 robot_of INFO Warmup done. OB has data: True
20:26:31 robot_of INFO Main loop started
20:26:32 robot_of INFO API listening on :5080
20:26:32 robot_of INFO Endpoints: GET /status | GET /health | POST /start /stop /pause /params
20:26:33 robot_of INFO API GET /status with query:  | filters: startDate=None, endDate=None, all=False
20:26:33 robot_of INFO No filters applied, returning all 200 trades
20:27:15 robot_of INFO Signal 15 received — shutting down...
20:27:17 strategy_of INFO VWEMA filter enabled: fast=20 slow=40 flat_th=1
20:27:17 robot_of INFO === Order Flow Robot v2 ===
20:27:17 robot_of INFO Symbol: SiU6@RTSX | Account: 1225953 | Port: 5080
20:27:17 robot_of INFO Params: lots=2 stepAvg=25 stepPyr=33
20:27:17 robot_of INFO   maxAvg=1000 maxPyr=5 spread=44
20:27:17 robot_of INFO   partialTP=True SL=pts/5000000
20:27:17 robot_of INFO   timeframe=M1
20:27:17 strategy_of INFO Restored position: dir=-1 lots=6 avg=79114 lotEntries=3
20:27:17 robot_of INFO State loaded: dir=-1 lots=6 mode=stopped
20:27:17 FinamPy CRITICAL Ошибка доступа к системному хранилищу: No recommended backend was available. Install a recommended 3rd party backend package; or, install the keyrings.alt package if you want to use the non-recommended backends. See https://pypi.org/project/keyring for details.
20:27:17 FinamPy CRITICAL Ошибка сохранения в системное хранилище: No recommended backend was available. Install a recommended 3rd party backend package; or, install the keyrings.alt package if you want to use the non-recommended backends. See https://pypi.org/project/keyring for details.
20:27:18 robot_of INFO FinamPy connected. Accounts: ['1225950', '1225951', '1225952', '1225953']
20:27:18 robot_of INFO Subscribed to LatestTrades: SiU6@RTSX
20:27:18 robot_of INFO Subscribed to OrderBook: SiU6@RTSX
20:27:18 robot_of INFO Subscribed to Bars: SiU6@RTSX M1
20:27:18 robot_of INFO Subscribed to Quotes: SiU6@RTSX
20:27:18 robot_of INFO VWEMA warmup: 59 bars fed | ready=True | dir=1 | ema_f=79161.4 ema_s=79158.3 atr=1.5
20:27:18 robot_of INFO Warmup: waiting 10 sec for data streams...
20:27:28 robot_of INFO Warmup done. OB has data: True
20:27:28 robot_of INFO Main loop started
20:27:28 robot_of INFO API listening on :5080
20:27:28 robot_of INFO Endpoints: GET /status | GET /health | POST /start /stop /pause /params
20:27:32 robot_of INFO API GET /status with query:  | filters: startDate=None, endDate=None, all=False
20:27:32 robot_of INFO No filters applied, returning all 200 trades
20:27:33 orderflow INFO CVD reset (daily 07:00 MSK)
20:28:02 robot_of INFO API GET /status with query:  | filters: startDate=None, endDate=None, all=False
20:28:02 robot_of INFO No filters applied, returning all 200 trades
20:28:32 robot_of INFO API GET /status with query:  | filters: startDate=None, endDate=None, all=False
20:28:32 robot_of INFO No filters applied, returning all 200 trades
20:28:32 robot_of INFO API GET /status with query:  | filters: startDate=None, endDate=None, all=False
20:28:32 robot_of INFO No filters applied, returning all 200 trades
20:29:02 robot_of INFO API GET /status with query:  | filters: startDate=None, endDate=None, all=False
20:29:02 robot_of INFO No filters applied, returning all 200 trades
20:29:32 robot_of INFO API GET /status with query:  | filters: startDate=None, endDate=None, all=False
20:29:32 robot_of INFO No filters applied, returning all 200 trades
20:29:32 robot_of INFO API GET /status with query:  | filters: startDate=None, endDate=None, all=False
20:29:32 robot_of INFO No filters applied, returning all 200 trades
20:30:02 robot_of INFO API GET /status with query:  | filters: startDate=None, endDate=None, all=False
20:30:02 robot_of INFO No filters applied, returning all 200 trades
20:30:02 robot_of INFO Signal 15 received — shutting down...
20:30:05 strategy_of INFO VWEMA filter enabled: fast=20 slow=40 flat_th=1
20:30:05 robot_of INFO === Order Flow Robot v2 ===
20:30:05 robot_of INFO Symbol: SiU6@RTSX | Account: 1225953 | Port: 5080
20:30:05 robot_of INFO Params: lots=2 stepAvg=25 stepPyr=33
20:30:05 robot_of INFO   maxAvg=1000 maxPyr=5 spread=44
20:30:05 robot_of INFO   partialTP=True SL=pts/5000000
20:30:05 robot_of INFO   timeframe=M1
20:30:05 strategy_of INFO Restored position: dir=-1 lots=6 avg=79114 lotEntries=3
20:30:05 robot_of INFO State loaded: dir=-1 lots=6 mode=stopped
20:30:05 FinamPy CRITICAL Ошибка доступа к системному хранилищу: No recommended backend was available. Install a recommended 3rd party backend package; or, install the keyrings.alt package if you want to use the non-recommended backends. See https://pypi.org/project/keyring for details.
20:30:05 FinamPy CRITICAL Ошибка сохранения в системное хранилище: No recommended backend was available. Install a recommended 3rd party backend package; or, install the keyrings.alt package if you want to use the non-recommended backends. See https://pypi.org/project/keyring for details.
20:30:05 robot_of INFO FinamPy connected. Accounts: ['1225950', '1225951', '1225952', '1225953']
20:30:05 robot_of INFO Subscribed to LatestTrades: SiU6@RTSX
20:30:05 robot_of INFO Subscribed to OrderBook: SiU6@RTSX
20:30:05 robot_of INFO Subscribed to Bars: SiU6@RTSX M1
20:30:05 robot_of INFO Subscribed to Quotes: SiU6@RTSX
20:30:05 robot_of INFO VWEMA warmup: 59 bars fed | ready=True | dir=1 | ema_f=79161.8 ema_s=79158.6 atr=1.3
20:30:05 robot_of INFO Warmup: waiting 10 sec for data streams...
20:30:15 robot_of INFO Warmup done. OB has data: True
20:30:15 robot_of INFO Main loop started
20:30:15 robot_of INFO API listening on :5080
20:30:15 robot_of INFO Endpoints: GET /status | GET /health | POST /start /stop /pause /params
20:30:19 orderflow INFO CVD reset (daily 07:00 MSK)
20:30:33 robot_of INFO API GET /status with query:  | filters: startDate=None, endDate=None, all=False
20:30:33 robot_of INFO No filters applied, returning all 200 trades
20:30:54 robot_of INFO Signal 15 received — shutting down...
20:30:57 strategy_of INFO VWEMA filter enabled: fast=20 slow=40 flat_th=1
20:30:57 robot_of INFO === Order Flow Robot v2 ===
20:30:57 robot_of INFO Symbol: SiU6@RTSX | Account: 1225953 | Port: 5080
20:30:57 robot_of INFO Params: lots=2 stepAvg=25 stepPyr=33
20:30:57 robot_of INFO   maxAvg=1000 maxPyr=5 spread=44
20:30:57 robot_of INFO   partialTP=True SL=pts/5000000
20:30:57 robot_of INFO   timeframe=M1
20:30:57 strategy_of INFO Restored position: dir=-1 lots=6 avg=79114 lotEntries=3
20:30:57 robot_of INFO State loaded: dir=-1 lots=6 mode=stopped
20:30:57 FinamPy CRITICAL Ошибка доступа к системному хранилищу: No recommended backend was available. Install a recommended 3rd party backend package; or, install the keyrings.alt package if you want to use the non-recommended backends. See https://pypi.org/project/keyring for details.
20:30:57 FinamPy CRITICAL Ошибка сохранения в системное хранилище: No recommended backend was available. Install a recommended 3rd party backend package; or, install the keyrings.alt package if you want to use the non-recommended backends. See https://pypi.org/project/keyring for details.
20:30:57 robot_of INFO FinamPy connected. Accounts: ['1225950', '1225951', '1225952', '1225953']
20:30:57 robot_of INFO Subscribed to LatestTrades: SiU6@RTSX
20:30:57 robot_of INFO Subscribed to OrderBook: SiU6@RTSX
20:30:57 robot_of INFO Subscribed to Bars: SiU6@RTSX M1
20:30:57 robot_of INFO Subscribed to Quotes: SiU6@RTSX
20:30:58 robot_of INFO VWEMA warmup: 59 bars fed | ready=True | dir=0 | ema_f=79162.1 ema_s=79160.1 atr=2.1
20:30:58 robot_of INFO Warmup: waiting 10 sec for data streams...
20:31:08 robot_of INFO Warmup done. OB has data: True
20:31:08 robot_of INFO Main loop started
20:31:08 robot_of INFO API listening on :5080
20:31:08 robot_of INFO Endpoints: GET /status | GET /health | POST /start /stop /pause /params
20:31:12 orderflow INFO CVD reset (daily 07:00 MSK)
20:31:32 robot_of INFO API GET /status with query:  | filters: startDate=None, endDate=None, all=False
20:31:32 robot_of INFO No filters applied, returning all 200 trades
20:31:42 robot_of INFO API GET /status with query:  | filters: startDate=None, endDate=None, all=False
20:31:42 robot_of INFO No filters applied, returning all 200 trades
20:32:12 robot_of INFO API GET /status with query:  | filters: startDate=None, endDate=None, all=False
20:32:12 robot_of INFO No filters applied, returning all 200 trades
20:32:32 robot_of INFO API GET /status with query:  | filters: startDate=None, endDate=None, all=False
20:32:32 robot_of INFO No filters applied, returning all 200 trades
20:32:42 robot_of INFO API GET /status with query:  | filters: startDate=None, endDate=None, all=False
20:32:42 robot_of INFO No filters applied, returning all 200 trades
20:33:12 robot_of INFO API GET /status with query:  | filters: startDate=None, endDate=None, all=False
20:33:12 robot_of INFO No filters applied, returning all 200 trades
20:33:32 robot_of INFO API GET /status with query:  | filters: startDate=None, endDate=None, all=False
20:33:32 robot_of INFO No filters applied, returning all 200 trades
20:33:42 robot_of INFO API GET /status with query:  | filters: startDate=None, endDate=None, all=False
20:33:42 robot_of INFO No filters applied, returning all 200 trades
20:34:12 robot_of INFO API GET /status with query:  | filters: startDate=None, endDate=None, all=False
20:34:12 robot_of INFO No filters applied, returning all 200 trades
20:34:32 robot_of INFO API GET /status with query:  | filters: startDate=None, endDate=None, all=False
20:34:32 robot_of INFO No filters applied, returning all 200 trades
20:34:42 robot_of INFO API GET /status with query:  | filters: startDate=None, endDate=None, all=False
20:34:42 robot_of INFO No filters applied, returning all 200 trades
20:35:12 robot_of INFO API GET /status with query:  | filters: startDate=None, endDate=None, all=False
20:35:12 robot_of INFO No filters applied, returning all 200 trades
20:35:32 robot_of INFO API GET /status with query:  | filters: startDate=None, endDate=None, all=False
20:35:32 robot_of INFO No filters applied, returning all 200 trades
20:35:42 robot_of INFO API GET /status with query:  | filters: startDate=None, endDate=None, all=False
20:35:42 robot_of INFO No filters applied, returning all 200 trades
20:36:12 robot_of INFO API GET /status with query:  | filters: startDate=None, endDate=None, all=False
20:36:12 robot_of INFO No filters applied, returning all 200 trades
20:36:32 robot_of INFO API GET /status with query:  | filters: startDate=None, endDate=None, all=False
20:36:32 robot_of INFO No filters applied, returning all 200 trades
20:36:42 robot_of INFO API GET /status with query:  | filters: startDate=None, endDate=None, all=False
20:36:42 robot_of INFO No filters applied, returning all 200 trades
20:37:12 robot_of INFO API GET /status with query:  | filters: startDate=None, endDate=None, all=False
20:37:12 robot_of INFO No filters applied, returning all 200 trades
20:37:32 robot_of INFO API GET /status with query:  | filters: startDate=None, endDate=None, all=False
20:37:32 robot_of INFO No filters applied, returning all 200 trades
20:37:42 robot_of INFO API GET /status with query:  | filters: startDate=None, endDate=None, all=False
20:37:42 robot_of INFO No filters applied, returning all 200 trades
20:38:12 robot_of INFO API GET /status with query:  | filters: startDate=None, endDate=None, all=False
20:38:12 robot_of INFO No filters applied, returning all 200 trades
20:38:32 robot_of INFO API GET /status with query:  | filters: startDate=None, endDate=None, all=False
20:38:32 robot_of INFO No filters applied, returning all 200 trades
20:38:42 robot_of INFO API GET /status with query:  | filters: startDate=None, endDate=None, all=False
20:38:42 robot_of INFO No filters applied, returning all 200 trades
20:39:12 robot_of INFO API GET /status with query:  | filters: startDate=None, endDate=None, all=False
20:39:12 robot_of INFO No filters applied, returning all 200 trades
20:39:32 robot_of INFO API GET /status with query:  | filters: startDate=None, endDate=None, all=False
20:39:32 robot_of INFO No filters applied, returning all 200 trades
20:39:42 robot_of INFO API GET /status with query:  | filters: startDate=None, endDate=None, all=False
20:39:42 robot_of INFO No filters applied, returning all 200 trades
20:40:12 robot_of INFO API GET /status with query:  | filters: startDate=None, endDate=None, all=False
20:40:12 robot_of INFO No filters applied, returning all 200 trades
20:40:32 robot_of INFO API GET /status with query:  | filters: startDate=None, endDate=None, all=False
20:40:32 robot_of INFO No filters applied, returning all 200 trades
20:40:42 robot_of INFO API GET /status with query:  | filters: startDate=None, endDate=None, all=False
20:40:42 robot_of INFO No filters applied, returning all 200 trades
20:41:12 robot_of INFO API GET /status with query:  | filters: startDate=None, endDate=None, all=False
20:41:12 robot_of INFO No filters applied, returning all 200 trades
20:41:32 robot_of INFO API GET /status with query:  | filters: startDate=None, endDate=None, all=False
20:41:32 robot_of INFO No filters applied, returning all 200 trades
20:41:42 robot_of INFO API GET /status with query:  | filters: startDate=None, endDate=None, all=False
20:41:42 robot_of INFO No filters applied, returning all 200 trades
20:42:12 robot_of INFO API GET /status with query:  | filters: startDate=None, endDate=None, all=False
20:42:12 robot_of INFO No filters applied, returning all 200 trades
20:42:32 robot_of INFO API GET /status with query:  | filters: startDate=None, endDate=None, all=False
20:42:32 robot_of INFO No filters applied, returning all 200 trades
20:42:42 robot_of INFO API GET /status with query:  | filters: startDate=None, endDate=None, all=False
20:42:42 robot_of INFO No filters applied, returning all 200 trades
20:43:12 robot_of INFO API GET /status with query:  | filters: startDate=None, endDate=None, all=False
20:43:12 robot_of INFO No filters applied, returning all 200 trades
20:43:12 robot_of INFO Signal 15 received — shutting down...
20:43:14 strategy_of INFO VWEMA filter enabled: fast=20 slow=40 flat_th=1
20:43:14 robot_of INFO === Order Flow Robot v2 ===
20:43:14 robot_of INFO Symbol: SiU6@RTSX | Account: 1225953 | Port: 5080
20:43:14 robot_of INFO Params: lots=2 stepAvg=25 stepPyr=33
20:43:14 robot_of INFO   maxAvg=1000 maxPyr=5 spread=44
20:43:14 robot_of INFO   partialTP=True SL=pts/5000000
20:43:14 robot_of INFO   timeframe=M1
20:43:14 strategy_of INFO Restored position: dir=-1 lots=6 avg=79114 lotEntries=3
20:43:14 robot_of INFO State loaded: dir=-1 lots=6 mode=stopped
20:43:14 FinamPy CRITICAL Ошибка доступа к системному хранилищу: No recommended backend was available. Install a recommended 3rd party backend package; or, install the keyrings.alt package if you want to use the non-recommended backends. See https://pypi.org/project/keyring for details.
20:43:14 FinamPy CRITICAL Ошибка сохранения в системное хранилище: No recommended backend was available. Install a recommended 3rd party backend package; or, install the keyrings.alt package if you want to use the non-recommended backends. See https://pypi.org/project/keyring for details.
20:43:15 robot_of INFO FinamPy connected. Accounts: ['1225950', '1225951', '1225952', '1225953']
20:43:15 robot_of INFO Subscribed to LatestTrades: SiU6@RTSX
20:43:15 robot_of INFO Subscribed to OrderBook: SiU6@RTSX
20:43:15 robot_of INFO Subscribed to Bars: SiU6@RTSX M1
20:43:15 robot_of INFO Subscribed to Quotes: SiU6@RTSX
20:43:15 robot_of INFO VWEMA warmup: 59 bars fed | ready=True | dir=0 | ema_f=79162.9 ema_s=79161.4 atr=2.1
20:43:15 robot_of INFO Warmup: waiting 10 sec for data streams...
20:43:25 robot_of INFO Warmup done. OB has data: True
20:43:25 robot_of INFO Main loop started
20:43:25 robot_of INFO API listening on :5080
20:43:25 robot_of INFO Endpoints: GET /status | GET /health | POST /start /stop /pause /params
20:43:30 orderflow INFO CVD reset (daily 07:00 MSK)
20:43:32 robot_of INFO API GET /status with query:  | filters: startDate=None, endDate=None, all=False
20:43:32 robot_of INFO No filters applied, returning all 200 trades
20:43:59 robot_of INFO API GET /status with query:  | filters: startDate=None, endDate=None, all=False
20:43:59 robot_of INFO No filters applied, returning all 200 trades
20:44:29 robot_of INFO API GET /status with query:  | filters: startDate=None, endDate=None, all=False
20:44:29 robot_of INFO No filters applied, returning all 200 trades
20:44:32 robot_of INFO API GET /status with query:  | filters: startDate=None, endDate=None, all=False
20:44:32 robot_of INFO No filters applied, returning all 200 trades
20:44:59 robot_of INFO API GET /status with query:  | filters: startDate=None, endDate=None, all=False
20:44:59 robot_of INFO No filters applied, returning all 200 trades
20:45:29 robot_of INFO API GET /status with query:  | filters: startDate=None, endDate=None, all=False
20:45:29 robot_of INFO No filters applied, returning all 200 trades
20:45:32 robot_of INFO API GET /status with query:  | filters: startDate=None, endDate=None, all=False
20:45:32 robot_of INFO No filters applied, returning all 200 trades
20:45:59 robot_of INFO API GET /status with query:  | filters: startDate=None, endDate=None, all=False
20:45:59 robot_of INFO No filters applied, returning all 200 trades
20:46:29 robot_of INFO API GET /status with query:  | filters: startDate=None, endDate=None, all=False
20:46:29 robot_of INFO No filters applied, returning all 200 trades
20:46:32 robot_of INFO API GET /status with query:  | filters: startDate=None, endDate=None, all=False
20:46:32 robot_of INFO No filters applied, returning all 200 trades
20:46:59 robot_of INFO API GET /status with query:  | filters: startDate=None, endDate=None, all=False
20:46:59 robot_of INFO No filters applied, returning all 200 trades
20:47:29 robot_of INFO API GET /status with query:  | filters: startDate=None, endDate=None, all=False
20:47:29 robot_of INFO No filters applied, returning all 200 trades
20:47:32 robot_of INFO API GET /status with query:  | filters: startDate=None, endDate=None, all=False
20:47:32 robot_of INFO No filters applied, returning all 200 trades
20:47:59 robot_of INFO API GET /status with query:  | filters: startDate=None, endDate=None, all=False
20:47:59 robot_of INFO No filters applied, returning all 200 trades
20:48:29 robot_of INFO API GET /status with query:  | filters: startDate=None, endDate=None, all=False
20:48:29 robot_of INFO No filters applied, returning all 200 trades
20:48:32 robot_of INFO API GET /status with query:  | filters: startDate=None, endDate=None, all=False
20:48:32 robot_of INFO No filters applied, returning all 200 trades
20:48:59 robot_of INFO API GET /status with query:  | filters: startDate=None, endDate=None, all=False
20:48:59 robot_of INFO No filters applied, returning all 200 trades
20:49:29 robot_of INFO API GET /status with query:  | filters: startDate=None, endDate=None, all=False
20:49:29 robot_of INFO No filters applied, returning all 200 trades
20:49:32 robot_of INFO API GET /status with query:  | filters: startDate=None, endDate=None, all=False
20:49:32 robot_of INFO No filters applied, returning all 200 trades
20:49:59 robot_of INFO API GET /status with query:  | filters: startDate=None, endDate=None, all=False
20:49:59 robot_of INFO No filters applied, returning all 200 trades
20:50:29 robot_of INFO API GET /status with query:  | filters: startDate=None, endDate=None, all=False
20:50:29 robot_of INFO No filters applied, returning all 200 trades
20:50:32 robot_of INFO API GET /status with query:  | filters: startDate=None, endDate=None, all=False
20:50:32 robot_of INFO No filters applied, returning all 200 trades
20:50:59 robot_of INFO API GET /status with query:  | filters: startDate=None, endDate=None, all=False
20:50:59 robot_of INFO No filters applied, returning all 200 trades
20:51:29 robot_of INFO API GET /status with query:  | filters: startDate=None, endDate=None, all=False
20:51:29 robot_of INFO No filters applied, returning all 200 trades
20:51:32 robot_of INFO API GET /status with query:  | filters: startDate=None, endDate=None, all=False
20:51:32 robot_of INFO No filters applied, returning all 200 trades
20:51:59 robot_of INFO API GET /status with query:  | filters: startDate=None, endDate=None, all=False
20:51:59 robot_of INFO No filters applied, returning all 200 trades
20:51:59 robot_of INFO Signal 15 received — shutting down...
20:52:02 strategy_of INFO VWEMA filter enabled: fast=20 slow=40 flat_th=1
20:52:02 robot_of INFO === Order Flow Robot v2 ===
20:52:02 robot_of INFO Symbol: SiU6@RTSX | Account: 1225953 | Port: 5080
20:52:02 robot_of INFO Params: lots=2 stepAvg=25 stepPyr=33
20:52:02 robot_of INFO   maxAvg=1000 maxPyr=5 spread=44
20:52:02 robot_of INFO   partialTP=True SL=pts/5000000
20:52:02 robot_of INFO   timeframe=M1
20:52:02 strategy_of INFO Restored position: dir=-1 lots=6 avg=79114 lotEntries=3
20:52:02 robot_of INFO State loaded: dir=-1 lots=6 mode=stopped
20:52:02 FinamPy CRITICAL Ошибка доступа к системному хранилищу: No recommended backend was available. Install a recommended 3rd party backend package; or, install the keyrings.alt package if you want to use the non-recommended backends. See https://pypi.org/project/keyring for details.
20:52:02 FinamPy CRITICAL Ошибка сохранения в системное хранилище: No recommended backend was available. Install a recommended 3rd party backend package; or, install the keyrings.alt package if you want to use the non-recommended backends. See https://pypi.org/project/keyring for details.
20:52:02 robot_of INFO FinamPy connected. Accounts: ['1225950', '1225951', '1225952', '1225953']
20:52:02 robot_of INFO Subscribed to LatestTrades: SiU6@RTSX
20:52:02 robot_of INFO Subscribed to OrderBook: SiU6@RTSX
20:52:02 robot_of INFO Subscribed to Bars: SiU6@RTSX M1
20:52:02 robot_of INFO Subscribed to Quotes: SiU6@RTSX
20:52:02 robot_of INFO VWEMA warmup: 57 bars fed | ready=True | dir=1 | ema_f=79182.6 ema_s=79171.2 atr=9.7
20:52:02 robot_of INFO Warmup: waiting 10 sec for data streams...
20:52:12 robot_of INFO Warmup done. OB has data: True
20:52:12 robot_of INFO Main loop started
20:52:12 robot_of INFO API listening on :5080
20:52:12 robot_of INFO Endpoints: GET /status | GET /health | POST /start /stop /pause /params
20:52:17 orderflow INFO CVD reset (daily 07:00 MSK)
20:52:32 robot_of INFO API GET /status with query:  | filters: startDate=None, endDate=None, all=False
20:52:32 robot_of INFO No filters applied, returning all 200 trades
20:52:46 robot_of INFO API GET /status with query:  | filters: startDate=None, endDate=None, all=False
20:52:46 robot_of INFO No filters applied, returning all 200 trades
20:53:16 robot_of INFO API GET /status with query:  | filters: startDate=None, endDate=None, all=False
20:53:16 robot_of INFO No filters applied, returning all 200 trades
20:53:32 robot_of INFO API GET /status with query:  | filters: startDate=None, endDate=None, all=False
20:53:32 robot_of INFO No filters applied, returning all 200 trades
20:53:46 robot_of INFO API GET /status with query:  | filters: startDate=None, endDate=None, all=False
20:53:46 robot_of INFO No filters applied, returning all 200 trades
20:54:16 robot_of INFO API GET /status with query:  | filters: startDate=None, endDate=None, all=False
20:54:16 robot_of INFO No filters applied, returning all 200 trades
20:54:32 robot_of INFO API GET /status with query:  | filters: startDate=None, endDate=None, all=False
20:54:32 robot_of INFO No filters applied, returning all 200 trades
20:54:46 robot_of INFO API GET /status with query:  | filters: startDate=None, endDate=None, all=False
20:54:46 robot_of INFO No filters applied, returning all 200 trades
20:54:46 robot_of INFO Signal 15 received — shutting down...
20:54:49 strategy_of INFO VWEMA filter enabled: fast=20 slow=40 flat_th=1
20:54:49 robot_of INFO === Order Flow Robot v2 ===
20:54:49 robot_of INFO Symbol: SiU6@RTSX | Account: 1225953 | Port: 5080
20:54:49 robot_of INFO Params: lots=2 stepAvg=25 stepPyr=33
20:54:49 robot_of INFO   maxAvg=1000 maxPyr=5 spread=44
20:54:49 robot_of INFO   partialTP=True SL=pts/5000000
20:54:49 robot_of INFO   timeframe=M1
20:54:49 strategy_of INFO Restored position: dir=-1 lots=6 avg=79114 lotEntries=3
20:54:49 robot_of INFO State loaded: dir=-1 lots=6 mode=stopped
20:54:49 FinamPy CRITICAL Ошибка доступа к системному хранилищу: No recommended backend was available. Install a recommended 3rd party backend package; or, install the keyrings.alt package if you want to use the non-recommended backends. See https://pypi.org/project/keyring for details.
20:54:49 FinamPy CRITICAL Ошибка сохранения в системное хранилище: No recommended backend was available. Install a recommended 3rd party backend package; or, install the keyrings.alt package if you want to use the non-recommended backends. See https://pypi.org/project/keyring for details.
20:54:49 robot_of INFO FinamPy connected. Accounts: ['1225950', '1225951', '1225952', '1225953']
20:54:49 robot_of INFO Subscribed to LatestTrades: SiU6@RTSX
20:54:49 robot_of INFO Subscribed to OrderBook: SiU6@RTSX
20:54:49 robot_of INFO Subscribed to Bars: SiU6@RTSX M1
20:54:49 robot_of INFO Subscribed to Quotes: SiU6@RTSX
20:54:49 robot_of INFO VWEMA warmup: 55 bars fed | ready=True | dir=1 | ema_f=79182.9 ema_s=79171.4 atr=8.8
20:54:49 robot_of INFO Warmup: waiting 10 sec for data streams...
20:54:59 robot_of INFO Warmup done. OB has data: True
20:54:59 robot_of INFO Main loop started
20:55:01 robot_of INFO API listening on :5080
20:55:01 robot_of INFO Endpoints: GET /status | GET /health | POST /start /stop /pause /params
20:55:04 orderflow INFO CVD reset (daily 07:00 MSK)
20:55:32 robot_of INFO API GET /status with query:  | filters: startDate=None, endDate=None, all=False
20:55:32 robot_of INFO No filters applied, returning all 200 trades
20:55:33 robot_of INFO API GET /status with query:  | filters: startDate=None, endDate=None, all=False
20:55:33 robot_of INFO No filters applied, returning all 200 trades
20:56:03 robot_of INFO API GET /status with query:  | filters: startDate=None, endDate=None, all=False
20:56:03 robot_of INFO No filters applied, returning all 200 trades
20:56:32 robot_of INFO API GET /status with query:  | filters: startDate=None, endDate=None, all=False
20:56:32 robot_of INFO No filters applied, returning all 200 trades
20:56:33 robot_of INFO API GET /status with query:  | filters: startDate=None, endDate=None, all=False
20:56:33 robot_of INFO No filters applied, returning all 200 trades
20:57:03 robot_of INFO API GET /status with query:  | filters: startDate=None, endDate=None, all=False
20:57:03 robot_of INFO No filters applied, returning all 200 trades
20:57:32 robot_of INFO API GET /status with query:  | filters: startDate=None, endDate=None, all=False
20:57:32 robot_of INFO No filters applied, returning all 200 trades
20:57:33 robot_of INFO API GET /status with query:  | filters: startDate=None, endDate=None, all=False
20:57:33 robot_of INFO No filters applied, returning all 200 trades
20:57:34 robot_of INFO Signal 15 received — shutting down...
20:57:36 strategy_of INFO VWEMA filter enabled: fast=20 slow=40 flat_th=1
20:57:36 robot_of INFO === Order Flow Robot v2 ===
20:57:36 robot_of INFO Symbol: SiU6@RTSX | Account: 1225953 | Port: 5080
20:57:36 robot_of INFO Params: lots=2 stepAvg=25 stepPyr=33
20:57:36 robot_of INFO   maxAvg=1000 maxPyr=5 spread=44
20:57:36 robot_of INFO   partialTP=True SL=pts/5000000
20:57:36 robot_of INFO   timeframe=M1
20:57:36 strategy_of INFO Restored position: dir=-1 lots=6 avg=79114 lotEntries=3
20:57:36 robot_of INFO State loaded: dir=-1 lots=6 mode=stopped
20:57:36 FinamPy CRITICAL Ошибка доступа к системному хранилищу: No recommended backend was available. Install a recommended 3rd party backend package; or, install the keyrings.alt package if you want to use the non-recommended backends. See https://pypi.org/project/keyring for details.
20:57:36 FinamPy CRITICAL Ошибка сохранения в системное хранилище: No recommended backend was available. Install a recommended 3rd party backend package; or, install the keyrings.alt package if you want to use the non-recommended backends. See https://pypi.org/project/keyring for details.
20:57:37 robot_of INFO FinamPy connected. Accounts: ['1225950', '1225951', '1225952', '1225953']
20:57:37 robot_of INFO Subscribed to LatestTrades: SiU6@RTSX
20:57:37 robot_of INFO Subscribed to OrderBook: SiU6@RTSX
20:57:37 robot_of INFO Subscribed to Bars: SiU6@RTSX M1
20:57:37 robot_of INFO Subscribed to Quotes: SiU6@RTSX
20:57:37 robot_of INFO VWEMA warmup: 52 bars fed | ready=True | dir=1 | ema_f=79182.9 ema_s=79171.6 atr=9.2
20:57:37 robot_of INFO Warmup: waiting 10 sec for data streams...
20:57:47 robot_of INFO Warmup done. OB has data: True
20:57:47 robot_of INFO Main loop started
20:57:47 robot_of INFO API listening on :5080
20:57:47 robot_of INFO Endpoints: GET /status | GET /health | POST /start /stop /pause /params
20:57:52 orderflow INFO CVD reset (daily 07:00 MSK)
20:58:21 robot_of INFO API GET /status with query:  | filters: startDate=None, endDate=None, all=False
20:58:21 robot_of INFO No filters applied, returning all 200 trades
20:58:32 robot_of INFO API GET /status with query:  | filters: startDate=None, endDate=None, all=False
20:58:32 robot_of INFO No filters applied, returning all 200 trades
20:58:51 robot_of INFO API GET /status with query:  | filters: startDate=None, endDate=None, all=False
20:58:51 robot_of INFO No filters applied, returning all 200 trades
20:59:21 robot_of INFO API GET /status with query:  | filters: startDate=None, endDate=None, all=False
20:59:21 robot_of INFO No filters applied, returning all 200 trades
20:59:32 robot_of INFO API GET /status with query:  | filters: startDate=None, endDate=None, all=False
20:59:32 robot_of INFO No filters applied, returning all 200 trades
20:59:51 robot_of INFO API GET /status with query:  | filters: startDate=None, endDate=None, all=False
20:59:51 robot_of INFO No filters applied, returning all 200 trades
21:00:21 robot_of INFO API GET /status with query:  | filters: startDate=None, endDate=None, all=False
21:00:21 robot_of INFO No filters applied, returning all 200 trades
21:00:21 robot_of INFO Signal 15 received — shutting down...
21:00:23 strategy_of INFO VWEMA filter enabled: fast=20 slow=40 flat_th=1
21:00:23 robot_of INFO === Order Flow Robot v2 ===
21:00:23 robot_of INFO Symbol: SiU6@RTSX | Account: 1225953 | Port: 5080
21:00:23 robot_of INFO Params: lots=2 stepAvg=25 stepPyr=33
21:00:23 robot_of INFO   maxAvg=1000 maxPyr=5 spread=44
21:00:23 robot_of INFO   partialTP=True SL=pts/5000000
21:00:23 robot_of INFO   timeframe=M1
21:00:23 strategy_of INFO Restored position: dir=-1 lots=6 avg=79114 lotEntries=3
21:00:23 robot_of INFO State loaded: dir=-1 lots=6 mode=stopped
21:00:24 FinamPy CRITICAL Ошибка доступа к системному хранилищу: No recommended backend was available. Install a recommended 3rd party backend package; or, install the keyrings.alt package if you want to use the non-recommended backends. See https://pypi.org/project/keyring for details.
21:00:24 FinamPy CRITICAL Ошибка сохранения в системное хранилище: No recommended backend was available. Install a recommended 3rd party backend package; or, install the keyrings.alt package if you want to use the non-recommended backends. See https://pypi.org/project/keyring for details.
21:00:24 robot_of INFO FinamPy connected. Accounts: ['1225950', '1225951', '1225952', '1225953']
21:00:24 robot_of INFO Subscribed to LatestTrades: SiU6@RTSX
21:00:24 robot_of INFO Subscribed to OrderBook: SiU6@RTSX
21:00:24 robot_of INFO Subscribed to Bars: SiU6@RTSX M1
21:00:24 robot_of INFO Subscribed to Quotes: SiU6@RTSX
21:00:24 robot_of INFO VWEMA warmup: 49 bars fed | ready=True | dir=1 | ema_f=79183.7 ema_s=79172.8 atr=9.0
21:00:24 robot_of INFO Warmup: waiting 10 sec for data streams...
21:00:34 robot_of INFO Warmup done. OB has data: True
21:00:34 robot_of INFO Main loop started
21:00:34 robot_of INFO API listening on :5080
21:00:34 robot_of INFO Endpoints: GET /status | GET /health | POST /start /stop /pause /params
21:00:34 robot_of INFO API GET /status with query:  | filters: startDate=None, endDate=None, all=False
21:00:34 robot_of INFO No filters applied, returning all 200 trades
21:01:18 robot_of INFO Signal 15 received — shutting down...
21:01:21 strategy_of INFO VWEMA filter enabled: fast=20 slow=40 flat_th=1
21:01:21 robot_of INFO === Order Flow Robot v2 ===
21:01:21 robot_of INFO Symbol: SiU6@RTSX | Account: 1225953 | Port: 5080
21:01:21 robot_of INFO Params: lots=2 stepAvg=25 stepPyr=33
21:01:21 robot_of INFO   maxAvg=1000 maxPyr=5 spread=44
21:01:21 robot_of INFO   partialTP=True SL=pts/5000000
21:01:21 robot_of INFO   timeframe=M1
21:01:21 strategy_of INFO Restored position: dir=-1 lots=6 avg=79114 lotEntries=3
21:01:21 robot_of INFO State loaded: dir=-1 lots=6 mode=stopped
21:01:21 FinamPy CRITICAL Ошибка доступа к системному хранилищу: No recommended backend was available. Install a recommended 3rd party backend package; or, install the keyrings.alt package if you want to use the non-recommended backends. See https://pypi.org/project/keyring for details.
21:01:21 FinamPy CRITICAL Ошибка сохранения в системное хранилище: No recommended backend was available. Install a recommended 3rd party backend package; or, install the keyrings.alt package if you want to use the non-recommended backends. See https://pypi.org/project/keyring for details.
21:01:21 robot_of INFO FinamPy connected. Accounts: ['1225950', '1225951', '1225952', '1225953']
21:01:21 robot_of INFO Subscribed to LatestTrades: SiU6@RTSX
21:01:21 robot_of INFO Subscribed to OrderBook: SiU6@RTSX
21:01:21 robot_of INFO Subscribed to Bars: SiU6@RTSX M1
21:01:21 robot_of INFO Subscribed to Quotes: SiU6@RTSX
21:01:21 robot_of INFO VWEMA warmup: 48 bars fed | ready=True | dir=1 | ema_f=79183.0 ema_s=79171.8 atr=9.2
21:01:21 robot_of INFO Warmup: waiting 10 sec for data streams...
21:01:31 robot_of INFO Warmup done. OB has data: True
21:01:31 robot_of INFO Main loop started
21:01:31 robot_of INFO API listening on :5080
21:01:31 robot_of INFO Endpoints: GET /status | GET /health | POST /start /stop /pause /params
21:01:32 robot_of INFO API GET /status with query:  | filters: startDate=None, endDate=None, all=False
21:01:32 robot_of INFO No filters applied, returning all 200 trades
21:02:05 robot_of INFO API GET /status with query:  | filters: startDate=None, endDate=None, all=False
21:02:05 robot_of INFO No filters applied, returning all 200 trades
21:02:32 robot_of INFO API GET /status with query:  | filters: startDate=None, endDate=None, all=False
21:02:32 robot_of INFO No filters applied, returning all 200 trades
21:02:35 robot_of INFO API GET /status with query:  | filters: startDate=None, endDate=None, all=False
21:02:35 robot_of INFO No filters applied, returning all 200 trades
21:03:05 robot_of INFO API GET /status with query:  | filters: startDate=None, endDate=None, all=False
21:03:05 robot_of INFO No filters applied, returning all 200 trades
21:03:32 robot_of INFO API GET /status with query:  | filters: startDate=None, endDate=None, all=False
21:03:32 robot_of INFO No filters applied, returning all 200 trades
21:03:35 robot_of INFO API GET /status with query:  | filters: startDate=None, endDate=None, all=False
21:03:35 robot_of INFO No filters applied, returning all 200 trades
21:04:05 robot_of INFO API GET /status with query:  | filters: startDate=None, endDate=None, all=False
21:04:05 robot_of INFO No filters applied, returning all 200 trades
21:04:05 robot_of INFO Signal 15 received — shutting down...
21:04:08 strategy_of INFO VWEMA filter enabled: fast=20 slow=40 flat_th=1
21:04:08 robot_of INFO === Order Flow Robot v2 ===
21:04:08 robot_of INFO Symbol: SiU6@RTSX | Account: 1225953 | Port: 5080
21:04:08 robot_of INFO Params: lots=2 stepAvg=25 stepPyr=33
21:04:08 robot_of INFO   maxAvg=1000 maxPyr=5 spread=44
21:04:08 robot_of INFO   partialTP=True SL=pts/5000000
21:04:08 robot_of INFO   timeframe=M1
21:04:08 strategy_of INFO Restored position: dir=-1 lots=6 avg=79114 lotEntries=3
21:04:08 robot_of INFO State loaded: dir=-1 lots=6 mode=stopped
21:04:08 FinamPy CRITICAL Ошибка доступа к системному хранилищу: No recommended backend was available. Install a recommended 3rd party backend package; or, install the keyrings.alt package if you want to use the non-recommended backends. See https://pypi.org/project/keyring for details.
21:04:08 FinamPy CRITICAL Ошибка сохранения в системное хранилище: No recommended backend was available. Install a recommended 3rd party backend package; or, install the keyrings.alt package if you want to use the non-recommended backends. See https://pypi.org/project/keyring for details.
21:04:08 robot_of INFO FinamPy connected. Accounts: ['1225950', '1225951', '1225952', '1225953']
21:04:08 robot_of INFO Subscribed to LatestTrades: SiU6@RTSX
21:04:08 robot_of INFO Subscribed to OrderBook: SiU6@RTSX
21:04:08 robot_of INFO Subscribed to Bars: SiU6@RTSX M1
21:04:08 robot_of INFO Subscribed to Quotes: SiU6@RTSX
21:04:09 robot_of INFO VWEMA warmup: 45 bars fed | ready=True | dir=1 | ema_f=79183.8 ema_s=79173.1 atr=9.1
21:04:09 robot_of INFO Warmup: waiting 10 sec for data streams...
21:04:19 robot_of INFO Warmup done. OB has data: True
21:04:19 robot_of INFO Main loop started
21:04:19 robot_of INFO API listening on :5080
21:04:19 robot_of INFO Endpoints: GET /status | GET /health | POST /start /stop /pause /params
21:04:32 robot_of INFO API GET /status with query:  | filters: startDate=None, endDate=None, all=False
21:04:32 robot_of INFO No filters applied, returning all 200 trades
21:04:53 robot_of INFO API GET /status with query:  | filters: startDate=None, endDate=None, all=False
21:04:53 robot_of INFO No filters applied, returning all 200 trades
21:05:23 robot_of INFO API GET /status with query:  | filters: startDate=None, endDate=None, all=False
21:05:23 robot_of INFO No filters applied, returning all 200 trades
21:05:32 robot_of INFO API GET /status with query:  | filters: startDate=None, endDate=None, all=False
21:05:32 robot_of INFO No filters applied, returning all 200 trades
21:05:53 robot_of INFO API GET /status with query:  | filters: startDate=None, endDate=None, all=False
21:05:53 robot_of INFO No filters applied, returning all 200 trades
21:06:23 robot_of INFO API GET /status with query:  | filters: startDate=None, endDate=None, all=False
21:06:23 robot_of INFO No filters applied, returning all 200 trades
21:06:32 robot_of INFO API GET /status with query:  | filters: startDate=None, endDate=None, all=False
21:06:32 robot_of INFO No filters applied, returning all 200 trades
21:06:53 robot_of INFO API GET /status with query:  | filters: startDate=None, endDate=None, all=False
21:06:53 robot_of INFO No filters applied, returning all 200 trades
21:06:53 robot_of INFO Signal 15 received — shutting down...
21:06:55 strategy_of INFO VWEMA filter enabled: fast=20 slow=40 flat_th=1
21:06:55 robot_of INFO === Order Flow Robot v2 ===
21:06:55 robot_of INFO Symbol: SiU6@RTSX | Account: 1225953 | Port: 5080
21:06:55 robot_of INFO Params: lots=2 stepAvg=25 stepPyr=33
21:06:55 robot_of INFO   maxAvg=1000 maxPyr=5 spread=44
21:06:55 robot_of INFO   partialTP=True SL=pts/5000000
21:06:55 robot_of INFO   timeframe=M1
21:06:55 strategy_of INFO Restored position: dir=-1 lots=6 avg=79114 lotEntries=3
21:06:55 robot_of INFO State loaded: dir=-1 lots=6 mode=stopped
21:06:55 FinamPy CRITICAL Ошибка доступа к системному хранилищу: No recommended backend was available. Install a recommended 3rd party backend package; or, install the keyrings.alt package if you want to use the non-recommended backends. See https://pypi.org/project/keyring for details.
21:06:55 FinamPy CRITICAL Ошибка сохранения в системное хранилище: No recommended backend was available. Install a recommended 3rd party backend package; or, install the keyrings.alt package if you want to use the non-recommended backends. See https://pypi.org/project/keyring for details.
21:06:56 robot_of INFO FinamPy connected. Accounts: ['1225950', '1225951', '1225952', '1225953']
21:06:56 robot_of INFO Subscribed to LatestTrades: SiU6@RTSX
21:06:56 robot_of INFO Subscribed to OrderBook: SiU6@RTSX
21:06:56 robot_of INFO Subscribed to Bars: SiU6@RTSX M1
21:06:56 robot_of INFO Subscribed to Quotes: SiU6@RTSX
21:06:56 robot_of INFO VWEMA warmup: 43 bars fed | ready=True | dir=1 | ema_f=79183.9 ema_s=79173.2 atr=9.2
21:06:56 robot_of INFO Warmup: waiting 10 sec for data streams...
21:07:06 robot_of INFO Warmup done. OB has data: True
21:07:06 robot_of INFO Main loop started
21:07:06 robot_of INFO API listening on :5080
21:07:06 robot_of INFO Endpoints: GET /status | GET /health | POST /start /stop /pause /params
21:07:32 robot_of INFO API GET /status with query:  | filters: startDate=None, endDate=None, all=False
21:07:32 robot_of INFO No filters applied, returning all 200 trades
21:07:40 robot_of INFO API GET /status with query:  | filters: startDate=None, endDate=None, all=False
21:07:40 robot_of INFO No filters applied, returning all 200 trades
21:08:10 robot_of INFO API GET /status with query:  | filters: startDate=None, endDate=None, all=False
21:08:10 robot_of INFO No filters applied, returning all 200 trades
21:08:32 robot_of INFO API GET /status with query:  | filters: startDate=None, endDate=None, all=False
21:08:32 robot_of INFO No filters applied, returning all 200 trades
21:08:40 robot_of INFO API GET /status with query:  | filters: startDate=None, endDate=None, all=False
21:08:40 robot_of INFO No filters applied, returning all 200 trades
21:09:10 robot_of INFO API GET /status with query:  | filters: startDate=None, endDate=None, all=False
21:09:10 robot_of INFO No filters applied, returning all 200 trades
21:09:32 robot_of INFO API GET /status with query:  | filters: startDate=None, endDate=None, all=False
21:09:32 robot_of INFO No filters applied, returning all 200 trades
21:09:40 robot_of INFO API GET /status with query:  | filters: startDate=None, endDate=None, all=False
21:09:40 robot_of INFO No filters applied, returning all 200 trades
21:09:40 robot_of INFO Signal 15 received — shutting down...
21:09:42 strategy_of INFO VWEMA filter enabled: fast=20 slow=40 flat_th=1
21:09:42 robot_of INFO === Order Flow Robot v2 ===
21:09:42 robot_of INFO Symbol: SiU6@RTSX | Account: 1225953 | Port: 5080
21:09:42 robot_of INFO Params: lots=2 stepAvg=25 stepPyr=33
21:09:42 robot_of INFO   maxAvg=1000 maxPyr=5 spread=44
21:09:42 robot_of INFO   partialTP=True SL=pts/5000000
21:09:42 robot_of INFO   timeframe=M1
21:09:42 strategy_of INFO Restored position: dir=-1 lots=6 avg=79114 lotEntries=3
21:09:42 robot_of INFO State loaded: dir=-1 lots=6 mode=stopped
21:09:43 FinamPy CRITICAL Ошибка доступа к системному хранилищу: No recommended backend was available. Install a recommended 3rd party backend package; or, install the keyrings.alt package if you want to use the non-recommended backends. See https://pypi.org/project/keyring for details.
21:09:43 FinamPy CRITICAL Ошибка сохранения в системное хранилище: No recommended backend was available. Install a recommended 3rd party backend package; or, install the keyrings.alt package if you want to use the non-recommended backends. See https://pypi.org/project/keyring for details.
21:09:43 robot_of INFO FinamPy connected. Accounts: ['1225950', '1225951', '1225952', '1225953']
21:09:43 robot_of INFO Subscribed to LatestTrades: SiU6@RTSX
21:09:43 robot_of INFO Subscribed to OrderBook: SiU6@RTSX
21:09:43 robot_of INFO Subscribed to Bars: SiU6@RTSX M1
21:09:43 robot_of INFO Subscribed to Quotes: SiU6@RTSX
21:09:43 robot_of INFO VWEMA warmup: 40 bars fed | ready=True | dir=0 | ema_f=79173.6 ema_s=79167.7 atr=30.0
21:09:43 robot_of INFO Warmup: waiting 10 sec for data streams...
21:09:53 robot_of INFO Warmup done. OB has data: True
21:09:53 robot_of INFO Main loop started
21:09:53 robot_of INFO API listening on :5080
21:09:53 robot_of INFO Endpoints: GET /status | GET /health | POST /start /stop /pause /params
21:10:27 robot_of INFO API GET /status with query:  | filters: startDate=None, endDate=None, all=False
21:10:27 robot_of INFO No filters applied, returning all 200 trades
21:10:32 robot_of INFO API GET /status with query:  | filters: startDate=None, endDate=None, all=False
21:10:32 robot_of INFO No filters applied, returning all 200 trades
21:10:57 robot_of INFO API GET /status with query:  | filters: startDate=None, endDate=None, all=False
21:10:57 robot_of INFO No filters applied, returning all 200 trades
21:11:27 robot_of INFO API GET /status with query:  | filters: startDate=None, endDate=None, all=False
21:11:27 robot_of INFO No filters applied, returning all 200 trades
21:11:32 robot_of INFO API GET /status with query:  | filters: startDate=None, endDate=None, all=False
21:11:32 robot_of INFO No filters applied, returning all 200 trades
21:11:57 robot_of INFO API GET /status with query:  | filters: startDate=None, endDate=None, all=False
21:11:57 robot_of INFO No filters applied, returning all 200 trades
21:12:27 robot_of INFO API GET /status with query:  | filters: startDate=None, endDate=None, all=False
21:12:27 robot_of INFO No filters applied, returning all 200 trades
21:12:27 robot_of INFO Signal 15 received — shutting down...
21:12:30 strategy_of INFO VWEMA filter enabled: fast=20 slow=40 flat_th=1
21:12:30 robot_of INFO === Order Flow Robot v2 ===
21:12:30 robot_of INFO Symbol: SiU6@RTSX | Account: 1225953 | Port: 5080
21:12:30 robot_of INFO Params: lots=2 stepAvg=25 stepPyr=33
21:12:30 robot_of INFO   maxAvg=1000 maxPyr=5 spread=44
21:12:30 robot_of INFO   partialTP=True SL=pts/5000000
21:12:30 robot_of INFO   timeframe=M1
21:12:30 strategy_of INFO Restored position: dir=-1 lots=6 avg=79114 lotEntries=3
21:12:30 robot_of INFO State loaded: dir=-1 lots=6 mode=stopped
21:12:30 FinamPy CRITICAL Ошибка доступа к системному хранилищу: No recommended backend was available. Install a recommended 3rd party backend package; or, install the keyrings.alt package if you want to use the non-recommended backends. See https://pypi.org/project/keyring for details.
21:12:30 FinamPy CRITICAL Ошибка сохранения в системное хранилище: No recommended backend was available. Install a recommended 3rd party backend package; or, install the keyrings.alt package if you want to use the non-recommended backends. See https://pypi.org/project/keyring for details.
21:12:30 robot_of INFO FinamPy connected. Accounts: ['1225950', '1225951', '1225952', '1225953']
21:12:30 robot_of INFO Subscribed to LatestTrades: SiU6@RTSX
21:12:30 robot_of INFO Subscribed to OrderBook: SiU6@RTSX
21:12:30 robot_of INFO Subscribed to Bars: SiU6@RTSX M1
21:12:30 robot_of INFO Subscribed to Quotes: SiU6@RTSX
21:12:30 robot_of INFO VWEMA warmup: 37 bars fed | ready=True | dir=1 | ema_f=79184.5 ema_s=79173.6 atr=9.4
21:12:30 robot_of INFO Warmup: waiting 10 sec for data streams...
21:12:40 robot_of INFO Warmup done. OB has data: True
21:12:40 robot_of INFO Main loop started
21:12:40 robot_of INFO API listening on :5080
21:12:40 robot_of INFO Endpoints: GET /status | GET /health | POST /start /stop /pause /params
21:13:14 robot_of INFO API GET /status with query:  | filters: startDate=None, endDate=None, all=False
21:13:14 robot_of INFO No filters applied, returning all 200 trades
21:13:32 robot_of INFO API GET /status with query:  | filters: startDate=None, endDate=None, all=False
21:13:32 robot_of INFO No filters applied, returning all 200 trades
21:13:44 robot_of INFO API GET /status with query:  | filters: startDate=None, endDate=None, all=False
21:13:44 robot_of INFO No filters applied, returning all 200 trades
21:14:14 robot_of INFO API GET /status with query:  | filters: startDate=None, endDate=None, all=False
21:14:14 robot_of INFO No filters applied, returning all 200 trades
21:14:32 robot_of INFO API GET /status with query:  | filters: startDate=None, endDate=None, all=False
21:14:32 robot_of INFO No filters applied, returning all 200 trades
21:14:44 robot_of INFO API GET /status with query:  | filters: startDate=None, endDate=None, all=False
21:14:44 robot_of INFO No filters applied, returning all 200 trades
21:15:14 robot_of INFO API GET /status with query:  | filters: startDate=None, endDate=None, all=False
21:15:14 robot_of INFO No filters applied, returning all 200 trades
21:15:14 robot_of INFO Signal 15 received — shutting down...
21:15:17 strategy_of INFO VWEMA filter enabled: fast=20 slow=40 flat_th=1
21:15:17 robot_of INFO === Order Flow Robot v2 ===
21:15:17 robot_of INFO Symbol: SiU6@RTSX | Account: 1225953 | Port: 5080
21:15:17 robot_of INFO Params: lots=2 stepAvg=25 stepPyr=33
21:15:17 robot_of INFO   maxAvg=1000 maxPyr=5 spread=44
21:15:17 robot_of INFO   partialTP=True SL=pts/5000000
21:15:17 robot_of INFO   timeframe=M1
21:15:17 strategy_of INFO Restored position: dir=-1 lots=6 avg=79114 lotEntries=3
21:15:17 robot_of INFO State loaded: dir=-1 lots=6 mode=stopped
21:15:17 FinamPy CRITICAL Ошибка доступа к системному хранилищу: No recommended backend was available. Install a recommended 3rd party backend package; or, install the keyrings.alt package if you want to use the non-recommended backends. See https://pypi.org/project/keyring for details.
21:15:17 FinamPy CRITICAL Ошибка сохранения в системное хранилище: No recommended backend was available. Install a recommended 3rd party backend package; or, install the keyrings.alt package if you want to use the non-recommended backends. See https://pypi.org/project/keyring for details.
21:15:18 robot_of INFO FinamPy connected. Accounts: ['1225950', '1225951', '1225952', '1225953']
21:15:18 robot_of INFO Subscribed to LatestTrades: SiU6@RTSX
21:15:18 robot_of INFO Subscribed to OrderBook: SiU6@RTSX
21:15:18 robot_of INFO Subscribed to Bars: SiU6@RTSX M1
21:15:18 robot_of INFO Subscribed to Quotes: SiU6@RTSX
21:15:18 robot_of INFO VWEMA warmup: 34 bars fed | ready=True | dir=1 | ema_f=79184.8 ema_s=79173.8 atr=9.6
21:15:18 robot_of INFO Warmup: waiting 10 sec for data streams...
21:15:28 robot_of INFO Warmup done. OB has data: True
21:15:28 robot_of INFO Main loop started
21:15:28 robot_of INFO API listening on :5080
21:15:28 robot_of INFO Endpoints: GET /status | GET /health | POST /start /stop /pause /params
21:15:32 robot_of INFO API GET /status with query:  | filters: startDate=None, endDate=None, all=False
21:15:32 robot_of INFO No filters applied, returning all 200 trades
21:16:02 robot_of INFO API GET /status with query:  | filters: startDate=None, endDate=None, all=False
21:16:02 robot_of INFO No filters applied, returning all 200 trades
21:16:32 robot_of INFO API GET /status with query:  | filters: startDate=None, endDate=None, all=False
21:16:32 robot_of INFO No filters applied, returning all 200 trades
21:16:32 robot_of INFO API GET /status with query:  | filters: startDate=None, endDate=None, all=False
21:16:32 robot_of INFO No filters applied, returning all 200 trades
21:17:02 robot_of INFO API GET /status with query:  | filters: startDate=None, endDate=None, all=False
21:17:02 robot_of INFO No filters applied, returning all 200 trades
21:17:32 robot_of INFO API GET /status with query:  | filters: startDate=None, endDate=None, all=False
21:17:32 robot_of INFO No filters applied, returning all 200 trades
21:17:32 robot_of INFO API GET /status with query:  | filters: startDate=None, endDate=None, all=False
21:17:32 robot_of INFO No filters applied, returning all 200 trades
21:18:02 robot_of INFO API GET /status with query:  | filters: startDate=None, endDate=None, all=False
21:18:02 robot_of INFO No filters applied, returning all 200 trades
21:18:02 robot_of INFO Signal 15 received — shutting down...
21:18:04 strategy_of INFO VWEMA filter enabled: fast=20 slow=40 flat_th=1
21:18:04 robot_of INFO === Order Flow Robot v2 ===
21:18:04 robot_of INFO Symbol: SiU6@RTSX | Account: 1225953 | Port: 5080
21:18:04 robot_of INFO Params: lots=2 stepAvg=25 stepPyr=33
21:18:04 robot_of INFO   maxAvg=1000 maxPyr=5 spread=44
21:18:04 robot_of INFO   partialTP=True SL=pts/5000000
21:18:04 robot_of INFO   timeframe=M1
21:18:04 strategy_of INFO Restored position: dir=-1 lots=6 avg=79114 lotEntries=3
21:18:04 robot_of INFO State loaded: dir=-1 lots=6 mode=stopped
21:18:05 FinamPy CRITICAL Ошибка доступа к системному хранилищу: No recommended backend was available. Install a recommended 3rd party backend package; or, install the keyrings.alt package if you want to use the non-recommended backends. See https://pypi.org/project/keyring for details.
21:18:05 FinamPy CRITICAL Ошибка сохранения в системное хранилище: No recommended backend was available. Install a recommended 3rd party backend package; or, install the keyrings.alt package if you want to use the non-recommended backends. See https://pypi.org/project/keyring for details.
21:18:05 robot_of INFO FinamPy connected. Accounts: ['1225950', '1225951', '1225952', '1225953']
21:18:05 robot_of INFO Subscribed to LatestTrades: SiU6@RTSX
21:18:05 robot_of INFO Subscribed to OrderBook: SiU6@RTSX
21:18:05 robot_of INFO Subscribed to Bars: SiU6@RTSX M1
21:18:05 robot_of INFO Subscribed to Quotes: SiU6@RTSX
21:18:05 robot_of INFO VWEMA warmup: 31 bars fed | ready=False | dir=0 | ema_f=0.0 ema_s=0.0 atr=0.0
21:18:05 robot_of INFO Warmup: waiting 10 sec for data streams...
21:18:15 robot_of INFO Warmup done. OB has data: True
21:18:15 robot_of INFO Main loop started
21:18:15 robot_of INFO API listening on :5080
21:18:15 robot_of INFO Endpoints: GET /status | GET /health | POST /start /stop /pause /params
21:18:32 robot_of INFO API GET /status with query:  | filters: startDate=None, endDate=None, all=False
21:18:32 robot_of INFO No filters applied, returning all 200 trades
21:18:49 robot_of INFO API GET /status with query:  | filters: startDate=None, endDate=None, all=False
21:18:49 robot_of INFO No filters applied, returning all 200 trades
21:19:19 robot_of INFO API GET /status with query:  | filters: startDate=None, endDate=None, all=False
21:19:19 robot_of INFO No filters applied, returning all 200 trades
21:19:32 robot_of INFO API GET /status with query:  | filters: startDate=None, endDate=None, all=False
21:19:32 robot_of INFO No filters applied, returning all 200 trades
21:19:49 robot_of INFO API GET /status with query:  | filters: startDate=None, endDate=None, all=False
21:19:49 robot_of INFO No filters applied, returning all 200 trades
21:20:19 robot_of INFO API GET /status with query:  | filters: startDate=None, endDate=None, all=False
21:20:19 robot_of INFO No filters applied, returning all 200 trades
21:20:32 robot_of INFO API GET /status with query:  | filters: startDate=None, endDate=None, all=False
21:20:32 robot_of INFO No filters applied, returning all 200 trades
21:20:49 robot_of INFO API GET /status with query:  | filters: startDate=None, endDate=None, all=False
21:20:49 robot_of INFO No filters applied, returning all 200 trades
21:20:49 robot_of INFO Signal 15 received — shutting down...
21:20:52 strategy_of INFO VWEMA filter enabled: fast=20 slow=40 flat_th=1
21:20:52 robot_of INFO === Order Flow Robot v2 ===
21:20:52 robot_of INFO Symbol: SiU6@RTSX | Account: 1225953 | Port: 5080
21:20:52 robot_of INFO Params: lots=2 stepAvg=25 stepPyr=33
21:20:52 robot_of INFO   maxAvg=1000 maxPyr=5 spread=44
21:20:52 robot_of INFO   partialTP=True SL=pts/5000000
21:20:52 robot_of INFO   timeframe=M1
21:20:52 strategy_of INFO Restored position: dir=-1 lots=6 avg=79114 lotEntries=3
21:20:52 robot_of INFO State loaded: dir=-1 lots=6 mode=stopped
21:20:52 FinamPy CRITICAL Ошибка доступа к системному хранилищу: No recommended backend was available. Install a recommended 3rd party backend package; or, install the keyrings.alt package if you want to use the non-recommended backends. See https://pypi.org/project/keyring for details.
21:20:52 FinamPy CRITICAL Ошибка сохранения в системное хранилище: No recommended backend was available. Install a recommended 3rd party backend package; or, install the keyrings.alt package if you want to use the non-recommended backends. See https://pypi.org/project/keyring for details.
21:20:52 robot_of INFO FinamPy connected. Accounts: ['1225950', '1225951', '1225952', '1225953']
21:20:52 robot_of INFO Subscribed to LatestTrades: SiU6@RTSX
21:20:52 robot_of INFO Subscribed to OrderBook: SiU6@RTSX
21:20:52 robot_of INFO Subscribed to Bars: SiU6@RTSX M1
21:20:52 robot_of INFO Subscribed to Quotes: SiU6@RTSX
21:20:52 robot_of INFO VWEMA warmup: 29 bars fed | ready=True | dir=1 | ema_f=79185.2 ema_s=79174.4 atr=10.0
21:20:52 robot_of INFO Warmup: waiting 10 sec for data streams...
21:21:02 robot_of INFO Warmup done. OB has data: True
21:21:02 robot_of INFO Main loop started
21:21:02 robot_of INFO API listening on :5080
21:21:02 robot_of INFO Endpoints: GET /status | GET /health | POST /start /stop /pause /params
21:21:32 robot_of INFO API GET /status with query:  | filters: startDate=None, endDate=None, all=False
21:21:32 robot_of INFO No filters applied, returning all 200 trades
21:21:36 robot_of INFO API GET /status with query:  | filters: startDate=None, endDate=None, all=False
21:21:36 robot_of INFO No filters applied, returning all 200 trades
21:22:06 robot_of INFO API GET /status with query:  | filters: startDate=None, endDate=None, all=False
21:22:06 robot_of INFO No filters applied, returning all 200 trades
21:22:32 robot_of INFO API GET /status with query:  | filters: startDate=None, endDate=None, all=False
21:22:32 robot_of INFO No filters applied, returning all 200 trades
21:22:36 robot_of INFO API GET /status with query:  | filters: startDate=None, endDate=None, all=False
21:22:36 robot_of INFO No filters applied, returning all 200 trades
21:23:06 robot_of INFO API GET /status with query:  | filters: startDate=None, endDate=None, all=False
21:23:06 robot_of INFO No filters applied, returning all 200 trades
21:23:32 robot_of INFO API GET /status with query:  | filters: startDate=None, endDate=None, all=False
21:23:32 robot_of INFO No filters applied, returning all 200 trades
21:23:36 robot_of INFO API GET /status with query:  | filters: startDate=None, endDate=None, all=False
21:23:36 robot_of INFO No filters applied, returning all 200 trades
21:23:36 robot_of INFO Signal 15 received — shutting down...
21:23:39 strategy_of INFO VWEMA filter enabled: fast=20 slow=40 flat_th=1
21:23:39 robot_of INFO === Order Flow Robot v2 ===
21:23:39 robot_of INFO Symbol: SiU6@RTSX | Account: 1225953 | Port: 5080
21:23:39 robot_of INFO Params: lots=2 stepAvg=25 stepPyr=33
21:23:39 robot_of INFO   maxAvg=1000 maxPyr=5 spread=44
21:23:39 robot_of INFO   partialTP=True SL=pts/5000000
21:23:39 robot_of INFO   timeframe=M1
21:23:39 strategy_of INFO Restored position: dir=-1 lots=6 avg=79114 lotEntries=3
21:23:39 robot_of INFO State loaded: dir=-1 lots=6 mode=stopped
21:23:39 FinamPy CRITICAL Ошибка доступа к системному хранилищу: No recommended backend was available. Install a recommended 3rd party backend package; or, install the keyrings.alt package if you want to use the non-recommended backends. See https://pypi.org/project/keyring for details.
21:23:39 FinamPy CRITICAL Ошибка сохранения в системное хранилище: No recommended backend was available. Install a recommended 3rd party backend package; or, install the keyrings.alt package if you want to use the non-recommended backends. See https://pypi.org/project/keyring for details.
21:23:39 robot_of INFO FinamPy connected. Accounts: ['1225950', '1225951', '1225952', '1225953']
21:23:39 robot_of INFO Subscribed to LatestTrades: SiU6@RTSX
21:23:39 robot_of INFO Subscribed to OrderBook: SiU6@RTSX
21:23:39 robot_of INFO Subscribed to Bars: SiU6@RTSX M1
21:23:39 robot_of INFO Subscribed to Quotes: SiU6@RTSX
21:23:40 robot_of INFO VWEMA warmup: 26 bars fed | ready=False | dir=0 | ema_f=0.0 ema_s=0.0 atr=0.0
21:23:40 robot_of INFO Warmup: waiting 10 sec for data streams...
21:23:50 robot_of INFO Warmup done. OB has data: True
21:23:50 robot_of INFO Main loop started
21:23:50 robot_of INFO API listening on :5080
21:23:50 robot_of INFO Endpoints: GET /status | GET /health | POST /start /stop /pause /params
21:24:24 robot_of INFO API GET /status with query:  | filters: startDate=None, endDate=None, all=False
21:24:24 robot_of INFO No filters applied, returning all 200 trades
21:24:32 robot_of INFO API GET /status with query:  | filters: startDate=None, endDate=None, all=False
21:24:32 robot_of INFO No filters applied, returning all 200 trades
21:24:54 robot_of INFO API GET /status with query:  | filters: startDate=None, endDate=None, all=False
21:24:54 robot_of INFO No filters applied, returning all 200 trades
21:25:24 robot_of INFO API GET /status with query:  | filters: startDate=None, endDate=None, all=False
21:25:24 robot_of INFO No filters applied, returning all 200 trades
21:25:32 robot_of INFO API GET /status with query:  | filters: startDate=None, endDate=None, all=False
21:25:32 robot_of INFO No filters applied, returning all 200 trades
21:25:54 robot_of INFO API GET /status with query:  | filters: startDate=None, endDate=None, all=False
21:25:54 robot_of INFO No filters applied, returning all 200 trades
21:26:24 robot_of INFO API GET /status with query:  | filters: startDate=None, endDate=None, all=False
21:26:24 robot_of INFO No filters applied, returning all 200 trades
21:26:24 robot_of INFO Signal 15 received — shutting down...
21:26:26 strategy_of INFO VWEMA filter enabled: fast=20 slow=40 flat_th=1
21:26:26 robot_of INFO === Order Flow Robot v2 ===
21:26:26 robot_of INFO Symbol: SiU6@RTSX | Account: 1225953 | Port: 5080
21:26:26 robot_of INFO Params: lots=2 stepAvg=25 stepPyr=33
21:26:26 robot_of INFO   maxAvg=1000 maxPyr=5 spread=44
21:26:26 robot_of INFO   partialTP=True SL=pts/5000000
21:26:26 robot_of INFO   timeframe=M1
21:26:26 strategy_of INFO Restored position: dir=-1 lots=6 avg=79114 lotEntries=3
21:26:26 robot_of INFO State loaded: dir=-1 lots=6 mode=stopped
21:26:26 FinamPy CRITICAL Ошибка доступа к системному хранилищу: No recommended backend was available. Install a recommended 3rd party backend package; or, install the keyrings.alt package if you want to use the non-recommended backends. See https://pypi.org/project/keyring for details.
21:26:26 FinamPy CRITICAL Ошибка сохранения в системное хранилище: No recommended backend was available. Install a recommended 3rd party backend package; or, install the keyrings.alt package if you want to use the non-recommended backends. See https://pypi.org/project/keyring for details.
21:26:27 robot_of INFO FinamPy connected. Accounts: ['1225950', '1225951', '1225952', '1225953']
21:26:27 robot_of INFO Subscribed to LatestTrades: SiU6@RTSX
21:26:27 robot_of INFO Subscribed to OrderBook: SiU6@RTSX
21:26:27 robot_of INFO Subscribed to Bars: SiU6@RTSX M1
21:26:27 robot_of INFO Subscribed to Quotes: SiU6@RTSX
21:26:27 robot_of INFO VWEMA warmup: 23 bars fed | ready=False | dir=0 | ema_f=0.0 ema_s=0.0 atr=0.0
21:26:27 robot_of INFO Warmup: waiting 10 sec for data streams...
21:26:37 robot_of INFO Warmup done. OB has data: True
21:26:37 robot_of INFO Main loop started
21:26:37 robot_of INFO API listening on :5080
21:26:37 robot_of INFO Endpoints: GET /status | GET /health | POST /start /stop /pause /params
21:27:11 robot_of INFO API GET /status with query:  | filters: startDate=None, endDate=None, all=False
21:27:11 robot_of INFO No filters applied, returning all 200 trades
21:27:32 robot_of INFO API GET /status with query:  | filters: startDate=None, endDate=None, all=False
21:27:32 robot_of INFO No filters applied, returning all 200 trades
21:27:41 robot_of INFO API GET /status with query:  | filters: startDate=None, endDate=None, all=False
21:27:41 robot_of INFO No filters applied, returning all 200 trades
21:28:11 robot_of INFO API GET /status with query:  | filters: startDate=None, endDate=None, all=False
21:28:11 robot_of INFO No filters applied, returning all 200 trades
21:28:32 robot_of INFO API GET /status with query:  | filters: startDate=None, endDate=None, all=False
21:28:32 robot_of INFO No filters applied, returning all 200 trades
21:28:41 robot_of INFO API GET /status with query:  | filters: startDate=None, endDate=None, all=False
21:28:41 robot_of INFO No filters applied, returning all 200 trades
21:29:11 robot_of INFO API GET /status with query:  | filters: startDate=None, endDate=None, all=False
21:29:11 robot_of INFO No filters applied, returning all 200 trades
21:29:11 robot_of INFO Signal 15 received — shutting down...
21:29:14 strategy_of INFO VWEMA filter enabled: fast=20 slow=40 flat_th=1
21:29:14 robot_of INFO === Order Flow Robot v2 ===
21:29:14 robot_of INFO Symbol: SiU6@RTSX | Account: 1225953 | Port: 5080
21:29:14 robot_of INFO Params: lots=2 stepAvg=25 stepPyr=33
21:29:14 robot_of INFO   maxAvg=1000 maxPyr=5 spread=44
21:29:14 robot_of INFO   partialTP=True SL=pts/5000000
21:29:14 robot_of INFO   timeframe=M1
21:29:14 strategy_of INFO Restored position: dir=-1 lots=6 avg=79114 lotEntries=3
21:29:14 robot_of INFO State loaded: dir=-1 lots=6 mode=stopped
21:29:14 FinamPy CRITICAL Ошибка доступа к системному хранилищу: No recommended backend was available. Install a recommended 3rd party backend package; or, install the keyrings.alt package if you want to use the non-recommended backends. See https://pypi.org/project/keyring for details.
21:29:14 FinamPy CRITICAL Ошибка сохранения в системное хранилище: No recommended backend was available. Install a recommended 3rd party backend package; or, install the keyrings.alt package if you want to use the non-recommended backends. See https://pypi.org/project/keyring for details.
21:29:14 robot_of INFO FinamPy connected. Accounts: ['1225950', '1225951', '1225952', '1225953']
21:29:14 robot_of INFO Subscribed to LatestTrades: SiU6@RTSX
21:29:14 robot_of INFO Subscribed to OrderBook: SiU6@RTSX
21:29:14 robot_of INFO Subscribed to Bars: SiU6@RTSX M1
21:29:14 robot_of INFO Subscribed to Quotes: SiU6@RTSX
21:29:14 robot_of INFO VWEMA warmup: 20 bars fed | ready=True | dir=1 | ema_f=79186.8 ema_s=79175.4 atr=11.1
21:29:14 robot_of INFO Warmup: waiting 10 sec for data streams...
21:29:24 robot_of INFO Warmup done. OB has data: True
21:29:24 robot_of INFO Main loop started
21:29:27 robot_of INFO API listening on :5080
21:29:27 robot_of INFO Endpoints: GET /status | GET /health | POST /start /stop /pause /params
21:29:32 robot_of INFO API GET /status with query:  | filters: startDate=None, endDate=None, all=False
21:29:32 robot_of INFO No filters applied, returning all 200 trades
21:29:58 robot_of INFO API GET /status with query:  | filters: startDate=None, endDate=None, all=False
21:29:58 robot_of INFO No filters applied, returning all 200 trades
21:30:28 robot_of INFO API GET /status with query:  | filters: startDate=None, endDate=None, all=False
21:30:28 robot_of INFO No filters applied, returning all 200 trades
21:30:32 robot_of INFO API GET /status with query:  | filters: startDate=None, endDate=None, all=False
21:30:32 robot_of INFO No filters applied, returning all 200 trades
21:30:58 robot_of INFO API GET /status with query:  | filters: startDate=None, endDate=None, all=False
21:30:58 robot_of INFO No filters applied, returning all 200 trades
21:31:28 robot_of INFO API GET /status with query:  | filters: startDate=None, endDate=None, all=False
21:31:28 robot_of INFO No filters applied, returning all 200 trades
21:31:32 robot_of INFO API GET /status with query:  | filters: startDate=None, endDate=None, all=False
21:31:32 robot_of INFO No filters applied, returning all 200 trades
21:31:58 robot_of INFO API GET /status with query:  | filters: startDate=None, endDate=None, all=False
21:31:58 robot_of INFO No filters applied, returning all 200 trades
21:31:58 robot_of INFO Signal 15 received — shutting down...
21:32:01 strategy_of INFO VWEMA filter enabled: fast=20 slow=40 flat_th=1
21:32:01 robot_of INFO === Order Flow Robot v2 ===
21:32:01 robot_of INFO Symbol: SiU6@RTSX | Account: 1225953 | Port: 5080
21:32:01 robot_of INFO Params: lots=2 stepAvg=25 stepPyr=33
21:32:01 robot_of INFO   maxAvg=1000 maxPyr=5 spread=44
21:32:01 robot_of INFO   partialTP=True SL=pts/5000000
21:32:01 robot_of INFO   timeframe=M1
21:32:01 strategy_of INFO Restored position: dir=-1 lots=6 avg=79114 lotEntries=3
21:32:01 robot_of INFO State loaded: dir=-1 lots=6 mode=stopped
21:32:01 FinamPy CRITICAL Ошибка доступа к системному хранилищу: No recommended backend was available. Install a recommended 3rd party backend package; or, install the keyrings.alt package if you want to use the non-recommended backends. See https://pypi.org/project/keyring for details.
21:32:01 FinamPy CRITICAL Ошибка сохранения в системное хранилище: No recommended backend was available. Install a recommended 3rd party backend package; or, install the keyrings.alt package if you want to use the non-recommended backends. See https://pypi.org/project/keyring for details.
21:32:01 robot_of INFO FinamPy connected. Accounts: ['1225950', '1225951', '1225952', '1225953']
21:32:01 robot_of INFO Subscribed to LatestTrades: SiU6@RTSX
21:32:01 robot_of INFO Subscribed to OrderBook: SiU6@RTSX
21:32:01 robot_of INFO Subscribed to Bars: SiU6@RTSX M1
21:32:01 robot_of INFO Subscribed to Quotes: SiU6@RTSX
21:32:01 robot_of INFO VWEMA warmup: 17 bars fed | ready=True | dir=1 | ema_f=79187.7 ema_s=79175.9 atr=11.6
21:32:01 robot_of INFO Warmup: waiting 10 sec for data streams...
21:32:11 robot_of INFO Warmup done. OB has data: True
21:32:11 robot_of INFO Main loop started
21:32:11 robot_of INFO API listening on :5080
21:32:11 robot_of INFO Endpoints: GET /status | GET /health | POST /start /stop /pause /params
21:32:32 robot_of INFO API GET /status with query:  | filters: startDate=None, endDate=None, all=False
21:32:32 robot_of INFO No filters applied, returning all 200 trades
21:32:45 robot_of INFO API GET /status with query:  | filters: startDate=None, endDate=None, all=False
21:32:45 robot_of INFO No filters applied, returning all 200 trades
21:33:15 robot_of INFO API GET /status with query:  | filters: startDate=None, endDate=None, all=False
21:33:15 robot_of INFO No filters applied, returning all 200 trades
21:33:32 robot_of INFO API GET /status with query:  | filters: startDate=None, endDate=None, all=False
21:33:32 robot_of INFO No filters applied, returning all 200 trades
21:33:45 robot_of INFO API GET /status with query:  | filters: startDate=None, endDate=None, all=False
21:33:45 robot_of INFO No filters applied, returning all 200 trades
21:34:15 robot_of INFO API GET /status with query:  | filters: startDate=None, endDate=None, all=False
21:34:15 robot_of INFO No filters applied, returning all 200 trades
21:34:32 robot_of INFO API GET /status with query:  | filters: startDate=None, endDate=None, all=False
21:34:32 robot_of INFO No filters applied, returning all 200 trades
21:34:45 robot_of INFO API GET /status with query:  | filters: startDate=None, endDate=None, all=False
21:34:45 robot_of INFO No filters applied, returning all 200 trades
21:34:45 robot_of INFO Signal 15 received — shutting down...
21:34:48 strategy_of INFO VWEMA filter enabled: fast=20 slow=40 flat_th=1
21:34:48 robot_of INFO === Order Flow Robot v2 ===
21:34:48 robot_of INFO Symbol: SiU6@RTSX | Account: 1225953 | Port: 5080
21:34:48 robot_of INFO Params: lots=2 stepAvg=25 stepPyr=33
21:34:48 robot_of INFO   maxAvg=1000 maxPyr=5 spread=44
21:34:48 robot_of INFO   partialTP=True SL=pts/5000000
21:34:48 robot_of INFO   timeframe=M1
21:34:48 strategy_of INFO Restored position: dir=-1 lots=6 avg=79114 lotEntries=3
21:34:48 robot_of INFO State loaded: dir=-1 lots=6 mode=stopped
21:34:48 FinamPy CRITICAL Ошибка доступа к системному хранилищу: No recommended backend was available. Install a recommended 3rd party backend package; or, install the keyrings.alt package if you want to use the non-recommended backends. See https://pypi.org/project/keyring for details.
21:34:48 FinamPy CRITICAL Ошибка сохранения в системное хранилище: No recommended backend was available. Install a recommended 3rd party backend package; or, install the keyrings.alt package if you want to use the non-recommended backends. See https://pypi.org/project/keyring for details.
21:34:49 robot_of INFO FinamPy connected. Accounts: ['1225950', '1225951', '1225952', '1225953']
21:34:49 robot_of INFO Subscribed to LatestTrades: SiU6@RTSX
21:34:49 robot_of INFO Subscribed to OrderBook: SiU6@RTSX
21:34:49 robot_of INFO Subscribed to Bars: SiU6@RTSX M1
21:34:49 robot_of INFO Subscribed to Quotes: SiU6@RTSX
21:34:49 robot_of INFO VWEMA warmup: 15 bars fed | ready=True | dir=0 | ema_f=79188.3 ema_s=79176.3 atr=12.1
21:34:49 robot_of INFO Warmup: waiting 10 sec for data streams...
21:34:59 robot_of INFO Warmup done. OB has data: True
21:34:59 robot_of INFO Main loop started
21:34:59 robot_of INFO API listening on :5080
21:34:59 robot_of INFO Endpoints: GET /status | GET /health | POST /start /stop /pause /params
21:35:32 robot_of INFO API GET /status with query:  | filters: startDate=None, endDate=None, all=False
21:35:32 robot_of INFO No filters applied, returning all 200 trades
21:35:33 robot_of INFO API GET /status with query:  | filters: startDate=None, endDate=None, all=False
21:35:33 robot_of INFO No filters applied, returning all 200 trades
21:36:03 robot_of INFO API GET /status with query:  | filters: startDate=None, endDate=None, all=False
21:36:03 robot_of INFO No filters applied, returning all 200 trades
21:36:32 robot_of INFO API GET /status with query:  | filters: startDate=None, endDate=None, all=False
21:36:32 robot_of INFO No filters applied, returning all 200 trades
21:36:33 robot_of INFO API GET /status with query:  | filters: startDate=None, endDate=None, all=False
21:36:33 robot_of INFO No filters applied, returning all 200 trades
21:37:03 robot_of INFO API GET /status with query:  | filters: startDate=None, endDate=None, all=False
21:37:03 robot_of INFO No filters applied, returning all 200 trades
21:37:32 robot_of INFO API GET /status with query:  | filters: startDate=None, endDate=None, all=False
21:37:32 robot_of INFO No filters applied, returning all 200 trades
21:37:33 robot_of INFO API GET /status with query:  | filters: startDate=None, endDate=None, all=False
21:37:33 robot_of INFO No filters applied, returning all 200 trades
21:37:33 robot_of INFO Signal 15 received — shutting down...
21:37:35 strategy_of INFO VWEMA filter enabled: fast=20 slow=40 flat_th=1
21:37:35 robot_of INFO === Order Flow Robot v2 ===
21:37:35 robot_of INFO Symbol: SiU6@RTSX | Account: 1225953 | Port: 5080
21:37:35 robot_of INFO Params: lots=2 stepAvg=25 stepPyr=33
21:37:35 robot_of INFO   maxAvg=1000 maxPyr=5 spread=44
21:37:35 robot_of INFO   partialTP=True SL=pts/5000000
21:37:35 robot_of INFO   timeframe=M1
21:37:35 strategy_of INFO Restored position: dir=-1 lots=6 avg=79114 lotEntries=3
21:37:35 robot_of INFO State loaded: dir=-1 lots=6 mode=stopped
21:37:35 FinamPy CRITICAL Ошибка доступа к системному хранилищу: No recommended backend was available. Install a recommended 3rd party backend package; or, install the keyrings.alt package if you want to use the non-recommended backends. See https://pypi.org/project/keyring for details.
21:37:35 FinamPy CRITICAL Ошибка сохранения в системное хранилище: No recommended backend was available. Install a recommended 3rd party backend package; or, install the keyrings.alt package if you want to use the non-recommended backends. See https://pypi.org/project/keyring for details.
21:37:36 robot_of INFO FinamPy connected. Accounts: ['1225950', '1225951', '1225952', '1225953']
21:37:36 robot_of INFO Subscribed to LatestTrades: SiU6@RTSX
21:37:36 robot_of INFO Subscribed to OrderBook: SiU6@RTSX
21:37:36 robot_of INFO Subscribed to Bars: SiU6@RTSX M1
21:37:36 robot_of INFO Subscribed to Quotes: SiU6@RTSX
21:37:36 robot_of INFO VWEMA warmup: 12 bars fed | ready=False | dir=0 | ema_f=0.0 ema_s=0.0 atr=0.0
21:37:36 robot_of INFO Warmup: waiting 10 sec for data streams...
21:37:46 robot_of INFO Warmup done. OB has data: True
21:37:46 robot_of INFO Main loop started
21:37:46 robot_of INFO API listening on :5080
21:37:46 robot_of INFO Endpoints: GET /status | GET /health | POST /start /stop /pause /params
21:38:20 robot_of INFO API GET /status with query:  | filters: startDate=None, endDate=None, all=False
21:38:20 robot_of INFO No filters applied, returning all 200 trades
21:38:32 robot_of INFO API GET /status with query:  | filters: startDate=None, endDate=None, all=False
21:38:32 robot_of INFO No filters applied, returning all 200 trades
21:38:50 robot_of INFO API GET /status with query:  | filters: startDate=None, endDate=None, all=False
21:38:50 robot_of INFO No filters applied, returning all 200 trades
21:39:20 robot_of INFO API GET /status with query:  | filters: startDate=None, endDate=None, all=False
21:39:20 robot_of INFO No filters applied, returning all 200 trades
21:39:32 robot_of INFO API GET /status with query:  | filters: startDate=None, endDate=None, all=False
21:39:32 robot_of INFO No filters applied, returning all 200 trades
21:39:50 robot_of INFO API GET /status with query:  | filters: startDate=None, endDate=None, all=False
21:39:50 robot_of INFO No filters applied, returning all 200 trades
21:40:20 robot_of INFO API GET /status with query:  | filters: startDate=None, endDate=None, all=False
21:40:20 robot_of INFO No filters applied, returning all 200 trades
21:40:20 robot_of INFO Signal 15 received — shutting down...
21:40:20 robot_of INFO Main loop stopped
21:40:23 strategy_of INFO VWEMA filter enabled: fast=20 slow=40 flat_th=1
21:40:23 robot_of INFO === Order Flow Robot v2 ===
21:40:23 robot_of INFO Symbol: SiU6@RTSX | Account: 1225953 | Port: 5080
21:40:23 robot_of INFO Params: lots=2 stepAvg=25 stepPyr=33
21:40:23 robot_of INFO   maxAvg=1000 maxPyr=5 spread=44
21:40:23 robot_of INFO   partialTP=True SL=pts/5000000
21:40:23 robot_of INFO   timeframe=M1
21:40:23 strategy_of INFO Restored position: dir=-1 lots=6 avg=79114 lotEntries=3
21:40:23 robot_of INFO State loaded: dir=-1 lots=6 mode=stopped
21:40:23 FinamPy CRITICAL Ошибка доступа к системному хранилищу: No recommended backend was available. Install a recommended 3rd party backend package; or, install the keyrings.alt package if you want to use the non-recommended backends. See https://pypi.org/project/keyring for details.
21:40:23 FinamPy CRITICAL Ошибка сохранения в системное хранилище: No recommended backend was available. Install a recommended 3rd party backend package; or, install the keyrings.alt package if you want to use the non-recommended backends. See https://pypi.org/project/keyring for details.
21:40:23 robot_of INFO FinamPy connected. Accounts: ['1225950', '1225951', '1225952', '1225953']
21:40:23 robot_of INFO Subscribed to LatestTrades: SiU6@RTSX
21:40:23 robot_of INFO Subscribed to OrderBook: SiU6@RTSX
21:40:23 robot_of INFO Subscribed to Bars: SiU6@RTSX M1
21:40:23 robot_of INFO Subscribed to Quotes: SiU6@RTSX
21:40:23 robot_of INFO VWEMA warmup: 9 bars fed | ready=False | dir=0 | ema_f=0.0 ema_s=0.0 atr=0.0
21:40:23 robot_of INFO Warmup: waiting 10 sec for data streams...
21:40:33 robot_of INFO Warmup done. OB has data: True
21:40:33 robot_of INFO Main loop started
21:40:33 robot_of INFO API listening on :5080
21:40:33 robot_of INFO Endpoints: GET /status | GET /health | POST /start /stop /pause /params
21:40:34 robot_of INFO API GET /status with query:  | filters: startDate=None, endDate=None, all=False
21:40:34 robot_of INFO No filters applied, returning all 200 trades
21:41:17 robot_of INFO Signal 15 received — shutting down...
21:41:20 strategy_of INFO VWEMA filter enabled: fast=20 slow=40 flat_th=1
21:41:20 robot_of INFO === Order Flow Robot v2 ===
21:41:20 robot_of INFO Symbol: SiU6@RTSX | Account: 1225953 | Port: 5080
21:41:20 robot_of INFO Params: lots=2 stepAvg=25 stepPyr=33
21:41:20 robot_of INFO   maxAvg=1000 maxPyr=5 spread=44
21:41:20 robot_of INFO   partialTP=True SL=pts/5000000
21:41:20 robot_of INFO   timeframe=M1
21:41:20 strategy_of INFO Restored position: dir=-1 lots=6 avg=79114 lotEntries=3
21:41:20 robot_of INFO State loaded: dir=-1 lots=6 mode=stopped
21:41:20 FinamPy CRITICAL Ошибка доступа к системному хранилищу: No recommended backend was available. Install a recommended 3rd party backend package; or, install the keyrings.alt package if you want to use the non-recommended backends. See https://pypi.org/project/keyring for details.
21:41:20 FinamPy CRITICAL Ошибка сохранения в системное хранилище: No recommended backend was available. Install a recommended 3rd party backend package; or, install the keyrings.alt package if you want to use the non-recommended backends. See https://pypi.org/project/keyring for details.
21:41:20 robot_of INFO FinamPy connected. Accounts: ['1225950', '1225951', '1225952', '1225953']
21:41:20 robot_of INFO Subscribed to LatestTrades: SiU6@RTSX
21:41:20 robot_of INFO Subscribed to OrderBook: SiU6@RTSX
21:41:20 robot_of INFO Subscribed to Bars: SiU6@RTSX M1
21:41:20 robot_of INFO Subscribed to Quotes: SiU6@RTSX
21:41:20 robot_of INFO VWEMA warmup: 8 bars fed | ready=True | dir=1 | ema_f=79192.7 ema_s=79177.8 atr=14.0
21:41:20 robot_of INFO Warmup: waiting 10 sec for data streams...
21:41:30 robot_of INFO Warmup done. OB has data: True
21:41:30 robot_of INFO Main loop started
21:41:30 robot_of INFO API listening on :5080
21:41:30 robot_of INFO Endpoints: GET /status | GET /health | POST /start /stop /pause /params
21:41:32 robot_of INFO API GET /status with query:  | filters: startDate=None, endDate=None, all=False
21:41:32 robot_of INFO No filters applied, returning all 200 trades
21:42:04 robot_of INFO API GET /status with query:  | filters: startDate=None, endDate=None, all=False
21:42:04 robot_of INFO No filters applied, returning all 200 trades
21:42:32 robot_of INFO API GET /status with query:  | filters: startDate=None, endDate=None, all=False
21:42:32 robot_of INFO No filters applied, returning all 200 trades
21:42:34 robot_of INFO API GET /status with query:  | filters: startDate=None, endDate=None, all=False
21:42:34 robot_of INFO No filters applied, returning all 200 trades
21:43:04 robot_of INFO API GET /status with query:  | filters: startDate=None, endDate=None, all=False
21:43:04 robot_of INFO No filters applied, returning all 200 trades
21:43:32 robot_of INFO API GET /status with query:  | filters: startDate=None, endDate=None, all=False
21:43:32 robot_of INFO No filters applied, returning all 200 trades
21:43:34 robot_of INFO API GET /status with query:  | filters: startDate=None, endDate=None, all=False
21:43:34 robot_of INFO No filters applied, returning all 200 trades
21:44:04 robot_of INFO API GET /status with query:  | filters: startDate=None, endDate=None, all=False
21:44:04 robot_of INFO No filters applied, returning all 200 trades
21:44:04 robot_of INFO Signal 15 received — shutting down...
21:44:07 strategy_of INFO VWEMA filter enabled: fast=20 slow=40 flat_th=1
21:44:07 robot_of INFO === Order Flow Robot v2 ===
21:44:07 robot_of INFO Symbol: SiU6@RTSX | Account: 1225953 | Port: 5080
21:44:07 robot_of INFO Params: lots=2 stepAvg=25 stepPyr=33
21:44:07 robot_of INFO   maxAvg=1000 maxPyr=5 spread=44
21:44:07 robot_of INFO   partialTP=True SL=pts/5000000
21:44:07 robot_of INFO   timeframe=M1
21:44:07 strategy_of INFO Restored position: dir=-1 lots=6 avg=79114 lotEntries=3
21:44:07 robot_of INFO State loaded: dir=-1 lots=6 mode=stopped
21:44:07 FinamPy CRITICAL Ошибка доступа к системному хранилищу: No recommended backend was available. Install a recommended 3rd party backend package; or, install the keyrings.alt package if you want to use the non-recommended backends. See https://pypi.org/project/keyring for details.
21:44:07 FinamPy CRITICAL Ошибка сохранения в системное хранилище: No recommended backend was available. Install a recommended 3rd party backend package; or, install the keyrings.alt package if you want to use the non-recommended backends. See https://pypi.org/project/keyring for details.
21:44:08 robot_of INFO FinamPy connected. Accounts: ['1225950', '1225951', '1225952', '1225953']
21:44:08 robot_of INFO Subscribed to LatestTrades: SiU6@RTSX
21:44:08 robot_of INFO Subscribed to OrderBook: SiU6@RTSX
21:44:08 robot_of INFO Subscribed to Bars: SiU6@RTSX M1
21:44:08 robot_of INFO Subscribed to Quotes: SiU6@RTSX
21:44:08 robot_of INFO VWEMA warmup: 5 bars fed | ready=False | dir=0 | ema_f=0.0 ema_s=0.0 atr=0.0
21:44:08 robot_of INFO Warmup: waiting 10 sec for data streams...
21:44:18 robot_of INFO Warmup done. OB has data: True
21:44:18 robot_of INFO Main loop started
21:44:18 robot_of INFO API listening on :5080
21:44:18 robot_of INFO Endpoints: GET /status | GET /health | POST /start /stop /pause /params
21:44:32 robot_of INFO API GET /status with query:  | filters: startDate=None, endDate=None, all=False
21:44:32 robot_of INFO No filters applied, returning all 200 trades
21:44:52 robot_of INFO API GET /status with query:  | filters: startDate=None, endDate=None, all=False
21:44:52 robot_of INFO No filters applied, returning all 200 trades
21:45:22 robot_of INFO API GET /status with query:  | filters: startDate=None, endDate=None, all=False
21:45:22 robot_of INFO No filters applied, returning all 200 trades
21:45:32 robot_of INFO API GET /status with query:  | filters: startDate=None, endDate=None, all=False
21:45:32 robot_of INFO No filters applied, returning all 200 trades
21:45:52 robot_of INFO API GET /status with query:  | filters: startDate=None, endDate=None, all=False
21:45:52 robot_of INFO No filters applied, returning all 200 trades
21:46:22 robot_of INFO API GET /status with query:  | filters: startDate=None, endDate=None, all=False
21:46:22 robot_of INFO No filters applied, returning all 200 trades
21:46:32 robot_of INFO API GET /status with query:  | filters: startDate=None, endDate=None, all=False
21:46:32 robot_of INFO No filters applied, returning all 200 trades
21:46:52 robot_of INFO API GET /status with query:  | filters: startDate=None, endDate=None, all=False
21:46:52 robot_of INFO No filters applied, returning all 200 trades
21:46:52 robot_of INFO Signal 15 received — shutting down...
21:46:54 strategy_of INFO VWEMA filter enabled: fast=20 slow=40 flat_th=1
21:46:54 robot_of INFO === Order Flow Robot v2 ===
21:46:54 robot_of INFO Symbol: SiU6@RTSX | Account: 1225953 | Port: 5080
21:46:54 robot_of INFO Params: lots=2 stepAvg=25 stepPyr=33
21:46:54 robot_of INFO   maxAvg=1000 maxPyr=5 spread=44
21:46:54 robot_of INFO   partialTP=True SL=pts/5000000
21:46:54 robot_of INFO   timeframe=M1
21:46:54 strategy_of INFO Restored position: dir=-1 lots=6 avg=79114 lotEntries=3
21:46:54 robot_of INFO State loaded: dir=-1 lots=6 mode=stopped
21:46:54 FinamPy CRITICAL Ошибка доступа к системному хранилищу: No recommended backend was available. Install a recommended 3rd party backend package; or, install the keyrings.alt package if you want to use the non-recommended backends. See https://pypi.org/project/keyring for details.
21:46:54 FinamPy CRITICAL Ошибка сохранения в системное хранилище: No recommended backend was available. Install a recommended 3rd party backend package; or, install the keyrings.alt package if you want to use the non-recommended backends. See https://pypi.org/project/keyring for details.
21:46:55 robot_of INFO FinamPy connected. Accounts: ['1225950', '1225951', '1225952', '1225953']
21:46:55 robot_of INFO Subscribed to LatestTrades: SiU6@RTSX
21:46:55 robot_of INFO Subscribed to OrderBook: SiU6@RTSX
21:46:55 robot_of INFO Subscribed to Bars: SiU6@RTSX M1
21:46:55 robot_of INFO Subscribed to Quotes: SiU6@RTSX
21:46:55 robot_of INFO VWEMA warmup: 3 bars fed | ready=True | dir=1 | ema_f=79193.6 ema_s=79176.5 atr=13.0
21:46:55 robot_of INFO Warmup: waiting 10 sec for data streams...
21:47:05 robot_of INFO Warmup done. OB has data: True
21:47:05 robot_of INFO Main loop started
21:47:05 robot_of INFO API listening on :5080
21:47:05 robot_of INFO Endpoints: GET /status | GET /health | POST /start /stop /pause /params
21:47:32 robot_of INFO API GET /status with query:  | filters: startDate=None, endDate=None, all=False
21:47:32 robot_of INFO No filters applied, returning all 200 trades
21:47:39 robot_of INFO API GET /status with query:  | filters: startDate=None, endDate=None, all=False
21:47:39 robot_of INFO No filters applied, returning all 200 trades
21:48:09 robot_of INFO API GET /status with query:  | filters: startDate=None, endDate=None, all=False
21:48:09 robot_of INFO No filters applied, returning all 200 trades
21:48:32 robot_of INFO API GET /status with query:  | filters: startDate=None, endDate=None, all=False
21:48:32 robot_of INFO No filters applied, returning all 200 trades
21:48:39 robot_of INFO API GET /status with query:  | filters: startDate=None, endDate=None, all=False
21:48:39 robot_of INFO No filters applied, returning all 200 trades
21:49:09 robot_of INFO API GET /status with query:  | filters: startDate=None, endDate=None, all=False
21:49:09 robot_of INFO No filters applied, returning all 200 trades
21:49:32 robot_of INFO API GET /status with query:  | filters: startDate=None, endDate=None, all=False
21:49:32 robot_of INFO No filters applied, returning all 200 trades
21:49:39 robot_of INFO API GET /status with query:  | filters: startDate=None, endDate=None, all=False
21:49:39 robot_of INFO No filters applied, returning all 200 trades
21:49:39 robot_of INFO Signal 15 received — shutting down...
21:49:42 strategy_of INFO VWEMA filter enabled: fast=20 slow=40 flat_th=1
21:49:42 robot_of INFO === Order Flow Robot v2 ===
21:49:42 robot_of INFO Symbol: SiU6@RTSX | Account: 1225953 | Port: 5080
21:49:42 robot_of INFO Params: lots=2 stepAvg=25 stepPyr=33
21:49:42 robot_of INFO   maxAvg=1000 maxPyr=5 spread=44
21:49:42 robot_of INFO   partialTP=True SL=pts/5000000
21:49:42 robot_of INFO   timeframe=M1
21:49:42 strategy_of INFO Restored position: dir=-1 lots=6 avg=79114 lotEntries=3
21:49:42 robot_of INFO State loaded: dir=-1 lots=6 mode=stopped
21:49:42 FinamPy CRITICAL Ошибка доступа к системному хранилищу: No recommended backend was available. Install a recommended 3rd party backend package; or, install the keyrings.alt package if you want to use the non-recommended backends. See https://pypi.org/project/keyring for details.
21:49:42 FinamPy CRITICAL Ошибка сохранения в системное хранилище: No recommended backend was available. Install a recommended 3rd party backend package; or, install the keyrings.alt package if you want to use the non-recommended backends. See https://pypi.org/project/keyring for details.
21:49:42 robot_of INFO FinamPy connected. Accounts: ['1225950', '1225951', '1225952', '1225953']
21:49:42 robot_of INFO Subscribed to LatestTrades: SiU6@RTSX
21:49:42 robot_of INFO Subscribed to OrderBook: SiU6@RTSX
21:49:42 robot_of INFO Subscribed to Bars: SiU6@RTSX M1
21:49:42 robot_of INFO Subscribed to Quotes: SiU6@RTSX
21:49:42 robot_of WARNING VWEMA warmup: no historical bars received
21:49:42 robot_of INFO Warmup: waiting 10 sec for data streams...
21:49:52 robot_of INFO Warmup done. OB has data: True
21:49:52 robot_of INFO Main loop started
21:49:52 robot_of INFO API listening on :5080
21:49:52 robot_of INFO Endpoints: GET /status | GET /health | POST /start /stop /pause /params
21:50:26 robot_of INFO API GET /status with query:  | filters: startDate=None, endDate=None, all=False
21:50:26 robot_of INFO No filters applied, returning all 200 trades
21:50:32 robot_of INFO API GET /status with query:  | filters: startDate=None, endDate=None, all=False
21:50:32 robot_of INFO No filters applied, returning all 200 trades
21:50:56 robot_of INFO API GET /status with query:  | filters: startDate=None, endDate=None, all=False
21:50:56 robot_of INFO No filters applied, returning all 200 trades
21:51:26 robot_of INFO API GET /status with query:  | filters: startDate=None, endDate=None, all=False
21:51:26 robot_of INFO No filters applied, returning all 200 trades
21:51:32 robot_of INFO API GET /status with query:  | filters: startDate=None, endDate=None, all=False
21:51:32 robot_of INFO No filters applied, returning all 200 trades
21:51:56 robot_of INFO API GET /status with query:  | filters: startDate=None, endDate=None, all=False
21:51:56 robot_of INFO No filters applied, returning all 200 trades
21:52:26 robot_of INFO API GET /status with query:  | filters: startDate=None, endDate=None, all=False
21:52:26 robot_of INFO No filters applied, returning all 200 trades
21:52:26 robot_of INFO Signal 15 received — shutting down...
21:52:29 strategy_of INFO VWEMA filter enabled: fast=20 slow=40 flat_th=1
21:52:29 robot_of INFO === Order Flow Robot v2 ===
21:52:29 robot_of INFO Symbol: SiU6@RTSX | Account: 1225953 | Port: 5080
21:52:29 robot_of INFO Params: lots=2 stepAvg=25 stepPyr=33
21:52:29 robot_of INFO   maxAvg=1000 maxPyr=5 spread=44
21:52:29 robot_of INFO   partialTP=True SL=pts/5000000
21:52:29 robot_of INFO   timeframe=M1
21:52:29 strategy_of INFO Restored position: dir=-1 lots=6 avg=79114 lotEntries=3
21:52:29 robot_of INFO State loaded: dir=-1 lots=6 mode=stopped
21:52:29 FinamPy CRITICAL Ошибка доступа к системному хранилищу: No recommended backend was available. Install a recommended 3rd party backend package; or, install the keyrings.alt package if you want to use the non-recommended backends. See https://pypi.org/project/keyring for details.
21:52:29 FinamPy CRITICAL Ошибка сохранения в системное хранилище: No recommended backend was available. Install a recommended 3rd party backend package; or, install the keyrings.alt package if you want to use the non-recommended backends. See https://pypi.org/project/keyring for details.
21:52:29 robot_of INFO FinamPy connected. Accounts: ['1225950', '1225951', '1225952', '1225953']
21:52:29 robot_of INFO Subscribed to LatestTrades: SiU6@RTSX
21:52:29 robot_of INFO Subscribed to OrderBook: SiU6@RTSX
21:52:29 robot_of INFO Subscribed to Bars: SiU6@RTSX M1
21:52:29 robot_of INFO Subscribed to Quotes: SiU6@RTSX
21:52:30 robot_of WARNING VWEMA warmup: no historical bars received
21:52:30 robot_of INFO Warmup: waiting 10 sec for data streams...
21:52:40 robot_of INFO Warmup done. OB has data: True
21:52:40 robot_of INFO Main loop started
21:52:40 robot_of INFO API listening on :5080
21:52:40 robot_of INFO Endpoints: GET /status | GET /health | POST /start /stop /pause /params
21:53:14 robot_of INFO API GET /status with query:  | filters: startDate=None, endDate=None, all=False
21:53:14 robot_of INFO No filters applied, returning all 200 trades
21:53:32 robot_of INFO API GET /status with query:  | filters: startDate=None, endDate=None, all=False
21:53:32 robot_of INFO No filters applied, returning all 200 trades
21:53:44 robot_of INFO API GET /status with query:  | filters: startDate=None, endDate=None, all=False
21:53:44 robot_of INFO No filters applied, returning all 200 trades
21:54:14 robot_of INFO API GET /status with query:  | filters: startDate=None, endDate=None, all=False
21:54:14 robot_of INFO No filters applied, returning all 200 trades
21:54:32 robot_of INFO API GET /status with query:  | filters: startDate=None, endDate=None, all=False
21:54:32 robot_of INFO No filters applied, returning all 200 trades
21:54:44 robot_of INFO API GET /status with query:  | filters: startDate=None, endDate=None, all=False
21:54:44 robot_of INFO No filters applied, returning all 200 trades
21:55:14 robot_of INFO API GET /status with query:  | filters: startDate=None, endDate=None, all=False
21:55:14 robot_of INFO No filters applied, returning all 200 trades
21:55:14 robot_of INFO Signal 15 received — shutting down...
21:55:16 strategy_of INFO VWEMA filter enabled: fast=20 slow=40 flat_th=1
21:55:16 robot_of INFO === Order Flow Robot v2 ===
21:55:16 robot_of INFO Symbol: SiU6@RTSX | Account: 1225953 | Port: 5080
21:55:16 robot_of INFO Params: lots=2 stepAvg=25 stepPyr=33
21:55:16 robot_of INFO   maxAvg=1000 maxPyr=5 spread=44
21:55:16 robot_of INFO   partialTP=True SL=pts/5000000
21:55:16 robot_of INFO   timeframe=M1
21:55:16 strategy_of INFO Restored position: dir=-1 lots=6 avg=79114 lotEntries=3
21:55:16 robot_of INFO State loaded: dir=-1 lots=6 mode=stopped
21:55:16 FinamPy CRITICAL Ошибка доступа к системному хранилищу: No recommended backend was available. Install a recommended 3rd party backend package; or, install the keyrings.alt package if you want to use the non-recommended backends. See https://pypi.org/project/keyring for details.
21:55:16 FinamPy CRITICAL Ошибка сохранения в системное хранилище: No recommended backend was available. Install a recommended 3rd party backend package; or, install the keyrings.alt package if you want to use the non-recommended backends. See https://pypi.org/project/keyring for details.
21:55:17 robot_of INFO FinamPy connected. Accounts: ['1225950', '1225951', '1225952', '1225953']
21:55:17 robot_of INFO Subscribed to LatestTrades: SiU6@RTSX
21:55:17 robot_of INFO Subscribed to OrderBook: SiU6@RTSX
21:55:17 robot_of INFO Subscribed to Bars: SiU6@RTSX M1
21:55:17 robot_of INFO Subscribed to Quotes: SiU6@RTSX
21:55:17 robot_of WARNING VWEMA warmup: no historical bars received
21:55:17 robot_of INFO Warmup: waiting 10 sec for data streams...
21:55:27 robot_of INFO Warmup done. OB has data: True
21:55:27 robot_of INFO Main loop started
21:55:27 robot_of INFO API listening on :5080
21:55:27 robot_of INFO Endpoints: GET /status | GET /health | POST /start /stop /pause /params
21:55:32 robot_of INFO API GET /status with query:  | filters: startDate=None, endDate=None, all=False
21:55:32 robot_of INFO No filters applied, returning all 200 trades
21:56:01 robot_of INFO API GET /status with query:  | filters: startDate=None, endDate=None, all=False
21:56:01 robot_of INFO No filters applied, returning all 200 trades
21:56:31 robot_of INFO API GET /status with query:  | filters: startDate=None, endDate=None, all=False
21:56:31 robot_of INFO No filters applied, returning all 200 trades
21:56:32 robot_of INFO API GET /status with query:  | filters: startDate=None, endDate=None, all=False
21:56:32 robot_of INFO No filters applied, returning all 200 trades
21:57:01 robot_of INFO API GET /status with query:  | filters: startDate=None, endDate=None, all=False
21:57:01 robot_of INFO No filters applied, returning all 200 trades
21:57:31 robot_of INFO API GET /status with query:  | filters: startDate=None, endDate=None, all=False
21:57:31 robot_of INFO No filters applied, returning all 200 trades
21:57:32 robot_of INFO API GET /status with query:  | filters: startDate=None, endDate=None, all=False
21:57:32 robot_of INFO No filters applied, returning all 200 trades
21:58:01 robot_of INFO API GET /status with query:  | filters: startDate=None, endDate=None, all=False
21:58:01 robot_of INFO No filters applied, returning all 200 trades
21:58:01 robot_of INFO Signal 15 received — shutting down...
21:58:03 strategy_of INFO VWEMA filter enabled: fast=20 slow=40 flat_th=1
21:58:03 robot_of INFO === Order Flow Robot v2 ===
21:58:03 robot_of INFO Symbol: SiU6@RTSX | Account: 1225953 | Port: 5080
21:58:03 robot_of INFO Params: lots=2 stepAvg=25 stepPyr=33
21:58:03 robot_of INFO   maxAvg=1000 maxPyr=5 spread=44
21:58:03 robot_of INFO   partialTP=True SL=pts/5000000
21:58:03 robot_of INFO   timeframe=M1
21:58:03 strategy_of INFO Restored position: dir=-1 lots=6 avg=79114 lotEntries=3
21:58:03 robot_of INFO State loaded: dir=-1 lots=6 mode=stopped
21:58:04 FinamPy CRITICAL Ошибка доступа к системному хранилищу: No recommended backend was available. Install a recommended 3rd party backend package; or, install the keyrings.alt package if you want to use the non-recommended backends. See https://pypi.org/project/keyring for details.
21:58:04 FinamPy CRITICAL Ошибка сохранения в системное хранилище: No recommended backend was available. Install a recommended 3rd party backend package; or, install the keyrings.alt package if you want to use the non-recommended backends. See https://pypi.org/project/keyring for details.
21:58:04 robot_of INFO FinamPy connected. Accounts: ['1225950', '1225951', '1225952', '1225953']
21:58:04 robot_of INFO Subscribed to LatestTrades: SiU6@RTSX
21:58:04 robot_of INFO Subscribed to OrderBook: SiU6@RTSX
21:58:04 robot_of INFO Subscribed to Bars: SiU6@RTSX M1
21:58:04 robot_of INFO Subscribed to Quotes: SiU6@RTSX
21:58:04 robot_of WARNING VWEMA warmup: no historical bars received
21:58:04 robot_of INFO Warmup: waiting 10 sec for data streams...
21:58:14 robot_of INFO Warmup done. OB has data: True
21:58:14 robot_of INFO Main loop started
21:58:14 robot_of INFO API listening on :5080
21:58:14 robot_of INFO Endpoints: GET /status | GET /health | POST /start /stop /pause /params
21:58:32 robot_of INFO API GET /status with query:  | filters: startDate=None, endDate=None, all=False
21:58:32 robot_of INFO No filters applied, returning all 200 trades
21:58:48 robot_of INFO API GET /status with query:  | filters: startDate=None, endDate=None, all=False
21:58:48 robot_of INFO No filters applied, returning all 200 trades
21:59:18 robot_of INFO API GET /status with query:  | filters: startDate=None, endDate=None, all=False
21:59:18 robot_of INFO No filters applied, returning all 200 trades
21:59:32 robot_of INFO API GET /status with query:  | filters: startDate=None, endDate=None, all=False
21:59:32 robot_of INFO No filters applied, returning all 200 trades
21:59:48 robot_of INFO API GET /status with query:  | filters: startDate=None, endDate=None, all=False
21:59:48 robot_of INFO No filters applied, returning all 200 trades
22:00:18 robot_of INFO API GET /status with query:  | filters: startDate=None, endDate=None, all=False
22:00:18 robot_of INFO No filters applied, returning all 200 trades
22:00:32 robot_of INFO API GET /status with query:  | filters: startDate=None, endDate=None, all=False
22:00:32 robot_of INFO No filters applied, returning all 200 trades
22:00:48 robot_of INFO API GET /status with query:  | filters: startDate=None, endDate=None, all=False
22:00:48 robot_of INFO No filters applied, returning all 200 trades
22:00:48 robot_of INFO Signal 15 received — shutting down...
22:00:51 strategy_of INFO VWEMA filter enabled: fast=20 slow=40 flat_th=1
22:00:51 robot_of INFO === Order Flow Robot v2 ===
22:00:51 robot_of INFO Symbol: SiU6@RTSX | Account: 1225953 | Port: 5080
22:00:51 robot_of INFO Params: lots=2 stepAvg=25 stepPyr=33
22:00:51 robot_of INFO   maxAvg=1000 maxPyr=5 spread=44
22:00:51 robot_of INFO   partialTP=True SL=pts/5000000
22:00:51 robot_of INFO   timeframe=M1
22:00:51 strategy_of INFO Restored position: dir=-1 lots=6 avg=79114 lotEntries=3
22:00:51 robot_of INFO State loaded: dir=-1 lots=6 mode=stopped
22:00:51 FinamPy CRITICAL Ошибка доступа к системному хранилищу: No recommended backend was available. Install a recommended 3rd party backend package; or, install the keyrings.alt package if you want to use the non-recommended backends. See https://pypi.org/project/keyring for details.
22:00:51 FinamPy CRITICAL Ошибка сохранения в системное хранилище: No recommended backend was available. Install a recommended 3rd party backend package; or, install the keyrings.alt package if you want to use the non-recommended backends. See https://pypi.org/project/keyring for details.
22:00:51 robot_of INFO FinamPy connected. Accounts: ['1225950', '1225951', '1225952', '1225953']
22:00:51 robot_of INFO Subscribed to LatestTrades: SiU6@RTSX
22:00:51 robot_of INFO Subscribed to OrderBook: SiU6@RTSX
22:00:51 robot_of INFO Subscribed to Bars: SiU6@RTSX M1
22:00:51 robot_of INFO Subscribed to Quotes: SiU6@RTSX
22:00:51 robot_of WARNING VWEMA warmup: no historical bars received
22:00:51 robot_of INFO Warmup: waiting 10 sec for data streams...
22:01:01 robot_of INFO Warmup done. OB has data: True
22:01:01 robot_of INFO Main loop started
22:01:01 robot_of INFO API listening on :5080
22:01:01 robot_of INFO Endpoints: GET /status | GET /health | POST /start /stop /pause /params
22:01:32 robot_of INFO API GET /status with query:  | filters: startDate=None, endDate=None, all=False
22:01:32 robot_of INFO No filters applied, returning all 200 trades
22:01:35 robot_of INFO API GET /status with query:  | filters: startDate=None, endDate=None, all=False
22:01:35 robot_of INFO No filters applied, returning all 200 trades
22:02:05 robot_of INFO API GET /status with query:  | filters: startDate=None, endDate=None, all=False
22:02:05 robot_of INFO No filters applied, returning all 200 trades
22:02:32 robot_of INFO API GET /status with query:  | filters: startDate=None, endDate=None, all=False
22:02:32 robot_of INFO No filters applied, returning all 200 trades
22:02:35 robot_of INFO API GET /status with query:  | filters: startDate=None, endDate=None, all=False
22:02:35 robot_of INFO No filters applied, returning all 200 trades
22:03:05 robot_of INFO API GET /status with query:  | filters: startDate=None, endDate=None, all=False
22:03:05 robot_of INFO No filters applied, returning all 200 trades
22:03:32 robot_of INFO API GET /status with query:  | filters: startDate=None, endDate=None, all=False
22:03:32 robot_of INFO No filters applied, returning all 200 trades
22:03:35 robot_of INFO API GET /status with query:  | filters: startDate=None, endDate=None, all=False
22:03:35 robot_of INFO No filters applied, returning all 200 trades
22:03:35 robot_of INFO Signal 15 received — shutting down...
22:03:38 strategy_of INFO VWEMA filter enabled: fast=20 slow=40 flat_th=1
22:03:38 robot_of INFO === Order Flow Robot v2 ===
22:03:38 robot_of INFO Symbol: SiU6@RTSX | Account: 1225953 | Port: 5080
22:03:38 robot_of INFO Params: lots=2 stepAvg=25 stepPyr=33
22:03:38 robot_of INFO   maxAvg=1000 maxPyr=5 spread=44
22:03:38 robot_of INFO   partialTP=True SL=pts/5000000
22:03:38 robot_of INFO   timeframe=M1
22:03:38 strategy_of INFO Restored position: dir=-1 lots=6 avg=79114 lotEntries=3
22:03:38 robot_of INFO State loaded: dir=-1 lots=6 mode=stopped
22:03:38 FinamPy CRITICAL Ошибка доступа к системному хранилищу: No recommended backend was available. Install a recommended 3rd party backend package; or, install the keyrings.alt package if you want to use the non-recommended backends. See https://pypi.org/project/keyring for details.
22:03:38 FinamPy CRITICAL Ошибка сохранения в системное хранилище: No recommended backend was available. Install a recommended 3rd party backend package; or, install the keyrings.alt package if you want to use the non-recommended backends. See https://pypi.org/project/keyring for details.
22:03:38 robot_of INFO FinamPy connected. Accounts: ['1225950', '1225951', '1225952', '1225953']
22:03:38 robot_of INFO Subscribed to LatestTrades: SiU6@RTSX
22:03:38 robot_of INFO Subscribed to OrderBook: SiU6@RTSX
22:03:38 robot_of INFO Subscribed to Bars: SiU6@RTSX M1
22:03:38 robot_of INFO Subscribed to Quotes: SiU6@RTSX
22:03:39 robot_of WARNING VWEMA warmup: no historical bars received
22:03:39 robot_of INFO Warmup: waiting 10 sec for data streams...
22:03:49 robot_of INFO Warmup done. OB has data: True
22:03:49 robot_of INFO Main loop started
22:03:49 robot_of INFO API listening on :5080
22:03:49 robot_of INFO Endpoints: GET /status | GET /health | POST /start /stop /pause /params
22:04:23 robot_of INFO API GET /status with query:  | filters: startDate=None, endDate=None, all=False
22:04:23 robot_of INFO No filters applied, returning all 200 trades
22:04:32 robot_of INFO API GET /status with query:  | filters: startDate=None, endDate=None, all=False
22:04:32 robot_of INFO No filters applied, returning all 200 trades
22:04:53 robot_of INFO API GET /status with query:  | filters: startDate=None, endDate=None, all=False
22:04:53 robot_of INFO No filters applied, returning all 200 trades
22:05:23 robot_of INFO API GET /status with query:  | filters: startDate=None, endDate=None, all=False
22:05:23 robot_of INFO No filters applied, returning all 200 trades
22:05:32 robot_of INFO API GET /status with query:  | filters: startDate=None, endDate=None, all=False
22:05:32 robot_of INFO No filters applied, returning all 200 trades
22:05:53 robot_of INFO API GET /status with query:  | filters: startDate=None, endDate=None, all=False
22:05:53 robot_of INFO No filters applied, returning all 200 trades
22:06:23 robot_of INFO API GET /status with query:  | filters: startDate=None, endDate=None, all=False
22:06:23 robot_of INFO No filters applied, returning all 200 trades
22:06:23 robot_of INFO Signal 15 received — shutting down...
22:06:25 strategy_of INFO VWEMA filter enabled: fast=20 slow=40 flat_th=1
22:06:25 robot_of INFO === Order Flow Robot v2 ===
22:06:25 robot_of INFO Symbol: SiU6@RTSX | Account: 1225953 | Port: 5080
22:06:25 robot_of INFO Params: lots=2 stepAvg=25 stepPyr=33
22:06:25 robot_of INFO   maxAvg=1000 maxPyr=5 spread=44
22:06:25 robot_of INFO   partialTP=True SL=pts/5000000
22:06:25 robot_of INFO   timeframe=M1
22:06:25 strategy_of INFO Restored position: dir=-1 lots=6 avg=79114 lotEntries=3
22:06:25 robot_of INFO State loaded: dir=-1 lots=6 mode=stopped
22:06:25 FinamPy CRITICAL Ошибка доступа к системному хранилищу: No recommended backend was available. Install a recommended 3rd party backend package; or, install the keyrings.alt package if you want to use the non-recommended backends. See https://pypi.org/project/keyring for details.
22:06:25 FinamPy CRITICAL Ошибка сохранения в системное хранилище: No recommended backend was available. Install a recommended 3rd party backend package; or, install the keyrings.alt package if you want to use the non-recommended backends. See https://pypi.org/project/keyring for details.
22:06:26 robot_of INFO FinamPy connected. Accounts: ['1225950', '1225951', '1225952', '1225953']
22:06:26 robot_of INFO Subscribed to LatestTrades: SiU6@RTSX
22:06:26 robot_of INFO Subscribed to OrderBook: SiU6@RTSX
22:06:26 robot_of INFO Subscribed to Bars: SiU6@RTSX M1
22:06:26 robot_of INFO Subscribed to Quotes: SiU6@RTSX
22:06:26 robot_of WARNING VWEMA warmup: no historical bars received
22:06:26 robot_of INFO Warmup: waiting 10 sec for data streams...
22:06:36 robot_of INFO Warmup done. OB has data: True
22:06:36 robot_of INFO Main loop started
22:06:36 robot_of INFO API listening on :5080
22:06:36 robot_of INFO Endpoints: GET /status | GET /health | POST /start /stop /pause /params
22:07:10 robot_of INFO API GET /status with query:  | filters: startDate=None, endDate=None, all=False
22:07:10 robot_of INFO No filters applied, returning all 200 trades
22:07:32 robot_of INFO API GET /status with query:  | filters: startDate=None, endDate=None, all=False
22:07:32 robot_of INFO No filters applied, returning all 200 trades
22:07:40 robot_of INFO API GET /status with query:  | filters: startDate=None, endDate=None, all=False
22:07:40 robot_of INFO No filters applied, returning all 200 trades
22:08:10 robot_of INFO API GET /status with query:  | filters: startDate=None, endDate=None, all=False
22:08:10 robot_of INFO No filters applied, returning all 200 trades
22:08:32 robot_of INFO API GET /status with query:  | filters: startDate=None, endDate=None, all=False
22:08:32 robot_of INFO No filters applied, returning all 200 trades
22:08:40 robot_of INFO API GET /status with query:  | filters: startDate=None, endDate=None, all=False
22:08:40 robot_of INFO No filters applied, returning all 200 trades
22:09:10 robot_of INFO API GET /status with query:  | filters: startDate=None, endDate=None, all=False
22:09:10 robot_of INFO No filters applied, returning all 200 trades
22:09:10 robot_of INFO Signal 15 received — shutting down...
22:09:10 robot_of INFO Main loop stopped
22:09:13 strategy_of INFO VWEMA filter enabled: fast=20 slow=40 flat_th=1
22:09:13 robot_of INFO === Order Flow Robot v2 ===
22:09:13 robot_of INFO Symbol: SiU6@RTSX | Account: 1225953 | Port: 5080
22:09:13 robot_of INFO Params: lots=2 stepAvg=25 stepPyr=33
22:09:13 robot_of INFO   maxAvg=1000 maxPyr=5 spread=44
22:09:13 robot_of INFO   partialTP=True SL=pts/5000000
22:09:13 robot_of INFO   timeframe=M1
22:09:13 strategy_of INFO Restored position: dir=-1 lots=6 avg=79114 lotEntries=3
22:09:13 robot_of INFO State loaded: dir=-1 lots=6 mode=stopped
22:09:13 FinamPy CRITICAL Ошибка доступа к системному хранилищу: No recommended backend was available. Install a recommended 3rd party backend package; or, install the keyrings.alt package if you want to use the non-recommended backends. See https://pypi.org/project/keyring for details.
22:09:13 FinamPy CRITICAL Ошибка сохранения в системное хранилище: No recommended backend was available. Install a recommended 3rd party backend package; or, install the keyrings.alt package if you want to use the non-recommended backends. See https://pypi.org/project/keyring for details.
22:09:13 robot_of INFO FinamPy connected. Accounts: ['1225950', '1225951', '1225952', '1225953']
22:09:13 robot_of INFO Subscribed to LatestTrades: SiU6@RTSX
22:09:13 robot_of INFO Subscribed to OrderBook: SiU6@RTSX
22:09:13 robot_of INFO Subscribed to Bars: SiU6@RTSX M1
22:09:13 robot_of INFO Subscribed to Quotes: SiU6@RTSX
22:09:13 robot_of WARNING VWEMA warmup: no historical bars received
22:09:13 robot_of INFO Warmup: waiting 10 sec for data streams...
22:09:23 robot_of INFO Warmup done. OB has data: True
22:09:23 robot_of INFO Main loop started
22:09:23 robot_of INFO API listening on :5080
22:09:23 robot_of INFO Endpoints: GET /status | GET /health | POST /start /stop /pause /params
22:09:32 robot_of INFO API GET /status with query:  | filters: startDate=None, endDate=None, all=False
22:09:32 robot_of INFO No filters applied, returning all 200 trades
22:09:57 robot_of INFO API GET /status with query:  | filters: startDate=None, endDate=None, all=False
22:09:57 robot_of INFO No filters applied, returning all 200 trades
22:10:27 robot_of INFO API GET /status with query:  | filters: startDate=None, endDate=None, all=False
22:10:27 robot_of INFO No filters applied, returning all 200 trades
22:10:32 robot_of INFO API GET /status with query:  | filters: startDate=None, endDate=None, all=False
22:10:32 robot_of INFO No filters applied, returning all 200 trades
22:10:57 robot_of INFO API GET /status with query:  | filters: startDate=None, endDate=None, all=False
22:10:57 robot_of INFO No filters applied, returning all 200 trades
22:11:27 robot_of INFO API GET /status with query:  | filters: startDate=None, endDate=None, all=False
22:11:27 robot_of INFO No filters applied, returning all 200 trades
22:11:32 robot_of INFO API GET /status with query:  | filters: startDate=None, endDate=None, all=False
22:11:32 robot_of INFO No filters applied, returning all 200 trades
22:11:57 robot_of INFO API GET /status with query:  | filters: startDate=None, endDate=None, all=False
22:11:57 robot_of INFO No filters applied, returning all 200 trades
22:11:57 robot_of INFO Signal 15 received — shutting down...
22:12:00 strategy_of INFO VWEMA filter enabled: fast=20 slow=40 flat_th=1
22:12:00 robot_of INFO === Order Flow Robot v2 ===
22:12:00 robot_of INFO Symbol: SiU6@RTSX | Account: 1225953 | Port: 5080
22:12:00 robot_of INFO Params: lots=2 stepAvg=25 stepPyr=33
22:12:00 robot_of INFO   maxAvg=1000 maxPyr=5 spread=44
22:12:00 robot_of INFO   partialTP=True SL=pts/5000000
22:12:00 robot_of INFO   timeframe=M1
22:12:00 strategy_of INFO Restored position: dir=-1 lots=6 avg=79114 lotEntries=3
22:12:00 robot_of INFO State loaded: dir=-1 lots=6 mode=stopped
22:12:00 FinamPy CRITICAL Ошибка доступа к системному хранилищу: No recommended backend was available. Install a recommended 3rd party backend package; or, install the keyrings.alt package if you want to use the non-recommended backends. See https://pypi.org/project/keyring for details.
22:12:00 FinamPy CRITICAL Ошибка сохранения в системное хранилище: No recommended backend was available. Install a recommended 3rd party backend package; or, install the keyrings.alt package if you want to use the non-recommended backends. See https://pypi.org/project/keyring for details.
22:12:00 robot_of INFO FinamPy connected. Accounts: ['1225950', '1225951', '1225952', '1225953']
22:12:00 robot_of INFO Subscribed to LatestTrades: SiU6@RTSX
22:12:00 robot_of INFO Subscribed to OrderBook: SiU6@RTSX
22:12:00 robot_of INFO Subscribed to Bars: SiU6@RTSX M1
22:12:00 robot_of INFO Subscribed to Quotes: SiU6@RTSX
22:12:00 robot_of WARNING VWEMA warmup: no historical bars received
22:12:00 robot_of INFO Warmup: waiting 10 sec for data streams...
22:12:10 robot_of INFO Warmup done. OB has data: True
22:12:10 robot_of INFO Main loop started
22:12:10 robot_of INFO API listening on :5080
22:12:10 robot_of INFO Endpoints: GET /status | GET /health | POST /start /stop /pause /params
22:12:32 robot_of INFO API GET /status with query:  | filters: startDate=None, endDate=None, all=False
22:12:32 robot_of INFO No filters applied, returning all 200 trades
22:12:44 robot_of INFO API GET /status with query:  | filters: startDate=None, endDate=None, all=False
22:12:44 robot_of INFO No filters applied, returning all 200 trades
22:13:14 robot_of INFO API GET /status with query:  | filters: startDate=None, endDate=None, all=False
22:13:14 robot_of INFO No filters applied, returning all 200 trades
22:13:32 robot_of INFO API GET /status with query:  | filters: startDate=None, endDate=None, all=False
22:13:32 robot_of INFO No filters applied, returning all 200 trades
22:13:44 robot_of INFO API GET /status with query:  | filters: startDate=None, endDate=None, all=False
22:13:44 robot_of INFO No filters applied, returning all 200 trades
22:14:14 robot_of INFO API GET /status with query:  | filters: startDate=None, endDate=None, all=False
22:14:14 robot_of INFO No filters applied, returning all 200 trades
22:14:32 robot_of INFO API GET /status with query:  | filters: startDate=None, endDate=None, all=False
22:14:32 robot_of INFO No filters applied, returning all 200 trades
22:14:44 robot_of INFO API GET /status with query:  | filters: startDate=None, endDate=None, all=False
22:14:44 robot_of INFO No filters applied, returning all 200 trades
22:14:44 robot_of INFO Signal 15 received — shutting down...
22:14:47 strategy_of INFO VWEMA filter enabled: fast=20 slow=40 flat_th=1
22:14:47 robot_of INFO === Order Flow Robot v2 ===
22:14:47 robot_of INFO Symbol: SiU6@RTSX | Account: 1225953 | Port: 5080
22:14:47 robot_of INFO Params: lots=2 stepAvg=25 stepPyr=33
22:14:47 robot_of INFO   maxAvg=1000 maxPyr=5 spread=44
22:14:47 robot_of INFO   partialTP=True SL=pts/5000000
22:14:47 robot_of INFO   timeframe=M1
22:14:47 strategy_of INFO Restored position: dir=-1 lots=6 avg=79114 lotEntries=3
22:14:47 robot_of INFO State loaded: dir=-1 lots=6 mode=stopped
22:14:47 FinamPy CRITICAL Ошибка доступа к системному хранилищу: No recommended backend was available. Install a recommended 3rd party backend package; or, install the keyrings.alt package if you want to use the non-recommended backends. See https://pypi.org/project/keyring for details.
22:14:47 FinamPy CRITICAL Ошибка сохранения в системное хранилище: No recommended backend was available. Install a recommended 3rd party backend package; or, install the keyrings.alt package if you want to use the non-recommended backends. See https://pypi.org/project/keyring for details.
22:14:48 robot_of INFO FinamPy connected. Accounts: ['1225950', '1225951', '1225952', '1225953']
22:14:48 robot_of INFO Subscribed to LatestTrades: SiU6@RTSX
22:14:48 robot_of INFO Subscribed to OrderBook: SiU6@RTSX
22:14:48 robot_of INFO Subscribed to Bars: SiU6@RTSX M1
22:14:48 robot_of INFO Subscribed to Quotes: SiU6@RTSX
22:14:48 robot_of WARNING VWEMA warmup: no historical bars received
22:14:48 robot_of INFO Warmup: waiting 10 sec for data streams...
22:14:58 robot_of INFO Warmup done. OB has data: True
22:14:58 robot_of INFO Main loop started
22:14:58 robot_of INFO API listening on :5080
22:14:58 robot_of INFO Endpoints: GET /status | GET /health | POST /start /stop /pause /params
22:15:32 robot_of INFO API GET /status with query:  | filters: startDate=None, endDate=None, all=False
22:15:32 robot_of INFO No filters applied, returning all 200 trades
22:15:32 robot_of INFO API GET /status with query:  | filters: startDate=None, endDate=None, all=False
22:15:32 robot_of INFO No filters applied, returning all 200 trades
22:16:02 robot_of INFO API GET /status with query:  | filters: startDate=None, endDate=None, all=False
22:16:02 robot_of INFO No filters applied, returning all 200 trades
22:16:32 robot_of INFO API GET /status with query:  | filters: startDate=None, endDate=None, all=False
22:16:32 robot_of INFO No filters applied, returning all 200 trades
22:16:32 robot_of INFO API GET /status with query:  | filters: startDate=None, endDate=None, all=False
22:16:32 robot_of INFO No filters applied, returning all 200 trades
22:17:02 robot_of INFO API GET /status with query:  | filters: startDate=None, endDate=None, all=False
22:17:02 robot_of INFO No filters applied, returning all 200 trades
22:17:32 robot_of INFO API GET /status with query:  | filters: startDate=None, endDate=None, all=False
22:17:32 robot_of INFO No filters applied, returning all 200 trades
22:17:32 robot_of INFO Signal 15 received — shutting down...
22:17:34 strategy_of INFO VWEMA filter enabled: fast=20 slow=40 flat_th=1
22:17:34 robot_of INFO === Order Flow Robot v2 ===
22:17:34 robot_of INFO Symbol: SiU6@RTSX | Account: 1225953 | Port: 5080
22:17:34 robot_of INFO Params: lots=2 stepAvg=25 stepPyr=33
22:17:34 robot_of INFO   maxAvg=1000 maxPyr=5 spread=44
22:17:34 robot_of INFO   partialTP=True SL=pts/5000000
22:17:34 robot_of INFO   timeframe=M1
22:17:34 strategy_of INFO Restored position: dir=-1 lots=6 avg=79114 lotEntries=3
22:17:34 robot_of INFO State loaded: dir=-1 lots=6 mode=stopped
22:17:34 FinamPy CRITICAL Ошибка доступа к системному хранилищу: No recommended backend was available. Install a recommended 3rd party backend package; or, install the keyrings.alt package if you want to use the non-recommended backends. See https://pypi.org/project/keyring for details.
22:17:34 FinamPy CRITICAL Ошибка сохранения в системное хранилище: No recommended backend was available. Install a recommended 3rd party backend package; or, install the keyrings.alt package if you want to use the non-recommended backends. See https://pypi.org/project/keyring for details.
22:17:35 robot_of INFO FinamPy connected. Accounts: ['1225950', '1225951', '1225952', '1225953']
22:17:35 robot_of INFO Subscribed to LatestTrades: SiU6@RTSX
22:17:35 robot_of INFO Subscribed to OrderBook: SiU6@RTSX
22:17:35 robot_of INFO Subscribed to Bars: SiU6@RTSX M1
22:17:35 robot_of INFO Subscribed to Quotes: SiU6@RTSX
22:17:35 robot_of WARNING VWEMA warmup: no historical bars received
22:17:35 robot_of INFO Warmup: waiting 10 sec for data streams...
22:17:45 robot_of INFO Warmup done. OB has data: True
22:17:45 robot_of INFO Main loop started
22:17:45 robot_of INFO API listening on :5080
22:17:45 robot_of INFO Endpoints: GET /status | GET /health | POST /start /stop /pause /params
22:18:19 robot_of INFO API GET /status with query:  | filters: startDate=None, endDate=None, all=False
22:18:19 robot_of INFO No filters applied, returning all 200 trades
22:18:32 robot_of INFO API GET /status with query:  | filters: startDate=None, endDate=None, all=False
22:18:32 robot_of INFO No filters applied, returning all 200 trades
22:18:49 robot_of INFO API GET /status with query:  | filters: startDate=None, endDate=None, all=False
22:18:49 robot_of INFO No filters applied, returning all 200 trades
22:19:19 robot_of INFO API GET /status with query:  | filters: startDate=None, endDate=None, all=False
22:19:19 robot_of INFO No filters applied, returning all 200 trades
22:19:32 robot_of INFO API GET /status with query:  | filters: startDate=None, endDate=None, all=False
22:19:32 robot_of INFO No filters applied, returning all 200 trades
22:19:49 robot_of INFO API GET /status with query:  | filters: startDate=None, endDate=None, all=False
22:19:49 robot_of INFO No filters applied, returning all 200 trades
22:20:19 robot_of INFO API GET /status with query:  | filters: startDate=None, endDate=None, all=False
22:20:19 robot_of INFO No filters applied, returning all 200 trades
22:20:19 robot_of INFO Signal 15 received — shutting down...
22:20:22 strategy_of INFO VWEMA filter enabled: fast=20 slow=40 flat_th=1
22:20:22 robot_of INFO === Order Flow Robot v2 ===
22:20:22 robot_of INFO Symbol: SiU6@RTSX | Account: 1225953 | Port: 5080
22:20:22 robot_of INFO Params: lots=2 stepAvg=25 stepPyr=33
22:20:22 robot_of INFO   maxAvg=1000 maxPyr=5 spread=44
22:20:22 robot_of INFO   partialTP=True SL=pts/5000000
22:20:22 robot_of INFO   timeframe=M1
22:20:22 strategy_of INFO Restored position: dir=-1 lots=6 avg=79114 lotEntries=3
22:20:22 robot_of INFO State loaded: dir=-1 lots=6 mode=stopped
22:20:22 FinamPy CRITICAL Ошибка доступа к системному хранилищу: No recommended backend was available. Install a recommended 3rd party backend package; or, install the keyrings.alt package if you want to use the non-recommended backends. See https://pypi.org/project/keyring for details.
22:20:22 FinamPy CRITICAL Ошибка сохранения в системное хранилище: No recommended backend was available. Install a recommended 3rd party backend package; or, install the keyrings.alt package if you want to use the non-recommended backends. See https://pypi.org/project/keyring for details.
22:20:22 robot_of INFO FinamPy connected. Accounts: ['1225950', '1225951', '1225952', '1225953']
22:20:22 robot_of INFO Subscribed to LatestTrades: SiU6@RTSX
22:20:22 robot_of INFO Subscribed to OrderBook: SiU6@RTSX
22:20:22 robot_of INFO Subscribed to Bars: SiU6@RTSX M1
22:20:22 robot_of INFO Subscribed to Quotes: SiU6@RTSX
22:20:22 robot_of WARNING VWEMA warmup: no historical bars received
22:20:22 robot_of INFO Warmup: waiting 10 sec for data streams...
22:20:32 robot_of INFO Warmup done. OB has data: True
22:20:32 robot_of INFO Main loop started
22:20:32 robot_of INFO API listening on :5080
22:20:32 robot_of INFO Endpoints: GET /status | GET /health | POST /start /stop /pause /params
22:20:32 robot_of INFO API GET /status with query:  | filters: startDate=None, endDate=None, all=False
22:20:32 robot_of INFO No filters applied, returning all 200 trades
22:21:16 robot_of INFO Signal 15 received — shutting down...
22:21:19 strategy_of INFO VWEMA filter enabled: fast=20 slow=40 flat_th=1
22:21:19 robot_of INFO === Order Flow Robot v2 ===
22:21:19 robot_of INFO Symbol: SiU6@RTSX | Account: 1225953 | Port: 5080
22:21:19 robot_of INFO Params: lots=2 stepAvg=25 stepPyr=33
22:21:19 robot_of INFO   maxAvg=1000 maxPyr=5 spread=44
22:21:19 robot_of INFO   partialTP=True SL=pts/5000000
22:21:19 robot_of INFO   timeframe=M1
22:21:19 strategy_of INFO Restored position: dir=-1 lots=6 avg=79114 lotEntries=3
22:21:19 robot_of INFO State loaded: dir=-1 lots=6 mode=stopped
22:21:19 FinamPy CRITICAL Ошибка доступа к системному хранилищу: No recommended backend was available. Install a recommended 3rd party backend package; or, install the keyrings.alt package if you want to use the non-recommended backends. See https://pypi.org/project/keyring for details.
22:21:19 FinamPy CRITICAL Ошибка сохранения в системное хранилище: No recommended backend was available. Install a recommended 3rd party backend package; or, install the keyrings.alt package if you want to use the non-recommended backends. See https://pypi.org/project/keyring for details.
22:21:19 robot_of INFO FinamPy connected. Accounts: ['1225950', '1225951', '1225952', '1225953']
22:21:19 robot_of INFO Subscribed to LatestTrades: SiU6@RTSX
22:21:19 robot_of INFO Subscribed to OrderBook: SiU6@RTSX
22:21:19 robot_of INFO Subscribed to Bars: SiU6@RTSX M1
22:21:19 robot_of INFO Subscribed to Quotes: SiU6@RTSX
22:21:20 robot_of WARNING VWEMA warmup: no historical bars received
22:21:20 robot_of INFO Warmup: waiting 10 sec for data streams...
22:21:30 robot_of INFO Warmup done. OB has data: True
22:21:30 robot_of INFO Main loop started
22:21:30 robot_of INFO API listening on :5080
22:21:30 robot_of INFO Endpoints: GET /status | GET /health | POST /start /stop /pause /params
22:21:32 robot_of INFO API GET /status with query:  | filters: startDate=None, endDate=None, all=False
22:21:32 robot_of INFO No filters applied, returning all 200 trades
22:22:03 robot_of INFO API GET /status with query:  | filters: startDate=None, endDate=None, all=False
22:22:03 robot_of INFO No filters applied, returning all 200 trades
22:22:32 robot_of INFO API GET /status with query:  | filters: startDate=None, endDate=None, all=False
22:22:32 robot_of INFO No filters applied, returning all 200 trades
22:22:34 robot_of INFO API GET /status with query:  | filters: startDate=None, endDate=None, all=False
22:22:34 robot_of INFO No filters applied, returning all 200 trades
22:23:04 robot_of INFO API GET /status with query:  | filters: startDate=None, endDate=None, all=False
22:23:04 robot_of INFO No filters applied, returning all 200 trades
22:23:32 robot_of INFO API GET /status with query:  | filters: startDate=None, endDate=None, all=False
22:23:32 robot_of INFO No filters applied, returning all 200 trades
22:23:34 robot_of INFO API GET /status with query:  | filters: startDate=None, endDate=None, all=False
22:23:34 robot_of INFO No filters applied, returning all 200 trades
22:24:04 robot_of INFO API GET /status with query:  | filters: startDate=None, endDate=None, all=False
22:24:04 robot_of INFO No filters applied, returning all 200 trades
22:24:04 robot_of INFO Signal 15 received — shutting down...
22:24:06 strategy_of INFO VWEMA filter enabled: fast=20 slow=40 flat_th=1
22:24:06 robot_of INFO === Order Flow Robot v2 ===
22:24:06 robot_of INFO Symbol: SiU6@RTSX | Account: 1225953 | Port: 5080
22:24:06 robot_of INFO Params: lots=2 stepAvg=25 stepPyr=33
22:24:06 robot_of INFO   maxAvg=1000 maxPyr=5 spread=44
22:24:06 robot_of INFO   partialTP=True SL=pts/5000000
22:24:06 robot_of INFO   timeframe=M1
22:24:06 strategy_of INFO Restored position: dir=-1 lots=6 avg=79114 lotEntries=3
22:24:06 robot_of INFO State loaded: dir=-1 lots=6 mode=stopped
22:24:06 FinamPy CRITICAL Ошибка доступа к системному хранилищу: No recommended backend was available. Install a recommended 3rd party backend package; or, install the keyrings.alt package if you want to use the non-recommended backends. See https://pypi.org/project/keyring for details.
22:24:06 FinamPy CRITICAL Ошибка сохранения в системное хранилище: No recommended backend was available. Install a recommended 3rd party backend package; or, install the keyrings.alt package if you want to use the non-recommended backends. See https://pypi.org/project/keyring for details.
22:24:07 robot_of INFO FinamPy connected. Accounts: ['1225950', '1225951', '1225952', '1225953']
22:24:07 robot_of INFO Subscribed to LatestTrades: SiU6@RTSX
22:24:07 robot_of INFO Subscribed to OrderBook: SiU6@RTSX
22:24:07 robot_of INFO Subscribed to Bars: SiU6@RTSX M1
22:24:07 robot_of INFO Subscribed to Quotes: SiU6@RTSX
22:24:07 robot_of WARNING VWEMA warmup: no historical bars received
22:24:07 robot_of INFO Warmup: waiting 10 sec for data streams...
22:24:17 robot_of INFO Warmup done. OB has data: True
22:24:17 robot_of INFO Main loop started
22:24:17 robot_of INFO API listening on :5080
22:24:17 robot_of INFO Endpoints: GET /status | GET /health | POST /start /stop /pause /params
22:24:32 robot_of INFO API GET /status with query:  | filters: startDate=None, endDate=None, all=False
22:24:32 robot_of INFO No filters applied, returning all 200 trades
22:24:51 robot_of INFO API GET /status with query:  | filters: startDate=None, endDate=None, all=False
22:24:51 robot_of INFO No filters applied, returning all 200 trades
22:25:21 robot_of INFO API GET /status with query:  | filters: startDate=None, endDate=None, all=False
22:25:21 robot_of INFO No filters applied, returning all 200 trades
22:25:32 robot_of INFO API GET /status with query:  | filters: startDate=None, endDate=None, all=False
22:25:32 robot_of INFO No filters applied, returning all 200 trades
22:25:51 robot_of INFO API GET /status with query:  | filters: startDate=None, endDate=None, all=False
22:25:51 robot_of INFO No filters applied, returning all 200 trades
22:26:21 robot_of INFO API GET /status with query:  | filters: startDate=None, endDate=None, all=False
22:26:21 robot_of INFO No filters applied, returning all 200 trades
22:26:32 robot_of INFO API GET /status with query:  | filters: startDate=None, endDate=None, all=False
22:26:32 robot_of INFO No filters applied, returning all 200 trades
22:26:51 robot_of INFO API GET /status with query:  | filters: startDate=None, endDate=None, all=False
22:26:51 robot_of INFO No filters applied, returning all 200 trades
22:26:51 robot_of INFO Signal 15 received — shutting down...
22:26:53 strategy_of INFO VWEMA filter enabled: fast=20 slow=40 flat_th=1
22:26:53 robot_of INFO === Order Flow Robot v2 ===
22:26:53 robot_of INFO Symbol: SiU6@RTSX | Account: 1225953 | Port: 5080
22:26:53 robot_of INFO Params: lots=2 stepAvg=25 stepPyr=33
22:26:53 robot_of INFO   maxAvg=1000 maxPyr=5 spread=44
22:26:53 robot_of INFO   partialTP=True SL=pts/5000000
22:26:53 robot_of INFO   timeframe=M1
22:26:53 strategy_of INFO Restored position: dir=-1 lots=6 avg=79114 lotEntries=3
22:26:53 robot_of INFO State loaded: dir=-1 lots=6 mode=stopped
22:26:54 FinamPy CRITICAL Ошибка доступа к системному хранилищу: No recommended backend was available. Install a recommended 3rd party backend package; or, install the keyrings.alt package if you want to use the non-recommended backends. See https://pypi.org/project/keyring for details.
22:26:54 FinamPy CRITICAL Ошибка сохранения в системное хранилище: No recommended backend was available. Install a recommended 3rd party backend package; or, install the keyrings.alt package if you want to use the non-recommended backends. See https://pypi.org/project/keyring for details.
22:26:54 robot_of INFO FinamPy connected. Accounts: ['1225950', '1225951', '1225952', '1225953']
22:26:54 robot_of INFO Subscribed to LatestTrades: SiU6@RTSX
22:26:54 robot_of INFO Subscribed to OrderBook: SiU6@RTSX
22:26:54 robot_of INFO Subscribed to Bars: SiU6@RTSX M1
22:26:54 robot_of INFO Subscribed to Quotes: SiU6@RTSX
22:26:54 robot_of WARNING VWEMA warmup: no historical bars received
22:26:54 robot_of INFO Warmup: waiting 10 sec for data streams...
22:27:04 robot_of INFO Warmup done. OB has data: True
22:27:04 robot_of INFO Main loop started
22:27:07 robot_of INFO API listening on :5080
22:27:07 robot_of INFO Endpoints: GET /status | GET /health | POST /start /stop /pause /params
22:27:32 robot_of INFO API GET /status with query:  | filters: startDate=None, endDate=None, all=False
22:27:32 robot_of INFO No filters applied, returning all 200 trades
22:27:38 robot_of INFO API GET /status with query:  | filters: startDate=None, endDate=None, all=False
22:27:38 robot_of INFO No filters applied, returning all 200 trades
22:28:08 robot_of INFO API GET /status with query:  | filters: startDate=None, endDate=None, all=False
22:28:08 robot_of INFO No filters applied, returning all 200 trades
22:28:32 robot_of INFO API GET /status with query:  | filters: startDate=None, endDate=None, all=False
22:28:32 robot_of INFO No filters applied, returning all 200 trades
22:28:38 robot_of INFO API GET /status with query:  | filters: startDate=None, endDate=None, all=False
22:28:38 robot_of INFO No filters applied, returning all 200 trades
22:29:08 robot_of INFO API GET /status with query:  | filters: startDate=None, endDate=None, all=False
22:29:08 robot_of INFO No filters applied, returning all 200 trades
22:29:32 robot_of INFO API GET /status with query:  | filters: startDate=None, endDate=None, all=False
22:29:32 robot_of INFO No filters applied, returning all 200 trades
22:29:38 robot_of INFO API GET /status with query:  | filters: startDate=None, endDate=None, all=False
22:29:38 robot_of INFO No filters applied, returning all 200 trades
22:29:38 robot_of INFO Signal 15 received — shutting down...
22:29:41 strategy_of INFO VWEMA filter enabled: fast=20 slow=40 flat_th=1
22:29:41 robot_of INFO === Order Flow Robot v2 ===
22:29:41 robot_of INFO Symbol: SiU6@RTSX | Account: 1225953 | Port: 5080
22:29:41 robot_of INFO Params: lots=2 stepAvg=25 stepPyr=33
22:29:41 robot_of INFO   maxAvg=1000 maxPyr=5 spread=44
22:29:41 robot_of INFO   partialTP=True SL=pts/5000000
22:29:41 robot_of INFO   timeframe=M1
22:29:41 strategy_of INFO Restored position: dir=-1 lots=6 avg=79114 lotEntries=3
22:29:41 robot_of INFO State loaded: dir=-1 lots=6 mode=stopped
22:29:41 FinamPy CRITICAL Ошибка доступа к системному хранилищу: No recommended backend was available. Install a recommended 3rd party backend package; or, install the keyrings.alt package if you want to use the non-recommended backends. See https://pypi.org/project/keyring for details.
22:29:41 FinamPy CRITICAL Ошибка сохранения в системное хранилище: No recommended backend was available. Install a recommended 3rd party backend package; or, install the keyrings.alt package if you want to use the non-recommended backends. See https://pypi.org/project/keyring for details.
22:29:41 robot_of INFO FinamPy connected. Accounts: ['1225950', '1225951', '1225952', '1225953']
22:29:41 robot_of INFO Subscribed to LatestTrades: SiU6@RTSX
22:29:41 robot_of INFO Subscribed to OrderBook: SiU6@RTSX
22:29:41 robot_of INFO Subscribed to Bars: SiU6@RTSX M1
22:29:41 robot_of INFO Subscribed to Quotes: SiU6@RTSX
22:29:41 robot_of WARNING VWEMA warmup: no historical bars received
22:29:41 robot_of INFO Warmup: waiting 10 sec for data streams...
22:29:51 robot_of INFO Warmup done. OB has data: True
22:29:51 robot_of INFO Main loop started
22:29:51 robot_of INFO API listening on :5080
22:29:51 robot_of INFO Endpoints: GET /status | GET /health | POST /start /stop /pause /params
22:30:25 robot_of INFO API GET /status with query:  | filters: startDate=None, endDate=None, all=False
22:30:25 robot_of INFO No filters applied, returning all 200 trades
22:30:32 robot_of INFO API GET /status with query:  | filters: startDate=None, endDate=None, all=False
22:30:32 robot_of INFO No filters applied, returning all 200 trades
22:30:55 robot_of INFO API GET /status with query:  | filters: startDate=None, endDate=None, all=False
22:30:55 robot_of INFO No filters applied, returning all 200 trades
22:31:25 robot_of INFO API GET /status with query:  | filters: startDate=None, endDate=None, all=False
22:31:25 robot_of INFO No filters applied, returning all 200 trades
22:31:32 robot_of INFO API GET /status with query:  | filters: startDate=None, endDate=None, all=False
22:31:32 robot_of INFO No filters applied, returning all 200 trades
22:31:55 robot_of INFO API GET /status with query:  | filters: startDate=None, endDate=None, all=False
22:31:55 robot_of INFO No filters applied, returning all 200 trades
22:32:25 robot_of INFO API GET /status with query:  | filters: startDate=None, endDate=None, all=False
22:32:25 robot_of INFO No filters applied, returning all 200 trades
22:32:25 robot_of INFO Signal 15 received — shutting down...
22:32:28 strategy_of INFO VWEMA filter enabled: fast=20 slow=40 flat_th=1
22:32:28 robot_of INFO === Order Flow Robot v2 ===
22:32:28 robot_of INFO Symbol: SiU6@RTSX | Account: 1225953 | Port: 5080
22:32:28 robot_of INFO Params: lots=2 stepAvg=25 stepPyr=33
22:32:28 robot_of INFO   maxAvg=1000 maxPyr=5 spread=44
22:32:28 robot_of INFO   partialTP=True SL=pts/5000000
22:32:28 robot_of INFO   timeframe=M1
22:32:28 strategy_of INFO Restored position: dir=-1 lots=6 avg=79114 lotEntries=3
22:32:28 robot_of INFO State loaded: dir=-1 lots=6 mode=stopped
22:32:28 FinamPy CRITICAL Ошибка доступа к системному хранилищу: No recommended backend was available. Install a recommended 3rd party backend package; or, install the keyrings.alt package if you want to use the non-recommended backends. See https://pypi.org/project/keyring for details.
22:32:28 FinamPy CRITICAL Ошибка сохранения в системное хранилище: No recommended backend was available. Install a recommended 3rd party backend package; or, install the keyrings.alt package if you want to use the non-recommended backends. See https://pypi.org/project/keyring for details.
22:32:28 robot_of INFO FinamPy connected. Accounts: ['1225950', '1225951', '1225952', '1225953']
22:32:28 robot_of INFO Subscribed to LatestTrades: SiU6@RTSX
22:32:28 robot_of INFO Subscribed to OrderBook: SiU6@RTSX
22:32:28 robot_of INFO Subscribed to Bars: SiU6@RTSX M1
22:32:29 robot_of INFO Subscribed to Quotes: SiU6@RTSX
22:32:29 robot_of WARNING VWEMA warmup: no historical bars received
22:32:29 robot_of INFO Warmup: waiting 10 sec for data streams...
22:32:39 robot_of INFO Warmup done. OB has data: True
22:32:39 robot_of INFO Main loop started
22:32:39 robot_of INFO API listening on :5080
22:32:39 robot_of INFO Endpoints: GET /status | GET /health | POST /start /stop /pause /params
22:33:13 robot_of INFO API GET /status with query:  | filters: startDate=None, endDate=None, all=False
22:33:13 robot_of INFO No filters applied, returning all 200 trades
22:33:32 robot_of INFO API GET /status with query:  | filters: startDate=None, endDate=None, all=False
22:33:32 robot_of INFO No filters applied, returning all 200 trades
22:33:43 robot_of INFO API GET /status with query:  | filters: startDate=None, endDate=None, all=False
22:33:43 robot_of INFO No filters applied, returning all 200 trades
22:34:13 robot_of INFO API GET /status with query:  | filters: startDate=None, endDate=None, all=False
22:34:13 robot_of INFO No filters applied, returning all 200 trades
22:34:32 robot_of INFO API GET /status with query:  | filters: startDate=None, endDate=None, all=False
22:34:32 robot_of INFO No filters applied, returning all 200 trades
22:34:43 robot_of INFO API GET /status with query:  | filters: startDate=None, endDate=None, all=False
22:34:43 robot_of INFO No filters applied, returning all 200 trades
22:35:13 robot_of INFO API GET /status with query:  | filters: startDate=None, endDate=None, all=False
22:35:13 robot_of INFO No filters applied, returning all 200 trades
22:35:13 robot_of INFO Signal 15 received — shutting down...
22:35:15 strategy_of INFO VWEMA filter enabled: fast=20 slow=40 flat_th=1
22:35:15 robot_of INFO === Order Flow Robot v2 ===
22:35:15 robot_of INFO Symbol: SiU6@RTSX | Account: 1225953 | Port: 5080
22:35:15 robot_of INFO Params: lots=2 stepAvg=25 stepPyr=33
22:35:15 robot_of INFO   maxAvg=1000 maxPyr=5 spread=44
22:35:15 robot_of INFO   partialTP=True SL=pts/5000000
22:35:15 robot_of INFO   timeframe=M1
22:35:15 strategy_of INFO Restored position: dir=-1 lots=6 avg=79114 lotEntries=3
22:35:15 robot_of INFO State loaded: dir=-1 lots=6 mode=stopped
22:35:15 FinamPy CRITICAL Ошибка доступа к системному хранилищу: No recommended backend was available. Install a recommended 3rd party backend package; or, install the keyrings.alt package if you want to use the non-recommended backends. See https://pypi.org/project/keyring for details.
22:35:15 FinamPy CRITICAL Ошибка сохранения в системное хранилище: No recommended backend was available. Install a recommended 3rd party backend package; or, install the keyrings.alt package if you want to use the non-recommended backends. See https://pypi.org/project/keyring for details.
22:35:16 robot_of INFO FinamPy connected. Accounts: ['1225950', '1225951', '1225952', '1225953']
22:35:16 robot_of INFO Subscribed to LatestTrades: SiU6@RTSX
22:35:16 robot_of INFO Subscribed to OrderBook: SiU6@RTSX
22:35:16 robot_of INFO Subscribed to Bars: SiU6@RTSX M1
22:35:16 robot_of INFO Subscribed to Quotes: SiU6@RTSX
22:35:16 robot_of WARNING VWEMA warmup: no historical bars received
22:35:16 robot_of INFO Warmup: waiting 10 sec for data streams...
22:35:26 robot_of INFO Warmup done. OB has data: True
22:35:26 robot_of INFO Main loop started
22:35:26 robot_of INFO API listening on :5080
22:35:26 robot_of INFO Endpoints: GET /status | GET /health | POST /start /stop /pause /params
22:35:32 robot_of INFO API GET /status with query:  | filters: startDate=None, endDate=None, all=False
22:35:32 robot_of INFO No filters applied, returning all 200 trades
22:36:00 robot_of INFO API GET /status with query:  | filters: startDate=None, endDate=None, all=False
22:36:00 robot_of INFO No filters applied, returning all 200 trades
22:36:30 robot_of INFO API GET /status with query:  | filters: startDate=None, endDate=None, all=False
22:36:30 robot_of INFO No filters applied, returning all 200 trades
22:36:32 robot_of INFO API GET /status with query:  | filters: startDate=None, endDate=None, all=False
22:36:32 robot_of INFO No filters applied, returning all 200 trades
22:37:00 robot_of INFO API GET /status with query:  | filters: startDate=None, endDate=None, all=False
22:37:00 robot_of INFO No filters applied, returning all 200 trades
22:37:30 robot_of INFO API GET /status with query:  | filters: startDate=None, endDate=None, all=False
22:37:30 robot_of INFO No filters applied, returning all 200 trades
22:37:32 robot_of INFO API GET /status with query:  | filters: startDate=None, endDate=None, all=False
22:37:32 robot_of INFO No filters applied, returning all 200 trades
22:38:00 robot_of INFO API GET /status with query:  | filters: startDate=None, endDate=None, all=False
22:38:00 robot_of INFO No filters applied, returning all 200 trades
22:38:00 robot_of INFO Signal 15 received — shutting down...
22:38:03 strategy_of INFO VWEMA filter enabled: fast=20 slow=40 flat_th=1
22:38:03 robot_of INFO === Order Flow Robot v2 ===
22:38:03 robot_of INFO Symbol: SiU6@RTSX | Account: 1225953 | Port: 5080
22:38:03 robot_of INFO Params: lots=2 stepAvg=25 stepPyr=33
22:38:03 robot_of INFO   maxAvg=1000 maxPyr=5 spread=44
22:38:03 robot_of INFO   partialTP=True SL=pts/5000000
22:38:03 robot_of INFO   timeframe=M1
22:38:03 strategy_of INFO Restored position: dir=-1 lots=6 avg=79114 lotEntries=3
22:38:03 robot_of INFO State loaded: dir=-1 lots=6 mode=stopped
22:38:03 FinamPy CRITICAL Ошибка доступа к системному хранилищу: No recommended backend was available. Install a recommended 3rd party backend package; or, install the keyrings.alt package if you want to use the non-recommended backends. See https://pypi.org/project/keyring for details.
22:38:03 FinamPy CRITICAL Ошибка сохранения в системное хранилище: No recommended backend was available. Install a recommended 3rd party backend package; or, install the keyrings.alt package if you want to use the non-recommended backends. See https://pypi.org/project/keyring for details.
22:38:03 robot_of INFO FinamPy connected. Accounts: ['1225950', '1225951', '1225952', '1225953']
22:38:03 robot_of INFO Subscribed to LatestTrades: SiU6@RTSX
22:38:03 robot_of INFO Subscribed to OrderBook: SiU6@RTSX
22:38:03 robot_of INFO Subscribed to Bars: SiU6@RTSX M1
22:38:03 robot_of INFO Subscribed to Quotes: SiU6@RTSX
22:38:03 robot_of WARNING VWEMA warmup: no historical bars received
22:38:03 robot_of INFO Warmup: waiting 10 sec for data streams...
22:38:13 robot_of INFO Warmup done. OB has data: True
22:38:13 robot_of INFO Main loop started
22:38:13 robot_of INFO API listening on :5080
22:38:13 robot_of INFO Endpoints: GET /status | GET /health | POST /start /stop /pause /params
22:38:32 robot_of INFO API GET /status with query:  | filters: startDate=None, endDate=None, all=False
22:38:32 robot_of INFO No filters applied, returning all 200 trades
22:38:47 robot_of INFO API GET /status with query:  | filters: startDate=None, endDate=None, all=False
22:38:47 robot_of INFO No filters applied, returning all 200 trades
22:39:17 robot_of INFO API GET /status with query:  | filters: startDate=None, endDate=None, all=False
22:39:17 robot_of INFO No filters applied, returning all 200 trades
22:39:32 robot_of INFO API GET /status with query:  | filters: startDate=None, endDate=None, all=False
22:39:32 robot_of INFO No filters applied, returning all 200 trades
22:39:47 robot_of INFO API GET /status with query:  | filters: startDate=None, endDate=None, all=False
22:39:47 robot_of INFO No filters applied, returning all 200 trades
22:40:17 robot_of INFO API GET /status with query:  | filters: startDate=None, endDate=None, all=False
22:40:17 robot_of INFO No filters applied, returning all 200 trades
22:40:32 robot_of INFO API GET /status with query:  | filters: startDate=None, endDate=None, all=False
22:40:32 robot_of INFO No filters applied, returning all 200 trades
22:40:47 robot_of INFO API GET /status with query:  | filters: startDate=None, endDate=None, all=False
22:40:47 robot_of INFO No filters applied, returning all 200 trades
22:40:47 robot_of INFO Signal 15 received — shutting down...
22:40:50 strategy_of INFO VWEMA filter enabled: fast=20 slow=40 flat_th=1
22:40:50 robot_of INFO === Order Flow Robot v2 ===
22:40:50 robot_of INFO Symbol: SiU6@RTSX | Account: 1225953 | Port: 5080
22:40:50 robot_of INFO Params: lots=2 stepAvg=25 stepPyr=33
22:40:50 robot_of INFO   maxAvg=1000 maxPyr=5 spread=44
22:40:50 robot_of INFO   partialTP=True SL=pts/5000000
22:40:50 robot_of INFO   timeframe=M1
22:40:50 strategy_of INFO Restored position: dir=-1 lots=6 avg=79114 lotEntries=3
22:40:50 robot_of INFO State loaded: dir=-1 lots=6 mode=stopped
22:40:50 FinamPy CRITICAL Ошибка доступа к системному хранилищу: No recommended backend was available. Install a recommended 3rd party backend package; or, install the keyrings.alt package if you want to use the non-recommended backends. See https://pypi.org/project/keyring for details.
22:40:50 FinamPy CRITICAL Ошибка сохранения в системное хранилище: No recommended backend was available. Install a recommended 3rd party backend package; or, install the keyrings.alt package if you want to use the non-recommended backends. See https://pypi.org/project/keyring for details.
22:40:50 robot_of INFO FinamPy connected. Accounts: ['1225950', '1225951', '1225952', '1225953']
22:40:50 robot_of INFO Subscribed to LatestTrades: SiU6@RTSX
22:40:50 robot_of INFO Subscribed to OrderBook: SiU6@RTSX
22:40:50 robot_of INFO Subscribed to Bars: SiU6@RTSX M1
22:40:50 robot_of INFO Subscribed to Quotes: SiU6@RTSX
22:40:50 robot_of WARNING VWEMA warmup: no historical bars received
22:40:50 robot_of INFO Warmup: waiting 10 sec for data streams...
22:41:00 robot_of INFO Warmup done. OB has data: True
22:41:00 robot_of INFO Main loop started
22:41:00 robot_of INFO API listening on :5080
22:41:00 robot_of INFO Endpoints: GET /status | GET /health | POST /start /stop /pause /params
22:41:32 robot_of INFO API GET /status with query:  | filters: startDate=None, endDate=None, all=False
22:41:32 robot_of INFO No filters applied, returning all 200 trades
22:41:34 robot_of INFO API GET /status with query:  | filters: startDate=None, endDate=None, all=False
22:41:34 robot_of INFO No filters applied, returning all 200 trades
22:42:04 robot_of INFO API GET /status with query:  | filters: startDate=None, endDate=None, all=False
22:42:04 robot_of INFO No filters applied, returning all 200 trades
22:42:32 robot_of INFO API GET /status with query:  | filters: startDate=None, endDate=None, all=False
22:42:32 robot_of INFO No filters applied, returning all 200 trades
22:42:34 robot_of INFO API GET /status with query:  | filters: startDate=None, endDate=None, all=False
22:42:34 robot_of INFO No filters applied, returning all 200 trades
22:43:04 robot_of INFO API GET /status with query:  | filters: startDate=None, endDate=None, all=False
22:43:04 robot_of INFO No filters applied, returning all 200 trades
22:43:32 robot_of INFO API GET /status with query:  | filters: startDate=None, endDate=None, all=False
22:43:32 robot_of INFO No filters applied, returning all 200 trades
22:43:34 robot_of INFO API GET /status with query:  | filters: startDate=None, endDate=None, all=False
22:43:34 robot_of INFO No filters applied, returning all 200 trades
22:43:34 robot_of INFO Signal 15 received — shutting down...
22:43:37 strategy_of INFO VWEMA filter enabled: fast=20 slow=40 flat_th=1
22:43:37 robot_of INFO === Order Flow Robot v2 ===
22:43:37 robot_of INFO Symbol: SiU6@RTSX | Account: 1225953 | Port: 5080
22:43:37 robot_of INFO Params: lots=2 stepAvg=25 stepPyr=33
22:43:37 robot_of INFO   maxAvg=1000 maxPyr=5 spread=44
22:43:37 robot_of INFO   partialTP=True SL=pts/5000000
22:43:37 robot_of INFO   timeframe=M1
22:43:37 strategy_of INFO Restored position: dir=-1 lots=6 avg=79114 lotEntries=3
22:43:37 robot_of INFO State loaded: dir=-1 lots=6 mode=stopped
22:43:37 FinamPy CRITICAL Ошибка доступа к системному хранилищу: No recommended backend was available. Install a recommended 3rd party backend package; or, install the keyrings.alt package if you want to use the non-recommended backends. See https://pypi.org/project/keyring for details.
22:43:37 FinamPy CRITICAL Ошибка сохранения в системное хранилище: No recommended backend was available. Install a recommended 3rd party backend package; or, install the keyrings.alt package if you want to use the non-recommended backends. See https://pypi.org/project/keyring for details.
22:43:37 robot_of INFO FinamPy connected. Accounts: ['1225950', '1225951', '1225952', '1225953']
22:43:37 robot_of INFO Subscribed to LatestTrades: SiU6@RTSX
22:43:37 robot_of INFO Subscribed to OrderBook: SiU6@RTSX
22:43:37 robot_of INFO Subscribed to Bars: SiU6@RTSX M1
22:43:37 robot_of INFO Subscribed to Quotes: SiU6@RTSX
22:43:38 robot_of WARNING VWEMA warmup: no historical bars received
22:43:38 robot_of INFO Warmup: waiting 10 sec for data streams...
22:43:48 robot_of INFO Warmup done. OB has data: True
22:43:48 robot_of INFO Main loop started
22:43:48 robot_of INFO API listening on :5080
22:43:48 robot_of INFO Endpoints: GET /status | GET /health | POST /start /stop /pause /params
22:44:22 robot_of INFO API GET /status with query:  | filters: startDate=None, endDate=None, all=False
22:44:22 robot_of INFO No filters applied, returning all 200 trades
22:44:32 robot_of INFO API GET /status with query:  | filters: startDate=None, endDate=None, all=False
22:44:32 robot_of INFO No filters applied, returning all 200 trades
22:44:52 robot_of INFO API GET /status with query:  | filters: startDate=None, endDate=None, all=False
22:44:52 robot_of INFO No filters applied, returning all 200 trades
22:45:22 robot_of INFO API GET /status with query:  | filters: startDate=None, endDate=None, all=False
22:45:22 robot_of INFO No filters applied, returning all 200 trades
22:45:32 robot_of INFO API GET /status with query:  | filters: startDate=None, endDate=None, all=False
22:45:32 robot_of INFO No filters applied, returning all 200 trades
22:45:52 robot_of INFO API GET /status with query:  | filters: startDate=None, endDate=None, all=False
22:45:52 robot_of INFO No filters applied, returning all 200 trades
22:46:22 robot_of INFO API GET /status with query:  | filters: startDate=None, endDate=None, all=False
22:46:22 robot_of INFO No filters applied, returning all 200 trades
22:46:22 robot_of INFO Signal 15 received — shutting down...
22:46:24 strategy_of INFO VWEMA filter enabled: fast=20 slow=40 flat_th=1
22:46:24 robot_of INFO === Order Flow Robot v2 ===
22:46:24 robot_of INFO Symbol: SiU6@RTSX | Account: 1225953 | Port: 5080
22:46:24 robot_of INFO Params: lots=2 stepAvg=25 stepPyr=33
22:46:24 robot_of INFO   maxAvg=1000 maxPyr=5 spread=44
22:46:24 robot_of INFO   partialTP=True SL=pts/5000000
22:46:24 robot_of INFO   timeframe=M1
22:46:24 strategy_of INFO Restored position: dir=-1 lots=6 avg=79114 lotEntries=3
22:46:24 robot_of INFO State loaded: dir=-1 lots=6 mode=stopped
22:46:24 FinamPy CRITICAL Ошибка доступа к системному хранилищу: No recommended backend was available. Install a recommended 3rd party backend package; or, install the keyrings.alt package if you want to use the non-recommended backends. See https://pypi.org/project/keyring for details.
22:46:24 FinamPy CRITICAL Ошибка сохранения в системное хранилище: No recommended backend was available. Install a recommended 3rd party backend package; or, install the keyrings.alt package if you want to use the non-recommended backends. See https://pypi.org/project/keyring for details.
22:47:09 robot_of INFO Signal 15 received — shutting down...
22:47:14 strategy_of INFO VWEMA filter enabled: fast=20 slow=40 flat_th=1
22:47:14 robot_of INFO === Order Flow Robot v2 ===
22:47:14 robot_of INFO Symbol: SiU6@RTSX | Account: 1225953 | Port: 5080
22:47:14 robot_of INFO Params: lots=2 stepAvg=25 stepPyr=33
22:47:14 robot_of INFO   maxAvg=1000 maxPyr=5 spread=44
22:47:14 robot_of INFO   partialTP=True SL=pts/5000000
22:47:14 robot_of INFO   timeframe=M1
22:47:14 strategy_of INFO Restored position: dir=-1 lots=6 avg=79114 lotEntries=3
22:47:14 robot_of INFO State loaded: dir=-1 lots=6 mode=stopped
22:47:14 FinamPy CRITICAL Ошибка доступа к системному хранилищу: No recommended backend was available. Install a recommended 3rd party backend package; or, install the keyrings.alt package if you want to use the non-recommended backends. See https://pypi.org/project/keyring for details.
22:47:14 FinamPy CRITICAL Ошибка сохранения в системное хранилище: No recommended backend was available. Install a recommended 3rd party backend package; or, install the keyrings.alt package if you want to use the non-recommended backends. See https://pypi.org/project/keyring for details.
22:47:14 robot_of INFO FinamPy connected. Accounts: ['1225950', '1225951', '1225952', '1225953']
22:47:14 robot_of INFO Subscribed to LatestTrades: SiU6@RTSX
22:47:14 robot_of INFO Subscribed to OrderBook: SiU6@RTSX
22:47:14 robot_of INFO Subscribed to Bars: SiU6@RTSX M1
22:47:14 robot_of INFO Subscribed to Quotes: SiU6@RTSX
22:47:14 robot_of WARNING VWEMA warmup: no historical bars received
22:47:14 robot_of INFO Warmup: waiting 10 sec for data streams...
22:47:24 robot_of INFO Warmup done. OB has data: True
22:47:24 robot_of INFO Main loop started
22:47:24 robot_of INFO API listening on :5080
22:47:24 robot_of INFO Endpoints: GET /status | GET /health | POST /start /stop /pause /params
22:47:32 robot_of INFO API GET /status with query:  | filters: startDate=None, endDate=None, all=False
22:47:32 robot_of INFO No filters applied, returning all 200 trades
22:47:58 robot_of INFO API GET /status with query:  | filters: startDate=None, endDate=None, all=False
22:47:58 robot_of INFO No filters applied, returning all 200 trades
22:48:28 robot_of INFO API GET /status with query:  | filters: startDate=None, endDate=None, all=False
22:48:28 robot_of INFO No filters applied, returning all 200 trades
22:48:32 robot_of INFO API GET /status with query:  | filters: startDate=None, endDate=None, all=False
22:48:32 robot_of INFO No filters applied, returning all 200 trades
22:48:58 robot_of INFO API GET /status with query:  | filters: startDate=None, endDate=None, all=False
22:48:58 robot_of INFO No filters applied, returning all 200 trades
22:49:28 robot_of INFO API GET /status with query:  | filters: startDate=None, endDate=None, all=False
22:49:28 robot_of INFO No filters applied, returning all 200 trades
22:49:32 robot_of INFO API GET /status with query:  | filters: startDate=None, endDate=None, all=False
22:49:32 robot_of INFO No filters applied, returning all 200 trades
22:49:58 robot_of INFO API GET /status with query:  | filters: startDate=None, endDate=None, all=False
22:49:58 robot_of INFO No filters applied, returning all 200 trades
22:49:58 robot_of INFO Signal 15 received — shutting down...
22:50:01 strategy_of INFO VWEMA filter enabled: fast=20 slow=40 flat_th=1
22:50:01 robot_of INFO === Order Flow Robot v2 ===
22:50:01 robot_of INFO Symbol: SiU6@RTSX | Account: 1225953 | Port: 5080
22:50:01 robot_of INFO Params: lots=2 stepAvg=25 stepPyr=33
22:50:01 robot_of INFO   maxAvg=1000 maxPyr=5 spread=44
22:50:01 robot_of INFO   partialTP=True SL=pts/5000000
22:50:01 robot_of INFO   timeframe=M1
22:50:01 strategy_of INFO Restored position: dir=-1 lots=6 avg=79114 lotEntries=3
22:50:01 robot_of INFO State loaded: dir=-1 lots=6 mode=stopped
22:50:01 FinamPy CRITICAL Ошибка доступа к системному хранилищу: No recommended backend was available. Install a recommended 3rd party backend package; or, install the keyrings.alt package if you want to use the non-recommended backends. See https://pypi.org/project/keyring for details.
22:50:01 FinamPy CRITICAL Ошибка сохранения в системное хранилище: No recommended backend was available. Install a recommended 3rd party backend package; or, install the keyrings.alt package if you want to use the non-recommended backends. See https://pypi.org/project/keyring for details.
22:50:02 robot_of INFO FinamPy connected. Accounts: ['1225950', '1225951', '1225952', '1225953']
22:50:02 robot_of INFO Subscribed to LatestTrades: SiU6@RTSX
22:50:02 robot_of INFO Subscribed to OrderBook: SiU6@RTSX
22:50:02 robot_of INFO Subscribed to Bars: SiU6@RTSX M1
22:50:02 robot_of INFO Subscribed to Quotes: SiU6@RTSX
22:50:02 robot_of WARNING VWEMA warmup: no historical bars received
22:50:02 robot_of INFO Warmup: waiting 10 sec for data streams...
22:50:12 robot_of INFO Warmup done. OB has data: True
22:50:12 robot_of INFO Main loop started
22:50:12 robot_of INFO API listening on :5080
22:50:12 robot_of INFO Endpoints: GET /status | GET /health | POST /start /stop /pause /params
22:50:32 robot_of INFO API GET /status with query:  | filters: startDate=None, endDate=None, all=False
22:50:32 robot_of INFO No filters applied, returning all 200 trades
22:50:46 robot_of INFO API GET /status with query:  | filters: startDate=None, endDate=None, all=False
22:50:46 robot_of INFO No filters applied, returning all 200 trades
22:51:16 robot_of INFO API GET /status with query:  | filters: startDate=None, endDate=None, all=False
22:51:16 robot_of INFO No filters applied, returning all 200 trades
22:51:32 robot_of INFO API GET /status with query:  | filters: startDate=None, endDate=None, all=False
22:51:32 robot_of INFO No filters applied, returning all 200 trades
22:51:46 robot_of INFO API GET /status with query:  | filters: startDate=None, endDate=None, all=False
22:51:46 robot_of INFO No filters applied, returning all 200 trades
22:52:16 robot_of INFO API GET /status with query:  | filters: startDate=None, endDate=None, all=False
22:52:16 robot_of INFO No filters applied, returning all 200 trades
22:52:32 robot_of INFO API GET /status with query:  | filters: startDate=None, endDate=None, all=False
22:52:32 robot_of INFO No filters applied, returning all 200 trades
22:52:46 robot_of INFO API GET /status with query:  | filters: startDate=None, endDate=None, all=False
22:52:46 robot_of INFO No filters applied, returning all 200 trades
22:52:46 robot_of INFO Signal 15 received — shutting down...
22:52:48 strategy_of INFO VWEMA filter enabled: fast=20 slow=40 flat_th=1
22:52:48 robot_of INFO === Order Flow Robot v2 ===
22:52:48 robot_of INFO Symbol: SiU6@RTSX | Account: 1225953 | Port: 5080
22:52:48 robot_of INFO Params: lots=2 stepAvg=25 stepPyr=33
22:52:48 robot_of INFO   maxAvg=1000 maxPyr=5 spread=44
22:52:48 robot_of INFO   partialTP=True SL=pts/5000000
22:52:48 robot_of INFO   timeframe=M1
22:52:48 strategy_of INFO Restored position: dir=-1 lots=6 avg=79114 lotEntries=3
22:52:48 robot_of INFO State loaded: dir=-1 lots=6 mode=stopped
22:52:48 FinamPy CRITICAL Ошибка доступа к системному хранилищу: No recommended backend was available. Install a recommended 3rd party backend package; or, install the keyrings.alt package if you want to use the non-recommended backends. See https://pypi.org/project/keyring for details.
22:52:48 FinamPy CRITICAL Ошибка сохранения в системное хранилище: No recommended backend was available. Install a recommended 3rd party backend package; or, install the keyrings.alt package if you want to use the non-recommended backends. See https://pypi.org/project/keyring for details.
22:52:49 robot_of INFO FinamPy connected. Accounts: ['1225950', '1225951', '1225952', '1225953']
22:52:49 robot_of INFO Subscribed to LatestTrades: SiU6@RTSX
22:52:49 robot_of INFO Subscribed to OrderBook: SiU6@RTSX
22:52:49 robot_of INFO Subscribed to Bars: SiU6@RTSX M1
22:52:49 robot_of INFO Subscribed to Quotes: SiU6@RTSX
22:52:49 robot_of WARNING VWEMA warmup: no historical bars received
22:52:49 robot_of INFO Warmup: waiting 10 sec for data streams...
22:52:59 robot_of INFO Warmup done. OB has data: True
22:52:59 robot_of INFO Main loop started
22:52:59 robot_of INFO API listening on :5080
22:52:59 robot_of INFO Endpoints: GET /status | GET /health | POST /start /stop /pause /params
22:53:32 robot_of INFO API GET /status with query:  | filters: startDate=None, endDate=None, all=False
22:53:32 robot_of INFO No filters applied, returning all 200 trades
22:53:33 robot_of INFO API GET /status with query:  | filters: startDate=None, endDate=None, all=False
22:53:33 robot_of INFO No filters applied, returning all 200 trades
22:54:03 robot_of INFO API GET /status with query:  | filters: startDate=None, endDate=None, all=False
22:54:03 robot_of INFO No filters applied, returning all 200 trades
22:54:32 robot_of INFO API GET /status with query:  | filters: startDate=None, endDate=None, all=False
22:54:32 robot_of INFO No filters applied, returning all 200 trades
22:54:33 robot_of INFO API GET /status with query:  | filters: startDate=None, endDate=None, all=False
22:54:33 robot_of INFO No filters applied, returning all 200 trades
22:55:03 robot_of INFO API GET /status with query:  | filters: startDate=None, endDate=None, all=False
22:55:03 robot_of INFO No filters applied, returning all 200 trades
22:55:32 robot_of INFO API GET /status with query:  | filters: startDate=None, endDate=None, all=False
22:55:32 robot_of INFO No filters applied, returning all 200 trades
22:55:33 robot_of INFO API GET /status with query:  | filters: startDate=None, endDate=None, all=False
22:55:33 robot_of INFO No filters applied, returning all 200 trades
22:55:33 robot_of INFO Signal 15 received — shutting down...
22:55:36 strategy_of INFO VWEMA filter enabled: fast=20 slow=40 flat_th=1
22:55:36 robot_of INFO === Order Flow Robot v2 ===
22:55:36 robot_of INFO Symbol: SiU6@RTSX | Account: 1225953 | Port: 5080
22:55:36 robot_of INFO Params: lots=2 stepAvg=25 stepPyr=33
22:55:36 robot_of INFO   maxAvg=1000 maxPyr=5 spread=44
22:55:36 robot_of INFO   partialTP=True SL=pts/5000000
22:55:36 robot_of INFO   timeframe=M1
22:55:36 strategy_of INFO Restored position: dir=-1 lots=6 avg=79114 lotEntries=3
22:55:36 robot_of INFO State loaded: dir=-1 lots=6 mode=stopped
22:55:36 FinamPy CRITICAL Ошибка доступа к системному хранилищу: No recommended backend was available. Install a recommended 3rd party backend package; or, install the keyrings.alt package if you want to use the non-recommended backends. See https://pypi.org/project/keyring for details.
22:55:36 FinamPy CRITICAL Ошибка сохранения в системное хранилище: No recommended backend was available. Install a recommended 3rd party backend package; or, install the keyrings.alt package if you want to use the non-recommended backends. See https://pypi.org/project/keyring for details.
22:55:36 robot_of INFO FinamPy connected. Accounts: ['1225950', '1225951', '1225952', '1225953']
22:55:36 robot_of INFO Subscribed to LatestTrades: SiU6@RTSX
22:55:36 robot_of INFO Subscribed to OrderBook: SiU6@RTSX
22:55:36 robot_of INFO Subscribed to Bars: SiU6@RTSX M1
22:55:36 robot_of INFO Subscribed to Quotes: SiU6@RTSX
22:55:36 robot_of WARNING VWEMA warmup: no historical bars received
22:55:36 robot_of INFO Warmup: waiting 10 sec for data streams...
22:55:46 robot_of INFO Warmup done. OB has data: True
22:55:46 robot_of INFO Main loop started
22:55:46 robot_of INFO API listening on :5080
22:55:46 robot_of INFO Endpoints: GET /status | GET /health | POST /start /stop /pause /params
22:56:20 robot_of INFO API GET /status with query:  | filters: startDate=None, endDate=None, all=False
22:56:20 robot_of INFO No filters applied, returning all 200 trades
22:56:32 robot_of INFO API GET /status with query:  | filters: startDate=None, endDate=None, all=False
22:56:32 robot_of INFO No filters applied, returning all 200 trades
22:56:50 robot_of INFO API GET /status with query:  | filters: startDate=None, endDate=None, all=False
22:56:50 robot_of INFO No filters applied, returning all 200 trades
22:57:20 robot_of INFO API GET /status with query:  | filters: startDate=None, endDate=None, all=False
22:57:20 robot_of INFO No filters applied, returning all 200 trades
22:57:32 robot_of INFO API GET /status with query:  | filters: startDate=None, endDate=None, all=False
22:57:32 robot_of INFO No filters applied, returning all 200 trades
22:57:50 robot_of INFO API GET /status with query:  | filters: startDate=None, endDate=None, all=False
22:57:50 robot_of INFO No filters applied, returning all 200 trades
22:58:20 robot_of INFO API GET /status with query:  | filters: startDate=None, endDate=None, all=False
22:58:20 robot_of INFO No filters applied, returning all 200 trades
22:58:20 robot_of INFO Signal 15 received — shutting down...
22:58:23 strategy_of INFO VWEMA filter enabled: fast=20 slow=40 flat_th=1
22:58:23 robot_of INFO === Order Flow Robot v2 ===
22:58:23 robot_of INFO Symbol: SiU6@RTSX | Account: 1225953 | Port: 5080
22:58:23 robot_of INFO Params: lots=2 stepAvg=25 stepPyr=33
22:58:23 robot_of INFO   maxAvg=1000 maxPyr=5 spread=44
22:58:23 robot_of INFO   partialTP=True SL=pts/5000000
22:58:23 robot_of INFO   timeframe=M1
22:58:23 strategy_of INFO Restored position: dir=-1 lots=6 avg=79114 lotEntries=3
22:58:23 robot_of INFO State loaded: dir=-1 lots=6 mode=stopped
22:58:23 FinamPy CRITICAL Ошибка доступа к системному хранилищу: No recommended backend was available. Install a recommended 3rd party backend package; or, install the keyrings.alt package if you want to use the non-recommended backends. See https://pypi.org/project/keyring for details.
22:58:23 FinamPy CRITICAL Ошибка сохранения в системное хранилище: No recommended backend was available. Install a recommended 3rd party backend package; or, install the keyrings.alt package if you want to use the non-recommended backends. See https://pypi.org/project/keyring for details.
22:58:23 robot_of INFO FinamPy connected. Accounts: ['1225950', '1225951', '1225952', '1225953']
22:58:23 robot_of INFO Subscribed to LatestTrades: SiU6@RTSX
22:58:23 robot_of INFO Subscribed to OrderBook: SiU6@RTSX
22:58:23 robot_of INFO Subscribed to Bars: SiU6@RTSX M1
22:58:23 robot_of INFO Subscribed to Quotes: SiU6@RTSX
22:58:23 robot_of WARNING VWEMA warmup: no historical bars received
22:58:23 robot_of INFO Warmup: waiting 10 sec for data streams...
22:58:33 robot_of INFO Warmup done. OB has data: True
22:58:33 robot_of INFO Main loop started
22:58:33 robot_of INFO API listening on :5080
22:58:33 robot_of INFO Endpoints: GET /status | GET /health | POST /start /stop /pause /params
22:58:34 robot_of INFO API GET /status with query:  | filters: startDate=None, endDate=None, all=False
22:58:34 robot_of INFO No filters applied, returning all 200 trades
22:59:17 robot_of INFO Signal 15 received — shutting down...
22:59:20 strategy_of INFO VWEMA filter enabled: fast=20 slow=40 flat_th=1
22:59:20 robot_of INFO === Order Flow Robot v2 ===
22:59:20 robot_of INFO Symbol: SiU6@RTSX | Account: 1225953 | Port: 5080
22:59:20 robot_of INFO Params: lots=2 stepAvg=25 stepPyr=33
22:59:20 robot_of INFO   maxAvg=1000 maxPyr=5 spread=44
22:59:20 robot_of INFO   partialTP=True SL=pts/5000000
22:59:20 robot_of INFO   timeframe=M1
22:59:20 strategy_of INFO Restored position: dir=-1 lots=6 avg=79114 lotEntries=3
22:59:20 robot_of INFO State loaded: dir=-1 lots=6 mode=stopped
22:59:20 FinamPy CRITICAL Ошибка доступа к системному хранилищу: No recommended backend was available. Install a recommended 3rd party backend package; or, install the keyrings.alt package if you want to use the non-recommended backends. See https://pypi.org/project/keyring for details.
22:59:20 FinamPy CRITICAL Ошибка сохранения в системное хранилище: No recommended backend was available. Install a recommended 3rd party backend package; or, install the keyrings.alt package if you want to use the non-recommended backends. See https://pypi.org/project/keyring for details.
22:59:20 robot_of INFO FinamPy connected. Accounts: ['1225950', '1225951', '1225952', '1225953']
22:59:20 robot_of INFO Subscribed to LatestTrades: SiU6@RTSX
22:59:20 robot_of INFO Subscribed to OrderBook: SiU6@RTSX
22:59:20 robot_of INFO Subscribed to Bars: SiU6@RTSX M1
22:59:20 robot_of INFO Subscribed to Quotes: SiU6@RTSX
22:59:21 robot_of WARNING VWEMA warmup: no historical bars received
22:59:21 robot_of INFO Warmup: waiting 10 sec for data streams...
22:59:31 robot_of INFO Warmup done. OB has data: True
22:59:31 robot_of INFO Main loop started
22:59:31 robot_of INFO API listening on :5080
22:59:31 robot_of INFO Endpoints: GET /status | GET /health | POST /start /stop /pause /params
22:59:32 robot_of INFO API GET /status with query:  | filters: startDate=None, endDate=None, all=False
22:59:32 robot_of INFO No filters applied, returning all 200 trades
23:00:05 robot_of INFO API GET /status with query:  | filters: startDate=None, endDate=None, all=False
23:00:05 robot_of INFO No filters applied, returning all 200 trades
23:00:32 robot_of INFO API GET /status with query:  | filters: startDate=None, endDate=None, all=False
23:00:32 robot_of INFO No filters applied, returning all 200 trades
23:00:35 robot_of INFO API GET /status with query:  | filters: startDate=None, endDate=None, all=False
23:00:35 robot_of INFO No filters applied, returning all 200 trades
23:01:05 robot_of INFO API GET /status with query:  | filters: startDate=None, endDate=None, all=False
23:01:05 robot_of INFO No filters applied, returning all 200 trades
23:01:32 robot_of INFO API GET /status with query:  | filters: startDate=None, endDate=None, all=False
23:01:32 robot_of INFO No filters applied, returning all 200 trades
23:01:35 robot_of INFO API GET /status with query:  | filters: startDate=None, endDate=None, all=False
23:01:35 robot_of INFO No filters applied, returning all 200 trades
23:02:05 robot_of INFO API GET /status with query:  | filters: startDate=None, endDate=None, all=False
23:02:05 robot_of INFO No filters applied, returning all 200 trades
23:02:05 robot_of INFO Signal 15 received — shutting down...
23:02:07 strategy_of INFO VWEMA filter enabled: fast=20 slow=40 flat_th=1
23:02:07 robot_of INFO === Order Flow Robot v2 ===
23:02:07 robot_of INFO Symbol: SiU6@RTSX | Account: 1225953 | Port: 5080
23:02:07 robot_of INFO Params: lots=2 stepAvg=25 stepPyr=33
23:02:07 robot_of INFO   maxAvg=1000 maxPyr=5 spread=44
23:02:07 robot_of INFO   partialTP=True SL=pts/5000000
23:02:07 robot_of INFO   timeframe=M1
23:02:07 strategy_of INFO Restored position: dir=-1 lots=6 avg=79114 lotEntries=3
23:02:07 robot_of INFO State loaded: dir=-1 lots=6 mode=stopped
23:02:07 FinamPy CRITICAL Ошибка доступа к системному хранилищу: No recommended backend was available. Install a recommended 3rd party backend package; or, install the keyrings.alt package if you want to use the non-recommended backends. See https://pypi.org/project/keyring for details.
23:02:07 FinamPy CRITICAL Ошибка сохранения в системное хранилище: No recommended backend was available. Install a recommended 3rd party backend package; or, install the keyrings.alt package if you want to use the non-recommended backends. See https://pypi.org/project/keyring for details.
23:02:08 robot_of INFO FinamPy connected. Accounts: ['1225950', '1225951', '1225952', '1225953']
23:02:08 robot_of INFO Subscribed to LatestTrades: SiU6@RTSX
23:02:08 robot_of INFO Subscribed to OrderBook: SiU6@RTSX
23:02:08 robot_of INFO Subscribed to Bars: SiU6@RTSX M1
23:02:08 robot_of INFO Subscribed to Quotes: SiU6@RTSX
23:02:08 robot_of WARNING VWEMA warmup: no historical bars received
23:02:08 robot_of INFO Warmup: waiting 10 sec for data streams...
23:02:18 robot_of INFO Warmup done. OB has data: True
23:02:18 robot_of INFO Main loop started
23:02:18 robot_of INFO API listening on :5080
23:02:18 robot_of INFO Endpoints: GET /status | GET /health | POST /start /stop /pause /params
23:02:32 robot_of INFO API GET /status with query:  | filters: startDate=None, endDate=None, all=False
23:02:32 robot_of INFO No filters applied, returning all 200 trades
23:02:52 robot_of INFO API GET /status with query:  | filters: startDate=None, endDate=None, all=False
23:02:52 robot_of INFO No filters applied, returning all 200 trades
23:03:22 robot_of INFO API GET /status with query:  | filters: startDate=None, endDate=None, all=False
23:03:22 robot_of INFO No filters applied, returning all 200 trades
23:03:32 robot_of INFO API GET /status with query:  | filters: startDate=None, endDate=None, all=False
23:03:32 robot_of INFO No filters applied, returning all 200 trades
23:03:52 robot_of INFO API GET /status with query:  | filters: startDate=None, endDate=None, all=False
23:03:52 robot_of INFO No filters applied, returning all 200 trades
23:04:22 robot_of INFO API GET /status with query:  | filters: startDate=None, endDate=None, all=False
23:04:22 robot_of INFO No filters applied, returning all 200 trades
23:04:32 robot_of INFO API GET /status with query:  | filters: startDate=None, endDate=None, all=False
23:04:32 robot_of INFO No filters applied, returning all 200 trades
23:04:52 robot_of INFO API GET /status with query:  | filters: startDate=None, endDate=None, all=False
23:04:52 robot_of INFO No filters applied, returning all 200 trades
23:04:52 robot_of INFO Signal 15 received — shutting down...
23:04:55 strategy_of INFO VWEMA filter enabled: fast=20 slow=40 flat_th=1
23:04:55 robot_of INFO === Order Flow Robot v2 ===
23:04:55 robot_of INFO Symbol: SiU6@RTSX | Account: 1225953 | Port: 5080
23:04:55 robot_of INFO Params: lots=2 stepAvg=25 stepPyr=33
23:04:55 robot_of INFO   maxAvg=1000 maxPyr=5 spread=44
23:04:55 robot_of INFO   partialTP=True SL=pts/5000000
23:04:55 robot_of INFO   timeframe=M1
23:04:55 strategy_of INFO Restored position: dir=-1 lots=6 avg=79114 lotEntries=3
23:04:55 robot_of INFO State loaded: dir=-1 lots=6 mode=stopped
23:04:55 FinamPy CRITICAL Ошибка доступа к системному хранилищу: No recommended backend was available. Install a recommended 3rd party backend package; or, install the keyrings.alt package if you want to use the non-recommended backends. See https://pypi.org/project/keyring for details.
23:04:55 FinamPy CRITICAL Ошибка сохранения в системное хранилище: No recommended backend was available. Install a recommended 3rd party backend package; or, install the keyrings.alt package if you want to use the non-recommended backends. See https://pypi.org/project/keyring for details.
23:04:55 robot_of INFO FinamPy connected. Accounts: ['1225950', '1225951', '1225952', '1225953']
23:04:55 robot_of INFO Subscribed to LatestTrades: SiU6@RTSX
23:04:55 robot_of INFO Subscribed to OrderBook: SiU6@RTSX
23:04:55 robot_of INFO Subscribed to Bars: SiU6@RTSX M1
23:04:55 robot_of INFO Subscribed to Quotes: SiU6@RTSX
23:04:55 robot_of WARNING VWEMA warmup: no historical bars received
23:04:55 robot_of INFO Warmup: waiting 10 sec for data streams...
23:05:05 robot_of INFO Warmup done. OB has data: True
23:05:05 robot_of INFO Main loop started
23:05:05 robot_of INFO API listening on :5080
23:05:05 robot_of INFO Endpoints: GET /status | GET /health | POST /start /stop /pause /params
23:05:32 robot_of INFO API GET /status with query:  | filters: startDate=None, endDate=None, all=False
23:05:32 robot_of INFO No filters applied, returning all 200 trades
23:05:39 robot_of INFO API GET /status with query:  | filters: startDate=None, endDate=None, all=False
23:05:39 robot_of INFO No filters applied, returning all 200 trades
23:06:09 robot_of INFO API GET /status with query:  | filters: startDate=None, endDate=None, all=False
23:06:09 robot_of INFO No filters applied, returning all 200 trades
23:06:32 robot_of INFO API GET /status with query:  | filters: startDate=None, endDate=None, all=False
23:06:32 robot_of INFO No filters applied, returning all 200 trades
23:06:39 robot_of INFO API GET /status with query:  | filters: startDate=None, endDate=None, all=False
23:06:39 robot_of INFO No filters applied, returning all 200 trades
23:07:09 robot_of INFO API GET /status with query:  | filters: startDate=None, endDate=None, all=False
23:07:09 robot_of INFO No filters applied, returning all 200 trades
23:07:32 robot_of INFO API GET /status with query:  | filters: startDate=None, endDate=None, all=False
23:07:32 robot_of INFO No filters applied, returning all 200 trades
23:07:39 robot_of INFO API GET /status with query:  | filters: startDate=None, endDate=None, all=False
23:07:39 robot_of INFO No filters applied, returning all 200 trades
23:07:39 robot_of INFO Signal 15 received — shutting down...
23:07:42 strategy_of INFO VWEMA filter enabled: fast=20 slow=40 flat_th=1
23:07:42 robot_of INFO === Order Flow Robot v2 ===
23:07:42 robot_of INFO Symbol: SiU6@RTSX | Account: 1225953 | Port: 5080
23:07:42 robot_of INFO Params: lots=2 stepAvg=25 stepPyr=33
23:07:42 robot_of INFO   maxAvg=1000 maxPyr=5 spread=44
23:07:42 robot_of INFO   partialTP=True SL=pts/5000000
23:07:42 robot_of INFO   timeframe=M1
23:07:42 strategy_of INFO Restored position: dir=-1 lots=6 avg=79114 lotEntries=3
23:07:42 robot_of INFO State loaded: dir=-1 lots=6 mode=stopped
23:07:42 FinamPy CRITICAL Ошибка доступа к системному хранилищу: No recommended backend was available. Install a recommended 3rd party backend package; or, install the keyrings.alt package if you want to use the non-recommended backends. See https://pypi.org/project/keyring for details.
23:07:42 FinamPy CRITICAL Ошибка сохранения в системное хранилище: No recommended backend was available. Install a recommended 3rd party backend package; or, install the keyrings.alt package if you want to use the non-recommended backends. See https://pypi.org/project/keyring for details.
23:07:42 robot_of INFO FinamPy connected. Accounts: ['1225950', '1225951', '1225952', '1225953']
23:07:42 robot_of INFO Subscribed to LatestTrades: SiU6@RTSX
23:07:42 robot_of INFO Subscribed to OrderBook: SiU6@RTSX
23:07:42 robot_of INFO Subscribed to Bars: SiU6@RTSX M1
23:07:42 robot_of INFO Subscribed to Quotes: SiU6@RTSX
23:07:42 robot_of WARNING VWEMA warmup: no historical bars received
23:07:42 robot_of INFO Warmup: waiting 10 sec for data streams...
23:07:52 robot_of INFO Warmup done. OB has data: True
23:07:52 robot_of INFO Main loop started
23:07:53 robot_of INFO API listening on :5080
23:07:53 robot_of INFO Endpoints: GET /status | GET /health | POST /start /stop /pause /params
23:08:26 robot_of INFO API GET /status with query:  | filters: startDate=None, endDate=None, all=False
23:08:26 robot_of INFO No filters applied, returning all 200 trades
23:08:32 robot_of INFO API GET /status with query:  | filters: startDate=None, endDate=None, all=False
23:08:32 robot_of INFO No filters applied, returning all 200 trades
23:08:56 robot_of INFO API GET /status with query:  | filters: startDate=None, endDate=None, all=False
23:08:56 robot_of INFO No filters applied, returning all 200 trades
23:09:26 robot_of INFO API GET /status with query:  | filters: startDate=None, endDate=None, all=False
23:09:26 robot_of INFO No filters applied, returning all 200 trades
23:09:32 robot_of INFO API GET /status with query:  | filters: startDate=None, endDate=None, all=False
23:09:32 robot_of INFO No filters applied, returning all 200 trades
23:09:56 robot_of INFO API GET /status with query:  | filters: startDate=None, endDate=None, all=False
23:09:56 robot_of INFO No filters applied, returning all 200 trades
23:10:27 robot_of INFO API GET /status with query:  | filters: startDate=None, endDate=None, all=False
23:10:27 robot_of INFO No filters applied, returning all 200 trades
23:10:27 robot_of INFO Signal 15 received — shutting down...
23:10:29 strategy_of INFO VWEMA filter enabled: fast=20 slow=40 flat_th=1
23:10:29 robot_of INFO === Order Flow Robot v2 ===
23:10:29 robot_of INFO Symbol: SiU6@RTSX | Account: 1225953 | Port: 5080
23:10:29 robot_of INFO Params: lots=2 stepAvg=25 stepPyr=33
23:10:29 robot_of INFO   maxAvg=1000 maxPyr=5 spread=44
23:10:29 robot_of INFO   partialTP=True SL=pts/5000000
23:10:29 robot_of INFO   timeframe=M1
23:10:29 strategy_of INFO Restored position: dir=-1 lots=6 avg=79114 lotEntries=3
23:10:29 robot_of INFO State loaded: dir=-1 lots=6 mode=stopped
23:10:29 FinamPy CRITICAL Ошибка доступа к системному хранилищу: No recommended backend was available. Install a recommended 3rd party backend package; or, install the keyrings.alt package if you want to use the non-recommended backends. See https://pypi.org/project/keyring for details.
23:10:29 FinamPy CRITICAL Ошибка сохранения в системное хранилище: No recommended backend was available. Install a recommended 3rd party backend package; or, install the keyrings.alt package if you want to use the non-recommended backends. See https://pypi.org/project/keyring for details.
23:10:30 robot_of INFO FinamPy connected. Accounts: ['1225950', '1225951', '1225952', '1225953']
23:10:30 robot_of INFO Subscribed to LatestTrades: SiU6@RTSX
23:10:30 robot_of INFO Subscribed to OrderBook: SiU6@RTSX
23:10:30 robot_of INFO Subscribed to Bars: SiU6@RTSX M1
23:10:30 robot_of INFO Subscribed to Quotes: SiU6@RTSX
23:10:30 robot_of WARNING VWEMA warmup: no historical bars received
23:10:30 robot_of INFO Warmup: waiting 10 sec for data streams...
23:10:40 robot_of INFO Warmup done. OB has data: True
23:10:40 robot_of INFO Main loop started
23:10:40 robot_of INFO API listening on :5080
23:10:40 robot_of INFO Endpoints: GET /status | GET /health | POST /start /stop /pause /params
23:11:14 robot_of INFO API GET /status with query:  | filters: startDate=None, endDate=None, all=False
23:11:14 robot_of INFO No filters applied, returning all 200 trades
23:11:32 robot_of INFO API GET /status with query:  | filters: startDate=None, endDate=None, all=False
23:11:32 robot_of INFO No filters applied, returning all 200 trades
23:11:44 robot_of INFO API GET /status with query:  | filters: startDate=None, endDate=None, all=False
23:11:44 robot_of INFO No filters applied, returning all 200 trades
23:12:14 robot_of INFO API GET /status with query:  | filters: startDate=None, endDate=None, all=False
23:12:14 robot_of INFO No filters applied, returning all 200 trades
23:12:32 robot_of INFO API GET /status with query:  | filters: startDate=None, endDate=None, all=False
23:12:32 robot_of INFO No filters applied, returning all 200 trades
23:12:44 robot_of INFO API GET /status with query:  | filters: startDate=None, endDate=None, all=False
23:12:44 robot_of INFO No filters applied, returning all 200 trades
23:13:14 robot_of INFO API GET /status with query:  | filters: startDate=None, endDate=None, all=False
23:13:14 robot_of INFO No filters applied, returning all 200 trades
23:13:14 robot_of INFO Signal 15 received — shutting down...
23:13:16 strategy_of INFO VWEMA filter enabled: fast=20 slow=40 flat_th=1
23:13:16 robot_of INFO === Order Flow Robot v2 ===
23:13:16 robot_of INFO Symbol: SiU6@RTSX | Account: 1225953 | Port: 5080
23:13:16 robot_of INFO Params: lots=2 stepAvg=25 stepPyr=33
23:13:16 robot_of INFO   maxAvg=1000 maxPyr=5 spread=44
23:13:16 robot_of INFO   partialTP=True SL=pts/5000000
23:13:16 robot_of INFO   timeframe=M1
23:13:16 strategy_of INFO Restored position: dir=-1 lots=6 avg=79114 lotEntries=3
23:13:16 robot_of INFO State loaded: dir=-1 lots=6 mode=stopped
23:13:17 FinamPy CRITICAL Ошибка доступа к системному хранилищу: No recommended backend was available. Install a recommended 3rd party backend package; or, install the keyrings.alt package if you want to use the non-recommended backends. See https://pypi.org/project/keyring for details.
23:13:17 FinamPy CRITICAL Ошибка сохранения в системное хранилище: No recommended backend was available. Install a recommended 3rd party backend package; or, install the keyrings.alt package if you want to use the non-recommended backends. See https://pypi.org/project/keyring for details.
23:13:17 robot_of INFO FinamPy connected. Accounts: ['1225950', '1225951', '1225952', '1225953']
23:13:17 robot_of INFO Subscribed to LatestTrades: SiU6@RTSX
23:13:17 robot_of INFO Subscribed to OrderBook: SiU6@RTSX
23:13:17 robot_of INFO Subscribed to Bars: SiU6@RTSX M1
23:13:17 robot_of INFO Subscribed to Quotes: SiU6@RTSX
23:13:17 robot_of WARNING VWEMA warmup: no historical bars received
23:13:17 robot_of INFO Warmup: waiting 10 sec for data streams...
23:13:27 robot_of INFO Warmup done. OB has data: True
23:13:27 robot_of INFO Main loop started
23:13:27 robot_of INFO API listening on :5080
23:13:27 robot_of INFO Endpoints: GET /status | GET /health | POST /start /stop /pause /params
23:13:32 robot_of INFO API GET /status with query:  | filters: startDate=None, endDate=None, all=False
23:13:32 robot_of INFO No filters applied, returning all 200 trades
23:14:01 robot_of INFO API GET /status with query:  | filters: startDate=None, endDate=None, all=False
23:14:01 robot_of INFO No filters applied, returning all 200 trades
23:14:31 robot_of INFO API GET /status with query:  | filters: startDate=None, endDate=None, all=False
23:14:31 robot_of INFO No filters applied, returning all 200 trades
23:14:32 robot_of INFO API GET /status with query:  | filters: startDate=None, endDate=None, all=False
23:14:32 robot_of INFO No filters applied, returning all 200 trades
23:15:01 robot_of INFO API GET /status with query:  | filters: startDate=None, endDate=None, all=False
23:15:01 robot_of INFO No filters applied, returning all 200 trades
23:15:31 robot_of INFO API GET /status with query:  | filters: startDate=None, endDate=None, all=False
23:15:31 robot_of INFO No filters applied, returning all 200 trades
23:15:32 robot_of INFO API GET /status with query:  | filters: startDate=None, endDate=None, all=False
23:15:32 robot_of INFO No filters applied, returning all 200 trades
23:16:01 robot_of INFO API GET /status with query:  | filters: startDate=None, endDate=None, all=False
23:16:01 robot_of INFO No filters applied, returning all 200 trades
23:16:01 robot_of INFO Signal 15 received — shutting down...
23:16:04 strategy_of INFO VWEMA filter enabled: fast=20 slow=40 flat_th=1
23:16:04 robot_of INFO === Order Flow Robot v2 ===
23:16:04 robot_of INFO Symbol: SiU6@RTSX | Account: 1225953 | Port: 5080
23:16:04 robot_of INFO Params: lots=2 stepAvg=25 stepPyr=33
23:16:04 robot_of INFO   maxAvg=1000 maxPyr=5 spread=44
23:16:04 robot_of INFO   partialTP=True SL=pts/5000000
23:16:04 robot_of INFO   timeframe=M1
23:16:04 strategy_of INFO Restored position: dir=-1 lots=6 avg=79114 lotEntries=3
23:16:04 robot_of INFO State loaded: dir=-1 lots=6 mode=stopped
23:16:04 FinamPy CRITICAL Ошибка доступа к системному хранилищу: No recommended backend was available. Install a recommended 3rd party backend package; or, install the keyrings.alt package if you want to use the non-recommended backends. See https://pypi.org/project/keyring for details.
23:16:04 FinamPy CRITICAL Ошибка сохранения в системное хранилище: No recommended backend was available. Install a recommended 3rd party backend package; or, install the keyrings.alt package if you want to use the non-recommended backends. See https://pypi.org/project/keyring for details.
23:16:04 robot_of INFO FinamPy connected. Accounts: ['1225950', '1225951', '1225952', '1225953']
23:16:04 robot_of INFO Subscribed to LatestTrades: SiU6@RTSX
23:16:04 robot_of INFO Subscribed to OrderBook: SiU6@RTSX
23:16:04 robot_of INFO Subscribed to Bars: SiU6@RTSX M1
23:16:04 robot_of INFO Subscribed to Quotes: SiU6@RTSX
23:16:04 robot_of WARNING VWEMA warmup: no historical bars received
23:16:04 robot_of INFO Warmup: waiting 10 sec for data streams...
23:16:14 robot_of INFO Warmup done. OB has data: True
23:16:14 robot_of INFO Main loop started
23:16:14 robot_of INFO API listening on :5080
23:16:14 robot_of INFO Endpoints: GET /status | GET /health | POST /start /stop /pause /params
23:16:32 robot_of INFO API GET /status with query:  | filters: startDate=None, endDate=None, all=False
23:16:32 robot_of INFO No filters applied, returning all 200 trades
23:16:48 robot_of INFO API GET /status with query:  | filters: startDate=None, endDate=None, all=False
23:16:48 robot_of INFO No filters applied, returning all 200 trades
23:17:18 robot_of INFO API GET /status with query:  | filters: startDate=None, endDate=None, all=False
23:17:18 robot_of INFO No filters applied, returning all 200 trades
23:17:32 robot_of INFO API GET /status with query:  | filters: startDate=None, endDate=None, all=False
23:17:32 robot_of INFO No filters applied, returning all 200 trades
23:17:48 robot_of INFO API GET /status with query:  | filters: startDate=None, endDate=None, all=False
23:17:48 robot_of INFO No filters applied, returning all 200 trades
23:18:18 robot_of INFO API GET /status with query:  | filters: startDate=None, endDate=None, all=False
23:18:18 robot_of INFO No filters applied, returning all 200 trades
23:18:32 robot_of INFO API GET /status with query:  | filters: startDate=None, endDate=None, all=False
23:18:32 robot_of INFO No filters applied, returning all 200 trades
23:18:48 robot_of INFO API GET /status with query:  | filters: startDate=None, endDate=None, all=False
23:18:48 robot_of INFO No filters applied, returning all 200 trades
23:18:48 robot_of INFO Signal 15 received — shutting down...
23:18:51 strategy_of INFO VWEMA filter enabled: fast=20 slow=40 flat_th=1
23:18:51 robot_of INFO === Order Flow Robot v2 ===
23:18:51 robot_of INFO Symbol: SiU6@RTSX | Account: 1225953 | Port: 5080
23:18:51 robot_of INFO Params: lots=2 stepAvg=25 stepPyr=33
23:18:51 robot_of INFO   maxAvg=1000 maxPyr=5 spread=44
23:18:51 robot_of INFO   partialTP=True SL=pts/5000000
23:18:51 robot_of INFO   timeframe=M1
23:18:51 strategy_of INFO Restored position: dir=-1 lots=6 avg=79114 lotEntries=3
23:18:51 robot_of INFO State loaded: dir=-1 lots=6 mode=stopped
23:18:51 FinamPy CRITICAL Ошибка доступа к системному хранилищу: No recommended backend was available. Install a recommended 3rd party backend package; or, install the keyrings.alt package if you want to use the non-recommended backends. See https://pypi.org/project/keyring for details.
23:18:51 FinamPy CRITICAL Ошибка сохранения в системное хранилище: No recommended backend was available. Install a recommended 3rd party backend package; or, install the keyrings.alt package if you want to use the non-recommended backends. See https://pypi.org/project/keyring for details.
23:18:51 robot_of INFO FinamPy connected. Accounts: ['1225950', '1225951', '1225952', '1225953']
23:18:51 robot_of INFO Subscribed to LatestTrades: SiU6@RTSX
23:18:51 robot_of INFO Subscribed to OrderBook: SiU6@RTSX
23:18:51 robot_of INFO Subscribed to Bars: SiU6@RTSX M1
23:18:51 robot_of INFO Subscribed to Quotes: SiU6@RTSX
23:18:52 robot_of WARNING VWEMA warmup: no historical bars received
23:18:52 robot_of INFO Warmup: waiting 10 sec for data streams...
23:19:02 robot_of INFO Warmup done. OB has data: True
23:19:02 robot_of INFO Main loop started
23:19:02 robot_of INFO API listening on :5080
23:19:02 robot_of INFO Endpoints: GET /status | GET /health | POST /start /stop /pause /params
23:19:32 robot_of INFO API GET /status with query:  | filters: startDate=None, endDate=None, all=False
23:19:32 robot_of INFO No filters applied, returning all 200 trades
23:19:36 robot_of INFO API GET /status with query:  | filters: startDate=None, endDate=None, all=False
23:19:36 robot_of INFO No filters applied, returning all 200 trades
23:20:06 robot_of INFO API GET /status with query:  | filters: startDate=None, endDate=None, all=False
23:20:06 robot_of INFO No filters applied, returning all 200 trades
23:20:32 robot_of INFO API GET /status with query:  | filters: startDate=None, endDate=None, all=False
23:20:32 robot_of INFO No filters applied, returning all 200 trades
23:20:36 robot_of INFO API GET /status with query:  | filters: startDate=None, endDate=None, all=False
23:20:36 robot_of INFO No filters applied, returning all 200 trades
23:21:06 robot_of INFO API GET /status with query:  | filters: startDate=None, endDate=None, all=False
23:21:06 robot_of INFO No filters applied, returning all 200 trades
23:21:32 robot_of INFO API GET /status with query:  | filters: startDate=None, endDate=None, all=False
23:21:32 robot_of INFO No filters applied, returning all 200 trades
23:21:36 robot_of INFO API GET /status with query:  | filters: startDate=None, endDate=None, all=False
23:21:36 robot_of INFO No filters applied, returning all 200 trades
23:21:36 robot_of INFO Signal 15 received — shutting down...
23:21:38 strategy_of INFO VWEMA filter enabled: fast=20 slow=40 flat_th=1
23:21:38 robot_of INFO === Order Flow Robot v2 ===
23:21:38 robot_of INFO Symbol: SiU6@RTSX | Account: 1225953 | Port: 5080
23:21:38 robot_of INFO Params: lots=2 stepAvg=25 stepPyr=33
23:21:38 robot_of INFO   maxAvg=1000 maxPyr=5 spread=44
23:21:38 robot_of INFO   partialTP=True SL=pts/5000000
23:21:38 robot_of INFO   timeframe=M1
23:21:38 strategy_of INFO Restored position: dir=-1 lots=6 avg=79114 lotEntries=3
23:21:38 robot_of INFO State loaded: dir=-1 lots=6 mode=stopped
23:21:38 FinamPy CRITICAL Ошибка доступа к системному хранилищу: No recommended backend was available. Install a recommended 3rd party backend package; or, install the keyrings.alt package if you want to use the non-recommended backends. See https://pypi.org/project/keyring for details.
23:21:38 FinamPy CRITICAL Ошибка сохранения в системное хранилище: No recommended backend was available. Install a recommended 3rd party backend package; or, install the keyrings.alt package if you want to use the non-recommended backends. See https://pypi.org/project/keyring for details.
23:21:39 robot_of INFO FinamPy connected. Accounts: ['1225950', '1225951', '1225952', '1225953']
23:21:39 robot_of INFO Subscribed to LatestTrades: SiU6@RTSX
23:21:39 robot_of INFO Subscribed to OrderBook: SiU6@RTSX
23:21:39 robot_of INFO Subscribed to Bars: SiU6@RTSX M1
23:21:39 robot_of INFO Subscribed to Quotes: SiU6@RTSX
23:21:39 robot_of WARNING VWEMA warmup: no historical bars received
23:21:39 robot_of INFO Warmup: waiting 10 sec for data streams...
23:21:49 robot_of INFO Warmup done. OB has data: True
23:21:49 robot_of INFO Main loop started
23:21:49 robot_of INFO API listening on :5080
23:21:49 robot_of INFO Endpoints: GET /status | GET /health | POST /start /stop /pause /params
23:22:23 robot_of INFO API GET /status with query:  | filters: startDate=None, endDate=None, all=False
23:22:23 robot_of INFO No filters applied, returning all 200 trades
23:22:32 robot_of INFO API GET /status with query:  | filters: startDate=None, endDate=None, all=False
23:22:32 robot_of INFO No filters applied, returning all 200 trades
23:22:53 robot_of INFO API GET /status with query:  | filters: startDate=None, endDate=None, all=False
23:22:53 robot_of INFO No filters applied, returning all 200 trades
23:23:23 robot_of INFO API GET /status with query:  | filters: startDate=None, endDate=None, all=False
23:23:23 robot_of INFO No filters applied, returning all 200 trades
23:23:32 robot_of INFO API GET /status with query:  | filters: startDate=None, endDate=None, all=False
23:23:32 robot_of INFO No filters applied, returning all 200 trades
23:23:53 robot_of INFO API GET /status with query:  | filters: startDate=None, endDate=None, all=False
23:23:53 robot_of INFO No filters applied, returning all 200 trades
23:24:23 robot_of INFO API GET /status with query:  | filters: startDate=None, endDate=None, all=False
23:24:23 robot_of INFO No filters applied, returning all 200 trades
23:24:23 robot_of INFO Signal 15 received — shutting down...
23:24:25 strategy_of INFO VWEMA filter enabled: fast=20 slow=40 flat_th=1
23:24:25 robot_of INFO === Order Flow Robot v2 ===
23:24:25 robot_of INFO Symbol: SiU6@RTSX | Account: 1225953 | Port: 5080
23:24:25 robot_of INFO Params: lots=2 stepAvg=25 stepPyr=33
23:24:25 robot_of INFO   maxAvg=1000 maxPyr=5 spread=44
23:24:25 robot_of INFO   partialTP=True SL=pts/5000000
23:24:25 robot_of INFO   timeframe=M1
23:24:25 strategy_of INFO Restored position: dir=-1 lots=6 avg=79114 lotEntries=3
23:24:25 robot_of INFO State loaded: dir=-1 lots=6 mode=stopped
23:24:26 FinamPy CRITICAL Ошибка доступа к системному хранилищу: No recommended backend was available. Install a recommended 3rd party backend package; or, install the keyrings.alt package if you want to use the non-recommended backends. See https://pypi.org/project/keyring for details.
23:24:26 FinamPy CRITICAL Ошибка сохранения в системное хранилище: No recommended backend was available. Install a recommended 3rd party backend package; or, install the keyrings.alt package if you want to use the non-recommended backends. See https://pypi.org/project/keyring for details.
23:24:26 robot_of INFO FinamPy connected. Accounts: ['1225950', '1225951', '1225952', '1225953']
23:24:26 robot_of INFO Subscribed to LatestTrades: SiU6@RTSX
23:24:26 robot_of INFO Subscribed to OrderBook: SiU6@RTSX
23:24:26 robot_of INFO Subscribed to Bars: SiU6@RTSX M1
23:24:26 robot_of INFO Subscribed to Quotes: SiU6@RTSX
23:24:26 robot_of WARNING VWEMA warmup: no historical bars received
23:24:26 robot_of INFO Warmup: waiting 10 sec for data streams...
23:24:36 robot_of INFO Warmup done. OB has data: True
23:24:36 robot_of INFO Main loop started
23:24:36 robot_of INFO API listening on :5080
23:24:36 robot_of INFO Endpoints: GET /status | GET /health | POST /start /stop /pause /params
23:25:10 robot_of INFO API GET /status with query:  | filters: startDate=None, endDate=None, all=False
23:25:10 robot_of INFO No filters applied, returning all 200 trades
23:25:32 robot_of INFO API GET /status with query:  | filters: startDate=None, endDate=None, all=False
23:25:32 robot_of INFO No filters applied, returning all 200 trades
23:25:40 robot_of INFO API GET /status with query:  | filters: startDate=None, endDate=None, all=False
23:25:40 robot_of INFO No filters applied, returning all 200 trades
23:26:10 robot_of INFO API GET /status with query:  | filters: startDate=None, endDate=None, all=False
23:26:10 robot_of INFO No filters applied, returning all 200 trades
23:26:32 robot_of INFO API GET /status with query:  | filters: startDate=None, endDate=None, all=False
23:26:32 robot_of INFO No filters applied, returning all 200 trades
23:26:40 robot_of INFO API GET /status with query:  | filters: startDate=None, endDate=None, all=False
23:26:40 robot_of INFO No filters applied, returning all 200 trades
23:27:10 robot_of INFO API GET /status with query:  | filters: startDate=None, endDate=None, all=False
23:27:10 robot_of INFO No filters applied, returning all 200 trades
23:27:10 robot_of INFO Signal 15 received — shutting down...
23:27:13 strategy_of INFO VWEMA filter enabled: fast=20 slow=40 flat_th=1
23:27:13 robot_of INFO === Order Flow Robot v2 ===
23:27:13 robot_of INFO Symbol: SiU6@RTSX | Account: 1225953 | Port: 5080
23:27:13 robot_of INFO Params: lots=2 stepAvg=25 stepPyr=33
23:27:13 robot_of INFO   maxAvg=1000 maxPyr=5 spread=44
23:27:13 robot_of INFO   partialTP=True SL=pts/5000000
23:27:13 robot_of INFO   timeframe=M1
23:27:13 strategy_of INFO Restored position: dir=-1 lots=6 avg=79114 lotEntries=3
23:27:13 robot_of INFO State loaded: dir=-1 lots=6 mode=stopped
23:27:13 FinamPy CRITICAL Ошибка доступа к системному хранилищу: No recommended backend was available. Install a recommended 3rd party backend package; or, install the keyrings.alt package if you want to use the non-recommended backends. See https://pypi.org/project/keyring for details.
23:27:13 FinamPy CRITICAL Ошибка сохранения в системное хранилище: No recommended backend was available. Install a recommended 3rd party backend package; or, install the keyrings.alt package if you want to use the non-recommended backends. See https://pypi.org/project/keyring for details.
23:27:13 robot_of INFO FinamPy connected. Accounts: ['1225950', '1225951', '1225952', '1225953']
23:27:13 robot_of INFO Subscribed to LatestTrades: SiU6@RTSX
23:27:13 robot_of INFO Subscribed to OrderBook: SiU6@RTSX
23:27:13 robot_of INFO Subscribed to Bars: SiU6@RTSX M1
23:27:13 robot_of INFO Subscribed to Quotes: SiU6@RTSX
23:27:13 robot_of WARNING VWEMA warmup: no historical bars received
23:27:13 robot_of INFO Warmup: waiting 10 sec for data streams...
23:27:23 robot_of INFO Warmup done. OB has data: True
23:27:23 robot_of INFO Main loop started
23:27:23 robot_of INFO API listening on :5080
23:27:23 robot_of INFO Endpoints: GET /status | GET /health | POST /start /stop /pause /params
23:27:32 robot_of INFO API GET /status with query:  | filters: startDate=None, endDate=None, all=False
23:27:32 robot_of INFO No filters applied, returning all 200 trades
23:27:57 robot_of INFO API GET /status with query:  | filters: startDate=None, endDate=None, all=False
23:27:57 robot_of INFO No filters applied, returning all 200 trades
23:28:27 robot_of INFO API GET /status with query:  | filters: startDate=None, endDate=None, all=False
23:28:27 robot_of INFO No filters applied, returning all 200 trades
23:28:32 robot_of INFO API GET /status with query:  | filters: startDate=None, endDate=None, all=False
23:28:32 robot_of INFO No filters applied, returning all 200 trades
23:28:57 robot_of INFO API GET /status with query:  | filters: startDate=None, endDate=None, all=False
23:28:57 robot_of INFO No filters applied, returning all 200 trades
23:29:27 robot_of INFO API GET /status with query:  | filters: startDate=None, endDate=None, all=False
23:29:27 robot_of INFO No filters applied, returning all 200 trades
23:29:32 robot_of INFO API GET /status with query:  | filters: startDate=None, endDate=None, all=False
23:29:32 robot_of INFO No filters applied, returning all 200 trades
23:29:57 robot_of INFO API GET /status with query:  | filters: startDate=None, endDate=None, all=False
23:29:57 robot_of INFO No filters applied, returning all 200 trades
23:29:57 robot_of INFO Signal 15 received — shutting down...
23:30:00 strategy_of INFO VWEMA filter enabled: fast=20 slow=40 flat_th=1
23:30:00 robot_of INFO === Order Flow Robot v2 ===
23:30:00 robot_of INFO Symbol: SiU6@RTSX | Account: 1225953 | Port: 5080
23:30:00 robot_of INFO Params: lots=2 stepAvg=25 stepPyr=33
23:30:00 robot_of INFO   maxAvg=1000 maxPyr=5 spread=44
23:30:00 robot_of INFO   partialTP=True SL=pts/5000000
23:30:00 robot_of INFO   timeframe=M1
23:30:00 strategy_of INFO Restored position: dir=-1 lots=6 avg=79114 lotEntries=3
23:30:00 robot_of INFO State loaded: dir=-1 lots=6 mode=stopped
23:30:00 FinamPy CRITICAL Ошибка доступа к системному хранилищу: No recommended backend was available. Install a recommended 3rd party backend package; or, install the keyrings.alt package if you want to use the non-recommended backends. See https://pypi.org/project/keyring for details.
23:30:00 FinamPy CRITICAL Ошибка сохранения в системное хранилище: No recommended backend was available. Install a recommended 3rd party backend package; or, install the keyrings.alt package if you want to use the non-recommended backends. See https://pypi.org/project/keyring for details.
23:30:01 robot_of INFO FinamPy connected. Accounts: ['1225950', '1225951', '1225952', '1225953']
23:30:01 robot_of INFO Subscribed to LatestTrades: SiU6@RTSX
23:30:01 robot_of INFO Subscribed to OrderBook: SiU6@RTSX
23:30:01 robot_of INFO Subscribed to Bars: SiU6@RTSX M1
23:30:01 robot_of INFO Subscribed to Quotes: SiU6@RTSX
23:30:01 robot_of WARNING VWEMA warmup: no historical bars received
23:30:01 robot_of INFO Warmup: waiting 10 sec for data streams...
23:30:11 robot_of INFO Warmup done. OB has data: True
23:30:11 robot_of INFO Main loop started
23:30:12 robot_of INFO API listening on :5080
23:30:12 robot_of INFO Endpoints: GET /status | GET /health | POST /start /stop /pause /params
23:30:32 robot_of INFO API GET /status with query:  | filters: startDate=None, endDate=None, all=False
23:30:32 robot_of INFO No filters applied, returning all 200 trades
23:30:45 robot_of INFO API GET /status with query:  | filters: startDate=None, endDate=None, all=False
23:30:45 robot_of INFO No filters applied, returning all 200 trades
23:31:15 robot_of INFO API GET /status with query:  | filters: startDate=None, endDate=None, all=False
23:31:15 robot_of INFO No filters applied, returning all 200 trades
23:31:32 robot_of INFO API GET /status with query:  | filters: startDate=None, endDate=None, all=False
23:31:32 robot_of INFO No filters applied, returning all 200 trades
23:31:45 robot_of INFO API GET /status with query:  | filters: startDate=None, endDate=None, all=False
23:31:45 robot_of INFO No filters applied, returning all 200 trades
23:32:15 robot_of INFO API GET /status with query:  | filters: startDate=None, endDate=None, all=False
23:32:15 robot_of INFO No filters applied, returning all 200 trades
23:32:32 robot_of INFO API GET /status with query:  | filters: startDate=None, endDate=None, all=False
23:32:32 robot_of INFO No filters applied, returning all 200 trades
23:32:45 robot_of INFO API GET /status with query:  | filters: startDate=None, endDate=None, all=False
23:32:45 robot_of INFO No filters applied, returning all 200 trades
23:32:45 robot_of INFO Signal 15 received — shutting down...
23:32:47 strategy_of INFO VWEMA filter enabled: fast=20 slow=40 flat_th=1
23:32:47 robot_of INFO === Order Flow Robot v2 ===
23:32:47 robot_of INFO Symbol: SiU6@RTSX | Account: 1225953 | Port: 5080
23:32:47 robot_of INFO Params: lots=2 stepAvg=25 stepPyr=33
23:32:47 robot_of INFO   maxAvg=1000 maxPyr=5 spread=44
23:32:47 robot_of INFO   partialTP=True SL=pts/5000000
23:32:47 robot_of INFO   timeframe=M1
23:32:47 strategy_of INFO Restored position: dir=-1 lots=6 avg=79114 lotEntries=3
23:32:47 robot_of INFO State loaded: dir=-1 lots=6 mode=stopped
23:32:47 FinamPy CRITICAL Ошибка доступа к системному хранилищу: No recommended backend was available. Install a recommended 3rd party backend package; or, install the keyrings.alt package if you want to use the non-recommended backends. See https://pypi.org/project/keyring for details.
23:32:47 FinamPy CRITICAL Ошибка сохранения в системное хранилище: No recommended backend was available. Install a recommended 3rd party backend package; or, install the keyrings.alt package if you want to use the non-recommended backends. See https://pypi.org/project/keyring for details.
23:32:48 robot_of INFO FinamPy connected. Accounts: ['1225950', '1225951', '1225952', '1225953']
23:32:48 robot_of INFO Subscribed to LatestTrades: SiU6@RTSX
23:32:48 robot_of INFO Subscribed to OrderBook: SiU6@RTSX
23:32:48 robot_of INFO Subscribed to Bars: SiU6@RTSX M1
23:32:48 robot_of INFO Subscribed to Quotes: SiU6@RTSX
23:32:48 robot_of WARNING VWEMA warmup: no historical bars received
23:32:48 robot_of INFO Warmup: waiting 10 sec for data streams...
23:32:58 robot_of INFO Warmup done. OB has data: True
23:32:58 robot_of INFO Main loop started
23:32:58 robot_of INFO API listening on :5080
23:32:58 robot_of INFO Endpoints: GET /status | GET /health | POST /start /stop /pause /params
23:33:32 robot_of INFO API GET /status with query:  | filters: startDate=None, endDate=None, all=False
23:33:32 robot_of INFO No filters applied, returning all 200 trades
23:33:32 robot_of INFO API GET /status with query:  | filters: startDate=None, endDate=None, all=False
23:33:32 robot_of INFO No filters applied, returning all 200 trades
23:34:02 robot_of INFO API GET /status with query:  | filters: startDate=None, endDate=None, all=False
23:34:02 robot_of INFO No filters applied, returning all 200 trades
23:34:32 robot_of INFO API GET /status with query:  | filters: startDate=None, endDate=None, all=False
23:34:32 robot_of INFO No filters applied, returning all 200 trades
23:34:32 robot_of INFO API GET /status with query:  | filters: startDate=None, endDate=None, all=False
23:34:32 robot_of INFO No filters applied, returning all 200 trades
23:35:02 robot_of INFO API GET /status with query:  | filters: startDate=None, endDate=None, all=False
23:35:02 robot_of INFO No filters applied, returning all 200 trades
23:35:32 robot_of INFO API GET /status with query:  | filters: startDate=None, endDate=None, all=False
23:35:32 robot_of INFO No filters applied, returning all 200 trades
23:35:32 robot_of INFO Signal 15 received — shutting down...
23:35:35 strategy_of INFO VWEMA filter enabled: fast=20 slow=40 flat_th=1
23:35:35 robot_of INFO === Order Flow Robot v2 ===
23:35:35 robot_of INFO Symbol: SiU6@RTSX | Account: 1225953 | Port: 5080
23:35:35 robot_of INFO Params: lots=2 stepAvg=25 stepPyr=33
23:35:35 robot_of INFO   maxAvg=1000 maxPyr=5 spread=44
23:35:35 robot_of INFO   partialTP=True SL=pts/5000000
23:35:35 robot_of INFO   timeframe=M1
23:35:35 strategy_of INFO Restored position: dir=-1 lots=6 avg=79114 lotEntries=3
23:35:35 robot_of INFO State loaded: dir=-1 lots=6 mode=stopped
23:35:35 FinamPy CRITICAL Ошибка доступа к системному хранилищу: No recommended backend was available. Install a recommended 3rd party backend package; or, install the keyrings.alt package if you want to use the non-recommended backends. See https://pypi.org/project/keyring for details.
23:35:35 FinamPy CRITICAL Ошибка сохранения в системное хранилище: No recommended backend was available. Install a recommended 3rd party backend package; or, install the keyrings.alt package if you want to use the non-recommended backends. See https://pypi.org/project/keyring for details.
23:35:35 robot_of INFO FinamPy connected. Accounts: ['1225950', '1225951', '1225952', '1225953']
23:35:35 robot_of INFO Subscribed to LatestTrades: SiU6@RTSX
23:35:35 robot_of INFO Subscribed to OrderBook: SiU6@RTSX
23:35:35 robot_of INFO Subscribed to Bars: SiU6@RTSX M1
23:35:35 robot_of INFO Subscribed to Quotes: SiU6@RTSX
23:35:35 robot_of WARNING VWEMA warmup: no historical bars received
23:35:35 robot_of INFO Warmup: waiting 10 sec for data streams...
23:35:45 robot_of INFO Warmup done. OB has data: True
23:35:45 robot_of INFO Main loop started
23:35:45 robot_of INFO API listening on :5080
23:35:45 robot_of INFO Endpoints: GET /status | GET /health | POST /start /stop /pause /params
23:36:19 robot_of INFO API GET /status with query:  | filters: startDate=None, endDate=None, all=False
23:36:19 robot_of INFO No filters applied, returning all 200 trades
23:36:32 robot_of INFO API GET /status with query:  | filters: startDate=None, endDate=None, all=False
23:36:32 robot_of INFO No filters applied, returning all 200 trades
23:36:49 robot_of INFO API GET /status with query:  | filters: startDate=None, endDate=None, all=False
23:36:49 robot_of INFO No filters applied, returning all 200 trades
23:37:19 robot_of INFO API GET /status with query:  | filters: startDate=None, endDate=None, all=False
23:37:19 robot_of INFO No filters applied, returning all 200 trades
23:37:32 robot_of INFO API GET /status with query:  | filters: startDate=None, endDate=None, all=False
23:37:32 robot_of INFO No filters applied, returning all 200 trades
23:37:49 robot_of INFO API GET /status with query:  | filters: startDate=None, endDate=None, all=False
23:37:49 robot_of INFO No filters applied, returning all 200 trades
23:38:19 robot_of INFO API GET /status with query:  | filters: startDate=None, endDate=None, all=False
23:38:19 robot_of INFO No filters applied, returning all 200 trades
23:38:19 robot_of INFO Signal 15 received — shutting down...
23:38:22 strategy_of INFO VWEMA filter enabled: fast=20 slow=40 flat_th=1
23:38:22 robot_of INFO === Order Flow Robot v2 ===
23:38:22 robot_of INFO Symbol: SiU6@RTSX | Account: 1225953 | Port: 5080
23:38:22 robot_of INFO Params: lots=2 stepAvg=25 stepPyr=33
23:38:22 robot_of INFO   maxAvg=1000 maxPyr=5 spread=44
23:38:22 robot_of INFO   partialTP=True SL=pts/5000000
23:38:22 robot_of INFO   timeframe=M1
23:38:22 strategy_of INFO Restored position: dir=-1 lots=6 avg=79114 lotEntries=3
23:38:22 robot_of INFO State loaded: dir=-1 lots=6 mode=stopped
23:38:22 FinamPy CRITICAL Ошибка доступа к системному хранилищу: No recommended backend was available. Install a recommended 3rd party backend package; or, install the keyrings.alt package if you want to use the non-recommended backends. See https://pypi.org/project/keyring for details.
23:38:22 FinamPy CRITICAL Ошибка сохранения в системное хранилище: No recommended backend was available. Install a recommended 3rd party backend package; or, install the keyrings.alt package if you want to use the non-recommended backends. See https://pypi.org/project/keyring for details.
23:38:22 robot_of INFO FinamPy connected. Accounts: ['1225950', '1225951', '1225952', '1225953']
23:38:22 robot_of INFO Subscribed to LatestTrades: SiU6@RTSX
23:38:22 robot_of INFO Subscribed to OrderBook: SiU6@RTSX
23:38:22 robot_of INFO Subscribed to Bars: SiU6@RTSX M1
23:38:22 robot_of INFO Subscribed to Quotes: SiU6@RTSX
23:38:22 robot_of WARNING VWEMA warmup: no historical bars received
23:38:22 robot_of INFO Warmup: waiting 10 sec for data streams...
23:38:32 robot_of INFO Warmup done. OB has data: True
23:38:32 robot_of INFO Main loop started
23:38:32 robot_of INFO API listening on :5080
23:38:32 robot_of INFO Endpoints: GET /status | GET /health | POST /start /stop /pause /params
23:38:33 robot_of INFO API GET /status with query:  | filters: startDate=None, endDate=None, all=False
23:38:33 robot_of INFO No filters applied, returning all 200 trades
23:39:16 robot_of INFO Signal 15 received — shutting down...
23:39:19 strategy_of INFO VWEMA filter enabled: fast=20 slow=40 flat_th=1
23:39:19 robot_of INFO === Order Flow Robot v2 ===
23:39:19 robot_of INFO Symbol: SiU6@RTSX | Account: 1225953 | Port: 5080
23:39:19 robot_of INFO Params: lots=2 stepAvg=25 stepPyr=33
23:39:19 robot_of INFO   maxAvg=1000 maxPyr=5 spread=44
23:39:19 robot_of INFO   partialTP=True SL=pts/5000000
23:39:19 robot_of INFO   timeframe=M1
23:39:19 strategy_of INFO Restored position: dir=-1 lots=6 avg=79114 lotEntries=3
23:39:19 robot_of INFO State loaded: dir=-1 lots=6 mode=stopped
23:39:19 FinamPy CRITICAL Ошибка доступа к системному хранилищу: No recommended backend was available. Install a recommended 3rd party backend package; or, install the keyrings.alt package if you want to use the non-recommended backends. See https://pypi.org/project/keyring for details.
23:39:19 FinamPy CRITICAL Ошибка сохранения в системное хранилище: No recommended backend was available. Install a recommended 3rd party backend package; or, install the keyrings.alt package if you want to use the non-recommended backends. See https://pypi.org/project/keyring for details.
23:39:20 robot_of INFO FinamPy connected. Accounts: ['1225950', '1225951', '1225952', '1225953']
23:39:20 robot_of INFO Subscribed to LatestTrades: SiU6@RTSX
23:39:20 robot_of INFO Subscribed to OrderBook: SiU6@RTSX
23:39:20 robot_of INFO Subscribed to Bars: SiU6@RTSX M1
23:39:20 robot_of INFO Subscribed to Quotes: SiU6@RTSX
23:39:20 robot_of WARNING VWEMA warmup: no historical bars received
23:39:20 robot_of INFO Warmup: waiting 10 sec for data streams...
23:39:30 robot_of INFO Warmup done. OB has data: True
23:39:30 robot_of INFO Main loop started
23:39:30 robot_of INFO API listening on :5080
23:39:30 robot_of INFO Endpoints: GET /status | GET /health | POST /start /stop /pause /params
23:39:32 robot_of INFO API GET /status with query:  | filters: startDate=None, endDate=None, all=False
23:39:32 robot_of INFO No filters applied, returning all 200 trades
23:40:04 robot_of INFO API GET /status with query:  | filters: startDate=None, endDate=None, all=False
23:40:04 robot_of INFO No filters applied, returning all 200 trades
23:40:32 robot_of INFO API GET /status with query:  | filters: startDate=None, endDate=None, all=False
23:40:32 robot_of INFO No filters applied, returning all 200 trades
23:40:34 robot_of INFO API GET /status with query:  | filters: startDate=None, endDate=None, all=False
23:40:34 robot_of INFO No filters applied, returning all 200 trades
23:41:04 robot_of INFO API GET /status with query:  | filters: startDate=None, endDate=None, all=False
23:41:04 robot_of INFO No filters applied, returning all 200 trades
23:41:32 robot_of INFO API GET /status with query:  | filters: startDate=None, endDate=None, all=False
23:41:32 robot_of INFO No filters applied, returning all 200 trades
23:41:34 robot_of INFO API GET /status with query:  | filters: startDate=None, endDate=None, all=False
23:41:34 robot_of INFO No filters applied, returning all 200 trades
23:42:04 robot_of INFO API GET /status with query:  | filters: startDate=None, endDate=None, all=False
23:42:04 robot_of INFO No filters applied, returning all 200 trades
23:42:04 robot_of INFO Signal 15 received — shutting down...
23:42:06 strategy_of INFO VWEMA filter enabled: fast=20 slow=40 flat_th=1
23:42:06 robot_of INFO === Order Flow Robot v2 ===
23:42:06 robot_of INFO Symbol: SiU6@RTSX | Account: 1225953 | Port: 5080
23:42:06 robot_of INFO Params: lots=2 stepAvg=25 stepPyr=33
23:42:06 robot_of INFO   maxAvg=1000 maxPyr=5 spread=44
23:42:06 robot_of INFO   partialTP=True SL=pts/5000000
23:42:06 robot_of INFO   timeframe=M1
23:42:06 strategy_of INFO Restored position: dir=-1 lots=6 avg=79114 lotEntries=3
23:42:06 robot_of INFO State loaded: dir=-1 lots=6 mode=stopped
23:42:06 FinamPy CRITICAL Ошибка доступа к системному хранилищу: No recommended backend was available. Install a recommended 3rd party backend package; or, install the keyrings.alt package if you want to use the non-recommended backends. See https://pypi.org/project/keyring for details.
23:42:06 FinamPy CRITICAL Ошибка сохранения в системное хранилище: No recommended backend was available. Install a recommended 3rd party backend package; or, install the keyrings.alt package if you want to use the non-recommended backends. See https://pypi.org/project/keyring for details.
23:42:07 robot_of INFO FinamPy connected. Accounts: ['1225950', '1225951', '1225952', '1225953']
23:42:07 robot_of INFO Subscribed to LatestTrades: SiU6@RTSX
23:42:07 robot_of INFO Subscribed to OrderBook: SiU6@RTSX
23:42:07 robot_of INFO Subscribed to Bars: SiU6@RTSX M1
23:42:07 robot_of INFO Subscribed to Quotes: SiU6@RTSX
23:42:07 robot_of WARNING VWEMA warmup: no historical bars received
23:42:07 robot_of INFO Warmup: waiting 10 sec for data streams...
23:42:17 robot_of INFO Warmup done. OB has data: True
23:42:17 robot_of INFO Main loop started
23:42:17 robot_of INFO API listening on :5080
23:42:17 robot_of INFO Endpoints: GET /status | GET /health | POST /start /stop /pause /params
23:42:32 robot_of INFO API GET /status with query:  | filters: startDate=None, endDate=None, all=False
23:42:32 robot_of INFO No filters applied, returning all 200 trades
23:42:51 robot_of INFO API GET /status with query:  | filters: startDate=None, endDate=None, all=False
23:42:51 robot_of INFO No filters applied, returning all 200 trades
23:43:21 robot_of INFO API GET /status with query:  | filters: startDate=None, endDate=None, all=False
23:43:21 robot_of INFO No filters applied, returning all 200 trades
23:43:32 robot_of INFO API GET /status with query:  | filters: startDate=None, endDate=None, all=False
23:43:32 robot_of INFO No filters applied, returning all 200 trades
23:43:51 robot_of INFO API GET /status with query:  | filters: startDate=None, endDate=None, all=False
23:43:51 robot_of INFO No filters applied, returning all 200 trades
23:44:21 robot_of INFO API GET /status with query:  | filters: startDate=None, endDate=None, all=False
23:44:21 robot_of INFO No filters applied, returning all 200 trades
23:44:32 robot_of INFO API GET /status with query:  | filters: startDate=None, endDate=None, all=False
23:44:32 robot_of INFO No filters applied, returning all 200 trades
23:44:51 robot_of INFO API GET /status with query:  | filters: startDate=None, endDate=None, all=False
23:44:51 robot_of INFO No filters applied, returning all 200 trades
23:44:51 robot_of INFO Signal 15 received — shutting down...
23:44:54 strategy_of INFO VWEMA filter enabled: fast=20 slow=40 flat_th=1
23:44:54 robot_of INFO === Order Flow Robot v2 ===
23:44:54 robot_of INFO Symbol: SiU6@RTSX | Account: 1225953 | Port: 5080
23:44:54 robot_of INFO Params: lots=2 stepAvg=25 stepPyr=33
23:44:54 robot_of INFO   maxAvg=1000 maxPyr=5 spread=44
23:44:54 robot_of INFO   partialTP=True SL=pts/5000000
23:44:54 robot_of INFO   timeframe=M1
23:44:54 strategy_of INFO Restored position: dir=-1 lots=6 avg=79114 lotEntries=3
23:44:54 robot_of INFO State loaded: dir=-1 lots=6 mode=stopped
23:44:54 FinamPy CRITICAL Ошибка доступа к системному хранилищу: No recommended backend was available. Install a recommended 3rd party backend package; or, install the keyrings.alt package if you want to use the non-recommended backends. See https://pypi.org/project/keyring for details.
23:44:54 FinamPy CRITICAL Ошибка сохранения в системное хранилище: No recommended backend was available. Install a recommended 3rd party backend package; or, install the keyrings.alt package if you want to use the non-recommended backends. See https://pypi.org/project/keyring for details.
23:44:54 robot_of INFO FinamPy connected. Accounts: ['1225950', '1225951', '1225952', '1225953']
23:44:54 robot_of INFO Subscribed to LatestTrades: SiU6@RTSX
23:44:54 robot_of INFO Subscribed to OrderBook: SiU6@RTSX
23:44:54 robot_of INFO Subscribed to Bars: SiU6@RTSX M1
23:44:54 robot_of INFO Subscribed to Quotes: SiU6@RTSX
23:44:54 robot_of WARNING VWEMA warmup: no historical bars received
23:44:54 robot_of INFO Warmup: waiting 10 sec for data streams...
23:45:04 robot_of INFO Warmup done. OB has data: True
23:45:04 robot_of INFO Main loop started
23:45:04 robot_of INFO API listening on :5080
23:45:04 robot_of INFO Endpoints: GET /status | GET /health | POST /start /stop /pause /params
23:45:32 robot_of INFO API GET /status with query:  | filters: startDate=None, endDate=None, all=False
23:45:32 robot_of INFO No filters applied, returning all 200 trades
23:45:38 robot_of INFO API GET /status with query:  | filters: startDate=None, endDate=None, all=False
23:45:38 robot_of INFO No filters applied, returning all 200 trades
23:46:08 robot_of INFO API GET /status with query:  | filters: startDate=None, endDate=None, all=False
23:46:08 robot_of INFO No filters applied, returning all 200 trades
23:46:32 robot_of INFO API GET /status with query:  | filters: startDate=None, endDate=None, all=False
23:46:32 robot_of INFO No filters applied, returning all 200 trades
23:46:38 robot_of INFO API GET /status with query:  | filters: startDate=None, endDate=None, all=False
23:46:38 robot_of INFO No filters applied, returning all 200 trades
23:47:08 robot_of INFO API GET /status with query:  | filters: startDate=None, endDate=None, all=False
23:47:08 robot_of INFO No filters applied, returning all 200 trades
23:47:32 robot_of INFO API GET /status with query:  | filters: startDate=None, endDate=None, all=False
23:47:32 robot_of INFO No filters applied, returning all 200 trades
23:47:38 robot_of INFO API GET /status with query:  | filters: startDate=None, endDate=None, all=False
23:47:38 robot_of INFO No filters applied, returning all 200 trades
23:47:38 robot_of INFO Signal 15 received — shutting down...
23:47:41 strategy_of INFO VWEMA filter enabled: fast=20 slow=40 flat_th=1
23:47:41 robot_of INFO === Order Flow Robot v2 ===
23:47:41 robot_of INFO Symbol: SiU6@RTSX | Account: 1225953 | Port: 5080
23:47:41 robot_of INFO Params: lots=2 stepAvg=25 stepPyr=33
23:47:41 robot_of INFO   maxAvg=1000 maxPyr=5 spread=44
23:47:41 robot_of INFO   partialTP=True SL=pts/5000000
23:47:41 robot_of INFO   timeframe=M1
23:47:41 strategy_of INFO Restored position: dir=-1 lots=6 avg=79114 lotEntries=3
23:47:41 robot_of INFO State loaded: dir=-1 lots=6 mode=stopped
23:47:41 FinamPy CRITICAL Ошибка доступа к системному хранилищу: No recommended backend was available. Install a recommended 3rd party backend package; or, install the keyrings.alt package if you want to use the non-recommended backends. See https://pypi.org/project/keyring for details.
23:47:41 FinamPy CRITICAL Ошибка сохранения в системное хранилище: No recommended backend was available. Install a recommended 3rd party backend package; or, install the keyrings.alt package if you want to use the non-recommended backends. See https://pypi.org/project/keyring for details.
23:47:41 robot_of INFO FinamPy connected. Accounts: ['1225950', '1225951', '1225952', '1225953']
23:47:41 robot_of INFO Subscribed to LatestTrades: SiU6@RTSX
23:47:41 robot_of INFO Subscribed to OrderBook: SiU6@RTSX
23:47:41 robot_of INFO Subscribed to Bars: SiU6@RTSX M1
23:47:41 robot_of INFO Subscribed to Quotes: SiU6@RTSX
23:47:41 robot_of WARNING VWEMA warmup: no historical bars received
23:47:41 robot_of INFO Warmup: waiting 10 sec for data streams...
23:47:51 robot_of INFO Warmup done. OB has data: True
23:47:51 robot_of INFO Main loop started
23:47:51 robot_of INFO API listening on :5080
23:47:51 robot_of INFO Endpoints: GET /status | GET /health | POST /start /stop /pause /params
23:48:26 robot_of INFO API GET /status with query:  | filters: startDate=None, endDate=None, all=False
23:48:26 robot_of INFO No filters applied, returning all 200 trades
23:48:32 robot_of INFO API GET /status with query:  | filters: startDate=None, endDate=None, all=False
23:48:32 robot_of INFO No filters applied, returning all 200 trades
23:48:56 robot_of INFO API GET /status with query:  | filters: startDate=None, endDate=None, all=False
23:48:56 robot_of INFO No filters applied, returning all 200 trades
23:49:26 robot_of INFO API GET /status with query:  | filters: startDate=None, endDate=None, all=False
23:49:26 robot_of INFO No filters applied, returning all 200 trades
23:49:32 robot_of INFO API GET /status with query:  | filters: startDate=None, endDate=None, all=False
23:49:32 robot_of INFO No filters applied, returning all 200 trades
23:49:56 robot_of INFO API GET /status with query:  | filters: startDate=None, endDate=None, all=False
23:49:56 robot_of INFO No filters applied, returning all 200 trades
23:50:26 robot_of INFO API GET /status with query:  | filters: startDate=None, endDate=None, all=False
23:50:26 robot_of INFO No filters applied, returning all 200 trades
23:50:26 robot_of INFO Signal 15 received — shutting down...
23:50:28 strategy_of INFO VWEMA filter enabled: fast=20 slow=40 flat_th=1
23:50:28 robot_of INFO === Order Flow Robot v2 ===
23:50:28 robot_of INFO Symbol: SiU6@RTSX | Account: 1225953 | Port: 5080
23:50:28 robot_of INFO Params: lots=2 stepAvg=25 stepPyr=33
23:50:28 robot_of INFO   maxAvg=1000 maxPyr=5 spread=44
23:50:28 robot_of INFO   partialTP=True SL=pts/5000000
23:50:28 robot_of INFO   timeframe=M1
23:50:28 strategy_of INFO Restored position: dir=-1 lots=6 avg=79114 lotEntries=3
23:50:28 robot_of INFO State loaded: dir=-1 lots=6 mode=stopped
23:50:28 FinamPy CRITICAL Ошибка доступа к системному хранилищу: No recommended backend was available. Install a recommended 3rd party backend package; or, install the keyrings.alt package if you want to use the non-recommended backends. See https://pypi.org/project/keyring for details.
23:50:28 FinamPy CRITICAL Ошибка сохранения в системное хранилище: No recommended backend was available. Install a recommended 3rd party backend package; or, install the keyrings.alt package if you want to use the non-recommended backends. See https://pypi.org/project/keyring for details.
23:50:29 robot_of INFO FinamPy connected. Accounts: ['1225950', '1225951', '1225952', '1225953']
23:50:29 robot_of INFO Subscribed to LatestTrades: SiU6@RTSX
23:50:29 robot_of INFO Subscribed to OrderBook: SiU6@RTSX
23:50:29 robot_of INFO Subscribed to Bars: SiU6@RTSX M1
23:50:29 robot_of INFO Subscribed to Quotes: SiU6@RTSX
23:50:29 robot_of WARNING VWEMA warmup: no historical bars received
23:50:29 robot_of INFO Warmup: waiting 10 sec for data streams...
23:50:39 robot_of INFO Warmup done. OB has data: True
23:50:39 robot_of INFO Main loop started
23:50:39 robot_of INFO API listening on :5080
23:50:39 robot_of INFO Endpoints: GET /status | GET /health | POST /start /stop /pause /params
23:51:13 robot_of INFO API GET /status with query:  | filters: startDate=None, endDate=None, all=False
23:51:13 robot_of INFO No filters applied, returning all 200 trades
23:51:32 robot_of INFO API GET /status with query:  | filters: startDate=None, endDate=None, all=False
23:51:32 robot_of INFO No filters applied, returning all 200 trades
23:51:43 robot_of INFO API GET /status with query:  | filters: startDate=None, endDate=None, all=False
23:51:43 robot_of INFO No filters applied, returning all 200 trades
23:52:13 robot_of INFO API GET /status with query:  | filters: startDate=None, endDate=None, all=False
23:52:13 robot_of INFO No filters applied, returning all 200 trades
23:52:32 robot_of INFO API GET /status with query:  | filters: startDate=None, endDate=None, all=False
23:52:32 robot_of INFO No filters applied, returning all 200 trades
23:52:43 robot_of INFO API GET /status with query:  | filters: startDate=None, endDate=None, all=False
23:52:43 robot_of INFO No filters applied, returning all 200 trades
23:53:13 robot_of INFO API GET /status with query:  | filters: startDate=None, endDate=None, all=False
23:53:13 robot_of INFO No filters applied, returning all 200 trades
23:53:13 robot_of INFO Signal 15 received — shutting down...
23:53:15 strategy_of INFO VWEMA filter enabled: fast=20 slow=40 flat_th=1
23:53:15 robot_of INFO === Order Flow Robot v2 ===
23:53:15 robot_of INFO Symbol: SiU6@RTSX | Account: 1225953 | Port: 5080
23:53:15 robot_of INFO Params: lots=2 stepAvg=25 stepPyr=33
23:53:15 robot_of INFO   maxAvg=1000 maxPyr=5 spread=44
23:53:15 robot_of INFO   partialTP=True SL=pts/5000000
23:53:15 robot_of INFO   timeframe=M1
23:53:15 strategy_of INFO Restored position: dir=-1 lots=6 avg=79114 lotEntries=3
23:53:15 robot_of INFO State loaded: dir=-1 lots=6 mode=stopped
23:53:16 FinamPy CRITICAL Ошибка доступа к системному хранилищу: No recommended backend was available. Install a recommended 3rd party backend package; or, install the keyrings.alt package if you want to use the non-recommended backends. See https://pypi.org/project/keyring for details.
23:53:16 FinamPy CRITICAL Ошибка сохранения в системное хранилище: No recommended backend was available. Install a recommended 3rd party backend package; or, install the keyrings.alt package if you want to use the non-recommended backends. See https://pypi.org/project/keyring for details.
23:53:16 robot_of INFO FinamPy connected. Accounts: ['1225950', '1225951', '1225952', '1225953']
23:53:16 robot_of INFO Subscribed to LatestTrades: SiU6@RTSX
23:53:16 robot_of INFO Subscribed to OrderBook: SiU6@RTSX
23:53:16 robot_of INFO Subscribed to Bars: SiU6@RTSX M1
23:53:16 robot_of INFO Subscribed to Quotes: SiU6@RTSX
23:53:16 robot_of WARNING VWEMA warmup: no historical bars received
23:53:16 robot_of INFO Warmup: waiting 10 sec for data streams...
23:53:26 robot_of INFO Warmup done. OB has data: True
23:53:26 robot_of INFO Main loop started
23:53:26 robot_of INFO API listening on :5080
23:53:26 robot_of INFO Endpoints: GET /status | GET /health | POST /start /stop /pause /params
23:53:32 robot_of INFO API GET /status with query:  | filters: startDate=None, endDate=None, all=False
23:53:32 robot_of INFO No filters applied, returning all 200 trades
23:54:00 robot_of INFO API GET /status with query:  | filters: startDate=None, endDate=None, all=False
23:54:00 robot_of INFO No filters applied, returning all 200 trades
23:54:30 robot_of INFO API GET /status with query:  | filters: startDate=None, endDate=None, all=False
23:54:30 robot_of INFO No filters applied, returning all 200 trades
23:54:32 robot_of INFO API GET /status with query:  | filters: startDate=None, endDate=None, all=False
23:54:32 robot_of INFO No filters applied, returning all 200 trades
23:55:00 robot_of INFO API GET /status with query:  | filters: startDate=None, endDate=None, all=False
23:55:00 robot_of INFO No filters applied, returning all 200 trades
23:55:30 robot_of INFO API GET /status with query:  | filters: startDate=None, endDate=None, all=False
23:55:30 robot_of INFO No filters applied, returning all 200 trades
23:55:32 robot_of INFO API GET /status with query:  | filters: startDate=None, endDate=None, all=False
23:55:32 robot_of INFO No filters applied, returning all 200 trades
23:56:00 robot_of INFO API GET /status with query:  | filters: startDate=None, endDate=None, all=False
23:56:00 robot_of INFO No filters applied, returning all 200 trades
23:56:00 robot_of INFO Signal 15 received — shutting down...
23:56:03 strategy_of INFO VWEMA filter enabled: fast=20 slow=40 flat_th=1
23:56:03 robot_of INFO === Order Flow Robot v2 ===
23:56:03 robot_of INFO Symbol: SiU6@RTSX | Account: 1225953 | Port: 5080
23:56:03 robot_of INFO Params: lots=2 stepAvg=25 stepPyr=33
23:56:03 robot_of INFO   maxAvg=1000 maxPyr=5 spread=44
23:56:03 robot_of INFO   partialTP=True SL=pts/5000000
23:56:03 robot_of INFO   timeframe=M1
23:56:03 strategy_of INFO Restored position: dir=-1 lots=6 avg=79114 lotEntries=3
23:56:03 robot_of INFO State loaded: dir=-1 lots=6 mode=stopped
23:56:03 FinamPy CRITICAL Ошибка доступа к системному хранилищу: No recommended backend was available. Install a recommended 3rd party backend package; or, install the keyrings.alt package if you want to use the non-recommended backends. See https://pypi.org/project/keyring for details.
23:56:03 FinamPy CRITICAL Ошибка сохранения в системное хранилище: No recommended backend was available. Install a recommended 3rd party backend package; or, install the keyrings.alt package if you want to use the non-recommended backends. See https://pypi.org/project/keyring for details.
23:56:48 robot_of INFO Signal 15 received — shutting down...
23:56:52 strategy_of INFO VWEMA filter enabled: fast=20 slow=40 flat_th=1
23:56:52 robot_of INFO === Order Flow Robot v2 ===
23:56:52 robot_of INFO Symbol: SiU6@RTSX | Account: 1225953 | Port: 5080
23:56:52 robot_of INFO Params: lots=2 stepAvg=25 stepPyr=33
23:56:52 robot_of INFO   maxAvg=1000 maxPyr=5 spread=44
23:56:52 robot_of INFO   partialTP=True SL=pts/5000000
23:56:52 robot_of INFO   timeframe=M1
23:56:52 strategy_of INFO Restored position: dir=-1 lots=6 avg=79114 lotEntries=3
23:56:52 robot_of INFO State loaded: dir=-1 lots=6 mode=stopped
23:56:52 FinamPy CRITICAL Ошибка доступа к системному хранилищу: No recommended backend was available. Install a recommended 3rd party backend package; or, install the keyrings.alt package if you want to use the non-recommended backends. See https://pypi.org/project/keyring for details.
23:56:52 FinamPy CRITICAL Ошибка сохранения в системное хранилище: No recommended backend was available. Install a recommended 3rd party backend package; or, install the keyrings.alt package if you want to use the non-recommended backends. See https://pypi.org/project/keyring for details.
23:56:53 robot_of INFO FinamPy connected. Accounts: ['1225950', '1225951', '1225952', '1225953']
23:56:53 robot_of INFO Subscribed to LatestTrades: SiU6@RTSX
23:56:53 robot_of INFO Subscribed to OrderBook: SiU6@RTSX
23:56:53 robot_of INFO Subscribed to Bars: SiU6@RTSX M1
23:56:53 robot_of INFO Subscribed to Quotes: SiU6@RTSX
23:56:53 robot_of WARNING VWEMA warmup: no historical bars received
23:56:53 robot_of INFO Warmup: waiting 10 sec for data streams...
23:57:03 robot_of INFO Warmup done. OB has data: True
23:57:03 robot_of INFO Main loop started
23:57:03 robot_of INFO API listening on :5080
23:57:03 robot_of INFO Endpoints: GET /status | GET /health | POST /start /stop /pause /params
23:57:32 robot_of INFO API GET /status with query:  | filters: startDate=None, endDate=None, all=False
23:57:32 robot_of INFO No filters applied, returning all 200 trades
23:57:37 robot_of INFO API GET /status with query:  | filters: startDate=None, endDate=None, all=False
23:57:37 robot_of INFO No filters applied, returning all 200 trades
23:58:07 robot_of INFO API GET /status with query:  | filters: startDate=None, endDate=None, all=False
23:58:07 robot_of INFO No filters applied, returning all 200 trades
23:58:32 robot_of INFO API GET /status with query:  | filters: startDate=None, endDate=None, all=False
23:58:32 robot_of INFO No filters applied, returning all 200 trades
23:58:37 robot_of INFO API GET /status with query:  | filters: startDate=None, endDate=None, all=False
23:58:37 robot_of INFO No filters applied, returning all 200 trades
23:59:07 robot_of INFO API GET /status with query:  | filters: startDate=None, endDate=None, all=False
23:59:07 robot_of INFO No filters applied, returning all 200 trades
23:59:32 robot_of INFO API GET /status with query:  | filters: startDate=None, endDate=None, all=False
23:59:32 robot_of INFO No filters applied, returning all 200 trades
23:59:37 robot_of INFO API GET /status with query:  | filters: startDate=None, endDate=None, all=False
23:59:37 robot_of INFO No filters applied, returning all 200 trades
23:59:37 robot_of INFO Signal 15 received — shutting down...
23:59:37 robot_of INFO Main loop stopped
23:59:40 strategy_of INFO VWEMA filter enabled: fast=20 slow=40 flat_th=1
23:59:40 robot_of INFO === Order Flow Robot v2 ===
23:59:40 robot_of INFO Symbol: SiU6@RTSX | Account: 1225953 | Port: 5080
23:59:40 robot_of INFO Params: lots=2 stepAvg=25 stepPyr=33
23:59:40 robot_of INFO   maxAvg=1000 maxPyr=5 spread=44
23:59:40 robot_of INFO   partialTP=True SL=pts/5000000
23:59:40 robot_of INFO   timeframe=M1
23:59:40 strategy_of INFO Restored position: dir=-1 lots=6 avg=79114 lotEntries=3
23:59:40 robot_of INFO State loaded: dir=-1 lots=6 mode=stopped
23:59:40 FinamPy CRITICAL Ошибка доступа к системному хранилищу: No recommended backend was available. Install a recommended 3rd party backend package; or, install the keyrings.alt package if you want to use the non-recommended backends. See https://pypi.org/project/keyring for details.
23:59:40 FinamPy CRITICAL Ошибка сохранения в системное хранилище: No recommended backend was available. Install a recommended 3rd party backend package; or, install the keyrings.alt package if you want to use the non-recommended backends. See https://pypi.org/project/keyring for details.
00:00:24 robot_of INFO Signal 15 received — shutting down...
