tic,dir,t_entry,t_exit,entry,exit,atr,shares,net,R,gross_sh
SBER,-1,2024-09-02 09:00:00,2024-09-03 09:00:00,249.1,247.93,3.693571428571413,902,831.1794699999887,0.08316115516018745,0.9214849999999875
LKOH,-1,2024-09-02 09:00:00,2024-09-02 14:00:00,6080.0,6104.0,96.96428571428572,34,-1023.1279999999999,-0.10344702271332104,-30.092
ROSN,-1,2024-09-02 09:00:00,2024-09-03 08:00:00,468.75,456.0,5.553571428571428,600,7372.575,0.7375209003215435,12.287625
TATN,-1,2024-09-02 09:00:00,2024-09-03 08:00:00,577.5,557.4,6.37142857142855,523,10215.523650000012,1.0218822869955202,19.532550000000022
GMKN,-1,2024-09-02 09:00:00,2024-09-03 08:00:00,106.06,103.62,2.737142857142851,1217,2841.8897199999974,0.2843792623521229,2.335159999999998
NVTK,-1,2024-09-02 09:00:00,2024-09-02 14:00:00,954.2,957.4,18.44285714285712,180,-748.0439999999877,-0.07511128324296296,-4.155799999999932
PLZL,-1,2024-09-02 09:00:00,2024-09-03 07:00:00,1170.5,1153.95,29.93214285714286,111,1708.043024999995,0.1713628843017932,15.387774999999955
MTSS,-1,2024-09-02 09:00:00,2024-09-03 07:00:00,186.1,186.8,2.7107142857142974,1229,-1089.447050000021,-0.10900570926658046,-0.8864500000000171
SNGS,-1,2024-09-02 10:00:00,2024-09-03 07:00:00,22.465,22.2,0.5848214285714276,5699,1382.9620825000031,0.13831430025445346,0.24266750000000056
GAZP,1,2024-09-02 12:00:00,2024-09-02 12:00:00,122.27,122.27,0.8691161187213353,3271,-399.94517,-0.04689438590395593,-0.12227
LKOH,1,2024-09-02 15:00:00,2024-09-03 12:00:00,6093.0,6167.5,80.24379144535412,41,2803.15975,0.28400847288212394,68.36975
NVTK,1,2024-09-02 15:00:00,2024-09-03 07:00:00,955.8,958.4,15.436546613610327,215,353.2235000000049,0.035476414967742544,1.6429000000000227
NVTK,-1,2024-09-03 08:00:00,2024-09-03 10:00:00,951.8,966.6,15.379471314796659,216,-3403.9872000000146,-0.34156354006868167,-15.759200000000067
PLZL,1,2024-09-03 08:00:00,2024-09-03 12:00:00,1142.4,1164.7,24.290678806763115,137,2897.0636499999937,0.290186071897838,21.146449999999955
MTSS,1,2024-09-03 08:00:00,2024-09-03 14:00:00,183.85,187.7,2.3281376478514333,1431,5243.505974999992,0.524628917220823,3.6642249999999943
SNGS,1,2024-09-03 08:00:00,2024-09-03 12:00:00,22.0,22.32,0.505526876401704,6593,1963.6591200000018,0.19638916274178422,0.29784000000000027
ROSN,1,2024-09-03 09:00:00,2024-09-03 14:00:00,465.3,465.7,6.449676356221279,516,-33.79800000001175,-0.003385182779331362,-0.06550000000002276
TATN,1,2024-09-03 09:00:00,2024-09-03 12:00:00,574.1,563.8,7.995886041672521,416,-4521.483200000029,-0.45310592402784255,-10.86895000000007
GMKN,1,2024-09-03 09:00:00,2024-09-03 12:00:00,105.72,105.0,2.17934837384485,1529,-1261.9754399999983,-0.12623956926841734,-0.8253599999999989
SBER,1,2024-09-03 10:00:00,2024-09-03 14:00:00,247.41,245.04,3.710090378357485,898,-2349.370050000004,-0.23505492078769327,-2.6162250000000045
NVTK,1,2024-09-03 11:00:00,2024-09-03 14:00:00,970.2,952.6,15.085968833312057,220,-4083.5080000000053,-0.4101250242325328,-18.561400000000024
LKOH,-1,2024-09-03 13:00:00,2024-09-04 07:00:00,6153.5,6189.0,73.13116538326302,45,-1875.20625,-0.18993840169058293,-41.67125
TATN,-1,2024-09-03 13:00:00,2024-09-04 07:00:00,564.1,565.0,7.920936621100817,420,-615.1109999999904,-0.06163202114669618,-1.4645499999999774
GMKN,-1,2024-09-03 13:00:00,2024-09-04 08:00:00,104.72,104.02,2.020744192664067,1649,982.1938700000047,0.09825258142723291,0.5956300000000029
PLZL,-1,2024-09-03 13:00:00,2024-09-04 08:00:00,1164.2,1162.5,23.418101193326276,142,76.20430000000647,0.007638677954996923,0.5366500000000456
SNGS,-1,2024-09-03 13:00:00,2024-09-04 07:00:00,22.065,22.15,0.45600650123426595,7309,-782.8487174999802,-0.07829383989781655,-0.1071074999999973
SBER,-1,2024-09-03 15:00:00,2024-09-04 08:00:00,242.62,246.33,3.478156770340272,958,-3788.3870500000075,-0.3789818632023246,-3.954475000000008
GAZP,-1,2024-09-03 15:00:00,2024-09-04 15:00:00,123.06,120.95,1.2935870863987178,2576,5121.075119999999,0.5122693376947866,1.9879949999999995
ROSN,-1,2024-09-03 15:00:00,2024-09-04 07:00:00,461.3,467.8,5.8910363046668595,565,-3934.97075,-0.39407610929635056,-6.96455
NVTK,-1,2024-09-03 15:00:00,2024-09-04 10:00:00,943.8,956.2,13.76628373199255,242,-3230.7000000000216,-0.3232535437039064,-13.35000000000009
MTSS,-1,2024-09-03 15:00:00,2024-09-04 08:00:00,185.4,188.85,2.9108428975527247,1145,-4164.508124999987,-0.41650306892869204,-3.6371249999999886
LKOH,1,2024-09-04 08:00:00,2024-09-05 14:00:00,6198.5,6326.5,63.332770577659716,52,6330.349999999999,0.6407293774856699,121.7375
ROSN,1,2024-09-04 08:00:00,2024-09-05 14:00:00,467.05,483.1,5.958087425962752,559,8706.383075000007,0.8713604375866919,15.574925000000011
TATN,1,2024-09-04 08:00:00,2024-09-05 15:00:00,570.4,586.6,7.478401469056126,445,6951.56750000002,0.6962940794517007,15.621500000000045
SNGS,1,2024-09-04 08:00:00,2024-09-05 12:00:00,22.24,23.215,0.47399473349000104,7032,6696.38022000001,0.6696786783462505,0.9522725000000014
SBER,1,2024-09-04 09:00:00,2024-09-05 14:00:00,246.02,255.83,3.3959440322294348,981,9377.452575000001,0.9382835238428509,9.559075000000002
GMKN,1,2024-09-04 09:00:00,2024-09-04 13:00:00,104.68,104.9,1.841881235361046,1809,208.41488999999794,0.02085005949137927,0.11520999999999885
PLZL,1,2024-09-04 09:00:00,2024-09-05 15:00:00,1174.05,1215.05,21.42012033002189,155,6169.84475,0.6194401865584558,39.80545
MTSS,1,2024-09-04 09:00:00,2024-09-05 15:00:00,189.55,196.7,2.685248486123663,1241,8633.481874999972,0.8635917105313774,6.956874999999977
NVTK,1,2024-09-04 11:00:00,2024-09-05 14:00:00,962.2,970.2,12.190106030416475,273,1920.2274,0.19233630898285933,7.0338
GMKN,-1,2024-09-04 14:00:00,2024-09-05 07:00:00,104.34,107.1,1.7713731806704585,1881,-5390.419319999983,-0.5392652493691036,-2.8657199999999907
GMKN,1,2024-09-05 08:00:00,2024-09-09 12:00:00,106.18,107.7,1.6754544015790813,1989,2810.576339999992,0.28112970401108617,1.413059999999996
PLZL,-1,2024-09-06 07:00:00,2024-09-06 08:00:00,1195.5,1216.0,16.366649333270125,203,-4406.267250000001,-0.4420727696103432,-21.705750000000002
LKOH,1,2024-09-06 09:00:00,2024-09-06 15:00:00,6290.0,6316.5,47.06208209325413,63,1272.39525,0.14305040704871402,20.19675
TATN,1,2024-09-06 09:00:00,2024-09-06 15:00:00,587.1,587.1,5.229290058958406,637,-373.9827,-0.03742381810791739,-0.5871000000000001
PLZL,1,2024-09-06 09:00:00,2024-09-06 15:00:00,1210.1,1205.95,16.642927231238016,200,-1071.6049999999727,-0.10731335350556792,-5.358024999999864
SNGS,1,2024-09-06 11:00:00,2024-09-06 15:00:00,23.095,23.1,0.3469069193400373,9608,-173.88077999997543,-0.017389390824130855,-0.018097499999997442
GAZP,-1,2024-09-06 12:00:00,2024-09-06 15:00:00,123.05,123.13,1.1233070601669886,2967,-602.5680299999949,-0.06026550447978351,-0.2030899999999983
NVTK,1,2024-09-06 12:00:00,2024-09-10 11:00:00,953.4,999.8,8.823415603887943,377,17124.621799999994,1.7160172446894093,45.42339999999998
SBER,1,2024-09-06 13:00:00,2024-09-10 09:00:00,254.97,261.24,2.343758701877231,1422,8548.914690000014,0.8550218921405731,6.01189500000001
ROSN,1,2024-09-06 13:00:00,2024-09-06 15:00:00,481.8,476.65,4.254481631232822,783,-4407.6831750000265,-0.44104276289697303,-5.629225000000034
MTSS,1,2024-09-06 14:00:00,2024-09-10 12:00:00,194.1,201.95,2.156295728918584,1545,11822.30137499999,1.1828889234096507,7.651974999999994
LKOH,-1,2024-09-09 07:00:00,2024-09-09 07:00:00,6348.5,6348.5,40.44169689382446,63,-399.95550000000003,-0.05232635693359866,-6.3485000000000005
ROSN,-1,2024-09-09 07:00:00,2024-09-09 08:00:00,479.9,482.7,4.313355008680216,772,-2533.163600000009,-0.2535767782771345,-3.2813000000000114
TATN,-1,2024-09-09 07:00:00,2024-09-09 07:00:00,590.1,590.1,5.144909041848015,647,-381.79470000000003,-0.03823196841772479,-0.5901000000000001
PLZL,-1,2024-09-09 07:00:00,2024-09-09 07:00:00,1211.0,1211.0,13.396974305105173,248,-300.32800000000003,-0.030131181673823306,-1.211
SNGS,-1,2024-09-09 07:00:00,2024-09-09 07:00:00,23.455,23.455,0.32623657702616554,10217,-239.639735,-0.02396522610861709,-0.023455
LKOH,1,2024-09-09 08:00:00,2024-09-10 08:00:00,6417.0,6481.0,43.08871854426557,62,3568.1620000000003,0.4452132092756263,57.551
TATN,1,2024-09-09 08:00:00,2024-09-10 08:00:00,594.1,603.7,5.12741553885887,650,5850.715000000015,0.5851615972857975,9.001100000000022
PLZL,1,2024-09-09 08:00:00,2024-09-10 08:00:00,1230.15,1253.15,14.361476140454792,232,5047.9372,0.5050165639243026,21.75835
SNGS,1,2024-09-09 08:00:00,2024-09-10 08:00:00,23.695,24.215,0.33471967866715374,9958,4939.616109999995,0.4939904758266575,0.49604499999999957
GAZP,1,2024-09-09 09:00:00,2024-09-09 15:00:00,123.62,124.41,1.0486701620530359,3178,2116.500329999975,0.21169191995067949,0.6659849999999921
ROSN,1,2024-09-09 09:00:00,2024-09-10 11:00:00,483.7,490.3,4.148760186055898,803,4908.739000000018,0.49115074752098964,6.113000000000023
GMKN,1,2024-09-10 08:00:00,2024-09-10 14:00:00,108.02,106.68,0.9810505517156516,3397,-4916.647949999963,-0.4917687464282983,-1.4473499999999893
GAZP,-1,2024-09-10 09:00:00,2024-09-10 09:00:00,125.5,125.5,0.9099711260046695,3187,-399.9685,-0.04597215465177152,-0.1255
PLZL,-1,2024-09-10 09:00:00,2024-09-11 07:00:00,1238.55,1251.0,11.961595712739788,278,-3807.1474500000127,-0.38163177469190895,-13.694775000000046
SNGS,-1,2024-09-10 09:00:00,2024-09-11 07:00:00,23.765,23.45,0.3286430471264612,10142,2955.302735000013,0.295551158567362,0.2913925000000013
GAZP,1,2024-09-10 10:00:00,2024-09-10 11:00:00,125.52,125.02,0.8449731884329074,3186,-1992.11022,-0.24666265887072297,-0.62527
GAZP,-1,2024-09-10 12:00:00,2024-09-11 15:00:00,124.3,122.99,0.8825534124753135,3218,3817.6903900000075,0.4480767521566055,1.1863550000000023
ROSN,-1,2024-09-10 12:00:00,2024-09-11 12:00:00,488.25,479.95,3.8982532829007948,819,6401.22210000001,0.6683249678587664,7.815900000000012
MTSS,-1,2024-09-10 13:00:00,2024-09-11 12:00:00,200.1,197.55,2.027673799471567,1643,3862.980524999972,0.3865143398332815,2.351174999999983
GMKN,-1,2024-09-10 15:00:00,2024-09-11 13:00:00,105.94,105.6,0.9346923398181405,3566,835.2641800000122,0.08353194237352889,0.2342300000000034
SBER,1,2024-09-11 08:00:00,2024-09-11 09:00:00,261.0,259.97,1.8950956197183537,1532,-1977.0230199999583,-0.22698678746911335,-1.2904849999999728
LKOH,1,2024-09-11 08:00:00,2024-09-12 07:00:00,6445.0,6422.5,40.98775998596721,62,-1793.8925,-0.23530398676666658,-28.93375
NVTK,1,2024-09-11 08:00:00,2024-09-11 15:00:00,978.2,973.8,9.543030100041326,349,-1876.2240000000318,-0.1877810277463413,-5.376000000000091
PLZL,1,2024-09-11 08:00:00,2024-09-12 07:00:00,1255.7,1245.0,10.504157705322978,317,-3788.260950000014,-0.3792260276120381,-11.950350000000045
SNGS,1,2024-09-11 08:00:00,2024-09-11 09:00:00,23.62,23.5,0.2900260194496968,11493,-1649.9350800000113,-0.16499669038016615,-0.143560000000001
SBER,-1,2024-09-11 10:00:00,2024-09-11 12:00:00,259.95,260.85,1.8303120394510268,1538,-1784.6952000000524,-0.21133008561536093,-1.160400000000034
SNGS,-1,2024-09-11 10:00:00,2024-09-11 12:00:00,23.51,23.66,0.2820887616683613,11816,-2051.080359999983,-0.20511865245695776,-0.17358499999999857
TATN,1,2024-09-11 12:00:00,2024-09-11 14:00:00,596.2,595.8,4.518503693270775,670,-667.3200000000609,-0.07347565090949565,-0.9960000000000909
SBER,1,2024-09-11 13:00:00,2024-09-12 07:00:00,261.19,257.79,1.7366674747353914,1531,-5602.679189999965,-0.7023969860354831,-3.6594899999999773
MTSS,1,2024-09-11 13:00:00,2024-09-12 07:00:00,199.5,196.0,1.8890997346257619,1764,-6522.831,-0.6524712860528314,-3.69775
SNGS,1,2024-09-11 13:00:00,2024-09-12 07:00:00,23.67,23.13,0.2587678605631888,12881,-7257.155400000034,-0.7257470057961151,-0.5634000000000027
TATN,-1,2024-09-11 15:00:00,2024-09-12 11:00:00,590.3,586.7,4.578262614473728,677,2038.7854999999386,0.2192607584719545,3.0114999999999092
GMKN,-1,2024-09-11 15:00:00,2024-09-12 15:00:00,103.9,101.04,0.9316884553166195,3577,9863.684809999999,0.9865708450302725,2.7575299999999996
NVTK,-1,2024-09-12 07:00:00,2024-09-13 07:00:00,962.4,956.8,8.12519879279509,410,1902.5640000000094,0.19037072685182937,4.640400000000023
SBER,-1,2024-09-12 08:00:00,2024-09-13 07:00:00,256.56,255.18,1.698526648946207,1559,1752.5186699999929,0.22060884368960273,1.1241299999999954
LKOH,-1,2024-09-12 08:00:00,2024-09-12 11:00:00,6404.0,6400.0,40.291142269931946,62,-148.924,-0.019872026990512503,-2.402
ROSN,-1,2024-09-12 08:00:00,2024-09-12 12:00:00,477.2,478.3,3.948052919810588,838,-1322.154500000019,-0.13320912291416437,-1.5777500000000226
PLZL,-1,2024-09-12 08:00:00,2024-09-12 14:00:00,1244.75,1255.0,9.769656357540185,321,-3691.459875,-0.3923670932097981,-11.499875
MTSS,-1,2024-09-12 08:00:00,2024-09-12 14:00:00,194.0,192.65,1.809352288646564,1842,2130.5953499999896,0.2130919090509111,1.1566749999999943
SNGS,-1,2024-09-12 08:00:00,2024-09-12 12:00:00,23.12,23.1,0.24559815872410526,13572,-42.20892000000577,-0.004220987128129721,-0.003110000000000425
GAZP,-1,2024-09-12 10:00:00,2024-09-13 13:00:00,121.61,118.7,0.6720476121104242,3289,9175.800204999989,1.3837536456874313,2.7898449999999966
LKOH,1,2024-09-12 12:00:00,2024-09-12 13:00:00,6425.0,6399.0,40.02062459317802,62,-2009.5439999999999,-0.26996080420598095,-32.412
TATN,1,2024-09-12 12:00:00,2024-09-13 10:00:00,590.4,594.0,4.626248641603596,677,2036.2806000000153,0.2167198690930015,3.0078000000000227
ROSN,1,2024-09-12 13:00:00,2024-09-13 10:00:00,477.4,481.8,3.979602551680907,837,3281.3748000000287,0.32837450047569305,3.920400000000034
SNGS,1,2024-09-12 13:00:00,2024-09-13 10:00:00,22.955,23.425,0.25117818681789816,13270,5929.168700000032,0.5929522326500636,0.4468100000000024
LKOH,-1,2024-09-12 14:00:00,2024-09-13 07:00:00,6398.5,6451.0,39.90298753187289,62,-3653.3345000000004,-0.4922334027657562,-58.92475
PLZL,1,2024-09-12 15:00:00,2024-09-13 11:00:00,1266.35,1257.25,9.421843542315692,315,-3263.9669999999714,-0.36658784640403813,-10.36179999999991
LKOH,1,2024-09-13 08:00:00,2024-09-13 10:00:00,6479.0,6450.0,41.57502318058482,61,-2163.3345,-0.28434139287553156,-35.4645
MTSS,-1,2024-09-13 09:00:00,2024-09-13 13:00:00,193.1,191.65,1.7539270631469959,1900,2389.4874999999784,0.2390112691351954,1.2576249999999887
SBER,-1,2024-09-13 11:00:00,2024-09-13 14:00:00,251.78,258.33762078746804,2.1858735958226707,1524,-10382.523707141343,-1.0388950228535925,-6.812679597861774
LKOH,-1,2024-09-13 11:00:00,2024-09-13 13:00:00,6411.0,6464.0,49.16356630019856,62,-3685.125,-0.40299151365510244,-59.4375
ROSN,-1,2024-09-13 11:00:00,2024-09-13 13:00:00,481.85,484.45,3.9880679985497154,830,-2559.014499999972,-0.2576978795347498,-3.083149999999966
TATN,-1,2024-09-13 11:00:00,2024-09-13 13:00:00,593.3,592.5,4.058121212846674,674,139.58539999996935,0.017011156077541844,0.20709999999995454
GMKN,-1,2024-09-13 11:00:00,2024-09-13 14:00:00,100.0,101.48,1.0405142274832704,3203,-5063.110220000013,-0.5063970481285962,-1.580740000000004
SNGS,-1,2024-09-13 11:00:00,2024-09-13 13:00:00,23.095,23.33,0.2806596076207848,11876,-3066.5316499999935,-0.30667339010046774,-0.25821249999999946
NVTK,-1,2024-09-13 12:00:00,2024-09-13 12:00:00,956.8,956.8,7.383706580180704,418,-399.9424,-0.04319420468161778,-0.9568
PLZL,-1,2024-09-13 12:00:00,2024-09-13 13:00:00,1261.65,1269.55,10.310285674527794,317,-2905.4951999999566,-0.29632544591349363,-9.165599999999863
NVTK,1,2024-09-13 13:00:00,2024-09-16 14:00:00,960.6,982.2,7.284870395882083,416,8581.49760000001,0.9439014870994706,20.628600000000024
LKOH,1,2024-09-13 14:00:00,2024-09-17 10:00:00,6501.0,6784.0,56.27655071484557,59,16305.0925,1.6369014357940375,276.3575
ROSN,1,2024-09-13 14:00:00,2024-09-17 07:00:00,486.5,515.65,4.128001236448156,807,23119.682474999983,2.3133814937718933,28.648924999999977
TATN,1,2024-09-13 14:00:00,2024-09-17 08:00:00,595.1,617.3,4.831556962326578,672,14511.033599999953,1.4897751158598018,21.59379999999993
PLZL,1,2024-09-13 14:00:00,2024-09-17 07:00:00,1274.75,1315.0,10.504276933648967,313,12192.954125,1.2361671106624121,38.955125
MTSS,1,2024-09-13 14:00:00,2024-09-17 11:00:00,193.65,206.5,2.179500712234927,1529,19341.73532499999,1.934682399044867,12.649924999999994
SNGS,1,2024-09-13 14:00:00,2024-09-17 07:00:00,23.935,25.075,0.3152930604748047,10572,11793.013140000006,1.1793208074631258,1.1154950000000006
GAZP,-1,2024-09-13 15:00:00,2024-09-16 09:00:00,116.93,120.6,0.8935730921858273,3420,-12957.576299999957,-1.4133389620958121,-3.7887649999999873
GMKN,1,2024-09-13 15:00:00,2024-09-17 08:00:00,101.8,105.6,1.0842119650965667,3074,11362.42619999999,1.1364014045816775,3.6962999999999973
SBER,1,2024-09-16 08:00:00,2024-09-17 11:00:00,258.29,263.1,2.5325259146352734,1316,5986.885380000002,0.5987836062156912,4.549305000000002
GAZP,1,2024-09-16 10:00:00,2024-09-17 10:00:00,120.6,121.92,0.8202237376500245,3316,3975.021840000025,0.4871597609998657,1.1987400000000075
NVTK,1,2024-09-17 08:00:00,2024-09-18 07:00:00,985.4,994.0,7.250211170725205,405,3082.171500000009,0.3498886593689288,7.610300000000023
GAZP,-1,2024-09-17 11:00:00,2024-09-18 09:00:00,120.95,122.53,0.9355786174732078,3307,-5627.654179999994,-0.606305719340481,-1.7017399999999983
LKOH,1,2024-09-17 14:00:00,2024-09-18 08:00:00,6786.5,6797.5,49.5720171835414,58,244.06400000000002,0.028295533374671136,4.208
ROSN,1,2024-09-17 14:00:00,2024-09-18 08:00:00,515.0,517.4,4.123930662291548,776,1461.8287999999823,0.15226573498798873,1.8837999999999773
TATN,1,2024-09-17 14:00:00,2024-09-18 10:00:00,633.6,632.9,5.27119378540586,631,-841.2807500000287,-0.0843104398660357,-1.3332500000000453
GMKN,1,2024-09-17 14:00:00,2024-09-18 15:00:00,106.3,107.58,0.954487227950497,3492,4096.325520000004,0.4096649892734657,1.173060000000001
SNGS,1,2024-09-17 14:00:00,2024-09-18 08:00:00,24.89,24.95,0.27519631645185105,12112,424.88895999998454,0.0424908788173362,0.03507999999999872
SBER,1,2024-09-17 15:00:00,2024-09-18 10:00:00,266.22,265.42,2.1108755239446135,1502,-1600.8616400000174,-0.1683061503642974,-1.0658200000000115
MTSS,1,2024-09-17 15:00:00,2024-09-18 08:00:00,208.95,207.95,2.089268863838717,1595,-1927.47775,-0.19280269458788166,-1.20845
NVTK,-1,2024-09-18 08:00:00,2024-09-19 08:00:00,990.4,988.0,7.597608767075383,403,568.5523999999908,0.06189666789695505,1.4107999999999772
LKOH,-1,2024-09-18 09:00:00,2024-09-18 14:00:00,6791.0,6770.5,49.77671758587895,58,795.7164999999999,0.09187193441277977,13.719249999999999
ROSN,-1,2024-09-18 09:00:00,2024-09-18 13:00:00,513.8,509.9,4.261911277741273,778,2635.9806999999823,0.26499456692863776,3.3881499999999773
MTSS,-1,2024-09-18 09:00:00,2024-09-19 08:00:00,207.15,205.6,2.1852127164189734,1525,2049.0281250000176,0.20495716349937818,1.3436250000000114
SNGS,-1,2024-09-18 09:00:00,2024-09-19 08:00:00,24.9,24.555,0.26335646590434497,12657,4053.6890324999854,0.4053726178068305,0.32027249999999885
GAZP,1,2024-09-18 10:00:00,2024-09-18 14:00:00,122.63,122.65,0.8095269630196644,3261,-334.70903999996665,-0.04226336477503942,-0.10263999999998977
SBER,-1,2024-09-18 11:00:00,2024-09-18 13:00:00,265.13,265.09,2.007482012539359,1508,-339.46587999996916,-0.037378500129992415,-0.22510999999997955
TATN,-1,2024-09-18 11:00:00,2024-09-18 14:00:00,629.7,628.3,5.163227880727448,635,489.58500000005773,0.04977506434672829,0.771000000000091
SBER,1,2024-09-18 14:00:00,2024-09-19 07:00:00,266.35,263.93,2.026897952459538,1501,-4030.395140000024,-0.44158447423590236,-2.685140000000016
ROSN,1,2024-09-18 14:00:00,2024-09-19 07:00:00,512.6,511.35,4.32869428297433,770,-1356.72075,-0.1356817926158642,-1.761975
PLZL,1,2024-09-18 14:00:00,2024-09-19 15:00:00,1301.5,1323.9,9.221484959110846,307,6473.801100000028,0.7622525039261995,21.08730000000009
LKOH,1,2024-09-18 15:00:00,2024-09-19 07:00:00,6757.0,6751.0,47.2656524829656,59,-752.4860000000001,-0.08994551243877363,-12.754000000000001
TATN,1,2024-09-18 15:00:00,2024-09-19 11:00:00,628.9,625.8,5.166335680483567,636,-2370.5946000000145,-0.2404895997551043,-3.7273500000000226
GMKN,-1,2024-09-19 07:00:00,2024-09-19 08:00:00,106.34,106.08,0.9401340717325444,3545,545.185550000018,0.05452768373649452,0.1537900000000051
SBER,-1,2024-09-19 08:00:00,2024-09-20 09:00:00,263.87,265.94,1.952873469953941,1515,-3537.38107499999,-0.39854177889211684,-2.3349049999999933
LKOH,-1,2024-09-19 08:00:00,2024-09-19 09:00:00,6736.0,6749.5,45.678037089904,59,-1194.3222500000002,-0.1477205187265965,-20.24275
ROSN,-1,2024-09-19 08:00:00,2024-09-19 08:00:00,509.85,509.85,4.165922499888706,784,-399.7224,-0.04079528603917626,-0.50985
ROSN,1,2024-09-19 09:00:00,2024-09-19 12:00:00,513.85,513.85,4.293356607039511,776,-398.74760000000003,-0.03989497006898804,-0.51385
GMKN,1,2024-09-19 09:00:00,2024-09-20 12:00:00,107.9,112.36,1.01797274552449,3274,14241.47437999998,1.4243570596967245,4.349869999999994
NVTK,1,2024-09-19 09:00:00,2024-09-19 12:00:00,997.0,1005.8,6.653844102327921,401,3127.2385999999815,0.3906814306671,7.798599999999954
MTSS,1,2024-09-19 09:00:00,2024-09-19 11:00:00,205.75,206.1,1.8557478644392116,1796,258.75869999998974,0.025879054434213657,0.1440749999999943
SNGS,1,2024-09-19 09:00:00,2024-09-19 11:00:00,24.73,24.855,0.26077024327757914,12782,1280.852265,0.1280916855396128,0.1002075
LKOH,1,2024-09-19 10:00:00,2024-09-20 13:00:00,6790.0,6859.5,46.171368715274376,58,3635.1645,0.45248279575235134,62.67525
TATN,-1,2024-09-19 12:00:00,2024-09-20 07:00:00,627.8,624.6,4.787049236444212,637,1639.5105999999566,0.1792196593262069,2.573799999999932
MTSS,-1,2024-09-19 12:00:00,2024-09-19 14:00:00,205.7,206.35,1.9597405459813928,1700,-1455.2425000000096,-0.14560175695287053,-0.8560250000000057
SNGS,-1,2024-09-19 12:00:00,2024-09-20 08:00:00,24.835,24.68,0.26669359492742034,12498,1627.7707650000143,0.1627866866412073,0.13024250000000115
GAZP,1,2024-09-19 13:00:00,2024-09-19 15:00:00,123.03,122.39,0.8167036852288265,3251,-2479.5702100000017,-0.3112960933872045,-0.7627100000000006
ROSN,-1,2024-09-19 13:00:00,2024-09-20 08:00:00,511.45,511.85,4.044745888527064,782,-712.9103000000266,-0.07513038932688226,-0.911650000000034
NVTK,-1,2024-09-19 13:00:00,2024-09-20 08:00:00,993.6,1005.6,7.692603118663779,402,-5225.8392,-0.5632943664397294,-12.999600000000001
MTSS,1,2024-09-19 15:00:00,2024-09-20 12:00:00,207.65,208.55,1.9407069896213995,1717,1187.9923000000097,0.11883985298487952,0.6919000000000056
TATN,1,2024-09-20 08:00:00,2024-09-20 15:00:00,626.6,630.9,4.511443840637611,638,2342.257499999971,0.2712546234038968,3.6712499999999544
PLZL,1,2024-09-20 08:00:00,2024-09-23 15:00:00,1342.7,1360.0,8.786361228038118,297,4736.749049999987,0.6050532784495699,15.948649999999954
GAZP,-1,2024-09-20 09:00:00,2024-09-23 10:00:00,122.3,122.68,0.8334176371894073,3270,-1643.1423000000316,-0.20097566837141895,-0.5024900000000097
ROSN,1,2024-09-20 09:00:00,2024-09-23 09:00:00,517.45,528.25,3.892547255587106,773,7944.236949999965,0.8800706688273605,10.277149999999954
NVTK,1,2024-09-20 09:00:00,2024-09-20 12:00:00,1009.2,1004.8,7.153790254317458,396,-2141.172000000036,-0.2519410367456075,-5.407000000000091
SNGS,1,2024-09-20 09:00:00,2024-09-20 13:00:00,24.83,24.79,0.23263868839169208,14328,-928.5976799999878,-0.0928621695844488,-0.06480999999999915
SBER,1,2024-09-20 10:00:00,2024-09-23 15:00:00,265.53,273.45,1.5895004840086007,1506,11521.668060000024,1.6043845381969737,7.650510000000016
NVTK,-1,2024-09-20 13:00:00,2024-09-23 07:00:00,998.2,999.0,7.733434075738269,400,-719.4399999999819,-0.07752485214999186,-1.7985999999999547
MTSS,-1,2024-09-20 13:00:00,2024-09-23 07:00:00,206.95,205.6,1.6536047827446978,1932,2209.676699999989,0.23055186501932437,1.1437249999999943
SNGS,-1,2024-09-20 14:00:00,2024-09-23 07:00:00,24.705,24.89,0.22213562713641746,15005,-3148.011487500034,-0.3148189279743675,-0.20979750000000227
TATN,-1,2024-09-23 07:00:00,2024-09-23 07:00:00,633.3,633.3,3.8926974556547465,631,-399.6123,-0.054229747470701715,-0.6333
LKOH,1,2024-09-23 08:00:00,2024-09-24 07:00:00,6946.0,6988.5,35.50161030202226,57,2025.36675,0.33362571160118115,35.53275
TATN,1,2024-09-23 08:00:00,2024-09-23 14:00:00,636.7,642.3,3.8789333516794104,628,3115.193999999943,0.4262769813469664,4.960499999999909
NVTK,1,2024-09-23 08:00:00,2024-09-25 07:00:00,1001.8,1039.8,7.870814520958991,399,14754.700799999999,1.566089502830532,36.9792
MTSS,1,2024-09-23 08:00:00,2024-09-24 07:00:00,206.15,205.8,1.8008266399409443,1851,-1029.1097249999896,-0.10291107199862148,-0.5559749999999943
SNGS,1,2024-09-23 08:00:00,2024-09-23 14:00:00,24.78,25.185,0.23534510671235762,14163,5382.187852499966,0.5382414861712858,0.38001749999999757
GAZP,1,2024-09-23 11:00:00,2024-09-25 14:00:00,123.46,137.96,0.75093362651292,3239,46542.130310000044,6.37841103956866,14.369290000000014
GMKN,1,2024-09-23 12:00:00,2024-09-24 12:00:00,110.24,111.34,1.0320579884804555,3229,3194.159090000028,0.3194943213919165,0.9892100000000086
ROSN,1,2024-09-23 14:00:00,2024-09-24 07:00:00,528.4,526.65,3.4334291167921847,757,-1724.0864249999997,-0.22111276341399727,-2.277525
TATN,-1,2024-09-23 15:00:00,2024-09-24 12:00:00,642.9,641.0,4.209552404782253,622,782.5070999999858,0.0996186671826655,1.2580499999999772
ROSN,-1,2024-09-24 08:00:00,2024-09-24 14:00:00,519.5,522.5,3.6730115778398016,769,-2707.649,-0.3195379708976937,-3.521
MTSS,-1,2024-09-24 08:00:00,2024-09-24 13:00:00,204.9,207.1,1.5133829096161528,1952,-4696.511999999978,-0.5299385865295728,-2.4059999999999886
LKOH,1,2024-09-24 10:00:00,2024-09-25 14:00:00,6997.0,6929.0,41.613720840587305,57,-4272.891,-0.600467013329299,-74.963
TATN,1,2024-09-24 13:00:00,2024-09-25 12:00:00,645.2,644.0,4.733780794668119,619,-1141.807400000028,-0.12988912950072282,-1.8446000000000455
MTSS,1,2024-09-24 14:00:00,2024-09-25 07:00:00,207.9,209.2,1.4231557294608086,1924,2099.949799999967,0.2556407982171426,1.091449999999983
SNGS,1,2024-09-24 15:00:00,2024-09-25 11:00:00,25.145,25.105,0.2275293488077664,14650,-954.0812499999877,-0.09540893711990472,-0.06512499999999916
PLZL,1,2024-09-25 07:00:00,2024-09-25 13:00:00,1376.05,1380.2,9.458164877319879,290,803.8437500000264,0.09768896454204994,2.771875000000091
ROSN,-1,2024-09-25 08:00:00,2024-09-26 09:00:00,518.0,511.8,3.377484664003735,772,4388.897199999991,0.5610782940127168,5.685099999999989
NVTK,-1,2024-09-25 08:00:00,2024-09-25 10:00:00,1032.8,1041.0,9.705082841411048,343,-3168.2567000000154,-0.3172530020587668,-9.236900000000045
MTSS,-1,2024-09-25 08:00:00,2024-09-26 11:00:00,206.25,207.65,1.7602489568605655,1893,-3041.956350000011,-0.3043035463320728,-1.6069500000000057
GMKN,-1,2024-09-25 10:00:00,2024-09-25 10:00:00,117.76,117.76,1.3423939915584142,2483,-292.39808,-0.02924129099219469,-0.11776
SBER,1,2024-09-25 11:00:00,2024-09-25 14:00:00,273.01,271.01,1.4171185459344937,1465,-3328.4946499999996,-0.5344201223245261,-2.27201
NVTK,1,2024-09-25 11:00:00,2024-09-25 12:00:00,1040.2,1030.8,9.594120627762408,347,-3621.118500000032,-0.36256579784230886,-10.435500000000092
SNGS,-1,2024-09-25 12:00:00,2024-09-26 08:00:00,24.8,24.575,0.22107794472188788,15077,3020.1115625000216,0.30202394642907654,0.20031250000000142
TATN,-1,2024-09-25 13:00:00,2024-09-26 09:00:00,646.6,639.8,4.601171932435499,618,3804.9024000000422,0.44603129307110684,6.156800000000068
NVTK,-1,2024-09-25 13:00:00,2024-09-26 10:00:00,1030.8,1025.0,9.535746867815536,349,1665.4628999999843,0.1668144112936573,4.772099999999955
PLZL,-1,2024-09-25 14:00:00,2024-09-26 10:00:00,1365.8,1362.05,10.258834006156462,292,696.7339,0.07752911616037732,2.386075
SBER,-1,2024-09-25 15:00:00,2024-09-27 07:00:00,268.96,268.5,1.4288240001675108,1487,284.41848999996955,0.04462177753116214,0.1912699999999795
LKOH,-1,2024-09-25 15:00:00,2024-09-26 14:00:00,6903.5,6847.0,40.35553178367191,57,2828.61075,0.40989630422925455,49.62475
GMKN,1,2024-09-26 08:00:00,2024-09-27 07:00:00,115.2,115.68,1.422776679921398,2342,853.7995200000094,0.0854104524729171,0.364560000000004
SNGS,1,2024-09-26 09:00:00,2024-09-26 12:00:00,24.8,24.805,0.2047567344501854,16129,-319.3945225000161,-0.032237441913977975,-0.019802500000000996
ROSN,1,2024-09-26 10:00:00,2024-09-27 13:00:00,513.45,508.8,3.8483519569867366,779,-4020.5163750000265,-0.4470420115490337,-5.161125000000034
TATN,1,2024-09-26 10:00:00,2024-09-26 13:00:00,642.7,637.6,4.751127239982249,622,-3570.3733000000143,-0.4027219724261668,-5.740150000000023
NVTK,1,2024-09-26 11:00:00,2024-09-26 11:00:00,1022.6,1022.6,8.622863188788605,386,-394.7236,-0.03953056649557649,-1.0226
PLZL,1,2024-09-26 11:00:00,2024-09-26 13:00:00,1366.5,1367.4,10.343352247790842,292,-136.34939999997349,-0.01504831279754722,-0.46694999999990916
GAZP,1,2024-09-26 12:00:00,2024-09-26 14:00:00,137.48,136.62,1.463285481646283,2277,-2270.2828499999664,-0.227125878147907,-0.9970499999999852
NVTK,-1,2024-09-26 13:00:00,2024-09-27 07:00:00,1014.0,1016.0,8.660529994414667,384,-1157.76,-0.11604370640689919,-3.015
MTSS,1,2024-09-26 13:00:00,2024-09-27 14:00:00,207.15,207.1,1.7789380667582826,1873,-481.5951250000213,-0.048179492549463195,-0.25712500000001137
SNGS,-1,2024-09-26 13:00:00,2024-09-26 14:00:00,24.725,24.655,0.19514140182818973,16177,732.9798700000046,0.07739686807534059,0.04531000000000028
TATN,-1,2024-09-26 14:00:00,2024-09-27 14:00:00,635.9,643.0,4.942431411420574,629,-4868.114050000015,-0.5219731852434899,-7.739450000000023
PLZL,-1,2024-09-26 14:00:00,2024-09-27 10:00:00,1351.7,1348.65,11.266288224634282,295,501.4483749999865,0.05029236977040954,1.6998249999999544
GAZP,-1,2024-09-26 15:00:00,2024-09-26 15:00:00,138.3,138.3,1.5897879749186894,2096,-289.8768,-0.028997577492909273,-0.1383
LKOH,1,2024-09-26 15:00:00,2024-09-27 11:00:00,6845.0,6885.0,44.39864996827793,58,1921.83,0.24876882535598407,33.135
SNGS,1,2024-09-26 15:00:00,2024-09-27 12:00:00,24.87,24.965,0.20134641280083684,16083,1127.1368474999815,0.11602309178679272,0.07008249999999885
GMKN,-1,2024-09-27 08:00:00,2024-09-27 13:00:00,112.92,114.04,1.5180734327795362,2195,-2707.48860000001,-0.27084328802670815,-1.2334800000000046
GAZP,1,2024-09-27 09:00:00,2024-09-30 12:00:00,137.55,142.1,1.5805174052816386,2109,9301.059074999965,0.9301120812847816,4.410174999999983
LKOH,-1,2024-09-27 12:00:00,2024-09-27 15:00:00,6864.5,6878.0,40.542534527324605,58,-1181.5325,-0.16748870651118528,-20.37125
SBER,-1,2024-09-27 13:00:00,2024-09-30 07:00:00,268.28,269.25,1.442005565171457,1490,-1845.7598500000406,-0.2863523391586763,-1.2387650000000272
SNGS,-1,2024-09-27 13:00:00,2024-09-30 07:00:00,24.94,25.035,0.17912062776627102,16038,-1924.3595249999817,-0.22328993501252284,-0.11998749999999886
ROSN,-1,2024-09-27 14:00:00,2024-09-30 07:00:00,508.3,512.45,3.0172054146000433,786,-3663.0547500000266,-0.5148666132628126,-4.660375000000034
GMKN,1,2024-09-27 14:00:00,2024-09-30 09:00:00,114.64,116.6,1.3072573592849752,2549,4701.324619999984,0.4702925012941614,1.8443799999999937
TATN,1,2024-09-27 15:00:00,2024-09-30 11:00:00,643.5,645.6,3.74977790580332,621,903.8344500000142,0.129380995938231,1.4554500000000228
MTSS,-1,2024-09-27 15:00:00,2024-09-30 07:00:00,206.9,207.1,1.5169030386091737,1933,-786.730999999978,-0.0894366107876306,-0.40699999999998865
LKOH,1,2024-09-30 07:00:00,2024-09-30 11:00:00,6948.0,6952.0,39.366379337643636,57,-168.15,-0.02497901381529981,-2.95
SBER,1,2024-09-30 08:00:00,2024-09-30 11:00:00,270.35,270.89,1.3869388001577978,1479,398.41301999994613,0.0647421020474047,0.2693799999999636
ROSN,1,2024-09-30 08:00:00,2024-09-30 11:00:00,514.15,510.0,3.06428582211236,777,-3622.4322749999824,-0.5071410077956527,-4.6620749999999775
MTSS,1,2024-09-30 08:00:00,2024-09-30 10:00:00,208.25,206.25,1.4579419057395449,1920,-4237.92,-0.5046497374851084,-2.20725
SNGS,1,2024-09-30 08:00:00,2024-09-30 09:00:00,25.21,25.175,0.17300575930946663,15866,-955.0142050000023,-0.11597398113652758,-0.06019250000000015
GMKN,-1,2024-09-30 10:00:00,2024-10-01 15:00:00,114.96,110.96,1.4408192023803246,2313,8990.72352,0.8992661937455126,3.88704
NVTK,-1,2024-09-30 10:00:00,2024-09-30 12:00:00,1030.8,1026.4,8.212794959924917,388,1308.103199999947,0.13683526807665836,3.3713999999998636
PLZL,-1,2024-09-30 10:00:00,2024-10-01 08:00:00,1336.2,1316.3,10.143125831796215,299,5553.551250000027,0.6103887600991775,18.57375000000009
SNGS,-1,2024-09-30 10:00:00,2024-09-30 15:00:00,24.935,24.89,0.1766733332821421,16041,322.22358749997034,0.037899513236893924,0.020087499999998152
MTSS,-1,2024-09-30 11:00:00,2024-09-30 14:00:00,205.85,207.9,1.4826706876493383,1943,-4385.1081250000225,-0.5073895861928529,-2.2568750000000115
SBER,-1,2024-09-30 12:00:00,2024-10-01 14:00:00,269.67,266.02,1.5308899695779585,1483,5015.735865000051,0.7364245781235428,3.382155000000034
LKOH,-1,2024-09-30 12:00:00,2024-10-01 13:00:00,6912.0,6820.0,39.49364584587471,57,4852.638,0.7185459684007424,85.134
ROSN,-1,2024-09-30 12:00:00,2024-10-01 13:00:00,505.05,498.9,3.344172151326299,792,4473.235800000027,0.562971914963571,5.648025000000034
TATN,-1,2024-09-30 12:00:00,2024-10-01 13:00:00,641.8,639.1,3.7455881004795777,623,1283.0996499999576,0.18328674916997514,2.059549999999932
GAZP,-1,2024-09-30 13:00:00,2024-09-30 15:00:00,138.43,138.11,1.6354045404307913,2038,370.3657399999861,0.03704078420297619,0.18172999999999317
NVTK,1,2024-09-30 13:00:00,2024-09-30 14:00:00,1027.6,1028.4,8.773728326149797,379,-86.41199999993107,-0.008662223991301848,-0.22799999999981813
NVTK,-1,2024-09-30 15:00:00,2024-10-01 12:00:00,1021.2,1007.8,8.75489840366998,380,4706.490000000034,0.4715645812942155,12.385500000000091
MTSS,1,2024-09-30 15:00:00,2024-10-02 12:00:00,208.7,210.6,1.5268314637118066,1916,3238.7106000000113,0.36903221697450855,1.6903500000000058
SNGS,1,2024-10-01 07:00:00,2024-10-01 07:00:00,24.83,24.83,0.17439952145075643,16109,-399.98646999999994,-0.04745808129412598,-0.024829999999999998
SNGS,-1,2024-10-01 08:00:00,2024-10-01 14:00:00,24.605,24.575,0.18158526991855947,16256,87.94496000001847,0.00993105516842034,0.005410000000001136
GAZP,1,2024-10-01 09:00:00,2024-10-01 11:00:00,137.9,137.36,2.019225136780774,1650,-1118.0894999999869,-0.11186304218992461,-0.6776299999999921
GAZP,-1,2024-10-01 12:00:00,2024-10-03 15:00:00,136.53,130.96,1.8684393678962683,1784,9698.278919999988,0.9698388029793433,5.436254999999993
ROSN,1,2024-10-01 14:00:00,2024-10-02 13:00:00,502.6,508.4,4.143808030820197,795,4209.127499999964,0.4258964991155729,5.294499999999955
TATN,1,2024-10-01 14:00:00,2024-10-02 13:00:00,642.1,657.7,3.716983645556241,622,9298.962200000014,1.3407018006722817,14.950100000000022
PLZL,-1,2024-10-01 14:00:00,2024-10-01 14:00:00,1340.6,1340.6,10.903583009404107,298,-399.4988,-0.04098346995489957,-1.3406
PLZL,1,2024-10-01 15:00:00,2024-10-02 12:00:00,1347.2,1352.65,11.406898508732388,292,1197.221900000013,0.11981273135904823,4.100075000000045
NVTK,-1,2024-10-02 10:00:00,2024-10-03 12:00:00,1004.8,978.0,8.852268172434197,376,9704.033599999984,0.9718262595631505,25.808599999999956
SBER,-1,2024-10-02 11:00:00,2024-10-03 12:00:00,265.96,257.99,1.5102264233524192,1503,11585.161574999956,1.7012956646349762,7.708024999999971
LKOH,-1,2024-10-02 13:00:00,2024-10-03 13:00:00,6905.5,6854.0,44.34516881369992,57,2543.35425,0.3354010609171861,44.62025
GMKN,-1,2024-10-02 13:00:00,2024-10-04 07:00:00,109.62,106.8,1.0382873537154187,3210,8704.845900000024,0.8705971393808946,2.7117900000000073
SNGS,-1,2024-10-02 13:00:00,2024-10-02 13:00:00,25.53,25.53,0.25069749120407064,13296,-339.44688,-0.03394529382455114,-0.02553
ROSN,-1,2024-10-02 14:00:00,2024-10-03 14:00:00,503.95,493.8,4.281129252195641,778,7508.575249999983,0.7514469844648467,9.651124999999977
PLZL,1,2024-10-03 10:00:00,2024-10-04 12:00:00,1345.5,1348.3,10.34057593329103,297,431.57069999998646,0.04684136258864018,1.4530999999999543
MTSS,1,2024-10-03 10:00:00,2024-10-03 10:00:00,203.2,203.2,2.081209998113737,1601,-325.3232,-0.03254517006679868,-0.2032
SNGS,1,2024-10-03 13:00:00,2024-10-04 13:00:00,25.12,25.67,0.29913922385202985,11143,5845.673515000008,0.5845717291151117,0.5246050000000007
LKOH,1,2024-10-03 14:00:00,2024-10-04 13:00:00,6870.0,7010.0,48.136594595182096,58,7717.4800000000005,0.9214057144327484,133.06
TATN,1,2024-10-03 14:00:00,2024-10-04 12:00:00,644.8,658.9,5.348609916071052,620,8337.853000000014,0.8381087304941394,13.448150000000023
MTSS,-1,2024-10-04 11:00:00,2024-10-07 07:00:00,206.35,207.3,1.896892631115979,1757,-2032.54152500003,-0.2032842170442078,-1.156825000000017
SBER,-1,2024-10-04 13:00:00,2024-10-04 15:00:00,263.11,263.02,1.8254831803099616,1520,-263.0587999999516,-0.03160167891742909,-0.17306499999996816
TATN,-1,2024-10-04 13:00:00,2024-10-04 15:00:00,656.6,659.5,5.2103302508732,609,-2166.852449999986,-0.22762792559413952,-3.558049999999977
GMKN,-1,2024-10-04 13:00:00,2024-10-04 15:00:00,106.92,107.34,0.931053572220212,3580,-1887.1254000000058,-0.18872168610126094,-0.5271300000000017
NVTK,-1,2024-10-04 13:00:00,2024-10-04 15:00:00,992.6,995.8,7.472049926903963,402,-1686.0683999999726,-0.18710617305068405,-4.194199999999932
PLZL,-1,2024-10-04 13:00:00,2024-10-08 07:00:00,1341.45,1335.95,7.609331570861026,298,1240.0674,0.18228933607147887,4.1613
GAZP,-1,2024-10-04 14:00:00,2024-10-07 10:00:00,133.22,133.32,1.2332757009202027,2702,-630.2955399999846,-0.0630488921565932,-0.2332699999999943
ROSN,-1,2024-10-04 14:00:00,2024-10-07 13:00:00,502.45,494.2,4.311817525558953,773,5992.044774999999,0.5992581205837808,7.751675
SBER,1,2024-10-07 07:00:00,2024-10-07 09:00:00,264.25,263.84,1.680264776654872,1513,-1019.8300850000378,-0.13371801265392166,-0.674045000000025
TATN,1,2024-10-07 07:00:00,2024-10-07 09:00:00,660.6,659.8,5.2259823473645906,605,-883.4210000000413,-0.09313719430736515,-1.4602000000000683
GMKN,1,2024-10-07 07:00:00,2024-10-07 07:00:00,107.02,107.02,0.8746081261544494,3737,-399.93374,-0.04078779085918724,-0.10702
NVTK,1,2024-10-07 07:00:00,2024-10-07 08:00:00,1001.6,997.4,7.006375251241987,399,-2074.600500000018,-0.24736994587314626,-5.199500000000046
LKOH,1,2024-10-07 08:00:00,2024-10-07 12:00:00,7030.5,6993.0,48.510227491320144,56,-2492.658,-0.30585818222878475,-44.51175
GMKN,-1,2024-10-07 08:00:00,2024-10-07 13:00:00,105.54,104.96,0.9649932600005601,3454,1639.7865000000431,0.16399078269200795,0.4747500000000125
MTSS,1,2024-10-07 08:00:00,2024-10-07 08:00:00,206.35,206.35,1.602178178562969,1938,-399.9063,-0.0429311385298149,-0.20635
SNGS,1,2024-10-07 08:00:00,2024-10-08 13:00:00,25.9,26.095,0.27148296143431266,12278,2075.0126950000035,0.2075053490246283,0.16900250000000028
NVTK,-1,2024-10-07 09:00:00,2024-10-07 13:00:00,992.8,988.8,7.369782742142323,402,1209.6984,0.13610532382873,3.0092
MTSS,-1,2024-10-07 09:00:00,2024-10-07 13:00:00,204.8,203.9,1.6377368800941872,1953,1358.604450000011,0.14158766047938023,0.6956500000000057
SBER,-1,2024-10-07 10:00:00,2024-10-10 07:00:00,261.73,260.89,1.855722199092839,1528,884.2383200000487,0.10394695216825768,0.5786900000000319
TATN,-1,2024-10-07 10:00:00,2024-10-07 13:00:00,656.8,655.0,4.951597382346934,609,696.7568999999723,0.07701891676941901,1.1440999999999546
GAZP,1,2024-10-07 11:00:00,2024-10-07 11:00:00,132.47,132.47,1.085724627602611,3019,-399.92693,-0.040670226633956925,-0.13247
GAZP,-1,2024-10-07 12:00:00,2024-10-07 15:00:00,132.05,132.28,1.097458582773853,3029,-1096.997784999969,-0.11000111399332842,-0.3621649999999898
LKOH,-1,2024-10-07 13:00:00,2024-10-08 07:00:00,6977.5,7043.0,44.5217615724377,57,-4133.08425,-0.5428824574698865,-72.51025
ROSN,1,2024-10-07 14:00:00,2024-10-08 14:00:00,501.1,502.6,4.909225336993965,678,676.7456999999999,0.06777376140374866,0.99815
TATN,1,2024-10-07 14:00:00,2024-10-08 07:00:00,657.5,627.5,4.707415473688338,608,-18630.64,-2.169803520372868,-30.6425
GMKN,1,2024-10-07 14:00:00,2024-10-09 10:00:00,106.14,106.54,0.9226607977317637,3612,1060.6999200000205,0.10609171529484036,0.2936600000000057
NVTK,1,2024-10-07 14:00:00,2024-10-08 12:00:00,996.6,991.4,7.295800380195477,401,-2483.794000000018,-0.2829938538712271,-6.194000000000045
MTSS,1,2024-10-07 14:00:00,2024-10-09 07:00:00,204.65,206.15,1.6648414526328519,1954,2529.6484,0.25920386151539415,1.2946
LKOH,1,2024-10-08 08:00:00,2024-10-09 07:00:00,7001.0,6975.0,43.92141379296109,57,-1880.316,-0.2503562397110777,-32.988
TATN,-1,2024-10-08 08:00:00,2024-10-10 07:00:00,625.1,613.3,4.752329371608333,639,7144.531200000044,0.7842329607032369,11.180800000000069
PLZL,1,2024-10-08 08:00:00,2024-10-08 12:00:00,1332.85,1340.4,6.770110763517327,300,1864.0125000000546,0.30592187814133087,6.213375000000182
GAZP,1,2024-10-08 09:00:00,2024-10-08 15:00:00,133.11,133.8,0.9970242758903582,3005,1672.4177249999932,0.18606868908415639,0.5565449999999977
NVTK,-1,2024-10-08 13:00:00,2024-10-09 07:00:00,986.6,986.2,6.671653125342675,405,-237.49200000000928,-0.029298085945772937,-0.5864000000000229
PLZL,-1,2024-10-08 13:00:00,2024-10-10 08:00:00,1344.1,1297.3,7.523258697489594,297,13507.352099999986,2.0150532204515645,45.47929999999995
ROSN,-1,2024-10-08 15:00:00,2024-10-10 07:00:00,501.45,495.8,4.1148052475699775,797,4105.645874999982,0.4173040755729693,5.151374999999978
LKOH,-1,2024-10-09 08:00:00,2024-10-10 08:00:00,6939.5,6862.5,39.110029661565356,57,3995.643,0.5974511790333966,70.099
NVTK,1,2024-10-09 08:00:00,2024-10-09 10:00:00,991.8,989.8,6.144363934634321,403,-1205.2924,-0.16225167388179218,-2.9908
MTSS,-1,2024-10-09 08:00:00,2024-10-10 07:00:00,206.35,206.0,1.3398112163525313,1938,278.73284999998896,0.035782404327961946,0.1438249999999943
SNGS,1,2024-10-09 08:00:00,2024-10-09 08:00:00,25.96,25.96,0.2065878967600406,15408,-399.99168000000003,-0.0418869327247399,-0.02596
SNGS,-1,2024-10-09 09:00:00,2024-10-09 15:00:00,25.885,25.905,0.20218876127718052,15452,-709.1695399999934,-0.07566361867344698,-0.045894999999999575
GMKN,-1,2024-10-09 11:00:00,2024-10-10 13:00:00,105.5,103.54,0.707503963403854,3791,7034.124679999976,0.8741906269439311,1.8554799999999938
NVTK,-1,2024-10-09 11:00:00,2024-10-10 07:00:00,985.8,978.0,6.036139782941554,405,2761.330499999982,0.3765154687806856,6.818099999999955
SNGS,1,2024-10-10 07:00:00,2024-10-10 11:00:00,25.95,25.955,0.16852935824247064,15414,-322.96183500001536,-0.04144183980466222,-0.020952500000000995
SBER,1,2024-10-10 08:00:00,2024-10-10 10:00:00,260.9,260.19,1.238351646843643,1533,-1487.8454849999687,-0.26124647294214076,-0.9705449999999796
NVTK,1,2024-10-10 08:00:00,2024-10-10 11:00:00,984.8,982.2,6.309837529106744,406,-1454.9009999999632,-0.18930756845795838,-3.5834999999999093
MTSS,1,2024-10-10 08:00:00,2024-10-10 11:00:00,206.25,205.95,1.1150983142146678,1939,-981.3279000000219,-0.15128710881319413,-0.5061000000000113
SBER,-1,2024-10-10 11:00:00,2024-10-11 15:00:00,259.67,257.59,1.1848646385260504,1540,2804.9098000000627,0.5123988965428127,1.8213700000000408
GAZP,1,2024-10-10 11:00:00,2024-10-10 13:00:00,132.57,133.2,0.6967181011723714,3017,1499.7959549999862,0.23783650765089318,0.4971149999999954
LKOH,-1,2024-10-10 12:00:00,2024-10-11 14:00:00,6855.5,6806.0,33.74327635990937,58,2474.8165,0.42150866387805425,42.66925
ROSN,-1,2024-10-10 12:00:00,2024-10-10 14:00:00,494.75,496.5,3.083141232829748,808,-1814.465,-0.24278539649630165,-2.245625
NVTK,-1,2024-10-10 12:00:00,2024-10-10 13:00:00,978.4,983.2,5.771747960975049,408,-2358.566400000028,-0.3338561119373324,-5.7808000000000686
MTSS,-1,2024-10-10 12:00:00,2024-10-11 15:00:00,205.8,204.9,1.0648017219982604,1943,1349.704950000011,0.21745832601159162,0.6946500000000057
SNGS,-1,2024-10-10 12:00:00,2024-10-10 13:00:00,25.92,26.035,0.17094903910930279,15432,-2175.5647799999756,-0.2748918639428738,-0.14097749999999842
TATN,-1,2024-10-10 13:00:00,2024-10-10 14:00:00,616.8,617.8,3.9293938944086584,648,-1048.0104,-0.13719673173186167,-1.6173
GAZP,-1,2024-10-10 14:00:00,2024-10-11 15:00:00,132.31,132.0,0.7248504621996005,3023,537.6254350000069,0.08178468492214765,0.17784500000000228
NVTK,1,2024-10-10 14:00:00,2024-10-11 07:00:00,988.4,955.2,6.096047986759102,404,-13805.407199999972,-1.868522036693426,-34.171799999999934
SNGS,1,2024-10-10 14:00:00,2024-10-11 07:00:00,26.105,26.03,0.17553769188506183,15322,-1548.5562349999893,-0.19191984527588157,-0.1010674999999993
ROSN,1,2024-10-10 15:00:00,2024-10-11 08:00:00,496.45,495.75,2.9548328310958305,805,-962.8604999999908,-0.1349314911504263,-1.1960999999999886
TATN,1,2024-10-10 15:00:00,2024-10-11 09:00:00,620.0,618.8,3.9299365722197077,645,-1173.5130000000293,-0.15431970860642596,-1.8194000000000454
GMKN,-1,2024-10-11 08:00:00,2024-10-14 10:00:00,103.04,101.34,0.6784789812339103,3881,6201.100610000011,0.7849960692440606,1.5978100000000028
NVTK,-1,2024-10-11 08:00:00,2024-10-14 11:00:00,957.8,962.6,5.945122968990428,417,-2402.0034000000287,-0.3229650045392999,-5.760200000000069
SNGS,-1,2024-10-11 08:00:00,2024-10-11 15:00:00,25.97,25.785,0.16572569572575824,15402,2450.8047449999804,0.3200519575498088,0.15912249999999872
ROSN,-1,2024-10-11 09:00:00,2024-10-11 14:00:00,495.7,492.75,2.799806024022424,806,1979.3546499999907,0.2923744215288918,2.4557749999999885
TATN,-1,2024-10-11 10:00:00,2024-10-11 14:00:00,614.5,613.5,3.847806081819216,650,250.9,0.03343896857864364,0.386
PLZL,-1,2024-10-11 11:00:00,2024-10-11 15:00:00,1310.3,1316.0,9.221364813060644,305,-2139.010750000014,-0.2535109188344513,-7.013150000000046
ROSN,1,2024-10-11 15:00:00,2024-10-14 07:00:00,494.1,492.1,2.781189573302482,809,-2016.9179000000001,-0.2988049938453262,-2.4931
TATN,1,2024-10-11 15:00:00,2024-10-14 07:00:00,614.2,611.0,3.620416276582864,651,-2482.00260000003,-0.35102777403989344,-3.8126000000000455
PLZL,1,2024-10-14 07:00:00,2024-10-14 15:00:00,1326.0,1331.35,8.298061829772799,301,1210.4188249999725,0.1615367171472784,4.021324999999909
MTSS,1,2024-10-14 07:00:00,2024-10-14 07:00:00,205.35,205.2,0.7526294670303514,1947,-691.720425000011,-0.1573483436242155,-0.35527500000000567
SNGS,1,2024-10-14 07:00:00,2024-10-14 07:00:00,25.72,25.72,0.14785167627818427,15552,-399.99744,-0.057986040802151806,-0.02572
SBER,-1,2024-10-14 08:00:00,2024-10-14 10:00:00,255.02,255.46,1.0433438375054993,1568,-1090.1363199999964,-0.22211916947795687,-0.6952399999999977
LKOH,-1,2024-10-14 08:00:00,2024-10-14 10:00:00,6796.0,6819.0,32.80647097783231,58,-1728.835,-0.3028619975628309,-29.8075
ROSN,-1,2024-10-14 08:00:00,2024-10-14 10:00:00,488.2,489.2,2.9108216218781613,819,-1219.2453,-0.17047878496008514,-1.4887000000000001
TATN,-1,2024-10-14 08:00:00,2024-10-14 13:00:00,605.5,610.0,4.187501789502568,660,-3371.1150000000002,-0.40658689092419054,-5.10775
MTSS,-1,2024-10-14 08:00:00,2024-10-14 10:00:00,203.7,203.5,0.8524416479567551,1963,-7.066800000022323,-0.0014077209893253214,-0.003600000000011372
SNGS,-1,2024-10-14 08:00:00,2024-10-14 10:00:00,25.745,25.735,0.1530051279725996,15536,-244.53663999997576,-0.03429078970219696,-0.01573999999999844
GAZP,1,2024-10-14 09:00:00,2024-10-14 09:00:00,131.5,131.5,0.6643969677187297,3041,-399.8915,-0.0659746137671869,-0.1315
GAZP,-1,2024-10-14 10:00:00,2024-10-14 13:00:00,131.5,131.14,0.6169400414531062,3041,695.4158800000415,0.12355603712660825,0.22868000000001365
SBER,1,2024-10-14 11:00:00,2024-10-15 13:00:00,259.32,262.05,1.3471925696062634,1542,3807.683730000028,0.6109779838234785,2.469315000000018
LKOH,1,2024-10-14 11:00:00,2024-10-15 07:00:00,6867.0,6912.0,35.32755712037084,58,2210.409,0.35959180411811753,38.1105
ROSN,1,2024-10-14 11:00:00,2024-10-15 07:00:00,495.15,495.75,3.245417311685975,807,84.37185000001834,0.010738218433272363,0.10455000000002274
MTSS,1,2024-10-14 11:00:00,2024-10-15 07:00:00,204.55,206.4,0.9793966109916153,1955,3215.0463749999885,0.559706858128684,1.6445249999999942
SNGS,1,2024-10-14 11:00:00,2024-10-14 11:00:00,25.67,25.61,0.17507553431333878,15582,-1334.4424800000354,-0.16305343164383243,-0.08564000000000227
NVTK,1,2024-10-14 12:00:00,2024-10-16 09:00:00,964.6,981.8,5.4200350934041515,414,6717.895199999973,0.9979517180461894,16.226799999999933
GAZP,1,2024-10-14 14:00:00,2024-10-17 10:00:00,132.25,137.46,0.7601229832346457,3024,15347.238480000024,2.22558064591211,5.075145000000008
TATN,1,2024-10-14 14:00:00,2024-10-16 10:00:00,611.8,605.8,4.198963551683276,653,-4315.5464,-0.5246374030682461,-6.6088000000000005
LKOH,-1,2024-10-15 08:00:00,2024-10-15 08:00:00,6915.5,6915.5,37.976283021506255,57,-394.1835,-0.06070016555757269,-6.9155
ROSN,-1,2024-10-15 08:00:00,2024-10-16 07:00:00,495.2,498.45,3.368531552117108,807,-3023.687775,-0.3707673944397855,-3.746825
MTSS,-1,2024-10-15 08:00:00,2024-10-15 08:00:00,205.65,205.65,1.0313810673730563,1945,-399.98925,-0.06646427995289649,-0.20565
LKOH,1,2024-10-15 09:00:00,2024-10-16 10:00:00,6958.0,6999.0,40.442262805684386,57,1939.2255000000002,0.28041210390448357,34.0215
PLZL,1,2024-10-15 09:00:00,2024-10-16 10:00:00,1339.05,1361.1,7.322794649948584,298,6168.5776499999865,0.9422597969544909,20.699924999999954
MTSS,1,2024-10-15 09:00:00,2024-10-16 09:00:00,206.15,208.4,1.0541395625606949,1940,3962.8864999999996,0.6459375565786416,2.042725
GMKN,-1,2024-10-15 12:00:00,2024-10-15 12:00:00,108.32,108.32,1.0500540361019204,3174,-343.80768,-0.03438553200624247,-0.10832
SBER,1,2024-10-16 08:00:00,2024-10-16 09:00:00,264.29,264.52,1.551967749911906,1513,-52.05476500005848,-0.00738954358684141,-0.034405000000038655
ROSN,1,2024-10-16 08:00:00,2024-10-16 10:00:00,501.8,499.0,3.0975874522857176,797,-2630.418800000009,-0.3551581191102598,-3.3004000000000113
SNGS,-1,2024-10-16 09:00:00,2024-10-17 10:00:00,26.315,25.88,0.17648626501135192,15200,6215.318000000035,0.7723027813216341,0.4089025000000023
SBER,-1,2024-10-16 10:00:00,2024-10-18 08:00:00,260.78,256.79,1.7601150496689393,1533,5719.952594999927,0.7066233162242733,3.731214999999952
MTSS,-1,2024-10-16 10:00:00,2024-10-17 07:00:00,206.6,206.4,1.3083993700225283,1936,-12.584000000022042,-0.001655967372281107,-0.0065000000000113856
ROSN,-1,2024-10-16 11:00:00,2024-10-18 12:00:00,497.5,484.65,3.480083685375988,804,9936.575700000018,1.1837766097344835,12.358925000000022
TATN,-1,2024-10-16 11:00:00,2024-10-17 12:00:00,605.9,595.9,3.834190389149732,660,6203.406000000001,0.8171303496559318,9.3991
LKOH,1,2024-10-17 07:00:00,2024-10-17 10:00:00,6982.5,6973.5,37.48698871946892,57,-910.746,-0.1420759624054288,-15.978
GMKN,1,2024-10-17 08:00:00,2024-10-17 09:00:00,106.78,106.4,1.0226964225377033,3259,-1585.7968099999853,-0.1585970803185102,-0.48658999999999547
NVTK,1,2024-10-17 08:00:00,2024-10-17 08:00:00,965.0,965.0,5.553947197919338,414,-399.51,-0.057916767157450096,-0.965
MTSS,1,2024-10-17 08:00:00,2024-10-17 09:00:00,207.0,206.3,1.2626120303585375,1932,-1751.6477999999781,-0.23935829803620987,-0.9066499999999886
NVTK,-1,2024-10-17 09:00:00,2024-10-17 12:00:00,961.6,961.4,5.5858081123536705,415,-316.02249999998116,-0.04544254443183181,-0.7614999999999545
PLZL,1,2024-10-17 09:00:00,2024-10-17 15:00:00,1361.45,1360.75,8.426042326666828,293,-603.9023000000133,-0.08153689557896215,-2.0611000000000455
GMKN,-1,2024-10-17 10:00:00,2024-10-18 08:00:00,105.26,103.84,1.017733139841184,3275,4308.098750000006,0.4308431318270315,1.3154500000000018
MTSS,-1,2024-10-17 10:00:00,2024-10-18 12:00:00,205.9,204.15,1.222864454747924,1942,3000.34145,0.4211355270546521,1.544975
LKOH,-1,2024-10-17 11:00:00,2024-10-17 13:00:00,6944.5,6952.5,36.27328157061517,57,-852.0645,-0.13736924583547758,-14.9485
SNGS,1,2024-10-17 11:00:00,2024-10-17 15:00:00,25.825,25.845,0.15672794106622276,15488,-90.3724800000066,-0.01241003988675073,-0.005835000000000427
NVTK,1,2024-10-17 13:00:00,2024-10-18 07:00:00,962.2,958.6,5.267723487529485,415,-1892.5660000000094,-0.2885750053001111,-4.560400000000023
LKOH,1,2024-10-17 14:00:00,2024-10-17 15:00:00,6966.0,6956.5,34.435459041778984,57,-938.29125,-0.15934398686760945,-16.46125
LKOH,-1,2024-10-18 07:00:00,2024-10-18 08:00:00,6924.0,6950.0,34.47751315337065,57,-1877.4089999999999,-0.31843944054667556,-32.937
PLZL,-1,2024-10-18 07:00:00,2024-10-18 09:00:00,1355.0,1361.5,8.804745953872994,295,-2318.18375,-0.2975005389581342,-7.85825
SNGS,-1,2024-10-18 07:00:00,2024-10-21 07:00:00,25.475,25.2,0.1516914035489325,15701,3919.950912500033,0.5486193112221334,0.24966250000000212
TATN,-1,2024-10-18 08:00:00,2024-10-21 07:00:00,594.5,595.9,3.9841562352436193,672,-1340.7743999999848,-0.16692785809540228,-1.9951999999999774
NVTK,-1,2024-10-18 08:00:00,2024-10-21 13:00:00,962.0,962.8,5.400751002897997,415,-731.3959999999812,-0.10877499561661369,-1.7623999999999547
SBER,1,2024-10-18 09:00:00,2024-10-18 09:00:00,257.29,257.29,1.4342300767577283,1554,-399.82866,-0.05979747233248168,-0.25729
GAZP,1,2024-10-18 09:00:00,2024-10-21 12:00:00,136.27,136.04,1.0808235604985525,2935,-1074.6649250000535,-0.11292469106648069,-0.3661550000000182
LKOH,1,2024-10-18 09:00:00,2024-10-18 13:00:00,6952.0,6946.0,37.50867205571245,57,-738.093,-0.11507561043276042,-12.949
GMKN,1,2024-10-18 09:00:00,2024-10-18 15:00:00,104.8,105.58,0.9732064782219426,3425,2311.224250000004,0.2311294383054544,0.6748100000000011
SBER,-1,2024-10-18 10:00:00,2024-10-18 14:00:00,257.23,254.82,1.5017850712750331,1555,3349.4311250000387,0.4780921587248777,2.153975000000025
PLZL,1,2024-10-18 10:00:00,2024-10-22 12:00:00,1366.3,1463.0,8.796165036683298,292,27823.322200000013,3.6108671450427354,95.28535000000005
LKOH,-1,2024-10-18 14:00:00,2024-10-21 07:00:00,6937.0,6979.0,38.875310275446324,57,-2790.6059999999998,-0.4197865745046062,-48.958
SBER,1,2024-10-18 15:00:00,2024-10-21 15:00:00,256.2,259.22,1.4719813442109706,1561,4311.93469000006,0.625526496619361,2.7622900000000388
GMKN,-1,2024-10-21 07:00:00,2024-10-21 10:00:00,104.34,104.96,0.989997703930037,3367,-2439.8965499999676,-0.24399046486785295,-0.7246499999999904
LKOH,1,2024-10-21 08:00:00,2024-10-21 14:00:00,7007.0,7030.5,37.62374514400713,57,939.43125,0.14601815898370415,16.48125
TATN,1,2024-10-21 08:00:00,2024-10-22 13:00:00,596.1,598.0,3.4558797159430057,671,874.2794499999849,0.1256747058246925,1.3029499999999774
SNGS,-1,2024-10-21 09:00:00,2024-10-21 10:00:00,24.96,25.09,0.185640588508467,16025,-2484.275624999984,-0.2783604620906639,-0.155024999999999
GMKN,1,2024-10-21 11:00:00,2024-10-22 10:00:00,105.46,106.72,0.9691947215208726,3439,3968.2964900000175,0.39686211462552295,1.153910000000005
SNGS,1,2024-10-21 11:00:00,2024-10-22 07:00:00,25.18,24.975,0.1845319360098517,15885,-3654.7810874999727,-0.4156055675691009,-0.2300774999999983
ROSN,-1,2024-10-21 12:00:00,2024-10-22 14:00:00,485.75,482.25,2.749724224995612,823,2482.168,0.3656124218547544,3.016
GAZP,-1,2024-10-21 13:00:00,2024-10-22 12:00:00,135.92,135.88,0.8432493881124051,2942,-282.1378000000234,-0.03790891178495366,-0.09590000000000795
NVTK,1,2024-10-21 14:00:00,2024-10-22 07:00:00,964.8,958.4,4.4686053405278745,414,-3047.7023999999906,-0.5491347925518043,-7.361599999999977
LKOH,-1,2024-10-21 15:00:00,2024-10-23 09:00:00,7020.0,6937.0,31.52857610418111,56,4257.204,0.8037311902785077,76.0215
MTSS,-1,2024-10-21 15:00:00,2024-10-22 09:00:00,205.05,204.7,0.8662748762285096,1950,282.9937500000443,0.055842552205389154,0.14512500000002274
SBER,-1,2024-10-22 07:00:00,2024-10-22 09:00:00,258.1,256.54,1.3097869949915073,1549,2017.8513200000036,0.33152464356960804,1.3026800000000023
NVTK,-1,2024-10-22 08:00:00,2024-10-22 10:00:00,954.6,958.4,5.052888459599034,419,-1992.973499999981,-0.31378092207596453,-4.756499999999955
SNGS,-1,2024-10-22 08:00:00,2024-10-24 14:00:00,24.865,23.985,0.16343995095046707,16086,13762.779449999984,1.7449324048873334,0.855574999999999
SBER,1,2024-10-22 10:00:00,2024-10-22 11:00:00,257.85,257.22,1.3956348498528943,1551,-1376.5667849999932,-0.21197879949127224,-0.8875349999999955
MTSS,1,2024-10-22 10:00:00,2024-10-22 11:00:00,205.1,204.15,0.8410643153884431,1950,-2251.518749999978,-0.45760471935162633,-1.1546249999999887
GMKN,-1,2024-10-22 11:00:00,2024-10-23 07:00:00,106.04,105.52,0.9334280412102793,3571,1479.1796200000365,0.14792070436871746,0.41422000000001025
NVTK,1,2024-10-22 11:00:00,2024-10-23 07:00:00,962.4,959.2,5.320406685764966,415,-1726.7319999999715,-0.26068182664384004,-4.160799999999932
SBER,-1,2024-10-22 12:00:00,2024-10-23 11:00:00,256.67,254.5,1.3783280082915272,1558,2982.658570000025,0.4629800232560953,1.914415000000016
MTSS,-1,2024-10-22 12:00:00,2024-10-23 13:00:00,204.05,198.75,0.8443360678604431,1960,9993.256000000023,2.0128635954637986,5.098600000000012
GAZP,1,2024-10-22 13:00:00,2024-10-23 10:00:00,138.74,136.0,0.946846762301071,2883,-8295.457710000026,-1.0129657422098908,-2.8773700000000093
TATN,-1,2024-10-22 14:00:00,2024-10-24 13:00:00,595.9,583.1,2.8263371143558644,671,8193.24549999997,1.4400853479200983,12.210499999999955
ROSN,1,2024-10-22 15:00:00,2024-10-22 15:00:00,481.8,481.8,2.497683535591549,830,-399.894,-0.06429957907456184,-0.4818
ROSN,-1,2024-10-23 07:00:00,2024-10-24 13:00:00,478.5,467.2,2.479991854477867,835,9040.67025000001,1.4552668765760306,10.827150000000012
GMKN,1,2024-10-23 08:00:00,2024-10-23 13:00:00,106.2,106.46,0.8838690631356503,3766,578.7212199999658,0.05795353120699609,0.15366999999999092
NVTK,-1,2024-10-23 08:00:00,2024-10-24 13:00:00,951.6,915.4,5.6920843561290395,420,14811.930000000018,2.0652364344077405,35.26650000000004
PLZL,1,2024-10-23 08:00:00,2024-10-23 08:00:00,1470.0,1470.0,11.231474049914484,272,-399.84,-0.043627399023704355,-1.47
PLZL,-1,2024-10-23 09:00:00,2024-10-23 09:00:00,1452.0,1452.0,12.850654474920598,259,-376.068,-0.037663451378649765,-1.452
LKOH,1,2024-10-23 10:00:00,2024-10-23 15:00:00,6969.0,6985.5,29.956566953352052,57,542.79675,0.10596174137520156,9.52275
PLZL,1,2024-10-23 10:00:00,2024-10-25 13:00:00,1479.15,1479.55,14.689893440997693,226,-243.9331000000308,-0.024491895382254273,-1.0793500000001364
GAZP,-1,2024-10-23 11:00:00,2024-10-25 10:00:00,135.12,134.16,0.9556096509546833,2960,2443.0656000000236,0.2878999806303226,0.825360000000008
GMKN,-1,2024-10-23 14:00:00,2024-10-24 10:00:00,106.04,103.6,0.8215630430301043,3772,8808.298960000044,0.9474541727953733,2.335180000000012
SBER,-1,2024-10-24 07:00:00,2024-10-24 13:00:00,252.02,250.54,1.2104681563183324,1587,1949.978640000029,0.3383594448110609,1.2287200000000182
LKOH,-1,2024-10-24 07:00:00,2024-10-24 13:00:00,6920.5,6926.0,29.685766689945083,57,-708.1252499999999,-0.13949726738019425,-12.42325
MTSS,-1,2024-10-24 08:00:00,2024-10-24 13:00:00,196.2,196.95,1.0403511674319659,2038,-1929.1198499999998,-0.3032870148825337,-0.9465749999999999
GMKN,1,2024-10-24 11:00:00,2024-10-25 09:00:00,104.5,105.12,1.0095221817340538,3301,1700.642190000015,0.17011017995168895,0.5151900000000046
ROSN,1,2024-10-24 14:00:00,2024-10-25 08:00:00,470.4,467.55,3.1009104663126217,850,-2821.1287499999708,-0.35677424808577274,-3.318974999999966
ROSN,-1,2024-10-25 09:00:00,2024-10-29 07:00:00,466.25,436.7,3.039915759796825,857,24937.435925000013,3.190716157865378,29.098525000000013
TATN,-1,2024-10-25 10:00:00,2024-10-25 10:00:00,580.0,580.0,3.540755926278633,689,-399.61999999999995,-0.054602276281869686,-0.58
SBER,-1,2024-10-25 11:00:00,2024-10-28 09:00:00,253.76,247.81,1.7230325766212264,1576,8981.962839999982,1.1025550875298094,5.699214999999989
LKOH,-1,2024-10-25 11:00:00,2024-10-28 12:00:00,7047.0,6700.0,39.991252341240966,56,19047.084000000003,2.835007491952973,340.1265
TATN,1,2024-10-25 11:00:00,2024-10-25 15:00:00,582.7,579.0,4.230701931544448,686,-2936.663100000031,-0.3372844561231231,-4.280850000000045
GMKN,-1,2024-10-25 11:00:00,2024-10-25 11:00:00,105.76,105.76,0.898972473286877,3707,-392.05232,-0.03921514215495162,-0.10576
NVTK,-1,2024-10-25 11:00:00,2024-10-28 12:00:00,928.6,885.6,6.90175110481741,430,18099.947,2.0329574992747967,42.0929
MTSS,-1,2024-10-25 11:00:00,2024-10-29 13:00:00,197.75,187.0,1.403433141711653,2022,21347.51775,2.50757106180437,10.557625
SNGS,-1,2024-10-25 11:00:00,2024-10-29 12:00:00,24.18,22.825,0.1834976460149923,16542,22025.63164500001,2.4187367502454924,1.3314975000000004
GMKN,1,2024-10-25 12:00:00,2024-10-25 12:00:00,104.74,104.74,0.973331582337814,3424,-358.62976,-0.03586992754255041,-0.10474
GMKN,-1,2024-10-25 13:00:00,2024-10-29 09:00:00,103.78,95.92,1.0509507550279704,3171,24607.43565,2.4613110122346527,7.760149999999999
GAZP,-1,2024-10-25 14:00:00,2024-10-29 15:00:00,135.59,124.35,1.1543119401729776,2887,32074.656610000027,3.208269103391912,11.110030000000009
PLZL,-1,2024-10-25 14:00:00,2024-10-28 09:00:00,1455.9,1464.0,13.511931217050176,246,-2351.7476999999776,-0.23583971445760923,-9.559949999999908
TATN,-1,2024-10-28 07:00:00,2024-10-29 11:00:00,569.4,547.6,4.6325322266558,702,14911.532999999969,1.528429734230119,21.241499999999956
PLZL,1,2024-10-28 10:00:00,2024-10-28 14:00:00,1457.15,1449.8,13.506323773896696,246,-2165.6548500000335,-0.21726797874771256,-8.803475000000136
SBER,-1,2024-10-28 15:00:00,2024-10-29 12:00:00,244.14,243.03,2.0062379689855976,1638,1419.187769999976,0.14395351123078481,0.8664149999999853
NVTK,-1,2024-10-28 15:00:00,2024-10-29 12:00:00,877.6,867.0,8.39787696218631,396,3852.1692000000094,0.3861174295916932,9.727700000000024
PLZL,-1,2024-10-28 15:00:00,2024-10-29 13:00:00,1438.5,1432.15,13.512662456456807,246,1209.0100499999776,0.12123628524570822,4.914674999999908
ROSN,-1,2024-10-29 10:00:00,2024-10-29 12:00:00,438.85,440.45,4.997528020578532,666,-1358.4068999999772,-0.13604392622387262,-2.0396499999999658
ROSN,1,2024-10-29 13:00:00,2024-10-30 15:00:00,443.55,448.7,4.984555051461748,668,3142.1884999999847,0.3145633496160331,4.703874999999977
PLZL,1,2024-10-29 14:00:00,2024-10-31 07:00:00,1448.25,1473.85,14.473627660195332,230,5551.958499999979,0.5559295054131609,24.13894999999991
TATN,-1,2024-10-30 07:00:00,2024-10-30 11:00:00,548.9,549.8,6.155420713210828,541,-784.0983499999877,-0.07848637634626486,-1.4493499999999773
LKOH,-1,2024-10-30 11:00:00,2024-10-30 14:00:00,6859.0,6846.0,49.25827181745681,58,356.555,0.04160045797506958,6.1475
GMKN,-1,2024-10-30 11:00:00,2024-10-30 14:00:00,98.9,98.44,1.376085678428386,2422,875.1412600000192,0.08752604232528104,0.3613300000000079
SBER,-1,2024-10-30 12:00:00,2024-10-30 15:00:00,243.33,244.45,1.9529180457893542,1643,-2240.8712699999605,-0.23279522711166,-1.363889999999976
TATN,1,2024-10-30 12:00:00,2024-10-30 14:00:00,549.0,547.1,5.365752779478389,621,-1520.2390499999858,-0.1520786924413586,-2.448049999999977
NVTK,-1,2024-10-30 12:00:00,2024-10-30 14:00:00,865.6,870.8,8.932513078289128,373,-2263.4385999999745,-0.22644616532940254,-6.068199999999932
MTSS,-1,2024-10-30 12:00:00,2024-10-30 14:00:00,188.7,188.75,1.5443894383343875,2119,-505.8582750000241,-0.05152521638960755,-0.23872500000001137
SNGS,-1,2024-10-30 12:00:00,2024-10-30 14:00:00,22.77,22.92,0.26164992748998095,12739,-2201.872455000027,-0.22019879979598653,-0.17284500000000214
GAZP,-1,2024-10-30 15:00:00,2024-10-31 14:00:00,124.1,123.86,1.3550454004666594,2459,285.29317999998744,0.028540249145905406,0.11601999999999489
LKOH,1,2024-10-30 15:00:00,2024-10-31 07:00:00,6881.0,6792.5,50.49903689552229,58,-5529.5315,-0.6292974801165858,-95.33675
TATN,-1,2024-10-30 15:00:00,2024-10-31 11:00:00,549.2,541.4,5.593899000187338,595,4316.54650000004,0.43229835455598503,7.254700000000068
GMKN,1,2024-10-30 15:00:00,2024-10-31 07:00:00,99.46,97.3,1.2986933325071102,2566,-5795.003079999991,-0.5796544222492269,-2.2583799999999967
NVTK,1,2024-10-30 15:00:00,2024-10-31 07:00:00,880.4,860.6,8.788094472668085,379,-7834.1194999999825,-0.7840342053781747,-20.670499999999954
MTSS,1,2024-10-30 15:00:00,2024-10-31 07:00:00,190.0,185.0,1.5624539344098582,2105,-10919.6875,-1.1066992943505731,-5.1875
SNGS,1,2024-10-30 15:00:00,2024-10-31 07:00:00,23.04,22.73,0.2472011263467523,13484,-4488.621339999982,-0.4488720108460138,-0.3328849999999987
SBER,1,2024-10-31 07:00:00,2024-10-31 07:00:00,241.39,241.39,1.7887677609795325,1657,-399.98323,-0.04498254893037175,-0.24139
ROSN,-1,2024-10-31 07:00:00,2024-10-31 12:00:00,438.8,437.95,4.240163297645701,786,323.5372500000179,0.032359209705325305,0.4116250000000227
SBER,-1,2024-10-31 08:00:00,2024-11-01 13:00:00,242.17,234.95,1.860998635195281,1651,11526.357439999998,1.2504827368787785,6.981439999999999
LKOH,-1,2024-10-31 08:00:00,2024-10-31 11:00:00,6794.5,6839.0,48.912434874200336,58,-2976.3714999999997,-0.3497184995457249,-51.31675
GMKN,-1,2024-10-31 08:00:00,2024-10-31 11:00:00,98.02,98.56,1.2319345571107214,2705,-1726.574450000017,-0.1727066848683368,-0.6382900000000062
NVTK,-1,2024-10-31 08:00:00,2024-10-31 11:00:00,864.2,857.2,8.448918193269932,394,2418.8842,0.24221246868781848,6.1393
PLZL,-1,2024-10-31 08:00:00,2024-10-31 08:00:00,1484.95,1484.95,12.421569702943037,268,-397.96659999999997,-0.039848694260923974,-1.48495
MTSS,-1,2024-10-31 08:00:00,2024-11-01 09:00:00,184.8,183.15,1.5280852801799265,2164,3172.478100000012,0.3197956333578857,1.4660250000000057
SNGS,-1,2024-10-31 08:00:00,2024-10-31 11:00:00,22.94,22.76,0.2473570936357203,13475,2117.596249999996,0.2117721087492947,0.1571499999999997
PLZL,1,2024-10-31 09:00:00,2024-10-31 15:00:00,1482.6,1468.0,12.680743295589961,262,-4211.728599999977,-0.4225646090633213,-16.07529999999991
LKOH,1,2024-10-31 12:00:00,2024-11-01 07:00:00,6858.0,6806.0,49.40731862874938,58,-3412.256,-0.3969182544396471,-58.832
GMKN,1,2024-10-31 12:00:00,2024-11-01 08:00:00,99.2,98.98,1.2255217327582082,2719,-867.605709999997,-0.08679024654580984,-0.3190899999999989
NVTK,1,2024-10-31 12:00:00,2024-10-31 14:00:00,863.2,850.2,9.286816756507244,358,-4960.6986,-0.4973609495162646,-13.8567
SNGS,1,2024-10-31 12:00:00,2024-10-31 14:00:00,22.865,22.685,0.2513318916943411,13262,-2689.2020499999962,-0.26893390333793615,-0.2027749999999997
GAZP,1,2024-10-31 15:00:00,2024-11-06 14:00:00,124.73,133.54,1.305704330888707,2552,22153.56747999997,2.2161385224916614,8.680864999999988
NVTK,-1,2024-10-31 15:00:00,2024-11-01 13:00:00,842.8,838.6,9.378621142145196,355,1192.5514999999757,0.11939566058753459,3.359299999999932
SNGS,-1,2024-10-31 15:00:00,2024-11-01 08:00:00,22.46,22.615,0.24214328208909164,13765,-2443.8036874999666,-0.24439730954374403,-0.17753749999999757
PLZL,-1,2024-11-01 07:00:00,2024-11-01 13:00:00,1473.2,1487.25,12.116593535359222,271,-4208.690974999988,-0.4272439816982914,-15.530224999999955
LKOH,-1,2024-11-01 08:00:00,2024-11-01 14:00:00,6767.0,6794.5,48.012308962828456,59,-2022.56425,-0.23799973201691849,-34.28075
GMKN,-1,2024-11-01 09:00:00,2024-11-01 14:00:00,97.98,98.18,1.1608749714953113,2871,-855.7876800000082,-0.08559061263248388,-0.29808000000000284
SNGS,1,2024-11-01 09:00:00,2024-11-02 15:00:00,22.835,23.485,0.2491212794277459,13380,8387.119199999981,0.8387347204808661,0.6268399999999986
PLZL,1,2024-11-01 14:00:00,2024-11-02 14:00:00,1492.6,1515.7,10.60138856768842,267,5766.091950000036,0.6790258295603944,21.595850000000137
LKOH,1,2024-11-01 15:00:00,2024-11-02 14:00:00,6805.5,6848.5,41.97570432876698,58,2098.034,0.28725346863097784,36.173
GMKN,1,2024-11-01 15:00:00,2024-11-06 12:00:00,98.32,107.64,1.0227467509668995,3259,30038.26818000002,3.00400856526352,9.217020000000007
ROSN,-1,2024-11-02 07:00:00,2024-11-02 11:00:00,444.3,447.7,4.019016768860675,829,-3188.333999999981,-0.31898349116951263,-3.8459999999999774
TATN,-1,2024-11-02 08:00:00,2024-11-02 12:00:00,539.8,544.0,4.890866780383353,681,-3229.233900000031,-0.32318061487036787,-4.7419000000000455
MTSS,-1,2024-11-02 11:00:00,2024-11-02 11:00:00,185.55,185.55,1.2126604338790756,2155,-399.86025000000006,-0.05100356066054975,-0.18555000000000002
ROSN,1,2024-11-02 12:00:00,2024-11-05 11:00:00,450.65,460.15,3.6711246488825044,887,8022.560200000001,0.8212378916592759,9.0446
TATN,1,2024-11-02 13:00:00,2024-11-05 11:00:00,544.0,553.3,3.919211302375642,735,6432.242249999967,0.74431216936388,8.751349999999954
SBER,-1,2024-11-02 15:00:00,2024-11-05 07:00:00,238.64,239.61,1.4294901271984994,1676,-2026.4935000000457,-0.28194784909536436,-1.2091250000000273
LKOH,-1,2024-11-02 15:00:00,2024-11-05 07:00:00,6830.0,6867.0,29.974258047986762,58,-2543.213,-0.48762396864893776,-43.8485
MTSS,1,2024-11-02 15:00:00,2024-11-05 08:00:00,186.55,187.0,1.0336876471267236,2144,564.3543999999756,0.08488218555242762,0.2632249999999886
NVTK,-1,2024-11-05 07:00:00,2024-11-05 07:00:00,869.2,869.2,6.515346493854739,460,-399.83200000000005,-0.04446936684128914,-0.8692000000000001
SBER,1,2024-11-05 08:00:00,2024-11-05 14:00:00,239.77,239.58,1.4128766913089106,1668,-716.6978999999963,-0.10137119600105612,-0.42967499999999775
LKOH,1,2024-11-05 08:00:00,2024-11-05 12:00:00,6861.5,6871.0,31.077293929131443,58,152.7575,0.028249456618348587,2.63375
PLZL,1,2024-11-05 08:00:00,2024-11-06 07:00:00,1526.75,1528.8,9.247292815577884,261,136.3007249999881,0.018824428237715154,0.5222249999999544
SNGS,1,2024-11-05 08:00:00,2024-11-06 12:00:00,23.91,24.335,0.20052676577514383,16622,6663.385805000012,0.6663740514479344,0.4008775000000007
MTSS,-1,2024-11-05 09:00:00,2024-11-06 07:00:00,186.6,188.0,1.0201391256331689,2143,-3401.5839000000124,-0.5186547468921024,-1.5873000000000057
LKOH,-1,2024-11-05 13:00:00,2024-11-06 07:00:00,6860.5,6999.5,30.26147065736933,58,-8463.94,-1.6074345455344756,-145.93
SBER,-1,2024-11-05 15:00:00,2024-11-06 07:00:00,239.27,247.0,1.3232040472110775,1671,-13323.108584999982,-2.0085425768371343,-7.973134999999989
NVTK,1,2024-11-05 15:00:00,2024-11-06 12:00:00,866.8,901.6,6.747018462235396,461,15635.183800000032,1.675594446635184,33.91580000000007
SBER,1,2024-11-06 08:00:00,2024-11-06 12:00:00,246.65,245.08,1.4770994080544504,1621,-2943.517164999989,-0.4097817181651855,-1.8158649999999932
LKOH,1,2024-11-06 08:00:00,2024-11-06 13:00:00,7025.0,7011.0,35.856254254610725,56,-1177.008,-0.1953912963203373,-21.018
ROSN,1,2024-11-06 08:00:00,2024-11-06 13:00:00,475.0,463.83374834707075,3.7220838843097446,842,-9797.232899820543,-1.04203889440826,-11.635668527102784
TATN,1,2024-11-06 08:00:00,2024-11-06 12:00:00,567.1,564.9,4.65133188761507,705,-1950.030000000032,-0.1982227934443875,-2.7660000000000453
PLZL,-1,2024-11-06 08:00:00,2024-11-07 13:00:00,1509.75,1454.7,10.460882622509107,264,14141.892599999988,1.706923368165767,53.567774999999955
MTSS,1,2024-11-06 08:00:00,2024-11-06 12:00:00,189.0,191.75,1.2550057777858015,2116,5416.1665,0.6798441476808524,2.559625
MTSS,-1,2024-11-06 13:00:00,2024-11-07 09:00:00,189.5,190.0,1.4403779122006934,2110,-1455.3725,-0.15962246068838043,-0.68975
GMKN,1,2024-11-07 10:00:00,2024-11-08 14:00:00,107.4,109.22,1.258809526927452,2648,4532.555119999982,0.45325628788811506,1.7116899999999933
MTSS,1,2024-11-07 10:00:00,2024-11-12 07:00:00,191.45,203.6,1.5377468645971473,2089,24968.72027500001,2.590906491216998,11.952475000000005
ROSN,-1,2024-11-07 11:00:00,2024-11-08 07:00:00,459.05,477.6,4.278694263247717,779,-14815.27517500001,-1.4816299732186886,-19.01832500000001
SBER,1,2024-11-07 12:00:00,2024-11-12 07:00:00,245.09,259.99,1.7195171588103395,1632,23904.65472000001,2.839452134368146,14.647460000000006
NVTK,1,2024-11-07 13:00:00,2024-11-11 11:00:00,901.6,948.4,9.055295241636266,368,16881.999999999985,1.6886988506300205,45.87499999999996
LKOH,1,2024-11-07 14:00:00,2024-11-08 10:00:00,7019.5,7131.0,37.92158048644943,56,5847.786,0.9179008246356737,104.42475
TATN,1,2024-11-07 15:00:00,2024-11-08 14:00:00,571.0,577.9,5.678643846865472,586,3706.772299999987,0.3713063758753825,6.325549999999978
SNGS,1,2024-11-07 15:00:00,2024-11-08 14:00:00,24.5,24.965,0.20368234365197133,16326,7187.807204999998,0.7205132791681373,0.44026749999999987
ROSN,1,2024-11-08 08:00:00,2024-11-11 15:00:00,473.85,492.65,4.416562285922055,754,13810.829499999965,1.382428897877219,18.316749999999953
PLZL,-1,2024-11-08 09:00:00,2024-11-08 14:00:00,1469.5,1478.1,14.401376150148542,231,-2327.0477999999794,-0.23316753193052794,-10.07379999999991
GAZP,1,2024-11-08 10:00:00,2024-11-11 14:00:00,135.81,136.45,1.0251124480267146,2945,1483.89714999996,0.16384218823014932,0.5038699999999864
LKOH,-1,2024-11-08 11:00:00,2024-11-11 07:00:00,7091.0,7207.0,39.70427101832285,56,-6896.344,-1.0338854136806326,-123.149
PLZL,1,2024-11-08 15:00:00,2024-11-11 07:00:00,1473.0,1467.85,12.100703630864151,271,-1794.135175000025,-0.18237024892541465,-6.6204250000000915
LKOH,1,2024-11-11 08:00:00,2024-11-11 12:00:00,7114.0,7083.0,43.72898704378064,56,-2133.516,-0.2904137703278034,-38.0985
TATN,1,2024-11-11 08:00:00,2024-11-12 13:00:00,600.1,594.3,5.851565642708013,569,-3640.0068000000388,-0.3644152915993234,-6.397200000000068
GMKN,1,2024-11-11 08:00:00,2024-11-13 12:00:00,111.16,114.44,1.3786557382942466,2417,7655.122400000003,0.7657700932935938,3.167200000000001
PLZL,-1,2024-11-11 08:00:00,2024-11-12 10:00:00,1448.6,1420.0,12.83989241640838,259,7035.916299999976,0.7052421499857289,27.16569999999991
SNGS,1,2024-11-11 08:00:00,2024-11-11 12:00:00,25.455,25.35,0.2029275109043299,15714,-2049.1448849999506,-0.21420210500926953,-0.13040249999999687
LKOH,-1,2024-11-11 13:00:00,2024-11-12 10:00:00,7070.0,7048.0,41.93492998907905,56,836.6959999999999,0.11876336349268597,14.940999999999999
GAZP,1,2024-11-12 10:00:00,2024-11-12 15:00:00,137.82,135.81,0.9902346255272074,2902,-6230.057129999974,-0.7226620656887294,-2.146814999999991
ROSN,1,2024-11-12 10:00:00,2024-11-12 13:00:00,492.8,487.65,4.406177689724206,756,-4264.010100000026,-0.4266906902970793,-5.640225000000034
NVTK,1,2024-11-12 10:00:00,2024-11-12 12:00:00,945.6,939.2,8.459979944241063,394,-2892.905599999991,-0.2892993461920339,-7.342399999999977
LKOH,1,2024-11-12 11:00:00,2024-11-13 07:00:00,7033.5,6988.0,45.68949598064339,56,-2940.602,-0.3830986303886745,-52.51075
NVTK,-1,2024-11-12 13:00:00,2024-11-13 12:00:00,935.6,927.6,8.25093875273236,403,2848.5652,0.28555942589600275,7.0684
ROSN,-1,2024-11-12 14:00:00,2024-11-13 08:00:00,485.45,484.9,4.075821038010541,817,52.96202500000931,0.005301590313171461,0.0648250000000114
TATN,-1,2024-11-12 14:00:00,2024-11-13 07:00:00,590.0,592.6,5.181927699503307,643,-2052.0059000000147,-0.2052839654186293,-3.1913000000000227
SNGS,1,2024-11-12 15:00:00,2024-11-14 07:00:00,25.25,25.38,0.17752105894536652,15841,1658.3150849999843,0.19656822805872784,0.104684999999999
LKOH,-1,2024-11-13 08:00:00,2024-11-15 07:00:00,6988.0,6934.5,41.224696104093724,57,2652.7087500000002,0.3763015408893746,46.53875
TATN,1,2024-11-13 08:00:00,2024-11-13 11:00:00,590.6,590.9,5.535493861446343,602,-175.03150000002736,-0.017508224034297623,-0.29075000000004547
SBER,1,2024-11-13 09:00:00,2024-11-13 12:00:00,257.51,256.27,1.591186947482201,1553,-2324.6701700000144,-0.31357932776086817,-1.4968900000000092
GAZP,-1,2024-11-13 09:00:00,2024-11-13 12:00:00,134.9,135.12,0.9588721021595962,2965,-1052.6046499999966,-0.1234123574980912,-0.3550099999999988
ROSN,1,2024-11-13 09:00:00,2024-11-13 15:00:00,489.15,490.9,4.043975808689582,817,1029.3995750000001,0.10385612736955556,1.259975
MTSS,1,2024-11-13 11:00:00,2024-11-14 07:00:00,200.15,198.0,1.5692552330630305,1998,-4693.451850000011,-0.49897874068045306,-2.349075000000006
TATN,-1,2024-11-13 12:00:00,2024-11-14 13:00:00,589.6,572.1,5.380178576030022,619,10472.95385,1.0482396795885083,16.91915
PLZL,-1,2024-11-13 12:00:00,2024-11-14 12:00:00,1437.65,1413.0,10.716201038550201,278,6456.459650000025,0.722416302706908,23.22467500000009
SBER,-1,2024-11-13 13:00:00,2024-11-13 13:00:00,257.14,257.14,1.5427212725697366,1555,-399.85269999999997,-0.055559831096747114,-0.25714
GAZP,1,2024-11-13 13:00:00,2024-11-14 09:00:00,135.51,132.02,0.9326995551275564,2951,-10693.730514999943,-1.2950812081190113,-3.6237649999999806
NVTK,1,2024-11-13 13:00:00,2024-11-13 15:00:00,930.8,928.4,7.424430837289548,429,-1428.39839999999,-0.1494884511675026,-3.329599999999977
SBER,1,2024-11-13 14:00:00,2024-11-14 07:00:00,258.22,254.3,1.5718126102433256,1549,-6469.026740000025,-0.8856568891193518,-4.176260000000016
ROSN,-1,2024-11-14 07:00:00,2024-11-15 09:00:00,480.2,474.85,3.6140778702237846,832,4053.8991999999716,0.4493977140655117,4.872474999999966
NVTK,-1,2024-11-14 07:00:00,2024-11-15 08:00:00,903.0,894.2,6.9815869349581385,442,3492.41879999998,0.37724947415780863,7.9013999999999545
SBER,-1,2024-11-14 08:00:00,2024-11-15 09:00:00,255.31,251.26,1.5656422393238252,1566,5945.655690000018,0.8083402675781473,3.7967150000000114
MTSS,-1,2024-11-14 08:00:00,2024-11-15 12:00:00,198.9,194.7,1.3906295463951233,2011,8050.435200000035,0.9595654022015575,4.003200000000017
GAZP,-1,2024-11-14 10:00:00,2024-11-20 13:00:00,132.19,125.1,0.8174781860161948,3025,21058.09887500001,2.8385487299360155,6.961355000000004
GMKN,1,2024-11-14 11:00:00,2024-11-14 12:00:00,113.88,113.28,0.9745937184649508,3420,-2440.4435999999805,-0.24406067420036653,-0.7135799999999943
SNGS,1,2024-11-14 11:00:00,2024-11-14 15:00:00,25.845,25.725,0.1867608878308379,15476,-2256.1686599999603,-0.2601990200647094,-0.14578499999999744
GMKN,-1,2024-11-14 13:00:00,2024-11-15 11:00:00,112.9,111.82,0.9707466245947795,3433,3321.908120000043,0.33226658583676466,0.9676400000000125
SNGS,-1,2024-11-15 07:00:00,2024-11-18 12:00:00,25.815,25.44,0.1902373552042589,15494,5413.177514999999,0.6121694652186418,0.3493725
LKOH,1,2024-11-15 08:00:00,2024-11-18 07:00:00,6917.5,6956.0,40.571704884047755,57,1799.10525,0.25932071041633953,31.56325
GMKN,1,2024-11-15 12:00:00,2024-11-18 07:00:00,112.42,112.3,0.9818543757035535,3394,-788.6298400000155,-0.07888474630245979,-0.23236000000000456
SBER,-1,2024-11-18 08:00:00,2024-11-20 10:00:00,249.87,241.2,1.7850710859758052,1600,13479.144000000026,1.5731334298459794,8.424465000000016
LKOH,-1,2024-11-18 08:00:00,2024-11-18 14:00:00,6979.5,6988.5,44.45460182141881,57,-911.088,-0.1198526087671063,-15.984
ROSN,-1,2024-11-18 08:00:00,2024-11-20 07:00:00,471.3,461.0,3.7557940573146964,848,8339.104800000008,0.8727714965137517,9.83385000000001
TATN,-1,2024-11-18 08:00:00,2024-11-18 13:00:00,567.1,562.9,4.79168904971362,695,2526.3250000000317,0.2528683840073258,3.6350000000000455
GMKN,-1,2024-11-18 08:00:00,2024-11-18 08:00:00,113.62,113.62,1.1585497797013513,2877,-326.88474,-0.03269029436361056,-0.11362000000000001
NVTK,-1,2024-11-18 08:00:00,2024-11-20 07:00:00,907.6,876.0,7.968580130037632,418,12836.02760000001,1.2845533959157582,30.708200000000023
PLZL,-1,2024-11-18 08:00:00,2024-11-18 09:00:00,1445.1,1447.0,8.81487116078644,276,-923.5098000000252,-0.12653049371404784,-3.346050000000091
MTSS,-1,2024-11-18 08:00:00,2024-11-18 09:00:00,195.75,196.5,1.4877889219148575,2043,-1932.933375,-0.21197563401271793,-0.946125
GMKN,1,2024-11-18 09:00:00,2024-11-19 08:00:00,114.82,114.96,1.1915105097226837,2797,70.23267000000162,0.007024696745602568,0.025110000000000576
PLZL,1,2024-11-18 10:00:00,2024-11-19 13:00:00,1445.25,1463.3,8.353894011086288,276,4580.4200999999875,0.6621951781997751,16.595724999999955
MTSS,1,2024-11-18 10:00:00,2024-11-19 07:00:00,196.95,196.0,1.5167669785898532,2030,-2327.344249999977,-0.2519558631798698,-1.1464749999999886
TATN,1,2024-11-18 14:00:00,2024-11-19 09:00:00,564.2,560.5,5.041007258662303,661,-2817.4133500000303,-0.28184512745779544,-4.262350000000046
LKOH,1,2024-11-18 15:00:00,2024-11-19 13:00:00,7002.5,6911.5,37.50754203294039,57,-5583.549,-0.870553802343458,-97.957
MTSS,-1,2024-11-19 08:00:00,2024-11-22 07:00:00,195.65,180.5,1.6722142652717824,1993,29819.116525000012,2.982457713050759,14.961925000000006
SNGS,-1,2024-11-19 08:00:00,2024-11-20 10:00:00,25.505,24.33,0.17805293313122336,15683,18036.743847500013,2.1530722723382505,1.1500825000000008
GMKN,-1,2024-11-19 09:00:00,2024-11-20 10:00:00,113.46,110.96,1.1827433163716068,2818,6728.792219999999,0.6729524394538419,2.38779
TATN,-1,2024-11-19 10:00:00,2024-11-20 09:00:00,554.6,544.7,5.3041364983535635,628,5872.0197999999855,0.5876137113554287,9.350349999999978
LKOH,-1,2024-11-19 14:00:00,2024-11-20 10:00:00,6860.5,6890.5,40.376324166865416,58,-2138.779,-0.3044317081102829,-36.8755
NVTK,-1,2024-11-20 09:00:00,2024-11-21 10:00:00,867.8,843.6,8.508047882932168,391,9127.621299999973,0.9145967959281818,23.344299999999933
TATN,1,2024-11-20 10:00:00,2024-11-20 12:00:00,548.9,547.8,5.714460235810903,583,-960.9880500000132,-0.09615081343234487,-1.6483500000000226
PLZL,1,2024-11-20 10:00:00,2024-11-20 13:00:00,1455.15,1452.05,9.423828118313688,274,-1247.6864000000373,-0.161066887851762,-4.553600000000136
LKOH,1,2024-11-20 11:00:00,2024-11-20 15:00:00,6898.0,6836.0,44.58004628380069,57,-3925.4190000000003,-0.5149314229179749,-68.867
ROSN,-1,2024-11-20 13:00:00,2024-11-21 10:00:00,457.75,445.85,3.8346512548495544,869,9948.48579999998,0.9951535128104826,11.448199999999977
TATN,-1,2024-11-20 13:00:00,2024-11-21 14:00:00,545.4,535.7,6.139857557608072,542,4964.421899999963,0.49726723647142795,9.159449999999932
SBER,-1,2024-11-20 14:00:00,2024-11-21 15:00:00,239.55,234.15,1.9758716257969517,1669,8617.297350000008,0.8710333088091339,5.163150000000005
GMKN,-1,2024-11-20 14:00:00,2024-11-21 10:00:00,109.98,108.1,1.2030690786013862,2770,4905.559200000027,0.4906783912078206,1.7709600000000096
PLZL,-1,2024-11-20 14:00:00,2024-11-21 07:00:00,1445.2,1447.7,9.085736539128414,276,-1089.2202,-0.1447855468478647,-3.94645
SNGS,-1,2024-11-20 14:00:00,2024-11-21 08:00:00,23.92,23.58,0.27635449365298287,12061,3814.291250000041,0.38145450531026664,0.3162500000000034
LKOH,-1,2024-11-21 07:00:00,2024-11-21 11:00:00,6809.5,6834.5,44.16241116954841,58,-1845.676,-0.24018918017428076,-31.822
PLZL,1,2024-11-21 08:00:00,2024-11-21 08:00:00,1439.95,1439.95,9.975150574513524,277,-398.86615,-0.04811790355923941,-1.43995
PLZL,-1,2024-11-21 09:00:00,2024-11-22 07:00:00,1433.0,1451.45,10.516211247762554,279,-5549.9307750000125,-0.6305257198097318,-19.892225000000046
SNGS,1,2024-11-21 09:00:00,2024-11-21 14:00:00,24.38,24.095,0.32881288247664636,10137,-3134.7405375000017,-0.3134888325854685,-0.30923750000000017
GAZP,-1,2024-11-21 10:00:00,2024-11-21 14:00:00,122.19,122.98,0.8518886024963622,3273,-2986.8907050000207,-0.35708307296117525,-0.9125850000000063
LKOH,1,2024-11-21 12:00:00,2024-11-21 15:00:00,6846.0,6785.0,45.450339944619685,58,-3933.299,-0.49735968299050354,-67.8155
ROSN,-1,2024-11-21 13:00:00,2024-11-21 15:00:00,448.1,447.3,4.224129926031238,789,277.9647000000089,0.02780059690154253,0.3523000000000113
NVTK,-1,2024-11-21 13:00:00,2024-11-21 15:00:00,845.2,839.0,8.572914861383602,388,2078.8652000000175,0.20832665383293456,5.357900000000045
GMKN,-1,2024-11-21 14:00:00,2024-11-21 15:00:00,108.06,107.28,1.2896266388331363,2584,1737.300720000003,0.1737789785443458,0.6723300000000011
GAZP,1,2024-11-21 15:00:00,2024-11-22 11:00:00,122.58,122.56,1.0171562721014342,3263,-465.20590999998706,-0.04672176207019724,-0.14256999999999603
SNGS,-1,2024-11-21 15:00:00,2024-11-22 07:00:00,23.87,24.43,0.32495806387727194,10257,-5991.626549999987,-0.5992055231477671,-0.5841499999999987
LKOH,-1,2024-11-22 07:00:00,2024-11-22 07:00:00,6940.5,6940.5,53.96703610886825,57,-395.6085,-0.0428687615034658,-6.9405
ROSN,1,2024-11-22 07:00:00,2024-11-22 13:00:00,459.0,462.95,4.306564667452855,774,2700.5053499999913,0.2700547705977438,3.4890249999999887
GMKN,1,2024-11-22 07:00:00,2024-11-22 15:00:00,109.44,108.34,1.3954433773612245,2388,-2886.829319999986,-0.28877082357532324,-1.2088899999999942
NVTK,1,2024-11-22 07:00:00,2024-11-22 10:00:00,865.8,849.4,9.394932197689414,354,-6109.190399999992,-0.612301740160307,-17.25759999999998
LKOH,1,2024-11-22 08:00:00,2024-11-25 11:00:00,6935.0,6905.0,54.18367638680623,57,-2104.44,-0.22712867578072554,-36.92
PLZL,1,2024-11-22 08:00:00,2024-11-25 07:00:00,1453.1,1467.9,9.525364641053208,275,3668.36250000005,0.4668062764585584,13.339500000000182
SNGS,1,2024-11-22 08:00:00,2024-11-22 12:00:00,24.32,23.935,0.3450403714043826,9660,-3952.1716500000152,-0.39524601941001053,-0.4091275000000016
NVTK,-1,2024-11-22 11:00:00,2024-11-25 10:00:00,843.0,821.6,10.139672493185325,328,6746.205599999993,0.6761460988614483,20.567699999999977
SBER,-1,2024-11-22 12:00:00,2024-11-26 08:00:00,237.09,229.49,2.059792410189578,1618,11919.33677999999,1.1921444063258753,7.366709999999994
GAZP,-1,2024-11-22 12:00:00,2024-11-26 11:00:00,121.65,117.3,1.0772206967797024,3094,13089.244350000028,1.309086433463125,4.230525000000009
TATN,-1,2024-11-22 13:00:00,2024-11-25 07:00:00,537.7,542.2,5.952221944717796,560,-2822.3720000000003,-0.28224473968485125,-5.03995
SNGS,-1,2024-11-22 13:00:00,2024-11-26 08:00:00,23.845,23.215,0.33841289087107923,9849,5973.12302999999,0.597366921059988,0.606469999999999
ROSN,-1,2024-11-22 14:00:00,2024-11-25 07:00:00,459.4,459.9,4.834401616108548,689,-661.19885,-0.06616813387358236,-0.95965
GMKN,-1,2024-11-25 07:00:00,2024-11-26 08:00:00,108.46,104.76,1.367195579762166,2438,8760.684819999973,0.8760975272279835,3.5933899999999888
ROSN,1,2024-11-25 08:00:00,2024-11-25 13:00:00,461.5,464.55,4.669034384325979,713,1844.513175000008,0.18469022264964297,2.5869750000000113
TATN,1,2024-11-25 08:00:00,2024-11-25 08:00:00,537.4,537.4,5.628342642729209,592,-318.1408,-0.03182701280007195,-0.5374
PLZL,-1,2024-11-25 08:00:00,2024-11-25 09:00:00,1467.75,1474.65,10.030753896735629,272,-2276.966400000025,-0.27818447434027144,-8.37120000000009
MTSS,-1,2024-11-25 08:00:00,2024-11-26 08:00:00,173.65,171.95,1.922473226001043,1733,2646.6376000000296,0.264797792646292,1.527200000000017
TATN,-1,2024-11-25 09:00:00,2024-11-27 07:00:00,535.4,506.2,5.669175311105698,587,16834.690399999992,1.6862652517741297,28.679199999999987
PLZL,1,2024-11-25 10:00:00,2024-11-25 14:00:00,1487.85,1487.35,10.454068410960813,268,-532.6768,-0.06337564547011044,-1.9876
LKOH,-1,2024-11-25 12:00:00,2024-11-25 15:00:00,6898.5,6850.0,44.73244729251352,57,2372.6677499999996,0.31018311851500635,41.62575
ROSN,-1,2024-11-25 14:00:00,2024-11-26 08:00:00,460.5,456.65,4.361808953111338,764,2591.048700000017,0.259175725519483,3.3914250000000226
PLZL,-1,2024-11-25 15:00:00,2024-11-27 07:00:00,1450.8,1418.0,12.655961843485725,263,8249.152799999987,0.826108685321415,31.365599999999954
LKOH,1,2024-11-26 07:00:00,2024-11-26 10:00:00,6870.5,6891.5,44.97770270516136,58,818.902,0.10463703235766338,14.119
ROSN,1,2024-11-26 09:00:00,2024-11-26 12:00:00,455.0,449.7,5.273451830222117,632,-3635.4852000000074,-0.36360434526226465,-5.752350000000011
LKOH,-1,2024-11-26 11:00:00,2024-11-27 07:00:00,6871.5,6870.5,43.86413647860562,58,-340.51800000000003,-0.04461503535934216,-5.871
SBER,-1,2024-11-26 12:00:00,2024-11-27 09:00:00,226.35,221.35,2.2141586291855564,1505,7188.105750000001,0.7190315901555847,4.77615
NVTK,-1,2024-11-26 12:00:00,2024-11-27 09:00:00,818.6,799.8,11.406350665336205,292,5253.3136000000195,0.5257538987958682,17.990800000000068
ROSN,-1,2024-11-26 13:00:00,2024-11-27 07:00:00,448.25,452.1,5.000587196037434,666,-2863.916550000015,-0.28664467001045846,-4.3001750000000225
GMKN,-1,2024-11-26 13:00:00,2024-11-27 09:00:00,103.3,103.86,1.4009368565186786,2379,-1578.6568200000054,-0.15788958103579234,-0.6635800000000023
MTSS,-1,2024-11-26 13:00:00,2024-11-27 09:00:00,169.05,170.0,2.1352313673972514,1561,-1747.5785249999822,-0.17477028751918314,-1.1195249999999886
SNGS,-1,2024-11-26 13:00:00,2024-11-27 09:00:00,22.73,22.865,0.2995846326412661,11126,-1755.6549849999778,-0.1755736474295403,-0.157797499999998
GAZP,-1,2024-11-26 15:00:00,2024-11-27 12:00:00,116.35,113.64,1.1902756556453202,2800,7266.013999999983,0.726723816087539,2.595004999999994
LKOH,1,2024-11-27 08:00:00,2024-11-27 12:00:00,6838.5,6903.0,46.895192974993684,58,3342.4964999999997,0.4096315375062722,57.62925
ROSN,1,2024-11-27 08:00:00,2024-11-28 10:00:00,449.65,478.35,4.929415371356338,676,19087.536000000033,1.9093542115949311,28.236000000000047
GMKN,1,2024-11-27 10:00:00,2024-11-28 14:00:00,105.5,110.0,1.572737298483742,2119,9307.177749999999,0.9309141041830947,4.39225
NVTK,1,2024-11-27 10:00:00,2024-11-27 14:00:00,808.2,809.6,13.658794655301572,244,144.22839999999442,0.014425382202876045,0.5910999999999772
MTSS,1,2024-11-27 10:00:00,2024-11-28 13:00:00,172.9,174.05,2.689131831129481,1239,1209.914475000007,0.12104588163556722,0.9765250000000056
SNGS,1,2024-11-27 10:00:00,2024-11-28 10:00:00,23.0,23.76,0.3426106098828079,9729,7166.575980000016,0.7166736607602113,0.7366200000000016
SBER,-1,2024-11-27 13:00:00,2024-11-27 15:00:00,220.05,221.58,2.760509844769285,1207,-2113.2337050000015,-0.21141203357989702,-1.7508150000000011
GAZP,1,2024-11-27 13:00:00,2024-12-02 12:00:00,115.56,124.56,1.3847468484327923,2407,21374.01558,2.1375603803323338,8.87994
LKOH,-1,2024-11-27 13:00:00,2024-11-28 07:00:00,6809.5,6940.0,60.99564613193969,54,-7418.2365,-0.7507352776341044,-137.37475
TATN,-1,2024-11-27 13:00:00,2024-11-28 07:00:00,505.2,522.1,7.419168576371646,449,-7818.728850000015,-0.7823720326946303,-17.413650000000032
NVTK,-1,2024-11-27 15:00:00,2024-11-28 07:00:00,808.4,831.2,13.181025472925876,252,-5952.189600000017,-0.5973182194995796,-23.61980000000007
PLZL,-1,2024-11-27 15:00:00,2024-11-28 15:00:00,1423.0,1416.5,18.252286050482113,182,924.6054999999999,0.09277833264189594,5.0802499999999995
SBER,1,2024-11-28 07:00:00,2024-11-28 11:00:00,227.06,225.33,2.7110459653637466,1229,-2404.1636549999876,-0.24052155822172042,-1.9561949999999897
LKOH,1,2024-11-28 08:00:00,2024-11-29 14:00:00,6883.5,6844.0,62.34983207971495,53,-2457.27875,-0.24786888461182185,-46.36375
TATN,1,2024-11-28 08:00:00,2024-11-28 12:00:00,522.1,518.0,7.852940798358772,424,-1958.9012000000098,-0.1961070007032946,-4.620050000000023
NVTK,1,2024-11-28 08:00:00,2024-11-28 10:00:00,833.6,823.6,13.017312780226911,256,-2772.1216,-0.27728713247300596,-10.8286
NVTK,-1,2024-11-28 11:00:00,2024-12-02 07:00:00,819.8,839.0,12.833395108658358,259,-5187.614600000012,-0.5202416515768491,-20.029400000000045
SNGS,-1,2024-11-28 11:00:00,2024-11-28 15:00:00,23.61,23.675,0.3320101428420342,10039,-889.8820575000128,-0.08899577509009632,-0.08864250000000128
SBER,-1,2024-11-28 12:00:00,2024-11-28 15:00:00,223.29,227.41,2.6100392872348634,1277,-5549.0119500000055,-0.5549533323440979,-4.345350000000004
TATN,-1,2024-11-28 13:00:00,2024-11-28 14:00:00,512.5,514.8,7.5588386681238156,440,-1238.00599999998,-0.12407770221217208,-2.8136499999999547
MTSS,-1,2024-11-28 14:00:00,2024-11-28 15:00:00,173.25,174.9,2.3198897456808676,1436,-2619.3717000000083,-0.2620921968951382,-1.8240750000000057
TATN,1,2024-11-28 15:00:00,2024-11-29 13:00:00,526.0,542.0,8.110427218943494,410,6341.0599999999995,0.6356426356051923,15.466
SBER,1,2024-11-29 07:00:00,2024-12-02 10:00:00,228.48,235.72,2.596355999654179,1283,8991.135700000012,0.8997096958112863,7.007900000000009
ROSN,1,2024-11-29 07:00:00,2024-11-29 13:00:00,470.0,479.75,5.532040787337645,602,5583.625249999999,0.5588730185088262,9.275125
PLZL,1,2024-11-29 07:00:00,2024-11-29 11:00:00,1426.85,1430.0,15.300919044813574,217,373.5817750000197,0.037504827759210956,1.721575000000091
MTSS,1,2024-11-29 07:00:00,2024-11-29 13:00:00,177.8,178.75,2.421231464388094,1376,1061.8935999999844,0.10624414495277276,0.7717249999999887
SNGS,1,2024-11-29 07:00:00,2024-11-29 13:00:00,23.795,23.88,0.31778616604362697,10489,641.5334624999717,0.06415477506091383,0.0611624999999973
GMKN,1,2024-11-29 09:00:00,2024-11-29 15:00:00,112.44,113.5,1.547564689332163,2153,2038.9555900000048,0.20398285696405669,0.9470300000000023
PLZL,-1,2024-11-29 12:00:00,2024-12-02 07:00:00,1423.95,1412.6,15.028786898513212,221,2194.9112250000303,0.22028225048074626,9.931725000000137
ROSN,-1,2024-11-29 14:00:00,2024-12-02 07:00:00,477.2,484.05,5.334771659226408,624,-4574.310000000014,-0.45804053533211786,-7.330625000000023
MTSS,-1,2024-11-29 14:00:00,2024-11-29 15:00:00,177.65,177.95,2.1839341580381504,1526,-729.122799999974,-0.07292649646989899,-0.47779999999998296
LKOH,-1,2024-11-29 15:00:00,2024-12-03 13:00:00,6860.0,6767.0,44.00145649603783,58,4998.817,0.6529064176755207,86.1865
TATN,1,2024-12-02 07:00:00,2024-12-02 13:00:00,545.1,550.6,6.937500468537425,480,2377.0319999999997,0.23794112507132895,4.95215
MTSS,1,2024-12-02 07:00:00,2024-12-02 12:00:00,182.1,179.5,2.3330860852471824,1428,-3970.982399999992,-0.3972992420616687,-2.7807999999999944
ROSN,1,2024-12-02 08:00:00,2024-12-03 07:00:00,485.1,489.4,5.148029641151759,647,2466.8492499999707,0.2468743879225823,3.8127499999999546
GMKN,1,2024-12-02 08:00:00,2024-12-02 14:00:00,113.72,113.5,1.35822322376882,2454,-818.6789399999972,-0.08187412156358519,-0.33360999999999885
NVTK,1,2024-12-02 08:00:00,2024-12-03 12:00:00,849.2,833.6,10.127643784820062,329,-5409.220600000008,-0.5411393590759122,-16.441400000000023
PLZL,1,2024-12-02 08:00:00,2024-12-03 12:00:00,1422.55,1458.6,13.179475486236512,252,8721.575099999987,0.8753364283766577,34.60942499999995
SNGS,1,2024-12-02 08:00:00,2024-12-03 07:00:00,24.205,24.525,0.24570708497378269,13566,4010.5844100000045,0.40106698596222823,0.2956350000000003
MTSS,-1,2024-12-02 13:00:00,2024-12-03 12:00:00,176.65,175.8,2.318322624932781,1437,968.2146749999918,0.09687679542582074,0.6737749999999942
SNGS,-1,2024-12-03 08:00:00,2024-12-04 11:00:00,24.2,23.6,0.21377652558226481,15592,8982.551199999967,0.8982900849861316,0.5760999999999978
ROSN,1,2024-12-03 13:00:00,2024-12-04 12:00:00,488.9,492.8,3.929285042235824,818,2788.684700000028,0.2892086781993105,3.409150000000034
NVTK,-1,2024-12-03 13:00:00,2024-12-04 08:00:00,822.6,825.0,8.465745407338165,393,-1266.953399999991,-0.12693507166758425,-3.223799999999977
MTSS,1,2024-12-03 13:00:00,2024-12-03 13:00:00,174.35,174.35,2.052197702351972,1624,-283.1444,-0.028319233863316685,-0.17435
MTSS,-1,2024-12-03 14:00:00,2024-12-04 11:00:00,172.0,172.1,2.1448978664696883,1554,-422.7656999999912,-0.04227862536065094,-0.27204999999999435
LKOH,-1,2024-12-04 07:00:00,2024-12-04 07:00:00,6780.0,6780.0,33.183861495877835,58,-393.24,-0.06810539515664088,-6.78
LKOH,1,2024-12-04 08:00:00,2024-12-04 12:00:00,6728.5,6806.5,36.635014246172275,59,4202.7175,0.6481276766296745,71.2325
TATN,1,2024-12-04 08:00:00,2024-12-04 12:00:00,540.4,544.7,5.484602231549959,607,2280.7721500000416,0.22836356775856873,3.7574500000000683
PLZL,1,2024-12-04 08:00:00,2024-12-04 09:00:00,1445.65,1449.0,11.567979439184894,276,525.138299999975,0.05482591003331337,1.902674999999909
SBER,1,2024-12-04 09:00:00,2024-12-04 13:00:00,233.38,232.0,1.8756162892227206,1713,-2762.537969999992,-0.2866062405312682,-1.6126899999999955
NVTK,1,2024-12-04 09:00:00,2024-12-04 13:00:00,835.6,832.6,8.728130409812145,381,-1460.7921000000001,-0.14642692917335093,-3.8341000000000003
PLZL,-1,2024-12-04 10:00:00,2024-12-05 14:00:00,1443.2,1423.4,11.193819006235964,277,5087.575899999988,0.5469298127763799,18.366699999999955
GMKN,1,2024-12-04 11:00:00,2024-12-04 11:00:00,109.32,109.32,1.06438559599318,3131,-342.28092,-0.034235713201283755,-0.10932
GAZP,1,2024-12-04 12:00:00,2024-12-05 09:00:00,123.18,115.8,0.9509974756035181,3247,-24350.84403000003,-2.6286399955095265,-7.4994900000000095
LKOH,-1,2024-12-04 13:00:00,2024-12-05 09:00:00,6764.0,6770.0,36.10242913016906,59,-753.2529999999999,-0.11787757137678061,-12.767
TATN,-1,2024-12-04 13:00:00,2024-12-05 11:00:00,541.5,525.5,5.274181547046763,632,9774.828,0.9774976371237698,15.4665
SBER,-1,2024-12-04 14:00:00,2024-12-05 13:00:00,230.65,224.05,1.744046935195102,1734,11050.17509999999,1.217981364950499,6.372649999999994
NVTK,-1,2024-12-04 14:00:00,2024-12-05 13:00:00,825.8,788.4,8.466394069900883,393,14381.009699999991,1.440711740160723,36.59289999999998
GMKN,-1,2024-12-04 15:00:00,2024-12-05 13:00:00,107.2,103.48,1.0888816380456374,3061,11064.474259999997,1.1065359397824346,3.614659999999999
MTSS,-1,2024-12-04 15:00:00,2024-12-05 13:00:00,170.6,165.45,1.6966891838187348,1964,9784.598900000012,0.9787640241777784,4.981975000000006
SNGS,-1,2024-12-04 15:00:00,2024-12-05 13:00:00,23.04,22.605,0.22246950773083,14983,6175.65548249998,0.6175790174635227,0.4121774999999987
GAZP,-1,2024-12-05 10:00:00,2024-12-06 09:00:00,115.79,117.17,0.7810144502834708,3454,-5168.841919999984,-0.6386907009026721,-1.4964799999999954
ROSN,1,2024-12-05 10:00:00,2024-12-05 10:00:00,475.6,475.6,4.772892316048281,698,-331.9688,-0.0332153593325967,-0.4756
TATN,-1,2024-12-05 13:00:00,2024-12-05 13:00:00,521.8,521.8,6.0684955942281364,549,-286.46819999999997,-0.028661688985778398,-0.5217999999999999
LKOH,1,2024-12-05 14:00:00,2024-12-06 15:00:00,6741.5,6848.5,41.035957647108134,59,5912.095,0.8139609401566027,100.205
TATN,1,2024-12-05 14:00:00,2024-12-09 15:00:00,531.8,574.3,6.549317337497553,508,21309.050600000002,2.1349273437419374,41.94695
SNGS,1,2024-12-05 14:00:00,2024-12-06 09:00:00,22.85,23.24,0.26624805967309245,12519,4593.909644999962,0.45941492863278915,0.36695499999999703
SNGS,-1,2024-12-06 10:00:00,2024-12-06 12:00:00,22.98,23.36,0.27059305798960537,12318,-4966.248059999988,-0.49664984385949096,-0.40316999999999903
PLZL,-1,2024-12-06 11:00:00,2024-12-09 07:00:00,1429.45,1437.4,9.418942911150117,279,-2617.9755750000127,-0.3320763659827111,-9.383425000000045
MTSS,-1,2024-12-06 11:00:00,2024-12-06 11:00:00,173.65,173.65,2.1736659971444667,1533,-266.20545,-0.02662935952872904,-0.17365
GAZP,-1,2024-12-06 13:00:00,2024-12-10 09:00:00,114.0,117.4,1.06568401691759,3127,-10993.593900000018,-1.0996693029042826,-3.5157000000000056
SNGS,1,2024-12-06 13:00:00,2024-12-10 07:00:00,23.43,23.755,0.2718414534996949,12262,3695.8587649999913,0.3695873656251591,0.3014074999999993
GMKN,-1,2024-12-06 14:00:00,2024-12-09 14:00:00,107.52,107.54,1.4030546344510062,2375,-302.88375000002435,-0.030298178671165528,-0.12753000000001025
SBER,-1,2024-12-09 07:00:00,2024-12-09 07:00:00,239.27,239.27,2.382095828604411,1399,-334.73873000000003,-0.0334817204702438,-0.23927
ROSN,-1,2024-12-09 07:00:00,2024-12-09 12:00:00,489.3,489.95,4.605673694545127,723,-823.9488749999836,-0.0824797901878957,-1.1396249999999772
LKOH,1,2024-12-09 08:00:00,2024-12-10 08:00:00,6898.0,6951.0,41.26824563162116,57,2626.3035,0.3721626583571506,46.0755
PLZL,1,2024-12-09 08:00:00,2024-12-10 09:00:00,1450.55,1474.5,9.033195872099649,275,6184.055625000013,0.8298087527529399,22.487475000000046
MTSS,1,2024-12-09 08:00:00,2024-12-09 09:00:00,175.65,174.05,1.8975374442742392,1756,-3116.63659999999,-0.3117812870843997,-1.7748499999999943
NVTK,-1,2024-12-09 10:00:00,2024-12-09 13:00:00,836.2,836.4,10.028248700444824,332,-344.0515999999774,-0.03444602778130026,-1.0362999999999318
MTSS,-1,2024-12-09 10:00:00,2024-12-11 13:00:00,171.55,168.75,2.115223612665034,1575,4142.013750000018,0.4144321486474873,2.6298500000000113
ROSN,1,2024-12-09 13:00:00,2024-12-10 07:00:00,494.5,491.25,3.9886662059778586,808,-3024.243,-0.31279253153100917,-3.742875
SBER,1,2024-12-09 14:00:00,2024-12-10 07:00:00,240.15,238.0,2.1344558971952297,1561,-3729.346075000009,-0.37309664462019837,-2.389075000000006
NVTK,1,2024-12-09 14:00:00,2024-12-09 15:00:00,846.0,842.2,8.99260233062799,370,-1718.3169999999832,-0.17214520073470352,-4.644099999999955
GMKN,1,2024-12-09 15:00:00,2024-12-10 07:00:00,107.42,106.86,1.089041278055846,3060,-2041.448400000007,-0.20419795326490564,-0.6671400000000023
TATN,-1,2024-12-10 07:00:00,2024-12-10 13:00:00,564.8,559.0,5.7937684705347765,575,3011.907499999974,0.301364015875518,5.238099999999955
NVTK,-1,2024-12-10 07:00:00,2024-12-11 13:00:00,829.2,810.0,9.211988744265973,361,6635.324400000016,0.6650898269728844,18.380400000000044
SBER,-1,2024-12-10 08:00:00,2024-12-11 09:00:00,233.85,230.15,2.2335239089423906,1492,5174.255999999983,0.5175677750176315,3.4679999999999884
ROSN,-1,2024-12-10 08:00:00,2024-12-10 13:00:00,487.65,486.25,4.16424264652576,800,730.4399999999819,0.07308651916667551,0.9130499999999773
GMKN,-1,2024-12-10 08:00:00,2024-12-11 13:00:00,105.8,101.6,1.0641223264869284,3132,12829.61160000001,1.2831544826628607,4.096300000000003
SNGS,-1,2024-12-10 08:00:00,2024-12-11 12:00:00,23.295,22.845,0.2245299879083442,14845,6337.775850000043,0.6338128876490814,0.42693000000000286
GAZP,1,2024-12-10 10:00:00,2024-12-10 12:00:00,117.39,116.23,0.8031801891367621,3407,-4350.091669999989,-0.5298976980380454,-1.2768099999999967
GAZP,-1,2024-12-10 13:00:00,2024-12-11 12:00:00,115.66,114.85,0.8587415727162777,3458,2402.4282100000078,0.26967562072737844,0.6947450000000023
LKOH,1,2024-12-10 14:00:00,2024-12-10 15:00:00,6941.0,6907.5,46.43469092193175,57,-2304.18225,-0.2901871366529477,-40.42425
ROSN,1,2024-12-10 14:00:00,2024-12-10 15:00:00,486.55,486.2,3.9490198844170936,822,-687.5002500000187,-0.07059768621748182,-0.8363750000000227
TATN,1,2024-12-10 14:00:00,2024-12-11 12:00:00,562.3,564.8,5.350696788026472,622,1204.4719,0.12063537870016565,1.93645
LKOH,-1,2024-12-11 07:00:00,2024-12-11 12:00:00,6894.0,6836.5,45.545728396971775,58,2936.8154999999997,0.3705781111433974,50.63475
ROSN,-1,2024-12-11 07:00:00,2024-12-11 13:00:00,483.45,482.05,3.902981430951472,827,758.5657499999812,0.0783375492323202,0.9172499999999773
PLZL,1,2024-12-11 08:00:00,2024-12-12 11:00:00,1494.8,1507.9,11.354383053031654,267,3096.8395500000365,0.34050433639672045,11.598650000000136
SBER,1,2024-12-11 10:00:00,2024-12-12 10:00:00,231.78,234.3,1.9539978159528772,1705,3899.2668000000176,0.39013349645340006,2.2869600000000103
GAZP,1,2024-12-11 13:00:00,2024-12-12 15:00:00,115.63,114.15,0.9126385203379073,3459,-5516.7245099999645,-0.5825197908621684,-1.5948899999999897
LKOH,1,2024-12-11 13:00:00,2024-12-12 11:00:00,6875.0,6931.5,41.54704177495917,58,2876.6115,0.3979164169990114,49.59675
TATN,-1,2024-12-11 13:00:00,2024-12-11 14:00:00,563.7,565.3,4.581146371469777,709,-1534.6304999999354,-0.157493330598055,-2.164499999999909
SNGS,1,2024-12-11 13:00:00,2024-12-11 15:00:00,22.93,23.04,0.21201479922148883,15722,1368.049829999991,0.1368064875966451,0.08701499999999943
ROSN,1,2024-12-11 14:00:00,2024-12-12 11:00:00,483.7,489.55,3.3961716183036965,826,4430.147750000018,0.5264138175560256,5.363375000000023
MTSS,1,2024-12-11 14:00:00,2024-12-11 15:00:00,169.25,169.7,1.6124206158180698,2067,579.8451749999765,0.05799251908342018,0.28052499999998864
TATN,1,2024-12-11 15:00:00,2024-12-12 10:00:00,569.3,576.8,4.515376208053025,702,4862.7189,0.5113601230425356,6.92695
MTSS,-1,2024-12-12 07:00:00,2024-12-12 07:00:00,169.9,169.9,1.7408116534349685,1914,-325.1886,-0.03253271726529661,-0.1699
SNGS,-1,2024-12-12 07:00:00,2024-12-12 07:00:00,23.095,23.095,0.20815835054286114,16013,-369.820235,-0.03698306271766982,-0.023095
MTSS,1,2024-12-12 08:00:00,2024-12-16 07:00:00,169.5,170.5,1.9164679639039006,1739,1443.37,0.14436279232296098,0.83
SNGS,1,2024-12-12 08:00:00,2024-12-12 10:00:00,23.21,22.995,0.2204327540755141,15121,-3600.347902499998,-0.36005311612089586,-0.23810249999999986
GMKN,-1,2024-12-12 10:00:00,2024-12-13 10:00:00,102.34,101.1,1.1901656216856085,2800,3187.184000000025,0.3188015682466908,1.138280000000009
NVTK,-1,2024-12-12 10:00:00,2024-12-13 09:00:00,806.2,787.4,7.056328200114101,472,8497.510400000032,0.8504517500432665,18.003200000000067
SBER,-1,2024-12-12 11:00:00,2024-12-12 13:00:00,232.56,234.03,1.9442102179819865,1714,-2919.4476299999983,-0.2920286061397812,-1.703294999999999
TATN,-1,2024-12-12 11:00:00,2024-12-13 09:00:00,572.5,557.8,5.039192335069898,661,9343.135850000031,0.9349944104884673,14.134850000000046
SNGS,-1,2024-12-12 11:00:00,2024-12-13 12:00:00,22.885,22.615,0.21913293028567968,15211,3760.9197500000478,0.3761035210875088,0.24725000000000313
LKOH,-1,2024-12-12 12:00:00,2024-12-13 15:00:00,6909.0,6778.5,40.22138087599734,57,7048.40625,1.0247969886234776,123.65625
ROSN,-1,2024-12-12 12:00:00,2024-12-13 12:00:00,487.55,479.5,3.6126441497101425,820,6204.509500000009,0.6981474589839413,7.566475000000011
PLZL,-1,2024-12-12 12:00:00,2024-12-16 07:00:00,1498.5,1369.0,9.26190575508616,266,34065.6225,4.609067629149384,128.06625
SBER,1,2024-12-12 14:00:00,2024-12-12 14:00:00,232.22,232.22,1.9976019857530691,1668,-387.34296,-0.03874979461310727,-0.23222
SBER,-1,2024-12-12 15:00:00,2024-12-13 10:00:00,230.94,228.6,1.982773272484992,1681,3547.296630000006,0.35476068280788536,2.1102300000000036
GAZP,-1,2024-12-13 09:00:00,2024-12-19 09:00:00,113.0,108.0,0.7423485896816532,3539,17303.9405,2.195509435846395,4.8895
TATN,1,2024-12-13 10:00:00,2024-12-16 07:00:00,562.1,569.4,5.08070519086723,656,4417.667999999971,0.441818589284616,6.734249999999955
SBER,1,2024-12-13 11:00:00,2024-12-16 07:00:00,229.99,228.6,2.0390151362913733,1634,-2645.928030000024,-0.26471848609311793,-1.6192950000000148
ROSN,1,2024-12-13 13:00:00,2024-12-16 08:00:00,482.2,481.0,4.253883516154463,783,-1316.6927999999912,-0.13176978899508165,-1.6815999999999887
SNGS,1,2024-12-13 13:00:00,2024-12-16 07:00:00,22.74,22.55,0.1861484385976794,17590,-3740.42554999996,-0.38078034497974855,-0.21264499999999772
NVTK,-1,2024-12-13 14:00:00,2024-12-17 09:00:00,787.2,772.4,6.523419631412506,508,7122.261600000034,0.7164033994526424,14.020200000000068
GMKN,-1,2024-12-16 07:00:00,2024-12-17 12:00:00,98.16,95.74,1.0038162703555267,3320,7712.526000000005,0.7714061057465676,2.3230500000000016
SBER,-1,2024-12-16 08:00:00,2024-12-17 07:00:00,228.31,225.58,1.818776772033156,1752,4385.352359999982,0.45874330456396056,2.5030549999999896
LKOH,-1,2024-12-16 08:00:00,2024-12-16 13:00:00,6743.5,6731.0,41.242632881540416,59,340.00225,0.04657599509187591,5.76275
TATN,-1,2024-12-16 08:00:00,2024-12-17 07:00:00,564.0,549.0,5.375530999720123,620,8954.97,0.895632450124586,14.4435
MTSS,-1,2024-12-16 08:00:00,2024-12-17 07:00:00,168.55,164.5,1.4725599315935753,2263,8788.303925000026,0.8790757095134302,3.8834750000000113
SNGS,-1,2024-12-16 08:00:00,2024-12-18 07:00:00,22.545,21.955,0.17773923768191166,17742,10073.02050000006,1.064762077683092,0.5677500000000034
ROSN,-1,2024-12-16 09:00:00,2024-12-16 13:00:00,478.75,475.35,4.08543598345098,815,2382.204249999981,0.2384853588731675,2.922949999999977
PLZL,-1,2024-12-16 12:00:00,2024-12-17 09:00:00,1355.95,1327.75,11.059079256815787,294,7896.296100000013,0.8095354467370384,26.858150000000045
ROSN,1,2024-12-16 14:00:00,2024-12-23 15:00:00,476.45,573.7,3.8486946149734185,839,81152.21207500005,8.377292794608845,96.72492500000006
LKOH,-1,2024-12-17 08:00:00,2024-12-18 12:00:00,6317.0,6289.5,39.54876754332433,63,1335.39525,0.1786549562029519,21.19675
TATN,1,2024-12-17 08:00:00,2024-12-17 13:00:00,558.5,557.5,6.268598056826029,531,-827.298,-0.08284680699344228,-1.558
MTSS,1,2024-12-17 08:00:00,2024-12-17 11:00:00,166.3,165.15,1.3502078043133017,2405,-3164.318625000014,-0.32482037105618383,-1.3157250000000058
SBER,-1,2024-12-17 12:00:00,2024-12-18 07:00:00,225.17,226.72,1.5572610697751745,1776,-3154.07832000002,-0.38014285347294796,-1.7759450000000114
NVTK,-1,2024-12-17 12:00:00,2024-12-18 15:00:00,769.0,769.8,5.963791700965625,520,-816.0879999999764,-0.08771824362152275,-1.5693999999999546
MTSS,-1,2024-12-17 12:00:00,2024-12-18 07:00:00,163.7,164.05,1.3845828586784708,2407,-1236.8971250000548,-0.12371355429762097,-0.5138750000000227
TATN,-1,2024-12-17 14:00:00,2024-12-18 07:00:00,553.8,556.2,5.839428686982887,570,-1684.350000000052,-0.168680885202994,-2.955000000000091
GMKN,-1,2024-12-17 14:00:00,2024-12-18 14:00:00,95.2,93.2,0.9674890122094068,3445,6565.481,0.6566138309063994,1.9058
SBER,1,2024-12-18 08:00:00,2024-12-19 12:00:00,226.03,232.9,1.5228646441587472,1769,11747.106415000007,1.4535183249260109,6.640535000000004
TATN,1,2024-12-18 08:00:00,2024-12-19 11:00:00,558.2,572.0,5.736452195809556,581,7689.476899999974,0.769052575136247,13.234899999999955
MTSS,1,2024-12-18 08:00:00,2024-12-18 11:00:00,163.2,163.25,1.3890098309991827,2399,-271.6267749999727,-0.027171633939778127,-0.11322499999998864
MTSS,-1,2024-12-18 12:00:00,2024-12-18 15:00:00,163.05,164.55,1.284436427092035,2453,-4081.3014,-0.43178470207016384,-1.6638
PLZL,-1,2024-12-18 13:00:00,2024-12-18 13:00:00,1390.75,1390.75,12.767177833673466,261,-362.98575,-0.03631055659854843,-1.39075
NVTK,1,2024-12-19 07:00:00,2024-12-24 07:00:00,785.0,942.0,5.111773229223499,509,79473.47850000001,10.181496257005506,156.1365
MTSS,1,2024-12-19 07:00:00,2024-12-20 07:00:00,166.35,171.5,1.2850827466205645,2404,11974.504300000015,1.2920244534444563,4.981075000000006
SBER,-1,2024-12-19 13:00:00,2024-12-20 09:00:00,230.79,229.47,1.7783346617641274,1733,1888.7447099999883,0.20428663277563858,1.0898699999999932
LKOH,-1,2024-12-19 13:00:00,2024-12-20 09:00:00,6379.5,6298.5,45.96863543895629,62,4628.982,0.5413908801588967,74.661
TATN,1,2024-12-19 13:00:00,2024-12-19 13:00:00,564.7,564.7,6.518030589219676,511,-288.56170000000003,-0.028878866209167058,-0.5647000000000001
TATN,-1,2024-12-19 14:00:00,2024-12-20 08:00:00,562.2,567.2,6.459599832846846,516,-2871.3852,-0.2871540107744595,-5.5647
GMKN,-1,2024-12-19 14:00:00,2024-12-20 08:00:00,96.4,96.34,1.0018360354083016,3327,-121.00298999999248,-0.012101115257240348,-0.03636999999999774
SNGS,-1,2024-12-20 07:00:00,2024-12-20 10:00:00,22.49,22.645,0.2443187639602872,13643,-2422.553402500015,-0.24226205841597964,-0.17756750000000113
GAZP,-1,2024-12-20 09:00:00,2024-12-20 13:00:00,107.16,108.1,1.0812596947708308,3082,-3228.7956599999925,-0.32296589033036416,-1.0476299999999976
TATN,1,2024-12-20 09:00:00,2024-12-24 07:00:00,572.6,637.1,6.545034121874704,509,32522.63135,3.2541286931034064,63.89515
GMKN,1,2024-12-20 09:00:00,2024-12-23 10:00:00,97.0,106.12,1.0303165089362891,3235,29174.653400000017,2.91769241839117,9.018440000000005
SBER,1,2024-12-20 10:00:00,2024-12-23 15:00:00,231.01,265.58,1.8417132822547169,1731,59410.87135499999,6.211916069436834,34.321704999999994
LKOH,1,2024-12-20 10:00:00,2024-12-23 15:00:00,6370.0,6884.0,49.869356326136604,62,31457.126,3.391347829462459,507.373
PLZL,1,2024-12-20 10:00:00,2024-12-24 09:00:00,1338.0,1395.7,15.507948418838255,214,12055.29410000001,1.210844668780074,56.333150000000046
MTSS,1,2024-12-20 10:00:00,2024-12-23 09:00:00,175.5,197.45,2.1885212286412465,1523,33145.84857499998,3.314799161366748,21.763524999999987
SNGS,1,2024-12-20 11:00:00,2024-12-23 15:00:00,23.385,24.065,0.29767527117528525,11197,7348.311174999997,0.7348891712423032,0.6562749999999997
GAZP,1,2024-12-20 14:00:00,2024-12-25 10:00:00,111.56,121.71,1.2634441673308485,2638,26468.016869999978,2.6470936242995933,10.033364999999991
MTSS,1,2024-12-23 14:00:00,2024-12-24 15:00:00,193.25,195.5,3.6012392019419353,925,1901.453125,0.19027015283068144,2.055625
GMKN,1,2024-12-24 09:00:00,2024-12-24 11:00:00,105.66,104.6,1.496901727807485,2226,-2593.579380000005,-0.25945368319904577,-1.1651300000000022
GMKN,-1,2024-12-24 12:00:00,2024-12-25 09:00:00,105.28,105.3,1.4874610408137936,2240,-280.6495999999911,-0.0280769258403455,-0.12528999999999602
ROSN,1,2024-12-24 13:00:00,2024-12-25 08:00:00,578.45,570.75,7.432859359358775,448,-3707.0208000000202,-0.3710819573798531,-8.274600000000046
MTSS,-1,2024-12-25 07:00:00,2024-12-25 13:00:00,194.7,193.05,2.791042287999454,1194,1738.6132499999728,0.1739045667946137,1.4561249999999772
SNGS,1,2024-12-25 08:00:00,2024-12-25 08:00:00,23.64,23.64,0.21542069272260775,15473,-365.78172,-0.03657958713440261,-0.02364
SBER,1,2024-12-25 09:00:00,2024-12-26 09:00:00,265.74,270.33,2.882647561516514,1156,4996.191539999971,0.4997679977368049,4.321964999999975
ROSN,-1,2024-12-25 09:00:00,2024-12-25 11:00:00,569.8,578.9,6.617042285421255,503,-4866.198050000011,-0.48734513007997865,-9.674350000000022
SNGS,-1,2024-12-25 09:00:00,2024-12-25 11:00:00,23.315,23.62,0.22467635752813567,14836,-4873.143829999995,-0.4873194842183406,-0.3284674999999997
LKOH,1,2024-12-25 10:00:00,2024-12-26 13:00:00,6883.0,7075.5,57.828336183050745,57,10574.68275,1.0693762622574836,185.52075
GMKN,1,2024-12-25 10:00:00,2024-12-27 07:00:00,105.0,109.94,1.3744112343172084,2425,11718.885249999994,1.1720242770960623,4.8325299999999975
NVTK,1,2024-12-25 11:00:00,2024-12-27 11:00:00,918.2,948.8,11.973485224838496,278,8247.286999999975,0.8258943112753279,29.66649999999991
PLZL,1,2024-12-25 11:00:00,2024-12-26 09:00:00,1382.05,1401.6,12.212276980636437,272,4939.023599999988,0.49562624640737146,18.158174999999954
ROSN,1,2024-12-25 12:00:00,2024-12-26 11:00:00,579.8,584.55,6.28279588231432,530,2208.9472499999997,0.2211236885652648,4.167825
SNGS,1,2024-12-25 12:00:00,2024-12-26 14:00:00,23.53,23.995,0.224513104041295,14846,6550.611924999997,0.6551028159123138,0.44123749999999984
GAZP,1,2024-12-25 13:00:00,2024-12-27 09:00:00,124.46,126.89,1.4521858208153837,2295,5288.425875000015,0.5289325390204214,2.3043250000000066
TATN,1,2024-12-25 13:00:00,2024-12-26 14:00:00,627.0,632.3,6.817876183484919,488,2279.130799999978,0.22833845781833742,4.670349999999955
MTSS,1,2024-12-25 14:00:00,2024-12-26 15:00:00,195.35,196.5,2.4622938789346476,1353,1290.8634750000076,0.12915801916284692,0.9540750000000057
SBER,-1,2024-12-26 10:00:00,2024-12-27 13:00:00,271.99,270.52,2.755064644341557,1209,1449.282705000033,0.1450353143209724,1.1987450000000273
PLZL,-1,2024-12-26 10:00:00,2024-12-27 09:00:00,1402.9,1404.45,12.301625292623305,270,-797.4922499999877,-0.08003481734431553,-2.9536749999999548
TATN,-1,2024-12-26 15:00:00,2024-12-27 12:00:00,632.0,630.9,5.3688385302664345,620,290.5010000000141,0.029090711604170767,0.46855000000002267
SNGS,-1,2024-12-26 15:00:00,2024-12-26 15:00:00,24.06,24.06,0.23059859062319712,14455,-347.78729999999996,-0.03477905037635223,-0.024059999999999998
ROSN,1,2024-12-27 09:00:00,2024-12-28 12:00:00,584.75,597.55,5.055875262347445,659,8045.632149999969,0.8049282182601013,12.208849999999954
PLZL,1,2024-12-27 10:00:00,2024-12-28 07:00:00,1410.25,1413.9,9.874652301915278,283,633.3327750000258,0.07554443206626543,2.237925000000091
NVTK,-1,2024-12-27 12:00:00,2024-12-28 07:00:00,940.0,947.8,10.242475247056532,325,-2841.767499999985,-0.28456337584715385,-8.743899999999954
TATN,1,2024-12-27 13:00:00,2025-01-03 07:00:00,633.8,693.2,4.350909676493423,631,37062.73150000006,4.49994019391199,58.73650000000009
SBER,1,2024-12-27 14:00:00,2024-12-28 11:00:00,270.8,272.33,1.917574359630078,1477,1858.7084949999596,0.2187546632685714,1.2584349999999727
LKOH,1,2024-12-27 14:00:00,2024-12-28 12:00:00,6971.5,6981.5,41.37096101418359,57,172.33950000000002,0.024360887652278816,3.0235000000000003
GMKN,1,2024-12-27 14:00:00,2025-01-03 07:00:00,110.66,115.72,1.1000370554063303,3030,14988.834300000006,1.4989828374986744,4.946810000000002
MTSS,1,2024-12-27 14:00:00,2024-12-30 12:00:00,196.15,209.95,1.604559971092958,2039,27724.181049999966,2.8246477216924712,13.596949999999984
NVTK,1,2024-12-28 08:00:00,2024-12-28 13:00:00,948.6,959.6,9.12510553992638,365,3666.7535,0.36696927160804643,10.0459
PLZL,-1,2024-12-28 08:00:00,2024-12-30 12:00:00,1407.55,1398.35,7.4302433868987094,284,2214.362200000013,0.34978890075786323,7.797050000000046
SNGS,1,2024-12-28 08:00:00,2024-12-28 13:00:00,23.915,23.96,0.20142433590538542,16548,348.5422500000282,0.03485593387599293,0.021062500000001705
GAZP,1,2024-12-28 11:00:00,2025-01-03 10:00:00,129.32,132.88,1.1681153417484427,2853,9782.651700000006,0.9784707261492408,3.4289000000000023
SBER,-1,2024-12-28 12:00:00,2024-12-30 07:00:00,271.83,273.99,1.6032698934285718,1471,-3578.810610000037,-0.5058225089387537,-2.432910000000025
LKOH,-1,2024-12-28 13:00:00,2024-12-30 07:00:00,7003.0,7012.0,33.83839147914299,57,-912.4275,-0.15768578528982935,-16.0075
NVTK,-1,2024-12-28 14:00:00,2024-12-30 07:00:00,953.2,962.8,9.340597341730808,356,-3758.647999999968,-0.3767781871519121,-10.55799999999991
SNGS,-1,2024-12-28 14:00:00,2024-12-30 07:00:00,23.8,24.23,0.17941181466788092,16806,-7630.176089999995,-0.8435249017099791,-0.4540149999999997
SBER,1,2024-12-30 08:00:00,2025-01-03 07:00:00,275.78,279.4,1.5746386523114877,1450,4846.494500000006,0.7075506910942224,3.3424100000000045
LKOH,1,2024-12-30 08:00:00,2025-01-03 07:00:00,7061.5,7255.0,34.73273633475122,56,10435.137999999999,1.7883392793478146,186.34175
ROSN,1,2024-12-30 08:00:00,2024-12-30 13:00:00,598.55,606.25,3.91557528046606,668,4741.196800000031,0.6042194306592618,7.097600000000045
NVTK,1,2024-12-30 08:00:00,2025-01-03 08:00:00,968.8,983.6,9.857540947442631,338,4672.444400000023,0.46745261905595276,13.823800000000068
SNGS,1,2024-12-30 08:00:00,2025-01-03 08:00:00,24.495,24.745,0.19900428455733762,16329,3680.23002,0.37751281000696735,0.22538
ROSN,-1,2024-12-30 14:00:00,2025-01-03 07:00:00,601.95,611.45,4.08930991948656,664,-6710.8488,-0.8238309314601883,-10.1067
SBER,-1,2025-01-03 08:00:00,2025-01-06 14:00:00,275.8,271.55,1.7056348712016334,1450,5765.67125,0.7770957835382918,3.976325
ROSN,1,2025-01-03 08:00:00,2025-01-03 08:00:00,600.05,600.05,4.78448028174634,666,-399.63329999999996,-0.04180530692743504,-0.60005
ROSN,-1,2025-01-03 09:00:00,2025-01-03 14:00:00,597.4,594.1,4.753445975907318,669,1809.1432499999696,0.18963435605147339,2.7042499999999547
SNGS,-1,2025-01-03 09:00:00,2025-01-03 15:00:00,24.61,24.665,0.21088959601594015,15806,-1258.7503249999957,-0.12587549995271824,-0.07963749999999972
PLZL,-1,2025-01-03 14:00:00,2025-01-03 14:00:00,1411.5,1411.5,5.367011011553995,283,-399.4545,-0.08766518253588766,-1.4115
MTSS,1,2025-01-03 14:00:00,2025-01-09 07:00:00,205.55,207.6,2.2503718017411662,1481,2730.112424999975,0.2730548789869125,1.843424999999983
ROSN,1,2025-01-03 15:00:00,2025-01-06 15:00:00,597.4,590.05,4.812410680754194,669,-5314.352025000016,-0.5502249307032052,-7.943725000000023
GMKN,1,2025-01-03 15:00:00,2025-01-06 07:00:00,112.68,112.36,0.8681331928821958,3549,-1535.0134800000262,-0.16607282674526172,-0.4325200000000074
PLZL,1,2025-01-06 07:00:00,2025-01-06 07:00:00,1410.0,1410.0,5.1261472497582945,283,-399.03,-0.09168679265351988,-1.41
SNGS,1,2025-01-06 07:00:00,2025-01-06 07:00:00,24.505,24.505,0.17573645370643712,16323,-399.995115,-0.04648058590608815,-0.024505
LKOH,1,2025-01-06 08:00:00,2025-01-08 07:00:00,7136.0,7094.5,46.41632571290166,56,-2722.454,-0.3491246470814265,-48.61525
GMKN,-1,2025-01-06 08:00:00,2025-01-06 12:00:00,111.8,112.88,0.9140536203933229,3577,-4265.0001799999945,-0.4348176713042747,-1.1923399999999984
PLZL,-1,2025-01-06 08:00:00,2025-01-08 07:00:00,1401.95,1409.3,5.688565303346988,285,-2495.353124999974,-0.5130540849991562,-8.75562499999991
SNGS,-1,2025-01-06 08:00:00,2025-01-08 09:00:00,24.47,24.61,0.1785409927274059,16346,-2689.5708400000094,-0.30719369164932364,-0.16454000000000057
NVTK,1,2025-01-06 11:00:00,2025-01-06 11:00:00,951.0,951.0,9.849191423987648,338,-321.43800000000005,-0.03218538318058763,-0.9510000000000001
TATN,1,2025-01-06 12:00:00,2025-01-08 07:00:00,664.6,648.8,5.916904961225026,563,-9265.122100000039,-0.9271006890621015,-16.45670000000007
GAZP,1,2025-01-06 13:00:00,2025-01-06 13:00:00,127.62,127.62,1.046891381997083,3134,-399.96108000000004,-0.04063458801126948,-0.12762
GMKN,1,2025-01-06 13:00:00,2025-01-09 07:00:00,112.88,114.04,0.8881496007554487,3543,3707.8912200000386,0.39277917410529245,1.046540000000011
ROSN,-1,2025-01-08 07:00:00,2025-01-09 07:00:00,590.2,592.05,3.6662073455308177,677,-1652.6416249999384,-0.22194825787069306,-2.441124999999909
LKOH,-1,2025-01-08 08:00:00,2025-01-10 10:00:00,7085.5,6984.0,40.58851359979718,56,5290.054,0.7757962505634602,94.46525
TATN,-1,2025-01-08 08:00:00,2025-01-10 07:00:00,651.7,633.9,5.589687135137376,596,10225.69120000004,1.0231461132620498,17.157200000000067
PLZL,1,2025-01-08 08:00:00,2025-01-09 09:00:00,1426.05,1451.0,5.72549418203345,280,6583.213000000013,1.3688177970604325,23.511475000000047
SNGS,1,2025-01-08 10:00:00,2025-01-09 07:00:00,24.63,24.855,0.14873472518344888,16240,3252.181800000023,0.4488023890699914,0.20025750000000142
NVTK,-1,2025-01-08 14:00:00,2025-01-08 14:00:00,977.8,977.8,7.346656578649413,409,-399.9202,-0.044364852207812326,-0.9778
SBER,-1,2025-01-08 15:00:00,2025-01-08 15:00:00,277.31,277.31,1.3823373553173333,1442,-399.88102,-0.06686983196330294,-0.27731
ROSN,1,2025-01-09 08:00:00,2025-01-09 08:00:00,584.0,584.0,3.462440704172258,684,-399.45599999999996,-0.05622238279260418,-0.584
MTSS,-1,2025-01-09 08:00:00,2025-01-10 07:00:00,205.6,204.0,1.5481758339327447,1945,2713.663999999989,0.3003965418354851,1.3951999999999942
SNGS,-1,2025-01-09 08:00:00,2025-01-09 14:00:00,24.63,24.2,0.1516007027113337,16240,6586.700399999995,0.8917834652615546,0.4055849999999997
ROSN,-1,2025-01-09 09:00:00,2025-01-10 10:00:00,573.5,547.6,4.286552082445668,697,17661.596649999985,1.9704609137781042,25.339449999999978
PLZL,-1,2025-01-09 10:00:00,2025-01-09 13:00:00,1445.7,1442.1,7.746131667178492,276,595.0836000000376,0.09278179495002438,2.1561000000001362
GAZP,-1,2025-01-09 11:00:00,2025-01-10 13:00:00,127.72,121.65,0.8300873865768702,3131,18614.781264999976,2.387425346672392,5.945314999999993
PLZL,1,2025-01-09 14:00:00,2025-01-13 07:00:00,1451.1,1491.0,9.009238768905796,275,10567.961250000026,1.4218348884492722,38.42895000000009
NVTK,1,2025-01-09 15:00:00,2025-01-09 15:00:00,954.0,954.0,8.256249453592002,403,-384.46200000000005,-0.038516278097877665,-0.9540000000000001
NVTK,-1,2025-01-10 07:00:00,2025-01-10 10:00:00,937.2,930.8,8.33794592119257,399,2180.934000000036,0.2185190474033958,5.466000000000091
SBER,1,2025-01-10 08:00:00,2025-01-10 09:00:00,272.91,271.69,1.773761277249571,1465,-2186.21950000004,-0.28043984256138027,-1.4923000000000273
MTSS,1,2025-01-10 08:00:00,2025-01-10 09:00:00,204.1,203.25,1.6295589926768146,1959,-2064.149324999989,-0.21553377421645484,-1.0536749999999944
SBER,-1,2025-01-10 10:00:00,2025-01-10 10:00:00,270.45,270.45,1.8413553870162127,1479,-399.99555,-0.04895850124080705,-0.27044999999999997
MTSS,-1,2025-01-10 10:00:00,2025-01-10 10:00:00,202.6,202.6,1.6762523967468448,1974,-399.93240000000003,-0.04028828442804758,-0.2026
SNGS,-1,2025-01-10 10:00:00,2025-01-10 14:00:00,22.82,23.29,0.2748082524784767,12129,-5980.264094999986,-0.5980594293817233,-0.49305499999999886
SBER,1,2025-01-10 11:00:00,2025-01-13 11:00:00,276.17,282.2,2.135544287943625,1448,8327.18011999996,0.8976345487918668,5.750814999999973
LKOH,1,2025-01-10 11:00:00,2025-01-10 15:00:00,7089.0,7119.5,50.823577036215745,56,1310.162,0.15344420420814214,23.39575
GMKN,1,2025-01-10 11:00:00,2025-01-13 14:00:00,113.96,117.72,0.96916642913127,3439,12532.266240000017,1.2533657414122752,3.644160000000005
NVTK,1,2025-01-10 11:00:00,2025-01-13 15:00:00,964.0,1011.8,10.981572091190678,303,14184.066299999986,1.4209289165301513,46.81209999999995
MTSS,1,2025-01-10 11:00:00,2025-01-13 10:00:00,209.8,212.75,2.0922343684077847,1593,4362.788924999982,0.4363317738767783,2.7387249999999885
GAZP,1,2025-01-10 14:00:00,2025-01-15 10:00:00,125.18,133.1,1.3269870983664303,2511,19562.84945999997,1.957029828345938,7.790859999999988
LKOH,-1,2025-01-13 07:00:00,2025-01-14 13:00:00,7109.5,7074.5,60.08458694388437,55,1534.94,0.1548261732306629,27.908
ROSN,-1,2025-01-13 11:00:00,2025-01-14 10:00:00,546.5,537.45,6.869734039903592,485,4126.392124999978,0.41282651072953586,8.508024999999954
TATN,-1,2025-01-13 12:00:00,2025-01-14 10:00:00,666.2,665.5,6.854558687441223,486,16.596900000022075,0.001660695290887913,0.03415000000004542
SNGS,-1,2025-01-13 12:00:00,2025-01-13 14:00:00,23.26,23.405,0.2757759764338764,12087,-2034.634927499995,-0.20346526937884687,-0.16833249999999958
SNGS,1,2025-01-13 15:00:00,2025-01-14 08:00:00,23.65,23.325,0.2675181560587561,12460,-4342.154249999991,-0.4342228643893856,-0.3484874999999993
GMKN,1,2025-01-14 07:00:00,2025-01-15 08:00:00,118.46,119.58,1.2172732164030506,2738,2740.6832400000126,0.274104445496584,1.0009800000000046
MTSS,1,2025-01-14 09:00:00,2025-01-15 07:00:00,213.0,216.0,2.137215472875265,1559,4342.5945,0.43444379464034993,2.7855
SNGS,-1,2025-01-14 09:00:00,2025-01-15 07:00:00,23.45,23.6,0.2524061183896091,13206,-2291.571150000028,-0.22916111160738237,-0.17352500000000212
SBER,1,2025-01-14 11:00:00,2025-01-15 08:00:00,281.43,278.67,2.2034239164696237,1421,-4319.911049999987,-0.45989788547979893,-3.040049999999991
TATN,1,2025-01-14 11:00:00,2025-01-15 08:00:00,668.2,664.4,6.284349231238128,530,-2367.139000000036,-0.23690068961577682,-4.466300000000068
NVTK,1,2025-01-14 11:00:00,2025-01-15 07:00:00,1016.0,1003.6,13.01833088947508,256,-3432.9087999999942,-0.34335686896291207,-13.409799999999978
LKOH,1,2025-01-14 14:00:00,2025-01-15 09:00:00,7099.5,7098.5,46.66302798396028,56,-453.544,-0.057854511018758506,-8.099
NVTK,-1,2025-01-15 08:00:00,2025-01-15 13:00:00,989.8,993.2,12.043122830184538,276,-1212.054000000025,-0.12154931523777651,-4.391500000000091
MTSS,-1,2025-01-15 08:00:00,2025-01-16 07:00:00,214.3,219.45,1.8101723494356226,1841,-9880.416874999957,-0.9882806650378285,-5.366874999999977
SNGS,1,2025-01-15 08:00:00,2025-01-15 09:00:00,23.44,23.395,0.2129807410082645,15650,-1070.7338750000267,-0.1070793219394844,-0.06841750000000171
SBER,-1,2025-01-15 09:00:00,2025-01-16 07:00:00,277.58,283.72,1.9213571136085221,1441,-9252.15665000006,-1.1139088363678087,-6.420650000000043
TATN,-1,2025-01-15 09:00:00,2025-01-15 12:00:00,661.5,659.2,5.245457306592167,604,990.3485999999725,0.10419491915664142,1.6396499999999545
LKOH,-1,2025-01-15 10:00:00,2025-01-16 07:00:00,7087.5,7192.0,46.29774173195798,56,-6251.826,-0.8037811048203413,-111.63975
SNGS,-1,2025-01-15 10:00:00,2025-01-16 07:00:00,23.27,23.975,0.20917727158365648,15935,-11610.59953750003,-1.1610925261042733,-0.7286225000000018
PLZL,1,2025-01-15 11:00:00,2025-01-17 10:00:00,1495.4,1523.55,8.425843087780374,267,7113.020174999964,1.0539212405792933,26.640524999999865
ROSN,-1,2025-01-15 13:00:00,2025-01-16 07:00:00,538.25,548.7,4.9333760045546144,675,-7420.595625000031,-0.7427959399979918,-10.993475000000046
TATN,1,2025-01-15 13:00:00,2025-01-17 09:00:00,661.1,678.9,5.5810315007699485,597,10226.609999999971,1.0231083625333854,17.129999999999953
NVTK,1,2025-01-15 14:00:00,2025-01-16 13:00:00,991.0,1002.6,11.025200392805106,302,3202.166400000007,0.32057467203104156,10.603200000000022
SBER,1,2025-01-16 08:00:00,2025-01-17 07:00:00,281.85,282.2,1.693962447877346,1419,96.45652499995164,0.013375936026040279,0.06797499999996592
LKOH,1,2025-01-16 08:00:00,2025-01-16 14:00:00,7193.5,7230.0,39.55311720905677,55,1610.85375,0.2468263107658314,29.288249999999998
ROSN,1,2025-01-16 08:00:00,2025-01-16 13:00:00,547.0,551.8,4.36227618872565,731,3107.1885999999663,0.32479985341793777,4.250599999999954
GMKN,1,2025-01-16 08:00:00,2025-01-16 13:00:00,119.14,119.72,1.0830152473391776,3077,1417.1738899999946,0.14175546808830147,0.46056999999999826
MTSS,1,2025-01-16 08:00:00,2025-01-17 07:00:00,218.1,218.7,1.5676708962149366,1834,699.8543999999896,0.08113947915159755,0.38159999999999433
SNGS,1,2025-01-16 08:00:00,2025-01-17 07:00:00,24.47,25.0,0.2122500872087575,15704,7934.681560000018,0.7935057595572,0.5052650000000012
GAZP,1,2025-01-16 09:00:00,2025-01-17 09:00:00,136.36,135.33,1.2466756027807484,2673,-3116.303685000003,-0.31172102761390585,-1.1658450000000011
ROSN,-1,2025-01-16 14:00:00,2025-01-17 11:00:00,547.7,550.5,4.282303493631836,730,-2444.842999999967,-0.26069302848964065,-3.3490999999999547
GMKN,-1,2025-01-16 14:00:00,2025-01-16 14:00:00,118.94,118.94,1.0343412187675274,3222,-383.22468000000003,-0.03833035554157629,-0.11894
NVTK,-1,2025-01-16 14:00:00,2025-01-17 08:00:00,993.0,994.2,9.028063906943474,369,-809.4384000000167,-0.08099189455644526,-2.1936000000000453
GMKN,1,2025-01-16 15:00:00,2025-01-17 07:00:00,120.52,119.4,1.0776025602841326,3093,-3835.19627999997,-0.3835551391888084,-1.2399599999999904
SBER,-1,2025-01-17 08:00:00,2025-01-17 13:00:00,281.53,283.1,1.525031596130037,1420,-2630.2873000000714,-0.40486920723490516,-1.8523150000000501
GMKN,-1,2025-01-17 08:00:00,2025-01-17 08:00:00,119.8,119.8,1.0851777177960127,3071,-367.9058,-0.036798888033231655,-0.1198
LKOH,1,2025-01-17 09:00:00,2025-01-20 09:00:00,7248.5,7385.0,37.73493235888092,55,7105.07875,1.1411464296211704,129.18325
GMKN,1,2025-01-17 09:00:00,2025-01-20 10:00:00,123.02,125.5,1.2548078808105827,2656,6256.84544000001,0.6257903529896649,2.355740000000004
NVTK,1,2025-01-17 09:00:00,2025-01-20 08:00:00,994.6,1011.0,8.799940994539053,378,5820.141599999991,0.5832311833891826,15.397199999999977
MTSS,1,2025-01-17 09:00:00,2025-01-20 10:00:00,220.35,224.25,1.5455538235025283,1815,6675.02550000001,0.793178458982342,3.6777000000000055
TATN,-1,2025-01-17 10:00:00,2025-01-20 07:00:00,675.1,676.1,4.789177100574843,592,-991.9552000000001,-0.11662407165237068,-1.6756000000000002
GAZP,1,2025-01-17 12:00:00,2025-01-20 12:00:00,136.54,139.78,1.0158508581173125,2929,9085.289360000026,1.0178134500795661,3.101840000000009
ROSN,1,2025-01-17 12:00:00,2025-01-20 08:00:00,553.15,555.9,4.077903908490857,723,1587.3284250000002,0.1794610703004114,2.195475
SBER,1,2025-01-17 14:00:00,2025-01-20 09:00:00,284.28,283.78,1.412579725162992,1407,-1103.13021,-0.18501138638612272,-0.78403
TATN,1,2025-01-20 08:00:00,2025-01-20 15:00:00,680.9,680.0,4.612153303541002,587,-927.7241499999867,-0.11422358104666495,-1.5804499999999773
PLZL,1,2025-01-20 08:00:00,2025-01-20 08:00:00,1510.0,1510.0,7.349148110611227,264,-398.64,-0.06848866368696319,-1.51
SNGS,1,2025-01-20 08:00:00,2025-01-21 07:00:00,25.415,26.04,0.2473731501206435,13474,8074.597665,0.8075148814759346,0.5992725
ROSN,-1,2025-01-20 09:00:00,2025-01-21 13:00:00,552.65,535.2,4.126505575727228,723,12223.09222499995,1.3656490291643848,16.90607499999993
NVTK,-1,2025-01-20 09:00:00,2025-01-20 13:00:00,1005.8,999.6,8.728532359806795,381,1980.171299999974,0.19847933901360457,5.197299999999932
PLZL,-1,2025-01-20 09:00:00,2025-01-21 08:00:00,1503.4,1515.5,8.113494674138995,266,-3620.1136999999762,-0.559128158152728,-13.60944999999991
SBER,-1,2025-01-20 10:00:00,2025-01-20 13:00:00,281.79,282.66,1.5019255070337951,1419,-1635.0072750000063,-0.25572173733071796,-1.1522250000000045
GAZP,-1,2025-01-20 13:00:00,2025-01-21 10:00:00,137.94,137.2,1.0500517583323963,2899,1746.4445700000265,0.19123819221912694,0.6024300000000091
SBER,1,2025-01-20 14:00:00,2025-01-20 15:00:00,282.71,280.93,1.5832133591834705,1414,-2915.4134799999615,-0.4341002615641015,-2.061819999999973
GMKN,1,2025-01-20 14:00:00,2025-01-20 14:00:00,126.24,126.24,1.3948975292996455,2389,-301.58736,-0.030167090496695952,-0.12624
NVTK,1,2025-01-20 14:00:00,2025-01-20 15:00:00,1004.6,998.6,8.026541704107188,398,-2786.6367999999998,-0.2907686464112464,-7.0016
GMKN,-1,2025-01-20 15:00:00,2025-01-21 14:00:00,124.88,122.78,1.4138334200639566,2357,4657.8326899999865,0.46591297389443037,1.9761699999999944
SBER,-1,2025-01-21 07:00:00,2025-01-21 14:00:00,279.39,277.94,1.71333192705105,1431,1676.1803849999837,0.22788637381667295,1.1713349999999887
TATN,-1,2025-01-21 07:00:00,2025-01-21 13:00:00,677.1,677.4,5.091249497692449,590,-576.5774999999732,-0.0639823289248793,-0.9772499999999545
NVTK,-1,2025-01-21 07:00:00,2025-01-21 13:00:00,982.6,983.4,8.019824224459763,407,-725.6809999999815,-0.0741080249016747,-1.7829999999999546
SNGS,-1,2025-01-21 08:00:00,2025-01-21 13:00:00,26.54,26.025,0.3567813741666231,9342,4565.598885000006,0.4565984805508756,0.4887175000000006
PLZL,1,2025-01-21 09:00:00,2025-01-23 15:00:00,1517.5,1634.6,9.793783201926002,263,30382.798849999977,3.931880310129848,115.52394999999991
GAZP,1,2025-01-21 11:00:00,2025-01-21 12:00:00,138.32,137.4,1.1229082887831532,2891,-3058.273259999964,-0.3140238642125572,-1.0578599999999876
GAZP,-1,2025-01-21 13:00:00,2025-01-22 09:00:00,136.67,138.15,1.1263341877773094,2926,-4732.5416600000535,-0.4786649224690558,-1.6174100000000182
LKOH,1,2025-01-21 13:00:00,2025-01-22 12:00:00,7160.0,7250.0,40.27135703033462,55,4553.725,0.6853092462850144,82.795
ROSN,1,2025-01-21 14:00:00,2025-01-23 07:00:00,537.45,539.8,4.42090991080674,744,1347.6629999999323,0.13657633357121604,1.811374999999909
TATN,1,2025-01-21 14:00:00,2025-01-22 07:00:00,678.9,681.0,4.594148453287325,589,836.4094500000134,0.10303323996012881,1.4200500000000227
SNGS,1,2025-01-21 14:00:00,2025-01-23 07:00:00,26.42,28.045,0.3592397855405467,9278,14824.086865,1.4825450523674093,1.5977675
SBER,1,2025-01-21 15:00:00,2025-01-23 07:00:00,280.12,280.79,1.7353613189117423,1427,555.8807150000226,0.07482495542471089,0.38954500000001585
GMKN,1,2025-01-21 15:00:00,2025-01-22 14:00:00,123.94,126.2,1.3125056413605716,2539,5420.587270000013,0.5422021139624438,2.134930000000005
MTSS,1,2025-01-21 15:00:00,2025-01-23 07:00:00,223.75,223.25,1.6928134960519836,1787,-1292.8945,-0.1424649952455606,-0.7235
TATN,-1,2025-01-22 08:00:00,2025-01-22 09:00:00,675.5,680.9,4.578004428524872,592,-3598.2943999999866,-0.44256546674409825,-6.078199999999978
GAZP,1,2025-01-22 10:00:00,2025-01-23 09:00:00,138.16,136.79,1.0718523723736924,2895,-4364.1401250000135,-0.4688067868468352,-1.5074750000000046
TATN,1,2025-01-22 10:00:00,2025-01-23 09:00:00,680.8,684.4,4.701952798064815,587,1712.5138000000134,0.2068218692171714,2.917400000000023
LKOH,-1,2025-01-22 13:00:00,2025-01-22 15:00:00,7226.5,7239.5,39.22840211446582,55,-1112.815,-0.17192475272517665,-20.233
LKOH,1,2025-01-23 07:00:00,2025-01-23 07:00:00,7220.0,7220.0,38.53837443348449,55,-397.09999999999997,-0.06244857760724873,-7.22
NVTK,-1,2025-01-23 07:00:00,2025-01-24 07:00:00,1016.6,1026.4,9.960963787642887,334,-3614.3810000000226,-0.3621302861417461,-10.821500000000068
LKOH,-1,2025-01-23 08:00:00,2025-01-28 07:00:00,7195.5,7085.0,40.42849054537845,55,5684.78625,0.8522022349889216,103.35975
ROSN,-1,2025-01-23 08:00:00,2025-01-24 07:00:00,543.8,540.2,4.208769987547321,735,2247.6299999999333,0.2421926920096016,3.0579999999999092
MTSS,-1,2025-01-23 08:00:00,2025-01-24 07:00:00,223.45,222.05,1.4967002066652817,1790,2107.277499999959,0.262187888342036,1.1772499999999773
GAZP,-1,2025-01-23 10:00:00,2025-01-23 14:00:00,136.77,136.62,1.0354740671496956,2924,38.90382000001667,0.004283062358297327,0.013305000000005701
TATN,-1,2025-01-23 10:00:00,2025-01-28 08:00:00,680.9,669.6,4.744832721213875,587,6236.728249999973,0.7464084703132109,10.624749999999954
GMKN,1,2025-01-23 13:00:00,2025-01-23 13:00:00,122.22,122.22,1.201098740654791,2775,-339.1605,-0.0339189432317531,-0.12222
SNGS,1,2025-01-23 13:00:00,2025-01-24 13:00:00,28.34,28.84,0.4105049486798848,8120,3827.8492,0.38278872683993675,0.47141
SBER,1,2025-01-23 14:00:00,2025-01-24 13:00:00,279.69,281.99,1.4634690639171517,1430,2887.3988000000163,0.4599026723064638,2.0191600000000114
GAZP,1,2025-01-23 15:00:00,2025-01-27 07:00:00,137.39,138.44,1.0949609404084093,2911,2655.079435000033,0.2776613503856472,0.9120850000000114
ROSN,1,2025-01-24 08:00:00,2025-01-24 13:00:00,538.55,539.75,3.755336831202204,742,490.3507000000337,0.058658741741370965,0.6608500000000455
NVTK,1,2025-01-24 08:00:00,2025-01-24 13:00:00,1022.6,1033.8,9.535863368252484,349,3549.9581999999764,0.35556298041016604,10.171799999999932
PLZL,1,2025-01-24 08:00:00,2025-01-27 11:00:00,1685.9,1707.35,15.403546804907132,216,4266.72899999996,0.42746377939629143,19.753374999999817
GMKN,-1,2025-01-24 13:00:00,2025-01-28 11:00:00,126.38,118.3,1.1617632084214162,2869,22830.526539999995,2.28321340709143,7.957659999999998
SBER,-1,2025-01-24 14:00:00,2025-01-28 10:00:00,279.89,275.67,1.5276926931019486,1429,5633.432379999957,0.8601686316016375,3.9422199999999705
ROSN,-1,2025-01-24 14:00:00,2025-01-28 11:00:00,537.5,516.2,3.271046976185286,744,15455.223599999967,2.1168706483722146,20.773149999999955
NVTK,-1,2025-01-24 14:00:00,2025-01-28 11:00:00,1023.4,1004.6,9.634678090210524,345,6136.169999999985,0.6153466271686412,17.785999999999955
GAZP,-1,2025-01-27 08:00:00,2025-01-28 14:00:00,138.1,133.75,0.952087193244917,2896,12203.961199999983,1.4753813270811624,4.214074999999994
MTSS,-1,2025-01-27 08:00:00,2025-01-28 10:00:00,224.0,218.55,1.648167939858111,1785,9333.27412499998,1.0574822450941344,5.228724999999988
PLZL,-1,2025-01-27 12:00:00,2025-01-28 10:00:00,1691.0,1676.0,16.13213429536854,206,2743.199,0.27515474716868066,13.3165
LKOH,1,2025-01-28 08:00:00,2025-01-29 12:00:00,7069.5,7179.5,36.15425349497118,56,5761.028,0.9484868312411183,102.8755
SNGS,1,2025-01-28 08:00:00,2025-01-28 08:00:00,27.465,27.465,0.368515863162078,9045,-248.420925,-0.02484289257304919,-0.027465
PLZL,1,2025-01-28 11:00:00,2025-01-29 09:00:00,1683.3,1708.7,14.592797343816223,228,5404.512000000021,0.5414543316934087,23.70400000000009
NVTK,1,2025-01-28 12:00:00,2025-01-29 13:00:00,1011.4,1041.0,9.777618393206037,340,9715.092000000008,0.9741226970586376,28.573800000000023
TATN,-1,2025-01-28 15:00:00,2025-01-28 15:00:00,675.0,675.0,4.188628218232513,592,-399.6,-0.053716870602314726,-0.675
TATN,1,2025-01-29 07:00:00,2025-01-29 14:00:00,676.9,681.0,4.353726202644477,590,2018.4195000000134,0.2619250607232381,3.421050000000023
SBER,-1,2025-01-29 08:00:00,2025-01-29 08:00:00,277.41,277.41,1.413410955912198,1441,-399.7478100000001,-0.06542329363813446,-0.27741000000000005
SBER,1,2025-01-29 09:00:00,2025-01-30 11:00:00,279.4,281.49,1.4660244590613292,1431,2589.4732050000453,0.411442657911874,1.8095550000000318
ROSN,-1,2025-01-29 11:00:00,2025-01-29 11:00:00,535.4,535.4,3.9451434164394157,747,-399.9438,-0.04523705422798977,-0.5354
SNGS,-1,2025-01-29 11:00:00,2025-01-30 07:00:00,27.925,27.83,0.2827313747898756,11789,791.3071525000285,0.07913577572809466,0.06712250000000242
GAZP,-1,2025-01-29 12:00:00,2025-01-29 12:00:00,137.74,137.74,0.9744656032809663,2904,-399.99696,-0.047116422764175506,-0.13774
LKOH,-1,2025-01-29 13:00:00,2025-01-29 15:00:00,7158.0,7193.5,33.71666867500658,55,-2347.16625,-0.42190556063282925,-42.67575
GMKN,-1,2025-01-29 13:00:00,2025-01-30 08:00:00,121.74,122.4,1.1495510120645507,2899,-2267.2209300000313,-0.2267754951838232,-0.7820700000000108
LKOH,1,2025-01-30 07:00:00,2025-01-30 12:00:00,7204.0,7169.0,33.989074737241054,55,-2320.2575,-0.41372608037661796,-42.1865
TATN,1,2025-01-30 07:00:00,2025-01-30 07:00:00,679.8,679.8,3.735211964125689,588,-399.7224,-0.06066590120623606,-0.6798
PLZL,1,2025-01-30 07:00:00,2025-01-31 08:00:00,1704.1,1728.9,13.149873142993899,234,5401.5390000000425,0.5851387246347393,23.083500000000182
MTSS,-1,2025-01-30 07:00:00,2025-01-30 07:00:00,230.55,230.55,1.650455797659646,1734,-399.7737,-0.04656289499480911,-0.23055
ROSN,1,2025-01-30 08:00:00,2025-01-30 09:00:00,535.3,532.9,3.694272741210156,747,-2191.772699999983,-0.26474313128622584,-2.9340999999999773
TATN,-1,2025-01-30 08:00:00,2025-01-30 15:00:00,681.8,679.1,3.754125395259569,586,1183.45629999996,0.17931828653975082,2.019549999999932
NVTK,1,2025-01-30 08:00:00,2025-01-31 10:00:00,1055.8,1089.6,9.459385284891042,352,11520.009599999985,1.1532567573312078,32.72729999999996
MTSS,1,2025-01-30 08:00:00,2025-01-30 12:00:00,233.9,231.8,1.9325660978268138,1710,-3989.1734999999903,-0.4023751982098315,-2.3328499999999943
SNGS,1,2025-01-30 08:00:00,2025-01-30 09:00:00,27.725,27.655,0.24202033557156044,13772,-1345.386680000004,-0.13454792241499525,-0.09769000000000029
GMKN,1,2025-01-30 09:00:00,2025-01-31 12:00:00,122.5,123.24,1.0466460476335828,3184,1964.9419199999836,0.1965420883832685,0.6171299999999948
GAZP,1,2025-01-30 10:00:00,2025-01-31 14:00:00,137.73,142.0,0.8433152394155418,2904,11993.912040000028,1.63249945254256,4.13013500000001
ROSN,-1,2025-01-30 10:00:00,2025-01-31 07:00:00,533.7,536.8,3.6404698635944777,749,-2722.802249999932,-0.3328553855417796,-3.635249999999909
SNGS,-1,2025-01-30 10:00:00,2025-01-30 14:00:00,27.57,27.67,0.2402369219979271,13875,-1770.7275000000197,-0.17707519579512238,-0.12762000000000143
LKOH,-1,2025-01-30 13:00:00,2025-01-31 11:00:00,7163.0,7175.0,30.018207077220676,55,-1054.295,-0.21285970378675506,-19.169
SBER,1,2025-01-30 15:00:00,2025-01-31 12:00:00,281.85,283.45,1.2068067391781443,1419,1869.319649999952,0.3638666013463773,1.317349999999966
SNGS,1,2025-01-30 15:00:00,2025-01-31 10:00:00,28.06,28.09,0.2405109617260969,13859,26.678575000015766,0.002667931066683773,0.0019250000000011376
TATN,1,2025-01-31 07:00:00,2025-01-31 12:00:00,691.7,687.8,3.661462730551305,578,-2652.8755000000524,-0.4178430259308793,-4.589750000000091
ROSN,1,2025-01-31 08:00:00,2025-01-31 09:00:00,536.1,533.95,3.115566183757115,746,-2003.0286499999831,-0.2872698830791711,-2.6850249999999773
PLZL,-1,2025-01-31 09:00:00,2025-01-31 12:00:00,1717.05,1723.2,11.015064801216907,232,-1825.8690000000213,-0.23816246634429325,-7.870125000000091
ROSN,-1,2025-01-31 10:00:00,2025-02-03 13:00:00,534.0,520.2,3.2968402298722066,749,9941.402099999965,1.3419819255758962,13.272899999999954
SNGS,-1,2025-01-31 11:00:00,2025-02-03 10:00:00,27.94,27.545,0.26314569731393106,12667,4652.050752499995,0.465214396116921,0.36725749999999957
LKOH,1,2025-01-31 12:00:00,2025-02-03 07:00:00,7187.5,7131.5,25.671764688319072,55,-3473.7725,-0.8200903569455856,-63.1595
GMKN,-1,2025-01-31 13:00:00,2025-02-04 07:00:00,122.66,118.7,0.9724086147535161,3261,12520.022519999979,1.3160859683022503,3.8393199999999936
PLZL,1,2025-01-31 13:00:00,2025-02-03 07:00:00,1714.75,1697.55,11.030780554653182,233,-4405.132950000011,-0.5713149644103457,-18.906150000000046
LKOH,-1,2025-02-03 08:00:00,2025-02-03 08:00:00,7172.5,7172.5,27.43353034899904,55,-394.4875,-0.08715004240861647,-7.1725
TATN,1,2025-02-03 08:00:00,2025-02-03 11:00:00,688.7,682.4,4.2665617015816775,580,-4051.6190000000397,-0.5457595200846326,-6.985550000000068
NVTK,1,2025-02-03 08:00:00,2025-02-03 11:00:00,1086.8,1075.8,10.613234655221559,314,-3793.5282,-0.3794413419492921,-12.0813
PLZL,-1,2025-02-03 08:00:00,2025-02-03 09:00:00,1709.7,1709.3,10.666842550537519,233,-305.1134999999788,-0.04092120024570661,-1.309499999999909
LKOH,1,2025-02-03 09:00:00,2025-02-04 13:00:00,7166.0,7148.5,28.331135324070534,55,-1356.14875,-0.29010779975168466,-24.65725
PLZL,1,2025-02-03 10:00:00,2025-02-05 13:00:00,1722.35,1787.7,11.446665260412454,232,14754.034200000031,1.8519214564011992,63.59497500000013
SBER,1,2025-02-03 11:00:00,2025-02-03 11:00:00,279.67,279.67,1.116264741284714,1430,-399.92810000000003,-0.08351364141990385,-0.27967000000000003
MTSS,1,2025-02-03 11:00:00,2025-02-03 11:00:00,226.25,226.25,1.6319176234311392,1767,-399.78375,-0.04621352547691814,-0.22625
SNGS,1,2025-02-03 11:00:00,2025-02-03 15:00:00,27.765,27.9,0.26514449606641155,12571,1347.2026424999751,0.1347284236707362,0.10716749999999801
GAZP,1,2025-02-03 12:00:00,2025-02-04 11:00:00,141.29,139.76,1.075040198744278,2831,-4729.256275000003,-0.5179728788905728,-1.6705250000000011
TATN,-1,2025-02-03 12:00:00,2025-02-03 15:00:00,682.0,679.2,4.080306871066075,586,1241.9683999999734,0.17314057226339713,2.1193999999999544
NVTK,-1,2025-02-03 12:00:00,2025-02-04 07:00:00,1067.0,1082.0,10.217830981564521,326,-5240.287,-0.524393746220124,-16.0745
SBER,-1,2025-02-03 14:00:00,2025-02-04 07:00:00,279.19,280.34,1.1249721707735116,1432,-2047.4234799999674,-0.4236445538076126,-1.4297649999999773
ROSN,-1,2025-02-04 07:00:00,2025-02-04 07:00:00,521.3,521.3,3.7676938895889944,767,-399.83709999999996,-0.04612016574563659,-0.5213
TATN,1,2025-02-04 07:00:00,2025-02-04 14:00:00,691.9,689.4,4.290091226169255,578,-1844.1956999999998,-0.24790848117923917,-3.1906499999999998
MTSS,-1,2025-02-04 07:00:00,2025-02-04 07:00:00,230.5,230.5,1.4543518700478557,1735,-399.9175,-0.05282994776965847,-0.2305
SNGS,-1,2025-02-04 07:00:00,2025-02-04 07:00:00,27.99,27.99,0.2493024583841296,13370,-374.2263,-0.03742442036261099,-0.027989999999999998
SBER,1,2025-02-04 08:00:00,2025-02-04 14:00:00,280.66,279.08,1.1481063626783587,1425,-2650.314750000058,-0.5399819100561511,-1.859870000000041
ROSN,1,2025-02-04 08:00:00,2025-02-04 14:00:00,524.5,517.9,3.8378586117612095,762,-5426.354400000017,-0.6185046333022739,-7.121200000000023
NVTK,1,2025-02-04 08:00:00,2025-02-04 12:00:00,1077.8,1070.6,9.840760766789943,338,-2796.679600000015,-0.2802696592294422,-8.274200000000045
MTSS,1,2025-02-04 08:00:00,2025-02-04 14:00:00,230.05,233.1,1.4433267364730098,1738,4898.42264999997,0.6509094415417992,2.818424999999983
SNGS,1,2025-02-04 08:00:00,2025-02-04 10:00:00,28.195,27.835,0.25899513992812045,12870,-4993.753049999993,-0.4993851752169123,-0.38801499999999944
SNGS,-1,2025-02-04 11:00:00,2025-02-05 14:00:00,27.73,27.41,0.25633102129084556,13004,3802.759720000004,0.3802765118938337,0.2924300000000003
GAZP,-1,2025-02-04 12:00:00,2025-02-05 10:00:00,139.03,137.1,0.9559416089981734,2877,5155.396995000019,0.6248411629374009,1.7919350000000067
GMKN,-1,2025-02-04 12:00:00,2025-02-05 10:00:00,118.64,117.96,0.9970904753539228,3343,1877.7631000000229,0.18777968294890804,0.5617000000000069
NVTK,-1,2025-02-04 13:00:00,2025-02-05 09:00:00,1068.6,1064.0,9.132518049368818,364,1286.266799999967,0.12897866652246898,3.533699999999909
LKOH,-1,2025-02-04 14:00:00,2025-02-05 08:00:00,7114.0,7122.5,24.96296987341552,56,-874.622,-0.2085522419701185,-15.61825
SBER,-1,2025-02-04 15:00:00,2025-02-05 10:00:00,278.57,278.16,1.0505210970534737,1435,188.89622499995428,0.041768160064937,0.13163499999996814
ROSN,-1,2025-02-04 15:00:00,2025-02-05 15:00:00,518.0,516.35,3.336600124721174,772,874.5408999999825,0.11317158760967228,1.1328249999999773
MTSS,-1,2025-02-04 15:00:00,2025-02-05 14:00:00,229.7,226.05,1.5658735555373517,1741,5957.91962499996,0.7284804889254775,3.422124999999977
LKOH,1,2025-02-05 09:00:00,2025-02-05 13:00:00,7107.0,7130.0,28.506830033179426,56,889.3639999999999,0.18570403398665442,15.881499999999999
NVTK,1,2025-02-05 10:00:00,2025-02-06 11:00:00,1082.6,1097.4,9.758643309940448,341,4675.110000000062,0.4683028014093846,13.710000000000182
SBER,1,2025-02-05 11:00:00,2025-02-07 08:00:00,277.41,287.5,1.28018487402622,1441,14132.672344999963,2.553679341941436,9.807544999999974
GAZP,1,2025-02-05 11:00:00,2025-02-06 13:00:00,137.78,139.97,0.9660808182141561,2903,5954.415874999993,0.7077133925474249,2.0511249999999976
GMKN,1,2025-02-05 11:00:00,2025-02-06 13:00:00,117.28,121.14,1.100389724439513,3029,11330.85291,1.133171250426868,3.7407899999999996
LKOH,-1,2025-02-05 14:00:00,2025-02-05 15:00:00,7116.5,7145.5,28.411549026278653,56,-2023.336,-0.42390038837823074,-36.131
MTSS,1,2025-02-05 15:00:00,2025-02-06 08:00:00,226.95,226.9,1.4881661004999918,1762,-487.94184999997003,-0.062028246243691514,-0.276924999999983
SNGS,1,2025-02-05 15:00:00,2025-02-07 08:00:00,27.595,28.3,0.26935003207644964,12375,8378.524687500023,0.8378843133109831,0.6770525000000018
LKOH,1,2025-02-06 07:00:00,2025-02-06 12:00:00,7187.0,7173.5,30.04108053796476,55,-1137.4137500000002,-0.22946633553859802,-20.68025
ROSN,1,2025-02-06 07:00:00,2025-02-06 10:00:00,523.5,521.1,3.454372987171985,764,-2232.637199999983,-0.28199039409391213,-2.9222999999999772
TATN,1,2025-02-06 07:00:00,2025-02-06 11:00:00,690.0,686.4,4.3961113580791835,579,-2482.867800000013,-0.32515099904670364,-4.288200000000023
MTSS,-1,2025-02-06 09:00:00,2025-02-07 11:00:00,226.4,225.2,1.6108421730315154,1766,1720.43720000003,0.20159227189974108,0.974200000000017
ROSN,-1,2025-02-06 11:00:00,2025-02-06 13:00:00,518.45,520.8,3.5038433696017055,771,-2212.4808749999297,-0.2729978385921314,-2.869624999999909
TATN,-1,2025-02-06 12:00:00,2025-02-06 13:00:00,684.6,687.9,4.567271216002419,584,-2327.9699999999734,-0.2909286392593509,-3.9862499999999548
PLZL,1,2025-02-06 13:00:00,2025-02-07 08:00:00,1775.25,1768.1,12.03144619037282,225,-2007.3768750000204,-0.24717657541836574,-8.921675000000091
ROSN,1,2025-02-06 14:00:00,2025-02-07 11:00:00,524.85,532.05,3.4892470419150636,762,5083.721099999948,0.6373438089323201,6.6715499999999315
TATN,1,2025-02-06 14:00:00,2025-02-07 11:00:00,688.6,701.3,4.638616507675559,580,6962.92899999996,0.8626889777828561,12.005049999999931
GAZP,1,2025-02-07 08:00:00,2025-02-07 14:00:00,142.33,142.24,0.9029075935145331,2810,-652.7208500000096,-0.08575443809476412,-0.23228500000000343
GMKN,1,2025-02-07 08:00:00,2025-02-07 15:00:00,122.82,122.88,1.143501741390899,2915,-183.20774999999338,-0.018320916568536832,-0.06284999999999773
PLZL,-1,2025-02-07 09:00:00,2025-02-07 13:00:00,1761.3,1759.5,10.890769936563087,227,8.989199999989635,0.001212035519699027,0.03959999999995434
MTSS,1,2025-02-07 12:00:00,2025-02-11 07:00:00,226.15,228.85,1.4377203851473963,1768,4371.37999999998,0.5732454482671668,2.4724999999999886
PLZL,1,2025-02-07 14:00:00,2025-02-11 07:00:00,1768.95,1805.35,10.851034338475648,226,7822.50409999997,1.0632734453485682,34.61284999999987
SBER,1,2025-02-10 08:00:00,2025-02-11 07:00:00,290.49,292.33,1.403398130758877,1376,2130.8598399999655,0.3678191208559818,1.548589999999975
GAZP,1,2025-02-10 08:00:00,2025-02-11 07:00:00,143.14,142.28,0.8676704794151351,2794,-2801.5717399999585,-0.38521152280294063,-1.0027099999999851
LKOH,1,2025-02-10 08:00:00,2025-02-11 07:00:00,7189.0,7173.5,29.88804165800822,55,-1247.46875,-0.2529579138431415,-22.68125
ROSN,1,2025-02-10 08:00:00,2025-02-11 07:00:00,536.9,536.6,3.254718236757531,745,-623.3787499999662,-0.08569610220530749,-0.8367499999999546
TATN,1,2025-02-10 08:00:00,2025-02-11 07:00:00,700.7,702.9,4.883775369402948,570,853.9739999999612,0.10225695537283279,1.4981999999999318
NVTK,1,2025-02-10 08:00:00,2025-02-11 07:00:00,1119.0,1148.4,8.4017464169732,357,10091.069100000032,1.1214454153204996,28.26630000000009
GMKN,1,2025-02-10 12:00:00,2025-02-10 15:00:00,121.7,122.24,1.21264894722083,2748,1148.746439999978,0.1149082210912566,0.418029999999992
SNGS,1,2025-02-10 12:00:00,2025-02-11 07:00:00,28.36,28.22,0.20895458715805829,14104,-2373.562160000008,-0.26846343710192866,-0.16829000000000058
GMKN,-1,2025-02-11 07:00:00,2025-02-12 07:00:00,121.44,121.48,1.6782717248431418,1986,-320.65956000001245,-0.03206870449124222,-0.16146000000000627
SBER,-1,2025-02-11 08:00:00,2025-02-11 10:00:00,291.3,291.26,1.4064172550789864,1373,-345.0074399999719,-0.059555583307522135,-0.2512799999999795
GAZP,-1,2025-02-11 08:00:00,2025-02-12 07:00:00,143.08,143.05,0.8480993628235733,2795,-316.01667499999684,-0.04443858229990571,-0.11306499999999886
LKOH,-1,2025-02-11 08:00:00,2025-02-11 10:00:00,7176.5,7197.0,29.17071188555546,55,-1522.77125,-0.31637612077738064,-27.68675
ROSN,-1,2025-02-11 08:00:00,2025-02-11 12:00:00,534.85,535.7,3.084334569102577,747,-1034.800425000017,-0.14971084458833364,-1.3852750000000227
TATN,-1,2025-02-11 08:00:00,2025-02-11 08:00:00,705.1,705.1,4.0683522382805855,567,-399.79170000000005,-0.05777113670783479,-0.7051000000000001
SNGS,-1,2025-02-11 08:00:00,2025-02-11 10:00:00,28.31,28.24,0.20146079485050303,14129,589.5325250000041,0.06903741913484614,0.04172500000000029
TATN,1,2025-02-11 09:00:00,2025-02-12 07:00:00,701.2,702.3,4.242041364117687,570,227.00249999994816,0.03129389569910068,0.39824999999990907
MTSS,1,2025-02-11 10:00:00,2025-02-12 11:00:00,231.0,236.75,1.1304821587658211,1731,9548.412375,1.6264815141715305,5.516125
SBER,1,2025-02-11 11:00:00,2025-02-12 13:00:00,292.6,296.75,1.5053348066357615,1367,5270.229274999969,0.8537026631340473,3.8553249999999775
LKOH,1,2025-02-11 11:00:00,2025-02-12 13:00:00,7261.0,7287.5,32.202279159098154,55,1057.41625,0.1990102409109359,19.225749999999998
SNGS,1,2025-02-11 11:00:00,2025-02-11 11:00:00,28.235,28.235,0.19947134339889014,14166,-399.97701,-0.047183051491490755,-0.028235
SNGS,-1,2025-02-11 12:00:00,2025-02-12 07:00:00,28.035,28.2,0.20593767601325508,14267,-2755.2073724999877,-0.3125824339003243,-0.19311749999999914
ROSN,1,2025-02-11 13:00:00,2025-02-12 11:00:00,540.05,545.35,3.3489476764997606,740,3520.4020000000505,0.47351192668501,4.757300000000068
NVTK,1,2025-02-11 13:00:00,2025-02-12 11:00:00,1148.4,1172.4,10.26201402231296,324,7400.030400000001,0.7418816602127444,22.8396
PLZL,1,2025-02-11 14:00:00,2025-02-12 13:00:00,1802.8,1824.55,8.896010868894706,221,4405.927825,0.7470136631580281,19.936325
GAZP,1,2025-02-12 08:00:00,2025-02-13 15:00:00,143.46,162.8,0.8772083008073709,2788,53492.99356000001,7.290883279885619,19.186870000000003
TATN,-1,2025-02-12 08:00:00,2025-02-12 13:00:00,701.9,701.1,3.6462442080635227,569,56.04649999997412,0.00900469948247256,0.09849999999995451
GMKN,1,2025-02-12 08:00:00,2025-02-12 13:00:00,121.14,120.96,1.339897965036424,2487,-748.711350000017,-0.07489376252412946,-0.3010500000000068
SNGS,1,2025-02-12 08:00:00,2025-02-12 11:00:00,28.075,27.9,0.19502260505293478,14247,-2891.96291250001,-0.3469469602338389,-0.2029875000000007
SNGS,-1,2025-02-12 12:00:00,2025-02-13 07:00:00,27.87,29.595,0.17963844811841093,14352,-25169.56883999997,-3.2541892124043943,-1.753732499999998
LKOH,-1,2025-02-12 14:00:00,2025-02-13 07:00:00,7287.5,7777.0,32.42493438295468,54,-26839.7415,-5.109568294261866,-497.03225
TATN,1,2025-02-12 14:00:00,2025-02-12 15:00:00,702.7,698.8,3.4421643192460873,569,-2617.826750000052,-0.4455287984825935,-4.600750000000091
GMKN,-1,2025-02-12 14:00:00,2025-02-13 07:00:00,120.88,127.04,1.1234875398324013,2966,-18638.225360000033,-1.8644206180033036,-6.283960000000011
TATN,-1,2025-02-13 07:00:00,2025-02-13 07:00:00,732.4,732.4,3.8195192344519806,546,-399.89039999999994,-0.06391729386548337,-0.7323999999999999
SBER,1,2025-02-13 08:00:00,2025-02-14 13:00:00,311.18,304.24725214924774,2.310915950250762,1285,-9303.992997722551,-1.0443855211092397,-7.240461476826888
LKOH,1,2025-02-13 08:00:00,2025-02-18 09:00:00,7566.0,7683.5,60.18935161783944,52,5713.513,0.6084977217544585,109.87525
ROSN,1,2025-02-13 08:00:00,2025-02-18 12:00:00,566.4,592.5,4.978154364723508,669,17073.247950000015,1.7088361221342898,25.52055000000002
TATN,1,2025-02-13 08:00:00,2025-02-14 11:00:00,715.9,719.9,5.325267860562552,558,1831.4117999999999,0.20544193493729,3.2821
GMKN,1,2025-02-13 08:00:00,2025-02-14 11:00:00,125.94,129.94,1.2819103954124593,2600,10067.356,1.0068462439228316,3.87206
NVTK,1,2025-02-13 08:00:00,2025-02-14 13:00:00,1249.2,1201.8341231605232,15.788625613158949,211,-10252.784113123054,-1.0258734165469703,-48.59139390105713
PLZL,1,2025-02-13 08:00:00,2025-02-13 13:00:00,1957.5,1920.7621374602961,12.245954179901299,204,-7890.106696120542,-1.0527829039219265,-38.67699360843403
MTSS,1,2025-02-13 08:00:00,2025-02-14 13:00:00,248.5,251.0,1.7189494359719866,1609,3620.6522499999996,0.4363614877997826,2.25025
SNGS,1,2025-02-13 08:00:00,2025-02-14 13:00:00,28.62,28.56,0.2590405473114422,12867,-1139.8875300000293,-0.11399759731242806,-0.08859000000000228
PLZL,-1,2025-02-14 09:00:00,2025-02-18 07:00:00,1911.7,1841.0,19.655454488875655,169,11631.196850000008,1.1671679573550773,68.82365000000004
TATN,-1,2025-02-14 12:00:00,2025-02-17 07:00:00,717.6,723.8,6.954326542628855,479,-3315.0152999999673,-0.33172155288640354,-6.920699999999932
GMKN,1,2025-02-14 13:00:00,2025-02-14 13:00:00,131.4,131.4,1.7614154013653993,1892,-248.60880000000003,-0.024866365972528393,-0.13140000000000002
GMKN,-1,2025-02-14 14:00:00,2025-02-17 07:00:00,128.0,133.2,1.9327428726964417,1724,-9189.95439999998,-0.9193497447426568,-5.330599999999989
MTSS,-1,2025-02-14 14:00:00,2025-02-17 07:00:00,249.3,254.35,2.6957010124708276,1236,-6553.055699999979,-0.6555901384553564,-5.301824999999983
SNGS,-1,2025-02-14 14:00:00,2025-02-18 10:00:00,28.13,29.0,0.3549767005592049,9390,-8437.525350000009,-0.8437783837497559,-0.898565000000001
GAZP,1,2025-02-17 08:00:00,2025-02-18 10:00:00,172.22,177.66,3.1458640898218757,1059,5575.698539999998,0.5578816979659702,5.265059999999997
TATN,1,2025-02-17 08:00:00,2025-02-18 09:00:00,725.3,740.1,7.312980017612254,455,6400.621500000031,0.6412023537199615,14.067300000000069
GMKN,1,2025-02-17 08:00:00,2025-02-18 07:00:00,135.1,136.36,1.941208488088222,1717,1930.371590000033,0.19305328045198691,1.1242700000000192
MTSS,1,2025-02-17 08:00:00,2025-02-18 08:00:00,255.05,252.5,2.501022275655396,1332,-3734.6283000000153,-0.37368386350008,-2.8037750000000115
GMKN,-1,2025-02-18 08:00:00,2025-02-18 11:00:00,137.08,136.0,1.7220026809670574,1935,1825.595100000024,0.18262844195460756,0.9434600000000125
MTSS,-1,2025-02-18 09:00:00,2025-02-19 09:00:00,248.7,244.2,2.2280493024960344,1496,6363.310799999999,0.6363638355810232,4.25355
LKOH,-1,2025-02-18 10:00:00,2025-02-18 11:00:00,7709.0,7737.0,80.78033090150514,41,-1464.643,-0.14740799565658622,-35.723
SNGS,1,2025-02-18 11:00:00,2025-02-18 14:00:00,29.22,28.82,0.31737454412060095,10502,-4505.568039999985,-0.45059274386015113,-0.42901999999999857
LKOH,1,2025-02-18 12:00:00,2025-02-18 12:00:00,7818.0,7818.0,84.8820200120121,39,-304.90200000000004,-0.03070143711979535,-7.8180000000000005
TATN,1,2025-02-18 12:00:00,2025-02-18 12:00:00,746.7,746.7,6.999515248131803,476,-355.42920000000004,-0.035559605369305025,-0.7467
GMKN,1,2025-02-18 12:00:00,2025-02-18 12:00:00,138.08,138.08,1.805888655016144,1845,-254.75760000000002,-0.025486990318489604,-0.13808
SBER,-1,2025-02-18 13:00:00,2025-02-19 13:00:00,314.7,313.6,3.0302674495855952,1100,864.4349999999625,0.08644451500009073,0.785849999999966
LKOH,-1,2025-02-18 13:00:00,2025-02-19 10:00:00,7667.5,7632.0,91.31901858258267,36,1002.6089999999999,0.10165918130483825,27.85025
ROSN,-1,2025-02-18 13:00:00,2025-02-19 14:00:00,579.2,574.05,6.670088806992923,499,2282.1141250000455,0.22855142974035386,4.573375000000091
TATN,-1,2025-02-18 13:00:00,2025-02-19 13:00:00,737.4,737.6,7.656692730408106,435,-407.8125000000198,-0.040813966421682266,-0.9375000000000455
GMKN,-1,2025-02-18 13:00:00,2025-02-19 10:00:00,135.0,134.58,1.9840394653721347,1680,479.152799999979,0.04791739360999259,0.2852099999999875
SNGS,-1,2025-02-18 15:00:00,2025-02-19 11:00:00,28.655,28.53,0.3349531277235653,9951,959.3510325,0.09594128453654817,0.0964075
GAZP,1,2025-02-19 07:00:00,2025-02-19 07:00:00,172.22,172.22,3.1966187469799094,1042,-179.45324000000002,-0.01795855909338677,-0.17222
GAZP,-1,2025-02-19 08:00:00,2025-02-19 15:00:00,173.76,171.56,3.1897174079099155,1045,2118.570299999988,0.21186202838037796,2.0273399999999886
MTSS,1,2025-02-19 10:00:00,2025-02-20 13:00:00,246.9,252.85,2.7713427172507594,1202,6851.550249999986,0.6856032835056759,5.700124999999988
LKOH,1,2025-02-19 11:00:00,2025-02-20 15:00:00,7665.5,7766.0,77.70403156271617,42,3896.9385,0.39802417855720634,92.78425
GMKN,1,2025-02-19 11:00:00,2025-02-20 08:00:00,136.4,138.02,1.8118815306772664,1839,2726.850810000008,0.2727900941451637,1.4827900000000045
SNGS,1,2025-02-19 12:00:00,2025-02-20 12:00:00,28.62,29.05,0.2990179144470861,11147,4471.786254999997,0.4472028604504559,0.4011649999999997
PLZL,-1,2025-02-19 13:00:00,2025-02-19 13:00:00,1893.8,1893.8,17.28131754743514,192,-363.6096,-0.0365288505887306,-1.8938
SBER,1,2025-02-19 14:00:00,2025-02-20 15:00:00,314.12,317.04,2.38623275585866,1273,3315.42666000002,0.36381195332624394,2.6044200000000157
TATN,1,2025-02-19 14:00:00,2025-02-20 15:00:00,740.2,747.7,6.952523230307299,479,3236.14795,0.3239135767069028,6.75605
ROSN,1,2025-02-19 15:00:00,2025-02-20 14:00:00,575.85,582.25,6.3567442355141095,524,3050.177799999988,0.3052374918321271,5.820949999999978
GMKN,-1,2025-02-20 09:00:00,2025-02-20 12:00:00,137.02,137.7,1.5496589502393208,2151,-1758.1413599999537,-0.1758150290367116,-0.8173599999999784
PLZL,1,2025-02-20 09:00:00,2025-02-20 14:00:00,1923.45,1912.5,15.433212791061448,207,-2663.6708250000092,-0.2779281966801035,-12.867975000000046
GAZP,-1,2025-02-20 12:00:00,2025-02-21 09:00:00,173.7,173.01,2.243776598519952,1485,767.2178249999968,0.07675229348304835,0.5166449999999978
GMKN,1,2025-02-20 13:00:00,2025-02-21 10:00:00,138.48,138.6,1.4685836442572164,2269,-42.06725999998967,-0.004208136202636396,-0.01853999999999545
SNGS,-1,2025-02-20 13:00:00,2025-02-20 13:00:00,29.165,29.165,0.2611016614217328,12766,-372.32039,-0.037233262376542973,-0.029165
MTSS,-1,2025-02-20 14:00:00,2025-02-21 07:00:00,251.8,253.2,1.9946281857138934,1588,-2624.1699999999637,-0.27615840249253176,-1.6524999999999772
SNGS,1,2025-02-20 14:00:00,2025-02-20 15:00:00,29.3,29.29,0.262451542748752,12700,-499.0465000000199,-0.049907625598806425,-0.039295000000001565
ROSN,-1,2025-02-20 15:00:00,2025-02-24 15:00:00,580.65,561.0,5.430142926672201,613,11695.534274999987,1.1711892460070983,19.079174999999978
SBER,-1,2025-02-21 07:00:00,2025-02-21 14:00:00,315.85,313.5,2.0511562541311,1266,2576.7214500000287,0.3307605967611044,2.0353250000000225
LKOH,-1,2025-02-21 07:00:00,2025-02-21 09:00:00,7752.0,7750.0,51.69004785412296,51,-293.30100000000004,-0.03708644274058443,-5.751
TATN,-1,2025-02-21 07:00:00,2025-02-21 07:00:00,755.6,755.6,6.148065314478103,529,-399.7124,-0.04096681700396788,-0.7556
SNGS,-1,2025-02-21 07:00:00,2025-02-21 14:00:00,29.165,28.77,0.28440974859458723,11720,4289.900899999995,0.4289966639197516,0.3660324999999996
TATN,1,2025-02-21 08:00:00,2025-02-21 10:00:00,755.2,750.7,6.044632077729671,529,-2778.81055,-0.2896757504537799,-5.25295
NVTK,-1,2025-02-21 08:00:00,2025-02-21 08:00:00,1320.0,1320.0,14.564771889272727,228,-300.96000000000004,-0.030209879244594944,-1.32
MTSS,1,2025-02-21 08:00:00,2025-02-21 10:00:00,252.8,252.85,1.8106589373226756,1582,-320.86915000002693,-0.03733907691821179,-0.20282500000001702
NVTK,1,2025-02-21 09:00:00,2025-02-21 11:00:00,1323.8,1312.2,14.28157389718181,233,-3009.893999999979,-0.3015073850403613,-12.917999999999909
GAZP,1,2025-02-21 10:00:00,2025-02-21 12:00:00,174.0,173.9,1.8422126297635588,1809,-495.57554999998973,-0.04956901564527051,-0.2739499999999943
LKOH,1,2025-02-21 10:00:00,2025-02-21 10:00:00,7766.0,7766.0,47.14031892693445,51,-396.066,-0.05491406773634674,-7.766
LKOH,-1,2025-02-21 11:00:00,2025-02-24 07:00:00,7700.0,7733.0,50.737439003582004,51,-2076.5415,-0.2674980632291765,-40.716499999999996
TATN,-1,2025-02-21 11:00:00,2025-02-24 07:00:00,747.1,753.8,6.082527942701193,535,-3985.9907499999636,-0.4082978913912591,-7.450449999999932
GMKN,-1,2025-02-21 11:00:00,2025-02-24 07:00:00,136.44,137.36,1.4385041716059106,2317,-2448.837300000037,-0.2449071799400528,-1.056900000000016
MTSS,-1,2025-02-21 11:00:00,2025-02-21 13:00:00,251.3,252.15,1.6751339960998228,1591,-1752.844474999991,-0.2192312182319178,-1.1017249999999943
GAZP,-1,2025-02-21 13:00:00,2025-02-24 09:00:00,172.62,170.9,1.7372562491219172,1918,2969.524319999998,0.2970661353273867,1.548239999999999
MTSS,1,2025-02-21 14:00:00,2025-02-24 09:00:00,252.85,252.5,1.623840885361265,1581,-952.829174999991,-0.12371388630356554,-0.6026749999999943
SBER,1,2025-02-21 15:00:00,2025-02-24 10:00:00,313.91,314.29,1.8686828603545527,1274,83.95659999999415,0.011755160349946869,0.0658999999999954
NVTK,1,2025-02-21 15:00:00,2025-02-24 12:00:00,1318.6,1325.0,13.720992584547352,242,1228.9244000000222,0.12336813994344174,5.078200000000091
SNGS,1,2025-02-21 15:00:00,2025-02-24 12:00:00,28.875,28.965,0.253847253645369,13131,802.0414799999982,0.08020571311141064,0.06107999999999986
PLZL,1,2025-02-24 07:00:00,2025-02-24 12:00:00,1894.05,1888.9,13.19089689333945,211,-1485.751224999971,-0.17793773632772844,-7.041474999999863
LKOH,1,2025-02-24 08:00:00,2025-02-25 13:00:00,7707.0,7767.0,47.57561564476757,51,2665.413,0.36617497774652513,52.263
TATN,1,2025-02-24 08:00:00,2025-02-24 12:00:00,753.3,745.8,5.555135763555911,530,-4372.2615,-0.49501040425334025,-8.24955
GMKN,1,2025-02-24 08:00:00,2025-02-25 14:00:00,136.44,145.18,1.497591902348957,2225,19133.19775000002,1.914003849894459,8.599190000000009
MTSS,-1,2025-02-24 10:00:00,2025-02-24 15:00:00,252.95,250.85,1.5215326088988945,1581,2921.846099999991,0.40487685228063797,1.8480999999999943
SBER,-1,2025-02-24 11:00:00,2025-02-24 15:00:00,313.76,314.61,1.6526806079119194,1274,-1483.1716900000288,-0.23480741820827133,-1.1641850000000227
GAZP,-1,2025-02-24 13:00:00,2025-02-25 07:00:00,170.43,177.19,1.718235075856149,1939,-13444.65758999998,-1.3451419031521952,-6.9338099999999905
TATN,-1,2025-02-24 13:00:00,2025-02-25 07:00:00,743.2,754.2,5.200025144021033,538,-6320.8006,-0.7531181532528167,-11.7487
PLZL,-1,2025-02-24 13:00:00,2025-02-25 08:00:00,1872.0,1876.65,12.881688372675688,213,-1389.6812250000194,-0.16882686004212832,-6.524325000000091
SNGS,-1,2025-02-24 13:00:00,2025-02-24 15:00:00,28.73,28.895,0.22186821145580907,13922,-2698.257624999988,-0.29118261801796697,-0.19381249999999914
SBER,1,2025-02-25 07:00:00,2025-02-25 14:00:00,317.64,317.14,1.5136025743615764,1259,-1029.09401,-0.1800098242091428,-0.8173900000000001
MTSS,1,2025-02-25 07:00:00,2025-02-25 13:00:00,254.9,253.0,1.5302183016890645,1569,-3379.5475500000093,-0.469203206196672,-2.153950000000006
SNGS,1,2025-02-25 07:00:00,2025-02-25 09:00:00,29.435,29.15,0.21799360807886758,13589,-4270.920782500002,-0.48058366293365923,-0.31429250000000014
GAZP,1,2025-02-25 08:00:00,2025-02-25 13:00:00,175.87,176.7,1.562205122905234,2133,1394.374094999966,0.13948552389506738,0.6537149999999841
TATN,1,2025-02-25 08:00:00,2025-02-25 14:00:00,763.4,763.5,5.655511196855078,523,-346.9843499999881,-0.039103450121886374,-0.6634499999999773
NVTK,1,2025-02-25 08:00:00,2025-02-25 15:00:00,1345.6,1327.2,11.364590678138327,293,-5782.765199999961,-0.5788857853592007,-19.736399999999865
PLZL,1,2025-02-25 09:00:00,2025-02-26 10:00:00,1880.1,1946.8,12.735787303943047,212,13734.74860000001,1.6956561970833661,64.78655000000005
SNGS,-1,2025-02-25 10:00:00,2025-02-27 12:00:00,29.025,27.965,0.23265013008355365,13781,14215.170404999983,1.4779059004889235,1.0315049999999988
ROSN,-1,2025-02-25 14:00:00,2025-02-25 14:00:00,582.25,582.25,4.644618331875916,686,-399.42350000000005,-0.041786713022541284,-0.58225
MTSS,-1,2025-02-25 14:00:00,2025-02-25 14:00:00,253.0,253.0,1.3824343280273395,1581,-399.993,-0.06100350058123378,-0.253
NVTK,-1,2025-02-26 07:00:00,2025-02-26 15:00:00,1323.6,1297.6,10.34627943964617,302,7456.1988,0.7954356972482322,24.6894
SBER,1,2025-02-26 15:00:00,2025-02-27 08:00:00,312.62,309.88,1.9228393223071727,1279,-3902.5487500000118,-0.5289486862131363,-3.0512500000000093
MTSS,1,2025-02-26 15:00:00,2025-02-27 07:00:00,250.5,248.7,1.5877657107193024,1596,-3271.161600000018,-0.4302901841169595,-2.0496000000000114
LKOH,1,2025-02-27 07:00:00,2025-02-27 09:00:00,7600.0,7541.0,52.28355017612228,52,-3461.6659999999997,-0.42441966147893373,-66.5705
ROSN,1,2025-02-27 07:00:00,2025-02-27 08:00:00,570.8,564.7,4.864216135999586,685,-4567.408749999938,-0.45692528275710903,-6.667749999999909
TATN,1,2025-02-27 07:00:00,2025-02-27 07:00:00,737.4,737.4,6.495313240823247,513,-378.28619999999995,-0.03784267068986593,-0.7373999999999999
GMKN,1,2025-02-27 07:00:00,2025-02-27 07:00:00,138.04,138.04,1.7106148774932564,1948,-268.90192,-0.02689870989591854,-0.13804
GMKN,-1,2025-02-27 08:00:00,2025-02-27 12:00:00,137.68,135.5,1.6941423862437375,1967,4019.3874700000133,0.4020539667724678,2.043410000000007
PLZL,1,2025-02-27 08:00:00,2025-02-27 09:00:00,1946.95,1938.2,17.316559949165388,192,-2052.9744,-0.2058256187793495,-10.692575
MTSS,-1,2025-02-27 08:00:00,2025-02-28 10:00:00,247.75,241.45,1.634349005671235,1614,9773.415600000018,1.2350279283448864,6.055400000000011
SBER,-1,2025-02-27 09:00:00,2025-02-27 12:00:00,309.13,308.2,1.952922008421595,1293,803.3861550000089,0.10605219551704591,0.6213350000000069
GAZP,1,2025-02-27 09:00:00,2025-02-27 12:00:00,167.98,169.78,1.5977947948006872,2086,3402.516320000024,0.3402856664922943,1.6311200000000114
ROSN,-1,2025-02-27 09:00:00,2025-02-27 13:00:00,560.5,563.2,5.32322717848944,626,-2041.9181000000285,-0.20425266419718804,-3.2618500000000457
NVTK,-1,2025-02-27 09:00:00,2025-02-27 12:00:00,1252.6,1252.2,15.122602689199454,220,-187.52800000003006,-0.01878865293051087,-0.8524000000001366
LKOH,-1,2025-02-27 10:00:00,2025-02-28 14:00:00,7477.0,7425.0,59.13008736768975,53,2361.0969999999998,0.25113554414906747,44.549
TATN,-1,2025-02-27 10:00:00,2025-02-27 12:00:00,717.1,715.8,7.6239807544054905,437,255.0113500000298,0.025513792982004662,0.5835500000000682
PLZL,-1,2025-02-27 10:00:00,2025-02-28 11:00:00,1922.5,1910.3,17.544125670453834,189,1943.6004000000087,0.1953854373284371,10.283600000000046
SBER,1,2025-02-27 13:00:00,2025-02-28 07:00:00,310.73,308.05,2.2030730810737467,1287,-3847.344930000009,-0.4523060727734341,-2.989390000000007
GAZP,-1,2025-02-27 13:00:00,2025-02-28 14:00:00,168.8,165.62,1.7681270078691815,1885,5679.109150000013,0.5679814452603159,3.012790000000007
ROSN,1,2025-02-27 14:00:00,2025-02-28 07:00:00,559.25,554.5,5.6944812592648875,585,-3104.521875,-0.31064433313486606,-5.306875
SBER,-1,2025-02-28 08:00:00,2025-02-28 15:00:00,306.45,305.78,2.2390293176943854,1305,474.8699250000207,0.05417302892885181,0.3638850000000159
ROSN,-1,2025-02-28 08:00:00,2025-02-28 13:00:00,541.8,548.7,6.091882407654868,547,-4072.5517500000497,-0.4073863928958216,-7.445250000000091
TATN,-1,2025-02-28 08:00:00,2025-02-28 13:00:00,710.4,716.2,7.57445754934288,440,-2865.8520000000303,-0.2866343874603108,-6.5133000000000685
GMKN,-1,2025-02-28 08:00:00,2025-03-01 11:00:00,134.68,140.5,1.6916069789193902,1970,-11736.452299999988,-1.1739507805778349,-5.9575899999999935
NVTK,-1,2025-02-28 08:00:00,2025-02-28 13:00:00,1248.4,1248.4,17.133296459041624,194,-242.18960000000004,-0.02428799001570597,-1.2484000000000002
SNGS,-1,2025-02-28 08:00:00,2025-02-28 15:00:00,27.255,27.485,0.2766000672158108,12051,-3101.5658700000054,-0.3101589991048863,-0.25737000000000043
PLZL,1,2025-02-28 12:00:00,2025-03-02 11:00:00,1915.75,1940.95,17.841827945528472,186,4328.526900000008,0.43477701333908436,23.271650000000044
TATN,1,2025-02-28 14:00:00,2025-03-02 11:00:00,719.8,736.4,7.234733929060982,460,7301.0740000000105,0.7312823643840664,15.871900000000023
GAZP,1,2025-02-28 15:00:00,2025-03-03 07:00:00,166.24,171.09,1.7661156161535365,1887,8833.67914499999,0.8835463464156027,4.6813349999999945
GMKN,1,2025-03-01 12:00:00,2025-03-03 07:00:00,140.48,136.64,1.6119354845556046,2067,-8223.683520000008,-0.8227293706064701,-3.9785600000000034
MTSS,-1,2025-03-02 07:00:00,2025-03-04 07:00:00,248.65,241.55,1.8798929558362925,1608,11022.679199999991,1.21547700871626,6.854899999999994
SBER,-1,2025-03-02 08:00:00,2025-03-03 13:00:00,308.0,303.25,1.6773736271953836,1298,5768.79875,0.883201160024421,4.444375
NVTK,-1,2025-03-02 08:00:00,2025-03-03 11:00:00,1278.6,1229.4,13.284407036697152,250,11986.499999999955,1.2030646122066941,47.94599999999982
LKOH,-1,2025-03-02 09:00:00,2025-03-04 07:00:00,7540.0,7371.0,37.95642879042461,53,8561.8585,1.4186836955601871,161.5445
SNGS,-1,2025-03-02 10:00:00,2025-03-03 13:00:00,27.85,27.18,0.2026195917565178,14362,9227.369570000024,1.0569642590338413,0.6424850000000017
ROSN,-1,2025-03-02 11:00:00,2025-03-04 07:00:00,559.0,544.65,3.528118209403669,715,9865.695125000015,1.3036387653927484,13.798175000000022
GMKN,-1,2025-03-03 08:00:00,2025-03-03 14:00:00,135.04,135.38,1.1055258468616764,2962,-1407.5720200000098,-0.14328324731891492,-0.47521000000000335
NVTK,1,2025-03-03 12:00:00,2025-03-03 15:00:00,1247.4,1240.4,13.087342877864097,254,-2093.9506,-0.2099713205584742,-8.2439
TATN,1,2025-03-03 13:00:00,2025-03-03 13:00:00,707.1,707.1,5.241622791373874,565,-399.5115,-0.044966990068016896,-0.7071000000000001
PLZL,1,2025-03-03 13:00:00,2025-03-03 13:00:00,1890.5,1890.5,10.665317261380219,211,-398.8955,-0.059085599726933544,-1.8905
GAZP,1,2025-03-03 15:00:00,2025-03-03 15:00:00,166.1,166.1,1.6788011203523219,1985,-329.7085,-0.03297988427303833,-0.1661
NVTK,-1,2025-03-04 07:00:00,2025-03-04 07:00:00,1277.8,1277.8,13.263218448945137,251,-320.7278,-0.03211387454507387,-1.2778
SNGS,-1,2025-03-04 07:00:00,2025-03-04 07:00:00,27.22,27.22,0.18054261258099671,14695,-399.9979,-0.050255910245359775,-0.02722
NVTK,1,2025-03-04 08:00:00,2025-03-05 15:00:00,1281.6,1324.0,13.458702845449055,247,10151.008400000022,1.017859360146206,41.09720000000009
MTSS,1,2025-03-04 08:00:00,2025-03-04 14:00:00,243.45,243.7,1.9259297967502294,1643,10.556275000000023,0.0011120169957806725,0.006425000000000014
SNGS,1,2025-03-04 08:00:00,2025-03-04 12:00:00,27.365,27.345,0.19157528311092561,14617,-692.1880349999938,-0.0823958067224155,-0.04735499999999957
LKOH,-1,2025-03-04 12:00:00,2025-03-05 07:00:00,7374.5,7356.5,42.565194530606085,54,574.2629999999999,0.08328009239531269,10.6345
TATN,-1,2025-03-04 12:00:00,2025-03-05 07:00:00,715.0,715.7,5.304604485979766,559,-791.1806500000254,-0.08893845612435128,-1.4153500000000454
ROSN,-1,2025-03-04 13:00:00,2025-03-07 07:00:00,533.6,533.45,4.2468580697331575,749,-287.26022500001716,-0.030102646372334962,-0.3835250000000229
SNGS,-1,2025-03-04 13:00:00,2025-03-05 07:00:00,27.135,28.115,0.20705269120029013,14741,-14853.400124999955,-1.6221716223678253,-1.0076249999999969
GMKN,-1,2025-03-04 14:00:00,2025-03-04 15:00:00,140.3,139.8,1.3160494243797523,2532,911.3933999999999,0.09116932169160812,0.35995
SBER,-1,2025-03-04 15:00:00,2025-03-04 15:00:00,315.36,315.36,1.9415318427619386,1268,-399.87648,-0.05414281531971213,-0.31536000000000003
GMKN,1,2025-03-05 07:00:00,2025-03-05 11:00:00,139.72,141.08,1.3353691465315223,2496,3044.121600000034,0.30443517014696986,1.2196000000000136
GAZP,-1,2025-03-05 08:00:00,2025-03-05 11:00:00,171.21,171.57,1.7353135844477217,1920,-1020.2687999999715,-0.10207377017472505,-0.5313899999999852
LKOH,1,2025-03-05 08:00:00,2025-03-05 10:00:00,7315.0,7324.5,45.25219081493635,54,117.7335,0.016059995923117215,2.18025
TATN,1,2025-03-05 08:00:00,2025-03-05 11:00:00,712.1,718.0,5.749030376875868,561,2908.7569499999872,0.3006275064432447,5.1849499999999775
PLZL,-1,2025-03-05 08:00:00,2025-03-06 07:00:00,1947.35,1959.0,12.650624255151648,205,-2788.6508750000185,-0.35843224612573404,-13.60317500000009
SNGS,1,2025-03-05 08:00:00,2025-03-06 08:00:00,28.22,27.556623523008266,0.22112549233057796,14174,-9797.987115788379,-1.042039946740304,-0.6912647887532368
SBER,1,2025-03-05 10:00:00,2025-03-06 07:00:00,316.77,315.04,1.840162717646909,1262,-2581.932109999951,-0.37060219011793755,-2.0459049999999612
LKOH,-1,2025-03-05 11:00:00,2025-03-06 13:00:00,7288.0,7197.0,45.55031458469941,54,4522.905,0.6129302710907042,83.7575
GAZP,1,2025-03-05 12:00:00,2025-03-06 07:00:00,174.85,171.0,1.7575687548264096,1896,-7627.46579999999,-0.7629715744078772,-4.0229249999999945
TATN,-1,2025-03-05 12:00:00,2025-03-06 12:00:00,716.9,699.8,5.7057699030079005,557,9130.149050000013,0.9576066729317205,16.391650000000023
GMKN,-1,2025-03-05 12:00:00,2025-03-05 15:00:00,140.94,141.28,1.238532933679284,2691,-1294.6670100000092,-0.12948383982296968,-0.4811100000000034
MTSS,-1,2025-03-05 12:00:00,2025-03-05 12:00:00,249.8,249.8,2.1780887476177853,1530,-382.194,-0.03822923503816679,-0.24980000000000002
GMKN,1,2025-03-06 07:00:00,2025-03-06 07:00:00,138.28,138.28,1.1915633881407222,2797,-386.76916000000006,-0.038683072836985966,-0.13828000000000001
SBER,-1,2025-03-06 08:00:00,2025-03-06 14:00:00,314.76,316.37,1.645052738793628,1270,-2445.467550000017,-0.39017290136892396,-1.9255650000000135
GMKN,-1,2025-03-06 08:00:00,2025-03-06 13:00:00,138.42,136.3,1.1764517175592413,2833,5616.819119999933,0.561757010624376,1.9826399999999762
PLZL,1,2025-03-06 08:00:00,2025-03-06 14:00:00,1963.8,1968.9,11.818503595476585,203,636.1309500000276,0.08838259357976896,3.133650000000136
SNGS,-1,2025-03-06 11:00:00,2025-03-10 10:00:00,27.375,27.07,0.2166595827681189,14611,4058.607052499996,0.4273639726293461,0.27777749999999973
GMKN,1,2025-03-06 14:00:00,2025-03-07 14:00:00,137.46,138.68,1.3462811756767517,2475,2677.7767499999973,0.2678811379443406,1.081929999999999
SBER,1,2025-03-06 15:00:00,2025-03-07 14:00:00,316.45,320.99,1.5309319122537532,1264,5335.697920000026,0.9191090224658621,4.221280000000021
NVTK,1,2025-03-06 15:00:00,2025-03-06 15:00:00,1275.0,1275.0,13.359138500174753,249,-317.475,-0.03181342868736937,-1.2750000000000001
PLZL,-1,2025-03-06 15:00:00,2025-03-07 09:00:00,1962.75,1954.0,11.9281193932736,203,1378.699875,0.18979312038716048,6.791625
MTSS,1,2025-03-06 15:00:00,2025-03-07 11:00:00,244.05,243.75,1.8527116792038238,1639,-891.4521000000186,-0.09785656453459335,-0.5439000000000114
NVTK,-1,2025-03-07 07:00:00,2025-03-07 07:00:00,1278.2,1278.2,13.433485750162262,248,-316.9936,-0.03171676172444819,-1.2782
GAZP,1,2025-03-07 08:00:00,2025-03-10 07:00:00,173.12,171.85,1.512768969565841,2203,-3177.7944550000225,-0.31784650730331454,-1.4424850000000102
ROSN,1,2025-03-07 08:00:00,2025-03-07 12:00:00,535.3,534.75,3.2872202694752386,747,-810.513674999966,-0.11002457102082833,-1.0850249999999546
NVTK,1,2025-03-07 08:00:00,2025-03-07 14:00:00,1280.6,1308.6,13.031093910864955,255,6809.877,0.6831199330531977,26.7054
PLZL,1,2025-03-07 10:00:00,2025-03-07 11:00:00,1947.45,1945.05,13.433559402105553,205,-890.9812500000187,-0.10784557961406384,-4.346250000000091
TATN,-1,2025-03-07 12:00:00,2025-03-10 11:00:00,698.1,690.0,5.084037017877277,572,4236.203400000013,0.4855688484012526,7.405950000000023
PLZL,-1,2025-03-07 12:00:00,2025-03-10 07:00:00,1948.05,1954.6,12.50368132120326,205,-1742.7716249999908,-0.22663525462653777,-8.501324999999955
ROSN,-1,2025-03-07 13:00:00,2025-03-10 10:00:00,532.9,528.15,2.851264029709118,750,3164.6062500000003,0.4932870656703634,4.219475
MTSS,-1,2025-03-07 13:00:00,2025-03-10 07:00:00,243.4,243.45,1.8108250926619405,1643,-482.097274999972,-0.05401313121277103,-0.29342499999998295
LKOH,-1,2025-03-07 14:00:00,2025-03-10 07:00:00,7236.0,7245.5,42.51134566301223,55,-920.7412499999999,-0.1312649579299297,-16.74075
GMKN,-1,2025-03-07 15:00:00,2025-03-10 10:00:00,134.22,136.3,1.506887343581597,2212,-4900.155120000028,-0.49002999669830266,-2.2152600000000127
NVTK,-1,2025-03-07 15:00:00,2025-03-12 11:00:00,1276.0,1250.4,15.391300480766732,216,5256.74879999998,0.5270683056837129,24.336799999999908
LKOH,1,2025-03-10 08:00:00,2025-03-13 07:00:00,7203.5,7165.5,50.34545423529077,55,-2485.1475,-0.29916305709766156,-45.1845
PLZL,1,2025-03-10 08:00:00,2025-03-10 12:00:00,1940.55,1930.2,13.65693749031938,206,-2530.787249999981,-0.29985675799591005,-12.28537499999991
ROSN,1,2025-03-10 11:00:00,2025-03-10 15:00:00,531.25,529.15,3.7276495204987383,752,-1977.910400000017,-0.23519736190650212,-2.6302000000000225
GMKN,1,2025-03-10 11:00:00,2025-03-11 09:00:00,136.38,138.1,1.4634287098761727,2277,3603.9445199999973,0.3605140879813051,1.5827599999999988
SNGS,1,2025-03-10 11:00:00,2025-03-11 07:00:00,27.15,26.89,0.2371596163763511,14055,-4034.066099999972,-0.4034132572617576,-0.287019999999998
TATN,1,2025-03-10 12:00:00,2025-03-10 15:00:00,692.1,685.2,5.971624746333499,558,-4234.466699999987,-0.4235949356250329,-7.588649999999977
PLZL,-1,2025-03-10 13:00:00,2025-03-11 10:00:00,1913.7,1898.4,15.240659475205929,209,2799.3355499999902,0.2929433603095222,13.393949999999954
SBER,1,2025-03-10 14:00:00,2025-03-12 08:00:00,319.51,317.12,1.8788808531735584,1251,-3388.102064999983,-0.4804837226063691,-2.7083149999999865
ROSN,-1,2025-03-11 07:00:00,2025-03-11 13:00:00,526.65,527.3,3.4045164838581883,759,-893.3240249999827,-0.11523662812623184,-1.1769749999999772
TATN,-1,2025-03-11 07:00:00,2025-03-11 10:00:00,684.8,686.7,5.315508495939987,584,-1510.0780000000532,-0.1621513101380674,-2.585750000000091
SNGS,-1,2025-03-11 08:00:00,2025-03-13 10:00:00,26.99,25.64,0.20958391602907767,14820,19617.011699999966,2.1052585603568765,1.3236849999999978
MTSS,1,2025-03-11 09:00:00,2025-03-11 12:00:00,240.7,240.25,1.7462210488196865,1661,-1146.8789749999812,-0.13180366454115255,-0.6904749999999886
GMKN,-1,2025-03-11 10:00:00,2025-03-11 14:00:00,136.52,136.36,1.3682410264596723,2436,57.39215999999168,0.005739729463932768,0.023559999999996584
GAZP,1,2025-03-11 12:00:00,2025-03-11 15:00:00,171.05,169.97,1.0367891568018257,2338,-2923.692380000029,-0.402045742793533,-1.2505100000000124
MTSS,-1,2025-03-11 13:00:00,2025-03-12 11:00:00,241.4,240.05,1.8183457250973314,1657,1838.0686749999904,0.20334875168666794,1.1092749999999942
ROSN,1,2025-03-11 14:00:00,2025-03-12 07:00:00,527.65,526.85,2.9459203373426934,758,-1006.0554999999655,-0.15017944004070535,-1.3272499999999545
GMKN,1,2025-03-11 15:00:00,2025-03-12 07:00:00,135.88,134.9,1.2919581413943817,2580,-2877.7061999999733,-0.2877776413602621,-1.1153899999999897
GAZP,-1,2025-03-12 07:00:00,2025-03-14 07:00:00,170.42,167.47,1.0311936460697855,2347,6527.136084999974,0.8989759943406344,2.7810549999999887
ROSN,-1,2025-03-12 08:00:00,2025-03-12 10:00:00,524.7,528.45,3.020130095168333,762,-3258.7501500000003,-0.4720078126040281,-4.276575
GMKN,-1,2025-03-12 08:00:00,2025-03-12 12:00:00,134.3,134.82,1.264392479059439,2636,-1725.4201599999521,-0.17256245215011573,-0.6545599999999818
SBER,-1,2025-03-12 09:00:00,2025-03-14 07:00:00,317.11,316.79,1.874473384889143,1261,3.8460499999913162,0.0005423745542935501,0.0030499999999931138
TATN,-1,2025-03-12 09:00:00,2025-03-12 12:00:00,686.1,691.7,5.032888144732161,583,-3666.4287000000136,-0.41652028412238196,-6.288900000000023
ROSN,1,2025-03-12 11:00:00,2025-03-13 07:00:00,529.7,530.6,3.3820793801329594,755,279.23674999998275,0.03645193370017208,0.36984999999997714
PLZL,-1,2025-03-12 11:00:00,2025-03-12 14:00:00,1891.95,1895.05,13.187616938960153,211,-1053.6284999999807,-0.12621689026184407,-4.993499999999909
NVTK,1,2025-03-12 12:00:00,2025-03-13 07:00:00,1261.4,1241.8,11.877965129898266,280,-5838.4480000000385,-0.5851619580729406,-20.851600000000136
MTSS,1,2025-03-12 12:00:00,2025-03-13 07:00:00,241.0,238.3,1.5668928946583238,1659,-4876.879349999981,-0.6253671432641237,-2.9396499999999888
TATN,1,2025-03-12 13:00:00,2025-03-13 07:00:00,695.0,689.5,5.317297956624717,575,-3560.54375,-0.38818274811208053,-6.19225
GMKN,1,2025-03-12 13:00:00,2025-03-13 07:00:00,135.1,131.52,1.1353139256102662,2936,-10902.278159999953,-1.0902447086030898,-3.713309999999984
PLZL,1,2025-03-12 15:00:00,2025-03-13 07:00:00,1902.0,1890.95,11.700946933403818,210,-2718.7597499999906,-0.3688155916976944,-12.946474999999955
LKOH,-1,2025-03-13 08:00:00,2025-03-14 07:00:00,7170.0,7141.5,30.717708384297463,55,1173.93375,0.23161721281386266,21.34425
ROSN,-1,2025-03-13 08:00:00,2025-03-13 15:00:00,529.45,522.4,3.1685269305758204,755,4925.676625000052,0.6863415442934172,6.524075000000068
TATN,-1,2025-03-13 08:00:00,2025-03-13 09:00:00,690.0,690.9,5.011670838691123,579,-920.8705499999868,-0.10578308453682275,-1.5904499999999773
GMKN,-1,2025-03-13 08:00:00,2025-03-13 15:00:00,130.8,129.88,1.118900484937392,2979,2352.3971400000473,0.23524880321660935,0.7896600000000159
NVTK,-1,2025-03-13 08:00:00,2025-03-13 10:00:00,1235.0,1239.2,12.360097554172578,269,-1462.5799000000122,-0.146630450020587,-5.437100000000045
PLZL,-1,2025-03-13 08:00:00,2025-03-13 15:00:00,1881.1,1867.75,11.70081648849615,212,2432.821899999981,0.32691664469974696,11.475574999999909
MTSS,-1,2025-03-13 08:00:00,2025-03-13 09:00:00,238.75,237.6,1.4584530692872981,1675,1527.3068750000095,0.20840003224457243,0.9118250000000057
TATN,1,2025-03-13 10:00:00,2025-03-13 12:00:00,698.2,693.6,5.182512100708162,572,-3029.254800000013,-0.34062631513369535,-5.295900000000023
MTSS,1,2025-03-13 10:00:00,2025-03-13 13:00:00,241.7,240.15,1.653462085252822,1654,-2962.1899499999718,-0.36104547260224246,-1.790924999999983
NVTK,1,2025-03-13 11:00:00,2025-03-13 11:00:00,1233.8,1233.8,12.982920672928989,256,-315.8528,-0.03167751517762941,-1.2338
NVTK,-1,2025-03-13 12:00:00,2025-03-13 15:00:00,1222.6,1223.0,13.312712053434055,250,-405.7000000000227,-0.040632842591516,-1.6228000000000908
TATN,-1,2025-03-13 13:00:00,2025-03-14 07:00:00,693.5,707.4,5.969453019408101,558,-8147.051099999987,-0.8152868698092588,-14.600449999999977
SNGS,-1,2025-03-13 13:00:00,2025-03-14 07:00:00,25.36,25.675,0.26074197160468526,12784,-4353.175720000016,-0.43531861262988997,-0.34051750000000125
MTSS,-1,2025-03-13 14:00:00,2025-03-14 07:00:00,240.05,241.2,1.6695004846133337,1666,-2316.7812499999623,-0.2776529093215676,-1.3906249999999774
ROSN,1,2025-03-14 07:00:00,2025-03-15 15:00:00,526.0,532.15,3.593446036190515,760,4271.902999999983,0.5214052605206073,5.6209249999999775
SBER,1,2025-03-14 08:00:00,2025-03-15 15:00:00,315.9,320.68,1.8071786564801833,1266,5648.524860000037,0.8229605088206091,4.461710000000029
GAZP,1,2025-03-14 08:00:00,2025-03-16 13:00:00,165.75,170.39,1.6362920407849793,2037,9109.321409999971,0.9109885620529093,4.471929999999986
LKOH,1,2025-03-14 08:00:00,2025-03-14 08:00:00,7121.5,7121.5,32.56150731149128,56,-398.80400000000003,-0.07290305422978942,-7.1215
TATN,1,2025-03-14 08:00:00,2025-03-17 08:00:00,711.2,720.4,5.960361507895524,559,4742.667799999962,0.4744790501247925,8.484199999999932
MTSS,1,2025-03-14 08:00:00,2025-03-16 07:00:00,240.0,246.1,1.6731022466091445,1666,9757.67869999999,1.1668842538603963,5.856949999999994
SNGS,1,2025-03-14 08:00:00,2025-03-17 07:00:00,25.625,26.34,0.2703481999948311,12329,8494.896757499999,0.8495432927032293,0.6890174999999998
LKOH,-1,2025-03-14 09:00:00,2025-03-14 13:00:00,7090.0,7122.5,33.69997107495619,56,-2217.9500000000003,-0.39175355088492453,-39.60625
GMKN,-1,2025-03-14 10:00:00,2025-03-14 13:00:00,130.24,131.1,1.2741996040502743,2616,-2591.5927199999614,-0.25916138435740654,-0.9906699999999853
LKOH,1,2025-03-14 14:00:00,2025-03-17 11:00:00,7167.5,7221.5,32.9203407812476,55,2574.3025000000002,0.47392684775063443,46.8055
GMKN,1,2025-03-14 14:00:00,2025-03-14 15:00:00,132.3,131.18,1.2599207333215299,2645,-3310.852300000012,-0.33116898200943207,-1.2517400000000045
PLZL,-1,2025-03-14 14:00:00,2025-03-14 14:00:00,1937.45,1937.45,15.946060690438635,206,-399.1147,-0.040500075799529765,-1.9374500000000001
GMKN,-1,2025-03-15 07:00:00,2025-03-16 13:00:00,130.92,131.02,1.3352377751598912,2496,-576.5011200000567,-0.05766014221009305,-0.23097000000002274
NVTK,-1,2025-03-15 07:00:00,2025-03-15 07:00:00,1276.2,1276.2,13.833216934068062,240,-306.288,-0.030752065989244824,-1.2762
NVTK,1,2025-03-15 08:00:00,2025-03-15 15:00:00,1285.4,1282.0,13.845130010206057,240,-1124.0880000000218,-0.11276407893479416,-4.683700000000091
ROSN,1,2025-03-16 09:00:00,2025-03-16 14:00:00,533.4,535.45,1.8637346872449434,749,1135.1656750000511,0.27106415420828306,1.5155750000000683
PLZL,1,2025-03-16 09:00:00,2025-03-16 10:00:00,1940.25,1940.0,9.230967017820475,206,-451.16575,-0.07908615264872183,-2.190125
SBER,1,2025-03-16 11:00:00,2025-03-17 11:00:00,320.95,325.96,0.9623771965448625,1246,5839.435069999989,1.6232529950576822,4.686544999999991
PLZL,-1,2025-03-16 11:00:00,2025-03-16 13:00:00,1935.35,1936.85,8.555272581692146,206,-707.8366,-0.13387845398610604,-3.4360999999999997
GMKN,1,2025-03-16 14:00:00,2025-03-18 08:00:00,131.94,135.52,0.68486865155911,3031,10445.644370000038,1.6773386605614307,3.4462700000000126
NVTK,1,2025-03-16 14:00:00,2025-03-17 07:00:00,1293.2,1299.4,6.594539076331935,309,1515.243300000014,0.247866704214887,4.903700000000045
PLZL,1,2025-03-16 14:00:00,2025-03-17 07:00:00,1938.95,1939.3,7.698445284977251,206,-327.3597500000187,-0.06880718297329938,-1.589125000000091
MTSS,1,2025-03-16 14:00:00,2025-03-17 08:00:00,248.0,248.8,0.9177447196428506,1612,889.1792000000185,0.20034619947279456,0.5516000000000114
ROSN,-1,2025-03-16 15:00:00,2025-03-17 07:00:00,534.4,539.7,1.893416488347506,748,-4366.113400000051,-1.0276045155978684,-5.837050000000068
GAZP,1,2025-03-17 08:00:00,2025-03-17 14:00:00,174.74,172.36011312792405,0.7932956240253235,2289,-5844.817129656775,-1.0729236580949586,-2.5534369286399192
ROSN,1,2025-03-17 08:00:00,2025-03-17 11:00:00,539.9,539.9,1.90478258434045,740,-399.52599999999995,-0.09448147423553954,-0.5398999999999999
NVTK,-1,2025-03-17 08:00:00,2025-03-17 14:00:00,1296.2,1290.2,7.324126221101056,308,1449.6943999999999,0.21421440400810995,4.706799999999999
PLZL,-1,2025-03-17 08:00:00,2025-03-17 08:00:00,1930.85,1930.85,7.397643692090026,207,-399.68595,-0.08700292869672238,-1.93085
SNGS,-1,2025-03-17 08:00:00,2025-03-18 07:00:00,26.43,26.265,0.160281050681552,15134,2098.3669349999873,0.2883528639441297,0.13865249999999915
PLZL,1,2025-03-17 09:00:00,2025-03-17 15:00:00,1943.25,1943.0,7.940669142655024,205,-449.59062500000005,-0.09206298027702957,-2.193125
MTSS,-1,2025-03-17 09:00:00,2025-03-17 13:00:00,248.85,245.6,1.1057399765128944,1607,4825.459425,0.9052082960376968,3.002775
TATN,-1,2025-03-17 11:00:00,2025-03-18 07:00:00,716.6,716.2,3.4418591316381164,558,-176.55120000001278,-0.030642354214095495,-0.3164000000000229
LKOH,-1,2025-03-17 12:00:00,2025-03-18 12:00:00,7193.5,7236.0,25.59923454633792,55,-2734.31125,-0.6473468299740225,-49.71475
ROSN,-1,2025-03-17 12:00:00,2025-03-18 14:00:00,536.95,541.1,2.534744517683974,744,-3488.6345999999835,-0.6166334801905263,-4.689024999999978
MTSS,1,2025-03-17 14:00:00,2025-03-18 09:00:00,248.0,246.0,1.599803398694372,1612,-3622.1639999999998,-0.46818252831021123,-2.247
NVTK,1,2025-03-17 15:00:00,2025-03-18 15:00:00,1289.0,1337.6,9.097074584437538,310,14658.876999999973,1.7326705620615581,47.28669999999991
PLZL,-1,2025-03-18 07:00:00,2025-03-18 13:00:00,1948.4,1937.85,9.66527416391798,205,1764.4093750000372,0.29683155228474284,8.606875000000182
SBER,1,2025-03-18 08:00:00,2025-03-18 15:00:00,326.98,329.08,1.2201550066534819,1223,2167.119309999958,0.4840833037161802,1.7719699999999659
TATN,1,2025-03-18 08:00:00,2025-03-18 08:00:00,715.0,715.0,3.8135843873145743,559,-399.685,-0.06249588553123939,-0.715
SNGS,1,2025-03-18 08:00:00,2025-03-18 12:00:00,26.205,26.28,0.15807974789160112,15264,744.2344800000434,0.10281203137511111,0.04875750000000284
TATN,-1,2025-03-18 09:00:00,2025-03-18 13:00:00,709.2,713.8,4.176899788220674,564,-2995.6859999999488,-0.42387897478243985,-5.311499999999909
GMKN,-1,2025-03-18 09:00:00,2025-03-18 13:00:00,133.76,134.56,0.9571412752706001,2990,-2793.1384000000344,-0.32532989090731274,-0.9341600000000114
LKOH,1,2025-03-18 13:00:00,2025-03-19 07:00:00,7241.0,7188.0,22.455145557819595,55,-3311.7975,-0.8938485813114877,-60.2145
MTSS,-1,2025-03-18 13:00:00,2025-03-20 07:00:00,246.7,243.55,1.4379918329772508,1621,4708.802374999964,0.6733638150516379,2.9048749999999774
SNGS,-1,2025-03-18 13:00:00,2025-03-18 14:00:00,26.2,26.27,0.1527102989712549,15267,-1469.2197450000044,-0.21006005193776503,-0.09623500000000029
TATN,1,2025-03-18 14:00:00,2025-03-18 15:00:00,713.3,714.2,3.8715480400053117,560,104.30000000005093,0.016035790513729095,0.18625000000009095
GMKN,1,2025-03-18 14:00:00,2025-03-19 07:00:00,135.4,131.86,0.9816540643761659,2954,-10851.903019999976,-1.247428577715429,-3.673629999999992
PLZL,1,2025-03-18 14:00:00,2025-03-18 14:00:00,1931.7,1931.7,9.330850877836939,207,-399.86190000000005,-0.06900764018525048,-1.9317000000000002
ROSN,1,2025-03-18 15:00:00,2025-03-19 07:00:00,541.9,532.8,2.097105489735637,738,-7112.364300000017,-1.531849501955656,-9.637350000000023
PLZL,-1,2025-03-18 15:00:00,2025-03-20 07:00:00,1917.45,1906.9,10.56793295799145,208,1796.6675999999907,0.27245394264378664,8.637824999999955
SNGS,1,2025-03-18 15:00:00,2025-03-18 15:00:00,26.365,26.365,0.1495308190109291,15171,-399.983415,-0.058772722516092155,-0.026365
SBER,-1,2025-03-19 07:00:00,2025-03-19 12:00:00,324.85,324.31,1.4540436613382772,1231,265.18202000002515,0.049384120006811784,0.21542000000002043
TATN,-1,2025-03-19 07:00:00,2025-03-19 13:00:00,704.4,702.0,4.392304177351512,567,962.085599999987,0.12877068098253613,1.6967999999999772
NVTK,-1,2025-03-19 07:00:00,2025-03-19 12:00:00,1302.0,1318.2,12.601507330784571,264,-4622.666400000012,-0.4631747494001276,-17.510100000000044
SNGS,-1,2025-03-19 07:00:00,2025-03-19 11:00:00,25.895,25.82,0.18170718908157688,15446,759.0550549999889,0.09014961607258681,0.049142499999999284
GAZP,-1,2025-03-19 08:00:00,2025-03-20 07:00:00,169.11,168.7,0.9128389257191326,2365,570.1896750000592,0.08803853312532325,0.241095000000025
LKOH,-1,2025-03-19 08:00:00,2025-03-19 14:00:00,7167.0,7253.457758143239,28.819252714412887,55,-5151.739286227063,-1.0833959731771676,-93.66798702231023
ROSN,-1,2025-03-19 08:00:00,2025-03-20 14:00:00,532.9,533.7,2.434749121251649,750,-999.9750000000513,-0.18253762962850276,-1.3333000000000683
GMKN,-1,2025-03-19 08:00:00,2025-03-21 08:00:00,130.82,131.9,1.0782193802603628,3057,-3703.127520000038,-0.3744939796659623,-1.2113600000000124
SNGS,1,2025-03-19 12:00:00,2025-03-20 08:00:00,26.08,26.39,0.17760300275864582,15337,4352.103805000034,0.5325829623605812,0.28376500000000227
SBER,1,2025-03-19 13:00:00,2025-03-20 07:00:00,325.41,325.71,1.471130569126777,1229,-31.413240000055907,-0.005791464183272599,-0.02556000000004549
NVTK,1,2025-03-19 13:00:00,2025-03-20 09:00:00,1325.8,1314.0,12.311495555343228,270,-3542.3729999999878,-0.3552208568277441,-13.119899999999955
SBER,-1,2025-03-20 08:00:00,2025-03-20 12:00:00,324.5,324.02,1.4045335325080635,1232,191.87168000002242,0.03696126303274384,0.1557400000000182
GAZP,1,2025-03-20 08:00:00,2025-03-24 07:00:00,168.43,166.36,1.0187754034596572,2374,-5311.575729999984,-0.7320537292132065,-2.237394999999993
MTSS,1,2025-03-20 08:00:00,2025-03-20 08:00:00,242.0,242.0,1.6582681104219132,1652,-399.784,-0.04864512931273981,-0.242
LKOH,1,2025-03-20 09:00:00,2025-03-21 12:00:00,7267.0,7350.0,31.771120371926838,55,4163.0325,0.7941331531479082,75.6915
TATN,-1,2025-03-20 09:00:00,2025-03-21 08:00:00,698.1,692.7,4.64502211691391,572,2691.0311999999867,0.3376087261866222,4.704599999999977
MTSS,-1,2025-03-20 09:00:00,2025-03-20 14:00:00,240.3,240.6,1.6969632453917776,1664,-899.3087999999717,-0.1061602250309217,-0.540449999999983
SNGS,-1,2025-03-20 09:00:00,2025-03-20 14:00:00,26.325,26.28,0.18411497961394377,15194,284.0898149999719,0.03385112940330995,0.01869749999999815
NVTK,-1,2025-03-20 11:00:00,2025-03-20 13:00:00,1309.8,1309.0,11.31942221320979,294,-149.7636000000134,-0.015000765657619718,-0.5094000000000456
PLZL,-1,2025-03-20 12:00:00,2025-03-20 12:00:00,1890.35,1890.35,11.936566536949362,211,-398.86385,-0.052788770097008664,-1.89035
SBER,1,2025-03-20 13:00:00,2025-03-21 11:00:00,323.59,324.13,1.4732820939294526,1236,267.14904000002525,0.04890215320170952,0.21614000000002043
PLZL,1,2025-03-20 13:00:00,2025-03-21 14:00:00,1898.9,1905.0,14.112526070024416,210,881.5904999999808,0.09915659273588492,4.198049999999909
NVTK,1,2025-03-20 14:00:00,2025-03-21 10:00:00,1319.4,1315.8,11.9936481787252,277,-1362.1752000000376,-0.1366723431914338,-4.917600000000136
ROSN,1,2025-03-20 15:00:00,2025-03-21 11:00:00,536.1,536.1,2.9993610621931484,746,-399.9306,-0.05957935583431682,-0.5361
MTSS,1,2025-03-20 15:00:00,2025-03-21 10:00:00,241.7,241.9,1.8446958970016538,1654,-69.13719999997181,-0.0075531871437317785,-0.04179999999998296
SNGS,1,2025-03-21 08:00:00,2025-03-21 12:00:00,26.365,26.175,0.21493472668588656,15171,-3281.032169999966,-0.3354041532123108,-0.21626999999999774
GMKN,1,2025-03-21 09:00:00,2025-03-21 14:00:00,132.28,130.02,1.0330775449572422,3023,-7228.446449999972,-0.7715296919293564,-2.391149999999991
NVTK,-1,2025-03-21 11:00:00,2025-03-21 11:00:00,1313.4,1313.4,11.182886298957103,298,-391.39320000000004,-0.03914910590129388,-1.3134000000000001
MTSS,-1,2025-03-21 11:00:00,2025-03-24 07:00:00,239.55,238.7,1.8526848442714243,1669,1019.5503750000379,0.10990806160563368,0.6108750000000227
SBER,-1,2025-03-21 12:00:00,2025-03-24 08:00:00,323.86,323.14,1.3611286949924783,1235,489.67750000003366,0.09710078639360852,0.3965000000000273
NVTK,1,2025-03-21 12:00:00,2025-03-21 13:00:00,1316.2,1309.6,11.155537277603022,298,-2358.0442000000407,-0.23644162246035041,-7.912900000000136
LKOH,-1,2025-03-21 13:00:00,2025-03-24 13:00:00,7321.0,7285.0,38.24519505742263,54,1549.638,0.25011420787119665,28.697
ROSN,-1,2025-03-21 13:00:00,2025-03-26 07:00:00,536.45,522.0,3.259521402496643,745,10370.977375000033,1.4236011243181668,13.920775000000045
SNGS,-1,2025-03-21 13:00:00,2025-03-24 11:00:00,26.06,26.085,0.19782970725624507,15349,-783.9118025000326,-0.08605465227027959,-0.05107250000000213
NVTK,-1,2025-03-21 14:00:00,2025-03-24 09:00:00,1301.6,1301.6,11.422886734259754,291,-378.76559999999995,-0.037982226100991175,-1.3015999999999999
GMKN,-1,2025-03-21 15:00:00,2025-03-24 15:00:00,129.6,127.06,1.0489262913010222,3086,7442.413619999976,0.7663932219707286,2.411669999999992
PLZL,-1,2025-03-21 15:00:00,2025-03-27 10:00:00,1899.6,1849.8,12.728262224827029,210,10064.312999999991,1.25508885013697,47.92529999999996
GAZP,-1,2025-03-24 08:00:00,2025-03-25 08:00:00,165.95,164.87,1.1392593806805094,2410,2204.1618999999614,0.2675978258359612,0.914589999999984
MTSS,1,2025-03-24 08:00:00,2025-03-24 10:00:00,239.85,239.75,1.6802848980990177,1667,-566.4465999999906,-0.06740920351947964,-0.33979999999999433
SBER,1,2025-03-24 09:00:00,2025-03-24 10:00:00,322.83,323.0,1.3014918668491628,1239,-189.4616849999802,-0.039164030114195655,-0.15291499999998404
NVTK,1,2025-03-24 10:00:00,2025-03-24 10:00:00,1299.4,1299.4,10.818580212529577,307,-398.91580000000005,-0.04003606063129231,-1.2994
SBER,-1,2025-03-24 11:00:00,2025-03-25 07:00:00,321.9,322.0,1.2825108443750437,1242,-524.0619000000282,-0.10966768867248457,-0.42195000000002275
NVTK,-1,2025-03-24 11:00:00,2025-03-24 14:00:00,1293.4,1293.4,10.788681625920328,308,-398.3672,-0.03996163278166581,-1.2934
MTSS,-1,2025-03-24 11:00:00,2025-03-25 08:00:00,238.75,237.25,1.6574292715464798,1675,2113.85,0.25380670770594016,1.262
SNGS,1,2025-03-24 12:00:00,2025-03-25 10:00:00,26.175,26.89,0.1865556230756842,15281,10520.471867499999,1.230138030058545,0.6884674999999999
LKOH,1,2025-03-24 14:00:00,2025-03-24 14:00:00,7267.0,7267.0,36.673746432911464,55,-399.685,-0.06605088295968317,-7.267
LKOH,-1,2025-03-24 15:00:00,2025-03-25 07:00:00,7265.5,7322.0,36.05419311627493,55,-3508.65625,-0.589795013987831,-63.79375
NVTK,1,2025-03-24 15:00:00,2025-03-25 09:00:00,1298.2,1305.0,9.76823552472694,308,1693.5071999999861,0.18762856355792248,5.498399999999955
SBER,1,2025-03-25 08:00:00,2025-03-25 09:00:00,320.81,320.99,1.3044763815761136,1246,-175.56139999999147,-0.03600422922944578,-0.14089999999999314
LKOH,1,2025-03-25 08:00:00,2025-03-25 09:00:00,7300.0,7299.5,36.332442023726855,54,-421.1865,-0.07155909489840498,-7.79975
GAZP,1,2025-03-25 09:00:00,2025-03-25 11:00:00,165.41,165.58,0.9091768250801057,2418,10.893090000038477,0.0016516772373071237,0.004505000000015913
MTSS,1,2025-03-25 09:00:00,2025-03-25 09:00:00,238.3,238.3,1.6210050518947918,1678,-399.86740000000003,-0.04900252052915181,-0.2383
SBER,-1,2025-03-25 10:00:00,2025-03-25 15:00:00,318.23,318.08,1.460645451461036,1256,-211.20267999995713,-0.0383745874884207,-0.16815499999996586
LKOH,-1,2025-03-25 10:00:00,2025-03-25 15:00:00,7217.5,7244.5,40.674401540866526,55,-1882.7050000000002,-0.28052861015961367,-34.231
GMKN,-1,2025-03-25 10:00:00,2025-03-25 12:00:00,125.26,125.98,1.0629076453593687,3136,-2651.8643199999965,-0.26519080426600156,-0.8456199999999989
NVTK,-1,2025-03-25 10:00:00,2025-03-25 15:00:00,1284.8,1281.0,10.307459777741746,311,782.8180999999859,0.08140059252476088,2.5170999999999544
MTSS,-1,2025-03-25 10:00:00,2025-03-25 15:00:00,235.45,236.45,1.7552189767594497,1698,-2098.6431,-0.23471905146214417,-1.2359499999999999
TATN,-1,2025-03-25 11:00:00,2025-03-25 15:00:00,686.6,682.0,5.2389855118444375,582,2278.9374000000134,0.24913856516351013,3.915700000000023
GAZP,-1,2025-03-25 12:00:00,2025-03-26 07:00:00,165.25,165.2,0.9098438355324315,2420,-278.8444999999725,-0.04221420405717578,-0.11522499999998864
GMKN,1,2025-03-25 13:00:00,2025-03-25 13:00:00,126.38,126.38,1.0151633006029637,3165,-399.99269999999996,-0.04149742868132173,-0.12638
GMKN,-1,2025-03-25 14:00:00,2025-03-25 15:00:00,125.0,124.84,1.042651636274181,3196,112.11567999998908,0.011214995427540151,0.035079999999996586
SBER,1,2025-03-26 07:00:00,2025-03-26 12:00:00,320.15,318.44,1.6155919595737647,1249,-2534.5894549999744,-0.4186896713976716,-2.0292949999999794
LKOH,1,2025-03-26 07:00:00,2025-03-26 11:00:00,7274.0,7222.5,42.40836519369432,54,-3172.4055,-0.46176620840153837,-58.74825
TATN,1,2025-03-26 07:00:00,2025-03-26 12:00:00,699.8,691.5,5.401425461952708,571,-5136.516149999974,-0.5551404941383673,-8.995649999999955
GMKN,1,2025-03-26 07:00:00,2025-03-26 13:00:00,129.66,127.14,1.1541230945425327,2888,-7648.579199999988,-0.7649097433146157,-2.648399999999996
NVTK,1,2025-03-26 07:00:00,2025-03-26 12:00:00,1319.0,1305.4,11.897212102092581,280,-4175.415999999975,-0.41780656599868543,-14.91219999999991
MTSS,1,2025-03-26 07:00:00,2025-03-26 11:00:00,239.8,237.7,1.7579161656167528,1668,-3901.035000000038,-0.44347014299161963,-2.3387500000000228
GAZP,1,2025-03-26 08:00:00,2025-03-26 11:00:00,166.86,164.69,1.0716505905767386,2397,-5598.852675000038,-0.7265350045182649,-2.335775000000016
GAZP,-1,2025-03-26 12:00:00,2025-03-31 08:00:00,164.5,142.39,1.1222361130118246,2431,53376.38520500003,6.521668285138811,21.956555000000012
LKOH,-1,2025-03-26 12:00:00,2025-03-27 11:00:00,7209.5,7178.0,39.56301808372693,55,1336.84375,0.204789314004987,24.30625
MTSS,-1,2025-03-26 12:00:00,2025-03-27 14:00:00,237.0,233.95,1.671652746772814,1687,4748.103675000019,0.5612260092960004,2.8145250000000113
TATN,-1,2025-03-26 13:00:00,2025-03-27 15:00:00,693.6,679.5,5.412323366616813,576,7726.147200000013,0.8261054813498471,13.413450000000022
NVTK,-1,2025-03-26 13:00:00,2025-03-27 11:00:00,1302.4,1284.4,11.008185318363497,302,5045.3932,0.5058841676090667,16.7066
SBER,-1,2025-03-26 14:00:00,2025-03-27 11:00:00,317.72,316.0,1.4032490432191544,1258,1765.1501200000341,0.3333074307753485,1.4031400000000271
GMKN,-1,2025-03-26 15:00:00,2025-03-27 11:00:00,126.88,125.8,1.2246795171612461,2721,2594.9088599999955,0.2595672273539069,0.9536599999999983
ROSN,-1,2025-03-27 08:00:00,2025-03-28 15:00:00,506.3,499.5,3.294355485747829,790,4974.709000000009,0.6371605439711221,6.297100000000011
PLZL,1,2025-03-27 11:00:00,2025-03-28 07:00:00,1884.0,1899.8,16.461454706823616,202,2809.436199999991,0.2816296260507029,13.908099999999955
SNGS,1,2025-03-27 11:00:00,2025-03-27 11:00:00,26.28,26.28,0.22219566769519392,15001,-394.22628000000003,-0.039424711070500676,-0.02628
GMKN,1,2025-03-27 12:00:00,2025-03-27 12:00:00,125.16,125.16,1.1437856563205966,2914,-364.71623999999997,-0.036475365615448944,-0.12516
LKOH,-1,2025-03-27 13:00:00,2025-03-28 13:00:00,7132.0,7083.5,31.604280058271893,56,2317.966,0.43656797880625736,41.39225
GMKN,-1,2025-03-27 13:00:00,2025-03-28 14:00:00,123.62,122.12,1.1978009665834104,2782,3831.17566,0.3832384061625043,1.37713
SBER,-1,2025-03-27 14:00:00,2025-03-28 15:00:00,313.2,307.66,1.757099038212522,1277,6678.160889999954,0.9920840897922956,5.229569999999963
NVTK,-1,2025-03-27 14:00:00,2025-03-30 13:00:00,1281.4,1209.6,11.430123823995915,291,20531.35950000005,2.057560095481528,70.55450000000017
SNGS,-1,2025-03-27 14:00:00,2025-03-28 07:00:00,26.13,26.03,0.23792779953583854,14009,1035.5452799999703,0.1035608283187935,0.07391999999999788
TATN,1,2025-03-28 07:00:00,2025-03-28 09:00:00,681.8,681.6,4.933222124503078,586,-516.6761999999601,-0.05957566729869918,-0.8816999999999319
PLZL,-1,2025-03-28 08:00:00,2025-03-31 07:00:00,1886.0,1907.0,21.40437192039303,155,-3548.9575,-0.3565704564960916,-22.8965
MTSS,-1,2025-03-28 08:00:00,2025-03-28 15:00:00,230.7,223.65,1.4861041838372404,1733,11823.95572499997,1.5303604045630461,6.822824999999983
TATN,-1,2025-03-28 10:00:00,2025-03-28 13:00:00,686.0,682.3,5.386767131025242,583,1758.2405500000266,0.18662090060351594,3.0158500000000457
SNGS,-1,2025-03-28 10:00:00,2025-03-28 15:00:00,25.94,25.615,0.23854165391105672,13973,4181.035992500039,0.4181275332756933,0.29922250000000283
TATN,1,2025-03-28 14:00:00,2025-03-29 10:00:00,684.7,677.1,5.689649001176899,584,-4836.045600000013,-0.4851441625711959,-8.280900000000022
SNGS,1,2025-03-29 07:00:00,2025-03-29 07:00:00,25.48,25.48,0.26968445824188597,12360,-314.93280000000004,-0.031493595844205,-0.025480000000000003
SBER,-1,2025-03-29 08:00:00,2025-03-30 12:00:00,304.91,303.14,2.160840378682226,1311,1921.8932250000507,0.22614272583676504,1.4659750000000387
LKOH,-1,2025-03-29 08:00:00,2025-03-31 07:00:00,7003.5,7065.0,38.78061009630721,57,-3906.45225,-0.5890766015095605,-68.53425
GMKN,-1,2025-03-29 08:00:00,2025-03-31 07:00:00,119.9,122.14,1.3213840736400273,2522,-5954.492439999987,-0.5955926686014094,-2.361019999999995
SNGS,-1,2025-03-29 08:00:00,2025-03-31 07:00:00,24.98,25.505,0.30113556836746563,11069,-6090.634232499985,-0.6090750676215441,-0.5502424999999986
ROSN,-1,2025-03-29 09:00:00,2025-03-30 13:00:00,494.55,487.35,3.7890330006162167,808,5420.912399999991,0.590216553837429,6.709049999999989
MTSS,-1,2025-03-29 09:00:00,2025-03-30 13:00:00,221.75,220.35,1.8796466423577627,1773,2090.27835000001,0.2090729845054232,1.1789500000000057
TATN,-1,2025-03-29 11:00:00,2025-03-31 07:00:00,677.1,683.7,5.440273412029856,590,-4295.436000000013,-0.4460805213638203,-7.280400000000023
SBER,1,2025-03-30 13:00:00,2025-03-30 14:00:00,303.67,303.62,1.4505805922966164,1317,-465.75046500001497,-0.08126516188944426,-0.35364500000001137
SBER,-1,2025-03-30 15:00:00,2025-03-31 07:00:00,300.86,307.51,1.5321332658067757,1329,-9242.11186499997,-1.5129634728256076,-6.954184999999978
ROSN,-1,2025-03-30 15:00:00,2025-03-31 07:00:00,485.0,494.75,2.5559955294348478,824,-8437.657,-1.3354059611447653,-10.239875
MTSS,-1,2025-03-30 15:00:00,2025-03-31 07:00:00,219.3,225.65,1.2574049576947093,1823,-11981.62192499999,-1.7423384460139197,-6.5724749999999945
SBER,1,2025-03-31 08:00:00,2025-04-01 11:00:00,304.89,310.44,1.8348496016395177,1311,6872.701185000014,0.9523641602224978,5.242335000000011
LKOH,1,2025-03-31 08:00:00,2025-04-01 12:00:00,7041.5,6934.582912413809,35.63902919539685,56,-6378.687226374281,-1.0653594445375623,-113.90512904239787
ROSN,1,2025-03-31 08:00:00,2025-03-31 14:00:00,491.5,489.45,2.6538941044616804,813,-2065.406175000009,-0.3190877128730707,-2.5404750000000114
TATN,1,2025-03-31 08:00:00,2025-04-01 13:00:00,678.7,670.7,4.276136792722344,589,-5109.3983,-0.6762100481883299,-8.6747
GMKN,1,2025-03-31 08:00:00,2025-04-01 11:00:00,122.02,124.36,0.7731530376161553,3278,7266.70318000001,0.9557443749364471,2.2168100000000033
PLZL,1,2025-03-31 08:00:00,2025-03-31 13:00:00,1897.0,1862.0039488280006,11.66535039066647,210,-7743.866160746813,-1.0537061157322167,-36.875553146413395
MTSS,1,2025-03-31 08:00:00,2025-04-01 09:00:00,222.75,227.7,1.4770481522979886,1795,8480.97112499998,1.0662651705360662,4.724774999999989
SNGS,1,2025-03-31 08:00:00,2025-04-01 10:00:00,25.245,25.685,0.1866626319627035,15844,6567.892539999963,0.7402570717043224,0.4145349999999977
NVTK,-1,2025-03-31 10:00:00,2025-04-01 07:00:00,1225.0,1222.0,8.116578370221383,326,579.139,0.07295767251373378,1.7765
ROSN,-1,2025-03-31 15:00:00,2025-04-01 07:00:00,488.7,496.25,3.2481520577288947,818,-6578.744550000009,-0.8253385162868374,-8.042475000000012
ROSN,1,2025-04-01 08:00:00,2025-04-01 11:00:00,494.65,489.9,3.300447437531547,808,-4235.7582,-0.5294509405388151,-5.242275
NVTK,1,2025-04-01 08:00:00,2025-04-01 12:00:00,1229.0,1236.2,10.39288098463806,320,1909.5680000000148,0.19139383355525091,5.967400000000046
GAZP,-1,2025-04-01 11:00:00,2025-04-02 12:00:00,146.08,137.27,1.308980657178421,2546,22069.555450000007,2.207398291808999,8.668325000000003
SNGS,-1,2025-04-01 11:00:00,2025-04-02 10:00:00,25.49,25.195,0.20633920652904636,15692,4231.465489999971,0.43562168744057617,0.26965749999999816
SBER,-1,2025-04-01 12:00:00,2025-04-02 10:00:00,307.0,304.88,2.0351637389284996,1302,2361.906120000006,0.2971194185019392,1.8140600000000044
ROSN,-1,2025-04-01 12:00:00,2025-04-02 10:00:00,486.15,482.2,3.410479468537547,822,2848.9081499999907,0.33874269311915595,3.4658249999999886
GMKN,-1,2025-04-01 12:00:00,2025-04-03 08:00:00,122.4,119.06,1.1083496112159261,3007,9680.34489000001,0.9681872841753938,3.2192700000000034
PLZL,-1,2025-04-01 12:00:00,2025-04-02 11:00:00,1857.0,1787.2,13.932077526097169,215,14615.248499999989,1.6264121382870018,67.97789999999995
NVTK,-1,2025-04-01 13:00:00,2025-04-02 13:00:00,1227.8,1205.2,13.819924286437987,241,5153.423499999978,0.5157650060592672,21.38349999999991
LKOH,-1,2025-04-01 14:00:00,2025-04-02 13:00:00,6940.5,6892.5,43.20694694479278,57,2341.7595,0.31695134621518156,41.0835
TATN,-1,2025-04-01 14:00:00,2025-04-02 15:00:00,668.5,645.3,5.045985108488811,598,13480.773800000026,1.4891773370526475,22.543100000000045
MTSS,1,2025-04-02 07:00:00,2025-04-03 11:00:00,221.05,220.55,2.1296939140733,1565,-1128.052,-0.1128174640867181,-0.7208
SBER,1,2025-04-02 11:00:00,2025-04-03 07:00:00,305.46,305.77,2.320810349347923,1309,5.739965000002943,0.000629808750671118,0.004385000000002248
ROSN,1,2025-04-02 11:00:00,2025-04-02 11:00:00,481.15,481.15,4.601427131789101,724,-348.3526,-0.03485512836339842,-0.48114999999999997
SNGS,1,2025-04-02 11:00:00,2025-04-02 15:00:00,25.06,25.0,0.25968994073004215,12835,-1091.3600499999836,-0.10914297740472324,-0.08502999999999872
ROSN,-1,2025-04-02 12:00:00,2025-04-03 08:00:00,479.95,476.65,4.940610908089881,674,1901.8258000000078,0.19037456787511092,2.8217000000000114
PLZL,1,2025-04-02 12:00:00,2025-04-03 11:00:00,1806.4,1776.8,23.864787887045562,139,-4363.432400000019,-0.43846468345720246,-31.391600000000135
LKOH,1,2025-04-02 14:00:00,2025-04-03 11:00:00,6861.0,6904.0,46.8617715756342,58,2094.815,0.25690805664987787,36.1175
GAZP,-1,2025-04-03 07:00:00,2025-04-03 07:00:00,139.8,139.8,1.638415845465565,2034,-284.3532,-0.028442107740210703,-0.1398
SNGS,-1,2025-04-03 07:00:00,2025-04-03 07:00:00,25.365,25.365,0.25740740867547657,12949,-328.45138499999996,-0.032846762428114656,-0.025365
SBER,-1,2025-04-03 08:00:00,2025-04-03 08:00:00,304.04,304.04,2.205984789969225,1315,-399.81260000000003,-0.04594168877659421,-0.30404000000000003
GAZP,1,2025-04-03 08:00:00,2025-04-03 14:00:00,141.46,139.56,1.7713861422180248,1881,-3838.1993100000104,-0.38397613247009665,-2.0405100000000056
SNGS,1,2025-04-03 08:00:00,2025-04-03 11:00:00,25.325,25.36,0.25366402234151386,13140,126.89955000000187,0.012690671057532448,0.009657500000000142
SBER,1,2025-04-03 09:00:00,2025-04-03 11:00:00,305.53,306.09,2.2277001621142802,1309,332.734710000003,0.03803474158729901,0.2541900000000023
ROSN,1,2025-04-03 09:00:00,2025-04-03 12:00:00,478.1,472.3,5.072282308852287,657,-4122.806400000008,-0.41238503812825766,-6.275200000000011
GMKN,1,2025-04-03 09:00:00,2025-04-03 12:00:00,119.92,120.34,1.2249273353390113,2721,815.9462700000046,0.08160211939347667,0.2998700000000017
SBER,-1,2025-04-03 12:00:00,2025-04-05 15:00:00,304.51,284.78,2.1823204286315874,1313,25518.621115000024,2.9686069844147283,19.43535500000002
LKOH,-1,2025-04-03 12:00:00,2025-04-04 12:00:00,6882.5,6653.0,46.75265863815512,58,12918.4705,1.5880184249616618,222.73225
NVTK,-1,2025-04-03 12:00:00,2025-04-04 07:00:00,1230.8,1225.6,17.50300190855297,190,754.6420000000087,0.07564035816544126,3.9718000000000457
PLZL,-1,2025-04-03 12:00:00,2025-04-04 08:00:00,1730.0,1731.4,24.04701742853152,138,-432.0366000000126,-0.0433969272808243,-3.130700000000091
MTSS,-1,2025-04-03 12:00:00,2025-04-05 10:00:00,218.55,204.8,1.8473072583311028,1804,24423.138300000002,2.442893557445846,13.538325
SNGS,-1,2025-04-03 12:00:00,2025-04-04 14:00:00,25.25,23.68,0.26654058574802114,12505,19326.915175000006,1.9328325999116938,1.5455350000000003
ROSN,-1,2025-04-03 13:00:00,2025-04-05 11:00:00,470.45,440.15,4.591123620968613,726,21667.252200000006,2.1668406592010925,29.84470000000001
GMKN,-1,2025-04-03 13:00:00,2025-04-05 15:00:00,118.78,110.12,1.3178105379169478,2529,21611.695949999994,2.1615525029639637,8.545549999999997
GAZP,-1,2025-04-03 15:00:00,2025-04-05 15:00:00,137.9,126.46,1.730319233658454,1926,21778.86132000002,2.178368742607036,11.307820000000012
TATN,-1,2025-04-03 15:00:00,2025-04-05 15:00:00,650.2,609.9,7.060738613415275,472,18724.216400000034,1.87279509845367,39.66995000000007
NVTK,1,2025-04-04 08:00:00,2025-04-04 10:00:00,1212.8,1198.0,19.043683226543184,175,-2800.944999999992,-0.2801523880578512,-16.005399999999955
NVTK,-1,2025-04-04 11:00:00,2025-04-05 11:00:00,1187.4,1150.2,18.27455249588752,182,6557.678400000009,0.6572199238642271,36.03120000000005
LKOH,-1,2025-04-04 15:00:00,2025-04-05 11:00:00,6571.5,6403.5,63.197988192773444,52,8398.65,0.8518862947943682,161.5125
PLZL,-1,2025-04-04 15:00:00,2025-04-05 12:00:00,1722.2,1723.8,31.018897668489007,107,-355.56099999999026,-0.035709414257872725,-3.322999999999909
SNGS,-1,2025-04-05 08:00:00,2025-04-07 12:00:00,22.85,22.37,0.3765499990533408,8852,4048.8162800000036,0.4048953225776958,0.4573900000000004
MTSS,1,2025-04-05 11:00:00,2025-04-07 07:00:00,207.55,199.65,2.5850229365349895,1289,-10445.540400000007,-1.0449423723956346,-8.103600000000005
PLZL,1,2025-04-05 13:00:00,2025-04-07 07:00:00,1728.6,1685.4,26.149492261185472,127,-5703.188999999977,-0.5724394129907794,-44.90699999999982
ROSN,-1,2025-04-06 15:00:00,2025-04-07 11:00:00,448.15,436.15,3.6660842559758877,892,10309.6022,1.0508805574740194,11.55785
SBER,-1,2025-04-07 08:00:00,2025-04-07 14:00:00,286.38,285.64,2.753757611821334,1210,549.327900000011,0.05495400152517906,0.4539900000000091
GAZP,-1,2025-04-07 08:00:00,2025-04-07 10:00:00,122.6,122.01,1.546667258050516,2155,1007.8827249999767,0.10079629766639692,0.4676949999999892
LKOH,-1,2025-04-07 08:00:00,2025-04-07 14:00:00,6483.0,6364.0,55.16896839443951,60,6754.59,0.6801921640387643,112.5765
TATN,-1,2025-04-07 08:00:00,2025-04-07 13:00:00,613.8,610.6,6.7082196630553375,496,1283.5487999999661,0.1285885142895121,2.5877999999999317
GMKN,-1,2025-04-07 08:00:00,2025-04-07 11:00:00,106.66,110.03427125283392,1.1247570842779762,2963,-10318.998285007981,-1.0321097883092276,-3.482618388460338
NVTK,-1,2025-04-07 08:00:00,2025-04-07 14:00:00,1125.0,1112.4,14.233975522825807,234,2686.624199999979,0.2688707728816013,11.481299999999909
PLZL,-1,2025-04-07 08:00:00,2025-04-07 10:00:00,1719.0,1686.4,18.92996777795622,176,5437.924799999984,0.5440632610052923,30.89729999999991
MTSS,-1,2025-04-07 08:00:00,2025-04-09 08:00:00,205.4,207.45,2.0670045926317706,1612,-3637.3570999999724,-0.36388001717452023,-2.256424999999983
GAZP,1,2025-04-07 11:00:00,2025-04-08 11:00:00,124.54,126.63,2.003137013825431,1664,3268.786559999982,0.32688977113427803,1.9644149999999891
PLZL,1,2025-04-07 11:00:00,2025-04-08 15:00:00,1750.8,1808.8,26.53933644612603,125,7027.525,0.7061241604404231,56.2202
ROSN,1,2025-04-07 12:00:00,2025-04-08 09:00:00,438.75,446.8,5.441591172617112,612,4655.621700000007,0.4659926823291864,7.607225000000011
TATN,1,2025-04-07 14:00:00,2025-04-08 15:00:00,627.9,640.4,7.950982323958935,419,4971.79115,0.49745844880257867,11.86585
GMKN,1,2025-04-07 14:00:00,2025-04-08 09:00:00,111.7,110.54,1.6108221273139147,2069,-2629.947279999993,-0.26303752567219,-1.2711199999999967
SBER,1,2025-04-07 15:00:00,2025-04-09 07:00:00,288.4,285.69,3.4554804148171647,964,-2889.1513799999802,-0.28911030596967013,-2.9970449999999795
ROSN,-1,2025-04-08 10:00:00,2025-04-09 14:00:00,444.35,426.3,6.433576368944298,518,9124.401650000007,0.9126429837183727,17.614675000000013
GMKN,-1,2025-04-08 10:00:00,2025-04-08 13:00:00,110.42,110.48,1.6907098235050235,1971,-335.95695000000444,-0.03360521473098225,-0.17045000000000227
SNGS,-1,2025-04-08 10:00:00,2025-04-08 13:00:00,22.51,22.865,0.34275479707198925,9725,-3673.0109374999693,-0.3673058244809633,-0.37768749999999685
NVTK,-1,2025-04-08 11:00:00,2025-04-09 13:00:00,1098.2,1017.0,18.259793163272565,182,14585.91680000001,1.4630030633132087,80.14240000000005
GAZP,-1,2025-04-08 12:00:00,2025-04-08 14:00:00,125.8,125.88,1.9279889206040455,1728,-355.69151999999707,-0.03558803300168135,-0.2058399999999983
GMKN,1,2025-04-08 14:00:00,2025-04-09 07:00:00,110.84,108.72,1.621944066772361,2055,-4582.19790000001,-0.45825254719114666,-2.2297800000000048
SNGS,1,2025-04-08 14:00:00,2025-04-08 15:00:00,22.7,22.625,0.32975621509717534,10108,-987.1725499999928,-0.09872191994038108,-0.09766249999999929
GAZP,1,2025-04-08 15:00:00,2025-04-09 07:00:00,127.32,120.77,1.906840983442816,1748,-11666.230659999994,-1.1666844199299649,-6.674044999999997
TATN,-1,2025-04-09 07:00:00,2025-04-09 13:00:00,626.7,609.6,8.36752547933063,398,6559.776300000009,0.6565800144345065,16.481850000000023
SNGS,-1,2025-04-09 07:00:00,2025-04-09 13:00:00,22.06,21.695,0.32162653240521755,10363,3555.778467499984,0.35561172709024524,0.34312249999999844
SBER,-1,2025-04-09 08:00:00,2025-04-09 14:00:00,285.51,283.89,3.0132463959279447,1106,1476.8418000000052,0.14771443868696,1.3353000000000046
GAZP,-1,2025-04-09 08:00:00,2025-04-10 07:00:00,122.11,128.4,1.865133296948143,1787,-11464.060685000011,-1.1465230591466893,-6.415255000000006
LKOH,-1,2025-04-09 08:00:00,2025-04-09 13:00:00,6287.0,6209.0,64.32017358166976,51,3659.352,0.37184808438000544,71.752
GMKN,-1,2025-04-09 08:00:00,2025-04-09 13:00:00,108.54,108.2,1.6176279572517773,2060,477.157800000007,0.047730381793830295,0.2316300000000034
PLZL,1,2025-04-09 08:00:00,2025-04-09 10:00:00,1837.2,1833.6,27.131937265564584,122,-663.1188000000167,-0.06677739161292964,-5.435400000000136
MTSS,1,2025-04-09 09:00:00,2025-04-11 08:00:00,208.6,222.35,3.030290815311332,1100,14887.9775,1.4888037512894026,13.534525
PLZL,-1,2025-04-09 11:00:00,2025-04-10 07:00:00,1838.0,1837.2,25.99543227858797,128,-132.8128000000058,-0.013304901528856928,-1.0376000000000454
LKOH,1,2025-04-09 14:00:00,2025-04-10 14:00:00,6246.0,6377.5,65.3976653708231,50,6259.412499999999,0.6380872532688923,125.18825
TATN,1,2025-04-09 14:00:00,2025-04-10 11:00:00,616.8,627.4,9.112053554236384,365,3641.9335000000083,0.3650073659982346,9.977900000000023
SBER,1,2025-04-09 15:00:00,2025-04-10 14:00:00,280.97,292.61,3.320998641313294,1003,11387.269629999986,1.1395377541728775,11.353209999999986
GAZP,1,2025-04-10 08:00:00,2025-04-14 07:00:00,127.3,135.95,1.7758395533628748,1877,15988.989874999985,1.5989385572341264,8.518374999999992
PLZL,1,2025-04-10 08:00:00,2025-04-13 08:00:00,1822.0,1937.8,25.63606446415542,130,14809.612999999994,1.481247900580113,113.92009999999995
TATN,-1,2025-04-10 12:00:00,2025-04-10 12:00:00,624.9,624.9,8.561116728962073,389,-243.08610000000002,-0.024330937959918895,-0.6249
ROSN,-1,2025-04-10 13:00:00,2025-04-11 07:00:00,446.45,446.9,6.585941688894661,506,-453.7175499999942,-0.04538328469726046,-0.8966749999999886
TATN,1,2025-04-10 13:00:00,2025-04-11 13:00:00,648.0,681.1,9.692465534036218,343,11125.359350000008,1.1154867281910597,32.435450000000024
GMKN,-1,2025-04-10 13:00:00,2025-04-10 13:00:00,115.78,115.78,1.7499194532456162,1904,-220.44512,-0.022054348422582186,-0.11578000000000001
NVTK,-1,2025-04-10 14:00:00,2025-04-11 07:00:00,1075.4,1098.0,18.843220932756996,176,-4168.859199999984,-0.41901364394348356,-23.68669999999991
SNGS,-1,2025-04-10 14:00:00,2025-04-11 07:00:00,22.83,23.2,0.3389417060030899,9834,-3864.90951000001,-0.3865118918083396,-0.393015000000001
SBER,1,2025-04-11 08:00:00,2025-04-12 13:00:00,298.67,300.77,2.8780254279841926,1158,2084.7242399999604,0.20850869749043024,1.800279999999966
LKOH,1,2025-04-11 08:00:00,2025-04-13 12:00:00,6505.0,6589.5,65.87680441401454,50,3897.6375,0.39443701362162836,77.95275
ROSN,1,2025-04-11 08:00:00,2025-04-14 07:00:00,447.95,453.55,6.277080658489184,531,2734.251750000012,0.2734418689276162,5.1492500000000225
GMKN,1,2025-04-11 08:00:00,2025-04-11 13:00:00,116.6,116.3,1.8020780274924004,1849,-770.0160499999947,-0.07703144067509092,-0.41644999999999716
NVTK,1,2025-04-11 08:00:00,2025-04-14 07:00:00,1098.0,1120.6,17.958584689966145,185,3975.779499999983,0.3988937207657059,21.490699999999908
SNGS,1,2025-04-11 08:00:00,2025-04-13 10:00:00,23.325,23.855,0.3296118542597627,10112,5120.817920000011,0.5121276166248016,0.5064100000000011
GMKN,-1,2025-04-11 14:00:00,2025-04-12 07:00:00,115.62,117.26,1.5952653419550105,2089,-3669.2031600000014,-0.36701104487262903,-1.7564400000000007
TATN,1,2025-04-12 08:00:00,2025-04-14 07:00:00,695.8,683.2,8.30399499393125,401,-5329.089499999964,-0.5334580929505288,-13.28949999999991
GMKN,1,2025-04-12 08:00:00,2025-04-13 11:00:00,118.28,118.2,1.4757864272139782,2258,-447.6259199999962,-0.04477612666810245,-0.1982399999999983
MTSS,1,2025-04-12 08:00:00,2025-04-13 08:00:00,220.4,220.85,2.3012238941686287,1448,332.1349999999835,0.03322507363454607,0.22937499999998862
SBER,1,2025-04-13 09:00:00,2025-04-14 07:00:00,301.65,300.2,1.43853699273291,1326,-2321.726549999985,-0.4057189141572714,-1.7509249999999885
MTSS,-1,2025-04-13 09:00:00,2025-04-13 13:00:00,220.95,221.2,1.40772565766541,1810,-852.64575,-0.1115451715644739,-0.471075
GMKN,1,2025-04-13 14:00:00,2025-04-13 15:00:00,118.82,118.92,0.7547343252652606,3366,-63.51641999997131,-0.008334058475194514,-0.018869999999991477
MTSS,1,2025-04-13 14:00:00,2025-04-14 08:00:00,221.2,221.45,1.1531206911769682,1808,51.84440000000001,0.008289100530818962,0.028675000000000006
GMKN,-1,2025-04-14 07:00:00,2025-04-15 07:00:00,117.14,114.7,0.7478066376011681,3414,7934.409119999992,1.0359540747303504,2.3240799999999977
SNGS,1,2025-04-14 07:00:00,2025-04-14 07:00:00,23.49,23.49,0.14732996175804197,17028,-399.98772,-0.05314601257318661,-0.02349
SBER,-1,2025-04-14 08:00:00,2025-04-14 08:00:00,299.67,299.67,1.1174104958447344,1334,-399.7597800000001,-0.08939418447513837,-0.29967000000000005
TATN,-1,2025-04-14 08:00:00,2025-04-15 13:00:00,683.0,681.9,3.867940118868036,585,244.26675000001325,0.03598383869863872,0.4175500000000226
SNGS,-1,2025-04-14 08:00:00,2025-04-15 07:00:00,23.405,23.2,0.14644925020389624,17090,3105.2102750000313,0.413561921614554,0.18169750000000184
SBER,1,2025-04-14 09:00:00,2025-04-14 12:00:00,300.77,299.62,1.2775954604272504,1329,-1927.3091549999697,-0.37836572554168973,-1.4501949999999773
MTSS,-1,2025-04-14 09:00:00,2025-04-15 13:00:00,221.05,212.85,1.2606070403140712,1809,14441.337450000032,2.1109010036971547,7.983050000000017
LKOH,1,2025-04-14 10:00:00,2025-04-14 13:00:00,6517.0,6486.5,28.12451864208676,61,-2257.10675,-0.4385467649643487,-37.00175
NVTK,1,2025-04-14 11:00:00,2025-04-14 13:00:00,1130.8,1117.8,7.656431078840224,353,-4985.8778999999995,-0.6149209666383062,-14.1243
SBER,-1,2025-04-14 13:00:00,2025-04-15 07:00:00,297.46,298.2,1.4088432930357841,1344,-1394.8435200000122,-0.245551322168625,-1.0378300000000091
GAZP,1,2025-04-14 14:00:00,2025-04-15 07:00:00,134.76,132.01,1.0760951293167886,2968,-8557.88668,-0.8931629808077957,-2.883385
LKOH,-1,2025-04-14 14:00:00,2025-04-15 13:00:00,6467.0,6464.0,28.493996692436486,61,-211.39550000000003,-0.040540703332547834,-3.4655000000000005
NVTK,-1,2025-04-14 14:00:00,2025-04-15 12:00:00,1112.0,1116.4,8.172441355762373,359,-1979.5978000000327,-0.2249103525681074,-5.514200000000091
PLZL,1,2025-04-14 15:00:00,2025-04-15 08:00:00,1922.8,1899.8,13.454035258177171,208,-5181.5504,-0.6171952508909738,-24.9113
SBER,1,2025-04-15 08:00:00,2025-04-17 14:00:00,298.74,303.61,1.6486561144417715,1338,6113.087850000006,0.9237473196054171,4.568825000000005
GAZP,-1,2025-04-15 08:00:00,2025-04-15 10:00:00,132.23,133.12,1.0131126090047309,3025,-3093.591875000045,-0.33647954199440805,-1.0226750000000149
GMKN,-1,2025-04-15 09:00:00,2025-04-16 09:00:00,113.3,111.7,0.968583786593046,3441,5118.48749999998,0.5119157890071698,1.4874999999999943
PLZL,-1,2025-04-15 09:00:00,2025-04-15 14:00:00,1903.6,1901.0,13.305800095559478,210,146.51699999998087,0.017478593169624603,0.697699999999909
GAZP,1,2025-04-15 11:00:00,2025-04-15 13:00:00,133.08,131.84,1.1423791552417648,2917,-4003.4658200000267,-0.40046832487052036,-1.3724600000000091
SNGS,-1,2025-04-15 12:00:00,2025-04-16 10:00:00,23.135,23.35,0.19904279981390985,16746,-3989.608904999998,-0.39898035367726403,-0.23824249999999986
NVTK,1,2025-04-15 13:00:00,2025-04-17 13:00:00,1117.8,1205.6,9.981817480198384,333,28850.553899999984,2.8932039070663667,86.63829999999996
GAZP,-1,2025-04-15 14:00:00,2025-04-16 12:00:00,131.54,130.6,1.1466242726188614,2907,2351.559509999993,0.23516276410011266,0.8089299999999977
ROSN,1,2025-04-15 14:00:00,2025-04-16 07:00:00,452.0,447.95,3.012774426871056,884,-3977.9779000000103,-0.49787719030279354,-4.499975000000012
TATN,1,2025-04-15 14:00:00,2025-04-16 07:00:00,682.4,676.2,5.229264596860389,586,-4031.2697999999596,-0.43851290320568914,-6.879299999999931
PLZL,1,2025-04-15 15:00:00,2025-04-15 15:00:00,1897.4,1897.4,11.557426600184577,210,-398.45400000000006,-0.05472383157134357,-1.8974000000000002
PLZL,-1,2025-04-16 07:00:00,2025-04-16 07:00:00,1931.4,1931.4,11.631896128742815,207,-399.79980000000006,-0.05534781198820614,-1.9314000000000002
LKOH,-1,2025-04-16 08:00:00,2025-04-16 11:00:00,6433.0,6485.0,34.68382180185304,62,-3624.458,-0.5618277433397563,-58.459
ROSN,-1,2025-04-16 08:00:00,2025-04-16 13:00:00,449.1,451.45,2.9589706325931906,890,-2492.24474999997,-0.3154559865239187,-2.800274999999966
TATN,-1,2025-04-16 08:00:00,2025-04-16 09:00:00,679.4,682.9,5.2390649851684605,588,-2458.5162,-0.26602393186803586,-4.18115
PLZL,1,2025-04-16 08:00:00,2025-04-17 14:00:00,1926.0,1918.4,11.972474976689762,207,-1971.0953999999813,-0.26511366052938085,-9.52219999999991
MTSS,-1,2025-04-16 08:00:00,2025-04-16 09:00:00,213.8,213.8,1.868130988889092,1784,-381.41920000000005,-0.03814864540577335,-0.21380000000000002
TATN,1,2025-04-16 10:00:00,2025-04-17 09:00:00,683.0,690.1,5.559703992313618,585,3751.868250000013,0.3845198718532931,6.413450000000022
MTSS,1,2025-04-16 10:00:00,2025-04-17 07:00:00,214.85,215.8,1.9135925363380444,1741,1279.0691750000296,0.12797482327941687,0.7346750000000171
SNGS,1,2025-04-16 11:00:00,2025-04-17 08:00:00,23.495,23.42,0.208233958639045,16007,-1576.0092024999888,-0.15760717839281696,-0.0984574999999993
GAZP,1,2025-04-16 13:00:00,2025-04-18 07:00:00,131.37,134.6,1.1779746297559517,2829,8761.45543499997,0.8763672045697672,3.0970149999999896
LKOH,1,2025-04-16 14:00:00,2025-04-18 09:00:00,6490.0,6635.0,35.1682163718429,61,8444.6875,1.3121459685478833,138.4375
ROSN,1,2025-04-16 14:00:00,2025-04-18 09:00:00,453.95,469.3,2.9439899855896123,881,13116.65837500002,1.6857365992951037,14.888375000000023
GMKN,-1,2025-04-17 08:00:00,2025-04-17 11:00:00,113.62,114.12,1.0964951278583688,3039,-1865.55093,-0.1866158162809128,-0.61387
MTSS,-1,2025-04-17 08:00:00,2025-04-17 12:00:00,215.4,216.05,1.792473470927226,1857,-1607.6513250000107,-0.16099261979633395,-0.8657250000000057
SNGS,-1,2025-04-17 09:00:00,2025-04-17 12:00:00,23.42,23.55,0.19886445012433493,16761,-2572.562084999983,-0.2572690424793311,-0.153484999999999
TATN,-1,2025-04-17 10:00:00,2025-04-17 15:00:00,684.9,677.1,5.563388602109433,584,4157.495999999974,0.42653860258839915,7.1189999999999545
GMKN,1,2025-04-17 12:00:00,2025-04-17 14:00:00,114.46,114.16,1.0232662782893303,3257,-1349.4076699999907,-0.13496324100918278,-0.4143099999999972
MTSS,1,2025-04-17 13:00:00,2025-04-17 15:00:00,216.5,215.0,1.614079703473596,1847,-3168.99025,-0.3543298793955886,-1.7157499999999999
SNGS,1,2025-04-17 13:00:00,2025-04-18 10:00:00,23.575,23.52,0.18885002498961767,16967,-1332.7154324999951,-0.13864176084403126,-0.07854749999999971
SBER,-1,2025-04-17 15:00:00,2025-04-18 13:00:00,300.99,297.68,1.6511594578245308,1328,3998.163120000003,0.6077880578064974,3.010665000000002
GMKN,-1,2025-04-17 15:00:00,2025-04-18 13:00:00,112.72,111.5,1.0569081681492931,3153,3493.1771699999967,0.34941225528924236,1.107889999999999
PLZL,-1,2025-04-17 15:00:00,2025-04-18 12:00:00,1908.8,1908.8,11.33957054179266,209,-398.9392,-0.05611029662205179,-1.9088
TATN,1,2025-04-18 07:00:00,2025-04-18 10:00:00,691.5,684.2,5.8728428783870905,567,-4529.110949999974,-0.4533778140848046,-7.987849999999955
MTSS,-1,2025-04-18 07:00:00,2025-04-18 07:00:00,216.7,216.7,1.5861818908642447,1845,-399.8115,-0.04553912369657454,-0.2167
GAZP,-1,2025-04-18 08:00:00,2025-04-18 09:00:00,134.1,134.8,1.0939391976653063,2982,-2488.3299000000507,-0.2542645885563252,-0.834450000000017
NVTK,1,2025-04-18 08:00:00,2025-04-22 09:00:00,1198.0,1236.8,12.737405758861987,261,9809.05859999999,0.9835231420352101,37.58259999999996
MTSS,1,2025-04-18 08:00:00,2025-04-18 08:00:00,216.2,216.2,1.5478831843739425,1850,-399.97,-0.046558207618112205,-0.2162
MTSS,-1,2025-04-18 09:00:00,2025-04-18 13:00:00,214.2,213.6,1.6301772426329457,1867,720.8486999999894,0.07894847053080625,0.38609999999999434
GAZP,1,2025-04-18 10:00:00,2025-04-18 12:00:00,134.84,134.65,1.096406757170597,2966,-963.1936699999933,-0.09873008591508482,-0.32474499999999773
LKOH,-1,2025-04-18 10:00:00,2025-04-18 13:00:00,6568.5,6516.5,42.53818229152751,60,2727.45,0.35620939080459907,45.457499999999996
TATN,-1,2025-04-18 11:00:00,2025-04-18 13:00:00,681.8,683.4,5.833407055643831,571,-1303.3646000000128,-0.13043263729222093,-2.2826000000000226
SNGS,-1,2025-04-18 11:00:00,2025-04-18 13:00:00,23.43,23.41,0.2207882510812986,15097,-51.63174000000649,-0.0051633182219481995,-0.0034200000000004296
GAZP,-1,2025-04-18 13:00:00,2025-04-21 07:00:00,133.45,136.37,1.2318715909270406,2705,-8263.531550000043,-0.8266310716419867,-3.054910000000016
PLZL,1,2025-04-18 13:00:00,2025-04-22 11:00:00,1908.6,1973.0,13.873181239799939,209,13053.972800000018,1.5007180381674017,62.45920000000009
SBER,1,2025-04-18 14:00:00,2025-04-22 09:00:00,300.2,308.7,2.055777648101207,1332,10916.472600000001,1.3288645309103537,8.19555
LKOH,1,2025-04-18 14:00:00,2025-04-22 08:00:00,6595.5,6718.5,50.84295669586415,60,6980.58,0.7627605182755759,116.343
ROSN,1,2025-04-18 14:00:00,2025-04-22 07:00:00,474.4,485.15,4.383492957630294,760,7805.371,0.7809772632061032,10.270225
TATN,1,2025-04-18 14:00:00,2025-04-22 09:00:00,693.8,704.9,6.429152806577808,518,5387.536700000012,0.5392441955627958,10.400650000000024
GMKN,1,2025-04-18 14:00:00,2025-04-21 13:00:00,112.82,113.66,1.2049442404695645,2766,2010.2181600000094,0.20104941390394035,0.7267600000000034
MTSS,1,2025-04-18 14:00:00,2025-04-21 13:00:00,214.75,216.85,1.6334456977541238,1862,3508.3803999999895,0.38450416045676544,1.8841999999999943
SNGS,1,2025-04-18 14:00:00,2025-04-22 09:00:00,23.555,24.1,0.22355021414927612,14910,7770.681975000025,0.7771147405417493,0.5211725000000017
GAZP,1,2025-04-21 08:00:00,2025-04-22 12:00:00,135.94,140.34,1.2312477745852572,2707,11536.855020000015,1.1538051311228028,4.261860000000006
GMKN,-1,2025-04-21 14:00:00,2025-04-22 07:00:00,113.5,114.54,1.0746762195579684,3101,-3578.6160200000195,-0.3579434683048609,-1.1540200000000063
MTSS,-1,2025-04-21 14:00:00,2025-04-22 07:00:00,215.3,217.8,1.3959028844365047,1857,-5044.63335,-0.6486960352060622,-2.71655
GMKN,1,2025-04-22 08:00:00,2025-04-22 11:00:00,114.82,114.42,0.9861164921169318,3380,-1739.4155999999714,-0.17395510710073014,-0.5146199999999915
MTSS,1,2025-04-22 08:00:00,2025-04-22 11:00:00,216.95,216.05,1.3036255966133383,1843,-2057.709499999958,-0.2854858539395844,-1.1164999999999772
TATN,-1,2025-04-22 10:00:00,2025-04-22 13:00:00,700.4,698.2,4.746284694537779,571,856.8996999999611,0.10539471724252021,1.5006999999999318
GMKN,-1,2025-04-22 12:00:00,2025-04-22 14:00:00,113.24,114.24,0.9438279136649225,3531,-3932.6159399999997,-0.39334147813567055,-1.11374
MTSS,-1,2025-04-22 12:00:00,2025-04-23 08:00:00,213.95,214.35,1.3703196757828398,1869,-1147.8463500000105,-0.14939336439850612,-0.6141500000000056
LKOH,1,2025-04-22 14:00:00,2025-04-23 07:00:00,6744.5,6711.5,41.52091233232668,59,-2343.952,-0.3189396841927389,-39.728
ROSN,1,2025-04-22 14:00:00,2025-04-23 07:00:00,481.1,475.3,3.696828639408551,831,-5217.18420000001,-0.566088812184746,-6.2782000000000115
TATN,1,2025-04-22 14:00:00,2025-04-23 07:00:00,702.4,697.2,4.990057193895603,569,-3356.986199999961,-0.3941036993334951,-5.8997999999999315
SNGS,1,2025-04-22 14:00:00,2025-04-23 07:00:00,24.13,24.015,0.20705272366411323,16098,-2238.789104999975,-0.22389224917998143,-0.13907249999999843
SBER,1,2025-04-22 15:00:00,2025-04-23 07:00:00,309.89,309.06,1.6295096125217985,1290,-1469.9227499999795,-0.23309159828286294,-1.139474999999984
GMKN,1,2025-04-22 15:00:00,2025-04-23 07:00:00,114.22,114.54,0.9605721305837586,3470,713.5014000000257,0.07135330894760539,0.2056200000000074
NVTK,1,2025-04-23 07:00:00,2025-04-23 07:00:00,1231.0,1231.0,10.91449713129437,305,-375.45500000000004,-0.03759525779312484,-1.231
SBER,-1,2025-04-23 08:00:00,2025-04-23 11:00:00,306.25,309.85,1.782638390388694,1306,-5103.91330000003,-0.7307614041955522,-3.908050000000023
GAZP,1,2025-04-23 08:00:00,2025-04-23 09:00:00,144.67,141.1024152953379,1.1891949015540295,2764,-10255.74160162419,-1.040051244602813,-3.710470912309765
LKOH,-1,2025-04-23 08:00:00,2025-04-23 10:00:00,6700.0,6746.5,38.57067944392191,59,-3140.17175,-0.4599629456651697,-53.22325
ROSN,-1,2025-04-23 08:00:00,2025-04-23 14:00:00,472.5,471.7,3.6112727845410344,846,277.4034000000096,0.030266337250370572,0.32790000000001135
TATN,-1,2025-04-23 08:00:00,2025-04-23 13:00:00,694.0,692.5,5.094480923829689,576,464.688,0.052785881562299214,0.80675
GMKN,-1,2025-04-23 08:00:00,2025-04-24 07:00:00,113.36,115.34,1.0378402554523227,3211,-6724.9578500000125,-0.672662929578124,-2.094350000000004
NVTK,-1,2025-04-23 08:00:00,2025-04-23 15:00:00,1210.8,1240.0,12.463461621916194,267,-8123.581800000013,-0.8137225682282613,-30.425400000000046
SNGS,-1,2025-04-23 08:00:00,2025-04-23 08:00:00,24.18,24.18,0.20881007065964166,15963,-385.98534,-0.03859967086136243,-0.02418
MTSS,1,2025-04-23 09:00:00,2025-04-23 13:00:00,215.9,216.85,1.4710186980905195,1852,1358.673499999979,0.1662396725371977,0.7336249999999886
SNGS,1,2025-04-23 09:00:00,2025-04-23 12:00:00,24.205,24.08,0.20532363704109582,16234,-2421.179345,-0.24212588176935662,-0.1491425
GAZP,-1,2025-04-23 11:00:00,2025-04-24 07:00:00,139.73,144.0,1.4383422735838922,2317,-10222.291205000023,-1.0224420804947543,-4.41186500000001
LKOH,1,2025-04-23 11:00:00,2025-04-24 13:00:00,6774.0,6765.0,39.17776338859199,59,-930.4005000000001,-0.13417049737787273,-15.7695
SBER,1,2025-04-23 12:00:00,2025-04-24 12:00:00,309.89,311.07,1.7832982368776438,1290,1121.6808000000087,0.16253030144160283,0.8695200000000067
PLZL,1,2025-04-23 12:00:00,2025-04-23 12:00:00,1921.0,1921.0,14.2262654433793,208,-399.568,-0.04501064147030486,-1.921
SNGS,-1,2025-04-23 13:00:00,2025-04-23 15:00:00,24.105,24.17,0.20040083292197883,16594,-1479.1476750000213,-0.14826535182899298,-0.08913750000000129
TATN,1,2025-04-23 14:00:00,2025-04-24 11:00:00,690.8,693.9,5.620398066158309,579,1394.0293500000132,0.14279237707954232,2.407650000000023
MTSS,-1,2025-04-23 14:00:00,2025-04-24 08:00:00,216.25,216.4,1.513428269229566,1849,-677.3349250000105,-0.08068326449029285,-0.3663250000000057
NVTK,1,2025-04-24 07:00:00,2025-04-24 14:00:00,1243.8,1251.2,11.834592241752965,281,1728.8525000000254,0.17329142326492103,6.1525000000000905
SNGS,1,2025-04-24 07:00:00,2025-04-24 12:00:00,24.145,24.055,0.19528995259824644,16566,-1890.1805999999979,-0.1947531494954892,-0.11409999999999987
GAZP,1,2025-04-24 08:00:00,2025-04-25 12:00:00,144.12,145.77,1.3847738560802674,2407,3622.667385000014,0.362286591270627,1.5050550000000058
GMKN,1,2025-04-24 08:00:00,2025-04-26 13:00:00,115.78,119.08,0.9604854993235922,3454,10992.596779999989,1.1045004504636025,3.182569999999997
ROSN,-1,2025-04-24 09:00:00,2025-04-25 07:00:00,473.0,473.2,3.4421171378032867,845,-568.7694999999904,-0.06518275168574034,-0.6730999999999887
MTSS,1,2025-04-24 09:00:00,2025-04-24 11:00:00,217.2,216.9,1.433387775860724,1841,-951.8890499999685,-0.12023961896598508,-0.5170499999999829
TATN,-1,2025-04-24 12:00:00,2025-04-25 07:00:00,692.3,697.2,4.970115538528178,577,-3228.1707500000525,-0.375226018833953,-5.594750000000091
MTSS,-1,2025-04-24 12:00:00,2025-04-24 15:00:00,216.3,216.05,1.341874250570702,1849,62.54242499999999,0.008402426676869846,0.033824999999999994
SBER,-1,2025-04-24 13:00:00,2025-04-25 07:00:00,311.87,312.39,1.63055070020448,1282,-1066.7906599999767,-0.17011226123289272,-0.8321299999999818
SNGS,-1,2025-04-24 13:00:00,2025-04-25 07:00:00,24.08,24.12,0.16686482683804016,16611,-1064.765100000045,-0.12804775620812028,-0.06410000000000271
LKOH,-1,2025-04-24 14:00:00,2025-04-25 08:00:00,6736.0,6745.5,33.890664199781334,59,-958.2042499999999,-0.15973671396408518,-16.24075
NVTK,-1,2025-04-24 15:00:00,2025-04-25 09:00:00,1245.2,1248.6,10.431685795145347,319,-1482.3610999999564,-0.14848670647149598,-4.646899999999864
PLZL,-1,2025-04-24 15:00:00,2025-04-26 07:00:00,1890.0,1858.0,13.704486468415473,211,6356.586,0.7327527392685343,30.126
MTSS,1,2025-04-25 07:00:00,2025-04-26 13:00:00,217.85,220.4,1.3143812596457134,1836,4279.486500000021,0.5911209762247853,2.3308750000000114
SBER,1,2025-04-25 08:00:00,2025-04-26 13:00:00,313.25,319.09,1.6003534607595835,1276,7048.407079999968,1.1505437466250263,5.523829999999975
ROSN,1,2025-04-25 08:00:00,2025-04-26 13:00:00,473.55,482.35,2.8354392708931506,844,7023.81020000001,0.9783375349079043,8.322050000000011
TATN,1,2025-04-25 08:00:00,2025-04-26 13:00:00,696.4,720.4,4.619139734646911,574,13369.3784,1.6808035938882762,23.2916
SNGS,1,2025-04-25 08:00:00,2025-04-25 12:00:00,24.105,24.215,0.1606152727853311,16594,1424.4289599999906,0.17814827218564724,0.08583999999999943
LKOH,1,2025-04-25 09:00:00,2025-04-26 13:00:00,6750.5,6937.0,32.7464145202508,59,10599.71875,1.8287625544357766,179.65625
NVTK,1,2025-04-25 10:00:00,2025-04-28 07:00:00,1255.6,1271.2,10.331798677507953,318,4559.038800000043,0.46253966185676615,14.336600000000136
SNGS,-1,2025-04-25 13:00:00,2025-04-26 07:00:00,24.08,24.195,0.1681505966232144,16611,-2311.213012500033,-0.27581922156715294,-0.139137500000002
GAZP,1,2025-04-25 15:00:00,2025-04-27 10:00:00,149.25,153.03,1.3663540548225492,2439,8850.789540000003,0.8852903065136334,3.6288600000000013
SNGS,1,2025-04-26 08:00:00,2025-04-26 13:00:00,24.32,24.325,0.16297595247177263,16447,-317.7971575000163,-0.039520145368987576,-0.01932250000000099
PLZL,-1,2025-04-26 14:00:00,2025-04-27 15:00:00,1852.0,1851.2,11.121777457851337,215,-226.09400000000977,-0.031517743873385275,-1.0516000000000454
MTSS,-1,2025-04-26 14:00:00,2025-04-27 08:00:00,219.8,220.0,1.1744177769425879,1819,-763.7980999999793,-0.11917962194939187,-0.4198999999999886
SNGS,-1,2025-04-26 14:00:00,2025-04-28 11:00:00,24.17,23.95,0.1485130138396738,16549,3242.61106000004,0.4397818860766148,0.19594000000000242
LKOH,1,2025-04-27 08:00:00,2025-04-28 07:00:00,6930.5,6861.5,32.21672627912517,57,-4326.072,-0.7852649722221758,-75.896
MTSS,1,2025-04-27 09:00:00,2025-04-28 07:00:00,220.3,218.8,1.0947755135166923,1815,-3120.9832499999998,-0.5235624347242891,-1.71955
GMKN,1,2025-04-27 12:00:00,2025-04-28 07:00:00,118.84,118.04,0.7208323842204384,3365,-3090.5505999999905,-0.42471269794260896,-0.9184399999999971
TATN,1,2025-04-27 15:00:00,2025-04-28 07:00:00,721.3,714.1,2.7930080102399413,554,-4386.405799999962,-0.9449429875092193,-7.917699999999932
PLZL,1,2025-04-28 07:00:00,2025-04-28 07:00:00,1820.2,1820.2,7.1535754036014865,219,-398.6238,-0.0848153963719837,-1.8202
LKOH,-1,2025-04-28 08:00:00,2025-04-28 11:00:00,6860.5,6832.0,23.243261863720658,58,1255.9175,0.3105380264175736,21.65375
TATN,-1,2025-04-28 08:00:00,2025-04-28 10:00:00,711.9,711.0,2.8934609884211806,561,105.77654999998722,0.021721391873434782,0.18854999999997724
GMKN,-1,2025-04-28 08:00:00,2025-04-28 11:00:00,117.84,117.4,0.6793282903595946,3394,1094.1577199999922,0.1581856688805298,0.3223799999999977
NVTK,-1,2025-04-28 08:00:00,2025-04-28 11:00:00,1268.6,1269.0,11.91323423568374,279,-465.59520000002533,-0.046693169601291815,-1.6688000000000909
PLZL,-1,2025-04-28 08:00:00,2025-04-28 14:00:00,1814.6,1810.6,7.44260573191567,220,481.22800000000007,0.09796748069115574,2.1874000000000002
MTSS,-1,2025-04-28 08:00:00,2025-04-28 11:00:00,217.55,218.85,0.9739693465202888,1838,-2790.4515999999685,-0.5195919855945066,-1.518199999999983
TATN,1,2025-04-28 11:00:00,2025-04-29 07:00:00,716.8,724.0,3.6131318482366424,558,3615.6168000000257,0.5977824107694233,6.479600000000046
SBER,1,2025-04-28 12:00:00,2025-04-29 07:00:00,318.61,313.66,1.4043116867397287,1255,-6608.999424999985,-1.2499919710905794,-5.266134999999989
LKOH,1,2025-04-28 12:00:00,2025-04-29 07:00:00,6921.5,6823.5,31.650218713289416,57,-5977.7325,-1.1044947371981955,-104.8725
ROSN,1,2025-04-28 12:00:00,2025-04-29 07:00:00,479.1,472.45,2.5650555675916973,834,-5942.896350000028,-0.926006579874388,-7.125775000000034
GMKN,1,2025-04-28 12:00:00,2025-04-29 07:00:00,119.72,116.66,0.873907624452321,3341,-10618.332790000008,-1.2122524589833996,-3.178190000000002
NVTK,1,2025-04-28 12:00:00,2025-04-29 07:00:00,1283.2,1250.2,12.743567341872216,261,-8943.6087,-0.896313648047568,-34.2667
MTSS,1,2025-04-28 12:00:00,2025-04-29 07:00:00,221.0,219.95,1.260503136869168,1809,-2298.2892750000206,-0.3359703393666573,-1.2704750000000113
SNGS,1,2025-04-28 12:00:00,2025-04-29 07:00:00,24.36,23.856562819303896,0.16781239356536723,16420,-8662.2964877765,-1.047887367747291,-0.5275454621057553
GAZP,1,2025-04-28 14:00:00,2025-04-29 09:00:00,152.58,152.66,1.4132233739300857,2358,-171.23796000003753,-0.017128691127825568,-0.07262000000001592
PLZL,1,2025-04-28 15:00:00,2025-04-29 07:00:00,1827.0,1796.8,11.143741455491382,218,-6978.5942000000105,-0.9575449480726335,-32.01190000000005
SBER,-1,2025-04-29 08:00:00,2025-04-30 12:00:00,313.26,307.25,1.3576994873874313,1276,7272.874619999989,1.3993634214710722,5.699744999999991
LKOH,-1,2025-04-29 08:00:00,2025-04-30 11:00:00,6814.5,6637.0,28.683714666346926,58,9904.9065,1.9845668757396606,170.77425
ROSN,-1,2025-04-29 08:00:00,2025-04-30 12:00:00,468.85,457.8,2.7140354035108634,853,9030.43377500001,1.30023789008121,10.586675000000012
TATN,-1,2025-04-29 08:00:00,2025-04-29 13:00:00,723.7,722.5,4.181555148053643,552,263.2488000000251,0.038016159308738244,0.4769000000000454
GMKN,-1,2025-04-29 08:00:00,2025-04-30 12:00:00,116.38,113.0,0.8158962478538991,3437,11222.870469999985,1.3340380833097902,3.2653099999999955
NVTK,-1,2025-04-29 08:00:00,2025-04-30 11:00:00,1246.8,1186.4,12.29550624194114,271,16038.701399999964,1.6044723667177325,59.183399999999864
PLZL,-1,2025-04-29 08:00:00,2025-04-30 12:00:00,1789.2,1725.8,12.92189952029615,223,13746.27750000002,1.590129993483273,61.64250000000009
MTSS,-1,2025-04-29 08:00:00,2025-04-30 15:00:00,219.25,215.4,1.352989995235549,1824,6625.99919999999,0.8949745903005398,3.6326749999999945
GAZP,-1,2025-04-29 10:00:00,2025-04-29 14:00:00,152.93,153.71,1.6003154120616074,2082,-1943.1722400000024,-0.19440334344208035,-0.9333200000000011
TATN,1,2025-04-29 14:00:00,2025-04-30 08:00:00,724.4,718.4,4.823516086864003,552,-3710.2128000000002,-0.4644882750092166,-6.7214
GAZP,1,2025-04-29 15:00:00,2025-04-30 07:00:00,153.12,149.34,1.569558722352648,2123,-8346.001290000002,-0.8348907124900662,-3.931230000000001
GAZP,-1,2025-04-30 08:00:00,2025-04-30 13:00:00,147.33,149.45,1.563139918763251,2132,-4836.207479999949,-0.4837250913521795,-2.268389999999976
SNGS,-1,2025-04-30 08:00:00,2025-04-30 12:00:00,23.555,23.53,0.20077807143584858,16602,24.19741499997639,0.0024197529633513287,0.001457499999998578
TATN,-1,2025-04-30 09:00:00,2025-04-30 11:00:00,710.0,709.4,5.303239352273075,563,-61.76109999998726,-0.006895156759422128,-0.10969999999997737
TATN,1,2025-04-30 12:00:00,2025-04-30 15:00:00,721.1,713.5,5.954452207341088,554,-4607.784200000013,-0.46560678241993114,-8.317300000000023
SNGS,1,2025-04-30 13:00:00,2025-05-02 07:00:00,23.46,22.86,0.21421074083274563,15560,-9696.369600000022,-0.9696992746138108,-0.6231600000000014
LKOH,-1,2025-04-30 15:00:00,2025-05-03 12:00:00,6666.0,6524.0,43.448977621939804,60,8124.3,1.0388046501975419,135.405
ROSN,-1,2025-05-02 07:00:00,2025-05-03 15:00:00,448.8,438.8,3.15906333066963,891,8514.574200000001,1.0083368601935523,9.5562
TATN,-1,2025-05-02 07:00:00,2025-05-03 11:00:00,703.2,699.4,6.024698289615496,553,1713.5811000000378,0.17144426996126702,3.0987000000000684
NVTK,-1,2025-05-02 07:00:00,2025-05-03 15:00:00,1143.2,1119.4,13.304022190645554,250,5667.174999999988,0.5679660801111956,22.668699999999955
SBER,-1,2025-05-02 08:00:00,2025-05-03 15:00:00,303.02,300.7,1.9315806444287071,1320,2663.944799999991,0.3482709020064217,2.018139999999993
GAZP,-1,2025-05-02 08:00:00,2025-05-04 10:00:00,148.11,139.8,1.7807778374902383,1871,15278.670195000004,1.5285539513656048,8.166045000000002
GMKN,-1,2025-05-02 08:00:00,2025-05-03 12:00:00,111.54,109.26,1.0098890141103103,3300,7159.680000000004,0.7161182960655568,2.1696000000000013
PLZL,-1,2025-05-02 08:00:00,2025-05-02 11:00:00,1735.0,1742.6,14.870740546902672,224,-2091.8911999999796,-0.2093327715264103,-9.338799999999909
MTSS,-1,2025-05-02 08:00:00,2025-05-03 09:00:00,212.7,210.7,1.3707159405641294,1880,3362.004,0.43488222640401347,1.7883
SNGS,-1,2025-05-02 08:00:00,2025-05-02 13:00:00,22.7,22.865,0.21834855187744806,15266,-2866.6876449999872,-0.28667085780261303,-0.18778249999999916
PLZL,1,2025-05-02 12:00:00,2025-05-02 15:00:00,1762.2,1749.6,14.796231277594927,225,-3230.077500000031,-0.32341343617993773,-14.355900000000137
PLZL,-1,2025-05-03 07:00:00,2025-05-03 15:00:00,1705.2,1716.0,17.534469010812906,190,-2377.013999999991,-0.23782870170909454,-12.510599999999954
SNGS,-1,2025-05-03 08:00:00,2025-05-06 07:00:00,22.715,22.225,0.1892216380361423,17609,8232.735769999972,0.8236020729487922,0.46752999999999845
SBER,-1,2025-05-04 14:00:00,2025-05-06 07:00:00,301.34,293.23,1.097724816428259,1327,10367.472804999943,2.3723963368222867,7.812714999999957
LKOH,-1,2025-05-04 14:00:00,2025-05-06 07:00:00,6538.0,6307.0,25.15196033115916,61,13699.227499999999,2.9762756334315785,224.5775
ROSN,-1,2025-05-04 14:00:00,2025-05-06 07:00:00,439.2,425.75,2.1093805172817137,910,11845.94774999999,2.057084989858417,13.017524999999988
TATN,-1,2025-05-04 14:00:00,2025-05-06 07:00:00,700.0,677.4,2.4817093294209758,571,12511.352300000013,2.9430387274124343,21.911300000000022
GMKN,-1,2025-05-04 14:00:00,2025-05-06 07:00:00,109.34,107.12,0.5616716118367456,3658,7724.854659999996,1.2532649300743617,2.111769999999999
NVTK,-1,2025-05-04 14:00:00,2025-05-05 10:00:00,1122.0,1119.4,6.879489397311148,356,526.6307999999676,0.07167683116027448,1.479299999999909
PLZL,-1,2025-05-04 14:00:00,2025-05-05 07:00:00,1717.4,1721.2,10.474322555922875,232,-1280.4775999999895,-0.17564540874543966,-5.519299999999955
GAZP,-1,2025-05-05 08:00:00,2025-05-06 10:00:00,140.26,133.31,1.039855526632092,2851,19424.47596499997,2.1840261541161037,6.813214999999989
PLZL,1,2025-05-05 08:00:00,2025-05-05 11:00:00,1733.8,1731.2,10.59106656536536,230,-996.4749999999791,-0.1363570569360138,-4.332499999999909
MTSS,-1,2025-05-05 08:00:00,2025-05-06 07:00:00,210.35,206.2,1.015798411293994,1901,7493.219225000011,1.2934735068738572,3.9417250000000057
NVTK,1,2025-05-05 11:00:00,2025-05-05 12:00:00,1112.6,1113.0,7.675498242965585,359,-255.89519999996736,-0.030955645155377968,-0.7127999999999091
PLZL,-1,2025-05-05 12:00:00,2025-05-06 07:00:00,1730.0,1764.0,12.391452836666994,231,-8257.557,-0.961603681483381,-35.747
NVTK,-1,2025-05-05 13:00:00,2025-05-06 08:00:00,1110.2,1076.8,8.094689811536659,360,11630.340000000033,1.330357751075956,32.30650000000009
SBER,1,2025-05-06 08:00:00,2025-05-07 13:00:00,296.83,303.27,1.8760620321105863,1347,8270.512649999997,1.090928745942105,6.139949999999998
PLZL,1,2025-05-06 08:00:00,2025-05-07 07:00:00,1777.2,1783.8,13.596960898146241,225,1084.3874999999796,0.1181514025107621,4.819499999999909
MTSS,1,2025-05-06 08:00:00,2025-05-07 07:00:00,209.7,212.6,1.5307226472936086,1907,5127.636950000011,0.5855295437863989,2.6888500000000057
SNGS,1,2025-05-06 08:00:00,2025-05-07 07:00:00,22.455,22.69,0.16753000315458622,17813,3783.971057500053,0.4226655842734593,0.212427500000003
NVTK,1,2025-05-06 09:00:00,2025-05-08 12:00:00,1097.4,1163.2,11.976534450293924,278,17978.176599999984,1.799900192842314,64.66969999999995
GAZP,1,2025-05-06 11:00:00,2025-05-08 14:00:00,135.32,142.55,1.4853269057535508,2244,15912.34986000004,1.59135899590681,7.091065000000018
GMKN,-1,2025-05-06 11:00:00,2025-05-06 13:00:00,107.06,108.12,0.7550169367707881,3736,-4362.1162400000085,-0.5154807100503783,-1.1675900000000023
GMKN,1,2025-05-06 14:00:00,2025-05-08 12:00:00,108.2,110.66,0.7460758783110152,3696,8687.706719999976,1.0501925556246243,2.3505699999999936
LKOH,-1,2025-05-07 08:00:00,2025-05-07 08:00:00,6396.0,6396.0,41.91270260396337,62,-396.552,-0.05086763361803333,-6.396
ROSN,-1,2025-05-07 08:00:00,2025-05-07 11:00:00,432.15,433.85,3.115370754269518,925,-1973.025000000042,-0.22822323764374172,-2.1330000000000453
TATN,-1,2025-05-07 08:00:00,2025-05-07 08:00:00,688.0,688.0,5.569958534213175,581,-399.728,-0.041173256842876926,-0.6880000000000001
PLZL,-1,2025-05-07 08:00:00,2025-05-08 13:00:00,1792.6,1751.8,13.158059340411818,223,8703.19939999999,0.9886918982582649,39.02779999999996
MTSS,-1,2025-05-07 08:00:00,2025-05-07 13:00:00,211.7,214.45,1.7101315719987635,1889,-5597.248675,-0.5775530274037772,-2.963075
SNGS,-1,2025-05-07 08:00:00,2025-05-07 08:00:00,22.795,22.795,0.1774186498653201,17547,-399.98386500000004,-0.042827139870026565,-0.022795000000000003
LKOH,1,2025-05-07 09:00:00,2025-05-07 13:00:00,6458.5,6410.0,43.561795275108835,61,-3350.98925,-0.4203549589961411,-54.93425
TATN,1,2025-05-07 09:00:00,2025-05-08 12:00:00,694.3,693.0,5.8292472103408075,571,-1138.374149999974,-0.11400271356155639,-1.9936499999999544
SNGS,1,2025-05-07 09:00:00,2025-05-07 13:00:00,23.075,23.105,0.18867446058922588,17334,119.77794000001971,0.012207976247238005,0.0069100000000011375
ROSN,1,2025-05-07 12:00:00,2025-05-08 12:00:00,434.65,443.5,3.002575856744371,920,7738.05100000002,0.9337454906823247,8.410925000000022
SBER,-1,2025-05-07 14:00:00,2025-05-07 14:00:00,301.54,301.54,1.835927374045915,1326,-399.84204000000005,-0.05474798990105345,-0.30154000000000003
MTSS,1,2025-05-07 14:00:00,2025-05-08 11:00:00,214.95,216.0,1.712093900993075,1860,1552.2165000000211,0.16247648557047747,0.8345250000000114
SNGS,-1,2025-05-07 14:00:00,2025-05-08 07:00:00,22.755,23.065,0.23124122667555835,14414,-4798.5647400000325,-0.4798884766153596,-0.33291000000000226
SBER,1,2025-05-07 15:00:00,2025-05-08 11:00:00,303.39,304.54,1.919075418756921,1318,1115.074130000045,0.14695184144943652,0.8460350000000341
SNGS,1,2025-05-08 08:00:00,2025-05-11 12:00:00,23.1,23.385,0.23515013666406767,14175,3710.412562500002,0.37105017771964044,0.26175750000000014
SBER,-1,2025-05-08 12:00:00,2025-05-10 07:00:00,303.32,303.53,1.6625311058921435,1318,-676.694149999973,-0.10294042984225682,-0.5134249999999795
LKOH,-1,2025-05-08 12:00:00,2025-05-08 13:00:00,6468.5,6488.0,39.649071078795544,61,-1584.67325,-0.2184015017516451,-25.97825
TATN,-1,2025-05-08 13:00:00,2025-05-10 07:00:00,693.1,697.8,5.3152948902706285,577,-3113.174649999961,-0.3383600290221604,-5.395449999999932
LKOH,1,2025-05-08 14:00:00,2025-05-10 15:00:00,6511.0,6583.0,39.151494960798196,61,3992.6330000000003,0.5572626712852823,65.453
SBER,1,2025-05-10 08:00:00,2025-05-11 12:00:00,303.16,306.17,1.6494220263506516,1319,3568.336864999988,0.5467238335167114,2.705334999999991
TATN,1,2025-05-10 08:00:00,2025-05-11 13:00:00,700.8,706.3,4.853215778868687,570,2733.9765,0.3294344903492752,4.79645
GMKN,1,2025-05-10 08:00:00,2025-05-11 12:00:00,111.76,113.26,0.7399521619150383,3579,4965.826709999999,0.6250359016043671,1.38749
PLZL,-1,2025-05-10 08:00:00,2025-05-11 11:00:00,1747.2,1752.8,11.240633962883697,228,-1675.7999999999793,-0.21795923682683832,-7.349999999999909
MTSS,1,2025-05-10 08:00:00,2025-05-11 13:00:00,216.05,217.1,1.440954050997127,1851,1542.6696749999685,0.1927947203736905,0.833424999999983
GAZP,1,2025-05-10 10:00:00,2025-05-12 11:00:00,144.05,148.35,1.1496403003135758,2776,11530.948799999951,1.2043767077600973,4.153799999999983
NVTK,1,2025-05-10 14:00:00,2025-05-11 13:00:00,1168.6,1182.8,9.399842811769014,342,4454.310600000016,0.4618623332613269,13.024300000000046
LKOH,1,2025-05-11 08:00:00,2025-05-11 13:00:00,6652.5,6647.0,26.089080758449153,60,-728.985,-0.15523416498126594,-12.149750000000001
ROSN,1,2025-05-11 08:00:00,2025-05-12 12:00:00,452.15,457.95,2.4105294567675433,884,4724.93580000001,0.7391114823334911,5.344950000000011
PLZL,1,2025-05-11 12:00:00,2025-05-12 07:00:00,1751.2,1748.8,7.378197739572631,228,-946.2000000000207,-0.18748932763267073,-4.150000000000091
SBER,-1,2025-05-11 13:00:00,2025-05-12 07:00:00,305.09,309.62,1.1184052780616236,1311,-6341.772405000039,-1.441741824986122,-4.83735500000003
SBER,1,2025-05-12 08:00:00,2025-05-14 07:00:00,311.1,310.44,1.0871869311411384,1285,-1247.4394500000321,-0.2976397073319859,-0.970770000000025
LKOH,1,2025-05-12 08:00:00,2025-05-12 09:00:00,6769.0,6693.276313265142,25.241228911619334,59,-4864.834668597964,-1.0888907876369198,-82.45482489149092
TATN,1,2025-05-12 08:00:00,2025-05-12 13:00:00,719.9,710.8535248972188,3.015491700927067,555,-5417.827785202538,-1.0790779562559858,-9.761851865229797
GMKN,1,2025-05-12 08:00:00,2025-05-12 13:00:00,114.26,113.9,0.5911883831886516,3500,-1659.2799999999982,-0.2673034030444392,-0.47407999999999945
NVTK,1,2025-05-12 08:00:00,2025-05-13 09:00:00,1202.4,1188.8,7.324888889439571,332,-4912.139200000045,-0.6733025908115925,-14.795600000000137
PLZL,-1,2025-05-12 08:00:00,2025-05-12 13:00:00,1711.0,1720.2,9.254081211175286,233,-2543.3348000000105,-0.393181478560987,-10.915600000000046
MTSS,1,2025-05-12 08:00:00,2025-05-13 08:00:00,219.65,220.5,0.8583640563045337,1821,1147.0934249999896,0.24462231201058393,0.6299249999999943
SNGS,1,2025-05-12 08:00:00,2025-05-12 14:00:00,23.595,23.39,0.1200668600515332,16952,-3873.404859999971,-0.6343479510830559,-0.2284924999999983
GMKN,-1,2025-05-12 14:00:00,2025-05-13 07:00:00,112.94,114.54,0.5991827954166682,3541,-6068.35334000003,-0.9533762835587225,-1.7137400000000085
SNGS,-1,2025-05-12 15:00:00,2025-05-14 13:00:00,23.28,23.53,0.14392455727570017,17182,-4697.6447100000005,-0.6332136900405598,-0.273405
GMKN,1,2025-05-13 08:00:00,2025-05-13 08:00:00,114.1,114.1,0.6600672746102118,3505,-399.9205,-0.05762038930924591,-0.1141
GMKN,-1,2025-05-13 09:00:00,2025-05-14 11:00:00,112.94,113.36,0.711491040709482,3541,-1887.884150000006,-0.24978061071500265,-0.5331500000000017
MTSS,-1,2025-05-13 09:00:00,2025-05-13 12:00:00,218.05,218.35,1.1262993829273538,1834,-950.3787999999686,-0.1533636046966288,-0.5181999999999829
GAZP,1,2025-05-13 10:00:00,2025-05-13 11:00:00,146.76,146.72,0.9543689538568096,2725,-508.8664999999783,-0.06522285371408185,-0.18673999999999205
NVTK,-1,2025-05-13 10:00:00,2025-05-14 13:00:00,1195.6,1197.2,8.729708408611117,334,-933.9976000000456,-0.10677714417286932,-2.7964000000001366
GAZP,-1,2025-05-13 12:00:00,2025-05-14 13:00:00,145.11,145.34,0.9985120061316368,2756,-1034.120099999972,-0.12526138817754745,-0.3752249999999898
MTSS,1,2025-05-13 13:00:00,2025-05-14 08:00:00,219.5,217.65,1.188211596100277,1822,-3768.9436499999897,-0.5803048903604597,-2.0685749999999943
ROSN,1,2025-05-13 14:00:00,2025-05-14 07:00:00,456.15,454.5,2.6770264285010086,876,-1844.2646999999802,-0.26214720651560725,-2.1053249999999775
PLZL,-1,2025-05-13 15:00:00,2025-05-15 13:00:00,1754.6,1689.6,12.8324827342551,227,14364.0833,1.6436907627413784,63.2779
SBER,-1,2025-05-14 08:00:00,2025-05-14 12:00:00,310.5,311.72,1.2530386413074392,1288,-1972.069680000035,-0.4073058748351778,-1.5311100000000273
ROSN,-1,2025-05-14 08:00:00,2025-05-14 12:00:00,451.1,451.75,2.699044119320962,886,-975.8625499999798,-0.1360265525259462,-1.1014249999999772
MTSS,-1,2025-05-14 09:00:00,2025-05-15 10:00:00,217.3,215.85,1.168614729262472,1840,2269.5020000000313,0.35181968562568877,1.233425000000017
GMKN,1,2025-05-14 12:00:00,2025-05-14 14:00:00,113.78,113.78,0.6600236081101694,3515,-399.93670000000003,-0.05746259103558619,-0.11378
SBER,1,2025-05-14 13:00:00,2025-05-15 07:00:00,312.05,306.56,1.1477033309167397,1281,-7428.909705000012,-1.6843217359337845,-5.799305000000009
ROSN,1,2025-05-14 13:00:00,2025-05-14 14:00:00,452.4,451.9,2.388828386600518,884,-841.7006,-0.1328615044570002,-0.95215
GAZP,1,2025-05-14 14:00:00,2025-05-15 07:00:00,145.64,141.65,0.9319537702280453,2746,-11350.989169999948,-1.478487142478643,-4.133644999999981
NVTK,1,2025-05-14 14:00:00,2025-05-15 07:00:00,1194.8,1156.6,7.282024557027081,334,-13151.483800000015,-1.8024154176557436,-39.375700000000045
SNGS,1,2025-05-14 14:00:00,2025-05-15 07:00:00,23.47,22.885,0.1201433358892839,17043,-10365.169132499954,-1.6873664430306068,-0.6081774999999973
ROSN,-1,2025-05-14 15:00:00,2025-05-15 13:00:00,451.2,443.35,2.3617959047728943,886,6558.81434999997,1.0447875682286212,7.402724999999966
TATN,-1,2025-05-14 15:00:00,2025-05-15 13:00:00,712.2,696.3,3.3657051645894644,561,8524.81575000005,1.504959511394953,15.195750000000091
GMKN,-1,2025-05-14 15:00:00,2025-05-15 12:00:00,113.22,110.42,0.6795597183010352,3532,9494.65175999999,1.3185890450367415,2.6881799999999973
SBER,-1,2025-05-15 08:00:00,2025-05-15 14:00:00,303.51,303.9,1.353923230797405,1317,-913.609484999982,-0.1707888562217871,-0.6937049999999864
GAZP,-1,2025-05-15 08:00:00,2025-05-16 07:00:00,143.0,139.82,0.9452049683640745,2797,8498.93623000002,1.0715806277302602,3.038590000000007
LKOH,-1,2025-05-15 08:00:00,2025-05-16 07:00:00,6612.0,6588.5,36.00675356282285,60,1013.985,0.15644981684259252,16.89975
NVTK,-1,2025-05-15 08:00:00,2025-05-15 13:00:00,1146.2,1156.0,7.640454792925833,348,-3810.982799999984,-0.4777682435928374,-10.951099999999954
SNGS,-1,2025-05-15 08:00:00,2025-05-17 08:00:00,22.76,22.8,0.11965740122039241,17574,-1103.2957199999848,-0.17488819290101704,-0.06277999999999914
ROSN,-1,2025-05-16 10:00:00,2025-05-16 13:00:00,442.5,432.3,2.7634243268218643,903,8815.62779999999,1.1775969287143675,9.762599999999988
GMKN,-1,2025-05-16 11:00:00,2025-05-16 13:00:00,109.94,108.32,0.7738476356270972,3638,5496.545060000017,0.6508042541542656,1.5108700000000046
MTSS,-1,2025-05-16 11:00:00,2025-05-16 13:00:00,216.75,214.0,1.2771972482547804,1845,4676.383125,0.6615070625578587,2.534625
SBER,-1,2025-05-16 12:00:00,2025-05-16 13:00:00,304.31,299.37,1.670513528273829,1314,6094.542239999996,0.9254958473343801,4.638159999999997
LKOH,-1,2025-05-16 13:00:00,2025-05-16 13:00:00,6509.5,6509.5,44.51465517170889,61,-397.0795,-0.04874424669726212,-6.5095
TATN,-1,2025-05-16 13:00:00,2025-05-16 13:00:00,687.3,687.3,5.5657620964240655,581,-399.3213,-0.041162377412285366,-0.6873
NVTK,-1,2025-05-16 13:00:00,2025-05-16 13:00:00,1118.8,1118.8,11.433595907211028,291,-325.5708,-0.03261732672379377,-1.1188
PLZL,-1,2025-05-16 13:00:00,2025-05-18 08:00:00,1654.8,1682.4,15.174542833759995,219,-6409.82340000003,-0.6429320544863245,-29.268600000000138
SBER,1,2025-05-16 14:00:00,2025-05-19 07:00:00,307.38,309.03,2.7050856442769216,1232,1653.091439999972,0.16534226964172435,1.3417949999999772
GAZP,-1,2025-05-16 14:00:00,2025-05-17 09:00:00,138.73,139.4,1.1075384585575772,2883,-2332.534395000046,-0.2435024546999227,-0.8090650000000159
LKOH,1,2025-05-16 14:00:00,2025-05-19 07:00:00,6618.5,6680.5,55.477894088015404,60,3321.0299999999997,0.3325678987993951,55.3505
ROSN,1,2025-05-16 14:00:00,2025-05-19 07:00:00,441.6,443.9,4.1169919356091045,809,1502.5152499999633,0.15037273402910503,1.8572499999999545
TATN,1,2025-05-16 14:00:00,2025-05-19 07:00:00,705.0,700.8,7.2110648038223415,462,-2265.139800000021,-0.22663781902691096,-4.902900000000045
GMKN,1,2025-05-16 14:00:00,2025-05-19 07:00:00,110.52,111.78,1.0955551222568278,3042,3494.8017000000154,0.34954881979021757,1.148850000000005
NVTK,1,2025-05-16 14:00:00,2025-05-20 07:00:00,1155.2,1156.4,15.716910485267391,212,9.370400000009607,0.0009374191796256057,0.044200000000045314
MTSS,1,2025-05-16 14:00:00,2025-05-19 07:00:00,216.85,219.75,1.783856543154429,1844,4945.05480000001,0.5011053178184949,2.6817000000000055
SNGS,1,2025-05-17 09:00:00,2025-05-19 07:00:00,22.81,22.87,0.16778183665076027,17536,651.6377600000399,0.07382602857334555,0.037160000000002275
GAZP,1,2025-05-17 10:00:00,2025-05-18 15:00:00,139.41,142.54,1.1511158868261644,2869,8575.512724999986,0.865544188964119,2.9890249999999954
PLZL,1,2025-05-18 09:00:00,2025-05-19 13:00:00,1684.0,1672.2,10.264885220158503,237,-3194.3096999999893,-0.4376765939064843,-13.478099999999955
LKOH,-1,2025-05-19 08:00:00,2025-05-21 11:00:00,6646.0,6600.5,26.887499840071253,60,2332.605,0.4819680797302545,38.87675
ROSN,-1,2025-05-19 08:00:00,2025-05-21 11:00:00,441.95,431.45,1.9830515132147069,905,9107.2865,1.691551283958071,10.0633
TATN,-1,2025-05-19 08:00:00,2025-05-21 11:00:00,699.1,689.6,3.3939884622181995,572,5036.8318,0.8648281216455007,8.80565
MTSS,-1,2025-05-19 08:00:00,2025-05-20 09:00:00,218.1,216.1,1.266592494782849,1834,3269.8386,0.46921168603789154,1.7829
PLZL,-1,2025-05-19 14:00:00,2025-05-20 09:00:00,1658.6,1641.2,9.464674227909624,241,3795.774099999967,0.5546977325275373,15.750099999999863
GAZP,1,2025-05-19 15:00:00,2025-05-20 07:00:00,142.05,140.04,0.8260387399178158,2815,-6055.191675000055,-0.8680161902229231,-2.1510450000000194
SBER,1,2025-05-20 07:00:00,2025-05-20 07:00:00,308.87,308.87,1.3263305800919964,1295,-399.98665000000005,-0.0776251925515624,-0.30887000000000003
GMKN,1,2025-05-20 07:00:00,2025-05-20 07:00:00,110.3,110.3,0.6374676728699286,3626,-399.9478,-0.057676127326018435,-0.1103
SBER,-1,2025-05-20 08:00:00,2025-05-21 11:00:00,307.21,305.49,1.36802125294257,1302,1840.5722999999614,0.3444512763621799,1.4136499999999703
GAZP,-1,2025-05-20 08:00:00,2025-05-21 11:00:00,140.18,136.34,0.8211252400311775,2853,10561.064220000011,1.5027102726576569,3.7017400000000036
GMKN,-1,2025-05-20 08:00:00,2025-05-21 13:00:00,109.42,106.84,0.6676485533792186,3655,9034.684849999994,1.2341173548513118,2.4718699999999982
NVTK,-1,2025-05-20 08:00:00,2025-05-21 11:00:00,1146.0,1139.2,8.23125841811251,349,1974.4325999999842,0.2291022713915004,5.657399999999955
PLZL,1,2025-05-20 10:00:00,2025-05-21 13:00:00,1668.2,1705.2,11.84631940579679,239,8439.8787,0.9936503986411186,35.3133
MTSS,1,2025-05-20 10:00:00,2025-05-20 15:00:00,217.8,218.2,1.3523907642745854,1836,334.15199999995826,0.04485882946649695,0.18199999999997726
SNGS,1,2025-05-20 12:00:00,2025-05-20 12:00:00,22.76,22.76,0.1254752736598227,17574,-399.98424000000006,-0.06046343989043577,-0.022760000000000002
SNGS,-1,2025-05-20 13:00:00,2025-05-21 11:00:00,22.505,22.325,0.13865561125554957,17773,2800.758204999995,0.3788402997735214,0.15758499999999973
MTSS,-1,2025-05-21 07:00:00,2025-05-22 10:00:00,217.8,213.6,1.3344513941519676,1836,7315.174800000032,0.9952404454895878,3.984300000000017
GAZP,-1,2025-05-21 13:00:00,2025-05-23 13:00:00,137.6,130.38,1.425840741120977,2337,16560.00537,1.656568833540524,7.086009999999999
ROSN,-1,2025-05-21 15:00:00,2025-05-22 12:00:00,430.5,423.6,2.1629491751985856,929,6013.370549999979,0.997550023246336,6.472949999999977
SBER,-1,2025-05-22 07:00:00,2025-05-22 12:00:00,302.83,301.36,1.4791240406663306,1320,1541.634599999961,0.2631974438677099,1.1679049999999704
TATN,-1,2025-05-22 07:00:00,2025-05-22 12:00:00,683.8,680.9,4.592925712395878,584,1295.1075999999866,0.16094679360294945,2.2176499999999773
GMKN,-1,2025-05-22 07:00:00,2025-05-22 11:00:00,104.22,104.6,0.6925243011634135,3838,-1859.1655799999826,-0.23316149300282354,-0.48440999999999546
NVTK,-1,2025-05-22 07:00:00,2025-05-22 14:00:00,1129.0,1117.2,7.984485839328148,354,3779.622599999984,0.4457352343386609,10.676899999999954
SNGS,-1,2025-05-22 07:00:00,2025-05-22 14:00:00,22.045,21.83,0.1440830294072446,18144,3502.926000000062,0.4466464019490697,0.1930625000000034
LKOH,-1,2025-05-22 08:00:00,2025-05-22 14:00:00,6507.5,6516.5,32.4948490813326,61,-946.232,-0.15912265521605615,-15.512
TATN,1,2025-05-22 13:00:00,2025-05-23 11:00:00,689.2,697.1,5.440923659163578,580,4179.972999999986,0.4415212349630033,7.206849999999977
PLZL,1,2025-05-22 14:00:00,2025-05-26 07:00:00,1661.0,1688.6,13.3643306973975,240,6222.047999999978,0.6466267207093392,25.925199999999908
LKOH,1,2025-05-22 15:00:00,2025-05-26 09:00:00,6557.0,6507.0,38.5704192651867,61,-3448.4519999999998,-0.4885609324192236,-56.532
SBER,-1,2025-05-23 08:00:00,2025-05-26 14:00:00,302.01,296.12,1.7155670396925988,1324,7402.397939999983,1.0863142954378102,5.590934999999987
ROSN,-1,2025-05-23 08:00:00,2025-05-26 13:00:00,424.2,414.2,2.8644323769134403,942,9025.1136,1.114915480546709,9.5808
GMKN,-1,2025-05-23 08:00:00,2025-05-27 07:00:00,104.28,101.24,0.8830940131577304,3774,11085.143760000024,1.108692829316155,2.9372400000000063
NVTK,-1,2025-05-23 08:00:00,2025-05-27 07:00:00,1087.6,1038.2,10.731607650124152,310,14984.500999999958,1.501393564875643,48.337099999999865
MTSS,-1,2025-05-23 08:00:00,2025-05-26 15:00:00,217.95,209.5,1.360374544736964,1835,15113.564624999979,2.0181390563514547,8.236274999999988
TATN,-1,2025-05-23 12:00:00,2025-05-23 14:00:00,691.3,690.1,6.0142187403478395,554,282.15219999996214,0.028227551074543264,0.5092999999999317
TATN,1,2025-05-23 15:00:00,2025-05-23 15:00:00,690.8,690.8,5.830844960839721,571,-394.4468,-0.03949113176789134,-0.6908
TATN,-1,2025-05-26 07:00:00,2025-05-27 07:00:00,685.9,684.7,5.78578460649403,576,296.4671999999607,0.02965313753195644,0.5146999999999318
GAZP,-1,2025-05-26 08:00:00,2025-05-27 09:00:00,128.1,123.54,1.2811775899540017,2601,11533.30217999997,1.1536730048900272,4.434179999999988
PLZL,-1,2025-05-26 08:00:00,2025-05-27 14:00:00,1687.2,1655.6,13.689859163838156,237,7093.078200000033,0.7287291914844704,29.928600000000138
SNGS,-1,2025-05-26 08:00:00,2025-05-28 12:00:00,21.425,21.71,0.1578768871227976,18669,-5723.308657500003,-0.6472712284172627,-0.30656750000000016
LKOH,-1,2025-05-26 10:00:00,2025-05-27 07:00:00,6475.5,6467.5,34.4424611969501,61,93.23850000000002,0.014792787225238033,1.5285000000000002
LKOH,1,2025-05-27 08:00:00,2025-05-27 13:00:00,6458.5,6453.0,33.64559736045454,61,-729.30075,-0.11844788955015184,-11.95575
ROSN,-1,2025-05-27 11:00:00,2025-05-27 15:00:00,412.65,412.55,2.96878753376707,969,-302.9094000000331,-0.03509850361968911,-0.31260000000003413
NVTK,-1,2025-05-27 11:00:00,2025-05-27 15:00:00,1031.0,1033.2,9.023573332085027,369,-1192.6449000000166,-0.11939468179816307,-3.2321000000000453
SBER,-1,2025-05-27 13:00:00,2025-05-27 14:00:00,298.0,298.0,1.4618832451654058,1342,-399.916,-0.06794888282757094,-0.298
TATN,-1,2025-05-27 13:00:00,2025-05-27 15:00:00,680.3,679.3,4.4685510614361785,587,187.95740000000004,0.023885445609975773,0.32020000000000004
LKOH,-1,2025-05-27 14:00:00,2025-05-28 07:00:00,6438.5,6516.0,34.461301619358515,62,-5206.5895,-0.8122855304728835,-83.97725
MTSS,-1,2025-05-27 14:00:00,2025-05-28 07:00:00,211.55,213.8,1.1967296757769592,1890,-4654.45575,-0.685945776462604,-2.462675
SBER,1,2025-05-27 15:00:00,2025-05-29 07:00:00,299.34,307.5,1.4449401450660926,1336,10496.390880000034,1.812434936452139,7.856580000000025
ROSN,1,2025-05-28 07:00:00,2025-05-29 13:00:00,415.7,432.8,2.8782484228576184,962,16042.071500000022,1.931238210430286,16.675750000000022
TATN,1,2025-05-28 07:00:00,2025-05-28 10:00:00,685.6,683.5,4.407546166900606,583,-1623.3926500000132,-0.21058958844350367,-2.7845500000000225
NVTK,1,2025-05-28 07:00:00,2025-05-29 12:00:00,1048.0,1109.6,9.099158113416,366,22150.759199999968,2.217098887817842,60.52119999999991
LKOH,1,2025-05-28 08:00:00,2025-05-29 13:00:00,6565.0,6729.5,36.61059754290476,60,9471.164999999999,1.437222740537617,157.85275
MTSS,1,2025-05-28 08:00:00,2025-05-29 14:00:00,214.0,218.55,1.1999326157733152,1869,8099.73202500002,1.2038801021080878,4.333725000000011
TATN,-1,2025-05-28 11:00:00,2025-05-29 07:00:00,679.2,684.5,4.408169150167857,588,-3517.327799999973,-0.4523306461423011,-5.981849999999954
PLZL,-1,2025-05-28 11:00:00,2025-05-28 13:00:00,1665.2,1678.0,13.10785483829652,240,-3473.183999999989,-0.3680134336377465,-14.471599999999954
GMKN,-1,2025-05-28 12:00:00,2025-05-28 12:00:00,103.48,103.48,0.9426192561758601,3536,-365.90528,-0.03659307096406068,-0.10348
SNGS,1,2025-05-28 13:00:00,2025-05-29 13:00:00,21.8,22.22,0.13291834016772858,18348,7302.320519999967,0.9980814774388992,0.3979899999999982
PLZL,1,2025-05-28 14:00:00,2025-05-30 07:00:00,1687.2,1691.6,13.33220010194514,237,642.4121999999677,0.06777075999642881,2.7105999999998636
GAZP,-1,2025-05-29 07:00:00,2025-05-29 07:00:00,132.3,132.3,1.0887102692891077,3023,-399.9429,-0.040506644645499544,-0.1323
GAZP,1,2025-05-29 08:00:00,2025-05-29 11:00:00,131.48,130.32,1.1359452500541716,2934,-3787.50059999999,-0.3788034678427314,-1.2908999999999966
TATN,1,2025-05-29 08:00:00,2025-05-29 14:00:00,685.3,693.0,4.725418117072894,583,4087.325550000027,0.4945488297758533,7.010850000000046
GMKN,1,2025-05-29 08:00:00,2025-05-29 13:00:00,105.52,106.72,0.8893302855270574,3748,4099.86224000001,0.41000140510291216,1.0938800000000029
SBER,1,2025-05-29 11:00:00,2025-05-29 13:00:00,308.88,308.31,1.6089308840262764,1295,-1137.780524999991,-0.18202459963172338,-0.8785949999999931
SBER,-1,2025-05-29 14:00:00,2025-05-30 09:00:00,307.5,306.3,1.6139581458475714,1300,1161.0299999999852,0.1844533582025814,0.8930999999999887
GAZP,1,2025-05-29 14:00:00,2025-05-30 07:00:00,131.91,129.34,1.086060580156431,3032,-8188.29499999998,-0.8288748802609791,-2.7006249999999934
TATN,-1,2025-05-29 15:00:00,2025-05-30 09:00:00,688.8,695.7,4.994284383633202,580,-4403.505000000053,-0.5067292540035496,-7.5922500000000905
GAZP,-1,2025-05-30 08:00:00,2025-05-30 13:00:00,130.68,130.29,1.1463757633395346,2907,754.4101050000429,0.07545955066949876,0.25951500000001476
LKOH,1,2025-05-30 08:00:00,2025-05-30 12:00:00,6704.5,6726.0,37.78155968087131,59,872.3002499999999,0.13044061816471694,14.784749999999999
PLZL,-1,2025-05-30 08:00:00,2025-05-30 11:00:00,1680.0,1689.8,11.166845127295241,238,-2733.4061999999894,-0.3428273569087503,-11.484899999999955
SBER,1,2025-05-30 10:00:00,2025-05-30 15:00:00,309.32,308.26,1.7245497074250717,1293,-1769.8454700000027,-0.2645695461075353,-1.3687900000000022
ROSN,1,2025-05-30 10:00:00,2025-05-30 14:00:00,429.4,430.0,3.797187701132819,877,149.35310000001996,0.0149496604157174,0.17030000000002277
TATN,1,2025-05-30 10:00:00,2025-06-02 07:00:00,697.9,663.4,4.702326017309137,573,-20158.51245,-2.4938473619581005,-35.18065
GMKN,1,2025-05-30 10:00:00,2025-05-30 12:00:00,106.22,105.82,0.9165332848511362,3636,-1839.8887200000206,-0.18403405105001858,-0.5060200000000057
NVTK,1,2025-05-30 10:00:00,2025-05-31 10:00:00,1102.8,1105.2,11.666927353003834,285,369.3600000000259,0.03702774406054779,1.2960000000000909
MTSS,1,2025-05-30 11:00:00,2025-06-01 07:00:00,216.5,218.0,1.388884661194239,1847,2369.23925,0.30786093711026646,1.28275
SNGS,1,2025-05-30 11:00:00,2025-06-01 07:00:00,22.07,22.005,0.17866047321282907,18124,-1577.4676500000232,-0.1623890247141533,-0.08703750000000128
PLZL,1,2025-05-30 12:00:00,2025-05-30 14:00:00,1682.8,1684.8,11.05788899626925,237,74.9394,0.0095316565427235,0.31620000000000004
LKOH,-1,2025-05-30 13:00:00,2025-05-31 07:00:00,6718.5,6762.0,35.59323893799785,59,-2964.17475,-0.47050368271267023,-50.24025
GMKN,-1,2025-05-30 13:00:00,2025-05-31 07:00:00,105.52,106.48,0.9041995724555186,3686,-3929.27600000003,-0.39298108974810025,-1.066000000000008
GAZP,1,2025-05-30 14:00:00,2025-05-31 14:00:00,131.19,132.49,1.2073536525848518,2760,3224.1216000000313,0.32251251804558123,1.1681600000000114
ROSN,-1,2025-05-30 15:00:00,2025-05-31 15:00:00,428.2,428.8,3.5061274006305183,934,-960.6190000000213,-0.09778119679042127,-1.0285000000000228
PLZL,-1,2025-05-30 15:00:00,2025-05-31 14:00:00,1675.8,1684.0,10.921203398252011,238,-2351.416200000011,-0.3015510177685294,-9.879900000000045
SBER,-1,2025-05-31 07:00:00,2025-06-02 07:00:00,309.3,306.01,1.5405731294394165,1293,3856.1720850000265,0.6452890687258354,2.9823450000000205
LKOH,1,2025-05-31 08:00:00,2025-06-01 07:00:00,6790.0,6785.0,31.884709425972428,58,-683.6750000000001,-0.12323043670161453,-11.787500000000001
GMKN,1,2025-05-31 08:00:00,2025-06-01 08:00:00,107.32,105.94,0.9751094332804575,3418,-5081.3013399999845,-0.5081925334946538,-1.4866299999999955
NVTK,-1,2025-05-31 11:00:00,2025-06-02 07:00:00,1103.0,1083.6,8.930920448849108,362,6627.025400000033,0.6832703715460521,18.30670000000009
PLZL,1,2025-05-31 15:00:00,2025-06-01 08:00:00,1686.4,1684.6,7.4721943094734184,237,-826.0635000000432,-0.1554875696768746,-3.485500000000182
LKOH,-1,2025-06-01 08:00:00,2025-06-02 07:00:00,6758.5,6795.0,23.217884383912146,59,-2553.32825,-0.6213134278215691,-43.27675
SNGS,-1,2025-06-01 08:00:00,2025-06-02 07:00:00,21.82,21.595,0.11150135294418495,18331,3726.5548175000263,0.6077429993211684,0.20329250000000143
GMKN,-1,2025-06-01 09:00:00,2025-06-02 08:00:00,105.72,104.5,0.6941826466247806,3783,4217.628869999996,0.5353490206171532,1.1148899999999988
PLZL,-1,2025-06-01 09:00:00,2025-06-02 07:00:00,1679.0,1684.8,7.424493767461031,238,-1780.6921999999893,-0.3359106687646286,-7.481899999999955
ROSN,1,2025-06-01 14:00:00,2025-06-01 14:00:00,419.95,419.95,2.4705963175549024,952,-399.7924,-0.05665973527875728,-0.41995
MTSS,1,2025-06-01 15:00:00,2025-06-01 15:00:00,214.65,214.65,0.9969228619724705,1863,-399.89295000000004,-0.07177084880813558,-0.21465
MTSS,-1,2025-06-02 07:00:00,2025-06-02 07:00:00,216.4,216.4,0.9685712289744387,1848,-399.9072,-0.07447395831663403,-0.2164
GAZP,1,2025-06-02 08:00:00,2025-06-02 12:00:00,129.15,129.55,0.9936960115324002,3097,838.2030500000176,0.09078899947232703,0.27065000000000566
TATN,-1,2025-06-02 08:00:00,2025-06-03 11:00:00,662.7,657.9,4.3640757140248985,603,2496.2391000000407,0.31619524738432386,4.139700000000068
MTSS,1,2025-06-02 08:00:00,2025-06-03 13:00:00,216.95,219.9,1.0315304269048375,1843,5034.292725000032,0.8826933033202763,2.731575000000017
GMKN,1,2025-06-02 09:00:00,2025-06-02 12:00:00,104.6,104.22,0.6600936190687834,3824,-1852.3838399999827,-0.24461681697179521,-0.48440999999999546
GAZP,-1,2025-06-02 13:00:00,2025-06-03 07:00:00,128.51,130.05,1.0091345183738532,3112,-5194.799360000064,-0.5513899847200892,-1.6692800000000205
GMKN,-1,2025-06-02 13:00:00,2025-06-02 14:00:00,103.46,103.96,0.6918490695081099,3866,-2333.9428599999997,-0.2908678721064721,-0.60371
SBER,-1,2025-06-02 14:00:00,2025-06-02 14:00:00,304.57,304.57,1.3932737547137488,1313,-399.90041,-0.0728667521295494,-0.30457
SBER,1,2025-06-02 15:00:00,2025-06-04 12:00:00,307.78,317.25,1.6301827722341937,1299,11895.573015000036,1.8724863567393193,9.157485000000028
GMKN,1,2025-06-02 15:00:00,2025-06-04 14:00:00,105.6,112.94,0.8681759834024011,3787,27382.77451000001,2.7762151676754945,7.230730000000003
GAZP,1,2025-06-03 08:00:00,2025-06-03 13:00:00,130.88,130.08,1.0082070225758957,3056,-2843.546879999948,-0.3076352307163642,-0.930479999999983
LKOH,-1,2025-06-03 08:00:00,2025-06-04 10:00:00,6460.0,6477.5,32.42186901707804,61,-1462.09375,-0.24642574828504998,-23.96875
PLZL,-1,2025-06-03 10:00:00,2025-06-03 10:00:00,1737.4,1737.4,10.737283888837448,230,-399.60200000000003,-0.05393666958320849,-1.7374
ROSN,-1,2025-06-03 11:00:00,2025-06-03 11:00:00,442.35,442.35,2.8610941900650366,904,-399.8844,-0.051536227123179144,-0.44235
NVTK,-1,2025-06-03 11:00:00,2025-06-03 11:00:00,1121.6,1121.6,9.48948730252239,351,-393.6816,-0.03939798376328399,-1.1216
SNGS,-1,2025-06-03 12:00:00,2025-06-03 12:00:00,22.475,22.475,0.1704309628974375,17797,-399.98757500000005,-0.04395719263274377,-0.022475000000000002
GAZP,-1,2025-06-03 14:00:00,2025-06-04 10:00:00,129.82,130.7,0.9636851208935783,3081,-3112.611059999986,-0.3494433254516547,-1.0102599999999955
MTSS,1,2025-06-03 15:00:00,2025-06-04 11:00:00,226.95,228.0,1.7434633478165973,1762,1449.28905000002,0.15725882642922387,0.8225250000000114
ROSN,1,2025-06-04 07:00:00,2025-06-04 12:00:00,446.05,447.85,2.9027805473757535,896,1212.3328000000101,0.15537401443399163,1.3530500000000112
NVTK,1,2025-06-04 07:00:00,2025-06-04 12:00:00,1135.2,1137.6,9.220039657983737,352,444.78719999995195,0.04568310068332869,1.2635999999998635
SNGS,1,2025-06-04 07:00:00,2025-06-04 12:00:00,22.935,22.795,0.18017684640029474,17440,-2840.365599999948,-0.30130582490450075,-0.162864999999997
PLZL,1,2025-06-04 09:00:00,2025-06-04 14:00:00,1750.0,1785.4,11.090118602440041,228,7668.1644000000215,1.010878879527953,33.63230000000009
GAZP,1,2025-06-04 11:00:00,2025-06-05 07:00:00,131.15,129.89,0.9043380488113989,3049,-4239.6954800000585,-0.5125369515037823,-1.3905200000000193
ROSN,-1,2025-06-04 13:00:00,2025-06-05 09:00:00,445.3,437.3,2.793082020073769,898,6787.7126,0.9020739987435533,7.5587
TATN,-1,2025-06-04 13:00:00,2025-06-05 07:00:00,658.6,660.4,3.72239975881503,607,-1492.9164999999723,-0.22024322653467493,-2.4594999999999545
PLZL,-1,2025-06-04 15:00:00,2025-06-05 12:00:00,1772.2,1783.2,13.130012457782927,225,-2874.9825,-0.324389131162525,-12.7777
GAZP,-1,2025-06-05 08:00:00,2025-06-06 10:00:00,130.27,129.64,0.8790327562077266,3070,1535.1381500000732,0.18961940324699986,0.5000450000000238
TATN,1,2025-06-05 08:00:00,2025-06-06 11:00:00,658.1,662.9,4.086858587867452,607,2512.6764999999723,0.3376268847250043,4.139499999999955
MTSS,1,2025-06-05 08:00:00,2025-06-06 10:00:00,229.35,233.35,1.815687929940432,1744,6572.5256,0.6918681596940944,3.76865
ROSN,1,2025-06-05 10:00:00,2025-06-06 07:00:00,440.35,439.15,3.570063325579458,908,-1488.8930000000414,-0.1531018594031893,-1.6397500000000456
SBER,1,2025-06-05 11:00:00,2025-06-06 10:00:00,316.89,318.7,1.771213344933247,1262,1883.162710000003,0.2808253833958175,1.4922050000000024
SNGS,1,2025-06-05 11:00:00,2025-06-06 10:00:00,22.625,22.565,0.16204752194896055,17679,-1460.1970049999775,-0.16989872066872938,-0.08259499999999872
PLZL,1,2025-06-05 13:00:00,2025-06-06 10:00:00,1797.8,1832.6,12.83262418937714,222,7322.62559999999,0.8567953967229037,32.98479999999996
GMKN,1,2025-06-06 07:00:00,2025-06-06 11:00:00,109.96,110.68,0.8923079833373776,3637,2217.4061600000477,0.2277539487056589,0.6096800000000131
ROSN,-1,2025-06-06 08:00:00,2025-06-06 08:00:00,445.1,445.1,3.2934924359994553,898,-399.69980000000004,-0.045048430974046795,-0.44510000000000005
NVTK,1,2025-06-06 08:00:00,2025-06-06 10:00:00,1123.4,1124.6,9.000788267545943,356,27.055999999935203,0.002814568300047322,0.07599999999981799
ROSN,1,2025-06-06 09:00:00,2025-06-06 10:00:00,442.6,441.3,3.3368144048566344,903,-1572.9808500000104,-0.17401327420394883,-1.7419500000000114
LKOH,-1,2025-06-06 10:00:00,2025-06-06 10:00:00,6467.5,6467.5,24.103007084178575,61,-394.51750000000004,-0.08944250507018443,-6.4675
LKOH,1,2025-06-06 11:00:00,2025-06-06 11:00:00,6473.5,6473.5,29.167078006737253,61,-394.8835,-0.0739818137708172,-6.4735000000000005
ROSN,-1,2025-06-06 11:00:00,2025-06-08 07:00:00,443.3,430.35,3.9564879307182195,842,10536.09334999999,1.0542325431980173,12.513174999999988
NVTK,-1,2025-06-06 11:00:00,2025-06-08 15:00:00,1116.6,1068.2,12.580077195261829,264,12489.206399999965,1.2535058215651713,47.307599999999866
PLZL,-1,2025-06-06 11:00:00,2025-06-08 07:00:00,1807.0,1758.2,18.994982890443932,175,8228.044999999991,0.8250845371675072,47.01739999999995
SNGS,-1,2025-06-06 11:00:00,2025-06-07 14:00:00,22.54,22.08,0.1725789200690556,17746,7767.246740000015,0.845391004928574,0.43769000000000086
LKOH,-1,2025-06-06 12:00:00,2025-06-07 14:00:00,6443.0,6369.0,31.012286720541734,62,4190.8279999999995,0.7265292474678805,67.594
TATN,-1,2025-06-06 12:00:00,2025-06-08 07:00:00,657.1,644.1,5.0402841466648285,608,7508.4352,0.8167132143513268,12.3494
GMKN,-1,2025-06-06 12:00:00,2025-06-08 07:00:00,110.0,108.48,1.0593190115303242,3146,4438.250959999988,0.4439204132228212,1.410759999999996
GAZP,-1,2025-06-06 13:00:00,2025-06-06 13:00:00,129.37,129.37,0.7802011769747853,3091,-399.88267,-0.055272069058576935,-0.12937
GAZP,1,2025-06-06 14:00:00,2025-06-07 09:00:00,129.49,125.67,1.0180439500480158,3089,-12194.074620000023,-1.2925375175972906,-3.9475800000000074
MTSS,1,2025-06-07 09:00:00,2025-06-07 09:00:00,226.55,226.55,2.3225351693738863,1435,-325.09925000000004,-0.03251475700452993,-0.22655000000000003
GAZP,-1,2025-06-07 10:00:00,2025-06-10 10:00:00,125.67,124.0,0.9587946640872763,3182,4916.715030000006,0.5371900984558635,1.5451650000000017
SBER,1,2025-06-07 12:00:00,2025-06-07 12:00:00,314.64,314.64,1.912050768326617,1271,-399.90743999999995,-0.05485210002650116,-0.31464
GMKN,-1,2025-06-08 09:00:00,2025-06-08 15:00:00,108.1,107.4,0.6230051330971089,3700,2191.324999999958,0.3168780739979733,0.5922499999999886
PLZL,-1,2025-06-08 10:00:00,2025-06-09 07:00:00,1753.0,1737.6,12.844961219399638,228,3113.2716000000205,0.3543464701000812,13.65470000000009
LKOH,-1,2025-06-08 11:00:00,2025-06-08 15:00:00,6349.0,6346.0,22.39663654038614,63,-210.8925,-0.049821469010368435,-3.3475
SNGS,-1,2025-06-08 11:00:00,2025-06-09 07:00:00,22.035,21.915,0.10434455417749698,18152,1779.3498000000181,0.3131452355857307,0.098025000000001
TATN,-1,2025-06-08 13:00:00,2025-06-09 14:00:00,642.1,628.1,2.6228383648559506,622,8312.9678,1.6985288633717768,13.3649
ROSN,-1,2025-06-08 14:00:00,2025-06-08 14:00:00,428.85,428.85,2.0395017766601367,932,-399.6882,-0.07009064744924771,-0.42885
ROSN,1,2025-06-08 15:00:00,2025-06-09 07:00:00,429.6,426.85,2.000965935470127,931,-2958.927475,-0.5294484601430385,-3.178225
SBER,-1,2025-06-09 08:00:00,2025-06-10 07:00:00,312.13,312.91,1.0723442495046656,1281,-1399.5181200000377,-0.33960487362296304,-1.0925200000000295
LKOH,-1,2025-06-09 08:00:00,2025-06-10 14:00:00,6314.0,6169.5,21.082014658388605,63,8710.26975,2.1860379133640113,138.25825
ROSN,-1,2025-06-09 08:00:00,2025-06-10 07:00:00,424.75,426.8,2.1860369545635296,941,-2329.7042750000105,-0.3775134412117523,-2.475775000000011
NVTK,-1,2025-06-09 08:00:00,2025-06-10 07:00:00,1057.4,1051.6,6.356062256607149,378,1793.7990000000689,0.248870018805916,4.745500000000182
MTSS,-1,2025-06-09 08:00:00,2025-06-09 11:00:00,226.15,226.9,1.1490458592693242,1768,-1726.4962,-0.2832857633204678,-0.976525
PLZL,-1,2025-06-09 09:00:00,2025-06-10 13:00:00,1721.6,1697.6,11.160132699695188,232,5171.372799999999,0.6657746402546153,22.290399999999998
SNGS,-1,2025-06-09 09:00:00,2025-06-09 10:00:00,21.925,22.005,0.10893707680625127,18244,-1860.2494599999688,-0.3119996821080696,-0.1019649999999983
SNGS,1,2025-06-09 11:00:00,2025-06-10 10:00:00,21.99,22.135,0.11354778561355343,18190,2236.233125000057,0.3608979818077254,0.12293750000000313
MTSS,1,2025-06-10 08:00:00,2025-06-10 11:00:00,224.35,224.15,1.2263977853431989,1782,-756.0134999999798,-0.11531060179392644,-0.42424999999998864
ROSN,-1,2025-06-10 09:00:00,2025-06-11 07:00:00,423.75,412.0,2.3343392177864297,943,10686.193874999999,1.6181774144984589,11.332125
NVTK,-1,2025-06-10 09:00:00,2025-06-10 15:00:00,1020.6,1022.6,8.520593783449772,391,-1181.4456,-0.11820772420302031,-3.0216000000000003
SBER,-1,2025-06-10 10:00:00,2025-06-11 07:00:00,309.65,309.6,1.4351373954069027,1291,-335.1758750000587,-0.0603020079775322,-0.25962500000004546
TATN,-1,2025-06-10 10:00:00,2025-06-11 07:00:00,630.8,626.5,3.922204250291212,634,2327.635899999971,0.31201417754887595,3.6713499999999546
GMKN,-1,2025-06-10 10:00:00,2025-06-11 07:00:00,108.08,106.98,0.9590067658836018,3475,3448.83324999998,0.34496454571779805,0.9924699999999943
SNGS,-1,2025-06-10 11:00:00,2025-06-11 07:00:00,22.1,22.06,0.12615496264632362,18099,324.3340800000489,0.04734917444413598,0.0179200000000027
GAZP,-1,2025-06-10 12:00:00,2025-06-11 07:00:00,123.18,123.06,0.7211512119535745,3247,-10.130639999985258,-0.001442138601114129,-0.0031199999999954597
MTSS,-1,2025-06-10 12:00:00,2025-06-10 15:00:00,223.35,222.8,1.0614079328193213,1790,585.1957499999694,0.10267023321611506,0.3269249999999829
PLZL,1,2025-06-10 14:00:00,2025-06-11 14:00:00,1712.4,1743.2,14.439429237669517,230,6686.605999999989,0.6711299438382354,29.072199999999953
MTSS,1,2025-06-11 07:00:00,2025-06-11 09:00:00,224.95,224.4,1.111624634768134,1778,-1377.3721499999697,-0.23229513985524047,-0.7746749999999829
ROSN,1,2025-06-11 08:00:00,2025-06-15 07:00:00,414.65,457.6,3.210722799690887,964,40983.375500000046,4.4137387593943105,42.51387500000005
TATN,1,2025-06-11 08:00:00,2025-06-11 14:00:00,629.2,627.7,4.191626703509165,635,-1351.56575,-0.16926205111236764,-2.12845
GMKN,1,2025-06-11 08:00:00,2025-06-11 14:00:00,106.9,107.82,1.009685606240375,3301,2682.5246399999587,0.2682815307317629,0.8126399999999875
SNGS,1,2025-06-11 08:00:00,2025-06-11 13:00:00,22.08,21.98,0.12971369206494762,18115,-2210.573449999961,-0.31358807246269077,-0.12202999999999786
LKOH,-1,2025-06-11 10:00:00,2025-06-13 07:00:00,6183.5,6254.0,31.515178147502983,64,-4910.0,-0.8114476315817007,-76.71875
MTSS,-1,2025-06-11 10:00:00,2025-06-13 09:00:00,223.65,223.35,1.3128969834495605,1788,136.78200000002033,0.019422696770163964,0.07650000000001136
GAZP,-1,2025-06-11 13:00:00,2025-06-13 07:00:00,122.41,124.11,0.7539865760571237,3267,-5956.590420000009,-0.8060532543052722,-1.8232600000000028
SNGS,-1,2025-06-11 14:00:00,2025-06-13 07:00:00,21.835,22.175,0.12986232369196682,18319,-6631.569594999997,-0.9292020187437763,-0.36200499999999985
TATN,-1,2025-06-11 15:00:00,2025-06-13 07:00:00,626.8,628.3,3.8464352998151004,638,-1357.3769,-0.1843741745421856,-2.12755
GMKN,-1,2025-06-11 15:00:00,2025-06-14 13:00:00,107.3,105.98,0.9019403657033305,3695,4483.365199999975,0.4484258036482706,1.213359999999993
PLZL,-1,2025-06-11 15:00:00,2025-06-13 07:00:00,1738.8,1763.0,14.797168643916928,225,-5838.95250000001,-0.5845915666816521,-25.950900000000047
SBER,-1,2025-06-13 08:00:00,2025-06-14 07:00:00,310.81,310.22,1.3324150068278138,1286,359.4177099999678,0.06991940663326489,0.279484999999975
GAZP,1,2025-06-13 08:00:00,2025-06-15 10:00:00,124.04,126.26,0.7188294095889088,3224,6753.796399999996,0.9714173126732168,2.0948499999999988
LKOH,1,2025-06-13 08:00:00,2025-06-13 15:00:00,6279.0,6329.0,29.50634677931416,63,2752.848,0.4936339100964056,43.696
TATN,1,2025-06-13 08:00:00,2025-06-15 07:00:00,635.0,666.9,4.164018192187518,629,19655.652449999983,2.5015140470670914,31.249049999999976
PLZL,1,2025-06-13 08:00:00,2025-06-13 15:00:00,1762.2,1764.2,14.682252555214086,226,53.516799999999975,0.005376105133493418,0.2367999999999999
SNGS,1,2025-06-13 08:00:00,2025-06-14 15:00:00,22.19,23.065,0.1325701622271325,18026,15364.866684999999,2.143198453509294,0.8523725
MTSS,1,2025-06-13 10:00:00,2025-06-15 09:00:00,224.75,224.95,1.2272518838416535,1779,-44.20815000002021,-0.006749497346386538,-0.024850000000011363
NVTK,-1,2025-06-13 12:00:00,2025-06-14 09:00:00,1038.0,1041.2,8.267297149610467,385,-1632.2460000000176,-0.17093857574317398,-4.2396000000000456
SBER,1,2025-06-14 08:00:00,2025-06-14 13:00:00,310.8,310.57,1.1434135479953471,1287,-695.8615950000234,-0.1576230521750585,-0.5406850000000182
LKOH,1,2025-06-14 08:00:00,2025-06-15 07:00:00,6446.0,6485.0,34.47302459727385,62,2017.1390000000001,0.31458897094254246,32.5345
NVTK,1,2025-06-14 10:00:00,2025-06-15 07:00:00,1045.0,1054.0,7.277305521846473,382,3037.091,0.3641686691194791,7.9505
SBER,-1,2025-06-14 14:00:00,2025-06-15 07:00:00,310.64,310.95,0.8567180174430229,1287,-798.9631650000028,-0.2415399961871698,-0.6207950000000022
PLZL,1,2025-06-14 14:00:00,2025-06-15 07:00:00,1763.8,1765.4,10.51069556341815,226,-37.19959999996916,-0.005220079521433514,-0.16459999999986352
SBER,1,2025-06-15 08:00:00,2025-06-16 13:00:00,310.51,312.8,0.8938591415168773,1288,2548.1083600000266,0.7377541971705492,1.9783450000000204
GMKN,-1,2025-06-15 08:00:00,2025-06-16 10:00:00,105.72,105.86,0.5634644248399225,3783,-929.8235700000022,-0.14540403331279717,-0.24579000000000056
NVTK,-1,2025-06-15 08:00:00,2025-06-16 09:00:00,1044.0,1041.6,7.918875276660717,383,519.8076000000349,0.05712932508652937,1.357200000000091
PLZL,-1,2025-06-15 08:00:00,2025-06-15 12:00:00,1759.4,1766.0,10.553206323917518,227,-1898.3328999999794,-0.26414405073735425,-8.36269999999991
SNGS,1,2025-06-15 09:00:00,2025-06-16 07:00:00,23.07,22.83,0.16046696215733616,17338,-4559.027100000035,-0.5462183543679275,-0.262950000000002
MTSS,-1,2025-06-15 10:00:00,2025-06-16 14:00:00,225.25,224.8,0.7604740759610734,1775,399.3306249999798,0.0986117331769525,0.22497499999998863
GAZP,-1,2025-06-15 11:00:00,2025-06-17 10:00:00,124.6,122.83,0.6689634506110721,3210,5284.574849999987,0.8203163658125013,1.646284999999996
PLZL,1,2025-06-15 13:00:00,2025-06-16 07:00:00,1771.4,1754.0,9.148263438645932,225,-4311.60750000002,-0.6982272329066361,-19.16270000000009
PLZL,-1,2025-06-16 08:00:00,2025-06-16 15:00:00,1734.6,1722.0,9.910681801102829,230,2500.490999999979,0.3656559732950677,10.871699999999908
SNGS,-1,2025-06-16 08:00:00,2025-06-17 08:00:00,22.595,22.33,0.1569074300021664,17703,4293.6413625000105,0.5152454114646916,0.24253750000000057
NVTK,1,2025-06-16 10:00:00,2025-06-16 13:00:00,1045.6,1039.2,7.151731596513744,382,-2842.996799999948,-0.3468810268563869,-7.442399999999864
GMKN,1,2025-06-16 11:00:00,2025-06-16 13:00:00,105.56,105.5,0.46787470356156974,3789,-627.1931700000086,-0.11793043361107144,-0.1655300000000023
SBER,-1,2025-06-16 14:00:00,2025-06-17 09:00:00,311.45,313.18,1.1451318483124604,1284,-2622.3324600000233,-0.5944919510097474,-2.042315000000018
GMKN,-1,2025-06-16 14:00:00,2025-06-17 08:00:00,104.84,105.24,0.5123253366343914,3815,-1926.7275999999677,-0.3285932875632898,-0.5050399999999915
NVTK,-1,2025-06-16 14:00:00,2025-06-17 09:00:00,1031.0,1035.6,7.504237977093628,387,-2180.0870999999647,-0.25022749443693554,-5.633299999999909
MTSS,1,2025-06-16 15:00:00,2025-06-17 10:00:00,225.2,226.55,0.8419212457776738,1776,1996.4460000000404,0.4450634013722113,1.1241250000000227
TATN,1,2025-06-17 07:00:00,2025-06-18 14:00:00,645.6,665.2,4.155214730580077,619,11726.707400000014,1.5197449653306137,18.944600000000023
PLZL,1,2025-06-17 07:00:00,2025-06-19 07:00:00,1731.8,1730.6,13.536652021232499,230,-674.1760000000104,-0.07217934428203768,-2.9312000000000453
LKOH,1,2025-06-17 08:00:00,2025-06-18 14:00:00,6307.0,6410.5,36.78987488893158,63,6119.89875,0.8801447888698443,97.14125
ROSN,1,2025-06-17 08:00:00,2025-06-18 14:00:00,443.0,458.15,4.216896675798422,790,11612.545749999981,1.161946500006572,14.699424999999977
GMKN,1,2025-06-17 09:00:00,2025-06-18 08:00:00,105.68,107.08,0.6003103899316659,3785,4896.351699999968,0.7183061860977431,1.2936199999999916
SBER,1,2025-06-17 10:00:00,2025-06-18 07:00:00,313.9,314.38,1.1380914562300661,1274,211.3056400000232,0.04857840410278635,0.16586000000001822
NVTK,1,2025-06-17 10:00:00,2025-06-18 12:00:00,1043.6,1075.8,7.995501188546863,383,11926.734900000018,1.2982425685670542,31.140300000000046
GAZP,1,2025-06-17 11:00:00,2025-06-18 11:00:00,124.35,126.2,0.725324865120014,3216,5546.715600000028,0.792621845713521,1.7247250000000085
MTSS,-1,2025-06-17 11:00:00,2025-06-18 07:00:00,225.6,226.55,1.0666707233379875,1773,-2085.1809750000302,-0.3675220397661442,-1.176075000000017
SBER,-1,2025-06-18 08:00:00,2025-06-19 07:00:00,312.64,313.85,1.1798783798971977,1279,-1948.2303550000465,-0.43033955192702605,-1.5232450000000364
MTSS,1,2025-06-18 08:00:00,2025-06-19 09:00:00,226.4,229.2,0.8861626131337051,1766,4542.50519999997,0.9675425111515383,2.5721999999999827
GMKN,-1,2025-06-18 09:00:00,2025-06-18 09:00:00,106.68,106.68,0.6774317814794676,3749,-399.94332,-0.052492370408632506,-0.10668000000000001
GMKN,1,2025-06-18 10:00:00,2025-06-19 10:00:00,108.44,107.12,0.7961866542309335,3688,-5265.652639999975,-0.5977576541098641,-1.4277799999999932
GAZP,1,2025-06-18 14:00:00,2025-06-19 09:00:00,127.01,127.07,0.8326645641719721,3149,-211.10896000003754,-0.026837537741134534,-0.06704000000001192
LKOH,-1,2025-06-18 15:00:00,2025-06-19 15:00:00,6387.0,6364.0,35.120883955825796,62,1030.719,0.1577836140733236,16.6245
SNGS,-1,2025-06-18 15:00:00,2025-06-19 14:00:00,22.58,22.39,0.13693148467178212,17714,2967.3607099999595,0.4077830125567852,0.16751499999999772
SBER,1,2025-06-19 08:00:00,2025-06-19 12:00:00,315.8,314.56,1.2077387349909023,1266,-1968.8578800000116,-0.4292263867294455,-1.555180000000009
ROSN,1,2025-06-19 08:00:00,2025-06-20 11:00:00,457.05,453.5,4.325290264722232,770,-3084.061750000009,-0.30867099892830185,-4.005275000000012
PLZL,-1,2025-06-19 08:00:00,2025-06-19 15:00:00,1720.0,1719.4,12.384925667961035,232,-259.7704000000211,-0.030136097974240817,-1.119700000000091
MTSS,-1,2025-06-19 10:00:00,2025-06-19 13:00:00,228.3,227.2,1.0535953808840086,1752,1528.1820000000398,0.27595982791425744,0.8722500000000227
GMKN,-1,2025-06-19 11:00:00,2025-06-23 12:00:00,106.14,103.36,0.8643147163495136,3768,10080.342000000004,1.0317422382513182,2.675250000000001
SBER,-1,2025-06-19 13:00:00,2025-06-20 11:00:00,313.0,312.16,1.1880060914555262,1277,673.515339999968,0.14798465086257495,0.5274199999999749
MTSS,1,2025-06-19 14:00:00,2025-06-20 11:00:00,228.6,228.95,1.1561559681754527,1749,212.02252499999008,0.03495059009823774,0.12122499999999434
NVTK,1,2025-06-19 15:00:00,2025-06-20 10:00:00,1059.2,1059.2,9.376270085581695,355,-376.0160000000001,-0.037655343056893484,-1.0592000000000001
SNGS,1,2025-06-19 15:00:00,2025-06-20 09:00:00,22.53,22.41,0.1574449528351097,17754,-2529.4123800000175,-0.30162923069205055,-0.14247000000000098
LKOH,1,2025-06-20 07:00:00,2025-06-20 07:00:00,6338.5,6338.5,30.942455939060014,63,-399.3255,-0.06828266435910833,-6.3385
TATN,1,2025-06-20 07:00:00,2025-06-20 12:00:00,655.4,650.5,4.430511406105829,610,-3387.299499999986,-0.41778096559743116,-5.552949999999977
PLZL,1,2025-06-20 07:00:00,2025-06-23 11:00:00,1719.8,1716.8,11.762039984566245,232,-1094.6456,-0.13371546676685322,-4.7183
LKOH,-1,2025-06-20 08:00:00,2025-06-23 07:00:00,6342.0,6328.0,31.232280514841438,63,482.895,0.08180638614544575,7.665
SNGS,-1,2025-06-20 10:00:00,2025-06-23 07:00:00,22.4,22.365,0.14271385094553196,17857,225.31069750000253,0.029470393416393587,0.012617500000000142
GAZP,1,2025-06-20 11:00:00,2025-06-20 14:00:00,126.17,125.83,0.7320236213645246,3170,-1477.2200000000107,-0.21219715976348716,-0.4660000000000034
NVTK,-1,2025-06-20 11:00:00,2025-06-23 09:00:00,1055.4,1042.6,9.15110714450428,364,4277.364000000066,0.4280356396386884,11.751000000000182
SBER,1,2025-06-20 12:00:00,2025-06-20 13:00:00,311.55,311.38,1.1416727049135966,1283,-617.7195950000205,-0.14057297914071146,-0.48146500000001596
ROSN,-1,2025-06-20 12:00:00,2025-06-23 07:00:00,450.35,455.4,3.246283918706497,888,-4886.552999999959,-0.5650435120898288,-5.502874999999954
MTSS,-1,2025-06-20 12:00:00,2025-06-23 14:00:00,228.6,226.35,1.069636912683491,1749,3537.396225,0.6302839702012888,2.022525
TATN,-1,2025-06-20 13:00:00,2025-06-23 07:00:00,649.1,654.1,4.26482128906672,616,-3481.3856,-0.4417222994773873,-5.6516
SBER,-1,2025-06-20 14:00:00,2025-06-23 13:00:00,311.02,309.36,1.146697383318354,1286,1735.855659999959,0.3923761170227957,1.3498099999999682
GAZP,-1,2025-06-20 15:00:00,2025-06-23 12:00:00,125.48,124.46,0.6712197170395724,3187,2852.4606100000324,0.4444793943914308,0.8950300000000102
LKOH,1,2025-06-23 08:00:00,2025-06-23 08:00:00,6270.0,6270.0,29.74715926210723,63,-395.01000000000005,-0.07025880964244882,-6.2700000000000005
ROSN,1,2025-06-23 08:00:00,2025-06-23 15:00:00,454.45,455.35,3.220616028716251,880,391.68800000003006,0.04606779117528566,0.44510000000003414
TATN,1,2025-06-23 08:00:00,2025-06-23 08:00:00,647.0,647.0,4.504580404962372,618,-399.846,-0.04787719327400222,-0.647
SNGS,1,2025-06-23 08:00:00,2025-06-23 11:00:00,22.325,22.29,0.14125411353550243,17917,-1026.7784775000025,-0.13523499968869138,-0.057307500000000136
LKOH,-1,2025-06-23 09:00:00,2025-06-23 13:00:00,6300.0,6300.0,32.05093360052814,63,-396.9,-0.06552071231913806,-6.3
TATN,-1,2025-06-23 09:00:00,2025-06-23 13:00:00,646.8,649.0,4.5756818046079175,618,-1760.002200000028,-0.20746634939606756,-2.8479000000000454
PLZL,-1,2025-06-23 12:00:00,2025-06-24 12:00:00,1716.8,1693.0,10.271721546399583,232,5126.06319999999,0.7170203456220919,22.095099999999956
SNGS,-1,2025-06-23 12:00:00,2025-06-24 12:00:00,22.18,22.04,0.13918910705662935,18034,2126.02826000001,0.2823257329374125,0.11789000000000056
LKOH,1,2025-06-23 14:00:00,2025-06-24 07:00:00,6315.5,6184.0,31.311795846486763,63,-8678.23425,-1.4664308479286807,-137.74975
TATN,1,2025-06-23 14:00:00,2025-06-24 07:00:00,650.4,635.2,4.4035941577138225,615,-9743.321999999958,-1.1992325232975078,-15.842799999999931
ROSN,-1,2025-06-24 07:00:00,2025-06-24 08:00:00,430.4,438.6923759345906,2.764125311530209,929,-8107.310651856294,-1.0524030979052243,-8.726922122557905
GAZP,-1,2025-06-24 08:00:00,2025-06-24 13:00:00,125.15,124.31,0.7734086617900506,3196,2286.002920000011,0.30827600609166284,0.7152700000000034
LKOH,-1,2025-06-24 08:00:00,2025-06-24 14:00:00,6157.5,6140.5,32.821980858138275,64,694.4639999999999,0.11020053956015752,10.850999999999999
TATN,-1,2025-06-24 08:00:00,2025-06-24 13:00:00,634.2,635.7,4.314503048286185,630,-1345.0185,-0.1649436776461852,-2.13495
GMKN,-1,2025-06-24 08:00:00,2025-06-24 13:00:00,103.74,103.98,0.7704175405180026,3855,-1325.580300000035,-0.1487764672685625,-0.3438600000000091
NVTK,-1,2025-06-24 08:00:00,2025-06-24 12:00:00,1027.6,1032.8,8.438671172556134,389,-2423.5478000000176,-0.24609719834648927,-6.230200000000045
MTSS,-1,2025-06-24 09:00:00,2025-06-24 09:00:00,226.65,226.65,1.2231697594014472,1764,-399.8106,-0.06176575198929874,-0.22665000000000002
MTSS,1,2025-06-24 10:00:00,2025-06-25 12:00:00,229.35,234.7,1.3500862051584868,1744,8925.74839999999,1.2636168417604106,5.117974999999994
ROSN,1,2025-06-24 12:00:00,2025-06-24 12:00:00,433.45,433.45,3.120590991279642,922,-399.6409,-0.046299990526501494,-0.43345
NVTK,1,2025-06-24 13:00:00,2025-06-26 09:00:00,1037.6,1082.0,8.224044549279846,385,16685.977000000035,1.7566458020461988,43.34020000000009
GAZP,1,2025-06-24 14:00:00,2025-06-24 15:00:00,123.56,123.56,0.8489365572335631,3237,-399.96372,-0.04851560027157037,-0.12356
GMKN,1,2025-06-24 14:00:00,2025-06-25 13:00:00,104.68,106.12,0.7500496602088315,3821,5099.5065999999915,0.5931162831842421,1.3345999999999978
GAZP,-1,2025-06-25 07:00:00,2025-06-25 07:00:00,125.1,125.1,0.8053585621044489,3197,-399.94469999999995,-0.05177817926345187,-0.1251
GAZP,1,2025-06-25 08:00:00,2025-06-26 10:00:00,124.76,126.2,0.8028329505255596,3206,4214.351119999993,0.54578394303135,1.3145199999999977
SNGS,-1,2025-06-25 12:00:00,2025-06-25 14:00:00,22.24,22.11,0.11019761395656458,17985,1939.2326249999821,0.3261564872070014,0.107824999999999
SBER,-1,2025-06-25 13:00:00,2025-06-25 13:00:00,313.11,313.11,1.1726304636967986,1277,-399.84147,-0.08900502181306663,-0.31311
LKOH,-1,2025-06-25 15:00:00,2025-06-25 15:00:00,6239.0,6239.0,29.009230236097512,64,-399.296,-0.07168982595335611,-6.239
ROSN,-1,2025-06-25 15:00:00,2025-06-26 13:00:00,435.35,434.65,2.494478737769435,918,243.27000000004176,0.0354115398924331,0.2650000000000455
SNGS,1,2025-06-25 15:00:00,2025-06-26 15:00:00,22.27,22.425,0.11537323537265766,17961,2382.5715525000205,0.3832561326478975,0.13265250000000114
LKOH,1,2025-06-26 07:00:00,2025-06-27 07:00:00,6241.0,6212.0,27.937142362090544,64,-2254.496,-0.4203066482060908,-35.2265
GMKN,1,2025-06-26 07:00:00,2025-06-27 10:00:00,108.84,110.8,0.7572514036293262,3675,6799.4114999999765,0.8144278950304219,1.8501799999999937
PLZL,-1,2025-06-26 07:00:00,2025-06-26 07:00:00,1769.0,1769.0,10.142429129123931,226,-399.79400000000004,-0.05813860359876137,-1.7690000000000001
SBER,1,2025-06-26 08:00:00,2025-06-27 11:00:00,313.89,313.88,1.1192986951698323,1274,-412.62948999998844,-0.09645474182410489,-0.32388499999999093
PLZL,1,2025-06-26 08:00:00,2025-06-26 10:00:00,1773.2,1779.0,10.317969905615072,225,905.3774999999898,0.12999650243891922,4.023899999999955
TATN,-1,2025-06-26 10:00:00,2025-06-26 10:00:00,656.2,656.2,3.8582876112192825,609,-399.6258,-0.05669181651914488,-0.6562
TATN,1,2025-06-26 12:00:00,2025-06-26 15:00:00,657.0,659.3,3.5936255423268295,608,998.2447999999723,0.15229281039085635,1.6418499999999545
MTSS,1,2025-06-26 12:00:00,2025-06-28 14:00:00,234.15,236.1,1.6416632473108461,1708,2929.0064999999804,0.34819869479100296,1.7148749999999886
GAZP,1,2025-06-26 14:00:00,2025-06-27 10:00:00,126.4,126.59,0.6304970085143444,3164,200.92981999999282,0.03357404245773035,0.06350499999999773
ROSN,1,2025-06-26 14:00:00,2025-06-27 11:00:00,435.35,434.7,1.9649783896553268,918,-996.0529500000313,-0.18406054840300412,-1.085025000000034
PLZL,1,2025-06-26 15:00:00,2025-06-27 07:00:00,1784.2,1769.0,11.708312851719406,224,-3802.7584000000097,-0.48332041843549284,-16.976600000000044
TATN,-1,2025-06-27 07:00:00,2025-06-27 10:00:00,654.4,657.0,3.359676674156507,611,-1989.232700000014,-0.323017194386958,-3.2557000000000227
SNGS,-1,2025-06-27 07:00:00,2025-06-27 08:00:00,22.345,22.39,0.1077935157984108,17901,-1205.9456175000305,-0.20832267290854023,-0.0673675000000017
LKOH,-1,2025-06-27 08:00:00,2025-06-27 13:00:00,6198.0,6226.5,24.845476657844653,64,-2221.584,-0.46570851343866965,-34.71225
PLZL,-1,2025-06-27 08:00:00,2025-06-27 13:00:00,1758.6,1790.2,12.276045265002951,227,-7575.988800000031,-0.9062201840942274,-33.374400000000136
SNGS,1,2025-06-27 09:00:00,2025-06-27 11:00:00,22.51,22.46,0.1119750212751605,17769,-1287.9859650000128,-0.21577729025202433,-0.07248500000000072
GAZP,-1,2025-06-27 11:00:00,2025-06-28 09:00:00,126.26,127.62,0.6694778131308642,3168,-4710.625919999999,-0.7403481593344176,-1.4869399999999995
GMKN,-1,2025-06-27 11:00:00,2025-06-27 13:00:00,109.96,110.44,0.8392326847076083,3637,-2146.5574000000142,-0.23442048542458432,-0.5902000000000039
SBER,-1,2025-06-27 12:00:00,2025-06-27 15:00:00,313.56,314.55,0.9299462393876324,1275,-1662.6701250000115,-0.46743024659817123,-1.304055000000009
ROSN,-1,2025-06-27 12:00:00,2025-06-27 13:00:00,433.9,435.4,1.6143871693888492,921,-1781.81265,-0.3994601453488161,-1.93465
SNGS,-1,2025-06-27 12:00:00,2025-06-28 07:00:00,22.51,22.605,0.1198028869320434,17769,-2088.87921749998,-0.3270858852972433,-0.11755749999999887
LKOH,1,2025-06-27 14:00:00,2025-06-28 15:00:00,6267.0,6279.5,25.49201821219454,63,392.28525,0.08142091050054415,6.22675
ROSN,1,2025-06-27 14:00:00,2025-06-28 13:00:00,437.1,440.45,1.6514358756465037,915,2663.770874999969,0.5876149038807981,2.9112249999999658
TATN,1,2025-06-27 14:00:00,2025-06-28 13:00:00,662.3,669.9,3.71195724224112,603,4181.141700000014,0.6226634223309491,6.933900000000023
GMKN,1,2025-06-27 14:00:00,2025-06-28 13:00:00,111.42,111.44,0.8681101342210703,3590,-328.2337000000143,-0.03510691266611444,-0.091430000000004
NVTK,1,2025-06-27 14:00:00,2025-06-28 12:00:00,1088.0,1092.0,8.116999682179488,367,1067.97,0.11950228384628275,2.91
PLZL,1,2025-06-27 14:00:00,2025-06-28 11:00:00,1795.2,1793.8,12.459942547525316,222,-709.1790000000202,-0.08546053316633082,-3.194500000000091
SBER,1,2025-06-28 07:00:00,2025-06-29 07:00:00,315.21,315.31,0.9234127588283565,1268,-272.9496799999711,-0.07770450716358708,-0.21525999999997725
SNGS,1,2025-06-28 08:00:00,2025-06-29 11:00:00,22.66,22.715,0.1121938557923396,17652,570.380249999995,0.09600198921114762,0.032312499999999716
GAZP,1,2025-06-28 10:00:00,2025-06-29 11:00:00,127.63,127.46,0.6166350335160599,3134,-932.5060300000054,-0.16084338591846178,-0.2975450000000017
MTSS,1,2025-06-29 08:00:00,2025-06-29 15:00:00,237.0,237.1,0.9865666059777735,1687,-231.2033500000096,-0.04630537163586545,-0.1370500000000057
SBER,1,2025-06-29 10:00:00,2025-06-29 14:00:00,315.71,316.4,0.5729505779645304,1266,473.4143699999972,0.21755512277543979,0.37394499999999775
NVTK,1,2025-06-29 12:00:00,2025-06-29 14:00:00,1093.2,1093.8,4.630104845034532,365,-180.12750000003317,-0.035528353137930596,-0.49350000000009087
PLZL,1,2025-06-29 12:00:00,2025-06-29 12:00:00,1793.2,1793.2,7.660921100999999,223,-399.8836,-0.07802369003060347,-1.7932000000000001
LKOH,1,2025-06-29 13:00:00,2025-06-29 14:00:00,6263.5,6261.5,14.871532557464255,63,-520.5374999999999,-0.18519723209591515,-8.2625
PLZL,-1,2025-06-29 13:00:00,2025-06-30 07:00:00,1788.8,1791.6,7.570855308071418,223,-1023.6145999999898,-0.20209957850276455,-4.590199999999954
GMKN,1,2025-06-29 14:00:00,2025-06-29 14:00:00,111.22,111.22,0.4062463891819854,3596,-399.94712,-0.09125824701601389,-0.11122
LKOH,-1,2025-06-29 15:00:00,2025-06-30 07:00:00,6252.0,6265.0,14.52953572556867,63,-1213.2855,-0.44182416570290983,-19.258499999999998
GMKN,-1,2025-06-29 15:00:00,2025-06-30 07:00:00,111.14,111.48,0.38865736138327195,3599,-1624.2646900000123,-0.38706758603837604,-0.45131000000000343
NVTK,-1,2025-06-29 15:00:00,2025-06-30 10:00:00,1092.8,1086.8,4.601071554132961,366,1797.1332,0.35572872842264763,4.9102
MTSS,-1,2025-06-30 07:00:00,2025-06-30 07:00:00,238.25,238.25,0.7408756853925166,1678,-399.7835,-0.10719297209030641,-0.23825000000000002
SBER,1,2025-06-30 08:00:00,2025-06-30 08:00:00,316.0,316.0,0.7108948735976727,1265,-399.74,-0.14817005614383735,-0.316
LKOH,1,2025-06-30 08:00:00,2025-07-01 09:00:00,6235.5,6318.0,16.119854783781147,64,4878.2880000000005,1.5761773502800902,76.22325000000001
ROSN,1,2025-06-30 08:00:00,2025-06-30 08:00:00,437.4,437.4,1.3124594469309618,914,-399.78360000000004,-0.11108914667111189,-0.4374
TATN,1,2025-06-30 08:00:00,2025-06-30 08:00:00,665.6,665.6,2.1481850195018812,600,-399.36000000000007,-0.10328098587993732,-0.6656000000000001
GMKN,1,2025-06-30 08:00:00,2025-06-30 08:00:00,110.68,110.68,0.4462402758865977,3614,-399.99752000000007,-0.08267593789026112,-0.11068000000000001
PLZL,1,2025-06-30 08:00:00,2025-07-02 07:00:00,1792.4,1872.6,7.379841692363296,223,17475.95249999996,3.5397100763057905,78.36749999999982
MTSS,1,2025-06-30 08:00:00,2025-06-30 08:00:00,237.7,237.7,0.7736702792930524,1682,-399.8114,-0.10241227491087475,-0.2377
SNGS,1,2025-06-30 08:00:00,2025-06-30 08:00:00,22.625,22.625,0.07322538818655154,17679,-399.987375,-0.10299251193388358,-0.022625
SBER,-1,2025-06-30 09:00:00,2025-07-01 07:00:00,314.77,317.18,0.7908309540549808,1270,-3461.9882500000317,-1.1489918656752138,-2.725975000000025
ROSN,-1,2025-06-30 09:00:00,2025-06-30 13:00:00,435.85,438.6,1.4294266292930355,917,-2922.6853250000004,-0.7432408992259913,-3.187225
TATN,-1,2025-06-30 09:00:00,2025-06-30 12:00:00,662.8,665.8,2.316171803823176,603,-2209.5729,-0.5273500572441049,-3.6643
GMKN,-1,2025-06-30 09:00:00,2025-06-30 10:00:00,109.96,110.02,0.5029373990375556,3637,-618.2536300000082,-0.11266478381159897,-0.16999000000000225
MTSS,-1,2025-06-30 09:00:00,2025-06-30 10:00:00,237.35,237.65,0.8434081164864059,1685,-905.6875000000192,-0.21243175535595915,-0.5375000000000114
SNGS,-1,2025-06-30 09:00:00,2025-06-30 10:00:00,22.535,22.545,0.0797807176017978,17750,-577.5850000000278,-0.13595599278518858,-0.03254000000000157
GAZP,1,2025-06-30 11:00:00,2025-07-01 11:00:00,126.86,130.26,0.4306638167875625,3153,10314.850319999972,2.5320910591797134,3.2714399999999912
GMKN,1,2025-06-30 11:00:00,2025-06-30 15:00:00,111.84,112.4,0.6063082675374838,3576,1601.6188800000082,0.2462333788382728,0.4478800000000023
NVTK,1,2025-06-30 11:00:00,2025-07-01 09:00:00,1093.0,1110.6,5.071002522291103,365,6021.842999999966,1.0844798392084638,16.49819999999991
MTSS,1,2025-06-30 11:00:00,2025-06-30 15:00:00,238.65,238.3,0.9142141412561369,1676,-986.2840999999904,-0.21456497387341705,-0.5884749999999943
SNGS,1,2025-06-30 11:00:00,2025-07-01 14:00:00,22.725,22.75,0.09057623099338702,17601,39.822262499974975,0.008326319812548333,0.002262499999998578
TATN,1,2025-06-30 13:00:00,2025-07-01 09:00:00,671.0,667.5,2.950871587072933,596,-2484.873,-0.47096254750229205,-4.16925
ROSN,1,2025-06-30 14:00:00,2025-07-01 13:00:00,438.9,444.15,1.5108200851395583,911,4380.520724999999,1.0608973336834762,4.808475
GMKN,-1,2025-07-01 07:00:00,2025-07-01 11:00:00,111.68,111.8,0.7132460350947438,3581,-829.8609399999655,-0.10830297382081124,-0.23173999999999034
MTSS,-1,2025-07-01 07:00:00,2025-07-01 11:00:00,237.15,237.3,0.8664731606425407,1686,-652.8613500000096,-0.14896595285684927,-0.3872250000000057
SBER,1,2025-07-01 08:00:00,2025-07-02 07:00:00,317.92,318.92,0.8484796221584018,1258,857.42764,0.26776522075496456,0.68158
TATN,-1,2025-07-01 10:00:00,2025-07-02 12:00:00,663.7,649.9,3.040120152732909,602,7912.206400000041,1.441083393604802,13.143200000000068
NVTK,-1,2025-07-01 10:00:00,2025-07-01 12:00:00,1113.4,1115.4,6.503847190679607,359,-1118.0696,-0.15961834632600827,-3.1144
LKOH,1,2025-07-01 12:00:00,2025-07-02 07:00:00,6343.0,6313.5,21.531301344684454,63,-2257.17975,-0.5546692143133451,-35.82825
GMKN,1,2025-07-01 12:00:00,2025-07-01 15:00:00,112.46,112.18,0.7676209319562397,3556,-1395.0899199999535,-0.17036186467721812,-0.3923199999999869
MTSS,1,2025-07-01 12:00:00,2025-07-02 07:00:00,237.25,236.2,0.9064149596047223,1685,-2168.131625000019,-0.473192028428546,-1.2867250000000114
NVTK,1,2025-07-01 13:00:00,2025-07-02 08:00:00,1117.0,1102.4,6.449909722275172,358,-5624.072599999968,-0.8118821645800439,-15.70969999999991
GMKN,-1,2025-07-02 07:00:00,2025-07-02 09:00:00,110.46,111.4,0.8081008287589072,3621,-3805.417530000043,-0.43349788483451385,-1.050930000000012
LKOH,-1,2025-07-02 08:00:00,2025-07-02 13:00:00,6299.5,6287.0,20.79007253334163,63,391.02524999999997,0.09951464398927354,6.2067499999999995
MTSS,-1,2025-07-02 08:00:00,2025-07-02 12:00:00,233.6,234.2,1.017183278538175,1712,-1427.6367999999902,-0.2732709753803062,-0.8338999999999943
NVTK,-1,2025-07-02 09:00:00,2025-07-03 09:00:00,1100.2,1099.6,7.299083214049049,363,-181.4636999999505,-0.02282935109063522,-0.4998999999998637
GMKN,1,2025-07-02 10:00:00,2025-07-03 11:00:00,112.3,111.74,0.8567337903729304,3561,-2393.063220000008,-0.26146589428807154,-0.6720200000000023
SBER,1,2025-07-02 12:00:00,2025-07-02 15:00:00,318.59,318.79,0.8386496249086438,1255,-148.95594999994296,-0.04717504445033039,-0.11868999999995455
SNGS,1,2025-07-02 12:00:00,2025-07-02 15:00:00,22.59,22.52,0.10892765996157812,17706,-1638.778830000005,-0.2832307852527909,-0.09255500000000028
ROSN,1,2025-07-02 13:00:00,2025-07-03 12:00:00,434.5,436.0,2.3118145311883653,920,979.57,0.15352298459869326,1.06475
PLZL,1,2025-07-02 13:00:00,2025-07-03 07:00:00,1863.6,1855.6,15.274104019808938,214,-2109.9544,-0.21517028619623374,-9.8596
GAZP,1,2025-07-02 15:00:00,2025-07-03 07:00:00,127.63,127.12,0.6962085428635,3134,-1997.5332499999715,-0.30516478935965213,-0.6373749999999909
LKOH,-1,2025-07-02 15:00:00,2025-07-04 10:00:00,6232.5,6138.5,23.823416744496228,64,5620.128,1.22868605766897,87.8145
TATN,-1,2025-07-02 15:00:00,2025-07-03 08:00:00,644.0,647.1,3.9742242839862776,621,-2325.986550000014,-0.3141535498380003,-3.745550000000023
SBER,-1,2025-07-03 07:00:00,2025-07-03 08:00:00,319.19,319.49,0.8619416893225661,1253,-776.0330200000142,-0.23951349519817863,-0.6193400000000113
SNGS,-1,2025-07-03 07:00:00,2025-07-03 09:00:00,22.485,22.64,0.10382999000839867,17789,-3158.65931250002,-0.570042431817751,-0.17756250000000112
GAZP,-1,2025-07-03 08:00:00,2025-07-03 11:00:00,126.86,127.36,0.657241039509855,3153,-1977.2778300000002,-0.3180517559015459,-0.6271100000000001
PLZL,-1,2025-07-03 08:00:00,2025-07-03 09:00:00,1861.0,1864.2,14.592401210687276,214,-1083.3964000000099,-0.11564466388831347,-5.062600000000046
MTSS,-1,2025-07-03 08:00:00,2025-07-04 15:00:00,233.45,225.95,1.2168217937124675,1713,12454.0239,1.991609080192055,7.2703
SBER,1,2025-07-03 09:00:00,2025-07-04 07:00:00,320.4,319.9,0.8657558443648644,1248,-1023.5472,-0.3157741701806157,-0.8201499999999999
TATN,1,2025-07-03 09:00:00,2025-07-03 10:00:00,651.8,645.9,3.9996977958884323,613,-4014.4450499999857,-0.5457787341443642,-6.548849999999977
NVTK,1,2025-07-03 10:00:00,2025-07-03 11:00:00,1094.8,1090.2,7.584975233851942,365,-2077.762499999967,-0.25016561577305857,-5.692499999999909
PLZL,1,2025-07-03 10:00:00,2025-07-05 13:00:00,1858.8,1904.2,14.444468390847698,215,9356.477500000019,1.0042714120138954,43.51850000000009
SNGS,1,2025-07-03 10:00:00,2025-07-04 07:00:00,22.59,22.29,0.10644113995934822,17706,-5709.122640000013,-1.0097599484658732,-0.3224400000000007
TATN,-1,2025-07-03 11:00:00,2025-07-04 10:00:00,645.0,643.1,4.152800650536455,620,778.6889999999859,0.10081148488211483,1.2559499999999773
GAZP,1,2025-07-03 12:00:00,2025-07-04 07:00:00,128.61,127.39,0.7761219629696224,3110,-4192.280000000041,-0.5789468083264702,-1.3480000000000132
GMKN,-1,2025-07-03 12:00:00,2025-07-04 10:00:00,111.4,110.06,0.7917719869247337,3590,4413.079300000012,0.5175185197675091,1.2292700000000034
NVTK,-1,2025-07-03 12:00:00,2025-07-05 12:00:00,1086.6,1051.8,7.481942931229473,368,12412.934399999982,1.5027647368265042,33.73079999999995
ROSN,-1,2025-07-03 13:00:00,2025-07-04 11:00:00,434.95,428.6,2.112947645936145,919,5438.848774999969,0.9336443666556767,5.918224999999966
GAZP,-1,2025-07-04 08:00:00,2025-07-04 14:00:00,127.34,128.2,0.7252905262630152,3141,-3102.5855699999533,-0.4539652108281668,-0.9877699999999852
SNGS,-1,2025-07-04 08:00:00,2025-07-04 10:00:00,22.325,22.42,0.10135400465616384,17917,-2102.963082500043,-0.38601500551846357,-0.11737250000000242
TATN,1,2025-07-04 11:00:00,2025-07-04 13:00:00,644.9,642.3,4.208885302691926,620,-2011.0320000000142,-0.2568851185629819,-3.243600000000023
SNGS,1,2025-07-04 11:00:00,2025-07-04 13:00:00,22.52,22.375,0.11252541845101764,17761,-2974.0350474999927,-0.49602866713737087,-0.16744749999999958
SBER,1,2025-07-04 12:00:00,2025-07-05 12:00:00,319.99,319.71,0.9002598734862471,1250,-749.812500000037,-0.22210253493328044,-0.5998500000000295
TATN,-1,2025-07-04 14:00:00,2025-07-05 14:00:00,643.0,642.0,4.289293370996416,622,222.36500000000004,0.027782353958918857,0.35750000000000004
SNGS,-1,2025-07-04 14:00:00,2025-07-06 07:00:00,22.28,22.32,0.11382228292160539,17953,-1118.4718999999848,-0.18244816510111064,-0.06229999999999915
GAZP,1,2025-07-04 15:00:00,2025-07-05 10:00:00,128.41,127.72,0.7425372163622761,3115,-2548.272474999993,-0.3672386074724244,-0.8180649999999977
LKOH,-1,2025-07-04 15:00:00,2025-07-05 14:00:00,6141.5,6148.0,30.829730840074347,65,-821.90875,-0.13671597356885984,-12.64475
GMKN,-1,2025-07-05 08:00:00,2025-07-06 13:00:00,109.5,109.06,0.6971232149377148,3652,1207.7894399999918,0.15813560305813193,0.33071999999999774
MTSS,-1,2025-07-05 08:00:00,2025-07-08 08:00:00,218.25,193.9,1.2236732268826558,1832,44231.67059999999,6.576898818406328,24.143924999999996
GAZP,-1,2025-07-05 11:00:00,2025-07-07 07:00:00,127.75,127.6,0.6721116123716916,3131,69.89957500001776,0.011072069771877656,0.022325000000005674
SBER,-1,2025-07-05 15:00:00,2025-07-06 13:00:00,319.7,319.55,0.6421211142178221,1251,-212.20087500002845,-0.08805452026842092,-0.16962500000002273
LKOH,1,2025-07-05 15:00:00,2025-07-06 12:00:00,6152.0,6150.0,21.79140106935384,65,-529.8149999999999,-0.1246822079660142,-8.151
ROSN,-1,2025-07-06 08:00:00,2025-07-07 08:00:00,426.2,425.5,1.5466111400663252,938,257.15269999998935,0.05908617296614756,0.2741499999999886
LKOH,-1,2025-07-06 13:00:00,2025-07-07 09:00:00,6146.0,6118.0,15.626735711718375,65,1421.4199999999998,0.4664655157549708,21.868
NVTK,-1,2025-07-06 13:00:00,2025-07-07 09:00:00,1049.4,1045.2,3.947980503795582,381,1201.1787000000174,0.2661867248305005,3.1527000000000456
SBER,1,2025-07-06 14:00:00,2025-07-07 07:00:00,319.47,318.79,0.4423405038180687,1252,-1250.9107600000086,-0.7529116833269102,-0.9991300000000068
PLZL,1,2025-07-07 07:00:00,2025-07-07 07:00:00,1893.2,1893.2,6.295003475834377,211,-399.4652,-0.10024881941515074,-1.8932
SBER,-1,2025-07-07 08:00:00,2025-07-08 08:00:00,317.0,314.31,0.5535794777289677,1261,2994.049044999997,1.4296923299617428,2.3743449999999977
GAZP,1,2025-07-07 08:00:00,2025-07-07 08:00:00,127.3,126.9,0.39287056598626696,3142,-1656.1481999999733,-0.44722108300202584,-0.5270999999999915
TATN,-1,2025-07-07 08:00:00,2025-07-07 10:00:00,638.1,640.6,1.8525989364679194,626,-1965.2331000000001,-0.5648551229307699,-3.1393500000000003
GMKN,-1,2025-07-07 08:00:00,2025-07-07 12:00:00,108.12,107.74,0.36928813138521493,3699,1006.3869300000357,0.24558059762121603,0.27207000000000964
PLZL,-1,2025-07-07 08:00:00,2025-07-07 14:00:00,1874.4,1876.0,7.745360370417629,213,-740.2175999999806,-0.1495605039146176,-3.475199999999909
ROSN,1,2025-07-07 09:00:00,2025-07-08 08:00:00,427.55,425.6,1.3573439568518981,935,-2222.0976249999894,-0.583633693337392,-2.376574999999989
LKOH,1,2025-07-07 10:00:00,2025-07-07 14:00:00,6135.5,6118.0,16.303925975510797,65,-1535.73875,-0.4830482759283132,-23.62675
NVTK,1,2025-07-07 10:00:00,2025-07-07 10:00:00,1052.4,1052.4,4.608902039587187,380,-399.912,-0.07611357260077947,-1.0524
SNGS,-1,2025-07-07 10:00:00,2025-07-08 14:00:00,22.445,22.02,0.06975422279319693,17821,7177.719617500013,1.924698290042842,0.4027675000000007
GAZP,-1,2025-07-07 11:00:00,2025-07-08 11:00:00,125.54,124.14,0.5078632046180138,3186,4062.6597600000177,0.8369445344106716,1.2751600000000056
TATN,1,2025-07-07 11:00:00,2025-07-07 14:00:00,638.3,635.7,2.376078667427125,626,-2026.361999999943,-0.45410954392698494,-3.236999999999909
NVTK,-1,2025-07-07 11:00:00,2025-07-07 12:00:00,1044.4,1051.8,5.15112332247382,382,-3227.1741999999476,-0.5466833459504308,-8.448099999999863
NVTK,1,2025-07-07 13:00:00,2025-07-07 14:00:00,1052.8,1043.2,5.4752032729493685,379,-4035.5919999999655,-0.6482559927718186,-10.647999999999909
LKOH,-1,2025-07-07 15:00:00,2025-07-08 15:00:00,6112.0,6054.0,16.298736365847063,65,3374.605,1.0617796544601803,51.917
TATN,-1,2025-07-07 15:00:00,2025-07-08 07:00:00,635.3,637.2,2.5548907439708994,629,-1595.3012500000573,-0.3309012992675848,-2.536250000000091
GMKN,-1,2025-07-07 15:00:00,2025-07-08 08:00:00,106.94,106.62,0.49945695695803344,3740,797.4427999999746,0.14230121803930135,0.2132199999999932
NVTK,-1,2025-07-07 15:00:00,2025-07-08 09:00:00,1040.2,1042.8,5.870966087390014,384,-1398.3359999999652,-0.20675188976826855,-3.641499999999909
TATN,1,2025-07-08 08:00:00,2025-07-08 08:00:00,638.3,638.3,2.6779415088320495,626,-399.57579999999996,-0.0794515735182962,-0.6383
PLZL,-1,2025-07-08 08:00:00,2025-07-08 12:00:00,1870.8,1879.0,10.207794154993014,213,-2145.9537000000096,-0.3289937031456835,-10.074900000000046
ROSN,-1,2025-07-08 09:00:00,2025-07-09 12:00:00,423.25,410.55,1.7718763886944604,945,11607.52949999999,2.310751863273849,12.283099999999989
TATN,-1,2025-07-08 09:00:00,2025-07-10 07:00:00,633.7,618.1,3.136659972486905,631,9448.657100000015,1.5912998891968717,14.974100000000023
GMKN,1,2025-07-08 09:00:00,2025-07-08 10:00:00,107.28,107.02,0.5711468419959185,3728,-1368.7352000000192,-0.21427647731651053,-0.36715000000000514
NVTK,1,2025-07-08 10:00:00,2025-07-09 07:00:00,1045.0,1026.6,6.77876568153754,382,-7424.475600000035,-0.9557197142313043,-19.435800000000093
GMKN,-1,2025-07-08 11:00:00,2025-07-09 12:00:00,105.88,103.5,0.6670602872311747,3777,8593.845869999983,1.1369836897572996,2.2753099999999953
SBER,-1,2025-07-08 13:00:00,2025-07-08 15:00:00,313.35,314.93,0.9838994723421757,1276,-2416.9226399999798,-0.6417119001974793,-1.8941399999999842
PLZL,1,2025-07-08 13:00:00,2025-07-08 15:00:00,1882.6,1870.0,10.119830121359083,212,-3068.9755999999807,-0.4768294798890608,-14.47629999999991
GAZP,-1,2025-07-08 15:00:00,2025-07-10 11:00:00,122.77,120.37,0.6906556283897939,3258,7423.1249399999715,1.0996459529871934,2.2784299999999913
SBER,1,2025-07-09 07:00:00,2025-07-09 07:00:00,312.05,312.05,0.9920871504139108,1281,-399.73605,-0.10484629966557842,-0.31205
PLZL,-1,2025-07-09 07:00:00,2025-07-09 14:00:00,1848.2,1834.0,10.303304218886982,216,2669.52240000001,0.39983613468208096,12.358900000000045
SBER,-1,2025-07-09 08:00:00,2025-07-09 12:00:00,309.04,310.0,1.1576523539557746,1294,-1642.7588799999735,-0.36554439844338005,-1.2695199999999796
LKOH,-1,2025-07-09 08:00:00,2025-07-09 12:00:00,5987.5,5912.0,27.502082423433098,66,4590.316500000001,0.8429694998991525,69.55025
NVTK,-1,2025-07-09 08:00:00,2025-07-09 12:00:00,1015.6,1038.1968445107461,7.532281503582072,393,-9284.130972669584,-1.0454443283781023,-23.623742933001484
SNGS,-1,2025-07-09 08:00:00,2025-07-09 13:00:00,21.725,21.835,0.0916514054615923,18411,-2426.2015799999895,-0.4792797933150573,-0.13177999999999943
MTSS,-1,2025-07-09 09:00:00,2025-07-10 07:00:00,197.05,195.2,1.406108004374503,2029,3355.7123750000464,0.39206921868844097,1.6538750000000229
LKOH,1,2025-07-09 13:00:00,2025-07-09 14:00:00,5931.0,5928.0,51.451212086563174,64,-571.488,-0.05785092088777697,-8.9295
SNGS,1,2025-07-09 14:00:00,2025-07-11 08:00:00,21.99,22.12,0.10501481814346336,18190,1963.5195500000464,0.3426341853728877,0.10794500000000255
LKOH,-1,2025-07-09 15:00:00,2025-07-12 14:00:00,5908.0,5765.0,48.03191246239376,67,9189.9545,0.9518914472219636,137.1635
ROSN,-1,2025-07-09 15:00:00,2025-07-10 07:00:00,406.15,413.8,2.635230888964065,984,-7931.015400000033,-1.0195153466759401,-8.059975000000033
GMKN,-1,2025-07-09 15:00:00,2025-07-10 07:00:00,103.06,104.5,0.8432610479059738,3881,-5991.410179999991,-0.6102420295722131,-1.5437799999999977
SBER,-1,2025-07-10 07:00:00,2025-07-10 07:00:00,311.79,311.79,1.3842026315105682,1282,-399.71478,-0.0750829377390954,-0.31179
SBER,1,2025-07-10 08:00:00,2025-07-11 07:00:00,313.36,312.87,1.4339024435455265,1276,-1024.7747400000117,-0.18669680158858265,-0.8031150000000091
ROSN,1,2025-07-10 08:00:00,2025-07-11 07:00:00,413.05,410.75,2.5783368379333043,968,-2625.119200000011,-0.350600686988305,-2.7119000000000115
GMKN,1,2025-07-10 08:00:00,2025-07-11 10:00:00,105.04,103.24,0.8750567198781102,3808,-7250.965120000043,-0.7253396481793187,-1.9041400000000113
NVTK,1,2025-07-10 09:00:00,2025-07-11 08:00:00,1034.4,1036.6,8.947240284435416,372,433.1939999999323,0.043383954641506524,1.164499999999818
PLZL,-1,2025-07-10 13:00:00,2025-07-10 13:00:00,1860.6,1860.6,13.539121984475315,214,-398.1684,-0.045807992623979214,-1.8606
PLZL,1,2025-07-10 14:00:00,2025-07-11 07:00:00,1862.4,1837.2,13.400613271298518,214,-5788.657200000011,-0.6728498030244483,-27.049800000000047
GAZP,-1,2025-07-10 15:00:00,2025-07-11 07:00:00,119.91,120.5,0.7430948218379093,3335,-2368.5336750000115,-0.31857980037390166,-0.7102050000000034
SBER,-1,2025-07-11 08:00:00,2025-07-11 13:00:00,314.08,311.76,1.3083208991736432,1273,2555.0128399999912,0.5113628216817697,2.007079999999993
GAZP,1,2025-07-11 08:00:00,2025-07-11 09:00:00,119.99,119.64,0.7474133922990137,3333,-1565.8933949999812,-0.2095292934453414,-0.4698149999999943
ROSN,-1,2025-07-11 08:00:00,2025-07-12 15:00:00,411.75,404.35,2.4612849809612216,971,6789.183449999978,0.9469240734121689,6.991949999999977
TATN,-1,2025-07-11 08:00:00,2025-07-12 11:00:00,620.7,610.6,4.276760659919692,644,6107.921400000015,0.7392160215155394,9.484350000000022
PLZL,-1,2025-07-11 08:00:00,2025-07-11 13:00:00,1839.2,1824.6,13.783800057231362,217,2770.6777000000293,0.308770681209972,12.768100000000135
MTSS,-1,2025-07-11 08:00:00,2025-07-11 13:00:00,195.75,194.5,1.450709288155161,2043,2155.109625,0.24238143566803427,1.054875
NVTK,-1,2025-07-11 09:00:00,2025-07-13 07:00:00,1023.6,994.0,8.737709180910361,381,10893.247200000009,1.090720668618895,28.591200000000022
SNGS,-1,2025-07-11 09:00:00,2025-07-11 13:00:00,21.975,22.0,0.13779855896456847,18202,-855.2664749999741,-0.113662291664652,-0.04698749999999858
GAZP,-1,2025-07-11 10:00:00,2025-07-13 09:00:00,119.26,116.9,0.7283309351965982,3354,7519.399679999999,1.0260537216711056,2.2419199999999995
GMKN,-1,2025-07-11 11:00:00,2025-07-12 15:00:00,103.0,101.7,0.8373136785624041,3883,4650.474949999989,0.4767826883612919,1.1976499999999972
SBER,1,2025-07-11 14:00:00,2025-07-11 14:00:00,312.52,312.52,1.3047729131010803,1279,-399.71307999999993,-0.07984020229676783,-0.31251999999999996
PLZL,1,2025-07-11 14:00:00,2025-07-11 14:00:00,1837.2,1837.2,13.074754323565877,217,-398.67240000000004,-0.04683835618205178,-1.8372000000000002
MTSS,1,2025-07-11 14:00:00,2025-07-11 15:00:00,195.5,194.3,1.4684258563145096,2046,-2853.965399999977,-0.31664293070516164,-1.3948999999999887
SNGS,1,2025-07-11 14:00:00,2025-07-11 14:00:00,22.055,22.055,0.12960319798601702,18136,-399.98948,-0.056724423323719554,-0.022055
SBER,-1,2025-07-11 15:00:00,2025-07-13 07:00:00,310.34,310.6,1.4108605621652863,1288,-734.7653600000615,-0.13478062380228698,-0.5704700000000478
PLZL,-1,2025-07-11 15:00:00,2025-07-13 07:00:00,1808.2,1785.0,14.940843300454029,221,4730.15140000001,0.477514322531572,21.403400000000044
SNGS,-1,2025-07-11 15:00:00,2025-07-13 07:00:00,21.83,21.655,0.14213154098701578,18323,2808.137172499948,0.3594264367963143,0.15325749999999716
MTSS,-1,2025-07-12 07:00:00,2025-07-13 07:00:00,193.6,193.0,1.492928416924246,2066,840.2421999999882,0.0908058719559785,0.4066999999999943
GMKN,-1,2025-07-13 09:00:00,2025-07-13 12:00:00,101.48,101.5,0.6064528877967719,3941,-478.79208999998434,-0.06677627806141498,-0.12148999999999603
MTSS,-1,2025-07-13 10:00:00,2025-07-13 13:00:00,192.0,191.75,0.961900609157658,2083,121.07437499999996,0.020142413691750124,0.05812499999999998
SBER,-1,2025-07-13 11:00:00,2025-07-14 09:00:00,308.93,309.06,0.8931841981007075,1294,-568.0595299999942,-0.1638314548979136,-0.43899499999999547
LKOH,-1,2025-07-13 11:00:00,2025-07-13 15:00:00,5727.5,5734.5,24.267651610636225,69,-878.439,-0.17486927597092736,-12.731
NVTK,-1,2025-07-13 11:00:00,2025-07-13 14:00:00,991.4,987.8,5.201380113117857,403,1051.9912000000093,0.16728893378487542,2.610400000000023
PLZL,-1,2025-07-13 12:00:00,2025-07-14 07:00:00,1779.0,1792.6,9.25964041381522,224,-3446.41919999998,-0.5538660002766619,-15.385799999999909
GAZP,-1,2025-07-13 13:00:00,2025-07-14 10:00:00,115.95,116.2,0.5502271415875838,3449,-1262.592675,-0.22177204789992422,-0.36607500000000004
GMKN,1,2025-07-13 13:00:00,2025-07-14 15:00:00,101.46,104.48,0.5869393202926806,3942,11498.93226000004,1.6566334878509625,2.9170300000000102
LKOH,1,2025-07-14 07:00:00,2025-07-14 07:00:00,5656.5,5656.5,21.765497020341147,70,-395.95500000000004,-0.08662793219184879,-5.6565
LKOH,-1,2025-07-14 08:00:00,2025-07-14 12:00:00,5724.0,5700.0,25.496532947459638,69,1261.872,0.2390913310669316,18.288
ROSN,-1,2025-07-14 08:00:00,2025-07-14 12:00:00,401.8,401.65,1.8002452994534845,995,-250.46637499996612,-0.046609388930938876,-0.25172499999996595
TATN,-1,2025-07-14 08:00:00,2025-07-14 15:00:00,605.4,600.3,2.662579772436738,660,2968.119000000015,0.5630066056680465,4.497150000000023
NVTK,-1,2025-07-14 08:00:00,2025-07-14 09:00:00,980.6,984.6,4.895227374225755,407,-2027.9181999999998,-0.3392828442273031,-4.9826
PLZL,1,2025-07-14 08:00:00,2025-07-14 08:00:00,1794.8,1794.8,8.581893088011512,222,-398.4456,-0.06971266835081133,-1.7948
MTSS,-1,2025-07-14 08:00:00,2025-07-14 15:00:00,191.0,189.85,0.8255717657012859,2094,2009.3500500000118,0.3874385566730592,0.9595750000000056
SNGS,-1,2025-07-14 08:00:00,2025-07-14 12:00:00,21.49,21.46,0.06836565621600832,18613,158.675824999955,0.041565704535729504,0.008524999999997583
PLZL,-1,2025-07-14 09:00:00,2025-07-14 13:00:00,1758.4,1776.2,10.940329296010683,227,-4441.777099999989,-0.596182542303519,-19.567299999999953
SBER,1,2025-07-14 10:00:00,2025-07-14 15:00:00,309.59,310.06,0.8579428823278284,1292,206.94610000003524,0.06223219256952152,0.16017500000002727
NVTK,1,2025-07-14 10:00:00,2025-07-14 15:00:00,985.8,993.0,5.354558297164044,405,2515.2930000000183,0.3866238604772429,6.210600000000046
GAZP,1,2025-07-14 11:00:00,2025-07-16 07:00:00,116.4,121.78,0.5860558391813814,3436,18076.486759999985,2.9922689092496584,5.2609099999999955
LKOH,1,2025-07-14 13:00:00,2025-07-14 15:00:00,5743.0,5695.0,31.086593769822713,69,-3706.611,-0.5760146468898723,-53.719
ROSN,1,2025-07-14 13:00:00,2025-07-16 07:00:00,406.45,420.5,2.084716055754269,984,13418.34060000001,2.180396855862815,13.636525000000011
SNGS,1,2025-07-14 13:00:00,2025-07-14 15:00:00,21.61,21.53,0.09688340348033986,18509,-1879.9591299999686,-0.34945785811020247,-0.1015699999999983
PLZL,1,2025-07-14 14:00:00,2025-07-15 14:00:00,1781.8,1881.0,12.32294707060989,224,21810.56640000001,2.6338017857276803,97.36860000000004
SBER,-1,2025-07-15 07:00:00,2025-07-15 07:00:00,318.9,318.9,1.7045079199974478,1254,-399.90059999999994,-0.06236403993954991,-0.31889999999999996
LKOH,-1,2025-07-15 07:00:00,2025-07-15 07:00:00,5957.5,5957.5,48.40734202343313,67,-399.15250000000003,-0.041023391294073265,-5.9575000000000005
TATN,1,2025-07-15 07:00:00,2025-07-17 08:00:00,626.6,630.1,5.673815136144928,587,1685.6585499999999,0.16870776429932244,2.87165
NVTK,-1,2025-07-15 07:00:00,2025-07-15 07:00:00,1039.4,1039.4,10.370915602206567,321,-333.6474,-0.03340752928246284,-1.0394
MTSS,1,2025-07-15 07:00:00,2025-07-17 11:00:00,195.05,205.35,1.1767477813392542,2050,20704.589999999964,2.860935923047566,10.099799999999982
SNGS,-1,2025-07-15 07:00:00,2025-07-15 07:00:00,22.4,22.4,0.14094855592066566,17857,-399.9968,-0.052974410542165166,-0.0224
SBER,1,2025-07-15 08:00:00,2025-07-16 12:00:00,316.69,321.59,1.786328782854775,1263,5785.626179999971,0.8547997143577707,4.580859999999977
LKOH,1,2025-07-15 08:00:00,2025-07-17 13:00:00,5925.0,5968.5,48.19967473604506,67,2516.0677499999997,0.2597061093990926,37.55325
GMKN,1,2025-07-15 08:00:00,2025-07-17 07:00:00,109.66,110.4,0.9797560609808024,3402,2143.157940000031,0.2143288603795814,0.6299700000000091
NVTK,1,2025-07-15 08:00:00,2025-07-16 08:00:00,1033.6,1044.6,10.258707344906094,324,3227.3316,0.32365676184813646,9.9609
SNGS,1,2025-07-15 08:00:00,2025-07-17 07:00:00,22.32,22.56,0.14409508764061826,17921,3898.892759999972,0.503278780612346,0.21755999999999845
ROSN,1,2025-07-16 10:00:00,2025-07-16 14:00:00,421.8,423.2,2.9593037166990417,948,926.6699999999785,0.11010472885722487,0.9774999999999773
PLZL,1,2025-07-16 10:00:00,2025-07-17 09:00:00,1867.0,1882.0,16.940537899736196,196,2572.598,0.25826610067291894,13.1255
NVTK,1,2025-07-16 11:00:00,2025-07-16 14:00:00,1049.2,1046.4,8.457169584728783,381,-1466.011799999983,-0.15165830448948214,-3.847799999999955
GAZP,1,2025-07-16 13:00:00,2025-07-17 13:00:00,122.21,123.33,0.6639408421687358,3273,3263.9337900000146,0.5006620754255721,0.9972300000000045
NVTK,-1,2025-07-16 15:00:00,2025-07-17 08:00:00,1045.0,1048.4,7.984423690895441,382,-1698.6394000000346,-0.1856406161190493,-4.4467000000000905
SBER,1,2025-07-17 08:00:00,2025-07-17 11:00:00,328.46,325.5,1.4758030919957053,1217,-4000.254659999975,-0.7424161163115259,-3.2869799999999794
ROSN,1,2025-07-17 08:00:00,2025-07-18 07:00:00,427.85,406.0,2.752814944615188,934,-20797.30795000002,-2.6962612753364334,-22.266925000000022
GMKN,-1,2025-07-17 08:00:00,2025-07-18 07:00:00,110.64,109.6,0.8610341574314817,3615,3361.5162000000228,0.3599857187136826,0.9298800000000063
TATN,-1,2025-07-17 09:00:00,2025-07-17 13:00:00,627.5,630.5,4.036077396733183,637,-2311.6730000000002,-0.2997134464383106,-3.629
NVTK,1,2025-07-17 09:00:00,2025-07-17 12:00:00,1052.8,1057.4,7.759831942017949,379,1343.5171000000516,0.15227563459655216,3.5449000000001365
NVTK,-1,2025-07-17 13:00:00,2025-07-18 08:00:00,1047.4,1050.6,8.110640360682362,381,-1618.8689999999306,-0.1746265732850364,-4.248999999999818
LKOH,-1,2025-07-17 14:00:00,2025-07-18 07:00:00,5938.0,5937.0,30.330960861277926,67,-330.8125,-0.05426248580982112,-4.9375
TATN,1,2025-07-17 15:00:00,2025-07-19 13:00:00,633.9,662.4,3.6189871199564365,631,17574.51735,2.5653448581800298,27.85185
PLZL,1,2025-07-17 15:00:00,2025-07-18 11:00:00,1897.4,1918.8,12.902873120250538,210,4093.2989999999713,0.5035545137464542,19.491899999999863
LKOH,1,2025-07-18 08:00:00,2025-07-19 14:00:00,6004.5,6166.0,33.226173838275365,66,10257.3735,1.5591598635106536,155.41475
ROSN,-1,2025-07-18 08:00:00,2025-07-19 07:00:00,409.85,417.562411375123,2.570803791707674,975,-7922.964641290294,-1.0536416155162545,-8.126117580810558
GMKN,1,2025-07-18 08:00:00,2025-07-19 13:00:00,110.76,117.16,0.8183177368199374,3611,22698.89043999997,2.560553892928419,6.286039999999992
SNGS,1,2025-07-18 08:00:00,2025-07-18 11:00:00,22.5,22.525,0.1544080155444713,17777,44.22028749997472,0.005369971654271943,0.0024874999999985777
NVTK,1,2025-07-18 09:00:00,2025-07-20 10:00:00,1057.4,1098.4,8.874905901259247,375,14970.7875,1.499437494292588,39.9221
MTSS,1,2025-07-18 09:00:00,2025-07-19 13:00:00,205.5,209.8,1.230205245747819,1946,7963.713100000022,1.1088529100178315,4.092350000000011
GAZP,1,2025-07-18 11:00:00,2025-07-20 11:00:00,122.48,128.68,0.8655271428916541,3265,19832.981300000007,2.339391298465762,6.074420000000003
SBER,1,2025-07-18 12:00:00,2025-07-18 12:00:00,306.71,306.71,1.7249775982449167,1304,-399.94984,-0.05926840254081424,-0.30671
SNGS,-1,2025-07-18 12:00:00,2025-07-19 07:00:00,22.38,22.405,0.15399045533021755,17873,-847.046152500038,-0.10258752703941625,-0.04739250000000213
SNGS,1,2025-07-19 08:00:00,2025-07-20 15:00:00,22.625,22.575,0.15726060594343588,17679,-1283.4954000000128,-0.1538846925765032,-0.07260000000000072
PLZL,1,2025-07-19 13:00:00,2025-07-19 13:00:00,1878.4,1878.4,13.743948120414197,212,-398.2208,-0.045557021013730645,-1.8784
SBER,-1,2025-07-20 08:00:00,2025-07-20 08:00:00,312.9,312.9,1.2275414972991094,1278,-399.88620000000003,-0.08496657769165884,-0.3129
SBER,1,2025-07-20 09:00:00,2025-07-20 11:00:00,313.02,312.89,1.1684313903491714,1277,-565.6535349999941,-0.12636742549559649,-0.44295499999999544
PLZL,-1,2025-07-20 11:00:00,2025-07-21 07:00:00,1873.6,1893.4,11.003995868318057,213,-4618.585500000039,-0.6568371544143589,-21.683500000000183
LKOH,1,2025-07-20 12:00:00,2025-07-21 07:00:00,6179.0,6180.0,20.643937653716247,64,-331.488,-0.08363230062793771,-5.1795
NVTK,1,2025-07-21 07:00:00,2025-07-21 07:00:00,1094.6,1094.6,5.584247244153661,365,-399.529,-0.06533855875537353,-1.0946
SBER,1,2025-07-21 08:00:00,2025-07-21 12:00:00,310.76,310.51,1.049035704855207,1287,-721.537245,-0.1781429673636582,-0.560635
LKOH,-1,2025-07-21 08:00:00,2025-07-21 08:00:00,6178.0,6178.0,18.587033199078636,64,-395.392,-0.11079408484810878,-6.178
NVTK,-1,2025-07-21 08:00:00,2025-07-21 10:00:00,1089.4,1099.0,6.028229583856969,367,-3924.771399999967,-0.5913400084959146,-10.69419999999991
PLZL,1,2025-07-21 08:00:00,2025-07-22 08:00:00,1906.2,1933.4,9.486507308439784,209,5283.5618000000095,0.8882861794494593,25.280200000000047
SNGS,-1,2025-07-21 08:00:00,2025-07-21 10:00:00,22.585,22.63,0.0959159426584552,17710,-1197.3288249999673,-0.23495398896907088,-0.06760749999999816
LKOH,1,2025-07-21 09:00:00,2025-07-21 11:00:00,6193.0,6197.5,19.366530827715877,64,-108.49599999999998,-0.02917834579462367,-1.6952499999999997
MTSS,1,2025-07-21 09:00:00,2025-07-21 12:00:00,210.25,210.0,0.9998538512458852,1902,-875.15775,-0.15339741884164812,-0.460125
ROSN,1,2025-07-21 10:00:00,2025-07-22 07:00:00,419.1,415.4,1.6585498422551597,954,-3927.8565000000435,-0.827479905458001,-4.117250000000046
NVTK,1,2025-07-21 11:00:00,2025-07-22 07:00:00,1097.2,1080.4,6.513126966375268,364,-6511.523199999983,-0.9155254249022958,-17.888799999999954
SNGS,1,2025-07-21 11:00:00,2025-07-22 07:00:00,22.68,22.69,0.0956714016110154,17636,-223.7126599999725,-0.044196418805742384,-0.01268499999999844
LKOH,-1,2025-07-21 12:00:00,2025-07-21 15:00:00,6176.0,6198.5,21.399879092015954,64,-1835.984,-0.446844424940433,-28.68725
TATN,1,2025-07-21 12:00:00,2025-07-21 12:00:00,657.9,657.9,2.384875706838353,607,-399.3453,-0.09195447769927079,-0.6579
SBER,-1,2025-07-21 13:00:00,2025-07-22 09:00:00,310.9,309.16,1.1270213191728218,1286,1838.9414199999385,0.4229349157445338,1.4299699999999522
GAZP,1,2025-07-21 13:00:00,2025-07-22 08:00:00,128.23,127.89,0.7647163182017146,3119,-1459.8791399999664,-0.20402336956387784,-0.4680599999999892
MTSS,-1,2025-07-21 13:00:00,2025-07-22 10:00:00,209.2,208.45,1.0814354916033342,1912,1034.7266,0.1668076071733306,0.541175
GMKN,1,2025-07-21 14:00:00,2025-07-23 09:00:00,115.14,119.02,0.7034896238583586,3474,13072.384079999983,1.7829782048344878,3.7629199999999954
ROSN,-1,2025-07-22 08:00:00,2025-07-22 13:00:00,415.25,418.55,1.6200519496258725,963,-3579.374700000011,-0.7647697143000827,-3.7169000000000114
NVTK,-1,2025-07-22 08:00:00,2025-07-22 11:00:00,1078.8,1089.2,6.672073453057787,370,-4249.080000000034,-0.5737346908622044,-11.48400000000009
SNGS,-1,2025-07-22 08:00:00,2025-07-22 10:00:00,22.63,22.8,0.09803550143576772,17675,-3406.2376250000298,-0.6552558245996474,-0.1927150000000017
GAZP,-1,2025-07-22 09:00:00,2025-07-22 12:00:00,127.76,127.7,0.7226419161920413,3130,-211.99489999999292,-0.031241844903812897,-0.06772999999999774
TATN,-1,2025-07-22 09:00:00,2025-07-22 09:00:00,655.5,655.5,2.67526474747565,610,-399.85499999999996,-0.08167415961585639,-0.6555
SBER,1,2025-07-22 10:00:00,2025-07-22 14:00:00,310.83,310.39,1.2688142385633414,1286,-965.2844599999971,-0.19719461346574574,-0.7506099999999978
TATN,1,2025-07-22 10:00:00,2025-07-23 14:00:00,662.6,674.1,3.177031551227385,603,6531.48495,1.1364539324783014,10.83165
LKOH,1,2025-07-22 11:00:00,2025-07-23 13:00:00,6180.5,6236.0,25.264190872982734,64,3154.672,0.6503506649367516,49.29175
PLZL,1,2025-07-22 11:00:00,2025-07-23 13:00:00,1949.2,1984.6,11.761801412073543,205,6853.785499999972,0.9475050866975936,33.43309999999986
MTSS,1,2025-07-22 11:00:00,2025-07-23 13:00:00,209.5,211.95,1.152646283622975,1909,4274.775974999979,0.6475750719065766,2.2392749999999886
GAZP,1,2025-07-22 13:00:00,2025-07-24 07:00:00,128.3,129.02,0.7262519723126015,3117,1843.2067799999966,0.2714117700853406,0.5913399999999989
ROSN,1,2025-07-22 14:00:00,2025-07-23 14:00:00,419.45,424.6,1.5669542360806419,953,4505.760175000033,1.005767514058765,4.7279750000000345
SBER,-1,2025-07-22 15:00:00,2025-07-23 07:00:00,310.13,312.13,1.173251110175266,1289,-2979.04657,-0.6566170361872352,-2.31113
SNGS,1,2025-07-22 15:00:00,2025-07-23 11:00:00,22.74,22.695,0.09760087316180877,17590,-1191.1508249999674,-0.2312735457046301,-0.06771749999999815
SBER,1,2025-07-23 08:00:00,2025-07-24 07:00:00,313.3,313.69,1.1208644776511192,1276,97.62037999998256,0.022751784158690922,0.07650499999998633
NVTK,1,2025-07-23 08:00:00,2025-07-23 09:00:00,1084.0,1076.4,7.188825114697597,369,-3202.993799999966,-0.40248579619559743,-8.680199999999909
NVTK,-1,2025-07-23 10:00:00,2025-07-24 10:00:00,1078.6,1076.6,7.73628287950967,370,341.28800000000007,0.0397434622615757,0.9224000000000001
LKOH,-1,2025-07-23 14:00:00,2025-07-25 07:00:00,6218.0,6178.5,22.299728763637063,64,2131.312,0.497790060632237,33.30175
MTSS,-1,2025-07-23 14:00:00,2025-07-23 15:00:00,211.15,212.4,1.040517434578457,1894,-2768.60185,-0.46828464102644807,-1.461775
SNGS,-1,2025-07-23 14:00:00,2025-07-24 08:00:00,22.68,22.57,0.08877241740740509,17636,1540.9454999999898,0.32808614263973285,0.08737499999999943
GMKN,1,2025-07-24 07:00:00,2025-07-24 13:00:00,118.54,118.56,0.9432323875503408,3374,-332.5077000000135,-0.03482704838551582,-0.098550000000004
GAZP,-1,2025-07-24 08:00:00,2025-07-25 07:00:00,129.4,128.24,0.5842868435317917,3091,3187.3773799999894,0.5882841115999952,1.0311799999999967
TATN,1,2025-07-24 08:00:00,2025-07-24 14:00:00,675.4,674.6,3.123112533115267,592,-873.1999999999731,-0.15742841842980917,-1.4749999999999546
SNGS,1,2025-07-24 09:00:00,2025-07-24 15:00:00,22.745,22.67,0.1083855428356128,17586,-1718.2840949999877,-0.30049364347479207,-0.0977074999999993
NVTK,1,2025-07-24 11:00:00,2025-07-24 15:00:00,1078.0,1079.8,7.335412693039952,371,267.52809999998306,0.03276798139724547,0.7210999999999543
MTSS,1,2025-07-24 11:00:00,2025-07-25 10:00:00,211.1,211.65,1.0982167650012153,1894,641.3557500000215,0.10278025577207325,0.3386250000000114
PLZL,1,2025-07-24 13:00:00,2025-07-25 07:00:00,1966.0,1960.0,10.014405174690102,203,-1616.489,-0.2650515219857252,-7.963
GMKN,-1,2025-07-24 14:00:00,2025-07-25 10:00:00,118.64,117.28,0.8592674893451342,3371,4186.916839999998,0.48182124712859953,1.2420399999999994
ROSN,1,2025-07-24 15:00:00,2025-07-25 10:00:00,422.65,423.8,1.6425742325453152,946,687.5291500000322,0.14748699238873594,0.7267750000000341
TATN,-1,2025-07-24 15:00:00,2025-07-25 09:00:00,673.7,673.0,2.8580295848727,593,15.803450000026965,0.0031082020215491097,0.02665000000004547
SBER,1,2025-07-25 07:00:00,2025-07-25 10:00:00,311.22,310.56,0.8671035717430401,1285,-1247.593650000032,-0.3732310770551338,-0.970890000000025
NVTK,-1,2025-07-25 07:00:00,2025-07-25 08:00:00,1075.6,1080.4,6.971508867281625,371,-2180.7380000000676,-0.28104867549245327,-5.878000000000182
SNGS,-1,2025-07-25 07:00:00,2025-07-25 11:00:00,22.68,22.555,0.09227722756635315,17636,1805.61777,0.3698366422578114,0.1023825
LKOH,1,2025-07-25 08:00:00,2025-07-25 10:00:00,6192.5,6187.0,22.957615678293465,64,-748.144,-0.16972944350739225,-11.68975
PLZL,-1,2025-07-25 08:00:00,2025-07-25 11:00:00,1961.2,1952.2,11.149282231214181,203,1429.7899,0.21057558845301466,7.0433
NVTK,1,2025-07-25 09:00:00,2025-07-25 10:00:00,1083.2,1079.8,6.9448214212785535,369,-1653.6735000000335,-0.21510032335120094,-4.481500000000091
TATN,1,2025-07-25 10:00:00,2025-07-25 10:00:00,671.9,671.9,3.1965400607442063,595,-399.78049999999996,-0.07006534015235323,-0.6718999999999999
SBER,-1,2025-07-25 11:00:00,2025-07-29 11:00:00,309.85,304.47,1.2569925320843658,1290,6543.963599999995,1.3452320706016523,5.072839999999996
LKOH,-1,2025-07-25 11:00:00,2025-07-26 13:00:00,6160.0,6095.5,23.81172800481441,64,3735.824,0.8171358526660746,58.37225
ROSN,-1,2025-07-25 11:00:00,2025-07-26 09:00:00,421.55,418.85,1.8506774791092429,948,2161.2503999999894,0.41062440209684525,2.2797999999999887
TATN,-1,2025-07-25 11:00:00,2025-07-26 07:00:00,666.7,664.0,4.018215770691044,599,1218.7553500000272,0.16878552705248168,2.0346500000000454
GMKN,1,2025-07-25 11:00:00,2025-07-25 13:00:00,117.0,116.7,0.948757656644248,3418,-1424.7932999999903,-0.146454681052551,-0.41684999999999717
NVTK,-1,2025-07-25 11:00:00,2025-07-26 11:00:00,1067.6,1057.6,8.041198062224877,374,3342.5876000000003,0.3704837650161117,8.9374
MTSS,-1,2025-07-25 11:00:00,2025-07-26 15:00:00,211.2,209.3,1.0956638443921485,1893,3198.696749999957,0.5140719052498002,1.6897499999999772
PLZL,1,2025-07-25 12:00:00,2025-07-25 14:00:00,1952.4,1945.6,12.363646652585073,204,-1784.796000000037,-0.2358797056630236,-8.749000000000182
SNGS,1,2025-07-25 12:00:00,2025-07-25 13:00:00,22.56,22.505,0.11912738861559541,17730,-1374.6512249999948,-0.21694563246124254,-0.07753249999999971
GAZP,-1,2025-07-25 14:00:00,2025-07-28 13:00:00,127.77,124.95,0.7258176936648145,3130,8431.09319999998,1.237059950228552,2.693639999999993
GMKN,-1,2025-07-25 14:00:00,2025-07-26 15:00:00,115.34,114.2,1.0390745523496394,3207,3287.9126100000017,0.32889202469693424,1.0252300000000005
SNGS,-1,2025-07-25 14:00:00,2025-07-26 14:00:00,22.425,22.345,0.132028207530794,17837,1027.6787550000329,0.1454613401118945,0.057615000000001845
PLZL,-1,2025-07-25 15:00:00,2025-07-26 12:00:00,1922.4,1928.0,13.559668985324125,208,-1565.2415999999812,-0.18498976654333202,-7.525199999999909
TATN,1,2025-07-26 08:00:00,2025-07-28 07:00:00,665.0,657.1,4.544202836126092,601,-5145.191049999986,-0.627983264885701,-8.561049999999977
ROSN,1,2025-07-26 10:00:00,2025-07-28 07:00:00,419.35,416.5,1.9491946029665186,953,-3114.3325250000216,-0.5588504768459243,-3.2679250000000226
MTSS,1,2025-07-27 07:00:00,2025-07-27 13:00:00,209.7,209.0,0.8626762597710705,1907,-1734.1304499999783,-0.35136780829821523,-0.9093499999999887
LKOH,-1,2025-07-27 12:00:00,2025-07-28 09:00:00,6089.0,6065.5,14.8163758261553,65,1132.47875,0.3919705737405247,17.42275
SNGS,-1,2025-07-27 13:00:00,2025-07-28 10:00:00,22.315,22.19,0.06775450304981546,17925,1841.7489374999998,0.5054891575469971,0.10274749999999999
GMKN,-1,2025-07-27 15:00:00,2025-07-28 08:00:00,114.3,114.48,0.47969779324141043,3499,-1030.0706100000239,-0.20456629440990118,-0.2943900000000068
ROSN,-1,2025-07-28 08:00:00,2025-07-28 08:00:00,417.1,417.1,1.0381615180511208,959,-399.99890000000005,-0.13392264201271145,-0.4171
TATN,-1,2025-07-28 08:00:00,2025-07-29 12:00:00,654.2,646.4,1.933657747161987,611,4368.466700000042,1.2325000827220884,7.149700000000069
NVTK,-1,2025-07-28 08:00:00,2025-07-29 08:00:00,1039.6,1028.0,4.158527445127025,384,4057.4207999999653,0.846950444151524,10.56619999999991
PLZL,-1,2025-07-28 08:00:00,2025-07-28 08:00:00,1917.4,1917.4,7.6527057398603375,208,-398.8192,-0.08351730160017855,-1.9174000000000002
MTSS,-1,2025-07-28 08:00:00,2025-07-28 09:00:00,207.85,209.3,0.6400075574062439,1924,-3191.098300000033,-0.8638309453311861,-1.658575000000017
ROSN,1,2025-07-28 09:00:00,2025-07-28 11:00:00,420.8,424.0,1.3068642667617558,950,2638.719999999989,0.7084642913688681,2.7775999999999885
GMKN,1,2025-07-28 09:00:00,2025-07-28 12:00:00,116.06,116.16,0.6029140130289279,3446,-55.5150600000196,-0.008906742726087945,-0.01611000000000569
PLZL,1,2025-07-28 09:00:00,2025-07-28 12:00:00,1932.4,1939.4,8.3203696155846,206,1043.2046,0.20287960887837672,5.0641
LKOH,1,2025-07-28 10:00:00,2025-07-28 11:00:00,6075.5,6091.5,17.86743992881496,65,644.5725,0.18500132157540905,9.9165
MTSS,1,2025-07-28 10:00:00,2025-07-28 12:00:00,209.7,207.9,0.7322003938859966,1907,-3830.7815999999675,-0.9145037418598423,-2.008799999999983
LKOH,-1,2025-07-28 12:00:00,2025-07-29 08:00:00,6042.5,6010.5,22.36529259168229,66,1714.2510000000002,0.3871102199017599,25.9735
ROSN,-1,2025-07-28 12:00:00,2025-07-29 10:00:00,419.35,417.5,1.81336763632492,953,1364.2909750000217,0.26315219104371995,1.4315750000000227
GMKN,-1,2025-07-28 13:00:00,2025-07-28 13:00:00,116.46,116.46,0.7654067869148061,3434,-399.92364,-0.05071812879589853,-0.11646
PLZL,-1,2025-07-28 13:00:00,2025-07-29 07:00:00,1937.0,1935.4,10.724897870437111,206,-69.25720000001877,-0.010449205952404056,-0.3362000000000911
MTSS,-1,2025-07-28 13:00:00,2025-07-29 10:00:00,207.75,207.0,0.8653404757170319,1925,1044.5531250000001,0.20902177244179493,0.542625
SNGS,-1,2025-07-28 13:00:00,2025-07-29 08:00:00,22.05,21.975,0.08212648852519505,18140,961.1932499999871,0.21506459507983466,0.052987499999999285
GMKN,1,2025-07-28 14:00:00,2025-07-30 08:00:00,117.0,121.58,0.8764491592780347,3418,15246.706779999993,1.696508368560879,4.460709999999998
GAZP,-1,2025-07-28 15:00:00,2025-07-29 14:00:00,124.1,122.9,0.6124762247815592,3223,3469.5594999999635,0.585873081785841,1.0764999999999887
PLZL,1,2025-07-29 08:00:00,2025-07-30 08:00:00,1933.2,1991.4,12.31902874004462,206,11584.96620000001,1.5217027572201376,56.237700000000046
LKOH,1,2025-07-29 09:00:00,2025-07-30 07:00:00,6020.5,6010.5,28.208600844615848,66,-1057.023,-0.18925079019007618,-16.0155
SBER,-1,2025-07-30 08:00:00,2025-07-31 07:00:00,305.17,304.8,1.232614579737705,1310,85.16965000000594,0.017581867862766814,0.06501500000000454
GAZP,-1,2025-07-30 08:00:00,2025-07-31 09:00:00,122.43,121.69,0.6556396294952009,3267,2018.8099800000296,0.31416648831705607,0.617940000000009
LKOH,-1,2025-07-30 08:00:00,2025-07-31 07:00:00,5980.5,5944.5,26.361408875957746,66,1982.4750000000001,0.3798165738073145,30.0375
TATN,-1,2025-07-30 08:00:00,2025-07-30 15:00:00,648.3,643.9,3.8107726169665206,616,2312.4023999999863,0.32835861012249573,3.7538999999999776
NVTK,-1,2025-07-30 08:00:00,2025-07-31 07:00:00,1024.2,1021.8,6.488714671834003,390,537.0300000000354,0.0707382005857712,1.3770000000000908
MTSS,-1,2025-07-30 08:00:00,2025-07-31 08:00:00,207.4,205.55,1.058320837183073,1928,3168.716199999989,0.5176517814057711,1.6435249999999944
SNGS,-1,2025-07-30 08:00:00,2025-07-31 07:00:00,21.995,21.875,0.09833398690111332,18185,1783.312025000018,0.3324215193898903,0.09806500000000098
ROSN,-1,2025-07-30 09:00:00,2025-07-31 07:00:00,425.95,421.2,2.813001336657274,939,4062.5130750000003,0.5126700964814978,4.326425
PLZL,-1,2025-07-30 09:00:00,2025-07-31 07:00:00,1981.4,1953.2,18.020562867264953,184,4826.816800000008,0.4852364156292579,26.232700000000044
TATN,1,2025-07-31 07:00:00,2025-07-31 08:00:00,646.0,645.2,3.5739335255005127,619,-894.8263999999718,-0.13482809997121262,-1.4455999999999545
GMKN,1,2025-07-31 07:00:00,2025-07-31 07:00:00,120.62,120.62,0.9813052560489265,3316,-399.97592000000003,-0.04097263967437878,-0.12062
SBER,1,2025-07-31 08:00:00,2025-07-31 08:00:00,303.78,303.78,1.0950189408568352,1316,-399.77448,-0.09247328628011277,-0.30378
ROSN,1,2025-07-31 08:00:00,2025-07-31 08:00:00,418.95,418.95,2.827898885723545,954,-399.6783,-0.04938295379124534,-0.41895
GMKN,-1,2025-07-31 08:00:00,2025-07-31 12:00:00,119.1,119.18,1.0540691663311461,3162,-629.6806800000396,-0.06297499454523486,-0.19914000000001253
PLZL,1,2025-07-31 08:00:00,2025-07-31 11:00:00,1966.4,1956.8,17.805197205324635,187,-2162.0192000000256,-0.2164461658146766,-11.561600000000137
SBER,-1,2025-07-31 09:00:00,2025-08-01 07:00:00,303.34,306.9,1.1153747307956323,1318,-5094.228160000003,-1.1551035699134913,-3.8651200000000023
ROSN,-1,2025-07-31 09:00:00,2025-08-01 07:00:00,416.8,421.75,2.840191822457578,959,-5149.134724999989,-0.6301540336753301,-5.3692749999999885
TATN,-1,2025-07-31 09:00:00,2025-07-31 15:00:00,641.3,640.5,3.748952886783609,623,99.11929999997166,0.01414617226060096,0.1590999999999545
MTSS,1,2025-07-31 09:00:00,2025-08-01 08:00:00,208.45,208.9,1.2112763909920492,1918,462.86135000003264,0.06641066173244713,0.24132500000001703
GAZP,1,2025-07-31 10:00:00,2025-07-31 10:00:00,122.01,122.01,0.5854925654137626,3278,-399.94878,-0.06946288032070716,-0.12201000000000001
GAZP,-1,2025-07-31 11:00:00,2025-07-31 13:00:00,121.49,121.78,0.6251002393127796,3292,-1355.1024200000206,-0.21950346206476584,-0.41163500000000625
LKOH,-1,2025-07-31 12:00:00,2025-08-01 07:00:00,5902.5,5941.0,26.62363736389989,67,-2976.25725,-0.5561693091597534,-44.42175
NVTK,-1,2025-07-31 12:00:00,2025-08-01 07:00:00,1012.4,1025.4,6.30812641431564,395,-5537.465500000045,-0.740785196704665,-14.018900000000114
PLZL,-1,2025-07-31 12:00:00,2025-08-01 07:00:00,1949.8,1978.0,16.80951784103699,198,-5972.452200000009,-0.598151203884446,-30.163900000000044
GMKN,1,2025-07-31 13:00:00,2025-08-01 11:00:00,119.4,120.2,1.0924409899420453,3051,2075.2901999999913,0.20754744230657324,0.6801999999999971
GAZP,1,2025-07-31 14:00:00,2025-08-01 12:00:00,121.9,123.64,0.6607963650765953,3281,5306.1316299999835,0.8157984746241433,1.6172299999999948
TATN,1,2025-08-01 07:00:00,2025-08-04 11:00:00,645.1,652.2,3.644489369678299,620,3999.837000000014,0.590055226362158,6.451350000000023
SBER,1,2025-08-01 08:00:00,2025-08-05 11:00:00,306.71,306.42,1.093801033951492,1304,-777.9207599999526,-0.1818018029125457,-0.5965649999999636
LKOH,1,2025-08-01 08:00:00,2025-08-05 09:00:00,5940.0,6061.5,24.85262871823214,67,7738.449750000001,1.5491218428638978,115.49925
ROSN,1,2025-08-01 08:00:00,2025-08-06 07:00:00,422.2,434.5,2.491352745071191,947,11242.45255000001,1.5883807198701574,11.871650000000011
NVTK,1,2025-08-01 08:00:00,2025-08-01 11:00:00,1023.0,1028.2,6.019322642259357,391,1632.190400000018,0.23116665268907965,4.174400000000046
PLZL,1,2025-08-01 08:00:00,2025-08-01 11:00:00,1968.2,1969.0,15.344305772431392,203,-237.2258000000092,-0.02538618163053099,-1.1686000000000454
MTSS,-1,2025-08-01 09:00:00,2025-08-04 07:00:00,209.65,207.55,1.088574534179558,1907,3606.8997999999888,0.5791672015750743,1.8913999999999942
SNGS,-1,2025-08-01 11:00:00,2025-08-04 08:00:00,22.055,21.925,0.09710663859727893,18136,1958.8693599999817,0.3707607827168869,0.108009999999999
GMKN,-1,2025-08-01 12:00:00,2025-08-04 09:00:00,119.1,119.34,0.9563943814442961,3358,-1206.2607600000306,-0.12519939715578216,-0.3592200000000091
NVTK,-1,2025-08-01 12:00:00,2025-08-04 08:00:00,1015.6,1017.6,6.821612713077087,393,-1185.5238,-0.14740404881175936,-3.0166
PLZL,-1,2025-08-01 12:00:00,2025-08-01 13:00:00,1948.0,1948.4,15.413242325239812,205,-481.3810000000186,-0.0507831718217786,-2.348200000000091
PLZL,1,2025-08-01 14:00:00,2025-08-05 11:00:00,1968.0,2027.0,16.6950915967629,199,11343.4975,1.1381089599423047,57.0025
MTSS,1,2025-08-04 08:00:00,2025-08-04 11:00:00,208.25,209.4,1.0111690482535491,1920,1807.056000000011,0.31025969450098895,0.9411750000000056
NVTK,1,2025-08-04 09:00:00,2025-08-05 10:00:00,1017.4,1044.2,6.1459474047265195,393,10127.295600000027,1.3976255844180268,25.76920000000007
SNGS,1,2025-08-04 09:00:00,2025-08-04 11:00:00,21.91,21.99,0.0941759535650593,18256,1059.7607999999689,0.20546646216469608,0.0580499999999983
GMKN,1,2025-08-04 10:00:00,2025-08-05 09:00:00,120.72,120.9,0.9000550629904315,3313,196.0964700000226,0.021920881078596882,0.05919000000000682
GAZP,1,2025-08-04 11:00:00,2025-08-05 11:00:00,122.92,125.73,0.6877368414101572,3254,8739.186450000008,1.3016970243507726,2.6856750000000025
MTSS,-1,2025-08-04 12:00:00,2025-08-05 07:00:00,208.45,209.6,1.067048864722241,1918,-2606.609950000011,-0.4245431941406507,-1.3590250000000057
SNGS,-1,2025-08-04 12:00:00,2025-08-04 12:00:00,21.925,21.925,0.0974961989731905,18244,-399.9997,-0.07496018727194666,-0.021925
TATN,1,2025-08-04 13:00:00,2025-08-05 11:00:00,652.9,656.9,3.0603514723747995,612,2047.2012,0.3643481290951459,3.3451
SNGS,1,2025-08-04 13:00:00,2025-08-05 09:00:00,22.035,22.015,0.10338932761796259,18152,-762.8377999999923,-0.1354910961902747,-0.04202499999999958
MTSS,1,2025-08-05 08:00:00,2025-08-06 07:00:00,208.85,212.4,0.9833537070292783,1915,6394.903125000022,1.1319680721627277,3.3393750000000115
GMKN,-1,2025-08-05 10:00:00,2025-08-05 12:00:00,120.38,120.76,0.8142955273522857,3322,-1662.8935400000319,-0.20490922651781102,-0.5005700000000096
SNGS,-1,2025-08-05 10:00:00,2025-08-05 12:00:00,21.915,22.03,0.10364900135284955,18252,-2500.0220700000364,-0.4405011085883022,-0.136972500000002
SBER,-1,2025-08-05 12:00:00,2025-08-06 07:00:00,306.02,307.58,0.8695817363453396,1307,-2439.9076000000027,-0.7155930726902303,-1.8668000000000022
LKOH,1,2025-08-05 13:00:00,2025-08-06 13:00:00,6078.0,6061.5,27.003326712428485,65,-1467.03375,-0.27860456158304997,-22.56975
TATN,1,2025-08-05 13:00:00,2025-08-06 10:00:00,660.6,660.7,3.4328513066232422,605,-339.1932499999863,-0.05443968195556812,-0.5606499999999773
GMKN,1,2025-08-05 13:00:00,2025-08-06 07:00:00,121.44,121.82,0.8158335545163885,3293,850.812409999985,0.10556483348418315,0.25836999999999544
NVTK,1,2025-08-05 13:00:00,2025-08-06 13:00:00,1053.0,1054.6,7.276898908682789,379,207.0097999999655,0.02501981530200929,0.546199999999909
SNGS,1,2025-08-05 13:00:00,2025-08-06 09:00:00,22.165,21.995,0.11668252768666569,18046,-3466.2756799999665,-0.5487253999039218,-0.19207999999999814
PLZL,1,2025-08-05 15:00:00,2025-08-06 10:00:00,2049.0,2038.0,15.480169047104276,195,-2543.4825,-0.28086471924844003,-13.0435
SBER,1,2025-08-06 08:00:00,2025-08-06 13:00:00,307.29,306.29,1.0053418434894463,1301,-1700.1337899999999,-0.4332821412811705,-1.30679
GAZP,1,2025-08-06 08:00:00,2025-08-06 11:00:00,126.03,125.97,0.6518313587761267,3173,-590.1780000000073,-0.09511662666308576,-0.18600000000000227
ROSN,-1,2025-08-06 08:00:00,2025-08-06 12:00:00,433.65,433.6,2.7117090841623663,922,-353.7022500000419,-0.04715660715482506,-0.38362500000004546
GMKN,-1,2025-08-06 08:00:00,2025-08-06 14:00:00,121.38,121.5,0.8331799810116257,3295,-795.5448000000149,-0.09659377545567617,-0.24144000000000454
SNGS,-1,2025-08-06 10:00:00,2025-08-07 07:00:00,22.04,22.37,0.11930744932765396,18148,-6391.816340000033,-0.9840262894586504,-0.3522050000000018
PLZL,-1,2025-08-06 11:00:00,2025-08-06 11:00:00,2041.6,2041.6,14.033802890920645,195,-398.11199999999997,-0.048492439192915654,-2.0416
GAZP,-1,2025-08-06 12:00:00,2025-08-07 07:00:00,125.71,130.22,0.6587704455957137,3181,-14753.366665000016,-2.34677852303366,-4.637965000000005
PLZL,1,2025-08-06 12:00:00,2025-08-06 13:00:00,2046.0,2043.8,13.6028169701406,195,-827.7555000000089,-0.10402012096264032,-4.244900000000046
ROSN,1,2025-08-06 13:00:00,2025-08-06 13:00:00,432.75,432.75,2.568880992640523,924,-399.86100000000005,-0.0561528542634928,-0.43275
SBER,-1,2025-08-06 14:00:00,2025-08-07 07:00:00,304.91,309.14,1.1257352734924744,1311,-5948.03977499995,-1.3434256723383768,-4.537024999999962
LKOH,-1,2025-08-06 14:00:00,2025-08-07 07:00:00,6039.5,6140.5,26.6860522919542,66,-7067.9400000000005,-1.3376525788128337,-107.09
ROSN,-1,2025-08-06 14:00:00,2025-08-07 07:00:00,430.65,437.2,2.6103894931661986,928,-6481.082400000011,-0.8918113584560717,-6.983925000000012
NVTK,-1,2025-08-06 14:00:00,2025-08-07 07:00:00,1047.8,1078.8,6.515250720357138,381,-12216.1173,-1.6404229285102336,-32.0633
PLZL,-1,2025-08-06 14:00:00,2025-08-07 07:00:00,2035.2,2053.6,13.328959530376322,196,-4007.1023999999734,-0.5112777170993144,-20.444399999999863
TATN,1,2025-08-06 15:00:00,2025-08-07 15:00:00,654.1,704.6,4.350068379085361,611,30440.41715,3.8176143191627423,49.82065
SBER,1,2025-08-07 08:00:00,2025-08-07 15:00:00,311.05,315.55,1.371712972253268,1285,5379.9095,1.017389712640987,4.1867
GAZP,1,2025-08-07 08:00:00,2025-08-08 10:00:00,130.12,134.63,0.6688019966691128,3074,13456.819249999973,2.181824128218427,4.377624999999991
LKOH,1,2025-08-07 08:00:00,2025-08-07 15:00:00,6148.0,6274.5,32.968570293521644,65,7818.768749999999,1.216196202717318,120.28875
ROSN,1,2025-08-07 08:00:00,2025-08-07 15:00:00,438.2,451.95,3.116208351489115,912,12134.091600000002,1.423195916242474,13.304925
GMKN,1,2025-08-07 08:00:00,2025-08-07 15:00:00,123.4,125.72,0.8075189614475028,3241,7115.421039999978,0.9062491015957483,2.1954399999999934
NVTK,1,2025-08-07 08:00:00,2025-08-07 15:00:00,1086.2,1144.8,8.307144982734922,368,21154.295999999966,2.306628816497617,57.48449999999991
PLZL,1,2025-08-07 08:00:00,2025-08-07 15:00:00,2069.8,2077.6,15.077013151689792,193,1105.1758999999474,0.12660111438933422,5.7262999999997275
MTSS,1,2025-08-07 08:00:00,2025-08-07 15:00:00,214.45,216.45,1.172255120042381,1865,3328.18575,0.5074407352373042,1.78455
SNGS,1,2025-08-07 08:00:00,2025-08-07 15:00:00,22.535,22.855,0.14129249324984888,17750,5277.163750000004,0.7013937144659506,0.29730500000000026
PLZL,1,2025-08-08 08:00:00,2025-08-11 09:00:00,2083.0,2159.6,12.55458197891894,192,14299.910399999982,1.9774639549943072,74.4786999999999
MTSS,1,2025-08-08 09:00:00,2025-08-11 13:00:00,216.95,222.7,1.2710834647902782,1843,10192.112525,1.4502522593752851,5.530175
TATN,1,2025-08-08 11:00:00,2025-08-11 10:00:00,703.7,724.0,5.946549946400137,560,10968.243999999973,1.097899912640764,19.586149999999954
LKOH,1,2025-08-08 12:00:00,2025-08-11 13:00:00,6235.0,6329.0,39.997946927379786,64,5613.952,0.7310208543058528,87.718
GMKN,1,2025-08-08 12:00:00,2025-08-11 13:00:00,126.1,128.84,1.0721157057456177,3109,8122.355770000027,0.8122661842060193,2.612530000000009
ROSN,1,2025-08-08 13:00:00,2025-08-11 15:00:00,446.0,463.5,3.9519421382918005,843,14369.14575,1.4377108270253918,17.04525
SBER,1,2025-08-08 15:00:00,2025-08-11 12:00:00,315.81,318.92,1.4636525598606687,1266,3535.475910000017,0.6359967924504926,2.7926350000000135
NVTK,1,2025-08-08 15:00:00,2025-08-11 15:00:00,1166.0,1230.4,14.448914350876784,230,14536.41400000002,1.4580518753914753,63.20180000000009
GAZP,1,2025-08-11 07:00:00,2025-08-12 07:00:00,144.11,140.1,1.0392664836020007,2775,-11522.091375000053,-1.3317421679982118,-4.152105000000019
SNGS,1,2025-08-11 08:00:00,2025-08-14 07:00:00,23.06,23.875,0.15016153237917343,17346,13729.922745000023,1.7570689542540978,0.7915325000000013
TATN,1,2025-08-12 10:00:00,2025-08-12 12:00:00,726.2,720.5,5.728296474902936,550,-3532.8425000000248,-0.3737789543623372,-6.423350000000045
MTSS,1,2025-08-12 10:00:00,2025-08-13 10:00:00,221.1,222.15,1.28418899893162,1809,1498.5303750000207,0.21501897324282157,0.8283750000000114
LKOH,1,2025-08-12 11:00:00,2025-08-13 09:00:00,6357.5,6373.0,32.73932271487344,62,566.3545,0.09300487652676348,9.13475
TATN,-1,2025-08-12 13:00:00,2025-08-13 07:00:00,718.3,724.5,5.341387520175562,556,-3848.298400000025,-0.4319352087109974,-6.9214000000000455
NVTK,1,2025-08-12 13:00:00,2025-08-13 08:00:00,1224.4,1240.8,11.367011672094831,293,4444.04819999996,0.44477828877501446,15.167399999999864
PLZL,1,2025-08-12 13:00:00,2025-08-12 13:00:00,2060.0,2060.0,19.690935477400867,169,-348.14,-0.03487222166030398,-2.06
ROSN,1,2025-08-12 14:00:00,2025-08-13 08:00:00,461.35,461.25,2.54454223835245,867,-486.64710000001975,-0.07352992502146548,-0.5613000000000228
GMKN,1,2025-08-12 14:00:00,2025-08-13 10:00:00,127.84,127.72,0.890418031002094,3128,-775.0558400000142,-0.0927579299358782,-0.24778000000000455
SBER,1,2025-08-12 15:00:00,2025-08-13 08:00:00,318.34,318.55,1.0998879487097293,1256,-136.20691999995427,-0.03286546904684841,-0.1084449999999636
GAZP,1,2025-08-13 08:00:00,2025-08-13 12:00:00,141.74,140.1,0.9027356749892631,2822,-5025.7562400000415,-0.6576011300396049,-1.7809200000000147
TATN,1,2025-08-13 08:00:00,2025-08-13 11:00:00,724.4,720.7,4.9127933403721,552,-2441.2475999999624,-0.3000702922345304,-4.422549999999932
SBER,-1,2025-08-13 09:00:00,2025-08-13 14:00:00,318.0,317.89,1.072585212578451,1257,-261.38686499998283,-0.06462423608597495,-0.20794499999998634
ROSN,-1,2025-08-13 09:00:00,2025-08-14 09:00:00,460.0,455.3,2.593147929758028,869,3686.60214999999,0.5453281898956751,4.2423499999999885
MTSS,-1,2025-08-13 11:00:00,2025-08-13 13:00:00,221.55,221.5,1.2735882025779555,1805,-309.60262499997947,-0.04489284674925886,-0.17152499999998863
TATN,-1,2025-08-13 12:00:00,2025-08-14 09:00:00,716.9,710.3,4.706916144168253,557,3278.7248000000127,0.41686175687756266,5.886400000000023
GMKN,-1,2025-08-13 12:00:00,2025-08-13 12:00:00,127.68,127.68,0.8547859890459725,3132,-399.89376000000004,-0.04979024053436026,-0.12768000000000002
GAZP,-1,2025-08-13 13:00:00,2025-08-14 13:00:00,139.99,137.96,0.916539345536437,2857,5402.658425000003,0.6877409788640741,1.891025000000001
GMKN,1,2025-08-13 13:00:00,2025-08-14 07:00:00,129.02,127.64,0.8994441326855451,3100,-4675.82300000003,-0.5589859874514805,-1.5083300000000097
PLZL,-1,2025-08-13 13:00:00,2025-08-13 13:00:00,2091.6,2091.6,16.930096179645826,191,-399.4956,-0.04118110095784378,-2.0916
NVTK,1,2025-08-13 14:00:00,2025-08-14 07:00:00,1249.8,1236.2,13.06582510325773,255,-3784.964999999977,-0.37867234771365677,-14.84299999999991
PLZL,1,2025-08-13 14:00:00,2025-08-14 07:00:00,2112.4,2093.4,17.563660738242568,189,-3988.4480999999996,-0.40050306737499963,-21.102899999999998
MTSS,1,2025-08-13 14:00:00,2025-08-14 07:00:00,222.75,220.75,1.3061855980553079,1795,-3988.04125,-0.5669817018622302,-2.22175
SBER,1,2025-08-13 15:00:00,2025-08-14 07:00:00,318.99,317.18,1.0399351616541272,1253,-2666.490505000003,-0.6821210521801689,-2.1280850000000022
LKOH,1,2025-08-13 15:00:00,2025-08-14 07:00:00,6356.0,6298.5,28.989429809031623,62,-3957.2895,-0.7339140555766145,-63.82725
SBER,-1,2025-08-14 08:00:00,2025-08-14 11:00:00,316.18,317.57,1.0406583791813617,1265,-2159.196874999983,-0.5467292098112949,-1.7068749999999864
LKOH,-1,2025-08-14 08:00:00,2025-08-14 12:00:00,6314.0,6365.5,28.84547774350176,63,-3643.90425,-0.6683861102286649,-57.83975
GMKN,-1,2025-08-14 08:00:00,2025-08-14 12:00:00,128.18,129.0,0.8753405839658451,3120,-2959.600799999979,-0.3612270154710456,-0.9485899999999932
NVTK,-1,2025-08-14 08:00:00,2025-08-14 11:00:00,1232.2,1236.8,12.176974399364886,273,-1592.818499999975,-0.15971400362266835,-5.834499999999909
PLZL,-1,2025-08-14 08:00:00,2025-08-14 10:00:00,2103.6,2110.0,16.425496589620625,190,-1616.2920000000172,-0.17263405002877438,-8.50680000000009
MTSS,-1,2025-08-14 08:00:00,2025-08-14 12:00:00,221.2,222.8,1.234398600192241,1808,-3294.176000000041,-0.4920074708759042,-1.8220000000000227
SNGS,-1,2025-08-14 08:00:00,2025-08-14 12:00:00,23.68,23.545,0.19390647887092335,16891,1881.4462624999662,0.19147976324907415,0.111387499999998
ROSN,1,2025-08-14 10:00:00,2025-08-16 07:00:00,460.0,472.9,2.7483063032508803,869,10804.75494999998,1.5080257472626861,12.433549999999977
TATN,1,2025-08-14 10:00:00,2025-08-15 11:00:00,713.1,718.6,5.1914283087479625,560,2679.1240000000003,0.3071826425840158,4.78415
PLZL,1,2025-08-14 11:00:00,2025-08-16 07:00:00,2122.6,2103.2,16.125516037680953,188,-4044.425200000017,-0.4446968797717912,-21.51290000000009
SBER,1,2025-08-14 12:00:00,2025-08-16 07:00:00,317.83,316.87,1.1319175335224632,1258,-1606.9062999999742,-0.3761610901178577,-1.2773499999999796
NVTK,1,2025-08-14 12:00:00,2025-08-16 07:00:00,1246.0,1239.4,12.315424974496594,270,-2117.5289999999754,-0.21227309156988003,-7.842699999999909
LKOH,1,2025-08-14 13:00:00,2025-08-16 07:00:00,6387.5,6392.0,28.442638238193165,62,-117.16450000000002,-0.022146914129112186,-1.8897500000000003
GMKN,1,2025-08-14 13:00:00,2025-08-15 12:00:00,129.9,131.66,0.8967996434566513,3079,5016.368379999972,0.6055681860444238,1.6292199999999908
MTSS,1,2025-08-14 13:00:00,2025-08-16 07:00:00,224.5,223.0,1.1827537623110496,1781,-3069.9987499999997,-0.485801315237943,-1.72375
SNGS,1,2025-08-14 13:00:00,2025-08-16 07:00:00,23.75,23.125,0.19623237947622563,16842,-10920.984375,-1.1014789399703544,-0.6484375
TATN,-1,2025-08-15 12:00:00,2025-08-15 14:00:00,719.6,719.1,4.3369403144982694,555,-121.73925000000003,-0.0168590437876767,-0.21935000000000004
TATN,1,2025-08-15 15:00:00,2025-08-16 07:00:00,724.8,715.0,4.219554617694131,551,-5796.4648999999745,-0.831043475211513,-10.519899999999954
TATN,-1,2025-08-16 08:00:00,2025-08-18 13:00:00,710.4,701.8,4.9066567877056535,563,4444.265700000013,0.5362714601504459,7.893900000000023
PLZL,-1,2025-08-16 08:00:00,2025-08-16 15:00:00,2103.0,2094.8,13.70290940990848,190,1159.2089999999653,0.148413737489163,6.101099999999818
MTSS,-1,2025-08-16 08:00:00,2025-08-18 07:00:00,221.75,223.3,1.14567860772321,1803,-3195.8625750000206,-0.5157132748082303,-1.7725250000000115
SNGS,-1,2025-08-16 08:00:00,2025-08-18 12:00:00,23.355,23.645,0.17434418611971628,17126,-5369.000999999986,-0.5993890724193297,-0.31349999999999917
GAZP,-1,2025-08-16 10:00:00,2025-08-18 12:00:00,138.14,138.0,0.7167294355354837,2895,5.5873499999605105,0.000897595803147304,0.0019299999999863593
GMKN,1,2025-08-16 15:00:00,2025-08-16 15:00:00,126.96,126.96,0.6767781398319469,3150,-399.924,-0.06253157055354747,-0.12696
SBER,1,2025-08-18 08:00:00,2025-08-18 15:00:00,316.0,317.0,0.8246207567420201,1265,864.6274999999999,0.27628862294647555,0.6835
MTSS,1,2025-08-18 08:00:00,2025-08-18 10:00:00,224.15,225.9,0.7397138126924316,1784,2720.5553999999997,0.6871914398215493,1.524975
MTSS,-1,2025-08-18 11:00:00,2025-08-19 07:00:00,221.8,225.7,1.0720850023634363,1803,-7435.121249999959,-1.2821589055933296,-4.123749999999977
GAZP,1,2025-08-18 13:00:00,2025-08-19 12:00:00,138.13,139.89,0.6004942124063212,2895,4692.766049999974,0.8998088388475352,1.6209899999999908
NVTK,1,2025-08-18 13:00:00,2025-08-18 15:00:00,1246.4,1236.8,5.222675814315951,320,-3469.3120000000436,-0.6919569192406488,-10.841600000000136
SNGS,1,2025-08-18 13:00:00,2025-08-18 15:00:00,23.72,23.401528568792827,0.1061571437357241,16863,-5767.688912574316,-1.0739807781033561,-0.3420321954915683
LKOH,1,2025-08-18 14:00:00,2025-08-19 13:00:00,6376.5,6371.0,20.558753718231962,62,-736.1725000000001,-0.1925173442374913,-11.873750000000001
ROSN,1,2025-08-18 14:00:00,2025-08-19 13:00:00,471.2,474.8,1.7418126462507963,848,2651.6960000000195,0.5984187424387662,3.127000000000023
TATN,1,2025-08-18 14:00:00,2025-08-19 12:00:00,701.6,707.1,3.262407709125861,570,2733.5205,0.48999087254741686,4.79565
PLZL,-1,2025-08-18 14:00:00,2025-08-19 07:00:00,2102.6,2134.0,9.495465699632229,190,-6368.477000000017,-1.1766423069802077,-33.51830000000009
GMKN,-1,2025-08-18 15:00:00,2025-08-19 07:00:00,128.08,129.82,0.5662583114198829,3123,-5836.730849999939,-1.1001751687691912,-1.8689499999999806
SBER,-1,2025-08-19 07:00:00,2025-08-19 07:00:00,318.69,318.69,0.9047618287994273,1255,-399.95595000000003,-0.11741211512090621,-0.31869000000000003
NVTK,-1,2025-08-19 07:00:00,2025-08-19 07:00:00,1277.4,1277.4,5.680983514596268,313,-399.82620000000003,-0.0749518105282269,-1.2774
SBER,1,2025-08-19 08:00:00,2025-08-19 12:00:00,318.81,318.63,0.9165645553137535,1254,-625.3948800000086,-0.18137293116587502,-0.4987200000000069
GMKN,1,2025-08-19 08:00:00,2025-08-19 13:00:00,129.7,129.7,0.6015186460712246,3084,-399.99479999999994,-0.07187363785928949,-0.12969999999999998
NVTK,1,2025-08-19 08:00:00,2025-08-19 12:00:00,1278.8,1260.5744030664819,6.075198977839396,312,-6082.528650136015,-1.069665054382833,-19.49528413505133
PLZL,1,2025-08-19 08:00:00,2025-08-19 15:00:00,2136.0,2149.0,9.573009527001465,187,2030.3525,0.37805944478155046,10.8575
MTSS,1,2025-08-19 08:00:00,2025-08-19 12:00:00,229.85,225.74404488344055,1.3686517055198149,1740,-7540.728721862024,-1.0554796669654294,-4.333752139001163
SBER,-1,2025-08-19 13:00:00,2025-08-21 09:00:00,317.72,313.43,0.8719704837197894,1258,4999.826650000025,1.5193270392384883,3.9744250000000205
GAZP,-1,2025-08-19 13:00:00,2025-08-21 14:00:00,139.32,133.27,0.7295404815406353,2871,16978.247054999953,2.702022779924649,5.913704999999983
SNGS,-1,2025-08-19 13:00:00,2025-08-21 09:00:00,23.56,23.155,0.12218832532821983,16977,6479.144722499958,1.0411319274975388,0.38164249999999755
LKOH,-1,2025-08-19 14:00:00,2025-08-20 15:00:00,6387.0,6326.0,22.23960642577345,62,3387.8970000000004,0.8190117959502756,54.6435
NVTK,-1,2025-08-20 08:00:00,2025-08-21 11:00:00,1240.6,1186.8,8.404341658410917,322,16932.788599999985,2.0856799234386396,52.58629999999995
PLZL,1,2025-08-20 10:00:00,2025-08-21 13:00:00,2153.6,2161.8,12.138334925415956,185,1117.8255000000504,0.16592885369992966,6.042300000000273
ROSN,1,2025-08-20 15:00:00,2025-08-20 15:00:00,463.6,463.6,2.5765977734743717,862,-399.6232,-0.059975730369802874,-0.4636
TATN,1,2025-08-20 15:00:00,2025-08-21 07:00:00,696.1,691.6,3.7622769554326694,574,-2981.2699000000002,-0.46016902897948203,-5.19385
GMKN,1,2025-08-20 15:00:00,2025-08-20 15:00:00,125.96,125.96,0.7830328749904454,3175,-399.92299999999994,-0.05362056691065364,-0.12596
LKOH,1,2025-08-21 07:00:00,2025-08-21 07:00:00,6313.0,6313.0,25.328952750141315,63,-397.719,-0.083080155507874,-6.313
LKOH,-1,2025-08-21 08:00:00,2025-08-21 10:00:00,6291.5,6321.0,26.555456125131226,63,-2255.79375,-0.4494525196790491,-35.80625
TATN,-1,2025-08-21 08:00:00,2025-08-21 11:00:00,690.5,691.1,3.6241061503475565,579,-747.3732000000131,-0.1187235276277465,-1.2908000000000226
SBER,-1,2025-08-21 14:00:00,2025-08-22 09:00:00,312.02,311.16,1.278705179373966,1281,702.5132099999446,0.14295971916123507,0.5484099999999568
LKOH,-1,2025-08-21 14:00:00,2025-08-22 10:00:00,6292.0,6265.0,28.982869412389892,63,1305.4544999999998,0.23831893827993164,20.7215
ROSN,-1,2025-08-21 14:00:00,2025-08-22 11:00:00,461.5,455.9,2.729016374839711,866,4452.36580000002,0.6279796202275747,5.141300000000022
TATN,-1,2025-08-21 14:00:00,2025-08-23 07:00:00,684.3,676.3,4.497554495184422,584,4274.7048,0.5424948163746378,7.3197
NVTK,-1,2025-08-21 14:00:00,2025-08-22 10:00:00,1179.0,1169.2,12.555981939190687,265,2285.863499999988,0.228998417959282,8.625899999999955
PLZL,-1,2025-08-21 14:00:00,2025-08-22 08:00:00,2151.4,2163.6,15.284959780553969,185,-2656.1374999999666,-0.31310735533775946,-14.357499999999819
MTSS,-1,2025-08-21 14:00:00,2025-08-22 15:00:00,224.7,223.65,1.509561198200884,1780,1469.9684999999697,0.18235431616026623,0.8258249999999829
SNGS,-1,2025-08-21 14:00:00,2025-08-22 09:00:00,23.0,23.105,0.1553827004051512,17391,-2226.9610275000073,-0.27470346798820183,-0.12805250000000043
GAZP,-1,2025-08-22 08:00:00,2025-08-26 07:00:00,130.49,132.36,0.9028693496157931,3065,-6134.367625000014,-0.7389127418607837,-2.0014250000000047
PLZL,1,2025-08-22 09:00:00,2025-08-23 15:00:00,2167.0,2209.0,14.789783847678068,184,7325.407999999999,0.897286045782887,39.812
SNGS,1,2025-08-22 10:00:00,2025-08-22 12:00:00,23.085,23.115,0.14794974560735474,17327,119.5562999999581,0.015545819227720649,0.006899999999997582
ROSN,1,2025-08-22 12:00:00,2025-08-22 12:00:00,457.85,457.85,2.552824481481126,873,-399.70305,-0.059783454669049496,-0.45785000000000003
SBER,-1,2025-08-22 13:00:00,2025-08-23 07:00:00,310.32,312.11,1.3028693236746438,1288,-2706.364920000026,-0.537586530953517,-2.1012150000000203
ROSN,-1,2025-08-22 13:00:00,2025-08-24 07:00:00,453.5,457.9,2.684765589946758,882,-4282.72739999998,-0.6028707581501582,-4.8556999999999775
SNGS,-1,2025-08-22 13:00:00,2025-08-25 11:00:00,22.96,22.885,0.1549291512752762,17421,907.2421274999876,0.11204583852539717,0.05207749999999929
GMKN,-1,2025-08-22 14:00:00,2025-08-23 13:00:00,122.52,123.16,0.9213379466872876,3264,-2489.9097600000023,-0.2759899349790981,-0.7628400000000006
NVTK,-1,2025-08-22 14:00:00,2025-08-23 07:00:00,1177.4,1186.2,11.946160228081263,279,-2784.9221999999877,-0.2785218516360936,-9.981799999999955
MTSS,1,2025-08-23 07:00:00,2025-08-23 11:00:00,225.45,224.5,1.4362014356397002,1774,-2084.4056499999797,-0.27270431822043156,-1.1749749999999886
SBER,1,2025-08-23 08:00:00,2025-08-25 07:00:00,312.08,310.61,1.1999942928329759,1281,-2281.902944999962,-0.4948204089078145,-1.7813449999999704
NVTK,1,2025-08-23 08:00:00,2025-08-23 14:00:00,1193.2,1191.2,11.265639220515494,295,-941.6990000000001,-0.09445240042206653,-3.1922
LKOH,-1,2025-08-23 11:00:00,2025-08-23 11:00:00,6317.5,6317.5,26.63017782056347,63,-398.0025,-0.07907695350450257,-6.3175
GMKN,1,2025-08-23 15:00:00,2025-08-24 09:00:00,123.1,122.18,0.5947294262962767,3249,-3387.53735999996,-0.5843777881162466,-1.0426399999999876
NVTK,-1,2025-08-23 15:00:00,2025-08-25 07:00:00,1189.4,1173.2,8.328683857661929,336,5046.283200000015,0.601083366698796,15.018700000000045
LKOH,1,2025-08-24 07:00:00,2025-08-24 07:00:00,6320.0,6320.0,20.21303365697788,63,-398.16,-0.10422318106314586,-6.32
LKOH,-1,2025-08-24 08:00:00,2025-08-24 13:00:00,6300.5,6300.5,21.16210268147946,63,-396.9315,-0.09924187110691414,-6.3005
ROSN,1,2025-08-24 08:00:00,2025-08-25 07:00:00,455.65,453.5,1.7486047222148968,877,-2284.2122749999803,-0.4965053883458298,-2.6045749999999774
MTSS,-1,2025-08-24 08:00:00,2025-08-25 15:00:00,224.0,219.15,0.9680179581128584,1785,8261.73862499999,1.5937806942559427,4.628424999999995
TATN,-1,2025-08-24 09:00:00,2025-08-25 14:00:00,672.5,664.4,2.680043450515305,594,4414.340700000013,0.9243071536235878,7.431550000000023
GMKN,-1,2025-08-24 12:00:00,2025-08-25 13:00:00,122.06,120.4,0.5212236009512009,3277,5042.549289999989,0.9840754186826514,1.5387699999999966
LKOH,1,2025-08-24 14:00:00,2025-08-25 07:00:00,6303.0,6275.0,16.49750564734523,63,-2160.207,-0.6928118050685997,-34.289
PLZL,1,2025-08-24 15:00:00,2025-08-25 08:00:00,2217.8,2230.6,8.445224975634579,180,1903.643999999951,0.4174272061238588,10.575799999999727
SBER,-1,2025-08-25 08:00:00,2025-08-25 14:00:00,310.41,309.91,0.5421419596713452,1288,244.51391999999993,0.1167221958587402,0.18983999999999995
LKOH,-1,2025-08-25 08:00:00,2025-08-25 11:00:00,6262.0,6264.5,15.052120957440769,63,-552.08475,-0.19406456682035525,-8.76325
ROSN,-1,2025-08-25 08:00:00,2025-08-25 09:00:00,453.2,455.9,1.2689785728526721,882,-2782.31309999999,-0.8286323261572861,-3.1545499999999884
NVTK,-1,2025-08-25 09:00:00,2025-08-25 14:00:00,1165.8,1165.4,6.578722113281923,343,-262.6008000000468,-0.03879172818149845,-0.7656000000001364
PLZL,-1,2025-08-25 09:00:00,2025-08-25 14:00:00,2203.2,2203.4,10.299474953159349,181,-434.9973000000494,-0.07778066393125746,-2.403300000000273
ROSN,1,2025-08-25 10:00:00,2025-08-25 12:00:00,458.1,456.95,1.6655988714903112,873,-1403.3693250000297,-0.32171111294475624,-1.607525000000034
SNGS,1,2025-08-25 12:00:00,2025-08-26 12:00:00,22.855,23.14,0.07709986110716684,17501,4585.305752500002,1.1327409078633026,0.26200250000000014
LKOH,-1,2025-08-25 13:00:00,2025-08-25 14:00:00,6239.0,6259.0,19.025132100187154,64,-1679.9360000000001,-0.4599004422461064,-26.249000000000002
ROSN,-1,2025-08-25 13:00:00,2025-08-26 07:00:00,454.85,461.7,2.424880000242062,879,-6423.973724999971,-1.0046235963938317,-7.308274999999966
GMKN,1,2025-08-25 14:00:00,2025-08-26 12:00:00,122.48,123.4,0.7457136788977511,3265,2602.4009000000055,0.35628509196637254,0.7970600000000017
LKOH,1,2025-08-25 15:00:00,2025-08-26 12:00:00,6268.5,6299.5,20.572690433324638,63,1557.1080000000002,0.40046617594173667,24.716
NVTK,1,2025-08-25 15:00:00,2025-08-26 12:00:00,1166.8,1185.2,7.278969289062182,342,5890.608000000032,0.7887563616954172,17.224000000000093
PLZL,1,2025-08-25 15:00:00,2025-08-26 08:00:00,2198.8,2203.0,11.603738158524541,181,361.837099999967,0.05742689619181625,1.9990999999998178
GAZP,1,2025-08-26 08:00:00,2025-08-27 07:00:00,133.17,133.32,0.6879582423454281,3003,50.315265000017064,0.008118225287862211,0.016755000000005682
ROSN,1,2025-08-26 08:00:00,2025-08-26 14:00:00,461.5,454.9,2.4814373616959995,866,-6112.401200000019,-0.9481332753550978,-7.0582000000000225
PLZL,-1,2025-08-26 09:00:00,2025-08-27 07:00:00,2194.4,2210.4,11.831127089751652,182,-3312.8368,-0.5128392773265382,-18.2024
TATN,-1,2025-08-26 11:00:00,2025-08-27 12:00:00,667.7,659.0,3.0010259516969615,599,4813.953350000028,0.8926558371874613,8.036650000000046
SBER,-1,2025-08-26 12:00:00,2025-08-27 07:00:00,313.02,311.4,0.7615859292242536,1277,1670.047830000006,0.5723976550407607,1.3077900000000047
LKOH,-1,2025-08-26 13:00:00,2025-08-27 07:00:00,6300.0,6278.5,18.514336615650393,63,958.2772500000001,0.27385534276794216,15.21075
SNGS,-1,2025-08-26 13:00:00,2025-08-27 08:00:00,23.05,23.01,0.09735473026199977,17353,294.48040999998517,0.05810366534264164,0.016969999999999145
ROSN,-1,2025-08-26 15:00:00,2025-08-27 07:00:00,455.65,462.8,2.3651893231327983,877,-6673.29032500003,-1.0723912494132855,-7.609225000000034
MTSS,-1,2025-08-26 15:00:00,2025-08-27 07:00:00,222.65,223.2,1.1539568352197942,1796,-1388.1732999999695,-0.22326802771404183,-0.772924999999983
SBER,1,2025-08-27 08:00:00,2025-08-28 07:00:00,312.2,312.42,0.8852964062954817,1281,-118.24910999996509,-0.03475672077869131,-0.09230999999997275
LKOH,1,2025-08-27 08:00:00,2025-08-27 14:00:00,6287.5,6324.0,21.108925137432085,63,1902.23775,0.47680068665137076,30.19425
ROSN,1,2025-08-27 08:00:00,2025-08-28 07:00:00,464.3,464.05,2.4434540592318523,861,-614.904675,-0.09742697327739881,-0.714175
NVTK,1,2025-08-27 08:00:00,2025-08-28 11:00:00,1181.4,1224.6,7.736703936127494,338,14194.985999999937,1.80942687164619,41.996999999999815
PLZL,1,2025-08-27 08:00:00,2025-08-27 09:00:00,2207.0,2208.6,11.14335687590691,181,-110.01180000001649,-0.018181235892935684,-0.6078000000000912
MTSS,1,2025-08-27 08:00:00,2025-08-27 12:00:00,223.8,223.8,1.133258699755843,1787,-399.9306,-0.06582786438442727,-0.22380000000000003
GMKN,1,2025-08-27 09:00:00,2025-08-28 09:00:00,124.06,126.14,0.762465728001663,3224,6302.597599999995,0.8546395062781256,1.9548999999999983
SNGS,1,2025-08-27 09:00:00,2025-08-27 14:00:00,23.06,23.115,0.09729683848836901,17346,553.5542249999951,0.10933037666245986,0.03191249999999972
PLZL,-1,2025-08-27 10:00:00,2025-08-28 07:00:00,2177.6,2157.8,12.92564955116463,183,3226.71089999995,0.4547108684997322,17.632299999999727
GAZP,1,2025-08-27 11:00:00,2025-08-28 11:00:00,133.85,134.88,0.6604637162632853,2988,2676.1573800000033,0.4520233173278353,0.8956350000000011
TATN,-1,2025-08-27 14:00:00,2025-08-28 10:00:00,655.1,653.2,3.6443121656585133,610,759.9684999999861,0.11395383119115583,1.2458499999999773
LKOH,-1,2025-08-27 15:00:00,2025-08-28 09:00:00,6294.5,6298.0,20.512250407100446,63,-617.16375,-0.1591934869094774,-9.79625
SNGS,-1,2025-08-27 15:00:00,2025-08-28 07:00:00,23.03,23.275,0.10021279075990967,17368,-4657.272619999956,-0.8919436929045602,-0.26815249999999746
SBER,-1,2025-08-28 08:00:00,2025-08-28 14:00:00,311.86,311.86,0.8749125793451208,1282,-399.80452,-0.11881568031761901,-0.31186
ROSN,-1,2025-08-28 08:00:00,2025-08-29 14:00:00,463.25,458.0,2.1860068146283154,863,4133.230625,0.730308031361182,4.789375
SNGS,1,2025-08-28 08:00:00,2025-08-29 07:00:00,23.2,22.935,0.09890796754298359,17241,-4966.5717675000105,-0.9708267431364475,-0.2880675000000006
LKOH,1,2025-08-28 10:00:00,2025-08-29 07:00:00,6320.5,6283.5,20.68243398264254,63,-2728.026,-0.6978869127353938,-43.302
MTSS,1,2025-08-28 11:00:00,2025-08-29 07:00:00,223.55,221.65,1.1352609379758911,1789,-3797.33140000001,-0.6232341038658733,-2.1226000000000056
GMKN,1,2025-08-28 14:00:00,2025-08-29 07:00:00,126.22,124.94,0.7412735015172792,3169,-4454.2830200000035,-0.6320564079353451,-1.4055800000000012
NVTK,1,2025-08-28 14:00:00,2025-08-29 07:00:00,1229.2,1225.8,9.63628334562933,325,-1503.9375000000296,-0.16007208844680273,-4.627500000000091
SBER,1,2025-08-28 15:00:00,2025-08-29 07:00:00,312.46,311.13,0.8210732165638932,1280,-2101.4975999999797,-0.6665239944011843,-1.6417949999999841
TATN,-1,2025-08-28 15:00:00,2025-08-29 13:00:00,652.1,647.3,3.2955985814680866,613,2544.1339000000416,0.4197821121518627,4.150300000000068
SBER,-1,2025-08-29 08:00:00,2025-08-29 14:00:00,311.2,309.48,0.9446498653025431,1285,1811.413099999962,0.49741886801218793,1.4096599999999704
LKOH,-1,2025-08-29 08:00:00,2025-08-29 10:00:00,6292.5,6235.0,18.61265179896898,63,3227.88375,0.9175882181896324,51.23625
GMKN,-1,2025-08-29 08:00:00,2025-08-30 07:00:00,125.54,125.44,0.7555167211492216,3186,-81.21113999997289,-0.01124616627113096,-0.02548999999999149
MTSS,-1,2025-08-29 08:00:00,2025-08-30 07:00:00,221.3,218.25,1.1641792419573347,1807,5114.216575000021,0.8103634726789879,2.8302250000000115
SNGS,-1,2025-08-29 08:00:00,2025-08-29 14:00:00,23.01,22.875,0.09933346325940336,17383,1947.895522500027,0.37603138735288744,0.11205750000000156
GAZP,1,2025-08-29 11:00:00,2025-08-29 12:00:00,134.16,133.03,0.7072402044032339,2981,-3766.7766949999864,-0.5955520213796911,-1.2635949999999954
LKOH,1,2025-08-29 11:00:00,2025-09-01 14:00:00,6520.0,6410.0,46.94843148773136,61,-7104.365,-0.8269001846592384,-116.465
PLZL,-1,2025-08-29 11:00:00,2025-08-29 14:00:00,2128.0,2123.4,14.235788982702871,187,462.69409999998305,0.05793614022157573,2.4742999999999093
GAZP,-1,2025-08-29 14:00:00,2025-08-30 09:00:00,133.29,135.86,0.7923493910619155,3000,-8113.725000000064,-1.1377872062118621,-2.7045750000000215
SBER,1,2025-08-29 15:00:00,2025-08-30 13:00:00,311.17,310.29,0.9422148506891884,1285,-1530.0880499999942,-0.42125211644634597,-1.1907299999999954
NVTK,1,2025-08-29 15:00:00,2025-08-30 13:00:00,1234.6,1235.6,10.050626481463226,323,-75.93729999999995,-0.0077971922258977,-0.23509999999999986
PLZL,1,2025-08-29 15:00:00,2025-08-30 13:00:00,2142.0,2135.2,15.784609775483593,186,-1662.579600000034,-0.18876192542695341,-8.938600000000182
SNGS,1,2025-08-29 15:00:00,2025-08-30 08:00:00,22.94,22.85,0.10446789756653513,17436,-1968.4372199999975,-0.36022230315010584,-0.11289499999999986
GMKN,1,2025-08-30 08:00:00,2025-08-30 15:00:00,125.58,125.18,0.7081527987588894,3185,-1673.335299999973,-0.247300677161188,-0.5253799999999915
SNGS,-1,2025-08-30 09:00:00,2025-08-30 12:00:00,22.775,22.795,0.09959219058078624,17563,-751.4329550000549,-0.14320065241560348,-0.042785000000003126
GAZP,1,2025-08-30 10:00:00,2025-09-01 10:00:00,135.85,137.07,0.7457330948116011,2944,3189.9417599999965,0.48432877997891005,1.0835399999999988
TATN,-1,2025-08-30 12:00:00,2025-08-31 07:00:00,652.6,654.8,2.861752343520353,612,-1746.4643999999585,-0.3323954064323964,-2.853699999999932
SNGS,1,2025-08-30 13:00:00,2025-09-01 08:00:00,22.87,22.88,0.09481746030762798,17490,-225.1837500000348,-0.04526240897766452,-0.012875000000001989
SBER,-1,2025-08-30 14:00:00,2025-08-31 07:00:00,310.15,310.0,0.6910733752924632,1289,-206.3366750000293,-0.07721080747866982,-0.16007500000002273
PLZL,-1,2025-08-30 14:00:00,2025-08-31 14:00:00,2134.2,2132.6,11.89062569322845,187,-99.74580000001691,-0.014952955764244167,-0.5334000000000905
MTSS,-1,2025-08-30 14:00:00,2025-08-31 07:00:00,217.5,218.05,0.9576937555985601,1839,-1411.938225000021,-0.26723051967698197,-0.7677750000000114
ROSN,-1,2025-08-31 07:00:00,2025-08-31 07:00:00,461.95,461.95,1.501145812305421,865,-399.58675,-0.10257719941066198,-0.46194999999999997
GMKN,-1,2025-08-31 07:00:00,2025-08-31 08:00:00,125.2,125.5,0.5186178042031487,3194,-1358.5678999999907,-0.2733869377106733,-0.4253499999999971
SBER,1,2025-08-31 08:00:00,2025-08-31 12:00:00,310.67,310.55,0.6667959932644077,1287,-554.1950700000059,-0.21526324110611583,-0.43061000000000454
ROSN,1,2025-08-31 08:00:00,2025-08-31 15:00:00,462.05,463.5,1.4760639685693178,865,853.9496249999902,0.2229408799396098,0.9872249999999887
TATN,1,2025-08-31 08:00:00,2025-09-01 10:00:00,656.1,658.5,2.3614414992315336,609,1061.3042999999861,0.24599381360454212,1.7426999999999773
NVTK,1,2025-08-31 08:00:00,2025-09-01 10:00:00,1239.2,1243.4,6.423735138865408,322,952.7014000000146,0.15352957617544952,2.958700000000045
MTSS,1,2025-08-31 08:00:00,2025-09-01 10:00:00,218.8,220.05,0.8985980980503041,1828,1883.8911,0.3822899255466366,1.030575
GMKN,1,2025-08-31 09:00:00,2025-08-31 15:00:00,125.5,125.76,0.4950326985221019,3187,428.2371900000163,0.09047887166589248,0.13437000000000512
SBER,-1,2025-08-31 13:00:00,2025-08-31 15:00:00,310.55,310.83,0.5799319010068759,1288,-760.8087199999649,-0.3395168748689394,-0.5906899999999727
SBER,1,2025-09-01 07:00:00,2025-09-01 08:00:00,312.15,311.26,0.525736292460679,1281,-1539.3841049999824,-0.7619187396374927,-1.2017049999999863
ROSN,-1,2025-09-01 07:00:00,2025-09-01 07:00:00,467.0,467.0,1.2734373341722125,856,-399.752,-0.12224132471179394,-0.467
ROSN,1,2025-09-01 08:00:00,2025-09-01 12:00:00,466.55,463.6,1.2896203817313403,857,-2926.7192749999904,-0.8827080817419011,-3.4150749999999888
GMKN,1,2025-09-01 08:00:00,2025-09-01 09:00:00,125.82,125.74,0.4247914933338626,3179,-654.1746199999945,-0.1614752988460204,-0.2057799999999983
SBER,-1,2025-09-01 09:00:00,2025-09-02 11:00:00,310.71,308.32,0.5911195582951762,1287,2677.584194999982,1.1731890617865464,2.080484999999986
SNGS,-1,2025-09-01 09:00:00,2025-09-02 12:00:00,22.865,22.62,0.06136173108823876,17493,3887.9504474999553,1.207362178664685,0.22225749999999744
GMKN,-1,2025-09-01 10:00:00,2025-09-02 12:00:00,125.38,123.58,0.4408661345582794,3190,5344.908799999991,1.2668395752970567,1.6755199999999972
GAZP,-1,2025-09-01 11:00:00,2025-09-04 07:00:00,135.99,132.17,0.5583060415493204,2941,10840.290720000063,2.2006568236132367,3.6859200000000216
ROSN,-1,2025-09-01 13:00:00,2025-09-02 11:00:00,462.45,457.3,1.4025141503431902,864,4052.26799999998,1.1146946357849155,4.690124999999977
PLZL,-1,2025-09-01 14:00:00,2025-09-01 14:00:00,2185.8,2185.8,9.065777777878942,182,-397.8156000000001,-0.08036817334943165,-2.1858000000000004
LKOH,-1,2025-09-01 15:00:00,2025-09-03 07:00:00,6390.5,6338.0,18.28747450281378,62,2860.4165000000003,0.8409353260324233,46.13575
TATN,1,2025-09-02 10:00:00,2025-09-02 10:00:00,643.5,643.5,2.4922379395913863,621,-399.6135,-0.08606722359549997,-0.6435
PLZL,1,2025-09-02 10:00:00,2025-09-04 07:00:00,2188.6,2220.2,10.279396658538895,182,5349.999199999984,0.9532206664283017,29.39559999999991
MTSS,1,2025-09-02 10:00:00,2025-09-02 14:00:00,218.55,218.95,0.912779421470607,1830,331.6874999999584,0.06618977733888866,0.18124999999997726
NVTK,1,2025-09-02 12:00:00,2025-09-02 13:00:00,1217.0,1211.0,6.643639618686719,328,-2366.192,-0.3619501966818015,-7.214
SBER,-1,2025-09-02 14:00:00,2025-09-03 13:00:00,308.67,308.09,0.7826829077081724,1295,351.747900000053,0.11567903056057534,0.27162000000004094
ROSN,-1,2025-09-02 14:00:00,2025-09-03 13:00:00,452.8,445.6,2.3474948350839315,883,5960.95639999999,0.9585821587489064,6.750799999999988
GMKN,-1,2025-09-02 14:00:00,2025-09-03 07:00:00,122.28,123.1,0.692095691397658,3271,-3083.5389899999777,-0.4540268114737479,-0.9426899999999931
NVTK,-1,2025-09-02 14:00:00,2025-09-03 07:00:00,1206.6,1214.0,7.366199467132937,331,-2850.00930000003,-0.38963104553522593,-8.610300000000091
SNGS,-1,2025-09-02 14:00:00,2025-09-03 10:00:00,22.415,22.45,0.09294225842891542,17845,-1024.8829625000023,-0.20597914221450353,-0.057432500000000136
MTSS,-1,2025-09-02 15:00:00,2025-09-03 08:00:00,217.95,218.4,1.05106672393959,1835,-1226.1011250000313,-0.2119037687400013,-0.6681750000000171
TATN,-1,2025-09-03 07:00:00,2025-09-03 10:00:00,644.7,644.3,2.685435558972184,620,-151.5899999999436,-0.030348894326536268,-0.244499999999909
LKOH,1,2025-09-03 08:00:00,2025-09-04 14:00:00,6329.5,6473.0,23.355817331288534,63,8637.22125,1.9566681261936425,137.09875
GMKN,1,2025-09-03 08:00:00,2025-09-04 12:00:00,122.64,124.88,0.7303623301751655,3261,6901.058639999984,0.965840246941747,2.116239999999995
NVTK,1,2025-09-03 08:00:00,2025-09-03 13:00:00,1211.2,1213.0,8.006756643327643,330,194.006999999985,0.024475162090752255,0.5878999999999546
MTSS,1,2025-09-03 09:00:00,2025-09-03 15:00:00,219.0,218.65,1.0190938748160627,1826,-1038.6744499999897,-0.18605580704481622,-0.5688249999999944
TATN,1,2025-09-03 11:00:00,2025-09-04 11:00:00,649.3,653.6,3.194622683251893,616,2247.506800000042,0.38069701930976396,3.648550000000068
SBER,1,2025-09-03 14:00:00,2025-09-04 12:00:00,308.09,309.5,0.8558877814527429,1298,1429.3640900000325,0.42887437031791426,1.101205000000025
NVTK,-1,2025-09-03 14:00:00,2025-09-04 07:00:00,1213.4,1239.8,8.903038703423908,329,-9089.151399999955,-1.0343509641404907,-27.626599999999865
MTSS,-1,2025-09-04 07:00:00,2025-09-04 07:00:00,221.5,221.5,0.9208966697330533,1805,-399.8075,-0.08017548087641138,-0.2215
NVTK,1,2025-09-04 08:00:00,2025-09-04 14:00:00,1238.8,1213.9267025895529,8.29109913681572,322,-8404.090765280882,-1.049304413928634,-26.09966076174187
MTSS,1,2025-09-04 08:00:00,2025-09-04 14:00:00,222.3,222.0,0.9658326218949768,1799,-939.3478500000206,-0.1802072078063747,-0.5221500000000114
GAZP,-1,2025-09-04 13:00:00,2025-09-05 11:00:00,131.68,131.29,0.7488332912553144,3037,785.1100550000448,0.11507456689354292,0.25851500000001476
ROSN,-1,2025-09-04 13:00:00,2025-09-05 07:00:00,448.9,451.2,2.4925383437260265,891,-2450.29455000001,-0.36777100566606036,-2.7500500000000114
GMKN,-1,2025-09-04 13:00:00,2025-09-05 09:00:00,124.38,124.7,0.7075019576208551,3215,-1429.1961000000238,-0.2094411165988759,-0.4445400000000074
SNGS,-1,2025-09-04 13:00:00,2025-09-05 07:00:00,22.58,22.68,0.09886739537094909,17714,-2172.267820000025,-0.41344941386691186,-0.12263000000000142
SBER,1,2025-09-05 08:00:00,2025-09-06 07:00:00,309.53,310.45,0.9273490227238653,1292,788.1329200000206,0.21926659939686927,0.6100100000000159
LKOH,1,2025-09-05 08:00:00,2025-09-08 10:00:00,6472.0,6497.5,29.381972027401762,61,1159.9302500000001,0.2157246852170246,19.01525
ROSN,1,2025-09-05 08:00:00,2025-09-06 12:00:00,449.95,457.6,2.6193444823812726,888,6390.24780000003,0.91577938022339,7.196225000000034
TATN,1,2025-09-05 08:00:00,2025-09-06 07:00:00,660.0,664.3,3.3865320449588503,606,2204.5370999999723,0.35807033583861625,3.6378499999999545
MTSS,1,2025-09-05 08:00:00,2025-09-05 15:00:00,224.05,225.05,0.9887808993239774,1785,1384.17825,0.2614161878633139,0.77545
SNGS,1,2025-09-05 08:00:00,2025-09-06 07:00:00,22.625,22.675,0.10464797686353787,17679,483.52065000001255,0.08711746695834492,0.02735000000000071
PLZL,1,2025-09-05 09:00:00,2025-09-05 13:00:00,2231.4,2232.8,10.621371842185296,179,-148.9458999999838,-0.026114015288026076,-0.8320999999999095
GMKN,1,2025-09-05 10:00:00,2025-09-06 14:00:00,124.46,125.96,0.7760870917626218,3213,4417.20027,0.590479262182472,1.37479
GAZP,1,2025-09-05 12:00:00,2025-09-06 11:00:00,132.2,132.07,0.6856239744770845,3025,-792.9583749999863,-0.1274435209182614,-0.26213499999999545
PLZL,-1,2025-09-05 14:00:00,2025-09-05 14:00:00,2237.4,2240.0,10.972382071831099,178,-861.2885999999837,-0.1469963394859075,-4.838699999999909
SBER,-1,2025-09-06 08:00:00,2025-09-07 09:00:00,310.33,310.43,0.8124886153254959,1288,-528.5694400000293,-0.16836338473313786,-0.4103800000000227
SNGS,-1,2025-09-06 08:00:00,2025-09-06 15:00:00,22.68,22.675,0.08996818971653468,17636,-311.7603900000176,-0.06549537140367055,-0.017677500000000998
GAZP,-1,2025-09-06 12:00:00,2025-09-07 10:00:00,131.87,131.97,0.543167612453931,3033,-703.4133599999828,-0.14232561900627239,-0.23191999999999433
NVTK,-1,2025-09-06 14:00:00,2025-09-06 14:00:00,1243.0,1243.0,5.015672680416295,321,-399.00300000000004,-0.08260772975698728,-1.243
PLZL,1,2025-09-07 08:00:00,2025-09-07 13:00:00,2237.4,2238.0,6.74316584778463,178,-291.51060000001615,-0.08095603939199832,-1.6377000000000907
SNGS,1,2025-09-07 08:00:00,2025-09-07 13:00:00,22.66,22.695,0.06481244689939614,17652,217.51677000000245,0.06337517246302757,0.012322500000000139
SBER,1,2025-09-07 10:00:00,2025-09-07 13:00:00,310.5,310.79,0.4988756385860833,1288,-26.59075999997365,-0.013794353009828087,-0.02064499999997954
GAZP,1,2025-09-07 11:00:00,2025-09-08 07:00:00,132.0,132.35,0.42977719348192805,3030,660.0097499999828,0.16894412834026892,0.2178249999999943
ROSN,1,2025-09-07 12:00:00,2025-09-08 10:00:00,457.7,457.8,1.3019966037849389,873,-312.31574999998014,-0.09159010066027015,-0.35774999999997725
GMKN,1,2025-09-07 12:00:00,2025-09-08 07:00:00,126.8,126.4,0.4030057310386274,3154,-1660.8963999999733,-0.4355603898757111,-0.5265999999999915
NVTK,1,2025-09-07 12:00:00,2025-09-07 13:00:00,1243.4,1243.2,3.6946799686455254,321,-463.2993000000147,-0.13021425511351856,-1.4433000000000458
SBER,-1,2025-09-07 14:00:00,2025-09-08 07:00:00,310.43,311.64,0.4737840252409748,1288,-1959.0930799999735,-1.0701324647001023,-1.5210349999999795
NVTK,-1,2025-09-07 14:00:00,2025-09-08 07:00:00,1239.0,1240.4,3.5928618096994707,322,-849.9834000000293,-0.2449022663840307,-2.639700000000091
PLZL,-1,2025-09-07 14:00:00,2025-09-08 07:00:00,2235.0,2234.2,5.332163416521244,178,-255.3587999999676,-0.08968217262777024,-1.434599999999818
SNGS,-1,2025-09-07 14:00:00,2025-09-08 07:00:00,22.67,22.76,0.05553133579625938,17644,-1988.7434599999974,-0.6765849610481992,-0.11271499999999986
TATN,1,2025-09-07 15:00:00,2025-09-08 07:00:00,665.0,664.2,1.6729990381906858,601,-880.2245999999727,-0.2918112855151209,-1.4645999999999546
SBER,1,2025-09-08 08:00:00,2025-09-08 13:00:00,312.25,312.19,0.48280375490321,1281,-476.813820000003,-0.25698502149845065,-0.3722200000000023
GAZP,-1,2025-09-08 08:00:00,2025-09-08 09:00:00,132.38,132.36,0.37241421191070917,3021,-339.469770000055,-0.10057797331228978,-0.1123700000000182
TATN,-1,2025-09-08 08:00:00,2025-09-09 07:00:00,662.2,658.4,1.714473660480743,604,1896.3788000000413,0.6104302975253812,3.1397000000000683
NVTK,1,2025-09-08 08:00:00,2025-09-08 10:00:00,1241.8,1241.2,3.825844532037077,322,-592.9629999999707,-0.1604438779969103,-1.841499999999909
PLZL,1,2025-09-08 08:00:00,2025-09-10 09:00:00,2255.2,2335.6,6.424111889977104,177,13824.514200000016,4.052679516259093,78.10460000000009
SNGS,1,2025-09-08 08:00:00,2025-09-08 12:00:00,22.835,22.875,0.057200198522004954,17516,300.31181999998506,0.09991224065072346,0.017144999999999147
GAZP,1,2025-09-08 10:00:00,2025-09-08 15:00:00,132.99,133.29,0.39820409088219333,3007,501.7480199999488,0.13967711852676376,0.16685999999998297
LKOH,-1,2025-09-08 11:00:00,2025-09-08 15:00:00,6484.5,6469.5,14.918991240742379,61,519.903,0.19042842469412363,8.523
ROSN,-1,2025-09-08 11:00:00,2025-09-08 14:00:00,456.65,456.65,1.1813603191505437,875,-399.56875,-0.12884863677841996,-0.45665
NVTK,-1,2025-09-08 11:00:00,2025-09-08 15:00:00,1235.8,1236.2,4.07251473647429,323,-528.4280000000293,-0.1339057974300853,-1.636000000000091
GMKN,1,2025-09-08 14:00:00,2025-09-09 12:00:00,126.8,129.04,0.45760976219373495,3154,6661.500319999984,1.5384869922608997,2.112079999999995
ROSN,1,2025-09-08 15:00:00,2025-09-09 10:00:00,457.8,460.45,1.2887386004596713,873,1912.63387499998,0.5666716791179968,2.190874999999977
MTSS,1,2025-09-08 15:00:00,2025-09-09 10:00:00,224.85,224.9,0.658417327968513,1778,-310.92774999997977,-0.08853300815535417,-0.17487499999998862
SBER,1,2025-09-09 07:00:00,2025-09-09 10:00:00,313.49,312.87,0.6420639891699407,1275,-1189.8045000000059,-0.4844688461692727,-0.9331800000000046
LKOH,1,2025-09-09 07:00:00,2025-09-09 11:00:00,6460.0,6460.0,17.544080432909205,61,-394.06,-0.12273845537632787,-6.46
NVTK,1,2025-09-09 07:00:00,2025-09-09 12:00:00,1242.2,1240.4,4.661108864702505,322,-979.2985999999854,-0.21749474129292953,-3.041299999999955
SNGS,1,2025-09-09 07:00:00,2025-09-09 12:00:00,23.275,23.135,0.08260061874093363,17185,-2804.6779249999486,-0.6586108856797985,-0.16320499999999702
GAZP,1,2025-09-09 10:00:00,2025-09-09 12:00:00,133.56,133.18,0.44155429232758564,2994,-1537.0297799999864,-0.38754766131086954,-0.5133699999999954
SBER,-1,2025-09-09 11:00:00,2025-09-09 15:00:00,312.26,313.22,0.6804261139806999,1280,-1629.1072000000465,-0.6235014470339868,-1.2727400000000364
ROSN,-1,2025-09-09 11:00:00,2025-09-09 15:00:00,458.75,462.8,1.633394978990287,871,-3928.88502500001,-0.9205315836076239,-4.510775000000011
TATN,-1,2025-09-09 11:00:00,2025-09-10 07:00:00,655.8,654.3,2.461398899201168,609,514.5745499999999,0.11442680017912078,0.84495
MTSS,-1,2025-09-09 11:00:00,2025-09-10 09:00:00,224.15,222.85,0.6923826288031268,1784,1920.4760000000201,0.518258717659666,1.0765000000000113
LKOH,-1,2025-09-09 12:00:00,2025-09-10 07:00:00,6476.5,6467.0,20.07081639379455,61,184.72325,0.050292755753510644,3.02825
GAZP,-1,2025-09-09 13:00:00,2025-09-10 07:00:00,132.89,133.45,0.47609868084683044,3010,-2086.4417000000067,-0.4853125538085717,-0.6931700000000023
NVTK,-1,2025-09-09 13:00:00,2025-09-09 13:00:00,1238.4,1238.4,5.037977296094441,322,-398.76480000000004,-0.0819376459516823,-1.2384000000000002
NVTK,1,2025-09-09 14:00:00,2025-09-10 07:00:00,1243.6,1238.4,5.535264632087695,321,-2067.5609999999415,-0.38787666764003864,-6.440999999999818
SBER,1,2025-09-10 07:00:00,2025-09-10 07:00:00,311.75,311.75,0.7578298349241236,1283,-399.97525,-0.1371240110612314,-0.31175
ROSN,1,2025-09-10 07:00:00,2025-09-11 07:00:00,462.6,462.95,2.067445059971739,864,-97.43760000002946,-0.018182667774103704,-0.1127750000000341
SBER,-1,2025-09-10 08:00:00,2025-09-11 14:00:00,312.27,306.41,0.7886991324295433,1280,7104.844799999945,2.3459135732791885,5.550659999999957
GAZP,1,2025-09-10 08:00:00,2025-09-10 08:00:00,132.78,132.78,0.4766319872882761,3012,-399.93336000000005,-0.092859902777005,-0.13278
LKOH,1,2025-09-10 08:00:00,2025-09-10 15:00:00,6552.5,6552.0,23.539998459163524,61,-430.18725,-0.09986194366486516,-7.05225
TATN,1,2025-09-10 08:00:00,2025-09-10 10:00:00,657.9,660.7,2.749368508133075,607,1299.4049000000414,0.25953838656253037,2.140700000000068
NVTK,-1,2025-09-10 08:00:00,2025-09-11 13:00:00,1245.4,1216.0,5.824335421536682,321,9042.34530000003,1.612161042776846,28.169300000000092
GAZP,-1,2025-09-10 09:00:00,2025-09-11 14:00:00,132.4,129.7,0.4983011310533993,3021,7760.797950000051,1.7184722516210926,2.568950000000017
GMKN,1,2025-09-10 09:00:00,2025-09-10 12:00:00,130.26,129.4,0.6651537563565555,3070,-3038.7780999999545,-0.49604069762850794,-0.9898299999999852
SNGS,1,2025-09-10 09:00:00,2025-09-10 11:00:00,23.26,23.055,0.11005255293392124,17196,-3923.3963700000318,-0.6910562088065758,-0.22815750000000184
MTSS,1,2025-09-10 10:00:00,2025-09-10 14:00:00,223.0,222.4,0.8450563596342673,1793,-1475.1010999999899,-0.3245148447282465,-0.8226999999999943
TATN,-1,2025-09-10 11:00:00,2025-09-10 13:00:00,655.3,658.8,3.113944100717333,610,-2535.8005,-0.4449930019662604,-4.15705
SNGS,-1,2025-09-10 12:00:00,2025-09-11 10:00:00,22.955,22.905,0.1123234179285078,17425,471.6947499999505,0.08033350034874834,0.02706999999999716
GMKN,-1,2025-09-10 13:00:00,2025-09-10 15:00:00,128.8,130.52,0.7277539680159207,3105,-5743.1942999999965,-0.8472002358355328,-1.849659999999999
TATN,1,2025-09-10 14:00:00,2025-09-11 07:00:00,659.9,653.3,3.166047809502904,606,-4397.499600000014,-0.7640019393915775,-7.256600000000023
MTSS,-1,2025-09-10 15:00:00,2025-09-11 11:00:00,222.15,220.5,0.8544842010354449,1800,2571.6150000000102,0.5573245232889305,1.4286750000000057
LKOH,-1,2025-09-11 07:00:00,2025-09-11 11:00:00,6564.0,6560.5,26.937693345675793,60,-183.73499999999999,-0.03789299948222394,-3.0622499999999997
GMKN,1,2025-09-11 07:00:00,2025-09-11 08:00:00,129.76,128.98,0.8434604474238266,3082,-2802.6783400000036,-0.35938061382624464,-0.9093700000000011
ROSN,-1,2025-09-11 08:00:00,2025-09-11 13:00:00,459.55,461.0,2.413380490330017,870,-1661.9392499999901,-0.26384498253992933,-1.9102749999999886
TATN,-1,2025-09-11 08:00:00,2025-09-11 13:00:00,651.7,656.4,3.0744559174482027,613,-3282.0326499999583,-0.5804875338120304,-5.354049999999932
GMKN,-1,2025-09-11 09:00:00,2025-09-11 13:00:00,129.28,129.38,0.871044977625646,3094,-709.5470199999825,-0.08776048917899269,-0.22932999999999432
PLZL,1,2025-09-11 11:00:00,2025-09-12 12:00:00,2330.0,2354.0,12.11491336222589,171,3703.518,0.595904660436376,21.658
SNGS,1,2025-09-11 11:00:00,2025-09-12 07:00:00,22.94,22.975,0.11437788195795247,17436,209.97303000000244,0.03509565484122532,0.01204250000000014
LKOH,1,2025-09-11 12:00:00,2025-09-12 07:00:00,6581.5,6623.0,27.20654335878653,60,2093.8650000000002,0.4275656477167474,34.89775
ROSN,1,2025-09-11 14:00:00,2025-09-12 07:00:00,463.95,462.6,2.3284501357254,862,-1563.0430499999704,-0.25958253978743134,-1.8132749999999658
TATN,1,2025-09-11 14:00:00,2025-09-11 15:00:00,659.6,659.5,3.7415000462767196,606,-460.2873000000138,-0.06766893764582238,-0.7595500000000227
GMKN,1,2025-09-11 14:00:00,2025-09-12 10:00:00,129.96,129.0,0.940806849224949,3077,-3352.3299600000246,-0.3860090945332503,-1.089480000000008
TATN,-1,2025-09-12 07:00:00,2025-09-14 12:00:00,655.8,641.6,3.8811913664324824,609,8252.741699999959,1.163843669000019,13.551299999999932
LKOH,-1,2025-09-12 08:00:00,2025-09-14 10:00:00,6580.5,6416.5,32.35663172955079,60,9450.09,1.6225576394607275,157.5015
ROSN,-1,2025-09-12 08:00:00,2025-09-14 08:00:00,460.4,445.95,2.320337080243695,868,12149.24409999999,2.0107459269854537,13.996824999999989
NVTK,-1,2025-09-12 08:00:00,2025-09-13 11:00:00,1212.6,1202.4,6.613417527144573,329,2958.5324999999402,0.45324523783607956,8.992499999999819
MTSS,-1,2025-09-12 08:00:00,2025-09-14 07:00:00,218.5,213.6,1.0663690945311102,1830,8571.62850000001,1.4641428326026178,4.683950000000006
SNGS,-1,2025-09-12 08:00:00,2025-09-14 10:00:00,22.85,22.28,0.11630290299901358,17505,9582.849675000007,1.5689920769637293,0.5474350000000003
SBER,-1,2025-09-12 11:00:00,2025-09-14 10:00:00,305.97,302.84,1.150973014759973,1307,3693.0526650000684,0.818320662536503,2.8255950000000523
GAZP,-1,2025-09-12 11:00:00,2025-09-14 13:00:00,129.57,125.38,0.5677304720254426,3087,12541.014674999991,2.385242763469832,4.062524999999997
GMKN,-1,2025-09-12 11:00:00,2025-09-14 10:00:00,128.4,123.02,0.8809973187060421,3115,16367.11335000003,1.9880083205842243,5.25429000000001
PLZL,-1,2025-09-12 13:00:00,2025-09-15 13:00:00,2319.0,2275.6,16.858794185185566,172,7069.664400000016,0.812685643439405,41.10270000000009
LKOH,-1,2025-09-15 08:00:00,2025-09-15 12:00:00,6412.5,6430.0,25.58336665075717,62,-1483.1175,-0.3116771185298245,-23.92125
ROSN,-1,2025-09-15 08:00:00,2025-09-15 14:00:00,445.3,439.6,1.82307398547983,898,4721.2798999999895,0.9612976108621305,5.257549999999989
TATN,-1,2025-09-15 08:00:00,2025-09-15 10:00:00,638.9,640.7,2.41021383653524,626,-1527.3148000000429,-0.33742510906658246,-2.4398000000000684
GMKN,-1,2025-09-15 08:00:00,2025-09-15 11:00:00,123.66,122.8,0.531043096605737,3234,2382.714179999998,0.4624671736997148,0.7367699999999995
NVTK,-1,2025-09-15 08:00:00,2025-09-15 11:00:00,1196.2,1194.0,4.907145475913916,334,335.6366000000152,0.06826100190239356,1.0049000000000456
MTSS,-1,2025-09-15 08:00:00,2025-09-15 09:00:00,212.95,214.45,0.7248869787597467,1878,-3218.3286,-0.7880308931892958,-1.7137
SNGS,-1,2025-09-15 08:00:00,2025-09-15 12:00:00,22.21,22.15,0.06714803285276226,18009,681.1003800000409,0.1877443929639828,0.03782000000000227
SBER,-1,2025-09-15 09:00:00,2025-09-15 12:00:00,302.58,302.06,0.7459931265725178,1321,287.555279999976,0.09726631173315563,0.21767999999998183
GAZP,-1,2025-09-15 10:00:00,2025-09-15 15:00:00,125.17,124.31,0.5009002002148321,3195,2349.155699999998,0.48929241106621785,0.7352599999999994
TATN,1,2025-09-15 11:00:00,2025-09-16 09:00:00,641.4,643.7,2.7938556118323263,623,1032.5913500000424,0.1977494223371889,1.6574500000000683
MTSS,1,2025-09-15 11:00:00,2025-09-15 12:00:00,214.15,213.35,0.8853049170317617,1867,-1892.6712500000215,-0.3816952330950933,-1.0137500000000115
GMKN,1,2025-09-15 12:00:00,2025-09-16 09:00:00,123.56,123.88,0.6265030685692534,3237,635.3583599999779,0.10443151829420314,0.19627999999999318
NVTK,1,2025-09-15 12:00:00,2025-09-16 09:00:00,1197.4,1201.8,5.646828975884461,334,1068.9335999999544,0.18892018946489553,3.2003999999998634
SBER,1,2025-09-15 13:00:00,2025-09-16 08:00:00,302.47,303.42,0.9094325199926532,1322,855.406709999985,0.23716438026841025,0.6470549999999886
LKOH,1,2025-09-15 13:00:00,2025-09-16 08:00:00,6431.0,6441.5,27.89444307777188,62,251.9525,0.04856104599603045,4.06375
MTSS,-1,2025-09-15 13:00:00,2025-09-16 07:00:00,212.05,213.05,0.9582476070324892,1886,-2286.8693,-0.42179425272452525,-1.21255
SNGS,1,2025-09-15 13:00:00,2025-09-15 13:00:00,22.14,22.14,0.07890505920524296,18066,-399.98124,-0.09353012435873853,-0.02214
PLZL,1,2025-09-15 14:00:00,2025-09-16 13:00:00,2312.2,2340.0,14.76886199801291,172,4381.510800000031,0.5749461265967906,25.47390000000018
SNGS,-1,2025-09-15 14:00:00,2025-09-16 12:00:00,22.065,21.93,0.08041184069058285,18128,2048.5093200000283,0.4684322566988796,0.11300250000000156
GAZP,1,2025-09-16 07:00:00,2025-09-16 11:00:00,124.1,124.6,0.6198923179992429,3223,1210.71995,0.20199744863884506,0.37565
MTSS,1,2025-09-16 08:00:00,2025-09-16 09:00:00,212.9,211.2,1.0670335252096743,1878,-3590.829900000032,-0.597310192174857,-1.9120500000000171
SBER,-1,2025-09-16 09:00:00,2025-09-16 13:00:00,302.11,300.67,1.0634092726349693,1324,1507.519639999997,0.3569055456195438,1.1386099999999977
LKOH,-1,2025-09-16 09:00:00,2025-09-16 13:00:00,6403.5,6351.0,32.93000675625326,62,2859.6105,0.4668766123796952,46.122749999999996
ROSN,-1,2025-09-16 09:00:00,2025-09-16 14:00:00,439.25,436.1,2.440662547579814,910,2468.2157499999794,0.37043561561996713,2.7123249999999772
TATN,-1,2025-09-16 10:00:00,2025-09-17 12:00:00,635.9,629.5,3.6137298726586367,629,3627.631699999986,0.5319803640771255,5.7672999999999774
GMKN,-1,2025-09-16 10:00:00,2025-09-16 12:00:00,122.08,123.76,0.8136284408937788,3276,-5906.365920000022,-0.738633635610329,-1.8029200000000067
NVTK,-1,2025-09-16 10:00:00,2025-09-16 14:00:00,1199.6,1198.8,6.610328676574286,333,-132.93360000001508,-0.020130113520412992,-0.3992000000000453
MTSS,-1,2025-09-16 10:00:00,2025-09-16 12:00:00,209.75,211.9,1.2024421722471148,1907,-4502.09327500001,-0.6544528168003604,-2.3608250000000055
GAZP,-1,2025-09-16 12:00:00,2025-09-17 13:00:00,123.73,122.08,0.7406910223918838,3232,4935.571040000018,0.6872388773160407,1.5270950000000056
GMKN,1,2025-09-16 13:00:00,2025-09-17 08:00:00,123.58,123.86,0.8684116926543851,3236,505.7220800000037,0.059986909174501495,0.15628000000000114
MTSS,1,2025-09-16 13:00:00,2025-09-17 07:00:00,212.2,211.35,1.297910150301351,1885,-2001.4458749999894,-0.27268836746351294,-1.0617749999999944
SNGS,1,2025-09-16 13:00:00,2025-09-17 07:00:00,21.975,21.95,0.10381694590806523,18202,-854.8114250000388,-0.1507862375428562,-0.04696250000000213
SBER,1,2025-09-16 14:00:00,2025-09-17 08:00:00,301.55,301.4,1.2376724710396991,1326,-598.6558500000452,-0.12159248120002092,-0.45147500000003415
LKOH,1,2025-09-16 14:00:00,2025-09-17 07:00:00,6369.5,6338.0,36.02586812516649,62,-2346.9325,-0.3502460127491613,-37.85375
PLZL,-1,2025-09-16 14:00:00,2025-09-17 13:00:00,2333.6,2316.6,14.655675445918966,171,2509.4079,0.3337705826922813,14.674900000000001
NVTK,1,2025-09-16 15:00:00,2025-09-17 12:00:00,1200.4,1208.4,7.713698840719835,333,2262.9348,0.2936593775274501,6.7956
LKOH,-1,2025-09-17 08:00:00,2025-09-17 10:00:00,6344.0,6370.0,32.916301848028716,63,-2038.491,-0.32766945437743933,-32.357
MTSS,-1,2025-09-17 08:00:00,2025-09-17 09:00:00,210.9,212.75,1.3017157383058309,1896,-3909.2201999999893,-0.5279762545503822,-2.0618249999999945
SNGS,-1,2025-09-17 08:00:00,2025-09-17 10:00:00,22.005,22.0,0.11144746439192643,18177,-309.054442500018,-0.05085355715289741,-0.017002500000000993
SBER,-1,2025-09-17 09:00:00,2025-09-17 10:00:00,300.32,299.92,1.2147220805228263,1331,132.94027999996973,0.02740818979679371,0.09987999999997726
GMKN,-1,2025-09-17 09:00:00,2025-09-17 14:00:00,123.24,122.84,0.8962939225485004,3245,898.7351999999723,0.10300192568247782,0.2769599999999915
MTSS,1,2025-09-17 10:00:00,2025-09-17 12:00:00,214.15,213.05,1.375714080477988,1867,-2452.4911999999895,-0.31828319043920034,-1.3135999999999943
SBER,1,2025-09-17 11:00:00,2025-09-18 08:00:00,301.54,302.38,1.2846328143283503,1326,713.4410399999668,0.13960928342035764,0.538039999999975
LKOH,1,2025-09-17 11:00:00,2025-09-17 13:00:00,6389.0,6354.5,33.514072580218325,62,-2534.0485,-0.4065133127004141,-40.87175
ROSN,-1,2025-09-17 11:00:00,2025-09-17 13:00:00,437.6,436.35,2.404041668669559,914,743.1048499999999,0.11273029784184826,0.8130249999999999
SNGS,1,2025-09-17 11:00:00,2025-09-18 09:00:00,22.2,22.575,0.12237976649747147,18018,6353.372025,0.9604324584360804,0.3526125
NVTK,-1,2025-09-17 13:00:00,2025-09-17 14:00:00,1204.0,1203.4,7.377826537668153,332,-200.4284000000302,-0.02727542214579712,-0.6037000000000909
MTSS,-1,2025-09-17 13:00:00,2025-09-18 14:00:00,212.45,211.25,1.4559926511698764,1882,1859.6982999999786,0.2262259586740861,0.9881499999999886
LKOH,-1,2025-09-17 14:00:00,2025-09-18 15:00:00,6350.5,6323.0,35.259627353768096,62,1312.1215,0.2000706529280089,21.163249999999998
ROSN,1,2025-09-17 14:00:00,2025-09-18 09:00:00,437.1,441.4,2.485998376846582,915,3532.5862499999585,0.5176659319862745,3.8607499999999546
PLZL,1,2025-09-17 14:00:00,2025-09-18 07:00:00,2321.4,2299.6,15.164461536497333,172,-4147.006000000031,-0.5299781541197889,-24.110500000000183
TATN,-1,2025-09-17 15:00:00,2025-09-18 07:00:00,628.4,629.3,3.43923474968518,636,-972.3485999999855,-0.14817734285608397,-1.5288499999999772
GMKN,1,2025-09-17 15:00:00,2025-09-18 10:00:00,125.18,125.12,0.9941267950644517,3195,-591.5542500000073,-0.06208128276299622,-0.18515000000000228
NVTK,1,2025-09-17 15:00:00,2025-09-18 11:00:00,1224.0,1226.2,8.179860637071009,326,317.81740000001486,0.03972765320645411,0.9749000000000456
TATN,1,2025-09-18 08:00:00,2025-09-18 12:00:00,630.8,630.5,3.460870779065285,634,-590.0320999999713,-0.08963543757344074,-0.9306499999999546
PLZL,-1,2025-09-18 08:00:00,2025-09-19 14:00:00,2311.4,2290.4,16.080948249156247,173,3234.9443,0.38760359381545645,18.6991
SBER,-1,2025-09-18 09:00:00,2025-09-18 15:00:00,303.03,302.04,1.4428230589758215,1320,907.453799999937,0.15882404884951606,0.6874649999999523
ROSN,-1,2025-09-18 10:00:00,2025-09-19 12:00:00,438.45,433.0,2.632065499744332,912,4573.01879999999,0.6350240904576089,5.014274999999989
GMKN,-1,2025-09-18 11:00:00,2025-09-22 11:00:00,124.44,118.52,1.0092602043045031,3214,18636.443280000007,1.9151057296784537,5.798520000000002
GAZP,-1,2025-09-18 12:00:00,2025-09-19 10:00:00,124.31,123.12,0.6663467410886494,3217,3430.2388449999926,0.5333984717215674,1.0662849999999977
TATN,-1,2025-09-18 13:00:00,2025-09-19 10:00:00,624.0,622.3,3.552120013557388,641,690.2608500000292,0.10105232892751641,1.0768500000000456
MTSS,1,2025-09-18 15:00:00,2025-09-19 09:00:00,211.95,211.95,1.4356272209034067,1887,-399.94965,-0.04921193954203627,-0.21195
SBER,1,2025-09-19 07:00:00,2025-09-19 08:00:00,302.8,302.14,1.298905201596717,1321,-1271.422870000033,-0.24699518713063914,-0.962470000000025
LKOH,1,2025-09-19 07:00:00,2025-09-19 11:00:00,6343.0,6294.5,38.75248965195125,63,-3453.58125,-0.4715288444892623,-54.81875
SNGS,1,2025-09-19 08:00:00,2025-09-19 10:00:00,22.335,22.3,0.1563575944024568,17909,-1026.4991075000025,-0.12219319059204696,-0.057317500000000146
SBER,-1,2025-09-19 09:00:00,2025-09-22 12:00:00,301.17,294.7,1.3207907095400264,1328,8196.502320000036,1.5576691940212812,6.1720650000000274
MTSS,-1,2025-09-19 10:00:00,2025-09-19 10:00:00,213.6,213.6,1.530124142446434,1872,-399.85920000000004,-0.04653217214530197,-0.2136
GAZP,1,2025-09-19 11:00:00,2025-09-19 13:00:00,123.21,122.79,0.7234915768370128,3246,-1762.5779999999595,-0.2501756838570234,-0.5429999999999875
MTSS,1,2025-09-19 11:00:00,2025-09-19 11:00:00,212.45,212.45,1.5494009894145446,1882,-399.8309,-0.04570583544897915,-0.21245
SNGS,-1,2025-09-19 11:00:00,2025-09-22 14:00:00,22.125,21.425,0.16407894857951794,18079,12261.629774999987,1.3778428126045466,0.6782249999999993
LKOH,-1,2025-09-19 12:00:00,2025-09-22 11:00:00,6331.0,6182.5,40.510983407847064,63,8961.32475,1.1704089281002839,142.24325
MTSS,-1,2025-09-19 12:00:00,2025-09-22 15:00:00,213.25,207.65,1.595872347313507,1875,10105.406249999989,1.125727048088102,5.3895499999999945
GAZP,-1,2025-09-19 14:00:00,2025-09-22 14:00:00,122.31,118.26,0.7358421990929006,3270,12850.168049999991,1.7801438971762784,3.929714999999997
NVTK,1,2025-09-19 14:00:00,2025-09-19 14:00:00,1184.6,1184.6,9.120453144382013,337,-399.2102,-0.04329463245035092,-1.1845999999999999
ROSN,-1,2025-09-19 15:00:00,2025-09-22 11:00:00,430.3,424.8,2.4437303498258838,929,4712.30605,0.6918998517111914,5.07245
TATN,-1,2025-09-19 15:00:00,2025-09-22 11:00:00,619.3,613.1,3.8923994938522406,645,3601.550999999956,0.47817976279320196,5.583799999999932
NVTK,-1,2025-09-19 15:00:00,2025-09-22 14:00:00,1168.0,1134.0,9.797563634069022,340,11168.659999999998,1.1175907680345591,32.849
PLZL,1,2025-09-19 15:00:00,2025-09-22 11:00:00,2289.8,2321.2,12.642767223666178,174,5062.442999999937,0.7670920847543888,29.094499999999638
LKOH,1,2025-09-22 12:00:00,2025-09-22 14:00:00,6192.0,6152.0,41.428336242550934,64,-2955.008,-0.3715009595499747,-46.172
TATN,1,2025-09-22 12:00:00,2025-09-22 13:00:00,615.4,611.5,4.126849304993205,649,-2929.2290499999854,-0.3645597942025661,-4.5134499999999775
PLZL,-1,2025-09-22 12:00:00,2025-09-23 10:00:00,2323.8,2328.8,16.08364467878195,172,-1260.1236,-0.15183747519750262,-7.3263
TATN,-1,2025-09-22 14:00:00,2025-09-22 15:00:00,607.8,615.3,4.2302935333869955,658,-5337.399899999999,-0.6391636841888736,-8.11155
LKOH,-1,2025-09-22 15:00:00,2025-09-22 15:00:00,6199.5,6199.5,42.266237144637174,64,-396.76800000000003,-0.048892452690508834,-6.1995000000000005
LKOH,1,2025-09-23 07:00:00,2025-09-23 14:00:00,6276.0,6266.0,42.14007734859167,63,-1025.073,-0.12870566472389086,-16.271
TATN,1,2025-09-23 07:00:00,2025-09-23 14:00:00,622.9,624.5,4.6368347303183794,642,626.7846000000146,0.07018437193921633,0.9763000000000227
PLZL,1,2025-09-23 11:00:00,2025-09-24 07:00:00,2330.4,2328.0,16.072995378772262,171,-808.6932000000156,-0.09807754950779088,-4.729200000000091
SNGS,-1,2025-09-23 13:00:00,2025-09-24 11:00:00,21.69,21.47,0.2066263593898214,16132,3200.911440000039,0.32009468779934824,0.19842000000000243
GMKN,-1,2025-09-23 14:00:00,2025-09-23 14:00:00,122.66,122.66,1.0959281125175793,3041,-373.00906000000003,-0.03730779984532135,-0.12266
LKOH,-1,2025-09-23 15:00:00,2025-09-24 11:00:00,6245.0,6142.5,38.847638826820564,64,6163.6,0.8263586746273478,96.30625
ROSN,-1,2025-09-23 15:00:00,2025-09-24 11:00:00,429.1,426.35,2.8815313065139896,932,2164.3603,0.26863899237074224,2.322275
TATN,-1,2025-09-23 15:00:00,2025-09-24 11:00:00,623.1,614.5,4.1893372346030135,641,5115.949200000015,0.6350407835458274,7.9812000000000225
NVTK,-1,2025-09-23 15:00:00,2025-09-24 11:00:00,1158.0,1126.4,11.529029391399371,289,8802.304199999973,0.8806118585814158,30.45779999999991
MTSS,-1,2025-09-23 15:00:00,2025-09-24 12:00:00,210.3,209.25,1.3533670835788978,1902,1598.1079500000214,0.2069468094785949,0.8402250000000113
SBER,-1,2025-09-24 07:00:00,2025-09-24 08:00:00,290.27,295.2611982708958,1.6637327569652778,1378,-7281.30221290311,-1.0586563753322715,-5.283963870031284
GMKN,1,2025-09-24 07:00:00,2025-09-24 07:00:00,118.56,118.56,1.0923053623238312,3051,-361.72656,-0.036180358865878816,-0.11856
GAZP,-1,2025-09-24 08:00:00,2025-09-24 12:00:00,117.79,118.47,0.8141029739125519,3395,-2709.6513499999746,-0.3267932213227713,-0.7981299999999926
GMKN,-1,2025-09-24 08:00:00,2025-09-24 13:00:00,119.34,122.69142208075925,1.1171406935864148,2983,-10358.281932938295,-1.0361087646152196,-3.472437791799629
PLZL,-1,2025-09-24 08:00:00,2025-09-25 08:00:00,2326.0,2322.0,15.423590637087933,171,286.596,0.03622156991921735,1.6760000000000002
ROSN,1,2025-09-24 12:00:00,2025-09-25 07:00:00,427.4,428.55,2.98112011737024,935,675.0933750000319,0.08073307700607515,0.7220250000000341
TATN,1,2025-09-24 12:00:00,2025-09-25 13:00:00,621.9,630.5,4.63242269749649,643,5127.153400000015,0.5737674445749033,7.973800000000023
SNGS,1,2025-09-24 12:00:00,2025-09-25 12:00:00,21.58,21.61,0.17978645502481885,18535,155.7866750000211,0.01558330223642424,0.008405000000001137
GAZP,1,2025-09-24 13:00:00,2025-09-25 10:00:00,118.44,119.09,0.9389271313532173,3377,1793.980595000019,0.1885964601727114,0.5312350000000057
MTSS,1,2025-09-24 13:00:00,2025-09-25 07:00:00,210.65,210.05,1.508202777332882,1898,-1538.0442999999893,-0.17909837505029746,-0.8103499999999944
LKOH,-1,2025-09-25 08:00:00,2025-09-25 11:00:00,6167.0,6165.0,39.45662567497531,64,-266.624,-0.03519476495800311,-4.166
ROSN,-1,2025-09-25 08:00:00,2025-09-25 11:00:00,424.85,424.85,3.0668129011326193,941,-399.78385000000003,-0.046177145861870335,-0.42485
GMKN,1,2025-09-25 08:00:00,2025-09-25 13:00:00,122.72,122.42,1.0473991990322733,3182,-1344.617739999991,-0.13448231275793207,-0.42256999999999717
MTSS,-1,2025-09-25 08:00:00,2025-09-26 07:00:00,208.7,206.8,1.5430245086267294,1916,3242.3509999999565,0.36556991167648545,1.6922499999999772
GAZP,-1,2025-09-25 11:00:00,2025-09-26 12:00:00,118.35,117.18,0.8625355399767244,3379,3555.5020649999583,0.4066441134813538,1.0522349999999876
NVTK,-1,2025-09-25 11:00:00,2025-09-26 09:00:00,1117.0,1106.4,10.843679872715912,307,2912.908099999972,0.2916691292800484,9.488299999999908
PLZL,1,2025-09-25 11:00:00,2025-09-25 15:00:00,2330.4,2314.8,14.073370756580575,171,-3064.7645999999845,-0.4245038451222846,-17.92259999999991
LKOH,1,2025-09-25 12:00:00,2025-09-25 15:00:00,6185.5,6161.5,36.92512718406315,64,-1931.104,-0.27238452783648864,-30.1735
ROSN,1,2025-09-25 12:00:00,2025-09-25 13:00:00,426.55,424.9,2.989862121752625,937,-1944.954325000032,-0.23141814075618825,-2.075725000000034
SNGS,-1,2025-09-25 13:00:00,2025-09-26 09:00:00,21.5,21.42,0.1533254186906493,18604,1089.0781599999682,0.12726743875849467,0.058539999999998295
ROSN,-1,2025-09-25 14:00:00,2025-09-26 09:00:00,423.3,419.35,2.869574992735682,944,3331.0691999999895,0.4098951945767597,3.5286749999999887
GMKN,-1,2025-09-25 14:00:00,2025-09-26 09:00:00,121.8,121.02,1.037860532240201,3211,2114.7324900000035,0.21152167673834682,0.6585900000000011
LKOH,-1,2025-09-26 07:00:00,2025-09-26 09:00:00,6144.0,6135.5,32.54434499958423,65,153.41625,0.02417470685030075,2.3602499999999997
PLZL,-1,2025-09-26 07:00:00,2025-09-28 07:00:00,2320.0,2326.4,13.331536428874658,172,-1500.3904000000157,-0.2181093941307117,-8.72320000000009
LKOH,1,2025-09-26 10:00:00,2025-09-28 07:00:00,6166.0,6228.0,32.47500946213068,64,3571.392,0.5727788939273674,55.803
ROSN,1,2025-09-26 10:00:00,2025-09-26 11:00:00,423.65,421.65,2.794951987597814,944,-2286.9816,-0.288931617996797,-2.42265
TATN,1,2025-09-26 10:00:00,2025-09-27 14:00:00,637.1,644.0,4.882395702429358,627,3924.6751499999855,0.42734826517546365,6.259449999999977
GMKN,1,2025-09-26 10:00:00,2025-09-28 08:00:00,121.84,123.44,1.0473428679215915,3182,4700.959519999981,0.47019304605624,1.4773599999999942
NVTK,1,2025-09-26 10:00:00,2025-09-29 14:00:00,1121.4,1133.8,10.14610190988142,328,3697.3471999999556,0.3703359871644081,11.272399999999864
SNGS,1,2025-09-26 10:00:00,2025-09-26 12:00:00,21.555,21.505,0.13691174009458115,18557,-1327.3822100000132,-0.17415112332121524,-0.0715300000000007
ROSN,-1,2025-09-26 12:00:00,2025-09-26 15:00:00,420.7,422.45,2.892331050530769,950,-2062.9962499999997,-0.25026814727881813,-2.171575
GAZP,1,2025-09-26 13:00:00,2025-09-28 10:00:00,118.4,120.0,0.7701640073417225,3378,5002.142399999981,0.6409024510294823,1.4807999999999943
SNGS,-1,2025-09-26 13:00:00,2025-09-27 07:00:00,21.47,21.575,0.13064507761945887,18630,-2357.114175000008,-0.3228148157981973,-0.12652250000000043
ROSN,1,2025-09-27 07:00:00,2025-09-28 09:00:00,423.9,424.85,2.872230766717235,943,495.6643750000429,0.06100078564843164,0.5256250000000455
MTSS,-1,2025-09-27 08:00:00,2025-09-29 07:00:00,208.25,206.7,1.266321571387601,1920,2577.6480000000215,0.3533923321253775,1.3425250000000113
SNGS,1,2025-09-27 08:00:00,2025-09-29 07:00:00,21.565,21.395,0.12182460594255969,18548,-3551.5710400000316,-0.5239226195138403,-0.1914800000000017
PLZL,1,2025-09-28 08:00:00,2025-09-30 08:00:00,2327.0,2410.6,6.901042918995962,171,13890.535199999986,3.923619514397412,81.23119999999992
TATN,1,2025-09-28 13:00:00,2025-09-29 12:00:00,640.4,640.8,3.371233139181833,624,-150.13440000001415,-0.02378951460457919,-0.24060000000002268
GAZP,1,2025-09-29 08:00:00,2025-09-29 08:00:00,119.6,119.6,0.42665910877685254,3344,-399.9424,-0.09343915516290402,-0.1196
ROSN,1,2025-09-29 08:00:00,2025-09-29 13:00:00,425.3,427.5,1.3472759678331172,940,1667.1839999999893,0.43881136019285566,1.7735999999999885
GMKN,1,2025-09-29 08:00:00,2025-09-29 14:00:00,125.0,126.52,0.5270804435870912,3200,4461.567999999987,0.881737640470574,1.394239999999996
MTSS,1,2025-09-29 08:00:00,2025-09-29 13:00:00,209.15,208.85,0.7793405723927099,1912,-973.2080000000217,-0.217705420039617,-0.5090000000000113
SNGS,-1,2025-09-29 08:00:00,2025-09-29 08:00:00,21.51,21.51,0.06787912169474718,18596,-399.99996000000004,-0.10562894482111207,-0.02151
SBER,1,2025-09-29 09:00:00,2025-09-29 13:00:00,293.09,294.01,0.86068254777126,1364,854.4778000000217,0.24261752164883946,0.6264500000000159
GAZP,-1,2025-09-29 09:00:00,2025-09-29 10:00:00,119.39,119.21,0.43618345814993464,3350,203.34500000002285,0.046387209224198866,0.06070000000000682
LKOH,1,2025-09-29 09:00:00,2025-09-29 12:00:00,6231.5,6229.0,17.1350484316144,64,-558.736,-0.16983222107293197,-8.73025
SNGS,1,2025-09-29 09:00:00,2025-09-29 15:00:00,21.53,21.605,0.06945918443083667,18578,992.6689849999867,0.25642157303283725,0.053432499999999286
GAZP,1,2025-09-29 11:00:00,2025-09-29 13:00:00,120.05,119.69,0.480535736874179,3331,-1598.4469699999981,-0.332871531485178,-0.47986999999999946
LKOH,-1,2025-09-29 13:00:00,2025-09-30 13:00:00,6191.5,6038.5,21.381992353585463,64,9400.64,2.2898552135370336,146.885
TATN,-1,2025-09-29 13:00:00,2025-09-30 11:00:00,637.4,628.5,3.5985915458343443,627,5183.440349999986,0.765767189255821,8.267049999999978
SBER,-1,2025-09-29 14:00:00,2025-09-30 13:00:00,292.12,286.5,1.1641014629500255,1369,7297.714610000005,1.5264104747052873,5.330690000000004
GAZP,-1,2025-09-29 14:00:00,2025-09-30 13:00:00,119.62,117.14,0.551219757256767,3343,7894.895660000013,1.4281176541717726,2.361620000000004
ROSN,-1,2025-09-29 14:00:00,2025-09-30 15:00:00,424.35,411.45,2.0410071971261656,942,11758.138200000032,2.0385523411472892,12.482100000000035
MTSS,-1,2025-09-29 14:00:00,2025-09-30 09:00:00,207.75,206.85,0.9781098382277845,1925,1333.447500000011,0.23606755701216997,0.6927000000000056
SNGS,-1,2025-09-30 07:00:00,2025-09-30 11:00:00,21.25,21.255,0.09032335444483904,18823,-494.1508074999812,-0.09688339618384283,-0.026252499999999002
MTSS,1,2025-09-30 10:00:00,2025-09-30 11:00:00,209.45,207.1,1.2110419694270043,1909,-4883.746974999989,-0.7041525850147108,-2.5582749999999943
MTSS,-1,2025-09-30 12:00:00,2025-10-01 07:00:00,206.15,206.15,1.3087555756794071,1940,-399.931,-0.052505347785046994,-0.20615
SNGS,1,2025-09-30 12:00:00,2025-10-01 12:00:00,21.24,21.125,0.1079956533027303,18832,-2564.5888399999703,-0.4203332752607971,-0.13618249999999843
NVTK,1,2025-09-30 14:00:00,2025-10-01 11:00:00,1102.8,1119.0,9.900501961866937,336,5069.937600000015,0.5080247465605839,15.089100000000045
GMKN,1,2025-10-01 07:00:00,2025-10-01 10:00:00,124.28,123.6,0.9825391888506161,3218,-2587.0789200000218,-0.27274230182461007,-0.8039400000000068
PLZL,1,2025-10-01 07:00:00,2025-10-01 12:00:00,2377.6,2388.4,16.767424853501456,168,1414.0560000000307,0.1673284175226725,8.417000000000183
TATN,-1,2025-10-01 08:00:00,2025-10-03 08:00:00,625.3,603.5,4.628606815757494,639,13537.598399999972,1.5257002695984976,21.185599999999955
MTSS,1,2025-10-01 08:00:00,2025-10-01 11:00:00,204.2,204.85,1.711289815926274,1947,867.3398250000112,0.08677178189498787,0.4454750000000057
SBER,-1,2025-10-01 11:00:00,2025-10-02 11:00:00,288.08,284.34,1.625399495444066,1388,4793.860520000013,0.7082956138231151,3.453790000000009
LKOH,-1,2025-10-01 11:00:00,2025-10-02 09:00:00,6081.5,6011.5,35.27638787846695,65,4156.9775,0.6043088483655649,63.9535
ROSN,-1,2025-10-01 11:00:00,2025-10-02 09:00:00,411.5,406.25,2.998538927802444,972,4705.5734999999995,0.5381648770242848,4.841125
GMKN,-1,2025-10-01 11:00:00,2025-10-02 09:00:00,122.88,120.34,0.9948693714275937,3255,7871.8594499999745,0.8102872830864583,2.418389999999992
NVTK,-1,2025-10-01 12:00:00,2025-10-02 10:00:00,1115.8,1119.4,13.060049215921518,255,-1202.9880000000346,-0.12040791786728504,-4.717600000000136
MTSS,-1,2025-10-01 12:00:00,2025-10-02 08:00:00,204.35,204.0,1.7371641616167839,1918,279.69234999998906,0.027981427666623926,0.1458249999999943
PLZL,-1,2025-10-01 13:00:00,2025-10-02 09:00:00,2377.8,2374.0,16.79870456688226,168,239.24880000003054,0.02825813134043122,1.4241000000001818
SNGS,-1,2025-10-01 13:00:00,2025-10-02 12:00:00,20.93,20.715,0.12655161502285678,19111,3710.9262024999975,0.5114579795891424,0.19417749999999986
GAZP,-1,2025-10-01 14:00:00,2025-10-02 10:00:00,117.5,115.99,0.6784875102749851,3404,4742.640020000017,0.6844906152290264,1.393255000000005
MTSS,1,2025-10-02 09:00:00,2025-10-02 09:00:00,202.9,202.9,1.7979184719708285,1853,-375.9737,-0.037617575205840977,-0.2029
LKOH,1,2025-10-02 10:00:00,2025-10-02 14:00:00,6062.0,6028.5,40.14809465620371,65,-2570.4412500000003,-0.32832815885481004,-39.54525
MTSS,-1,2025-10-02 10:00:00,2025-10-03 07:00:00,204.0,203.65,1.8123528668300548,1839,268.81582499998956,0.026884941057434303,0.1461749999999943
GAZP,1,2025-10-02 11:00:00,2025-10-03 07:00:00,116.64,116.23,0.7434392240083446,3429,-1805.1456149999885,-0.2360358825126539,-0.5264349999999967
NVTK,1,2025-10-02 11:00:00,2025-10-03 09:00:00,1116.2,1120.6,12.429595288040373,268,879.4687999999634,0.08800501072783345,3.2815999999998633
PLZL,1,2025-10-02 11:00:00,2025-10-02 14:00:00,2372.8,2367.8,16.586921579734167,168,-1238.2104,-0.14811468510638734,-7.3703
ROSN,-1,2025-10-02 12:00:00,2025-10-03 07:00:00,405.9,409.7,3.073314655501124,985,-4144.683000000011,-0.45638021394568223,-4.207800000000011
LKOH,-1,2025-10-02 15:00:00,2025-10-03 08:00:00,6047.5,6036.0,38.34921648938286,66,360.24449999999996,0.047443385633977146,5.45825
PLZL,-1,2025-10-02 15:00:00,2025-10-03 13:00:00,2329.2,2319.8,18.336965515378672,171,1209.9104999999377,0.12861997248246304,7.075499999999636
SBER,-1,2025-10-03 07:00:00,2025-10-03 07:00:00,286.54,286.54,1.626598457254402,1395,-399.72330000000005,-0.05871967534910488,-0.28654
SBER,1,2025-10-03 08:00:00,2025-10-03 09:00:00,286.82,286.19,1.56898428173623,1394,-1277.6079699999937,-0.1947130192589301,-0.9165049999999955
GAZP,-1,2025-10-03 08:00:00,2025-10-05 10:00:00,116.55,114.15,0.7479850441509951,3432,7840.918799999971,1.0181353303185348,2.2846499999999916
ROSN,1,2025-10-03 08:00:00,2025-10-03 11:00:00,409.7,405.7,2.97628186615878,976,-4301.9152,-0.4936472415596649,-4.4077
MTSS,1,2025-10-03 08:00:00,2025-10-03 09:00:00,204.15,204.55,1.63241350912958,1959,383.2783500000111,0.0399510701803998,0.19565000000000565
LKOH,1,2025-10-03 09:00:00,2025-10-03 10:00:00,6035.0,6005.5,38.45544046179816,66,-2344.3365,-0.3078909821640279,-35.52025
SBER,-1,2025-10-03 10:00:00,2025-10-05 07:00:00,284.03,280.4,1.5886650184358306,1408,4713.681279999993,0.7024314883146691,3.3477849999999956
TATN,-1,2025-10-03 10:00:00,2025-10-04 15:00:00,595.3,571.8,4.987627692064143,668,15308.188600000001,1.5315531026545655,22.91645
GMKN,-1,2025-10-03 10:00:00,2025-10-04 15:00:00,121.3,118.7,0.9355826269564745,3297,8176.559999999981,0.8835848837380381,2.479999999999994
NVTK,-1,2025-10-03 10:00:00,2025-10-06 13:00:00,1107.8,1050.2,10.818960520365428,308,17408.46799999997,1.7414180685721683,56.52099999999991
MTSS,-1,2025-10-03 10:00:00,2025-10-03 15:00:00,201.5,200.75,1.7149381787903017,1943,1066.464125,0.10668508964118467,0.548875
LKOH,-1,2025-10-03 11:00:00,2025-10-04 14:00:00,5989.0,5863.5,38.36974203083617,66,7891.8675,1.0387851092309797,119.57375
SNGS,-1,2025-10-03 11:00:00,2025-10-04 15:00:00,20.915,20.435,0.14995339173001235,19125,8784.590625000008,1.0210394814476855,0.4593250000000004
ROSN,-1,2025-10-03 12:00:00,2025-10-04 12:00:00,404.55,402.1,2.8201188666014425,988,2022.1148999999887,0.2419135618996632,2.0466749999999885
MTSS,1,2025-10-04 07:00:00,2025-10-04 07:00:00,201.5,201.5,1.5617020339405567,1985,-399.9775,-0.04300863110051071,-0.2015
MTSS,-1,2025-10-04 08:00:00,2025-10-06 07:00:00,199.4,201.2,1.6287233172305173,2006,-4012.601799999966,-0.4093799478480063,-2.000299999999983
PLZL,-1,2025-10-04 10:00:00,2025-10-05 07:00:00,2307.8,2310.0,18.15971949518427,173,-780.0396999999684,-0.08276376003853879,-4.508899999999818
ROSN,1,2025-10-04 13:00:00,2025-10-05 07:00:00,401.85,401.1,2.2821929077724254,995,-1145.717625,-0.16818254000037147,-1.151475
ROSN,-1,2025-10-05 08:00:00,2025-10-05 15:00:00,401.8,402.7,2.265587558280092,995,-1295.7387499999775,-0.19159856865689082,-1.3022499999999773
PLZL,1,2025-10-05 08:00:00,2025-10-06 12:00:00,2315.2,2356.8,14.5729668265159,172,6753.408000000063,0.8981012690007747,39.264000000000365
LKOH,-1,2025-10-05 11:00:00,2025-10-05 11:00:00,5892.0,5892.0,28.58186666187638,67,-394.764,-0.0687148961694535,-5.892
LKOH,1,2025-10-05 12:00:00,2025-10-06 11:00:00,5900.5,5969.5,28.254590471742357,67,4225.355,0.744008896100993,63.065
ROSN,1,2025-10-06 07:00:00,2025-10-06 11:00:00,403.7,405.65,1.6908298437432283,990,1529.8717499999889,0.3046482384016606,1.5453249999999887
GMKN,-1,2025-10-06 08:00:00,2025-10-06 09:00:00,121.92,121.8,0.7926670394294691,3280,-6.100799999985071,-0.000782169522836139,-0.0018599999999954486
MTSS,1,2025-10-06 08:00:00,2025-10-06 10:00:00,203.8,202.7,0.9767324620173573,1962,-2556.9765000000443,-0.44476525922914834,-1.3032500000000227
GMKN,1,2025-10-06 10:00:00,2025-10-08 07:00:00,122.64,125.98,0.8096976003243896,3261,10486.365090000012,1.3238234449962965,3.2156900000000035
GAZP,-1,2025-10-06 11:00:00,2025-10-06 12:00:00,116.01,115.91,0.600115729058437,3447,-55.01411999997063,-0.008864956778160231,-0.01595999999999148
TATN,-1,2025-10-06 11:00:00,2025-10-06 13:00:00,576.2,574.5,3.2101943303877873,694,780.5071000000315,0.11677901545856356,1.1246500000000454
MTSS,-1,2025-10-06 11:00:00,2025-10-06 14:00:00,201.05,201.75,1.1657001527157922,1989,-1792.8845999999774,-0.25775639298549463,-0.9013999999999887
SBER,-1,2025-10-06 12:00:00,2025-10-06 13:00:00,284.62,284.29,1.1317727989638753,1405,63.990724999977544,0.013414058617206542,0.045544999999984015
LKOH,-1,2025-10-06 12:00:00,2025-10-06 13:00:00,5935.5,5935.0,29.435920443824674,67,-364.16175,-0.0615489501494452,-5.43525
ROSN,-1,2025-10-06 12:00:00,2025-10-06 13:00:00,403.9,404.05,2.3080969521125008,990,-548.4352500000338,-0.08000458263433646,-0.5539750000000341
SNGS,-1,2025-10-06 12:00:00,2025-10-06 14:00:00,20.78,20.97,0.13159882345785573,19249,-4059.132874999956,-0.5341359810042426,-0.21087499999999773
GAZP,1,2025-10-06 13:00:00,2025-10-07 14:00:00,117.06,119.69,0.6455079500554884,3417,8582.222624999984,1.29697602215645,2.5116249999999956
PLZL,-1,2025-10-06 13:00:00,2025-10-07 07:00:00,2357.2,2380.8,12.895088780263372,169,-4388.761000000061,-0.6712891613885156,-25.969000000000364
SBER,1,2025-10-06 14:00:00,2025-10-07 14:00:00,287.83,293.7,1.355814301147423,1389,7749.557415000006,1.3716812091641921,5.579235000000004
LKOH,1,2025-10-06 14:00:00,2025-10-07 12:00:00,6040.0,6119.5,35.54933956635903,66,4845.7365,0.688435199224525,73.42025
ROSN,1,2025-10-06 14:00:00,2025-10-07 11:00:00,410.9,411.95,2.629175433199042,973,621.3334750000112,0.08096011040021865,0.6385750000000114
TATN,1,2025-10-06 14:00:00,2025-10-08 09:00:00,586.8,594.6,4.318730664672724,681,4909.533300000046,0.5564366446042615,7.209300000000068
MTSS,1,2025-10-06 15:00:00,2025-10-08 07:00:00,201.45,208.4,1.2687464093532828,1985,13388.973875000034,1.7721101055012194,6.745075000000017
SNGS,1,2025-10-07 07:00:00,2025-10-07 12:00:00,20.805,20.945,0.1589182631398328,19226,2290.297250000011,0.24986639388572987,0.11912500000000056
PLZL,1,2025-10-07 08:00:00,2025-10-08 10:00:00,2376.0,2387.0,13.61696248055764,168,1447.9080000000001,0.21097460887001618,8.618500000000001
NVTK,-1,2025-10-07 12:00:00,2025-10-07 15:00:00,1070.0,1070.6,10.788568276316534,308,-514.452399999972,-0.05160709488105769,-1.670299999999909
SNGS,-1,2025-10-07 13:00:00,2025-10-07 15:00:00,20.96,20.905,0.15286203795130437,19083,650.1101024999946,0.07428811944107892,0.034067499999999716
GAZP,-1,2025-10-07 15:00:00,2025-10-08 10:00:00,118.85,118.9,0.8536824087739768,3365,-568.2643750000383,-0.06593982268829249,-0.16887500000001138
NVTK,1,2025-10-08 07:00:00,2025-10-08 07:00:00,1074.6,1074.6,10.300424264365802,323,-347.0958,-0.0347752666110258,-1.0746
SNGS,1,2025-10-08 07:00:00,2025-10-08 09:00:00,21.12,21.08,0.1504165077911864,18939,-1157.1729000000512,-0.1354018050661122,-0.0611000000000027
ROSN,1,2025-10-08 08:00:00,2025-10-08 09:00:00,413.4,413.3,2.70455237858357,967,-496.40944999996714,-0.06326986603094471,-0.513349999999966
NVTK,-1,2025-10-08 08:00:00,2025-10-09 09:00:00,1065.2,1015.0,10.507536816911106,317,15583.688300000014,1.5595123404145748,49.15990000000004
ROSN,-1,2025-10-08 10:00:00,2025-10-09 07:00:00,407.55,403.7,2.9447415917378748,981,3378.931875000022,0.38988989839425187,3.4443750000000226
SNGS,-1,2025-10-08 10:00:00,2025-10-09 09:00:00,20.885,19.97,0.15499638032698118,19152,17132.85252000005,1.9238567552627308,0.8945725000000027
GAZP,1,2025-10-08 11:00:00,2025-10-08 11:00:00,117.97,117.97,0.8415082119818297,3390,-399.91830000000004,-0.04672958953154272,-0.11797
PLZL,-1,2025-10-08 11:00:00,2025-10-09 10:00:00,2367.0,2350.0,14.418666364264462,168,2459.772,0.33848484157286124,14.6415
GAZP,-1,2025-10-08 12:00:00,2025-10-09 12:00:00,117.74,113.29,0.8356861968402708,3397,14724.24554499996,1.728912525773699,4.334484999999988
MTSS,1,2025-10-08 14:00:00,2025-10-08 14:00:00,204.95,204.95,1.3635585646264108,1951,-399.85745,-0.05010174732420396,-0.20495
MTSS,-1,2025-10-08 15:00:00,2025-10-09 10:00:00,202.8,203.6,1.487590095724524,1972,-1978.3103999999664,-0.2247931072955459,-1.003199999999983
SBER,1,2025-10-09 08:00:00,2025-10-10 07:00:00,284.3,289.28,2.214950617393934,1406,6598.6532599999455,0.7062926464581705,4.6932099999999615
LKOH,1,2025-10-09 08:00:00,2025-10-09 08:00:00,5966.5,5966.5,49.26617049767902,67,-399.7555,-0.04036914810391096,-5.9665
ROSN,1,2025-10-09 08:00:00,2025-10-09 08:00:00,405.0,405.0,3.1431026420464208,987,-399.735,-0.042951190391957356,-0.405
GMKN,1,2025-10-09 08:00:00,2025-10-09 08:00:00,123.62,123.62,1.2239472822087691,2723,-336.61726000000004,-0.03366702738397685,-0.12362000000000001
LKOH,-1,2025-10-09 09:00:00,2025-10-09 09:00:00,5877.5,5877.5,56.03287260498766,59,-346.77250000000004,-0.03496459445294039,-5.8775
ROSN,-1,2025-10-09 09:00:00,2025-10-09 09:00:00,402.45,402.45,3.490023881900248,955,-384.33975,-0.03843813238520248,-0.40245
TATN,1,2025-10-09 09:00:00,2025-10-10 09:00:00,575.4,602.9,5.4163646279220075,615,16550.17275,1.6561446559728366,26.91085
GMKN,-1,2025-10-09 09:00:00,2025-10-09 09:00:00,121.88,121.88,1.4065224763367141,2369,-288.73372,-0.028884477390278728,-0.12188
LKOH,1,2025-10-09 10:00:00,2025-10-10 10:00:00,6005.0,6094.5,66.31623884748853,50,4172.5125,0.41945608622304204,83.45025
ROSN,1,2025-10-09 10:00:00,2025-10-10 07:00:00,410.45,417.8,4.030022176050231,827,5735.968625000019,0.573683774514427,6.935875000000022
GMKN,1,2025-10-09 10:00:00,2025-10-10 08:00:00,125.5,128.26,1.6160565851698065,2062,5429.493439999981,0.5431162960017509,2.633119999999991
NVTK,1,2025-10-09 10:00:00,2025-10-10 13:00:00,1040.8,1057.6,14.401285499492959,231,3638.4347999999895,0.36456930645889235,15.750799999999956
SNGS,1,2025-10-09 10:00:00,2025-10-10 08:00:00,20.445,20.48,0.244752181717665,13619,197.98621250000195,0.01979893825389191,0.014537500000000144
MTSS,1,2025-10-09 11:00:00,2025-10-10 07:00:00,203.65,204.9,1.9404171985851226,1717,1795.509825,0.17963920349405657,1.045725
PLZL,1,2025-10-09 14:00:00,2025-10-10 07:00:00,2336.8,2309.2,21.20925050131368,157,-4697.911000000057,-0.4702822163713732,-29.923000000000364
SBER,-1,2025-10-10 08:00:00,2025-10-11 10:00:00,287.52,284.79,2.592689799756561,1285,3140.34082499995,0.3141968622997147,2.4438449999999614
ROSN,-1,2025-10-10 08:00:00,2025-10-10 14:00:00,413.5,407.6,4.000861062110837,833,4572.7118499999815,0.4573557137475941,5.4894499999999775
PLZL,-1,2025-10-10 08:00:00,2025-10-15 09:00:00,2298.4,2105.4,20.616517256336063,161,30718.4941,3.084874417725463,190.7981
MTSS,-1,2025-10-10 08:00:00,2025-10-10 14:00:00,204.25,200.9,1.913580843213375,1741,5479.66692499999,0.5482609581860659,3.1474249999999944
GMKN,-1,2025-10-10 09:00:00,2025-10-11 13:00:00,128.32,125.9,1.6219816374741878,2055,4711.888949999974,0.4712116641818798,2.2928899999999874
SNGS,-1,2025-10-10 09:00:00,2025-10-11 15:00:00,20.675,20.085,0.22360870333210647,14906,8490.75572,0.8491321245726784,0.5696199999999999
LKOH,-1,2025-10-10 11:00:00,2025-10-11 11:00:00,6056.0,5984.5,60.9419581214897,54,3535.9064999999996,0.3581536269284514,65.47975
GAZP,-1,2025-10-10 14:00:00,2025-10-12 10:00:00,116.19,115.6,1.1225432208641455,2969,1407.6177450000102,0.14078299798411695,0.47410500000000344
NVTK,-1,2025-10-10 14:00:00,2025-10-11 15:00:00,1047.4,1028.8,13.42919762986602,248,4355.351200000034,0.43591336042651685,17.561900000000136
ROSN,1,2025-10-10 15:00:00,2025-10-10 15:00:00,408.95,406.5,3.877999743472145,859,-2454.7857749999903,-0.24563565317493125,-2.8577249999999887
MTSS,1,2025-10-10 15:00:00,2025-10-13 07:00:00,201.9,202.5,2.009323600714846,1658,659.5523999999906,0.06599235680744692,0.3977999999999943
ROSN,-1,2025-10-11 08:00:00,2025-10-13 07:00:00,405.85,410.85,3.8754181461571044,860,-4651.1810000000005,-0.4651842111853111,-5.40835
TATN,1,2025-10-11 09:00:00,2025-10-11 09:00:00,583.8,583.8,6.161608062375408,540,-315.252,-0.03158266446518805,-0.5838
SNGS,-1,2025-10-12 12:00:00,2025-10-13 07:00:00,20.115,20.365,0.13189093035472294,19885,-5373.7224,-0.6829885857786299,-0.27024
GMKN,-1,2025-10-12 14:00:00,2025-10-13 07:00:00,126.3,128.2,0.7287007849102181,3167,-6420.300749999973,-0.9273353535405553,-2.0272499999999916
NVTK,-1,2025-10-12 14:00:00,2025-10-13 07:00:00,1036.0,1048.8,6.805156952840078,386,-5343.166399999983,-0.6780348146720769,-13.842399999999955
SBER,-1,2025-10-13 08:00:00,2025-10-13 12:00:00,283.71,285.73,1.3821744020744733,1409,-3247.3504800000546,-0.5558198725479068,-2.3047200000000387
LKOH,-1,2025-10-13 08:00:00,2025-10-13 12:00:00,5961.5,5948.0,26.84335121008984,67,505.53175,0.09369483391432763,7.54525
ROSN,1,2025-10-13 08:00:00,2025-10-13 08:00:00,406.2,406.2,2.115631848905505,984,-399.7008,-0.06399979281369178,-0.4062
TATN,-1,2025-10-13 08:00:00,2025-10-13 12:00:00,585.1,587.3,3.238485849984654,683,-1902.9745999999534,-0.2867801115566744,-2.7861999999999316
GMKN,1,2025-10-13 08:00:00,2025-10-14 07:00:00,127.58,128.34,0.789459046810404,3135,1981.4454000000158,0.2668662812228162,0.632040000000005
NVTK,1,2025-10-13 08:00:00,2025-10-13 09:00:00,1042.0,1048.0,6.914624571935005,383,1897.765,0.23886570405722843,4.955
MTSS,-1,2025-10-13 08:00:00,2025-10-13 12:00:00,200.0,202.8101576874178,0.9367192291392706,2000,-6023.125532523045,-1.071670383390043,-3.0115627662615223
SNGS,1,2025-10-13 08:00:00,2025-10-13 08:00:00,20.065,20.065,0.1296731071952836,19935,-399.99577500000004,-0.05157841496973551,-0.020065000000000003
ROSN,-1,2025-10-13 09:00:00,2025-10-14 09:00:00,406.0,402.4,2.243086716840825,985,3147.8630000000226,0.47491104943414825,3.195800000000023
SNGS,-1,2025-10-13 09:00:00,2025-10-13 12:00:00,20.07,20.145,0.1350535995384775,19930,-1895.492474999986,-0.23474013360871251,-0.09510749999999929
GAZP,-1,2025-10-13 10:00:00,2025-10-13 10:00:00,116.85,116.85,0.5937851703652739,3423,-399.97755,-0.06559611446011603,-0.11685
NVTK,-1,2025-10-13 10:00:00,2025-10-14 09:00:00,1037.0,1031.4,7.632507921719454,385,1757.8329999999648,0.199401474448839,4.565799999999909
GAZP,1,2025-10-13 11:00:00,2025-10-13 11:00:00,115.34,115.34,0.7049433724820394,3468,-399.99912000000006,-0.054538659653327284,-0.11534000000000001
GAZP,-1,2025-10-13 12:00:00,2025-10-13 15:00:00,116.18,115.84,0.7574474173047507,3442,770.9735800000117,0.09857229905015899,0.2239900000000034
SBER,1,2025-10-13 13:00:00,2025-10-14 12:00:00,287.16,284.97,1.6903294391277315,1392,-3446.682479999997,-0.48828055696995437,-2.476064999999998
LKOH,1,2025-10-13 13:00:00,2025-10-14 08:00:00,5998.0,5924.0,35.65130488942087,66,-5277.4259999999995,-0.7476210688315041,-79.961
TATN,1,2025-10-13 13:00:00,2025-10-14 07:00:00,593.9,580.7,4.178158703773632,673,-9278.852899999953,-1.0999502394477825,-13.78729999999993
SNGS,1,2025-10-13 13:00:00,2025-10-14 12:00:00,20.34,20.07,0.1560477628180561,19665,-5706.881324999991,-0.6199063559327539,-0.29020499999999955
GAZP,1,2025-10-14 07:00:00,2025-10-15 09:00:00,116.04,115.5,0.8703617160985259,3447,-2260.439190000022,-0.2511484546676195,-0.6557700000000063
TATN,-1,2025-10-14 08:00:00,2025-10-16 09:00:00,575.0,539.2,4.680336077115764,695,24493.815499999968,2.50999781634757,35.242899999999956
GMKN,-1,2025-10-14 08:00:00,2025-10-14 12:00:00,127.74,127.16,0.9494894642289865,3131,1416.9340499999948,0.1588748539958725,0.45254999999999834
LKOH,-1,2025-10-14 09:00:00,2025-10-15 10:00:00,5930.0,5867.0,35.51644394134094,67,3825.8005000000003,0.5359160777686435,57.1015
NVTK,1,2025-10-14 10:00:00,2025-10-14 12:00:00,1031.2,1035.2,8.105945785311638,387,1148.1516000000001,0.12200098045626312,2.9668
MTSS,1,2025-10-14 10:00:00,2025-10-14 13:00:00,200.55,200.15,1.2376050557626554,1994,-1197.0979000000114,-0.16169671070335898,-0.6003500000000057
SBER,-1,2025-10-14 13:00:00,2025-10-15 10:00:00,283.55,283.0,1.8061669181990367,1410,376.082250000016,0.049224870878484095,0.26672500000001137
ROSN,-1,2025-10-14 13:00:00,2025-10-15 10:00:00,400.3,399.6,2.4977461819442848,999,299.7499499999886,0.040042766310549746,0.3000499999999886
GMKN,1,2025-10-14 13:00:00,2025-10-14 13:00:00,126.74,126.74,1.0151304732439856,3156,-399.99143999999995,-0.041616982033513154,-0.12674
NVTK,-1,2025-10-14 13:00:00,2025-10-14 14:00:00,1030.4,1030.2,8.572727000849026,388,-322.15639999998245,-0.03228455386940949,-0.8302999999999547
SNGS,-1,2025-10-14 13:00:00,2025-10-15 10:00:00,19.915,19.915,0.15246593807055178,20085,-399.992775,-0.04353977955562457,-0.019915
GMKN,-1,2025-10-14 14:00:00,2025-10-15 10:00:00,126.64,125.96,1.0069068680122728,3158,1748.5846000000217,0.18330063338531058,0.5537000000000069
MTSS,-1,2025-10-14 14:00:00,2025-10-15 10:00:00,199.95,200.45,1.1645274884849344,2000,-1400.3999999999999,-0.200424637724659,-0.7001999999999999
NVTK,1,2025-10-14 15:00:00,2025-10-15 14:00:00,1048.6,1072.4,9.423422771140233,353,8027.043500000063,0.8043609543389121,22.73950000000018
GAZP,-1,2025-10-15 10:00:00,2025-10-15 13:00:00,115.13,115.29,0.6813630377410881,3474,-956.0795400000377,-0.134636987311204,-0.27521000000001083
SBER,1,2025-10-15 11:00:00,2025-10-17 14:00:00,283.29,301.64,1.760107479886538,1411,25479.18188499995,3.41977884993781,18.057534999999966
LKOH,1,2025-10-15 11:00:00,2025-10-15 15:00:00,5860.0,5861.5,34.283699360297355,68,-296.531,-0.0423986722686255,-4.36075
ROSN,1,2025-10-15 11:00:00,2025-10-16 07:00:00,400.35,400.5,2.5597971831902675,999,-250.17457500002274,-0.03261000541299641,-0.25042500000002277
GMKN,1,2025-10-15 11:00:00,2025-10-15 13:00:00,127.08,127.8,1.020302307165201,3147,1864.7863199999965,0.1935896827958641,0.5925599999999989
MTSS,1,2025-10-15 11:00:00,2025-10-15 15:00:00,200.65,200.95,1.1226426186376535,1993,197.705599999966,0.02945431263493984,0.09919999999998294
SNGS,1,2025-10-15 11:00:00,2025-10-16 07:00:00,20.005,19.72,0.14549015951448666,19995,-6095.725687500003,-0.6984722105773404,-0.30486250000000015
GAZP,1,2025-10-15 14:00:00,2025-10-16 07:00:00,115.97,115.22,0.7418604154759277,3449,-2985.437155,-0.38892985883545783,-0.865595
GMKN,-1,2025-10-15 14:00:00,2025-10-16 09:00:00,125.8,125.14,1.0977274667791364,3036,1622.8330799999896,0.16231411899481496,0.5345299999999966
LKOH,-1,2025-10-16 07:00:00,2025-10-16 11:00:00,5840.0,5841.0,32.09741957700453,68,-465.15400000000005,-0.07103894009910507,-6.8405000000000005
MTSS,-1,2025-10-16 07:00:00,2025-10-16 09:00:00,200.5,200.8,1.1858707417330374,1995,-998.7967500000227,-0.14072641094884675,-0.5006500000000114
GAZP,-1,2025-10-16 08:00:00,2025-10-16 14:00:00,115.41,115.33,0.7238292029156757,3465,-122.55705000000592,-0.016288372937302,-0.035370000000001706
ROSN,-1,2025-10-16 08:00:00,2025-10-16 11:00:00,399.95,400.9,2.7032466518517757,1000,-1350.4249999999886,-0.16651890287492163,-1.3504249999999887
SNGS,-1,2025-10-16 08:00:00,2025-10-16 14:00:00,19.745,19.91,0.13920377780994247,20258,-3744.2354949999826,-0.44258257667965395,-0.18482749999999915
GMKN,1,2025-10-16 10:00:00,2025-10-17 14:00:00,126.36,132.36,1.1027156176050634,3022,17741.074080000042,1.774600784425327,5.870640000000014
MTSS,1,2025-10-16 10:00:00,2025-10-18 14:00:00,201.8,212.9,1.1270619604910639,1982,21589.23229999999,3.221547226872377,10.892649999999994
LKOH,1,2025-10-16 12:00:00,2025-10-19 07:00:00,5854.0,6422.0,33.83132903515787,68,38206.615999999995,5.535914156334276,561.862
ROSN,1,2025-10-16 12:00:00,2025-10-19 07:00:00,402.7,423.4,2.7171615374723657,993,20144.94134999999,2.488742967029224,20.28694999999999
NVTK,1,2025-10-16 13:00:00,2025-10-19 07:00:00,1068.4,1173.0,11.563322716542764,288,29802.038399999976,2.982974776847949,103.47929999999991
PLZL,-1,2025-10-16 13:00:00,2025-10-16 13:00:00,2222.6,2222.6,26.438516006985697,126,-280.0476,-0.02802224854340961,-2.2226
GAZP,1,2025-10-16 15:00:00,2025-10-19 10:00:00,115.38,126.39,0.6762214856670615,3466,37741.67259000002,5.367627437065925,10.889115000000006
PLZL,1,2025-10-16 15:00:00,2025-10-17 09:00:00,2256.6,2269.8,28.506679618268294,116,1268.6688000000318,0.12788581654609243,10.936800000000273
SNGS,1,2025-10-16 15:00:00,2025-10-17 14:00:00,20.095,20.76,0.14948696709077572,19905,12830.215612500053,1.4372992119743055,0.6445725000000027
TATN,-1,2025-10-17 11:00:00,2025-10-17 11:00:00,589.4,589.4,5.948552738991612,560,-330.064,-0.03302764139231139,-0.5894
SNGS,1,2025-10-18 09:00:00,2025-10-19 07:00:00,20.97,21.0,0.1543460203460292,19074,171.9521100000217,0.019469241858413016,0.009015000000001137
PLZL,1,2025-10-18 12:00:00,2025-10-19 07:00:00,2207.8,2215.0,25.945406581734876,128,638.5407999999767,0.06409098510089395,4.988599999999818
PLZL,-1,2025-10-19 08:00:00,2025-10-19 15:00:00,2201.0,2189.4,20.71666278550625,160,1504.7679999999855,0.1513242439572149,9.40479999999991
ROSN,1,2025-10-20 07:00:00,2025-10-20 07:00:00,420.15,420.15,1.771847614859225,952,-399.9828,-0.07904178600095195,-0.42014999999999997
NVTK,1,2025-10-20 07:00:00,2025-10-20 10:00:00,1163.2,1161.4,6.910298618263419,343,-1016.0688999999844,-0.14289300475721892,-2.9622999999999546
PLZL,1,2025-10-20 07:00:00,2025-10-20 07:00:00,2155.0,2155.0,15.753802112986342,185,-398.67500000000007,-0.04559745819970591,-2.1550000000000002
MTSS,1,2025-10-20 07:00:00,2025-10-20 07:00:00,210.9,210.9,0.7849117570219853,1896,-399.8664,-0.08956420816872908,-0.2109
SBER,1,2025-10-20 08:00:00,2025-10-21 07:00:00,305.08,300.36,1.1649079871247232,1311,-6584.785919999961,-1.437229393655736,-5.02271999999997
LKOH,1,2025-10-20 08:00:00,2025-10-21 07:00:00,6379.0,6306.0,31.170159460983044,62,-4919.235,-0.8484877991434535,-79.3425
ROSN,-1,2025-10-20 08:00:00,2025-10-20 11:00:00,422.55,422.3,1.9595727852264258,946,-163.11405,-0.029330372636992327,-0.172425
GMKN,1,2025-10-20 08:00:00,2025-10-21 07:00:00,133.6,131.68,0.676150030939468,2994,-6145.604159999963,-1.0119253154254209,-2.0526399999999874
PLZL,-1,2025-10-20 08:00:00,2025-10-20 12:00:00,2139.4,2143.8,17.442816247773038,186,-1216.737600000017,-0.12501039409916143,-6.541600000000091
MTSS,-1,2025-10-20 08:00:00,2025-10-20 13:00:00,211.8,211.2,0.9431323458061294,1888,733.4880000000429,0.13730840700762864,0.3885000000000227
SNGS,1,2025-10-20 08:00:00,2025-10-21 07:00:00,20.925,20.585,0.1024801049426498,19115,-6895.8318249999975,-1.173414749467345,-0.3607549999999999
GAZP,1,2025-10-20 11:00:00,2025-10-21 07:00:00,127.44,126.02,0.7390411887041249,3138,-4853.638740000006,-0.6976291369777475,-1.5467300000000017
NVTK,-1,2025-10-20 11:00:00,2025-10-22 08:00:00,1157.0,1114.6,7.996221335803347,345,14236.14900000003,1.7201541522801636,41.26420000000009
ROSN,1,2025-10-20 12:00:00,2025-10-20 15:00:00,423.4,422.0,1.885924050365784,944,-1720.6287999999786,-0.32215860789771394,-1.8226999999999773
TATN,1,2025-10-20 12:00:00,2025-10-21 07:00:00,606.5,598.8,3.973604252052853,659,-5471.44635000003,-0.6964835510658206,-8.302650000000046
PLZL,1,2025-10-20 13:00:00,2025-10-21 07:00:00,2175.0,2171.0,19.3230930064192,172,-1061.756,-0.10648743790567601,-6.173
MTSS,1,2025-10-20 14:00:00,2025-10-20 15:00:00,210.65,210.0,1.0412157329386753,1898,-1632.8968500000108,-0.27542322971880423,-0.8603250000000057
ROSN,-1,2025-10-21 07:00:00,2025-10-22 08:00:00,414.25,410.2,1.818176718099152,965,3510.4528750000113,0.6669272874280328,3.6377750000000115
MTSS,-1,2025-10-21 07:00:00,2025-10-21 09:00:00,209.35,208.95,1.0490584636052875,1910,364.5235000000109,0.060641679061468015,0.1908500000000057
SBER,-1,2025-10-21 08:00:00,2025-10-22 13:00:00,300.18,292.15,1.2493596550682249,1332,10301.468220000039,2.0634130368642594,7.733835000000029
GAZP,-1,2025-10-21 08:00:00,2025-10-23 14:00:00,122.45,116.87,1.081645825321477,3081,16823.307539999994,1.682725796859037,5.460339999999999
LKOH,-1,2025-10-21 08:00:00,2025-10-22 08:00:00,6275.0,6241.0,30.06635043367534,63,1747.746,0.3075642104861521,27.742
TATN,-1,2025-10-21 08:00:00,2025-10-21 09:00:00,595.9,597.8,3.659021805567361,671,-1675.3863499999848,-0.22746061039236512,-2.496849999999977
GMKN,-1,2025-10-21 08:00:00,2025-10-22 08:00:00,130.04,128.9,0.7683700728631745,3075,3107.379749999958,0.4383868466898389,1.0105299999999864
PLZL,-1,2025-10-21 08:00:00,2025-10-22 13:00:00,2157.0,2042.2,19.48071270711005,171,19271.768399999994,1.9284099388360105,112.70039999999996
SNGS,-1,2025-10-21 08:00:00,2025-10-21 13:00:00,20.52,20.63,0.10422348966930713,19493,-2545.298474999989,-0.4176121922044751,-0.13057499999999944
TATN,1,2025-10-21 10:00:00,2025-10-21 14:00:00,604.0,603.2,4.173340230310632,662,-929.1831999999699,-0.11210844092426824,-1.4035999999999547
MTSS,1,2025-10-21 10:00:00,2025-10-21 13:00:00,209.7,210.0,1.1357804098180795,1907,171.91605000002167,0.02645757907095524,0.09015000000001136
MTSS,-1,2025-10-21 14:00:00,2025-10-22 08:00:00,210.25,208.9,1.2404746533947884,1902,2169.088349999989,0.3064485563057147,1.1404249999999942
TATN,-1,2025-10-21 15:00:00,2025-10-22 09:00:00,589.9,591.2,4.898429809998685,678,-1281.792900000046,-0.1286500690582571,-1.8905500000000681
SNGS,-1,2025-10-21 15:00:00,2025-10-22 08:00:00,20.365,20.395,0.11956951486323657,19641,-989.5135800000222,-0.1404482852718931,-0.05038000000000113
LKOH,1,2025-10-22 09:00:00,2025-10-22 13:00:00,6274.0,6217.5,43.89051690420291,63,-3952.98225,-0.4765323235005504,-62.74575
ROSN,1,2025-10-22 09:00:00,2025-10-22 12:00:00,412.35,411.05,2.8616791709240217,970,-1660.3490000000113,-0.19938177293383924,-1.7117000000000115
GMKN,1,2025-10-22 09:00:00,2025-10-22 11:00:00,130.28,128.4,0.9629605708256435,3070,-6168.673799999986,-0.6955424970575155,-2.0093399999999955
NVTK,1,2025-10-22 09:00:00,2025-10-23 07:00:00,1123.6,1061.0,11.01789464957651,302,-19235.074599999974,-1.9269349854858775,-63.69229999999991
MTSS,1,2025-10-22 09:00:00,2025-10-23 07:00:00,209.05,205.4,1.4668353440131359,1913,-7378.871425000011,-0.8765412368296156,-3.857225000000006
SNGS,1,2025-10-22 09:00:00,2025-10-23 07:00:00,20.5,19.86,0.14407041696593692,19512,-12881.432160000011,-1.5274475123649414,-0.6601800000000005
TATN,1,2025-10-22 10:00:00,2025-10-23 07:00:00,590.8,566.8,5.958482241862057,559,-13739.549200000001,-1.3750033986461963,-24.5788
GMKN,-1,2025-10-22 12:00:00,2025-10-23 12:00:00,128.2,127.36,1.0184272500378795,3120,2222.1263999999665,0.23311107068063322,0.7122199999999892
ROSN,-1,2025-10-22 13:00:00,2025-10-23 15:00:00,408.4,385.95,3.0492950541639146,979,21589.71567499999,2.410701993770234,22.052824999999988
LKOH,-1,2025-10-22 14:00:00,2025-10-24 10:00:00,6261.5,5717.0,49.215732642857546,63,33926.17725,3.6472805278737197,538.51075
PLZL,1,2025-10-22 14:00:00,2025-10-23 08:00:00,2060.4,2055.0,23.46715599968518,142,-1058.9934000000128,-0.10593102973506373,-7.457700000000091
SBER,-1,2025-10-23 08:00:00,2025-10-23 12:00:00,287.25,287.63,1.7491025557848603,1392,-929.0764799999937,-0.1271966582314934,-0.6674399999999955
TATN,-1,2025-10-23 08:00:00,2025-10-24 10:00:00,573.6,562.0,6.306332833293157,528,5825.001600000012,0.583128118545509,11.032200000000023
NVTK,-1,2025-10-23 08:00:00,2025-10-23 15:00:00,1071.2,1065.8,12.0692001368257,276,1195.4940000000252,0.11962957917384441,4.331500000000091
MTSS,-1,2025-10-23 08:00:00,2025-10-23 13:00:00,205.75,204.2,1.3698302333190095,1944,2614.728600000022,0.3272972487841561,1.3450250000000115
SNGS,-1,2025-10-23 08:00:00,2025-10-23 12:00:00,19.94,20.04,0.149032909477948,20060,-2406.9993999999574,-0.26837472882178526,-0.11998999999999788
PLZL,-1,2025-10-23 09:00:00,2025-10-23 15:00:00,2032.4,2032.8,23.654613767883394,140,-340.5639999999809,-0.034279429570207576,-2.4325999999998635
GMKN,1,2025-10-23 13:00:00,2025-10-24 10:00:00,127.46,126.92,0.9767543457092104,3138,-2093.642219999975,-0.22768945707140345,-0.6671899999999921
MTSS,1,2025-10-23 14:00:00,2025-10-24 08:00:00,205.2,204.15,1.4252977472524588,1949,-2445.3615749999667,-0.2934299172269128,-1.2546749999999829
SBER,-1,2025-10-24 09:00:00,2025-10-24 10:00:00,289.38,288.35,2.025003468903257,1382,1024.2485699999622,0.12199732187806603,0.7411349999999727
MTSS,-1,2025-10-24 09:00:00,2025-10-24 10:00:00,203.85,203.55,1.3528732548749864,1962,188.94059999996657,0.02372727813512771,0.09629999999998295
SBER,1,2025-10-24 11:00:00,2025-10-24 11:00:00,287.49,287.49,2.3940591134931126,1391,-399.89859,-0.040028251374368454,-0.28749
ROSN,-1,2025-10-24 11:00:00,2025-10-27 14:00:00,386.2,371.7,3.5325203254171953,943,13316.15015,1.3324811276523263,14.12105
GMKN,-1,2025-10-24 11:00:00,2025-10-28 07:00:00,126.5,121.0,0.9670732687773885,3162,16999.7025,1.8530998541599173,5.37625
NVTK,-1,2025-10-24 11:00:00,2025-10-27 15:00:00,1047.8,1033.0,12.711320702798597,262,3605.015199999988,0.3608227217745769,13.759599999999955
MTSS,1,2025-10-24 11:00:00,2025-10-24 11:00:00,202.75,202.75,1.6596203064993518,1972,-399.82300000000004,-0.040722165828331734,-0.20275
SNGS,-1,2025-10-24 11:00:00,2025-10-27 15:00:00,20.06,19.74,0.1867524254161883,17848,5356.184800000005,0.5356467693011404,0.3001000000000003
SBER,-1,2025-10-24 12:00:00,2025-10-27 14:00:00,288.02,283.2,2.4209120339578893,1376,6239.320639999991,0.6243363295039998,4.534389999999993
LKOH,-1,2025-10-24 12:00:00,2025-10-28 08:00:00,5685.0,5348.5,52.90225105232313,63,20851.94475,2.0855019929280516,330.98325
PLZL,-1,2025-10-24 12:00:00,2025-10-28 07:00:00,2045.0,1985.0,24.015402879502336,138,8001.93,0.8048306926314562,57.985
MTSS,-1,2025-10-24 12:00:00,2025-10-27 13:00:00,201.8,198.2,1.644647427463683,1982,6738.800000000045,0.689104129193895,3.4000000000000226
GAZP,-1,2025-10-24 13:00:00,2025-10-24 13:00:00,117.45,117.45,0.805542980963836,3405,-399.91725,-0.04860075864996904,-0.11745
GAZP,1,2025-10-24 14:00:00,2025-10-24 14:00:00,116.68,116.68,0.9615756251807056,3428,-399.97904,-0.04044750336306023,-0.11668
GAZP,-1,2025-10-24 15:00:00,2025-10-28 09:00:00,116.96,115.76,1.0086059376677974,3304,3580.346559999962,0.3581312778790141,1.0836399999999886
TATN,-1,2025-10-27 08:00:00,2025-10-28 12:00:00,540.8,519.3,6.0328753698044055,552,11575.412400000001,1.1586487213575505,20.96995
SBER,1,2025-10-27 15:00:00,2025-10-28 13:00:00,284.75,288.2,2.0866809314610184,1404,4441.589099999984,0.5053519766412017,3.1635249999999884
PLZL,-1,2025-10-28 11:00:00,2025-10-29 07:00:00,1981.4,2002.6,22.24964386458471,149,-3455.607999999973,-0.34745125421857626,-23.19199999999982
MTSS,-1,2025-10-28 11:00:00,2025-10-29 07:00:00,200.4,200.1,1.486025248479497,1996,199.10100000002268,0.022375124537100048,0.09975000000001136
SBER,-1,2025-10-28 14:00:00,2025-10-28 14:00:00,289.15,290.0,1.8624842063997888,1383,-1576.0322250000313,-0.20395251247129392,-1.1395750000000227
ROSN,-1,2025-10-28 14:00:00,2025-10-29 07:00:00,376.6,375.0,3.928929919282871,848,1038.1216000000193,0.103862037514061,1.2242000000000228
GMKN,-1,2025-10-28 14:00:00,2025-10-29 07:00:00,122.1,122.68,1.081251856685958,3082,-2164.7659800000383,-0.21653604435659765,-0.7023900000000125
SNGS,-1,2025-10-28 14:00:00,2025-10-29 07:00:00,19.82,19.865,0.14638879376711258,20181,-1308.5864924999628,-0.14764905229734768,-0.06484249999999815
SBER,1,2025-10-29 08:00:00,2025-10-29 12:00:00,290.12,289.49,1.8164787906196551,1378,-1267.4912899999938,-0.16878901545669805,-0.9198049999999955
GAZP,-1,2025-10-29 08:00:00,2025-10-29 10:00:00,116.95,116.52,0.8347117688694746,3420,1071.366300000023,0.12509907079433732,0.3132650000000068
LKOH,-1,2025-10-29 08:00:00,2025-10-29 08:00:00,5474.0,5474.0,61.68323378943927,54,-295.596,-0.029581242009705824,-5.474
ROSN,1,2025-10-29 08:00:00,2025-10-29 13:00:00,377.35,377.85,3.8268801139447763,871,106.61039999999996,0.010661426223238292,0.12239999999999995
GMKN,1,2025-10-29 08:00:00,2025-10-30 10:00:00,123.38,125.5,1.05635216076496,3155,6295.991800000014,0.6297016197562105,1.9955600000000047
NVTK,-1,2025-10-29 08:00:00,2025-10-29 08:00:00,1067.0,1067.0,10.435528396677794,319,-340.373,-0.03408228631526651,-1.067
PLZL,1,2025-10-29 08:00:00,2025-10-30 08:00:00,2007.8,2052.0,20.018600621920427,166,7000.2366000000075,0.7021819489524102,42.17010000000005
MTSS,1,2025-10-29 08:00:00,2025-10-29 15:00:00,201.1,201.3,1.638628946536424,1989,-2.3867999999660614,-0.00024410651407067704,-0.001199999999982937
SNGS,1,2025-10-29 08:00:00,2025-10-29 13:00:00,19.995,19.98,0.14566187314371234,20005,-699.9249375000114,-0.08006556381774509,-0.034987500000000574
LKOH,1,2025-10-29 09:00:00,2025-10-29 13:00:00,5452.0,5414.5,61.45585994733647,54,-2318.3955,-0.23286767682686352,-42.93325
NVTK,1,2025-10-29 09:00:00,2025-10-30 08:00:00,1067.0,1054.8,10.41870493977224,319,-4230.227100000015,-0.42426578212480276,-13.260900000000046
GAZP,1,2025-10-29 11:00:00,2025-10-29 14:00:00,116.99,116.82,0.7857404359352164,3419,-980.928195000006,-0.12171322185572948,-0.28690500000000174
SBER,-1,2025-10-29 13:00:00,2025-10-29 15:00:00,289.39,289.51,1.6302965460922927,1382,-565.8599000000063,-0.08371687571839363,-0.40945000000000453
LKOH,-1,2025-10-29 14:00:00,2025-10-30 07:00:00,5380.0,5434.0,55.436695103651765,60,-3564.4199999999996,-0.3572062385087761,-59.407
ROSN,-1,2025-10-29 14:00:00,2025-10-29 14:00:00,377.05,377.05,3.3111918152605497,1006,-379.3123,-0.03795712853422949,-0.37705
SNGS,-1,2025-10-29 14:00:00,2025-10-30 07:00:00,19.85,19.945,0.13429870183859016,20151,-2315.2995224999772,-0.2851789789650907,-0.11489749999999886
GAZP,-1,2025-10-29 15:00:00,2025-10-30 09:00:00,116.4,116.17,0.7469026601089565,3436,390.7247400000137,0.05074958495190234,0.11371500000000398
ROSN,1,2025-10-29 15:00:00,2025-10-31 07:00:00,379.55,387.35,3.4961066855990803,953,7067.972150000011,0.7071246834418935,7.4165500000000115
SBER,1,2025-10-30 07:00:00,2025-10-31 07:00:00,292.25,296.1,1.5554342244040693,1368,4864.368600000031,0.7620219366422387,3.5558250000000227
TATN,-1,2025-10-30 07:00:00,2025-10-30 11:00:00,535.8,534.2,5.781176095732174,576,613.4399999999475,0.061406190387807175,1.064999999999909
MTSS,-1,2025-10-30 07:00:00,2025-10-30 07:00:00,202.3,202.3,1.3683125363003283,1977,-399.94710000000003,-0.0492821132192949,-0.2023
LKOH,1,2025-10-30 08:00:00,2025-11-05 07:00:00,5449.0,5519.0,59.00179269049669,56,3612.896,0.36448610038245766,64.516
MTSS,1,2025-10-30 08:00:00,2025-10-30 08:00:00,200.95,200.85,1.3955759265645906,1990,-598.7909999999886,-0.07186997001797019,-0.3008999999999943
SNGS,1,2025-10-30 08:00:00,2025-10-31 07:00:00,19.84,19.97,0.14166335566303984,20161,2219.62529499998,0.25905311335857084,0.110094999999999
NVTK,-1,2025-10-30 09:00:00,2025-11-03 07:00:00,1052.4,1064.6,9.438998116964244,353,-4680.2504999999355,-0.4682170655439574,-13.258499999999819
GAZP,1,2025-10-30 10:00:00,2025-10-31 09:00:00,116.74,117.36,0.6992416408624509,3426,1723.1067000000157,0.23975974856591853,0.5029500000000046
TATN,1,2025-10-30 12:00:00,2025-10-31 10:00:00,537.1,546.0,5.092304761618456,654,5466.426299999985,0.547129468958666,8.358449999999976
GMKN,1,2025-10-30 13:00:00,2025-10-31 14:00:00,126.02,125.14,0.8482375164833545,3174,-3191.7109199999854,-0.39516447553862644,-1.0055799999999955
PLZL,1,2025-10-30 13:00:00,2025-10-31 11:00:00,2071.4,2096.0,17.435493807787804,191,4300.613299999983,0.4304686415007586,22.51629999999991
MTSS,-1,2025-10-30 13:00:00,2025-10-31 07:00:00,202.65,204.55,1.37127149867233,1973,-4150.402800000012,-0.5113502327430465,-2.103600000000006
ROSN,-1,2025-10-31 08:00:00,2025-11-01 08:00:00,384.45,384.15,3.203604288924389,1040,-87.67199999998815,-0.008771370452070028,-0.0842999999999886
MTSS,1,2025-10-31 08:00:00,2025-10-31 11:00:00,203.95,202.0,1.2502443063718347,1961,-4221.983974999977,-0.5740144783509944,-2.1529749999999885
SNGS,-1,2025-10-31 08:00:00,2025-11-01 08:00:00,19.915,19.855,0.11793905054935598,20085,805.7097749999743,0.11337777101292137,0.04011499999999872
GAZP,-1,2025-10-31 10:00:00,2025-11-01 10:00:00,117.05,116.27,0.682547456962933,3417,2266.632780000004,0.323953054220143,0.6633400000000012
MTSS,-1,2025-10-31 12:00:00,2025-11-01 15:00:00,202.45,202.9,1.230303197477249,1975,-1289.0331250000338,-0.1768331040506478,-0.6526750000000171
GMKN,-1,2025-10-31 15:00:00,2025-11-01 13:00:00,125.34,124.76,0.6910451432806024,3191,1451.7454499999947,0.21945020737729312,0.4549499999999983
PLZL,1,2025-10-31 15:00:00,2025-11-01 07:00:00,2095.4,2062.0,17.507271385731386,190,-6740.953000000017,-0.6755040847183,-35.47870000000009
SBER,1,2025-11-01 08:00:00,2025-11-01 11:00:00,294.19,293.5,1.3610552928846935,1359,-1337.045354999997,-0.2409515139081979,-0.9838449999999977
PLZL,-1,2025-11-01 08:00:00,2025-11-03 07:00:00,2064.6,2095.0,16.839432980554108,193,-6268.601400000018,-0.6429313868526574,-32.47980000000009
ROSN,1,2025-11-01 09:00:00,2025-11-03 13:00:00,384.9,390.9,2.61679354652721,1039,5830.9719,0.7148825334282243,5.6121
SNGS,1,2025-11-01 09:00:00,2025-11-03 15:00:00,19.86,19.95,0.09858510594954194,20140,1411.713299999997,0.2370033462454124,0.07009499999999985
TATN,1,2025-11-01 11:00:00,2025-11-05 07:00:00,535.3,546.5,4.154566032449132,747,7962.347700000034,0.8552116648483793,10.659100000000045
SBER,-1,2025-11-01 12:00:00,2025-11-01 15:00:00,292.87,293.47,1.2079224859454307,1365,-1219.1770500000312,-0.24647552868453756,-0.8931700000000228
GMKN,1,2025-11-01 14:00:00,2025-11-05 07:00:00,124.68,125.78,0.5517706835277102,3208,3127.0621599999818,0.5888738619746071,0.9747699999999944
GAZP,-1,2025-11-01 15:00:00,2025-11-03 07:00:00,116.21,116.61,0.46109887215188033,3442,-1777.4832200000196,-0.37331834247030826,-0.5164100000000057
SBER,1,2025-11-03 07:00:00,2025-11-03 15:00:00,296.9,298.08,1.071388330932095,1347,1188.7409700000092,0.27456897887256043,0.8825100000000068
MTSS,1,2025-11-03 07:00:00,2025-11-03 14:00:00,205.1,205.1,0.859335343371154,1950,-399.945,-0.07955761065111754,-0.2051
GAZP,1,2025-11-03 08:00:00,2025-11-05 07:00:00,116.6,117.38,0.4416617826207536,3430,2274.1243000000036,0.5003904390865191,0.6630100000000011
NVTK,1,2025-11-03 08:00:00,2025-11-05 13:00:00,1064.8,1063.0,5.404752681389609,375,-1073.962499999983,-0.17662849525389823,-2.863899999999955
PLZL,1,2025-11-03 08:00:00,2025-11-05 13:00:00,2098.6,2113.0,12.97410821343025,190,2335.8980000000174,0.3158649981371784,12.29420000000009
ROSN,1,2025-11-05 07:00:00,2025-11-05 13:00:00,391.2,390.8,2.235874045801419,1022,-808.4019999999767,-0.11792554556540383,-0.7909999999999773
SBER,1,2025-11-05 11:00:00,2025-11-05 14:00:00,298.36,296.15,1.1701164861823345,1340,-3359.7217000000487,-0.7142465528311913,-2.507255000000036
MTSS,1,2025-11-05 11:00:00,2025-11-06 07:00:00,205.9,204.85,0.8793066675388076,1942,-2437.9382500000224,-0.47589578105282454,-1.2553750000000115
GAZP,1,2025-11-05 14:00:00,2025-11-06 07:00:00,117.42,116.59,0.468192436687988,3406,-3225.4990299999945,-0.6742277503805555,-0.9470049999999983
ROSN,-1,2025-11-05 14:00:00,2025-11-06 12:00:00,388.25,389.15,2.2623346864821956,1030,-1327.3609999999767,-0.18987759381199754,-1.2886999999999773
NVTK,-1,2025-11-05 14:00:00,2025-11-06 12:00:00,1060.0,1052.8,5.849444751689113,377,2316.137200000017,0.35009590715004707,6.1436000000000455
PLZL,-1,2025-11-05 14:00:00,2025-11-06 12:00:00,2105.2,2083.6,11.528260863415719,190,3706.0639999999826,0.5639937145506431,19.50559999999991
SBER,-1,2025-11-05 15:00:00,2025-11-06 15:00:00,294.15,293.6,1.350349775141965,1359,348.0738749999382,0.06322435977079287,0.25612499999995453
GAZP,-1,2025-11-06 08:00:00,2025-11-06 13:00:00,116.67,116.65,0.4426125303948652,3428,-331.35048000001365,-0.0727950471064547,-0.09666000000000398
MTSS,-1,2025-11-06 08:00:00,2025-11-06 15:00:00,203.05,201.95,0.9840285691756199,1969,1767.1775000000448,0.30402233841371523,0.8975000000000227
LKOH,1,2025-11-06 11:00:00,2025-11-06 11:00:00,5455.0,5455.0,30.753968885754308,73,-398.21500000000003,-0.059125160075700414,-5.455
GMKN,1,2025-11-06 12:00:00,2025-11-08 09:00:00,124.38,126.62,0.6099576301570171,3215,6798.1175000000285,1.1555447435781663,2.114500000000009
SNGS,1,2025-11-06 12:00:00,2025-11-07 13:00:00,19.76,20.015,0.08814815654566965,20242,4759.14722499998,0.8890807976537659,0.235112499999999
ROSN,1,2025-11-06 13:00:00,2025-11-07 12:00:00,389.45,394.05,2.2747463615473724,1027,4321.872750000023,0.6166621579057286,4.208250000000023
TATN,1,2025-11-06 13:00:00,2025-11-06 13:00:00,541.8,541.8,3.460966354702911,738,-399.84839999999997,-0.05218195772247045,-0.5418
GAZP,1,2025-11-06 14:00:00,2025-11-06 14:00:00,116.44,116.44,0.4467935295379046,3435,-399.9714,-0.08687084921188531,-0.11644
LKOH,-1,2025-11-06 14:00:00,2025-11-08 07:00:00,5432.0,5325.5,30.96992333892209,73,7381.851250000001,1.088381232476971,101.12125
GAZP,-1,2025-11-06 15:00:00,2025-11-06 15:00:00,116.69,116.69,0.4491654202851964,3427,-399.89663,-0.0865976428950593,-0.11669
GAZP,1,2025-11-07 07:00:00,2025-11-08 13:00:00,117.01,120.6,0.4392250331219682,3418,11864.544509999963,2.6343330018685243,3.471194999999989
MTSS,1,2025-11-07 07:00:00,2025-11-08 07:00:00,203.0,205.75,1.2456559732532873,1970,5014.881249999999,0.681200656430463,2.545625
NVTK,-1,2025-11-07 13:00:00,2025-11-09 15:00:00,1076.4,1081.4,6.130028177946488,371,-2255.2719,-0.33055312980287066,-6.0789
SBER,-1,2025-11-07 14:00:00,2025-11-08 07:00:00,296.45,297.27,1.251661708376085,1349,-1506.644139999991,-0.2974339345650127,-1.1168599999999933
TATN,-1,2025-11-07 15:00:00,2025-11-07 15:00:00,559.0,559.0,3.5458673794199274,715,-399.68500000000006,-0.052549436680797645,-0.559
PLZL,-1,2025-11-08 07:00:00,2025-11-09 07:00:00,2086.6,2084.0,10.36713724258413,191,98.3076999999826,0.01654908801263938,0.5146999999999089
SBER,1,2025-11-08 08:00:00,2025-11-09 08:00:00,297.39,297.78,1.2290163168011177,1345,124.29817499998167,0.02506476080006381,0.09241499999998637
MTSS,-1,2025-11-08 08:00:00,2025-11-09 07:00:00,205.25,205.85,1.1221113829380804,1948,-1569.211399999989,-0.2392959119295218,-0.8055499999999943
GMKN,1,2025-11-09 08:00:00,2025-11-10 07:00:00,126.44,126.98,0.4127858436357142,3163,1307.2362700000199,0.3337404503021483,0.41329000000000626
PLZL,1,2025-11-09 08:00:00,2025-11-11 15:00:00,2086.2,2155.4,7.173676368330949,191,12812.127200000052,3.1169141434987413,67.07920000000027
MTSS,1,2025-11-09 08:00:00,2025-11-10 10:00:00,205.75,208.0,0.7581044105462628,1944,3971.8349999999996,0.8983481129940037,2.043125
TATN,1,2025-11-09 11:00:00,2025-11-10 07:00:00,561.6,562.5,2.1387669919919166,712,240.62039999998385,0.05267053420114602,0.3379499999999773
SNGS,1,2025-11-09 11:00:00,2025-11-10 11:00:00,20.155,20.305,0.0536159083503325,19846,2575.4154199999716,0.8067879104839959,0.12976999999999858
ROSN,1,2025-11-10 07:00:00,2025-11-10 07:00:00,397.4,394.6043964680856,0.9318678439714465,1006,-3210.7553645292996,-1.1416517734769422,-3.1916057301484093
NVTK,1,2025-11-10 07:00:00,2025-11-10 09:00:00,1086.4,1078.6,2.8229728022965594,368,-3268.7600000000666,-1.0488352317545113,-8.882500000000181
SBER,1,2025-11-10 08:00:00,2025-11-10 13:00:00,302.46,301.35,0.8309948965246411,1322,-1866.538409999943,-0.5663512519369969,-1.4119049999999569
GAZP,1,2025-11-10 08:00:00,2025-11-10 14:00:00,121.48,122.0,0.3532105708274235,3292,1311.071919999987,0.375847566006722,0.398259999999996
TATN,-1,2025-11-10 08:00:00,2025-11-10 12:00:00,560.5,559.5,2.117209223230954,713,313.71999999999997,0.06927358196694747,0.43999999999999995
GMKN,-1,2025-11-10 08:00:00,2025-11-10 12:00:00,126.54,126.08,0.37426893273900125,3161,1054.794090000025,0.29719271430303185,0.3336900000000079
NVTK,-1,2025-11-10 10:00:00,2025-11-10 15:00:00,1078.8,1078.2,3.696090104462671,370,-177.04500000003367,-0.0431537098642291,-0.47850000000009096
ROSN,-1,2025-11-10 11:00:00,2025-11-11 11:00:00,393.45,388.6,1.199348643577375,1016,4530.318599999965,1.2392768424422698,4.458974999999966
MTSS,-1,2025-11-10 11:00:00,2025-11-11 11:00:00,206.7,204.35,0.896369831920047,1935,4149.559124999989,0.7974665975413572,2.144474999999994
LKOH,-1,2025-11-10 12:00:00,2025-11-11 11:00:00,5299.0,5129.0,18.64390329563414,75,12358.95,2.9461999344058696,164.786
SNGS,-1,2025-11-10 12:00:00,2025-11-11 10:00:00,20.275,20.115,0.06433102649653062,19728,2758.073040000003,0.7244042137145122,0.13980500000000015
TATN,1,2025-11-10 13:00:00,2025-11-10 13:00:00,558.4,558.4,2.6610823691785686,716,-399.8144,-0.069946475723256,-0.5584
GMKN,1,2025-11-10 13:00:00,2025-11-10 13:00:00,125.92,125.92,0.451829622410793,3176,-399.92192,-0.09289637343691502,-0.12592
TATN,-1,2025-11-10 14:00:00,2025-11-11 11:00:00,558.6,553.2,2.678147914237241,716,3468.3755999999835,0.6029166617034566,4.844099999999977
GMKN,-1,2025-11-10 14:00:00,2025-11-11 07:00:00,126.18,127.1,0.44669893509573716,3170,-3317.8487999999606,-0.7810182039615191,-1.0466399999999876
NVTK,1,2025-11-11 07:00:00,2025-11-11 15:00:00,1075.0,1088.8,4.439832544931236,372,4731.133199999983,0.9548483245176784,12.718099999999954
SBER,1,2025-11-11 08:00:00,2025-11-11 09:00:00,299.0,299.09,1.1183758359675986,1337,-279.4931650000334,-0.06230612681861789,-0.20904500000002496
GMKN,1,2025-11-11 08:00:00,2025-11-11 15:00:00,126.7,126.8,0.48827899431681326,3157,-84.44975000001796,-0.01826141769449763,-0.026750000000005686
SBER,-1,2025-11-11 10:00:00,2025-11-11 11:00:00,299.52,299.48,1.1428342667271643,1335,-346.43250000004855,-0.07568901503778833,-0.25950000000003637
SBER,1,2025-11-11 12:00:00,2025-11-12 10:00:00,301.15,300.57,1.2193315871269965,1328,-1169.7820799999788,-0.24080406273393243,-0.8808599999999841
GAZP,1,2025-11-11 12:00:00,2025-11-12 10:00:00,119.7,121.16,0.5893849028351662,3341,4475.5033699999785,0.7576090449303733,1.3395699999999937
GMKN,-1,2025-11-12 07:00:00,2025-11-12 14:00:00,126.66,124.42,0.6253558809174484,3158,6677.464679999984,1.1270702355368747,2.114459999999995
LKOH,-1,2025-11-12 08:00:00,2025-11-13 09:00:00,5090.5,4927.5,30.836463704244675,78,12323.297999999999,1.7078374216890977,157.99099999999999
SNGS,-1,2025-11-12 08:00:00,2025-11-12 12:00:00,20.165,20.13,0.07722865641902922,19836,294.6141900000028,0.06410616943108555,0.01485250000000014
SBER,-1,2025-11-12 11:00:00,2025-11-13 07:00:00,299.28,299.49,1.200395393286599,1336,-680.5383600000487,-0.1414492266045151,-0.5093850000000364
GAZP,-1,2025-11-12 11:00:00,2025-11-14 07:00:00,120.72,119.28,0.6234140607058706,3313,4373.159999999992,0.7057909465529252,1.3199999999999976
ROSN,-1,2025-11-12 11:00:00,2025-11-13 07:00:00,383.65,384.5,1.9405903632596964,1042,-1285.9061500000237,-0.2119758714262416,-1.2340750000000227
TATN,-1,2025-11-12 11:00:00,2025-11-13 12:00:00,551.4,548.2,3.4184080313749745,725,1921.3949999999506,0.25842438699298587,2.650199999999932
MTSS,-1,2025-11-12 13:00:00,2025-11-13 07:00:00,204.65,205.4,1.0118906407438193,1954,-1866.11885,-0.31460086085257244,-0.955025
SNGS,1,2025-11-12 13:00:00,2025-11-12 14:00:00,20.685,20.321143043851944,0.12128565204935159,19337,-7432.369855054425,-1.0563492635649478,-0.3843600276699811
NVTK,1,2025-11-13 07:00:00,2025-11-14 07:00:00,1078.8,1088.2,5.640153095152109,370,3077.105000000033,0.4915055708415897,8.31650000000009
PLZL,1,2025-11-13 07:00:00,2025-11-14 07:00:00,2164.0,2175.6,11.26558887667151,184,1735.1567999999831,0.2790266922050778,9.430199999999909
SBER,1,2025-11-13 08:00:00,2025-11-13 11:00:00,299.1,299.58,1.1939027382131253,1337,241.54241999994827,0.050439619637790915,0.1806599999999613
ROSN,1,2025-11-13 08:00:00,2025-11-13 10:00:00,383.6,382.65,2.039138710631724,1042,-1389.1162500000473,-0.21792288954307967,-1.3331250000000454
GMKN,-1,2025-11-13 08:00:00,2025-11-13 08:00:00,124.84,124.84,0.7694882513131894,3204,-399.98736,-0.05407923157022483,-0.12484
MTSS,1,2025-11-13 08:00:00,2025-11-13 08:00:00,203.9,203.9,1.044738093249797,1961,-399.8479,-0.06505617733842488,-0.2039
GMKN,1,2025-11-13 09:00:00,2025-11-13 11:00:00,125.8,125.98,0.8088105190765326,3179,172.0156900000217,0.022300237498471813,0.05411000000000682
MTSS,-1,2025-11-13 09:00:00,2025-11-13 09:00:00,204.65,204.65,1.1665425151605258,1954,-399.8861,-0.05847765150443702,-0.20465
MTSS,1,2025-11-13 10:00:00,2025-11-14 14:00:00,205.55,204.1,1.218932335506203,1945,-3218.6346250000333,-0.45253400641329694,-1.654825000000017
SBER,-1,2025-11-13 12:00:00,2025-11-14 15:00:00,299.27,296.37,1.2305593009710818,1336,3476.51247999997,0.7048773128193272,2.6021799999999775
ROSN,-1,2025-11-13 12:00:00,2025-11-14 07:00:00,381.65,384.55,2.1174417095572937,1048,-3440.688800000036,-0.5168343769404089,-3.2831000000000343
GMKN,-1,2025-11-13 12:00:00,2025-11-15 07:00:00,125.26,123.9,0.8366387428612031,3193,3944.6960599999984,0.4922156309165621,1.2354199999999995
SNGS,-1,2025-11-13 12:00:00,2025-11-13 12:00:00,20.61,20.61,0.14987618276061598,19408,-399.99888,-0.045837836762715294,-0.02061
TATN,1,2025-11-13 13:00:00,2025-11-14 08:00:00,550.8,546.4,3.223230552041412,726,-3592.683599999983,-0.5117639916538407,-4.948599999999977
ROSN,1,2025-11-14 08:00:00,2025-11-14 13:00:00,384.4,382.3,2.1301566770293907,1040,-2582.6839999999647,-0.388602088409622,-2.483349999999966
NVTK,-1,2025-11-14 08:00:00,2025-11-15 07:00:00,1084.2,1079.0,5.925903103753863,368,1515.5712000000167,0.23166089218205269,4.118400000000046
TATN,-1,2025-11-14 09:00:00,2025-11-14 12:00:00,543.7,545.3,3.1177510511972604,735,-1576.2074999999334,-0.2292785156976523,-2.1444999999999093
GAZP,-1,2025-11-14 11:00:00,2025-11-16 13:00:00,119.01,117.99,0.5651795430688756,3361,3029.941500000034,0.5316894492824609,0.9015000000000102
TATN,1,2025-11-14 13:00:00,2025-11-16 07:00:00,548.0,547.0,3.268242080727948,729,-1128.1274999999998,-0.15783204566610307,-1.5474999999999999
ROSN,-1,2025-11-14 14:00:00,2025-11-15 07:00:00,380.95,383.15,2.1899373042502903,1050,-2711.152499999988,-0.3930173396575745,-2.5820499999999886
PLZL,1,2025-11-14 15:00:00,2025-11-17 07:00:00,2145.8,2138.8,15.691921302263848,186,-1700.4678000000001,-0.19420396487036198,-9.1423
MTSS,-1,2025-11-14 15:00:00,2025-11-15 12:00:00,204.05,204.3,0.9405182457188462,1960,-890.183,-0.16096621980040024,-0.454175
ROSN,1,2025-11-15 08:00:00,2025-11-17 07:00:00,382.3,379.25,2.151910443672701,1046,-3588.590650000012,-0.5314308827438394,-3.4307750000000112
SNGS,1,2025-11-15 08:00:00,2025-11-17 07:00:00,20.595,20.435,0.12603177251321324,19422,-3505.962330000003,-0.47743251933045927,-0.18051500000000015
LKOH,-1,2025-11-15 10:00:00,2025-11-15 10:00:00,5080.0,5080.0,43.292177508260174,76,-386.08,-0.039114071659025335,-5.08
MTSS,1,2025-11-15 13:00:00,2025-11-16 07:00:00,204.3,204.0,0.7539408374120596,1957,-986.6215500000224,-0.22289547357169825,-0.5041500000000114
SBER,-1,2025-11-16 07:00:00,2025-11-16 13:00:00,297.09,297.04,0.7693252955707512,1346,-332.54949000006127,-0.10704834544523484,-0.2470650000000455
TATN,-1,2025-11-16 08:00:00,2025-11-17 08:00:00,544.7,544.7,2.267205657957563,734,-399.80980000000005,-0.08008389800430943,-0.5447000000000001
MTSS,-1,2025-11-16 08:00:00,2025-11-17 12:00:00,203.75,203.15,0.6394237884560012,1963,778.4276499999888,0.20672257698217772,0.3965499999999943
NVTK,-1,2025-11-16 10:00:00,2025-11-16 15:00:00,1073.2,1069.6,3.4322579307164616,372,940.6392000000507,0.24557206471099016,2.5286000000001363
SBER,-1,2025-11-17 08:00:00,2025-11-17 09:00:00,294.36,296.24637230999093,0.6287907699969791,1358,-2962.7153237661505,-1.1565455475522721,-2.1816754961459135
GAZP,-1,2025-11-17 08:00:00,2025-11-17 11:00:00,117.61,117.7,0.3630370479545311,3401,-706.2346550000117,-0.19066465453962095,-0.20765500000000342
ROSN,-1,2025-11-17 08:00:00,2025-11-17 09:00:00,381.35,382.5,1.2024948255344412,1048,-1605.4573999999761,-0.42465186196515037,-1.5319249999999773
GMKN,-1,2025-11-17 08:00:00,2025-11-17 09:00:00,123.28,123.74,0.39129590131425784,3244,-1892.9064399999797,-0.49707480369727053,-0.5835099999999938
NVTK,-1,2025-11-17 08:00:00,2025-11-18 07:00:00,1058.8,1050.2,3.6395329626263515,377,2844.653499999966,0.6910685223885561,7.545499999999909
PLZL,-1,2025-11-17 08:00:00,2025-11-18 07:00:00,2147.0,2091.2,8.488272756087955,186,9984.647400000033,2.108041747421433,53.68090000000018
SNGS,-1,2025-11-17 08:00:00,2025-11-17 09:00:00,20.505,20.55,0.05594168812282391,19507,-1278.2449425000334,-0.39045121327128757,-0.06552750000000171
TATN,1,2025-11-17 09:00:00,2025-11-18 13:00:00,545.9,562.9,2.301290099119336,732,12038.179199999999,2.3820841486974986,16.4456
ROSN,1,2025-11-17 10:00:00,2025-11-17 14:00:00,383.55,379.85859756864306,1.2304674771189832,1042,-4244.177212807203,-1.1034035995484803,-4.07310673014127
GMKN,1,2025-11-17 10:00:00,2025-11-17 13:00:00,124.22,123.08,0.4176990169495384,3220,-4068.953000000002,-1.0084214938852811,-1.2636500000000006
SNGS,1,2025-11-17 10:00:00,2025-11-18 07:00:00,20.76,20.64,0.07644972088141463,19267,-2710.866900000019,-0.6134750978718353,-0.140700000000001
LKOH,1,2025-11-17 11:00:00,2025-11-17 11:00:00,4931.5,4931.5,27.760176428433002,81,-399.4515,-0.05921552183110977,-4.9315
GAZP,1,2025-11-17 12:00:00,2025-11-18 07:00:00,118.5,118.16,0.44189299059322623,3375,-1546.8637500000116,-0.3457322698456257,-0.4583300000000034
MTSS,1,2025-11-17 13:00:00,2025-11-18 07:00:00,203.15,203.35,0.5563166396896465,1968,-6.396000000022401,-0.0019473322493849703,-0.0032500000000113827
GMKN,-1,2025-11-17 14:00:00,2025-11-18 07:00:00,123.28,123.0,0.4578920664071154,3244,508.8538400000037,0.11418993798459606,0.15686000000000114
SBER,1,2025-11-18 08:00:00,2025-11-19 08:00:00,297.37,301.6,1.1886316350597135,1345,5286.542675000025,1.102252058604223,3.9305150000000184
GAZP,-1,2025-11-18 08:00:00,2025-11-18 10:00:00,118.36,118.55,0.566201497434719,3379,-1042.2694449999922,-0.18159318511019507,-0.3084549999999977
ROSN,-1,2025-11-18 08:00:00,2025-11-18 08:00:00,385.25,385.25,2.0107471103128054,1038,-399.8895,-0.06386515042495289,-0.38525
GMKN,1,2025-11-18 08:00:00,2025-11-19 08:00:00,124.86,128.8,0.6804259729943262,3203,12213.583510000039,1.868030788232814,3.813170000000012
MTSS,-1,2025-11-18 08:00:00,2025-11-18 08:00:00,204.5,204.5,0.7631796529096201,1955,-399.7975,-0.08931929252408849,-0.20450000000000002
SNGS,-1,2025-11-18 08:00:00,2025-11-18 08:00:00,20.905,20.905,0.12854185907123125,19134,-399.99627,-0.05421061577670075,-0.020905
ROSN,1,2025-11-18 09:00:00,2025-11-19 10:00:00,388.9,385.55,2.438550888147605,1028,-3841.867299999965,-0.510853258269692,-3.737224999999966
MTSS,1,2025-11-18 09:00:00,2025-11-20 07:00:00,206.55,209.3,0.9622382491303604,1936,4921.4572,0.8806117758249044,2.542075
SNGS,1,2025-11-18 09:00:00,2025-11-20 07:00:00,21.17,21.9,0.15757458342328617,18894,13385.737709999941,1.4986871287841226,0.7084649999999969
GAZP,1,2025-11-18 11:00:00,2025-11-19 12:00:00,120.3,122.84,0.7417546245860341,3325,8041.279750000021,1.086805941767112,2.418430000000006
NVTK,-1,2025-11-18 14:00:00,2025-11-18 14:00:00,1080.8,1080.8,7.874354022075967,370,-399.896,-0.04575190112822578,-1.0808
PLZL,-1,2025-11-19 07:00:00,2025-11-19 11:00:00,2139.6,2141.4,17.054691893848556,186,-732.9330000000338,-0.07701692931045127,-3.9405000000001817
LKOH,-1,2025-11-19 09:00:00,2025-11-19 09:00:00,5076.0,5076.0,40.5154755485288,78,-395.92800000000005,-0.04176182007226718,-5.0760000000000005
GMKN,-1,2025-11-19 09:00:00,2025-11-19 11:00:00,127.42,127.3,0.8414968295850663,3139,-23.10303999998573,-0.0029154397819199534,-0.0073599999999954535
LKOH,1,2025-11-19 10:00:00,2025-11-20 11:00:00,5060.0,5383.0,39.87151300934817,79,25104.501500000002,2.6566879125412552,317.7785
ROSN,-1,2025-11-19 11:00:00,2025-11-19 11:00:00,387.45,387.45,2.5879656843148666,1032,-399.8484,-0.04990406201394087,-0.38745
SBER,1,2025-11-19 12:00:00,2025-11-20 07:00:00,303.12,305.48,1.6432644501310163,1319,2711.468300000018,0.41699516671142295,2.0557000000000136
ROSN,1,2025-11-19 12:00:00,2025-11-20 12:00:00,395.65,403.15,3.0959681354352333,1010,7171.606,0.7644996857611168,7.1006
TATN,1,2025-11-19 12:00:00,2025-11-20 12:00:00,581.2,600.7,6.493464320241817,513,9700.34265,0.9706708708660374,18.90905
GMKN,1,2025-11-19 12:00:00,2025-11-20 07:00:00,129.66,129.4,0.9906590869527666,3084,-1201.310519999972,-0.13106762461819632,-0.38952999999999094
NVTK,1,2025-11-19 12:00:00,2025-11-20 11:00:00,1107.0,1117.8,9.84937276175025,338,3274.4087999999842,0.32785844115276946,9.687599999999954
PLZL,1,2025-11-19 12:00:00,2025-11-20 07:00:00,2148.8,2147.6,16.517777781100722,186,-622.7652000000506,-0.06756760391483994,-3.3482000000002725
GAZP,1,2025-11-19 15:00:00,2025-11-20 10:00:00,124.54,124.13,1.055429322320101,3158,-1687.4299300000341,-0.1687575500319962,-0.5343350000000108
GMKN,-1,2025-11-20 08:00:00,2025-11-21 07:00:00,129.74,131.24,1.0101189317917272,3083,-5026.80067,-0.5380521536237559,-1.63049
PLZL,-1,2025-11-20 08:00:00,2025-11-20 13:00:00,2142.4,2147.2,17.225229937076506,186,-1291.7327999999493,-0.13439201344711552,-6.944799999999727
GAZP,-1,2025-11-20 11:00:00,2025-11-20 12:00:00,123.86,124.23,1.0727205914429208,3107,-1534.9978150000143,-0.1535177640667401,-0.49404500000000456
GAZP,1,2025-11-20 13:00:00,2025-11-21 13:00:00,124.8,126.83,1.0915294895604777,3053,5813.476805000004,0.5815036051741649,1.9041850000000011
PLZL,1,2025-11-20 14:00:00,2025-11-21 07:00:00,2158.0,2152.6,16.030404355241842,185,-1397.730500000017,-0.15710354383605127,-7.555300000000091
NVTK,1,2025-11-21 07:00:00,2025-11-21 11:00:00,1154.8,1142.4,9.447181496378995,346,-4687.815599999953,-0.47804734160457973,-13.548599999999864
SBER,1,2025-11-21 08:00:00,2025-11-24 09:00:00,306.98,304.78,1.842196011050954,1303,-3265.1616400000594,-0.4534226153582985,-2.5058800000000456
LKOH,1,2025-11-21 08:00:00,2025-11-21 12:00:00,5460.0,5465.0,58.015352034198,57,-26.36250000000002,-0.0026573426043470525,-0.46250000000000036
ROSN,1,2025-11-21 08:00:00,2025-11-25 09:00:00,410.45,407.6,3.8559745755837667,864,-2815.7975999999703,-0.28172946822456446,-3.2590249999999656
TATN,1,2025-11-21 08:00:00,2025-11-24 08:00:00,617.6,614.9,7.478971027623501,445,-1475.7312500000203,-0.14780330911616543,-3.3162500000000454
GMKN,1,2025-11-21 08:00:00,2025-11-24 08:00:00,132.34,132.46,1.0220797487024744,3022,-37.472799999986314,-0.004044041904341683,-0.01239999999999547
PLZL,-1,2025-11-21 08:00:00,2025-11-21 13:00:00,2148.0,2153.0,15.053352175097084,186,-1329.993,-0.1583368257299559,-7.1505
MTSS,1,2025-11-21 08:00:00,2025-11-21 13:00:00,212.0,209.95,1.3928358856965672,1886,-4264.198850000022,-0.5410962921567943,-2.2609750000000113
SNGS,1,2025-11-21 08:00:00,2025-11-24 12:00:00,21.92,21.88,0.2148780625664367,15512,-960.1928000000419,-0.09602345203086868,-0.0619000000000027
PLZL,1,2025-11-21 14:00:00,2025-11-24 07:00:00,2159.6,2154.0,13.255803273791107,185,-1435.0079999999832,-0.19505419223534526,-7.7567999999999095
MTSS,-1,2025-11-21 14:00:00,2025-11-25 07:00:00,208.2,209.7,1.4280086433749908,1921,-3282.89295,-0.3989121512974005,-1.70895
NVTK,1,2025-11-21 15:00:00,2025-11-24 10:00:00,1152.0,1150.2,11.176712126573124,298,-879.4277999999864,-0.08801336107254608,-2.9510999999999545
GAZP,1,2025-11-24 08:00:00,2025-11-24 11:00:00,129.05,128.18,1.058199766635724,3099,-3094.7078850000144,-0.31456410893469455,-0.9986150000000046
PLZL,-1,2025-11-24 08:00:00,2025-11-25 07:00:00,2153.4,2143.8,13.645480973950109,185,1378.5089999999832,0.18202363146756537,7.451399999999909
TATN,-1,2025-11-24 09:00:00,2025-11-25 07:00:00,610.9,604.6,8.234225993075764,404,2299.6689999999817,0.2304304822653892,5.692249999999954
GMKN,-1,2025-11-24 09:00:00,2025-11-25 07:00:00,130.46,130.42,1.1863879683116627,2809,-254.0459599999425,-0.025410462236532348,-0.09043999999997954
SBER,-1,2025-11-24 10:00:00,2025-11-25 07:00:00,304.92,305.92,1.865698389453285,1311,-1711.40562,-0.2332316962161881,-1.30542
GAZP,-1,2025-11-24 12:00:00,2025-11-25 09:00:00,126.24,126.38,1.114945166984665,2989,-796.0005900000018,-0.0796182652103654,-0.2663100000000006
SNGS,-1,2025-11-24 13:00:00,2025-11-25 12:00:00,21.785,21.61,0.1878633660136758,17743,2720.0462575000124,0.2720106342053597,0.1533025000000007
SBER,1,2025-11-25 08:00:00,2025-11-25 09:00:00,306.12,304.35,1.6178696475878678,1306,-2710.2569099999764,-0.42756534868636553,-2.075234999999982
TATN,1,2025-11-25 08:00:00,2025-11-25 09:00:00,604.4,598.1,7.159862449683749,465,-3209.081249999979,-0.3212934162957643,-6.901249999999955
GMKN,1,2025-11-25 08:00:00,2025-11-25 09:00:00,130.02,129.42,1.0888356881382086,3061,-2233.6729200000696,-0.2233945880447046,-0.7297200000000228
PLZL,1,2025-11-25 08:00:00,2025-11-26 11:00:00,2143.2,2125.0,13.358366463003767,186,-3782.142599999966,-0.5073998645047774,-20.334099999999818
MTSS,1,2025-11-25 08:00:00,2025-11-26 15:00:00,211.1,212.75,1.4905349912358845,1894,2723.714050000011,0.3216015297540066,1.4380750000000058
SBER,-1,2025-11-25 10:00:00,2025-11-25 12:00:00,304.28,304.22,1.6957141349099472,1314,-320.94450000007174,-0.04801320280968737,-0.2442500000000546
GAZP,1,2025-11-25 10:00:00,2025-11-25 11:00:00,126.74,126.7,0.9859430770331395,3156,-526.1683199999749,-0.05636566108923826,-0.16671999999999204
ROSN,-1,2025-11-25 10:00:00,2025-11-25 12:00:00,408.45,405.55,3.71654523459029,896,2233.7279999999796,0.22359474930260104,2.4929999999999772
TATN,-1,2025-11-25 10:00:00,2025-11-25 12:00:00,596.3,590.9,7.0261058877375175,474,2278.233599999989,0.2280257882434547,4.806399999999977
GMKN,-1,2025-11-25 10:00:00,2025-11-25 12:00:00,129.16,129.16,1.0454756698742698,3096,-399.87935999999996,-0.04118061718118316,-0.12916
GAZP,-1,2025-11-25 12:00:00,2025-11-25 14:00:00,125.87,125.69,1.0051754082581659,3177,172.25694000002167,0.01798027805381179,0.05422000000000682
SBER,1,2025-11-25 13:00:00,2025-11-27 07:00:00,305.7,305.41,1.806102024197215,1308,-778.9859399999524,-0.10991534845411605,-0.5955549999999636
LKOH,1,2025-11-25 13:00:00,2025-11-27 12:00:00,5487.0,5468.5,56.92675332552587,58,-1390.7095,-0.1404011798745858,-23.97775
ROSN,1,2025-11-25 13:00:00,2025-11-26 08:00:00,408.7,409.7,3.9362791109310735,846,499.8168,0.050030327571652156,0.5908
TATN,1,2025-11-25 13:00:00,2025-11-26 14:00:00,597.0,594.4,7.894298336501213,422,-1348.5854000000095,-0.13493705050491628,-3.1957000000000226
GMKN,1,2025-11-25 13:00:00,2025-11-26 09:00:00,131.04,131.38,1.136191707986067,2933,612.38107000001,0.06125433426197937,0.20879000000000342
NVTK,1,2025-11-25 13:00:00,2025-11-27 07:00:00,1150.0,1151.0,12.489114069474724,266,-40.03300000000002,-0.004016831489215203,-0.15050000000000008
SNGS,1,2025-11-25 13:00:00,2025-11-26 14:00:00,21.755,21.68,0.19520463413862302,17076,-1651.5480299999879,-0.16515574442649777,-0.09671749999999929
GAZP,1,2025-11-25 15:00:00,2025-11-26 11:00:00,125.77,127.0,0.9981961996877516,3180,3509.4957000000127,0.36853643279922615,1.103615000000004
ROSN,-1,2025-11-26 09:00:00,2025-11-27 13:00:00,408.45,401.15,3.5139634526070456,948,6536.649600000011,0.654076239266176,6.8952000000000115
GMKN,-1,2025-11-26 10:00:00,2025-11-26 15:00:00,131.3,131.44,1.0318639185512262,3046,-826.5930199999584,-0.0876633682411015,-0.27136999999998634
GAZP,-1,2025-11-26 12:00:00,2025-11-27 08:00:00,126.63,126.57,0.8655154395195982,3158,-210.32279999999278,-0.025649455788242535,-0.06659999999999772
PLZL,-1,2025-11-26 12:00:00,2025-11-27 07:00:00,2122.2,2130.0,12.509394215438812,188,-1866.1068000000344,-0.2644972204902247,-9.926100000000183
TATN,-1,2025-11-26 15:00:00,2025-11-28 09:00:00,590.5,581.8,5.7077269410906615,584,4738.488400000027,0.4738517967977407,8.113850000000046
SNGS,-1,2025-11-26 15:00:00,2025-11-27 13:00:00,21.65,21.59,0.14079233643786956,18475,709.0704999999764,0.09086668818070573,0.03837999999999872
GMKN,1,2025-11-27 07:00:00,2025-11-27 07:00:00,131.64,131.64,0.881638952099884,3038,-399.92231999999996,-0.04977094069571994,-0.13163999999999998
SBER,-1,2025-11-27 08:00:00,2025-11-28 09:00:00,303.9,300.75,1.375622489869451,1316,3747.5402999999696,0.6900330628427539,2.847674999999977
GMKN,-1,2025-11-27 08:00:00,2025-11-27 13:00:00,130.38,129.9,0.928664741235606,3067,1073.0206199999686,0.12557814981198864,0.3498599999999898
NVTK,-1,2025-11-27 08:00:00,2025-11-28 09:00:00,1137.2,1127.4,9.678522104772728,344,2981.688799999984,0.29852009449960987,8.667699999999954
PLZL,1,2025-11-27 08:00:00,2025-11-27 14:00:00,2119.0,2131.0,12.11624231427556,188,1856.5,0.2716738887590891,9.875
GAZP,1,2025-11-27 09:00:00,2025-11-27 10:00:00,126.97,127.02,0.7273672365883046,3150,-242.53425000000894,-0.03528478973067566,-0.07699500000000284
GAZP,-1,2025-11-27 11:00:00,2025-11-28 12:00:00,126.38,124.98,0.7325768519562427,3165,4033.222799999973,0.5798345009114518,1.2743199999999915
LKOH,-1,2025-11-27 13:00:00,2025-11-28 09:00:00,5454.0,5419.0,30.599261983428573,73,2158.1355,0.3220502509288241,29.563499999999998
GMKN,1,2025-11-27 14:00:00,2025-11-27 14:00:00,129.6,129.6,0.877551016553832,3086,-399.94559999999996,-0.04922790719296028,-0.1296
MTSS,1,2025-11-27 14:00:00,2025-11-27 14:00:00,211.2,211.2,1.0439736312716894,1893,-399.8016,-0.06743465341576114,-0.2112
SNGS,1,2025-11-27 14:00:00,2025-11-27 14:00:00,21.645,21.645,0.1270953051665247,18480,-399.99960000000004,-0.05676842264587709,-0.021645
ROSN,-1,2025-11-27 15:00:00,2025-11-28 09:00:00,398.6,401.9,2.813894925507458,1003,-3711.350749999954,-0.4383307477070122,-3.7002499999999543
GMKN,-1,2025-11-27 15:00:00,2025-11-28 13:00:00,127.08,130.11603497468568,1.0120116582285577,3147,-9959.100026368493,-1.0423572253151203,-3.16463299217302
PLZL,-1,2025-11-27 15:00:00,2025-11-28 07:00:00,2120.0,2130.4,11.151432628911044,188,-2354.737600000017,-0.37439733580441314,-12.52520000000009
MTSS,-1,2025-11-27 15:00:00,2025-11-28 14:00:00,210.1,210.05,1.1051183718951405,1903,-304.6227250000324,-0.04828291221132819,-0.16007500000001704
SNGS,-1,2025-11-27 15:00:00,2025-11-28 13:00:00,21.035,20.92,0.17587421194034428,18952,1781.9144199999705,0.1782002772752351,0.09402249999999844
PLZL,1,2025-11-28 08:00:00,2025-12-01 07:00:00,2135.0,2142.6,11.845878134112086,187,1021.244399999983,0.15367370653238774,5.461199999999909
LKOH,1,2025-11-28 10:00:00,2025-11-29 13:00:00,5438.0,5540.0,36.22062510026793,73,7045.303,0.8881771986065299,96.511
ROSN,1,2025-11-28 10:00:00,2025-11-29 11:00:00,404.3,405.3,2.6973943921131416,989,588.6528,0.07355246254685552,0.5952
GMKN,1,2025-11-28 15:00:00,2025-12-01 07:00:00,130.46,130.6,0.9777980020188629,3066,29.035019999958152,0.003228342316249917,0.00946999999998635
MTSS,1,2025-11-28 15:00:00,2025-11-30 08:00:00,210.5,212.45,1.0851950116784943,1900,3303.1974999999784,0.534013082530661,1.7385249999999886
SBER,-1,2025-11-29 11:00:00,2025-11-29 11:00:00,304.06,304.06,1.299302938085364,1315,-399.8389,-0.07800592945836504,-0.30406
TATN,-1,2025-11-29 11:00:00,2025-11-29 11:00:00,601.7,601.7,4.561195062346341,664,-399.5288,-0.04397239406014187,-0.6017
ROSN,-1,2025-11-29 12:00:00,2025-11-30 09:00:00,404.45,405.4,2.2791882091718825,988,-1338.6658999999888,-0.19815900453028487,-1.3549249999999886
NVTK,-1,2025-11-29 12:00:00,2025-11-29 12:00:00,1160.0,1160.0,7.84089040362232,344,-399.03999999999996,-0.049314127192497816,-1.16
SNGS,-1,2025-11-29 14:00:00,2025-11-30 09:00:00,21.325,21.38,0.11376347564244756,18757,-1432.1438424999947,-0.22371708660979933,-0.07635249999999971
NVTK,1,2025-11-29 15:00:00,2025-11-30 14:00:00,1171.2,1174.2,8.219911157710731,341,623.1093,0.07410055757459502,1.8273
SBER,1,2025-11-30 09:00:00,2025-11-30 15:00:00,304.66,305.35,0.9304424882660097,1312,505.11343999999696,0.13792541536428246,0.3849949999999977
GAZP,-1,2025-11-30 10:00:00,2025-11-30 10:00:00,127.45,127.45,0.4420001817253963,3138,-399.9381,-0.09611609924569481,-0.12745
ROSN,1,2025-11-30 10:00:00,2025-12-01 07:00:00,405.65,406.1,1.6418308411360714,986,43.50725000004485,0.008958494970877149,0.04412500000004549
SNGS,1,2025-11-30 10:00:00,2025-12-01 07:00:00,21.39,21.255,0.09576193543187232,18700,-2923.2307500000293,-0.5441358277169662,-0.15632250000000156
MTSS,1,2025-11-30 12:00:00,2025-12-01 07:00:00,212.8,211.9,0.6434857820942255,1879,-2090.105650000011,-0.5762106073682317,-1.1123500000000057
TATN,1,2025-11-30 13:00:00,2025-12-01 07:00:00,604.2,596.5,2.917578299525219,662,-5494.831700000031,-0.9483150233820943,-8.300350000000046
NVTK,-1,2025-11-30 15:00:00,2025-12-01 08:00:00,1176.0,1164.8,6.471392241026309,340,3410.0640000000153,0.5166121717681281,10.029600000000045
SBER,-1,2025-12-01 07:00:00,2025-12-01 09:00:00,304.2,304.4,0.7398945046213639,1314,-662.650199999985,-0.22719455131785346,-0.5042999999999886
ROSN,-1,2025-12-01 08:00:00,2025-12-01 08:00:00,405.2,408.0,1.3939732479260991,987,-3164.914200000011,-0.7667770298008875,-3.2066000000000114
TATN,-1,2025-12-01 08:00:00,2025-12-01 08:00:00,593.3,602.3748089712155,3.024936323738539,674,-6519.363657222607,-1.065878786692024,-9.672646375701197
GMKN,-1,2025-12-01 08:00:00,2025-12-01 08:00:00,130.42,130.42,0.5040902725774409,3067,-399.9981399999999,-0.0862411669065777,-0.13041999999999998
PLZL,-1,2025-12-01 08:00:00,2025-12-01 09:00:00,2131.0,2145.6,7.764183387091141,187,-3130.0620999999833,-0.7186117399815363,-16.73829999999991
MTSS,-1,2025-12-01 08:00:00,2025-12-01 09:00:00,212.25,212.65,0.652712628092295,1884,-1153.8558000000107,-0.3127716413219673,-0.6124500000000057
SNGS,-1,2025-12-01 08:00:00,2025-12-03 10:00:00,21.2,21.12,0.08554487671142881,18867,1110.134279999968,0.22927537086171776,0.058839999999998296
LKOH,1,2025-12-01 09:00:00,2025-12-02 14:00:00,5540.0,5523.0,20.976221784232123,72,-1622.268,-0.35804827376709286,-22.5315
GMKN,1,2025-12-01 09:00:00,2025-12-01 15:00:00,131.2,131.9,0.5609409673933388,3048,1732.635600000052,0.3377954978290451,0.568450000000017
NVTK,1,2025-12-01 09:00:00,2025-12-01 15:00:00,1177.0,1188.0,6.873924472862531,339,3328.1324999999997,0.47607447723923296,9.817499999999999
SBER,1,2025-12-01 10:00:00,2025-12-02 08:00:00,305.38,303.7,0.9333849222496843,1309,-2597.762860000009,-0.7087251117566029,-1.9845400000000069
ROSN,1,2025-12-01 10:00:00,2025-12-02 15:00:00,409.5,406.2,1.650925912752606,976,-3618.861600000011,-0.748640499523865,-3.707850000000011
PLZL,1,2025-12-01 10:00:00,2025-12-02 07:00:00,2141.4,2142.4,9.123198940910214,186,-212.3934,-0.041721476841472656,-1.1419000000000001
MTSS,1,2025-12-01 10:00:00,2025-12-02 15:00:00,212.5,216.9,0.8031042558550912,1882,7876.734600000012,1.737134363102825,4.185300000000006
GAZP,1,2025-12-01 11:00:00,2025-12-01 14:00:00,127.78,128.4,0.5495095743195746,3130,1539.6783000000141,0.2983933450168469,0.4919100000000045
GAZP,-1,2025-12-01 15:00:00,2025-12-02 10:00:00,127.98,128.01,0.6304603017529503,3125,-493.73437499995913,-0.08353420485566551,-0.15799499999998692
GMKN,-1,2025-12-02 07:00:00,2025-12-02 10:00:00,131.34,131.34,0.5876012510548694,3045,-399.93030000000005,-0.07450630835350602,-0.13134
NVTK,-1,2025-12-02 07:00:00,2025-12-02 10:00:00,1183.8,1183.0,7.775640622307088,337,-129.20580000001533,-0.016435944793201616,-0.3834000000000455
PLZL,-1,2025-12-02 08:00:00,2025-12-03 12:00:00,2141.6,2122.0,9.662907010833113,186,3249.085199999983,0.6025860878931588,17.46819999999991
SBER,-1,2025-12-02 09:00:00,2025-12-03 14:00:00,304.39,300.19,1.0054904315520694,1314,5121.590939999985,1.2921422480979439,3.8977099999999885
GAZP,1,2025-12-02 11:00:00,2025-12-02 11:00:00,127.85,127.85,0.5922106243283279,3128,-399.91479999999996,-0.07196200965661757,-0.12785
GMKN,1,2025-12-02 11:00:00,2025-12-02 15:00:00,131.32,131.32,0.6132611237863952,3045,-399.8694,-0.07137796875671513,-0.13132
NVTK,1,2025-12-02 11:00:00,2025-12-02 14:00:00,1185.8,1192.0,7.963334855625585,337,1688.7407000000153,0.2097571804966452,5.011100000000045
GAZP,-1,2025-12-02 12:00:00,2025-12-02 13:00:00,127.6,128.18,0.6034812940191617,3134,-2218.5272600000394,-0.39100355830721945,-0.7078900000000126
GAZP,1,2025-12-02 14:00:00,2025-12-03 07:00:00,128.47,124.99,0.6081037688226454,3113,-11227.750490000011,-1.9770364779369933,-3.6067300000000038
LKOH,-1,2025-12-02 15:00:00,2025-12-03 14:00:00,5516.0,5414.0,19.92413435864671,72,6950.5199999999995,1.6150429802421264,96.535
NVTK,-1,2025-12-02 15:00:00,2025-12-03 15:00:00,1185.0,1145.6,8.059386891178725,337,12885.09390000003,1.5813733937937338,38.23470000000009
ROSN,-1,2025-12-03 07:00:00,2025-12-03 14:00:00,399.45,395.85,1.878652165990409,1001,3205.552349999966,0.5681999144515602,3.202349999999966
GMKN,-1,2025-12-03 07:00:00,2025-12-03 15:00:00,129.48,128.78,0.6123092729852535,3089,1763.417429999965,0.31077432336155236,0.5708699999999887
GAZP,-1,2025-12-03 08:00:00,2025-12-04 07:00:00,125.42,125.39,0.6116013047023887,3189,-304.24654499999644,-0.0519973819907747,-0.09540499999999888
SNGS,1,2025-12-03 11:00:00,2025-12-04 14:00:00,21.22,21.655,0.11753905234028393,18850,7795.653125000043,1.172837145798741,0.4135625000000023
TATN,1,2025-12-03 13:00:00,2025-12-03 13:00:00,585.5,585.5,3.9143819886163276,683,-399.8965,-0.04985887101316216,-0.5855
MTSS,1,2025-12-03 15:00:00,2025-12-04 14:00:00,211.8,213.3,1.1484490781972092,1888,2430.7056,0.3736778653465968,1.28745
GAZP,1,2025-12-04 08:00:00,2025-12-05 07:00:00,125.84,125.36,0.61048426990835,3178,-1924.5968000000125,-0.33066645058188565,-0.6056000000000039
SBER,-1,2025-12-04 11:00:00,2025-12-05 07:00:00,302.38,302.36,1.117588987127837,1322,-373.2931400000241,-0.08421999001192104,-0.2823700000000182
LKOH,-1,2025-12-04 11:00:00,2025-12-05 07:00:00,5448.5,5460.5,20.33239586344082,73,-1274.1785,-0.28615253734697194,-17.4545
ROSN,-1,2025-12-04 11:00:00,2025-12-05 07:00:00,399.55,401.95,1.9410329026782496,1001,-2803.550749999977,-0.4809724410365025,-2.800749999999977
GMKN,-1,2025-12-04 11:00:00,2025-12-05 07:00:00,129.32,129.32,0.5988701916376727,3093,-399.98675999999995,-0.07197998375705927,-0.12932
TATN,-1,2025-12-04 12:00:00,2025-12-05 07:00:00,591.2,590.1,3.997980555320916,676,344.3206000000153,0.04246727341066631,0.5093500000000226
PLZL,-1,2025-12-04 14:00:00,2025-12-05 07:00:00,2142.8,2148.0,8.559878778520986,186,-1366.2443999999662,-0.2860398762667598,-7.3453999999998185
NVTK,-1,2025-12-04 15:00:00,2025-12-05 07:00:00,1163.2,1161.6,6.884430530041654,343,150.09680000004676,0.021187905961167357,0.4376000000001363
MTSS,-1,2025-12-04 15:00:00,2025-12-05 07:00:00,213.2,213.9,0.9151325703234375,1876,-1713.819800000032,-0.33275688850091556,-0.9135500000000171
SBER,1,2025-12-05 08:00:00,2025-12-08 09:00:00,303.31,306.66,1.0527355565295826,1318,4013.3297700000303,0.9641595115738691,3.045015000000023
GAZP,-1,2025-12-05 08:00:00,2025-12-05 10:00:00,125.64,125.63,0.5529095420802217,3183,-368.0662049999837,-0.0697130309145683,-0.11563499999999488
LKOH,1,2025-12-05 08:00:00,2025-12-05 14:00:00,5488.0,5551.0,20.659239141059814,72,4138.596,0.9274381566447055,57.4805
ROSN,1,2025-12-05 08:00:00,2025-12-05 15:00:00,405.3,409.95,1.9593679456401414,986,4182.981749999977,0.7217250864732231,4.242374999999977
TATN,1,2025-12-05 08:00:00,2025-12-05 15:00:00,594.9,605.2,3.936443138139557,672,6518.366400000046,0.8213802545093591,9.699950000000069
GMKN,1,2025-12-05 08:00:00,2025-12-08 12:00:00,130.82,134.0,0.6615144772305309,3057,9316.48263000002,1.5356630403408658,3.0475900000000067
NVTK,1,2025-12-05 08:00:00,2025-12-08 09:00:00,1175.0,1193.6,7.5666773447808175,340,5921.337999999969,0.767210371053751,17.41569999999991
PLZL,1,2025-12-05 08:00:00,2025-12-05 14:00:00,2158.0,2187.6,8.345281952044694,185,5074.031999999984,1.0955172099080457,27.42719999999991
MTSS,1,2025-12-05 08:00:00,2025-12-05 12:00:00,214.45,215.0,0.9048847162482686,1865,625.2878750000212,0.12350560389250134,0.33527500000001137
SNGS,1,2025-12-05 08:00:00,2025-12-08 09:00:00,21.685,22.3,0.11811956141858271,18445,10938.023337500037,1.6734668186430448,0.593007500000002
GAZP,1,2025-12-05 11:00:00,2025-12-08 13:00:00,126.44,129.65,0.5642792507107319,3163,9748.223665000025,1.8205849887965722,3.0819550000000078
LKOH,1,2025-12-08 08:00:00,2025-12-08 12:00:00,5619.0,5590.0,27.110664472808637,71,-2456.9195,-0.42547217331771786,-34.6045
ROSN,1,2025-12-08 08:00:00,2025-12-08 12:00:00,411.45,411.7,2.2424443134312213,972,-157.0509,-0.024017690433045056,-0.16157500000000002
MTSS,1,2025-12-08 08:00:00,2025-12-08 10:00:00,215.4,214.5,0.8522978885865927,1857,-2070.4621500000103,-0.4360564598092895,-1.1149500000000057
PLZL,1,2025-12-08 10:00:00,2025-12-08 12:00:00,2181.8,2182.6,10.664673478836434,183,-252.9426000000499,-0.043201822751322755,-1.3822000000002728
MTSS,-1,2025-12-08 11:00:00,2025-12-09 08:00:00,214.2,212.9,0.8630825296008536,1867,2028.4021499999678,0.4196006610949203,1.0864499999999828
ROSN,-1,2025-12-08 13:00:00,2025-12-09 11:00:00,409.3,406.05,2.1869010614379776,977,2776.951525,0.4332348103776056,2.8423249999999998
PLZL,-1,2025-12-08 13:00:00,2025-12-09 11:00:00,2172.2,2148.0,10.999303073252074,184,4055.3415999999665,0.6679180748459141,22.039899999999818
GAZP,-1,2025-12-08 14:00:00,2025-12-09 14:00:00,129.22,127.28,0.812822083005868,3095,5607.366249999993,0.7429875237067176,1.8117499999999978
NVTK,1,2025-12-08 14:00:00,2025-12-09 07:00:00,1188.8,1174.8,7.985588581842657,336,-5101.0848,-0.6337165943543109,-15.181799999999999
NVTK,-1,2025-12-09 08:00:00,2025-12-09 11:00:00,1171.4,1180.6,7.5620036859724244,341,-3538.215999999938,-0.4573743693199277,-10.375999999999818
TATN,1,2025-12-09 09:00:00,2025-12-09 09:00:00,587.4,587.4,4.5085349871313785,680,-399.432,-0.043428741389135946,-0.5874
GMKN,1,2025-12-09 09:00:00,2025-12-10 10:00:00,134.82,137.5,0.8091033501613861,2966,7545.029440000021,1.0480078552357186,2.543840000000007
MTSS,1,2025-12-09 09:00:00,2025-12-09 14:00:00,213.6,214.9,0.9157514357084865,1872,2032.5240000000213,0.3952127756006929,1.0857500000000113
SBER,1,2025-12-09 12:00:00,2025-12-09 15:00:00,306.81,305.16,1.0878236867420688,1303,-2548.6484549999705,-0.5993572377088581,-1.9559849999999772
LKOH,1,2025-12-09 12:00:00,2025-12-09 14:00:00,5557.0,5562.0,27.27529419718994,71,-39.72449999999999,-0.00683768976611861,-0.5594999999999999
NVTK,1,2025-12-09 12:00:00,2025-12-10 14:00:00,1192.6,1198.4,7.927019660429456,335,1542.5075000000609,0.1936204776929041,4.604500000000182
SNGS,1,2025-12-09 12:00:00,2025-12-09 15:00:00,22.18,22.0,0.15582797542502916,18034,-3644.491059999995,-0.4322929380914828,-0.20208999999999971
GAZP,1,2025-12-09 15:00:00,2025-12-10 11:00:00,128.27,128.28,0.7468018726182458,3118,-368.78145000002837,-0.05279177978194025,-0.1182750000000091
LKOH,-1,2025-12-09 15:00:00,2025-12-10 07:00:00,5507.0,5554.0,30.239366381642242,72,-3782.1960000000004,-0.5790520358686075,-52.5305
MTSS,-1,2025-12-09 15:00:00,2025-12-10 09:00:00,212.95,214.75,0.8777493821187207,1878,-3782.0103000000213,-0.7647779047283251,-2.0138500000000112
SBER,-1,2025-12-10 07:00:00,2025-12-10 07:00:00,307.09,307.09,1.088595176932536,1302,-399.83117999999996,-0.09403250675956021,-0.30709
ROSN,-1,2025-12-10 07:00:00,2025-12-10 09:00:00,407.4,406.9,2.080483272228654,981,91.08585,0.014876351284884766,0.09284999999999999
SBER,1,2025-12-10 08:00:00,2025-12-11 14:00:00,306.41,307.86,1.1036955214373556,1305,1491.4388249999852,0.34516312932381393,1.1428649999999887
LKOH,1,2025-12-10 08:00:00,2025-12-12 13:00:00,5544.5,5729.5,31.247208767844583,72,12914.136,1.9133762350060552,179.363
SNGS,-1,2025-12-10 08:00:00,2025-12-11 07:00:00,21.92,22.18,0.14466495820098288,18248,-5146.848399999964,-0.6498924676427084,-0.282049999999998
ROSN,1,2025-12-10 10:00:00,2025-12-11 10:00:00,408.05,411.25,2.019705447917767,980,2734.5429999999888,0.4605209475597418,2.7903499999999886
MTSS,1,2025-12-10 10:00:00,2025-12-11 13:00:00,214.85,215.95,0.7979656940517685,1861,1646.2405999999894,0.36952298684601737,0.8845999999999943
TATN,-1,2025-12-10 11:00:00,2025-12-11 08:00:00,598.6,602.5,4.142727585013383,668,-3006.367399999985,-0.3621245429606203,-4.500549999999977
PLZL,-1,2025-12-10 11:00:00,2025-12-11 07:00:00,2176.0,2184.6,10.737428322846213,183,-1972.7948999999835,-0.3346642441083861,-10.78029999999991
GAZP,-1,2025-12-10 12:00:00,2025-12-11 08:00:00,128.54,128.84,0.6945840925616936,3111,-1333.6545900000353,-0.2057298291120571,-0.42869000000001134
NVTK,-1,2025-12-10 15:00:00,2025-12-11 07:00:00,1196.4,1204.2,7.780239052801858,334,-3006.100199999985,-0.3856051182539917,-9.000299999999955
GMKN,1,2025-12-11 08:00:00,2025-12-11 11:00:00,137.96,138.04,0.85138630397664,2899,-168.14200000004618,-0.02270806241894761,-0.05800000000001593
NVTK,1,2025-12-11 08:00:00,2025-12-12 09:00:00,1203.8,1215.0,7.418675509813835,332,3316.879200000015,0.44889414499861086,9.990600000000045
PLZL,1,2025-12-11 08:00:00,2025-12-12 15:00:00,2185.0,2283.0,9.618490337992817,183,17525.178,3.31881603851166,95.766
SNGS,1,2025-12-11 08:00:00,2025-12-11 14:00:00,22.25,22.31,0.11742301203471234,17977,678.0924399999769,0.1070772510043943,0.03771999999999872
GAZP,1,2025-12-11 09:00:00,2025-12-12 07:00:00,129.22,130.0,0.6224532944969806,3095,2012.9570500000036,0.34829386973020304,0.6503900000000011
TATN,1,2025-12-11 09:00:00,2025-12-11 13:00:00,605.4,602.8,3.860317674238205,660,-2114.706000000015,-0.2766698037472024,-3.2041000000000226
ROSN,-1,2025-12-11 11:00:00,2025-12-12 10:00:00,409.75,412.0,1.7375842285978174,976,-2597.0139999999997,-0.5104548710418971,-2.660875
GMKN,-1,2025-12-11 12:00:00,2025-12-12 08:00:00,137.46,137.26,0.8733221633662219,2909,182.21976000004958,0.023908702739804152,0.06264000000001704
SBER,-1,2025-12-11 15:00:00,2025-12-12 10:00:00,307.14,306.49,1.0083297105276143,1302,446.82686999997037,0.11344999438738602,0.34318499999997726
GAZP,1,2025-12-12 09:00:00,2025-12-12 14:00:00,130.36,129.91,0.6437053258392648,3068,-1779.8541800000523,-0.3004143752907618,-0.580135000000017
TATN,1,2025-12-12 09:00:00,2025-12-12 15:00:00,609.0,611.6,3.7392446240656105,656,1305.243200000015,0.17737093985902955,1.9897000000000227
GMKN,1,2025-12-12 09:00:00,2025-12-12 13:00:00,137.5,137.48,0.9036319366871419,2909,-458.13841000002975,-0.05809518736038834,-0.15749000000001023
MTSS,1,2025-12-12 10:00:00,2025-12-12 13:00:00,216.0,215.55,0.7972314535788452,1851,-1232.349524999979,-0.27836959894614605,-0.6657749999999887
SBER,1,2025-12-12 11:00:00,2025-12-12 12:00:00,306.64,306.1,1.0193668248552163,1304,-1103.6664799999526,-0.27676330684333583,-0.8463699999999637
SBER,-1,2025-12-12 13:00:00,2025-12-13 14:00:00,305.13,304.79,1.0496581295945497,1310,45.90239999996715,0.011127432514149403,0.035039999999974925
GMKN,-1,2025-12-12 14:00:00,2025-12-13 12:00:00,136.88,136.68,0.8614221616520988,2922,184.72883999996674,0.02446342138785186,0.06321999999998862
MTSS,-1,2025-12-12 14:00:00,2025-12-13 12:00:00,215.1,213.4,0.7865427828421856,1859,2762.0092499999787,0.629654242341913,1.4857499999999886
GAZP,-1,2025-12-12 15:00:00,2025-12-15 07:00:00,129.84,128.46,0.6607560452740917,3080,3852.617999999986,0.6310195767138858,1.2508499999999954
SNGS,1,2025-12-12 15:00:00,2025-12-13 07:00:00,22.12,21.94,0.13020025575752817,18083,-3653.308489999995,-0.5172288866985536,-0.2020299999999997
SNGS,-1,2025-12-13 08:00:00,2025-12-15 07:00:00,21.965,21.985,0.13014715930113402,18210,-764.3647499999922,-0.107506508338708,-0.041974999999999575
ROSN,1,2025-12-13 10:00:00,2025-12-13 10:00:00,404.3,404.3,1.5979688266337773,989,-399.85269999999997,-0.08433623010691717,-0.4043
GMKN,1,2025-12-13 13:00:00,2025-12-14 09:00:00,137.0,136.56,0.6824191451585383,2919,-1683.6208199999935,-0.28173301022399333,-0.5767799999999977
LKOH,1,2025-12-13 14:00:00,2025-12-13 14:00:00,5667.5,5667.5,22.58484529766493,70,-396.725,-0.08364753629116023,-5.6675
TATN,1,2025-12-13 15:00:00,2025-12-13 15:00:00,599.6,599.6,3.119422720177182,667,-399.9332,-0.06407168396058688,-0.5996
NVTK,1,2025-12-13 15:00:00,2025-12-14 07:00:00,1210.0,1208.8,5.378340345808419,330,-795.102000000015,-0.1493273541082736,-2.4094000000000455
PLZL,1,2025-12-13 15:00:00,2025-12-13 15:00:00,2254.4,2254.4,10.767352502909626,177,-399.0288,-0.06979121993671149,-2.2544
NVTK,-1,2025-12-14 08:00:00,2025-12-14 15:00:00,1206.0,1200.0,5.07826284919196,331,1587.807,0.31487145259809246,4.797
SBER,-1,2025-12-14 09:00:00,2025-12-14 15:00:00,304.18,304.41,0.6816787155529608,1315,-702.5979250000239,-0.2612643306441957,-0.5342950000000182
ROSN,-1,2025-12-14 09:00:00,2025-12-14 15:00:00,403.85,403.5,1.2419330369295645,990,-53.138249999977496,-0.014406305440503236,-0.05367499999997727
LKOH,-1,2025-12-14 10:00:00,2025-12-15 07:00:00,5643.5,5681.0,18.606605441754006,70,-3021.3575,-0.7732424225205904,-43.16225
TATN,-1,2025-12-14 10:00:00,2025-12-15 07:00:00,597.5,602.0,2.912591948953056,669,-3411.73275,-0.583643948915573,-5.09975
GMKN,-1,2025-12-14 10:00:00,2025-12-15 07:00:00,136.26,137.24,0.5382362487706464,2935,-3277.6612500000533,-0.6916107951670671,-1.1167500000000181
MTSS,-1,2025-12-14 10:00:00,2025-12-15 07:00:00,213.0,214.4,0.8179051406622012,1877,-3028.9149000000107,-0.6576557271231985,-1.6137000000000057
PLZL,-1,2025-12-14 13:00:00,2025-12-15 07:00:00,2251.2,2272.4,9.460131779452274,177,-4152.738600000049,-0.8266903868069471,-23.461800000000274
SBER,-1,2025-12-15 08:00:00,2025-12-15 09:00:00,303.89,303.99,0.6205897883337989,1316,-531.58504000003,-0.21696564977033006,-0.4039400000000227
LKOH,1,2025-12-15 08:00:00,2025-12-16 07:00:00,5677.0,5684.5,15.777812483817955,70,127.34750000000003,0.03843477461077827,1.8192500000000003
TATN,1,2025-12-15 08:00:00,2025-12-15 13:00:00,600.7,603.7,2.52329697078417,665,1594.537,0.31675489485420216,2.3978
GMKN,1,2025-12-15 08:00:00,2025-12-16 15:00:00,136.82,140.28,0.4577205801450355,2923,9708.598350000024,2.4188337776929014,3.321450000000008
PLZL,1,2025-12-15 08:00:00,2025-12-15 13:00:00,2269.4,2278.6,8.687386082698286,176,1218.975999999968,0.2657492880700357,6.925999999999818
MTSS,1,2025-12-15 08:00:00,2025-12-15 15:00:00,215.25,218.05,0.7529922207426987,1858,4799.864300000021,1.1435930451144973,2.5833500000000114
SNGS,1,2025-12-15 08:00:00,2025-12-16 15:00:00,21.985,23.055,0.06853694248385427,18194,19057.851120000003,5.094478792692775,1.0474800000000002
SBER,1,2025-12-15 10:00:00,2025-12-15 13:00:00,304.42,303.89,0.6967330317776147,1313,-1095.2455150000387,-0.39907920822595055,-0.8341550000000295
NVTK,-1,2025-12-15 13:00:00,2025-12-16 07:00:00,1211.8,1213.0,6.455187868599715,330,-796.0920000000151,-0.12457163907574767,-2.4124000000000456
SBER,-1,2025-12-15 14:00:00,2025-12-16 07:00:00,303.91,304.71,0.8147907674042153,1316,-1453.2719599999402,-0.4517765149770078,-1.1043099999999546
TATN,-1,2025-12-15 14:00:00,2025-12-15 14:00:00,606.5,606.5,3.3564956496992315,659,-399.68350000000004,-0.06023146989175524,-0.6065
PLZL,-1,2025-12-15 14:00:00,2025-12-16 07:00:00,2287.4,2291.0,11.115983020792134,174,-1024.7207999999841,-0.17659856649607825,-5.889199999999908
TATN,1,2025-12-15 15:00:00,2025-12-16 12:00:00,609.9,609.7,3.388174531863569,655,-530.4189999999553,-0.07966925280700976,-0.8097999999999318
ROSN,-1,2025-12-16 07:00:00,2025-12-16 07:00:00,408.6,408.6,1.449766262773714,978,-399.61080000000004,-0.09394617842701085,-0.4086
SBER,1,2025-12-16 08:00:00,2025-12-16 11:00:00,305.8,304.95,0.8552133075754608,1308,-1511.2305000000297,-0.4503262479530881,-1.1553750000000227
LKOH,-1,2025-12-16 08:00:00,2025-12-16 08:00:00,5724.5,5724.5,21.577750950678023,69,-394.9905,-0.0884321387816698,-5.7245
ROSN,1,2025-12-16 08:00:00,2025-12-16 13:00:00,411.95,413.9,1.5926401011470193,970,1490.962749999989,0.321703775362889,1.5370749999999886
NVTK,1,2025-12-16 08:00:00,2025-12-17 07:00:00,1224.6,1225.4,7.295101538813934,326,-138.54999999994072,-0.0194194235560481,-0.4249999999998182
PLZL,1,2025-12-16 08:00:00,2025-12-16 11:00:00,2297.2,2290.6,11.203941215991378,174,-1547.5385999999844,-0.2646062913202262,-8.89389999999991
MTSS,1,2025-12-16 08:00:00,2025-12-16 12:00:00,219.75,217.85,0.9817793421119553,1820,-3856.2160000000104,-0.7193741367050793,-2.1188000000000056
LKOH,1,2025-12-16 09:00:00,2025-12-17 09:00:00,5723.0,5752.0,22.036483025629593,69,1605.1125,0.3518785941317478,23.2625
SBER,-1,2025-12-16 12:00:00,2025-12-17 15:00:00,304.42,302.55,0.8997607058950147,1313,2056.834195000006,0.5803450442384576,1.5665150000000045
PLZL,-1,2025-12-16 12:00:00,2025-12-16 14:00:00,2282.4,2289.4,10.450936200279294,175,-1625.0325,-0.29617442310261927,-9.2859
TATN,-1,2025-12-16 13:00:00,2025-12-17 08:00:00,608.5,607.9,3.8078048473904063,657,-5.38739999998511,-0.0007178239019258057,-0.008199999999977337
MTSS,-1,2025-12-16 13:00:00,2025-12-17 13:00:00,217.9,217.3,1.0685022372946804,1835,701.7039999999895,0.11929471199741713,0.3823999999999943
PLZL,1,2025-12-16 15:00:00,2025-12-17 14:00:00,2310.6,2292.2,11.048726979596815,173,-3581.342200000016,-0.6245485728273925,-20.701400000000092
GAZP,-1,2025-12-17 07:00:00,2025-12-17 07:00:00,130.55,130.55,0.4796824070954262,3063,-399.8746500000001,-0.0907197471138641,-0.13055000000000003
GAZP,1,2025-12-17 08:00:00,2025-12-17 10:00:00,131.05,130.45,0.49399080658861055,3052,-2230.2490000000694,-0.4930928472444105,-0.7307500000000228
NVTK,-1,2025-12-17 08:00:00,2025-12-17 15:00:00,1220.2,1208.2,6.472433738627504,327,3526.9566,0.5554736922542914,10.7858
ROSN,1,2025-12-17 09:00:00,2025-12-17 09:00:00,414.35,414.35,1.9063239820289801,965,-399.8477500000001,-0.0724518329353772,-0.41435000000000005
TATN,1,2025-12-17 09:00:00,2025-12-17 09:00:00,607.1,607.1,3.8792257043235785,658,-399.47180000000003,-0.052166767827177364,-0.6071000000000001
LKOH,-1,2025-12-17 10:00:00,2025-12-18 07:00:00,5739.0,5733.5,21.41993336466949,69,-16.301250000000003,-0.003676482025377913,-0.23625000000000007
ROSN,-1,2025-12-17 10:00:00,2025-12-17 15:00:00,411.1,410.4,2.0201579833126244,972,281.1510000000442,0.047727290371904096,0.28925000000004547
TATN,-1,2025-12-17 10:00:00,2025-12-18 07:00:00,605.4,601.5,3.8878524397290373,660,2175.722999999985,0.282636755647181,3.296549999999977
MTSS,1,2025-12-17 14:00:00,2025-12-18 10:00:00,217.05,218.0,1.094130746936594,1842,1349.218949999979,0.22315279413994824,0.7324749999999887
GMKN,1,2025-12-17 15:00:00,2025-12-18 14:00:00,140.16,142.4,0.732626131712497,2853,5987.648160000026,0.9548844943574419,2.098720000000009
PLZL,-1,2025-12-17 15:00:00,2025-12-18 12:00:00,2296.2,2293.8,11.307434883623735,174,18.26999999993671,0.00309530856114576,0.10499999999963627
SBER,1,2025-12-18 07:00:00,2025-12-18 09:00:00,303.45,302.92,0.8914748158248663,1318,-1098.1378299999642,-0.31153805851076904,-0.8331849999999728
ROSN,1,2025-12-18 07:00:00,2025-12-18 11:00:00,412.2,413.95,1.9356306863099153,970,1296.8172499999998,0.23023073038598985,1.336925
NVTK,1,2025-12-18 07:00:00,2025-12-18 09:00:00,1215.0,1213.2,7.359443368873531,329,-991.6388999999851,-0.13651847696108693,-3.0140999999999547
LKOH,1,2025-12-18 08:00:00,2025-12-19 10:00:00,5742.0,5934.0,23.565431482780713,69,12845.178,2.633263899510727,186.162
SNGS,1,2025-12-18 08:00:00,2025-12-18 11:00:00,22.865,22.69,0.167252334919311,17493,-3459.7218074999505,-0.3941698832792832,-0.19777749999999716
SBER,-1,2025-12-18 10:00:00,2025-12-19 07:00:00,302.13,302.72,0.9230940854107995,1323,-1180.678275000042,-0.32225859173133686,-0.8924250000000318
TATN,-1,2025-12-18 10:00:00,2025-12-19 07:00:00,597.5,589.7,3.9714487786972175,669,4821.0815999999695,0.6048506394488379,7.206399999999954
NVTK,-1,2025-12-18 10:00:00,2025-12-19 07:00:00,1209.0,1208.8,7.605356079232924,330,-332.936999999985,-0.0442188368955243,-1.0088999999999546
GAZP,1,2025-12-18 11:00:00,2025-12-19 13:00:00,129.35,129.81,0.6152664932132468,3092,1021.6586400000247,0.17901186106331482,0.330420000000008
MTSS,-1,2025-12-18 11:00:00,2025-12-19 07:00:00,217.75,217.9,1.1031829964675481,1836,-675.3267000000104,-0.11114052131507987,-0.3678250000000057
ROSN,-1,2025-12-18 12:00:00,2025-12-19 07:00:00,412.0,412.7,2.020205819026422,970,-1078.979499999989,-0.18353740487294387,-1.1123499999999886
SNGS,-1,2025-12-18 12:00:00,2025-12-19 07:00:00,22.625,22.665,0.15990378846393277,17679,-1107.500954999985,-0.13058894268397128,-0.06264499999999915
PLZL,1,2025-12-18 13:00:00,2025-12-18 15:00:00,2302.0,2290.6,13.421460945093488,173,-2369.4599000000158,-0.34015919369808684,-13.696300000000091
PLZL,-1,2025-12-19 07:00:00,2025-12-22 07:00:00,2293.4,2294.4,12.89808662404168,174,-573.1386,-0.08512632134289491,-3.2939000000000003
SBER,1,2025-12-19 08:00:00,2025-12-19 10:00:00,302.49,302.3,0.9574978955352695,1322,-650.9461899999969,-0.17141726100077895,-0.4923949999999977
ROSN,1,2025-12-19 08:00:00,2025-12-19 13:00:00,415.8,408.45527470419444,2.44824176526852,962,-7462.09252169768,-1.0561120560339365,-7.756852933157671
TATN,1,2025-12-19 08:00:00,2025-12-19 10:00:00,592.7,595.0,4.324995217924947,674,1149.9450999999694,0.13149532843634248,1.7061499999999545
GMKN,1,2025-12-19 08:00:00,2025-12-19 10:00:00,144.12,143.4,0.8299791994108071,2775,-2396.933999999997,-0.3469002599154181,-0.8637599999999989
NVTK,1,2025-12-19 08:00:00,2025-12-19 10:00:00,1216.6,1215.4,7.629148760948122,328,-792.4479999999404,-0.10556005113645063,-2.4159999999998183
MTSS,1,2025-12-19 08:00:00,2025-12-19 10:00:00,217.2,217.05,1.1563550019545041,1841,-675.8771249999581,-0.1058282273118123,-0.3671249999999773
SNGS,1,2025-12-19 08:00:00,2025-12-19 10:00:00,22.78,22.745,0.15409059902521838,17559,-1014.2517375000026,-0.12495354543670499,-0.05776250000000015
SBER,-1,2025-12-19 11:00:00,2025-12-20 11:00:00,301.15,300.11,1.1503618354558975,1328,981.8833599999517,0.21424273569453198,0.7393699999999637
TATN,-1,2025-12-19 11:00:00,2025-12-23 11:00:00,586.2,573.1,4.860355136217608,682,8538.878700000016,0.8586718219211942,12.520350000000022
GMKN,-1,2025-12-19 11:00:00,2025-12-22 07:00:00,142.88,142.9,0.9629243079830706,2799,-455.92911000002863,-0.0563872634811756,-0.16289000000001022
NVTK,-1,2025-12-19 11:00:00,2025-12-20 14:00:00,1195.2,1204.4,8.778075738995273,334,-3473.5332000000153,-0.3949157085305347,-10.399800000000045
MTSS,-1,2025-12-19 11:00:00,2025-12-22 09:00:00,215.55,215.5,1.2870305901217358,1855,-307.048874999979,-0.04286999891337269,-0.16552499999998865
SNGS,-1,2025-12-19 11:00:00,2025-12-22 13:00:00,22.4,22.23,0.17523398179970998,17857,2637.211044999967,0.2809291487172848,0.14768499999999815
GAZP,-1,2025-12-19 14:00:00,2025-12-23 14:00:00,127.87,124.1,0.8541873270540008,3128,11398.478920000032,1.4220202386471132,3.64401500000001
ROSN,-1,2025-12-19 15:00:00,2025-12-22 10:00:00,408.1,409.3,2.5212235348714085,980,-1576.525999999989,-0.21268773907454397,-1.6086999999999887
NVTK,1,2025-12-20 15:00:00,2025-12-22 07:00:00,1210.0,1195.2,6.6503224615627525,330,-5280.857999999985,-0.8020964443198603,-16.002599999999955
SBER,-1,2025-12-21 11:00:00,2025-12-22 10:00:00,300.08,298.53,0.6446094863444519,1332,1665.9257400000151,0.6467455756779917,1.2506950000000114
GMKN,1,2025-12-22 08:00:00,2025-12-22 15:00:00,142.66,143.0,0.49953518899019383,2803,552.6675100000097,0.13156897608393442,0.19717000000000343
NVTK,-1,2025-12-22 08:00:00,2025-12-23 11:00:00,1186.2,1153.0,5.441186236787168,337,10794.244800000015,1.9622191807763405,32.03040000000004
PLZL,1,2025-12-22 08:00:00,2025-12-22 11:00:00,2334.0,2307.8,16.805063909967778,171,-4877.073899999969,-0.5657203517701371,-28.52089999999982
MTSS,1,2025-12-22 10:00:00,2025-12-22 14:00:00,215.65,215.4,0.6970465745649584,1854,-863.08335,-0.22261783597006846,-0.465525
SBER,1,2025-12-22 11:00:00,2025-12-23 08:00:00,298.87,298.83,0.7136979178072803,1338,-453.3813000000274,-0.1582602347321219,-0.33885000000002047
LKOH,1,2025-12-22 11:00:00,2025-12-22 14:00:00,5855.5,5836.0,22.386212449341627,68,-1723.511,-0.37740119515312665,-25.34575
ROSN,1,2025-12-22 11:00:00,2025-12-22 14:00:00,411.6,408.5,1.5328238166567376,971,-3408.2585500000223,-0.7633079900980486,-3.5100500000000228
PLZL,-1,2025-12-22 12:00:00,2025-12-23 07:00:00,2291.0,2304.6,17.47493310944894,174,-2766.217199999984,-0.3032496109413574,-15.89779999999991
SNGS,1,2025-12-22 14:00:00,2025-12-22 14:00:00,22.195,22.195,0.10216728970856744,18022,-399.99829,-0.07241391402705412,-0.022195
LKOH,-1,2025-12-22 15:00:00,2025-12-24 12:00:00,5806.5,5674.5,23.386287322096166,68,8585.646,1.7996229765053489,126.2595
ROSN,-1,2025-12-22 15:00:00,2025-12-23 13:00:00,407.1,404.45,1.6445187168766398,982,2203.8289500000333,0.4548899275654317,2.244225000000034
MTSS,-1,2025-12-22 15:00:00,2025-12-23 10:00:00,215.2,215.0,0.7700775045552938,1858,-28.055800000021097,-0.006536138640024006,-0.015100000000011354
SNGS,-1,2025-12-22 15:00:00,2025-12-23 11:00:00,21.97,22.105,0.11379819758652694,18206,-2859.0247250000284,-0.4599882462420591,-0.15703750000000155
PLZL,1,2025-12-23 08:00:00,2025-12-23 14:00:00,2340.8,2326.4,19.050097316234737,170,-2844.7120000000155,-0.292799904067323,-16.73360000000009
SBER,-1,2025-12-23 09:00:00,2025-12-23 11:00:00,298.15,298.43,0.8108440812136829,1341,-775.4868900000396,-0.23773168948191897,-0.5782900000000295
MTSS,1,2025-12-23 11:00:00,2025-12-23 14:00:00,215.25,215.0,0.8681365779490102,1858,-864.20225,-0.17859133067858476,-0.465125
SBER,1,2025-12-23 12:00:00,2025-12-24 08:00:00,300.09,300.31,0.8861313580271378,1332,-106.82639999996368,-0.030168589669191614,-0.08019999999997274
SNGS,1,2025-12-23 12:00:00,2025-12-24 07:00:00,22.21,22.11,0.12099501473854789,18009,-2199.9794400000255,-0.33654279135376197,-0.12216000000000142
ROSN,1,2025-12-23 14:00:00,2025-12-24 07:00:00,406.3,404.7,1.947612817041901,984,-1973.4120000000223,-0.3432407068543262,-2.0055000000000227
PLZL,-1,2025-12-23 15:00:00,2025-12-24 12:00:00,2305.8,2317.4,18.718925388339322,173,-2406.7067999999845,-0.24772789590200756,-13.91159999999991
MTSS,-1,2025-12-23 15:00:00,2025-12-25 08:00:00,212.95,210.45,1.0325892545502309,1878,4297.4274,0.7386932057499552,2.2883
GMKN,-1,2025-12-24 07:00:00,2025-12-24 07:00:00,147.98,147.98,0.7602743512324639,2703,-399.98994,-0.06488008780870261,-0.14798
ROSN,-1,2025-12-24 08:00:00,2025-12-24 10:00:00,404.2,405.3,1.9442074923619026,989,-1488.1977500000223,-0.25798858162201455,-1.5047500000000227
TATN,-1,2025-12-24 08:00:00,2025-12-26 07:00:00,575.8,571.0,3.375151571773376,694,2933.2603999999683,0.4174232287667019,4.226599999999954
NVTK,-1,2025-12-24 08:00:00,2025-12-24 10:00:00,1159.8,1158.0,7.212566095555505,344,220.53839999998434,0.029628844598272742,0.6410999999999545
SNGS,-1,2025-12-24 08:00:00,2025-12-25 09:00:00,22.14,22.15,0.1160254786088382,18066,-580.731569999964,-0.09235040551845759,-0.03214499999999801
SBER,-1,2025-12-24 09:00:00,2025-12-24 11:00:00,300.0,301.4,0.9144465932705029,1333,-2267.0330999999696,-0.6199377898850101,-1.7006999999999772
GAZP,-1,2025-12-24 11:00:00,2025-12-26 09:00:00,125.0,124.24,0.6371854864919266,3200,2033.2160000000165,0.3323888221299255,0.6353800000000052
ROSN,1,2025-12-24 11:00:00,2025-12-24 15:00:00,407.85,406.7,2.029381873439898,980,-1526.1295000000334,-0.2557880670269283,-1.5572750000000342
NVTK,1,2025-12-24 11:00:00,2025-12-24 15:00:00,1167.2,1162.2,7.575002810472088,342,-2108.3274,-0.2712738267448821,-6.1647
SBER,1,2025-12-24 12:00:00,2025-12-25 07:00:00,302.77,301.88,0.9965667512446384,1321,-1575.061324999982,-0.3988108836365319,-1.1923249999999863
PLZL,1,2025-12-24 13:00:00,2025-12-25 08:00:00,2322.8,2326.8,15.934513365118228,172,288.13439999999997,0.03504342976813945,1.6751999999999998
ROSN,-1,2025-12-25 07:00:00,2025-12-26 07:00:00,406.35,406.2,1.7951538680592918,984,-252.17459999996643,-0.04758645011992206,-0.2562749999999659
NVTK,-1,2025-12-25 07:00:00,2025-12-25 13:00:00,1157.0,1150.0,6.775018070053793,345,2017.0425,0.28764990929653117,5.8465
SBER,-1,2025-12-25 08:00:00,2025-12-26 07:00:00,300.63,301.63,0.9355245931194457,1330,-1730.5029000000002,-0.4636008536705832,-1.3011300000000001
LKOH,-1,2025-12-25 08:00:00,2025-12-25 08:00:00,5663.0,5663.0,26.402406200687164,70,-396.41,-0.07149600882276924,-5.663
LKOH,1,2025-12-25 09:00:00,2025-12-28 07:00:00,5697.0,5834.0,27.659377186352362,70,9186.414999999999,1.5815552547914136,131.2345
PLZL,-1,2025-12-25 09:00:00,2025-12-26 07:00:00,2318.4,2343.0,14.76012463347646,172,-4632.080399999984,-0.6081859213871444,-26.93069999999991
MTSS,1,2025-12-25 09:00:00,2025-12-25 11:00:00,211.75,211.2,1.0568224319695028,1889,-1438.4262750000214,-0.24017752871404657,-0.7614750000000113
MTSS,-1,2025-12-25 12:00:00,2025-12-26 07:00:00,211.05,212.1,1.0134070273458458,1895,-2390.684624999968,-0.41496159850141007,-1.261574999999983
GMKN,1,2025-12-25 13:00:00,2025-12-28 07:00:00,146.26,152.7,0.8493117075058986,2734,17198.281679999996,2.4688697700372115,6.290519999999998
SNGS,1,2025-12-26 07:00:00,2025-12-26 13:00:00,22.06,22.095,0.0870334632282886,18132,234.31077000000258,0.049492457730901544,0.012922500000000142
SBER,1,2025-12-26 08:00:00,2025-12-27 14:00:00,301.33,302.82,0.7955080345909299,1327,1576.3764750000123,0.49776367149280065,1.1879250000000092
ROSN,1,2025-12-26 08:00:00,2025-12-26 11:00:00,406.2,406.9,1.460171891217777,984,288.75479999998885,0.06698982993371021,0.29344999999998866
PLZL,1,2025-12-26 08:00:00,2025-12-29 07:00:00,2347.0,2409.8,11.234260805167272,170,10271.672000000031,1.7927777966548206,60.42160000000018
MTSS,1,2025-12-26 08:00:00,2025-12-26 08:00:00,211.95,210.05,0.9584374914550468,1887,-3983.4569999999567,-0.7341810738208824,-2.110999999999977
GAZP,1,2025-12-26 10:00:00,2025-12-28 10:00:00,125.46,127.88,0.5560160457806638,3188,7311.136040000006,1.3748584040592422,2.293330000000002
ROSN,-1,2025-12-26 12:00:00,2025-12-26 14:00:00,406.2,405.7,1.5165287740803544,984,92.54520000000002,0.020672209150143634,0.09405000000000002
SNGS,-1,2025-12-26 14:00:00,2025-12-27 07:00:00,22.015,22.17,0.08771654694211765,18169,-3217.5936325000207,-0.6729726076915333,-0.17709250000000115
ROSN,1,2025-12-26 15:00:00,2025-12-28 07:00:00,406.85,410.0,1.6290684098595236,983,2694.9682249999773,0.5609698940832869,2.741574999999977
NVTK,-1,2025-12-26 15:00:00,2025-12-26 15:00:00,1184.6,1184.6,5.856045829012776,337,-399.2102,-0.06742888942404915,-1.1845999999999999
TATN,-1,2025-12-27 07:00:00,2025-12-27 07:00:00,584.8,584.8,3.0807227047914547,683,-399.41839999999996,-0.06327519611880456,-0.5848
SNGS,1,2025-12-27 08:00:00,2025-12-29 07:00:00,22.195,22.065,0.08311343062384546,18022,-2741.686859999982,-0.6101300309633813,-0.15212999999999902
MTSS,-1,2025-12-28 07:00:00,2025-12-28 11:00:00,212.0,212.0,0.7043134715413162,1886,-399.832,-0.10033411190051508,-0.212
ROSN,-1,2025-12-28 08:00:00,2025-12-28 12:00:00,408.25,408.7,1.2763152989966504,979,-840.4470249999889,-0.22420661537026718,-0.8584749999999887
SBER,1,2025-12-28 12:00:00,2025-12-29 07:00:00,302.19,302.33,0.5432301569375998,1323,-214.669980000018,-0.0995649191708701,-0.16226000000001362
MTSS,1,2025-12-28 12:00:00,2025-12-29 07:00:00,212.35,212.55,0.6674371388948593,1883,-23.44334999996789,-0.006217814020457229,-0.012449999999982947
LKOH,1,2025-12-28 13:00:00,2025-12-29 13:00:00,5821.0,5950.5,16.610242310276913,68,8405.769,2.4806832573722444,123.61425
ROSN,1,2025-12-28 13:00:00,2025-12-29 07:00:00,409.25,409.95,1.1285666617896586,977,283.72079999998886,0.08577251417873065,0.2903999999999886
TATN,1,2025-12-28 13:00:00,2025-12-29 07:00:00,581.9,579.4,1.916591021277754,687,-2116.4065499999997,-0.5357863633571288,-3.08065
GMKN,1,2025-12-28 13:00:00,2025-12-29 07:00:00,152.42,150.94,0.5122052460716853,2624,-4281.528319999973,-1.0618659951351022,-1.6316799999999898
NVTK,1,2025-12-28 14:00:00,2025-12-29 13:00:00,1196.4,1218.2,3.7533273156401656,334,6877.961799999985,1.828839521863698,20.592699999999954
GAZP,1,2025-12-28 15:00:00,2025-12-29 07:00:00,127.39,127.7,0.3739630665245029,3139,572.7262450000071,0.1626319248544004,0.18245500000000228
SBER,-1,2025-12-29 08:00:00,2025-12-29 08:00:00,302.41,302.41,0.5187201290009976,1322,-399.78602,-0.1943308688010051,-0.30241
GAZP,-1,2025-12-29 08:00:00,2025-12-29 11:00:00,127.21,126.84,0.4379579502175572,3144,763.9133999999697,0.18493023502925465,0.24297499999999034
ROSN,-1,2025-12-29 08:00:00,2025-12-29 08:00:00,412.0,412.0,1.2584611210790948,970,-399.64000000000004,-0.10912799055371206,-0.41200000000000003
TATN,-1,2025-12-29 08:00:00,2025-12-29 08:00:00,578.8,578.8,1.87360881296111,691,-399.9508,-0.10297418116240363,-0.5788
GMKN,-1,2025-12-29 08:00:00,2025-12-29 08:00:00,150.68,150.68,0.5017329767038068,2654,-399.90472,-0.10010636932145979,-0.15068
SNGS,-1,2025-12-29 08:00:00,2025-12-29 08:00:00,22.025,22.025,0.06095142972102962,18161,-399.996025,-0.1204510985266294,-0.022025
SBER,1,2025-12-29 09:00:00,2025-12-29 12:00:00,305.84,304.11,0.7423829769294962,1307,-2659.71232499995,-0.9137130309824002,-2.0349749999999616
ROSN,1,2025-12-29 09:00:00,2025-12-29 13:00:00,415.75,417.0,1.4471424695734474,962,801.94725,0.1920163396779483,0.8336250000000001
TATN,1,2025-12-29 09:00:00,2025-12-29 13:00:00,591.6,590.0,2.71120818346389,676,-1480.9808000000153,-0.2693510115234574,-2.1908000000000225
GMKN,1,2025-12-29 09:00:00,2025-12-29 12:00:00,152.66,151.5,0.6344663355106788,2620,-3437.649599999991,-0.6893352342295198,-1.3120799999999966
SNGS,1,2025-12-29 09:00:00,2025-12-29 12:00:00,22.27,22.034849588634273,0.07838347045524177,17961,-4621.416240270541,-1.0942053414478823,-0.25730283616004346
PLZL,1,2025-12-29 10:00:00,2025-12-29 14:00:00,2433.2,2421.8,11.370290667979328,164,-2267.7099999999405,-0.40536929101089236,-13.827499999999636
GAZP,1,2025-12-29 12:00:00,2025-12-30 07:00:00,129.5,125.22,0.6527516403624452,3088,-13609.927680000004,-2.250656925479744,-4.4073600000000015
SBER,-1,2025-12-29 13:00:00,2025-12-30 12:00:00,303.67,299.96,0.8460034934424,1317,4488.579645000048,1.3428569450038887,3.4081850000000364
GMKN,-1,2025-12-29 13:00:00,2025-12-30 13:00:00,150.94,149.02,0.7253606051780624,2650,4690.552999999967,0.8133977258412414,1.7700199999999875
ROSN,-1,2025-12-29 14:00:00,2025-12-30 14:00:00,414.9,409.0,1.845429859871138,964,5290.480199999978,0.991286658885931,5.488049999999977
TATN,-1,2025-12-29 14:00:00,2025-12-30 13:00:00,584.5,576.0,3.3374859062869278,684,5417.1089999999995,0.7909896073849396,7.91975
MTSS,-1,2025-12-29 14:00:00,2025-12-30 10:00:00,214.55,213.65,0.8005651196173916,1864,1278.5176000000104,0.2855899260794728,0.6859000000000056
SNGS,-1,2025-12-29 14:00:00,2025-12-30 10:00:00,21.9,21.755,0.1046122502821339,18264,2249.622539999992,0.3924731557658866,0.12317249999999957
PLZL,-1,2025-12-29 15:00:00,2025-12-30 13:00:00,2389.4,2393.2,13.793128110657136,167,-1033.9470999999544,-0.14962281580434425,-6.191299999999727
GAZP,-1,2025-12-30 08:00:00,2026-01-05 14:00:00,125.52,123.39,0.633883770164762,3186,6389.666369999984,1.0546334067304404,2.0055449999999952
NVTK,1,2025-12-30 11:00:00,2025-12-30 15:00:00,1194.4,1192.8,8.834227018203798,334,-933.0624000000456,-0.10540820357923969,-2.7936000000001364
MTSS,1,2025-12-30 11:00:00,2025-12-30 15:00:00,214.15,213.65,0.9475894231006127,1867,-1332.8513,-0.2511284538065174,-0.7139
LKOH,1,2025-12-30 13:00:00,2026-01-05 07:00:00,5884.5,5843.5,32.263326539782064,67,-3139.888,-0.4841823521846565,-46.864
NVTK,-1,2026-01-05 07:00:00,2026-01-05 13:00:00,1162.4,1169.2,7.403501242543925,344,-2740.235199999984,-0.3586501277812,-7.9657999999999545
SBER,-1,2026-01-05 08:00:00,2026-01-06 09:00:00,297.71,299.71,0.9473479219025848,1343,-3087.1675299999997,-0.8088228716729673,-2.29871
LKOH,-1,2026-01-05 08:00:00,2026-01-05 15:00:00,5869.5,5880.0,31.075368838575475,68,-1113.483,-0.17564554191950216,-16.37475
ROSN,-1,2026-01-05 08:00:00,2026-01-08 15:00:00,402.55,400.8,1.9692692934345277,993,1338.886725,0.2282276315205284,1.348325
TATN,-1,2026-01-05 08:00:00,2026-01-06 08:00:00,575.2,578.7,3.9368140861759287,695,-2833.48025,-0.34519875807836237,-4.07695
GMKN,-1,2026-01-05 08:00:00,2026-01-05 09:00:00,148.26,149.64,0.7686982446475289,2697,-4123.5781499999875,-0.6630039856975194,-1.5289499999999954
MTSS,-1,2026-01-05 08:00:00,2026-01-08 07:00:00,212.2,213.8,0.8888176583161096,1885,-3417.505000000043,-0.679929485737567,-1.8130000000000228
SNGS,-1,2026-01-05 08:00:00,2026-01-06 07:00:00,21.45,21.91,0.12521646595184274,18648,-8982.368640000015,-1.2822594758563972,-0.48168000000000083
GMKN,1,2026-01-05 10:00:00,2026-01-06 14:00:00,150.26,151.2,0.8585204252317968,2662,2101.0367399999936,0.3064458250122192,0.7892699999999977
PLZL,-1,2026-01-05 14:00:00,2026-01-05 14:00:00,2434.8,2434.8,11.474792295325427,164,-399.3072,-0.07072894908351655,-2.4348
LKOH,1,2026-01-06 08:00:00,2026-01-08 07:00:00,5895.5,5847.5,24.12164227852016,67,-3609.3905,-0.7444421262584249,-53.8715
SNGS,1,2026-01-06 08:00:00,2026-01-08 07:00:00,21.865,21.49,0.11497224720337708,18294,-7256.818185,-1.150067399304077,-0.3966775
TATN,1,2026-01-06 09:00:00,2026-01-06 15:00:00,581.0,573.3,3.1509429076898896,688,-5694.679200000031,-0.8756267824677312,-8.277150000000045
SBER,1,2026-01-06 10:00:00,2026-01-08 10:00:00,299.46,297.2070679825436,0.7509773391521156,1335,-3405.939511182607,-1.132420122613433,-2.5512655514476457
NVTK,-1,2026-01-06 12:00:00,2026-01-09 07:00:00,1171.2,1160.6,5.641438157212093,341,3217.0281000000464,0.5574287818753835,9.434100000000136
GAZP,-1,2026-01-08 07:00:00,2026-01-08 12:00:00,122.61,122.44,0.5037172019458216,3262,154.86345000000554,0.03141643751468042,0.047475000000001696
TATN,-1,2026-01-08 07:00:00,2026-01-12 07:00:00,571.0,562.7,2.7246236450806847,700,5413.204999999968,0.9460817354795867,7.733149999999954
GMKN,1,2026-01-08 07:00:00,2026-01-08 07:00:00,149.66,149.66,0.5999046363050873,2672,-399.89151999999996,-0.0831576614808763,-0.14966
LKOH,-1,2026-01-08 08:00:00,2026-01-09 11:00:00,5868.0,5841.0,21.648377385683645,68,1437.8939999999998,0.3255902220487557,21.1455
GMKN,-1,2026-01-08 08:00:00,2026-01-09 08:00:00,150.02,149.94,0.6084828765690096,2666,-186.56667999996674,-0.03833578160521494,-0.06997999999998752
MTSS,1,2026-01-08 08:00:00,2026-01-08 12:00:00,215.2,214.0,0.7089468719092316,1858,-2628.326799999979,-0.665118010977981,-1.4145999999999885
PLZL,1,2026-01-08 12:00:00,2026-01-08 12:00:00,2403.0,2403.0,10.561770765604201,166,-398.898,-0.0758395554851997,-2.403
SBER,-1,2026-01-08 13:00:00,2026-01-09 07:00:00,296.82,298.58,0.6956218669478367,1347,-2771.7218999999877,-0.9860242073894312,-2.0576999999999908
MTSS,-1,2026-01-08 13:00:00,2026-01-12 07:00:00,213.25,214.9,0.7760703518470624,1875,-3495.140625000011,-0.800646915391743,-1.8640750000000057
SNGS,-1,2026-01-08 13:00:00,2026-01-09 11:00:00,21.45,21.495,0.09284066450138434,18648,-1239.579180000032,-0.23866158346669505,-0.06647250000000171
SBER,1,2026-01-09 08:00:00,2026-01-12 11:00:00,298.1,300.29,0.692412696321775,1341,2535.5695049999968,0.9102495328023807,1.8908049999999976
GMKN,1,2026-01-09 09:00:00,2026-01-13 07:00:00,150.44,154.94,0.6061404788710214,2658,11555.14998,2.3907054286035945,4.34731
ROSN,-1,2026-01-09 12:00:00,2026-01-09 12:00:00,405.65,405.65,1.2656100190429684,986,-399.97090000000003,-0.10683912471624955,-0.40565
SNGS,1,2026-01-09 12:00:00,2026-01-12 14:00:00,21.475,21.86,0.08108861387086568,18626,6767.431144999963,1.4935615193299858,0.363332499999998
PLZL,-1,2026-01-09 13:00:00,2026-01-09 14:00:00,2400.8,2408.8,9.480579373294365,166,-1727.1968,-0.36582855647370566,-10.4048
GAZP,-1,2026-01-09 15:00:00,2026-01-09 15:00:00,123.45,123.45,0.5282779059625489,3240,-399.978,-0.07789460724279701,-0.12345
PLZL,1,2026-01-09 15:00:00,2026-01-14 09:00:00,2408.0,2594.0,10.114377112687475,166,30460.834,6.047464184087648,183.499
GAZP,1,2026-01-12 07:00:00,2026-01-12 07:00:00,123.13,123.13,0.5041151983937953,3248,-399.92624,-0.08141657594158046,-0.12313
NVTK,-1,2026-01-12 07:00:00,2026-01-12 07:00:00,1163.2,1163.2,4.33731200216657,343,-398.9776,-0.08939484481163751,-1.1632
GAZP,-1,2026-01-12 08:00:00,2026-01-12 10:00:00,123.25,123.31,0.5016783985085241,3245,-594.7436000000074,-0.12177788303216336,-0.18328000000000227
LKOH,-1,2026-01-12 08:00:00,2026-01-13 10:00:00,5522.5,5409.0,15.87241059182707,72,7778.466,2.2688057657234157,108.03425
NVTK,1,2026-01-12 08:00:00,2026-01-12 11:00:00,1173.4,1169.2,4.770361144868964,340,-1826.2420000000157,-0.3753244836104604,-5.371300000000046
MTSS,1,2026-01-12 08:00:00,2026-01-13 09:00:00,216.1,216.2,0.6580940074850254,1850,-214.87750000001049,-0.05883151377510383,-0.11615000000000567
TATN,-1,2026-01-12 09:00:00,2026-01-12 15:00:00,559.5,558.0,2.039879609307545,714,672.0525,0.15380809659963474,0.94125
GAZP,1,2026-01-12 11:00:00,2026-01-12 13:00:00,124.22,123.79,0.5191353649865998,3220,-1783.8960999999763,-0.3557228919245323,-0.5540049999999926
SBER,-1,2026-01-12 12:00:00,2026-01-14 08:00:00,299.31,296.75,0.780508312505737,1336,3021.991920000003,0.9660243048269376,2.2619700000000025
NVTK,-1,2026-01-12 12:00:00,2026-01-13 09:00:00,1166.4,1154.6,4.848955764749107,342,3638.709000000062,0.7313945872186283,10.639500000000181
GAZP,-1,2026-01-12 14:00:00,2026-01-13 14:00:00,123.5,120.44,0.503513264167478,3238,9513.341140000008,1.9450199290233319,2.938030000000002
ROSN,1,2026-01-12 15:00:00,2026-01-12 15:00:00,392.55,392.55,1.3954109990167722,1018,-399.6159,-0.0937716558721401,-0.39255
TATN,-1,2026-01-13 08:00:00,2026-01-14 08:00:00,554.3,542.0,2.1072352831932384,721,8473.083849999968,1.858968177201926,11.751849999999955
NVTK,1,2026-01-13 10:00:00,2026-01-13 12:00:00,1159.0,1159.8,5.217110901053139,345,-123.99300000001575,-0.022962900784001372,-0.3594000000000457
MTSS,-1,2026-01-13 10:00:00,2026-01-14 08:00:00,215.0,214.9,0.8850502660046168,1860,-213.8070000000106,-0.043293209593215,-0.11495000000000569
GMKN,1,2026-01-13 11:00:00,2026-01-14 09:00:00,155.66,156.86,0.8578062851037714,2569,2681.3680600000434,0.40558496641377584,1.043740000000017
NVTK,-1,2026-01-13 13:00:00,2026-01-14 08:00:00,1155.6,1131.6,5.182941927701789,346,7908.3144,1.4699759530931722,22.8564
SNGS,1,2026-01-13 14:00:00,2026-01-13 15:00:00,21.78,21.82,0.10969372337316878,18365,334.24299999998436,0.05530550409003891,0.018199999999999147
ROSN,-1,2026-01-13 15:00:00,2026-01-14 08:00:00,390.95,388.65,1.788260521009163,1023,1954.1346000000117,0.35606295942495647,1.9102000000000114
SNGS,-1,2026-01-14 07:00:00,2026-01-14 09:00:00,21.675,21.775,0.12828183290849787,18454,-2246.3131499999604,-0.3162957612941267,-0.12172499999999786
LKOH,-1,2026-01-14 08:00:00,2026-01-14 08:00:00,5368.0,5368.0,24.972756731268877,74,-397.232,-0.0716514140824859,-5.368
LKOH,1,2026-01-14 09:00:00,2026-01-17 12:00:00,5399.5,5452.0,28.26041696474967,74,3483.4945,0.5552436358684724,47.07425
ROSN,1,2026-01-14 09:00:00,2026-01-15 07:00:00,392.15,394.65,2.0835489667117835,1020,2148.7320000000004,0.33702111695901177,2.1066000000000003
NVTK,1,2026-01-14 09:00:00,2026-01-17 13:00:00,1148.0,1192.6,7.6492191816694435,348,15113.53559999997,1.892554824596767,43.42969999999991
MTSS,1,2026-01-14 09:00:00,2026-01-15 09:00:00,216.15,219.2,0.8426496818791858,1850,5239.801249999969,1.1204043075502976,2.832324999999983
SNGS,1,2026-01-14 10:00:00,2026-01-17 10:00:00,22.065,22.22,0.17234336257287544,18128,2408.440759999956,0.25696280188688,0.13285749999999757
GAZP,-1,2026-01-14 11:00:00,2026-01-14 11:00:00,120.1,120.1,0.5438905708967854,3330,-399.933,-0.07360549249332453,-0.1201
GAZP,1,2026-01-14 12:00:00,2026-01-18 10:00:00,121.97,123.48,0.7514698158327283,3279,4548.874725000017,0.6153607107792791,1.3872750000000051
ROSN,-1,2026-01-15 08:00:00,2026-01-15 10:00:00,392.7,392.95,1.823130594522178,1018,-654.39585,-0.11753134999972895,-0.642825
TATN,-1,2026-01-15 10:00:00,2026-01-15 10:00:00,560.6,560.6,3.2207979456830707,713,-399.70779999999996,-0.058018748713227875,-0.5606
ROSN,1,2026-01-15 11:00:00,2026-01-17 12:00:00,395.55,395.9,1.9315480744042397,1011,-46.22797500003453,-0.007890907230657017,-0.045725000000034155
GMKN,1,2026-01-15 11:00:00,2026-01-15 13:00:00,156.1,156.26,0.8947305247651781,2562,9.786839999991228,0.00142314730311272,0.003819999999996576
PLZL,1,2026-01-15 12:00:00,2026-01-16 09:00:00,2565.2,2562.2,18.259705189409335,155,-862.3735,-0.10156607937691782,-5.5637
GMKN,-1,2026-01-15 14:00:00,2026-01-16 08:00:00,156.06,155.9,0.8566191555791177,2563,10.303259999991168,0.0015642890907487865,0.004019999999996554
TATN,1,2026-01-16 08:00:00,2026-01-16 10:00:00,564.4,564.1,3.4006161700901116,708,-611.8889999999678,-0.08471503954699021,-0.8642499999999546
MTSS,1,2026-01-16 08:00:00,2026-01-17 11:00:00,220.45,223.65,1.0962181989552753,1814,5402.001300000031,0.9055222773586747,2.977950000000017
GMKN,1,2026-01-16 09:00:00,2026-01-16 12:00:00,156.0,155.84,0.8215555940882764,2564,-810.0188799999914,-0.12817959907330426,-0.31591999999999665
PLZL,-1,2026-01-16 10:00:00,2026-01-16 13:00:00,2569.4,2561.2,18.060730018922804,155,873.3785000000422,0.10399542717074775,5.634700000000272
TATN,-1,2026-01-16 11:00:00,2026-01-19 09:00:00,559.5,561.0,3.541746984580166,714,-1471.0185,-0.19390148505523647,-2.06025
GMKN,-1,2026-01-16 14:00:00,2026-01-18 13:00:00,156.32,156.4,0.8219561068227118,2558,-604.6088800000321,-0.09585264470048446,-0.23636000000001253
PLZL,1,2026-01-16 14:00:00,2026-01-16 15:00:00,2568.0,2567.6,17.346202365432507,155,-460.0090000000141,-0.05703073478712011,-2.967800000000091
PLZL,-1,2026-01-17 07:00:00,2026-01-18 10:00:00,2561.0,2568.2,17.85259285590863,156,-1523.2775999999717,-0.18231898822413076,-9.764599999999819
SBER,-1,2026-01-17 10:00:00,2026-01-17 10:00:00,301.35,301.35,0.7744664117114114,1327,-399.89145,-0.12970220332477192,-0.30135
SNGS,-1,2026-01-17 11:00:00,2026-01-18 10:00:00,22.205,22.3,0.11268143771344498,18013,-2112.0692825000433,-0.3468554134538169,-0.11725250000000241
SBER,1,2026-01-18 08:00:00,2026-01-19 07:00:00,301.36,301.01,0.5853508658739016,1327,-864.1224950000302,-0.3708231751611254,-0.6511850000000228
NVTK,1,2026-01-18 09:00:00,2026-01-19 07:00:00,1189.6,1189.0,4.681749701178225,336,-601.2047999999694,-0.12739539091190683,-1.789299999999909
PLZL,1,2026-01-18 11:00:00,2026-01-20 08:00:00,2570.0,2617.6,9.152504097828437,155,6975.960999999986,1.6391215460068562,45.00619999999991
SNGS,1,2026-01-18 11:00:00,2026-01-19 07:00:00,22.27,22.215,0.08423417214507821,17961,-1387.3525424999948,-0.3056657333279713,-0.07724249999999971
LKOH,1,2026-01-18 13:00:00,2026-01-19 07:00:00,5455.5,5435.0,10.228540449085184,73,-1894.0032500000002,-0.8455181567415282,-25.94525
GMKN,1,2026-01-18 14:00:00,2026-01-20 07:00:00,156.48,159.08,0.3637997237326522,2556,6242.314320000059,2.237696403341923,2.442220000000023
MTSS,1,2026-01-18 15:00:00,2026-01-19 07:00:00,223.3,222.75,0.6064347321890344,1791,-1384.4877750000205,-0.4249014548851447,-0.7730250000000114
SBER,-1,2026-01-19 08:00:00,2026-01-19 08:00:00,301.3,301.3,0.4625802116476551,1327,-399.8251,-0.21711549868422145,-0.3013
GAZP,1,2026-01-19 08:00:00,2026-01-19 09:00:00,123.79,123.68,0.32773743677572426,3231,-755.1977849999982,-0.23772586810088048,-0.23373499999999944
LKOH,-1,2026-01-19 08:00:00,2026-01-21 09:00:00,5433.5,5328.5,11.786048619489849,73,7272.187,2.817427146738738,99.619
NVTK,-1,2026-01-19 08:00:00,2026-01-19 08:00:00,1188.4,1188.4,3.7053465842232427,336,-399.30240000000003,-0.10690857773467238,-1.1884000000000001
MTSS,-1,2026-01-19 08:00:00,2026-01-19 14:00:00,222.35,221.7,0.6180483149997283,1798,769.4990500000102,0.2308206816054469,0.4279750000000057
SNGS,-1,2026-01-19 08:00:00,2026-01-19 11:00:00,22.205,22.24,0.06905193563287487,18013,-1030.7488925000025,-0.27622928295706906,-0.057222500000000134
SBER,1,2026-01-19 09:00:00,2026-01-20 09:00:00,303.59,302.99,0.6238244822442531,1317,-1189.632929999955,-0.4826624719559555,-0.9032899999999658
ROSN,1,2026-01-19 09:00:00,2026-01-19 11:00:00,396.15,396.25,0.881755746397498,1009,-298.86579999997707,-0.11197356380915095,-0.29619999999997726
NVTK,1,2026-01-19 09:00:00,2026-01-20 07:00:00,1198.2,1200.4,4.669250399635871,333,333.23310000001504,0.07143901871116073,1.0007000000000452
GAZP,-1,2026-01-19 10:00:00,2026-01-19 11:00:00,123.26,123.38,0.34906952456682455,3245,-789.5733999999686,-0.2323510388576952,-0.24331999999999032
TATN,1,2026-01-19 10:00:00,2026-01-19 12:00:00,561.2,556.7,1.7294843154344612,712,-3601.9724,-0.9750401617507872,-5.05895
GAZP,1,2026-01-19 12:00:00,2026-01-20 07:00:00,123.66,123.29,0.39562627373364023,3234,-1595.8981499999688,-0.41577538598310915,-0.49347499999999034
ROSN,-1,2026-01-19 12:00:00,2026-01-19 15:00:00,393.8,395.05,1.0799261570099499,1015,-1669.091375,-0.5075732846256231,-1.644425
SNGS,1,2026-01-19 12:00:00,2026-01-19 13:00:00,22.23,22.205,0.07908637894654703,17993,-849.5844775000384,-0.19901235682196522,-0.04721750000000213
TATN,-1,2026-01-19 13:00:00,2026-01-20 13:00:00,555.8,550.3,1.8823167059072639,719,3556.85705,0.8760392595774867,4.94695
SNGS,-1,2026-01-19 14:00:00,2026-01-20 14:00:00,22.265,21.87,0.08676325531615514,17965,6699.732362499992,1.4327589816721267,0.37293249999999956
ROSN,1,2026-01-20 07:00:00,2026-01-20 07:00:00,392.7,392.7,1.1727267537057817,1018,-399.7686,-0.1116202044392352,-0.3927
GAZP,-1,2026-01-20 08:00:00,2026-01-21 07:00:00,123.47,123.67,0.38644371774667013,3239,-1048.0432300000093,-0.27910058234501345,-0.32357000000000286
ROSN,-1,2026-01-20 08:00:00,2026-01-20 14:00:00,391.8,391.55,1.2175319855839368,1020,-144.5085,-0.0387874820203188,-0.141675
GMKN,-1,2026-01-20 08:00:00,2026-01-20 14:00:00,158.68,159.0,0.5929137427227315,2520,-1206.6767999999827,-0.2692016086528326,-0.47883999999999316
NVTK,-1,2026-01-20 08:00:00,2026-01-20 09:00:00,1193.6,1195.6,5.901404815692363,335,-1070.191,-0.1804429114632318,-3.1946
MTSS,-1,2026-01-20 09:00:00,2026-01-20 09:00:00,220.7,220.7,0.7887186740370945,1812,-399.9084,-0.09327364634352087,-0.22069999999999998
SBER,-1,2026-01-20 10:00:00,2026-01-20 14:00:00,303.12,303.94,0.7483328623429646,1319,-1481.9360699999909,-0.5004591123092466,-1.123529999999993
NVTK,1,2026-01-20 10:00:00,2026-01-21 15:00:00,1208.2,1234.0,7.156823540061282,331,8135.615899999985,1.1447769559785035,24.578899999999955
MTSS,1,2026-01-20 10:00:00,2026-01-21 07:00:00,222.6,223.9,0.8859530544630166,1796,1933.8430000000205,0.405119283531578,1.0767500000000114
PLZL,1,2026-01-20 13:00:00,2026-01-21 14:00:00,2637.6,2699.8,10.664082297412353,151,8989.22630000004,1.8608039691780942,59.53130000000027
TATN,1,2026-01-20 14:00:00,2026-01-21 08:00:00,550.3,550.4,2.0379304676461083,726,-326.95409999998344,-0.07366132900503218,-0.45034999999997716
SBER,1,2026-01-20 15:00:00,2026-01-22 13:00:00,304.14,306.71,0.7546463777330598,1315,2977.916124999991,1.0002808674453696,2.264574999999993
GMKN,1,2026-01-20 15:00:00,2026-01-21 15:00:00,159.0,161.44,0.5994862804747566,2515,5733.646699999995,1.2676297880659593,2.279779999999998
GAZP,1,2026-01-21 08:00:00,2026-01-23 07:00:00,123.37,125.29,0.43312599912577476,3242,5821.5621400000055,1.381945826098639,1.7956700000000017
MTSS,-1,2026-01-21 08:00:00,2026-01-21 10:00:00,223.1,223.85,0.8858961058649045,1792,-1744.4672,-0.3662863675756469,-0.973475
ROSN,-1,2026-01-21 09:00:00,2026-01-21 09:00:00,392.05,392.05,1.3082817979630064,1020,-399.891,-0.09988928496659295,-0.39205
TATN,-1,2026-01-21 09:00:00,2026-01-21 09:00:00,552.1,552.1,2.239991984757397,724,-399.72040000000004,-0.08215803207584475,-0.5521
ROSN,1,2026-01-21 10:00:00,2026-01-22 12:00:00,393.65,399.15,1.4041188123942188,1016,5185.2576,1.2115783828144973,5.1036
TATN,1,2026-01-21 10:00:00,2026-01-22 11:00:00,553.8,565.6,2.3299925572747258,722,8115.4966000000495,1.6080595000050526,11.240300000000069
MTSS,1,2026-01-21 11:00:00,2026-01-22 09:00:00,225.2,227.65,0.9969255628954811,1776,3949.0692000000304,0.7434774412985735,2.223575000000017
NVTK,1,2026-01-22 08:00:00,2026-01-22 11:00:00,1245.4,1239.2,8.66667562974494,321,-2388.9783000000148,-0.2862420116604376,-7.442300000000046
GMKN,1,2026-01-22 10:00:00,2026-01-22 13:00:00,162.0,162.14,0.8127912516741288,2469,-54.49083000003366,-0.009051114479294013,-0.022070000000013634
SNGS,-1,2026-01-22 11:00:00,2026-01-22 11:00:00,22.13,22.13,0.11952744489359764,18075,-399.99975,-0.06171525437721282,-0.02213
LKOH,-1,2026-01-22 14:00:00,2026-01-24 07:00:00,5378.0,5383.0,23.015138374434475,74,-768.1570000000002,-0.15034307464821792,-10.380500000000001
GMKN,-1,2026-01-22 14:00:00,2026-01-23 07:00:00,161.2,161.96,0.7733900181972279,2481,-2286.439980000048,-0.39720364383472057,-0.9215800000000193
TATN,1,2026-01-23 07:00:00,2026-01-24 10:00:00,560.5,567.6,3.272238247131296,713,4660.132350000016,0.6657980976507396,6.535950000000023
ROSN,1,2026-01-23 08:00:00,2026-01-23 12:00:00,399.2,397.9,2.0004814260956034,1002,-1701.9471000000115,-0.2830235392079462,-1.6985500000000113
GMKN,1,2026-01-23 08:00:00,2026-01-24 12:00:00,163.18,165.7,0.9135414978058695,2451,5773.477559999956,0.8594975362942028,2.355559999999982
PLZL,1,2026-01-23 08:00:00,2026-01-26 07:00:00,2707.8,2744.6,16.741178744816125,147,5008.84859999996,0.6784428687167686,34.07379999999973
SBER,1,2026-01-23 09:00:00,2026-01-26 07:00:00,307.11,305.35,0.977950925017787,1302,-2690.2314599999886,-0.7042718767516923,-2.066229999999991
ROSN,-1,2026-01-23 13:00:00,2026-01-24 07:00:00,398.7,399.45,1.7969816336558306,1003,-1152.5222250000002,-0.2131490900220071,-1.149075
NVTK,1,2026-01-23 13:00:00,2026-01-23 13:00:00,1208.0,1208.0,9.060494801092597,331,-399.848,-0.04444201729668334,-1.208
MTSS,1,2026-01-23 14:00:00,2026-01-24 10:00:00,225.45,226.8,1.0713427687150676,1774,1993.7542500000404,0.34967800310009106,1.1238750000000228
SNGS,1,2026-01-23 15:00:00,2026-01-23 15:00:00,21.93,21.93,0.09687425329475315,18239,-399.98127000000005,-0.07545864614572384,-0.02193
LKOH,1,2026-01-24 08:00:00,2026-01-26 07:00:00,5380.5,5324.0,19.932125185660944,74,-4577.0665,-1.0343812551156721,-61.85225
ROSN,1,2026-01-24 08:00:00,2026-01-24 11:00:00,399.8,398.25,1.732019013922435,1000,-1949.0250000000112,-0.37509692144124357,-1.9490250000000113
GAZP,1,2026-01-24 10:00:00,2026-01-24 13:00:00,127.6,127.12,0.4976342831356224,3134,-1903.466239999968,-0.40683156324692854,-0.6073599999999898
TATN,-1,2026-01-24 11:00:00,2026-01-24 15:00:00,565.3,563.8,2.783996213258769,707,661.36315,0.11200326537142588,0.93545
NVTK,-1,2026-01-24 11:00:00,2026-01-24 14:00:00,1208.2,1207.4,7.42262406773585,331,-134.9818000000151,-0.01831337975530974,-0.4078000000000457
MTSS,-1,2026-01-24 11:00:00,2026-01-25 07:00:00,226.35,226.75,0.901532135329294,1767,-1107.1138500000102,-0.23166118190974663,-0.6265500000000057
ROSN,-1,2026-01-24 12:00:00,2026-01-24 14:00:00,398.15,399.0,1.58462737027902,1004,-1253.5693000000228,-0.2626432399646054,-1.2485750000000229
SNGS,-1,2026-01-24 13:00:00,2026-01-25 13:00:00,21.97,22.03,0.08379544555058312,18206,-1492.8920000000412,-0.3261911569744482,-0.08200000000000227
GAZP,-1,2026-01-24 14:00:00,2026-01-27 09:00:00,126.25,125.68,0.5291413150936208,3168,1406.7028799999784,0.2797204875988123,0.4440349999999932
ROSN,1,2026-01-24 15:00:00,2026-01-26 07:00:00,399.7,398.55,1.5169374389588228,1000,-1549.1249999999773,-0.34040625983522144,-1.5491249999999772
NVTK,1,2026-01-24 15:00:00,2026-01-26 07:00:00,1212.2,1208.0,7.4749314347825,329,-1779.9229000000148,-0.24125527871402538,-5.410100000000045
TATN,1,2026-01-25 07:00:00,2026-01-25 15:00:00,565.9,567.8,2.660850772761137,706,941.203899999984,0.1670079877768545,1.3331499999999772
GMKN,1,2026-01-25 08:00:00,2026-01-26 07:00:00,166.74,168.52,0.7194405659850837,2398,3866.4632600000027,0.7470480427118567,1.6123700000000012
MTSS,1,2026-01-25 08:00:00,2026-01-25 13:00:00,227.0,227.25,0.8221157617941701,1762,40.30575000000001,0.009274849545956088,0.022875000000000006
MTSS,-1,2026-01-25 14:00:00,2026-01-25 14:00:00,227.1,227.1,0.7203082710634462,1761,-399.9231,-0.10509389249166651,-0.2271
SNGS,1,2026-01-25 14:00:00,2026-01-26 07:00:00,22.035,21.86,0.060614927569197445,18152,-3574.991020000013,-1.0830527940781984,-0.19694750000000072
MTSS,1,2026-01-25 15:00:00,2026-01-26 07:00:00,227.45,226.6,0.7474291088446282,1758,-1893.40994999999,-0.4803242596321738,-1.0770249999999943
SBER,-1,2026-01-26 08:00:00,2026-01-27 07:00:00,305.02,303.72,0.5831770318295133,1311,1305.2709299999403,0.5690839120078254,0.9956299999999545
LKOH,-1,2026-01-26 08:00:00,2026-01-27 11:00:00,5322.0,5228.5,14.893720965656188,75,6616.85625,1.974540148013598,88.22475
NVTK,-1,2026-01-26 08:00:00,2026-01-27 10:00:00,1211.4,1186.8,5.193784359572969,330,7722.297000000044,1.5018528802842679,23.400900000000135
MTSS,-1,2026-01-26 08:00:00,2026-01-26 10:00:00,226.35,226.3,0.7500791805854173,1767,-311.56627500003015,-0.07835839404865673,-0.17632500000001705
SNGS,-1,2026-01-26 08:00:00,2026-01-27 12:00:00,21.85,22.0,0.05851348245974006,18306,-3147.259049999974,-0.979403907001495,-0.17192499999999858
GMKN,1,2026-01-26 11:00:00,2026-01-27 07:00:00,169.18,166.58,0.8728010257538417,2364,-6543.2683199999865,-1.0570870558610865,-2.767879999999994
MTSS,1,2026-01-26 11:00:00,2026-01-26 11:00:00,226.7,226.7,0.8308031923273197,1764,-399.8988,-0.09095615828699768,-0.22669999999999998
PLZL,1,2026-01-26 12:00:00,2026-01-27 07:00:00,2757.0,2737.6,11.922808200781445,145,-3211.358500000013,-0.6191857831655384,-22.14730000000009
MTSS,-1,2026-01-26 12:00:00,2026-01-26 13:00:00,225.9,225.9,0.8393172500182247,1770,-399.843,-0.08971577791158822,-0.22590000000000002
ROSN,1,2026-01-26 14:00:00,2026-01-27 08:00:00,398.45,397.3,1.2510839672425966,1003,-1552.5186249999772,-0.4124090363578904,-1.5478749999999772
TATN,1,2026-01-26 14:00:00,2026-01-27 07:00:00,564.1,562.1,2.378476800717773,709,-1817.2378999999999,-0.3592074837176622,-2.5631
MTSS,1,2026-01-26 14:00:00,2026-01-27 08:00:00,227.35,226.75,0.9078806900667349,1759,-1454.7809499999898,-0.30365590583611485,-0.8270499999999943
TATN,-1,2026-01-27 08:00:00,2026-01-27 09:00:00,561.4,563.3,2.4593708203997533,712,-1753.1931999999838,-0.3337371194799787,-2.462349999999977
GMKN,-1,2026-01-27 08:00:00,2026-01-28 07:00:00,166.3,168.34,0.8718895276306361,2405,-5308.6045999999815,-0.843883668763402,-2.207319999999992
PLZL,-1,2026-01-27 08:00:00,2026-01-27 13:00:00,2728.0,2720.0,13.67058336052827,146,770.2959999999999,0.12864605849553934,5.276
ROSN,-1,2026-01-27 09:00:00,2026-01-27 11:00:00,397.5,398.55,1.253601603196996,1006,-1456.7131500000114,-0.38503061799622973,-1.4480250000000114
MTSS,-1,2026-01-27 09:00:00,2026-01-27 11:00:00,227.55,227.4,0.9469682004632428,1757,-136.12357499999007,-0.02727124309703843,-0.07747499999999435
GAZP,1,2026-01-27 10:00:00,2026-01-28 12:00:00,125.77,128.08,0.47234239180681953,3180,6942.178500000053,1.54060207021242,2.1830750000000165
TATN,1,2026-01-27 10:00:00,2026-01-29 12:00:00,565.2,583.5,2.6450697379977424,707,12532.03454999997,2.233797436461023,17.725649999999955
ROSN,1,2026-01-27 12:00:00,2026-01-28 12:00:00,400.6,406.5,1.350041079527621,998,5485.457099999977,1.357106852364123,5.496449999999977
MTSS,1,2026-01-27 12:00:00,2026-01-28 08:00:00,228.6,229.5,0.9633524549627336,1749,1173.49155000001,0.23215802155053794,0.6709500000000057
SNGS,1,2026-01-27 14:00:00,2026-01-29 09:00:00,22.035,22.255,0.07404053346044277,18152,3591.4639599999796,0.8907508304475132,0.19785499999999887
PLZL,-1,2026-01-27 15:00:00,2026-01-28 07:00:00,2681.2,2748.8,16.220038592000776,149,-10476.935000000054,-1.4450232778664607,-70.31500000000037
PLZL,1,2026-01-28 08:00:00,2026-01-29 15:00:00,2740.8,2730.6,17.597890418612923,145,-1875.6765000000396,-0.2450236873528593,-12.935700000000272
MTSS,-1,2026-01-28 09:00:00,2026-01-28 15:00:00,227.25,227.45,1.0919713578348262,1760,-752.13599999998,-0.1304521395894923,-0.42734999999998863
SBER,-1,2026-01-28 10:00:00,2026-01-29 07:00:00,304.39,304.95,0.713221802326443,1314,-1136.176380000003,-0.4041145859439301,-0.8646700000000023
LKOH,-1,2026-01-28 10:00:00,2026-01-29 07:00:00,5235.0,5366.0,20.120404120640426,76,-10358.838,-2.2580808878183642,-136.3005
NVTK,-1,2026-01-28 10:00:00,2026-01-28 13:00:00,1190.6,1189.2,6.435888008465305,335,70.38349999995424,0.010881689246483311,0.2100999999998634
GMKN,-1,2026-01-28 14:00:00,2026-01-29 07:00:00,167.66,171.22,0.9870896025337247,2385,-8894.714400000004,-1.2594060999889767,-3.729440000000002
NVTK,1,2026-01-28 14:00:00,2026-01-29 15:00:00,1192.2,1206.8,6.152868528992545,335,4489.16749999997,0.7259757481060125,13.400499999999909
ROSN,1,2026-01-28 15:00:00,2026-01-29 13:00:00,408.35,411.95,1.7071088785841948,979,3122.863149999967,0.6228561907633947,3.189849999999966
MTSS,1,2026-01-29 07:00:00,2026-01-29 15:00:00,226.55,228.05,1.045099492761495,1765,2246.3154999999997,0.4059262646969333,1.2727
SBER,1,2026-01-29 08:00:00,2026-01-29 15:00:00,306.5,310.12,0.7308732534690406,1305,4321.755450000006,1.5103804406948773,3.3116900000000045
LKOH,1,2026-01-29 08:00:00,2026-01-29 15:00:00,5336.0,5400.5,19.107446589678645,74,4375.7495,1.0315655334072993,59.13175
GMKN,1,2026-01-29 08:00:00,2026-01-29 15:00:00,171.1,172.72,1.0197360994047353,2337,3384.1863300000105,0.47335449529386997,1.4480900000000045
GAZP,1,2026-01-29 10:00:00,2026-01-30 07:00:00,127.67,129.22,0.5559618560580621,3133,4453.731814999991,0.8523096710742306,1.4215549999999972
SNGS,-1,2026-01-29 10:00:00,2026-01-29 10:00:00,22.175,22.175,0.09845703379024891,18038,-399.99265,-0.0750750493094657,-0.022175
SNGS,1,2026-01-29 11:00:00,2026-01-29 15:00:00,22.505,22.625,0.12142438851951672,17773,1731.7122550000176,0.26747784139026876,0.09743500000000099
SBER,-1,2026-01-30 07:00:00,2026-01-31 07:00:00,308.35,305.95,1.1926092803753054,1297,2714.426450000044,0.584949889411512,2.092850000000034
LKOH,-1,2026-01-30 07:00:00,2026-01-31 12:00:00,5361.5,5303.5,28.7732950291424,74,3897.395,0.610143305295841,52.6675
GMKN,-1,2026-01-30 07:00:00,2026-02-01 07:00:00,167.3,160.32,1.3438696511767283,2390,16290.694100000044,1.6906872860354127,6.816190000000018
PLZL,-1,2026-01-30 07:00:00,2026-01-30 14:00:00,2581.8,2585.4,24.254273777297808,137,-847.1531999999876,-0.08498296089694796,-6.18359999999991
MTSS,-1,2026-01-30 07:00:00,2026-02-01 10:00:00,227.85,227.15,1.0753310432662662,1755,829.23749999998,0.14646652394745116,0.4724999999999886
SNGS,-1,2026-01-30 07:00:00,2026-01-30 14:00:00,22.41,22.14,0.1701424080862458,17849,4421.643524999992,0.48532873684344635,0.24772499999999958
GAZP,-1,2026-01-30 08:00:00,2026-01-31 10:00:00,128.57,127.79,0.671366176825039,3111,2027.8120199999594,0.32362865576701727,0.651819999999987
TATN,1,2026-01-30 13:00:00,2026-02-02 07:00:00,577.4,566.9,4.798651983585059,692,-7661.9278,-0.76911530139957,-11.07215
NVTK,1,2026-01-30 14:00:00,2026-02-01 14:00:00,1180.6,1178.2,8.621393236474573,338,-1209.837199999954,-0.13839217172991167,-3.579399999999864
ROSN,1,2026-01-30 15:00:00,2026-02-01 10:00:00,408.25,407.6,2.4115124964805297,979,-1035.7085749999778,-0.14623256863952408,-1.0579249999999774
SNGS,1,2026-01-30 15:00:00,2026-02-01 13:00:00,22.13,22.125,0.16839001232630682,18075,-490.329562499982,-0.05369974070954443,-0.027127499999999003
SBER,1,2026-01-31 08:00:00,2026-02-01 14:00:00,305.8,306.51,1.0756388440638776,1308,528.2292599999732,0.1251488831431593,0.4038449999999796
LKOH,1,2026-01-31 13:00:00,2026-02-01 13:00:00,5309.5,5305.0,22.88219605389641,75,-735.5437499999999,-0.1428658038604939,-9.80725
MTSS,1,2026-02-01 11:00:00,2026-02-01 15:00:00,227.6,227.05,0.5740271845230793,1757,-1365.76002499997,-0.451386868635156,-0.777324999999983
SNGS,-1,2026-02-01 14:00:00,2026-02-02 09:00:00,22.15,21.99,0.08573402024536612,18058,2490.7399400000027,0.5362709754550643,0.13793000000000014
SBER,-1,2026-02-01 15:00:00,2026-02-03 07:00:00,306.39,304.55,0.6205875033219266,1305,2002.5616499999671,0.8242350953925807,1.5345299999999749
NVTK,-1,2026-02-01 15:00:00,2026-02-02 10:00:00,1177.6,1177.8,4.924915400608142,339,-467.04030000001535,-0.0932469486230446,-1.3777000000000452
GAZP,-1,2026-02-02 08:00:00,2026-02-02 12:00:00,127.19,126.48,0.5107247118441239,3144,1833.4707599999801,0.38061274268760986,0.5831649999999937
LKOH,-1,2026-02-02 08:00:00,2026-02-04 07:00:00,5262.5,5250.0,17.228417538694238,76,550.525,0.1401511965861223,7.2437499999999995
ROSN,-1,2026-02-02 08:00:00,2026-02-03 11:00:00,403.4,401.75,1.341976598211046,991,1236.1981749999773,0.3098476783333099,1.2474249999999771
TATN,-1,2026-02-02 08:00:00,2026-02-03 13:00:00,567.0,567.4,2.713081512736695,705,-681.875999999984,-0.11883166741819944,-0.9671999999999773
GMKN,-1,2026-02-02 08:00:00,2026-02-02 09:00:00,157.28,159.55491044351658,0.758303481172192,2543,-6187.95284649158,-1.0696367875373913,-2.433327898738333
PLZL,-1,2026-02-02 08:00:00,2026-02-02 09:00:00,2580.2,2591.2,16.86570928183312,155,-2105.7835,-0.26850733586073416,-13.5857
MTSS,-1,2026-02-02 08:00:00,2026-02-02 14:00:00,225.5,225.45,0.6329479639250892,1773,-311.11717499997985,-0.09241149351984565,-0.17547499999998864
PLZL,1,2026-02-02 10:00:00,2026-02-04 11:00:00,2626.4,2690.2,21.208698309335688,152,9293.53839999996,0.9609532074722106,61.14169999999973
SNGS,1,2026-02-02 10:00:00,2026-02-03 08:00:00,22.125,22.43,0.09073302154415323,18079,5111.340077499995,1.038660806501115,0.2827224999999997
NVTK,1,2026-02-02 11:00:00,2026-02-02 13:00:00,1174.0,1173.0,5.637533122058514,340,-738.9899999999999,-0.12851365735931194,-2.1734999999999998
GMKN,1,2026-02-02 12:00:00,2026-02-02 15:00:00,161.58,159.44,0.927274722140749,2475,-5693.762250000036,-0.8269789398510909,-2.3005100000000147
GAZP,1,2026-02-02 13:00:00,2026-02-03 10:00:00,127.29,127.87,0.5827501569932546,3142,1421.5036399999944,0.2587844290677929,0.45241999999999827
NVTK,-1,2026-02-02 14:00:00,2026-02-03 07:00:00,1168.6,1175.7,5.639817882347867,342,-2829.075300000047,-0.4889135413332665,-8.272150000000137
MTSS,1,2026-02-02 15:00:00,2026-02-04 11:00:00,225.9,229.4,0.8163196512703773,1770,5792.059499999999,1.3362208439253282,3.27235
GMKN,-1,2026-02-03 07:00:00,2026-02-03 07:00:00,163.1,163.1,1.0986738166144816,2452,-399.9212,-0.04948390126761674,-0.1631
GMKN,1,2026-02-03 08:00:00,2026-02-03 15:00:00,163.28,163.34,1.0916256868563043,2449,-253.00618999999446,-0.03154622237393262,-0.10330999999999774
NVTK,1,2026-02-03 08:00:00,2026-02-04 11:00:00,1178.7,1192.1,5.75782794734631,339,4140.749399999954,0.7071300793574065,12.214599999999864
SNGS,-1,2026-02-03 09:00:00,2026-02-03 13:00:00,22.285,22.31,0.1156023250166457,17949,-848.9428274999744,-0.13637989833736233,-0.04729749999999858
GAZP,-1,2026-02-03 11:00:00,2026-02-03 15:00:00,127.58,127.52,0.5891228433393506,3135,-211.76924999999287,-0.03822066470726836,-0.06754999999999772
TATN,1,2026-02-03 14:00:00,2026-02-04 11:00:00,569.1,572.8,3.149972079576598,702,2196.5930999999523,0.3311193370345176,3.129049999999932
SNGS,1,2026-02-03 14:00:00,2026-02-04 09:00:00,22.36,22.4,0.11141487561433776,17889,315.2041799999847,0.05271588107914398,0.017619999999999147
GAZP,1,2026-02-04 07:00:00,2026-02-04 14:00:00,127.27,128.08,0.5781731530612193,3142,2143.865150000052,0.39337984730430703,0.6823250000000165
ROSN,-1,2026-02-04 07:00:00,2026-02-04 08:00:00,402.8,403.1,1.6875978824364877,993,-698.0293500000113,-0.13884626729228483,-0.7029500000000114
GMKN,-1,2026-02-04 07:00:00,2026-02-06 08:00:00,163.38,153.44,0.8790195310144712,2448,23945.332319999994,3.7092804937303736,9.781589999999998
ROSN,1,2026-02-04 09:00:00,2026-02-04 13:00:00,402.75,400.95,1.695938990468196,993,-2186.4370500000114,-0.43276910556634063,-2.2018500000000114
SNGS,-1,2026-02-04 10:00:00,2026-02-05 08:00:00,22.385,22.195,0.10120601425647495,17869,2996.809990000023,0.5523716524559921,0.16771000000000127
SBER,-1,2026-02-04 12:00:00,2026-02-06 07:00:00,304.73,302.14,0.7611423932667059,1312,2999.973280000042,1.0013741713454551,2.286565000000032
LKOH,-1,2026-02-04 12:00:00,2026-02-05 13:00:00,5210.5,5121.5,15.71772458398531,76,6371.384,1.777907897377163,83.834
TATN,-1,2026-02-04 12:00:00,2026-02-06 07:00:00,568.2,562.0,3.4462430419240895,703,3961.3347000000317,0.5450283039095618,5.634900000000045
NVTK,-1,2026-02-04 12:00:00,2026-02-05 15:00:00,1185.0,1171.6,6.411599002833337,337,4118.7129000000305,0.6353953199817614,12.22170000000009
ROSN,-1,2026-02-04 14:00:00,2026-02-05 08:00:00,399.75,401.0,1.767524832636531,1000,-1650.375,-0.3112403231016592,-1.650375
GAZP,-1,2026-02-04 15:00:00,2026-02-06 13:00:00,127.85,125.54,0.5286772447169253,3128,6829.378039999963,1.3765834270453712,2.1833049999999883
ROSN,1,2026-02-05 09:00:00,2026-02-05 10:00:00,401.5,399.7,1.7917502276377555,996,-2191.7976000000112,-0.4093948598518823,-2.200600000000011
ROSN,-1,2026-02-05 11:00:00,2026-02-06 07:00:00,397.8,398.1,1.8837030024019443,1005,-701.4397500000115,-0.12350673099917955,-0.6979500000000114
SNGS,-1,2026-02-05 11:00:00,2026-02-07 09:00:00,22.15,21.855,0.10349090863469375,18058,4929.788854999967,0.879296238357308,0.27299749999999817
PLZL,1,2026-02-05 14:00:00,2026-02-05 14:00:00,2613.0,2613.0,18.59279173014817,153,-399.789,-0.04684611179652356,-2.613
MTSS,1,2026-02-05 15:00:00,2026-02-05 15:00:00,224.35,224.35,1.0947329345204686,1782,-399.7917,-0.06831194255253777,-0.22435
LKOH,-1,2026-02-06 08:00:00,2026-02-07 10:00:00,5129.5,5115.0,25.336216963255875,77,722.0867499999999,0.12337740362738689,9.377749999999999
MTSS,-1,2026-02-06 11:00:00,2026-02-07 07:00:00,223.7,223.5,1.0463162213975374,1788,-42.19680000002032,-0.007518440893674717,-0.023600000000011362
TATN,-1,2026-02-06 13:00:00,2026-02-10 07:00:00,556.5,549.8,3.621850377460858,718,4413.4383000000325,0.5657191177059214,6.146850000000045
ROSN,-1,2026-02-06 15:00:00,2026-02-09 14:00:00,395.1,391.0,1.9718359955957423,1012,3751.433400000023,0.6266494793481473,3.7069500000000226
SBER,-1,2026-02-07 07:00:00,2026-02-07 10:00:00,301.15,301.89,0.7671379852553398,1328,-1383.1385600000121,-0.4525565674052507,-1.041520000000009
NVTK,-1,2026-02-07 07:00:00,2026-02-09 13:00:00,1162.3,1147.2,6.109372232030938,344,4797.165999999968,0.7608664998828143,13.945249999999909
MTSS,1,2026-02-07 08:00:00,2026-02-08 10:00:00,223.9,224.0,0.979918710035733,1786,-221.3747000000101,-0.04216336135184308,-0.12395000000000567
SBER,1,2026-02-07 11:00:00,2026-02-08 11:00:00,301.87,301.96,0.6823971261161432,1325,-280.78737500003314,-0.10351499241413731,-0.211915000000025
GMKN,-1,2026-02-07 12:00:00,2026-02-07 12:00:00,157.94,157.94,0.9132795941413173,2532,-399.90407999999996,-0.05764572755637451,-0.15794
PLZL,-1,2026-02-07 14:00:00,2026-02-08 12:00:00,2623.0,2630.0,11.443153730145085,152,-1463.228,-0.2804151206044008,-9.6265
LKOH,-1,2026-02-08 08:00:00,2026-02-09 09:00:00,5125.0,5086.0,13.732753514966218,78,2643.771,0.8227167737594437,33.8945
SNGS,-1,2026-02-08 10:00:00,2026-02-09 11:00:00,21.865,21.58,0.0648348625472589,18294,4816.398585000003,1.3535798985105896,0.26327750000000016
MTSS,-1,2026-02-08 11:00:00,2026-02-09 08:00:00,223.1,222.8,0.5929883491626433,1792,138.07359999996947,0.043311699748561666,0.07704999999998297
SBER,-1,2026-02-08 12:00:00,2026-02-09 08:00:00,301.52,301.25,0.5152764941939131,1326,-41.616510000024135,-0.020303015535452922,-0.031385000000018204
PLZL,1,2026-02-09 07:00:00,2026-02-09 10:00:00,2648.4,2645.6,8.416065935081502,151,-822.4970000000275,-0.21573817038413498,-5.447000000000182
GAZP,-1,2026-02-09 08:00:00,2026-02-10 07:00:00,125.04,124.24,0.32832696397461086,3198,2159.8012800000365,0.6856579711723344,0.6753600000000114
SBER,1,2026-02-09 09:00:00,2026-02-10 10:00:00,301.7,303.66,0.578103990692603,1325,2195.9490000000483,0.9556066190412493,1.6573200000000363
LKOH,1,2026-02-09 10:00:00,2026-02-10 10:00:00,5097.5,5180.5,13.760391781526716,78,6073.158,1.8861139332899945,77.861
GMKN,1,2026-02-09 10:00:00,2026-02-09 11:00:00,156.46,156.04,0.6506255570997271,2556,-1472.8950000000407,-0.29522869373527594,-0.5762500000000159
PLZL,-1,2026-02-09 11:00:00,2026-02-09 14:00:00,2643.8,2647.8,11.2992102033492,151,-1003.5158,-0.19605500090705802,-6.6458
GMKN,-1,2026-02-09 12:00:00,2026-02-09 13:00:00,155.16,155.36,0.7009985670910912,2577,-915.5050200000438,-0.1689304451668267,-0.355260000000017
SNGS,1,2026-02-09 12:00:00,2026-02-10 09:00:00,21.57,21.605,0.08653088889207304,18544,248.72140000000266,0.05166748418486369,0.013412500000000143
MTSS,-1,2026-02-09 13:00:00,2026-02-10 07:00:00,221.85,221.9,0.7774258578885215,1803,-490.1906250000206,-0.11657060165986778,-0.2718750000000114
GMKN,1,2026-02-09 14:00:00,2026-02-10 10:00:00,156.56,156.32,0.7712691726448698,2554,-1012.5077600000233,-0.17133663752371509,-0.3964400000000091
PLZL,1,2026-02-09 15:00:00,2026-02-10 08:00:00,2676.6,2654.0,12.9716925920933,149,-3764.529699999987,-0.6492419248202042,-25.26529999999991
MTSS,1,2026-02-10 08:00:00,2026-02-10 11:00:00,222.45,220.75,0.9110060893157556,1798,-3455.0367999999794,-0.7031054356776315,-1.9215999999999887
PLZL,-1,2026-02-10 09:00:00,2026-02-10 14:00:00,2657.6,2661.0,14.193151831205908,150,-908.8950000000136,-0.1423057183271948,-6.059300000000091
SNGS,-1,2026-02-10 10:00:00,2026-02-11 07:00:00,21.58,21.445,0.0898339442133466,18535,2103.490812499963,0.42110103255430403,0.113487499999998
SBER,-1,2026-02-10 11:00:00,2026-02-11 07:00:00,302.89,303.77,0.813255946666685,1320,-1561.9955999999938,-0.48501745969402094,-1.1833299999999953
TATN,-1,2026-02-10 11:00:00,2026-02-11 07:00:00,548.5,544.6,2.303588940809091,729,2444.6650499999837,0.4852500577963565,3.3534499999999774
GMKN,-1,2026-02-10 11:00:00,2026-02-11 07:00:00,155.72,156.86,0.7381341458417637,2568,-3328.872720000038,-0.5853904322146094,-1.2962900000000148
NVTK,-1,2026-02-10 11:00:00,2026-02-11 07:00:00,1150.0,1152.1,4.633791062423779,347,-1128.1143499999682,-0.23386538554167455,-3.2510499999999087
ROSN,-1,2026-02-10 12:00:00,2026-02-11 09:00:00,391.8,390.75,1.356944171969231,1020,671.8995000000116,0.16181579503108898,0.6587250000000113
MTSS,-1,2026-02-10 12:00:00,2026-02-11 11:00:00,220.3,221.5,0.9087735557306148,1815,-2578.9334999999796,-0.5211786042261637,-1.4208999999999887
GAZP,-1,2026-02-10 13:00:00,2026-02-11 08:00:00,123.87,123.23,0.4505536249490604,3229,1667.6170500000017,0.38208548431823947,0.5164500000000005
PLZL,1,2026-02-10 15:00:00,2026-02-11 09:00:00,2658.6,2661.0,14.654873952024573,150,-38.969999999986385,-0.005909296817118372,-0.2597999999999092
SBER,1,2026-02-11 08:00:00,2026-02-12 07:00:00,303.79,305.49,0.7655057287294084,1316,1836.293759999985,0.6075983268890823,1.3953599999999886
TATN,1,2026-02-11 08:00:00,2026-02-11 09:00:00,545.5,543.1,2.7215357801327684,733,-2158.171899999983,-0.36061746477771717,-2.944299999999977
GMKN,1,2026-02-11 08:00:00,2026-02-12 07:00:00,158.0,160.82,0.7335562534472698,2531,6733.953289999983,1.2089915792628185,2.6605899999999933
NVTK,1,2026-02-11 08:00:00,2026-02-12 08:00:00,1161.4,1178.0,6.207012212203594,344,5308.023199999969,0.8286488180610969,15.430299999999908
SNGS,1,2026-02-11 08:00:00,2026-02-12 07:00:00,21.515,21.74,0.09645569205865905,18591,3780.8981474999605,0.7028183810252067,0.20337249999999787
GAZP,1,2026-02-11 09:00:00,2026-02-12 10:00:00,123.9,124.79,0.4718599710466835,3228,2471.5343400000015,0.5408772707869375,0.7656550000000005
LKOH,1,2026-02-11 10:00:00,2026-02-12 07:00:00,5186.0,5185.5,30.1030774084934,77,-437.80275000000006,-0.06295867941612066,-5.6857500000000005
TATN,-1,2026-02-11 10:00:00,2026-02-11 10:00:00,548.8,549.0,3.1568344226655007,728,-545.1992000000331,-0.07907710697178992,-0.7489000000000454
PLZL,-1,2026-02-11 10:00:00,2026-02-11 10:00:00,2673.6,2673.6,14.738053283625938,149,-398.3664,-0.060469315916378746,-2.6736
ROSN,1,2026-02-11 11:00:00,2026-02-12 07:00:00,389.95,393.0,1.6806021643632558,1025,2724.9881250000117,0.5272961196832425,2.6585250000000116
PLZL,1,2026-02-11 11:00:00,2026-02-11 13:00:00,2676.8,2677.4,14.899620906224085,149,-309.4879000000136,-0.04646874380390925,-2.077100000000091
MTSS,1,2026-02-11 12:00:00,2026-02-11 15:00:00,221.95,222.6,0.8855159430601799,1802,770.7604500000102,0.16100782952285306,0.4277250000000057
TATN,1,2026-02-11 13:00:00,2026-02-12 07:00:00,547.0,545.1,3.585009193365926,731,-1788.0625499999835,-0.22743316851426795,-2.4460499999999774
PLZL,-1,2026-02-11 14:00:00,2026-02-16 10:00:00,2676.8,2521.6,15.57291076201691,149,22737.519200000042,3.2663728772786884,152.60080000000028
MTSS,-1,2026-02-12 07:00:00,2026-02-12 07:00:00,221.9,221.9,0.9153392037104773,1802,-399.8638,-0.0808079304009166,-0.22190000000000001
SBER,-1,2026-02-12 08:00:00,2026-02-12 12:00:00,304.95,305.93,0.8501308973067617,1311,-1685.2118400000238,-0.5040165007029419,-1.2854400000000181
LKOH,-1,2026-02-12 08:00:00,2026-02-12 09:00:00,5168.0,5205.0,27.126981866755557,77,-3248.3605000000002,-0.5183830156903678,-42.1865
ROSN,-1,2026-02-12 08:00:00,2026-02-13 10:00:00,390.85,390.65,2.022735192761949,1023,-195.13724999995347,-0.03143433384698179,-0.1907499999999545
TATN,-1,2026-02-12 08:00:00,2026-02-12 09:00:00,543.3,545.5,3.529600884311851,736,-2019.8784000000335,-0.2591794454908658,-2.7444000000000455
MTSS,1,2026-02-12 08:00:00,2026-02-13 07:00:00,223.7,224.0,1.00710068915973,1788,136.15620000002033,0.025204364972201136,0.07615000000001138
SNGS,-1,2026-02-12 08:00:00,2026-02-12 10:00:00,21.69,21.86,0.11171182084010946,18441,-3536.522774999966,-0.5722312958401577,-0.19177499999999814
LKOH,1,2026-02-12 10:00:00,2026-02-13 07:00:00,5233.5,5213.5,28.58142824225352,76,-1916.986,-0.2941712101323042,-25.2235
TATN,1,2026-02-12 10:00:00,2026-02-12 13:00:00,552.3,549.2,3.8750130073913396,724,-2643.142999999934,-0.31404195659355094,-3.650749999999909
GAZP,-1,2026-02-12 11:00:00,2026-02-12 11:00:00,124.38,124.38,0.5250297318685081,3215,-399.8817,-0.07896695650444328,-0.12438
SNGS,1,2026-02-12 11:00:00,2026-02-13 09:00:00,21.915,21.79,0.11194820349333817,18252,-2680.35183,-0.4372632325113311,-0.1468525
GAZP,1,2026-02-12 12:00:00,2026-02-13 07:00:00,124.95,125.31,0.5432418938779005,3201,751.8188699999982,0.14411627836934895,0.23486999999999944
SBER,1,2026-02-12 13:00:00,2026-02-13 07:00:00,306.94,304.6,0.7760695343713131,1303,-3447.4383099999673,-1.1363973127069897,-2.645769999999975
NVTK,1,2026-02-12 13:00:00,2026-02-13 07:00:00,1183.6,1179.2,6.644297514859257,337,-1880.9317999999541,-0.280009536373994,-5.581399999999864
TATN,-1,2026-02-12 14:00:00,2026-02-13 10:00:00,547.1,547.0,3.687425721160557,731,-326.7935499999833,-0.040412113472961975,-0.4470499999999772
SBER,-1,2026-02-13 08:00:00,2026-02-13 10:00:00,304.69,304.77,0.7710975107033299,1312,-504.76575999997914,-0.16631273159779147,-0.3847299999999841
GAZP,-1,2026-02-13 08:00:00,2026-02-13 13:00:00,125.09,125.15,0.5452663929159098,3197,-591.8286400000073,-0.11316792574851342,-0.18512000000000228
LKOH,-1,2026-02-13 08:00:00,2026-02-13 08:00:00,5256.0,5256.0,24.811936219702222,76,-399.456,-0.07061117618901515,-5.256
NVTK,-1,2026-02-13 08:00:00,2026-02-13 10:00:00,1185.0,1182.6,6.440188497550394,337,409.8594000000307,0.06294846806956494,1.216200000000091
LKOH,1,2026-02-13 09:00:00,2026-02-16 07:00:00,5236.5,5235.5,25.575369346866353,76,-473.936,-0.0812761152527151,-6.236
SNGS,-1,2026-02-13 10:00:00,2026-02-13 11:00:00,21.755,21.895,0.09800055246193352,18386,-2975.3144500000108,-0.5504220671370142,-0.16182500000000058
SBER,1,2026-02-13 11:00:00,2026-02-16 14:00:00,307.74,311.08,0.9416185244224508,1299,3936.7364099999677,1.0728300691474508,3.0305899999999752
ROSN,1,2026-02-13 11:00:00,2026-02-13 14:00:00,391.95,389.9,2.2009303355159675,1020,-2489.743500000012,-0.36968079068069515,-2.4409250000000116
TATN,1,2026-02-13 11:00:00,2026-02-17 14:00:00,550.3,550.0,4.225029996234724,726,-617.208899999967,-0.06707250210906542,-0.8501499999999546
GMKN,1,2026-02-13 11:00:00,2026-02-13 11:00:00,159.32,159.32,1.06723268762811,2510,-399.8932,-0.049761094541336155,-0.15932
NVTK,1,2026-02-13 11:00:00,2026-02-16 07:00:00,1196.4,1190.5,7.21515821032004,334,-2369.2123000000306,-0.32771053169026537,-7.093450000000091
MTSS,1,2026-02-13 11:00:00,2026-02-16 11:00:00,228.25,229.85,1.405420587068359,1752,2401.90439999999,0.3251577054855707,1.3709499999999943
GMKN,-1,2026-02-13 12:00:00,2026-02-16 08:00:00,155.48,154.96,1.295287495654673,2572,938.2141599999532,0.09387362553968819,0.3647799999999818
SNGS,1,2026-02-13 12:00:00,2026-02-16 11:00:00,21.935,21.87,0.1038627212554427,18235,-1584.6670874999586,-0.27890180085649613,-0.08690249999999773
GAZP,1,2026-02-13 14:00:00,2026-02-16 14:00:00,126.94,127.45,0.6160407032683101,3151,1206.218555000016,0.2071318761726249,0.3828050000000051
ROSN,-1,2026-02-13 15:00:00,2026-02-16 13:00:00,389.3,389.35,2.2856575726955293,1027,-451.1867750000117,-0.06406981886353535,-0.4393250000000114
LKOH,-1,2026-02-16 08:00:00,2026-02-17 08:00:00,5243.0,5240.0,23.342847162406795,76,-170.354,-0.032008377618560784,-2.2415000000000003
NVTK,-1,2026-02-16 08:00:00,2026-02-17 10:00:00,1186.9,1177.8,6.769649641889856,337,2668.248050000046,0.3898601561793577,7.917650000000137
GMKN,1,2026-02-16 09:00:00,2026-02-16 14:00:00,155.64,155.66,1.2930947539945967,2570,-348.6204999999737,-0.034967790664203864,-0.13564999999998975
SNGS,-1,2026-02-16 12:00:00,2026-02-17 09:00:00,21.81,21.84,0.09306214463612804,18340,-950.4705000000208,-0.18562864704596527,-0.051825000000001134
ROSN,1,2026-02-16 14:00:00,2026-02-17 15:00:00,389.95,389.8,1.9328539863044136,1025,-553.3718749999766,-0.09310498082548037,-0.5398749999999772
PLZL,-1,2026-02-16 14:00:00,2026-02-18 07:00:00,2498.8,2450.6,15.858246318526177,160,7316.048000000044,0.9611256100153253,45.725300000000274
GMKN,-1,2026-02-16 15:00:00,2026-02-17 09:00:00,154.72,154.86,1.1208728873112401,2585,-762.0321500000382,-0.08766679473267769,-0.29479000000001476
LKOH,1,2026-02-17 09:00:00,2026-02-17 12:00:00,5256.0,5253.5,19.319177029601377,76,-589.361,-0.1338005580002702,-7.7547500000000005
GMKN,1,2026-02-17 10:00:00,2026-02-17 10:00:00,155.08,155.08,1.0328475253669382,2579,-399.95132000000007,-0.05004933648359018,-0.15508000000000002
SNGS,1,2026-02-17 10:00:00,2026-02-17 13:00:00,21.885,21.815,0.08292608383226265,18277,-1678.7424500000054,-0.369204299199708,-0.09185000000000029
GMKN,-1,2026-02-17 11:00:00,2026-02-18 07:00:00,153.9,153.58,1.0733584164121566,2599,432.10973999998225,0.051632333759720685,0.16625999999999316
GAZP,1,2026-02-17 13:00:00,2026-02-17 14:00:00,127.28,127.16,0.5009445812140557,3142,-776.7652400000143,-0.16450256127524704,-0.24722000000000455
LKOH,-1,2026-02-17 13:00:00,2026-02-17 15:00:00,5249.5,5247.0,18.41754777026356,76,-208.86700000000005,-0.049739701764879636,-2.7482500000000005
NVTK,-1,2026-02-17 13:00:00,2026-02-18 13:00:00,1171.6,1163.0,6.080542089204919,341,2534.550699999969,0.40745818881266854,7.432699999999909
SNGS,-1,2026-02-17 14:00:00,2026-02-18 09:00:00,21.7,21.81,0.08870176177460538,18433,-2428.6399149999893,-0.49512357426373704,-0.13175499999999943
GAZP,-1,2026-02-17 15:00:00,2026-02-18 11:00:00,126.76,126.34,0.49249813380191504,3155,925.8347500000052,0.19861327374290016,0.29345000000000165
TATN,-1,2026-02-17 15:00:00,2026-02-18 13:00:00,544.8,545.0,2.9037545483069516,734,-546.7566000000334,-0.0855099822899245,-0.7449000000000454
SBER,1,2026-02-18 07:00:00,2026-02-19 10:00:00,309.9,313.47,0.9261790803613263,1290,4203.2263500000645,1.1726727832983435,3.2583150000000503
LKOH,1,2026-02-18 07:00:00,2026-02-18 07:00:00,5238.0,5238.0,17.986462263582016,76,-398.088,-0.09707300826662302,-5.238
MTSS,1,2026-02-18 07:00:00,2026-02-18 11:00:00,226.75,228.15,1.1627839631826873,1764,2068.37820000001,0.33613294676871525,1.1725500000000058
LKOH,-1,2026-02-18 08:00:00,2026-02-18 15:00:00,5227.0,5172.0,17.773143530469017,76,3784.8379999999997,0.9340028475102626,49.8005
ROSN,-1,2026-02-18 08:00:00,2026-02-18 13:00:00,390.15,387.85,1.3911617233899463,1025,1958.7749999999535,0.4578906889759446,1.9109999999999545
GMKN,1,2026-02-18 08:00:00,2026-02-19 09:00:00,154.72,155.98,1.0165388577149985,2585,2855.520249999977,0.36222586463084183,1.104649999999991
GAZP,1,2026-02-18 12:00:00,2026-02-18 12:00:00,126.28,126.28,0.4314311419346797,3167,-399.92876,-0.09756674760327438,-0.12628
MTSS,-1,2026-02-18 12:00:00,2026-02-19 07:00:00,227.95,230.3,1.2754541374910577,1754,-4523.78525000004,-0.6740409616173818,-2.5791250000000225
GAZP,-1,2026-02-18 13:00:00,2026-02-19 07:00:00,125.44,126.5,0.4763289175107743,3188,-3780.872360000007,-0.829937714886672,-1.1859700000000022
TATN,1,2026-02-18 15:00:00,2026-02-19 12:00:00,545.6,547.4,2.898920766635585,733,918.8154999999667,0.14413409919383383,1.2534999999999545
SNGS,1,2026-02-18 15:00:00,2026-02-19 09:00:00,21.615,21.7,0.09970892239989902,18505,1172.1529625000157,0.21175804690762892,0.06334250000000086
GAZP,1,2026-02-19 08:00:00,2026-02-20 07:00:00,126.6,125.74,0.47643586560352896,3159,-3115.311029999998,-0.6899634495755692,-0.9861699999999994
MTSS,1,2026-02-19 08:00:00,2026-02-19 12:00:00,231.85,232.1,1.1963269453789107,1725,31.093125000000022,0.0050223171487877236,0.018025000000000013
LKOH,-1,2026-02-19 10:00:00,2026-02-20 11:00:00,5166.5,5161.5,22.047975459205702,77,-12.627999999999977,-0.0024794415599660676,-0.1639999999999997
GMKN,-1,2026-02-19 10:00:00,2026-02-20 08:00:00,155.5,153.62,0.9336314481657916,2572,4437.831679999988,0.6160318054801988,1.7254399999999954
SNGS,-1,2026-02-19 10:00:00,2026-02-19 15:00:00,21.61,21.535,0.10185213277445655,18509,988.889597499987,0.17485315409254526,0.053427499999999295
PLZL,-1,2026-02-19 11:00:00,2026-02-20 07:00:00,2521.4,2517.0,18.987037097802713,158,297.16640000001445,0.0330190187180872,1.8808000000000913
ROSN,-1,2026-02-19 12:00:00,2026-02-19 12:00:00,395.15,395.15,1.9073390483346124,1012,-399.8918,-0.06905781475069925,-0.39515
TATN,-1,2026-02-19 13:00:00,2026-02-20 12:00:00,545.7,542.5,2.700269778593881,733,1946.7747000000331,0.3278561301608241,2.6559000000000452
NVTK,-1,2026-02-19 15:00:00,2026-02-20 07:00:00,1175.0,1195.7,5.098056112455681,340,-7441.019000000016,-1.430960449580595,-21.885350000000045
MTSS,1,2026-02-20 07:00:00,2026-02-20 10:00:00,234.3,233.05,1.2467510941520799,1707,-2532.633225,-0.3966776814177848,-1.483675
SNGS,1,2026-02-20 07:00:00,2026-02-20 10:00:00,21.6,21.58,0.09290337892599776,18518,-770.1636200000579,-0.149223133685775,-0.041590000000003124
SBER,1,2026-02-20 08:00:00,2026-02-20 10:00:00,313.4,312.83,0.8484615930676748,1276,-1126.8547399999914,-0.3469475449116585,-0.8831149999999932
GAZP,-1,2026-02-20 08:00:00,2026-02-21 09:00:00,125.73,125.93,0.42521869459348194,3181,-1036.4652300000091,-0.2554215075229334,-0.32583000000000284
NVTK,1,2026-02-20 08:00:00,2026-02-21 15:00:00,1190.0,1196.1,5.450874913290871,336,1648.7351999999696,0.3000710942773175,4.9069499999999096
PLZL,1,2026-02-20 08:00:00,2026-02-20 11:00:00,2510.0,2514.4,19.958825503591196,159,300.16020000001447,0.03152824130625687,1.887800000000091
GMKN,1,2026-02-20 09:00:00,2026-02-20 15:00:00,154.2,154.86,0.9623876788394834,2594,1311.1891800000647,0.17507497623326362,0.505470000000025
SBER,-1,2026-02-20 11:00:00,2026-02-20 12:00:00,313.15,313.67,0.8949162244787479,1277,-1064.2645700000494,-0.31042384274031387,-0.8334100000000386
MTSS,-1,2026-02-20 11:00:00,2026-02-20 12:00:00,232.55,233.75,1.1783230424843167,1720,-2465.0179999999805,-0.4054207967107808,-1.4331499999999886
SNGS,-1,2026-02-20 11:00:00,2026-02-20 11:00:00,21.535,21.535,0.08485457636155293,18574,-399.99109000000004,-0.08459571234847142,-0.021535000000000002
LKOH,1,2026-02-20 12:00:00,2026-02-21 13:00:00,5188.5,5201.0,19.2580938361856,77,562.50425,0.1264446706951784,7.30525
PLZL,-1,2026-02-20 12:00:00,2026-02-21 07:00:00,2510.4,2511.0,17.97720260329211,159,-494.60129999998554,-0.05767860678224128,-3.110699999999909
SNGS,1,2026-02-20 12:00:00,2026-02-21 10:00:00,21.745,21.75,0.10057924947858483,18395,-308.0702625000184,-0.05550349628716358,-0.016747500000000998
SBER,1,2026-02-20 13:00:00,2026-02-21 07:00:00,314.26,314.19,0.8657185813107574,1272,-488.73419999999135,-0.14794068507352978,-0.3842249999999932
ROSN,1,2026-02-20 13:00:00,2026-02-24 07:00:00,397.85,395.7,2.0660350134491394,1005,-2559.508875000034,-0.4108957469132019,-2.546775000000034
MTSS,1,2026-02-20 13:00:00,2026-02-21 15:00:00,234.6,235.8,1.2228907866318854,1705,1644.984000000029,0.26298341889202054,0.9648000000000171
GMKN,-1,2026-02-21 07:00:00,2026-02-21 07:00:00,154.86,154.86,0.8790257201416057,2582,-399.84852000000006,-0.05872410649336215,-0.15486000000000003
SBER,-1,2026-02-21 08:00:00,2026-02-22 07:00:00,313.71,314.0,0.8128008746568244,1275,-769.9151250000261,-0.24764368036020154,-0.6038550000000205
GMKN,1,2026-02-21 08:00:00,2026-02-24 13:00:00,155.02,156.98,0.8533810258457774,2580,4654.319999999948,0.7046481174541597,1.8039999999999796
PLZL,1,2026-02-21 08:00:00,2026-02-21 14:00:00,2511.6,2513.0,17.63872844310432,159,-176.85569999998557,-0.021020033720831156,-1.1122999999999093
GAZP,1,2026-02-21 10:00:00,2026-02-23 14:00:00,125.97,127.8,0.3949567959452948,3175,5407.390124999994,1.437385065475951,1.7031149999999984
SNGS,-1,2026-02-21 11:00:00,2026-02-22 07:00:00,21.75,21.745,0.07584637754950606,18390,-307.98652500001833,-0.07360272408997454,-0.016747500000000998
PLZL,-1,2026-02-21 15:00:00,2026-02-22 07:00:00,2511.4,2513.2,12.64394031120071,159,-685.6556999999566,-0.11368555196831191,-4.312299999999727
SBER,1,2026-02-22 08:00:00,2026-02-24 13:00:00,314.46,316.38,0.597798075608487,1272,2041.0257600000202,0.8947168313574476,1.6045800000000159
LKOH,1,2026-02-22 08:00:00,2026-02-22 12:00:00,5204.5,5197.0,13.947513065238015,76,-965.257,-0.3035367892133311,-12.70075
NVTK,1,2026-02-22 08:00:00,2026-02-24 07:00:00,1202.0,1197.0,4.129379005988385,332,-2058.2340000000004,-0.5004384429240286,-6.1995000000000005
PLZL,1,2026-02-22 08:00:00,2026-02-23 12:00:00,2508.6,2530.0,12.180744452004701,159,3002.031300000014,0.5166816110021013,18.88070000000009
SNGS,1,2026-02-22 08:00:00,2026-02-24 08:00:00,21.8,21.865,0.05973325219154995,18348,792.0372899999581,0.24089039418987876,0.04316749999999772
MTSS,1,2026-02-22 09:00:00,2026-02-23 09:00:00,236.7,236.25,0.9427520577736678,1689,-1159.4562749999807,-0.242720233929133,-0.6864749999999886
LKOH,-1,2026-02-22 13:00:00,2026-02-22 15:00:00,5196.0,5199.0,11.988754627036762,76,-623.01,-0.2279219222518517,-8.1975
LKOH,1,2026-02-23 07:00:00,2026-02-23 07:00:00,5204.5,5204.5,10.776346179154435,76,-395.54200000000003,-0.16098530100018157,-5.2045
LKOH,-1,2026-02-23 08:00:00,2026-02-23 10:00:00,5200.0,5208.5,11.220892880643405,76,-1041.523,-0.40710515481468523,-13.70425
MTSS,-1,2026-02-23 10:00:00,2026-02-25 07:00:00,235.9,233.95,0.7066247846530899,1695,2907.052125000029,0.8090455912147752,1.715075000000017
LKOH,1,2026-02-23 11:00:00,2026-02-24 07:00:00,5209.5,5202.5,10.203644919378121,76,-927.656,-0.3987463988422128,-12.206
PLZL,-1,2026-02-23 13:00:00,2026-02-24 07:00:00,2527.8,2523.4,7.687659016258048,158,296.1552000000143,0.08127311561018614,1.8744000000000907
LKOH,-1,2026-02-24 08:00:00,2026-02-25 13:00:00,5245.0,5157.5,12.686261760307486,76,6254.705,2.1624113694782974,82.29875
ROSN,-1,2026-02-24 08:00:00,2026-02-25 13:00:00,396.0,389.2,1.1906600273629626,1010,6471.474000000012,1.793794996822316,6.4074000000000115
NVTK,-1,2026-02-24 08:00:00,2026-02-24 13:00:00,1198.8,1191.9,2.451095588605055,333,1899.6484499999547,0.7757959374738818,5.704649999999864
PLZL,1,2026-02-24 08:00:00,2026-02-24 09:00:00,2532.6,2525.6,7.969617585468218,157,-1496.0687,-0.39855948326284135,-9.5291
SNGS,-1,2026-02-24 09:00:00,2026-02-24 10:00:00,21.76,21.9195022078177,0.05316740260589928,18382,-3333.427888896993,-1.1369244438852628,-0.1813419589216077
PLZL,-1,2026-02-24 10:00:00,2026-02-25 13:00:00,2513.0,2487.8,9.23298659155168,159,3609.236399999971,0.8195109197122374,22.69959999999982
GAZP,1,2026-02-24 11:00:00,2026-02-24 13:00:00,128.67,127.77,0.4155995274553848,3108,-3195.7077599999734,-0.8246881369151479,-1.0282199999999915
TATN,-1,2026-02-24 12:00:00,2026-02-25 10:00:00,541.6,543.2,1.6620333658303956,738,-1581.091200000017,-0.4296744866951218,-2.142400000000023
GAZP,-1,2026-02-24 14:00:00,2026-02-25 10:00:00,126.86,126.8,0.5100590968729886,3153,-210.71498999999284,-0.04367467770546026,-0.06682999999999772
SBER,1,2026-02-25 08:00:00,2026-02-26 12:00:00,315.75,317.4,0.6358318833295643,1266,1688.1160499999712,0.6990448444838557,1.3334249999999772
GMKN,1,2026-02-25 08:00:00,2026-02-26 14:00:00,156.92,162.06,0.5822697385576356,2549,12695.319990000038,2.8512043303374828,4.980510000000015
SNGS,1,2026-02-25 10:00:00,2026-02-26 09:00:00,21.765,21.935,0.07006097392205987,18378,2722.7006999999658,0.7048622159930258,0.14814999999999814
GAZP,1,2026-02-25 11:00:00,2026-02-26 11:00:00,126.91,127.53,0.47305855358396753,3151,1552.7497800000144,0.3472297430318962,0.49278000000000455
MTSS,-1,2026-02-25 11:00:00,2026-02-26 07:00:00,232.7,234.0,0.8173195796450233,1718,-2634.2953000000193,-0.6253571789980337,-1.5333500000000113
LKOH,1,2026-02-25 14:00:00,2026-02-25 14:00:00,5176.0,5176.0,16.85536401488706,77,-398.552,-0.10236108409224969,-5.176
ROSN,1,2026-02-25 14:00:00,2026-02-26 09:00:00,391.95,391.35,1.5407801280151041,1020,-1011.4829999999653,-0.2145341791406777,-0.991649999999966
PLZL,1,2026-02-25 14:00:00,2026-02-26 08:00:00,2499.4,2497.0,11.503038484768519,160,-783.7120000000145,-0.14193930894826695,-4.898200000000091
LKOH,-1,2026-02-25 15:00:00,2026-02-27 07:00:00,5159.5,5154.5,17.401409442395128,77,-12.089000000000002,-0.0030074192269640768,-0.15700000000000003
TATN,1,2026-02-26 07:00:00,2026-02-26 12:00:00,542.1,540.1,1.989139316718438,737,-1872.7907,-0.42582906396456827,-2.5411
NVTK,-1,2026-02-26 08:00:00,2026-02-27 07:00:00,1187.9,1183.7,4.32605715968804,336,1012.7712000000151,0.23225151592906865,3.014200000000045
MTSS,1,2026-02-26 08:00:00,2026-02-26 11:00:00,233.0,232.95,0.81656091463097,1716,-485.5851000000195,-0.11551495829632291,-0.28297500000001136
PLZL,-1,2026-02-26 09:00:00,2026-02-27 07:00:00,2494.6,2490.2,11.481676441156646,160,305.2160000000146,0.05538099509470595,1.9076000000000914
ROSN,-1,2026-02-26 10:00:00,2026-02-27 07:00:00,390.75,390.45,1.6282566900530924,1023,-92.68379999998842,-0.018547444137331625,-0.09059999999998869
SNGS,-1,2026-02-26 10:00:00,2026-02-27 07:00:00,21.895,21.88,0.09927042349188153,18269,-125.82773749998962,-0.023127062951644406,-0.006887499999999432
GAZP,-1,2026-02-26 12:00:00,2026-02-27 10:00:00,127.23,126.68,0.4675406146747958,3143,1329.630434999991,0.30161016085861103,0.4230449999999971
MTSS,-1,2026-02-26 12:00:00,2026-02-27 11:00:00,232.55,231.0,0.8070451448035995,1720,2267.3470000000193,0.5444656177694625,1.3182250000000113
TATN,-1,2026-02-26 13:00:00,2026-02-27 07:00:00,539.2,540.2,1.8433828666454826,741,-1140.9177,-0.2784192815393232,-1.5397
ROSN,1,2026-02-27 08:00:00,2026-02-27 15:00:00,390.9,393.8,1.541182452735472,1023,2565.325950000035,0.5423649431316329,2.507650000000034
TATN,1,2026-02-27 08:00:00,2026-03-03 15:00:00,540.5,627.6,1.9811057386053188,740,64021.803000000014,14.556845421235398,86.51595000000002
GMKN,1,2026-02-27 08:00:00,2026-02-27 15:00:00,163.78,165.42,0.864882800859827,2442,3602.9267999999665,0.5686319574294578,1.4753999999999863
NVTK,1,2026-02-27 08:00:00,2026-02-27 15:00:00,1191.8,1197.6,4.451629390264003,335,1542.7754999999847,0.3448400271948393,4.605299999999954
SNGS,1,2026-02-27 08:00:00,2026-02-27 15:00:00,21.91,22.1,0.08477015768375885,18256,3066.9167200000234,0.6605901754039382,0.16799500000000128
GAZP,1,2026-02-27 11:00:00,2026-02-28 15:00:00,126.94,127.64,0.4142784652452752,3151,1804.609210000009,0.46080921251919094,0.5727100000000028
SBER,1,2026-02-27 12:00:00,2026-02-28 07:00:00,315.46,315.72,0.7291121377137464,1267,-70.43252999993955,-0.025414471987927706,-0.05558999999995229
MTSS,1,2026-02-27 12:00:00,2026-02-28 09:00:00,232.0,232.4,0.8587403720436044,1724,289.2872000000098,0.06513416063137543,0.1678000000000057
ROSN,-1,2026-02-28 07:00:00,2026-02-28 07:00:00,399.9,399.9,1.757933807250328,1000,-399.9,-0.07582765599604752,-0.3999
NVTK,-1,2026-02-28 07:00:00,2026-02-28 08:00:00,1197.5,1194.3,4.375230914264809,334,669.3694000000152,0.1526852745429555,2.0041000000000455
SBER,-1,2026-02-28 08:00:00,2026-02-28 14:00:00,314.45,314.11,0.8098930745897355,1272,32.71583999996818,0.010585759530871352,0.025719999999974985
ROSN,1,2026-02-28 08:00:00,2026-03-02 15:00:00,404.1,428.0,2.221652821018162,989,23225.62654999998,3.5234953271167893,23.48394999999998
GMKN,1,2026-02-28 08:00:00,2026-02-28 08:00:00,165.38,165.38,0.9142544114920962,2418,-399.88884,-0.06029685607608713,-0.16538
SNGS,1,2026-02-28 08:00:00,2026-03-01 09:00:00,22.235,22.68,0.10000537021297569,17989,7601.117032500005,1.4083993659545009,0.42254250000000027
GMKN,-1,2026-02-28 09:00:00,2026-03-03 12:00:00,165.18,158.18,1.0003790963855181,2421,16555.57272,2.2785761999984526,6.83832
NVTK,1,2026-02-28 09:00:00,2026-03-01 09:00:00,1205.0,1222.9,5.130683798524255,331,5523.08255000003,1.0840692751844319,16.68605000000009
MTSS,-1,2026-02-28 10:00:00,2026-02-28 14:00:00,231.65,232.3,0.9792174836894181,1726,-1522.28885000001,-0.30023122703956434,-0.8819750000000057
LKOH,-1,2026-02-28 13:00:00,2026-02-28 13:00:00,5344.0,5344.0,26.15111806961647,74,-395.456,-0.06811690913525284,-5.344
PLZL,-1,2026-02-28 13:00:00,2026-03-01 07:00:00,2558.6,2579.4,15.349668746956674,156,-3645.564000000028,-0.5074810925943374,-23.36900000000018
MTSS,1,2026-02-28 15:00:00,2026-02-28 15:00:00,231.3,231.3,0.9449070647116798,1729,-399.9177,-0.08159532601603056,-0.2313
MTSS,-1,2026-03-01 07:00:00,2026-03-01 07:00:00,231.5,231.5,0.945270845803702,1727,-399.8005,-0.08163445113030741,-0.2315
PLZL,1,2026-03-01 08:00:00,2026-03-02 11:00:00,2580.6,2580.0,15.873612273058862,155,-492.9464999999859,-0.06678379071909177,-3.1802999999999093
MTSS,1,2026-03-01 08:00:00,2026-03-01 10:00:00,232.6,231.9,0.9991800711034369,1719,-1602.5377499999806,-0.311005001988102,-0.9322499999999887
GAZP,-1,2026-03-01 09:00:00,2026-03-01 09:00:00,128.9,128.9,0.42423268023048216,3103,-399.97670000000005,-0.10128089765107966,-0.12890000000000001
GAZP,1,2026-03-01 10:00:00,2026-03-01 13:00:00,128.89,128.66,0.39393034592830495,3103,-1113.2788249999683,-0.30358581892147213,-0.35877499999998974
MTSS,-1,2026-03-01 11:00:00,2026-03-02 10:00:00,231.4,231.3,0.9937494957049008,1728,-226.97280000000987,-0.044058722567983,-0.1313500000000057
NVTK,1,2026-03-01 12:00:00,2026-03-02 14:00:00,1229.6,1276.2,6.607393396298641,325,14737.807500000046,2.2876948735136047,45.34710000000014
SBER,-1,2026-03-01 14:00:00,2026-03-02 11:00:00,314.31,314.36,0.722000529983672,1272,-463.4341200000145,-0.16820624771944456,-0.3643350000000114
GAZP,-1,2026-03-01 14:00:00,2026-03-02 10:00:00,128.77,128.3,0.5034262965966881,3106,1060.5902899999962,0.2260940031065812,0.3414649999999988
LKOH,1,2026-03-02 08:00:00,2026-03-02 09:00:00,5509.5,5457.104753576255,17.465082141248466,72,-4167.255513638418,-1.1046526689166056,-57.87854880053358
SNGS,1,2026-03-02 08:00:00,2026-03-02 09:00:00,23.165,22.90122128973406,0.0879262367553131,17267,-4952.379711666884,-1.087319824339291,-0.2868118209108058
GAZP,1,2026-03-02 11:00:00,2026-03-03 10:00:00,129.85,130.8,0.6786502952173349,3080,2524.5990000000525,0.4026005763579702,0.819675000000017
LKOH,-1,2026-03-02 11:00:00,2026-03-02 11:00:00,5478.0,5478.0,21.911547180875687,73,-399.894,-0.08333505548132747,-5.478
MTSS,1,2026-03-02 11:00:00,2026-03-03 10:00:00,232.4,230.55,1.052293290715959,1721,-3582.2184749999906,-0.6593456464289853,-2.0814749999999944
SBER,1,2026-03-02 12:00:00,2026-03-03 07:00:00,313.95,312.45,0.7849841735617583,1274,-2310.0168,-0.7699518287835253,-1.8132
PLZL,-1,2026-03-02 12:00:00,2026-03-03 12:00:00,2578.8,2472.0,11.333892954220959,155,16162.563000000027,3.0667485691273835,104.27460000000018
NVTK,-1,2026-03-02 15:00:00,2026-03-03 07:00:00,1255.6,1288.7,10.175057950136827,318,-10930.343700000045,-1.126026346924079,-34.37215000000014
SBER,-1,2026-03-03 08:00:00,2026-03-04 10:00:00,313.3,312.3,0.8123821896275872,1276,876.8672,0.28196908990788633,0.6872
ROSN,1,2026-03-03 08:00:00,2026-03-04 12:00:00,448.8,438.38820451865195,3.470598493782686,891,-9672.152118994185,-1.0426049573345921,-10.85538958360739
NVTK,1,2026-03-03 08:00:00,2026-03-03 14:00:00,1285.7,1287.7,10.662677518230206,311,221.83629999999994,0.022298964426163304,0.7132999999999998
GAZP,-1,2026-03-03 11:00:00,2026-03-03 15:00:00,130.46,130.61,0.8457133868236464,3066,-860.1203100000176,-0.11057134500126843,-0.28053500000000575
MTSS,-1,2026-03-03 11:00:00,2026-03-04 08:00:00,229.7,227.0,1.2173665404885166,1741,4303.142649999981,0.6767750763075135,2.471649999999989
SNGS,-1,2026-03-03 11:00:00,2026-03-04 08:00:00,22.665,22.67,0.1649021540916643,17648,-488.27604000004516,-0.05592710447478044,-0.027667500000002558
PLZL,1,2026-03-03 13:00:00,2026-03-04 12:00:00,2489.6,2498.8,18.661296719918248,160,1072.9280000000438,0.1197808866240754,6.7058000000002735
GAZP,1,2026-03-04 07:00:00,2026-03-04 07:00:00,128.84,128.84,0.7927764483063449,3104,-399.91936000000004,-0.05417248047468637,-0.12884
GAZP,-1,2026-03-04 08:00:00,2026-03-06 07:00:00,128.89,128.54,0.7804352734273206,3103,686.6473549999824,0.09451349673463211,0.22128499999999435
NVTK,1,2026-03-04 09:00:00,2026-03-04 11:00:00,1289.3,1278.0,11.800097912971376,282,-3548.589299999987,-0.3554673894179372,-12.583649999999954
MTSS,1,2026-03-04 09:00:00,2026-03-04 13:00:00,228.75,227.15,1.3500844285669042,1748,-3195.2565999999897,-0.4513174537635738,-1.8279499999999942
SNGS,1,2026-03-04 10:00:00,2026-03-04 13:00:00,22.78,22.515,0.18408486800816007,17559,-5050.80245250001,-0.5208603023022508,-0.28764750000000056
SBER,1,2026-03-04 11:00:00,2026-03-04 11:00:00,312.1,312.1,0.7810149002944882,1281,-399.80010000000004,-0.13320275105392573,-0.31210000000000004
SBER,-1,2026-03-04 12:00:00,2026-03-05 07:00:00,311.78,311.83,0.7616566931305956,1282,-463.83401000001453,-0.158341241867078,-0.3618050000000113
NVTK,-1,2026-03-04 12:00:00,2026-03-05 07:00:00,1267.4,1294.9,12.248620668658203,272,-7828.4728000000005,-0.7832487368324738,-28.78115
PLZL,-1,2026-03-04 13:00:00,2026-03-05 08:00:00,2490.0,2481.8,17.155761013930466,160,914.2559999999709,0.1110239294225027,5.714099999999818
GMKN,-1,2026-03-04 14:00:00,2026-03-05 08:00:00,159.88,160.68,1.230292388260957,2501,-2401.6602800000283,-0.26017663474761105,-0.9602800000000113
MTSS,-1,2026-03-04 14:00:00,2026-03-05 07:00:00,226.35,228.65,1.3145481565268422,1767,-4466.09250000002,-0.6409046300943183,-2.5275000000000114
SNGS,-1,2026-03-04 14:00:00,2026-03-05 11:00:00,22.435,22.355,0.16872912107405882,17829,1027.0395449999696,0.11380173466462896,0.057604999999998296
TATN,1,2026-03-04 15:00:00,2026-03-09 09:00:00,612.1,661.4,6.523764378261859,510,24818.257499999978,2.4864606372640234,48.663249999999955
LKOH,1,2026-03-05 07:00:00,2026-03-05 13:00:00,5393.0,5417.0,30.405169330261547,74,1376.03,0.20385787909966605,18.595
SBER,1,2026-03-05 08:00:00,2026-03-06 09:00:00,312.55,315.5,0.830428241511234,1279,3371.4120249999855,1.0580785785106794,2.6359749999999886
NVTK,1,2026-03-05 08:00:00,2026-03-09 15:00:00,1299.2,1414.0,11.97654160827355,278,31537.265199999987,3.157377806005694,113.44339999999995
MTSS,1,2026-03-05 08:00:00,2026-03-05 13:00:00,228.8,227.75,1.4718157069568045,1748,-2234.42470000002,-0.2895006926836497,-1.2782750000000114
GMKN,1,2026-03-05 09:00:00,2026-03-05 10:00:00,161.1,160.16,1.104713684431517,2482,-2731.7636599999946,-0.33210113338594127,-1.1006299999999978
PLZL,1,2026-03-05 09:00:00,2026-03-05 13:00:00,2493.0,2487.6,16.128333756294435,160,-1262.4480000000146,-0.16307326223166585,-7.890300000000091
GMKN,-1,2026-03-05 11:00:00,2026-03-05 13:00:00,160.16,160.94,1.0983500646373778,2497,-2348.553350000003,-0.2854432996916836,-0.9405500000000011
SNGS,1,2026-03-05 12:00:00,2026-03-09 13:00:00,22.545,23.64,0.16775112135643103,17742,19017.78286499998,2.1299559556494243,1.071907499999999
LKOH,-1,2026-03-05 14:00:00,2026-03-06 07:00:00,5414.0,5431.0,26.54393158307114,73,-1636.8425,-0.2815772276716328,-22.4225
GMKN,1,2026-03-05 14:00:00,2026-03-06 07:00:00,161.64,160.66,1.0786060830934103,2474,-2823.2050999999747,-0.3526619581473171,-1.1411499999999897
PLZL,-1,2026-03-05 14:00:00,2026-03-09 15:00:00,2477.2,2384.0,13.944310081691862,161,14613.873399999971,2.169807361526745,90.76939999999982
MTSS,-1,2026-03-05 14:00:00,2026-03-09 07:00:00,227.5,225.95,1.5024156071078576,1758,2326.31745000002,0.29358831509729166,1.3232750000000113
LKOH,1,2026-03-06 08:00:00,2026-03-09 15:00:00,5446.0,5840.0,25.558497699711115,73,28350.061,5.064942973342151,388.357
GMKN,-1,2026-03-06 08:00:00,2026-03-06 12:00:00,160.02,158.98,1.1080238937887137,2499,2200.369500000051,0.2648859845399449,0.8805000000000205
GAZP,-1,2026-03-06 13:00:00,2026-03-06 13:00:00,129.19,129.19,0.6624529802727646,3096,-399.97224,-0.06500587153461372,-0.12919
GMKN,1,2026-03-06 13:00:00,2026-03-09 07:00:00,159.56,155.86,1.12627992725593,2506,-9667.421259999972,-1.14172622827995,-3.8577099999999884
GAZP,1,2026-03-06 14:00:00,2026-03-09 12:00:00,129.81,134.49,0.7279920531104231,3081,14011.92585000002,2.0823716323865695,4.547850000000007
SBER,1,2026-03-09 08:00:00,2026-03-09 10:00:00,315.5,316.5,0.9247065161574969,1267,866.6279999999999,0.24656471649775508,0.6839999999999999
GMKN,-1,2026-03-09 08:00:00,2026-03-09 14:00:00,155.38,155.98,1.043717227258345,2574,-1945.1203199999854,-0.24134250806131594,-0.7556799999999944
MTSS,1,2026-03-09 08:00:00,2026-03-10 12:00:00,227.05,229.1,1.357039076631824,1761,3208.40992499997,0.4475245730142636,1.821924999999983
ROSN,-1,2026-03-09 10:00:00,2026-03-09 10:00:00,493.0,493.0,5.269837341365721,632,-311.576,-0.031183758186119844,-0.493
TATN,-1,2026-03-09 10:00:00,2026-03-09 13:00:00,650.8,663.6,7.159109826812053,465,-6257.598000000032,-0.6265769686244428,-13.457200000000068
SBER,-1,2026-03-09 11:00:00,2026-03-10 07:00:00,315.75,317.37,1.0958892915444716,1266,-2451.6849600000055,-0.5890376016816896,-1.9365600000000045
TATN,1,2026-03-09 14:00:00,2026-03-10 07:00:00,670.3,652.3,7.479069548198122,445,-8304.2785,-0.8317121927061071,-18.6613
SBER,1,2026-03-10 08:00:00,2026-03-10 14:00:00,318.68,315.75,0.9977151188905221,1255,-4075.2548250000086,-1.0848838305704507,-3.247215000000007
TATN,-1,2026-03-10 08:00:00,2026-03-11 09:00:00,640.0,630.9,8.137432870769416,409,3462.000950000009,0.346733019058367,8.464550000000022
LKOH,1,2026-03-10 13:00:00,2026-03-10 14:00:00,5759.5,5740.0,50.003554520871894,66,-1666.4834999999998,-0.1683197007488774,-25.24975
SNGS,1,2026-03-10 13:00:00,2026-03-11 14:00:00,23.18,22.98,0.2083207889881392,16000,-3569.2799999999884,-0.35694949294874967,-0.22307999999999928
ROSN,1,2026-03-10 14:00:00,2026-03-11 14:00:00,482.45,484.35,5.457440171146291,610,864.1260000000208,0.08652408183905562,1.416600000000034
NVTK,1,2026-03-10 14:00:00,2026-03-10 14:00:00,1327.4,1327.4,15.296831836275233,217,-288.04580000000004,-0.028925379542801263,-1.3274000000000001
SBER,-1,2026-03-10 15:00:00,2026-03-11 12:00:00,314.58,316.13,1.0489726735471994,1271,-2370.8662050000144,-0.592756146732955,-1.8653550000000114
LKOH,-1,2026-03-10 15:00:00,2026-03-11 09:00:00,5690.0,5689.0,50.997962826670154,65,-304.8175,-0.03065155116057273,-4.6895
GMKN,-1,2026-03-10 15:00:00,2026-03-13 07:00:00,158.24,155.96,0.9446818399407925,2527,5364.568300000004,0.7490705372061397,2.1229000000000013
PLZL,-1,2026-03-10 15:00:00,2026-03-10 15:00:00,2459.8,2459.8,16.25869059220468,162,-398.48760000000004,-0.05043046539839162,-2.4598000000000004
GAZP,1,2026-03-11 07:00:00,2026-03-11 07:00:00,130.11,130.11,1.135461467925738,2935,-381.87285,-0.038195924058284744,-0.13011
GAZP,-1,2026-03-11 08:00:00,2026-03-11 10:00:00,129.86,130.31,1.0864999345024722,3067,-1779.120694999965,-0.1779674904032154,-0.5800849999999886
LKOH,1,2026-03-11 10:00:00,2026-03-11 10:00:00,5714.5,5714.5,44.72008580519904,69,-394.3005,-0.04259458136173527,-5.7145
TATN,1,2026-03-11 10:00:00,2026-03-12 15:00:00,636.0,637.7,7.23871181833605,460,489.04900000002095,0.048956684867005794,1.0631500000000456
LKOH,-1,2026-03-11 11:00:00,2026-03-12 07:00:00,5672.5,5740.0,45.45436539054197,70,-5124.4375,-0.5368479600071779,-73.20625
SBER,1,2026-03-11 13:00:00,2026-03-13 12:00:00,315.58,317.15,1.0033651703543773,1267,1588.3555449999913,0.41647681789247387,1.2536349999999932
GAZP,-1,2026-03-11 15:00:00,2026-03-12 07:00:00,130.66,131.5,0.9156115922361052,3061,-2972.4758800000104,-0.353526906035354,-0.9710800000000034
ROSN,-1,2026-03-11 15:00:00,2026-03-12 07:00:00,485.35,493.5,4.784586687791438,696,-6013.039799999985,-0.6018928114901904,-8.639424999999978
SNGS,-1,2026-03-11 15:00:00,2026-03-12 07:00:00,22.925,23.2,0.1773639283026335,17448,-5200.594499999975,-0.560171211911475,-0.29806249999999856
GAZP,1,2026-03-12 08:00:00,2026-03-12 12:00:00,131.2,130.49,0.8717263218770509,3048,-2562.8955599999376,-0.3215248405751261,-0.8408449999999795
LKOH,1,2026-03-12 08:00:00,2026-03-13 10:00:00,5739.5,5816.5,35.01724195971127,69,4914.317999999999,0.6779707749108638,71.222
ROSN,1,2026-03-12 08:00:00,2026-03-13 11:00:00,491.5,499.25,4.556352807330372,731,5303.130875,0.5307333377351422,7.254625
MTSS,1,2026-03-12 08:00:00,2026-03-13 09:00:00,226.4,226.9,0.9981008635429295,1766,482.73609999999996,0.0912900389077237,0.27335
SNGS,1,2026-03-12 08:00:00,2026-03-13 10:00:00,23.085,23.2,0.1755842034854339,17327,1591.614902499973,0.17438451784876108,0.09185749999999844
NVTK,-1,2026-03-12 11:00:00,2026-03-12 13:00:00,1387.9,1394.3,12.852204909719807,259,-2017.8948999999645,-0.20206908865646978,-7.791099999999863
PLZL,1,2026-03-12 12:00:00,2026-03-12 13:00:00,2424.0,2416.8,13.925807775404765,165,-1587.3659999999702,-0.23027748563811634,-9.620399999999819
GAZP,-1,2026-03-12 13:00:00,2026-03-13 09:00:00,130.34,130.1,0.7614889838101226,3068,336.8050400000279,0.04805497401976982,0.10978000000000909
NVTK,1,2026-03-12 14:00:00,2026-03-13 10:00:00,1398.4,1396.4,12.746572225457156,261,-886.7214,-0.08884480051859987,-3.3974
PLZL,-1,2026-03-12 14:00:00,2026-03-13 08:00:00,2412.0,2406.2,13.25337507165006,165,559.49850000003,0.08528393664930341,3.390900000000182
TATN,-1,2026-03-13 07:00:00,2026-03-13 07:00:00,636.7,636.7,4.614594767935417,628,-399.8476,-0.0459917596249274,-0.6367
TATN,1,2026-03-13 08:00:00,2026-03-13 10:00:00,640.0,637.3,4.592123713082892,625,-2086.6562500000286,-0.2423461132292147,-3.3386500000000456
PLZL,1,2026-03-13 09:00:00,2026-03-13 14:00:00,2425.0,2437.2,13.001375609678204,164,1602.09959999997,0.25045811287660624,9.768899999999817
GAZP,1,2026-03-13 10:00:00,2026-03-13 13:00:00,130.61,130.77,0.6643070410255746,3062,89.74721999998955,0.014707054715114387,0.02930999999999659
MTSS,-1,2026-03-13 10:00:00,2026-03-14 07:00:00,226.55,226.6,0.9246718892816194,1765,-488.1548749999699,-0.09970203240230974,-0.2765749999999829
TATN,-1,2026-03-13 11:00:00,2026-03-14 07:00:00,635.6,633.1,4.324998468528831,629,1173.49385,0.1437881048648949,1.86565
SNGS,-1,2026-03-13 11:00:00,2026-03-14 07:00:00,23.08,23.045,0.14222128580042845,17331,206.88881249994088,0.02797869984278783,0.01193749999999659
GAZP,-1,2026-03-13 14:00:00,2026-03-14 14:00:00,130.25,130.15,0.6770179976762658,3071,-92.7442000000174,-0.014869127115114303,-0.030200000000005667
GMKN,-1,2026-03-13 14:00:00,2026-03-14 12:00:00,156.02,155.42,0.7972101704504587,2563,1138.6896400000583,0.18576448071361368,0.44428000000002277
PLZL,-1,2026-03-13 15:00:00,2026-03-14 11:00:00,2419.4,2427.8,13.452131021775495,165,-1785.894000000015,-0.2682003811014404,-10.823600000000091
ROSN,1,2026-03-14 07:00:00,2026-03-15 07:00:00,502.05,505.45,3.359608385537758,796,2305.414999999982,0.28735988123572,2.896249999999977
SBER,1,2026-03-14 08:00:00,2026-03-16 09:00:00,316.97,317.86,0.7095753028096768,1261,722.0296849999828,0.26898014334900733,0.5725849999999864
LKOH,1,2026-03-14 08:00:00,2026-03-15 08:00:00,5814.5,5822.0,26.78004812312393,68,114.35900000000001,0.020932872515986377,1.68175
TATN,1,2026-03-14 08:00:00,2026-03-16 07:00:00,635.6,635.6,3.883479796481632,629,-399.79240000000004,-0.05455588229366208,-0.6356
NVTK,1,2026-03-14 08:00:00,2026-03-15 08:00:00,1393.6,1395.4,10.984358509294017,287,116.37850000005218,0.012305376463483135,0.4055000000001818
MTSS,1,2026-03-14 08:00:00,2026-03-15 07:00:00,226.9,227.75,0.85166605422783,1762,1097.15334999999,0.2437085901251705,0.6226749999999943
SNGS,1,2026-03-14 08:00:00,2026-03-14 13:00:00,23.12,22.99,0.1318231996358184,17301,-2648.004555000044,-0.38702089976787146,-0.15305500000000255
PLZL,1,2026-03-14 12:00:00,2026-03-15 13:00:00,2419.8,2426.2,11.219698037845282,165,656.20499999994,0.11815528922391007,3.976999999999636
GMKN,1,2026-03-14 13:00:00,2026-03-16 07:00:00,155.58,155.32,0.5912756643250838,2571,-1068.1219500000495,-0.23421111621668486,-0.4154500000000193
SNGS,-1,2026-03-14 15:00:00,2026-03-15 14:00:00,23.0,22.985,0.10879992551374233,17391,-138.9975674999901,-0.024486842744483046,-0.00799249999999943
MTSS,-1,2026-03-15 08:00:00,2026-03-16 07:00:00,228.0,229.55,0.6589202326431571,1754,-3119.97135000002,-0.8998433658981396,-1.7787750000000113
NVTK,-1,2026-03-15 09:00:00,2026-03-17 07:00:00,1393.9,1361.5,6.8577392975504425,286,8872.377800000026,1.5078973139676477,31.02230000000009
LKOH,1,2026-03-15 12:00:00,2026-03-16 07:00:00,5825.0,5813.5,16.617356604766805,68,-1177.709,-0.3474128569689167,-17.31925
ROSN,1,2026-03-15 14:00:00,2026-03-16 07:00:00,505.7,504.05,1.723895091848278,790,-1702.3512499999822,-0.4166678529704155,-2.1548749999999774
PLZL,-1,2026-03-15 14:00:00,2026-03-15 15:00:00,2426.0,2425.4,7.475708350168154,164,-299.4148000000149,-0.08140588666129656,-1.825700000000091
SNGS,1,2026-03-15 15:00:00,2026-03-16 08:00:00,23.01,23.03,0.07926341781415158,17383,-52.49666000000745,-0.01270026822496015,-0.0030200000000004286
GAZP,1,2026-03-16 07:00:00,2026-03-16 12:00:00,130.15,130.48,0.33845358064661984,3073,613.632004999951,0.19666409360921652,0.19968499999998407
PLZL,1,2026-03-16 07:00:00,2026-03-16 07:00:00,2426.0,2426.0,7.310177097849066,164,-397.86400000000003,-0.11062203498525466,-2.426
LKOH,-1,2026-03-16 08:00:00,2026-03-17 07:00:00,5818.0,5753.5,14.349467829352506,68,3992.569,1.3639123693934085,58.71425
ROSN,-1,2026-03-16 08:00:00,2026-03-16 15:00:00,505.5,495.45,1.7638657131161308,791,7553.674275000009,1.8046583571129415,9.549525000000012
GMKN,-1,2026-03-16 08:00:00,2026-03-16 14:00:00,155.04,153.68,0.5208902997689256,2579,3109.3455599999616,0.771525214000481,1.2056399999999852
PLZL,-1,2026-03-16 08:00:00,2026-03-17 08:00:00,2402.4,2398.6,9.273735876574145,166,232.3170000000302,0.050303351983364074,1.3995000000001818
MTSS,1,2026-03-16 08:00:00,2026-03-16 08:00:00,227.65,227.65,0.6295669927476465,1757,-399.98105000000004,-0.1205325790701835,-0.22765000000000002
MTSS,-1,2026-03-16 09:00:00,2026-03-16 14:00:00,227.8,227.7,0.6738836361228145,1755,-224.2012499999601,-0.06319092948795835,-0.12774999999997727
SNGS,-1,2026-03-16 09:00:00,2026-03-17 08:00:00,22.915,22.57,0.08553087789274476,17455,5625.00466249998,1.2559109565246054,0.32225749999999886
SBER,-1,2026-03-16 10:00:00,2026-03-17 07:00:00,316.91,316.5,0.5416100590255731,1262,117.73829000003147,0.05741830827383744,0.09329500000002494
TATN,-1,2026-03-16 10:00:00,2026-03-16 15:00:00,636.9,627.8,2.567947481612359,628,5317.684200000014,1.09914631051091,8.467650000000022
GAZP,-1,2026-03-16 13:00:00,2026-03-18 13:00:00,129.68,127.2,0.4879719213969224,3084,7252.211040000013,1.606349256919106,2.351560000000004
GMKN,1,2026-03-16 15:00:00,2026-03-17 11:00:00,154.04,154.64,0.5670327364337061,2596,1156.9333599999852,0.261983698274005,0.44565999999999434
MTSS,1,2026-03-16 15:00:00,2026-03-17 07:00:00,227.6,226.75,0.7356547269035358,1757,-1892.5964749999898,-0.48807996496488715,-1.0771749999999942
ROSN,1,2026-03-17 07:00:00,2026-03-17 09:00:00,498.85,495.85,3.3760513991827548,801,-2801.3773499999998,-0.34530971110674913,-3.49735
TATN,1,2026-03-17 07:00:00,2026-03-17 11:00:00,633.0,633.0,3.1574227702442594,631,-399.423,-0.0668266543170831,-0.633
SBER,1,2026-03-17 08:00:00,2026-03-17 09:00:00,316.94,316.02,0.5785752484438547,1262,-1560.4377600000203,-0.7123706053941256,-1.236480000000016
LKOH,1,2026-03-17 08:00:00,2026-03-18 07:00:00,5727.0,5693.0,22.27968350520494,69,-2739.9900000000002,-0.5941137657352422,-39.71
MTSS,-1,2026-03-17 08:00:00,2026-03-17 10:00:00,227.05,227.45,0.7531920859525377,1761,-1104.5872499999598,-0.27759629612797215,-0.6272499999999772
PLZL,1,2026-03-17 09:00:00,2026-03-17 13:00:00,2401.6,2397.4,10.92025033000757,166,-1095.5169999999698,-0.20144532101873047,-6.599499999999818
SBER,-1,2026-03-17 10:00:00,2026-03-17 10:00:00,316.91,316.91,0.6902511070765879,1262,-399.94042,-0.15304092319977344,-0.31691
ROSN,-1,2026-03-17 10:00:00,2026-03-18 08:00:00,492.6,491.25,3.3569915903806518,812,696.7569000000185,0.08520277525258114,0.8580750000000228
SBER,1,2026-03-17 11:00:00,2026-03-18 13:00:00,317.38,320.91,0.6866617422854019,1260,4045.6773000000376,1.5586786536815096,3.2108550000000298
MTSS,1,2026-03-17 11:00:00,2026-03-18 09:00:00,227.6,228.7,0.7442102816463999,1757,1531.8404499999901,0.3905034287133738,0.8718499999999944
TATN,-1,2026-03-17 12:00:00,2026-03-18 08:00:00,633.4,627.1,3.42429172486222,631,3577.612249999971,0.5519146201665087,5.669749999999954
GMKN,-1,2026-03-17 12:00:00,2026-03-18 07:00:00,154.34,154.38,0.5672760891923269,2591,-503.58675999997945,-0.11420658811638901,-0.19435999999999207
PLZL,-1,2026-03-17 14:00:00,2026-03-18 07:00:00,2398.0,2394.4,8.995926373273608,166,199.83079999998492,0.044605374701462336,1.2037999999999092
SNGS,-1,2026-03-17 15:00:00,2026-03-18 08:00:00,22.475,22.51,0.10716776601757587,17797,-1023.1940225000025,-0.17882398205001052,-0.05749250000000014
NVTK,-1,2026-03-18 07:00:00,2026-03-18 12:00:00,1337.5,1337.1,8.541174199413152,299,-280.2526999999728,-0.036579669965608436,-0.937299999999909
LKOH,-1,2026-03-18 08:00:00,2026-03-18 12:00:00,5718.5,5720.5,24.208639031586852,69,-532.6455,-0.10629125674141617,-7.7195
GMKN,1,2026-03-18 08:00:00,2026-03-18 11:00:00,154.98,154.78,0.5751809532197999,2580,-915.5903999999707,-0.20566281388689323,-0.35487999999998865
PLZL,1,2026-03-18 08:00:00,2026-03-18 11:00:00,2397.8,2390.0,9.326257376852048,166,-1692.1874000000303,-0.3643440803060557,-10.193900000000182
ROSN,1,2026-03-18 09:00:00,2026-03-19 13:00:00,492.5,513.8,3.068319680514112,812,16887.042199999963,2.259309346857815,20.796849999999953
TATN,1,2026-03-18 09:00:00,2026-03-18 09:00:00,631.4,625.2,3.632344173158929,633,-4322.313899999957,-0.6266201360595544,-6.828299999999932
SNGS,1,2026-03-18 09:00:00,2026-03-19 12:00:00,22.5,22.99,0.11085735493462617,17777,8306.392134999973,1.4049736867573166,0.4672549999999984
MTSS,-1,2026-03-18 10:00:00,2026-03-19 08:00:00,228.5,228.05,1.1174785300230836,1750,388.0187499999801,0.06613848172259992,0.22172499999998863
GMKN,-1,2026-03-18 12:00:00,2026-03-19 10:00:00,154.64,152.88,0.6766811538137913,2586,4153.736639999976,0.7912342915355745,1.6062399999999908
PLZL,-1,2026-03-18 12:00:00,2026-03-20 07:00:00,2380.6,2296.2,9.63933353134815,168,13786.348800000016,2.8377342248516437,82.0616000000001
LKOH,1,2026-03-18 13:00:00,2026-03-19 12:00:00,5759.0,5824.5,26.539385025500863,69,4119.86925,0.7499325994508188,59.70825
MTSS,1,2026-03-19 09:00:00,2026-03-19 12:00:00,228.1,227.85,0.9511137654403011,1753,-837.8901750000001,-0.16751413531087248,-0.47797500000000004
NVTK,-1,2026-03-19 10:00:00,2026-03-19 10:00:00,1414.9,1414.9,12.060337378906603,276,-390.5124,-0.03910614757413129,-1.4149
TATN,-1,2026-03-19 11:00:00,2026-03-19 11:00:00,657.0,657.0,5.811597653431711,573,-376.461,-0.0376832693967866,-0.657
MTSS,-1,2026-03-19 13:00:00,2026-03-24 07:00:00,227.0,225.65,0.8998922390342684,1762,1979.9153499999898,0.41622576247050846,1.1236749999999942
GAZP,-1,2026-03-19 14:00:00,2026-03-19 14:00:00,131.43,131.43,0.6814070694807125,3043,-399.94149000000004,-0.06429343334137519,-0.13143000000000002
GMKN,-1,2026-03-19 15:00:00,2026-03-20 07:00:00,151.44,152.82,0.9301921319343315,2641,-4046.355329999988,-0.5490371101483934,-1.5321299999999956
SBER,1,2026-03-20 08:00:00,2026-03-20 10:00:00,321.44,321.67,0.8353734656900973,1244,-113.89441999997742,-0.036532562484632256,-0.09155499999998185
GMKN,1,2026-03-20 08:00:00,2026-03-20 13:00:00,153.98,153.52,0.9761350525352145,2597,-1593.908749999947,-0.20958507001872687,-0.6137499999999796
TATN,1,2026-03-20 10:00:00,2026-03-23 11:00:00,656.5,659.6,5.509501102639807,605,1477.379750000014,0.1477417497826312,2.441950000000023
SBER,-1,2026-03-20 11:00:00,2026-03-23 15:00:00,321.21,316.97,0.8955049213269474,1245,4881.532949999941,1.459478299754437,3.920909999999952
GAZP,1,2026-03-20 11:00:00,2026-03-23 13:00:00,131.85,133.74,0.7214395396519938,3033,5329.602765000045,0.8118975573234458,1.7572050000000148
LKOH,1,2026-03-20 14:00:00,2026-03-23 10:00:00,5785.0,5811.0,34.69308062871502,69,1393.9379999999999,0.19410210560622146,20.201999999999998
GMKN,-1,2026-03-20 14:00:00,2026-03-23 15:00:00,153.56,147.24,0.8795189686047665,2604,16065.638399999982,2.338247845405464,6.169599999999993
SNGS,1,2026-03-20 14:00:00,2026-03-20 14:00:00,22.645,22.645,0.13412789628726798,17663,-399.978635,-0.056277132067789344,-0.022645
ROSN,1,2026-03-20 15:00:00,2026-03-23 10:00:00,511.0,514.3,3.460863942905442,782,2179.7076999999645,0.2684637945884245,2.7873499999999547
PLZL,-1,2026-03-20 15:00:00,2026-03-23 11:00:00,2297.0,2243.6,18.21304189023275,174,8896.567800000015,0.9357708303780529,51.12970000000009
SNGS,-1,2026-03-20 15:00:00,2026-03-23 07:00:00,22.64,22.8,0.13311876083817747,17667,-3228.114240000002,-0.45753631030795416,-0.18272000000000013
NVTK,1,2026-03-23 07:00:00,2026-03-23 11:00:00,1417.5,1405.5,11.694468364287223,282,-3782.043,-0.3822747525361728,-13.4115
SNGS,1,2026-03-23 08:00:00,2026-03-23 10:00:00,22.745,22.575,0.12850546215128564,17586,-3388.1187600000303,-0.49974529428481645,-0.19266000000000172
LKOH,-1,2026-03-23 11:00:00,2026-03-24 07:00:00,5780.5,5703.0,31.764082184666808,69,4951.3192500000005,0.7530334585966117,71.75825
ROSN,-1,2026-03-23 11:00:00,2026-03-24 07:00:00,512.25,502.55,3.2925286077846807,780,7170.227999999991,0.9306525060268765,9.192599999999988
SNGS,-1,2026-03-23 11:00:00,2026-03-24 12:00:00,22.425,22.14,0.1361667275314777,17837,4686.092047500003,0.6431270075118454,0.26271750000000016
NVTK,-1,2026-03-23 12:00:00,2026-03-24 14:00:00,1391.0,1402.0,16.70153794248917,199,-2466.9035,-0.24741234495263584,-12.3965
GAZP,-1,2026-03-23 14:00:00,2026-03-24 08:00:00,132.43,132.41,1.0400895374811419,3020,-339.50839999996913,-0.03602894941533759,-0.11241999999998978
GAZP,1,2026-03-24 09:00:00,2026-03-25 15:00:00,132.26,135.48,1.1491078529778993,2900,8949.776999999996,0.8952249323978685,3.086129999999999
MTSS,-1,2026-03-24 09:00:00,2026-03-24 14:00:00,224.9,224.85,0.8415561775787573,1778,-310.92774999997977,-0.0692665186468881,-0.17487499999998862
GMKN,-1,2026-03-24 11:00:00,2026-03-25 07:00:00,147.18,146.72,1.0012316161856478,2717,850.5568500000215,0.10422163894258622,0.31305000000000793
PLZL,-1,2026-03-24 13:00:00,2026-03-25 08:00:00,2275.0,2270.6,19.69264632560595,169,359.49680000001536,0.03600667248792824,2.127200000000091
NVTK,1,2026-03-24 15:00:00,2026-03-26 07:00:00,1406.0,1369.8,14.907898747087094,223,-8382.10170000001,-0.8404470819503089,-37.58790000000005
MTSS,1,2026-03-24 15:00:00,2026-03-25 10:00:00,225.35,225.2,0.7585787865205437,1775,-666.1131250000101,-0.16490266916168353,-0.3752750000000057
LKOH,-1,2026-03-25 08:00:00,2026-03-25 13:00:00,5669.0,5677.5,32.63121559612329,70,-992.1274999999999,-0.14478212289547512,-14.17325
ROSN,-1,2026-03-25 09:00:00,2026-03-25 15:00:00,495.25,494.0,4.1800525734694105,797,602.033875,0.06023648321190409,0.7553749999999999
PLZL,1,2026-03-25 09:00:00,2026-03-25 12:00:00,2282.0,2290.6,17.523521323282733,175,1104.897499999984,0.12009952953179512,6.313699999999908
SNGS,-1,2026-03-25 09:00:00,2026-03-25 15:00:00,22.11,22.14,0.1302851392856965,18091,-942.9933750000206,-0.13336133418792695,-0.052125000000001136
SBER,-1,2026-03-25 11:00:00,2026-03-25 14:00:00,317.58,317.29,0.7638337711119229,1259,-34.540665000045834,-0.01197250022959791,-0.027435000000036402
PLZL,-1,2026-03-25 13:00:00,2026-03-26 11:00:00,2275.8,2245.6,16.783337476943945,175,4889.377500000048,0.5549015511839603,27.939300000000273
LKOH,1,2026-03-25 14:00:00,2026-03-26 13:00:00,5688.5,5717.0,26.932670701130622,70,1595.8075,0.2821511248423769,22.79725
SBER,1,2026-03-25 15:00:00,2026-03-26 08:00:00,317.78,317.08,0.732677174529562,1258,-1279.9269399999855,-0.4628823513590238,-1.0174299999999885
ROSN,1,2026-03-26 07:00:00,2026-03-26 13:00:00,499.4,500.2,3.7385029888318564,800,240.16000000000912,0.026766507065957325,0.3002000000000114
GMKN,-1,2026-03-26 07:00:00,2026-03-27 07:00:00,145.98,144.88,0.9361879009513606,2740,2615.5217999999845,0.339878350998396,0.9545699999999944
MTSS,-1,2026-03-26 07:00:00,2026-03-26 15:00:00,226.25,224.05,0.7372495171118697,1767,3489.55994999998,0.892890830111513,1.9748499999999887
SNGS,1,2026-03-26 07:00:00,2026-03-26 10:00:00,22.26,22.225,0.10013332421162939,17969,-1028.5904825000025,-0.1905542783440056,-0.05724250000000014
GAZP,1,2026-03-26 08:00:00,2026-03-26 11:00:00,137.32,136.83,0.9641491612524143,2912,-1826.0423999999439,-0.21679736746176645,-0.6270749999999807
TATN,1,2026-03-26 08:00:00,2026-03-27 13:00:00,662.8,675.1,4.150139244429493,603,7013.523150000041,0.9341895387897162,11.631050000000068
NVTK,-1,2026-03-26 08:00:00,2026-03-27 11:00:00,1335.0,1310.9,12.859025752487161,259,5899.255949999977,0.5904296442155796,22.77704999999991
SBER,-1,2026-03-26 09:00:00,2026-03-28 11:00:00,316.35,313.87,0.7722528252337643,1264,2736.420960000023,0.9344478601053555,2.1648900000000184
SNGS,-1,2026-03-26 11:00:00,2026-03-28 10:00:00,22.14,21.29,0.10792060268659764,18066,14963.796810000025,2.55831595753577,0.8282850000000014
PLZL,1,2026-03-26 12:00:00,2026-03-27 07:00:00,2232.8,2238.2,16.15802190069491,179,566.4454999999349,0.06528233095709858,3.164499999999636
LKOH,-1,2026-03-26 14:00:00,2026-03-27 07:00:00,5693.5,5698.5,22.712892516184677,70,-748.72,-0.15697398870675588,-10.696
ROSN,-1,2026-03-26 14:00:00,2026-03-27 07:00:00,496.7,496.4,3.5680242073090227,805,-158.22274999999084,-0.018362169890118275,-0.19654999999998862
MTSS,1,2026-03-27 07:00:00,2026-03-27 08:00:00,224.5,224.15,0.7739182547802969,1781,-1022.8728249999899,-0.24736677999798834,-0.5743249999999943
LKOH,1,2026-03-27 08:00:00,2026-03-27 12:00:00,5718.5,5680.0,24.412982819991885,69,-3049.74825,-0.6034937820571583,-44.19925
ROSN,1,2026-03-27 08:00:00,2026-03-27 10:00:00,499.15,497.25,3.39453323012315,801,-1920.9581999999816,-0.23549629530979463,-2.398199999999977
PLZL,-1,2026-03-27 08:00:00,2026-03-29 07:00:00,2196.0,2155.8,17.704400743690705,182,6920.386199999967,0.7159067501630524,38.02409999999982
GMKN,-1,2026-03-27 09:00:00,2026-03-28 15:00:00,143.26,139.98,0.8914361434458781,2792,8762.356960000003,1.1735295616608354,3.138380000000001
MTSS,-1,2026-03-27 09:00:00,2026-03-28 08:00:00,222.9,222.55,0.8433274747850504,1794,228.33134999998975,0.05030667358585879,0.12727499999999428
GAZP,1,2026-03-27 11:00:00,2026-03-30 10:00:00,138.34,137.44,1.0513245029884586,2891,-3000.5399900000166,-0.32907378487794386,-1.0378900000000058
ROSN,-1,2026-03-27 11:00:00,2026-03-28 07:00:00,497.3,494.55,3.0581776627480206,804,1812.2762999999998,0.2456882549649443,2.254075
LKOH,-1,2026-03-27 13:00:00,2026-03-28 12:00:00,5666.0,5623.0,23.199202025538554,70,2614.8849999999998,0.5367354152796241,37.3555
ROSN,1,2026-03-28 08:00:00,2026-03-30 08:00:00,493.65,495.85,3.1681910101965287,810,1381.252500000037,0.17941363536393024,1.7052500000000455
TATN,1,2026-03-28 08:00:00,2026-03-30 07:00:00,672.2,673.8,5.83420115620595,571,529.316999999948,0.05296354920352388,0.926999999999909
NVTK,-1,2026-03-29 08:00:00,2026-03-30 09:00:00,1284.8,1293.4,9.797761099446424,311,-3075.5101000000423,-0.33644080858972547,-9.889100000000136
GMKN,-1,2026-03-29 15:00:00,2026-03-30 09:00:00,141.66,141.52,0.7046855853236665,2823,-4.488570000038495,-0.0007521084736834982,-0.001590000000013636
PLZL,-1,2026-03-29 15:00:00,2026-03-30 09:00:00,2172.2,2150.0,10.263970078236047,184,3687.1575999999664,0.650784568000341,20.038899999999817
LKOH,-1,2026-03-30 07:00:00,2026-03-30 09:00:00,5626.0,5628.0,14.885249750082721,71,-541.5169999999999,-0.17079547713461807,-7.627
SBER,-1,2026-03-30 08:00:00,2026-03-30 09:00:00,313.8,313.47,0.4597985610823498,1274,20.849009999979728,0.011863890976852594,0.016364999999984087
TATN,-1,2026-03-30 08:00:00,2026-03-30 09:00:00,667.9,670.7,3.5077270010160917,598,-2074.6414000000404,-0.3296816807574731,-3.469300000000068
MTSS,-1,2026-03-30 08:00:00,2026-03-30 09:00:00,222.2,223.0,0.5180722442389424,1800,-1840.6800000000203,-0.6579519950299786,-1.0226000000000113
SNGS,-1,2026-03-30 08:00:00,2026-03-30 09:00:00,21.27,21.21,0.07244541820706239,18805,728.8817999999759,0.17834116110796444,0.03875999999999872
ROSN,-1,2026-03-30 09:00:00,2026-03-30 09:00:00,495.95,495.95,2.1270126354252334,806,-399.7357,-0.07772246573119979,-0.49595
SBER,1,2026-03-30 10:00:00,2026-04-01 13:00:00,315.48,316.0,0.7242650858312135,1267,258.7974199999769,0.09400793714710122,0.2042599999999818
LKOH,1,2026-03-30 10:00:00,2026-03-31 08:00:00,5671.5,5647.0,19.53859099888183,70,-2111.1475,-0.5145244779374654,-30.15925
ROSN,1,2026-03-30 10:00:00,2026-03-30 12:00:00,497.65,495.65,2.403654590037717,803,-2004.8099499999998,-0.3462297245685404,-2.49665
TATN,1,2026-03-30 10:00:00,2026-03-31 07:00:00,674.3,676.6,4.07656052638633,593,963.3581500000404,0.13283665559768282,1.624550000000068
GMKN,1,2026-03-30 10:00:00,2026-03-30 13:00:00,143.76,143.36,0.9963938203464493,2782,-1512.1839199999367,-0.18184242311304166,-0.5435599999999773
NVTK,1,2026-03-30 10:00:00,2026-03-31 10:00:00,1325.3,1292.8299279263802,10.823357357873258,301,-10167.520248312481,-1.0403160473741837,-33.77913703758299
PLZL,1,2026-03-30 10:00:00,2026-03-30 13:00:00,2163.4,2158.2,12.638303035310777,184,-1354.3872000000501,-0.19413998803042282,-7.360800000000273
MTSS,1,2026-03-30 10:00:00,2026-03-30 13:00:00,223.1,222.95,0.6556337207978644,1792,-668.4608000000102,-0.1896511157408937,-0.37302500000000566
SNGS,1,2026-03-30 10:00:00,2026-03-30 13:00:00,21.475,21.17954169882153,0.09848610039282397,18626,-5900.448064591318,-1.0721836914527125,-0.3167855720278814
GAZP,-1,2026-03-30 11:00:00,2026-04-01 10:00:00,135.92,132.68,0.6270864047104061,2942,9136.969399999944,1.6508623461728638,3.1056999999999806
ROSN,-1,2026-03-30 13:00:00,2026-03-31 15:00:00,494.5,482.85,2.397423153904107,808,9018.350599999982,1.5518502274444417,11.161324999999977
GMKN,-1,2026-03-30 14:00:00,2026-04-01 07:00:00,142.0,140.1,1.116178777147931,2816,4953.203200000016,0.5252892087456005,1.7589500000000058
PLZL,-1,2026-03-30 14:00:00,2026-03-31 15:00:00,2146.2,2089.2,13.842793965834852,186,10208.1078,1.3215612429941046,54.8823
MTSS,-1,2026-03-30 14:00:00,2026-03-31 07:00:00,222.45,223.8,0.7359656054692781,1798,-2828.4787500000407,-0.712499328913132,-1.5731250000000228
SNGS,-1,2026-03-30 15:00:00,2026-03-31 10:00:00,21.1,21.43242239844161,0.11080746614720238,18957,-6704.87497296119,-1.0639734605697972,-0.3536886096408287
TATN,-1,2026-03-31 08:00:00,2026-04-01 15:00:00,675.3,650.7,3.7330451617610696,592,14170.703999999945,2.1373971260063365,23.93699999999991
MTSS,1,2026-03-31 08:00:00,2026-03-31 12:00:00,224.2,224.55,0.7591714414052507,1784,224.11500000004057,0.05515881883345824,0.12562500000002275
LKOH,-1,2026-03-31 09:00:00,2026-04-01 15:00:00,5631.0,5515.0,23.151106815662683,71,7840.316999999999,1.5899455820011674,110.42699999999999
NVTK,-1,2026-03-31 12:00:00,2026-04-02 07:00:00,1292.4,1284.7,9.742674076575184,309,1981.138050000014,0.21935969357103668,6.411450000000045
MTSS,-1,2026-03-31 13:00:00,2026-04-01 07:00:00,223.7,225.25,0.8891429947225871,1788,-3172.76130000002,-0.6652379540494676,-1.7744750000000113
ROSN,1,2026-04-01 07:00:00,2026-04-01 07:00:00,470.95,470.95,3.3676209214683954,849,-399.83655,-0.0466155000797665,-0.47095
ROSN,-1,2026-04-01 08:00:00,2026-04-02 07:00:00,477.05,476.25,3.6342194270777934,838,270.9673000000096,0.029657904674182996,0.3233500000000114
MTSS,1,2026-04-01 08:00:00,2026-04-01 12:00:00,226.6,225.35,1.0074594718937875,1765,-2605.095875,-0.48834884220388314,-1.475975
GMKN,-1,2026-04-01 13:00:00,2026-04-02 15:00:00,139.02,137.18,1.1458414563470098,2877,4896.36630000001,0.49509467200512813,1.7019000000000033
MTSS,-1,2026-04-01 13:00:00,2026-04-02 13:00:00,225.1,224.3,1.05360982346987,1776,1021.7327999999696,0.18200918631824514,0.5752999999999829
SBER,-1,2026-04-01 14:00:00,2026-04-01 14:00:00,316.4,316.4,0.9177040235379842,1264,-399.92959999999994,-0.1149244897718391,-0.31639999999999996
SBER,1,2026-04-01 15:00:00,2026-04-02 07:00:00,316.8,316.29,0.9021537361424131,1262,-1043.0997899999886,-0.3053969506107598,-0.826544999999991
PLZL,-1,2026-04-01 15:00:00,2026-04-01 15:00:00,2152.6,2152.6,15.946023992064083,185,-398.231,-0.044997632870139345,-2.1526
SBER,-1,2026-04-02 08:00:00,2026-04-04 07:00:00,316.07,315.03,0.8961427622860599,1265,916.429250000026,0.2694697134163269,0.7244500000000205
ROSN,1,2026-04-02 08:00:00,2026-04-02 14:00:00,471.85,472.05,3.7292103099543,847,-230.34165000000965,-0.024308095405087164,-0.2719500000000114
SNGS,1,2026-04-02 08:00:00,2026-04-03 13:00:00,21.435,21.285,0.12085118790686473,18661,-3197.7489599999735,-0.4726474020596278,-0.17135999999999857
LKOH,-1,2026-04-02 10:00:00,2026-04-02 12:00:00,5506.0,5512.5,25.317945965775007,72,-864.6659999999999,-0.15811248427280522,-12.00925
GAZP,-1,2026-04-02 11:00:00,2026-04-03 08:00:00,134.63,134.32,0.91761048015159,2971,521.4847750000068,0.06376162282242949,0.1755250000000023
LKOH,1,2026-04-02 13:00:00,2026-04-03 08:00:00,5540.5,5530.0,24.45482043979872,72,-1154.538,-0.21856972315505285,-16.03525
TATN,-1,2026-04-02 13:00:00,2026-04-03 14:00:00,655.0,646.7,4.618985846906244,610,4665.981499999973,0.5520078976588398,7.649149999999954
NVTK,-1,2026-04-02 13:00:00,2026-04-03 14:00:00,1256.6,1247.5,9.274041892448878,318,2495.6480999999712,0.28207585901281,7.847949999999909
PLZL,1,2026-04-02 13:00:00,2026-04-03 09:00:00,2159.2,2154.6,14.423939338440375,185,-1250.0264999999831,-0.1561501298052121,-6.756899999999909
MTSS,1,2026-04-02 14:00:00,2026-04-03 09:00:00,224.75,224.65,0.9750721192421219,1779,-577.6412999999899,-0.11100033648532188,-0.3246999999999943
ROSN,-1,2026-04-02 15:00:00,2026-04-03 13:00:00,465.7,463.6,3.590784647769061,858,1403.1302999999707,0.15180990233021463,1.6353499999999659
GAZP,1,2026-04-03 09:00:00,2026-04-03 11:00:00,134.4,134.32,0.7493929448846587,2976,-637.9353600000372,-0.09534828666466176,-0.2143600000000125
LKOH,-1,2026-04-03 09:00:00,2026-04-03 15:00:00,5516.0,5495.0,26.556189656010492,72,1115.6039999999998,0.1944869877883392,15.494499999999999
GMKN,-1,2026-04-03 09:00:00,2026-04-04 14:00:00,136.06,134.28,0.8973944262496932,2939,4834.155370000003,0.6109650902981129,1.6448300000000011
PLZL,-1,2026-04-03 10:00:00,2026-04-04 12:00:00,2149.6,2134.2,14.63298479670435,186,2466.006600000017,0.3020140270809295,13.258100000000091
MTSS,-1,2026-04-03 10:00:00,2026-04-03 11:00:00,224.0,223.95,0.9243912550755735,1785,-310.54537499997974,-0.06273497974829044,-0.17397499999998864
GAZP,-1,2026-04-03 12:00:00,2026-04-04 13:00:00,133.61,132.59,0.7452829081310476,2993,2654.4917000000305,0.39667263277873765,0.8869000000000102
MTSS,1,2026-04-03 12:00:00,2026-04-03 14:00:00,226.55,224.1,1.0610822556518977,1765,-4721.94862500003,-0.8404390849530562,-2.675325000000017
ROSN,1,2026-04-03 14:00:00,2026-04-05 09:00:00,465.1,471.55,3.45175537080984,860,5144.24049999999,0.5776457055816392,5.9816749999999885
SNGS,-1,2026-04-03 14:00:00,2026-04-04 14:00:00,21.19,21.14,0.10476160894450376,18876,544.2894600000134,0.0917479863425787,0.02883500000000071
MTSS,-1,2026-04-03 15:00:00,2026-04-05 07:00:00,223.6,224.8,1.1284612666425735,1788,-2546.4696000000304,-0.4206908534360046,-1.424200000000017
LKOH,1,2026-04-04 07:00:00,2026-04-05 07:00:00,5504.0,5510.0,22.52238297747316,72,35.49600000000002,0.007296445207316618,0.4930000000000003
SBER,1,2026-04-04 08:00:00,2026-04-07 07:00:00,314.8,318.82,0.7554077308066507,1270,4703.051299999976,1.6340800025286064,3.7031899999999816
PLZL,1,2026-04-04 13:00:00,2026-04-06 07:00:00,2141.6,2140.6,10.70486220547098,186,-584.2446,-0.09780913693575818,-3.1411
GAZP,1,2026-04-04 14:00:00,2026-04-06 09:00:00,132.72,132.46,0.6853090500123287,3013,-1182.8736699999727,-0.19095520966923768,-0.3925899999999909
NVTK,-1,2026-04-04 14:00:00,2026-04-05 10:00:00,1269.5,1274.8,7.117630065119189,315,-2070.227249999986,-0.3077873739747342,-6.572149999999954
LKOH,-1,2026-04-05 08:00:00,2026-04-05 12:00:00,5496.5,5502.0,16.16783875931943,72,-791.946,-0.22677221867723532,-10.99925
TATN,-1,2026-04-05 08:00:00,2026-04-05 13:00:00,648.5,647.2,3.170526687419445,616,401.724399999972,0.06856379231750002,0.6521499999999545
MTSS,1,2026-04-05 08:00:00,2026-04-06 07:00:00,225.4,224.9,1.0071203079544804,1774,-1286.4161,-0.2400077376630476,-0.72515
GMKN,-1,2026-04-05 09:00:00,2026-04-05 11:00:00,134.0,134.12,0.6680583430375528,2985,-758.3691000000136,-0.1267653754335462,-0.25406000000000456
NVTK,1,2026-04-05 11:00:00,2026-04-06 07:00:00,1276.6,1279.9,6.163941331442973,313,632.807750000057,0.10933210269685746,2.021750000000182
GMKN,1,2026-04-05 12:00:00,2026-04-07 07:00:00,134.06,136.44,0.581590444480141,2983,6696.089249999986,1.2865582767076365,2.2447499999999954
LKOH,1,2026-04-05 13:00:00,2026-04-06 07:00:00,5507.5,5453.0,14.669240042214534,72,-4318.5779999999995,-1.3629483605919892,-59.98025
ROSN,1,2026-04-05 14:00:00,2026-04-06 07:00:00,471.5,466.8,1.8460104305995155,848,-4383.439199999991,-0.9333912590301094,-5.169149999999989
TATN,1,2026-04-05 14:00:00,2026-04-06 07:00:00,646.9,636.1,2.7918568089157643,618,-7070.8469999999725,-1.366056210746154,-11.441499999999955
LKOH,-1,2026-04-06 08:00:00,2026-04-06 10:00:00,5471.0,5489.5,14.591788964121443,73,-1750.5582499999998,-0.5478023761391441,-23.980249999999998
ROSN,-1,2026-04-06 08:00:00,2026-04-06 12:00:00,463.0,466.0,1.9094879431585772,863,-2989.8635,-0.6047869207401578,-3.4645
TATN,-1,2026-04-06 08:00:00,2026-04-06 12:00:00,636.6,643.0,2.637321213260907,628,-4420.994399999986,-0.889766475240438,-7.039799999999977
NVTK,-1,2026-04-06 08:00:00,2026-04-06 14:00:00,1274.8,1270.5,5.555965878120648,313,947.5605499999857,0.18162758533858991,3.0273499999999545
PLZL,-1,2026-04-06 08:00:00,2026-04-06 12:00:00,2147.8,2140.8,6.524408615582037,186,903.1601999999999,0.24807867839563194,4.8557
MTSS,-1,2026-04-06 08:00:00,2026-04-07 08:00:00,224.25,223.35,0.7905632911972201,1783,1205.66460000001,0.28511316236130657,0.6762000000000057
SNGS,-1,2026-04-06 08:00:00,2026-04-06 11:00:00,21.085,21.075,0.06171702332300997,18970,-210.1875999999703,-0.05984302441164276,-0.011079999999998435
GAZP,-1,2026-04-06 10:00:00,2026-04-06 15:00:00,131.87,131.1,0.4772717549635546,3033,1936.6159950000308,0.44594789262060863,0.6385150000000102
LKOH,1,2026-04-06 11:00:00,2026-04-08 07:00:00,5498.5,5459.0,17.45414007076342,72,-3238.47,-0.8589891341470652,-44.97875
SNGS,1,2026-04-06 12:00:00,2026-04-07 10:00:00,21.125,21.305,0.07091446020221996,18934,3006.4351899999942,0.7463686980399002,0.1587849999999997
TATN,1,2026-04-06 13:00:00,2026-04-08 07:00:00,647.1,630.6,3.0548205458203497,618,-10591.8093,-1.87014258752991,-17.13885
PLZL,1,2026-04-06 13:00:00,2026-04-09 07:00:00,2146.6,2245.2,7.006351609644237,186,17931.162599999985,4.586509754344414,96.40409999999991
NVTK,1,2026-04-06 15:00:00,2026-04-08 07:00:00,1272.9,1255.2,6.404354193127617,314,-5954.711700000014,-0.987039412464621,-18.964050000000046
GAZP,1,2026-04-07 07:00:00,2026-04-08 07:00:00,133.49,130.9,0.5626018339382237,2996,-8155.69622000001,-1.6128606033534028,-2.7221950000000033
GMKN,-1,2026-04-07 08:00:00,2026-04-08 07:00:00,136.62,138.36,0.7999581791635698,2927,-5495.413230000027,-0.7823283970349129,-1.8774900000000092
SBER,1,2026-04-07 09:00:00,2026-04-07 13:00:00,319.6,318.3,0.9732648706998681,1251,-2025.3064500000144,-0.5544739322728716,-1.6189500000000114
MTSS,1,2026-04-07 09:00:00,2026-04-07 11:00:00,223.85,224.25,0.7567332679966495,1786,314.2467000000101,0.07750419134508245,0.17595000000000566
ROSN,-1,2026-04-07 10:00:00,2026-04-07 10:00:00,469.45,469.45,2.353694598801396,852,-399.97139999999996,-0.06648412815027976,-0.46945
ROSN,1,2026-04-07 11:00:00,2026-04-08 07:00:00,472.95,454.85,2.589144984601295,845,-15686.49549999997,-2.389965298764274,-18.563899999999965
SNGS,-1,2026-04-07 11:00:00,2026-04-07 14:00:00,21.225,21.275,0.0915050271758369,18845,-1342.7062499999465,-0.2595485814605665,-0.07124999999999716
MTSS,-1,2026-04-07 12:00:00,2026-04-08 07:00:00,223.55,224.85,0.7904493403019822,1789,-2726.7937999999695,-0.6427567723347836,-1.524199999999983
SBER,-1,2026-04-07 14:00:00,2026-04-09 08:00:00,318.56,318.76,0.976854814282678,1255,-650.9182999999856,-0.17698297038502764,-0.5186599999999886
SNGS,1,2026-04-07 15:00:00,2026-04-08 07:00:00,21.31,20.99,0.09491162747732929,18770,-6403.385500000006,-1.1981320907581032,-0.3411500000000003
ROSN,-1,2026-04-08 08:00:00,2026-04-09 07:00:00,457.1,461.0,3.3519442982912113,875,-3814.1687499999803,-0.4334847292681424,-4.359049999999978
GMKN,1,2026-04-08 08:00:00,2026-04-09 10:00:00,137.32,135.8,0.9009537402239264,2912,-4823.902719999947,-0.6128912529176228,-1.6565599999999818
NVTK,-1,2026-04-08 08:00:00,2026-04-10 07:00:00,1260.1,1254.6,8.750818058492333,317,1344.9200500000002,0.1616096526306159,4.24265
MTSS,1,2026-04-08 08:00:00,2026-04-08 12:00:00,223.75,223.35,0.8092636381209153,1787,-1114.2838500000103,-0.2568384271936684,-0.6235500000000057
SNGS,-1,2026-04-08 08:00:00,2026-04-09 07:00:00,20.985,20.895,0.09642890328402355,19061,1316.3526599999973,0.2387251043620853,0.06905999999999986
MTSS,-1,2026-04-08 13:00:00,2026-04-10 07:00:00,223.05,221.2,0.7677608734248161,1793,2918.7798750000406,0.70676302841466,1.6278750000000226
TATN,1,2026-04-09 07:00:00,2026-04-09 14:00:00,635.1,626.7,3.5139531819172913,629,-5680.436099999986,-0.8566704916533651,-9.030899999999978
LKOH,1,2026-04-09 08:00:00,2026-04-09 13:00:00,5492.0,5441.5,31.476430364247033,72,-4029.6059999999998,-0.5926842122009982,-55.96675
ROSN,1,2026-04-09 08:00:00,2026-04-09 15:00:00,462.65,455.8,3.053408233316843,864,-6315.170399999971,-0.7979307538208578,-7.309224999999966
SBER,1,2026-04-09 09:00:00,2026-04-09 13:00:00,320.42,318.72,0.9583123393075855,1248,-2520.423359999986,-0.7024745194102372,-2.0195699999999888
SNGS,-1,2026-04-09 10:00:00,2026-04-10 10:00:00,20.795,20.6,0.09665161108811486,19235,3352.7085875000053,0.6011367289094058,0.17430250000000028
GMKN,-1,2026-04-09 11:00:00,2026-04-10 10:00:00,135.42,135.2,0.9241235091098484,2953,250.0895699999966,0.030547864783996074,0.08468999999999885
SBER,-1,2026-04-09 14:00:00,2026-04-14 10:00:00,316.79,315.98,1.0725287331887974,1262,622.9421300000029,0.15341158538861296,0.4936150000000023
LKOH,-1,2026-04-09 14:00:00,2026-04-11 12:00:00,5424.5,5411.5,28.995265693665704,73,553.486,0.08716365492334334,7.582
TATN,-1,2026-04-09 15:00:00,2026-04-11 15:00:00,627.4,609.7,3.6860629421456035,637,10880.883649999958,1.5446878569448295,17.081449999999933
ROSN,-1,2026-04-10 07:00:00,2026-04-12 07:00:00,452.85,454.6,3.187229387524937,883,-1945.889175,-0.23047446878947073,-2.203725
NVTK,1,2026-04-10 08:00:00,2026-04-10 15:00:00,1248.0,1245.3,8.149106254855383,320,-1262.9280000000144,-0.16143488118297475,-3.9466500000000453
MTSS,1,2026-04-10 08:00:00,2026-04-10 13:00:00,220.9,221.2,0.9977305523986959,1810,142.8994999999691,0.02637652681216558,0.07894999999998292
GMKN,1,2026-04-10 11:00:00,2026-04-10 12:00:00,135.76,135.2,0.9567718326981519,2946,-2048.8840800000066,-0.2423008900804519,-0.6954800000000023
PLZL,1,2026-04-10 11:00:00,2026-04-10 14:00:00,2218.0,2207.4,15.920233037006696,180,-2306.2859999999837,-0.26826868614751004,-12.812699999999909
GAZP,1,2026-04-10 13:00:00,2026-04-11 09:00:00,129.08,127.9,0.722723377591682,3098,-4053.702020000021,-0.603499688617732,-1.3084900000000068
GMKN,-1,2026-04-10 13:00:00,2026-04-11 14:00:00,134.66,134.34,0.9771144883978956,2970,550.9349999999797,0.06328156430748942,0.18549999999999317
SNGS,-1,2026-04-10 13:00:00,2026-04-11 11:00:00,20.51,20.4,0.09828844161590293,19502,1746.3065900000581,0.30368101114042806,0.08954500000000298
MTSS,-1,2026-04-10 14:00:00,2026-04-11 12:00:00,221.05,220.9,0.9519449086760498,1809,-128.39377499998977,-0.024852628673895732,-0.07097499999999435
PLZL,-1,2026-04-10 15:00:00,2026-04-12 07:00:00,2176.4,2171.8,16.47240669955095,183,443.93969999998325,0.04909017535096111,2.4258999999999085
NVTK,-1,2026-04-11 07:00:00,2026-04-12 07:00:00,1196.5,1218.2,6.81891804500462,334,-7651.054900000015,-1.1197939736095148,-22.907350000000044
GAZP,-1,2026-04-11 10:00:00,2026-04-12 09:00:00,128.0,128.99,0.640332996339964,3125,-3495.2968750000286,-0.5822465323475645,-1.1184950000000091
MTSS,-1,2026-04-12 08:00:00,2026-04-14 10:00:00,221.45,217.35,0.768470853075878,1806,7008.36359999999,1.6832562069932007,3.8805999999999945
GMKN,-1,2026-04-12 09:00:00,2026-04-14 07:00:00,134.08,131.88,0.5569140064798214,2983,6165.920660000052,1.237186816366482,2.067020000000017
LKOH,-1,2026-04-12 13:00:00,2026-04-12 13:00:00,5479.5,5479.5,15.528798644467985,72,-394.524,-0.1176201740918752,-5.4795
LKOH,1,2026-04-12 14:00:00,2026-04-13 08:00:00,5551.5,5526.5,19.562455884148843,72,-2198.808,-0.5203675206708118,-30.539
PLZL,-1,2026-04-12 14:00:00,2026-04-13 07:00:00,2143.0,2137.0,10.261158412285079,186,717.9599999999999,0.1253919503987207,3.86
TATN,-1,2026-04-12 15:00:00,2026-04-12 15:00:00,629.5,629.5,2.554912344451623,635,-399.7325,-0.08212936689942339,-0.6295000000000001
GAZP,-1,2026-04-13 07:00:00,2026-04-13 07:00:00,131.31,131.31,0.462756223379894,3046,-399.97026000000005,-0.09458543783660273,-0.13131
GAZP,1,2026-04-13 08:00:00,2026-04-13 11:00:00,130.34,130.14,0.523987921709901,3068,-1013.1763200000524,-0.21008117828515527,-0.3302400000000171
PLZL,1,2026-04-13 08:00:00,2026-04-13 10:00:00,2139.2,2131.2,12.609535361439605,186,-1885.1471999999999,-0.26792422584667663,-10.1352
SNGS,-1,2026-04-13 08:00:00,2026-04-14 07:00:00,20.68,20.46,0.09216418251203674,19342,3857.375059999978,0.7212852634805756,0.19942999999999886
LKOH,-1,2026-04-13 09:00:00,2026-04-14 07:00:00,5486.5,5461.0,19.635446233527052,72,1441.89,0.3399676578405717,20.02625
NVTK,-1,2026-04-13 09:00:00,2026-04-14 11:00:00,1224.9,1197.2,4.812510559747992,326,8635.397700000014,1.8347284417101375,26.488950000000045
ROSN,-1,2026-04-13 11:00:00,2026-04-15 11:00:00,460.4,448.05,2.2118402645401636,868,10325.53269999997,1.7927417259300549,11.895774999999967
PLZL,-1,2026-04-13 11:00:00,2026-04-14 07:00:00,2125.6,2164.4,12.746410054330477,188,-7697.660000000034,-1.0707590039202055,-40.945000000000185
LKOH,1,2026-04-14 08:00:00,2026-04-14 08:00:00,5435.5,5435.5,22.998767674308983,73,-396.79150000000004,-0.0787795832799016,-5.4355
PLZL,1,2026-04-14 08:00:00,2026-04-16 11:00:00,2148.6,2247.8,13.360826160859412,186,18042.33480000005,2.4200549385228736,97.00180000000027
LKOH,-1,2026-04-14 09:00:00,2026-04-15 11:00:00,5414.5,5409.0,23.677427126144053,73,6.442249999999963,0.0012423928710643276,0.0882499999999995
SNGS,-1,2026-04-14 09:00:00,2026-04-14 10:00:00,20.255,20.285,0.11726230884716334,19748,-992.7319600000224,-0.14289899995494076,-0.05027000000000113
SBER,1,2026-04-14 11:00:00,2026-04-15 08:00:00,317.13,316.79,0.7497212775777284,1261,-828.4265599999685,-0.29209077188549526,-0.656959999999975
MTSS,1,2026-04-14 11:00:00,2026-04-14 13:00:00,219.45,218.2,0.9258670385702596,1822,-2676.19915,-0.528810631480515,-1.468825
SNGS,1,2026-04-14 11:00:00,2026-04-15 07:00:00,20.51,20.305,0.12327719487331927,19502,-4395.897065000036,-0.6094868836895923,-0.22540750000000184
TATN,1,2026-04-14 12:00:00,2026-04-14 12:00:00,607.0,607.0,4.956031435753649,658,-399.406,-0.040825675937740516,-0.607
GAZP,1,2026-04-14 14:00:00,2026-04-15 10:00:00,129.1,127.95,0.7263089542091484,3098,-3960.8704499999735,-0.5867682031595545,-1.2785249999999915
TATN,-1,2026-04-14 14:00:00,2026-04-15 11:00:00,606.4,599.7,4.864129146134532,659,4017.8900499999554,0.41781716841990163,6.096949999999932
MTSS,-1,2026-04-14 14:00:00,2026-04-15 10:00:00,217.65,218.7,0.9685604532576018,1837,-2329.6374749999686,-0.43644668598457104,-1.268174999999983
GMKN,-1,2026-04-15 08:00:00,2026-04-15 14:00:00,132.06,133.54,1.1133917401079358,2993,-4827.11039999997,-0.48284892067537694,-1.6127999999999898
NVTK,-1,2026-04-15 08:00:00,2026-04-15 11:00:00,1180.5,1193.2,7.764568310268902,338,-4693.755300000015,-0.5961632141065812,-13.886850000000045
SNGS,-1,2026-04-15 08:00:00,2026-04-15 14:00:00,20.275,20.435,0.11209725389576326,19728,-3558.043440000003,-0.5363051390111312,-0.18035500000000015
SBER,-1,2026-04-15 09:00:00,2026-04-15 10:00:00,317.14,317.0,0.716375336326433,1261,-223.28527000001722,-0.08239163234737962,-0.17707000000001366
SBER,1,2026-04-15 11:00:00,2026-04-16 12:00:00,318.66,323.51,0.7768236318324849,1255,5683.788324999957,1.9433475907165265,4.528914999999966
GAZP,-1,2026-04-15 11:00:00,2026-04-15 14:00:00,127.44,128.32,0.6555212707605501,3138,-3162.7274399999856,-0.5125081595143516,-1.0078799999999954
MTSS,1,2026-04-15 11:00:00,2026-04-16 12:00:00,220.15,225.25,1.0988851587704573,1816,8857.17679999999,1.4794691271340266,4.877299999999995
LKOH,1,2026-04-15 12:00:00,2026-04-16 07:00:00,5419.0,5410.5,25.895867763390005,73,-1015.77675,-0.17911158808731925,-13.91475
NVTK,1,2026-04-15 12:00:00,2026-04-16 12:00:00,1192.9,1208.9,7.601456047209254,335,4957.6984999999995,0.6489590024195974,14.7991
GAZP,1,2026-04-15 15:00:00,2026-04-16 10:00:00,128.31,128.68,0.6577143121145376,3117,752.7710850000142,0.12239609992347138,0.24150500000000455
GMKN,1,2026-04-15 15:00:00,2026-04-16 15:00:00,134.1,136.9,1.1170339085950731,2982,7945.539000000034,0.7951116432837247,2.6645000000000114
SNGS,1,2026-04-15 15:00:00,2026-04-16 11:00:00,20.51,20.525,0.11063932522090901,19502,-107.60228500005815,-0.016623082823358438,-0.005517500000002982
LKOH,-1,2026-04-16 08:00:00,2026-04-17 11:00:00,5408.0,5364.5,26.057255588207976,73,2782.3037499999996,0.48756413699540563,38.113749999999996
TATN,-1,2026-04-16 08:00:00,2026-04-16 10:00:00,598.8,602.7,4.891109742450475,668,-3006.5010000000607,-0.30672998133311075,-4.500750000000091
GAZP,-1,2026-04-16 11:00:00,2026-04-17 10:00:00,128.77,127.82,0.6407325446390334,3106,2552.2157300000526,0.42748205777650805,0.821705000000017
TATN,1,2026-04-16 11:00:00,2026-04-16 12:00:00,600.7,597.2,4.611358638543619,665,-2725.80175,-0.2962937333146101,-4.09895
ROSN,-1,2026-04-16 12:00:00,2026-04-17 11:00:00,447.45,443.35,2.402130168960812,893,3263.5577999999696,0.5071332169009789,3.654599999999966
SNGS,-1,2026-04-16 12:00:00,2026-04-17 12:00:00,20.425,20.415,0.11252266948855937,19583,-204.0548599999694,-0.030867853998842076,-0.010419999999998437
TATN,-1,2026-04-16 13:00:00,2026-04-17 11:00:00,593.3,591.4,4.727140866907505,674,881.3560999999847,0.09220866176947264,1.3076499999999773
NVTK,-1,2026-04-16 13:00:00,2026-04-17 11:00:00,1201.2,1195.5,7.832351389395281,333,1499.0494500000152,0.19158359034193811,4.501650000000046
SBER,1,2026-04-17 08:00:00,2026-04-17 10:00:00,323.9,322.13,1.1684458061011755,1234,-2582.7805099999773,-0.5970937317106936,-2.0930149999999816
PLZL,1,2026-04-17 09:00:00,2026-04-18 09:00:00,2237.0,2265.6,14.298457053676714,178,4690.068599999984,0.6142550882958053,26.34869999999991
MTSS,1,2026-04-17 09:00:00,2026-04-17 09:00:00,223.2,223.2,1.378200954126954,1792,-399.97439999999995,-0.05398341930994381,-0.22319999999999998
MTSS,-1,2026-04-17 10:00:00,2026-04-17 12:00:00,222.7,222.55,1.3297580288321706,1796,-130.43450000004086,-0.01820506649213566,-0.07262500000002275
SBER,-1,2026-04-17 11:00:00,2026-04-17 15:00:00,322.54,322.9,1.1633547507304192,1240,-846.5727999999465,-0.19561817510130566,-0.6827199999999568
GAZP,1,2026-04-17 11:00:00,2026-04-17 13:00:00,128.07,127.61,0.5558615486214921,3123,-1835.8243199999804,-0.3525098419788204,-0.5878399999999937
GMKN,1,2026-04-17 11:00:00,2026-04-17 14:00:00,136.74,137.08,0.9711040025650585,2925,594.0382500000098,0.0697110366014916,0.20309000000000338
LKOH,1,2026-04-17 12:00:00,2026-04-17 12:00:00,5381.0,5381.0,22.723920391580062,74,-398.194,-0.07893297616599984,-5.381
ROSN,1,2026-04-17 12:00:00,2026-04-17 12:00:00,445.9,445.9,2.0413399902816525,897,-399.97229999999996,-0.07281165021061767,-0.44589999999999996
NVTK,1,2026-04-17 12:00:00,2026-04-17 12:00:00,1200.0,1200.0,7.228901430880893,333,-399.59999999999997,-0.05533344226983838,-1.2
LKOH,-1,2026-04-17 13:00:00,2026-04-18 07:00:00,5341.5,5345.5,24.672211792181486,74,-691.4189999999999,-0.12623513555387728,-9.343499999999999
ROSN,-1,2026-04-17 13:00:00,2026-04-18 09:00:00,437.1,434.45,2.5705299909758192,915,2026.0158750000312,0.28712950348415306,2.214225000000034
NVTK,-1,2026-04-17 13:00:00,2026-04-18 12:00:00,1187.7,1175.4,7.976837042960834,336,3735.799199999985,0.4646139792050134,11.118449999999955
MTSS,1,2026-04-17 13:00:00,2026-04-17 14:00:00,223.1,222.4,1.2508120952420823,1792,-1653.5679999999797,-0.24590690680345548,-0.9227499999999886
SNGS,1,2026-04-17 13:00:00,2026-04-17 13:00:00,20.325,20.325,0.10821155716487361,19680,-399.996,-0.06260883936525795,-0.020325
GAZP,-1,2026-04-17 14:00:00,2026-04-17 14:00:00,127.68,127.68,0.5306588273766097,3132,-399.89376000000004,-0.08020218981450218,-0.12768000000000002
TATN,-1,2026-04-17 14:00:00,2026-04-18 09:00:00,569.2,572.5,5.518212834768658,604,-2337.9933999999726,-0.2338226835332659,-3.8708499999999546
SNGS,-1,2026-04-17 14:00:00,2026-04-18 08:00:00,20.16,20.26,0.11691073165309669,19841,-2385.0866100000285,-0.34274013542998055,-0.12021000000000143
GAZP,1,2026-04-17 15:00:00,2026-04-18 09:00:00,128.23,125.12,0.5663260539925653,3119,-10095.189324999954,-1.9050715732757464,-3.2366749999999853
GMKN,-1,2026-04-17 15:00:00,2026-04-19 11:00:00,137.44,136.2,1.0429175712531396,2910,3210.253800000027,0.35259418078920657,1.1031800000000092
MTSS,-1,2026-04-17 15:00:00,2026-04-19 08:00:00,221.8,223.0,1.2302920617138358,1803,-2564.5871999999795,-0.3853827461691062,-1.4223999999999886
SBER,1,2026-04-18 07:00:00,2026-04-18 14:00:00,323.87,324.45,1.2902633119067768,1235,315.9623999999804,0.06609503596127696,0.25583999999998414
LKOH,1,2026-04-18 08:00:00,2026-04-19 13:00:00,5335.5,5375.5,30.500677868505193,74,2563.693,0.3786200003964906,34.6445
SNGS,1,2026-04-18 09:00:00,2026-04-19 11:00:00,20.305,20.43,0.10828606327426321,19699,2061.1556175,0.3220866928338088,0.1046325
GAZP,-1,2026-04-18 10:00:00,2026-04-19 10:00:00,125.04,125.9,0.5088729751262427,3198,-3151.533059999998,-0.645524553388804,-0.9854699999999994
TATN,1,2026-04-18 10:00:00,2026-04-19 13:00:00,574.6,578.0,5.383258831996634,619,1747.870299999986,0.17484452498157613,2.8236999999999775
SBER,1,2026-04-19 09:00:00,2026-04-19 11:00:00,324.71,324.61,0.8488816839853878,1231,-522.756459999958,-0.16675272420621412,-0.42465999999996584
MTSS,1,2026-04-19 09:00:00,2026-04-20 09:00:00,223.1,222.9,0.7531947071376482,1792,-758.0159999999796,-0.18720259006576914,-0.4229999999999886
SBER,-1,2026-04-19 12:00:00,2026-04-20 07:00:00,324.61,325.07,0.7497715232200767,1232,-966.9228799999748,-0.3489240725091349,-0.7848399999999796
PLZL,1,2026-04-19 12:00:00,2026-04-19 12:00:00,2229.4,2229.4,11.184202984914839,179,-399.06260000000003,-0.0664449075482326,-2.2294
NVTK,-1,2026-04-19 13:00:00,2026-04-20 11:00:00,1181.7,1176.8,5.883704224675143,338,1257.6135000000306,0.2107940767652215,3.720750000000091
LKOH,-1,2026-04-19 14:00:00,2026-04-20 10:00:00,5368.5,5356.5,18.116109704803826,74,491.175,0.12212886961118999,6.6375
ROSN,-1,2026-04-19 14:00:00,2026-04-19 15:00:00,437.15,436.9,2.251061008188484,915,-171.127875,-0.027694347883016914,-0.187025
TATN,-1,2026-04-19 14:00:00,2026-04-20 14:00:00,577.4,574.8,3.5028422750542973,692,1400.538800000016,0.19259597788281335,2.023900000000023
GMKN,-1,2026-04-19 15:00:00,2026-04-20 11:00:00,136.06,135.0,0.5367603645862367,2939,2717.0173300000065,0.574104734622518,0.9244700000000022
ROSN,1,2026-04-20 07:00:00,2026-04-20 09:00:00,440.75,440.7,2.1412209713461943,907,-445.08757500001036,-0.07639332987532041,-0.4907250000000114
SBER,1,2026-04-20 08:00:00,2026-04-20 09:00:00,324.51,324.31,0.720872977351235,1232,-646.0731199999859,-0.2424883978528704,-0.5244099999999886
SNGS,1,2026-04-20 08:00:00,2026-04-20 11:00:00,20.37,20.36,0.06980966426261519,19636,-596.2471400000308,-0.14498947636520282,-0.030365000000001564
PLZL,-1,2026-04-20 09:00:00,2026-04-20 09:00:00,2239.0,2239.0,10.624502602207368,178,-398.542,-0.07024642576474814,-2.239
SBER,-1,2026-04-20 10:00:00,2026-04-20 15:00:00,323.44,324.29,0.7721812916957081,1236,-1450.8971400000282,-0.50673117510277,-1.1738650000000228
ROSN,-1,2026-04-20 10:00:00,2026-04-20 14:00:00,438.75,433.05,2.310627723778274,911,4795.5950999999895,0.7594040277205536,5.2640999999999885
PLZL,1,2026-04-20 10:00:00,2026-04-21 08:00:00,2253.4,2293.2,10.965609559192563,177,6642.225899999952,1.140739138346723,37.52669999999973
MTSS,-1,2026-04-20 10:00:00,2026-04-20 14:00:00,221.2,222.05,0.7102183048084099,1808,-1937.498000000041,-0.502955684069143,-1.0716250000000227
GAZP,-1,2026-04-20 11:00:00,2026-04-21 07:00:00,125.68,125.91,0.4032296506476825,3182,-1132.1396899999675,-0.29412106263225646,-0.35579499999998976
LKOH,1,2026-04-20 11:00:00,2026-04-22 11:00:00,5383.0,5456.0,21.28097778775936,74,5000.957,1.0585431533268448,67.5805
GMKN,1,2026-04-20 12:00:00,2026-04-22 09:00:00,135.46,141.2,0.5279060301495526,2952,16536.129839999943,3.5370373261399455,5.601669999999981
NVTK,1,2026-04-20 12:00:00,2026-04-21 10:00:00,1182.7,1199.9,6.164889725774607,338,5410.9406000000145,0.8655845555555107,16.008700000000044
SNGS,-1,2026-04-20 12:00:00,2026-04-20 14:00:00,20.3,20.27,0.0636692737662578,19704,191.42436000002238,0.05086179159546029,0.009715000000001136
ROSN,1,2026-04-20 15:00:00,2026-04-21 08:00:00,436.95,431.45,2.8519529612750767,915,-5429.793,-0.693583201941134,-5.9342
TATN,1,2026-04-20 15:00:00,2026-04-22 11:00:00,581.1,591.3,3.6365996120984825,688,6614.294399999953,0.8812078154929951,9.613799999999932
MTSS,1,2026-04-20 15:00:00,2026-04-21 08:00:00,223.1,222.3,0.8801311117525983,1792,-1832.6783999999693,-0.38732865529678046,-1.0226999999999828
SNGS,1,2026-04-20 15:00:00,2026-04-21 09:00:00,20.46,20.43,0.08123957524215324,19550,-986.1997500000223,-0.20698040271480259,-0.05044500000000114
SBER,1,2026-04-21 07:00:00,2026-04-21 11:00:00,324.66,323.93,0.8255241237160508,1232,-1298.8914400000224,-0.4257073252865376,-1.0542950000000182
ROSN,-1,2026-04-21 09:00:00,2026-04-21 14:00:00,433.3,431.4,2.96123930609378,923,1354.6409500000316,0.1652067314046334,1.467650000000034
MTSS,-1,2026-04-21 09:00:00,2026-04-21 14:00:00,222.45,221.75,0.9448972494608069,1798,859.2641999999796,0.16858975945892388,0.47789999999998867
SNGS,-1,2026-04-21 10:00:00,2026-04-21 14:00:00,20.355,20.44,0.09187313901736648,19651,-2071.166272500017,-0.3824023036086675,-0.10539750000000085
SBER,-1,2026-04-21 12:00:00,2026-04-21 14:00:00,322.36,322.75,1.0347061463729843,1240,-883.5681999999831,-0.22955148586477006,-0.7125549999999864
GAZP,-1,2026-04-21 13:00:00,2026-04-23 08:00:00,124.39,125.3,0.48299481579829656,3215,-3327.026674999989,-0.7141864095646652,-1.0348449999999967
SBER,1,2026-04-21 15:00:00,2026-04-22 11:00:00,324.25,324.29,1.088848179147763,1233,-350.50490999997476,-0.08702468211943513,-0.28426999999997954
ROSN,1,2026-04-21 15:00:00,2026-04-22 14:00:00,435.45,436.3,2.9942428967478443,918,380.16675000002084,0.046102360906193116,0.4141250000000227
NVTK,1,2026-04-21 15:00:00,2026-04-22 09:00:00,1220.9,1207.8,8.303913295888174,327,-4680.7924500000445,-0.5746025795287037,-14.314350000000136
PLZL,1,2026-04-21 15:00:00,2026-04-22 10:00:00,2303.0,2309.8,14.107426381278495,173,777.3928000000315,0.10617575638420464,4.493600000000182
MTSS,1,2026-04-21 15:00:00,2026-04-22 14:00:00,222.45,225.4,0.8912225796878689,1798,4901.48285000003,1.01960126165668,2.726075000000017
SNGS,1,2026-04-21 15:00:00,2026-04-22 13:00:00,20.55,20.69,0.09504384967047773,19464,2323.612320000011,0.4186839387430034,0.11938000000000057
NVTK,-1,2026-04-22 10:00:00,2026-04-23 09:00:00,1206.2,1208.5,7.969230727922258,331,-1160.932849999985,-0.14670382958926628,-3.5073499999999544
SBER,-1,2026-04-22 12:00:00,2026-04-22 14:00:00,324.5,324.92,1.0250350460830537,1232,-917.4827200000196,-0.24217383358281638,-0.744710000000016
TATN,1,2026-04-22 14:00:00,2026-04-23 15:00:00,592.8,604.0,3.1888001219160675,674,7145.478400000031,1.1082120332281198,10.601600000000046
GMKN,1,2026-04-22 14:00:00,2026-04-23 10:00:00,140.32,139.96,0.9931572268449967,2850,-1425.3989999999576,-0.167861974747879,-0.5001399999999852
SBER,1,2026-04-22 15:00:00,2026-04-24 07:00:00,325.84,327.7,0.9766989782232041,1227,1881.2732100000167,0.5232693778347286,1.5332300000000136
LKOH,1,2026-04-22 15:00:00,2026-04-23 10:00:00,5465.0,5469.5,21.521524331195696,73,-70.60925,-0.014981125951163226,-0.9672499999999999
ROSN,1,2026-04-23 08:00:00,2026-04-24 09:00:00,438.7,440.5,2.4145195779615016,911,1239.3244000000104,0.1878082376327291,1.3604000000000114
MTSS,1,2026-04-23 08:00:00,2026-04-23 11:00:00,226.5,226.4,1.008713774337642,1766,-576.5106999999899,-0.10787665384872705,-0.3264499999999943
SNGS,1,2026-04-23 08:00:00,2026-04-23 10:00:00,20.655,20.61,0.08426103761966468,19365,-1270.973362500033,-0.2596395750400164,-0.0656325000000017
GAZP,1,2026-04-23 09:00:00,2026-04-23 15:00:00,125.47,125.46,0.39982659464765075,3188,-431.8624200000163,-0.11293645946637136,-0.1354650000000051
NVTK,1,2026-04-23 10:00:00,2026-04-24 08:00:00,1208.2,1211.4,6.7691409156166555,331,658.7562000000149,0.0980035736099875,1.9902000000000453
GMKN,-1,2026-04-23 11:00:00,2026-04-25 15:00:00,139.3,137.1,0.9305704018083533,2871,5919.4278000000495,0.7385434410240482,2.061800000000017
SNGS,-1,2026-04-23 11:00:00,2026-04-23 12:00:00,20.61,20.63,0.0788288992895057,19408,-788.3529599999918,-0.17176441789797267,-0.04061999999999957
LKOH,1,2026-04-23 13:00:00,2026-04-24 10:00:00,5481.0,5510.0,19.402717742519474,72,1692.324,0.4038008199317322,23.5045
PLZL,1,2026-04-23 13:00:00,2026-04-24 07:00:00,2310.4,2280.0,14.363661150756165,173,-5656.269600000016,-0.758748057728046,-32.69520000000009
SNGS,1,2026-04-23 13:00:00,2026-04-24 09:00:00,20.705,20.6,0.08539328561186971,19319,-2427.4806474999396,-0.4904854798190797,-0.12565249999999686
GAZP,-1,2026-04-24 07:00:00,2026-04-27 07:00:00,125.03,123.27,0.44741144285745565,3199,5233.084150000016,1.2187514245295266,1.6358500000000051
MTSS,1,2026-04-24 07:00:00,2026-04-24 10:00:00,226.4,226.45,1.01971754435688,1766,-311.56655000003013,-0.05767119891070279,-0.17642500000001707
PLZL,-1,2026-04-24 08:00:00,2026-04-25 12:00:00,2290.6,2292.0,14.304490996635439,174,-642.2862000000158,-0.0860172748280784,-3.691300000000091
ROSN,-1,2026-04-24 10:00:00,2026-04-24 15:00:00,440.35,437.35,1.9434589880885278,908,2325.5242,0.4392769139452396,2.56115
SNGS,-1,2026-04-24 10:00:00,2026-04-25 11:00:00,20.715,20.29,0.0862608518680222,19309,7810.442227500014,1.5630786976958206,0.40449750000000073
LKOH,-1,2026-04-24 11:00:00,2026-04-25 07:00:00,5496.5,5476.5,21.784029706598933,72,1044.972,0.22208165332550162,14.5135
TATN,1,2026-04-24 11:00:00,2026-04-24 11:00:00,602.4,602.4,3.273509113349169,664,-399.99359999999996,-0.06134090147516312,-0.6023999999999999
MTSS,-1,2026-04-24 11:00:00,2026-04-25 11:00:00,224.75,223.8,1.2347798517382564,1779,1291.0647749999798,0.19591211582597826,0.7257249999999886
TATN,-1,2026-04-24 12:00:00,2026-04-25 10:00:00,597.6,594.1,3.475401319538516,669,1942.87635,0.2785433712526021,2.90415
ROSN,1,2026-04-25 07:00:00,2026-04-25 12:00:00,437.5,436.65,2.0014354450044003,914,-1176.3865500000209,-0.21435864997337664,-1.2870750000000228
LKOH,1,2026-04-25 08:00:00,2026-04-26 12:00:00,5485.5,5486.5,24.669179036275153,72,-322.99199999999996,-0.06061544776721181,-4.486
NVTK,1,2026-04-25 08:00:00,2026-04-25 08:00:00,1184.9,1184.9,7.193746344780965,337,-399.3113,-0.05490416922376106,-1.1849
SBER,1,2026-04-25 09:00:00,2026-04-25 09:00:00,325.7,325.7,0.8999650021463229,1228,-399.95959999999997,-0.12063432067663349,-0.3257
MTSS,1,2026-04-25 12:00:00,2026-04-26 12:00:00,223.7,223.75,0.9084157815158362,1788,-310.6202999999797,-0.0637465073941145,-0.17372499999998864
ROSN,-1,2026-04-25 13:00:00,2026-04-26 07:00:00,436.7,438.3,1.6229634161874316,915,-1864.312500000021,-0.4184731830013346,-2.0375000000000227
PLZL,1,2026-04-25 13:00:00,2026-04-27 08:00:00,2291.0,2292.6,10.095189382027415,174,-120.37320000001587,-0.02284256305390073,-0.6918000000000912
ROSN,1,2026-04-26 08:00:00,2026-04-27 07:00:00,437.9,436.15,1.4599166526897438,913,-1996.7538250000002,-0.4993492827074832,-2.187025
SNGS,-1,2026-04-26 09:00:00,2026-04-26 09:00:00,20.365,20.4,0.07104925227221491,19641,-1087.7676825000028,-0.2598314935476502,-0.05538250000000014
GMKN,-1,2026-04-26 11:00:00,2026-04-27 07:00:00,137.14,136.82,0.5611284982761521,2916,533.6863199999801,0.10872138352281789,0.1830199999999932
NVTK,-1,2026-04-26 11:00:00,2026-04-27 07:00:00,1183.9,1180.2,3.8773283583740947,337,848.5491500000153,0.21646778118597051,2.517950000000045
SBER,-1,2026-04-26 12:00:00,2026-04-28 12:00:00,325.2,320.93,0.484506954103084,1230,4854.730049999977,2.715430581250391,3.9469349999999817
LKOH,-1,2026-04-26 13:00:00,2026-04-27 07:00:00,5477.5,5465.0,14.255873801738524,73,513.09875,0.1643474612114583,7.02875
TATN,-1,2026-04-26 13:00:00,2026-04-27 07:00:00,594.8,593.4,2.139545129004488,672,541.5647999999848,0.12555628282462009,0.8058999999999773
MTSS,-1,2026-04-26 13:00:00,2026-04-26 14:00:00,223.35,223.3,0.5891574751056085,1790,-310.25175000003054,-0.09806376468303202,-0.17332500000001705
MTSS,1,2026-04-26 15:00:00,2026-04-27 07:00:00,223.65,223.15,0.571263333126773,1788,-1293.4392,-0.42210539229518823,-0.7234
SNGS,1,2026-04-26 15:00:00,2026-04-27 07:00:00,20.405,20.305,0.05698108360339813,19603,-2359.319065000028,-0.7040640647090345,-0.12035500000000142
LKOH,1,2026-04-27 08:00:00,2026-04-28 12:00:00,5541.5,5581.5,19.492021856816272,72,2479.5719999999997,0.5889332612248056,34.4385
ROSN,-1,2026-04-27 08:00:00,2026-04-27 08:00:00,440.8,440.8,1.3215370716780515,907,-399.8056,-0.11118366369152356,-0.4408
TATN,1,2026-04-27 08:00:00,2026-04-28 10:00:00,597.3,609.7,2.255678582608724,669,7891.85850000006,1.7432300403894823,11.79650000000009
GMKN,1,2026-04-27 08:00:00,2026-04-27 14:00:00,137.46,139.04,0.491201219522134,2909,4194.050749999954,0.9783838358562391,1.441749999999984
NVTK,1,2026-04-27 08:00:00,2026-04-27 15:00:00,1183.5,1181.7,3.9666058859610214,337,-1005.1361999999847,-0.2506424960238045,-2.9825999999999544
MTSS,-1,2026-04-27 08:00:00,2026-04-28 08:00:00,223.95,222.9,0.5948648127470637,1786,1476.2629499999696,0.4631724622063794,0.826574999999983
SNGS,-1,2026-04-27 08:00:00,2026-04-27 08:00:00,20.415,20.415,0.06453981188252203,19593,-399.991095,-0.10543879508646128,-0.020415
GAZP,-1,2026-04-27 09:00:00,2026-04-27 09:00:00,123.25,123.25,0.2871492257104975,3245,-399.94625,-0.1430731120088527,-0.12325
ROSN,1,2026-04-27 09:00:00,2026-04-28 12:00:00,442.15,441.85,1.5021415665581923,904,-670.7679999999589,-0.16465381082558345,-0.7419999999999545
PLZL,-1,2026-04-27 09:00:00,2026-04-30 07:00:00,2289.6,2074.2,6.800161883610495,174,37099.94940000001,10.451618831501186,213.21810000000008
SNGS,1,2026-04-27 09:00:00,2026-04-28 09:00:00,20.355,20.36,0.06992982531948452,19651,-301.79023250001956,-0.07320433939709337,-0.015357500000000995
GAZP,1,2026-04-27 10:00:00,2026-04-27 13:00:00,123.41,123.92,0.3202099953026048,3241,1252.1117350000166,0.40216837457443183,0.3863350000000051
GAZP,-1,2026-04-27 14:00:00,2026-04-28 10:00:00,123.65,123.6,0.3957691502456717,3234,-238.10324999996323,-0.06201005472869414,-0.07362499999998863
GMKN,-1,2026-04-27 15:00:00,2026-04-28 12:00:00,137.1,135.58,0.755522531284091,2917,4036.1362199999467,0.6104649178577128,1.3836599999999817
NVTK,-1,2026-04-28 07:00:00,2026-04-28 11:00:00,1183.1,1172.6,3.9848860929470415,338,3150.8867,0.7797922602689136,9.32215
MTSS,1,2026-04-28 09:00:00,2026-04-28 09:00:00,222.35,222.35,0.7923833218943906,1798,-399.7853,-0.09353637894532187,-0.22235
MTSS,-1,2026-04-28 10:00:00,2026-04-28 12:00:00,221.85,222.6,0.789355941759077,1803,-1752.921675,-0.41055623053625206,-0.972225
SNGS,-1,2026-04-28 10:00:00,2026-04-29 08:00:00,20.285,20.21,0.07496256765488259,19719,1079.664547499986,0.243465957801198,0.05475249999999929
GAZP,1,2026-04-28 11:00:00,2026-04-28 11:00:00,123.18,123.18,0.44306312717386104,3247,-399.96546000000006,-0.09267302441055489,-0.12318000000000001
TATN,-1,2026-04-28 11:00:00,2026-04-29 09:00:00,601.9,597.6,3.0539299940342666,664,2456.9659999999694,0.40387850051444624,3.7002499999999543
GAZP,-1,2026-04-28 12:00:00,2026-04-30 10:00:00,122.55,118.47,0.47284433237572815,3263,12919.815869999995,2.791256888643947,3.9594899999999984
NVTK,1,2026-04-28 12:00:00,2026-04-28 15:00:00,1190.2,1177.5,5.9270373060863575,336,-4664.973600000015,-0.7808201232760362,-13.883850000000045
ROSN,-1,2026-04-28 13:00:00,2026-04-30 14:00:00,436.75,429.35,2.1040142940259856,915,6374.759249999979,1.1037551756470991,6.9669499999999775
GMKN,1,2026-04-28 13:00:00,2026-04-29 08:00:00,135.36,134.78,0.8384044546907646,2955,-2113.031850000037,-0.28429794872044883,-0.7150700000000125
MTSS,1,2026-04-28 13:00:00,2026-04-28 13:00:00,222.05,222.05,0.8418786457888806,1801,-399.91205,-0.08791845123629369,-0.22205000000000003
MTSS,-1,2026-04-28 14:00:00,2026-04-30 07:00:00,220.8,220.5,0.9424587425182462,1811,143.70285000002056,0.028064889004402977,0.07935000000001136
NVTK,-1,2026-04-29 07:00:00,2026-04-30 07:00:00,1179.5,1133.9,7.04284184972752,339,15066.27869999997,2.1034738035337908,44.44329999999991
SBER,-1,2026-04-29 08:00:00,2026-04-29 08:00:00,320.88,320.88,0.9401162656165937,1246,-399.81648,-0.11377316180126743,-0.32088
SBER,1,2026-04-29 09:00:00,2026-04-29 12:00:00,321.6,320.01,0.9508222466439818,1243,-2375.1306150000396,-0.6698780999793954,-1.9108050000000318
GMKN,-1,2026-04-29 09:00:00,2026-05-01 07:00:00,134.44,129.64,0.8939544259748492,2975,13887.181000000033,1.7405659857546776,4.667960000000011
SNGS,1,2026-04-29 09:00:00,2026-04-29 11:00:00,20.225,20.11,0.08207461629674061,19777,-2673.2076475000395,-0.5489618516209046,-0.135167500000002
TATN,1,2026-04-29 10:00:00,2026-04-29 11:00:00,596.5,591.8,3.635132291709503,670,-3547.0805000000305,-0.4854614701895166,-5.294150000000045
TATN,-1,2026-04-29 12:00:00,2026-04-29 13:00:00,591.4,590.5,3.6007008025454375,676,208.91779999998457,0.02861017127383471,0.3090499999999772
SNGS,-1,2026-04-29 12:00:00,2026-04-30 09:00:00,20.06,19.755,0.08414647667782034,19940,5684.744449999994,1.1293501176191472,0.2850924999999997
SBER,-1,2026-04-29 13:00:00,2026-04-30 07:00:00,319.21,319.78,0.9897668728237901,1253,-1114.5372349999916,-0.2995638078767233,-0.8894949999999933
TATN,1,2026-04-29 14:00:00,2026-04-29 14:00:00,590.7,590.7,3.9613185491335705,677,-399.9039,-0.0497056718761147,-0.5907
TATN,-1,2026-04-29 15:00:00,2026-04-30 12:00:00,583.4,584.9,4.364081509909737,685,-1427.6427500000002,-0.15918966341236732,-2.08415
SBER,1,2026-04-30 08:00:00,2026-04-30 13:00:00,321.27,319.64,1.2468268860558172,1245,-2428.316474999994,-0.5214450168967238,-1.9504549999999954
LKOH,1,2026-04-30 08:00:00,2026-04-30 11:00:00,5494.5,5439.0,30.838380677106972,72,-4389.606,-0.6589921245471336,-60.96675
MTSS,1,2026-04-30 08:00:00,2026-04-30 11:00:00,221.2,219.65,0.9909286929373952,1808,-3200.9283999999693,-0.5955440294268933,-1.770424999999983
LKOH,-1,2026-04-30 12:00:00,2026-05-02 13:00:00,5423.5,5249.5,31.717565350865584,73,12312.4355,1.7725561859725896,168.6635
NVTK,-1,2026-04-30 12:00:00,2026-05-02 07:00:00,1145.1,1136.0,10.229970551134699,325,2586.8212499999704,0.25935069771101976,7.959449999999909
PLZL,-1,2026-04-30 12:00:00,2026-05-01 14:00:00,2087.8,2106.0,22.072825967341533,151,-3064.831899999973,-0.3065141429259468,-20.29689999999982
MTSS,-1,2026-04-30 12:00:00,2026-05-01 08:00:00,219.45,219.8,0.9879233756503779,1822,-1037.8567500000413,-0.19219607985792164,-0.5696250000000227
SBER,-1,2026-04-30 14:00:00,2026-05-03 07:00:00,319.3,320.65,1.1372404202670927,1252,-2090.8086999999573,-0.48948166404653903,-1.6699749999999658
SNGS,-1,2026-04-30 14:00:00,2026-05-02 07:00:00,19.735,19.715,0.13630591196242758,20268,5.573699999991299,0.0006725069026484433,0.0002749999999995707
ROSN,1,2026-04-30 15:00:00,2026-05-01 13:00:00,427.25,426.1,2.5537406991386016,936,-1475.7677999999787,-0.20579941162804863,-1.5766749999999772
TATN,-1,2026-05-01 07:00:00,2026-05-03 14:00:00,581.6,576.4,4.230827520604992,687,3174.6270000000313,0.36407377181688727,4.621000000000046
MTSS,1,2026-05-01 09:00:00,2026-05-01 15:00:00,220.05,220.0,0.8649852648157381,1817,-490.6354250000207,-0.10405764929707906,-0.2700250000000114
GAZP,-1,2026-05-01 11:00:00,2026-05-03 10:00:00,120.87,120.41,0.7929205894584775,3309,1122.9422400000265,0.1426624576330621,0.339360000000008
ROSN,-1,2026-05-01 14:00:00,2026-05-02 13:00:00,425.5,423.35,2.0999218978863174,940,1622.0404999999785,0.27391098080629567,1.7255749999999772
PLZL,1,2026-05-01 15:00:00,2026-05-04 07:00:00,2103.6,2099.2,15.360760639539668,190,-1235.2660000000174,-0.14108242320728645,-6.501400000000091
MTSS,-1,2026-05-02 07:00:00,2026-05-02 07:00:00,220.05,220.05,0.607719276118931,1817,-399.83085000000005,-0.12069717529520221,-0.22005000000000002
MTSS,1,2026-05-02 08:00:00,2026-05-02 13:00:00,220.4,220.35,0.6000250421104358,1814,-490.4602500000206,-0.15020206437220013,-0.27037500000001136
SNGS,-1,2026-05-02 10:00:00,2026-05-02 12:00:00,19.68,19.695,0.07548775080650769,20325,-705.0234375000115,-0.15317054590270562,-0.034687500000000565
MTSS,-1,2026-05-02 14:00:00,2026-05-03 07:00:00,220.2,220.55,0.48282479471298617,1816,-1035.8010000000413,-0.3937763803390148,-0.5703750000000227
SBER,1,2026-05-03 08:00:00,2026-05-04 11:00:00,320.83,322.4,0.4768399786895942,1246,1555.4877099999915,0.8726792046189058,1.2483849999999932
MTSS,1,2026-05-03 08:00:00,2026-05-04 11:00:00,220.25,220.9,0.45193734474651165,1816,779.8358000000104,0.31672900752858935,0.4294250000000057
GAZP,1,2026-05-03 11:00:00,2026-05-04 10:00:00,120.5,121.02,0.3924261597518118,3319,1325.0775599999868,0.3391211230264683,0.39923999999999604
ROSN,-1,2026-05-03 11:00:00,2026-05-03 14:00:00,423.5,423.45,1.2891860005511677,944,-352.56039999998933,-0.09656610187625275,-0.3734749999999887
SNGS,-1,2026-05-03 13:00:00,2026-05-04 07:00:00,19.69,19.745,0.044936101752343006,20314,-1517.8112949999943,-0.5542499763463489,-0.07471749999999971
LKOH,-1,2026-05-04 08:00:00,2026-05-04 15:00:00,5248.5,5184.5,10.918809516773146,76,4467.546,1.794563772717119,58.783500000000004
ROSN,1,2026-05-04 08:00:00,2026-05-04 08:00:00,427.15,423.8830790143771,1.0889736618742973,936,-3456.121523521766,-1.1302500248337253,-3.692437525130092
GMKN,-1,2026-05-04 08:00:00,2026-05-05 10:00:00,128.98,123.28,0.38745389658204576,3101,17284.570869999967,4.795297409722215,5.573869999999989
PLZL,-1,2026-05-04 08:00:00,2026-05-05 07:00:00,2083.4,2060.0,8.608567527438225,191,4073.7053000000174,0.8258555573471839,21.32830000000009
SNGS,1,2026-05-04 08:00:00,2026-05-04 08:00:00,19.81,19.81,0.04411286969358236,20191,-399.98371,-0.14969176521957267,-0.019809999999999998
TATN,-1,2026-05-04 09:00:00,2026-05-04 15:00:00,574.4,569.1,2.168163250963375,696,3290.8619999999687,0.7269209699191336,4.728249999999955
NVTK,-1,2026-05-04 09:00:00,2026-05-04 15:00:00,1124.8,1120.5,4.215133030073568,355,1127.9592499999837,0.2512653003144165,3.1773499999999544
SNGS,-1,2026-05-04 09:00:00,2026-05-05 07:00:00,19.675,19.5,0.052033379001183454,20330,3159.536125000014,0.995594898141992,0.1554125000000007
ROSN,-1,2026-05-04 10:00:00,2026-05-04 10:00:00,422.45,426.9092328906646,1.486410963554878,946,-4620.181231726017,-1.0952360253115248,-4.883912507109955
GAZP,-1,2026-05-04 11:00:00,2026-05-05 10:00:00,120.65,118.76,0.35570782035536536,3315,5868.527925000002,1.658941129671547,1.7702950000000006
SBER,-1,2026-05-04 12:00:00,2026-05-05 07:00:00,320.31,320.82,0.7461459043131594,1248,-1036.5451199999886,-0.3710467328167497,-0.8305649999999909
MTSS,-1,2026-05-04 12:00:00,2026-05-05 12:00:00,219.2,217.05,0.7060268266128024,1824,3523.7399999999584,0.9120876276369649,1.9318749999999771
ROSN,1,2026-05-05 07:00:00,2026-05-05 08:00:00,421.55,419.1,2.1957392084433005,948,-2721.0680999999895,-0.4357416383151964,-2.8703249999999887
TATN,1,2026-05-05 07:00:00,2026-05-06 07:00:00,577.2,574.3,3.7524409947690347,693,-2408.6947500000633,-0.308754577340043,-3.475750000000091
NVTK,1,2026-05-05 07:00:00,2026-05-05 08:00:00,1125.5,1118.4,5.821469983531075,355,-2918.7922499999677,-0.4707831540406911,-8.221949999999909
SBER,1,2026-05-05 08:00:00,2026-05-05 08:00:00,320.06,320.06,0.8966003585748276,1249,-399.75494000000003,-0.11899021191141194,-0.32006
SNGS,1,2026-05-05 08:00:00,2026-05-05 08:00:00,19.445,19.445,0.086139314746146,20570,-399.98365,-0.07524632260853534,-0.019445
SBER,-1,2026-05-05 09:00:00,2026-05-05 12:00:00,318.43,321.4312438560299,1.0004146186766274,1256,-4171.395144315108,-1.1065993425643255,-3.3211744779578884
LKOH,-1,2026-05-05 09:00:00,2026-05-05 12:00:00,5162.5,5199.5,25.58219850815306,77,-3247.937,-0.5496139563162368,-42.181
ROSN,-1,2026-05-05 09:00:00,2026-05-05 12:00:00,416.4,419.15,2.440458807280196,960,-3041.064,-0.43267478920358854,-3.167775
NVTK,-1,2026-05-05 09:00:00,2026-05-05 09:00:00,1119.2,1119.2,6.507287893963016,357,-399.5544,-0.05733059190646391,-1.1192
PLZL,-1,2026-05-05 09:00:00,2026-05-05 12:00:00,2039.6,2048.0,13.133301922550226,196,-2046.984800000018,-0.26507169995759183,-10.443800000000092
SNGS,-1,2026-05-05 09:00:00,2026-05-05 11:00:00,19.245,19.55888809107855,0.10462936369284977,20784,-6927.100090019062,-1.0618116602604215,-0.33329003512408883
NVTK,1,2026-05-05 10:00:00,2026-05-06 09:00:00,1133.5,1156.8,7.2710530443942325,352,7798.507199999984,1.0156644374494783,22.154849999999954
GAZP,-1,2026-05-05 12:00:00,2026-05-05 12:00:00,118.38,118.38,0.5688578049230644,3378,-399.88764,-0.06936707145177835,-0.11838
GAZP,1,2026-05-05 13:00:00,2026-05-06 09:00:00,119.08,119.46,0.6032251045714178,3359,875.7920699999847,0.1440755687078818,0.26072999999999547
LKOH,1,2026-05-05 13:00:00,2026-05-06 07:00:00,5229.5,5178.5,28.879533829429395,76,-4271.504,-0.6487177659209753,-56.204
ROSN,1,2026-05-05 13:00:00,2026-05-06 09:00:00,423.35,418.3,2.8582073613788475,944,-5164.45880000001,-0.6380252034805471,-5.470825000000011
PLZL,1,2026-05-05 13:00:00,2026-05-07 09:00:00,2066.8,2174.6,14.813646298676552,193,20396.104899999948,2.3779718121446147,105.67929999999973
MTSS,1,2026-05-05 13:00:00,2026-05-06 07:00:00,218.15,218.15,1.014008882829776,1833,-399.86895000000004,-0.07171206080930731,-0.21815
SNGS,1,2026-05-05 13:00:00,2026-05-06 09:00:00,19.67,19.62,0.12412573553809554,20335,-1416.2310750000145,-0.18702809614268348,-0.0696450000000007
SBER,1,2026-05-05 14:00:00,2026-05-06 08:00:00,322.1,320.18,1.1532433937725017,1241,-2781.2547400000194,-0.6477788389690445,-2.2411400000000157
LKOH,-1,2026-05-06 08:00:00,2026-05-06 14:00:00,5161.5,5127.5,27.71217372194745,77,2221.8735,0.34708572833398316,28.8555
TATN,-1,2026-05-06 08:00:00,2026-05-06 14:00:00,573.1,567.3,4.1832546517241616,697,3645.1706000000477,0.41672496938434966,5.229800000000068
MTSS,-1,2026-05-06 08:00:00,2026-05-06 15:00:00,217.6,218.25,1.0207441613520718,1838,-1595.2461500000104,-0.2834288397497362,-0.8679250000000057
SBER,-1,2026-05-06 10:00:00,2026-05-06 14:00:00,319.86,319.91,1.178379003919443,1250,-462.3562500000142,-0.10463102243837379,-0.36988500000001134
GAZP,-1,2026-05-06 10:00:00,2026-05-06 15:00:00,119.01,118.83,0.6108864761083912,3361,205.28988000002295,0.033328614720208254,0.06108000000000682
ROSN,-1,2026-05-06 10:00:00,2026-05-08 10:00:00,415.2,403.55,2.804852332968421,963,10824.721874999977,1.3358546387483483,11.240624999999977
SNGS,-1,2026-05-06 10:00:00,2026-05-06 14:00:00,19.395,19.475,0.13567576573468754,20623,-2050.648005000038,-0.2442956545741212,-0.09943500000000186
GMKN,-1,2026-05-06 11:00:00,2026-05-07 10:00:00,128.0,129.36,1.291848006790662,2580,-3840.7944000000357,-0.38412155614145915,-1.4886800000000138
NVTK,1,2026-05-06 13:00:00,2026-05-07 07:00:00,1155.3,1145.1,9.772799454685059,341,-3870.4182000000155,-0.38713574524301336,-11.350200000000045
SBER,1,2026-05-06 15:00:00,2026-05-07 07:00:00,320.88,319.61,1.1114563230764365,1246,-1981.4452699999772,-0.4769253237045159,-1.5902449999999817
LKOH,1,2026-05-06 15:00:00,2026-05-07 07:00:00,5143.5,5109.0,28.461959336809198,77,-3051.22125,-0.46408435356442335,-39.62625
TATN,1,2026-05-06 15:00:00,2026-05-07 07:00:00,569.1,562.0,4.569803745723533,702,-5381.216100000016,-0.5591450914548588,-7.665550000000023
SNGS,1,2026-05-06 15:00:00,2026-05-07 07:00:00,19.56,19.37,0.1267500187550748,20449,-4283.349784999954,-0.5508611939662565,-0.20946499999999774
GAZP,1,2026-05-07 07:00:00,2026-05-07 10:00:00,118.25,118.31,0.635511621281613,3382,-197.10295999999235,-0.030568546689183854,-0.058279999999997736
MTSS,1,2026-05-07 07:00:00,2026-05-07 13:00:00,218.4,218.05,0.9426316531759612,1831,-1040.4199749999896,-0.2009356811806261,-0.5682249999999943
SBER,-1,2026-05-07 08:00:00,2026-05-11 07:00:00,319.37,321.94,1.0932455030608037,1252,-3619.1000599999916,-0.8813680586555992,-2.890654999999993
LKOH,-1,2026-05-07 08:00:00,2026-05-07 11:00:00,5075.0,5095.5,28.77077106082018,78,-1995.6495000000002,-0.29642642001627134,-25.585250000000002
TATN,-1,2026-05-07 08:00:00,2026-05-11 07:00:00,557.6,578.9,4.4632491480983525,717,-15679.535249999966,-1.6332085493753892,-21.868249999999954
NVTK,-1,2026-05-07 08:00:00,2026-05-08 11:00:00,1139.4,1126.9,9.478931310528415,351,3989.76435,0.3997233312358269,11.36685
SNGS,-1,2026-05-07 08:00:00,2026-05-11 07:00:00,19.29,19.66,0.12076914882452876,20736,-8076.1536000000215,-1.0749848058350504,-0.389475000000001
GAZP,-1,2026-05-07 11:00:00,2026-05-11 07:00:00,117.94,119.91,0.5981540872403207,3391,-7083.544674999996,-1.1640952526895911,-2.088924999999999
GMKN,1,2026-05-07 11:00:00,2026-05-08 07:00:00,129.2,128.62,1.209230375218477,2756,-1953.755959999956,-0.19541630625234174,-0.708909999999984
LKOH,1,2026-05-07 12:00:00,2026-05-07 13:00:00,5106.0,5080.0,26.902982930760235,78,-2425.254,-0.38524848192513994,-31.093
LKOH,-1,2026-05-07 14:00:00,2026-05-08 11:00:00,5084.5,5088.0,27.717367935196325,78,-669.7275,-0.1032595641846272,-8.58625
MTSS,-1,2026-05-07 14:00:00,2026-05-08 11:00:00,217.65,217.0,0.8219972283062514,1837,794.8239750000105,0.1754567960006162,0.4326750000000057
GMKN,-1,2026-05-08 08:00:00,2026-05-11 07:00:00,128.88,130.88,1.0908402029259074,3055,-6506.7834,-0.6508377653259468,-2.12988
LKOH,1,2026-05-08 12:00:00,2026-05-12 07:00:00,5090.5,5180.0,24.48097439752048,78,6580.4505,1.1487117659900656,84.36475
PLZL,1,2026-05-08 13:00:00,2026-05-11 11:00:00,2146.0,2151.0,16.97922718674439,186,530.379,0.05598016856397631,2.8515
ROSN,-1,2026-05-11 07:00:00,2026-05-11 07:00:00,412.05,412.05,1.9757934176776903,970,-399.68850000000003,-0.06951637695070295,-0.41205
SBER,1,2026-05-11 08:00:00,2026-05-11 13:00:00,323.99,323.26,0.8110616553465025,1234,-1300.1732500000226,-0.4330229779920934,-1.0536250000000182
ROSN,1,2026-05-11 08:00:00,2026-05-13 07:00:00,413.45,416.8,1.995379602129284,967,2838.0241250000217,0.49027847414232967,2.9348750000000225
TATN,1,2026-05-11 08:00:00,2026-05-14 07:00:00,579.3,603.4,3.3719859034237154,690,16220.968500000017,2.3239173861048004,23.508650000000024
GMKN,1,2026-05-11 08:00:00,2026-05-12 14:00:00,132.54,133.4,1.1211545372090932,2973,2161.4601900000403,0.21615515550301098,0.7270300000000136
NVTK,-1,2026-05-11 13:00:00,2026-05-12 07:00:00,1157.6,1157.0,6.703382105711618,345,-192.26850000003137,-0.027712379174747396,-0.557300000000091
MTSS,-1,2026-05-11 13:00:00,2026-05-12 07:00:00,219.45,219.3,0.6367706148468318,1822,-126.40125000004146,-0.03631606022770076,-0.06937500000002275
PLZL,-1,2026-05-12 07:00:00,2026-05-12 07:00:00,2170.2,2170.2,12.966004093607529,184,-399.3168,-0.055792053957213324,-2.1702
SBER,1,2026-05-12 08:00:00,2026-05-13 10:00:00,325.09,325.2,0.9113250154744095,1230,-264.6283499999832,-0.07869311034182759,-0.21514499999998632
GAZP,-1,2026-05-12 08:00:00,2026-05-12 08:00:00,120.63,120.63,0.5470317288115086,3315,-399.88845,-0.07350579113091116,-0.12063
NVTK,1,2026-05-12 08:00:00,2026-05-12 13:00:00,1174.5,1170.4,7.345772498990776,340,-1792.632999999969,-0.2392509887251151,-5.272449999999909
MTSS,1,2026-05-12 08:00:00,2026-05-13 09:00:00,220.05,220.95,0.6892298919887643,1817,1234.6514999999586,0.32862765041491376,0.6794999999999772
GAZP,1,2026-05-12 11:00:00,2026-05-13 11:00:00,122.56,124.03,0.6895731443873471,3263,4394.298414999997,0.6509848452197107,1.346704999999999
LKOH,1,2026-05-12 11:00:00,2026-05-13 11:00:00,5242.5,5249.0,22.142640728212054,76,95.323,0.018881367333962618,1.2542499999999999
SNGS,-1,2026-05-12 12:00:00,2026-05-12 12:00:00,20.035,20.035,0.10312765559077003,19965,-399.998775,-0.06475792836631736,-0.020035
ROSN,-1,2026-05-13 08:00:00,2026-05-13 14:00:00,415.65,417.3,1.923128232955146,962,-1987.948950000033,-0.358179443365323,-2.0664750000000343
PLZL,1,2026-05-13 08:00:00,2026-05-13 11:00:00,2183.0,2181.6,12.459209946064698,183,-655.5609000000167,-0.09584074794222346,-3.582300000000091
MTSS,-1,2026-05-13 10:00:00,2026-05-13 14:00:00,221.4,221.2,0.7255505754118788,1806,-38.467799999969245,-0.009785672068365203,-0.02129999999998297
NVTK,1,2026-05-13 11:00:00,2026-05-14 07:00:00,1171.2,1165.1,6.576196383869001,341,-2478.4391500000465,-0.36840698258487,-7.268150000000136
LKOH,-1,2026-05-13 12:00:00,2026-05-14 10:00:00,5235.5,5219.0,20.86837979218139,76,856.729,0.18006109581833282,11.27275
PLZL,-1,2026-05-13 12:00:00,2026-05-14 09:00:00,2172.6,2173.0,11.520165953497349,184,-473.39520000001676,-0.07444337203663945,-2.572800000000091
GMKN,1,2026-05-13 13:00:00,2026-05-14 07:00:00,133.4,132.86,0.8228246396601784,2998,-2018.043739999976,-0.2726907482490196,-0.673129999999992
ROSN,1,2026-05-13 15:00:00,2026-05-14 07:00:00,419.2,415.7,1.7861314041772658,954,-3737.2473,-0.7310865614997439,-3.91745
MTSS,1,2026-05-13 15:00:00,2026-05-14 15:00:00,221.7,224.6,0.7675329657962519,1804,4829.03740000001,1.1625342142896302,2.6768500000000057
SNGS,1,2026-05-13 15:00:00,2026-05-14 11:00:00,19.96,19.9,0.0970296926094461,20040,-1601.7972000000457,-0.27458948510304043,-0.07993000000000228
SBER,-1,2026-05-14 08:00:00,2026-05-15 10:00:00,326.49,325.65,0.739156720400941,1225,629.5642500000389,0.23176411073836525,0.5139300000000318
ROSN,-1,2026-05-14 08:00:00,2026-05-15 08:00:00,415.45,409.4,1.7921235066630536,962,5423.347150000011,1.0485837944092025,5.6375750000000115
GMKN,-1,2026-05-14 08:00:00,2026-05-14 10:00:00,132.5,133.58,0.8131688497848392,3018,-3660.954720000038,-0.497248101392053,-1.2130400000000126
NVTK,-1,2026-05-14 08:00:00,2026-05-15 09:00:00,1164.4,1146.8,6.1954621893601844,343,5640.429200000047,0.8847550834997175,16.444400000000137
PLZL,1,2026-05-14 10:00:00,2026-05-14 12:00:00,2179.8,2177.0,10.017343783352954,183,-911.0472000000333,-0.16565935067781803,-4.978400000000182
GMKN,1,2026-05-14 11:00:00,2026-05-14 12:00:00,133.54,133.44,0.7980072751374981,2995,-699.3025499999831,-0.09753043916371297,-0.23348999999999434
SNGS,-1,2026-05-14 12:00:00,2026-05-15 13:00:00,19.845,19.52,0.08412097884312016,20156,6153.979529999986,1.2098349472347258,0.3053174999999993
LKOH,-1,2026-05-14 13:00:00,2026-05-15 09:00:00,5188.5,5169.0,21.673049874870397,77,1102.73625,0.22026203176577827,14.32125
GMKN,-1,2026-05-14 13:00:00,2026-05-16 13:00:00,131.7,127.82,0.8549144362154969,3037,11389.478879999986,1.4622282032501472,3.7502399999999954
PLZL,-1,2026-05-14 13:00:00,2026-05-15 10:00:00,2153.2,2129.0,10.658274158901795,185,4080.896499999966,0.6898834236240213,22.058899999999817
MTSS,1,2026-05-15 08:00:00,2026-05-15 13:00:00,227.95,226.75,1.0144974709479673,1754,-2503.57189999998,-0.46898424782542614,-1.4273499999999886
ROSN,1,2026-05-15 09:00:00,2026-05-15 14:00:00,410.7,412.55,2.157884237960833,973,1399.5388750000222,0.22218908915448662,1.4383750000000228
LKOH,1,2026-05-15 10:00:00,2026-05-15 14:00:00,5181.0,5210.0,23.433549915090833,77,1832.9465,0.33860995718038556,23.8045
TATN,1,2026-05-15 10:00:00,2026-05-15 14:00:00,604.7,605.9,3.452445744577272,661,393.0966999999549,0.057418232754178414,0.5946999999999318
SBER,1,2026-05-15 11:00:00,2026-05-15 14:00:00,325.81,325.59,0.7871759148504336,1227,-669.5739000000335,-0.23107922456516064,-0.5457000000000273
GAZP,1,2026-05-15 13:00:00,2026-05-15 13:00:00,121.96,121.96,0.6730645157125755,3279,-399.90684,-0.060400351503144566,-0.12196
SBER,-1,2026-05-15 15:00:00,2026-05-16 12:00:00,322.77,323.5,0.8835639135787989,1239,-1304.8342650000225,-0.3973057235646132,-1.0531350000000181
LKOH,-1,2026-05-15 15:00:00,2026-05-16 12:00:00,5119.0,5143.0,28.86558065207915,78,-2272.218,-0.3363983371882703,-29.131
ROSN,-1,2026-05-15 15:00:00,2026-05-16 13:00:00,406.55,408.25,2.368459033962719,983,-2071.5741999999887,-0.29659228071652605,-2.1073999999999886
TATN,-1,2026-05-15 15:00:00,2026-05-16 12:00:00,599.8,604.7,3.5650700560802995,666,-3664.49850000006,-0.5144592685367563,-5.502250000000091
NVTK,-1,2026-05-15 15:00:00,2026-05-17 07:00:00,1134.7,1135.8,6.422184161925654,352,-786.807999999968,-0.1160171235435102,-2.235249999999909
PLZL,-1,2026-05-15 15:00:00,2026-05-17 07:00:00,2139.8,2078.4,14.128927129226733,186,11028.107400000017,1.3988063745088486,59.29090000000009
SNGS,-1,2026-05-16 07:00:00,2026-05-16 14:00:00,19.445,19.35,0.09711047421871072,20570,1555.1434249999766,0.25950685068817625,0.07560249999999887
MTSS,1,2026-05-16 08:00:00,2026-05-17 15:00:00,226.8,227.1,0.9929929406730572,1763,128.78714999996996,0.02452182588880212,0.07304999999998296
GAZP,-1,2026-05-16 10:00:00,2026-05-17 09:00:00,120.82,121.31,0.5520170146102384,3310,-2022.62515000003,-0.36898923029963887,-0.6110650000000091
TATN,1,2026-05-17 08:00:00,2026-05-18 07:00:00,605.3,602.7,2.3238640064409926,660,-2114.63999999994,-0.4595793889142489,-3.203999999999909
GMKN,-1,2026-05-17 13:00:00,2026-05-18 09:00:00,128.06,127.04,0.48761526010072626,3123,2787.1213499999876,0.6100779808898539,0.892449999999996
SBER,-1,2026-05-17 15:00:00,2026-05-18 09:00:00,323.32,323.3,0.48188220100374385,1237,-375.1944700000225,-0.20980922956428907,-0.3033100000000182
LKOH,-1,2026-05-17 15:00:00,2026-05-18 09:00:00,5137.5,5110.0,13.688815225822502,77,1722.9712499999998,0.544879149652766,22.37625
GAZP,-1,2026-05-18 08:00:00,2026-05-18 12:00:00,121.3,120.3,0.36276293663661924,3297,2898.7224,0.8078737849678189,0.8792
ROSN,-1,2026-05-18 08:00:00,2026-05-18 09:00:00,407.05,407.2,1.2131044279441106,982,-547.0967499999776,-0.15308519947293575,-0.5571249999999772
TATN,-1,2026-05-18 08:00:00,2026-05-18 08:00:00,604.0,604.0,1.9175422234763708,662,-399.848,-0.10499551502356491,-0.604
NVTK,-1,2026-05-18 08:00:00,2026-05-18 10:00:00,1124.4,1133.7,4.266589690869633,355,-3702.3127499999837,-0.8147842309372433,-10.429049999999954
PLZL,-1,2026-05-18 08:00:00,2026-05-18 09:00:00,2069.2,2066.6,8.438776628804579,193,102.69529999998248,0.021018054448937565,0.5320999999999092
MTSS,-1,2026-05-18 08:00:00,2026-05-18 14:00:00,225.2,224.4,0.5395892564842998,1776,1021.5551999999697,0.3553320067611584,0.575199999999983
SNGS,-1,2026-05-18 08:00:00,2026-05-18 10:00:00,19.14,19.345,0.08296686206112538,20898,-4686.219764999964,-0.9009319883031085,-0.2242424999999983
TATN,1,2026-05-18 09:00:00,2026-05-18 09:00:00,602.2,602.2,2.044860636085197,664,-399.86080000000004,-0.09816479900441001,-0.6022000000000001
LKOH,1,2026-05-18 10:00:00,2026-05-20 07:00:00,5166.0,5177.5,18.972882436086955,77,487.27524999999997,0.11118061126307813,6.32825
ROSN,1,2026-05-18 10:00:00,2026-05-19 09:00:00,411.25,412.15,1.449309430217116,972,474.6275999999779,0.11230636003125681,0.48829999999997725
TATN,-1,2026-05-18 10:00:00,2026-05-18 11:00:00,606.6,607.2,2.541656304936254,659,-795.347100000015,-0.15828261249118708,-1.2069000000000227
GMKN,1,2026-05-18 10:00:00,2026-05-18 13:00:00,127.92,127.9,0.5070974793123406,3126,-462.3666599999876,-0.09722653995478493,-0.14790999999999602
PLZL,1,2026-05-18 10:00:00,2026-05-19 07:00:00,2088.0,2085.2,9.632414542183534,191,-933.3406000000347,-0.16910263356434466,-4.886600000000182
NVTK,1,2026-05-18 11:00:00,2026-05-18 14:00:00,1126.9,1128.9,5.324015142434616,354,308.72339999999997,0.054601647858399195,0.8720999999999999
SNGS,1,2026-05-18 11:00:00,2026-05-19 10:00:00,19.36,19.46,0.10389511514150601,20661,1665.0699900000295,0.25856204400703275,0.08059000000000142
TATN,1,2026-05-18 12:00:00,2026-05-19 15:00:00,609.0,627.5,2.848673038439932,656,11730.428,2.092406974370646,17.88175
GAZP,1,2026-05-18 13:00:00,2026-05-19 12:00:00,123.46,123.46,0.6427097694275843,3239,-399.88694,-0.06403097524094845,-0.12346
GMKN,-1,2026-05-18 14:00:00,2026-05-18 14:00:00,127.26,128.0,0.5432338376363948,3143,-2726.961089999984,-0.5323858345392257,-0.8676299999999949
SBER,1,2026-05-18 15:00:00,2026-05-19 10:00:00,324.61,324.98,0.7084611713177842,1232,55.6925600000056,0.02126910258935823,0.04520500000000455
NVTK,-1,2026-05-18 15:00:00,2026-05-18 15:00:00,1138.0,1138.0,6.444866630650654,351,-399.43800000000005,-0.058858213066705016,-1.1380000000000001
GMKN,1,2026-05-19 07:00:00,2026-05-19 13:00:00,130.26,130.0,0.6390128497987287,3070,-1197.699099999972,-0.20350660143108287,-0.3901299999999909
NVTK,1,2026-05-19 07:00:00,2026-05-19 10:00:00,1144.3,1137.7,6.834519014175615,349,-2701.608999999968,-0.3775442467833334,-7.740999999999909
PLZL,-1,2026-05-19 08:00:00,2026-05-20 10:00:00,2086.0,2070.2,11.64566517446621,191,2620.882900000035,0.39276130630094125,13.721900000000183
ROSN,-1,2026-05-19 10:00:00,2026-05-19 15:00:00,410.05,410.75,1.990614127945357,975,-1082.639999999989,-0.18593926775520697,-1.1103999999999887
SBER,-1,2026-05-19 11:00:00,2026-05-20 12:00:00,324.74,323.65,0.8118866649351664,1231,942.7059550000391,0.31441375300052316,0.7658050000000318
NVTK,-1,2026-05-19 11:00:00,2026-05-20 12:00:00,1137.3,1126.5,7.214389774153196,351,3393.503099999984,0.4467044477615927,9.668099999999955
MTSS,-1,2026-05-19 11:00:00,2026-05-19 15:00:00,225.25,225.0,0.7054764864159156,1775,44.15312500000002,0.011753285653489936,0.024875000000000008
SNGS,-1,2026-05-19 11:00:00,2026-05-21 10:00:00,19.5,19.095,0.11111552884889231,20512,7911.529680000023,1.157061495651443,0.3857025000000011
ROSN,1,2026-05-20 07:00:00,2026-05-20 07:00:00,409.35,409.35,1.8509521354694092,977,-399.9349500000001,-0.07371881605430912,-0.40935000000000005
MTSS,1,2026-05-20 07:00:00,2026-05-20 07:00:00,225.4,225.4,0.6276354924116907,1774,-399.85960000000006,-0.11970854778246105,-0.22540000000000002
GAZP,1,2026-05-20 08:00:00,2026-05-20 09:00:00,123.02,123.43,0.7584067350470433,3251,932.305525000035,0.12604274494047155,0.28677500000001077
LKOH,-1,2026-05-20 08:00:00,2026-05-20 14:00:00,5162.0,5133.0,24.34141867993587,77,1836.6425,0.32663804184458,23.8525
ROSN,-1,2026-05-20 08:00:00,2026-05-20 12:00:00,408.05,407.3,1.93302698293588,980,335.4785,0.05903090559037395,0.342325
MTSS,-1,2026-05-20 08:00:00,2026-05-20 08:00:00,225.5,225.7,0.6578043858108544,1773,-754.5887999999799,-0.21566695164518912,-0.42559999999998865
GAZP,-1,2026-05-20 10:00:00,2026-05-21 14:00:00,121.93,118.74,0.8366874399130119,3280,10068.501200000039,1.2229437396276108,3.069665000000012
PLZL,1,2026-05-20 11:00:00,2026-05-20 14:00:00,2078.6,2075.6,11.297680394416382,192,-974.8032,-0.14979771135171074,-5.0771
MTSS,1,2026-05-20 11:00:00,2026-05-20 14:00:00,225.4,226.05,0.6787887156073048,1774,752.6638500000099,0.20834907350142154,0.4242750000000056
SBER,1,2026-05-20 13:00:00,2026-05-21 07:00:00,324.22,323.31,0.8133626481140547,1233,-1521.2322450000306,-0.5056231693864796,-1.2337650000000249
TATN,1,2026-05-20 13:00:00,2026-05-21 07:00:00,618.3,612.4,4.266923538242221,646,-4208.916099999986,-0.5089810759130693,-6.5153499999999775
GMKN,1,2026-05-20 13:00:00,2026-05-20 14:00:00,127.78,127.26,0.7695556714354225,3130,-2026.7375999999879,-0.28047353558892063,-0.6475199999999961
LKOH,1,2026-05-20 15:00:00,2026-05-21 07:00:00,5152.0,5116.5,24.53454687686005,77,-3128.83725,-0.5520684799267614,-40.63425
ROSN,-1,2026-05-20 15:00:00,2026-05-21 11:00:00,405.25,401.95,2.0151568645342692,987,2858.7468000000113,0.479102487582178,2.8964000000000114
GMKN,-1,2026-05-20 15:00:00,2026-05-21 09:00:00,126.54,126.2,0.8100760636356444,3161,675.2844300000107,0.087905325433773,0.2136300000000034
NVTK,-1,2026-05-20 15:00:00,2026-05-21 10:00:00,1124.1,1113.3,6.4233865806652695,355,3436.8614999999836,0.5023985337755826,9.681299999999954
PLZL,-1,2026-05-20 15:00:00,2026-05-21 11:00:00,2079.8,2068.4,10.8212216197659,192,1790.5728000000172,0.2872719405039422,9.32590000000009
MTSS,-1,2026-05-20 15:00:00,2026-05-21 09:00:00,227.1,225.1,0.7949040635792425,1761,3123.8379,0.7438633504243679,1.7739
SBER,-1,2026-05-21 08:00:00,2026-05-21 15:00:00,321.32,323.0,0.9182783369633905,1244,-2490.687040000009,-0.7267803669131707,-2.002160000000007
LKOH,-1,2026-05-21 08:00:00,2026-05-21 11:00:00,5094.5,5130.0,25.108869500966062,78,-3167.7555,-0.5391487922682388,-40.61225
TATN,-1,2026-05-21 08:00:00,2026-05-21 12:00:00,615.8,623.8,5.0795684916632595,649,-5594.2501999999995,-0.565651722460748,-8.6198
GMKN,1,2026-05-21 10:00:00,2026-05-22 12:00:00,126.44,130.16,0.856074616136444,3163,11360.547099999996,1.398515165344552,3.591699999999999
MTSS,1,2026-05-21 10:00:00,2026-05-22 14:00:00,226.95,232.05,1.0510439650116292,1762,8581.82100000004,1.5446546995605883,4.870500000000023
NVTK,1,2026-05-21 11:00:00,2026-05-22 08:00:00,1120.6,1124.6,6.735386806269248,356,1024.3544,0.14240211600625208,2.8773999999999997
LKOH,1,2026-05-21 12:00:00,2026-05-22 11:00:00,5141.5,5237.5,25.467758793656078,77,6992.4085000000005,1.188568138716896,90.8105
PLZL,1,2026-05-21 12:00:00,2026-05-22 12:00:00,2081.8,2128.2,12.584181084369684,192,8504.63999999993,1.1732984372212272,44.29499999999964
TATN,1,2026-05-21 13:00:00,2026-05-22 12:00:00,627.2,632.9,5.090786993468365,637,3229.5581499999566,0.3319689736580239,5.069949999999932
SBER,1,2026-05-22 07:00:00,2026-05-22 12:00:00,323.48,324.83,0.9078475848040334,1236,1267.944419999958,0.37665830592822963,1.025844999999966
NVTK,-1,2026-05-22 09:00:00,2026-05-23 13:00:00,1123.6,1112.4,6.870123235015158,355,3579.109999999935,0.48917123488239594,10.081999999999818
ROSN,-1,2026-05-22 10:00:00,2026-05-23 09:00:00,401.65,399.3,2.536651250461791,995,1939.777374999966,0.2561809261514973,1.9495249999999658
SNGS,-1,2026-05-22 10:00:00,2026-05-22 10:00:00,19.41,19.41,0.12398764189610316,20607,-399.98187,-0.05218261998580157,-0.01941
GAZP,-1,2026-05-22 13:00:00,2026-05-24 13:00:00,118.91,117.29,0.7841124001075287,3363,5050.889699999967,0.6384713891333386,1.5018999999999902
MTSS,1,2026-05-23 09:00:00,2026-05-24 13:00:00,233.35,232.75,1.2984278751243072,1714,-1427.8476999999903,-0.2138611921796172,-0.8330499999999943
LKOH,1,2026-05-23 10:00:00,2026-05-23 10:00:00,5142.5,5142.5,29.158749417985234,77,-395.9725,-0.05878738632080572,-5.1425
SBER,1,2026-05-23 11:00:00,2026-05-23 11:00:00,322.79,322.79,0.8500074206666407,1239,-399.93681000000004,-0.1265832086292625,-0.32279
SNGS,1,2026-05-23 12:00:00,2026-05-23 12:00:00,19.19,19.19,0.08917832192812032,20844,-399.99636000000004,-0.07172894183658805,-0.019190000000000002
GMKN,1,2026-05-23 13:00:00,2026-05-24 13:00:00,128.18,128.96,0.7950869479265442,3120,2032.4616000000037,0.27310639911723844,0.6514300000000012
PLZL,1,2026-05-23 13:00:00,2026-05-23 13:00:00,2089.6,2089.6,11.5093135651928,191,-399.11359999999996,-0.06051910301930028,-2.0896
LKOH,-1,2026-05-24 08:00:00,2026-05-25 07:00:00,5117.5,5112.5,20.272974718240903,78,-8.970000000000017,-0.0018908588337972143,-0.11500000000000021
ROSN,-1,2026-05-24 08:00:00,2026-05-25 09:00:00,395.2,393.85,1.710683136354105,1012,966.9406999999654,0.18617805945374605,0.9554749999999659
NVTK,-1,2026-05-24 10:00:00,2026-05-26 13:00:00,1104.6,1060.8,4.047735298089881,362,15463.662599999983,3.517794260587986,42.71729999999995
SBER,-1,2026-05-24 11:00:00,2026-05-24 12:00:00,322.54,322.75,0.5929812909611379,1240,-660.4797999999747,-0.29941641673980307,-0.5326449999999796
TATN,1,2026-05-24 11:00:00,2026-05-25 07:00:00,620.4,611.5,3.575603224398442,644,-6128.271799999985,-0.8871183781491804,-9.515949999999977
SNGS,-1,2026-05-24 11:00:00,2026-05-24 13:00:00,19.105,19.125,0.07019492028540669,20936,-818.9116399999912,-0.18574468466265673,-0.03911499999999958
SBER,1,2026-05-24 13:00:00,2026-05-25 10:00:00,322.76,323.88,0.5537950927164916,1239,987.0865200000055,0.47952754275479204,0.7966800000000045
PLZL,-1,2026-05-24 14:00:00,2026-05-25 07:00:00,2105.4,2125.4,8.537476743578127,189,-4179.8106,-0.8634635526878656,-22.1154
GAZP,-1,2026-05-25 08:00:00,2026-05-25 09:00:00,117.21,116.94,0.35920468868672667,3412,521.7800999999865,0.14191073113874506,0.15292499999999604
TATN,-1,2026-05-25 08:00:00,2026-05-26 10:00:00,612.0,604.5,2.983037337753009,653,4500.31275,0.7701043399377687,6.89175
GMKN,1,2026-05-25 08:00:00,2026-05-25 12:00:00,129.6,129.08,0.6369215508922422,3086,-2003.863239999944,-0.3398325372464594,-0.6493399999999818
PLZL,1,2026-05-25 08:00:00,2026-05-25 13:00:00,2135.6,2131.6,9.191485570568961,187,-1146.9832,-0.2224377460679378,-6.1335999999999995
MTSS,-1,2026-05-25 08:00:00,2026-05-26 14:00:00,231.85,228.1,0.8814274151723299,1725,6072.043125,1.3311835398689795,3.520025
LKOH,-1,2026-05-25 09:00:00,2026-05-25 09:00:00,5104.0,5104.0,14.8718139922105,78,-398.112,-0.1143998529180402,-5.104
GAZP,1,2026-05-25 10:00:00,2026-05-25 14:00:00,117.43,117.18,0.41859996116355536,3406,-1251.04083,-0.29248688810117257,-0.367305
LKOH,1,2026-05-25 10:00:00,2026-05-25 11:00:00,5112.0,5095.5,15.916684421338324,78,-1685.0924999999997,-0.45243405029415634,-21.603749999999998
ROSN,1,2026-05-25 10:00:00,2026-05-25 13:00:00,395.1,393.6,1.7495827827955752,1012,-1917.0822,-0.360914617021457,-1.89435
SBER,-1,2026-05-25 11:00:00,2026-05-26 09:00:00,323.18,319.62,0.5931115001151803,1237,4006.148200000003,1.8201187013296694,3.238600000000002
LKOH,-1,2026-05-25 12:00:00,2026-05-26 13:00:00,5075.0,4993.5,18.372039118398863,78,5964.3285,1.387357340634417,76.46575
SNGS,-1,2026-05-25 12:00:00,2026-05-26 09:00:00,19.17,19.04,0.08147954817471298,20865,2313.8241750000534,0.4536721278907738,0.11089500000000256
GMKN,-1,2026-05-25 13:00:00,2026-05-26 11:00:00,129.44,125.96,0.6921812589163597,3090,10358.607000000013,1.614365195444219,3.352300000000004
ROSN,-1,2026-05-25 14:00:00,2026-05-26 09:00:00,391.3,389.05,1.9514989551078783,1022,1900.74115,0.3176746085587304,1.859825
GAZP,-1,2026-05-25 15:00:00,2026-05-26 12:00:00,116.98,116.06,0.4698016365582402,3419,2747.098120000006,0.5700845757557624,0.8034800000000017
SNGS,1,2026-05-26 10:00:00,2026-05-27 07:00:00,19.095,18.9,0.10349295488548899,20947,-4482.605632500006,-0.6892498149166462,-0.21399750000000028
PLZL,1,2026-05-26 11:00:00,2026-05-27 08:00:00,2114.4,2101.0,14.801510327769789,189,-2930.955300000017,-0.34923688318719265,-15.50770000000009
GAZP,1,2026-05-26 13:00:00,2026-05-27 07:00:00,116.71,115.88,0.525295676711425,3427,-3242.9529649999945,-0.6004840333760272,-0.9462949999999983
GAZP,-1,2026-05-27 08:00:00,2026-05-27 13:00:00,115.52,115.81,0.5108280357807936,3462,-1404.4122300000217,-0.2647107386343514,-0.40566500000000627
TATN,-1,2026-05-27 08:00:00,2026-05-27 11:00:00,599.1,602.1,4.763309978389,667,-2401.6002,-0.25196764549132283,-3.6006
NVTK,-1,2026-05-27 08:00:00,2026-05-27 10:00:00,1056.4,1064.8,8.05811780177384,378,-3576.1067999999486,-0.3913486264297475,-9.460599999999864
SNGS,-1,2026-05-27 08:00:00,2026-05-27 11:00:00,18.865,18.81,0.09898875725649257,21203,766.753487499994,0.12177308818447614,0.036162499999999716
LKOH,-1,2026-05-27 09:00:00,2026-05-27 11:00:00,5018.0,5008.0,30.87312825617937,79,393.973,0.05384401993667782,4.987
PLZL,-1,2026-05-27 09:00:00,2026-05-27 10:00:00,2112.0,2111.4,15.045879731194011,189,-285.71130000001716,-0.03349089644491275,-1.5117000000000909
GMKN,-1,2026-05-27 11:00:00,2026-05-28 14:00:00,126.76,125.08,1.1471432816226197,2905,4514.60240000002,0.4515797415767686,1.5540800000000068
NVTK,1,2026-05-27 11:00:00,2026-05-28 12:00:00,1065.3,1078.2,8.245074639393993,375,4435.593750000035,0.4781945794841003,11.828250000000091
PLZL,1,2026-05-27 11:00:00,2026-05-27 13:00:00,2117.2,2120.0,14.947722829447898,188,128.10320000003424,0.015195179622004226,0.6814000000001821
LKOH,1,2026-05-27 12:00:00,2026-05-28 12:00:00,5024.5,5012.5,29.69725319928064,79,-1344.4615,-0.19102215599760405,-17.0185
TATN,1,2026-05-27 12:00:00,2026-05-28 13:00:00,606.5,610.9,5.282023018866315,631,2392.310299999986,0.23925807633793736,3.7912999999999775
SNGS,1,2026-05-27 12:00:00,2026-05-28 12:00:00,18.905,18.96,0.10994371865896203,21158,763.1161649999939,0.10935140403330255,0.03606749999999971
GAZP,1,2026-05-27 14:00:00,2026-05-28 10:00:00,115.93,116.18,0.6245583433772088,3450,462.11024999999995,0.0714878502653634,0.13394499999999998
PLZL,-1,2026-05-27 14:00:00,2026-05-28 14:00:00,2106.6,2095.2,17.164193533635988,189,1757.5299000000173,0.18059106557646717,9.299100000000092
MTSS,-1,2026-05-27 14:00:00,2026-05-28 08:00:00,230.3,230.65,1.1809253275539928,1736,-1007.7045999999901,-0.1638475034382038,-0.5804749999999943
SBER,-1,2026-05-27 15:00:00,2026-05-28 08:00:00,321.26,322.36,1.0296393790505385,1245,-1770.1534500000282,-0.46029384297996206,-1.4218100000000227
SBER,1,2026-05-28 09:00:00,2026-05-29 07:00:00,323.62,321.49,1.0463876515211454,1236,-3031.3579799999943,-0.7812767401688049,-2.4525549999999954
MTSS,1,2026-05-28 09:00:00,2026-05-28 12:00:00,231.25,230.4,1.1494249344093495,1729,-1868.7464249999903,-0.3134393462458958,-1.0808249999999944
ROSN,-1,2026-05-28 10:00:00,2026-05-28 10:00:00,395.6,395.6,2.306691009982073,1011,-399.9516,-0.05716702674784842,-0.3956
GAZP,-1,2026-05-28 11:00:00,2026-05-28 11:00:00,115.94,115.94,0.545161189592321,3450,-399.993,-0.07089034840423468,-0.11594
GAZP,1,2026-05-28 12:00:00,2026-05-28 15:00:00,116.73,116.45,0.5740782474785839,3426,-1358.7173400000038,-0.23027639045250298,-0.3965900000000011
LKOH,-1,2026-05-28 13:00:00,2026-05-30 08:00:00,4984.5,4895.5,28.91434095447544,80,6724.8,0.9690692948567099,84.06
NVTK,-1,2026-05-28 13:00:00,2026-05-29 12:00:00,1072.4,1063.9,7.468944540803261,372,2764.6482,0.33167783209525736,7.43185
MTSS,-1,2026-05-28 13:00:00,2026-05-29 15:00:00,229.65,228.2,1.053512222815112,1741,2125.8915750000297,0.3863505246406973,1.221075000000017
SNGS,-1,2026-05-28 13:00:00,2026-05-29 09:00:00,18.855,18.79,0.10966909192366296,21214,979.6094850000271,0.1403540389548829,0.04617750000000128
TATN,-1,2026-05-28 14:00:00,2026-05-29 13:00:00,610.0,603.1,5.111807055374918,652,4103.329399999985,0.4103865118423954,6.293449999999977
GMKN,1,2026-05-28 15:00:00,2026-05-29 07:00:00,125.9,124.68,1.0810473492227917,3083,-4147.529069999997,-0.4148106929103466,-1.345289999999999
PLZL,1,2026-05-28 15:00:00,2026-05-29 14:00:00,2104.6,2094.6,14.208214947249894,190,-2298.924,-0.283863948777088,-12.0996
GAZP,-1,2026-05-29 07:00:00,2026-05-29 12:00:00,115.9,115.56,0.5532681389586587,3451,773.9557700000117,0.1351183294367395,0.2242700000000034
SBER,-1,2026-05-29 08:00:00,2026-05-30 09:00:00,320.81,320.79,1.0490009176019028,1246,-374.7968000000227,-0.09558301140087665,-0.3008000000000182
GMKN,-1,2026-05-29 08:00:00,2026-05-30 07:00:00,125.02,126.0,1.0443724592788373,3191,-3527.6824100000126,-0.35284665931136727,-1.105510000000004
SNGS,1,2026-05-29 10:00:00,2026-05-29 12:00:00,18.84,18.81,0.1045594814765431,21231,-1036.603575000024,-0.15565302897615757,-0.04882500000000113
ROSN,1,2026-05-29 12:00:00,2026-05-31 09:00:00,386.7,391.3,2.263604571094095,1034,4354.174000000024,0.6201024174413217,4.2110000000000225
GAZP,1,2026-05-29 13:00:00,2026-06-01 12:00:00,115.55,116.45,0.554963573125742,3461,2713.4240000000195,0.47090177804178707,0.7840000000000057
NVTK,1,2026-05-29 13:00:00,2026-05-30 13:00:00,1066.4,1077.0,6.870001033468452,375,3573.112499999966,0.4623143409334328,9.52829999999991
SNGS,-1,2026-05-29 13:00:00,2026-05-31 07:00:00,18.73,18.835,0.1028142058323487,21356,-2643.4990700000094,-0.4013145167956107,-0.12378250000000043
TATN,1,2026-05-29 14:00:00,2026-06-01 11:00:00,603.2,608.9,4.727627424761567,663,3377.288849999955,0.35916183336273516,5.093949999999932
PLZL,-1,2026-05-29 15:00:00,2026-05-30 11:00:00,2085.4,2091.8,11.4288245000743,191,-1621.3226000000172,-0.24757868434456823,-8.48860000000009
MTSS,1,2026-05-30 07:00:00,2026-05-30 07:00:00,227.55,227.55,0.9029568903367027,1757,-399.80535,-0.08400179544752837,-0.22755
GMKN,1,2026-05-30 08:00:00,2026-06-01 09:00:00,126.32,126.62,0.8167586941969004,3166,549.395980000036,0.07082059088481833,0.17353000000001137
MTSS,-1,2026-05-30 08:00:00,2026-05-30 15:00:00,228.1,228.7,0.8956028267412247,1753,-1452.18519999999,-0.308321194494306,-0.8283999999999943
SBER,1,2026-05-30 10:00:00,2026-05-31 08:00:00,321.06,321.23,0.7838689064935099,1245,-188.1755249999802,-0.06427307710422432,-0.1511449999999841
PLZL,1,2026-05-30 12:00:00,2026-05-31 07:00:00,2093.0,2089.0,9.389452358867668,191,-1163.381,-0.21623554343037146,-6.091
NVTK,-1,2026-05-30 14:00:00,2026-05-31 08:00:00,1074.1,1068.3,5.355356463282001,372,1759.113599999983,0.29433459331307427,4.728799999999954
LKOH,-1,2026-05-31 07:00:00,2026-05-31 08:00:00,4899.0,4887.5,17.712283127242443,81,535.14675,0.1243346204540295,6.60675
MTSS,1,2026-05-31 07:00:00,2026-06-01 09:00:00,229.3,229.4,0.7225868472202978,1744,-225.58640000000995,-0.05966987474589809,-0.1293500000000057
PLZL,-1,2026-05-31 08:00:00,2026-06-01 07:00:00,2093.0,2090.0,7.746666446051228,191,173.5235,0.03909208372947297,0.9085000000000001
SNGS,1,2026-05-31 08:00:00,2026-05-31 14:00:00,18.88,18.915,0.06734856513380373,21186,341.147565000003,0.0796973178171836,0.01610250000000014
SBER,-1,2026-05-31 09:00:00,2026-05-31 15:00:00,320.97,321.32,0.5776372107569226,1246,-836.2466699999575,-0.3872932626809786,-0.6711449999999659
LKOH,1,2026-05-31 09:00:00,2026-06-01 11:00:00,4901.0,4930.5,18.41008085971415,81,1991.3242500000001,0.4451229770496097,24.58425
NVTK,1,2026-05-31 09:00:00,2026-05-31 14:00:00,1073.1,1072.2,5.246210848287094,372,-733.8257999999493,-0.1253380809531601,-1.9726499999998637
ROSN,-1,2026-05-31 10:00:00,2026-06-01 13:00:00,390.75,388.25,1.746310464417098,1023,2159.0415000000003,0.40284932967794007,2.1105
NVTK,-1,2026-05-31 15:00:00,2026-06-01 07:00:00,1070.4,1083.6,4.239005277139238,373,-5325.320999999932,-1.1226690435289166,-14.276999999999818
SNGS,-1,2026-05-31 15:00:00,2026-05-31 15:00:00,18.88,18.88,0.05424572831981836,21186,-399.99168000000003,-0.11601527951158694,-0.01888
SBER,1,2026-06-01 07:00:00,2026-06-01 10:00:00,322.3,322.54,0.42405172765165094,1241,-102.28321999998876,-0.0647876934388982,-0.08241999999999094
SNGS,1,2026-06-01 07:00:00,2026-06-01 11:00:00,18.965,18.98,0.05787103343983136,21091,-83.783997499988,-0.022881337829282346,-0.003972499999999431
NVTK,1,2026-06-01 08:00:00,2026-06-01 12:00:00,1081.7,1070.7,4.479040264472102,369,-4456.1178,-0.8987193153697697,-12.0762
PLZL,1,2026-06-01 08:00:00,2026-06-01 08:00:00,2086.2,2086.2,6.111997882565281,191,-398.46419999999995,-0.11377621742698181,-2.0862
PLZL,-1,2026-06-01 09:00:00,2026-06-02 07:00:00,2080.8,2079.4,6.461140890953476,192,-130.5791999999826,-0.03508668265033228,-0.6800999999999093
GMKN,-1,2026-06-01 10:00:00,2026-06-02 07:00:00,125.42,127.2,0.49626671362612135,3189,-6079.222590000003,-1.2804337853402632,-1.906310000000001
MTSS,-1,2026-06-01 10:00:00,2026-06-02 07:00:00,228.6,229.0,0.6225041902855568,1749,-1099.77120000001,-0.33670456082207834,-0.6288000000000057
SBER,-1,2026-06-01 11:00:00,2026-06-02 07:00:00,322.28,322.99,0.5476614273599169,1241,-1281.500035000045,-0.6285117948255041,-1.0326350000000364
GAZP,-1,2026-06-01 13:00:00,2026-06-02 08:00:00,116.14,116.38,0.37229479979912505,3444,-1226.9594399999824,-0.3189766104640893,-0.35625999999999486
NVTK,-1,2026-06-01 13:00:00,2026-06-02 07:00:00,1075.2,1085.1,5.200159897878555,372,-4084.615799999949,-0.7038341266185103,-10.980149999999863
ROSN,1,2026-06-01 14:00:00,2026-06-02 09:00:00,391.65,391.7,1.5968515140196364,1021,-348.8501749999883,-0.07132264062547167,-0.34167499999998857
SBER,1,2026-06-02 08:00:00,2026-06-03 08:00:00,324.79,325.76,0.8349969794332246,1231,793.6564749999636,0.2573761805452254,0.6447249999999705
LKOH,1,2026-06-02 08:00:00,2026-06-02 09:00:00,4909.0,4901.0,23.97892857629365,81,-1045.305,-0.1793936143969099,-12.905000000000001
TATN,1,2026-06-02 08:00:00,2026-06-02 09:00:00,613.0,608.9,3.2422329172193245,652,-3071.5394000000147,-0.484331849919482,-4.710950000000023
GMKN,1,2026-06-02 08:00:00,2026-06-04 07:00:00,129.34,132.38,0.6395088395553469,3092,8995.060879999975,1.5163407811650835,2.909139999999992
NVTK,1,2026-06-02 08:00:00,2026-06-03 13:00:00,1092.6,1125.0,6.204822647941202,366,11452.579200000033,1.6810150091011709,31.291200000000092
PLZL,1,2026-06-02 08:00:00,2026-06-03 07:00:00,2095.4,2107.4,10.114087570967929,190,1880.734,0.3262314380987275,9.8986
MTSS,1,2026-06-02 08:00:00,2026-06-03 09:00:00,229.5,230.1,0.7061258561967994,1742,644.88839999999,0.17475638219032466,0.3701999999999943
SNGS,1,2026-06-02 08:00:00,2026-06-03 08:00:00,19.17,19.345,0.08159892113759268,20865,3249.5672624999406,0.6362114344517825,0.15574249999999715
LKOH,-1,2026-06-02 10:00:00,2026-06-02 10:00:00,4950.0,4950.0,27.851729231600142,80,-396.0,-0.05924228209600485,-4.95
ROSN,-1,2026-06-02 10:00:00,2026-06-02 10:00:00,394.1,394.1,1.9353629425144447,1014,-399.61740000000003,-0.06787701871360297,-0.3941
TATN,-1,2026-06-02 10:00:00,2026-06-02 13:00:00,610.7,613.2,4.0522314439289095,654,-2035.2153,-0.25598653014274003,-3.11195
GAZP,1,2026-06-02 11:00:00,2026-06-02 12:00:00,116.52,116.75,0.4253694484361981,3432,389.06868000001367,0.08883650076952482,0.11336500000000399
ROSN,1,2026-06-02 11:00:00,2026-06-03 12:00:00,394.4,401.9,1.9006941609062693,1014,7201.2759,1.2454835617554534,7.10185
LKOH,1,2026-06-02 12:00:00,2026-06-03 08:00:00,4952.5,4963.0,26.640011429287878,80,443.38,0.06934744272052479,5.54225
GAZP,-1,2026-06-02 13:00:00,2026-06-03 07:00:00,117.3,118.22,0.5898338611516194,3410,-3538.761600000006,-0.5864702296416318,-1.0377600000000018
TATN,1,2026-06-02 14:00:00,2026-06-03 13:00:00,614.5,618.2,3.8123225288956113,650,2004.3725000000295,0.26962129398614004,3.0836500000000453
GAZP,1,2026-06-03 08:00:00,2026-06-04 07:00:00,118.19,116.08,0.5693496175643328,3384,-7536.624839999999,-1.3039059137498223,-2.2271349999999996
PLZL,-1,2026-06-03 08:00:00,2026-06-04 09:00:00,2107.0,2109.4,10.857199550649701,189,-852.0498000000172,-0.13840892638317945,-4.508200000000091
LKOH,-1,2026-06-03 09:00:00,2026-06-04 09:00:00,4967.0,4898.5,29.281111867582496,80,5085.38,0.7236433995114798,63.56725
MTSS,-1,2026-06-03 10:00:00,2026-06-05 08:00:00,230.25,228.0,0.8306722412325747,1737,3510.259875,0.8109395818987,2.020875
SNGS,1,2026-06-03 11:00:00,2026-06-03 13:00:00,19.445,19.365,0.1049220162647434,20570,-2044.760850000038,-0.3158059783791523,-0.09940500000000185
ROSN,-1,2026-06-03 13:00:00,2026-06-04 11:00:00,399.95,394.9,2.1728373716843263,1000,4652.575000000012,0.713748002286592,4.652575000000011
TATN,-1,2026-06-03 14:00:00,2026-06-04 11:00:00,614.5,613.3,3.8827886948192565,650,380.96500000002953,0.05031606971745757,0.5861000000000455
SNGS,-1,2026-06-03 14:00:00,2026-06-04 08:00:00,19.235,19.17,0.11195833445103538,20795,952.3590124999528,0.13635280846384007,0.04579749999999773
SNGS,1,2026-06-04 09:00:00,2026-06-05 15:00:00,19.35,19.195,0.12431713323240368,20671,-3602.3868475000236,-0.4672793831622249,-0.17427250000000113
LKOH,1,2026-06-04 10:00:00,2026-06-04 12:00:00,4921.5,4901.5,29.820672625698894,81,-2017.8315,-0.2784589548854524,-24.9115
PLZL,1,2026-06-04 10:00:00,2026-06-04 13:00:00,2113.2,2117.2,10.774724992172954,189,356.22720000000004,0.058309299506303536,1.8848000000000003
SBER,1,2026-06-04 12:00:00,2026-06-04 15:00:00,323.89,323.6,0.9269426942064007,1234,-757.361329999955,-0.22070584076592406,-0.6137449999999636
ROSN,1,2026-06-04 12:00:00,2026-06-05 07:00:00,396.2,393.1,2.3337856374981767,1009,-3526.1018499999655,-0.4991389588728806,-3.494649999999966
TATN,1,2026-06-04 12:00:00,2026-06-04 14:00:00,613.8,612.5,3.515710815611189,651,-1245.4606499999704,-0.18139053526101453,-1.9131499999999546
NVTK,1,2026-06-04 12:00:00,2026-06-05 07:00:00,1115.9,1103.6,9.541751563655508,349,-4680.002750000063,-0.4684587139841936,-13.409750000000182
GAZP,-1,2026-06-04 13:00:00,2026-06-05 11:00:00,116.14,116.13,0.4845193928328175,3444,-365.52893999998236,-0.07301737320871046,-0.10613499999999487
LKOH,-1,2026-06-04 13:00:00,2026-06-06 07:00:00,4900.0,4829.5,28.67857790038647,81,5316.45525,0.7628835970409759,65.63525
PLZL,-1,2026-06-04 14:00:00,2026-06-05 09:00:00,2099.8,2100.4,10.621842995144037,190,-513.0189999999827,-0.084734196668579,-2.7000999999999094
TATN,-1,2026-06-04 15:00:00,2026-06-05 11:00:00,611.7,606.7,3.2865949934029914,653,2867.1924,0.44532411293080126,4.3908
SBER,-1,2026-06-05 07:00:00,2026-06-05 15:00:00,322.35,322.23,0.8947266839137088,1240,-250.8395999999944,-0.0753637968022218,-0.20228999999999547
ROSN,-1,2026-06-05 08:00:00,2026-06-06 11:00:00,391.3,387.6,2.2984021179858303,1022,3383.3820999999884,0.48012341183957524,3.3105499999999886
GMKN,1,2026-06-05 08:00:00,2026-06-05 12:00:00,133.04,133.28,1.1860618074802234,2810,300.22040000002556,0.030026540867205347,0.1068400000000091
NVTK,-1,2026-06-05 08:00:00,2026-06-07 11:00:00,1107.7,1089.6,9.14192424161869,361,6137.487350000049,0.6199041380005222,17.001350000000137
PLZL,1,2026-06-05 10:00:00,2026-06-05 12:00:00,2098.8,2103.4,10.35666008061381,190,474.79099999998266,0.0804281168043577,2.498899999999909
GAZP,1,2026-06-05 12:00:00,2026-06-06 09:00:00,116.4,115.35,0.48465879573780785,3436,-4005.9465000000387,-0.801852774400577,-1.1658750000000113
GMKN,-1,2026-06-05 13:00:00,2026-06-06 07:00:00,133.1,132.7,1.0509924560539399,3005,802.635500000017,0.08471357983635783,0.26710000000000567
PLZL,-1,2026-06-05 13:00:00,2026-06-06 14:00:00,2085.8,2038.4,10.907938118479814,191,8659.538900000018,1.385471128382193,45.33790000000009
MTSS,-1,2026-06-06 07:00:00,2026-06-07 08:00:00,227.75,228.25,0.7389979847043856,1756,-1278.368,-0.32837256892349753,-0.728
SNGS,-1,2026-06-06 07:00:00,2026-06-06 13:00:00,19.135,19.105,0.09855918676309876,20904,227.43552000002373,0.036796840414118494,0.010880000000001135
GMKN,1,2026-06-06 08:00:00,2026-06-07 10:00:00,132.64,132.92,1.065397114154429,3015,443.8683000000035,0.04606107214048691,0.14722000000000116
GAZP,-1,2026-06-06 10:00:00,2026-06-07 10:00:00,115.35,115.48,0.3944228934481879,3467,-850.8538050000335,-0.20740428955539136,-0.24541500000000965
TATN,-1,2026-06-06 13:00:00,2026-06-07 07:00:00,607.1,607.3,2.32617352609142,658,-531.1375999999551,-0.115669215408339,-0.8071999999999319
SNGS,1,2026-06-06 14:00:00,2026-06-08 07:00:00,19.105,19.155,0.07272961376097038,20936,646.2943200000147,0.14148294577527729,0.030870000000000706
TATN,1,2026-06-07 08:00:00,2026-06-08 12:00:00,607.7,612.6,2.1406742523609124,658,2822.721299999985,0.6679904700226694,4.289849999999977
MTSS,1,2026-06-07 09:00:00,2026-06-08 07:00:00,228.3,228.65,0.4786133832565846,1752,212.91179999998997,0.08463685878924726,0.12152499999999428
GMKN,-1,2026-06-07 11:00:00,2026-06-07 13:00:00,132.96,133.06,0.6371003909462006,3008,-700.8940799999829,-0.12191171297924518,-0.2330099999999943
GMKN,1,2026-06-07 14:00:00,2026-06-08 07:00:00,133.26,133.46,0.5711186439172047,3001,199.98664000005115,0.03889442862691642,0.06664000000001705
SBER,-1,2026-06-07 15:00:00,2026-06-07 15:00:00,322.89,322.89,0.33527541294729163,1238,-399.73782,-0.32101966277175364,-0.32289
GMKN,-1,2026-06-08 08:00:00,2026-06-09 10:00:00,131.56,129.0,0.6758628501042637,3040,7386.348800000007,1.1983299075274298,2.4297200000000023
NVTK,-1,2026-06-08 08:00:00,2026-06-10 11:00:00,1087.8,1027.0,4.273963749127307,367,21925.534199999984,4.659421831564723,59.74259999999995
PLZL,-1,2026-06-08 08:00:00,2026-06-09 10:00:00,2030.0,2016.8,8.449504599662882,197,2201.790200000009,0.44091736851436114,11.176600000000045
MTSS,-1,2026-06-08 08:00:00,2026-06-09 10:00:00,229.05,227.3,0.44206612123985245,1746,2657.1064499999998,1.1475093331677573,1.521825
SNGS,-1,2026-06-08 08:00:00,2026-06-09 10:00:00,19.07,18.56,0.05432357630814457,20975,10302.605375000032,3.0139461438363835,0.49118500000000154
LKOH,-1,2026-06-08 09:00:00,2026-06-09 10:00:00,4818.0,4713.5,19.227194517023488,83,8277.94275,1.7290484043611025,99.73425
GAZP,-1,2026-06-08 11:00:00,2026-06-09 13:00:00,115.2,113.06,0.3683353851531537,3472,7033.820640000003,1.8333563030313116,2.0258700000000007
ROSN,-1,2026-06-08 13:00:00,2026-06-09 12:00:00,385.3,374.25,1.6842016012151195,1038,11075.69355000001,2.111826555740446,10.670225000000011
SBER,1,2026-06-09 07:00:00,2026-06-09 07:00:00,320.72,319.45,0.6013360294486092,1247,-1982.8359950000483,-0.8814178884630478,-1.5900850000000388
TATN,1,2026-06-09 10:00:00,2026-06-10 07:00:00,593.6,595.3,3.724873076030153,673,744.035149999954,0.09893401980273563,1.1055499999999316
LKOH,1,2026-06-09 11:00:00,2026-06-10 07:00:00,4719.0,4670.5,33.049946529695106,84,-4468.359,-0.5365086844361958,-53.19475
PLZL,1,2026-06-09 11:00:00,2026-06-09 14:00:00,2037.0,2054.4,15.108994108337948,196,3009.442800000018,0.33874525089500107,15.35430000000009
MTSS,1,2026-06-09 11:00:00,2026-06-10 12:00:00,227.15,226.0,0.8967062599908874,1760,-2422.77200000001,-0.5117153228505378,-1.3765750000000057
PLZL,-1,2026-06-09 15:00:00,2026-06-10 14:00:00,2022.0,1955.2,16.924676716166196,196,12703.03439999999,1.2764675132237153,64.81139999999995
LKOH,-1,2026-06-10 08:00:00,2026-06-10 11:00:00,4683.0,4666.0,34.40706537017037,85,1047.6675,0.11940861435866353,12.3255
ROSN,-1,2026-06-10 08:00:00,2026-06-10 14:00:00,367.2,365.15,2.8095674790676934,1089,1833.6854250000124,0.1997727423105898,1.6838250000000115
TATN,-1,2026-06-10 08:00:00,2026-06-10 11:00:00,596.0,596.3,4.299514496113518,671,-601.3166499999695,-0.06947683673044294,-0.8961499999999545
GMKN,-1,2026-06-10 08:00:00,2026-06-10 14:00:00,129.94,128.58,1.3035327669236425,2557,3147.002179999962,0.31471910570752293,1.2307399999999853
GAZP,-1,2026-06-10 11:00:00,2026-06-11 07:00:00,112.7,113.3,0.5463992817326462,3549,-2530.43699999998,-0.4349688489944893,-0.7129999999999943
LKOH,1,2026-06-10 12:00:00,2026-06-11 11:00:00,4685.0,4749.5,38.84980721671793,85,5081.53375,0.5129390532666028,59.78275
TATN,1,2026-06-10 12:00:00,2026-06-11 11:00:00,595.6,601.7,4.850857286638332,671,3691.405850000015,0.378032835223681,5.501350000000023
SBER,-1,2026-06-10 13:00:00,2026-06-10 15:00:00,319.8,322.25,1.046546885841947,1250,-3463.781249999986,-0.8825930424100393,-2.7710249999999887
NVTK,-1,2026-06-10 13:00:00,2026-06-10 14:00:00,1023.7,1032.1,9.220956519956273,361,-3403.471899999951,-0.3408142448705735,-9.427899999999864
MTSS,-1,2026-06-10 13:00:00,2026-06-13 07:00:00,225.65,227.1,0.9675023589231796,1772,-2970.5364999999797,-0.5775610379788556,-1.6763749999999886
ROSN,1,2026-06-10 15:00:00,2026-06-12 07:00:00,368.5,365.0,3.3812981909123017,985,-3808.74875,-0.38118988444462115,-3.86675
GMKN,1,2026-06-10 15:00:00,2026-06-11 08:00:00,130.4,128.88,1.390880699168915,2396,-3952.5374400000246,-0.39534663205016074,-1.6496400000000102
NVTK,1,2026-06-10 15:00:00,2026-06-11 11:00:00,1051.1,1053.0,10.404294142207183,320,271.34400000002915,0.027166667544836307,0.847950000000091
SBER,1,2026-06-11 07:00:00,2026-06-15 12:00:00,322.34,324.18,1.1044947187298684,1240,1880.7576000000397,0.457747775001958,1.516740000000032
GAZP,1,2026-06-11 08:00:00,2026-06-11 11:00:00,113.16,112.89,0.5692341268652772,3534,-1353.610349999986,-0.2242925959184735,-0.38302499999999606
GMKN,-1,2026-06-11 09:00:00,2026-06-12 07:00:00,128.36,129.3,1.3460659242252568,2476,-2646.4230799999946,-0.26467995382300824,-1.0688299999999977
SNGS,-1,2026-06-11 11:00:00,2026-06-13 07:00:00,18.735,18.595,0.1436499366985208,21350,2590.5022500000123,0.2815525083375596,0.12133500000000057
GAZP,-1,2026-06-11 12:00:00,2026-06-13 10:00:00,112.98,112.44,0.5857961760047673,3540,1512.6066000000221,0.2431391767891004,0.4272900000000063
LKOH,-1,2026-06-11 12:00:00,2026-06-12 14:00:00,4727.0,4702.0,37.165263631729474,84,1703.982,0.181939603613103,20.2855
TATN,-1,2026-06-11 12:00:00,2026-06-13 07:00:00,600.6,592.4,4.970323788986029,666,5063.9310000000305,0.5099265375057318,7.603500000000046
NVTK,-1,2026-06-11 12:00:00,2026-06-13 07:00:00,1043.7,1040.0,9.989385388987154,333,885.1639500000151,0.08869915069818461,2.6581500000000453
PLZL,-1,2026-06-11 13:00:00,2026-06-12 07:00:00,1960.0,1994.0,16.03668945862512,204,-7339.307999999999,-0.7478060458970487,-35.977
ROSN,-1,2026-06-12 08:00:00,2026-06-13 12:00:00,365.2,362.75,2.9300106449678354,1095,2284.1973749999875,0.2373171127759831,2.0860249999999887
GMKN,1,2026-06-12 08:00:00,2026-06-12 13:00:00,128.88,129.84,1.1170721532046641,2983,2477.799120000024,0.2478622345080284,0.8306400000000079
PLZL,1,2026-06-12 08:00:00,2026-06-12 13:00:00,1988.4,2016.6,15.21933797448438,201,5265.697499999963,0.573776600180652,26.197499999999817
GMKN,-1,2026-06-12 14:00:00,2026-06-14 15:00:00,129.22,129.0,0.9523573514672948,3095,281.3045499999965,0.03181228833902346,0.09088999999999886
PLZL,-1,2026-06-12 14:00:00,2026-06-13 10:00:00,1998.8,2017.2,15.960442596898794,200,-4081.600000000018,-0.4262204274954439,-20.40800000000009
MTSS,1,2026-06-13 08:00:00,2026-06-14 10:00:00,227.2,227.85,0.609748574771725,1760,743.55600000001,0.23095584938878025,0.4224750000000057
PLZL,1,2026-06-13 11:00:00,2026-06-14 10:00:00,2015.8,2025.8,13.91523121354282,198,1579.8816000000002,0.1911382780865892,7.9792000000000005
NVTK,-1,2026-06-13 13:00:00,2026-06-14 15:00:00,1037.2,1034.8,4.347019749258437,385,525.140000000035,0.1045927308575626,1.364000000000091
TATN,-1,2026-06-14 08:00:00,2026-06-14 15:00:00,589.5,587.6,1.770847053649953,678,889.1630999999845,0.24685926381895468,1.3114499999999771
SNGS,-1,2026-06-14 08:00:00,2026-06-14 13:00:00,18.6,18.59,0.053144030151977495,21505,-184.83547499996638,-0.053910100378280625,-0.008594999999998437
LKOH,-1,2026-06-14 09:00:00,2026-06-14 15:00:00,4693.0,4673.5,12.781186932041313,85,1259.42375,0.386420814665126,14.816749999999999
ROSN,-1,2026-06-14 10:00:00,2026-06-14 15:00:00,362.0,362.0,1.1317477143859649,1104,-399.64799999999997,-0.10661975733004678,-0.362
PLZL,-1,2026-06-14 11:00:00,2026-06-15 07:00:00,2020.2,2043.8,10.293884075392866,198,-5075.135999999982,-0.8300074041463197,-25.63199999999991
MTSS,-1,2026-06-14 11:00:00,2026-06-15 07:00:00,227.4,228.95,0.5117142951881848,1759,-3127.8098249999703,-1.1583123738648293,-1.778174999999983
SNGS,1,2026-06-14 14:00:00,2026-06-15 10:00:00,18.595,18.75,0.043700757660742495,21511,2932.5408525000244,1.039856113085713,0.13632750000000113
ROSN,1,2026-06-15 07:00:00,2026-06-15 07:00:00,359.2,359.2,0.9911087553771697,1113,-399.7896,-0.12080746203050988,-0.3592
GMKN,1,2026-06-15 07:00:00,2026-06-16 07:00:00,132.84,135.46,0.48099316782448437,3011,7484.894350000014,1.722720242398604,2.4858500000000046
ROSN,-1,2026-06-15 08:00:00,2026-06-15 14:00:00,360.35,360.95,1.1060295585645163,1110,-1066.321499999962,-0.2895190858029646,-0.9606499999999658
TATN,-1,2026-06-15 08:00:00,2026-06-17 11:00:00,585.9,540.5,2.027017097446483,682,30578.697599999985,7.373198784967124,44.836799999999975
PLZL,1,2026-06-15 08:00:00,2026-06-16 10:00:00,2060.0,2076.4,9.84367662231284,194,2780.3692000000174,0.48531324727165254,14.33180000000009
MTSS,1,2026-06-15 08:00:00,2026-06-16 10:00:00,228.9,229.3,0.5024142942464168,1747,298.5623000000099,0.11338583977216296,0.17090000000000566
GAZP,-1,2026-06-15 10:00:00,2026-06-15 10:00:00,113.71,113.71,0.2833554492005379,3517,-399.91806999999994,-0.13376602934679463,-0.11370999999999999
NVTK,-1,2026-06-15 11:00:00,2026-06-15 13:00:00,1042.8,1048.0,5.960532435159706,383,-2391.9882000000175,-0.3492641005894024,-6.245400000000045
SNGS,-1,2026-06-15 11:00:00,2026-06-15 14:00:00,18.63,18.81,0.06506296475422813,21470,-4266.5183999999945,-1.0180907102868424,-0.19871999999999973
GAZP,1,2026-06-15 12:00:00,2026-06-15 13:00:00,113.62,113.73,0.3518728107902593,3520,-12.936000000002043,-0.0034813715707360487,-0.0036750000000005806
LKOH,-1,2026-06-15 12:00:00,2026-06-15 13:00:00,4726.0,4720.5,16.417287768339186,84,65.24699999999999,0.015770976931158424,0.7767499999999998
SBER,-1,2026-06-15 13:00:00,2026-06-18 14:00:00,323.88,315.32,0.5540544335881831,1235,10176.894000000004,4.957635628346292,8.240400000000003
LKOH,1,2026-06-15 14:00:00,2026-06-16 07:00:00,4749.5,4744.0,17.6888858818843,84,-860.7270000000001,-0.19309205543755198,-10.24675
NVTK,1,2026-06-15 14:00:00,2026-06-16 11:00:00,1056.7,1065.2,6.406118717217872,378,2811.9609,0.38708045273476305,7.43905
ROSN,1,2026-06-15 15:00:00,2026-06-16 07:00:00,360.05,361.1,1.300987410095843,1110,765.2617500000125,0.17664147366069227,0.6894250000000113
SNGS,1,2026-06-15 15:00:00,2026-06-16 11:00:00,18.775,18.85,0.07576994836384582,21304,1197.0185000000606,0.24718463020102008,0.056187500000002846
GAZP,1,2026-06-16 08:00:00,2026-06-16 14:00:00,114.07,113.5,0.3997598685383097,3506,-2397.350209999976,-0.5701631185910006,-0.6837849999999932
LKOH,-1,2026-06-16 08:00:00,2026-06-17 11:00:00,4715.5,4549.0,21.708448353680684,84,13596.891,2.4854801129772315,161.86775
ROSN,-1,2026-06-16 08:00:00,2026-06-18 15:00:00,357.7,325.6,1.539626899521415,1118,35505.83529999996,6.875767544693649,31.758349999999965
PLZL,-1,2026-06-16 11:00:00,2026-06-17 10:00:00,2072.4,2050.0,14.112432087557595,193,3925.3884000000176,0.48039912312331695,20.33880000000009
MTSS,-1,2026-06-16 11:00:00,2026-06-16 15:00:00,229.0,227.95,0.664434627896402,1746,1434.3826500000198,0.4121423766453177,0.8215250000000114
GAZP,-1,2026-06-16 15:00:00,2026-06-19 08:00:00,112.82,107.32,0.4572174053420495,3545,19107.30185,3.929516488964903,5.38993
GMKN,1,2026-06-17 07:00:00,2026-06-17 15:00:00,138.24,138.32,0.9811987108067837,2893,-168.6040400000461,-0.01979891173185352,-0.05828000000001593
MTSS,1,2026-06-17 07:00:00,2026-06-17 13:00:00,227.9,227.3,0.9605283072074512,1755,-1452.43799999999,-0.2872030575222643,-0.8275999999999943
SNGS,1,2026-06-17 08:00:00,2026-06-18 07:00:00,18.46,18.02,0.13998675880922284,21668,-9929.144320000027,-1.0911508200202973,-0.45824000000000126
NVTK,1,2026-06-17 11:00:00,2026-06-17 14:00:00,1030.6,1035.0,9.559586141006452,348,1171.7856000000318,0.1174109405411835,3.367200000000091
PLZL,1,2026-06-17 11:00:00,2026-06-18 07:00:00,2056.8,2034.0,16.344757447581323,194,-4820.007600000035,-0.5066945793818184,-24.845400000000183
MTSS,-1,2026-06-17 14:00:00,2026-06-18 15:00:00,227.35,225.1,0.9518238916883778,1759,3559.8202250000004,0.7087357992979698,2.023775
NVTK,-1,2026-06-17 15:00:00,2026-06-18 13:00:00,1026.3,996.0,9.352939914964736,356,10426.830599999983,1.0438375621743523,29.288849999999954
LKOH,-1,2026-06-18 07:00:00,2026-06-19 07:00:00,4469.5,4440.5,35.67916356884489,89,2184.505,0.22931217686422764,24.545
TATN,-1,2026-06-18 08:00:00,2026-06-19 07:00:00,533.5,530.3,5.504757590518007,605,1614.2005000000274,0.1615632754108235,2.668100000000045
PLZL,-1,2026-06-18 08:00:00,2026-06-18 13:00:00,2019.2,2023.2,15.641293215252881,198,-1192.1976,-0.12831846056753415,-6.0212
SNGS,-1,2026-06-18 08:00:00,2026-06-23 09:00:00,18.05,16.48,0.1275159315556055,22160,34408.6076,4.058930731393625,1.5527350000000002
GMKN,1,2026-06-18 09:00:00,2026-06-19 10:00:00,137.96,137.34,1.2421879556207522,2683,-2032.7749500000123,-0.20331061725179586,-0.7576500000000046
PLZL,-1,2026-06-19 08:00:00,2026-06-22 07:00:00,2022.0,2016.2,17.11342994331113,194,733.4945999999912,0.07364391616261472,3.7808999999999546
MTSS,-1,2026-06-19 10:00:00,2026-06-19 12:00:00,223.4,222.6,1.1452094691402994,1790,1032.8300000000204,0.1679459858795268,0.5770000000000114
SBER,-1,2026-06-19 11:00:00,2026-06-23 09:00:00,312.48,305.75,1.3985072990988703,1280,8218.732800000023,1.5304138929979898,6.420885000000018
LKOH,-1,2026-06-19 11:00:00,2026-06-23 09:00:00,4374.5,4199.0,41.86725972450162,79,13525.846749999999,1.3631435090062536,171.21325
ROSN,-1,2026-06-19 11:00:00,2026-06-22 08:00:00,325.5,332.25,3.4583968641882996,963,-6816.956625,-0.6822886709255139,-7.078875
TATN,-1,2026-06-19 11:00:00,2026-06-19 13:00:00,529.5,527.9,6.3408155234480175,525,562.4325000000118,0.056317676910717505,1.0713000000000226
GMKN,-1,2026-06-19 11:00:00,2026-06-22 08:00:00,134.96,133.04,1.4294960601734938,2331,4163.1660000000375,0.41646378043258464,1.786000000000016
NVTK,-1,2026-06-19 11:00:00,2026-06-23 09:00:00,979.4,933.1,10.301339927799374,323,14646.031249999985,1.4672444011428887,45.34374999999996
MTSS,1,2026-06-19 13:00:00,2026-06-22 07:00:00,224.35,223.2,1.3976586019319381,1782,-2448.06705000001,-0.3276372351352662,-1.3737750000000057
GAZP,-1,2026-06-19 14:00:00,2026-06-23 10:00:00,105.85,99.8,0.7655080643815376,3778,22468.42714999999,2.589641780283871,5.947174999999997
TATN,1,2026-06-19 14:00:00,2026-06-22 09:00:00,533.3,529.0,6.548896393956018,508,-2454.224199999977,-0.24590148270165677,-4.831149999999955
PLZL,1,2026-06-22 08:00:00,2026-06-22 10:00:00,2031.6,2024.6,17.013746737795614,195,-1760.4795000000001,-0.17687853904522005,-9.0281
MTSS,-1,2026-06-22 08:00:00,2026-06-23 10:00:00,222.7,218.15,1.4399853532324556,1796,7775.91669999997,1.0022266291993929,4.329574999999983
ROSN,1,2026-06-22 09:00:00,2026-06-22 09:00:00,327.95,327.95,3.9428411674396675,845,-277.11775,-0.027725353881716923,-0.32795
ROSN,-1,2026-06-22 10:00:00,2026-06-23 09:00:00,320.25,307.9,4.268352512622548,780,9388.021500000017,0.9399352532705838,12.035925000000022
TATN,-1,2026-06-22 10:00:00,2026-06-23 15:00:00,525.1,500.2,6.6155546959620795,503,12266.837050000016,1.2287883692698403,24.387350000000033
PLZL,-1,2026-06-22 11:00:00,2026-06-22 14:00:00,2013.6,1998.2,18.36231836112863,181,2424.332099999975,0.24314467880326707,13.394099999999863
GMKN,-1,2026-06-22 12:00:00,2026-06-23 09:00:00,130.0,128.92,1.7091230159581121,1950,1853.5530000000244,0.185385524452171,0.9505400000000125
PLZL,1,2026-06-22 15:00:00,2026-06-23 11:00:00,1987.0,1982.0,21.37051162828494,155,-1082.5974999999999,-0.1089429540650408,-6.9845
MTSS,1,2026-06-23 11:00:00,2026-06-24 07:00:00,218.55,217.55,1.9660666626804197,1695,-2064.59475,-0.206512156669768,-1.21805
GMKN,-1,2026-06-23 13:00:00,2026-06-25 07:00:00,128.12,123.16,1.884033419961993,1769,8551.982840000015,0.8553209917931521,4.834360000000008
SBER,-1,2026-06-24 08:00:00,2026-06-25 07:00:00,304.37,303.23,2.2815956431877056,1314,1098.766799999982,0.12216596493141071,0.8361999999999863
LKOH,-1,2026-06-24 08:00:00,2026-06-24 12:00:00,4157.0,4192.5,50.16522080201154,66,-2618.5335,-0.2636271993870377,-39.67475
ROSN,-1,2026-06-24 08:00:00,2026-06-24 12:00:00,304.95,305.75,4.863215912504792,685,-757.1647500000078,-0.07576262428583685,-1.1053500000000114
TATN,-1,2026-06-24 08:00:00,2026-06-25 09:00:00,475.2,472.6,6.987812747281407,477,1014.1496999999837,0.10141943203554026,2.126099999999966
PLZL,-1,2026-06-24 08:00:00,2026-06-25 09:00:00,1968.8,1907.4,20.988986249011944,158,9394.980199999978,0.9443349525404707,59.461899999999865
SNGS,-1,2026-06-24 08:00:00,2026-06-25 15:00:00,16.145,15.32,0.211195096374208,15783,12772.668952499987,1.277282654590444,0.8092674999999993
NVTK,-1,2026-06-24 09:00:00,2026-06-25 07:00:00,932.0,927.7,14.725234205998829,226,761.6538999999897,0.07628967509906698,3.3701499999999545
MTSS,-1,2026-06-24 09:00:00,2026-06-25 07:00:00,218.55,216.15,2.0800644574563747,1602,3496.605300000009,0.3497728146798359,2.1826500000000055
GAZP,-1,2026-06-24 11:00:00,2026-06-24 13:00:00,100.15,100.61,1.0755539272170027,3099,-1736.6176199999807,-0.17367175053384748,-0.5603799999999938
LKOH,1,2026-06-24 13:00:00,2026-06-24 14:00:00,4209.0,4193.5,48.911204831397036,68,-1339.6850000000002,-0.134265417422672,-19.70125
ROSN,1,2026-06-24 13:00:00,2026-06-24 14:00:00,307.75,307.5,4.471652205557289,745,-415.430625,-0.041567409864523425,-0.557625
GAZP,1,2026-06-24 14:00:00,2026-06-25 07:00:00,100.62,98.47,1.190857134874546,2799,-6296.476455000015,-0.629671109467157,-2.2495450000000057
LKOH,-1,2026-06-24 15:00:00,2026-06-25 09:00:00,4128.0,4152.0,50.92343681890867,65,-1829.1000000000001,-0.18419809396126735,-28.14
ROSN,-1,2026-06-24 15:00:00,2026-06-25 07:00:00,300.7,307.2,4.610251136424399,723,-4919.2558500000005,-0.4919435549648446,-6.80395
GAZP,-1,2026-06-25 08:00:00,2026-06-26 07:00:00,98.4,98.09,1.1056899144749928,3014,638.2295700000068,0.0638379703712104,0.21175500000000225
ROSN,1,2026-06-25 08:00:00,2026-06-25 11:00:00,305.15,303.3,4.722614500284301,705,-1518.728624999976,-0.1520503102585995,-2.154224999999966
NVTK,1,2026-06-25 08:00:00,2026-06-25 10:00:00,921.5,915.7,14.622431581477509,227,-1525.1221999999896,-0.15315738157873646,-6.718599999999954
MTSS,1,2026-06-25 08:00:00,2026-06-26 10:00:00,216.05,216.8,2.1516285116410043,1549,826.5076750000001,0.08266219394800839,0.533575
LKOH,1,2026-06-25 10:00:00,2026-06-25 13:00:00,4172.0,4137.0,53.6683615937331,62,-2427.5789999999997,-0.2431879716917617,-39.1545
SBER,-1,2026-06-25 11:00:00,2026-06-25 15:00:00,298.34,296.28,2.8752183933094604,1159,2042.9577100000026,0.20435433172679154,1.7626900000000023
TATN,-1,2026-06-25 11:00:00,2026-06-26 11:00:00,464.3,457.0,8.029677953469909,415,2838.3302500000045,0.2839196474060534,6.839350000000011
NVTK,-1,2026-06-25 11:00:00,2026-06-25 15:00:00,907.6,909.6,15.085416247997847,220,-639.8919999999999,-0.0642695778090983,-2.9086
ROSN,-1,2026-06-25 12:00:00,2026-06-25 15:00:00,298.7,304.1,4.751229767352664,701,-3996.681400000024,-0.3999946876333869,-5.701400000000034
PLZL,-1,2026-06-25 12:00:00,2026-06-25 12:00:00,1916.0,1916.0,24.616543353731213,135,-258.66,-0.025944612023274253,-1.9160000000000001
PLZL,1,2026-06-25 13:00:00,2026-06-26 08:00:00,1929.8,1907.6,24.94393311417899,133,-3207.7871000000064,-0.3223054932783121,-24.118700000000047
LKOH,-1,2026-06-25 14:00:00,2026-06-26 11:00:00,4112.5,4119.0,52.37180017384973,63,-668.79225,-0.06756657822696378,-10.61575
SBER,1,2026-06-26 07:00:00,2026-06-26 07:00:00,294.4,294.4,2.8626426543015033,1164,-342.6816,-0.03428067879372749,-0.2944
ROSN,1,2026-06-26 07:00:00,2026-06-27 13:00:00,308.15,323.25,4.689003888623477,710,10496.853000000016,1.0509908110668513,14.784300000000023
NVTK,1,2026-06-26 07:00:00,2026-06-26 15:00:00,905.9,926.6,15.2026859250756,219,4332.64125000001,0.4337775157517472,19.783750000000044
SBER,-1,2026-06-26 08:00:00,2026-06-26 12:00:00,293.41,294.08,2.9588824647085374,1126,-1085.1768699999539,-0.10857083279411843,-0.9637449999999591
GAZP,1,2026-06-26 08:00:00,2026-06-26 08:00:00,97.92,97.92,1.1952051810591593,2788,-273.00096,-0.02730911856579746,-0.09792000000000001
GAZP,-1,2026-06-26 09:00:00,2026-06-26 14:00:00,96.97,96.15,1.2084048109835048,2758,1995.2475199999813,0.19955785054380767,0.7234399999999932
GMKN,-1,2026-06-26 09:00:00,2026-06-26 11:00:00,119.28,121.04,1.770834545256996,1882,-3538.4611200000095,-0.3539122283776363,-1.8801600000000052
PLZL,-1,2026-06-26 09:00:00,2026-06-26 10:00:00,1889.2,1914.0,25.123709908376828,132,-3524.611199999994,-0.35426827350707757,-26.701599999999953
PLZL,1,2026-06-26 11:00:00,2026-06-27 11:00:00,1918.0,1962.0,26.878096808753497,124,5215.4400000000005,0.5216143129387811,42.06
MTSS,-1,2026-06-26 11:00:00,2026-06-26 12:00:00,215.6,217.65,2.2065298011745726,1510,-3422.603750000017,-0.34241172100394157,-2.2666250000000114
LKOH,1,2026-06-26 12:00:00,2026-06-27 13:00:00,4251.0,4397.0,54.585834984950445,61,8642.235999999999,0.8651572948614519,141.676
TATN,1,2026-06-26 12:00:00,2026-06-27 13:00:00,471.8,495.4,8.549193903374546,389,8992.279599999987,0.9013091472431273,23.116399999999967
GMKN,1,2026-06-26 12:00:00,2026-06-27 11:00:00,123.8,126.1,1.8224283877294534,1829,3978.1664499999947,0.39782998967106586,2.175049999999997
MTSS,1,2026-06-26 13:00:00,2026-06-29 07:00:00,219.45,219.2,2.4655792673393027,1351,-634.058075,-0.06345026855919689,-0.469325
GAZP,1,2026-06-26 15:00:00,2026-06-28 10:00:00,98.2,99.39,1.2628803046161776,2639,2879.6899949999943,0.2880201699800425,1.0912049999999978
NVTK,-1,2026-06-27 07:00:00,2026-06-28 13:00:00,935.7,946.1,18.401579853364716,181,-2052.7028999999957,-0.20543344811281336,-11.340899999999976
SNGS,-1,2026-06-27 10:00:00,2026-06-27 10:00:00,16.085,16.085,0.23282904241223723,14316,-230.27286000000004,-0.023028341357748353,-0.016085000000000002
SNGS,1,2026-06-28 10:00:00,2026-06-29 07:00:00,16.21,16.075,0.14736514537102757,22619,-3418.6922075000352,-0.3418775396752594,-0.15114250000000157
NVTK,1,2026-06-28 14:00:00,2026-06-29 07:00:00,947.2,921.9552899113423,8.414903362885902,396,-10366.9979425109,-1.0370207319344729,-26.179287733613382
MTSS,-1,2026-06-29 08:00:00,2026-06-29 14:00:00,217.2,217.95,1.0531885745121023,1841,-1781.3055749999999,-0.30623670613727666,-0.967575
LKOH,1,2026-06-29 09:00:00,2026-06-30 13:00:00,4414.5,4631.5,39.66915554471639,84,17848.068,1.7854089832295428,212.477
GMKN,1,2026-06-29 09:00:00,2026-06-29 11:00:00,128.24,126.08,1.1977841147823645,2782,-6362.87912000003,-0.6364975601677558,-2.2871600000000107
PLZL,1,2026-06-29 09:00:00,2026-06-30 13:00:00,1962.6,1986.6,16.24683981640952,203,4471.1562,0.45189095743928537,22.0254
SNGS,1,2026-06-29 09:00:00,2026-06-30 12:00:00,16.475,16.73,0.15637663102698773,21316,5081.681109999979,0.5081694931745823,0.238397499999999
ROSN,1,2026-06-29 10:00:00,2026-06-30 13:00:00,320.3,334.45,3.766747518623687,884,12219.20049999998,1.2232148939863603,13.822624999999977
TATN,1,2026-06-29 10:00:00,2026-06-30 12:00:00,486.5,516.5,6.423416645480436,518,15280.223,1.530779315125353,29.4985
GAZP,1,2026-06-29 12:00:00,2026-07-01 07:00:00,100.19,100.94,0.7836076210826842,3992,2592.54452,0.27625858594156155,0.649435
GMKN,-1,2026-06-29 12:00:00,2026-06-29 14:00:00,126.14,127.62,1.2942826895688255,2575,-4137.71600000001,-0.4138405550684646,-1.6068800000000039
GMKN,1,2026-06-29 15:00:00,2026-06-30 13:00:00,128.62,130.28,1.414540477034515,2356,3605.975799999992,0.36067072071553286,1.5305499999999965
MTSS,1,2026-06-29 15:00:00,2026-06-30 13:00:00,218.7,220.05,1.1221485249364131,1828,2066.782500000041,0.3358512635583273,1.1306250000000226
SBER,-1,2026-06-30 09:00:00,2026-06-30 09:00:00,310.14,310.14,2.1502841396327557,1289,-399.77045999999996,-0.048077367123052,-0.31013999999999997
NVTK,-1,2026-06-30 11:00:00,2026-06-30 11:00:00,992.7,992.7,12.185388006728791,273,-271.0071,-0.027155475050714552,-0.9927
PLZL,-1,2026-06-30 14:00:00,2026-07-01 09:00:00,1975.2,1960.0,20.500644217090077,162,2143.648800000007,0.21515421434039683,13.232400000000045
MTSS,-1,2026-06-30 14:00:00,2026-07-01 07:00:00,219.1,220.3,1.2034312778271947,1825,-2590.9525000000313,-0.3932366908293806,-1.419700000000017
SBER,1,2026-07-01 08:00:00,2026-07-01 12:00:00,308.68,309.74,2.272527985142815,1295,972.273050000003,0.11012552319244884,0.7507900000000023
MTSS,1,2026-07-01 08:00:00,2026-07-01 08:00:00,219.25,219.25,1.2208959611466312,1824,-399.912,-0.05986041043554236,-0.21925
MTSS,-1,2026-07-01 09:00:00,2026-07-04 10:00:00,217.6,213.05,1.280117678207587,1838,7967.132649999969,1.1287178446670538,4.334674999999983
LKOH,1,2026-07-01 10:00:00,2026-07-02 07:00:00,4597.5,4490.5,59.92911620292451,55,-6134.92,-0.6204218531679081,-111.544
GMKN,1,2026-07-01 10:00:00,2026-07-01 14:00:00,129.86,126.96,1.7265268812616739,1930,-5844.831300000039,-0.5846824691558398,-3.02841000000002
NVTK,1,2026-07-01 10:00:00,2026-07-01 12:00:00,980.7,975.4,12.904845920468466,258,-1619.7369000000176,-0.16216259738631492,-6.278050000000068
PLZL,1,2026-07-01 10:00:00,2026-07-02 07:00:00,1973.6,1990.6,21.830892807490958,152,2282.7208,0.22930654787278976,15.017900000000001
SNGS,1,2026-07-01 10:00:00,2026-07-02 07:00:00,16.55,16.48,0.17958988150416025,18560,-1605.7184000000052,-0.16057883156777616,-0.08651500000000029
SBER,-1,2026-07-01 13:00:00,2026-07-03 11:00:00,307.91,299.37,2.256514218754896,1299,10699.031640000027,1.2166789424656193,8.23636000000002
NVTK,-1,2026-07-01 13:00:00,2026-07-03 11:00:00,967.4,910.0,12.310585454544187,270,15244.550999999994,1.528800835900633,56.46129999999998
GMKN,-1,2026-07-01 15:00:00,2026-07-03 11:00:00,126.98,122.04,1.5965829812806607,2087,10049.927629999995,1.0053741973660457,4.815489999999998
TATN,1,2026-07-02 07:00:00,2026-07-02 07:00:00,484.2,484.2,7.718440211423359,431,-208.6902,-0.02091096070953903,-0.4842
LKOH,-1,2026-07-02 08:00:00,2026-07-03 11:00:00,4482.0,4200.0,51.936067720073,64,17770.176,1.7820563639674396,277.659
SNGS,-1,2026-07-02 08:00:00,2026-07-03 11:00:00,16.37,15.48,0.1565743985475693,21289,18608.182675000015,1.8608299698805177,0.8740750000000006
TATN,-1,2026-07-02 09:00:00,2026-07-03 13:00:00,477.0,454.0,7.449573447604838,447,10072.9215,1.008312764862406,22.5345
ROSN,1,2026-07-02 15:00:00,2026-07-02 15:00:00,309.85,309.85,3.832660533201413,869,-269.25965,-0.026948208023803506,-0.30985
GAZP,1,2026-07-03 07:00:00,2026-07-03 07:00:00,97.3,97.3,0.8457469586433488,3941,-383.4593,-0.038348743677848046,-0.0973
PLZL,1,2026-07-03 11:00:00,2026-07-04 10:00:00,1940.8,1911.8,23.27659623545249,143,-4422.4609,-0.44288119114965036,-30.9263
SBER,1,2026-07-03 12:00:00,2026-07-06 10:00:00,302.01,304.23,2.429669355283007,1324,2537.949120000036,0.26298228547463537,1.9168800000000272
GAZP,-1,2026-07-03 12:00:00,2026-07-03 14:00:00,96.79,96.94,0.9509693794169932,3505,-865.2618249999701,-0.08653100206420805,-0.24686499999999148
LKOH,1,2026-07-03 12:00:00,2026-07-04 07:00:00,4292.5,4250.0,64.5227980300879,51,-2385.3337500000002,-0.2416264815328783,-46.77125
SNGS,1,2026-07-03 12:00:00,2026-07-04 12:00:00,15.71,15.655,0.1987191416149441,16774,-1185.628255000025,-0.1185634818158957,-0.0706825000000015
LKOH,-1,2026-07-04 08:00:00,2026-07-05 07:00:00,4224.0,4275.0,60.83497993578835,54,-2983.473,-0.30272879220867194,-55.2495
ROSN,-1,2026-07-04 08:00:00,2026-07-05 07:00:00,304.9,306.9,3.751059635424563,888,-2047.6391999999998,-0.20491098730461416,-2.3059
NVTK,-1,2026-07-04 08:00:00,2026-07-04 14:00:00,916.5,916.3,12.221654518275352,272,-194.86079999998762,-0.01953908937966632,-0.7163999999999545
PLZL,-1,2026-07-04 11:00:00,2026-07-07 14:00:00,1908.0,1760.2,18.169435358625744,183,26711.75969999999,2.677865274272346,145.96589999999995
MTSS,1,2026-07-04 11:00:00,2026-07-06 07:00:00,213.2,213.9,1.0635992455184782,1876,912.5802000000319,0.15245403819458483,0.48645000000001704
SNGS,-1,2026-07-04 14:00:00,2026-07-05 07:00:00,15.665,15.765,0.12724427835327992,25534,-2954.6668100000365,-0.3031308532363011,-0.11571500000000143
LKOH,1,2026-07-05 08:00:00,2026-07-06 07:00:00,4282.0,4242.0,42.27736051783558,78,-3452.436,-0.3489811052365892,-44.262
SNGS,1,2026-07-05 08:00:00,2026-07-06 10:00:00,15.86,15.71,0.11890330887104818,25220,-4181.097699999964,-0.46476138630084735,-0.16578499999999857
NVTK,-1,2026-07-05 11:00:00,2026-07-07 14:00:00,934.6,885.0,7.195048237226125,427,20790.715400000012,2.2557272907073354,48.690200000000026
GMKN,-1,2026-07-05 12:00:00,2026-07-05 12:00:00,124.06,124.06,0.8971252736987007,3224,-399.96944,-0.04609538327110138,-0.12406
GAZP,-1,2026-07-05 13:00:00,2026-07-06 11:00:00,97.68,97.24,0.6100127281389357,4095,1402.7013000000488,0.18717642228277978,0.34254000000001195
LKOH,-1,2026-07-06 08:00:00,2026-07-07 09:00:00,4247.0,4175.0,30.180886441672296,94,6372.166,0.7486968077297232,67.789
TATN,-1,2026-07-06 08:00:00,2026-07-07 07:00:00,450.2,439.0,3.255502018030494,888,9550.79519999999,1.1012536049669708,10.75539999999999
GMKN,1,2026-07-06 09:00:00,2026-07-06 12:00:00,124.36,123.36,0.838167154684744,3216,-3614.3337600000004,-0.4469514200194401,-1.12386
SNGS,-1,2026-07-06 11:00:00,2026-07-07 10:00:00,15.735,14.915,0.09844988908432202,25421,20455.643175000005,2.724482500638129,0.8046750000000003
GAZP,1,2026-07-06 12:00:00,2026-07-06 12:00:00,97.5,97.5,0.5705704654066429,4102,-399.945,-0.05696053681439225,-0.0975
GAZP,-1,2026-07-06 13:00:00,2026-07-07 13:00:00,96.85,94.13,0.5862440035918821,4130,10839.226299999997,1.4922739700646732,2.624509999999999
ROSN,-1,2026-07-06 13:00:00,2026-07-07 14:00:00,299.05,291.2,2.2906512631902602,1337,10100.86787500003,1.099378027172662,7.554875000000023
GMKN,-1,2026-07-06 13:00:00,2026-07-07 13:00:00,122.66,118.32,0.8639403400913949,3261,13759.82211000001,1.6280097919545495,4.219510000000003
SBER,1,2026-07-07 10:00:00,2026-07-08 10:00:00,296.49,296.17,2.3377400122444163,1349,-831.4291699999908,-0.08788117252443703,-0.6163299999999932
LKOH,1,2026-07-07 10:00:00,2026-07-08 13:00:00,4254.5,4493.0,48.76101761954496,68,15920.585,1.600501530592577,234.12625
MTSS,1,2026-07-07 11:00:00,2026-07-07 12:00:00,206.8,204.75,1.8659755199090482,1786,-4028.81415000002,-0.402966165406422,-2.2557750000000114
MTSS,-1,2026-07-07 13:00:00,2026-07-08 07:00:00,202.9,208.75,1.9839278717583133,1680,-10173.785999999991,-1.0174807068687843,-6.055824999999994
TATN,-1,2026-07-07 15:00:00,2026-07-07 15:00:00,455.2,455.2,7.5759586122789715,439,-199.8328,-0.02002826851342704,-0.4552
TATN,1,2026-07-08 07:00:00,2026-07-08 13:00:00,457.7,474.8,7.756247282830471,429,7135.87875000001,0.7148538631055569,16.633750000000024
GMKN,-1,2026-07-08 08:00:00,2026-07-08 15:00:00,112.48,111.22,1.8306498741075314,1820,2089.6330000000094,0.20906054843133143,1.148150000000005
PLZL,-1,2026-07-08 08:00:00,2026-07-09 11:00:00,1472.4,1375.8,52.82092035998435,63,5996.081700000009,0.6006199775351556,95.17590000000014
MTSS,1,2026-07-08 08:00:00,2026-07-09 07:00:00,206.35,191.05,2.1876786741276852,1523,-23604.520099999976,-2.361513779162889,-15.498699999999983
SBER,-1,2026-07-08 11:00:00,2026-07-08 14:00:00,296.0,295.81,2.4390763908273696,1351,-143.07765500000303,-0.014473374757521466,-0.10590500000000225
GAZP,-1,2026-07-08 11:00:00,2026-07-08 12:00:00,93.12,94.73,0.9818514675459742,3394,-5783.121449999998,-0.5784734440735608,-1.7039249999999995
ROSN,-1,2026-07-08 12:00:00,2026-07-08 12:00:00,319.0,319.0,5.115552440260022,651,-207.669,-0.02078628546478715,-0.319
GAZP,1,2026-07-08 13:00:00,2026-07-09 10:00:00,95.06,94.98,1.044453561302397,3191,-558.4888199999946,-0.055856959238332726,-0.1750199999999983
NVTK,-1,2026-07-08 13:00:00,2026-07-08 15:00:00,935.5,943.7,15.509328363002801,214,-1955.87440000001,-0.19643231879729844,-9.139600000000046
SNGS,-1,2026-07-08 13:00:00,2026-07-08 15:00:00,15.725,15.985,0.2513374406181269,13262,-3658.389009999997,-0.3658494589605321,-0.2758549999999998
SBER,1,2026-07-08 15:00:00,2026-07-09 11:00:00,297.07,297.24,2.280012515577376,1346,-171.15062999997858,-0.018589810235871175,-0.1271549999999841
ROSN,1,2026-07-09 07:00:00,2026-07-09 13:00:00,324.9,320.8,5.409153562220594,616,-2724.475599999979,-0.2725534256653811,-4.422849999999966
TATN,1,2026-07-09 07:00:00,2026-07-09 13:00:00,484.1,482.4,9.344396878468856,356,-777.2370000000162,-0.07788089584217896,-2.1832500000000454
NVTK,1,2026-07-09 07:00:00,2026-07-09 13:00:00,943.7,958.8,16.616178722127245,200,2829.749999999982,0.28383481418140305,14.14874999999991
SNGS,1,2026-07-09 07:00:00,2026-07-10 07:00:00,15.955,15.445,0.2708248385707089,12308,-6470.315599999998,-0.6470356790689348,-0.5256999999999998
MTSS,-1,2026-07-09 08:00:00,2026-07-15 10:00:00,176.95,166.7,2.8966135985911605,1150,11589.901249999999,1.1597652059289474,10.078175
GAZP,-1,2026-07-09 11:00:00,2026-07-10 14:00:00,94.78,92.87,0.9895503608066591,3368,6116.8773999999885,0.6117845949479155,1.8161749999999965
SBER,-1,2026-07-09 12:00:00,2026-07-10 11:00:00,297.27,292.19,2.044515315459218,1345,6436.188149999978,0.7801800201441494,4.785269999999984
GMKN,-1,2026-07-09 12:00:00,2026-07-10 11:00:00,112.3,109.7,1.8078455460026808,1843,4587.226999999989,0.45892563582167567,2.488999999999994
ROSN,-1,2026-07-09 14:00:00,2026-07-10 11:00:00,314.2,311.2,4.924497979448717,676,1816.6148,0.1819000983257475,2.6873
TATN,-1,2026-07-09 14:00:00,2026-07-10 11:00:00,470.0,464.6,8.162209600615787,408,2012.5415999999907,0.2014446349441062,4.932699999999977
PLZL,-1,2026-07-09 15:00:00,2026-07-12 09:00:00,1348.2,1138.8,37.737938713273586,88,18317.772000000008,1.838613935095375,208.15650000000008
SNGS,-1,2026-07-10 08:00:00,2026-07-11 14:00:00,15.49,15.16,0.21646942401479094,15398,4845.365650000002,0.484556500965696,0.3146750000000001
SBER,1,2026-07-10 12:00:00,2026-07-10 13:00:00,292.84,292.0,1.936195591186373,1365,-1545.7532999999657,-0.1949561991833863,-1.132419999999975
ROSN,1,2026-07-10 12:00:00,2026-07-11 07:00:00,312.55,309.5,4.512473594274068,738,-2480.4364500000083,-0.24827661442457757,-3.3610250000000113
TATN,1,2026-07-10 12:00:00,2026-07-10 13:00:00,467.6,463.9,7.60182245987955,438,-1824.5985000000198,-0.18266453086242565,-4.165750000000045
NVTK,1,2026-07-10 12:00:00,2026-07-10 15:00:00,923.6,915.6,13.206240881770883,252,-2247.7392000000004,-0.22513598128472959,-8.9196
SBER,-1,2026-07-10 14:00:00,2026-07-11 14:00:00,291.83,291.21,1.8417196679106993,1370,450.0176000000062,0.059451682707796286,0.32848000000000455
TATN,-1,2026-07-10 14:00:00,2026-07-11 10:00:00,461.1,464.5,7.480653039385939,445,-1718.94599999999,-0.1721240101927902,-3.8627999999999774
GMKN,-1,2026-07-11 07:00:00,2026-07-12 09:00:00,109.9,109.7,1.5776682233648602,2112,190.502400000006,0.019057661313949294,0.09020000000000283
NVTK,-1,2026-07-11 07:00:00,2026-07-12 07:00:00,907.7,914.5,12.533588760523168,265,-2043.441499999988,-0.20507826734849416,-7.711099999999955
ROSN,-1,2026-07-11 08:00:00,2026-07-11 15:00:00,309.2,309.8,4.0720653192100045,818,-743.9710000000186,-0.07445034470259669,-0.9095000000000227
LKOH,1,2026-07-11 11:00:00,2026-07-12 13:00:00,4393.0,4457.0,42.050890074665936,79,4706.425,0.4722452556431671,59.575
GAZP,-1,2026-07-11 13:00:00,2026-07-13 10:00:00,92.57,92.03,0.6885492906066034,4321,1934.5116999999657,0.2167358755127871,0.44769999999999205
ROSN,1,2026-07-12 07:00:00,2026-07-12 12:00:00,314.1,318.15,2.665448520915362,1250,4667.343749999944,0.46694767887415767,3.7338749999999545
GMKN,1,2026-07-12 10:00:00,2026-07-13 07:00:00,109.58,107.88,0.9782456380224743,3407,-6162.34311000001,-0.6163175960782046,-1.8087300000000028
ROSN,-1,2026-07-12 13:00:00,2026-07-13 07:00:00,316.3,319.15,2.5616902369270753,1264,-4004.004399999957,-0.41219204340644916,-3.167724999999966
TATN,-1,2026-07-12 14:00:00,2026-07-13 07:00:00,473.5,474.2,3.967449406260734,840,-986.0339999999906,-0.09862339585625834,-1.1738499999999887
NVTK,-1,2026-07-12 14:00:00,2026-07-12 14:00:00,921.6,921.6,6.401731010065124,434,-399.97440000000006,-0.047987020934963494,-0.9216000000000001
SNGS,-1,2026-07-12 14:00:00,2026-07-12 14:00:00,15.395,15.395,0.1003146807133969,25982,-399.99289000000005,-0.051155689577760274,-0.015395
SBER,-1,2026-07-12 15:00:00,2026-07-13 07:00:00,292.41,293.73,0.8710213600950293,1367,-2205.066689999991,-0.6173097752061273,-1.6130699999999933
SBER,1,2026-07-13 08:00:00,2026-07-13 14:00:00,296.3,296.27,1.0494010706941814,1349,-440.1584650000398,-0.10364165780270301,-0.3262850000000295
LKOH,1,2026-07-13 08:00:00,2026-07-13 14:00:00,4554.5,4508.0,32.722529836398316,87,-4439.71875,-0.5198380672800376,-51.03125
ROSN,1,2026-07-13 08:00:00,2026-07-13 14:00:00,325.9,326.25,2.7910397973988466,1194,28.566450000027142,0.002857358038190643,0.023925000000022734
TATN,1,2026-07-13 08:00:00,2026-07-13 15:00:00,487.8,478.0,4.769856539925229,698,-7177.4642000000085,-0.7186030239364534,-10.282900000000012
GMKN,-1,2026-07-13 08:00:00,2026-07-13 10:00:00,110.7,110.24,0.9723862878861246,3427,1197.8393100000271,0.11981863735787998,0.34953000000000795
NVTK,1,2026-07-13 08:00:00,2026-07-13 14:00:00,952.9,953.6,7.509694981455212,419,-106.11174999998096,-0.01124102468543848,-0.25324999999995457
SNGS,1,2026-07-13 08:00:00,2026-07-13 14:00:00,15.685,15.675,0.11397279647497553,25502,-654.8913599999945,-0.075105641563155,-0.025679999999999786
GAZP,1,2026-07-13 11:00:00,2026-07-14 09:00:00,94.69,94.55,0.7129372587256211,4224,-991.0348800000024,-0.10969642238429461,-0.23462000000000058
GMKN,1,2026-07-13 11:00:00,2026-07-13 14:00:00,111.3,110.74,1.0814040358913317,3082,-2068.083640000007,-0.20683604453998045,-0.6710200000000023
PLZL,-1,2026-07-13 12:00:00,2026-07-13 12:00:00,1219.6,1219.6,19.897736780187522,167,-203.6732,-0.020431134345797797,-1.2196
LKOH,-1,2026-07-13 15:00:00,2026-07-14 07:00:00,4440.0,4488.0,37.68858819285855,88,-4616.832,-0.4640131360323475,-52.464
GMKN,-1,2026-07-13 15:00:00,2026-07-14 13:00:00,109.6,107.64,1.1294705505282268,2951,5463.422379999982,0.5463857967594189,1.8513799999999938
SNGS,-1,2026-07-13 15:00:00,2026-07-14 07:00:00,15.475,15.655,0.13021662459059818,25598,-5006.072869999993,-0.5006145224412454,-0.1955649999999997
TATN,-1,2026-07-14 07:00:00,2026-07-14 08:00:00,483.0,484.4,5.463629672206874,610,-1149.0569999999861,-0.11492360164783469,-1.8836999999999773
LKOH,1,2026-07-14 08:00:00,2026-07-14 11:00:00,4506.5,4490.0,37.792711247923954,88,-1847.846,-0.18520546516892622,-20.99825
ROSN,1,2026-07-14 08:00:00,2026-07-14 14:00:00,334.55,325.52450871505647,3.0084970949811782,1107,-10356.570093006283,-1.0365672342854186,-9.35552853930107
NVTK,1,2026-07-14 08:00:00,2026-07-15 07:00:00,989.8,948.7,9.5238028053082,350,-14724.237499999968,-1.4724247887112254,-42.06924999999991
SNGS,1,2026-07-14 08:00:00,2026-07-15 08:00:00,15.68,15.48,0.13720208957046467,24295,-5237.5160999999825,-0.5237529561318647,-0.2155799999999993
SBER,1,2026-07-14 09:00:00,2026-07-14 12:00:00,295.51,294.58,1.3407254746213215,1353,-1657.4858850000091,-0.3045726668605821,-1.2250450000000068
TATN,1,2026-07-14 09:00:00,2026-07-15 07:00:00,490.4,468.6,5.59363987042327,595,-13256.302499999974,-1.3276685971987725,-22.279499999999956
LKOH,-1,2026-07-14 12:00:00,2026-07-15 11:00:00,4446.5,4373.5,38.633268064138804,86,5898.740000000001,0.5918042785139408,68.59
SBER,-1,2026-07-14 13:00:00,2026-07-16 12:00:00,294.12,281.44,1.311659732420334,1359,16841.02698000001,3.1492466360751754,12.392220000000007
GAZP,1,2026-07-14 13:00:00,2026-07-14 14:00:00,94.48,94.4,0.7317237927512407,4233,-738.4045199999928,-0.07946532180952853,-0.1744399999999983
PLZL,1,2026-07-14 13:00:00,2026-07-15 07:00:00,1184.0,1156.8,19.053876669139566,174,-4936.449600000008,-0.4963189467535829,-28.370400000000046
GMKN,1,2026-07-14 14:00:00,2026-07-15 08:00:00,108.56,108.68,1.2208997245136497,2730,31.06740000001239,0.0031069982711691866,0.01138000000000454
GAZP,-1,2026-07-14 15:00:00,2026-07-16 14:00:00,93.22,85.61,0.7779659233416306,4284,32218.186139999998,3.2223283712721447,7.520585
ROSN,-1,2026-07-15 08:00:00,2026-07-16 11:00:00,314.75,304.0,3.3613899750632394,991,10346.659375000001,1.0353479837661084,10.440625
TATN,-1,2026-07-15 08:00:00,2026-07-17 07:00:00,466.1,442.0,5.766671274065009,578,13667.359100000014,1.3668168270283976,23.645950000000024
NVTK,-1,2026-07-15 08:00:00,2026-07-15 11:00:00,942.2,935.5,9.761686893030681,341,1964.5521500000154,0.19672658571997415,5.761150000000045
PLZL,-1,2026-07-15 08:00:00,2026-07-16 08:00:00,1155.8,1156.0,17.25257631058138,193,-261.6887000000088,-0.026197053618564836,-1.3559000000000456
GMKN,-1,2026-07-15 09:00:00,2026-07-15 11:00:00,107.1,107.32,1.2216117511410431,2728,-892.628879999997,-0.08928368599771826,-0.3272099999999989
SNGS,-1,2026-07-15 09:00:00,2026-07-18 14:00:00,15.295,13.145,0.13644784359643386,24429,52174.96962000001,5.217573601033248,2.1357800000000005
LKOH,1,2026-07-15 12:00:00,2026-07-15 15:00:00,4408.5,4357.5,39.5038863679048,84,-4652.1720000000005,-0.46732110932251886,-55.383
GMKN,1,2026-07-15 12:00:00,2026-07-15 13:00:00,107.84,106.86,1.2994537234901142,2565,-2789.0527500000103,-0.27892490009303417,-1.087350000000004
NVTK,1,2026-07-15 12:00:00,2026-07-16 07:00:00,947.1,921.3,12.250383677422155,272,-7271.702400000018,-0.727438440677088,-26.73420000000007
GMKN,-1,2026-07-15 14:00:00,2026-07-16 11:00:00,104.8,103.16,1.4050391799481086,2372,3643.4394400000015,0.3644073944511473,1.5360200000000006
LKOH,-1,2026-07-16 07:00:00,2026-07-17 07:00:00,4316.0,4207.0,38.8592383005448,85,8902.772500000001,0.8984435840793067,104.7385
NVTK,-1,2026-07-16 08:00:00,2026-07-18 10:00:00,914.4,878.9,11.669657930365892,285,9861.954749999999,0.988413719478952,34.60335
MTSS,-1,2026-07-16 08:00:00,2026-07-18 13:00:00,168.85,159.3,1.879472657441135,1773,16641.245024999967,1.6646380325246362,9.385924999999983
PLZL,1,2026-07-16 09:00:00,2026-07-16 13:00:00,1168.4,1149.4,16.028487799819914,207,-4172.8922999999995,-0.4192306484089429,-20.1589
GMKN,1,2026-07-16 12:00:00,2026-07-16 15:00:00,102.72,101.52,1.6312182092783862,2043,-2660.2311600000057,-0.26608334650212756,-1.3021200000000028
PLZL,-1,2026-07-16 14:00:00,2026-07-18 14:00:00,1135.0,939.6,17.008552836352646,195,37900.7265,3.8091169360508546,194.3627
SBER,-1,2026-07-17 07:00:00,2026-07-17 10:00:00,279.83,280.22,2.1266790156654585,1429,-957.4657250000616,-0.10501898265864784,-0.6700250000000432
ROSN,-1,2026-07-17 07:00:00,2026-07-18 07:00:00,302.2,298.0,3.7702452925672465,884,3447.51159999999,0.3447963105290387,3.8998999999999886
GMKN,-1,2026-07-17 07:00:00,2026-07-17 12:00:00,101.2,101.04,1.5510001893794254,2149,126.53311999999266,0.01265420004527427,0.05887999999999659
GAZP,-1,2026-07-17 08:00:00,2026-07-19 10:00:00,84.28,79.72,1.2260717355157722,2718,12171.204000000007,1.2174382814874585,4.478000000000002
LKOH,-1,2026-07-17 09:00:00,2026-07-18 12:00:00,4146.0,4039.5,48.7317329766656,68,6963.693,0.7004829895203061,102.40725
TATN,-1,2026-07-17 09:00:00,2026-07-18 13:00:00,434.3,415.8,5.645444430680308,590,10664.220500000001,1.0672292336437523,18.07495
SBER,1,2026-07-17 11:00:00,2026-07-17 14:00:00,281.24,280.14,2.2184589589343235,1422,-1963.3411800000322,-0.20745481819554926,-1.3806900000000226
GMKN,1,2026-07-17 13:00:00,2026-07-17 15:00:00,101.82,100.08,1.6247172034370132,2051,-3775.7884499999896,-0.37769649924420723,-1.840949999999995
SBER,-1,2026-07-17 15:00:00,2026-07-19 10:00:00,278.0,249.34,2.1740752896221167,1438,40833.92253999999,4.353778996760757,28.396329999999995
GMKN,-1,2026-07-18 07:00:00,2026-07-18 14:00:00,96.62,98.0,1.6410727754923908,2031,-3000.4166099999907,-0.30006997497043564,-1.4773099999999955
ROSN,1,2026-07-18 08:00:00,2026-07-20 07:00:00,300.65,304.25,3.8533436356699013,865,2852.38075000002,0.28525442765040304,3.297550000000023
TATN,-1,2026-07-20 07:00:00,2026-07-20 07:00:00,420.5,420.5,3.3149686437970005,951,-399.89549999999997,-0.04228295399684935,-0.4205
GAZP,-1,2026-07-20 08:00:00,2026-07-20 10:00:00,79.34,79.66,0.6691638420369271,4981,-1989.909499999966,-0.19900457601131968,-0.3994999999999932
LKOH,-1,2026-07-20 08:00:00,2026-07-20 09:00:00,4050.5,4095.5,33.715348479424065,98,-4809.154,-0.48516973439113315,-49.073
ROSN,-1,2026-07-20 08:00:00,2026-07-20 12:00:00,299.9,303.9,2.749018525086011,1212,-5213.9028,-0.5216285934711192,-4.3019
TATN,1,2026-07-20 08:00:00,2026-07-20 08:00:00,415.9,415.9,3.892470883525785,856,-356.0104,-0.035615766304142475,-0.4159
GMKN,-1,2026-07-20 08:00:00,2026-07-20 09:00:00,99.68,100.66,0.8918728580142782,3737,-4036.595289999962,-0.40370851453907464,-1.0801699999999899
PLZL,-1,2026-07-20 08:00:00,2026-07-20 10:00:00,943.0,957.2,12.760593017108137,261,-3954.176100000012,-0.39575224494369227,-15.150100000000046
MTSS,-1,2026-07-20 08:00:00,2026-07-20 11:00:00,158.35,160.15,1.167597824511188,2526,-4949.065500000029,-0.5593392858596229,-1.9592500000000115
SNGS,-1,2026-07-20 08:00:00,2026-07-20 11:00:00,13.175,13.28,0.1096716225398922,30360,-3589.386899999959,-0.359337864745563,-0.11822749999999865
SBER,-1,2026-07-20 09:00:00,2026-07-20 11:00:00,247.76,248.0,1.169278136720491,1614,-787.4383200000146,-0.13908296200833237,-0.4878800000000091
TATN,-1,2026-07-20 09:00:00,2026-07-20 11:00:00,419.6,418.4,4.257294391845372,782,610.7420000000355,0.061149948622769325,0.7810000000000454
NVTK,-1,2026-07-20 09:00:00,2026-07-20 12:00:00,898.0,907.4,8.56774742509374,389,-4007.750299999991,-0.40083270000174537,-10.302699999999977
LKOH,1,2026-07-20 10:00:00,2026-07-21 10:00:00,4109.5,4242.5,38.239254556238095,87,11207.688000000002,1.1229647081686687,128.824
GMKN,1,2026-07-20 10:00:00,2026-07-22 07:00:00,100.46,109.02,1.0164618010429232,3279,27724.79754000001,2.772775127514098,8.455260000000003
GAZP,1,2026-07-20 11:00:00,2026-07-21 12:00:00,78.95,84.85,0.8056461227970586,4137,24069.479699999963,2.407219015631244,5.818099999999991
PLZL,1,2026-07-20 11:00:00,2026-07-22 15:00:00,954.0,1278.4,14.500445648172954,229,74031.99020000003,7.431583089326951,323.2838000000001
SBER,1,2026-07-20 12:00:00,2026-07-21 09:00:00,251.36,260.84,1.5055590620899835,1591,14675.22489999994,2.042187125535403,9.223899999999961
TATN,1,2026-07-20 12:00:00,2026-07-23 07:00:00,423.9,482.0,4.745180677435963,702,40468.22910000002,4.049515632714844,57.64705000000002
MTSS,1,2026-07-20 12:00:00,2026-07-22 08:00:00,161.5,172.65,1.2635675621060007,2476,27193.722300000012,2.8973322122152436,10.982925000000005
SNGS,1,2026-07-20 12:00:00,2026-07-21 10:00:00,13.395,14.045,0.12276515543944848,27152,17276.274560000013,1.7276346254287474,0.6362800000000004
ROSN,1,2026-07-20 13:00:00,2026-07-21 10:00:00,306.7,313.4,3.1873177568028965,1045,6677.497749999988,0.6682682731544947,6.389949999999988
NVTK,1,2026-07-20 13:00:00,2026-07-22 15:00:00,921.0,987.4,10.296648120785676,323,21138.993399999992,2.11867652567718,65.44579999999998
SBER,1,2026-07-21 14:00:00,2026-07-22 14:00:00,264.99,264.67,2.8617428712035764,1164,-680.7421199999922,-0.06812049233876238,-0.5848299999999933
SNGS,1,2026-07-21 14:00:00,2026-07-22 14:00:00,14.46,14.81,0.17799789227766208,18726,6280.044989999993,0.6280317811794792,0.33536499999999964
LKOH,1,2026-07-21 15:00:00,2026-07-22 15:00:00,4372.0,4540.0,59.111917803042445,56,9158.464,0.9222280158174946,163.544
GAZP,1,2026-07-22 08:00:00,2026-07-23 10:00:00,85.96,91.11,1.2739611665305703,2616,13240.792440000014,1.3243378560703691,5.061465000000005
ROSN,1,2026-07-22 08:00:00,2026-07-24 07:00:00,328.05,340.45,5.498291121584688,606,7311.844499999986,0.7314848518802117,12.065749999999976
GMKN,1,2026-07-22 10:00:00,2026-07-22 15:00:00,112.78,112.1,1.767625425961888,1885,-1493.7494000000129,-0.14943588318375106,-0.7924400000000068
MTSS,1,2026-07-22 11:00:00,2026-07-23 08:00:00,176.0,172.2,2.2736495531939016,1466,-5826.030600000017,-0.5826315661264228,-3.9741000000000115
SBER,-1,2026-07-22 15:00:00,2026-07-23 10:00:00,262.67,262.74,2.624273769130301,1270,-422.53534999999135,-0.0422599455785506,-0.3327049999999932
MTSS,-1,2026-07-23 09:00:00,2026-07-24 09:00:00,172.2,170.35,2.027631250078069,1643,2758.1451749999906,0.2759747365199925,1.6787249999999942
SBER,1,2026-07-23 11:00:00,2026-07-24 07:00:00,263.65,262.16,2.366201769652712,1408,-2468.0902399999327,-0.24693653523571185,-1.7529049999999522
LKOH,1,2026-07-23 11:00:00,2026-07-24 07:00:00,4523.5,4615.0,78.2921721460966,42,3651.0915,0.3701125651820527,86.93075
TATN,1,2026-07-23 11:00:00,2026-07-24 07:00:00,489.5,489.0,7.999623917800979,416,-411.52799999999996,-0.04122068779586393,-0.98925
GMKN,1,2026-07-23 13:00:00,2026-07-24 07:00:00,109.6,107.02,1.7264921249762544,1930,-5188.438299999996,-0.5190312312288464,-2.688309999999998
NVTK,1,2026-07-23 13:00:00,2026-07-24 07:00:00,990.3,991.4,14.190942229656299,234,25.541100000005343,0.002563841973601082,0.10915000000002284
GAZP,1,2026-07-23 14:00:00,2026-07-24 09:00:00,90.33,89.69,1.4153332208797675,2355,-1719.1735500000013,-0.17192888789497177,-0.7300100000000006
PLZL,1,2026-07-23 14:00:00,2026-07-24 07:00:00,1245.2,1167.6,30.849178892252223,108,-8511.091200000015,-0.8515234746360612,-78.80640000000014
SNGS,1,2026-07-23 15:00:00,2026-07-24 07:00:00,14.575,14.185,0.20417205289028525,16326,-6601.907879999981,-0.6601948279658336,-0.4043799999999988
SBER,-1,2026-07-24 08:00:00,2026-07-24 10:00:00,259.6,262.04,2.207797165399789,1509,-4075.537379999996,-0.40776994709580144,-2.7008199999999976
LKOH,-1,2026-07-24 08:00:00,2026-07-24 10:00:00,4538.0,4579.5,76.45149317890618,43,-1980.5262500000001,-0.2008190556950784,-46.05875
GMKN,-1,2026-07-24 08:00:00,2026-07-24 12:00:00,105.94,106.96,1.757824385189681,1896,-2135.7491999999925,-0.21360685202510424,-1.126449999999996
NVTK,-1,2026-07-24 08:00:00,2026-07-24 10:00:00,984.4,992.3,14.500005232747133,229,-2035.4321499999949,-0.20432981131910977,-8.888349999999978
PLZL,-1,2026-07-24 08:00:00,2026-07-25 07:00:00,1166.6,1239.4,27.95111006788561,119,-8806.357000000022,-0.8825290518607563,-74.00300000000018
SNGS,-1,2026-07-24 08:00:00,2026-07-24 13:00:00,13.895,14.13,0.21053610682886836,15832,-3942.3659000000193,-0.39425145604186546,-0.24901250000000122
GAZP,-1,2026-07-24 10:00:00,2026-07-24 12:00:00,88.61,89.58,1.2601884214540653,2645,-2801.3062749999967,-0.2801419697693473,-1.0590949999999988
MTSS,1,2026-07-24 10:00:00,2026-07-25 15:00:00,171.1,183.0,1.9092723558605746,1745,20456.547750000012,2.0466697629624924,11.722950000000006
SBER,1,2026-07-24 11:00:00,2026-07-26 08:00:00,264.49,269.77,2.578921418507049,1292,6476.628039999965,0.6479284923826734,5.012869999999973
LKOH,1,2026-07-24 11:00:00,2026-07-24 15:00:00,4641.0,4683.5,80.2235533943356,41,1551.34775,0.15721795906168223,37.83775
TATN,1,2026-07-24 11:00:00,2026-07-25 14:00:00,492.0,513.3,8.724727773563336,382,7944.587699999983,0.7945749345906122,20.797349999999955
NVTK,1,2026-07-24 11:00:00,2026-07-27 07:00:00,1007.2,982.4,16.447635384965544,202,-5210.549600000014,-0.522766128104116,-25.79480000000007
GAZP,1,2026-07-24 13:00:00,2026-07-26 11:00:00,90.31,92.88,1.2770896362735362,2610,6468.637049999982,0.6468888138585209,2.4784049999999933
GMKN,1,2026-07-24 13:00:00,2026-07-25 15:00:00,108.76,112.28,2.0190611974367694,1650,5625.6419999999935,0.5628820635927869,3.409479999999996
SNGS,1,2026-07-24 14:00:00,2026-07-26 07:00:00,14.305,14.535,0.2441175704939246,13654,2943.529320000006,0.2943663573851131,0.21558000000000044
ROSN,1,2026-07-24 15:00:00,2026-07-26 15:00:00,355.3,342.5,6.3654395173214935,523,-6876.874700000006,-0.6885568003183187,-13.148900000000012
LKOH,-1,2026-07-25 07:00:00,2026-07-27 10:00:00,4725.0,4559.5,83.83127530649999,39,6273.45225,0.6396091411464254,160.85775
PLZL,1,2026-07-25 08:00:00,2026-07-28 08:00:00,1260.4,1355.0,29.01696837382019,114,10635.32219999999,1.0716982192181785,93.29229999999991
GMKN,1,2026-07-26 14:00:00,2026-07-28 07:00:00,111.78,112.42,0.9597706252027113,3473,1833.396700000002,0.1833424174963693,0.5279000000000006
MTSS,1,2026-07-26 14:00:00,2026-07-28 07:00:00,181.15,188.5,1.3954754210476885,2208,15820.706399999988,1.7115254275661262,7.165174999999994
SBER,1,2026-07-26 15:00:00,2026-07-27 07:00:00,269.12,268.16,1.1415971884185967,1486,-1825.7590399999697,-0.35874883962703735,-1.2286399999999795
ROSN,-1,2026-07-27 07:00:00,2026-07-27 10:00:00,333.5,337.0,3.2005064100006204,1041,-3992.49525,-0.39944199538922937,-3.83525
NVTK,-1,2026-07-27 08:00:00,2026-07-29 14:00:00,995.6,1006.2,8.28802247100414,401,-4651.960900000009,-0.4665728984441532,-11.600900000000022
SNGS,1,2026-07-27 08:00:00,2026-07-28 08:00:00,14.525,14.79,0.13489260650730228,24711,6186.21351749997,0.6186217477789063,0.2503424999999988
GAZP,1,2026-07-27 09:00:00,2026-07-27 09:00:00,92.37,92.37,0.7213383418180498,4330,-399.9621,-0.042684546508920305,-0.09237000000000001
GAZP,-1,2026-07-27 10:00:00,2026-07-27 13:00:00,90.9,92.17,0.8005284602596175,4163,-5668.070204999983,-0.5669317488760027,-1.361534999999996
TATN,1,2026-07-27 10:00:00,2026-07-28 13:00:00,496.3,499.4,4.67647568512665,712,1852.7307999999757,0.18547799491228004,2.6021499999999658
LKOH,1,2026-07-27 11:00:00,2026-07-28 07:00:00,4644.5,4618.5,48.95773761539552,68,-2082.942,-0.2085574313137613,-30.6315
ROSN,1,2026-07-27 11:00:00,2026-07-28 08:00:00,341.95,336.35,3.818211515410971,873,-5184.87794999997,-0.5184931894621793,-5.939149999999966
GAZP,1,2026-07-27 14:00:00,2026-07-28 11:00:00,93.29,92.44,0.9677156224873733,3444,-3247.2270600000293,-0.3247734417322967,-0.9428650000000085
SBER,-1,2026-07-27 15:00:00,2026-07-28 07:00:00,271.45,275.0,1.7836811423631482,1473,-5631.610425000017,-0.7144821476583589,-3.8232250000000114
SBER,1,2026-07-28 08:00:00,2026-07-30 11:00:00,273.28,275.52,1.9752148625478168,1463,2875.6728000000135,0.33171074824480856,1.9656000000000091
LKOH,-1,2026-07-28 08:00:00,2026-07-28 10:00:00,4590.0,4617.5,47.743153700524125,69,-2215.15875,-0.22414208468768415,-32.10375
GMKN,-1,2026-07-28 08:00:00,2026-07-28 11:00:00,111.72,112.74,1.183463389866774,2816,-3188.359679999989,-0.3189029785217817,-1.132229999999996
ROSN,-1,2026-07-28 09:00:00,2026-07-29 07:00:00,337.2,342.5,3.7122239721237276,897,-5058.94545000001,-0.5064214912993255,-5.639850000000012
PLZL,-1,2026-07-28 09:00:00,2026-07-30 07:00:00,1335.6,1313.6,21.71532007299621,153,3163.3362,0.3173704083952326,20.6754
LKOH,1,2026-07-28 11:00:00,2026-07-28 13:00:00,4655.5,4644.5,49.09847255103919,67,-1048.55,-0.10624906225430537,-15.65
GAZP,-1,2026-07-28 12:00:00,2026-07-30 07:00:00,92.88,92.42,0.9920167490952071,3360,1234.295999999979,0.12343541589563017,0.36734999999999374
GMKN,1,2026-07-28 12:00:00,2026-07-29 14:00:00,114.0,113.78,1.2620756423881951,2641,-881.8034899999969,-0.08818541688678999,-0.33388999999999885
LKOH,-1,2026-07-28 14:00:00,2026-07-29 08:00:00,4609.0,4638.5,47.075380537402715,70,-2388.6625,-0.2416248833994216,-34.12375
TATN,-1,2026-07-28 14:00:00,2026-07-29 07:00:00,496.2,499.5,5.303812291614109,628,-2385.049800000007,-0.23868680307589413,-3.7978500000000115
ROSN,1,2026-07-29 08:00:00,2026-07-30 09:00:00,343.65,352.25,3.684754456800889,904,7459.85320000002,0.7465038350809104,8.252050000000022
TATN,1,2026-07-29 08:00:00,2026-07-30 13:00:00,503.0,523.5,5.3789634127828725,619,12371.79825,1.2385750726929008,19.98675
MTSS,1,2026-07-29 08:00:00,2026-07-29 11:00:00,186.45,186.2,1.6184441691003446,2059,-898.3931749999999,-0.0898651120894175,-0.43632499999999996
SNGS,1,2026-07-29 08:00:00,2026-07-29 12:00:00,14.875,14.91,0.14879132460240732,22402,450.44821500000313,0.045046309103774225,0.02010750000000014
LKOH,1,2026-07-29 09:00:00,2026-07-30 11:00:00,4652.0,4740.0,43.847288721594104,76,6331.104,0.6332888716634536,83.304
MTSS,-1,2026-07-29 12:00:00,2026-07-30 07:00:00,184.35,185.4,1.5488906683068266,2152,-2657.451000000024,-0.2657547162124571,-1.2348750000000113
SNGS,-1,2026-07-29 13:00:00,2026-07-29 15:00:00,14.925,15.015,0.1557613127818796,21400,-2246.357999999997,-0.22463857921509822,-0.10496999999999986
NVTK,1,2026-07-29 15:00:00,2026-07-30 11:00:00,1019.5,1022.1,9.004258986973928,370,584.3040000000084,0.058461223823251605,1.5792000000000228
SNGS,1,2026-07-30 07:00:00,2026-07-30 09:00:00,15.2,15.145,0.15240801901668696,21871,-1534.7427474999938,-0.15347508276957664,-0.07017249999999972
GAZP,1,2026-07-30 08:00:00,2026-07-30 13:00:00,92.41,93.85,0.7880960013705408,4229,5695.913229999991,0.569672560050941,1.3468699999999978
PLZL,1,2026-07-30 08:00:00,2026-07-30 15:00:00,1321.8,1295.4,22.539742212375373,147,-4073.1641999999797,-0.4097739855662079,-27.708599999999862
MTSS,1,2026-07-30 08:00:00,2026-07-30 13:00:00,186.6,186.4,1.4894307671424951,2143,-828.2694999999757,-0.08649836983057566,-0.38649999999998863
SNGS,-1,2026-07-30 10:00:00,2026-07-31 10:00:00,15.06,14.905,0.15241268869521185,21870,3062.1827250000247,0.30622450400657897,0.14001750000000113
GMKN,-1,2026-07-30 11:00:00,2026-07-31 11:00:00,115.32,114.56,1.0546510878722444,3160,2038.389599999971,0.20387785351248172,0.6450599999999909
GAZP,-1,2026-07-30 14:00:00,2026-07-31 13:00:00,93.38,92.07,0.8555116971722206,3896,4742.503400000009,0.47428730042442896,1.2172750000000023
MTSS,-1,2026-07-30 14:00:00,2026-07-31 11:00:00,185.45,183.55,1.3427785499292775,2156,3698.6179999999513,0.4258582573898306,1.7154999999999774
PLZL,-1,2026-07-31 07:00:00,2026-07-31 15:00:00,1278.8,1270.8,19.54362427692044,170,1143.284,0.11470407441165624,6.7252
SBER,1,2026-07-31 10:00:00,2026-08-04 12:00:00,275.25,282.85,1.4248895370006434,1453,10637.340350000033,1.7126356838885066,7.320950000000023
LKOH,1,2026-07-31 10:00:00,2026-08-03 10:00:00,4611.5,4592.0,50.42188969572279,66,-1590.7155,-0.15933390666530636,-24.10175
ROSN,1,2026-07-31 10:00:00,2026-08-03 07:00:00,344.8,342.05,4.106399733553312,811,-2508.767675,-0.2511060134358641,-3.093425
TATN,1,2026-07-31 10:00:00,2026-08-03 07:00:00,519.1,520.9,5.2172159510891225,638,816.639999999971,0.08178052637011939,1.2799999999999545
NVTK,1,2026-07-31 11:00:00,2026-07-31 13:00:00,1003.9,991.0,10.277393059991915,324,-4502.773799999993,-0.450744980394568,-13.897449999999978
SNGS,1,2026-07-31 11:00:00,2026-07-31 12:00:00,14.955,14.95,0.152733382850515,21824,-435.4433600000171,-0.04354538090630111,-0.019952500000000782
GMKN,1,2026-07-31 12:00:00,2026-07-31 12:00:00,114.76,114.76,1.066510008261306,3125,-358.625,-0.03586776780060077,-0.11476
MTSS,1,2026-07-31 12:00:00,2026-07-31 12:00:00,184.45,184.45,1.3617079081013463,2168,-399.8876,-0.045151631247453534,-0.18445
GMKN,-1,2026-07-31 13:00:00,2026-07-31 14:00:00,112.84,112.22,1.1431878648140699,2915,1479.2750500000132,0.14796926373442576,0.5074700000000045
MTSS,-1,2026-07-31 13:00:00,2026-08-03 07:00:00,181.85,184.0,1.4537287718083916,2199,-5130.1020750000125,-0.5349289920837897,-2.3329250000000057
SNGS,-1,2026-07-31 13:00:00,2026-07-31 15:00:00,14.74,14.83,0.15758643725376031,21152,-2216.412319999997,-0.22164555492227067,-0.10478499999999986
GAZP,1,2026-07-31 14:00:00,2026-08-04 09:00:00,92.2,93.31,0.8773550114307179,3799,3864.513754999998,0.3864817117915816,1.0172449999999995
NVTK,-1,2026-07-31 14:00:00,2026-08-03 07:00:00,996.0,1005.0,10.463350055685945,318,-3180.159,-0.3185882133598813,-10.0005
GMKN,1,2026-07-31 15:00:00,2026-08-03 14:00:00,120.46,120.72,1.756524230375397,1897,264.4607700000097,0.026455655547700775,0.1394100000000051
PLZL,1,2026-08-03 07:00:00,2026-08-03 13:00:00,1307.0,1304.0,17.722462521768723,188,-809.4340000000001,-0.08098009319550449,-4.3055
SNGS,1,2026-08-03 07:00:00,2026-08-04 07:00:00,15.35,15.36,0.1535887035883787,21702,-116.21421000000464,-0.011621948478606297,-0.005355000000000214
ROSN,-1,2026-08-03 08:00:00,2026-08-03 13:00:00,343.45,346.0,3.8156217958532674,873,-2527.09492500001,-0.25288364124085305,-2.8947250000000113
TATN,-1,2026-08-03 08:00:00,2026-08-03 09:00:00,522.0,526.0,4.69117903622279,710,-3212.04,-0.3214543696490852,-4.524
NVTK,1,2026-08-03 08:00:00,2026-08-04 07:00:00,1010.0,1018.0,9.944489822282078,335,2340.31,0.23416652923199235,6.986
MTSS,1,2026-08-03 08:00:00,2026-08-04 07:00:00,185.6,188.05,1.4669551085906758,2155,4877.142125000038,0.5142568182549411,2.2631750000000173
TATN,1,2026-08-03 10:00:00,2026-08-04 07:00:00,527.2,525.1,4.749026822049238,701,-1840.9311500000163,-0.18432899331480446,-2.626150000000023
LKOH,-1,2026-08-03 11:00:00,2026-08-04 09:00:00,4588.5,4589.5,43.52171612622622,76,-424.764,-0.042806216432199805,-5.589
ROSN,1,2026-08-03 14:00:00,2026-08-04 10:00:00,345.05,347.85,3.4653118963533385,961,2357.861550000011,0.2360105019293225,2.4535500000000114
NVTK,-1,2026-08-04 08:00:00,2026-08-04 13:00:00,1017.4,1010.4,9.072991729444363,367,2196.8987,0.21992378326447176,5.9861
MTSS,-1,2026-08-04 08:00:00,2026-08-04 13:00:00,186.3,187.8,1.3944734535343375,2147,-3622.09635,-0.4032704950923992,-1.68705
SNGS,-1,2026-08-04 08:00:00,2026-08-04 13:00:00,15.345,15.205,0.144606710330427,23051,2875.035975000013,0.2875039471197507,0.12472500000000057
GAZP,-1,2026-08-04 10:00:00,2026-08-05 07:00:00,93.16,93.33,0.7629362204823268,4293,-1130.1107850000074,-0.11501398279119528,-0.2632450000000017
LKOH,1,2026-08-04 10:00:00,2026-08-04 11:00:00,4602.5,4578.5,36.27793102925942,86,-2458.783,-0.26269873711872527,-28.5905
TATN,1,2026-08-04 10:00:00,2026-08-04 11:00:00,530.4,525.3,4.175228877298949,754,-4243.398900000017,-0.4493047100243287,-5.627850000000023
ROSN,-1,2026-08-04 11:00:00,2026-08-04 15:00:00,345.55,344.15,3.1053659547049595,1073,1132.1759500000364,0.11326093986887112,1.055150000000034
LKOH,-1,2026-08-04 12:00:00,2026-08-04 15:00:00,4535.5,4568.5,38.24219563237165,87,-3267.024,-0.32731732910067357,-37.552
TATN,-1,2026-08-04 12:00:00,2026-08-04 15:00:00,519.8,526.5,4.496498368691441,741,-5352.354150000034,-0.5354648148949221,-7.223150000000046
PLZL,1,2026-08-04 13:00:00,2026-08-06 08:00:00,1289.0,1373.4,13.004632393511633,256,21265.612800000024,2.1292105122337124,83.0688000000001
GMKN,1,2026-08-04 14:00:00,2026-08-06 07:00:00,120.78,127.18,1.2772062855769615,2609,16374.136180000014,1.6379551919615174,6.276020000000005
NVTK,1,2026-08-04 14:00:00,2026-08-05 14:00:00,1015.8,1038.0,8.869679769989496,375,7939.912500000017,0.7957108016322864,21.173100000000044
MTSS,1,2026-08-04 14:00:00,2026-08-06 10:00:00,189.45,195.3,1.2666596143216031,2111,11943.246375000048,1.488856973631423,5.6576250000000226
SNGS,1,2026-08-04 14:00:00,2026-08-07 12:00:00,15.245,16.92,0.14227016988607233,23429,38866.77810750006,3.886777533497095,1.6589175000000025
LKOH,1,2026-08-05 07:00:00,2026-08-05 13:00:00,4587.5,4597.0,38.89213737651412,85,417.15875,0.042062914949347864,4.90775
ROSN,1,2026-08-05 07:00:00,2026-08-05 11:00:00,345.9,347.65,3.2487257753842638,1026,1439.70885,0.14397696174012764,1.403225
TATN,1,2026-08-05 07:00:00,2026-08-05 08:00:00,524.9,521.9,4.625426642758124,720,-2536.848,-0.2539153157915692,-3.5234
SBER,1,2026-08-05 08:00:00,2026-08-06 08:00:00,285.94,286.87,1.2419165631806415,1398,899.7458100000096,0.1727424152531127,0.6435950000000068
GAZP,1,2026-08-05 08:00:00,2026-08-05 15:00:00,92.9,94.73,0.7338888271928706,4305,7474.276424999993,0.78857765902633,1.7361849999999983
TATN,-1,2026-08-05 09:00:00,2026-08-05 15:00:00,520.5,524.2,4.664270931765941,714,-3014.757900000033,-0.3017513391888537,-4.222350000000046
ROSN,-1,2026-08-05 12:00:00,2026-08-05 12:00:00,347.15,347.15,3.0824469330482605,1081,-375.26914999999997,-0.037540521923027356,-0.34714999999999996
ROSN,1,2026-08-05 13:00:00,2026-08-06 08:00:00,351.45,353.45,3.276557866401957,1017,1675.55835,0.16760983804519247,1.64755
LKOH,-1,2026-08-05 14:00:00,2026-08-06 07:00:00,4580.5,4599.0,33.558070214955876,87,-2008.8082500000003,-0.22935118986380765,-23.089750000000002
TATN,1,2026-08-06 07:00:00,2026-08-06 09:00:00,522.8,521.4,4.0634227447227325,765,-1470.4064999999825,-0.15767495538880008,-1.9220999999999773
LKOH,1,2026-08-06 08:00:00,2026-08-06 09:00:00,4673.5,4634.0,36.20629747166839,85,-3753.0687500000004,-0.40650156725314185,-44.15375
NVTK,1,2026-08-06 08:00:00,2026-08-06 08:00:00,1050.8,1050.8,8.59482965575269,380,-399.304,-0.040753183099123576,-1.0508
SBER,-1,2026-08-06 09:00:00,2026-08-06 13:00:00,282.7,284.52,1.3575125822912322,1414,-2974.5045399999904,-0.5165354210933563,-2.103609999999993
GAZP,1,2026-08-06 09:00:00,2026-08-06 11:00:00,94.74,96.15,0.8180142675097924,4074,5355.497070000044,0.5356691409966857,1.3145550000000108
ROSN,-1,2026-08-06 09:00:00,2026-08-06 13:00:00,348.2,349.25,3.4903808678861146,955,-1335.782375000011,-0.13357902312507267,-1.3987250000000113
NVTK,-1,2026-08-06 09:00:00,2026-08-07 07:00:00,1035.3,1027.8,9.28091325177036,359,2322.17355,0.2323208871269978,6.46845
LKOH,-1,2026-08-06 10:00:00,2026-08-07 07:00:00,4601.5,4629.5,41.36665445261204,80,-2609.24,-0.26281635479580934,-32.6155
TATN,-1,2026-08-06 10:00:00,2026-08-06 14:00:00,522.1,527.2,4.577164639269631,728,-4094.7452000000167,-0.4096167564626892,-5.624650000000023
MTSS,-1,2026-08-06 11:00:00,2026-08-06 14:00:00,193.55,195.05,1.4590116600291105,2066,-3500.4238000000005,-0.3870885217294277,-1.6943000000000001
GAZP,-1,2026-08-06 12:00:00,2026-08-07 10:00:00,94.7,93.07,0.907386058935502,3673,5642.150395000035,0.5643004190895695,1.5361150000000097
SBER,1,2026-08-06 14:00:00,2026-08-07 07:00:00,285.02,284.13,1.308070036325374,1403,-1647.928724999981,-0.2993150130553148,-1.1745749999999864
ROSN,1,2026-08-06 14:00:00,2026-08-07 12:00:00,348.55,355.5,3.4885515216502765,955,6301.0661249999885,0.6304407391866738,6.597974999999988
TATN,1,2026-08-06 15:00:00,2026-08-07 10:00:00,531.8,539.1,4.615267058384039,722,4884.005100000049,0.4885632773739255,6.764550000000068
GMKN,1,2026-08-06 15:00:00,2026-08-07 10:00:00,125.14,124.94,1.3895910071484951,2398,-779.4459200000068,-0.07797018411122275,-0.3250400000000028
PLZL,1,2026-08-06 15:00:00,2026-08-07 11:00:00,1349.8,1341.6,16.978895668627267,196,-1870.9572000000092,-0.18740323647075394,-9.545700000000046
MTSS,1,2026-08-06 15:00:00,2026-08-07 08:00:00,195.45,194.8,1.40003076900488,2046,-1729.1257499999535,-0.20121581580207673,-0.8451249999999773
SBER,-1,2026-08-07 08:00:00,2026-08-07 14:00:00,284.11,282.5,1.3270079700462298,1407,1866.6598650000194,0.33325471786824684,1.3266950000000137
LKOH,1,2026-08-07 08:00:00,2026-08-07 11:00:00,4718.5,4660.0,42.50317798137943,78,-4928.7615000000005,-0.49556490440693723,-63.18925
NVTK,1,2026-08-07 08:00:00,2026-08-07 09:00:00,1032.6,1025.7,9.01257768671587,369,-2925.8563499999495,-0.2932623819593467,-7.929149999999863
MTSS,-1,2026-08-07 09:00:00,2026-08-07 14:00:00,193.0,192.7,1.4035231776617094,2072,222.01480000002357,0.025447863800991843,0.10715000000001138
NVTK,-1,2026-08-07 10:00:00,2026-08-08 11:00:00,1016.5,1008.6,9.204722597219309,362,2493.2568999999917,0.24941725754562244,6.887449999999977
GAZP,1,2026-08-07 11:00:00,2026-08-07 13:00:00,94.17,92.86,0.9573815628639576,3481,-4885.635715000008,-0.48866444840844836,-1.4035150000000023
TATN,-1,2026-08-07 11:00:00,2026-08-09 07:00:00,533.1,542.2,5.236922398235457,636,-6129.545400000014,-0.6134423532956021,-9.637650000000022
GMKN,-1,2026-08-07 11:00:00,2026-08-08 12:00:00,124.32,122.98,1.3216202955189533,2522,3067.634699999973,0.30678251641163745,1.2163499999999892
LKOH,-1,2026-08-07 12:00:00,2026-08-08 13:00:00,4642.0,4633.0,42.50700922340114,78,340.275,0.034210044254680536,4.3625
PLZL,-1,2026-08-07 12:00:00,2026-08-08 14:00:00,1331.4,1327.4,15.469445211948136,215,574.179,0.057545696552351866,2.6706
ROSN,-1,2026-08-07 13:00:00,2026-08-08 14:00:00,351.3,348.1,3.9363404229645,846,2411.3537999999903,0.24136631945172715,2.8502999999999887
GAZP,-1,2026-08-07 14:00:00,2026-08-09 09:00:00,92.16,93.55,0.9758955151647642,3415,-5063.9498250000015,-0.5064937714326395,-1.4828550000000005
MTSS,1,2026-08-07 15:00:00,2026-08-09 13:00:00,192.4,194.2,1.388005310771626,2079,3340.3292999999644,0.3858534708119571,1.606699999999983
LKOH,1,2026-08-08 14:00:00,2026-08-10 07:00:00,4632.0,4677.0,27.53095716031196,86,3469.713,0.48848646713188276,40.3455
ROSN,1,2026-08-08 15:00:00,2026-08-10 10:00:00,352.6,352.8,2.9318283241546053,1134,-173.16180000001296,-0.017361180250784588,-0.15270000000001144
SNGS,1,2026-08-08 15:00:00,2026-08-10 07:00:00,16.92,16.98,0.1280966967717242,23640,1017.7019999999696,0.11202474663005643,0.043049999999998714
TATN,1,2026-08-09 08:00:00,2026-08-12 09:00:00,543.7,566.4,3.4727856095168614,735,16276.538249999949,2.1255703144389964,22.14494999999993
GAZP,1,2026-08-09 10:00:00,2026-08-10 07:00:00,93.5,93.74,0.5624107647074353,4278,626.2136399999781,0.08675746695338202,0.14637999999999488
NVTK,-1,2026-08-09 12:00:00,2026-08-09 12:00:00,1025.7,1025.7,5.982819492798594,389,-398.9973,-0.05714696898536526,-1.0257
SBER,-1,2026-08-09 13:00:00,2026-08-10 07:00:00,283.82,284.42,0.6913563647372168,1409,-1245.725080000032,-0.42627316634119894,-0.8841200000000227
PLZL,-1,2026-08-09 15:00:00,2026-08-09 15:00:00,1340.2,1340.2,7.7469715537261905,298,-399.37960000000004,-0.057665544559597694,-1.3402
PLZL,1,2026-08-10 07:00:00,2026-08-10 09:00:00,1343.4,1348.4,7.57933072846004,297,1085.2676999999999,0.1607046026847296,3.6540999999999997
MTSS,1,2026-08-10 07:00:00,2026-08-12 08:00:00,194.55,196.0,0.851190394342931,2056,2579.7145999999766,0.49136088640840564,1.2547249999999885
GAZP,-1,2026-08-10 08:00:00,2026-08-10 15:00:00,93.04,92.21,0.4830115332303877,4299,3169.975125000054,0.5088732871921563,0.7373750000000125
SNGS,-1,2026-08-10 08:00:00,2026-08-10 12:00:00,16.875,16.835,0.0880688235440543,23703,548.6059349999797,0.08760194231663003,0.023144999999999145
SBER,1,2026-08-10 09:00:00,2026-08-12 07:00:00,283.76,286.98,0.7101443013557831,1409,4134.893670000039,1.3774806023683415,2.9346300000000274
GMKN,-1,2026-08-10 10:00:00,2026-08-10 14:00:00,124.92,124.96,0.7195309044411656,3202,-528.1378799999745,-0.07641089446004878,-0.16493999999999204
PLZL,-1,2026-08-10 10:00:00,2026-08-10 15:00:00,1338.6,1322.6,8.891249858027242,298,4371.4812,0.5499564266080508,14.6694
ROSN,-1,2026-08-10 11:00:00,2026-08-10 14:00:00,350.85,351.15,2.0753855452256333,1140,-742.1399999999481,-0.10455888569677442,-0.6509999999999545
SNGS,1,2026-08-10 13:00:00,2026-08-11 09:00:00,16.965,16.94,0.09369976553694613,23577,-989.1140924999665,-0.14924441471683503,-0.04195249999999858
NVTK,1,2026-08-10 14:00:00,2026-08-11 11:00:00,1027.4,1039.0,5.353302732162444,389,4110.485199999965,0.657961419873565,10.566799999999908
ROSN,1,2026-08-10 15:00:00,2026-08-11 10:00:00,350.5,355.55,2.1105629570280424,1141,5359.248475000013,0.741820246640733,4.696975000000012
GMKN,1,2026-08-10 15:00:00,2026-08-11 08:00:00,125.02,125.26,0.7461646711613336,3199,367.4371400000291,0.05131128308055671,0.1148600000000091
GAZP,1,2026-08-11 07:00:00,2026-08-11 13:00:00,93.4,93.81,0.573838268558986,4282,1354.8033899999855,0.18378871849178163,0.3163949999999966
LKOH,1,2026-08-11 07:00:00,2026-08-11 11:00:00,4706.0,4696.0,22.531975178904222,84,-1234.884,-0.2174835226128474,-14.701
PLZL,1,2026-08-11 07:00:00,2026-08-11 09:00:00,1341.0,1325.4,9.726880678434194,298,-5046.093599999974,-0.5802888085709086,-16.93319999999991
GMKN,-1,2026-08-11 09:00:00,2026-08-11 11:00:00,124.86,125.0,0.7739226612760371,3203,-848.5707900000018,-0.11410700890240817,-0.26493000000000055
PLZL,-1,2026-08-11 10:00:00,2026-08-12 07:00:00,1325.4,1327.8,10.287229172929994,301,-1121.7065999999588,-0.1207516600552365,-3.7265999999998636
SNGS,-1,2026-08-11 10:00:00,2026-08-12 11:00:00,16.98,17.11,0.1161705451161427,23557,-3463.939064999977,-0.4219227855993653,-0.147044999999999
ROSN,-1,2026-08-11 11:00:00,2026-08-13 15:00:00,353.05,333.15,2.6791745106276608,1132,22138.410800000038,2.433199719095362,19.556900000000034
LKOH,-1,2026-08-11 12:00:00,2026-08-13 07:00:00,4692.0,4673.0,25.20598310990377,85,1216.9875,0.18933996659407507,14.317499999999999
GMKN,1,2026-08-11 12:00:00,2026-08-12 10:00:00,125.46,124.72,0.8095656293088392,3188,-2757.906919999984,-0.35619512846601425,-0.8650899999999949
NVTK,-1,2026-08-11 12:00:00,2026-08-12 13:00:00,1039.7,1029.8,5.809699708827076,384,3404.256000000035,0.5086464845753563,8.86525000000009
GAZP,-1,2026-08-11 14:00:00,2026-08-12 07:00:00,93.33,93.48,0.6089622243268183,4285,-1042.9904250000245,-0.1332348654133566,-0.2434050000000057
GAZP,1,2026-08-12 08:00:00,2026-08-12 10:00:00,93.99,93.89,0.5945772619701237,4255,-825.2146999999758,-0.10872710882427444,-0.1939399999999943
PLZL,1,2026-08-12 08:00:00,2026-08-12 08:00:00,1322.6,1322.6,9.255979036997886,302,-399.4252,-0.04763047376235835,-1.3226
PLZL,-1,2026-08-12 09:00:00,2026-08-14 07:00:00,1315.6,1168.4,9.45198053435518,304,44371.231999999945,5.147351551331323,145.95799999999983
GAZP,-1,2026-08-12 11:00:00,2026-08-13 10:00:00,93.23,92.06,0.6290219550103361,4290,4621.852950000007,0.5709154195220941,1.0773550000000016
TATN,1,2026-08-12 11:00:00,2026-08-12 13:00:00,575.6,570.5,4.520326945929004,694,-3937.096700000016,-0.41833625958620524,-5.673050000000023
GMKN,-1,2026-08-12 11:00:00,2026-08-13 10:00:00,123.66,120.04,0.8297263411559798,3234,11313.01709999997,1.4053428728988513,3.4981499999999905
SNGS,1,2026-08-12 12:00:00,2026-08-13 07:00:00,17.055,16.815,0.11302037822531846,23453,-6025.896554999963,-0.757783696576,-0.2569349999999984
TATN,-1,2026-08-12 14:00:00,2026-08-18 08:00:00,568.7,509.4,4.574037281416188,703,41308.94785000005,4.282208938898055,58.760950000000065
NVTK,1,2026-08-12 14:00:00,2026-08-12 14:00:00,1025.6,1025.6,6.010216189588671,390,-399.9839999999999,-0.05688092672254829,-1.0255999999999998
NVTK,-1,2026-08-12 15:00:00,2026-08-17 13:00:00,1018.4,922.3,6.473772176046615,392,37290.82280000001,4.898208103563176,95.12965000000003
LKOH,1,2026-08-13 08:00:00,2026-08-13 08:00:00,4616.0,4616.0,29.488337017062538,86,-396.976,-0.052178821266738895,-4.616
SNGS,-1,2026-08-13 08:00:00,2026-08-17 10:00:00,16.455,15.48,0.1357598123036779,24308,23312.16200999995,2.354728505994987,0.9590324999999978
LKOH,-1,2026-08-13 09:00:00,2026-08-13 15:00:00,4571.0,4568.0,30.98917008727236,87,-136.54649999999998,-0.016882241931400987,-1.5694999999999997
GMKN,1,2026-08-13 11:00:00,2026-08-13 14:00:00,123.2,122.42,1.1898508514199662,2801,-2528.770810000003,-0.2529196548521436,-0.9028100000000011
SBER,1,2026-08-13 12:00:00,2026-08-13 12:00:00,280.5,280.5,1.1844309516806986,1426,-399.99300000000005,-0.07894086174236178,-0.2805
GAZP,-1,2026-08-13 12:00:00,2026-08-14 10:00:00,90.49,89.09,0.6885658816318099,4420,5791.128199999962,0.6342699781052987,1.3102099999999914
MTSS,1,2026-08-13 12:00:00,2026-08-13 12:00:00,189.85,189.85,1.0857932481188435,2106,-399.8241,-0.05828304186176591,-0.18985
GMKN,-1,2026-08-13 15:00:00,2026-08-17 07:00:00,121.62,113.98,1.2510852292639956,2664,20039.1408,2.0041800041673303,7.522200000000001
LKOH,-1,2026-08-14 09:00:00,2026-08-17 14:00:00,4482.5,4218.5,36.07715032340494,89,23108.8055,2.399020780673588,259.6495
MTSS,-1,2026-08-14 09:00:00,2026-08-17 09:00:00,186.7,180.35,1.2367878010224347,2142,13208.589449999987,1.661959848704377,6.166474999999994
SBER,-1,2026-08-14 10:00:00,2026-08-17 07:00:00,275.84,270.99,1.4524729525817015,1450,6636.048249999951,1.0502972400427617,4.576584999999966
ROSN,-1,2026-08-14 10:00:00,2026-08-17 13:00:00,325.2,311.65,3.730178595313738,893,11815.79647500001,1.1823897669513712,13.231575000000012
PLZL,-1,2026-08-14 10:00:00,2026-08-17 07:00:00,1127.8,1120.4,20.069356498409704,166,1041.7993999999774,0.1042368581589743,6.275899999999863
GAZP,-1,2026-08-14 12:00:00,2026-08-18 08:00:00,87.99,83.41,0.7438693923555526,4481,20138.95829999999,2.01392880980905,4.494299999999998
SBER,-1,2026-08-17 09:00:00,2026-08-18 08:00:00,270.01,270.97,2.243174212549842,1481,-1822.355690000054,-0.182849522359259,-1.2304900000000365
GMKN,-1,2026-08-17 15:00:00,2026-08-18 09:00:00,114.4,115.64,1.7214549148926401,1936,-2623.3187199999898,-0.26237883398851636,-1.3550199999999948
MTSS,-1,2026-08-17 15:00:00,2026-08-18 07:00:00,178.5,179.85,1.694508480287932,1967,-3007.887224999989,-0.300809943372715,-1.5291749999999944
NVTK,-1,2026-08-18 07:00:00,2026-08-18 08:00:00,915.1,911.5,11.035635041441276,302,811.3834000000069,0.08115225479128489,2.6867000000000227
PLZL,-1,2026-08-18 07:00:00,2026-08-19 12:00:00,1115.6,1090.6,20.43537064861458,163,3895.1947,0.38979637170776565,23.8969
SNGS,-1,2026-08-18 07:00:00,2026-08-18 09:00:00,15.475,15.68,0.20622265409918308,16163,-3565.194132500001,-0.356536160658523,-0.22057750000000007
MTSS,1,2026-08-18 08:00:00,2026-08-18 12:00:00,179.95,182.9,1.7174588426972488,1940,5371.035500000034,0.5373394170447782,2.768575000000017
SBER,1,2026-08-18 09:00:00,2026-08-18 14:00:00,273.99,276.0,2.3135566370243894,1440,2498.407199999987,0.2499765904775212,1.7350049999999908
GMKN,1,2026-08-18 10:00:00,2026-08-18 13:00:00,116.8,115.54,1.8235077526095569,1827,-2514.2625899999834,-0.2515609449298297,-1.376169999999991
SNGS,1,2026-08-18 10:00:00,2026-08-19 13:00:00,15.725,15.815,0.21418592239646697,15562,1155.1672599999977,0.11552268728255796,0.07422999999999985
GAZP,-1,2026-08-18 11:00:00,2026-08-18 11:00:00,83.2,83.2,0.9703332477306698,3435,-285.79200000000003,-0.028581246080347778,-0.08320000000000001
GAZP,1,2026-08-18 12:00:00,2026-08-19 10:00:00,84.58,85.02,1.045309444321337,3188,1132.3775999999928,0.11326789463465525,0.35519999999999774
ROSN,-1,2026-08-18 13:00:00,2026-08-19 15:00:00,312.2,315.1,4.123474356230942,808,-2596.6292000000276,-0.2597849711488985,-3.213650000000034
TATN,-1,2026-08-18 13:00:00,2026-08-19 07:00:00,512.8,518.6,6.834759036736862,487,-3075.745900000033,-0.30801866196272865,-6.315700000000068
MTSS,-1,2026-08-18 13:00:00,2026-08-19 07:00:00,181.85,184.45,2.006518389067038,1661,-4622.812149999991,-0.4623514400473654,-2.7831499999999942
LKOH,-1,2026-08-18 14:00:00,2026-08-19 07:00:00,4229.5,4274.5,48.29214285309735,69,-3398.3880000000004,-0.33995868403011575,-49.252
GMKN,-1,2026-08-18 14:00:00,2026-08-19 07:00:00,115.48,117.58,1.7310804071814232,1925,-4266.820249999989,-0.4268105226471424,-2.2165299999999943
SBER,-1,2026-08-18 15:00:00,2026-08-19 14:00:00,274.88,276.53,2.349559612650639,1418,-2730.6496899999674,-0.273200842919879,-1.9257049999999771
LKOH,1,2026-08-19 08:00:00,2026-08-20 10:00:00,4263.0,4299.5,46.49647880767307,71,2287.53125,0.23097627193999548,32.21875
TATN,1,2026-08-19 08:00:00,2026-08-20 07:00:00,516.5,526.0,6.666838110376966,499,4480.39625,0.4489259551702894,8.97875
GMKN,1,2026-08-19 08:00:00,2026-08-19 11:00:00,116.8,115.0,1.6264299032717162,2049,-3925.679099999994,-0.3926596111204433,-1.915899999999997
MTSS,1,2026-08-19 08:00:00,2026-08-20 10:00:00,183.75,184.55,1.9499771373944093,1709,1052.4876500000194,0.10527473855803253,0.6158500000000113
GAZP,-1,2026-08-19 11:00:00,2026-08-20 07:00:00,84.81,84.89,0.9545051277262986,3492,-575.656199999994,-0.057569098796665844,-0.16484999999999828
NVTK,-1,2026-08-19 11:00:00,2026-08-19 14:00:00,937.0,940.0,11.171511155872516,298,-1173.673,-0.11751618156360322,-3.9385
PLZL,1,2026-08-19 13:00:00,2026-08-20 10:00:00,1118.2,1171.2,19.156150319998922,174,9022.8222,0.9023263918509997,51.8553
SNGS,-1,2026-08-19 14:00:00,2026-08-20 07:00:00,15.74,15.77,0.17699030966869758,18833,-861.7039149999879,-0.08617232601725795,-0.04575499999999936
SBER,1,2026-08-19 15:00:00,2026-08-20 10:00:00,277.37,275.2,1.8675933040803792,1442,-3527.542970000023,-0.4366198634101782,-2.446285000000016
NVTK,1,2026-08-19 15:00:00,2026-08-20 10:00:00,954.2,953.4,10.960616152719576,304,-533.1552000000207,-0.05333641757493444,-1.7538000000000682
ROSN,1,2026-08-20 07:00:00,2026-08-20 10:00:00,317.85,322.1,3.3203772875634776,1003,3941.815075,0.39453598789510724,3.930025
GAZP,1,2026-08-20 08:00:00,2026-08-20 13:00:00,84.97,85.74,0.886709854505702,3759,2573.580554999985,0.2573728022084716,0.6846449999999961
SNGS,1,2026-08-20 08:00:00,2026-08-20 09:00:00,15.87,15.735,0.17407715391476974,19148,-2887.5662699999957,-0.28876563563654933,-0.15080249999999978
GMKN,-1,2026-08-20 10:00:00,2026-08-21 07:00:00,121.9,120.56,1.7629427303639842,1890,2303.4753000000064,0.2304423505480467,1.2187700000000035
SNGS,-1,2026-08-20 10:00:00,2026-08-21 09:00:00,15.71,15.205,0.17249509699793916,19324,9459.919270000015,0.9460027338358676,0.48954250000000077
SBER,-1,2026-08-20 11:00:00,2026-08-21 08:00:00,273.77,269.24,1.8335641039669384,1461,6221.66119499996,0.7741743690674474,4.258494999999972
LKOH,-1,2026-08-20 11:00:00,2026-08-21 08:00:00,4242.5,4139.5,44.82908774154068,74,7311.866,0.7347089800984957,98.809
ROSN,-1,2026-08-20 11:00:00,2026-08-21 08:00:00,316.65,312.0,3.7433841553024902,890,3858.7507499999797,0.3860744556373773,4.335674999999977
PLZL,-1,2026-08-20 11:00:00,2026-08-20 15:00:00,1152.8,1151.6,20.39740105602605,163,7.79140000000743,0.0007811452689283327,0.047800000000045584
MTSS,-1,2026-08-20 11:00:00,2026-08-21 09:00:00,182.85,181.55,1.7619402547935124,1891,2113.759799999968,0.21147141566594188,1.117799999999983
TATN,1,2026-08-20 13:00:00,2026-08-21 07:00:00,527.0,520.5,6.929900655968571,481,-3378.42375,-0.3378475560084015,-7.02375
GAZP,-1,2026-08-20 14:00:00,2026-08-21 11:00:00,84.56,82.42,0.9718815921879925,3429,7051.772790000003,0.7053362661083673,2.0565100000000007
PLZL,1,2026-08-21 07:00:00,2026-08-21 13:00:00,1172.8,1163.8,19.63600997779028,169,-1718.4427,-0.17261313969421604,-10.1683
TATN,-1,2026-08-21 08:00:00,2026-08-21 09:00:00,514.7,525.1,6.8835275050790825,484,-5285.231599999989,-0.5287937999784083,-10.919899999999977
GMKN,1,2026-08-21 08:00:00,2026-08-21 08:00:00,119.68,119.68,1.6935751370741923,1968,-235.53024000000002,-0.023555691424623038,-0.11968000000000001
SBER,1,2026-08-21 09:00:00,2026-08-22 09:00:00,271.79,272.38,1.9777820098680963,1471,467.65296499996316,0.05358106512139114,0.31791499999997497
LKOH,1,2026-08-21 09:00:00,2026-08-21 13:00:00,4216.0,4214.5,47.97043642761897,69,-394.35225,-0.039713696084626035,-5.71525
ROSN,1,2026-08-21 09:00:00,2026-08-21 13:00:00,316.7,316.2,3.749000140025032,889,-725.82405,-0.07259268867303452,-0.81645
GMKN,-1,2026-08-21 09:00:00,2026-08-21 09:00:00,120.66,120.66,1.726891198711751,1930,-232.87380000000002,-0.023290407658573885,-0.12066
NVTK,1,2026-08-21 09:00:00,2026-08-21 13:00:00,933.1,933.6,11.892550570312595,280,-121.33800000000001,-0.01214625905065234,-0.43335
TATN,1,2026-08-21 10:00:00,2026-08-22 11:00:00,529.7,530.5,7.489878307950828,445,120.10549999997976,0.012011766141934242,0.2698999999999545
GMKN,1,2026-08-21 10:00:00,2026-08-21 13:00:00,121.86,121.48,1.7449703988037681,1910,-958.1896999999913,-0.09583161608240956,-0.5016699999999954
MTSS,1,2026-08-21 10:00:00,2026-08-21 11:00:00,182.0,180.05,1.6745512076772282,1990,-4240.739749999977,-0.4241982349718517,-2.1310249999999886
GAZP,1,2026-08-21 12:00:00,2026-08-22 12:00:00,83.83,84.1,0.9736311436853025,3423,636.7978049999863,0.0636911288929648,0.186034999999996
LKOH,-1,2026-08-21 14:00:00,2026-08-24 15:00:00,4201.5,4157.5,46.51597223723732,71,2827.2555,0.28535359708926383,39.8205
ROSN,-1,2026-08-21 14:00:00,2026-08-24 15:00:00,315.05,308.1,3.518556366005081,947,6286.588474999989,0.6288966562288499,6.638424999999988
GMKN,-1,2026-08-21 14:00:00,2026-08-22 07:00:00,121.44,124.6,1.6162911172489174,2062,-6769.587239999993,-0.6770686223052877,-3.2830199999999965
NVTK,-1,2026-08-21 14:00:00,2026-08-21 15:00:00,929.5,933.9,11.505207054544003,289,-1540.8612999999934,-0.154472085978792,-5.3316999999999775
MTSS,-1,2026-08-21 14:00:00,2026-08-23 07:00:00,180.55,180.7,1.6226469971488255,2054,-679.1037499999534,-0.06791885944815741,-0.3306249999999773
SNGS,-1,2026-08-21 14:00:00,2026-08-24 14:00:00,15.115,14.585,0.18943119038065082,17596,9064.579399999988,0.9064857076683724,0.5151499999999993
NVTK,1,2026-08-22 07:00:00,2026-08-22 11:00:00,941.4,937.8,11.10908159294866,300,-1361.8800000000067,-0.13621288018628747,-4.539600000000022
GMKN,1,2026-08-22 08:00:00,2026-08-23 14:00:00,123.4,121.96,1.5034153005086999,2217,-3464.461560000026,-0.34647334848666655,-1.5626800000000118
SBER,-1,2026-08-22 10:00:00,2026-08-23 10:00:00,272.42,271.17,1.5676588176194863,1468,1436.00494,0.2079970014320291,0.978205
GAZP,-1,2026-08-22 13:00:00,2026-08-24 13:00:00,83.93,82.13,0.7962834396411648,4186,7187.2364200000475,0.7187432324239312,1.7169700000000114
PLZL,1,2026-08-22 13:00:00,2026-08-23 13:00:00,1168.4,1159.0,12.90928573147356,258,-2725.4346000000237,-0.272767479671505,-10.563700000000091
MTSS,1,2026-08-23 08:00:00,2026-08-23 15:00:00,179.7,179.75,1.1202923952079078,2225,-288.6381249999747,-0.03859855413785786,-0.12972499999998863
SBER,1,2026-08-23 11:00:00,2026-08-23 14:00:00,271.55,271.53,1.135463073551362,1473,-429.43842000005685,-0.0855862266802435,-0.2915400000000386
NVTK,1,2026-08-23 13:00:00,2026-08-24 07:00:00,935.0,923.3,5.462129318847055,427,-5392.64705000002,-0.7707098131384534,-12.629150000000045
PLZL,-1,2026-08-23 14:00:00,2026-08-24 07:00:00,1155.4,1155.6,8.327588958824604,346,-469.00299999993706,-0.05425740097972447,-1.355499999999818
SBER,-1,2026-08-23 15:00:00,2026-08-24 14:00:00,271.0,267.55,0.9613393076765014,1476,4694.750099999983,1.1028797618077246,3.1807249999999887
GMKN,-1,2026-08-23 15:00:00,2026-08-24 14:00:00,121.6,119.2,0.7471788641196723,3289,7497.604399999972,1.0169809441303461,2.2795999999999914
TATN,1,2026-08-24 07:00:00,2026-08-24 07:00:00,526.1,526.1,2.3393270830500903,760,-399.836,-0.0749645776075135,-0.5261
MTSS,-1,2026-08-24 07:00:00,2026-08-24 12:00:00,178.2,176.6,0.7874455632389252,2244,3192.314399999987,0.6022003578882534,1.4225999999999943
TATN,-1,2026-08-24 08:00:00,2026-08-24 15:00:00,520.4,516.1,3.0793751485465073,768,2904.383999999965,0.4093633521489984,3.7817499999999544
NVTK,-1,2026-08-24 08:00:00,2026-08-24 15:00:00,920.7,927.3,5.708917520709876,434,-3265.4159999999606,-0.43931270523735155,-7.523999999999909
PLZL,1,2026-08-24 08:00:00,2026-08-24 08:00:00,1160.0,1160.0,9.064982850779032,344,-399.03999999999996,-0.04265498049270298,-1.16
PLZL,-1,2026-08-24 09:00:00,2026-08-24 15:00:00,1150.0,1141.4,9.688912647151971,344,2564.279199999969,0.2564546463732467,7.454299999999909
SBER,1,2026-08-24 15:00:00,2026-08-26 07:00:00,269.69,269.63,1.291976561804091,1483,-488.8857800000033,-0.0850531425378366,-0.32966000000000223
GMKN,1,2026-08-24 15:00:00,2026-08-26 07:00:00,121.34,122.08,1.1413906006087833,2920,1805.4067999999852,0.18056629041516484,0.6182899999999949
LKOH,1,2026-08-25 07:00:00,2026-08-25 08:00:00,4153.0,4138.5,30.13937516702033,96,-1789.992,-0.2062169492750788,-18.64575
TATN,1,2026-08-25 07:00:00,2026-08-25 08:00:00,514.2,512.4,4.592935647879832,725,-1677.1425000000495,-0.16788826561416642,-2.3133000000000683
NVTK,1,2026-08-25 07:00:00,2026-08-26 10:00:00,942.2,950.0,7.462152976013269,424,2906.0535999999806,0.3061627576755879,6.853899999999954
PLZL,1,2026-08-25 07:00:00,2026-08-25 08:00:00,1135.6,1132.6,12.920311156256934,257,-1062.4637,-0.10665635809134454,-4.1341
LKOH,-1,2026-08-25 09:00:00,2026-08-25 12:00:00,4137.0,4144.5,33.35486940421651,96,-1117.5120000000002,-0.11633233975455125,-11.64075
TATN,-1,2026-08-25 09:00:00,2026-08-25 13:00:00,513.2,516.2,5.102072063733113,653,-2295.0991,-0.22962566032621815,-3.5147
PLZL,-1,2026-08-25 09:00:00,2026-08-25 14:00:00,1111.0,1088.8,14.428227476568486,231,4874.12310000001,0.4874726766048639,21.100100000000044
ROSN,-1,2026-08-25 10:00:00,2026-08-25 12:00:00,307.25,307.85,2.3499692997566313,1301,-1180.7225500000295,-0.12873217820249977,-0.9075500000000227
GAZP,-1,2026-08-25 12:00:00,2026-08-26 07:00:00,83.41,85.04,0.6700804905318013,4795,-8219.708875000046,-0.8527458139839965,-1.7142250000000097
LKOH,1,2026-08-25 13:00:00,2026-08-26 10:00:00,4162.0,4223.0,33.484405587615264,96,5453.5199999999995,0.5655120047983486,56.8075
ROSN,1,2026-08-25 13:00:00,2026-08-26 07:00:00,308.7,307.15,2.275522066896981,1295,-2406.012875000015,-0.2721609877323044,-1.8579250000000114
TATN,1,2026-08-25 14:00:00,2026-08-26 10:00:00,515.2,523.5,4.889851964136331,681,5298.622649999969,0.530394379834374,7.780649999999954
MTSS,-1,2026-08-25 14:00:00,2026-08-25 14:00:00,181.65,181.65,1.5681788727931485,2125,-386.00625,-0.03861166672405928,-0.18165
MTSS,1,2026-08-25 15:00:00,2026-08-26 10:00:00,186.6,183.4,1.8918803818793517,1761,-5960.98499999998,-0.596408390372159,-3.3849999999999887
SBER,-1,2026-08-26 08:00:00,2026-08-27 08:00:00,269.61,266.65,1.837953743786035,1483,3992.0432100000535,0.48820053444417366,2.691870000000036
GAZP,1,2026-08-26 08:00:00,2026-08-27 07:00:00,84.33,82.45,0.6716107417501331,4743,-9312.358769999979,-0.9744682338282481,-1.9633899999999955
GMKN,-1,2026-08-26 08:00:00,2026-08-27 10:00:00,120.2,118.76,1.7011109857240163,1959,2586.8986799999957,0.25875638745933366,1.3205199999999977
SNGS,-1,2026-08-26 08:00:00,2026-08-27 08:00:00,15.0,14.815,0.1857640754644794,17943,3051.969727500009,0.305212403734335,0.1700925000000005
LKOH,-1,2026-08-26 11:00:00,2026-08-27 07:00:00,4206.5,4189.5,40.606482204114684,82,1049.764,0.10508995366510525,12.802
ROSN,-1,2026-08-26 11:00:00,2026-08-27 08:00:00,307.2,308.15,2.921041955388946,1141,-1435.007174999987,-0.14351899301774151,-1.2576749999999886
TATN,-1,2026-08-26 11:00:00,2026-08-27 12:00:00,521.6,533.9,6.2735690710770085,531,-6811.535249999975,-0.6815764070216235,-12.827749999999954
NVTK,-1,2026-08-26 11:00:00,2026-08-27 08:00:00,950.1,922.2,10.092587361249969,330,8898.070499999993,0.8905496359148516,26.963849999999976
PLZL,-1,2026-08-26 11:00:00,2026-08-27 08:00:00,1094.6,1071.0,13.493238933834414,247,5561.748399999978,0.5562588323039779,22.51719999999991
GAZP,-1,2026-08-27 08:00:00,2026-08-27 11:00:00,82.53,82.87,0.708090513582729,4707,-1989.648900000016,-0.19898586027807197,-0.4227000000000034
LKOH,1,2026-08-27 08:00:00,2026-08-28 08:00:00,4221.0,4309.5,39.123330277079575,85,7159.953750000001,0.7176855804744634,84.23475
MTSS,1,2026-08-27 08:00:00,2026-08-28 07:00:00,182.2,181.05,1.9732266028286614,1689,-2249.1146249999615,-0.22494882207836053,-1.3316249999999772
SBER,1,2026-08-27 09:00:00,2026-08-28 08:00:00,268.13,269.6,1.6893281167289482,1491,1790.8922850000408,0.23700448087527032,1.2011350000000274
ROSN,1,2026-08-27 09:00:00,2026-08-27 15:00:00,309.05,310.3,2.746008604319202,1213,1140.614225,0.11414445904271885,0.940325
NVTK,1,2026-08-27 09:00:00,2026-08-27 15:00:00,931.0,938.0,11.784825708017243,282,1710.471,0.17156242980817915,6.0655
PLZL,1,2026-08-27 09:00:00,2026-08-28 09:00:00,1079.4,1065.2,14.278494797258341,233,-3558.4459000000106,-0.35653384610569566,-15.272300000000046
SNGS,1,2026-08-27 09:00:00,2026-08-28 07:00:00,14.945,15.06,0.18450266740647625,18066,1806.5548350000038,0.18066134473040177,0.09999750000000021
GMKN,1,2026-08-27 11:00:00,2026-08-28 08:00:00,120.08,119.32,1.5463206975534087,2155,-1895.7535000000112,-0.1896329356499524,-0.8797000000000051
GAZP,1,2026-08-27 12:00:00,2026-08-28 10:00:00,83.87,85.25,0.8197939181183962,4066,5267.259039999982,0.5267340044732663,1.2954399999999955
TATN,1,2026-08-27 13:00:00,2026-08-28 08:00:00,537.3,540.7,6.001081827399337,555,1587.8550000000505,0.15891579120159796,2.861000000000091
ROSN,-1,2026-08-28 07:00:00,2026-08-28 12:00:00,311.5,306.4,2.56893918676937,1284,6151.708200000029,0.6216638661170645,4.7910500000000225
NVTK,-1,2026-08-28 07:00:00,2026-08-28 12:00:00,938.2,930.0,10.513245404322754,317,2303.290300000014,0.23037288425426045,7.2659000000000455
MTSS,-1,2026-08-28 08:00:00,2026-08-28 13:00:00,179.55,178.75,1.6143516581726678,2064,1281.4344000000233,0.12819387829926507,0.6208500000000113
SNGS,-1,2026-08-28 08:00:00,2026-08-28 13:00:00,14.91,14.815,0.1681922793882732,19818,1588.1649750000126,0.1588212021214969,0.08013750000000064
SBER,-1,2026-08-28 09:00:00,2026-08-28 13:00:00,268.62,267.32,1.4883477642714158,1489,1536.692670000017,0.23113549686313098,1.0320300000000113
TATN,-1,2026-08-28 09:00:00,2026-08-28 13:00:00,535.7,533.7,6.14087484928264,542,794.1926,0.07953806995275124,1.4653
GMKN,-1,2026-08-28 09:00:00,2026-08-28 11:00:00,118.84,119.0,1.3193628079935742,2526,-704.5519199999915,-0.07046836000684432,-0.2789199999999966
PLZL,-1,2026-08-28 10:00:00,2026-08-28 13:00:00,1057.6,1060.2,12.441982969876982,267,-976.9263000000366,-0.09802563918357765,-3.658900000000137
GAZP,-1,2026-08-28 11:00:00,2026-08-28 15:00:00,84.63,84.08,0.8069037772076649,4131,1923.5794949999884,0.19235874757846486,0.4656449999999972
GMKN,1,2026-08-28 12:00:00,2026-08-28 14:00:00,119.56,121.66,1.2358455135429607,2697,5338.414829999984,0.5338828028554629,1.9793899999999942
LKOH,1,2026-08-28 13:00:00,2026-08-30 09:00:00,4468.0,4623.5,51.80409442215659,64,9661.072,0.9713147946045808,150.95425
ROSN,1,2026-08-28 13:00:00,2026-08-29 11:00:00,306.3,308.35,2.5799001143166156,1292,2251.536100000015,0.22516052596111522,1.7426750000000113
NVTK,1,2026-08-28 13:00:00,2026-08-28 13:00:00,922.8,922.8,9.256164846916684,360,-332.20799999999997,-0.03323190598776603,-0.9228
SBER,1,2026-08-28 14:00:00,2026-08-29 15:00:00,268.98,268.66,1.3963119839196991,1487,-875.57533999999,-0.1405655294759818,-0.5888199999999932
TATN,1,2026-08-28 14:00:00,2026-08-29 13:00:00,542.3,556.9,6.069162115143051,549,7713.669600000013,0.7716825778934205,14.050400000000023
NVTK,-1,2026-08-28 14:00:00,2026-08-28 14:00:00,940.0,940.0,9.952153072136921,334,-313.96000000000004,-0.03148397447890686,-0.9400000000000001
PLZL,1,2026-08-28 14:00:00,2026-08-28 14:00:00,1070.6,1070.6,12.221919918852999,272,-291.2032,-0.02919890402130517,-1.0706
MTSS,1,2026-08-28 14:00:00,2026-08-29 12:00:00,180.6,181.0,1.482831978336085,2214,485.3088000000125,0.04927508155621118,0.21920000000000567
SNGS,1,2026-08-28 14:00:00,2026-08-31 09:00:00,15.02,14.92,0.15414673200072762,21624,-2486.1112799999923,-0.2486159313007837,-0.11496999999999964
GMKN,-1,2026-08-28 15:00:00,2026-08-30 07:00:00,119.36,119.46,1.395558525238296,2388,-523.9510799999865,-0.05240673561445691,-0.21940999999999433
NVTK,1,2026-08-28 15:00:00,2026-08-31 10:00:00,927.0,940.7,10.42699928127,319,4072.4018500000147,0.4081119810737195,12.766150000000046
PLZL,-1,2026-08-28 15:00:00,2026-08-29 14:00:00,1052.0,1047.8,13.048925638934925,255,803.2755000000116,0.08046894912178026,3.1501000000000454
ROSN,-1,2026-08-29 12:00:00,2026-08-31 08:00:00,307.55,312.75,2.671296700318854,1247,-6871.157049999986,-0.6875749393346785,-5.510149999999989
SBER,-1,2026-08-30 07:00:00,2026-08-30 07:00:00,269.0,269.0,0.8700077713035675,1486,-399.73400000000004,-0.10306421347514576,-0.269
SBER,1,2026-08-30 08:00:00,2026-08-30 08:00:00,268.23,268.23,0.8992929304961678,1491,-399.93093000000005,-0.09942255406218943,-0.26823
GMKN,1,2026-08-30 08:00:00,2026-09-01 12:00:00,119.6,127.86,0.8298419792557358,3344,27207.686880000016,3.2682005343142633,8.136270000000005
MTSS,1,2026-08-30 08:00:00,2026-08-31 13:00:00,181.3,182.5,0.9247264057184997,2206,2245.928599999975,0.3669914307280754,1.0180999999999887
SBER,-1,2026-08-30 09:00:00,2026-08-31 07:00:00,268.53,270.51,0.872914864032154,1489,-3349.535280000027,-0.8590070245067857,-2.249520000000018
SBER,1,2026-08-31 08:00:00,2026-08-31 14:00:00,271.05,272.27,0.6267716818795551,1475,1398.8014999999564,0.5043516522402014,0.9483399999999704
ROSN,1,2026-08-31 09:00:00,2026-09-01 15:00:00,312.6,317.75,1.6472578311925858,1279,6183.741174999971,0.9783582768986135,4.834824999999977
PLZL,-1,2026-08-31 09:00:00,2026-08-31 14:00:00,1046.8,1042.8,6.114120442008594,382,1128.8864,0.16111338924541294,2.9552
SNGS,-1,2026-08-31 10:00:00,2026-08-31 15:00:00,14.885,14.815,0.07476611972984812,26872,1481.9908000000075,0.24587785750762234,0.05515000000000028
NVTK,-1,2026-08-31 11:00:00,2026-08-31 15:00:00,942.8,946.5,4.949390580183448,424,-1969.3316000000193,-0.31280955535525695,-4.644650000000046
MTSS,-1,2026-08-31 14:00:00,2026-08-31 14:00:00,183.1,183.1,0.7217263446157719,2184,-399.89039999999994,-0.08456575513510715,-0.18309999999999998
LKOH,1,2026-08-31 15:00:00,2026-09-02 07:00:00,4623.5,4737.0,31.12531677999291,86,9358.4985,1.165393761496305,108.81975
TATN,1,2026-08-31 15:00:00,2026-09-02 07:00:00,560.4,573.0,4.09679609278078,713,8579.742900000016,0.9790821679087756,12.033300000000022
MTSS,1,2026-08-31 15:00:00,2026-09-01 12:00:00,183.85,187.7,0.7416030342860739,2175,7969.689374999987,1.6469840020397926,3.6642249999999943
SBER,1,2026-09-01 07:00:00,2026-09-01 12:00:00,275.06,277.02,1.195672673772685,1454,2448.47783999997,0.4694595873207254,1.6839599999999795
NVTK,1,2026-09-01 07:00:00,2026-09-01 13:00:00,967.8,982.3,6.618060325846464,413,5585.80435,0.6812141994323758,13.52495
SNGS,1,2026-09-01 07:00:00,2026-09-01 15:00:00,15.04,15.12,0.1086500555422152,26595,1726.547400000002,0.19917155027676867,0.06492000000000007
PLZL,-1,2026-09-01 08:00:00,2026-09-02 12:00:00,1000.0,987.0,9.458472229137142,352,4226.288,0.4231303501994601,12.006499999999999
SBER,-1,2026-09-01 13:00:00,2026-09-02 11:00:00,275.26,273.58,1.4188846022942279,1453,2042.30774000001,0.3302077321221875,1.405580000000007
MTSS,-1,2026-09-01 13:00:00,2026-09-01 15:00:00,186.55,187.85,1.137772915262843,2144,-3188.5567999999635,-0.4357049870701182,-1.487199999999983
GMKN,1,2026-09-02 07:00:00,2026-09-02 08:00:00,127.6,128.3,1.1111542277950415,2999,1715.577950000051,0.17160834073567652,0.572050000000017
MTSS,1,2026-09-02 07:00:00,2026-09-02 10:00:00,186.0,187.0,1.113242381498712,2150,1749.025,0.24358277332345743,0.8135
SNGS,1,2026-09-02 07:00:00,2026-09-02 07:00:00,15.01,15.01,0.11612158860033077,26648,-399.98648000000003,-0.043087021058193495,-0.01501
LKOH,-1,2026-09-02 08:00:00,2026-09-02 11:00:00,4733.0,4734.0,39.01710923391852,84,-481.61400000000003,-0.04898278483956068,-5.7335
TATN,-1,2026-09-02 08:00:00,2026-09-02 12:00:00,571.2,572.3,5.623671806184563,592,-989.6759999999462,-0.09909006414405994,-1.671749999999909
SNGS,-1,2026-09-02 08:00:00,2026-09-02 15:00:00,15.015,15.075,0.11139861798602134,26640,-1999.198799999966,-0.224553952753153,-0.07504499999999872
GMKN,-1,2026-09-02 09:00:00,2026-09-03 07:00:00,126.92,129.6,1.1949237984559289,2789,-7832.237139999979,-0.7833860768998558,-2.8082599999999927
MTSS,-1,2026-09-02 11:00:00,2026-09-02 15:00:00,185.1,183.85,1.2985648078400833,2160,2301.534,0.2735134957112894,1.065525
SBER,1,2026-09-02 12:00:00,2026-09-02 12:00:00,274.16,274.16,1.2819408769319807,1459,-399.99944000000005,-0.07128773901443788,-0.27416
LKOH,1,2026-09-02 12:00:00,2026-09-02 14:00:00,4751.0,4746.0,35.77175283293281,84,-818.874,-0.09083983150549975,-9.7485
SBER,-1,2026-09-02 13:00:00,2026-09-03 10:00:00,273.48,273.6,1.4910879571511233,1462,-575.3554800000067,-0.08797603077060213,-0.39354000000000455
TATN,1,2026-09-02 13:00:00,2026-09-03 09:00:00,573.4,575.1,5.10370674409042,653,735.1147500000296,0.07352499248404445,1.1257500000000453
NVTK,1,2026-09-02 13:00:00,2026-09-03 08:00:00,969.5,976.8,7.530924258185162,412,2606.662199999981,0.28003866825613377,6.326849999999954
LKOH,-1,2026-09-02 15:00:00,2026-09-02 15:00:00,4759.5,4759.5,34.39250764356902,84,-399.798,-0.04612923304232095,-4.7595
ROSN,1,2026-09-03 07:00:00,2026-09-03 09:00:00,321.65,319.55,2.0391717886007363,1243,-3008.805799999958,-0.39568351777773514,-2.420599999999966
MTSS,1,2026-09-03 07:00:00,2026-09-04 07:00:00,186.4,189.1,1.4287764644146934,2145,5388.776249999976,0.5861075455282752,2.5122499999999888
SNGS,1,2026-09-03 07:00:00,2026-09-03 09:00:00,15.15,15.055,0.10018052380660876,26402,-2906.926205000017,-0.36634698980194835,-0.11010250000000064
GMKN,1,2026-09-03 08:00:00,2026-09-04 07:00:00,129.54,130.7,1.0408549226119985,3087,3179.2395599999895,0.32981861917110067,1.0298799999999966
NVTK,-1,2026-09-03 09:00:00,2026-09-03 10:00:00,972.4,975.2,7.532841525469945,411,-1551.031800000028,-0.16699320290756792,-3.773800000000068
ROSN,-1,2026-09-03 10:00:00,2026-09-03 12:00:00,318.5,322.15,2.2471065668935175,1255,-4982.757874999971,-0.5889536732101822,-3.9703249999999772
TATN,-1,2026-09-03 10:00:00,2026-09-03 10:00:00,574.7,574.7,4.932284917123221,675,-387.92250000000007,-0.038839335092263665,-0.5747000000000001
SNGS,-1,2026-09-03 10:00:00,2026-09-03 10:00:00,15.075,15.075,0.10464344417023304,26533,-399.984975,-0.048020208431073554,-0.015075
SBER,1,2026-09-03 11:00:00,2026-09-04 13:00:00,275.78,280.34,1.559508733793659,1450,6208.813000000004,0.9152326642385987,4.281940000000002
TATN,1,2026-09-03 11:00:00,2026-09-03 15:00:00,580.3,581.5,5.137121708757274,648,401.17680000002946,0.04017165221429106,0.6191000000000455
NVTK,1,2026-09-03 11:00:00,2026-09-04 11:00:00,986.6,1004.0,8.326786825532759,400,6561.879999999991,0.6567038940598147,16.404699999999977
SNGS,1,2026-09-03 11:00:00,2026-09-04 14:00:00,15.175,15.52,0.10895462672950205,26359,8689.31024749997,1.0085314407021189,0.32965249999999885
ROSN,1,2026-09-03 13:00:00,2026-09-04 11:00:00,321.3,321.1,2.309618486685514,1244,-648.3727999999859,-0.07522165861369194,-0.5211999999999887
TATN,-1,2026-09-04 07:00:00,2026-09-04 07:00:00,587.0,587.0,5.214973728598225,639,-375.09299999999996,-0.03752016344658777,-0.587
TATN,1,2026-09-04 08:00:00,2026-09-04 13:00:00,581.8,589.3,5.363904176555491,621,4293.87345,0.42969012696769276,6.91445
GMKN,-1,2026-09-04 08:00:00,2026-09-04 08:00:00,130.0,130.0,1.068483625645657,3076,-399.88,-0.04055591708964948,-0.13
GMKN,1,2026-09-04 09:00:00,2026-09-04 12:00:00,130.68,130.04,1.106449080956681,3012,-2320.3243200000447,-0.23208177501005597,-0.7703600000000148
MTSS,1,2026-09-04 10:00:00,2026-09-04 14:00:00,188.75,189.3,1.5059679693942793,2119,764.9060250000241,0.07989877769339286,0.36097500000001137
